as_of,valid_time,target_source_clock,turbine_id,lead_hour,predicted_power,forecast_offset_days,available_at_upper_bound,model_name,in_february,time_settings_confirmed
2026-01-31 18:00:00+00:00,2026-01-31 19:00:00+00:00,2026-02-01 00:00:00,1,1,0.07168821719711226,1,2026-01-31 07:00:00+00:00,boost_both_absolute_error,True,False
2026-01-31 18:00:00+00:00,2026-01-31 20:00:00+00:00,2026-02-01 01:00:00,1,2,0.013988525508345612,1,2026-01-31 08:00:00+00:00,boost_both_absolute_error,True,False
2026-01-31 18:00:00+00:00,2026-01-31 21:00:00+00:00,2026-02-01 02:00:00,1,3,0.004393454631953924,1,2026-01-31 09:00:00+00:00,boost_both_absolute_error,True,False
2026-01-31 18:00:00+00:00,2026-01-31 22:00:00+00:00,2026-02-01 03:00:00,1,4,0.023800564392624037,1,2026-01-31 10:00:00+00:00,boost_both_absolute_error,True,False
2026-01-31 18:00:00+00:00,2026-01-31 23:00:00+00:00,2026-02-01 04:00:00,1,5,0.09446668580936551,1,2026-01-31 11:00:00+00:00,boost_both_absolute_error,True,False
2026-01-31 18:00:00+00:00,2026-02-01 00:00:00+00:00,2026-02-01 05:00:00,1,6,0.1179748414034653,1,2026-01-31 12:00:00+00:00,boost_both_absolute_error,True,False
2026-01-31 18:00:00+00:00,2026-02-01 01:00:00+00:00,2026-02-01 06:00:00,1,7,0.11296068339655234,1,2026-01-31 13:00:00+00:00,boost_both_absolute_error,True,False
2026-01-31 18:00:00+00:00,2026-02-01 02:00:00+00:00,2026-02-01 07:00:00,1,8,0.10248019803707276,1,2026-01-31 14:00:00+00:00,boost_both_absolute_error,True,False
2026-01-31 18:00:00+00:00,2026-02-01 03:00:00+00:00,2026-02-01 08:00:00,1,9,0.18055821115140688,1,2026-01-31 15:00:00+00:00,boost_both_absolute_error,True,False
2026-01-31 18:00:00+00:00,2026-02-01 04:00:00+00:00,2026-02-01 09:00:00,1,10,0.4300346458805138,1,2026-01-31 16:00:00+00:00,boost_both_absolute_error,True,False
2026-01-31 18:00:00+00:00,2026-02-01 05:00:00+00:00,2026-02-01 10:00:00,1,11,0.4149814057374937,1,2026-01-31 17:00:00+00:00,boost_both_absolute_error,True,False
2026-01-31 18:00:00+00:00,2026-02-01 06:00:00+00:00,2026-02-01 11:00:00,1,12,0.3385818897632677,1,2026-01-31 18:00:00+00:00,boost_both_absolute_error,True,False
2026-01-31 18:00:00+00:00,2026-02-01 07:00:00+00:00,2026-02-01 12:00:00,1,13,0.32124917854933055,2,2026-01-30 19:00:00+00:00,boost_both_absolute_error,True,False
2026-01-31 18:00:00+00:00,2026-02-01 08:00:00+00:00,2026-02-01 13:00:00,1,14,0.37966080392072216,2,2026-01-30 20:00:00+00:00,boost_both_absolute_error,True,False
2026-01-31 18:00:00+00:00,2026-02-01 09:00:00+00:00,2026-02-01 14:00:00,1,15,0.4718572083177583,2,2026-01-30 21:00:00+00:00,boost_both_absolute_error,True,False
2026-01-31 18:00:00+00:00,2026-02-01 10:00:00+00:00,2026-02-01 15:00:00,1,16,0.4117067100387957,2,2026-01-30 22:00:00+00:00,boost_both_absolute_error,True,False
2026-01-31 18:00:00+00:00,2026-02-01 11:00:00+00:00,2026-02-01 16:00:00,1,17,0.3685021649317519,2,2026-01-30 23:00:00+00:00,boost_both_absolute_error,True,False
2026-01-31 18:00:00+00:00,2026-02-01 12:00:00+00:00,2026-02-01 17:00:00,1,18,0.2295190173281639,2,2026-01-31 00:00:00+00:00,boost_both_absolute_error,True,False
2026-01-31 18:00:00+00:00,2026-02-01 13:00:00+00:00,2026-02-01 18:00:00,1,19,0.19127636509157525,2,2026-01-31 01:00:00+00:00,boost_both_absolute_error,True,False
2026-01-31 18:00:00+00:00,2026-02-01 14:00:00+00:00,2026-02-01 19:00:00,1,20,0.1248027768747373,2,2026-01-31 02:00:00+00:00,boost_both_absolute_error,True,False
2026-01-31 18:00:00+00:00,2026-02-01 15:00:00+00:00,2026-02-01 20:00:00,1,21,0.12439718749150688,2,2026-01-31 03:00:00+00:00,boost_both_absolute_error,True,False
2026-01-31 18:00:00+00:00,2026-02-01 16:00:00+00:00,2026-02-01 21:00:00,1,22,0.18928551222990955,2,2026-01-31 04:00:00+00:00,boost_both_absolute_error,True,False
2026-01-31 18:00:00+00:00,2026-02-01 17:00:00+00:00,2026-02-01 22:00:00,1,23,0.24318749818295915,2,2026-01-31 05:00:00+00:00,boost_both_absolute_error,True,False
2026-01-31 18:00:00+00:00,2026-02-01 18:00:00+00:00,2026-02-01 23:00:00,1,24,0.09318636212548918,2,2026-01-31 06:00:00+00:00,boost_both_absolute_error,True,False
2026-01-31 18:00:00+00:00,2026-02-01 19:00:00+00:00,2026-02-02 00:00:00,1,25,0.11949797319384828,2,2026-01-31 07:00:00+00:00,boost_both_absolute_error,True,False
2026-01-31 18:00:00+00:00,2026-02-01 20:00:00+00:00,2026-02-02 01:00:00,1,26,0.1389444007384198,2,2026-01-31 08:00:00+00:00,boost_both_absolute_error,True,False
2026-01-31 18:00:00+00:00,2026-02-01 21:00:00+00:00,2026-02-02 02:00:00,1,27,0.2516481657390307,2,2026-01-31 09:00:00+00:00,boost_both_absolute_error,True,False
2026-01-31 18:00:00+00:00,2026-02-01 22:00:00+00:00,2026-02-02 03:00:00,1,28,0.4474026029062082,2,2026-01-31 10:00:00+00:00,boost_both_absolute_error,True,False
2026-01-31 18:00:00+00:00,2026-02-01 23:00:00+00:00,2026-02-02 04:00:00,1,29,0.6276869877003896,2,2026-01-31 11:00:00+00:00,boost_both_absolute_error,True,False
2026-01-31 18:00:00+00:00,2026-02-02 00:00:00+00:00,2026-02-02 05:00:00,1,30,0.5487566805960378,2,2026-01-31 12:00:00+00:00,boost_both_absolute_error,True,False
2026-01-31 18:00:00+00:00,2026-02-02 01:00:00+00:00,2026-02-02 06:00:00,1,31,0.5015497945280968,2,2026-01-31 13:00:00+00:00,boost_both_absolute_error,True,False
2026-01-31 18:00:00+00:00,2026-02-02 02:00:00+00:00,2026-02-02 07:00:00,1,32,0.5565191854751445,2,2026-01-31 14:00:00+00:00,boost_both_absolute_error,True,False
2026-01-31 18:00:00+00:00,2026-02-02 03:00:00+00:00,2026-02-02 08:00:00,1,33,0.6314214100117652,2,2026-01-31 15:00:00+00:00,boost_both_absolute_error,True,False
2026-01-31 18:00:00+00:00,2026-02-02 04:00:00+00:00,2026-02-02 09:00:00,1,34,0.6683205481818301,2,2026-01-31 16:00:00+00:00,boost_both_absolute_error,True,False
2026-01-31 18:00:00+00:00,2026-02-02 05:00:00+00:00,2026-02-02 10:00:00,1,35,0.8939546270794364,2,2026-01-31 17:00:00+00:00,boost_both_absolute_error,True,False
2026-01-31 18:00:00+00:00,2026-02-02 06:00:00+00:00,2026-02-02 11:00:00,1,36,0.9144535084136676,2,2026-01-31 18:00:00+00:00,boost_both_absolute_error,True,False
2026-01-31 18:00:00+00:00,2026-02-02 07:00:00+00:00,2026-02-02 12:00:00,1,37,0.9436329657102616,3,2026-01-30 19:00:00+00:00,boost_both_absolute_error,True,False
2026-01-31 18:00:00+00:00,2026-02-02 08:00:00+00:00,2026-02-02 13:00:00,1,38,0.9445773646098631,3,2026-01-30 20:00:00+00:00,boost_both_absolute_error,True,False
2026-01-31 18:00:00+00:00,2026-02-02 09:00:00+00:00,2026-02-02 14:00:00,1,39,0.9795261636227058,3,2026-01-30 21:00:00+00:00,boost_both_absolute_error,True,False
2026-01-31 18:00:00+00:00,2026-02-02 10:00:00+00:00,2026-02-02 15:00:00,1,40,0.9284322770610827,3,2026-01-30 22:00:00+00:00,boost_both_absolute_error,True,False
2026-01-31 18:00:00+00:00,2026-02-02 11:00:00+00:00,2026-02-02 16:00:00,1,41,0.4578483261998446,3,2026-01-30 23:00:00+00:00,boost_both_absolute_error,True,False
2026-01-31 18:00:00+00:00,2026-02-02 12:00:00+00:00,2026-02-02 17:00:00,1,42,0.682213514815441,3,2026-01-31 00:00:00+00:00,boost_both_absolute_error,True,False
2026-01-31 18:00:00+00:00,2026-02-02 13:00:00+00:00,2026-02-02 18:00:00,1,43,0.47928679687588993,3,2026-01-31 01:00:00+00:00,boost_both_absolute_error,True,False
2026-01-31 18:00:00+00:00,2026-02-02 14:00:00+00:00,2026-02-02 19:00:00,1,44,0.395532760396457,3,2026-01-31 02:00:00+00:00,boost_both_absolute_error,True,False
2026-01-31 18:00:00+00:00,2026-02-02 15:00:00+00:00,2026-02-02 20:00:00,1,45,0.30505629708658777,3,2026-01-31 03:00:00+00:00,boost_both_absolute_error,True,False
2026-01-31 18:00:00+00:00,2026-02-02 16:00:00+00:00,2026-02-02 21:00:00,1,46,0.3631933303482593,3,2026-01-31 04:00:00+00:00,boost_both_absolute_error,True,False
2026-01-31 18:00:00+00:00,2026-02-02 17:00:00+00:00,2026-02-02 22:00:00,1,47,0.3011499195345494,3,2026-01-31 05:00:00+00:00,boost_both_absolute_error,True,False
2026-01-31 18:00:00+00:00,2026-02-02 18:00:00+00:00,2026-02-02 23:00:00,1,48,0.13741784352950043,3,2026-01-31 06:00:00+00:00,boost_both_absolute_error,True,False
2026-01-31 18:00:00+00:00,2026-01-31 19:00:00+00:00,2026-02-01 00:00:00,2,1,0.07007077846751499,1,2026-01-31 07:00:00+00:00,boost_both_absolute_error,True,False
2026-01-31 18:00:00+00:00,2026-01-31 20:00:00+00:00,2026-02-01 01:00:00,2,2,0.012127261169934572,1,2026-01-31 08:00:00+00:00,boost_both_absolute_error,True,False
2026-01-31 18:00:00+00:00,2026-01-31 21:00:00+00:00,2026-02-01 02:00:00,2,3,0.0047883667606342635,1,2026-01-31 09:00:00+00:00,boost_both_absolute_error,True,False
2026-01-31 18:00:00+00:00,2026-01-31 22:00:00+00:00,2026-02-01 03:00:00,2,4,0.0221546268222071,1,2026-01-31 10:00:00+00:00,boost_both_absolute_error,True,False
2026-01-31 18:00:00+00:00,2026-01-31 23:00:00+00:00,2026-02-01 04:00:00,2,5,0.09282074823894856,1,2026-01-31 11:00:00+00:00,boost_both_absolute_error,True,False
2026-01-31 18:00:00+00:00,2026-02-01 00:00:00+00:00,2026-02-01 05:00:00,2,6,0.11722282656036934,1,2026-01-31 12:00:00+00:00,boost_both_absolute_error,True,False
2026-01-31 18:00:00+00:00,2026-02-01 01:00:00+00:00,2026-02-01 06:00:00,2,7,0.1143579740520904,1,2026-01-31 13:00:00+00:00,boost_both_absolute_error,True,False
2026-01-31 18:00:00+00:00,2026-02-01 02:00:00+00:00,2026-02-01 07:00:00,2,8,0.10172818319397678,1,2026-01-31 14:00:00+00:00,boost_both_absolute_error,True,False
2026-01-31 18:00:00+00:00,2026-02-01 03:00:00+00:00,2026-02-01 08:00:00,2,9,0.18158745337854532,1,2026-01-31 15:00:00+00:00,boost_both_absolute_error,True,False
2026-01-31 18:00:00+00:00,2026-02-01 04:00:00+00:00,2026-02-01 09:00:00,2,10,0.43458413899445864,1,2026-01-31 16:00:00+00:00,boost_both_absolute_error,True,False
2026-01-31 18:00:00+00:00,2026-02-01 05:00:00+00:00,2026-02-01 10:00:00,2,11,0.4195308988514385,1,2026-01-31 17:00:00+00:00,boost_both_absolute_error,True,False
2026-01-31 18:00:00+00:00,2026-02-01 06:00:00+00:00,2026-02-01 11:00:00,2,12,0.3463598993972606,1,2026-01-31 18:00:00+00:00,boost_both_absolute_error,True,False
2026-01-31 18:00:00+00:00,2026-02-01 07:00:00+00:00,2026-02-01 12:00:00,2,13,0.32590277521616934,2,2026-01-30 19:00:00+00:00,boost_both_absolute_error,True,False
2026-01-31 18:00:00+00:00,2026-02-01 08:00:00+00:00,2026-02-01 13:00:00,2,14,0.38743881355471493,2,2026-01-30 20:00:00+00:00,boost_both_absolute_error,True,False
2026-01-31 18:00:00+00:00,2026-02-01 09:00:00+00:00,2026-02-01 14:00:00,2,15,0.48376318663523105,2,2026-01-30 21:00:00+00:00,boost_both_absolute_error,True,False
2026-01-31 18:00:00+00:00,2026-02-01 10:00:00+00:00,2026-02-01 15:00:00,2,16,0.41641753667280995,2,2026-01-30 22:00:00+00:00,boost_both_absolute_error,True,False
2026-01-31 18:00:00+00:00,2026-02-01 11:00:00+00:00,2026-02-01 16:00:00,2,17,0.37321299156576615,2,2026-01-30 23:00:00+00:00,boost_both_absolute_error,True,False
2026-01-31 18:00:00+00:00,2026-02-01 12:00:00+00:00,2026-02-01 17:00:00,2,18,0.22722117013837118,2,2026-01-31 00:00:00+00:00,boost_both_absolute_error,True,False
2026-01-31 18:00:00+00:00,2026-02-01 13:00:00+00:00,2026-02-01 18:00:00,2,19,0.1837047994359945,2,2026-01-31 01:00:00+00:00,boost_both_absolute_error,True,False
2026-01-31 18:00:00+00:00,2026-02-01 14:00:00+00:00,2026-02-01 19:00:00,2,20,0.12107700325582778,2,2026-01-31 02:00:00+00:00,boost_both_absolute_error,True,False
2026-01-31 18:00:00+00:00,2026-02-01 15:00:00+00:00,2026-02-01 20:00:00,2,21,0.12278434990351135,2,2026-01-31 03:00:00+00:00,boost_both_absolute_error,True,False
2026-01-31 18:00:00+00:00,2026-02-01 16:00:00+00:00,2026-02-01 21:00:00,2,22,0.1883482913793179,2,2026-01-31 04:00:00+00:00,boost_both_absolute_error,True,False
2026-01-31 18:00:00+00:00,2026-02-01 17:00:00+00:00,2026-02-01 22:00:00,2,23,0.24157466059496358,2,2026-01-31 05:00:00+00:00,boost_both_absolute_error,True,False
2026-01-31 18:00:00+00:00,2026-02-01 18:00:00+00:00,2026-02-01 23:00:00,2,24,0.08906624766987532,2,2026-01-31 06:00:00+00:00,boost_both_absolute_error,True,False
2026-01-31 18:00:00+00:00,2026-02-01 19:00:00+00:00,2026-02-02 00:00:00,2,25,0.11726025893039331,2,2026-01-31 07:00:00+00:00,boost_both_absolute_error,True,False
2026-01-31 18:00:00+00:00,2026-02-01 20:00:00+00:00,2026-02-02 01:00:00,2,26,0.13673978645738621,2,2026-01-31 08:00:00+00:00,boost_both_absolute_error,True,False
2026-01-31 18:00:00+00:00,2026-02-01 21:00:00+00:00,2026-02-02 02:00:00,2,27,0.25071094488843926,2,2026-01-31 09:00:00+00:00,boost_both_absolute_error,True,False
2026-01-31 18:00:00+00:00,2026-02-01 22:00:00+00:00,2026-02-02 03:00:00,2,28,0.4466271564174233,2,2026-01-31 10:00:00+00:00,boost_both_absolute_error,True,False
2026-01-31 18:00:00+00:00,2026-02-01 23:00:00+00:00,2026-02-02 04:00:00,2,29,0.6273231727823987,2,2026-01-31 11:00:00+00:00,boost_both_absolute_error,True,False
2026-01-31 18:00:00+00:00,2026-02-02 00:00:00+00:00,2026-02-02 05:00:00,2,30,0.5483555631260706,2,2026-01-31 12:00:00+00:00,boost_both_absolute_error,True,False
2026-01-31 18:00:00+00:00,2026-02-02 01:00:00+00:00,2026-02-02 06:00:00,2,31,0.501404285600023,2,2026-01-31 13:00:00+00:00,boost_both_absolute_error,True,False
2026-01-31 18:00:00+00:00,2026-02-02 02:00:00+00:00,2026-02-02 07:00:00,2,32,0.5563736765470707,2,2026-01-31 14:00:00+00:00,boost_both_absolute_error,True,False
2026-01-31 18:00:00+00:00,2026-02-02 03:00:00+00:00,2026-02-02 08:00:00,2,33,0.6328680351426036,2,2026-01-31 15:00:00+00:00,boost_both_absolute_error,True,False
2026-01-31 18:00:00+00:00,2026-02-02 04:00:00+00:00,2026-02-02 09:00:00,2,34,0.6726668929999362,2,2026-01-31 16:00:00+00:00,boost_both_absolute_error,True,False
2026-01-31 18:00:00+00:00,2026-02-02 05:00:00+00:00,2026-02-02 10:00:00,2,35,0.8972043227024115,2,2026-01-31 17:00:00+00:00,boost_both_absolute_error,True,False
2026-01-31 18:00:00+00:00,2026-02-02 06:00:00+00:00,2026-02-02 11:00:00,2,36,0.9174091059781055,2,2026-01-31 18:00:00+00:00,boost_both_absolute_error,True,False
2026-01-31 18:00:00+00:00,2026-02-02 07:00:00+00:00,2026-02-02 12:00:00,2,37,0.9400217064834,3,2026-01-30 19:00:00+00:00,boost_both_absolute_error,True,False
2026-01-31 18:00:00+00:00,2026-02-02 08:00:00+00:00,2026-02-02 13:00:00,2,38,0.94081122287797,3,2026-01-30 20:00:00+00:00,boost_both_absolute_error,True,False
2026-01-31 18:00:00+00:00,2026-02-02 09:00:00+00:00,2026-02-02 14:00:00,2,39,0.9741095480341201,3,2026-01-30 21:00:00+00:00,boost_both_absolute_error,True,False
2026-01-31 18:00:00+00:00,2026-02-02 10:00:00+00:00,2026-02-02 15:00:00,2,40,0.9257928691317134,3,2026-01-30 22:00:00+00:00,boost_both_absolute_error,True,False
2026-01-31 18:00:00+00:00,2026-02-02 11:00:00+00:00,2026-02-02 16:00:00,2,41,0.46255915283385896,3,2026-01-30 23:00:00+00:00,boost_both_absolute_error,True,False
2026-01-31 18:00:00+00:00,2026-02-02 12:00:00+00:00,2026-02-02 17:00:00,2,42,0.6816506229836673,3,2026-01-31 00:00:00+00:00,boost_both_absolute_error,True,False
2026-01-31 18:00:00+00:00,2026-02-02 13:00:00+00:00,2026-02-02 18:00:00,2,43,0.4787239050441163,3,2026-01-31 01:00:00+00:00,boost_both_absolute_error,True,False
2026-01-31 18:00:00+00:00,2026-02-02 14:00:00+00:00,2026-02-02 19:00:00,2,44,0.3944250727483328,3,2026-01-31 02:00:00+00:00,boost_both_absolute_error,True,False
2026-01-31 18:00:00+00:00,2026-02-02 15:00:00+00:00,2026-02-02 20:00:00,2,45,0.3039486094384634,3,2026-01-31 03:00:00+00:00,boost_both_absolute_error,True,False
2026-01-31 18:00:00+00:00,2026-02-02 16:00:00+00:00,2026-02-02 21:00:00,2,46,0.36225610949766773,3,2026-01-31 04:00:00+00:00,boost_both_absolute_error,True,False
2026-01-31 18:00:00+00:00,2026-02-02 17:00:00+00:00,2026-02-02 22:00:00,2,47,0.30021269868395795,3,2026-01-31 05:00:00+00:00,boost_both_absolute_error,True,False
2026-01-31 18:00:00+00:00,2026-02-02 18:00:00+00:00,2026-02-02 23:00:00,2,48,0.13631015588137602,3,2026-01-31 06:00:00+00:00,boost_both_absolute_error,True,False
2026-02-01 18:00:00+00:00,2026-02-01 19:00:00+00:00,2026-02-02 00:00:00,1,1,0.2044921589338141,1,2026-02-01 07:00:00+00:00,boost_both_absolute_error,True,False
2026-02-01 18:00:00+00:00,2026-02-01 20:00:00+00:00,2026-02-02 01:00:00,1,2,0.2702100157108279,1,2026-02-01 08:00:00+00:00,boost_both_absolute_error,True,False
2026-02-01 18:00:00+00:00,2026-02-01 21:00:00+00:00,2026-02-02 02:00:00,1,3,0.33602845149014915,1,2026-02-01 09:00:00+00:00,boost_both_absolute_error,True,False
2026-02-01 18:00:00+00:00,2026-02-01 22:00:00+00:00,2026-02-02 03:00:00,1,4,0.5869910441109201,1,2026-02-01 10:00:00+00:00,boost_both_absolute_error,True,False
2026-02-01 18:00:00+00:00,2026-02-01 23:00:00+00:00,2026-02-02 04:00:00,1,5,0.6505278248553696,1,2026-02-01 11:00:00+00:00,boost_both_absolute_error,True,False
2026-02-01 18:00:00+00:00,2026-02-02 00:00:00+00:00,2026-02-02 05:00:00,1,6,0.7393243496038844,1,2026-02-01 12:00:00+00:00,boost_both_absolute_error,True,False
2026-02-01 18:00:00+00:00,2026-02-02 01:00:00+00:00,2026-02-02 06:00:00,1,7,0.6070203401955248,1,2026-02-01 13:00:00+00:00,boost_both_absolute_error,True,False
2026-02-01 18:00:00+00:00,2026-02-02 02:00:00+00:00,2026-02-02 07:00:00,1,8,0.6341280048708932,1,2026-02-01 14:00:00+00:00,boost_both_absolute_error,True,False
2026-02-01 18:00:00+00:00,2026-02-02 03:00:00+00:00,2026-02-02 08:00:00,1,9,0.7083928726046967,1,2026-02-01 15:00:00+00:00,boost_both_absolute_error,True,False
2026-02-01 18:00:00+00:00,2026-02-02 04:00:00+00:00,2026-02-02 09:00:00,1,10,0.788890042995388,1,2026-02-01 16:00:00+00:00,boost_both_absolute_error,True,False
2026-02-01 18:00:00+00:00,2026-02-02 05:00:00+00:00,2026-02-02 10:00:00,1,11,0.9285514251411721,1,2026-02-01 17:00:00+00:00,boost_both_absolute_error,True,False
2026-02-01 18:00:00+00:00,2026-02-02 06:00:00+00:00,2026-02-02 11:00:00,1,12,0.9274908180492556,1,2026-02-01 18:00:00+00:00,boost_both_absolute_error,True,False
2026-02-01 18:00:00+00:00,2026-02-02 07:00:00+00:00,2026-02-02 12:00:00,1,13,0.9296835495052487,2,2026-01-31 19:00:00+00:00,boost_both_absolute_error,True,False
2026-02-01 18:00:00+00:00,2026-02-02 08:00:00+00:00,2026-02-02 13:00:00,1,14,0.9553033506753785,2,2026-01-31 20:00:00+00:00,boost_both_absolute_error,True,False
2026-02-01 18:00:00+00:00,2026-02-02 09:00:00+00:00,2026-02-02 14:00:00,1,15,0.968655940736202,2,2026-01-31 21:00:00+00:00,boost_both_absolute_error,True,False
2026-02-01 18:00:00+00:00,2026-02-02 10:00:00+00:00,2026-02-02 15:00:00,1,16,0.9670513521598884,2,2026-01-31 22:00:00+00:00,boost_both_absolute_error,True,False
2026-02-01 18:00:00+00:00,2026-02-02 11:00:00+00:00,2026-02-02 16:00:00,1,17,0.9484847482611084,2,2026-01-31 23:00:00+00:00,boost_both_absolute_error,True,False
2026-02-01 18:00:00+00:00,2026-02-02 12:00:00+00:00,2026-02-02 17:00:00,1,18,0.6487821084179359,2,2026-02-01 00:00:00+00:00,boost_both_absolute_error,True,False
2026-02-01 18:00:00+00:00,2026-02-02 13:00:00+00:00,2026-02-02 18:00:00,1,19,0.339989461612511,2,2026-02-01 01:00:00+00:00,boost_both_absolute_error,True,False
2026-02-01 18:00:00+00:00,2026-02-02 14:00:00+00:00,2026-02-02 19:00:00,1,20,0.2263121383875279,2,2026-02-01 02:00:00+00:00,boost_both_absolute_error,True,False
2026-02-01 18:00:00+00:00,2026-02-02 15:00:00+00:00,2026-02-02 20:00:00,1,21,0.15925809010452757,2,2026-02-01 03:00:00+00:00,boost_both_absolute_error,True,False
2026-02-01 18:00:00+00:00,2026-02-02 16:00:00+00:00,2026-02-02 21:00:00,1,22,0.22850496426252903,2,2026-02-01 04:00:00+00:00,boost_both_absolute_error,True,False
2026-02-01 18:00:00+00:00,2026-02-02 17:00:00+00:00,2026-02-02 22:00:00,1,23,0.29675111115438146,2,2026-02-01 05:00:00+00:00,boost_both_absolute_error,True,False
2026-02-01 18:00:00+00:00,2026-02-02 18:00:00+00:00,2026-02-02 23:00:00,1,24,0.2503536869094626,2,2026-02-01 06:00:00+00:00,boost_both_absolute_error,True,False
2026-02-01 18:00:00+00:00,2026-02-02 19:00:00+00:00,2026-02-03 00:00:00,1,25,0.3695653658414406,2,2026-02-01 07:00:00+00:00,boost_both_absolute_error,True,False
2026-02-01 18:00:00+00:00,2026-02-02 20:00:00+00:00,2026-02-03 01:00:00,1,26,0.44205534555660153,2,2026-02-01 08:00:00+00:00,boost_both_absolute_error,True,False
2026-02-01 18:00:00+00:00,2026-02-02 21:00:00+00:00,2026-02-03 02:00:00,1,27,0.4171294455656477,2,2026-02-01 09:00:00+00:00,boost_both_absolute_error,True,False
2026-02-01 18:00:00+00:00,2026-02-02 22:00:00+00:00,2026-02-03 03:00:00,1,28,0.4228617171010104,2,2026-02-01 10:00:00+00:00,boost_both_absolute_error,True,False
2026-02-01 18:00:00+00:00,2026-02-02 23:00:00+00:00,2026-02-03 04:00:00,1,29,0.6155807296287745,2,2026-02-01 11:00:00+00:00,boost_both_absolute_error,True,False
2026-02-01 18:00:00+00:00,2026-02-03 00:00:00+00:00,2026-02-03 05:00:00,1,30,0.4304123355014479,2,2026-02-01 12:00:00+00:00,boost_both_absolute_error,True,False
2026-02-01 18:00:00+00:00,2026-02-03 01:00:00+00:00,2026-02-03 06:00:00,1,31,0.1281435447668052,2,2026-02-01 13:00:00+00:00,boost_both_absolute_error,True,False
2026-02-01 18:00:00+00:00,2026-02-03 02:00:00+00:00,2026-02-03 07:00:00,1,32,0.07262568521085826,2,2026-02-01 14:00:00+00:00,boost_both_absolute_error,True,False
2026-02-01 18:00:00+00:00,2026-02-03 03:00:00+00:00,2026-02-03 08:00:00,1,33,0.03993939797989782,2,2026-02-01 15:00:00+00:00,boost_both_absolute_error,True,False
2026-02-01 18:00:00+00:00,2026-02-03 04:00:00+00:00,2026-02-03 09:00:00,1,34,0.04374748609904864,2,2026-02-01 16:00:00+00:00,boost_both_absolute_error,True,False
2026-02-01 18:00:00+00:00,2026-02-03 05:00:00+00:00,2026-02-03 10:00:00,1,35,0.05623206584502461,2,2026-02-01 17:00:00+00:00,boost_both_absolute_error,True,False
2026-02-01 18:00:00+00:00,2026-02-03 06:00:00+00:00,2026-02-03 11:00:00,1,36,0.11680272285131552,2,2026-02-01 18:00:00+00:00,boost_both_absolute_error,True,False
2026-02-01 18:00:00+00:00,2026-02-03 07:00:00+00:00,2026-02-03 12:00:00,1,37,0.02011450671716799,3,2026-01-31 19:00:00+00:00,boost_both_absolute_error,True,False
2026-02-01 18:00:00+00:00,2026-02-03 08:00:00+00:00,2026-02-03 13:00:00,1,38,0.018571434052486395,3,2026-01-31 20:00:00+00:00,boost_both_absolute_error,True,False
2026-02-01 18:00:00+00:00,2026-02-03 09:00:00+00:00,2026-02-03 14:00:00,1,39,0.03101520313776207,3,2026-01-31 21:00:00+00:00,boost_both_absolute_error,True,False
2026-02-01 18:00:00+00:00,2026-02-03 10:00:00+00:00,2026-02-03 15:00:00,1,40,0.05728163009653736,3,2026-01-31 22:00:00+00:00,boost_both_absolute_error,True,False
2026-02-01 18:00:00+00:00,2026-02-03 11:00:00+00:00,2026-02-03 16:00:00,1,41,0.15827357333229095,3,2026-01-31 23:00:00+00:00,boost_both_absolute_error,True,False
2026-02-01 18:00:00+00:00,2026-02-03 12:00:00+00:00,2026-02-03 17:00:00,1,42,0.14426998013929698,3,2026-02-01 00:00:00+00:00,boost_both_absolute_error,True,False
2026-02-01 18:00:00+00:00,2026-02-03 13:00:00+00:00,2026-02-03 18:00:00,1,43,0.1940648000755802,3,2026-02-01 01:00:00+00:00,boost_both_absolute_error,True,False
2026-02-01 18:00:00+00:00,2026-02-03 14:00:00+00:00,2026-02-03 19:00:00,1,44,0.22933192077347198,3,2026-02-01 02:00:00+00:00,boost_both_absolute_error,True,False
2026-02-01 18:00:00+00:00,2026-02-03 15:00:00+00:00,2026-02-03 20:00:00,1,45,0.17550504776531264,3,2026-02-01 03:00:00+00:00,boost_both_absolute_error,True,False
2026-02-01 18:00:00+00:00,2026-02-03 16:00:00+00:00,2026-02-03 21:00:00,1,46,0.11114352753803985,3,2026-02-01 04:00:00+00:00,boost_both_absolute_error,True,False
2026-02-01 18:00:00+00:00,2026-02-03 17:00:00+00:00,2026-02-03 22:00:00,1,47,0.09197170514181167,3,2026-02-01 05:00:00+00:00,boost_both_absolute_error,True,False
2026-02-01 18:00:00+00:00,2026-02-03 18:00:00+00:00,2026-02-03 23:00:00,1,48,0.06092384310064317,3,2026-02-01 06:00:00+00:00,boost_both_absolute_error,True,False
2026-02-01 18:00:00+00:00,2026-02-01 19:00:00+00:00,2026-02-02 00:00:00,2,1,0.20037204447820015,1,2026-02-01 07:00:00+00:00,boost_both_absolute_error,True,False
2026-02-01 18:00:00+00:00,2026-02-01 20:00:00+00:00,2026-02-02 01:00:00,2,2,0.26608990125521415,1,2026-02-01 08:00:00+00:00,boost_both_absolute_error,True,False
2026-02-01 18:00:00+00:00,2026-02-01 21:00:00+00:00,2026-02-02 02:00:00,2,3,0.3350912306395577,1,2026-02-01 09:00:00+00:00,boost_both_absolute_error,True,False
2026-02-01 18:00:00+00:00,2026-02-01 22:00:00+00:00,2026-02-02 03:00:00,2,4,0.5882031287589622,1,2026-02-01 10:00:00+00:00,boost_both_absolute_error,True,False
2026-02-01 18:00:00+00:00,2026-02-01 23:00:00+00:00,2026-02-02 04:00:00,2,5,0.6501640099373788,1,2026-02-01 11:00:00+00:00,boost_both_absolute_error,True,False
2026-02-01 18:00:00+00:00,2026-02-02 00:00:00+00:00,2026-02-02 05:00:00,2,6,0.7391788406758106,1,2026-02-01 12:00:00+00:00,boost_both_absolute_error,True,False
2026-02-01 18:00:00+00:00,2026-02-02 01:00:00+00:00,2026-02-02 06:00:00,2,7,0.606874831267451,1,2026-02-01 13:00:00+00:00,boost_both_absolute_error,True,False
2026-02-01 18:00:00+00:00,2026-02-02 02:00:00+00:00,2026-02-02 07:00:00,2,8,0.6339824959428194,1,2026-02-01 14:00:00+00:00,boost_both_absolute_error,True,False
2026-02-01 18:00:00+00:00,2026-02-02 03:00:00+00:00,2026-02-02 08:00:00,2,9,0.709839497735535,1,2026-02-01 15:00:00+00:00,boost_both_absolute_error,True,False
2026-02-01 18:00:00+00:00,2026-02-02 04:00:00+00:00,2026-02-02 09:00:00,2,10,0.7932363878134944,1,2026-02-01 16:00:00+00:00,boost_both_absolute_error,True,False
2026-02-01 18:00:00+00:00,2026-02-02 05:00:00+00:00,2026-02-02 10:00:00,2,11,0.9288903387421418,1,2026-02-01 17:00:00+00:00,boost_both_absolute_error,True,False
2026-02-01 18:00:00+00:00,2026-02-02 06:00:00+00:00,2026-02-02 11:00:00,2,12,0.923879558822394,1,2026-02-01 18:00:00+00:00,boost_both_absolute_error,True,False
2026-02-01 18:00:00+00:00,2026-02-02 07:00:00+00:00,2026-02-02 12:00:00,2,13,0.9248483170744015,2,2026-01-31 19:00:00+00:00,boost_both_absolute_error,True,False
2026-02-01 18:00:00+00:00,2026-02-02 08:00:00+00:00,2026-02-02 13:00:00,2,14,0.9492497846427543,2,2026-01-31 20:00:00+00:00,boost_both_absolute_error,True,False
2026-02-01 18:00:00+00:00,2026-02-02 09:00:00+00:00,2026-02-02 14:00:00,2,15,0.9619520064243688,2,2026-01-31 21:00:00+00:00,boost_both_absolute_error,True,False
2026-02-01 18:00:00+00:00,2026-02-02 10:00:00+00:00,2026-02-02 15:00:00,2,16,0.9620442293341572,2,2026-01-31 22:00:00+00:00,boost_both_absolute_error,True,False
2026-02-01 18:00:00+00:00,2026-02-02 11:00:00+00:00,2026-02-02 16:00:00,2,17,0.9469484920793664,2,2026-01-31 23:00:00+00:00,boost_both_absolute_error,True,False
2026-02-01 18:00:00+00:00,2026-02-02 12:00:00+00:00,2026-02-02 17:00:00,2,18,0.6482192165861623,2,2026-02-01 00:00:00+00:00,boost_both_absolute_error,True,False
2026-02-01 18:00:00+00:00,2026-02-02 13:00:00+00:00,2026-02-02 18:00:00,2,19,0.33903779699328757,2,2026-02-01 01:00:00+00:00,boost_both_absolute_error,True,False
2026-02-01 18:00:00+00:00,2026-02-02 14:00:00+00:00,2026-02-02 19:00:00,2,20,0.22452883400199958,2,2026-02-01 02:00:00+00:00,boost_both_absolute_error,True,False
2026-02-01 18:00:00+00:00,2026-02-02 15:00:00+00:00,2026-02-02 20:00:00,2,21,0.15764525251653203,2,2026-02-01 03:00:00+00:00,boost_both_absolute_error,True,False
2026-02-01 18:00:00+00:00,2026-02-02 16:00:00+00:00,2026-02-02 21:00:00,2,22,0.22756774341193736,2,2026-02-01 04:00:00+00:00,boost_both_absolute_error,True,False
2026-02-01 18:00:00+00:00,2026-02-02 17:00:00+00:00,2026-02-02 22:00:00,2,23,0.2958138903037898,2,2026-02-01 05:00:00+00:00,boost_both_absolute_error,True,False
2026-02-01 18:00:00+00:00,2026-02-02 18:00:00+00:00,2026-02-02 23:00:00,2,24,0.2494164660588711,2,2026-02-01 06:00:00+00:00,boost_both_absolute_error,True,False
2026-02-01 18:00:00+00:00,2026-02-02 19:00:00+00:00,2026-02-03 00:00:00,2,25,0.36862814499084917,2,2026-02-01 07:00:00+00:00,boost_both_absolute_error,True,False
2026-02-01 18:00:00+00:00,2026-02-02 20:00:00+00:00,2026-02-03 01:00:00,2,26,0.44111812470601,2,2026-02-01 08:00:00+00:00,boost_both_absolute_error,True,False
2026-02-01 18:00:00+00:00,2026-02-02 21:00:00+00:00,2026-02-03 02:00:00,2,27,0.41619222471505624,2,2026-02-01 09:00:00+00:00,boost_both_absolute_error,True,False
2026-02-01 18:00:00+00:00,2026-02-02 22:00:00+00:00,2026-02-03 03:00:00,2,28,0.42192449625041895,2,2026-02-01 10:00:00+00:00,boost_both_absolute_error,True,False
2026-02-01 18:00:00+00:00,2026-02-02 23:00:00+00:00,2026-02-03 04:00:00,2,29,0.6149613061688902,2,2026-02-01 11:00:00+00:00,boost_both_absolute_error,True,False
2026-02-01 18:00:00+00:00,2026-02-03 00:00:00+00:00,2026-02-03 05:00:00,2,30,0.43001121803148107,2,2026-02-01 12:00:00+00:00,boost_both_absolute_error,True,False
2026-02-01 18:00:00+00:00,2026-02-03 01:00:00+00:00,2026-02-03 06:00:00,2,31,0.12402343031119123,2,2026-02-01 13:00:00+00:00,boost_both_absolute_error,True,False
2026-02-01 18:00:00+00:00,2026-02-03 02:00:00+00:00,2026-02-03 07:00:00,2,32,0.07142378091820319,2,2026-02-01 14:00:00+00:00,boost_both_absolute_error,True,False
2026-02-01 18:00:00+00:00,2026-02-03 03:00:00+00:00,2026-02-03 08:00:00,2,33,0.039526116069539624,2,2026-02-01 15:00:00+00:00,boost_both_absolute_error,True,False
2026-02-01 18:00:00+00:00,2026-02-03 04:00:00+00:00,2026-02-03 09:00:00,2,34,0.04700083127605099,2,2026-02-01 16:00:00+00:00,boost_both_absolute_error,True,False
2026-02-01 18:00:00+00:00,2026-02-03 05:00:00+00:00,2026-02-03 10:00:00,2,35,0.059522015298549405,2,2026-02-01 17:00:00+00:00,boost_both_absolute_error,True,False
2026-02-01 18:00:00+00:00,2026-02-03 06:00:00+00:00,2026-02-03 11:00:00,2,36,0.11866800155863882,2,2026-02-01 18:00:00+00:00,boost_both_absolute_error,True,False
2026-02-01 18:00:00+00:00,2026-02-03 07:00:00+00:00,2026-02-03 12:00:00,2,37,0.01861205164608138,3,2026-01-31 19:00:00+00:00,boost_both_absolute_error,True,False
2026-02-01 18:00:00+00:00,2026-02-03 08:00:00+00:00,2026-02-03 13:00:00,2,38,0.017009117349486,3,2026-01-31 20:00:00+00:00,boost_both_absolute_error,True,False
2026-02-01 18:00:00+00:00,2026-02-03 09:00:00+00:00,2026-02-03 14:00:00,2,39,0.02932140211206162,3,2026-01-31 21:00:00+00:00,boost_both_absolute_error,True,False
2026-02-01 18:00:00+00:00,2026-02-03 10:00:00+00:00,2026-02-03 15:00:00,2,40,0.05582021439584097,3,2026-01-31 22:00:00+00:00,boost_both_absolute_error,True,False
2026-02-01 18:00:00+00:00,2026-02-03 11:00:00+00:00,2026-02-03 16:00:00,2,41,0.15681215763159448,3,2026-01-31 23:00:00+00:00,boost_both_absolute_error,True,False
2026-02-01 18:00:00+00:00,2026-02-03 12:00:00+00:00,2026-02-03 17:00:00,2,42,0.14319733722605038,3,2026-02-01 00:00:00+00:00,boost_both_absolute_error,True,False
2026-02-01 18:00:00+00:00,2026-02-03 13:00:00+00:00,2026-02-03 18:00:00,2,43,0.1929921571623336,3,2026-02-01 01:00:00+00:00,boost_both_absolute_error,True,False
2026-02-01 18:00:00+00:00,2026-02-03 14:00:00+00:00,2026-02-03 19:00:00,2,44,0.22560398080195754,3,2026-02-01 02:00:00+00:00,boost_both_absolute_error,True,False
2026-02-01 18:00:00+00:00,2026-02-03 15:00:00+00:00,2026-02-03 20:00:00,2,45,0.1719429734497292,3,2026-02-01 03:00:00+00:00,boost_both_absolute_error,True,False
2026-02-01 18:00:00+00:00,2026-02-03 16:00:00+00:00,2026-02-03 21:00:00,2,46,0.10764131485437019,3,2026-02-01 04:00:00+00:00,boost_both_absolute_error,True,False
2026-02-01 18:00:00+00:00,2026-02-03 17:00:00+00:00,2026-02-03 22:00:00,2,47,0.08950278328208784,3,2026-02-01 05:00:00+00:00,boost_both_absolute_error,True,False
2026-02-01 18:00:00+00:00,2026-02-03 18:00:00+00:00,2026-02-03 23:00:00,2,48,0.05845492124091935,3,2026-02-01 06:00:00+00:00,boost_both_absolute_error,True,False
2026-02-02 18:00:00+00:00,2026-02-02 19:00:00+00:00,2026-02-03 00:00:00,1,1,0.1537563476621435,1,2026-02-02 07:00:00+00:00,boost_both_absolute_error,True,False
2026-02-02 18:00:00+00:00,2026-02-02 20:00:00+00:00,2026-02-03 01:00:00,1,2,0.34522779179893215,1,2026-02-02 08:00:00+00:00,boost_both_absolute_error,True,False
2026-02-02 18:00:00+00:00,2026-02-02 21:00:00+00:00,2026-02-03 02:00:00,1,3,0.4356119568161869,1,2026-02-02 09:00:00+00:00,boost_both_absolute_error,True,False
2026-02-02 18:00:00+00:00,2026-02-02 22:00:00+00:00,2026-02-03 03:00:00,1,4,0.4211191244712875,1,2026-02-02 10:00:00+00:00,boost_both_absolute_error,True,False
2026-02-02 18:00:00+00:00,2026-02-02 23:00:00+00:00,2026-02-03 04:00:00,1,5,0.5911836969952063,1,2026-02-02 11:00:00+00:00,boost_both_absolute_error,True,False
2026-02-02 18:00:00+00:00,2026-02-03 00:00:00+00:00,2026-02-03 05:00:00,1,6,0.3599558702639356,1,2026-02-02 12:00:00+00:00,boost_both_absolute_error,True,False
2026-02-02 18:00:00+00:00,2026-02-03 01:00:00+00:00,2026-02-03 06:00:00,1,7,0.29503536426546206,1,2026-02-02 13:00:00+00:00,boost_both_absolute_error,True,False
2026-02-02 18:00:00+00:00,2026-02-03 02:00:00+00:00,2026-02-03 07:00:00,1,8,0.2825543692391176,1,2026-02-02 14:00:00+00:00,boost_both_absolute_error,True,False
2026-02-02 18:00:00+00:00,2026-02-03 03:00:00+00:00,2026-02-03 08:00:00,1,9,0.15672149727132714,1,2026-02-02 15:00:00+00:00,boost_both_absolute_error,True,False
2026-02-02 18:00:00+00:00,2026-02-03 04:00:00+00:00,2026-02-03 09:00:00,1,10,0.037216404170977914,1,2026-02-02 16:00:00+00:00,boost_both_absolute_error,True,False
2026-02-02 18:00:00+00:00,2026-02-03 05:00:00+00:00,2026-02-03 10:00:00,1,11,0.035151485353861575,1,2026-02-02 17:00:00+00:00,boost_both_absolute_error,True,False
2026-02-02 18:00:00+00:00,2026-02-03 06:00:00+00:00,2026-02-03 11:00:00,1,12,0.04090790187099975,1,2026-02-02 18:00:00+00:00,boost_both_absolute_error,True,False
2026-02-02 18:00:00+00:00,2026-02-03 07:00:00+00:00,2026-02-03 12:00:00,1,13,0.06854551290485583,2,2026-02-01 19:00:00+00:00,boost_both_absolute_error,True,False
2026-02-02 18:00:00+00:00,2026-02-03 08:00:00+00:00,2026-02-03 13:00:00,1,14,0.060689582591744305,2,2026-02-01 20:00:00+00:00,boost_both_absolute_error,True,False
2026-02-02 18:00:00+00:00,2026-02-03 09:00:00+00:00,2026-02-03 14:00:00,1,15,0.041230948801755485,2,2026-02-01 21:00:00+00:00,boost_both_absolute_error,True,False
2026-02-02 18:00:00+00:00,2026-02-03 10:00:00+00:00,2026-02-03 15:00:00,1,16,0.0637514380939273,2,2026-02-01 22:00:00+00:00,boost_both_absolute_error,True,False
2026-02-02 18:00:00+00:00,2026-02-03 11:00:00+00:00,2026-02-03 16:00:00,1,17,0.17036338972401552,2,2026-02-01 23:00:00+00:00,boost_both_absolute_error,True,False
2026-02-02 18:00:00+00:00,2026-02-03 12:00:00+00:00,2026-02-03 17:00:00,1,18,0.26085270390333837,2,2026-02-02 00:00:00+00:00,boost_both_absolute_error,True,False
2026-02-02 18:00:00+00:00,2026-02-03 13:00:00+00:00,2026-02-03 18:00:00,1,19,0.25862000378825367,2,2026-02-02 01:00:00+00:00,boost_both_absolute_error,True,False
2026-02-02 18:00:00+00:00,2026-02-03 14:00:00+00:00,2026-02-03 19:00:00,1,20,0.2600038111428736,2,2026-02-02 02:00:00+00:00,boost_both_absolute_error,True,False
2026-02-02 18:00:00+00:00,2026-02-03 15:00:00+00:00,2026-02-03 20:00:00,1,21,0.283967192180415,2,2026-02-02 03:00:00+00:00,boost_both_absolute_error,True,False
2026-02-02 18:00:00+00:00,2026-02-03 16:00:00+00:00,2026-02-03 21:00:00,1,22,0.2766070990222985,2,2026-02-02 04:00:00+00:00,boost_both_absolute_error,True,False
2026-02-02 18:00:00+00:00,2026-02-03 17:00:00+00:00,2026-02-03 22:00:00,1,23,0.19277397925445164,2,2026-02-02 05:00:00+00:00,boost_both_absolute_error,True,False
2026-02-02 18:00:00+00:00,2026-02-03 18:00:00+00:00,2026-02-03 23:00:00,1,24,0.21401894200658023,2,2026-02-02 06:00:00+00:00,boost_both_absolute_error,True,False
2026-02-02 18:00:00+00:00,2026-02-03 19:00:00+00:00,2026-02-04 00:00:00,1,25,0.3409000285233239,2,2026-02-02 07:00:00+00:00,boost_both_absolute_error,True,False
2026-02-02 18:00:00+00:00,2026-02-03 20:00:00+00:00,2026-02-04 01:00:00,1,26,0.2283960116494869,2,2026-02-02 08:00:00+00:00,boost_both_absolute_error,True,False
2026-02-02 18:00:00+00:00,2026-02-03 21:00:00+00:00,2026-02-04 02:00:00,1,27,0.23705422751186153,2,2026-02-02 09:00:00+00:00,boost_both_absolute_error,True,False
2026-02-02 18:00:00+00:00,2026-02-03 22:00:00+00:00,2026-02-04 03:00:00,1,28,0.3257378486819821,2,2026-02-02 10:00:00+00:00,boost_both_absolute_error,True,False
2026-02-02 18:00:00+00:00,2026-02-03 23:00:00+00:00,2026-02-04 04:00:00,1,29,0.36885294537871727,2,2026-02-02 11:00:00+00:00,boost_both_absolute_error,True,False
2026-02-02 18:00:00+00:00,2026-02-04 00:00:00+00:00,2026-02-04 05:00:00,1,30,0.3485494328295181,2,2026-02-02 12:00:00+00:00,boost_both_absolute_error,True,False
2026-02-02 18:00:00+00:00,2026-02-04 01:00:00+00:00,2026-02-04 06:00:00,1,31,0.5122400954301153,2,2026-02-02 13:00:00+00:00,boost_both_absolute_error,True,False
2026-02-02 18:00:00+00:00,2026-02-04 02:00:00+00:00,2026-02-04 07:00:00,1,32,0.5811025671379471,2,2026-02-02 14:00:00+00:00,boost_both_absolute_error,True,False
2026-02-02 18:00:00+00:00,2026-02-04 03:00:00+00:00,2026-02-04 08:00:00,1,33,0.5691067201037772,2,2026-02-02 15:00:00+00:00,boost_both_absolute_error,True,False
2026-02-02 18:00:00+00:00,2026-02-04 04:00:00+00:00,2026-02-04 09:00:00,1,34,0.5332434698410947,2,2026-02-02 16:00:00+00:00,boost_both_absolute_error,True,False
2026-02-02 18:00:00+00:00,2026-02-04 05:00:00+00:00,2026-02-04 10:00:00,1,35,0.29598062247047485,2,2026-02-02 17:00:00+00:00,boost_both_absolute_error,True,False
2026-02-02 18:00:00+00:00,2026-02-04 06:00:00+00:00,2026-02-04 11:00:00,1,36,0.4427963465522917,2,2026-02-02 18:00:00+00:00,boost_both_absolute_error,True,False
2026-02-02 18:00:00+00:00,2026-02-04 07:00:00+00:00,2026-02-04 12:00:00,1,37,0.01879470225061021,3,2026-02-01 19:00:00+00:00,boost_both_absolute_error,True,False
2026-02-02 18:00:00+00:00,2026-02-04 08:00:00+00:00,2026-02-04 13:00:00,1,38,0.01837029338270997,3,2026-02-01 20:00:00+00:00,boost_both_absolute_error,True,False
2026-02-02 18:00:00+00:00,2026-02-04 09:00:00+00:00,2026-02-04 14:00:00,1,39,0.02244890164411388,3,2026-02-01 21:00:00+00:00,boost_both_absolute_error,True,False
2026-02-02 18:00:00+00:00,2026-02-04 10:00:00+00:00,2026-02-04 15:00:00,1,40,0.02370351846267167,3,2026-02-01 22:00:00+00:00,boost_both_absolute_error,True,False
2026-02-02 18:00:00+00:00,2026-02-04 11:00:00+00:00,2026-02-04 16:00:00,1,41,0.02448671716360717,3,2026-02-01 23:00:00+00:00,boost_both_absolute_error,True,False
2026-02-02 18:00:00+00:00,2026-02-04 12:00:00+00:00,2026-02-04 17:00:00,1,42,0.08398082049962104,3,2026-02-02 00:00:00+00:00,boost_both_absolute_error,True,False
2026-02-02 18:00:00+00:00,2026-02-04 13:00:00+00:00,2026-02-04 18:00:00,1,43,0.052330558305215276,3,2026-02-02 01:00:00+00:00,boost_both_absolute_error,True,False
2026-02-02 18:00:00+00:00,2026-02-04 14:00:00+00:00,2026-02-04 19:00:00,1,44,0.05334792475117155,3,2026-02-02 02:00:00+00:00,boost_both_absolute_error,True,False
2026-02-02 18:00:00+00:00,2026-02-04 15:00:00+00:00,2026-02-04 20:00:00,1,45,0.10547342954526706,3,2026-02-02 03:00:00+00:00,boost_both_absolute_error,True,False
2026-02-02 18:00:00+00:00,2026-02-04 16:00:00+00:00,2026-02-04 21:00:00,1,46,0.24795214245844574,3,2026-02-02 04:00:00+00:00,boost_both_absolute_error,True,False
2026-02-02 18:00:00+00:00,2026-02-04 17:00:00+00:00,2026-02-04 22:00:00,1,47,0.27939323136487987,3,2026-02-02 05:00:00+00:00,boost_both_absolute_error,True,False
2026-02-02 18:00:00+00:00,2026-02-04 18:00:00+00:00,2026-02-04 23:00:00,1,48,0.4427092634572448,3,2026-02-02 06:00:00+00:00,boost_both_absolute_error,True,False
2026-02-02 18:00:00+00:00,2026-02-02 19:00:00+00:00,2026-02-03 00:00:00,2,1,0.14963623320652955,1,2026-02-02 07:00:00+00:00,boost_both_absolute_error,True,False
2026-02-02 18:00:00+00:00,2026-02-02 20:00:00+00:00,2026-02-03 01:00:00,2,2,0.3442905709483407,1,2026-02-02 08:00:00+00:00,boost_both_absolute_error,True,False
2026-02-02 18:00:00+00:00,2026-02-02 21:00:00+00:00,2026-02-03 02:00:00,2,3,0.4346747359655956,1,2026-02-02 09:00:00+00:00,boost_both_absolute_error,True,False
2026-02-02 18:00:00+00:00,2026-02-02 22:00:00+00:00,2026-02-03 03:00:00,2,4,0.4201819036206962,1,2026-02-02 10:00:00+00:00,boost_both_absolute_error,True,False
2026-02-02 18:00:00+00:00,2026-02-02 23:00:00+00:00,2026-02-03 04:00:00,2,5,0.5908198820772155,1,2026-02-02 11:00:00+00:00,boost_both_absolute_error,True,False
2026-02-02 18:00:00+00:00,2026-02-03 00:00:00+00:00,2026-02-03 05:00:00,2,6,0.359392978432162,1,2026-02-02 12:00:00+00:00,boost_both_absolute_error,True,False
2026-02-02 18:00:00+00:00,2026-02-03 01:00:00+00:00,2026-02-03 06:00:00,2,7,0.29447247243368846,1,2026-02-02 13:00:00+00:00,boost_both_absolute_error,True,False
2026-02-02 18:00:00+00:00,2026-02-03 02:00:00+00:00,2026-02-03 07:00:00,2,8,0.28160270461989406,1,2026-02-02 14:00:00+00:00,boost_both_absolute_error,True,False
2026-02-02 18:00:00+00:00,2026-02-03 03:00:00+00:00,2026-02-03 08:00:00,2,9,0.15736196671101574,1,2026-02-02 15:00:00+00:00,boost_both_absolute_error,True,False
2026-02-02 18:00:00+00:00,2026-02-03 04:00:00+00:00,2026-02-03 09:00:00,2,10,0.03885595559045645,1,2026-02-02 16:00:00+00:00,boost_both_absolute_error,True,False
2026-02-02 18:00:00+00:00,2026-02-03 05:00:00+00:00,2026-02-03 10:00:00,2,11,0.03701676406118489,1,2026-02-02 17:00:00+00:00,boost_both_absolute_error,True,False
2026-02-02 18:00:00+00:00,2026-02-03 06:00:00+00:00,2026-02-03 11:00:00,2,12,0.042547453290478286,1,2026-02-02 18:00:00+00:00,boost_both_absolute_error,True,False
2026-02-02 18:00:00+00:00,2026-02-03 07:00:00+00:00,2026-02-03 12:00:00,2,13,0.07035092998026538,2,2026-02-01 19:00:00+00:00,boost_both_absolute_error,True,False
2026-02-02 18:00:00+00:00,2026-02-03 08:00:00+00:00,2026-02-03 13:00:00,2,14,0.06249499966715375,2,2026-02-01 20:00:00+00:00,boost_both_absolute_error,True,False
2026-02-02 18:00:00+00:00,2026-02-03 09:00:00+00:00,2026-02-03 14:00:00,2,15,0.039925920563504885,2,2026-02-01 21:00:00+00:00,boost_both_absolute_error,True,False
2026-02-02 18:00:00+00:00,2026-02-03 10:00:00+00:00,2026-02-03 15:00:00,2,16,0.062290022393230955,2,2026-02-01 22:00:00+00:00,boost_both_absolute_error,True,False
2026-02-02 18:00:00+00:00,2026-02-03 11:00:00+00:00,2026-02-03 16:00:00,2,17,0.1689019740233191,2,2026-02-01 23:00:00+00:00,boost_both_absolute_error,True,False
2026-02-02 18:00:00+00:00,2026-02-03 12:00:00+00:00,2026-02-03 17:00:00,2,18,0.2598960183854711,2,2026-02-02 00:00:00+00:00,boost_both_absolute_error,True,False
2026-02-02 18:00:00+00:00,2026-02-03 13:00:00+00:00,2026-02-03 18:00:00,2,19,0.25715858808755715,2,2026-02-02 01:00:00+00:00,boost_both_absolute_error,True,False
2026-02-02 18:00:00+00:00,2026-02-03 14:00:00+00:00,2026-02-03 19:00:00,2,20,0.25838637241327633,2,2026-02-02 02:00:00+00:00,boost_both_absolute_error,True,False
2026-02-02 18:00:00+00:00,2026-02-03 15:00:00+00:00,2026-02-03 20:00:00,2,21,0.2804051178648317,2,2026-02-02 03:00:00+00:00,boost_both_absolute_error,True,False
2026-02-02 18:00:00+00:00,2026-02-03 16:00:00+00:00,2026-02-03 21:00:00,2,22,0.2730450247067152,2,2026-02-02 04:00:00+00:00,boost_both_absolute_error,True,False
2026-02-02 18:00:00+00:00,2026-02-03 17:00:00+00:00,2026-02-03 22:00:00,2,23,0.18904603928293714,2,2026-02-02 05:00:00+00:00,boost_both_absolute_error,True,False
2026-02-02 18:00:00+00:00,2026-02-03 18:00:00+00:00,2026-02-03 23:00:00,2,24,0.21045686769099675,2,2026-02-02 06:00:00+00:00,boost_both_absolute_error,True,False
2026-02-02 18:00:00+00:00,2026-02-03 19:00:00+00:00,2026-02-04 00:00:00,2,25,0.3373379542077406,2,2026-02-02 07:00:00+00:00,boost_both_absolute_error,True,False
2026-02-02 18:00:00+00:00,2026-02-03 20:00:00+00:00,2026-02-04 01:00:00,2,26,0.22483393733390342,2,2026-02-02 08:00:00+00:00,boost_both_absolute_error,True,False
2026-02-02 18:00:00+00:00,2026-02-03 21:00:00+00:00,2026-02-04 02:00:00,2,27,0.23349215319627806,2,2026-02-02 09:00:00+00:00,boost_both_absolute_error,True,False
2026-02-02 18:00:00+00:00,2026-02-03 22:00:00+00:00,2026-02-04 03:00:00,2,28,0.32217577436639866,2,2026-02-02 10:00:00+00:00,boost_both_absolute_error,True,False
2026-02-02 18:00:00+00:00,2026-02-03 23:00:00+00:00,2026-02-04 04:00:00,2,29,0.36651328489840196,2,2026-02-02 11:00:00+00:00,boost_both_absolute_error,True,False
2026-02-02 18:00:00+00:00,2026-02-04 00:00:00+00:00,2026-02-04 05:00:00,2,30,0.3474767899162715,2,2026-02-02 12:00:00+00:00,boost_both_absolute_error,True,False
2026-02-02 18:00:00+00:00,2026-02-04 01:00:00+00:00,2026-02-04 06:00:00,2,31,0.5110015868609377,2,2026-02-02 13:00:00+00:00,boost_both_absolute_error,True,False
2026-02-02 18:00:00+00:00,2026-02-04 02:00:00+00:00,2026-02-04 07:00:00,2,32,0.5798640585687694,2,2026-02-02 14:00:00+00:00,boost_both_absolute_error,True,False
2026-02-02 18:00:00+00:00,2026-02-04 03:00:00+00:00,2026-02-04 08:00:00,2,33,0.5747340640592997,2,2026-02-02 15:00:00+00:00,boost_both_absolute_error,True,False
2026-02-02 18:00:00+00:00,2026-02-04 04:00:00+00:00,2026-02-04 09:00:00,2,34,0.5417705334838849,2,2026-02-02 16:00:00+00:00,boost_both_absolute_error,True,False
2026-02-02 18:00:00+00:00,2026-02-04 05:00:00+00:00,2026-02-04 10:00:00,2,35,0.2992339676474773,2,2026-02-02 17:00:00+00:00,boost_both_absolute_error,True,False
2026-02-02 18:00:00+00:00,2026-02-04 06:00:00+00:00,2026-02-04 11:00:00,2,36,0.44621555738522517,2,2026-02-02 18:00:00+00:00,boost_both_absolute_error,True,False
2026-02-02 18:00:00+00:00,2026-02-04 07:00:00+00:00,2026-02-04 12:00:00,2,37,0.01723238554760982,3,2026-02-01 19:00:00+00:00,boost_both_absolute_error,True,False
2026-02-02 18:00:00+00:00,2026-02-04 08:00:00+00:00,2026-02-04 13:00:00,2,38,0.016807976679709576,3,2026-02-01 20:00:00+00:00,boost_both_absolute_error,True,False
2026-02-02 18:00:00+00:00,2026-02-04 09:00:00+00:00,2026-02-04 14:00:00,2,39,0.02075510061841343,3,2026-02-01 21:00:00+00:00,boost_both_absolute_error,True,False
2026-02-02 18:00:00+00:00,2026-02-04 10:00:00+00:00,2026-02-04 15:00:00,2,40,0.021842254124260628,3,2026-02-01 22:00:00+00:00,boost_both_absolute_error,True,False
2026-02-02 18:00:00+00:00,2026-02-04 11:00:00+00:00,2026-02-04 16:00:00,2,41,0.022459587169265136,3,2026-02-01 23:00:00+00:00,boost_both_absolute_error,True,False
2026-02-02 18:00:00+00:00,2026-02-04 12:00:00+00:00,2026-02-04 17:00:00,2,42,0.08271905457505219,3,2026-02-02 00:00:00+00:00,boost_both_absolute_error,True,False
2026-02-02 18:00:00+00:00,2026-02-04 13:00:00+00:00,2026-02-04 18:00:00,2,43,0.05069220109832308,3,2026-02-02 01:00:00+00:00,boost_both_absolute_error,True,False
2026-02-02 18:00:00+00:00,2026-02-04 14:00:00+00:00,2026-02-04 19:00:00,2,44,0.05132079475682951,3,2026-02-02 02:00:00+00:00,boost_both_absolute_error,True,False
2026-02-02 18:00:00+00:00,2026-02-04 15:00:00+00:00,2026-02-04 20:00:00,2,45,0.10456385396214059,3,2026-02-02 03:00:00+00:00,boost_both_absolute_error,True,False
2026-02-02 18:00:00+00:00,2026-02-04 16:00:00+00:00,2026-02-04 21:00:00,2,46,0.24684445481032127,3,2026-02-02 04:00:00+00:00,boost_both_absolute_error,True,False
2026-02-02 18:00:00+00:00,2026-02-04 17:00:00+00:00,2026-02-04 22:00:00,2,47,0.2782855437167555,3,2026-02-02 05:00:00+00:00,boost_both_absolute_error,True,False
2026-02-02 18:00:00+00:00,2026-02-04 18:00:00+00:00,2026-02-04 23:00:00,2,48,0.4398094728357493,3,2026-02-02 06:00:00+00:00,boost_both_absolute_error,True,False
2026-02-03 18:00:00+00:00,2026-02-03 19:00:00+00:00,2026-02-04 00:00:00,1,1,0.5192441247778001,1,2026-02-03 07:00:00+00:00,boost_both_absolute_error,True,False
2026-02-03 18:00:00+00:00,2026-02-03 20:00:00+00:00,2026-02-04 01:00:00,1,2,0.40290006452032967,1,2026-02-03 08:00:00+00:00,boost_both_absolute_error,True,False
2026-02-03 18:00:00+00:00,2026-02-03 21:00:00+00:00,2026-02-04 02:00:00,1,3,0.3717786821813378,1,2026-02-03 09:00:00+00:00,boost_both_absolute_error,True,False
2026-02-03 18:00:00+00:00,2026-02-03 22:00:00+00:00,2026-02-04 03:00:00,1,4,0.36753864173730455,1,2026-02-03 10:00:00+00:00,boost_both_absolute_error,True,False
2026-02-03 18:00:00+00:00,2026-02-03 23:00:00+00:00,2026-02-04 04:00:00,1,5,0.4080085357196803,1,2026-02-03 11:00:00+00:00,boost_both_absolute_error,True,False
2026-02-03 18:00:00+00:00,2026-02-04 00:00:00+00:00,2026-02-04 05:00:00,1,6,0.6088798207666758,1,2026-02-03 12:00:00+00:00,boost_both_absolute_error,True,False
2026-02-03 18:00:00+00:00,2026-02-04 01:00:00+00:00,2026-02-04 06:00:00,1,7,0.6972641300004475,1,2026-02-03 13:00:00+00:00,boost_both_absolute_error,True,False
2026-02-03 18:00:00+00:00,2026-02-04 02:00:00+00:00,2026-02-04 07:00:00,1,8,0.5053399455851922,1,2026-02-03 14:00:00+00:00,boost_both_absolute_error,True,False
2026-02-03 18:00:00+00:00,2026-02-04 03:00:00+00:00,2026-02-04 08:00:00,1,9,0.39405023573029896,1,2026-02-03 15:00:00+00:00,boost_both_absolute_error,True,False
2026-02-03 18:00:00+00:00,2026-02-04 04:00:00+00:00,2026-02-04 09:00:00,1,10,0.3101737515448668,1,2026-02-03 16:00:00+00:00,boost_both_absolute_error,True,False
2026-02-03 18:00:00+00:00,2026-02-04 05:00:00+00:00,2026-02-04 10:00:00,1,11,0.2983810810012556,1,2026-02-03 17:00:00+00:00,boost_both_absolute_error,True,False
2026-02-03 18:00:00+00:00,2026-02-04 06:00:00+00:00,2026-02-04 11:00:00,1,12,0.2922208729770065,1,2026-02-03 18:00:00+00:00,boost_both_absolute_error,True,False
2026-02-03 18:00:00+00:00,2026-02-04 07:00:00+00:00,2026-02-04 12:00:00,1,13,0.2860352562427258,2,2026-02-02 19:00:00+00:00,boost_both_absolute_error,True,False
2026-02-03 18:00:00+00:00,2026-02-04 08:00:00+00:00,2026-02-04 13:00:00,1,14,0.22495061340465736,2,2026-02-02 20:00:00+00:00,boost_both_absolute_error,True,False
2026-02-03 18:00:00+00:00,2026-02-04 09:00:00+00:00,2026-02-04 14:00:00,1,15,0.19813976076231313,2,2026-02-02 21:00:00+00:00,boost_both_absolute_error,True,False
2026-02-03 18:00:00+00:00,2026-02-04 10:00:00+00:00,2026-02-04 15:00:00,1,16,0.2062432873183156,2,2026-02-02 22:00:00+00:00,boost_both_absolute_error,True,False
2026-02-03 18:00:00+00:00,2026-02-04 11:00:00+00:00,2026-02-04 16:00:00,1,17,0.1779131437265344,2,2026-02-02 23:00:00+00:00,boost_both_absolute_error,True,False
2026-02-03 18:00:00+00:00,2026-02-04 12:00:00+00:00,2026-02-04 17:00:00,1,18,0.061803167584356895,2,2026-02-03 00:00:00+00:00,boost_both_absolute_error,True,False
2026-02-03 18:00:00+00:00,2026-02-04 13:00:00+00:00,2026-02-04 18:00:00,1,19,0.04903657976323501,2,2026-02-03 01:00:00+00:00,boost_both_absolute_error,True,False
2026-02-03 18:00:00+00:00,2026-02-04 14:00:00+00:00,2026-02-04 19:00:00,1,20,0.048733064557994685,2,2026-02-03 02:00:00+00:00,boost_both_absolute_error,True,False
2026-02-03 18:00:00+00:00,2026-02-04 15:00:00+00:00,2026-02-04 20:00:00,1,21,0.11907098194446619,2,2026-02-03 03:00:00+00:00,boost_both_absolute_error,True,False
2026-02-03 18:00:00+00:00,2026-02-04 16:00:00+00:00,2026-02-04 21:00:00,1,22,0.500735192310872,2,2026-02-03 04:00:00+00:00,boost_both_absolute_error,True,False
2026-02-03 18:00:00+00:00,2026-02-04 17:00:00+00:00,2026-02-04 22:00:00,1,23,0.6924084872958687,2,2026-02-03 05:00:00+00:00,boost_both_absolute_error,True,False
2026-02-03 18:00:00+00:00,2026-02-04 18:00:00+00:00,2026-02-04 23:00:00,1,24,0.5923926275883297,2,2026-02-03 06:00:00+00:00,boost_both_absolute_error,True,False
2026-02-03 18:00:00+00:00,2026-02-04 19:00:00+00:00,2026-02-05 00:00:00,1,25,0.7091101368011967,2,2026-02-03 07:00:00+00:00,boost_both_absolute_error,True,False
2026-02-03 18:00:00+00:00,2026-02-04 20:00:00+00:00,2026-02-05 01:00:00,1,26,0.8395110465541801,2,2026-02-03 08:00:00+00:00,boost_both_absolute_error,True,False
2026-02-03 18:00:00+00:00,2026-02-04 21:00:00+00:00,2026-02-05 02:00:00,1,27,0.8749418196023453,2,2026-02-03 09:00:00+00:00,boost_both_absolute_error,True,False
2026-02-03 18:00:00+00:00,2026-02-04 22:00:00+00:00,2026-02-05 03:00:00,1,28,0.9490324327456847,2,2026-02-03 10:00:00+00:00,boost_both_absolute_error,True,False
2026-02-03 18:00:00+00:00,2026-02-04 23:00:00+00:00,2026-02-05 04:00:00,1,29,0.945854780093143,2,2026-02-03 11:00:00+00:00,boost_both_absolute_error,True,False
2026-02-03 18:00:00+00:00,2026-02-05 00:00:00+00:00,2026-02-05 05:00:00,1,30,0.978388985550154,2,2026-02-03 12:00:00+00:00,boost_both_absolute_error,True,False
2026-02-03 18:00:00+00:00,2026-02-05 01:00:00+00:00,2026-02-05 06:00:00,1,31,0.9802369330774208,2,2026-02-03 13:00:00+00:00,boost_both_absolute_error,True,False
2026-02-03 18:00:00+00:00,2026-02-05 02:00:00+00:00,2026-02-05 07:00:00,1,32,0.9764483608266101,2,2026-02-03 14:00:00+00:00,boost_both_absolute_error,True,False
2026-02-03 18:00:00+00:00,2026-02-05 03:00:00+00:00,2026-02-05 08:00:00,1,33,0.994467701035179,2,2026-02-03 15:00:00+00:00,boost_both_absolute_error,True,False
2026-02-03 18:00:00+00:00,2026-02-05 04:00:00+00:00,2026-02-05 09:00:00,1,34,0.9951100690399765,2,2026-02-03 16:00:00+00:00,boost_both_absolute_error,True,False
2026-02-03 18:00:00+00:00,2026-02-05 05:00:00+00:00,2026-02-05 10:00:00,1,35,0.9953120433490654,2,2026-02-03 17:00:00+00:00,boost_both_absolute_error,True,False
2026-02-03 18:00:00+00:00,2026-02-05 06:00:00+00:00,2026-02-05 11:00:00,1,36,0.9919837491905001,2,2026-02-03 18:00:00+00:00,boost_both_absolute_error,True,False
2026-02-03 18:00:00+00:00,2026-02-05 07:00:00+00:00,2026-02-05 12:00:00,1,37,0.9949416385328821,3,2026-02-02 19:00:00+00:00,boost_both_absolute_error,True,False
2026-02-03 18:00:00+00:00,2026-02-05 08:00:00+00:00,2026-02-05 13:00:00,1,38,0.993074651105714,3,2026-02-02 20:00:00+00:00,boost_both_absolute_error,True,False
2026-02-03 18:00:00+00:00,2026-02-05 09:00:00+00:00,2026-02-05 14:00:00,1,39,0.9943356235355805,3,2026-02-02 21:00:00+00:00,boost_both_absolute_error,True,False
2026-02-03 18:00:00+00:00,2026-02-05 10:00:00+00:00,2026-02-05 15:00:00,1,40,0.9929697991607607,3,2026-02-02 22:00:00+00:00,boost_both_absolute_error,True,False
2026-02-03 18:00:00+00:00,2026-02-05 11:00:00+00:00,2026-02-05 16:00:00,1,41,0.9916922535260784,3,2026-02-02 23:00:00+00:00,boost_both_absolute_error,True,False
2026-02-03 18:00:00+00:00,2026-02-05 12:00:00+00:00,2026-02-05 17:00:00,1,42,0.9989625323740542,3,2026-02-03 00:00:00+00:00,boost_both_absolute_error,True,False
2026-02-03 18:00:00+00:00,2026-02-05 13:00:00+00:00,2026-02-05 18:00:00,1,43,0.9959185717729904,3,2026-02-03 01:00:00+00:00,boost_both_absolute_error,True,False
2026-02-03 18:00:00+00:00,2026-02-05 14:00:00+00:00,2026-02-05 19:00:00,1,44,0.9960950157189234,3,2026-02-03 02:00:00+00:00,boost_both_absolute_error,True,False
2026-02-03 18:00:00+00:00,2026-02-05 15:00:00+00:00,2026-02-05 20:00:00,1,45,1.0,3,2026-02-03 03:00:00+00:00,boost_both_absolute_error,True,False
2026-02-03 18:00:00+00:00,2026-02-05 16:00:00+00:00,2026-02-05 21:00:00,1,46,0.9272268999687744,3,2026-02-03 04:00:00+00:00,boost_both_absolute_error,True,False
2026-02-03 18:00:00+00:00,2026-02-05 17:00:00+00:00,2026-02-05 22:00:00,1,47,0.8428145604600182,3,2026-02-03 05:00:00+00:00,boost_both_absolute_error,True,False
2026-02-03 18:00:00+00:00,2026-02-05 18:00:00+00:00,2026-02-05 23:00:00,1,48,0.872341819216418,3,2026-02-03 06:00:00+00:00,boost_both_absolute_error,True,False
2026-02-03 18:00:00+00:00,2026-02-03 19:00:00+00:00,2026-02-04 00:00:00,2,1,0.5156820504622165,1,2026-02-03 07:00:00+00:00,boost_both_absolute_error,True,False
2026-02-03 18:00:00+00:00,2026-02-03 20:00:00+00:00,2026-02-04 01:00:00,2,2,0.39933799020474636,1,2026-02-03 08:00:00+00:00,boost_both_absolute_error,True,False
2026-02-03 18:00:00+00:00,2026-02-03 21:00:00+00:00,2026-02-04 02:00:00,2,3,0.3682166078657545,1,2026-02-03 09:00:00+00:00,boost_both_absolute_error,True,False
2026-02-03 18:00:00+00:00,2026-02-03 22:00:00+00:00,2026-02-04 03:00:00,2,4,0.36397656742172124,1,2026-02-03 10:00:00+00:00,boost_both_absolute_error,True,False
2026-02-03 18:00:00+00:00,2026-02-03 23:00:00+00:00,2026-02-04 04:00:00,2,5,0.4056688752393651,1,2026-02-03 11:00:00+00:00,boost_both_absolute_error,True,False
2026-02-03 18:00:00+00:00,2026-02-04 00:00:00+00:00,2026-02-04 05:00:00,2,6,0.6130808963192173,1,2026-02-03 12:00:00+00:00,boost_both_absolute_error,True,False
2026-02-03 18:00:00+00:00,2026-02-04 01:00:00+00:00,2026-02-04 06:00:00,2,7,0.7001237486348352,1,2026-02-03 13:00:00+00:00,boost_both_absolute_error,True,False
2026-02-03 18:00:00+00:00,2026-02-04 02:00:00+00:00,2026-02-04 07:00:00,2,8,0.5042673026719457,1,2026-02-03 14:00:00+00:00,boost_both_absolute_error,True,False
2026-02-03 18:00:00+00:00,2026-02-04 03:00:00+00:00,2026-02-04 08:00:00,2,9,0.3945697268759646,1,2026-02-03 15:00:00+00:00,boost_both_absolute_error,True,False
2026-02-03 18:00:00+00:00,2026-02-04 04:00:00+00:00,2026-02-04 09:00:00,2,10,0.31205198747433266,1,2026-02-03 16:00:00+00:00,boost_both_absolute_error,True,False
2026-02-03 18:00:00+00:00,2026-02-04 05:00:00+00:00,2026-02-04 10:00:00,2,11,0.30025931693072144,1,2026-02-03 17:00:00+00:00,boost_both_absolute_error,True,False
2026-02-03 18:00:00+00:00,2026-02-04 06:00:00+00:00,2026-02-04 11:00:00,2,12,0.29248307565792236,1,2026-02-03 18:00:00+00:00,boost_both_absolute_error,True,False
2026-02-03 18:00:00+00:00,2026-02-04 07:00:00+00:00,2026-02-04 12:00:00,2,13,0.28928860141972823,2,2026-02-02 19:00:00+00:00,boost_both_absolute_error,True,False
2026-02-03 18:00:00+00:00,2026-02-04 08:00:00+00:00,2026-02-04 13:00:00,2,14,0.2269451534913892,2,2026-02-02 20:00:00+00:00,boost_both_absolute_error,True,False
2026-02-03 18:00:00+00:00,2026-02-04 09:00:00+00:00,2026-02-04 14:00:00,2,15,0.19723458116177714,2,2026-02-02 21:00:00+00:00,boost_both_absolute_error,True,False
2026-02-03 18:00:00+00:00,2026-02-04 10:00:00+00:00,2026-02-04 15:00:00,2,16,0.205170644405069,2,2026-02-02 22:00:00+00:00,boost_both_absolute_error,True,False
2026-02-03 18:00:00+00:00,2026-02-04 11:00:00+00:00,2026-02-04 16:00:00,2,17,0.17667463515735685,2,2026-02-02 23:00:00+00:00,boost_both_absolute_error,True,False
2026-02-03 18:00:00+00:00,2026-02-04 12:00:00+00:00,2026-02-04 17:00:00,2,18,0.06000176487785964,2,2026-02-03 00:00:00+00:00,boost_both_absolute_error,True,False
2026-02-03 18:00:00+00:00,2026-02-04 13:00:00+00:00,2026-02-04 18:00:00,2,19,0.04723517705673775,2,2026-02-03 01:00:00+00:00,boost_both_absolute_error,True,False
2026-02-03 18:00:00+00:00,2026-02-04 14:00:00+00:00,2026-02-04 19:00:00,2,20,0.047102128649030184,2,2026-02-03 02:00:00+00:00,boost_both_absolute_error,True,False
2026-02-03 18:00:00+00:00,2026-02-04 15:00:00+00:00,2026-02-04 20:00:00,2,21,0.11810066111145313,2,2026-02-03 03:00:00+00:00,boost_both_absolute_error,True,False
2026-02-03 18:00:00+00:00,2026-02-04 16:00:00+00:00,2026-02-04 21:00:00,2,22,0.4997979714602805,2,2026-02-03 04:00:00+00:00,boost_both_absolute_error,True,False
2026-02-03 18:00:00+00:00,2026-02-04 17:00:00+00:00,2026-02-04 22:00:00,2,23,0.691471266445277,2,2026-02-03 05:00:00+00:00,boost_both_absolute_error,True,False
2026-02-03 18:00:00+00:00,2026-02-04 18:00:00+00:00,2026-02-04 23:00:00,2,24,0.5920759379372764,2,2026-02-03 06:00:00+00:00,boost_both_absolute_error,True,False
2026-02-03 18:00:00+00:00,2026-02-04 19:00:00+00:00,2026-02-05 00:00:00,2,25,0.710322221449239,2,2026-02-03 07:00:00+00:00,boost_both_absolute_error,True,False
2026-02-03 18:00:00+00:00,2026-02-04 20:00:00+00:00,2026-02-05 01:00:00,2,26,0.8389912086072883,2,2026-02-03 08:00:00+00:00,boost_both_absolute_error,True,False
2026-02-03 18:00:00+00:00,2026-02-04 21:00:00+00:00,2026-02-05 02:00:00,2,27,0.8744219816554535,2,2026-02-03 09:00:00+00:00,boost_both_absolute_error,True,False
2026-02-03 18:00:00+00:00,2026-02-04 22:00:00+00:00,2026-02-05 03:00:00,2,28,0.9419219494240243,2,2026-02-03 10:00:00+00:00,boost_both_absolute_error,True,False
2026-02-03 18:00:00+00:00,2026-02-04 23:00:00+00:00,2026-02-05 04:00:00,2,29,0.938366434943822,2,2026-02-03 11:00:00+00:00,boost_both_absolute_error,True,False
2026-02-03 18:00:00+00:00,2026-02-05 00:00:00+00:00,2026-02-05 05:00:00,2,30,0.962145592401011,2,2026-02-03 12:00:00+00:00,boost_both_absolute_error,True,False
2026-02-03 18:00:00+00:00,2026-02-05 01:00:00+00:00,2026-02-05 06:00:00,2,31,0.9639294082141265,2,2026-02-03 13:00:00+00:00,boost_both_absolute_error,True,False
2026-02-03 18:00:00+00:00,2026-02-05 02:00:00+00:00,2026-02-05 07:00:00,2,32,0.9606325964400387,2,2026-02-03 14:00:00+00:00,boost_both_absolute_error,True,False
2026-02-03 18:00:00+00:00,2026-02-05 03:00:00+00:00,2026-02-05 08:00:00,2,33,0.9778866998004228,2,2026-02-03 15:00:00+00:00,boost_both_absolute_error,True,False
2026-02-03 18:00:00+00:00,2026-02-05 04:00:00+00:00,2026-02-05 09:00:00,2,34,0.9775140298542582,2,2026-02-03 16:00:00+00:00,boost_both_absolute_error,True,False
2026-02-03 18:00:00+00:00,2026-02-05 05:00:00+00:00,2026-02-05 10:00:00,2,35,0.9773393173683042,2,2026-02-03 17:00:00+00:00,boost_both_absolute_error,True,False
2026-02-03 18:00:00+00:00,2026-02-05 06:00:00+00:00,2026-02-05 11:00:00,2,36,0.9710552266876982,2,2026-02-03 18:00:00+00:00,boost_both_absolute_error,True,False
2026-02-03 18:00:00+00:00,2026-02-05 07:00:00+00:00,2026-02-05 12:00:00,2,37,0.9736309545871208,3,2026-02-02 19:00:00+00:00,boost_both_absolute_error,True,False
2026-02-03 18:00:00+00:00,2026-02-05 08:00:00+00:00,2026-02-05 13:00:00,2,38,0.9717639671599527,3,2026-02-02 20:00:00+00:00,boost_both_absolute_error,True,False
2026-02-03 18:00:00+00:00,2026-02-05 09:00:00+00:00,2026-02-05 14:00:00,2,39,0.9730249395898192,3,2026-02-02 21:00:00+00:00,boost_both_absolute_error,True,False
2026-02-03 18:00:00+00:00,2026-02-05 10:00:00+00:00,2026-02-05 15:00:00,2,40,0.972160455922339,3,2026-02-02 22:00:00+00:00,boost_both_absolute_error,True,False
2026-02-03 18:00:00+00:00,2026-02-05 11:00:00+00:00,2026-02-05 16:00:00,2,41,0.9742722334304194,3,2026-02-02 23:00:00+00:00,boost_both_absolute_error,True,False
2026-02-03 18:00:00+00:00,2026-02-05 12:00:00+00:00,2026-02-05 17:00:00,2,42,0.9821931308228572,3,2026-02-03 00:00:00+00:00,boost_both_absolute_error,True,False
2026-02-03 18:00:00+00:00,2026-02-05 13:00:00+00:00,2026-02-05 18:00:00,2,43,0.9795697624283505,3,2026-02-03 01:00:00+00:00,boost_both_absolute_error,True,False
2026-02-03 18:00:00+00:00,2026-02-05 14:00:00+00:00,2026-02-05 19:00:00,2,44,0.9807156504843676,3,2026-02-03 02:00:00+00:00,boost_both_absolute_error,True,False
2026-02-03 18:00:00+00:00,2026-02-05 15:00:00+00:00,2026-02-05 20:00:00,2,45,1.0,3,2026-02-03 03:00:00+00:00,boost_both_absolute_error,True,False
2026-02-03 18:00:00+00:00,2026-02-05 16:00:00+00:00,2026-02-05 21:00:00,2,46,0.9267070620218828,3,2026-02-03 04:00:00+00:00,boost_both_absolute_error,True,False
2026-02-03 18:00:00+00:00,2026-02-05 17:00:00+00:00,2026-02-05 22:00:00,2,47,0.8422947225131264,3,2026-02-03 05:00:00+00:00,boost_both_absolute_error,True,False
2026-02-03 18:00:00+00:00,2026-02-05 18:00:00+00:00,2026-02-05 23:00:00,2,48,0.8743699325578812,3,2026-02-03 06:00:00+00:00,boost_both_absolute_error,True,False
2026-02-04 18:00:00+00:00,2026-02-04 19:00:00+00:00,2026-02-05 00:00:00,1,1,0.7960063218826932,1,2026-02-04 07:00:00+00:00,boost_both_absolute_error,True,False
2026-02-04 18:00:00+00:00,2026-02-04 20:00:00+00:00,2026-02-05 01:00:00,1,2,0.9084509948061149,1,2026-02-04 08:00:00+00:00,boost_both_absolute_error,True,False
2026-02-04 18:00:00+00:00,2026-02-04 21:00:00+00:00,2026-02-05 02:00:00,1,3,0.9438261181278209,1,2026-02-04 09:00:00+00:00,boost_both_absolute_error,True,False
2026-02-04 18:00:00+00:00,2026-02-04 22:00:00+00:00,2026-02-05 03:00:00,1,4,0.9567247730655608,1,2026-02-04 10:00:00+00:00,boost_both_absolute_error,True,False
2026-02-04 18:00:00+00:00,2026-02-04 23:00:00+00:00,2026-02-05 04:00:00,1,5,0.9742933757030225,1,2026-02-04 11:00:00+00:00,boost_both_absolute_error,True,False
2026-02-04 18:00:00+00:00,2026-02-05 00:00:00+00:00,2026-02-05 05:00:00,1,6,0.983643707947057,1,2026-02-04 12:00:00+00:00,boost_both_absolute_error,True,False
2026-02-04 18:00:00+00:00,2026-02-05 01:00:00+00:00,2026-02-05 06:00:00,1,7,0.9969474507157355,1,2026-02-04 13:00:00+00:00,boost_both_absolute_error,True,False
2026-02-04 18:00:00+00:00,2026-02-05 02:00:00+00:00,2026-02-05 07:00:00,1,8,0.9848117701625506,1,2026-02-04 14:00:00+00:00,boost_both_absolute_error,True,False
2026-02-04 18:00:00+00:00,2026-02-05 03:00:00+00:00,2026-02-05 08:00:00,1,9,0.9957861792266735,1,2026-02-04 15:00:00+00:00,boost_both_absolute_error,True,False
2026-02-04 18:00:00+00:00,2026-02-05 04:00:00+00:00,2026-02-05 09:00:00,1,10,0.9964741515781061,1,2026-02-04 16:00:00+00:00,boost_both_absolute_error,True,False
2026-02-04 18:00:00+00:00,2026-02-05 05:00:00+00:00,2026-02-05 10:00:00,1,11,0.9961007723403655,1,2026-02-04 17:00:00+00:00,boost_both_absolute_error,True,False
2026-02-04 18:00:00+00:00,2026-02-05 06:00:00+00:00,2026-02-05 11:00:00,1,12,0.9963826348941182,1,2026-02-04 18:00:00+00:00,boost_both_absolute_error,True,False
2026-02-04 18:00:00+00:00,2026-02-05 07:00:00+00:00,2026-02-05 12:00:00,1,13,0.9920080213632501,2,2026-02-03 19:00:00+00:00,boost_both_absolute_error,True,False
2026-02-04 18:00:00+00:00,2026-02-05 08:00:00+00:00,2026-02-05 13:00:00,1,14,0.9936206352184862,2,2026-02-03 20:00:00+00:00,boost_both_absolute_error,True,False
2026-02-04 18:00:00+00:00,2026-02-05 09:00:00+00:00,2026-02-05 14:00:00,1,15,0.9910424651656946,2,2026-02-03 21:00:00+00:00,boost_both_absolute_error,True,False
2026-02-04 18:00:00+00:00,2026-02-05 10:00:00+00:00,2026-02-05 15:00:00,1,16,0.9937768208991653,2,2026-02-03 22:00:00+00:00,boost_both_absolute_error,True,False
2026-02-04 18:00:00+00:00,2026-02-05 11:00:00+00:00,2026-02-05 16:00:00,1,17,1.0,2,2026-02-03 23:00:00+00:00,boost_both_absolute_error,True,False
2026-02-04 18:00:00+00:00,2026-02-05 12:00:00+00:00,2026-02-05 17:00:00,1,18,1.0,2,2026-02-04 00:00:00+00:00,boost_both_absolute_error,True,False
2026-02-04 18:00:00+00:00,2026-02-05 13:00:00+00:00,2026-02-05 18:00:00,1,19,1.0,2,2026-02-04 01:00:00+00:00,boost_both_absolute_error,True,False
2026-02-04 18:00:00+00:00,2026-02-05 14:00:00+00:00,2026-02-05 19:00:00,1,20,0.938666042552057,2,2026-02-04 02:00:00+00:00,boost_both_absolute_error,True,False
2026-02-04 18:00:00+00:00,2026-02-05 15:00:00+00:00,2026-02-05 20:00:00,1,21,0.8805929631563599,2,2026-02-04 03:00:00+00:00,boost_both_absolute_error,True,False
2026-02-04 18:00:00+00:00,2026-02-05 16:00:00+00:00,2026-02-05 21:00:00,1,22,0.8744760374148789,2,2026-02-04 04:00:00+00:00,boost_both_absolute_error,True,False
2026-02-04 18:00:00+00:00,2026-02-05 17:00:00+00:00,2026-02-05 22:00:00,1,23,0.648545797982358,2,2026-02-04 05:00:00+00:00,boost_both_absolute_error,True,False
2026-02-04 18:00:00+00:00,2026-02-05 18:00:00+00:00,2026-02-05 23:00:00,1,24,0.5911013671522314,2,2026-02-04 06:00:00+00:00,boost_both_absolute_error,True,False
2026-02-04 18:00:00+00:00,2026-02-05 19:00:00+00:00,2026-02-06 00:00:00,1,25,0.5095325084553676,2,2026-02-04 07:00:00+00:00,boost_both_absolute_error,True,False
2026-02-04 18:00:00+00:00,2026-02-05 20:00:00+00:00,2026-02-06 01:00:00,1,26,0.4419431677826532,2,2026-02-04 08:00:00+00:00,boost_both_absolute_error,True,False
2026-02-04 18:00:00+00:00,2026-02-05 21:00:00+00:00,2026-02-06 02:00:00,1,27,0.3463176040811332,2,2026-02-04 09:00:00+00:00,boost_both_absolute_error,True,False
2026-02-04 18:00:00+00:00,2026-02-05 22:00:00+00:00,2026-02-06 03:00:00,1,28,0.3802990844489911,2,2026-02-04 10:00:00+00:00,boost_both_absolute_error,True,False
2026-02-04 18:00:00+00:00,2026-02-05 23:00:00+00:00,2026-02-06 04:00:00,1,29,0.35258784619099287,2,2026-02-04 11:00:00+00:00,boost_both_absolute_error,True,False
2026-02-04 18:00:00+00:00,2026-02-06 00:00:00+00:00,2026-02-06 05:00:00,1,30,0.06990394838223674,2,2026-02-04 12:00:00+00:00,boost_both_absolute_error,True,False
2026-02-04 18:00:00+00:00,2026-02-06 01:00:00+00:00,2026-02-06 06:00:00,1,31,0.011644810956033426,2,2026-02-04 13:00:00+00:00,boost_both_absolute_error,True,False
2026-02-04 18:00:00+00:00,2026-02-06 02:00:00+00:00,2026-02-06 07:00:00,1,32,0.03345845568892257,2,2026-02-04 14:00:00+00:00,boost_both_absolute_error,True,False
2026-02-04 18:00:00+00:00,2026-02-06 03:00:00+00:00,2026-02-06 08:00:00,1,33,0.1300766370984353,2,2026-02-04 15:00:00+00:00,boost_both_absolute_error,True,False
2026-02-04 18:00:00+00:00,2026-02-06 04:00:00+00:00,2026-02-06 09:00:00,1,34,0.13824896002134052,2,2026-02-04 16:00:00+00:00,boost_both_absolute_error,True,False
2026-02-04 18:00:00+00:00,2026-02-06 05:00:00+00:00,2026-02-06 10:00:00,1,35,0.23151645115092484,2,2026-02-04 17:00:00+00:00,boost_both_absolute_error,True,False
2026-02-04 18:00:00+00:00,2026-02-06 06:00:00+00:00,2026-02-06 11:00:00,1,36,0.4430360039767974,2,2026-02-04 18:00:00+00:00,boost_both_absolute_error,True,False
2026-02-04 18:00:00+00:00,2026-02-06 07:00:00+00:00,2026-02-06 12:00:00,1,37,0.545803314741343,3,2026-02-03 19:00:00+00:00,boost_both_absolute_error,True,False
2026-02-04 18:00:00+00:00,2026-02-06 08:00:00+00:00,2026-02-06 13:00:00,1,38,0.8171729195038865,3,2026-02-03 20:00:00+00:00,boost_both_absolute_error,True,False
2026-02-04 18:00:00+00:00,2026-02-06 09:00:00+00:00,2026-02-06 14:00:00,1,39,0.9807564532760149,3,2026-02-03 21:00:00+00:00,boost_both_absolute_error,True,False
2026-02-04 18:00:00+00:00,2026-02-06 10:00:00+00:00,2026-02-06 15:00:00,1,40,0.973061893182674,3,2026-02-03 22:00:00+00:00,boost_both_absolute_error,True,False
2026-02-04 18:00:00+00:00,2026-02-06 11:00:00+00:00,2026-02-06 16:00:00,1,41,0.9778691867324805,3,2026-02-03 23:00:00+00:00,boost_both_absolute_error,True,False
2026-02-04 18:00:00+00:00,2026-02-06 12:00:00+00:00,2026-02-06 17:00:00,1,42,1.0,3,2026-02-04 00:00:00+00:00,boost_both_absolute_error,True,False
2026-02-04 18:00:00+00:00,2026-02-06 13:00:00+00:00,2026-02-06 18:00:00,1,43,1.0,3,2026-02-04 01:00:00+00:00,boost_both_absolute_error,True,False
2026-02-04 18:00:00+00:00,2026-02-06 14:00:00+00:00,2026-02-06 19:00:00,1,44,0.992374391078651,3,2026-02-04 02:00:00+00:00,boost_both_absolute_error,True,False
2026-02-04 18:00:00+00:00,2026-02-06 15:00:00+00:00,2026-02-06 20:00:00,1,45,0.9931555536708263,3,2026-02-04 03:00:00+00:00,boost_both_absolute_error,True,False
2026-02-04 18:00:00+00:00,2026-02-06 16:00:00+00:00,2026-02-06 21:00:00,1,46,1.0,3,2026-02-04 04:00:00+00:00,boost_both_absolute_error,True,False
2026-02-04 18:00:00+00:00,2026-02-06 17:00:00+00:00,2026-02-06 22:00:00,1,47,0.9643216948650964,3,2026-02-04 05:00:00+00:00,boost_both_absolute_error,True,False
2026-02-04 18:00:00+00:00,2026-02-06 18:00:00+00:00,2026-02-06 23:00:00,1,48,0.907356811859807,3,2026-02-04 06:00:00+00:00,boost_both_absolute_error,True,False
2026-02-04 18:00:00+00:00,2026-02-04 19:00:00+00:00,2026-02-05 00:00:00,2,1,0.7954864839358013,1,2026-02-04 07:00:00+00:00,boost_both_absolute_error,True,False
2026-02-04 18:00:00+00:00,2026-02-04 20:00:00+00:00,2026-02-05 01:00:00,2,2,0.9080229862043941,1,2026-02-04 08:00:00+00:00,boost_both_absolute_error,True,False
2026-02-04 18:00:00+00:00,2026-02-04 21:00:00+00:00,2026-02-05 02:00:00,2,3,0.9372320042300644,1,2026-02-04 09:00:00+00:00,boost_both_absolute_error,True,False
2026-02-04 18:00:00+00:00,2026-02-04 22:00:00+00:00,2026-02-05 03:00:00,2,4,0.9416027444365329,1,2026-02-04 10:00:00+00:00,boost_both_absolute_error,True,False
2026-02-04 18:00:00+00:00,2026-02-04 23:00:00+00:00,2026-02-05 04:00:00,2,5,0.9597493869184979,1,2026-02-04 11:00:00+00:00,boost_both_absolute_error,True,False
2026-02-04 18:00:00+00:00,2026-02-05 00:00:00+00:00,2026-02-05 05:00:00,2,6,0.9673658962850078,1,2026-02-04 12:00:00+00:00,boost_both_absolute_error,True,False
2026-02-04 18:00:00+00:00,2026-02-05 01:00:00+00:00,2026-02-05 06:00:00,2,7,0.9801202541097874,1,2026-02-04 13:00:00+00:00,boost_both_absolute_error,True,False
2026-02-04 18:00:00+00:00,2026-02-05 02:00:00+00:00,2026-02-05 07:00:00,2,8,0.9682307689277944,1,2026-02-04 14:00:00+00:00,boost_both_absolute_error,True,False
2026-02-04 18:00:00+00:00,2026-02-05 03:00:00+00:00,2026-02-05 08:00:00,2,9,0.9785643519762028,1,2026-02-04 15:00:00+00:00,boost_both_absolute_error,True,False
2026-02-04 18:00:00+00:00,2026-02-05 04:00:00+00:00,2026-02-05 09:00:00,2,10,0.9784266043006586,1,2026-02-04 16:00:00+00:00,boost_both_absolute_error,True,False
2026-02-04 18:00:00+00:00,2026-02-05 05:00:00+00:00,2026-02-05 10:00:00,2,11,0.9776360631500326,1,2026-02-04 17:00:00+00:00,boost_both_absolute_error,True,False
2026-02-04 18:00:00+00:00,2026-02-05 06:00:00+00:00,2026-02-05 11:00:00,2,12,0.9744430054531555,1,2026-02-04 18:00:00+00:00,boost_both_absolute_error,True,False
2026-02-04 18:00:00+00:00,2026-02-05 07:00:00+00:00,2026-02-05 12:00:00,2,13,0.9706973374174886,2,2026-02-03 19:00:00+00:00,boost_both_absolute_error,True,False
2026-02-04 18:00:00+00:00,2026-02-05 08:00:00+00:00,2026-02-05 13:00:00,2,14,0.9722301720343975,2,2026-02-03 20:00:00+00:00,boost_both_absolute_error,True,False
2026-02-04 18:00:00+00:00,2026-02-05 09:00:00+00:00,2026-02-05 14:00:00,2,15,0.9710693740943475,2,2026-02-03 21:00:00+00:00,boost_both_absolute_error,True,False
2026-02-04 18:00:00+00:00,2026-02-05 10:00:00+00:00,2026-02-05 15:00:00,2,16,0.9733950889516017,2,2026-02-03 22:00:00+00:00,boost_both_absolute_error,True,False
2026-02-04 18:00:00+00:00,2026-02-05 11:00:00+00:00,2026-02-05 16:00:00,2,17,0.9892800957497393,2,2026-02-03 23:00:00+00:00,boost_both_absolute_error,True,False
2026-02-04 18:00:00+00:00,2026-02-05 12:00:00+00:00,2026-02-05 17:00:00,2,18,1.0,2,2026-02-04 00:00:00+00:00,boost_both_absolute_error,True,False
2026-02-04 18:00:00+00:00,2026-02-05 13:00:00+00:00,2026-02-05 18:00:00,2,19,1.0,2,2026-02-04 01:00:00+00:00,boost_both_absolute_error,True,False
2026-02-04 18:00:00+00:00,2026-02-05 14:00:00+00:00,2026-02-05 19:00:00,2,20,0.9381462046051651,2,2026-02-04 02:00:00+00:00,boost_both_absolute_error,True,False
2026-02-04 18:00:00+00:00,2026-02-05 15:00:00+00:00,2026-02-05 20:00:00,2,21,0.880073125209468,2,2026-02-04 03:00:00+00:00,boost_both_absolute_error,True,False
2026-02-04 18:00:00+00:00,2026-02-05 16:00:00+00:00,2026-02-05 21:00:00,2,22,0.8739561994679871,2,2026-02-04 04:00:00+00:00,boost_both_absolute_error,True,False
2026-02-04 18:00:00+00:00,2026-02-05 17:00:00+00:00,2026-02-05 22:00:00,2,23,0.6476085771317662,2,2026-02-04 05:00:00+00:00,boost_both_absolute_error,True,False
2026-02-04 18:00:00+00:00,2026-02-05 18:00:00+00:00,2026-02-05 23:00:00,2,24,0.5901641463016396,2,2026-02-04 06:00:00+00:00,boost_both_absolute_error,True,False
2026-02-04 18:00:00+00:00,2026-02-05 19:00:00+00:00,2026-02-06 00:00:00,2,25,0.5085952876047758,2,2026-02-04 07:00:00+00:00,boost_both_absolute_error,True,False
2026-02-04 18:00:00+00:00,2026-02-05 20:00:00+00:00,2026-02-06 01:00:00,2,26,0.44100594693206174,2,2026-02-04 08:00:00+00:00,boost_both_absolute_error,True,False
2026-02-04 18:00:00+00:00,2026-02-05 21:00:00+00:00,2026-02-06 02:00:00,2,27,0.34538038323054165,2,2026-02-04 09:00:00+00:00,boost_both_absolute_error,True,False
2026-02-04 18:00:00+00:00,2026-02-05 22:00:00+00:00,2026-02-06 03:00:00,2,28,0.37936186359839963,2,2026-02-04 10:00:00+00:00,boost_both_absolute_error,True,False
2026-02-04 18:00:00+00:00,2026-02-05 23:00:00+00:00,2026-02-06 04:00:00,2,29,0.35163618157176946,2,2026-02-04 11:00:00+00:00,boost_both_absolute_error,True,False
2026-02-04 18:00:00+00:00,2026-02-06 00:00:00+00:00,2026-02-06 05:00:00,2,30,0.06895228376301321,2,2026-02-04 12:00:00+00:00,boost_both_absolute_error,True,False
2026-02-04 18:00:00+00:00,2026-02-06 01:00:00+00:00,2026-02-06 06:00:00,2,31,0.009843408249536159,2,2026-02-04 13:00:00+00:00,boost_both_absolute_error,True,False
2026-02-04 18:00:00+00:00,2026-02-06 02:00:00+00:00,2026-02-06 07:00:00,2,32,0.03199703998822618,2,2026-02-04 14:00:00+00:00,boost_both_absolute_error,True,False
2026-02-04 18:00:00+00:00,2026-02-06 03:00:00+00:00,2026-02-06 08:00:00,2,33,0.13020735545665102,2,2026-02-04 15:00:00+00:00,boost_both_absolute_error,True,False
2026-02-04 18:00:00+00:00,2026-02-06 04:00:00+00:00,2026-02-06 09:00:00,2,34,0.13851116270225627,2,2026-02-04 16:00:00+00:00,boost_both_absolute_error,True,False
2026-02-04 18:00:00+00:00,2026-02-06 05:00:00+00:00,2026-02-06 10:00:00,2,35,0.2317786538318406,2,2026-02-04 17:00:00+00:00,boost_both_absolute_error,True,False
2026-02-04 18:00:00+00:00,2026-02-06 06:00:00+00:00,2026-02-06 11:00:00,2,36,0.44466311183635954,2,2026-02-04 18:00:00+00:00,boost_both_absolute_error,True,False
2026-02-04 18:00:00+00:00,2026-02-06 07:00:00+00:00,2026-02-06 12:00:00,2,37,0.5452155838755057,3,2026-02-03 19:00:00+00:00,boost_both_absolute_error,True,False
2026-02-04 18:00:00+00:00,2026-02-06 08:00:00+00:00,2026-02-06 13:00:00,2,38,0.8196048735300686,3,2026-02-03 20:00:00+00:00,boost_both_absolute_error,True,False
2026-02-04 18:00:00+00:00,2026-02-06 09:00:00+00:00,2026-02-06 14:00:00,2,39,0.9843711661147078,3,2026-02-03 21:00:00+00:00,boost_both_absolute_error,True,False
2026-02-04 18:00:00+00:00,2026-02-06 10:00:00+00:00,2026-02-06 15:00:00,2,40,0.9769342820774187,3,2026-02-03 22:00:00+00:00,boost_both_absolute_error,True,False
2026-02-04 18:00:00+00:00,2026-02-06 11:00:00+00:00,2026-02-06 16:00:00,2,41,0.9814838995711733,3,2026-02-03 23:00:00+00:00,boost_both_absolute_error,True,False
2026-02-04 18:00:00+00:00,2026-02-06 12:00:00+00:00,2026-02-06 17:00:00,2,42,1.0,3,2026-02-04 00:00:00+00:00,boost_both_absolute_error,True,False
2026-02-04 18:00:00+00:00,2026-02-06 13:00:00+00:00,2026-02-06 18:00:00,2,43,1.0,3,2026-02-04 01:00:00+00:00,boost_both_absolute_error,True,False
2026-02-04 18:00:00+00:00,2026-02-06 14:00:00+00:00,2026-02-06 19:00:00,2,44,0.9847443427797433,3,2026-02-04 02:00:00+00:00,boost_both_absolute_error,True,False
2026-02-04 18:00:00+00:00,2026-02-06 15:00:00+00:00,2026-02-06 20:00:00,2,45,0.9830363073638635,3,2026-02-04 03:00:00+00:00,boost_both_absolute_error,True,False
2026-02-04 18:00:00+00:00,2026-02-06 16:00:00+00:00,2026-02-06 21:00:00,2,46,0.998027900551933,3,2026-02-04 04:00:00+00:00,boost_both_absolute_error,True,False
2026-02-04 18:00:00+00:00,2026-02-06 17:00:00+00:00,2026-02-06 22:00:00,2,47,0.9694542696880168,3,2026-02-04 05:00:00+00:00,boost_both_absolute_error,True,False
2026-02-04 18:00:00+00:00,2026-02-06 18:00:00+00:00,2026-02-06 23:00:00,2,48,0.9081889124097869,3,2026-02-04 06:00:00+00:00,boost_both_absolute_error,True,False
2026-02-05 18:00:00+00:00,2026-02-05 19:00:00+00:00,2026-02-06 00:00:00,1,1,0.619142974823304,1,2026-02-05 07:00:00+00:00,boost_both_absolute_error,True,False
2026-02-05 18:00:00+00:00,2026-02-05 20:00:00+00:00,2026-02-06 01:00:00,1,2,0.525869578721063,1,2026-02-05 08:00:00+00:00,boost_both_absolute_error,True,False
2026-02-05 18:00:00+00:00,2026-02-05 21:00:00+00:00,2026-02-06 02:00:00,1,3,0.4356795416660585,1,2026-02-05 09:00:00+00:00,boost_both_absolute_error,True,False
2026-02-05 18:00:00+00:00,2026-02-05 22:00:00+00:00,2026-02-06 03:00:00,1,4,0.3572433868152188,1,2026-02-05 10:00:00+00:00,boost_both_absolute_error,True,False
2026-02-05 18:00:00+00:00,2026-02-05 23:00:00+00:00,2026-02-06 04:00:00,1,5,0.30967284416783647,1,2026-02-05 11:00:00+00:00,boost_both_absolute_error,True,False
2026-02-05 18:00:00+00:00,2026-02-06 00:00:00+00:00,2026-02-06 05:00:00,1,6,0.021671863016567493,1,2026-02-05 12:00:00+00:00,boost_both_absolute_error,True,False
2026-02-05 18:00:00+00:00,2026-02-06 01:00:00+00:00,2026-02-06 06:00:00,1,7,0.0030599241722106666,1,2026-02-05 13:00:00+00:00,boost_both_absolute_error,True,False
2026-02-05 18:00:00+00:00,2026-02-06 02:00:00+00:00,2026-02-06 07:00:00,1,8,0.0063797012068690815,1,2026-02-05 14:00:00+00:00,boost_both_absolute_error,True,False
2026-02-05 18:00:00+00:00,2026-02-06 03:00:00+00:00,2026-02-06 08:00:00,1,9,0.021401601326381484,1,2026-02-05 15:00:00+00:00,boost_both_absolute_error,True,False
2026-02-05 18:00:00+00:00,2026-02-06 04:00:00+00:00,2026-02-06 09:00:00,1,10,0.013040732767807525,1,2026-02-05 16:00:00+00:00,boost_both_absolute_error,True,False
2026-02-05 18:00:00+00:00,2026-02-06 05:00:00+00:00,2026-02-06 10:00:00,1,11,0.10726698498485428,1,2026-02-05 17:00:00+00:00,boost_both_absolute_error,True,False
2026-02-05 18:00:00+00:00,2026-02-06 06:00:00+00:00,2026-02-06 11:00:00,1,12,0.4453799186561681,1,2026-02-05 18:00:00+00:00,boost_both_absolute_error,True,False
2026-02-05 18:00:00+00:00,2026-02-06 07:00:00+00:00,2026-02-06 12:00:00,1,13,0.5776798317591615,2,2026-02-04 19:00:00+00:00,boost_both_absolute_error,True,False
2026-02-05 18:00:00+00:00,2026-02-06 08:00:00+00:00,2026-02-06 13:00:00,1,14,0.8640278290416552,2,2026-02-04 20:00:00+00:00,boost_both_absolute_error,True,False
2026-02-05 18:00:00+00:00,2026-02-06 09:00:00+00:00,2026-02-06 14:00:00,1,15,0.9947322626859618,2,2026-02-04 21:00:00+00:00,boost_both_absolute_error,True,False
2026-02-05 18:00:00+00:00,2026-02-06 10:00:00+00:00,2026-02-06 15:00:00,1,16,0.9951945425169092,2,2026-02-04 22:00:00+00:00,boost_both_absolute_error,True,False
2026-02-05 18:00:00+00:00,2026-02-06 11:00:00+00:00,2026-02-06 16:00:00,1,17,0.990487178109597,2,2026-02-04 23:00:00+00:00,boost_both_absolute_error,True,False
2026-02-05 18:00:00+00:00,2026-02-06 12:00:00+00:00,2026-02-06 17:00:00,1,18,0.995681866083259,2,2026-02-05 00:00:00+00:00,boost_both_absolute_error,True,False
2026-02-05 18:00:00+00:00,2026-02-06 13:00:00+00:00,2026-02-06 18:00:00,1,19,0.9916473447312786,2,2026-02-05 01:00:00+00:00,boost_both_absolute_error,True,False
2026-02-05 18:00:00+00:00,2026-02-06 14:00:00+00:00,2026-02-06 19:00:00,1,20,0.9960778783008915,2,2026-02-05 02:00:00+00:00,boost_both_absolute_error,True,False
2026-02-05 18:00:00+00:00,2026-02-06 15:00:00+00:00,2026-02-06 20:00:00,1,21,1.0,2,2026-02-05 03:00:00+00:00,boost_both_absolute_error,True,False
2026-02-05 18:00:00+00:00,2026-02-06 16:00:00+00:00,2026-02-06 21:00:00,1,22,0.994753987257607,2,2026-02-05 04:00:00+00:00,boost_both_absolute_error,True,False
2026-02-05 18:00:00+00:00,2026-02-06 17:00:00+00:00,2026-02-06 22:00:00,1,23,0.9998169770152086,2,2026-02-05 05:00:00+00:00,boost_both_absolute_error,True,False
2026-02-05 18:00:00+00:00,2026-02-06 18:00:00+00:00,2026-02-06 23:00:00,1,24,0.9460637963817997,2,2026-02-05 06:00:00+00:00,boost_both_absolute_error,True,False
2026-02-05 18:00:00+00:00,2026-02-06 19:00:00+00:00,2026-02-07 00:00:00,1,25,0.8732122740259105,2,2026-02-05 07:00:00+00:00,boost_both_absolute_error,True,False
2026-02-05 18:00:00+00:00,2026-02-06 20:00:00+00:00,2026-02-07 01:00:00,1,26,0.8178796253490078,2,2026-02-05 08:00:00+00:00,boost_both_absolute_error,True,False
2026-02-05 18:00:00+00:00,2026-02-06 21:00:00+00:00,2026-02-07 02:00:00,1,27,0.6264609017299025,2,2026-02-05 09:00:00+00:00,boost_both_absolute_error,True,False
2026-02-05 18:00:00+00:00,2026-02-06 22:00:00+00:00,2026-02-07 03:00:00,1,28,0.48994714281719615,2,2026-02-05 10:00:00+00:00,boost_both_absolute_error,True,False
2026-02-05 18:00:00+00:00,2026-02-06 23:00:00+00:00,2026-02-07 04:00:00,1,29,0.3542516018063593,2,2026-02-05 11:00:00+00:00,boost_both_absolute_error,True,False
2026-02-05 18:00:00+00:00,2026-02-07 00:00:00+00:00,2026-02-07 05:00:00,1,30,0.19881479832788354,2,2026-02-05 12:00:00+00:00,boost_both_absolute_error,True,False
2026-02-05 18:00:00+00:00,2026-02-07 01:00:00+00:00,2026-02-07 06:00:00,1,31,0.08924929833917829,2,2026-02-05 13:00:00+00:00,boost_both_absolute_error,True,False
2026-02-05 18:00:00+00:00,2026-02-07 02:00:00+00:00,2026-02-07 07:00:00,1,32,0.02684276633768038,2,2026-02-05 14:00:00+00:00,boost_both_absolute_error,True,False
2026-02-05 18:00:00+00:00,2026-02-07 03:00:00+00:00,2026-02-07 08:00:00,1,33,0.033855048705154565,2,2026-02-05 15:00:00+00:00,boost_both_absolute_error,True,False
2026-02-05 18:00:00+00:00,2026-02-07 04:00:00+00:00,2026-02-07 09:00:00,1,34,0.07067179690057164,2,2026-02-05 16:00:00+00:00,boost_both_absolute_error,True,False
2026-02-05 18:00:00+00:00,2026-02-07 05:00:00+00:00,2026-02-07 10:00:00,1,35,0.18622215863520508,2,2026-02-05 17:00:00+00:00,boost_both_absolute_error,True,False
2026-02-05 18:00:00+00:00,2026-02-07 06:00:00+00:00,2026-02-07 11:00:00,1,36,0.2592119249669228,2,2026-02-05 18:00:00+00:00,boost_both_absolute_error,True,False
2026-02-05 18:00:00+00:00,2026-02-07 07:00:00+00:00,2026-02-07 12:00:00,1,37,0.39613258231335935,3,2026-02-04 19:00:00+00:00,boost_both_absolute_error,True,False
2026-02-05 18:00:00+00:00,2026-02-07 08:00:00+00:00,2026-02-07 13:00:00,1,38,0.34549210159729554,3,2026-02-04 20:00:00+00:00,boost_both_absolute_error,True,False
2026-02-05 18:00:00+00:00,2026-02-07 09:00:00+00:00,2026-02-07 14:00:00,1,39,0.4256686466283233,3,2026-02-04 21:00:00+00:00,boost_both_absolute_error,True,False
2026-02-05 18:00:00+00:00,2026-02-07 10:00:00+00:00,2026-02-07 15:00:00,1,40,0.17090119968880288,3,2026-02-04 22:00:00+00:00,boost_both_absolute_error,True,False
2026-02-05 18:00:00+00:00,2026-02-07 11:00:00+00:00,2026-02-07 16:00:00,1,41,0.09269689840310477,3,2026-02-04 23:00:00+00:00,boost_both_absolute_error,True,False
2026-02-05 18:00:00+00:00,2026-02-07 12:00:00+00:00,2026-02-07 17:00:00,1,42,0.15563926738631173,3,2026-02-05 00:00:00+00:00,boost_both_absolute_error,True,False
2026-02-05 18:00:00+00:00,2026-02-07 13:00:00+00:00,2026-02-07 18:00:00,1,43,0.06544666369217383,3,2026-02-05 01:00:00+00:00,boost_both_absolute_error,True,False
2026-02-05 18:00:00+00:00,2026-02-07 14:00:00+00:00,2026-02-07 19:00:00,1,44,0.16703569563704,3,2026-02-05 02:00:00+00:00,boost_both_absolute_error,True,False
2026-02-05 18:00:00+00:00,2026-02-07 15:00:00+00:00,2026-02-07 20:00:00,1,45,0.30567994904143575,3,2026-02-05 03:00:00+00:00,boost_both_absolute_error,True,False
2026-02-05 18:00:00+00:00,2026-02-07 16:00:00+00:00,2026-02-07 21:00:00,1,46,0.4871524397329343,3,2026-02-05 04:00:00+00:00,boost_both_absolute_error,True,False
2026-02-05 18:00:00+00:00,2026-02-07 17:00:00+00:00,2026-02-07 22:00:00,1,47,0.46156808998774085,3,2026-02-05 05:00:00+00:00,boost_both_absolute_error,True,False
2026-02-05 18:00:00+00:00,2026-02-07 18:00:00+00:00,2026-02-07 23:00:00,1,48,0.322732907252114,3,2026-02-05 06:00:00+00:00,boost_both_absolute_error,True,False
2026-02-05 18:00:00+00:00,2026-02-05 19:00:00+00:00,2026-02-06 00:00:00,2,1,0.6182057539727123,1,2026-02-05 07:00:00+00:00,boost_both_absolute_error,True,False
2026-02-05 18:00:00+00:00,2026-02-05 20:00:00+00:00,2026-02-06 01:00:00,2,2,0.5249323578704712,1,2026-02-05 08:00:00+00:00,boost_both_absolute_error,True,False
2026-02-05 18:00:00+00:00,2026-02-05 21:00:00+00:00,2026-02-06 02:00:00,2,3,0.43474232081546704,1,2026-02-05 09:00:00+00:00,boost_both_absolute_error,True,False
2026-02-05 18:00:00+00:00,2026-02-05 22:00:00+00:00,2026-02-06 03:00:00,2,4,0.35630616596462744,1,2026-02-05 10:00:00+00:00,boost_both_absolute_error,True,False
2026-02-05 18:00:00+00:00,2026-02-05 23:00:00+00:00,2026-02-06 04:00:00,2,5,0.30889164634614585,1,2026-02-05 11:00:00+00:00,boost_both_absolute_error,True,False
2026-02-05 18:00:00+00:00,2026-02-06 00:00:00+00:00,2026-02-06 05:00:00,2,6,0.02003350580967529,1,2026-02-05 12:00:00+00:00,boost_both_absolute_error,True,False
2026-02-05 18:00:00+00:00,2026-02-06 01:00:00+00:00,2026-02-06 06:00:00,2,7,0.0012585214657134013,1,2026-02-05 13:00:00+00:00,boost_both_absolute_error,True,False
2026-02-05 18:00:00+00:00,2026-02-06 02:00:00+00:00,2026-02-06 07:00:00,2,8,0.004518436868458041,1,2026-02-05 14:00:00+00:00,boost_both_absolute_error,True,False
2026-02-05 18:00:00+00:00,2026-02-06 03:00:00+00:00,2026-02-06 08:00:00,2,9,0.02059954662857344,1,2026-02-05 15:00:00+00:00,boost_both_absolute_error,True,False
2026-02-05 18:00:00+00:00,2026-02-06 04:00:00+00:00,2026-02-06 09:00:00,2,10,0.014005777696550335,1,2026-02-05 16:00:00+00:00,boost_both_absolute_error,True,False
2026-02-05 18:00:00+00:00,2026-02-06 05:00:00+00:00,2026-02-06 10:00:00,2,11,0.10914522091432,1,2026-02-05 17:00:00+00:00,boost_both_absolute_error,True,False
2026-02-05 18:00:00+00:00,2026-02-06 06:00:00+00:00,2026-02-06 11:00:00,2,12,0.45123961528568607,1,2026-02-05 18:00:00+00:00,boost_both_absolute_error,True,False
2026-02-05 18:00:00+00:00,2026-02-06 07:00:00+00:00,2026-02-06 12:00:00,2,13,0.5758791970153875,2,2026-02-04 19:00:00+00:00,boost_both_absolute_error,True,False
2026-02-05 18:00:00+00:00,2026-02-06 08:00:00+00:00,2026-02-06 13:00:00,2,14,0.8679515588188869,2,2026-02-04 20:00:00+00:00,boost_both_absolute_error,True,False
2026-02-05 18:00:00+00:00,2026-02-06 09:00:00+00:00,2026-02-06 14:00:00,2,15,0.9863572759986389,2,2026-02-04 21:00:00+00:00,boost_both_absolute_error,True,False
2026-02-05 18:00:00+00:00,2026-02-06 10:00:00+00:00,2026-02-06 15:00:00,2,16,0.9772814783463855,2,2026-02-04 22:00:00+00:00,boost_both_absolute_error,True,False
2026-02-05 18:00:00+00:00,2026-02-06 11:00:00+00:00,2026-02-06 16:00:00,2,17,0.9789110188741627,2,2026-02-04 23:00:00+00:00,boost_both_absolute_error,True,False
2026-02-05 18:00:00+00:00,2026-02-06 12:00:00+00:00,2026-02-06 17:00:00,2,18,0.981283983134719,2,2026-02-05 00:00:00+00:00,boost_both_absolute_error,True,False
2026-02-05 18:00:00+00:00,2026-02-06 13:00:00+00:00,2026-02-06 18:00:00,2,19,0.9766857967166498,2,2026-02-05 01:00:00+00:00,boost_both_absolute_error,True,False
2026-02-05 18:00:00+00:00,2026-02-06 14:00:00+00:00,2026-02-06 19:00:00,2,20,0.9859757571535719,2,2026-02-05 02:00:00+00:00,boost_both_absolute_error,True,False
2026-02-05 18:00:00+00:00,2026-02-06 15:00:00+00:00,2026-02-06 20:00:00,2,21,0.9951506013924147,2,2026-02-05 03:00:00+00:00,boost_both_absolute_error,True,False
2026-02-05 18:00:00+00:00,2026-02-06 16:00:00+00:00,2026-02-06 21:00:00,2,22,0.9889596611248435,2,2026-02-05 04:00:00+00:00,boost_both_absolute_error,True,False
2026-02-05 18:00:00+00:00,2026-02-06 17:00:00+00:00,2026-02-06 22:00:00,2,23,0.9932823122010797,2,2026-02-05 05:00:00+00:00,boost_both_absolute_error,True,False
2026-02-05 18:00:00+00:00,2026-02-06 18:00:00+00:00,2026-02-06 23:00:00,2,24,0.9418224557747849,2,2026-02-05 06:00:00+00:00,boost_both_absolute_error,True,False
2026-02-05 18:00:00+00:00,2026-02-06 19:00:00+00:00,2026-02-07 00:00:00,2,25,0.8700675826140268,2,2026-02-05 07:00:00+00:00,boost_both_absolute_error,True,False
2026-02-05 18:00:00+00:00,2026-02-06 20:00:00+00:00,2026-02-07 01:00:00,2,26,0.8147349339371242,2,2026-02-05 08:00:00+00:00,boost_both_absolute_error,True,False
2026-02-05 18:00:00+00:00,2026-02-06 21:00:00+00:00,2026-02-07 02:00:00,2,27,0.6272930022798825,2,2026-02-05 09:00:00+00:00,boost_both_absolute_error,True,False
2026-02-05 18:00:00+00:00,2026-02-06 22:00:00+00:00,2026-02-07 03:00:00,2,28,0.4863850685016127,2,2026-02-05 10:00:00+00:00,boost_both_absolute_error,True,False
2026-02-05 18:00:00+00:00,2026-02-06 23:00:00+00:00,2026-02-07 04:00:00,2,29,0.3527901861056629,2,2026-02-05 11:00:00+00:00,boost_both_absolute_error,True,False
2026-02-05 18:00:00+00:00,2026-02-07 00:00:00+00:00,2026-02-07 05:00:00,2,30,0.19774215541463694,2,2026-02-05 12:00:00+00:00,boost_both_absolute_error,True,False
2026-02-05 18:00:00+00:00,2026-02-07 01:00:00+00:00,2026-02-07 06:00:00,2,31,0.08784774427039568,2,2026-02-05 13:00:00+00:00,boost_both_absolute_error,True,False
2026-02-05 18:00:00+00:00,2026-02-07 02:00:00+00:00,2026-02-07 07:00:00,2,32,0.026144054516724788,2,2026-02-05 14:00:00+00:00,boost_both_absolute_error,True,False
2026-02-05 18:00:00+00:00,2026-02-07 03:00:00+00:00,2026-02-07 08:00:00,2,33,0.032221109311367895,2,2026-02-05 15:00:00+00:00,boost_both_absolute_error,True,False
2026-02-05 18:00:00+00:00,2026-02-07 04:00:00+00:00,2026-02-07 09:00:00,2,34,0.07231134832005018,2,2026-02-05 16:00:00+00:00,boost_both_absolute_error,True,False
2026-02-05 18:00:00+00:00,2026-02-07 05:00:00+00:00,2026-02-07 10:00:00,2,35,0.1940001682691978,2,2026-02-05 17:00:00+00:00,boost_both_absolute_error,True,False
2026-02-05 18:00:00+00:00,2026-02-07 06:00:00+00:00,2026-02-07 11:00:00,2,36,0.27401762297166343,2,2026-02-05 18:00:00+00:00,boost_both_absolute_error,True,False
2026-02-05 18:00:00+00:00,2026-02-07 07:00:00+00:00,2026-02-07 12:00:00,2,37,0.4039105919473521,3,2026-02-04 19:00:00+00:00,boost_both_absolute_error,True,False
2026-02-05 18:00:00+00:00,2026-02-07 08:00:00+00:00,2026-02-07 13:00:00,2,38,0.3602977996020362,3,2026-02-04 20:00:00+00:00,boost_both_absolute_error,True,False
2026-02-05 18:00:00+00:00,2026-02-07 09:00:00+00:00,2026-02-07 14:00:00,2,39,0.4375746249457961,3,2026-02-04 21:00:00+00:00,boost_both_absolute_error,True,False
2026-02-05 18:00:00+00:00,2026-02-07 10:00:00+00:00,2026-02-07 15:00:00,2,40,0.17033830785702922,3,2026-02-04 22:00:00+00:00,boost_both_absolute_error,True,False
2026-02-05 18:00:00+00:00,2026-02-07 11:00:00+00:00,2026-02-07 16:00:00,2,41,0.0919448835600088,3,2026-02-04 23:00:00+00:00,boost_both_absolute_error,True,False
2026-02-05 18:00:00+00:00,2026-02-07 12:00:00+00:00,2026-02-07 17:00:00,2,42,0.15421163580581188,3,2026-02-05 00:00:00+00:00,boost_both_absolute_error,True,False
2026-02-05 18:00:00+00:00,2026-02-07 13:00:00+00:00,2026-02-07 18:00:00,2,43,0.06469464884907786,3,2026-02-05 01:00:00+00:00,boost_both_absolute_error,True,False
2026-02-05 18:00:00+00:00,2026-02-07 14:00:00+00:00,2026-02-07 19:00:00,2,44,0.1654182569074427,3,2026-02-05 02:00:00+00:00,boost_both_absolute_error,True,False
2026-02-05 18:00:00+00:00,2026-02-07 15:00:00+00:00,2026-02-07 20:00:00,2,45,0.3040625103118385,3,2026-02-05 03:00:00+00:00,boost_both_absolute_error,True,False
2026-02-05 18:00:00+00:00,2026-02-07 16:00:00+00:00,2026-02-07 21:00:00,2,46,0.48267650722359856,3,2026-02-05 04:00:00+00:00,boost_both_absolute_error,True,False
2026-02-05 18:00:00+00:00,2026-02-07 17:00:00+00:00,2026-02-07 22:00:00,2,47,0.45800601567215743,3,2026-02-05 05:00:00+00:00,boost_both_absolute_error,True,False
2026-02-05 18:00:00+00:00,2026-02-07 18:00:00+00:00,2026-02-07 23:00:00,2,48,0.3191708329365306,3,2026-02-05 06:00:00+00:00,boost_both_absolute_error,True,False
2026-02-06 18:00:00+00:00,2026-02-06 19:00:00+00:00,2026-02-07 00:00:00,1,1,0.9027562540739654,1,2026-02-06 07:00:00+00:00,boost_both_absolute_error,True,False
2026-02-06 18:00:00+00:00,2026-02-06 20:00:00+00:00,2026-02-07 01:00:00,1,2,0.8099951043702306,1,2026-02-06 08:00:00+00:00,boost_both_absolute_error,True,False
2026-02-06 18:00:00+00:00,2026-02-06 21:00:00+00:00,2026-02-07 02:00:00,1,3,0.6913559811821558,1,2026-02-06 09:00:00+00:00,boost_both_absolute_error,True,False
2026-02-06 18:00:00+00:00,2026-02-06 22:00:00+00:00,2026-02-07 03:00:00,1,4,0.4609019522166138,1,2026-02-06 10:00:00+00:00,boost_both_absolute_error,True,False
2026-02-06 18:00:00+00:00,2026-02-06 23:00:00+00:00,2026-02-07 04:00:00,1,5,0.35752037292633293,1,2026-02-06 11:00:00+00:00,boost_both_absolute_error,True,False
2026-02-06 18:00:00+00:00,2026-02-07 00:00:00+00:00,2026-02-07 05:00:00,1,6,0.17676972802845273,1,2026-02-06 12:00:00+00:00,boost_both_absolute_error,True,False
2026-02-06 18:00:00+00:00,2026-02-07 01:00:00+00:00,2026-02-07 06:00:00,1,7,0.06939879305204301,1,2026-02-06 13:00:00+00:00,boost_both_absolute_error,True,False
2026-02-06 18:00:00+00:00,2026-02-07 02:00:00+00:00,2026-02-07 07:00:00,1,8,0.016017027273765867,1,2026-02-06 14:00:00+00:00,boost_both_absolute_error,True,False
2026-02-06 18:00:00+00:00,2026-02-07 03:00:00+00:00,2026-02-07 08:00:00,1,9,0.027553252536954842,1,2026-02-06 15:00:00+00:00,boost_both_absolute_error,True,False
2026-02-06 18:00:00+00:00,2026-02-07 04:00:00+00:00,2026-02-07 09:00:00,1,10,0.03156080564514655,1,2026-02-06 16:00:00+00:00,boost_both_absolute_error,True,False
2026-02-06 18:00:00+00:00,2026-02-07 05:00:00+00:00,2026-02-07 10:00:00,1,11,0.2876160417540419,1,2026-02-06 17:00:00+00:00,boost_both_absolute_error,True,False
2026-02-06 18:00:00+00:00,2026-02-07 06:00:00+00:00,2026-02-07 11:00:00,1,12,0.3306511882478572,1,2026-02-06 18:00:00+00:00,boost_both_absolute_error,True,False
2026-02-06 18:00:00+00:00,2026-02-07 07:00:00+00:00,2026-02-07 12:00:00,1,13,0.22626154067023155,2,2026-02-05 19:00:00+00:00,boost_both_absolute_error,True,False
2026-02-06 18:00:00+00:00,2026-02-07 08:00:00+00:00,2026-02-07 13:00:00,1,14,0.18239496516828357,2,2026-02-05 20:00:00+00:00,boost_both_absolute_error,True,False
2026-02-06 18:00:00+00:00,2026-02-07 09:00:00+00:00,2026-02-07 14:00:00,1,15,0.1311361077750104,2,2026-02-05 21:00:00+00:00,boost_both_absolute_error,True,False
2026-02-06 18:00:00+00:00,2026-02-07 10:00:00+00:00,2026-02-07 15:00:00,1,16,0.09587759391230564,2,2026-02-05 22:00:00+00:00,boost_both_absolute_error,True,False
2026-02-06 18:00:00+00:00,2026-02-07 11:00:00+00:00,2026-02-07 16:00:00,1,17,0.10274023189255856,2,2026-02-05 23:00:00+00:00,boost_both_absolute_error,True,False
2026-02-06 18:00:00+00:00,2026-02-07 12:00:00+00:00,2026-02-07 17:00:00,1,18,0.05071130590442212,2,2026-02-06 00:00:00+00:00,boost_both_absolute_error,True,False
2026-02-06 18:00:00+00:00,2026-02-07 13:00:00+00:00,2026-02-07 18:00:00,1,19,0.06458704832055903,2,2026-02-06 01:00:00+00:00,boost_both_absolute_error,True,False
2026-02-06 18:00:00+00:00,2026-02-07 14:00:00+00:00,2026-02-07 19:00:00,1,20,0.2901858469112008,2,2026-02-06 02:00:00+00:00,boost_both_absolute_error,True,False
2026-02-06 18:00:00+00:00,2026-02-07 15:00:00+00:00,2026-02-07 20:00:00,1,21,0.37301486256330724,2,2026-02-06 03:00:00+00:00,boost_both_absolute_error,True,False
2026-02-06 18:00:00+00:00,2026-02-07 16:00:00+00:00,2026-02-07 21:00:00,1,22,0.3859557804632145,2,2026-02-06 04:00:00+00:00,boost_both_absolute_error,True,False
2026-02-06 18:00:00+00:00,2026-02-07 17:00:00+00:00,2026-02-07 22:00:00,1,23,0.41349068115863463,2,2026-02-06 05:00:00+00:00,boost_both_absolute_error,True,False
2026-02-06 18:00:00+00:00,2026-02-07 18:00:00+00:00,2026-02-07 23:00:00,1,24,0.3568845539705997,2,2026-02-06 06:00:00+00:00,boost_both_absolute_error,True,False
2026-02-06 18:00:00+00:00,2026-02-07 19:00:00+00:00,2026-02-08 00:00:00,1,25,0.4663732675383575,2,2026-02-06 07:00:00+00:00,boost_both_absolute_error,True,False
2026-02-06 18:00:00+00:00,2026-02-07 20:00:00+00:00,2026-02-08 01:00:00,1,26,0.6324565847151546,2,2026-02-06 08:00:00+00:00,boost_both_absolute_error,True,False
2026-02-06 18:00:00+00:00,2026-02-07 21:00:00+00:00,2026-02-08 02:00:00,1,27,0.6912610196852716,2,2026-02-06 09:00:00+00:00,boost_both_absolute_error,True,False
2026-02-06 18:00:00+00:00,2026-02-07 22:00:00+00:00,2026-02-08 03:00:00,1,28,0.7083215162539146,2,2026-02-06 10:00:00+00:00,boost_both_absolute_error,True,False
2026-02-06 18:00:00+00:00,2026-02-07 23:00:00+00:00,2026-02-08 04:00:00,1,29,0.6963500987213644,2,2026-02-06 11:00:00+00:00,boost_both_absolute_error,True,False
2026-02-06 18:00:00+00:00,2026-02-08 00:00:00+00:00,2026-02-08 05:00:00,1,30,0.7295281437244295,2,2026-02-06 12:00:00+00:00,boost_both_absolute_error,True,False
2026-02-06 18:00:00+00:00,2026-02-08 01:00:00+00:00,2026-02-08 06:00:00,1,31,0.5700326923574962,2,2026-02-06 13:00:00+00:00,boost_both_absolute_error,True,False
2026-02-06 18:00:00+00:00,2026-02-08 02:00:00+00:00,2026-02-08 07:00:00,1,32,0.590005189278752,2,2026-02-06 14:00:00+00:00,boost_both_absolute_error,True,False
2026-02-06 18:00:00+00:00,2026-02-08 03:00:00+00:00,2026-02-08 08:00:00,1,33,0.474332834033125,2,2026-02-06 15:00:00+00:00,boost_both_absolute_error,True,False
2026-02-06 18:00:00+00:00,2026-02-08 04:00:00+00:00,2026-02-08 09:00:00,1,34,0.28023344818666973,2,2026-02-06 16:00:00+00:00,boost_both_absolute_error,True,False
2026-02-06 18:00:00+00:00,2026-02-08 05:00:00+00:00,2026-02-08 10:00:00,1,35,0.17381349929591333,2,2026-02-06 17:00:00+00:00,boost_both_absolute_error,True,False
2026-02-06 18:00:00+00:00,2026-02-08 06:00:00+00:00,2026-02-08 11:00:00,1,36,0.0069397296819810675,2,2026-02-06 18:00:00+00:00,boost_both_absolute_error,True,False
2026-02-06 18:00:00+00:00,2026-02-08 07:00:00+00:00,2026-02-08 12:00:00,1,37,0.10768889268585512,3,2026-02-05 19:00:00+00:00,boost_both_absolute_error,True,False
2026-02-06 18:00:00+00:00,2026-02-08 08:00:00+00:00,2026-02-08 13:00:00,1,38,0.0618108358799122,3,2026-02-05 20:00:00+00:00,boost_both_absolute_error,True,False
2026-02-06 18:00:00+00:00,2026-02-08 09:00:00+00:00,2026-02-08 14:00:00,1,39,0.032696589845801274,3,2026-02-05 21:00:00+00:00,boost_both_absolute_error,True,False
2026-02-06 18:00:00+00:00,2026-02-08 10:00:00+00:00,2026-02-08 15:00:00,1,40,0.02367546280732478,3,2026-02-05 22:00:00+00:00,boost_both_absolute_error,True,False
2026-02-06 18:00:00+00:00,2026-02-08 11:00:00+00:00,2026-02-08 16:00:00,1,41,0.030664336799851668,3,2026-02-05 23:00:00+00:00,boost_both_absolute_error,True,False
2026-02-06 18:00:00+00:00,2026-02-08 12:00:00+00:00,2026-02-08 17:00:00,1,42,0.39069186706945735,3,2026-02-06 00:00:00+00:00,boost_both_absolute_error,True,False
2026-02-06 18:00:00+00:00,2026-02-08 13:00:00+00:00,2026-02-08 18:00:00,1,43,1.0,3,2026-02-06 01:00:00+00:00,boost_both_absolute_error,True,False
2026-02-06 18:00:00+00:00,2026-02-08 14:00:00+00:00,2026-02-08 19:00:00,1,44,0.9903803640594432,3,2026-02-06 02:00:00+00:00,boost_both_absolute_error,True,False
2026-02-06 18:00:00+00:00,2026-02-08 15:00:00+00:00,2026-02-08 20:00:00,1,45,0.9921166542243585,3,2026-02-06 03:00:00+00:00,boost_both_absolute_error,True,False
2026-02-06 18:00:00+00:00,2026-02-08 16:00:00+00:00,2026-02-08 21:00:00,1,46,0.9924960896993497,3,2026-02-06 04:00:00+00:00,boost_both_absolute_error,True,False
2026-02-06 18:00:00+00:00,2026-02-08 17:00:00+00:00,2026-02-08 22:00:00,1,47,0.9891391845106865,3,2026-02-06 05:00:00+00:00,boost_both_absolute_error,True,False
2026-02-06 18:00:00+00:00,2026-02-08 18:00:00+00:00,2026-02-08 23:00:00,1,48,0.9931416904640566,3,2026-02-06 06:00:00+00:00,boost_both_absolute_error,True,False
2026-02-06 18:00:00+00:00,2026-02-06 19:00:00+00:00,2026-02-07 00:00:00,2,1,0.8994456970061507,1,2026-02-06 07:00:00+00:00,boost_both_absolute_error,True,False
2026-02-06 18:00:00+00:00,2026-02-06 20:00:00+00:00,2026-02-07 01:00:00,2,2,0.8088735158512318,1,2026-02-06 08:00:00+00:00,boost_both_absolute_error,True,False
2026-02-06 18:00:00+00:00,2026-02-06 21:00:00+00:00,2026-02-07 02:00:00,2,3,0.6877939068665722,1,2026-02-06 09:00:00+00:00,boost_both_absolute_error,True,False
2026-02-06 18:00:00+00:00,2026-02-06 22:00:00+00:00,2026-02-07 03:00:00,2,4,0.45733987790103037,1,2026-02-06 10:00:00+00:00,boost_both_absolute_error,True,False
2026-02-06 18:00:00+00:00,2026-02-06 23:00:00+00:00,2026-02-07 04:00:00,2,5,0.3560589572256364,1,2026-02-06 11:00:00+00:00,boost_both_absolute_error,True,False
2026-02-06 18:00:00+00:00,2026-02-07 00:00:00+00:00,2026-02-07 05:00:00,2,6,0.17530831232775626,1,2026-02-06 12:00:00+00:00,boost_both_absolute_error,True,False
2026-02-06 18:00:00+00:00,2026-02-07 01:00:00+00:00,2026-02-07 06:00:00,2,7,0.06793737735134658,1,2026-02-06 13:00:00+00:00,boost_both_absolute_error,True,False
2026-02-06 18:00:00+00:00,2026-02-07 02:00:00+00:00,2026-02-07 07:00:00,2,8,0.01421562456726859,1,2026-02-06 14:00:00+00:00,boost_both_absolute_error,True,False
2026-02-06 18:00:00+00:00,2026-02-07 03:00:00+00:00,2026-02-07 08:00:00,2,9,0.025919313143168178,1,2026-02-06 15:00:00+00:00,boost_both_absolute_error,True,False
2026-02-06 18:00:00+00:00,2026-02-07 04:00:00+00:00,2026-02-07 09:00:00,2,10,0.03320035706462508,1,2026-02-06 16:00:00+00:00,boost_both_absolute_error,True,False
2026-02-06 18:00:00+00:00,2026-02-07 05:00:00+00:00,2026-02-07 10:00:00,2,11,0.3024217397587826,1,2026-02-06 17:00:00+00:00,boost_both_absolute_error,True,False
2026-02-06 18:00:00+00:00,2026-02-07 06:00:00+00:00,2026-02-07 11:00:00,2,12,0.34545688625259796,1,2026-02-06 18:00:00+00:00,boost_both_absolute_error,True,False
2026-02-06 18:00:00+00:00,2026-02-07 07:00:00+00:00,2026-02-07 12:00:00,2,13,0.24106723867497196,2,2026-02-05 19:00:00+00:00,boost_both_absolute_error,True,False
2026-02-06 18:00:00+00:00,2026-02-07 08:00:00+00:00,2026-02-07 13:00:00,2,14,0.1848992563364883,2,2026-02-05 20:00:00+00:00,boost_both_absolute_error,True,False
2026-02-06 18:00:00+00:00,2026-02-07 09:00:00+00:00,2026-02-07 14:00:00,2,15,0.13074067925594735,2,2026-02-05 21:00:00+00:00,boost_both_absolute_error,True,False
2026-02-06 18:00:00+00:00,2026-02-07 10:00:00+00:00,2026-02-07 15:00:00,2,16,0.09512557906920967,2,2026-02-05 22:00:00+00:00,boost_both_absolute_error,True,False
2026-02-06 18:00:00+00:00,2026-02-07 11:00:00+00:00,2026-02-07 16:00:00,2,17,0.10198821704946258,2,2026-02-05 23:00:00+00:00,boost_both_absolute_error,True,False
2026-02-06 18:00:00+00:00,2026-02-07 12:00:00+00:00,2026-02-07 17:00:00,2,18,0.04928367432392227,2,2026-02-06 00:00:00+00:00,boost_both_absolute_error,True,False
2026-02-06 18:00:00+00:00,2026-02-07 13:00:00+00:00,2026-02-07 18:00:00,2,19,0.06312563261986272,2,2026-02-06 01:00:00+00:00,boost_both_absolute_error,True,False
2026-02-06 18:00:00+00:00,2026-02-07 14:00:00+00:00,2026-02-07 19:00:00,2,20,0.2875020173752363,2,2026-02-06 02:00:00+00:00,boost_both_absolute_error,True,False
2026-02-06 18:00:00+00:00,2026-02-07 15:00:00+00:00,2026-02-07 20:00:00,2,21,0.3694527882477238,2,2026-02-06 03:00:00+00:00,boost_both_absolute_error,True,False
2026-02-06 18:00:00+00:00,2026-02-07 16:00:00+00:00,2026-02-07 21:00:00,2,22,0.3823937061476312,2,2026-02-06 04:00:00+00:00,boost_both_absolute_error,True,False
2026-02-06 18:00:00+00:00,2026-02-07 17:00:00+00:00,2026-02-07 22:00:00,2,23,0.4099286068430513,2,2026-02-06 05:00:00+00:00,boost_both_absolute_error,True,False
2026-02-06 18:00:00+00:00,2026-02-07 18:00:00+00:00,2026-02-07 23:00:00,2,24,0.3533224796550163,2,2026-02-06 06:00:00+00:00,boost_both_absolute_error,True,False
2026-02-06 18:00:00+00:00,2026-02-07 19:00:00+00:00,2026-02-08 00:00:00,2,25,0.4628111932227742,2,2026-02-06 07:00:00+00:00,boost_both_absolute_error,True,False
2026-02-06 18:00:00+00:00,2026-02-07 20:00:00+00:00,2026-02-08 01:00:00,2,26,0.628894510399571,2,2026-02-06 08:00:00+00:00,boost_both_absolute_error,True,False
2026-02-06 18:00:00+00:00,2026-02-07 21:00:00+00:00,2026-02-08 02:00:00,2,27,0.6883194765692265,2,2026-02-06 09:00:00+00:00,boost_both_absolute_error,True,False
2026-02-06 18:00:00+00:00,2026-02-07 22:00:00+00:00,2026-02-08 03:00:00,2,28,0.7053799731378695,2,2026-02-06 10:00:00+00:00,boost_both_absolute_error,True,False
2026-02-06 18:00:00+00:00,2026-02-07 23:00:00+00:00,2026-02-08 04:00:00,2,29,0.6946309694405876,2,2026-02-06 11:00:00+00:00,boost_both_absolute_error,True,False
2026-02-06 18:00:00+00:00,2026-02-08 00:00:00+00:00,2026-02-08 05:00:00,2,30,0.7290760320107215,2,2026-02-06 12:00:00+00:00,boost_both_absolute_error,True,False
2026-02-06 18:00:00+00:00,2026-02-08 01:00:00+00:00,2026-02-08 06:00:00,2,31,0.5689600494442496,2,2026-02-06 13:00:00+00:00,boost_both_absolute_error,True,False
2026-02-06 18:00:00+00:00,2026-02-08 02:00:00+00:00,2026-02-08 07:00:00,2,32,0.593160855575138,2,2026-02-06 14:00:00+00:00,boost_both_absolute_error,True,False
2026-02-06 18:00:00+00:00,2026-02-08 03:00:00+00:00,2026-02-08 08:00:00,2,33,0.47491218681070446,2,2026-02-06 15:00:00+00:00,boost_both_absolute_error,True,False
2026-02-06 18:00:00+00:00,2026-02-08 04:00:00+00:00,2026-02-08 09:00:00,2,34,0.28810669551708024,2,2026-02-06 16:00:00+00:00,boost_both_absolute_error,True,False
2026-02-06 18:00:00+00:00,2026-02-08 05:00:00+00:00,2026-02-08 10:00:00,2,35,0.17635979870473664,2,2026-02-06 17:00:00+00:00,boost_both_absolute_error,True,False
2026-02-06 18:00:00+00:00,2026-02-08 06:00:00+00:00,2026-02-08 11:00:00,2,36,0.00857928110145962,2,2026-02-06 18:00:00+00:00,boost_both_absolute_error,True,False
2026-02-06 18:00:00+00:00,2026-02-08 07:00:00+00:00,2026-02-08 12:00:00,2,37,0.11501701287028868,3,2026-02-05 19:00:00+00:00,boost_both_absolute_error,True,False
2026-02-06 18:00:00+00:00,2026-02-08 08:00:00+00:00,2026-02-08 13:00:00,2,38,0.0634503872993907,3,2026-02-05 20:00:00+00:00,boost_both_absolute_error,True,False
2026-02-06 18:00:00+00:00,2026-02-08 09:00:00+00:00,2026-02-08 14:00:00,2,39,0.031602287233943024,3,2026-02-05 21:00:00+00:00,boost_both_absolute_error,True,False
2026-02-06 18:00:00+00:00,2026-02-08 10:00:00+00:00,2026-02-08 15:00:00,2,40,0.02270669629228372,3,2026-02-05 22:00:00+00:00,boost_both_absolute_error,True,False
2026-02-06 18:00:00+00:00,2026-02-08 11:00:00+00:00,2026-02-08 16:00:00,2,41,0.028637206805509626,3,2026-02-05 23:00:00+00:00,boost_both_absolute_error,True,False
2026-02-06 18:00:00+00:00,2026-02-08 12:00:00+00:00,2026-02-08 17:00:00,2,42,0.39012897523768375,3,2026-02-06 00:00:00+00:00,boost_both_absolute_error,True,False
2026-02-06 18:00:00+00:00,2026-02-08 13:00:00+00:00,2026-02-08 18:00:00,2,43,1.0,3,2026-02-06 01:00:00+00:00,boost_both_absolute_error,True,False
2026-02-06 18:00:00+00:00,2026-02-08 14:00:00+00:00,2026-02-08 19:00:00,2,44,0.9805606532959787,3,2026-02-06 02:00:00+00:00,boost_both_absolute_error,True,False
2026-02-06 18:00:00+00:00,2026-02-08 15:00:00+00:00,2026-02-08 20:00:00,2,45,0.9744601400333429,3,2026-02-06 03:00:00+00:00,boost_both_absolute_error,True,False
2026-02-06 18:00:00+00:00,2026-02-08 16:00:00+00:00,2026-02-08 21:00:00,2,46,0.9751609137467776,3,2026-02-06 04:00:00+00:00,boost_both_absolute_error,True,False
2026-02-06 18:00:00+00:00,2026-02-08 17:00:00+00:00,2026-02-08 22:00:00,2,47,0.971568890016066,3,2026-02-06 05:00:00+00:00,boost_both_absolute_error,True,False
2026-02-06 18:00:00+00:00,2026-02-08 18:00:00+00:00,2026-02-08 23:00:00,2,48,0.9760302699447878,3,2026-02-06 06:00:00+00:00,boost_both_absolute_error,True,False
2026-02-07 18:00:00+00:00,2026-02-07 19:00:00+00:00,2026-02-08 00:00:00,1,1,0.9426724859255042,1,2026-02-07 07:00:00+00:00,boost_both_absolute_error,True,False
2026-02-07 18:00:00+00:00,2026-02-07 20:00:00+00:00,2026-02-08 01:00:00,1,2,0.9292832845349658,1,2026-02-07 08:00:00+00:00,boost_both_absolute_error,True,False
2026-02-07 18:00:00+00:00,2026-02-07 21:00:00+00:00,2026-02-08 02:00:00,1,3,0.8739171087330684,1,2026-02-07 09:00:00+00:00,boost_both_absolute_error,True,False
2026-02-07 18:00:00+00:00,2026-02-07 22:00:00+00:00,2026-02-08 03:00:00,1,4,0.8531955013260283,1,2026-02-07 10:00:00+00:00,boost_both_absolute_error,True,False
2026-02-07 18:00:00+00:00,2026-02-07 23:00:00+00:00,2026-02-08 04:00:00,1,5,0.6762645953809857,1,2026-02-07 11:00:00+00:00,boost_both_absolute_error,True,False
2026-02-07 18:00:00+00:00,2026-02-08 00:00:00+00:00,2026-02-08 05:00:00,1,6,0.6942993767893996,1,2026-02-07 12:00:00+00:00,boost_both_absolute_error,True,False
2026-02-07 18:00:00+00:00,2026-02-08 01:00:00+00:00,2026-02-08 06:00:00,1,7,0.5865190310436169,1,2026-02-07 13:00:00+00:00,boost_both_absolute_error,True,False
2026-02-07 18:00:00+00:00,2026-02-08 02:00:00+00:00,2026-02-08 07:00:00,1,8,0.432232226098029,1,2026-02-07 14:00:00+00:00,boost_both_absolute_error,True,False
2026-02-07 18:00:00+00:00,2026-02-08 03:00:00+00:00,2026-02-08 08:00:00,1,9,0.2003385878264738,1,2026-02-07 15:00:00+00:00,boost_both_absolute_error,True,False
2026-02-07 18:00:00+00:00,2026-02-08 04:00:00+00:00,2026-02-08 09:00:00,1,10,0.10255701090398615,1,2026-02-07 16:00:00+00:00,boost_both_absolute_error,True,False
2026-02-07 18:00:00+00:00,2026-02-08 05:00:00+00:00,2026-02-08 10:00:00,1,11,0.015033384647062702,1,2026-02-07 17:00:00+00:00,boost_both_absolute_error,True,False
2026-02-07 18:00:00+00:00,2026-02-08 06:00:00+00:00,2026-02-08 11:00:00,1,12,0.007633824150959618,1,2026-02-07 18:00:00+00:00,boost_both_absolute_error,True,False
2026-02-07 18:00:00+00:00,2026-02-08 07:00:00+00:00,2026-02-08 12:00:00,1,13,0.013849959245559398,2,2026-02-06 19:00:00+00:00,boost_both_absolute_error,True,False
2026-02-07 18:00:00+00:00,2026-02-08 08:00:00+00:00,2026-02-08 13:00:00,1,14,0.015887688781696684,2,2026-02-06 20:00:00+00:00,boost_both_absolute_error,True,False
2026-02-07 18:00:00+00:00,2026-02-08 09:00:00+00:00,2026-02-08 14:00:00,1,15,0.06558309118725035,2,2026-02-06 21:00:00+00:00,boost_both_absolute_error,True,False
2026-02-07 18:00:00+00:00,2026-02-08 10:00:00+00:00,2026-02-08 15:00:00,1,16,0.29878384438481137,2,2026-02-06 22:00:00+00:00,boost_both_absolute_error,True,False
2026-02-07 18:00:00+00:00,2026-02-08 11:00:00+00:00,2026-02-08 16:00:00,1,17,0.8680738056172034,2,2026-02-06 23:00:00+00:00,boost_both_absolute_error,True,False
2026-02-07 18:00:00+00:00,2026-02-08 12:00:00+00:00,2026-02-08 17:00:00,1,18,0.9823332049276795,2,2026-02-07 00:00:00+00:00,boost_both_absolute_error,True,False
2026-02-07 18:00:00+00:00,2026-02-08 13:00:00+00:00,2026-02-08 18:00:00,1,19,0.992346981860448,2,2026-02-07 01:00:00+00:00,boost_both_absolute_error,True,False
2026-02-07 18:00:00+00:00,2026-02-08 14:00:00+00:00,2026-02-08 19:00:00,1,20,0.9854559974940131,2,2026-02-07 02:00:00+00:00,boost_both_absolute_error,True,False
2026-02-07 18:00:00+00:00,2026-02-08 15:00:00+00:00,2026-02-08 20:00:00,1,21,0.9914766950898024,2,2026-02-07 03:00:00+00:00,boost_both_absolute_error,True,False
2026-02-07 18:00:00+00:00,2026-02-08 16:00:00+00:00,2026-02-08 21:00:00,1,22,0.9930507227545426,2,2026-02-07 04:00:00+00:00,boost_both_absolute_error,True,False
2026-02-07 18:00:00+00:00,2026-02-08 17:00:00+00:00,2026-02-08 22:00:00,1,23,0.9946583970445421,2,2026-02-07 05:00:00+00:00,boost_both_absolute_error,True,False
2026-02-07 18:00:00+00:00,2026-02-08 18:00:00+00:00,2026-02-08 23:00:00,1,24,0.9951533428949437,2,2026-02-07 06:00:00+00:00,boost_both_absolute_error,True,False
2026-02-07 18:00:00+00:00,2026-02-08 19:00:00+00:00,2026-02-09 00:00:00,1,25,0.9939534102265684,2,2026-02-07 07:00:00+00:00,boost_both_absolute_error,True,False
2026-02-07 18:00:00+00:00,2026-02-08 20:00:00+00:00,2026-02-09 01:00:00,1,26,0.992801076884789,2,2026-02-07 08:00:00+00:00,boost_both_absolute_error,True,False
2026-02-07 18:00:00+00:00,2026-02-08 21:00:00+00:00,2026-02-09 02:00:00,1,27,0.9918682098312149,2,2026-02-07 09:00:00+00:00,boost_both_absolute_error,True,False
2026-02-07 18:00:00+00:00,2026-02-08 22:00:00+00:00,2026-02-09 03:00:00,1,28,0.9882057095885327,2,2026-02-07 10:00:00+00:00,boost_both_absolute_error,True,False
2026-02-07 18:00:00+00:00,2026-02-08 23:00:00+00:00,2026-02-09 04:00:00,1,29,0.9919363918494362,2,2026-02-07 11:00:00+00:00,boost_both_absolute_error,True,False
2026-02-07 18:00:00+00:00,2026-02-09 00:00:00+00:00,2026-02-09 05:00:00,1,30,0.9919363918494362,2,2026-02-07 12:00:00+00:00,boost_both_absolute_error,True,False
2026-02-07 18:00:00+00:00,2026-02-09 01:00:00+00:00,2026-02-09 06:00:00,1,31,0.9846719235379168,2,2026-02-07 13:00:00+00:00,boost_both_absolute_error,True,False
2026-02-07 18:00:00+00:00,2026-02-09 02:00:00+00:00,2026-02-09 07:00:00,1,32,0.9845147460867262,2,2026-02-07 14:00:00+00:00,boost_both_absolute_error,True,False
2026-02-07 18:00:00+00:00,2026-02-09 03:00:00+00:00,2026-02-09 08:00:00,1,33,0.98210199553249,2,2026-02-07 15:00:00+00:00,boost_both_absolute_error,True,False
2026-02-07 18:00:00+00:00,2026-02-09 04:00:00+00:00,2026-02-09 09:00:00,1,34,0.9823542258507546,2,2026-02-07 16:00:00+00:00,boost_both_absolute_error,True,False
2026-02-07 18:00:00+00:00,2026-02-09 05:00:00+00:00,2026-02-09 10:00:00,1,35,0.9825639253729571,2,2026-02-07 17:00:00+00:00,boost_both_absolute_error,True,False
2026-02-07 18:00:00+00:00,2026-02-09 06:00:00+00:00,2026-02-09 11:00:00,1,36,0.9731846028901516,2,2026-02-07 18:00:00+00:00,boost_both_absolute_error,True,False
2026-02-07 18:00:00+00:00,2026-02-09 07:00:00+00:00,2026-02-09 12:00:00,1,37,0.9826746445048522,3,2026-02-06 19:00:00+00:00,boost_both_absolute_error,True,False
2026-02-07 18:00:00+00:00,2026-02-09 08:00:00+00:00,2026-02-09 13:00:00,1,38,0.9947356997442004,3,2026-02-06 20:00:00+00:00,boost_both_absolute_error,True,False
2026-02-07 18:00:00+00:00,2026-02-09 09:00:00+00:00,2026-02-09 14:00:00,1,39,1.0,3,2026-02-06 21:00:00+00:00,boost_both_absolute_error,True,False
2026-02-07 18:00:00+00:00,2026-02-09 10:00:00+00:00,2026-02-09 15:00:00,1,40,1.0,3,2026-02-06 22:00:00+00:00,boost_both_absolute_error,True,False
2026-02-07 18:00:00+00:00,2026-02-09 11:00:00+00:00,2026-02-09 16:00:00,1,41,0.9900969884981059,3,2026-02-06 23:00:00+00:00,boost_both_absolute_error,True,False
2026-02-07 18:00:00+00:00,2026-02-09 12:00:00+00:00,2026-02-09 17:00:00,1,42,0.9946165753149534,3,2026-02-07 00:00:00+00:00,boost_both_absolute_error,True,False
2026-02-07 18:00:00+00:00,2026-02-09 13:00:00+00:00,2026-02-09 18:00:00,1,43,0.8628406700532714,3,2026-02-07 01:00:00+00:00,boost_both_absolute_error,True,False
2026-02-07 18:00:00+00:00,2026-02-09 14:00:00+00:00,2026-02-09 19:00:00,1,44,0.7264867677429943,3,2026-02-07 02:00:00+00:00,boost_both_absolute_error,True,False
2026-02-07 18:00:00+00:00,2026-02-09 15:00:00+00:00,2026-02-09 20:00:00,1,45,0.6874421489397659,3,2026-02-07 03:00:00+00:00,boost_both_absolute_error,True,False
2026-02-07 18:00:00+00:00,2026-02-09 16:00:00+00:00,2026-02-09 21:00:00,1,46,0.5000383779110964,3,2026-02-07 04:00:00+00:00,boost_both_absolute_error,True,False
2026-02-07 18:00:00+00:00,2026-02-09 17:00:00+00:00,2026-02-09 22:00:00,1,47,0.42714759403095565,3,2026-02-07 05:00:00+00:00,boost_both_absolute_error,True,False
2026-02-07 18:00:00+00:00,2026-02-09 18:00:00+00:00,2026-02-09 23:00:00,1,48,0.30799743649962635,3,2026-02-07 06:00:00+00:00,boost_both_absolute_error,True,False
2026-02-07 18:00:00+00:00,2026-02-07 19:00:00+00:00,2026-02-08 00:00:00,2,1,0.9384347497485214,1,2026-02-07 07:00:00+00:00,boost_both_absolute_error,True,False
2026-02-07 18:00:00+00:00,2026-02-07 20:00:00+00:00,2026-02-08 01:00:00,2,2,0.9250419439279509,1,2026-02-07 08:00:00+00:00,boost_both_absolute_error,True,False
2026-02-07 18:00:00+00:00,2026-02-07 21:00:00+00:00,2026-02-08 02:00:00,2,3,0.8707724173211847,1,2026-02-07 09:00:00+00:00,boost_both_absolute_error,True,False
2026-02-07 18:00:00+00:00,2026-02-07 22:00:00+00:00,2026-02-08 03:00:00,2,4,0.8501106715460583,1,2026-02-07 10:00:00+00:00,boost_both_absolute_error,True,False
2026-02-07 18:00:00+00:00,2026-02-07 23:00:00+00:00,2026-02-08 04:00:00,2,5,0.6746053277321226,1,2026-02-07 11:00:00+00:00,boost_both_absolute_error,True,False
2026-02-07 18:00:00+00:00,2026-02-08 00:00:00+00:00,2026-02-08 05:00:00,2,6,0.6974550430857855,1,2026-02-07 12:00:00+00:00,boost_both_absolute_error,True,False
2026-02-07 18:00:00+00:00,2026-02-08 01:00:00+00:00,2026-02-08 06:00:00,2,7,0.585506249762284,1,2026-02-07 13:00:00+00:00,boost_both_absolute_error,True,False
2026-02-07 18:00:00+00:00,2026-02-08 02:00:00+00:00,2026-02-08 07:00:00,2,8,0.43121944481669616,1,2026-02-07 14:00:00+00:00,boost_both_absolute_error,True,False
2026-02-07 18:00:00+00:00,2026-02-08 03:00:00+00:00,2026-02-08 08:00:00,2,9,0.20069221331620835,1,2026-02-07 15:00:00+00:00,boost_both_absolute_error,True,False
2026-02-07 18:00:00+00:00,2026-02-08 04:00:00+00:00,2026-02-08 09:00:00,2,10,0.10597622173691947,1,2026-02-07 16:00:00+00:00,boost_both_absolute_error,True,False
2026-02-07 18:00:00+00:00,2026-02-08 05:00:00+00:00,2026-02-08 10:00:00,2,11,0.01683880172247224,1,2026-02-07 17:00:00+00:00,boost_both_absolute_error,True,False
2026-02-07 18:00:00+00:00,2026-02-08 06:00:00+00:00,2026-02-08 11:00:00,2,12,0.006071507447959239,1,2026-02-07 18:00:00+00:00,boost_both_absolute_error,True,False
2026-02-07 18:00:00+00:00,2026-02-08 07:00:00+00:00,2026-02-08 12:00:00,2,13,0.012121776886628008,2,2026-02-06 19:00:00+00:00,boost_both_absolute_error,True,False
2026-02-07 18:00:00+00:00,2026-02-08 08:00:00+00:00,2026-02-08 13:00:00,2,14,0.0141595064227653,2,2026-02-06 20:00:00+00:00,boost_both_absolute_error,True,False
2026-02-07 18:00:00+00:00,2026-02-08 09:00:00+00:00,2026-02-08 14:00:00,2,15,0.0647988898807375,2,2026-02-06 21:00:00+00:00,boost_both_absolute_error,True,False
2026-02-07 18:00:00+00:00,2026-02-08 10:00:00+00:00,2026-02-08 15:00:00,2,16,0.2982209525530378,2,2026-02-06 22:00:00+00:00,boost_both_absolute_error,True,False
2026-02-07 18:00:00+00:00,2026-02-08 11:00:00+00:00,2026-02-08 16:00:00,2,17,0.8798123206219655,2,2026-02-06 23:00:00+00:00,boost_both_absolute_error,True,False
2026-02-07 18:00:00+00:00,2026-02-08 12:00:00+00:00,2026-02-08 17:00:00,2,18,0.9673408397607013,2,2026-02-07 00:00:00+00:00,boost_both_absolute_error,True,False
2026-02-07 18:00:00+00:00,2026-02-08 13:00:00+00:00,2026-02-08 18:00:00,2,19,0.9753185171047287,2,2026-02-07 01:00:00+00:00,boost_both_absolute_error,True,False
2026-02-07 18:00:00+00:00,2026-02-08 14:00:00+00:00,2026-02-08 19:00:00,2,20,0.9691781858319637,2,2026-02-07 02:00:00+00:00,boost_both_absolute_error,True,False
2026-02-07 18:00:00+00:00,2026-02-08 15:00:00+00:00,2026-02-08 20:00:00,2,21,0.9748956938550462,2,2026-02-07 03:00:00+00:00,boost_both_absolute_error,True,False
2026-02-07 18:00:00+00:00,2026-02-08 16:00:00+00:00,2026-02-08 21:00:00,2,22,0.9746967074029138,2,2026-02-07 04:00:00+00:00,boost_both_absolute_error,True,False
2026-02-07 18:00:00+00:00,2026-02-08 17:00:00+00:00,2026-02-08 22:00:00,2,23,0.9765996824353776,2,2026-02-07 05:00:00+00:00,boost_both_absolute_error,True,False
2026-02-07 18:00:00+00:00,2026-02-08 18:00:00+00:00,2026-02-08 23:00:00,2,24,0.9764368656492379,2,2026-02-07 06:00:00+00:00,boost_both_absolute_error,True,False
2026-02-07 18:00:00+00:00,2026-02-08 19:00:00+00:00,2026-02-09 00:00:00,2,25,0.9763916842994976,2,2026-02-07 07:00:00+00:00,boost_both_absolute_error,True,False
2026-02-07 18:00:00+00:00,2026-02-08 20:00:00+00:00,2026-02-09 01:00:00,2,26,0.9759261216781,2,2026-02-07 08:00:00+00:00,boost_both_absolute_error,True,False
2026-02-07 18:00:00+00:00,2026-02-08 21:00:00+00:00,2026-02-09 02:00:00,2,27,0.9741714080912196,2,2026-02-07 09:00:00+00:00,boost_both_absolute_error,True,False
2026-02-07 18:00:00+00:00,2026-02-08 22:00:00+00:00,2026-02-09 03:00:00,2,28,0.9715431846747478,2,2026-02-07 10:00:00+00:00,boost_both_absolute_error,True,False
2026-02-07 18:00:00+00:00,2026-02-08 23:00:00+00:00,2026-02-09 04:00:00,2,29,0.9752738669356512,2,2026-02-07 11:00:00+00:00,boost_both_absolute_error,True,False
2026-02-07 18:00:00+00:00,2026-02-09 00:00:00+00:00,2026-02-09 05:00:00,2,30,0.9752738669356512,2,2026-02-07 12:00:00+00:00,boost_both_absolute_error,True,False
2026-02-07 18:00:00+00:00,2026-02-09 01:00:00+00:00,2026-02-09 06:00:00,2,31,0.969634286279542,2,2026-02-07 13:00:00+00:00,boost_both_absolute_error,True,False
2026-02-07 18:00:00+00:00,2026-02-09 02:00:00+00:00,2026-02-09 07:00:00,2,32,0.9694771088283516,2,2026-02-07 14:00:00+00:00,boost_both_absolute_error,True,False
2026-02-07 18:00:00+00:00,2026-02-09 03:00:00+00:00,2026-02-09 08:00:00,2,33,0.9665220399927301,2,2026-02-07 15:00:00+00:00,boost_both_absolute_error,True,False
2026-02-07 18:00:00+00:00,2026-02-09 04:00:00+00:00,2026-02-09 09:00:00,2,34,0.9678470078768924,2,2026-02-07 16:00:00+00:00,boost_both_absolute_error,True,False
2026-02-07 18:00:00+00:00,2026-02-09 05:00:00+00:00,2026-02-09 10:00:00,2,35,0.9679871896867185,2,2026-02-07 17:00:00+00:00,boost_both_absolute_error,True,False
2026-02-07 18:00:00+00:00,2026-02-09 06:00:00+00:00,2026-02-09 11:00:00,2,36,0.9579815453514079,2,2026-02-07 18:00:00+00:00,boost_both_absolute_error,True,False
2026-02-07 18:00:00+00:00,2026-02-09 07:00:00+00:00,2026-02-09 12:00:00,2,37,0.9676665294642823,3,2026-02-06 19:00:00+00:00,boost_both_absolute_error,True,False
2026-02-07 18:00:00+00:00,2026-02-09 08:00:00+00:00,2026-02-09 13:00:00,2,38,0.979776051480464,3,2026-02-06 20:00:00+00:00,boost_both_absolute_error,True,False
2026-02-07 18:00:00+00:00,2026-02-09 09:00:00+00:00,2026-02-09 14:00:00,2,39,0.9931795868233799,3,2026-02-06 21:00:00+00:00,boost_both_absolute_error,True,False
2026-02-07 18:00:00+00:00,2026-02-09 10:00:00+00:00,2026-02-09 15:00:00,2,40,0.9898653662617154,3,2026-02-06 22:00:00+00:00,boost_both_absolute_error,True,False
2026-02-07 18:00:00+00:00,2026-02-09 11:00:00+00:00,2026-02-09 16:00:00,2,41,0.9755324689530018,3,2026-02-06 23:00:00+00:00,boost_both_absolute_error,True,False
2026-02-07 18:00:00+00:00,2026-02-09 12:00:00+00:00,2026-02-09 17:00:00,2,42,0.9921133917776324,3,2026-02-07 00:00:00+00:00,boost_both_absolute_error,True,False
2026-02-07 18:00:00+00:00,2026-02-09 13:00:00+00:00,2026-02-09 18:00:00,2,43,0.8617282337696185,3,2026-02-07 01:00:00+00:00,boost_both_absolute_error,True,False
2026-02-07 18:00:00+00:00,2026-02-09 14:00:00+00:00,2026-02-09 19:00:00,2,44,0.7283444142869249,3,2026-02-07 02:00:00+00:00,boost_both_absolute_error,True,False
2026-02-07 18:00:00+00:00,2026-02-09 15:00:00+00:00,2026-02-09 20:00:00,2,45,0.6892997954836965,3,2026-02-07 03:00:00+00:00,boost_both_absolute_error,True,False
2026-02-07 18:00:00+00:00,2026-02-09 16:00:00+00:00,2026-02-09 21:00:00,2,46,0.49617165993402124,3,2026-02-07 04:00:00+00:00,boost_both_absolute_error,True,False
2026-02-07 18:00:00+00:00,2026-02-09 17:00:00+00:00,2026-02-09 22:00:00,2,47,0.4242478034094603,3,2026-02-07 05:00:00+00:00,boost_both_absolute_error,True,False
2026-02-07 18:00:00+00:00,2026-02-09 18:00:00+00:00,2026-02-09 23:00:00,2,48,0.3068897488515021,3,2026-02-07 06:00:00+00:00,boost_both_absolute_error,True,False
2026-02-08 18:00:00+00:00,2026-02-08 19:00:00+00:00,2026-02-09 00:00:00,1,1,0.9932169291749045,1,2026-02-08 07:00:00+00:00,boost_both_absolute_error,True,False
2026-02-08 18:00:00+00:00,2026-02-08 20:00:00+00:00,2026-02-09 01:00:00,1,2,0.9927786901395792,1,2026-02-08 08:00:00+00:00,boost_both_absolute_error,True,False
2026-02-08 18:00:00+00:00,2026-02-08 21:00:00+00:00,2026-02-09 02:00:00,1,3,0.9909882968837808,1,2026-02-08 09:00:00+00:00,boost_both_absolute_error,True,False
2026-02-08 18:00:00+00:00,2026-02-08 22:00:00+00:00,2026-02-09 03:00:00,1,4,0.9925661794465457,1,2026-02-08 10:00:00+00:00,boost_both_absolute_error,True,False
2026-02-08 18:00:00+00:00,2026-02-08 23:00:00+00:00,2026-02-09 04:00:00,1,5,0.993368089217038,1,2026-02-08 11:00:00+00:00,boost_both_absolute_error,True,False
2026-02-08 18:00:00+00:00,2026-02-09 00:00:00+00:00,2026-02-09 05:00:00,1,6,0.9836484304810542,1,2026-02-08 12:00:00+00:00,boost_both_absolute_error,True,False
2026-02-08 18:00:00+00:00,2026-02-09 01:00:00+00:00,2026-02-09 06:00:00,1,7,0.9805368592731813,1,2026-02-08 13:00:00+00:00,boost_both_absolute_error,True,False
2026-02-08 18:00:00+00:00,2026-02-09 02:00:00+00:00,2026-02-09 07:00:00,1,8,0.966122142963261,1,2026-02-08 14:00:00+00:00,boost_both_absolute_error,True,False
2026-02-08 18:00:00+00:00,2026-02-09 03:00:00+00:00,2026-02-09 08:00:00,1,9,0.8713275190245044,1,2026-02-08 15:00:00+00:00,boost_both_absolute_error,True,False
2026-02-08 18:00:00+00:00,2026-02-09 04:00:00+00:00,2026-02-09 09:00:00,1,10,0.8690901573425821,1,2026-02-08 16:00:00+00:00,boost_both_absolute_error,True,False
2026-02-08 18:00:00+00:00,2026-02-09 05:00:00+00:00,2026-02-09 10:00:00,1,11,0.8916357142716165,1,2026-02-08 17:00:00+00:00,boost_both_absolute_error,True,False
2026-02-08 18:00:00+00:00,2026-02-09 06:00:00+00:00,2026-02-09 11:00:00,1,12,0.9896626477202691,1,2026-02-08 18:00:00+00:00,boost_both_absolute_error,True,False
2026-02-08 18:00:00+00:00,2026-02-09 07:00:00+00:00,2026-02-09 12:00:00,1,13,0.9934131701996299,2,2026-02-07 19:00:00+00:00,boost_both_absolute_error,True,False
2026-02-08 18:00:00+00:00,2026-02-09 08:00:00+00:00,2026-02-09 13:00:00,1,14,0.9998987888294003,2,2026-02-07 20:00:00+00:00,boost_both_absolute_error,True,False
2026-02-08 18:00:00+00:00,2026-02-09 09:00:00+00:00,2026-02-09 14:00:00,1,15,1.0,2,2026-02-07 21:00:00+00:00,boost_both_absolute_error,True,False
2026-02-08 18:00:00+00:00,2026-02-09 10:00:00+00:00,2026-02-09 15:00:00,1,16,1.0,2,2026-02-07 22:00:00+00:00,boost_both_absolute_error,True,False
2026-02-08 18:00:00+00:00,2026-02-09 11:00:00+00:00,2026-02-09 16:00:00,1,17,0.9796671204525303,2,2026-02-07 23:00:00+00:00,boost_both_absolute_error,True,False
2026-02-08 18:00:00+00:00,2026-02-09 12:00:00+00:00,2026-02-09 17:00:00,1,18,0.8460406806331102,2,2026-02-08 00:00:00+00:00,boost_both_absolute_error,True,False
2026-02-08 18:00:00+00:00,2026-02-09 13:00:00+00:00,2026-02-09 18:00:00,1,19,0.6652005722716178,2,2026-02-08 01:00:00+00:00,boost_both_absolute_error,True,False
2026-02-08 18:00:00+00:00,2026-02-09 14:00:00+00:00,2026-02-09 19:00:00,1,20,0.5284379224866083,2,2026-02-08 02:00:00+00:00,boost_both_absolute_error,True,False
2026-02-08 18:00:00+00:00,2026-02-09 15:00:00+00:00,2026-02-09 20:00:00,1,21,0.3680435440847828,2,2026-02-08 03:00:00+00:00,boost_both_absolute_error,True,False
2026-02-08 18:00:00+00:00,2026-02-09 16:00:00+00:00,2026-02-09 21:00:00,1,22,0.11818101862374245,2,2026-02-08 04:00:00+00:00,boost_both_absolute_error,True,False
2026-02-08 18:00:00+00:00,2026-02-09 17:00:00+00:00,2026-02-09 22:00:00,1,23,0.0508996300724472,2,2026-02-08 05:00:00+00:00,boost_both_absolute_error,True,False
2026-02-08 18:00:00+00:00,2026-02-09 18:00:00+00:00,2026-02-09 23:00:00,1,24,0.10147665121318968,2,2026-02-08 06:00:00+00:00,boost_both_absolute_error,True,False
2026-02-08 18:00:00+00:00,2026-02-09 19:00:00+00:00,2026-02-10 00:00:00,1,25,0.22672510440412214,2,2026-02-08 07:00:00+00:00,boost_both_absolute_error,True,False
2026-02-08 18:00:00+00:00,2026-02-09 20:00:00+00:00,2026-02-10 01:00:00,1,26,0.2547227589388572,2,2026-02-08 08:00:00+00:00,boost_both_absolute_error,True,False
2026-02-08 18:00:00+00:00,2026-02-09 21:00:00+00:00,2026-02-10 02:00:00,1,27,0.31299121928304796,2,2026-02-08 09:00:00+00:00,boost_both_absolute_error,True,False
2026-02-08 18:00:00+00:00,2026-02-09 22:00:00+00:00,2026-02-10 03:00:00,1,28,0.33771465984570637,2,2026-02-08 10:00:00+00:00,boost_both_absolute_error,True,False
2026-02-08 18:00:00+00:00,2026-02-09 23:00:00+00:00,2026-02-10 04:00:00,1,29,0.3261580650267737,2,2026-02-08 11:00:00+00:00,boost_both_absolute_error,True,False
2026-02-08 18:00:00+00:00,2026-02-10 00:00:00+00:00,2026-02-10 05:00:00,1,30,0.0900316564572161,2,2026-02-08 12:00:00+00:00,boost_both_absolute_error,True,False
2026-02-08 18:00:00+00:00,2026-02-10 01:00:00+00:00,2026-02-10 06:00:00,1,31,0.6884272469001358,2,2026-02-08 13:00:00+00:00,boost_both_absolute_error,True,False
2026-02-08 18:00:00+00:00,2026-02-10 02:00:00+00:00,2026-02-10 07:00:00,1,32,0.5337211400633189,2,2026-02-08 14:00:00+00:00,boost_both_absolute_error,True,False
2026-02-08 18:00:00+00:00,2026-02-10 03:00:00+00:00,2026-02-10 08:00:00,1,33,0.46498587006198366,2,2026-02-08 15:00:00+00:00,boost_both_absolute_error,True,False
2026-02-08 18:00:00+00:00,2026-02-10 04:00:00+00:00,2026-02-10 09:00:00,1,34,0.38575078524280815,2,2026-02-08 16:00:00+00:00,boost_both_absolute_error,True,False
2026-02-08 18:00:00+00:00,2026-02-10 05:00:00+00:00,2026-02-10 10:00:00,1,35,0.35705308283226345,2,2026-02-08 17:00:00+00:00,boost_both_absolute_error,True,False
2026-02-08 18:00:00+00:00,2026-02-10 06:00:00+00:00,2026-02-10 11:00:00,1,36,0.3235921466634636,2,2026-02-08 18:00:00+00:00,boost_both_absolute_error,True,False
2026-02-08 18:00:00+00:00,2026-02-10 07:00:00+00:00,2026-02-10 12:00:00,1,37,0.4740150359719191,3,2026-02-07 19:00:00+00:00,boost_both_absolute_error,True,False
2026-02-08 18:00:00+00:00,2026-02-10 08:00:00+00:00,2026-02-10 13:00:00,1,38,0.6688979530758551,3,2026-02-07 20:00:00+00:00,boost_both_absolute_error,True,False
2026-02-08 18:00:00+00:00,2026-02-10 09:00:00+00:00,2026-02-10 14:00:00,1,39,0.4459125568810096,3,2026-02-07 21:00:00+00:00,boost_both_absolute_error,True,False
2026-02-08 18:00:00+00:00,2026-02-10 10:00:00+00:00,2026-02-10 15:00:00,1,40,0.3013311814334615,3,2026-02-07 22:00:00+00:00,boost_both_absolute_error,True,False
2026-02-08 18:00:00+00:00,2026-02-10 11:00:00+00:00,2026-02-10 16:00:00,1,41,0.1997408306856978,3,2026-02-07 23:00:00+00:00,boost_both_absolute_error,True,False
2026-02-08 18:00:00+00:00,2026-02-10 12:00:00+00:00,2026-02-10 17:00:00,1,42,0.3030881956162497,3,2026-02-08 00:00:00+00:00,boost_both_absolute_error,True,False
2026-02-08 18:00:00+00:00,2026-02-10 13:00:00+00:00,2026-02-10 18:00:00,1,43,0.30940475469705325,3,2026-02-08 01:00:00+00:00,boost_both_absolute_error,True,False
2026-02-08 18:00:00+00:00,2026-02-10 14:00:00+00:00,2026-02-10 19:00:00,1,44,0.1530107323272252,3,2026-02-08 02:00:00+00:00,boost_both_absolute_error,True,False
2026-02-08 18:00:00+00:00,2026-02-10 15:00:00+00:00,2026-02-10 20:00:00,1,45,0.07227405444141995,3,2026-02-08 03:00:00+00:00,boost_both_absolute_error,True,False
2026-02-08 18:00:00+00:00,2026-02-10 16:00:00+00:00,2026-02-10 21:00:00,1,46,0.05068773621429921,3,2026-02-08 04:00:00+00:00,boost_both_absolute_error,True,False
2026-02-08 18:00:00+00:00,2026-02-10 17:00:00+00:00,2026-02-10 22:00:00,1,47,0.08047911555191586,3,2026-02-08 05:00:00+00:00,boost_both_absolute_error,True,False
2026-02-08 18:00:00+00:00,2026-02-10 18:00:00+00:00,2026-02-10 23:00:00,1,48,0.2911879667332766,3,2026-02-08 06:00:00+00:00,boost_both_absolute_error,True,False
2026-02-08 18:00:00+00:00,2026-02-08 19:00:00+00:00,2026-02-09 00:00:00,2,1,0.9763419739682154,1,2026-02-08 07:00:00+00:00,boost_both_absolute_error,True,False
2026-02-08 18:00:00+00:00,2026-02-08 20:00:00+00:00,2026-02-09 01:00:00,2,2,0.9756758381878601,1,2026-02-08 08:00:00+00:00,boost_both_absolute_error,True,False
2026-02-08 18:00:00+00:00,2026-02-08 21:00:00+00:00,2026-02-09 02:00:00,2,3,0.9741133416770917,1,2026-02-08 09:00:00+00:00,boost_both_absolute_error,True,False
2026-02-08 18:00:00+00:00,2026-02-08 22:00:00+00:00,2026-02-09 03:00:00,2,4,0.9759962636136971,1,2026-02-08 10:00:00+00:00,boost_both_absolute_error,True,False
2026-02-08 18:00:00+00:00,2026-02-08 23:00:00+00:00,2026-02-09 04:00:00,2,5,0.9770260701292196,1,2026-02-08 11:00:00+00:00,boost_both_absolute_error,True,False
2026-02-08 18:00:00+00:00,2026-02-09 00:00:00+00:00,2026-02-09 05:00:00,2,6,0.9680684749412941,1,2026-02-08 12:00:00+00:00,boost_both_absolute_error,True,False
2026-02-08 18:00:00+00:00,2026-02-09 01:00:00+00:00,2026-02-09 06:00:00,2,7,0.9652594262729041,1,2026-02-08 13:00:00+00:00,boost_both_absolute_error,True,False
2026-02-08 18:00:00+00:00,2026-02-09 02:00:00+00:00,2026-02-09 07:00:00,2,8,0.950806428194189,1,2026-02-08 14:00:00+00:00,boost_both_absolute_error,True,False
2026-02-08 18:00:00+00:00,2026-02-09 03:00:00+00:00,2026-02-09 08:00:00,2,9,0.8575763326230672,1,2026-02-08 15:00:00+00:00,boost_both_absolute_error,True,False
2026-02-08 18:00:00+00:00,2026-02-09 04:00:00+00:00,2026-02-09 09:00:00,2,10,0.854758269692279,1,2026-02-08 16:00:00+00:00,boost_both_absolute_error,True,False
2026-02-08 18:00:00+00:00,2026-02-09 05:00:00+00:00,2026-02-09 10:00:00,2,11,0.8768278232910908,1,2026-02-08 17:00:00+00:00,boost_both_absolute_error,True,False
2026-02-08 18:00:00+00:00,2026-02-09 06:00:00+00:00,2026-02-09 11:00:00,2,12,0.975563104807604,1,2026-02-08 18:00:00+00:00,boost_both_absolute_error,True,False
2026-02-08 18:00:00+00:00,2026-02-09 07:00:00+00:00,2026-02-09 12:00:00,2,13,0.9784050551590598,2,2026-02-07 19:00:00+00:00,boost_both_absolute_error,True,False
2026-02-08 18:00:00+00:00,2026-02-09 08:00:00+00:00,2026-02-09 13:00:00,2,14,0.9863679350776873,2,2026-02-07 20:00:00+00:00,boost_both_absolute_error,True,False
2026-02-08 18:00:00+00:00,2026-02-09 09:00:00+00:00,2026-02-09 14:00:00,2,15,0.9891357200583942,2,2026-02-07 21:00:00+00:00,boost_both_absolute_error,True,False
2026-02-08 18:00:00+00:00,2026-02-09 10:00:00+00:00,2026-02-09 15:00:00,2,16,0.9913807356055057,2,2026-02-07 22:00:00+00:00,boost_both_absolute_error,True,False
2026-02-08 18:00:00+00:00,2026-02-09 11:00:00+00:00,2026-02-09 16:00:00,2,17,0.9795216115244566,2,2026-02-07 23:00:00+00:00,boost_both_absolute_error,True,False
2026-02-08 18:00:00+00:00,2026-02-09 12:00:00+00:00,2026-02-09 17:00:00,2,18,0.8494100503489707,2,2026-02-08 00:00:00+00:00,boost_both_absolute_error,True,False
2026-02-08 18:00:00+00:00,2026-02-09 13:00:00+00:00,2026-02-09 18:00:00,2,19,0.6646376804398441,2,2026-02-08 01:00:00+00:00,boost_both_absolute_error,True,False
2026-02-08 18:00:00+00:00,2026-02-09 14:00:00+00:00,2026-02-09 19:00:00,2,20,0.5275007016360165,2,2026-02-08 02:00:00+00:00,boost_both_absolute_error,True,False
2026-02-08 18:00:00+00:00,2026-02-09 15:00:00+00:00,2026-02-09 20:00:00,2,21,0.36693585643665844,2,2026-02-08 03:00:00+00:00,boost_both_absolute_error,True,False
2026-02-08 18:00:00+00:00,2026-02-09 16:00:00+00:00,2026-02-09 21:00:00,2,22,0.11707333097561806,2,2026-02-08 04:00:00+00:00,boost_both_absolute_error,True,False
2026-02-08 18:00:00+00:00,2026-02-09 17:00:00+00:00,2026-02-09 22:00:00,2,23,0.04887250007810516,2,2026-02-08 05:00:00+00:00,boost_both_absolute_error,True,False
2026-02-08 18:00:00+00:00,2026-02-09 18:00:00+00:00,2026-02-09 23:00:00,2,24,0.09969334682766141,2,2026-02-08 06:00:00+00:00,boost_both_absolute_error,True,False
2026-02-08 18:00:00+00:00,2026-02-09 19:00:00+00:00,2026-02-10 00:00:00,2,25,0.22609724615461935,2,2026-02-08 07:00:00+00:00,boost_both_absolute_error,True,False
2026-02-08 18:00:00+00:00,2026-02-09 20:00:00+00:00,2026-02-10 01:00:00,2,26,0.2536150712907328,2,2026-02-08 08:00:00+00:00,boost_both_absolute_error,True,False
2026-02-08 18:00:00+00:00,2026-02-09 21:00:00+00:00,2026-02-10 02:00:00,2,27,0.3118835316349236,2,2026-02-08 09:00:00+00:00,boost_both_absolute_error,True,False
2026-02-08 18:00:00+00:00,2026-02-09 22:00:00+00:00,2026-02-10 03:00:00,2,28,0.3367774389951148,2,2026-02-08 10:00:00+00:00,boost_both_absolute_error,True,False
2026-02-08 18:00:00+00:00,2026-02-09 23:00:00+00:00,2026-02-10 04:00:00,2,29,0.3220379505711599,2,2026-02-08 11:00:00+00:00,boost_both_absolute_error,True,False
2026-02-08 18:00:00+00:00,2026-02-10 00:00:00+00:00,2026-02-10 05:00:00,2,30,0.08927964161412015,2,2026-02-08 12:00:00+00:00,boost_both_absolute_error,True,False
2026-02-08 18:00:00+00:00,2026-02-10 01:00:00+00:00,2026-02-10 06:00:00,2,31,0.6912868655345235,2,2026-02-08 13:00:00+00:00,boost_both_absolute_error,True,False
2026-02-08 18:00:00+00:00,2026-02-10 02:00:00+00:00,2026-02-10 07:00:00,2,32,0.5326484971500723,2,2026-02-08 14:00:00+00:00,boost_both_absolute_error,True,False
2026-02-08 18:00:00+00:00,2026-02-10 03:00:00+00:00,2026-02-10 08:00:00,2,33,0.46550536120764935,2,2026-02-08 15:00:00+00:00,boost_both_absolute_error,True,False
2026-02-08 18:00:00+00:00,2026-02-10 04:00:00+00:00,2026-02-10 09:00:00,2,34,0.3890041304198105,2,2026-02-08 16:00:00+00:00,boost_both_absolute_error,True,False
2026-02-08 18:00:00+00:00,2026-02-10 05:00:00+00:00,2026-02-10 10:00:00,2,35,0.3658058737628984,2,2026-02-08 17:00:00+00:00,boost_both_absolute_error,True,False
2026-02-08 18:00:00+00:00,2026-02-10 06:00:00+00:00,2026-02-10 11:00:00,2,36,0.3393726259648465,2,2026-02-08 18:00:00+00:00,boost_both_absolute_error,True,False
2026-02-08 18:00:00+00:00,2026-02-10 07:00:00+00:00,2026-02-10 12:00:00,2,37,0.4827079652706405,3,2026-02-07 19:00:00+00:00,boost_both_absolute_error,True,False
2026-02-08 18:00:00+00:00,2026-02-10 08:00:00+00:00,2026-02-10 13:00:00,2,38,0.6762494254564227,3,2026-02-07 20:00:00+00:00,boost_both_absolute_error,True,False
2026-02-08 18:00:00+00:00,2026-02-10 09:00:00+00:00,2026-02-10 14:00:00,2,39,0.4464320480266751,3,2026-02-07 21:00:00+00:00,boost_both_absolute_error,True,False
2026-02-08 18:00:00+00:00,2026-02-10 10:00:00+00:00,2026-02-10 15:00:00,2,40,0.29986976573276497,3,2026-02-07 22:00:00+00:00,boost_both_absolute_error,True,False
2026-02-08 18:00:00+00:00,2026-02-10 11:00:00+00:00,2026-02-10 16:00:00,2,41,0.1987841451678305,3,2026-02-07 23:00:00+00:00,boost_both_absolute_error,True,False
2026-02-08 18:00:00+00:00,2026-02-10 12:00:00+00:00,2026-02-10 17:00:00,2,42,0.3016267799155533,3,2026-02-08 00:00:00+00:00,boost_both_absolute_error,True,False
2026-02-08 18:00:00+00:00,2026-02-10 13:00:00+00:00,2026-02-10 18:00:00,2,43,0.30800320062827075,3,2026-02-08 01:00:00+00:00,boost_both_absolute_error,True,False
2026-02-08 18:00:00+00:00,2026-02-10 14:00:00+00:00,2026-02-10 19:00:00,2,44,0.15145315522954164,3,2026-02-08 02:00:00+00:00,boost_both_absolute_error,True,False
2026-02-08 18:00:00+00:00,2026-02-10 15:00:00+00:00,2026-02-10 20:00:00,2,45,0.07071647734373647,3,2026-02-08 03:00:00+00:00,boost_both_absolute_error,True,False
2026-02-08 18:00:00+00:00,2026-02-10 16:00:00+00:00,2026-02-10 21:00:00,2,46,0.049267525931727056,3,2026-02-08 04:00:00+00:00,boost_both_absolute_error,True,False
2026-02-08 18:00:00+00:00,2026-02-10 17:00:00+00:00,2026-02-10 22:00:00,2,47,0.07883317798149893,3,2026-02-08 05:00:00+00:00,boost_both_absolute_error,True,False
2026-02-08 18:00:00+00:00,2026-02-10 18:00:00+00:00,2026-02-10 23:00:00,2,48,0.2898008564331259,3,2026-02-08 06:00:00+00:00,boost_both_absolute_error,True,False
2026-02-09 18:00:00+00:00,2026-02-09 19:00:00+00:00,2026-02-10 00:00:00,1,1,0.06017171497813052,1,2026-02-09 07:00:00+00:00,boost_both_absolute_error,True,False
2026-02-09 18:00:00+00:00,2026-02-09 20:00:00+00:00,2026-02-10 01:00:00,1,2,0.07468354427936175,1,2026-02-09 08:00:00+00:00,boost_both_absolute_error,True,False
2026-02-09 18:00:00+00:00,2026-02-09 21:00:00+00:00,2026-02-10 02:00:00,1,3,0.08356473086014105,1,2026-02-09 09:00:00+00:00,boost_both_absolute_error,True,False
2026-02-09 18:00:00+00:00,2026-02-09 22:00:00+00:00,2026-02-10 03:00:00,1,4,0.22171226111982117,1,2026-02-09 10:00:00+00:00,boost_both_absolute_error,True,False
2026-02-09 18:00:00+00:00,2026-02-09 23:00:00+00:00,2026-02-10 04:00:00,1,5,0.097581839219026,1,2026-02-09 11:00:00+00:00,boost_both_absolute_error,True,False
2026-02-09 18:00:00+00:00,2026-02-10 00:00:00+00:00,2026-02-10 05:00:00,1,6,0.49488378086203477,1,2026-02-09 12:00:00+00:00,boost_both_absolute_error,True,False
2026-02-09 18:00:00+00:00,2026-02-10 01:00:00+00:00,2026-02-10 06:00:00,1,7,0.03026373361647498,1,2026-02-09 13:00:00+00:00,boost_both_absolute_error,True,False
2026-02-09 18:00:00+00:00,2026-02-10 02:00:00+00:00,2026-02-10 07:00:00,1,8,0.7244944828564268,1,2026-02-09 14:00:00+00:00,boost_both_absolute_error,True,False
2026-02-09 18:00:00+00:00,2026-02-10 03:00:00+00:00,2026-02-10 08:00:00,1,9,0.5826279395371908,1,2026-02-09 15:00:00+00:00,boost_both_absolute_error,True,False
2026-02-09 18:00:00+00:00,2026-02-10 04:00:00+00:00,2026-02-10 09:00:00,1,10,0.647828442010471,1,2026-02-09 16:00:00+00:00,boost_both_absolute_error,True,False
2026-02-09 18:00:00+00:00,2026-02-10 05:00:00+00:00,2026-02-10 10:00:00,1,11,0.7735216130811317,1,2026-02-09 17:00:00+00:00,boost_both_absolute_error,True,False
2026-02-09 18:00:00+00:00,2026-02-10 06:00:00+00:00,2026-02-10 11:00:00,1,12,0.4680102889516653,1,2026-02-09 18:00:00+00:00,boost_both_absolute_error,True,False
2026-02-09 18:00:00+00:00,2026-02-10 07:00:00+00:00,2026-02-10 12:00:00,1,13,0.39157637767489556,2,2026-02-08 19:00:00+00:00,boost_both_absolute_error,True,False
2026-02-09 18:00:00+00:00,2026-02-10 08:00:00+00:00,2026-02-10 13:00:00,1,14,0.3466807136316236,2,2026-02-08 20:00:00+00:00,boost_both_absolute_error,True,False
2026-02-09 18:00:00+00:00,2026-02-10 09:00:00+00:00,2026-02-10 14:00:00,1,15,0.38669206184407134,2,2026-02-08 21:00:00+00:00,boost_both_absolute_error,True,False
2026-02-09 18:00:00+00:00,2026-02-10 10:00:00+00:00,2026-02-10 15:00:00,1,16,0.347202814045273,2,2026-02-08 22:00:00+00:00,boost_both_absolute_error,True,False
2026-02-09 18:00:00+00:00,2026-02-10 11:00:00+00:00,2026-02-10 16:00:00,1,17,0.3355837228512379,2,2026-02-08 23:00:00+00:00,boost_both_absolute_error,True,False
2026-02-09 18:00:00+00:00,2026-02-10 12:00:00+00:00,2026-02-10 17:00:00,1,18,0.34378702617485657,2,2026-02-09 00:00:00+00:00,boost_both_absolute_error,True,False
2026-02-09 18:00:00+00:00,2026-02-10 13:00:00+00:00,2026-02-10 18:00:00,1,19,0.28653105032246007,2,2026-02-09 01:00:00+00:00,boost_both_absolute_error,True,False
2026-02-09 18:00:00+00:00,2026-02-10 14:00:00+00:00,2026-02-10 19:00:00,1,20,0.19531214702085706,2,2026-02-09 02:00:00+00:00,boost_both_absolute_error,True,False
2026-02-09 18:00:00+00:00,2026-02-10 15:00:00+00:00,2026-02-10 20:00:00,1,21,0.1421313606096556,2,2026-02-09 03:00:00+00:00,boost_both_absolute_error,True,False
2026-02-09 18:00:00+00:00,2026-02-10 16:00:00+00:00,2026-02-10 21:00:00,1,22,0.19921612139334793,2,2026-02-09 04:00:00+00:00,boost_both_absolute_error,True,False
2026-02-09 18:00:00+00:00,2026-02-10 17:00:00+00:00,2026-02-10 22:00:00,1,23,0.5861748141754787,2,2026-02-09 05:00:00+00:00,boost_both_absolute_error,True,False
2026-02-09 18:00:00+00:00,2026-02-10 18:00:00+00:00,2026-02-10 23:00:00,1,24,0.7729654795137355,2,2026-02-09 06:00:00+00:00,boost_both_absolute_error,True,False
2026-02-09 18:00:00+00:00,2026-02-10 19:00:00+00:00,2026-02-11 00:00:00,1,25,0.9116108546623329,2,2026-02-09 07:00:00+00:00,boost_both_absolute_error,True,False
2026-02-09 18:00:00+00:00,2026-02-10 20:00:00+00:00,2026-02-11 01:00:00,1,26,0.8673346342111098,2,2026-02-09 08:00:00+00:00,boost_both_absolute_error,True,False
2026-02-09 18:00:00+00:00,2026-02-10 21:00:00+00:00,2026-02-11 02:00:00,1,27,0.8691052547788622,2,2026-02-09 09:00:00+00:00,boost_both_absolute_error,True,False
2026-02-09 18:00:00+00:00,2026-02-10 22:00:00+00:00,2026-02-11 03:00:00,1,28,0.8692291325588418,2,2026-02-09 10:00:00+00:00,boost_both_absolute_error,True,False
2026-02-09 18:00:00+00:00,2026-02-10 23:00:00+00:00,2026-02-11 04:00:00,1,29,0.9577158498158012,2,2026-02-09 11:00:00+00:00,boost_both_absolute_error,True,False
2026-02-09 18:00:00+00:00,2026-02-11 00:00:00+00:00,2026-02-11 05:00:00,1,30,0.640099256214936,2,2026-02-09 12:00:00+00:00,boost_both_absolute_error,True,False
2026-02-09 18:00:00+00:00,2026-02-11 01:00:00+00:00,2026-02-11 06:00:00,1,31,0.06364109649705876,2,2026-02-09 13:00:00+00:00,boost_both_absolute_error,True,False
2026-02-09 18:00:00+00:00,2026-02-11 02:00:00+00:00,2026-02-11 07:00:00,1,32,0.009323005416113982,2,2026-02-09 14:00:00+00:00,boost_both_absolute_error,True,False
2026-02-09 18:00:00+00:00,2026-02-11 03:00:00+00:00,2026-02-11 08:00:00,1,33,0.019303103992347338,2,2026-02-09 15:00:00+00:00,boost_both_absolute_error,True,False
2026-02-09 18:00:00+00:00,2026-02-11 04:00:00+00:00,2026-02-11 09:00:00,1,34,0.019325872787376852,2,2026-02-09 16:00:00+00:00,boost_both_absolute_error,True,False
2026-02-09 18:00:00+00:00,2026-02-11 05:00:00+00:00,2026-02-11 10:00:00,1,35,0.04788191752424154,2,2026-02-09 17:00:00+00:00,boost_both_absolute_error,True,False
2026-02-09 18:00:00+00:00,2026-02-11 06:00:00+00:00,2026-02-11 11:00:00,1,36,0.7006096099104525,2,2026-02-09 18:00:00+00:00,boost_both_absolute_error,True,False
2026-02-09 18:00:00+00:00,2026-02-11 07:00:00+00:00,2026-02-11 12:00:00,1,37,0.29956357806149303,3,2026-02-08 19:00:00+00:00,boost_both_absolute_error,True,False
2026-02-09 18:00:00+00:00,2026-02-11 08:00:00+00:00,2026-02-11 13:00:00,1,38,0.5808574045516947,3,2026-02-08 20:00:00+00:00,boost_both_absolute_error,True,False
2026-02-09 18:00:00+00:00,2026-02-11 09:00:00+00:00,2026-02-11 14:00:00,1,39,0.11586477989594184,3,2026-02-08 21:00:00+00:00,boost_both_absolute_error,True,False
2026-02-09 18:00:00+00:00,2026-02-11 10:00:00+00:00,2026-02-11 15:00:00,1,40,0.11057822378432655,3,2026-02-08 22:00:00+00:00,boost_both_absolute_error,True,False
2026-02-09 18:00:00+00:00,2026-02-11 11:00:00+00:00,2026-02-11 16:00:00,1,41,0.7227946420797535,3,2026-02-08 23:00:00+00:00,boost_both_absolute_error,True,False
2026-02-09 18:00:00+00:00,2026-02-11 12:00:00+00:00,2026-02-11 17:00:00,1,42,0.9840060390729217,3,2026-02-09 00:00:00+00:00,boost_both_absolute_error,True,False
2026-02-09 18:00:00+00:00,2026-02-11 13:00:00+00:00,2026-02-11 18:00:00,1,43,0.9938412069910818,3,2026-02-09 01:00:00+00:00,boost_both_absolute_error,True,False
2026-02-09 18:00:00+00:00,2026-02-11 14:00:00+00:00,2026-02-11 19:00:00,1,44,0.9932960249898711,3,2026-02-09 02:00:00+00:00,boost_both_absolute_error,True,False
2026-02-09 18:00:00+00:00,2026-02-11 15:00:00+00:00,2026-02-11 20:00:00,1,45,0.8783129185898483,3,2026-02-09 03:00:00+00:00,boost_both_absolute_error,True,False
2026-02-09 18:00:00+00:00,2026-02-11 16:00:00+00:00,2026-02-11 21:00:00,1,46,0.7977940420565272,3,2026-02-09 04:00:00+00:00,boost_both_absolute_error,True,False
2026-02-09 18:00:00+00:00,2026-02-11 17:00:00+00:00,2026-02-11 22:00:00,1,47,0.48343687199407503,3,2026-02-09 05:00:00+00:00,boost_both_absolute_error,True,False
2026-02-09 18:00:00+00:00,2026-02-11 18:00:00+00:00,2026-02-11 23:00:00,1,48,0.8895798224700551,3,2026-02-09 06:00:00+00:00,boost_both_absolute_error,True,False
2026-02-09 18:00:00+00:00,2026-02-09 19:00:00+00:00,2026-02-10 00:00:00,2,1,0.05837031227163326,1,2026-02-09 07:00:00+00:00,boost_both_absolute_error,True,False
2026-02-09 18:00:00+00:00,2026-02-09 20:00:00+00:00,2026-02-10 01:00:00,2,2,0.07290023989383347,1,2026-02-09 08:00:00+00:00,boost_both_absolute_error,True,False
2026-02-09 18:00:00+00:00,2026-02-09 21:00:00+00:00,2026-02-10 02:00:00,2,3,0.0826275100095494,1,2026-02-09 09:00:00+00:00,boost_both_absolute_error,True,False
2026-02-09 18:00:00+00:00,2026-02-09 22:00:00+00:00,2026-02-10 03:00:00,2,4,0.2207750402692295,1,2026-02-09 10:00:00+00:00,boost_both_absolute_error,True,False
2026-02-09 18:00:00+00:00,2026-02-09 23:00:00+00:00,2026-02-10 04:00:00,2,5,0.09612502465993134,1,2026-02-09 11:00:00+00:00,boost_both_absolute_error,True,False
2026-02-09 18:00:00+00:00,2026-02-10 00:00:00+00:00,2026-02-10 05:00:00,2,6,0.49432088903026117,1,2026-02-09 12:00:00+00:00,boost_both_absolute_error,True,False
2026-02-09 18:00:00+00:00,2026-02-10 01:00:00+00:00,2026-02-10 06:00:00,2,7,0.02951171877337903,1,2026-02-09 13:00:00+00:00,boost_both_absolute_error,True,False
2026-02-09 18:00:00+00:00,2026-02-10 02:00:00+00:00,2026-02-10 07:00:00,2,8,0.7273541014908144,1,2026-02-09 14:00:00+00:00,boost_both_absolute_error,True,False
2026-02-09 18:00:00+00:00,2026-02-10 03:00:00+00:00,2026-02-10 08:00:00,2,9,0.5831474306828563,1,2026-02-09 15:00:00+00:00,boost_both_absolute_error,True,False
2026-02-09 18:00:00+00:00,2026-02-10 04:00:00+00:00,2026-02-10 09:00:00,2,10,0.6512476528434044,1,2026-02-09 16:00:00+00:00,boost_both_absolute_error,True,False
2026-02-09 18:00:00+00:00,2026-02-10 05:00:00+00:00,2026-02-10 10:00:00,2,11,0.789242230750601,1,2026-02-09 17:00:00+00:00,boost_both_absolute_error,True,False
2026-02-09 18:00:00+00:00,2026-02-10 06:00:00+00:00,2026-02-10 11:00:00,2,12,0.4837309066211344,1,2026-02-09 18:00:00+00:00,boost_both_absolute_error,True,False
2026-02-09 18:00:00+00:00,2026-02-10 07:00:00+00:00,2026-02-10 12:00:00,2,13,0.3940628154518052,2,2026-02-08 19:00:00+00:00,boost_both_absolute_error,True,False
2026-02-09 18:00:00+00:00,2026-02-10 08:00:00+00:00,2026-02-10 13:00:00,2,14,0.35009992446455707,2,2026-02-08 20:00:00+00:00,boost_both_absolute_error,True,False
2026-02-09 18:00:00+00:00,2026-02-10 09:00:00+00:00,2026-02-10 14:00:00,2,15,0.3872115529897369,2,2026-02-08 21:00:00+00:00,boost_both_absolute_error,True,False
2026-02-09 18:00:00+00:00,2026-02-10 10:00:00+00:00,2026-02-10 15:00:00,2,16,0.34574139834457657,2,2026-02-08 22:00:00+00:00,boost_both_absolute_error,True,False
2026-02-09 18:00:00+00:00,2026-02-10 11:00:00+00:00,2026-02-10 16:00:00,2,17,0.3341223071505415,2,2026-02-08 23:00:00+00:00,boost_both_absolute_error,True,False
2026-02-09 18:00:00+00:00,2026-02-10 12:00:00+00:00,2026-02-10 17:00:00,2,18,0.34254851760567906,2,2026-02-09 00:00:00+00:00,boost_both_absolute_error,True,False
2026-02-09 18:00:00+00:00,2026-02-10 13:00:00+00:00,2026-02-10 18:00:00,2,19,0.2855182690411274,2,2026-02-09 01:00:00+00:00,boost_both_absolute_error,True,False
2026-02-09 18:00:00+00:00,2026-02-10 14:00:00+00:00,2026-02-10 19:00:00,2,20,0.1939250367207063,2,2026-02-09 02:00:00+00:00,boost_both_absolute_error,True,False
2026-02-09 18:00:00+00:00,2026-02-10 15:00:00+00:00,2026-02-10 20:00:00,2,21,0.1427369983647282,2,2026-02-09 03:00:00+00:00,boost_both_absolute_error,True,False
2026-02-09 18:00:00+00:00,2026-02-10 16:00:00+00:00,2026-02-10 21:00:00,2,22,0.19509600693773407,2,2026-02-09 04:00:00+00:00,boost_both_absolute_error,True,False
2026-02-09 18:00:00+00:00,2026-02-10 17:00:00+00:00,2026-02-10 22:00:00,2,23,0.5822164740816713,2,2026-02-09 05:00:00+00:00,boost_both_absolute_error,True,False
2026-02-09 18:00:00+00:00,2026-02-10 18:00:00+00:00,2026-02-10 23:00:00,2,24,0.7721900330249503,2,2026-02-09 06:00:00+00:00,boost_both_absolute_error,True,False
2026-02-09 18:00:00+00:00,2026-02-10 19:00:00+00:00,2026-02-11 00:00:00,2,25,0.910124089359862,2,2026-02-09 07:00:00+00:00,boost_both_absolute_error,True,False
2026-02-09 18:00:00+00:00,2026-02-10 20:00:00+00:00,2026-02-11 01:00:00,2,26,0.8535850731149138,2,2026-02-09 08:00:00+00:00,boost_both_absolute_error,True,False
2026-02-09 18:00:00+00:00,2026-02-10 21:00:00+00:00,2026-02-11 02:00:00,2,27,0.8555367468573302,2,2026-02-09 09:00:00+00:00,boost_both_absolute_error,True,False
2026-02-09 18:00:00+00:00,2026-02-10 22:00:00+00:00,2026-02-11 03:00:00,2,28,0.8555367468573302,2,2026-02-09 10:00:00+00:00,boost_both_absolute_error,True,False
2026-02-09 18:00:00+00:00,2026-02-10 23:00:00+00:00,2026-02-11 04:00:00,2,29,0.9509836608884085,2,2026-02-09 11:00:00+00:00,boost_both_absolute_error,True,False
2026-02-09 18:00:00+00:00,2026-02-11 00:00:00+00:00,2026-02-11 05:00:00,2,30,0.6399537472868623,2,2026-02-09 12:00:00+00:00,boost_both_absolute_error,True,False
2026-02-09 18:00:00+00:00,2026-02-11 01:00:00+00:00,2026-02-11 06:00:00,2,31,0.05952098204144493,2,2026-02-09 13:00:00+00:00,boost_both_absolute_error,True,False
2026-02-09 18:00:00+00:00,2026-02-11 02:00:00+00:00,2026-02-11 07:00:00,2,32,0.007521602709616717,2,2026-02-09 14:00:00+00:00,boost_both_absolute_error,True,False
2026-02-09 18:00:00+00:00,2026-02-11 03:00:00+00:00,2026-02-11 08:00:00,2,33,0.017669164598560674,2,2026-02-09 15:00:00+00:00,boost_both_absolute_error,True,False
2026-02-09 18:00:00+00:00,2026-02-11 04:00:00+00:00,2026-02-11 09:00:00,2,34,0.017823417716290244,2,2026-02-09 16:00:00+00:00,boost_both_absolute_error,True,False
2026-02-09 18:00:00+00:00,2026-02-11 05:00:00+00:00,2026-02-11 10:00:00,2,35,0.04848298473205543,2,2026-02-09 17:00:00+00:00,boost_both_absolute_error,True,False
2026-02-09 18:00:00+00:00,2026-02-11 06:00:00+00:00,2026-02-11 11:00:00,2,36,0.709812290290647,2,2026-02-09 18:00:00+00:00,boost_both_absolute_error,True,False
2026-02-09 18:00:00+00:00,2026-02-11 07:00:00+00:00,2026-02-11 12:00:00,2,37,0.30195156507243176,3,2026-02-08 19:00:00+00:00,boost_both_absolute_error,True,False
2026-02-09 18:00:00+00:00,2026-02-11 08:00:00+00:00,2026-02-11 13:00:00,2,38,0.5838535934100771,3,2026-02-08 20:00:00+00:00,boost_both_absolute_error,True,False
2026-02-09 18:00:00+00:00,2026-02-11 09:00:00+00:00,2026-02-11 14:00:00,2,39,0.12055394683134446,3,2026-02-08 21:00:00+00:00,boost_both_absolute_error,True,False
2026-02-09 18:00:00+00:00,2026-02-11 10:00:00+00:00,2026-02-11 15:00:00,2,40,0.11526579306294954,3,2026-02-08 22:00:00+00:00,boost_both_absolute_error,True,False
2026-02-09 18:00:00+00:00,2026-02-11 11:00:00+00:00,2026-02-11 16:00:00,2,41,0.727671334369699,3,2026-02-08 23:00:00+00:00,boost_both_absolute_error,True,False
2026-02-09 18:00:00+00:00,2026-02-11 12:00:00+00:00,2026-02-11 17:00:00,2,42,0.97122742854356,3,2026-02-09 00:00:00+00:00,boost_both_absolute_error,True,False
2026-02-09 18:00:00+00:00,2026-02-11 13:00:00+00:00,2026-02-11 18:00:00,2,43,0.9777939610669437,3,2026-02-09 01:00:00+00:00,boost_both_absolute_error,True,False
2026-02-09 18:00:00+00:00,2026-02-11 14:00:00+00:00,2026-02-11 19:00:00,2,44,0.9867459004209382,3,2026-02-09 02:00:00+00:00,boost_both_absolute_error,True,False
2026-02-09 18:00:00+00:00,2026-02-11 15:00:00+00:00,2026-02-11 20:00:00,2,45,0.8800245627400527,3,2026-02-09 03:00:00+00:00,boost_both_absolute_error,True,False
2026-02-09 18:00:00+00:00,2026-02-11 16:00:00+00:00,2026-02-11 21:00:00,2,46,0.7942319677409435,3,2026-02-09 04:00:00+00:00,boost_both_absolute_error,True,False
2026-02-09 18:00:00+00:00,2026-02-11 17:00:00+00:00,2026-02-11 22:00:00,2,47,0.4798747976784917,3,2026-02-09 05:00:00+00:00,boost_both_absolute_error,True,False
2026-02-09 18:00:00+00:00,2026-02-11 18:00:00+00:00,2026-02-11 23:00:00,2,48,0.8864724136980789,3,2026-02-09 06:00:00+00:00,boost_both_absolute_error,True,False
2026-02-10 18:00:00+00:00,2026-02-10 19:00:00+00:00,2026-02-11 00:00:00,1,1,0.9531175934516363,1,2026-02-10 07:00:00+00:00,boost_both_absolute_error,True,False
2026-02-10 18:00:00+00:00,2026-02-10 20:00:00+00:00,2026-02-11 01:00:00,1,2,0.8650251906088392,1,2026-02-10 08:00:00+00:00,boost_both_absolute_error,True,False
2026-02-10 18:00:00+00:00,2026-02-10 21:00:00+00:00,2026-02-11 02:00:00,1,3,0.8627433009092872,1,2026-02-10 09:00:00+00:00,boost_both_absolute_error,True,False
2026-02-10 18:00:00+00:00,2026-02-10 22:00:00+00:00,2026-02-11 03:00:00,1,4,0.9599972202835678,1,2026-02-10 10:00:00+00:00,boost_both_absolute_error,True,False
2026-02-10 18:00:00+00:00,2026-02-10 23:00:00+00:00,2026-02-11 04:00:00,1,5,0.9225074066544335,1,2026-02-10 11:00:00+00:00,boost_both_absolute_error,True,False
2026-02-10 18:00:00+00:00,2026-02-11 00:00:00+00:00,2026-02-11 05:00:00,1,6,0.42894314091855,1,2026-02-10 12:00:00+00:00,boost_both_absolute_error,True,False
2026-02-10 18:00:00+00:00,2026-02-11 01:00:00+00:00,2026-02-11 06:00:00,1,7,0.010566194766971551,1,2026-02-10 13:00:00+00:00,boost_both_absolute_error,True,False
2026-02-10 18:00:00+00:00,2026-02-11 02:00:00+00:00,2026-02-11 07:00:00,1,8,0.0323604573778787,1,2026-02-10 14:00:00+00:00,boost_both_absolute_error,True,False
2026-02-10 18:00:00+00:00,2026-02-11 03:00:00+00:00,2026-02-11 08:00:00,1,9,0.1176614546889958,1,2026-02-10 15:00:00+00:00,boost_both_absolute_error,True,False
2026-02-10 18:00:00+00:00,2026-02-11 04:00:00+00:00,2026-02-11 09:00:00,1,10,0.07770140122746474,1,2026-02-10 16:00:00+00:00,boost_both_absolute_error,True,False
2026-02-10 18:00:00+00:00,2026-02-11 05:00:00+00:00,2026-02-11 10:00:00,1,11,0.2654454054850183,1,2026-02-10 17:00:00+00:00,boost_both_absolute_error,True,False
2026-02-10 18:00:00+00:00,2026-02-11 06:00:00+00:00,2026-02-11 11:00:00,1,12,0.9289991144854262,1,2026-02-10 18:00:00+00:00,boost_both_absolute_error,True,False
2026-02-10 18:00:00+00:00,2026-02-11 07:00:00+00:00,2026-02-11 12:00:00,1,13,0.9208708402553468,2,2026-02-09 19:00:00+00:00,boost_both_absolute_error,True,False
2026-02-10 18:00:00+00:00,2026-02-11 08:00:00+00:00,2026-02-11 13:00:00,1,14,0.9587307150484614,2,2026-02-09 20:00:00+00:00,boost_both_absolute_error,True,False
2026-02-10 18:00:00+00:00,2026-02-11 09:00:00+00:00,2026-02-11 14:00:00,1,15,0.1933701141850809,2,2026-02-09 21:00:00+00:00,boost_both_absolute_error,True,False
2026-02-10 18:00:00+00:00,2026-02-11 10:00:00+00:00,2026-02-11 15:00:00,1,16,0.6835012332387836,2,2026-02-09 22:00:00+00:00,boost_both_absolute_error,True,False
2026-02-10 18:00:00+00:00,2026-02-11 11:00:00+00:00,2026-02-11 16:00:00,1,17,0.4986945371345042,2,2026-02-09 23:00:00+00:00,boost_both_absolute_error,True,False
2026-02-10 18:00:00+00:00,2026-02-11 12:00:00+00:00,2026-02-11 17:00:00,1,18,0.9220463983846094,2,2026-02-10 00:00:00+00:00,boost_both_absolute_error,True,False
2026-02-10 18:00:00+00:00,2026-02-11 13:00:00+00:00,2026-02-11 18:00:00,1,19,0.8350507610799383,2,2026-02-10 01:00:00+00:00,boost_both_absolute_error,True,False
2026-02-10 18:00:00+00:00,2026-02-11 14:00:00+00:00,2026-02-11 19:00:00,1,20,0.9583881094684804,2,2026-02-10 02:00:00+00:00,boost_both_absolute_error,True,False
2026-02-10 18:00:00+00:00,2026-02-11 15:00:00+00:00,2026-02-11 20:00:00,1,21,0.9766838317206324,2,2026-02-10 03:00:00+00:00,boost_both_absolute_error,True,False
2026-02-10 18:00:00+00:00,2026-02-11 16:00:00+00:00,2026-02-11 21:00:00,1,22,0.9575845365672342,2,2026-02-10 04:00:00+00:00,boost_both_absolute_error,True,False
2026-02-10 18:00:00+00:00,2026-02-11 17:00:00+00:00,2026-02-11 22:00:00,1,23,0.9402922578589344,2,2026-02-10 05:00:00+00:00,boost_both_absolute_error,True,False
2026-02-10 18:00:00+00:00,2026-02-11 18:00:00+00:00,2026-02-11 23:00:00,1,24,0.8663407443149117,2,2026-02-10 06:00:00+00:00,boost_both_absolute_error,True,False
2026-02-10 18:00:00+00:00,2026-02-11 19:00:00+00:00,2026-02-12 00:00:00,1,25,0.830989744035097,2,2026-02-10 07:00:00+00:00,boost_both_absolute_error,True,False
2026-02-10 18:00:00+00:00,2026-02-11 20:00:00+00:00,2026-02-12 01:00:00,1,26,0.8402398408840416,2,2026-02-10 08:00:00+00:00,boost_both_absolute_error,True,False
2026-02-10 18:00:00+00:00,2026-02-11 21:00:00+00:00,2026-02-12 02:00:00,1,27,0.7551338874300013,2,2026-02-10 09:00:00+00:00,boost_both_absolute_error,True,False
2026-02-10 18:00:00+00:00,2026-02-11 22:00:00+00:00,2026-02-12 03:00:00,1,28,0.6137115154400561,2,2026-02-10 10:00:00+00:00,boost_both_absolute_error,True,False
2026-02-10 18:00:00+00:00,2026-02-11 23:00:00+00:00,2026-02-12 04:00:00,1,29,0.5150786166976895,2,2026-02-10 11:00:00+00:00,boost_both_absolute_error,True,False
2026-02-10 18:00:00+00:00,2026-02-12 00:00:00+00:00,2026-02-12 05:00:00,1,30,0.459014486371945,2,2026-02-10 12:00:00+00:00,boost_both_absolute_error,True,False
2026-02-10 18:00:00+00:00,2026-02-12 01:00:00+00:00,2026-02-12 06:00:00,1,31,0.2969406237614859,2,2026-02-10 13:00:00+00:00,boost_both_absolute_error,True,False
2026-02-10 18:00:00+00:00,2026-02-12 02:00:00+00:00,2026-02-12 07:00:00,1,32,0.20978457546148063,2,2026-02-10 14:00:00+00:00,boost_both_absolute_error,True,False
2026-02-10 18:00:00+00:00,2026-02-12 03:00:00+00:00,2026-02-12 08:00:00,1,33,0.10729539487648503,2,2026-02-10 15:00:00+00:00,boost_both_absolute_error,True,False
2026-02-10 18:00:00+00:00,2026-02-12 04:00:00+00:00,2026-02-12 09:00:00,1,34,0.055274067937027035,2,2026-02-10 16:00:00+00:00,boost_both_absolute_error,True,False
2026-02-10 18:00:00+00:00,2026-02-12 05:00:00+00:00,2026-02-12 10:00:00,1,35,0.05191430219100711,2,2026-02-10 17:00:00+00:00,boost_both_absolute_error,True,False
2026-02-10 18:00:00+00:00,2026-02-12 06:00:00+00:00,2026-02-12 11:00:00,1,36,0.006158801838930168,2,2026-02-10 18:00:00+00:00,boost_both_absolute_error,True,False
2026-02-10 18:00:00+00:00,2026-02-12 07:00:00+00:00,2026-02-12 12:00:00,1,37,0.009225743510429363,3,2026-02-09 19:00:00+00:00,boost_both_absolute_error,True,False
2026-02-10 18:00:00+00:00,2026-02-12 08:00:00+00:00,2026-02-12 13:00:00,1,38,0.01008888628231831,3,2026-02-09 20:00:00+00:00,boost_both_absolute_error,True,False
2026-02-10 18:00:00+00:00,2026-02-12 09:00:00+00:00,2026-02-12 14:00:00,1,39,0.02854052471392496,3,2026-02-09 21:00:00+00:00,boost_both_absolute_error,True,False
2026-02-10 18:00:00+00:00,2026-02-12 10:00:00+00:00,2026-02-12 15:00:00,1,40,0.04477607077567121,3,2026-02-09 22:00:00+00:00,boost_both_absolute_error,True,False
2026-02-10 18:00:00+00:00,2026-02-12 11:00:00+00:00,2026-02-12 16:00:00,1,41,0.22880811292679268,3,2026-02-09 23:00:00+00:00,boost_both_absolute_error,True,False
2026-02-10 18:00:00+00:00,2026-02-12 12:00:00+00:00,2026-02-12 17:00:00,1,42,0.33210075312778836,3,2026-02-10 00:00:00+00:00,boost_both_absolute_error,True,False
2026-02-10 18:00:00+00:00,2026-02-12 13:00:00+00:00,2026-02-12 18:00:00,1,43,0.3778790210978862,3,2026-02-10 01:00:00+00:00,boost_both_absolute_error,True,False
2026-02-10 18:00:00+00:00,2026-02-12 14:00:00+00:00,2026-02-12 19:00:00,1,44,0.3472022937965177,3,2026-02-10 02:00:00+00:00,boost_both_absolute_error,True,False
2026-02-10 18:00:00+00:00,2026-02-12 15:00:00+00:00,2026-02-12 20:00:00,1,45,0.29424155246008243,3,2026-02-10 03:00:00+00:00,boost_both_absolute_error,True,False
2026-02-10 18:00:00+00:00,2026-02-12 16:00:00+00:00,2026-02-12 21:00:00,1,46,0.2684789435772113,3,2026-02-10 04:00:00+00:00,boost_both_absolute_error,True,False
2026-02-10 18:00:00+00:00,2026-02-12 17:00:00+00:00,2026-02-12 22:00:00,1,47,0.14122565986310018,3,2026-02-10 05:00:00+00:00,boost_both_absolute_error,True,False
2026-02-10 18:00:00+00:00,2026-02-12 18:00:00+00:00,2026-02-12 23:00:00,1,48,0.012235641582146508,3,2026-02-10 06:00:00+00:00,boost_both_absolute_error,True,False
2026-02-10 18:00:00+00:00,2026-02-10 19:00:00+00:00,2026-02-11 00:00:00,2,1,0.9463650449054234,1,2026-02-10 07:00:00+00:00,boost_both_absolute_error,True,False
2026-02-10 18:00:00+00:00,2026-02-10 20:00:00+00:00,2026-02-11 01:00:00,2,2,0.8516269029658646,1,2026-02-10 08:00:00+00:00,boost_both_absolute_error,True,False
2026-02-10 18:00:00+00:00,2026-02-10 21:00:00+00:00,2026-02-11 02:00:00,2,3,0.8492878378716283,1,2026-02-10 09:00:00+00:00,boost_both_absolute_error,True,False
2026-02-10 18:00:00+00:00,2026-02-10 22:00:00+00:00,2026-02-11 03:00:00,2,4,0.9574138057859657,1,2026-02-10 10:00:00+00:00,boost_both_absolute_error,True,False
2026-02-10 18:00:00+00:00,2026-02-10 23:00:00+00:00,2026-02-11 04:00:00,2,5,0.9197859171271953,1,2026-02-10 11:00:00+00:00,boost_both_absolute_error,True,False
2026-02-10 18:00:00+00:00,2026-02-11 00:00:00+00:00,2026-02-11 05:00:00,2,6,0.4279914762993265,1,2026-02-10 12:00:00+00:00,boost_both_absolute_error,True,False
2026-02-10 18:00:00+00:00,2026-02-11 01:00:00+00:00,2026-02-11 06:00:00,2,7,0.008764792060474284,1,2026-02-10 13:00:00+00:00,boost_both_absolute_error,True,False
2026-02-10 18:00:00+00:00,2026-02-11 02:00:00+00:00,2026-02-11 07:00:00,2,8,0.030559054671381456,1,2026-02-10 14:00:00+00:00,boost_both_absolute_error,True,False
2026-02-10 18:00:00+00:00,2026-02-11 03:00:00+00:00,2026-02-11 08:00:00,2,9,0.11662701370905135,1,2026-02-10 15:00:00+00:00,boost_both_absolute_error,True,False
2026-02-10 18:00:00+00:00,2026-02-11 04:00:00+00:00,2026-02-11 09:00:00,2,10,0.0793409526469433,1,2026-02-10 16:00:00+00:00,boost_both_absolute_error,True,False
2026-02-10 18:00:00+00:00,2026-02-11 05:00:00+00:00,2026-02-11 10:00:00,2,11,0.27371531280918876,1,2026-02-10 17:00:00+00:00,boost_both_absolute_error,True,False
2026-02-10 18:00:00+00:00,2026-02-11 06:00:00+00:00,2026-02-11 11:00:00,2,12,0.9324126862475086,1,2026-02-10 18:00:00+00:00,boost_both_absolute_error,True,False
2026-02-10 18:00:00+00:00,2026-02-11 07:00:00+00:00,2026-02-11 12:00:00,2,13,0.9164291809789374,2,2026-02-09 19:00:00+00:00,boost_both_absolute_error,True,False
2026-02-10 18:00:00+00:00,2026-02-11 08:00:00+00:00,2026-02-11 13:00:00,2,14,0.9477636477658999,2,2026-02-09 20:00:00+00:00,boost_both_absolute_error,True,False
2026-02-10 18:00:00+00:00,2026-02-11 09:00:00+00:00,2026-02-11 14:00:00,2,15,0.19255275953554474,2,2026-02-09 21:00:00+00:00,boost_both_absolute_error,True,False
2026-02-10 18:00:00+00:00,2026-02-11 10:00:00+00:00,2026-02-11 15:00:00,2,16,0.6831042070629408,2,2026-02-09 22:00:00+00:00,boost_both_absolute_error,True,False
2026-02-10 18:00:00+00:00,2026-02-11 11:00:00+00:00,2026-02-11 16:00:00,2,17,0.49627173670569763,2,2026-02-09 23:00:00+00:00,boost_both_absolute_error,True,False
2026-02-10 18:00:00+00:00,2026-02-11 12:00:00+00:00,2026-02-11 17:00:00,2,18,0.9256611112233023,2,2026-02-10 00:00:00+00:00,boost_both_absolute_error,True,False
2026-02-10 18:00:00+00:00,2026-02-11 13:00:00+00:00,2026-02-11 18:00:00,2,19,0.8373240170004772,2,2026-02-10 01:00:00+00:00,boost_both_absolute_error,True,False
2026-02-10 18:00:00+00:00,2026-02-11 14:00:00+00:00,2026-02-11 19:00:00,2,20,0.9583693746450339,2,2026-02-10 02:00:00+00:00,boost_both_absolute_error,True,False
2026-02-10 18:00:00+00:00,2026-02-11 15:00:00+00:00,2026-02-11 20:00:00,2,21,0.9699471110818495,2,2026-02-10 03:00:00+00:00,boost_both_absolute_error,True,False
2026-02-10 18:00:00+00:00,2026-02-11 16:00:00+00:00,2026-02-11 21:00:00,2,22,0.9501935689224841,2,2026-02-10 04:00:00+00:00,boost_both_absolute_error,True,False
2026-02-10 18:00:00+00:00,2026-02-11 17:00:00+00:00,2026-02-11 22:00:00,2,23,0.9336213141122212,2,2026-02-10 05:00:00+00:00,boost_both_absolute_error,True,False
2026-02-10 18:00:00+00:00,2026-02-11 18:00:00+00:00,2026-02-11 23:00:00,2,24,0.863030187247097,2,2026-02-10 06:00:00+00:00,boost_both_absolute_error,True,False
2026-02-10 18:00:00+00:00,2026-02-11 19:00:00+00:00,2026-02-12 00:00:00,2,25,0.8278450526232133,2,2026-02-10 07:00:00+00:00,boost_both_absolute_error,True,False
2026-02-10 18:00:00+00:00,2026-02-11 20:00:00+00:00,2026-02-12 01:00:00,2,26,0.8369292838162269,2,2026-02-10 08:00:00+00:00,boost_both_absolute_error,True,False
2026-02-10 18:00:00+00:00,2026-02-11 21:00:00+00:00,2026-02-12 02:00:00,2,27,0.7520490576500314,2,2026-02-10 09:00:00+00:00,boost_both_absolute_error,True,False
2026-02-10 18:00:00+00:00,2026-02-11 22:00:00+00:00,2026-02-12 03:00:00,2,28,0.61060410666808,2,2026-02-10 10:00:00+00:00,boost_both_absolute_error,True,False
2026-02-10 18:00:00+00:00,2026-02-11 23:00:00+00:00,2026-02-12 04:00:00,2,29,0.5133594874169125,2,2026-02-10 11:00:00+00:00,boost_both_absolute_error,True,False
2026-02-10 18:00:00+00:00,2026-02-12 00:00:00+00:00,2026-02-12 05:00:00,2,30,0.4583965090023059,2,2026-02-10 12:00:00+00:00,boost_both_absolute_error,True,False
2026-02-10 18:00:00+00:00,2026-02-12 01:00:00+00:00,2026-02-12 06:00:00,2,31,0.2963226463918467,2,2026-02-10 13:00:00+00:00,boost_both_absolute_error,True,False
2026-02-10 18:00:00+00:00,2026-02-12 02:00:00+00:00,2026-02-12 07:00:00,2,32,0.2093324637477725,2,2026-02-10 14:00:00+00:00,boost_both_absolute_error,True,False
2026-02-10 18:00:00+00:00,2026-02-12 03:00:00+00:00,2026-02-12 08:00:00,2,33,0.108435417221689,2,2026-02-10 15:00:00+00:00,boost_both_absolute_error,True,False
2026-02-10 18:00:00+00:00,2026-02-12 04:00:00+00:00,2026-02-12 09:00:00,2,34,0.05757138270261431,2,2026-02-10 16:00:00+00:00,boost_both_absolute_error,True,False
2026-02-10 18:00:00+00:00,2026-02-12 05:00:00+00:00,2026-02-12 10:00:00,2,35,0.053719719266416645,2,2026-02-10 17:00:00+00:00,boost_both_absolute_error,True,False
2026-02-10 18:00:00+00:00,2026-02-12 06:00:00+00:00,2026-02-12 11:00:00,2,36,0.007798353258408721,2,2026-02-10 18:00:00+00:00,boost_both_absolute_error,True,False
2026-02-10 18:00:00+00:00,2026-02-12 07:00:00+00:00,2026-02-12 12:00:00,2,37,0.008173177888901876,3,2026-02-09 19:00:00+00:00,boost_both_absolute_error,True,False
2026-02-10 18:00:00+00:00,2026-02-12 08:00:00+00:00,2026-02-12 13:00:00,2,38,0.009036320660790825,3,2026-02-09 20:00:00+00:00,boost_both_absolute_error,True,False
2026-02-10 18:00:00+00:00,2026-02-12 09:00:00+00:00,2026-02-12 14:00:00,2,39,0.0268467236882245,3,2026-02-09 21:00:00+00:00,boost_both_absolute_error,True,False
2026-02-10 18:00:00+00:00,2026-02-12 10:00:00+00:00,2026-02-12 15:00:00,2,40,0.04331465507497482,3,2026-02-09 22:00:00+00:00,boost_both_absolute_error,True,False
2026-02-10 18:00:00+00:00,2026-02-12 11:00:00+00:00,2026-02-12 16:00:00,2,41,0.2273466972260962,3,2026-02-09 23:00:00+00:00,boost_both_absolute_error,True,False
2026-02-10 18:00:00+00:00,2026-02-12 12:00:00+00:00,2026-02-12 17:00:00,2,42,0.33102811021454187,3,2026-02-10 00:00:00+00:00,boost_both_absolute_error,True,False
2026-02-10 18:00:00+00:00,2026-02-12 13:00:00+00:00,2026-02-12 18:00:00,2,43,0.3768063781846398,3,2026-02-10 01:00:00+00:00,boost_both_absolute_error,True,False
2026-02-10 18:00:00+00:00,2026-02-12 14:00:00+00:00,2026-02-12 19:00:00,2,44,0.3436402194809344,3,2026-02-10 02:00:00+00:00,boost_both_absolute_error,True,False
2026-02-10 18:00:00+00:00,2026-02-12 15:00:00+00:00,2026-02-12 20:00:00,2,45,0.2905136124885681,3,2026-02-10 03:00:00+00:00,boost_both_absolute_error,True,False
2026-02-10 18:00:00+00:00,2026-02-12 16:00:00+00:00,2026-02-12 21:00:00,2,46,0.26585497567316047,3,2026-02-10 04:00:00+00:00,boost_both_absolute_error,True,False
2026-02-10 18:00:00+00:00,2026-02-12 17:00:00+00:00,2026-02-12 22:00:00,2,47,0.13837596467120464,3,2026-02-10 05:00:00+00:00,boost_both_absolute_error,True,False
2026-02-10 18:00:00+00:00,2026-02-12 18:00:00+00:00,2026-02-12 23:00:00,2,48,0.010374377243735468,3,2026-02-10 06:00:00+00:00,boost_both_absolute_error,True,False
2026-02-11 18:00:00+00:00,2026-02-11 19:00:00+00:00,2026-02-12 00:00:00,1,1,0.42367636649887486,1,2026-02-11 07:00:00+00:00,boost_both_absolute_error,True,False
2026-02-11 18:00:00+00:00,2026-02-11 20:00:00+00:00,2026-02-12 01:00:00,1,2,0.5699423430539577,1,2026-02-11 08:00:00+00:00,boost_both_absolute_error,True,False
2026-02-11 18:00:00+00:00,2026-02-11 21:00:00+00:00,2026-02-12 02:00:00,1,3,0.5209273840369987,1,2026-02-11 09:00:00+00:00,boost_both_absolute_error,True,False
2026-02-11 18:00:00+00:00,2026-02-11 22:00:00+00:00,2026-02-12 03:00:00,1,4,0.4480343116693012,1,2026-02-11 10:00:00+00:00,boost_both_absolute_error,True,False
2026-02-11 18:00:00+00:00,2026-02-11 23:00:00+00:00,2026-02-12 04:00:00,1,5,0.4219716481496425,1,2026-02-11 11:00:00+00:00,boost_both_absolute_error,True,False
2026-02-11 18:00:00+00:00,2026-02-12 00:00:00+00:00,2026-02-12 05:00:00,1,6,0.05035992746818451,1,2026-02-11 12:00:00+00:00,boost_both_absolute_error,True,False
2026-02-11 18:00:00+00:00,2026-02-12 01:00:00+00:00,2026-02-12 06:00:00,1,7,0.048120313101105365,1,2026-02-11 13:00:00+00:00,boost_both_absolute_error,True,False
2026-02-11 18:00:00+00:00,2026-02-12 02:00:00+00:00,2026-02-12 07:00:00,1,8,0.02713295136102848,1,2026-02-11 14:00:00+00:00,boost_both_absolute_error,True,False
2026-02-11 18:00:00+00:00,2026-02-12 03:00:00+00:00,2026-02-12 08:00:00,1,9,0.012125725838266651,1,2026-02-11 15:00:00+00:00,boost_both_absolute_error,True,False
2026-02-11 18:00:00+00:00,2026-02-12 04:00:00+00:00,2026-02-12 09:00:00,1,10,0.008637421150794675,1,2026-02-11 16:00:00+00:00,boost_both_absolute_error,True,False
2026-02-11 18:00:00+00:00,2026-02-12 05:00:00+00:00,2026-02-12 10:00:00,1,11,0.01181669208621585,1,2026-02-11 17:00:00+00:00,boost_both_absolute_error,True,False
2026-02-11 18:00:00+00:00,2026-02-12 06:00:00+00:00,2026-02-12 11:00:00,1,12,0.22287443049067993,1,2026-02-11 18:00:00+00:00,boost_both_absolute_error,True,False
2026-02-11 18:00:00+00:00,2026-02-12 07:00:00+00:00,2026-02-12 12:00:00,1,13,0.009961094261119356,2,2026-02-10 19:00:00+00:00,boost_both_absolute_error,True,False
2026-02-11 18:00:00+00:00,2026-02-12 08:00:00+00:00,2026-02-12 13:00:00,1,14,0.00959768397524666,2,2026-02-10 20:00:00+00:00,boost_both_absolute_error,True,False
2026-02-11 18:00:00+00:00,2026-02-12 09:00:00+00:00,2026-02-12 14:00:00,1,15,0.018365207691878653,2,2026-02-10 21:00:00+00:00,boost_both_absolute_error,True,False
2026-02-11 18:00:00+00:00,2026-02-12 10:00:00+00:00,2026-02-12 15:00:00,1,16,0.024413309806766766,2,2026-02-10 22:00:00+00:00,boost_both_absolute_error,True,False
2026-02-11 18:00:00+00:00,2026-02-12 11:00:00+00:00,2026-02-12 16:00:00,1,17,0.016606712692151606,2,2026-02-10 23:00:00+00:00,boost_both_absolute_error,True,False
2026-02-11 18:00:00+00:00,2026-02-12 12:00:00+00:00,2026-02-12 17:00:00,1,18,0.02895612386218178,2,2026-02-11 00:00:00+00:00,boost_both_absolute_error,True,False
2026-02-11 18:00:00+00:00,2026-02-12 13:00:00+00:00,2026-02-12 18:00:00,1,19,0.04651525073249576,2,2026-02-11 01:00:00+00:00,boost_both_absolute_error,True,False
2026-02-11 18:00:00+00:00,2026-02-12 14:00:00+00:00,2026-02-12 19:00:00,1,20,0.06240993508849877,2,2026-02-11 02:00:00+00:00,boost_both_absolute_error,True,False
2026-02-11 18:00:00+00:00,2026-02-12 15:00:00+00:00,2026-02-12 20:00:00,1,21,0.2318650382655936,2,2026-02-11 03:00:00+00:00,boost_both_absolute_error,True,False
2026-02-11 18:00:00+00:00,2026-02-12 16:00:00+00:00,2026-02-12 21:00:00,1,22,0.39069493645964426,2,2026-02-11 04:00:00+00:00,boost_both_absolute_error,True,False
2026-02-11 18:00:00+00:00,2026-02-12 17:00:00+00:00,2026-02-12 22:00:00,1,23,0.449784515180942,2,2026-02-11 05:00:00+00:00,boost_both_absolute_error,True,False
2026-02-11 18:00:00+00:00,2026-02-12 18:00:00+00:00,2026-02-12 23:00:00,1,24,0.33860315094725224,2,2026-02-11 06:00:00+00:00,boost_both_absolute_error,True,False
2026-02-11 18:00:00+00:00,2026-02-12 19:00:00+00:00,2026-02-13 00:00:00,1,25,0.28987247944519556,2,2026-02-11 07:00:00+00:00,boost_both_absolute_error,True,False
2026-02-11 18:00:00+00:00,2026-02-12 20:00:00+00:00,2026-02-13 01:00:00,1,26,0.23420620507788395,2,2026-02-11 08:00:00+00:00,boost_both_absolute_error,True,False
2026-02-11 18:00:00+00:00,2026-02-12 21:00:00+00:00,2026-02-13 02:00:00,1,27,0.17306300729030674,2,2026-02-11 09:00:00+00:00,boost_both_absolute_error,True,False
2026-02-11 18:00:00+00:00,2026-02-12 22:00:00+00:00,2026-02-13 03:00:00,1,28,0.10184264815156208,2,2026-02-11 10:00:00+00:00,boost_both_absolute_error,True,False
2026-02-11 18:00:00+00:00,2026-02-12 23:00:00+00:00,2026-02-13 04:00:00,1,29,0.03221829184961656,2,2026-02-11 11:00:00+00:00,boost_both_absolute_error,True,False
2026-02-11 18:00:00+00:00,2026-02-13 00:00:00+00:00,2026-02-13 05:00:00,1,30,0.02685314715820788,2,2026-02-11 12:00:00+00:00,boost_both_absolute_error,True,False
2026-02-11 18:00:00+00:00,2026-02-13 01:00:00+00:00,2026-02-13 06:00:00,1,31,0.0013131579670567278,2,2026-02-11 13:00:00+00:00,boost_both_absolute_error,True,False
2026-02-11 18:00:00+00:00,2026-02-13 02:00:00+00:00,2026-02-13 07:00:00,1,32,0.00341461483765976,2,2026-02-11 14:00:00+00:00,boost_both_absolute_error,True,False
2026-02-11 18:00:00+00:00,2026-02-13 03:00:00+00:00,2026-02-13 08:00:00,1,33,0.006593679029427461,2,2026-02-11 15:00:00+00:00,boost_both_absolute_error,True,False
2026-02-11 18:00:00+00:00,2026-02-13 04:00:00+00:00,2026-02-13 09:00:00,1,34,0.007589962771701345,2,2026-02-11 16:00:00+00:00,boost_both_absolute_error,True,False
2026-02-11 18:00:00+00:00,2026-02-13 05:00:00+00:00,2026-02-13 10:00:00,1,35,0.0028099993837949005,2,2026-02-11 17:00:00+00:00,boost_both_absolute_error,True,False
2026-02-11 18:00:00+00:00,2026-02-13 06:00:00+00:00,2026-02-13 11:00:00,1,36,0.003167503851936659,2,2026-02-11 18:00:00+00:00,boost_both_absolute_error,True,False
2026-02-11 18:00:00+00:00,2026-02-13 07:00:00+00:00,2026-02-13 12:00:00,1,37,0.0936969054946748,3,2026-02-10 19:00:00+00:00,boost_both_absolute_error,True,False
2026-02-11 18:00:00+00:00,2026-02-13 08:00:00+00:00,2026-02-13 13:00:00,1,38,0.07894027094002824,3,2026-02-10 20:00:00+00:00,boost_both_absolute_error,True,False
2026-02-11 18:00:00+00:00,2026-02-13 09:00:00+00:00,2026-02-13 14:00:00,1,39,0.14370954455411222,3,2026-02-10 21:00:00+00:00,boost_both_absolute_error,True,False
2026-02-11 18:00:00+00:00,2026-02-13 10:00:00+00:00,2026-02-13 15:00:00,1,40,0.1289129523433891,3,2026-02-10 22:00:00+00:00,boost_both_absolute_error,True,False
2026-02-11 18:00:00+00:00,2026-02-13 11:00:00+00:00,2026-02-13 16:00:00,1,41,0.14042821952211293,3,2026-02-10 23:00:00+00:00,boost_both_absolute_error,True,False
2026-02-11 18:00:00+00:00,2026-02-13 12:00:00+00:00,2026-02-13 17:00:00,1,42,0.0498684285246732,3,2026-02-11 00:00:00+00:00,boost_both_absolute_error,True,False
2026-02-11 18:00:00+00:00,2026-02-13 13:00:00+00:00,2026-02-13 18:00:00,1,43,0.03932035081543399,3,2026-02-11 01:00:00+00:00,boost_both_absolute_error,True,False
2026-02-11 18:00:00+00:00,2026-02-13 14:00:00+00:00,2026-02-13 19:00:00,1,44,0.03670595822617038,3,2026-02-11 02:00:00+00:00,boost_both_absolute_error,True,False
2026-02-11 18:00:00+00:00,2026-02-13 15:00:00+00:00,2026-02-13 20:00:00,1,45,0.03705273393256238,3,2026-02-11 03:00:00+00:00,boost_both_absolute_error,True,False
2026-02-11 18:00:00+00:00,2026-02-13 16:00:00+00:00,2026-02-13 21:00:00,1,46,0.06264329837299674,3,2026-02-11 04:00:00+00:00,boost_both_absolute_error,True,False
2026-02-11 18:00:00+00:00,2026-02-13 17:00:00+00:00,2026-02-13 22:00:00,1,47,0.18783151072038973,3,2026-02-11 05:00:00+00:00,boost_both_absolute_error,True,False
2026-02-11 18:00:00+00:00,2026-02-13 18:00:00+00:00,2026-02-13 23:00:00,1,48,0.1866666801101212,3,2026-02-11 06:00:00+00:00,boost_both_absolute_error,True,False
2026-02-11 18:00:00+00:00,2026-02-11 19:00:00+00:00,2026-02-12 00:00:00,2,1,0.42056895772689873,1,2026-02-11 07:00:00+00:00,boost_both_absolute_error,True,False
2026-02-11 18:00:00+00:00,2026-02-11 20:00:00+00:00,2026-02-12 01:00:00,2,2,0.566631785986143,1,2026-02-11 08:00:00+00:00,boost_both_absolute_error,True,False
2026-02-11 18:00:00+00:00,2026-02-11 21:00:00+00:00,2026-02-12 02:00:00,2,3,0.517616826969184,1,2026-02-11 09:00:00+00:00,boost_both_absolute_error,True,False
2026-02-11 18:00:00+00:00,2026-02-11 22:00:00+00:00,2026-02-12 03:00:00,2,4,0.4450927685532561,1,2026-02-11 10:00:00+00:00,boost_both_absolute_error,True,False
2026-02-11 18:00:00+00:00,2026-02-11 23:00:00+00:00,2026-02-12 04:00:00,2,5,0.4196319876693271,1,2026-02-11 11:00:00+00:00,boost_both_absolute_error,True,False
2026-02-11 18:00:00+00:00,2026-02-12 00:00:00+00:00,2026-02-12 05:00:00,2,6,0.048932295887684676,1,2026-02-11 12:00:00+00:00,boost_both_absolute_error,True,False
2026-02-11 18:00:00+00:00,2026-02-12 01:00:00+00:00,2026-02-12 06:00:00,2,7,0.0469184088084503,1,2026-02-11 13:00:00+00:00,boost_both_absolute_error,True,False
2026-02-11 18:00:00+00:00,2026-02-12 02:00:00+00:00,2026-02-12 07:00:00,2,8,0.02549459415413627,1,2026-02-11 14:00:00+00:00,boost_both_absolute_error,True,False
2026-02-11 18:00:00+00:00,2026-02-12 03:00:00+00:00,2026-02-12 08:00:00,2,9,0.010820697600016044,1,2026-02-11 15:00:00+00:00,boost_both_absolute_error,True,False
2026-02-11 18:00:00+00:00,2026-02-12 04:00:00+00:00,2026-02-12 09:00:00,2,10,0.006909238791863298,1,2026-02-11 16:00:00+00:00,boost_both_absolute_error,True,False
2026-02-11 18:00:00+00:00,2026-02-12 05:00:00+00:00,2026-02-12 10:00:00,2,11,0.010088509727284471,1,2026-02-11 17:00:00+00:00,boost_both_absolute_error,True,False
2026-02-11 18:00:00+00:00,2026-02-12 06:00:00+00:00,2026-02-12 11:00:00,2,12,0.2268033924050862,1,2026-02-11 18:00:00+00:00,boost_both_absolute_error,True,False
2026-02-11 18:00:00+00:00,2026-02-12 07:00:00+00:00,2026-02-12 12:00:00,2,13,0.011766511336528895,2,2026-02-10 19:00:00+00:00,boost_both_absolute_error,True,False
2026-02-11 18:00:00+00:00,2026-02-12 08:00:00+00:00,2026-02-12 13:00:00,2,14,0.009651400520796261,2,2026-02-10 20:00:00+00:00,boost_both_absolute_error,True,False
2026-02-11 18:00:00+00:00,2026-02-12 09:00:00+00:00,2026-02-12 14:00:00,2,15,0.01667140666617821,2,2026-02-10 21:00:00+00:00,boost_both_absolute_error,True,False
2026-02-11 18:00:00+00:00,2026-02-12 10:00:00+00:00,2026-02-12 15:00:00,2,16,0.023061796549828623,2,2026-02-10 22:00:00+00:00,boost_both_absolute_error,True,False
2026-02-11 18:00:00+00:00,2026-02-12 11:00:00+00:00,2026-02-12 16:00:00,2,17,0.014745448353740554,2,2026-02-10 23:00:00+00:00,boost_both_absolute_error,True,False
2026-02-11 18:00:00+00:00,2026-02-12 12:00:00+00:00,2026-02-12 17:00:00,2,18,0.02769435793761291,2,2026-02-11 00:00:00+00:00,boost_both_absolute_error,True,False
2026-02-11 18:00:00+00:00,2026-02-12 13:00:00+00:00,2026-02-12 18:00:00,2,19,0.045253484807926916,2,2026-02-11 01:00:00+00:00,boost_both_absolute_error,True,False
2026-02-11 18:00:00+00:00,2026-02-12 14:00:00+00:00,2026-02-12 19:00:00,2,20,0.05988115159686125,2,2026-02-11 02:00:00+00:00,boost_both_absolute_error,True,False
2026-02-11 18:00:00+00:00,2026-02-12 15:00:00+00:00,2026-02-12 20:00:00,2,21,0.22830296395001015,2,2026-02-11 03:00:00+00:00,boost_both_absolute_error,True,False
2026-02-11 18:00:00+00:00,2026-02-12 16:00:00+00:00,2026-02-12 21:00:00,2,22,0.38713286214406073,2,2026-02-11 04:00:00+00:00,boost_both_absolute_error,True,False
2026-02-11 18:00:00+00:00,2026-02-12 17:00:00+00:00,2026-02-12 22:00:00,2,23,0.44622244086535856,2,2026-02-11 05:00:00+00:00,boost_both_absolute_error,True,False
2026-02-11 18:00:00+00:00,2026-02-12 18:00:00+00:00,2026-02-12 23:00:00,2,24,0.3348752109757379,2,2026-02-11 06:00:00+00:00,boost_both_absolute_error,True,False
2026-02-11 18:00:00+00:00,2026-02-12 19:00:00+00:00,2026-02-13 00:00:00,2,25,0.28631040512961226,2,2026-02-11 07:00:00+00:00,boost_both_absolute_error,True,False
2026-02-11 18:00:00+00:00,2026-02-12 20:00:00+00:00,2026-02-13 01:00:00,2,26,0.23152237554191937,2,2026-02-11 08:00:00+00:00,boost_both_absolute_error,True,False
2026-02-11 18:00:00+00:00,2026-02-12 21:00:00+00:00,2026-02-13 02:00:00,2,27,0.17037917775434216,2,2026-02-11 09:00:00+00:00,boost_both_absolute_error,True,False
2026-02-11 18:00:00+00:00,2026-02-12 22:00:00+00:00,2026-02-13 03:00:00,2,28,0.09899295295966654,2,2026-02-11 10:00:00+00:00,boost_both_absolute_error,True,False
2026-02-11 18:00:00+00:00,2026-02-12 23:00:00+00:00,2026-02-13 04:00:00,2,29,0.030756876148920177,2,2026-02-11 11:00:00+00:00,boost_both_absolute_error,True,False
2026-02-11 18:00:00+00:00,2026-02-13 00:00:00+00:00,2026-02-13 05:00:00,2,30,0.025391731457511484,2,2026-02-11 12:00:00+00:00,boost_both_absolute_error,True,False
2026-02-11 18:00:00+00:00,2026-02-13 01:00:00+00:00,2026-02-13 06:00:00,2,31,0.0,2,2026-02-11 13:00:00+00:00,boost_both_absolute_error,True,False
2026-02-11 18:00:00+00:00,2026-02-13 02:00:00+00:00,2026-02-13 07:00:00,2,32,0.0015533504992487164,2,2026-02-11 14:00:00+00:00,boost_both_absolute_error,True,False
2026-02-11 18:00:00+00:00,2026-02-13 03:00:00+00:00,2026-02-13 08:00:00,2,33,0.005499376417569222,2,2026-02-11 15:00:00+00:00,boost_both_absolute_error,True,False
2026-02-11 18:00:00+00:00,2026-02-13 04:00:00+00:00,2026-02-13 09:00:00,2,34,0.00939537984711089,2,2026-02-11 16:00:00+00:00,boost_both_absolute_error,True,False
2026-02-11 18:00:00+00:00,2026-02-13 05:00:00+00:00,2026-02-13 10:00:00,2,35,0.004615416459204445,2,2026-02-11 17:00:00+00:00,boost_both_absolute_error,True,False
2026-02-11 18:00:00+00:00,2026-02-13 06:00:00+00:00,2026-02-13 11:00:00,2,36,0.003055354741555267,2,2026-02-11 18:00:00+00:00,boost_both_absolute_error,True,False
2026-02-11 18:00:00+00:00,2026-02-13 07:00:00+00:00,2026-02-13 12:00:00,2,37,0.0959569881136918,3,2026-02-10 19:00:00+00:00,boost_both_absolute_error,True,False
2026-02-11 18:00:00+00:00,2026-02-13 08:00:00+00:00,2026-02-13 13:00:00,2,38,0.08187597029644914,3,2026-02-10 20:00:00+00:00,boost_both_absolute_error,True,False
2026-02-11 18:00:00+00:00,2026-02-13 09:00:00+00:00,2026-02-13 14:00:00,2,39,0.1504525845238624,3,2026-02-10 21:00:00+00:00,boost_both_absolute_error,True,False
2026-02-11 18:00:00+00:00,2026-02-13 10:00:00+00:00,2026-02-13 15:00:00,2,40,0.12846084062968094,3,2026-02-10 22:00:00+00:00,boost_both_absolute_error,True,False
2026-02-11 18:00:00+00:00,2026-02-13 11:00:00+00:00,2026-02-13 16:00:00,2,41,0.13935557660886633,3,2026-02-10 23:00:00+00:00,boost_both_absolute_error,True,False
2026-02-11 18:00:00+00:00,2026-02-13 12:00:00+00:00,2026-02-13 17:00:00,2,42,0.04860666260010436,3,2026-02-11 00:00:00+00:00,boost_both_absolute_error,True,False
2026-02-11 18:00:00+00:00,2026-02-13 13:00:00+00:00,2026-02-13 18:00:00,2,43,0.038058584890865145,3,2026-02-11 01:00:00+00:00,boost_both_absolute_error,True,False
2026-02-11 18:00:00+00:00,2026-02-13 14:00:00+00:00,2026-02-13 19:00:00,2,44,0.03506002065575345,3,2026-02-11 02:00:00+00:00,boost_both_absolute_error,True,False
2026-02-11 18:00:00+00:00,2026-02-13 15:00:00+00:00,2026-02-13 20:00:00,2,45,0.036082413099549356,3,2026-02-11 03:00:00+00:00,boost_both_absolute_error,True,False
2026-02-11 18:00:00+00:00,2026-02-13 16:00:00+00:00,2026-02-13 21:00:00,2,46,0.061672977539983805,3,2026-02-11 04:00:00+00:00,boost_both_absolute_error,True,False
2026-02-11 18:00:00+00:00,2026-02-13 17:00:00+00:00,2026-02-13 22:00:00,2,47,0.18689428986979806,3,2026-02-11 05:00:00+00:00,boost_both_absolute_error,True,False
2026-02-11 18:00:00+00:00,2026-02-13 18:00:00+00:00,2026-02-13 23:00:00,2,48,0.18572945925952958,3,2026-02-11 06:00:00+00:00,boost_both_absolute_error,True,False
2026-02-12 18:00:00+00:00,2026-02-12 19:00:00+00:00,2026-02-13 00:00:00,1,1,0.008623863399640046,1,2026-02-12 07:00:00+00:00,boost_both_absolute_error,True,False
2026-02-12 18:00:00+00:00,2026-02-12 20:00:00+00:00,2026-02-13 01:00:00,1,2,0.007928802349816586,1,2026-02-12 08:00:00+00:00,boost_both_absolute_error,True,False
2026-02-12 18:00:00+00:00,2026-02-12 21:00:00+00:00,2026-02-13 02:00:00,1,3,0.010597152413629662,1,2026-02-12 09:00:00+00:00,boost_both_absolute_error,True,False
2026-02-12 18:00:00+00:00,2026-02-12 22:00:00+00:00,2026-02-13 03:00:00,1,4,0.008204533496027545,1,2026-02-12 10:00:00+00:00,boost_both_absolute_error,True,False
2026-02-12 18:00:00+00:00,2026-02-12 23:00:00+00:00,2026-02-13 04:00:00,1,5,0.004674989450507286,1,2026-02-12 11:00:00+00:00,boost_both_absolute_error,True,False
2026-02-12 18:00:00+00:00,2026-02-13 00:00:00+00:00,2026-02-13 05:00:00,1,6,0.007316749846741746,1,2026-02-12 12:00:00+00:00,boost_both_absolute_error,True,False
2026-02-12 18:00:00+00:00,2026-02-13 01:00:00+00:00,2026-02-13 06:00:00,1,7,0.008140995046196496,1,2026-02-12 13:00:00+00:00,boost_both_absolute_error,True,False
2026-02-12 18:00:00+00:00,2026-02-13 02:00:00+00:00,2026-02-13 07:00:00,1,8,0.0,1,2026-02-12 14:00:00+00:00,boost_both_absolute_error,True,False
2026-02-12 18:00:00+00:00,2026-02-13 03:00:00+00:00,2026-02-13 08:00:00,1,9,0.0,1,2026-02-12 15:00:00+00:00,boost_both_absolute_error,True,False
2026-02-12 18:00:00+00:00,2026-02-13 04:00:00+00:00,2026-02-13 09:00:00,1,10,0.003314973334592321,1,2026-02-12 16:00:00+00:00,boost_both_absolute_error,True,False
2026-02-12 18:00:00+00:00,2026-02-13 05:00:00+00:00,2026-02-13 10:00:00,1,11,0.049076472722792516,1,2026-02-12 17:00:00+00:00,boost_both_absolute_error,True,False
2026-02-12 18:00:00+00:00,2026-02-13 06:00:00+00:00,2026-02-13 11:00:00,1,12,0.03648625963497241,1,2026-02-12 18:00:00+00:00,boost_both_absolute_error,True,False
2026-02-12 18:00:00+00:00,2026-02-13 07:00:00+00:00,2026-02-13 12:00:00,1,13,0.009819094220338737,2,2026-02-11 19:00:00+00:00,boost_both_absolute_error,True,False
2026-02-12 18:00:00+00:00,2026-02-13 08:00:00+00:00,2026-02-13 13:00:00,1,14,0.012841959849318248,2,2026-02-11 20:00:00+00:00,boost_both_absolute_error,True,False
2026-02-12 18:00:00+00:00,2026-02-13 09:00:00+00:00,2026-02-13 14:00:00,1,15,0.024260881662169553,2,2026-02-11 21:00:00+00:00,boost_both_absolute_error,True,False
2026-02-12 18:00:00+00:00,2026-02-13 10:00:00+00:00,2026-02-13 15:00:00,1,16,0.021465141914746584,2,2026-02-11 22:00:00+00:00,boost_both_absolute_error,True,False
2026-02-12 18:00:00+00:00,2026-02-13 11:00:00+00:00,2026-02-13 16:00:00,1,17,0.021914628326835,2,2026-02-11 23:00:00+00:00,boost_both_absolute_error,True,False
2026-02-12 18:00:00+00:00,2026-02-13 12:00:00+00:00,2026-02-13 17:00:00,1,18,0.0222232648404806,2,2026-02-12 00:00:00+00:00,boost_both_absolute_error,True,False
2026-02-12 18:00:00+00:00,2026-02-13 13:00:00+00:00,2026-02-13 18:00:00,1,19,0.02702016663340312,2,2026-02-12 01:00:00+00:00,boost_both_absolute_error,True,False
2026-02-12 18:00:00+00:00,2026-02-13 14:00:00+00:00,2026-02-13 19:00:00,1,20,0.023200013635517963,2,2026-02-12 02:00:00+00:00,boost_both_absolute_error,True,False
2026-02-12 18:00:00+00:00,2026-02-13 15:00:00+00:00,2026-02-13 20:00:00,1,21,0.02030512262666711,2,2026-02-12 03:00:00+00:00,boost_both_absolute_error,True,False
2026-02-12 18:00:00+00:00,2026-02-13 16:00:00+00:00,2026-02-13 21:00:00,1,22,0.04631648571217675,2,2026-02-12 04:00:00+00:00,boost_both_absolute_error,True,False
2026-02-12 18:00:00+00:00,2026-02-13 17:00:00+00:00,2026-02-13 22:00:00,1,23,0.11782274408559615,2,2026-02-12 05:00:00+00:00,boost_both_absolute_error,True,False
2026-02-12 18:00:00+00:00,2026-02-13 18:00:00+00:00,2026-02-13 23:00:00,1,24,0.45757333438471115,2,2026-02-12 06:00:00+00:00,boost_both_absolute_error,True,False
2026-02-12 18:00:00+00:00,2026-02-13 19:00:00+00:00,2026-02-14 00:00:00,1,25,0.4870848391219783,2,2026-02-12 07:00:00+00:00,boost_both_absolute_error,True,False
2026-02-12 18:00:00+00:00,2026-02-13 20:00:00+00:00,2026-02-14 01:00:00,1,26,0.5730028045384673,2,2026-02-12 08:00:00+00:00,boost_both_absolute_error,True,False
2026-02-12 18:00:00+00:00,2026-02-13 21:00:00+00:00,2026-02-14 02:00:00,1,27,0.7216291752008488,2,2026-02-12 09:00:00+00:00,boost_both_absolute_error,True,False
2026-02-12 18:00:00+00:00,2026-02-13 22:00:00+00:00,2026-02-14 03:00:00,1,28,0.8011797564535896,2,2026-02-12 10:00:00+00:00,boost_both_absolute_error,True,False
2026-02-12 18:00:00+00:00,2026-02-13 23:00:00+00:00,2026-02-14 04:00:00,1,29,0.7535524895932134,2,2026-02-12 11:00:00+00:00,boost_both_absolute_error,True,False
2026-02-12 18:00:00+00:00,2026-02-14 00:00:00+00:00,2026-02-14 05:00:00,1,30,0.69738456470517,2,2026-02-12 12:00:00+00:00,boost_both_absolute_error,True,False
2026-02-12 18:00:00+00:00,2026-02-14 01:00:00+00:00,2026-02-14 06:00:00,1,31,0.6865550916381135,2,2026-02-12 13:00:00+00:00,boost_both_absolute_error,True,False
2026-02-12 18:00:00+00:00,2026-02-14 02:00:00+00:00,2026-02-14 07:00:00,1,32,0.3519366959807134,2,2026-02-12 14:00:00+00:00,boost_both_absolute_error,True,False
2026-02-12 18:00:00+00:00,2026-02-14 03:00:00+00:00,2026-02-14 08:00:00,1,33,0.3226316940142373,2,2026-02-12 15:00:00+00:00,boost_both_absolute_error,True,False
2026-02-12 18:00:00+00:00,2026-02-14 04:00:00+00:00,2026-02-14 09:00:00,1,34,0.5391690294273053,2,2026-02-12 16:00:00+00:00,boost_both_absolute_error,True,False
2026-02-12 18:00:00+00:00,2026-02-14 05:00:00+00:00,2026-02-14 10:00:00,1,35,0.5873857588627779,2,2026-02-12 17:00:00+00:00,boost_both_absolute_error,True,False
2026-02-12 18:00:00+00:00,2026-02-14 06:00:00+00:00,2026-02-14 11:00:00,1,36,0.7332955875589194,2,2026-02-12 18:00:00+00:00,boost_both_absolute_error,True,False
2026-02-12 18:00:00+00:00,2026-02-14 07:00:00+00:00,2026-02-14 12:00:00,1,37,0.7274838106215736,3,2026-02-11 19:00:00+00:00,boost_both_absolute_error,True,False
2026-02-12 18:00:00+00:00,2026-02-14 08:00:00+00:00,2026-02-14 13:00:00,1,38,0.46035940457224145,3,2026-02-11 20:00:00+00:00,boost_both_absolute_error,True,False
2026-02-12 18:00:00+00:00,2026-02-14 09:00:00+00:00,2026-02-14 14:00:00,1,39,0.2829535439210795,3,2026-02-11 21:00:00+00:00,boost_both_absolute_error,True,False
2026-02-12 18:00:00+00:00,2026-02-14 10:00:00+00:00,2026-02-14 15:00:00,1,40,0.19322268455637695,3,2026-02-11 22:00:00+00:00,boost_both_absolute_error,True,False
2026-02-12 18:00:00+00:00,2026-02-14 11:00:00+00:00,2026-02-14 16:00:00,1,41,0.15952522594444066,3,2026-02-11 23:00:00+00:00,boost_both_absolute_error,True,False
2026-02-12 18:00:00+00:00,2026-02-14 12:00:00+00:00,2026-02-14 17:00:00,1,42,0.5433724900080797,3,2026-02-12 00:00:00+00:00,boost_both_absolute_error,True,False
2026-02-12 18:00:00+00:00,2026-02-14 13:00:00+00:00,2026-02-14 18:00:00,1,43,0.31624818508504793,3,2026-02-12 01:00:00+00:00,boost_both_absolute_error,True,False
2026-02-12 18:00:00+00:00,2026-02-14 14:00:00+00:00,2026-02-14 19:00:00,1,44,0.26696599068029114,3,2026-02-12 02:00:00+00:00,boost_both_absolute_error,True,False
2026-02-12 18:00:00+00:00,2026-02-14 15:00:00+00:00,2026-02-14 20:00:00,1,45,0.1335265339210531,3,2026-02-12 03:00:00+00:00,boost_both_absolute_error,True,False
2026-02-12 18:00:00+00:00,2026-02-14 16:00:00+00:00,2026-02-14 21:00:00,1,46,0.11770167630178205,3,2026-02-12 04:00:00+00:00,boost_both_absolute_error,True,False
2026-02-12 18:00:00+00:00,2026-02-14 17:00:00+00:00,2026-02-14 22:00:00,1,47,0.058549297670269874,3,2026-02-12 05:00:00+00:00,boost_both_absolute_error,True,False
2026-02-12 18:00:00+00:00,2026-02-14 18:00:00+00:00,2026-02-14 23:00:00,1,48,0.0921440187343484,3,2026-02-12 06:00:00+00:00,boost_both_absolute_error,True,False
2026-02-12 18:00:00+00:00,2026-02-12 19:00:00+00:00,2026-02-13 00:00:00,2,1,0.007272350142701902,1,2026-02-12 07:00:00+00:00,boost_both_absolute_error,True,False
2026-02-12 18:00:00+00:00,2026-02-12 20:00:00+00:00,2026-02-13 01:00:00,2,2,0.006577289092878437,1,2026-02-12 08:00:00+00:00,boost_both_absolute_error,True,False
2026-02-12 18:00:00+00:00,2026-02-12 21:00:00+00:00,2026-02-13 02:00:00,2,3,0.008570022419287622,1,2026-02-12 09:00:00+00:00,boost_both_absolute_error,True,False
2026-02-12 18:00:00+00:00,2026-02-12 22:00:00+00:00,2026-02-13 03:00:00,2,4,0.006343269157616508,1,2026-02-12 10:00:00+00:00,boost_both_absolute_error,True,False
2026-02-12 18:00:00+00:00,2026-02-12 23:00:00+00:00,2026-02-13 04:00:00,2,5,0.002813725112096243,1,2026-02-12 11:00:00+00:00,boost_both_absolute_error,True,False
2026-02-12 18:00:00+00:00,2026-02-13 00:00:00+00:00,2026-02-13 05:00:00,2,6,0.006354009377253456,1,2026-02-12 12:00:00+00:00,boost_both_absolute_error,True,False
2026-02-12 18:00:00+00:00,2026-02-13 01:00:00+00:00,2026-02-13 06:00:00,2,7,0.006713363465696649,1,2026-02-12 13:00:00+00:00,boost_both_absolute_error,True,False
2026-02-12 18:00:00+00:00,2026-02-13 02:00:00+00:00,2026-02-13 07:00:00,2,8,0.0,1,2026-02-12 14:00:00+00:00,boost_both_absolute_error,True,False
2026-02-12 18:00:00+00:00,2026-02-13 03:00:00+00:00,2026-02-13 08:00:00,2,9,0.0,1,2026-02-12 15:00:00+00:00,boost_both_absolute_error,True,False
2026-02-12 18:00:00+00:00,2026-02-13 04:00:00+00:00,2026-02-13 09:00:00,2,10,0.0017526566315919387,1,2026-02-12 16:00:00+00:00,boost_both_absolute_error,True,False
2026-02-12 18:00:00+00:00,2026-02-13 05:00:00+00:00,2026-02-13 10:00:00,2,11,0.04840590234768454,1,2026-02-12 17:00:00+00:00,boost_both_absolute_error,True,False
2026-02-12 18:00:00+00:00,2026-02-13 06:00:00+00:00,2026-02-13 11:00:00,2,12,0.03532379156968667,1,2026-02-12 18:00:00+00:00,boost_both_absolute_error,True,False
2026-02-12 18:00:00+00:00,2026-02-13 07:00:00+00:00,2026-02-13 12:00:00,2,13,0.010382561847361235,2,2026-02-11 19:00:00+00:00,boost_both_absolute_error,True,False
2026-02-12 18:00:00+00:00,2026-02-13 08:00:00+00:00,2026-02-13 13:00:00,2,14,0.012729810738936847,2,2026-02-11 20:00:00+00:00,boost_both_absolute_error,True,False
2026-02-12 18:00:00+00:00,2026-02-13 09:00:00+00:00,2026-02-13 14:00:00,2,15,0.022401214980538105,2,2026-02-11 21:00:00+00:00,boost_both_absolute_error,True,False
2026-02-12 18:00:00+00:00,2026-02-13 10:00:00+00:00,2026-02-13 15:00:00,2,16,0.01943801192040455,2,2026-02-11 22:00:00+00:00,boost_both_absolute_error,True,False
2026-02-12 18:00:00+00:00,2026-02-13 11:00:00+00:00,2026-02-13 16:00:00,2,17,0.020761227134894773,2,2026-02-11 23:00:00+00:00,boost_both_absolute_error,True,False
2026-02-12 18:00:00+00:00,2026-02-13 12:00:00+00:00,2026-02-13 17:00:00,2,18,0.020196134846138566,2,2026-02-12 00:00:00+00:00,boost_both_absolute_error,True,False
2026-02-12 18:00:00+00:00,2026-02-13 13:00:00+00:00,2026-02-13 18:00:00,2,19,0.024993036639061078,2,2026-02-12 01:00:00+00:00,boost_both_absolute_error,True,False
2026-02-12 18:00:00+00:00,2026-02-13 14:00:00+00:00,2026-02-13 19:00:00,2,20,0.021172883641175914,2,2026-02-12 02:00:00+00:00,boost_both_absolute_error,True,False
2026-02-12 18:00:00+00:00,2026-02-13 15:00:00+00:00,2026-02-13 20:00:00,2,21,0.018277992632325067,2,2026-02-12 03:00:00+00:00,boost_both_absolute_error,True,False
2026-02-12 18:00:00+00:00,2026-02-13 16:00:00+00:00,2026-02-13 21:00:00,2,22,0.04428935571783472,2,2026-02-12 04:00:00+00:00,boost_both_absolute_error,True,False
2026-02-12 18:00:00+00:00,2026-02-13 17:00:00+00:00,2026-02-13 22:00:00,2,23,0.11688552323500456,2,2026-02-12 05:00:00+00:00,boost_both_absolute_error,True,False
2026-02-12 18:00:00+00:00,2026-02-13 18:00:00+00:00,2026-02-13 23:00:00,2,24,0.4566361135341198,2,2026-02-12 06:00:00+00:00,boost_both_absolute_error,True,False
2026-02-12 18:00:00+00:00,2026-02-13 19:00:00+00:00,2026-02-14 00:00:00,2,25,0.48614761827138675,2,2026-02-12 07:00:00+00:00,boost_both_absolute_error,True,False
2026-02-12 18:00:00+00:00,2026-02-13 20:00:00+00:00,2026-02-14 01:00:00,2,26,0.572686114887414,2,2026-02-12 08:00:00+00:00,boost_both_absolute_error,True,False
2026-02-12 18:00:00+00:00,2026-02-13 21:00:00+00:00,2026-02-14 02:00:00,2,27,0.7228412598488911,2,2026-02-12 09:00:00+00:00,boost_both_absolute_error,True,False
2026-02-12 18:00:00+00:00,2026-02-13 22:00:00+00:00,2026-02-14 03:00:00,2,28,0.8006599185066978,2,2026-02-12 10:00:00+00:00,boost_both_absolute_error,True,False
2026-02-12 18:00:00+00:00,2026-02-13 23:00:00+00:00,2026-02-14 04:00:00,2,29,0.7531886746752225,2,2026-02-12 11:00:00+00:00,boost_both_absolute_error,True,False
2026-02-12 18:00:00+00:00,2026-02-14 00:00:00+00:00,2026-02-14 05:00:00,2,30,0.6968216728733964,2,2026-02-12 12:00:00+00:00,boost_both_absolute_error,True,False
2026-02-12 18:00:00+00:00,2026-02-14 01:00:00+00:00,2026-02-14 06:00:00,2,31,0.6859921998063399,2,2026-02-12 13:00:00+00:00,boost_both_absolute_error,True,False
2026-02-12 18:00:00+00:00,2026-02-14 02:00:00+00:00,2026-02-14 07:00:00,2,32,0.35137380414893976,2,2026-02-12 14:00:00+00:00,boost_both_absolute_error,True,False
2026-02-12 18:00:00+00:00,2026-02-14 03:00:00+00:00,2026-02-14 08:00:00,2,33,0.32366093624137576,2,2026-02-12 15:00:00+00:00,boost_both_absolute_error,True,False
2026-02-12 18:00:00+00:00,2026-02-14 04:00:00+00:00,2026-02-14 09:00:00,2,34,0.5507462109119978,2,2026-02-12 16:00:00+00:00,boost_both_absolute_error,True,False
2026-02-12 18:00:00+00:00,2026-02-14 05:00:00+00:00,2026-02-14 10:00:00,2,35,0.5965884392429722,2,2026-02-12 17:00:00+00:00,boost_both_absolute_error,True,False
2026-02-12 18:00:00+00:00,2026-02-14 06:00:00+00:00,2026-02-14 11:00:00,2,36,0.7495259563098615,2,2026-02-12 18:00:00+00:00,boost_both_absolute_error,True,False
2026-02-12 18:00:00+00:00,2026-02-14 07:00:00+00:00,2026-02-14 12:00:00,2,37,0.7304054846934782,3,2026-02-11 19:00:00+00:00,boost_both_absolute_error,True,False
2026-02-12 18:00:00+00:00,2026-02-14 08:00:00+00:00,2026-02-14 13:00:00,2,38,0.47516510257698197,3,2026-02-11 20:00:00+00:00,boost_both_absolute_error,True,False
2026-02-12 18:00:00+00:00,2026-02-14 09:00:00+00:00,2026-02-14 14:00:00,2,39,0.2825581154020164,3,2026-02-11 21:00:00+00:00,boost_both_absolute_error,True,False
2026-02-12 18:00:00+00:00,2026-02-14 10:00:00+00:00,2026-02-14 15:00:00,2,40,0.19247066971328095,3,2026-02-11 22:00:00+00:00,boost_both_absolute_error,True,False
2026-02-12 18:00:00+00:00,2026-02-14 11:00:00+00:00,2026-02-14 16:00:00,2,41,0.15877321110134465,3,2026-02-11 23:00:00+00:00,boost_both_absolute_error,True,False
2026-02-12 18:00:00+00:00,2026-02-14 12:00:00+00:00,2026-02-14 17:00:00,2,42,0.5428095981763059,3,2026-02-12 00:00:00+00:00,boost_both_absolute_error,True,False
2026-02-12 18:00:00+00:00,2026-02-14 13:00:00+00:00,2026-02-14 18:00:00,2,43,0.3156852932532743,3,2026-02-12 01:00:00+00:00,boost_both_absolute_error,True,False
2026-02-12 18:00:00+00:00,2026-02-14 14:00:00+00:00,2026-02-14 19:00:00,2,44,0.2653531530922958,3,2026-02-12 02:00:00+00:00,boost_both_absolute_error,True,False
2026-02-12 18:00:00+00:00,2026-02-14 15:00:00+00:00,2026-02-14 20:00:00,2,45,0.12788526012756324,3,2026-02-12 03:00:00+00:00,boost_both_absolute_error,True,False
2026-02-12 18:00:00+00:00,2026-02-14 16:00:00+00:00,2026-02-14 21:00:00,2,46,0.11605573873136511,3,2026-02-12 04:00:00+00:00,boost_both_absolute_error,True,False
2026-02-12 18:00:00+00:00,2026-02-14 17:00:00+00:00,2026-02-14 22:00:00,2,47,0.05652216767592784,3,2026-02-12 05:00:00+00:00,boost_both_absolute_error,True,False
2026-02-12 18:00:00+00:00,2026-02-14 18:00:00+00:00,2026-02-14 23:00:00,2,48,0.09052658000475111,3,2026-02-12 06:00:00+00:00,boost_both_absolute_error,True,False
2026-02-13 18:00:00+00:00,2026-02-13 19:00:00+00:00,2026-02-14 00:00:00,1,1,0.6909579697427674,1,2026-02-13 07:00:00+00:00,boost_both_absolute_error,True,False
2026-02-13 18:00:00+00:00,2026-02-13 20:00:00+00:00,2026-02-14 01:00:00,1,2,0.7467074066048117,1,2026-02-13 08:00:00+00:00,boost_both_absolute_error,True,False
2026-02-13 18:00:00+00:00,2026-02-13 21:00:00+00:00,2026-02-14 02:00:00,1,3,0.7469928713663339,1,2026-02-13 09:00:00+00:00,boost_both_absolute_error,True,False
2026-02-13 18:00:00+00:00,2026-02-13 22:00:00+00:00,2026-02-14 03:00:00,1,4,0.6446143642550929,1,2026-02-13 10:00:00+00:00,boost_both_absolute_error,True,False
2026-02-13 18:00:00+00:00,2026-02-13 23:00:00+00:00,2026-02-14 04:00:00,1,5,0.6784606295955388,1,2026-02-13 11:00:00+00:00,boost_both_absolute_error,True,False
2026-02-13 18:00:00+00:00,2026-02-14 00:00:00+00:00,2026-02-14 05:00:00,1,6,0.23853857847012822,1,2026-02-13 12:00:00+00:00,boost_both_absolute_error,True,False
2026-02-13 18:00:00+00:00,2026-02-14 01:00:00+00:00,2026-02-14 06:00:00,1,7,0.21885986916699807,1,2026-02-13 13:00:00+00:00,boost_both_absolute_error,True,False
2026-02-13 18:00:00+00:00,2026-02-14 02:00:00+00:00,2026-02-14 07:00:00,1,8,0.202435709127845,1,2026-02-13 14:00:00+00:00,boost_both_absolute_error,True,False
2026-02-13 18:00:00+00:00,2026-02-14 03:00:00+00:00,2026-02-14 08:00:00,1,9,0.24798713877123563,1,2026-02-13 15:00:00+00:00,boost_both_absolute_error,True,False
2026-02-13 18:00:00+00:00,2026-02-14 04:00:00+00:00,2026-02-14 09:00:00,1,10,0.07521091765321963,1,2026-02-13 16:00:00+00:00,boost_both_absolute_error,True,False
2026-02-13 18:00:00+00:00,2026-02-14 05:00:00+00:00,2026-02-14 10:00:00,1,11,0.08531397144012098,1,2026-02-13 17:00:00+00:00,boost_both_absolute_error,True,False
2026-02-13 18:00:00+00:00,2026-02-14 06:00:00+00:00,2026-02-14 11:00:00,1,12,0.18747843149823315,1,2026-02-13 18:00:00+00:00,boost_both_absolute_error,True,False
2026-02-13 18:00:00+00:00,2026-02-14 07:00:00+00:00,2026-02-14 12:00:00,1,13,0.7400296642439704,2,2026-02-12 19:00:00+00:00,boost_both_absolute_error,True,False
2026-02-13 18:00:00+00:00,2026-02-14 08:00:00+00:00,2026-02-14 13:00:00,1,14,0.7717403299542555,2,2026-02-12 20:00:00+00:00,boost_both_absolute_error,True,False
2026-02-13 18:00:00+00:00,2026-02-14 09:00:00+00:00,2026-02-14 14:00:00,1,15,0.35522893905716607,2,2026-02-12 21:00:00+00:00,boost_both_absolute_error,True,False
2026-02-13 18:00:00+00:00,2026-02-14 10:00:00+00:00,2026-02-14 15:00:00,1,16,0.17976492331066687,2,2026-02-12 22:00:00+00:00,boost_both_absolute_error,True,False
2026-02-13 18:00:00+00:00,2026-02-14 11:00:00+00:00,2026-02-14 16:00:00,1,17,0.3826052578028619,2,2026-02-12 23:00:00+00:00,boost_both_absolute_error,True,False
2026-02-13 18:00:00+00:00,2026-02-14 12:00:00+00:00,2026-02-14 17:00:00,1,18,0.45570164326203727,2,2026-02-13 00:00:00+00:00,boost_both_absolute_error,True,False
2026-02-13 18:00:00+00:00,2026-02-14 13:00:00+00:00,2026-02-14 18:00:00,1,19,0.3417524249754047,2,2026-02-13 01:00:00+00:00,boost_both_absolute_error,True,False
2026-02-13 18:00:00+00:00,2026-02-14 14:00:00+00:00,2026-02-14 19:00:00,1,20,0.2684223482160848,2,2026-02-13 02:00:00+00:00,boost_both_absolute_error,True,False
2026-02-13 18:00:00+00:00,2026-02-14 15:00:00+00:00,2026-02-14 20:00:00,1,21,0.10838395936836637,2,2026-02-13 03:00:00+00:00,boost_both_absolute_error,True,False
2026-02-13 18:00:00+00:00,2026-02-14 16:00:00+00:00,2026-02-14 21:00:00,1,22,0.08406202719277564,2,2026-02-13 04:00:00+00:00,boost_both_absolute_error,True,False
2026-02-13 18:00:00+00:00,2026-02-14 17:00:00+00:00,2026-02-14 22:00:00,1,23,0.04807674174477584,2,2026-02-13 05:00:00+00:00,boost_both_absolute_error,True,False
2026-02-13 18:00:00+00:00,2026-02-14 18:00:00+00:00,2026-02-14 23:00:00,1,24,0.11727734020616373,2,2026-02-13 06:00:00+00:00,boost_both_absolute_error,True,False
2026-02-13 18:00:00+00:00,2026-02-14 19:00:00+00:00,2026-02-15 00:00:00,1,25,0.047259182318660484,2,2026-02-13 07:00:00+00:00,boost_both_absolute_error,True,False
2026-02-13 18:00:00+00:00,2026-02-14 20:00:00+00:00,2026-02-15 01:00:00,1,26,0.018734887538615352,2,2026-02-13 08:00:00+00:00,boost_both_absolute_error,True,False
2026-02-13 18:00:00+00:00,2026-02-14 21:00:00+00:00,2026-02-15 02:00:00,1,27,0.010580940914439044,2,2026-02-13 09:00:00+00:00,boost_both_absolute_error,True,False
2026-02-13 18:00:00+00:00,2026-02-14 22:00:00+00:00,2026-02-15 03:00:00,1,28,0.010429641720776015,2,2026-02-13 10:00:00+00:00,boost_both_absolute_error,True,False
2026-02-13 18:00:00+00:00,2026-02-14 23:00:00+00:00,2026-02-15 04:00:00,1,29,0.011664225409139618,2,2026-02-13 11:00:00+00:00,boost_both_absolute_error,True,False
2026-02-13 18:00:00+00:00,2026-02-15 00:00:00+00:00,2026-02-15 05:00:00,1,30,0.007964363200035036,2,2026-02-13 12:00:00+00:00,boost_both_absolute_error,True,False
2026-02-13 18:00:00+00:00,2026-02-15 01:00:00+00:00,2026-02-15 06:00:00,1,31,0.052578999105333854,2,2026-02-13 13:00:00+00:00,boost_both_absolute_error,True,False
2026-02-13 18:00:00+00:00,2026-02-15 02:00:00+00:00,2026-02-15 07:00:00,1,32,0.1243626624522661,2,2026-02-13 14:00:00+00:00,boost_both_absolute_error,True,False
2026-02-13 18:00:00+00:00,2026-02-15 03:00:00+00:00,2026-02-15 08:00:00,1,33,0.28529045199971353,2,2026-02-13 15:00:00+00:00,boost_both_absolute_error,True,False
2026-02-13 18:00:00+00:00,2026-02-15 04:00:00+00:00,2026-02-15 09:00:00,1,34,0.4980980466384031,2,2026-02-13 16:00:00+00:00,boost_both_absolute_error,True,False
2026-02-13 18:00:00+00:00,2026-02-15 05:00:00+00:00,2026-02-15 10:00:00,1,35,0.7874562468739165,2,2026-02-13 17:00:00+00:00,boost_both_absolute_error,True,False
2026-02-13 18:00:00+00:00,2026-02-15 06:00:00+00:00,2026-02-15 11:00:00,1,36,0.8732839616250243,2,2026-02-13 18:00:00+00:00,boost_both_absolute_error,True,False
2026-02-13 18:00:00+00:00,2026-02-15 07:00:00+00:00,2026-02-15 12:00:00,1,37,0.8258569908185004,3,2026-02-12 19:00:00+00:00,boost_both_absolute_error,True,False
2026-02-13 18:00:00+00:00,2026-02-15 08:00:00+00:00,2026-02-15 13:00:00,1,38,0.9373816111880915,3,2026-02-12 20:00:00+00:00,boost_both_absolute_error,True,False
2026-02-13 18:00:00+00:00,2026-02-15 09:00:00+00:00,2026-02-15 14:00:00,1,39,0.9882534737864048,3,2026-02-12 21:00:00+00:00,boost_both_absolute_error,True,False
2026-02-13 18:00:00+00:00,2026-02-15 10:00:00+00:00,2026-02-15 15:00:00,1,40,0.9824578618367085,3,2026-02-12 22:00:00+00:00,boost_both_absolute_error,True,False
2026-02-13 18:00:00+00:00,2026-02-15 11:00:00+00:00,2026-02-15 16:00:00,1,41,0.9865227508717209,3,2026-02-12 23:00:00+00:00,boost_both_absolute_error,True,False
2026-02-13 18:00:00+00:00,2026-02-15 12:00:00+00:00,2026-02-15 17:00:00,1,42,0.9900950635824471,3,2026-02-13 00:00:00+00:00,boost_both_absolute_error,True,False
2026-02-13 18:00:00+00:00,2026-02-15 13:00:00+00:00,2026-02-15 18:00:00,1,43,0.9822185500184745,3,2026-02-13 01:00:00+00:00,boost_both_absolute_error,True,False
2026-02-13 18:00:00+00:00,2026-02-15 14:00:00+00:00,2026-02-15 19:00:00,1,44,0.9757664266474267,3,2026-02-13 02:00:00+00:00,boost_both_absolute_error,True,False
2026-02-13 18:00:00+00:00,2026-02-15 15:00:00+00:00,2026-02-15 20:00:00,1,45,0.9881112716664606,3,2026-02-13 03:00:00+00:00,boost_both_absolute_error,True,False
2026-02-13 18:00:00+00:00,2026-02-15 16:00:00+00:00,2026-02-15 21:00:00,1,46,0.9376920719239814,3,2026-02-13 04:00:00+00:00,boost_both_absolute_error,True,False
2026-02-13 18:00:00+00:00,2026-02-15 17:00:00+00:00,2026-02-15 22:00:00,1,47,0.9287814824567227,3,2026-02-13 05:00:00+00:00,boost_both_absolute_error,True,False
2026-02-13 18:00:00+00:00,2026-02-15 18:00:00+00:00,2026-02-15 23:00:00,1,48,0.8462765381996933,3,2026-02-13 06:00:00+00:00,boost_both_absolute_error,True,False
2026-02-13 18:00:00+00:00,2026-02-13 19:00:00+00:00,2026-02-14 00:00:00,2,1,0.6904381317958755,1,2026-02-13 07:00:00+00:00,boost_both_absolute_error,True,False
2026-02-13 18:00:00+00:00,2026-02-13 20:00:00+00:00,2026-02-14 01:00:00,2,2,0.7461875686579199,1,2026-02-13 08:00:00+00:00,boost_both_absolute_error,True,False
2026-02-13 18:00:00+00:00,2026-02-13 21:00:00+00:00,2026-02-14 02:00:00,2,3,0.7462174248775486,1,2026-02-13 09:00:00+00:00,boost_both_absolute_error,True,False
2026-02-13 18:00:00+00:00,2026-02-13 22:00:00+00:00,2026-02-14 03:00:00,2,4,0.6436771434045012,1,2026-02-13 10:00:00+00:00,boost_both_absolute_error,True,False
2026-02-13 18:00:00+00:00,2026-02-13 23:00:00+00:00,2026-02-14 04:00:00,2,5,0.6776794317738478,1,2026-02-13 11:00:00+00:00,boost_both_absolute_error,True,False
2026-02-13 18:00:00+00:00,2026-02-14 00:00:00+00:00,2026-02-14 05:00:00,2,6,0.23797568663835453,1,2026-02-13 12:00:00+00:00,boost_both_absolute_error,True,False
2026-02-13 18:00:00+00:00,2026-02-14 01:00:00+00:00,2026-02-14 06:00:00,2,7,0.21829697733522438,1,2026-02-13 13:00:00+00:00,boost_both_absolute_error,True,False
2026-02-13 18:00:00+00:00,2026-02-14 02:00:00+00:00,2026-02-14 07:00:00,2,8,0.20119720055866738,1,2026-02-13 14:00:00+00:00,boost_both_absolute_error,True,False
2026-02-13 18:00:00+00:00,2026-02-14 03:00:00+00:00,2026-02-14 08:00:00,2,9,0.249016380998374,1,2026-02-13 15:00:00+00:00,boost_both_absolute_error,True,False
2026-02-13 18:00:00+00:00,2026-02-14 04:00:00+00:00,2026-02-14 09:00:00,2,10,0.07895075655630356,1,2026-02-13 16:00:00+00:00,boost_both_absolute_error,True,False
2026-02-13 18:00:00+00:00,2026-02-14 05:00:00+00:00,2026-02-14 10:00:00,2,11,0.08757405405913798,1,2026-02-13 17:00:00+00:00,boost_both_absolute_error,True,False
2026-02-13 18:00:00+00:00,2026-02-14 06:00:00+00:00,2026-02-14 11:00:00,2,12,0.19041953481875018,1,2026-02-13 18:00:00+00:00,boost_both_absolute_error,True,False
2026-02-13 18:00:00+00:00,2026-02-14 07:00:00+00:00,2026-02-14 12:00:00,2,13,0.7562600329949125,2,2026-02-12 19:00:00+00:00,boost_both_absolute_error,True,False
2026-02-13 18:00:00+00:00,2026-02-14 08:00:00+00:00,2026-02-14 13:00:00,2,14,0.7879706987051975,2,2026-02-12 20:00:00+00:00,boost_both_absolute_error,True,False
2026-02-13 18:00:00+00:00,2026-02-14 09:00:00+00:00,2026-02-14 14:00:00,2,15,0.35532540822828085,2,2026-02-12 21:00:00+00:00,boost_both_absolute_error,True,False
2026-02-13 18:00:00+00:00,2026-02-14 10:00:00+00:00,2026-02-14 15:00:00,2,16,0.17833729173016696,2,2026-02-12 22:00:00+00:00,boost_both_absolute_error,True,False
2026-02-13 18:00:00+00:00,2026-02-14 11:00:00+00:00,2026-02-14 16:00:00,2,17,0.3815326148896153,2,2026-02-12 23:00:00+00:00,boost_both_absolute_error,True,False
2026-02-13 18:00:00+00:00,2026-02-14 12:00:00+00:00,2026-02-14 17:00:00,2,18,0.4546290003487908,2,2026-02-13 00:00:00+00:00,boost_both_absolute_error,True,False
2026-02-13 18:00:00+00:00,2026-02-14 13:00:00+00:00,2026-02-14 18:00:00,2,19,0.3402910092747083,2,2026-02-13 01:00:00+00:00,boost_both_absolute_error,True,False
2026-02-13 18:00:00+00:00,2026-02-14 14:00:00+00:00,2026-02-14 19:00:00,2,20,0.26680490948648766,2,2026-02-13 02:00:00+00:00,boost_both_absolute_error,True,False
2026-02-13 18:00:00+00:00,2026-02-14 15:00:00+00:00,2026-02-14 20:00:00,2,21,0.10588827585915016,2,2026-02-13 03:00:00+00:00,boost_both_absolute_error,True,False
2026-02-13 18:00:00+00:00,2026-02-14 16:00:00+00:00,2026-02-14 21:00:00,2,22,0.08159310533305181,2,2026-02-13 04:00:00+00:00,boost_both_absolute_error,True,False
2026-02-13 18:00:00+00:00,2026-02-14 17:00:00+00:00,2026-02-14 22:00:00,2,23,0.04560781988505201,2,2026-02-13 05:00:00+00:00,boost_both_absolute_error,True,False
2026-02-13 18:00:00+00:00,2026-02-14 18:00:00+00:00,2026-02-14 23:00:00,2,24,0.1145935106701992,2,2026-02-13 06:00:00+00:00,boost_both_absolute_error,True,False
2026-02-13 18:00:00+00:00,2026-02-14 19:00:00+00:00,2026-02-15 00:00:00,2,25,0.04457535278269597,2,2026-02-13 07:00:00+00:00,boost_both_absolute_error,True,False
2026-02-13 18:00:00+00:00,2026-02-14 20:00:00+00:00,2026-02-15 01:00:00,2,26,0.017071735265202226,2,2026-02-13 08:00:00+00:00,boost_both_absolute_error,True,False
2026-02-13 18:00:00+00:00,2026-02-14 21:00:00+00:00,2026-02-15 02:00:00,2,27,0.008719676576028,2,2026-02-13 09:00:00+00:00,boost_both_absolute_error,True,False
2026-02-13 18:00:00+00:00,2026-02-14 22:00:00+00:00,2026-02-15 03:00:00,2,28,0.008402511726433975,2,2026-02-13 10:00:00+00:00,boost_both_absolute_error,True,False
2026-02-13 18:00:00+00:00,2026-02-14 23:00:00+00:00,2026-02-15 04:00:00,2,29,0.009637095414797571,2,2026-02-13 11:00:00+00:00,boost_both_absolute_error,True,False
2026-02-13 18:00:00+00:00,2026-02-15 00:00:00+00:00,2026-02-15 05:00:00,2,30,0.006612849943096895,2,2026-02-13 12:00:00+00:00,boost_both_absolute_error,True,False
2026-02-13 18:00:00+00:00,2026-02-15 01:00:00+00:00,2026-02-15 06:00:00,2,31,0.05162733448611037,2,2026-02-13 13:00:00+00:00,boost_both_absolute_error,True,False
2026-02-13 18:00:00+00:00,2026-02-15 02:00:00+00:00,2026-02-15 07:00:00,2,32,0.12379977062049244,2,2026-02-13 14:00:00+00:00,boost_both_absolute_error,True,False
2026-02-13 18:00:00+00:00,2026-02-15 03:00:00+00:00,2026-02-15 08:00:00,2,33,0.286319694226852,2,2026-02-13 15:00:00+00:00,boost_both_absolute_error,True,False
2026-02-13 18:00:00+00:00,2026-02-15 04:00:00+00:00,2026-02-15 09:00:00,2,34,0.5020270085528094,2,2026-02-13 16:00:00+00:00,boost_both_absolute_error,True,False
2026-02-13 18:00:00+00:00,2026-02-15 05:00:00+00:00,2026-02-15 10:00:00,2,35,0.7966589272541108,2,2026-02-13 17:00:00+00:00,boost_both_absolute_error,True,False
2026-02-13 18:00:00+00:00,2026-02-15 06:00:00+00:00,2026-02-15 11:00:00,2,36,0.8895143303759664,2,2026-02-13 18:00:00+00:00,boost_both_absolute_error,True,False
2026-02-13 18:00:00+00:00,2026-02-15 07:00:00+00:00,2026-02-15 12:00:00,2,37,0.840008673298729,3,2026-02-12 19:00:00+00:00,boost_both_absolute_error,True,False
2026-02-13 18:00:00+00:00,2026-02-15 08:00:00+00:00,2026-02-15 13:00:00,2,38,0.9511121665396868,3,2026-02-12 20:00:00+00:00,boost_both_absolute_error,True,False
2026-02-13 18:00:00+00:00,2026-02-15 09:00:00+00:00,2026-02-15 14:00:00,2,39,0.9829917407028506,3,2026-02-12 21:00:00+00:00,boost_both_absolute_error,True,False
2026-02-13 18:00:00+00:00,2026-02-15 10:00:00+00:00,2026-02-15 15:00:00,2,40,0.9771961287531544,3,2026-02-12 22:00:00+00:00,boost_both_absolute_error,True,False
2026-02-13 18:00:00+00:00,2026-02-15 11:00:00+00:00,2026-02-15 16:00:00,2,41,0.9815956890957029,3,2026-02-12 23:00:00+00:00,boost_both_absolute_error,True,False
2026-02-13 18:00:00+00:00,2026-02-15 12:00:00+00:00,2026-02-15 17:00:00,2,42,0.9908464612473539,3,2026-02-13 00:00:00+00:00,boost_both_absolute_error,True,False
2026-02-13 18:00:00+00:00,2026-02-15 13:00:00+00:00,2026-02-15 18:00:00,2,43,0.9820730410904007,3,2026-02-13 01:00:00+00:00,boost_both_absolute_error,True,False
2026-02-13 18:00:00+00:00,2026-02-15 14:00:00+00:00,2026-02-15 19:00:00,2,44,0.9752465887005349,3,2026-02-13 02:00:00+00:00,boost_both_absolute_error,True,False
2026-02-13 18:00:00+00:00,2026-02-15 15:00:00+00:00,2026-02-15 20:00:00,2,45,0.9863591211143571,3,2026-02-13 03:00:00+00:00,boost_both_absolute_error,True,False
2026-02-13 18:00:00+00:00,2026-02-15 16:00:00+00:00,2026-02-15 21:00:00,2,46,0.9349729940162985,3,2026-02-13 04:00:00+00:00,boost_both_absolute_error,True,False
2026-02-13 18:00:00+00:00,2026-02-15 17:00:00+00:00,2026-02-15 22:00:00,2,47,0.9260624045490398,3,2026-02-13 05:00:00+00:00,boost_both_absolute_error,True,False
2026-02-13 18:00:00+00:00,2026-02-15 18:00:00+00:00,2026-02-15 23:00:00,2,48,0.8457567002528015,3,2026-02-13 06:00:00+00:00,boost_both_absolute_error,True,False
2026-02-14 18:00:00+00:00,2026-02-14 19:00:00+00:00,2026-02-15 00:00:00,1,1,0.05806304980205277,1,2026-02-14 07:00:00+00:00,boost_both_absolute_error,True,False
2026-02-14 18:00:00+00:00,2026-02-14 20:00:00+00:00,2026-02-15 01:00:00,1,2,0.012295288607753859,1,2026-02-14 08:00:00+00:00,boost_both_absolute_error,True,False
2026-02-14 18:00:00+00:00,2026-02-14 21:00:00+00:00,2026-02-15 02:00:00,1,3,0.007653202943036061,1,2026-02-14 09:00:00+00:00,boost_both_absolute_error,True,False
2026-02-14 18:00:00+00:00,2026-02-14 22:00:00+00:00,2026-02-15 03:00:00,1,4,0.012777068691710948,1,2026-02-14 10:00:00+00:00,boost_both_absolute_error,True,False
2026-02-14 18:00:00+00:00,2026-02-14 23:00:00+00:00,2026-02-15 04:00:00,1,5,0.007915728711241785,1,2026-02-14 11:00:00+00:00,boost_both_absolute_error,True,False
2026-02-14 18:00:00+00:00,2026-02-15 00:00:00+00:00,2026-02-15 05:00:00,1,6,0.018896754856888895,1,2026-02-14 12:00:00+00:00,boost_both_absolute_error,True,False
2026-02-14 18:00:00+00:00,2026-02-15 01:00:00+00:00,2026-02-15 06:00:00,1,7,0.07983262641401107,1,2026-02-14 13:00:00+00:00,boost_both_absolute_error,True,False
2026-02-14 18:00:00+00:00,2026-02-15 02:00:00+00:00,2026-02-15 07:00:00,1,8,0.20981331133172923,1,2026-02-14 14:00:00+00:00,boost_both_absolute_error,True,False
2026-02-14 18:00:00+00:00,2026-02-15 03:00:00+00:00,2026-02-15 08:00:00,1,9,0.3133067720269188,1,2026-02-14 15:00:00+00:00,boost_both_absolute_error,True,False
2026-02-14 18:00:00+00:00,2026-02-15 04:00:00+00:00,2026-02-15 09:00:00,1,10,0.7007271885992231,1,2026-02-14 16:00:00+00:00,boost_both_absolute_error,True,False
2026-02-14 18:00:00+00:00,2026-02-15 05:00:00+00:00,2026-02-15 10:00:00,1,11,0.9193956411802161,1,2026-02-14 17:00:00+00:00,boost_both_absolute_error,True,False
2026-02-14 18:00:00+00:00,2026-02-15 06:00:00+00:00,2026-02-15 11:00:00,1,12,0.9469943622670123,1,2026-02-14 18:00:00+00:00,boost_both_absolute_error,True,False
2026-02-14 18:00:00+00:00,2026-02-15 07:00:00+00:00,2026-02-15 12:00:00,1,13,0.9303764235034623,2,2026-02-13 19:00:00+00:00,boost_both_absolute_error,True,False
2026-02-14 18:00:00+00:00,2026-02-15 08:00:00+00:00,2026-02-15 13:00:00,1,14,0.9481098325402528,2,2026-02-13 20:00:00+00:00,boost_both_absolute_error,True,False
2026-02-14 18:00:00+00:00,2026-02-15 09:00:00+00:00,2026-02-15 14:00:00,1,15,0.9579284120222562,2,2026-02-13 21:00:00+00:00,boost_both_absolute_error,True,False
2026-02-14 18:00:00+00:00,2026-02-15 10:00:00+00:00,2026-02-15 15:00:00,1,16,0.9728105790373095,2,2026-02-13 22:00:00+00:00,boost_both_absolute_error,True,False
2026-02-14 18:00:00+00:00,2026-02-15 11:00:00+00:00,2026-02-15 16:00:00,1,17,0.9631707229790266,2,2026-02-13 23:00:00+00:00,boost_both_absolute_error,True,False
2026-02-14 18:00:00+00:00,2026-02-15 12:00:00+00:00,2026-02-15 17:00:00,1,18,0.9784648450676836,2,2026-02-14 00:00:00+00:00,boost_both_absolute_error,True,False
2026-02-14 18:00:00+00:00,2026-02-15 13:00:00+00:00,2026-02-15 18:00:00,1,19,0.9506387661891496,2,2026-02-14 01:00:00+00:00,boost_both_absolute_error,True,False
2026-02-14 18:00:00+00:00,2026-02-15 14:00:00+00:00,2026-02-15 19:00:00,1,20,0.9682285083479427,2,2026-02-14 02:00:00+00:00,boost_both_absolute_error,True,False
2026-02-14 18:00:00+00:00,2026-02-15 15:00:00+00:00,2026-02-15 20:00:00,1,21,0.9546873048315058,2,2026-02-14 03:00:00+00:00,boost_both_absolute_error,True,False
2026-02-14 18:00:00+00:00,2026-02-15 16:00:00+00:00,2026-02-15 21:00:00,1,22,0.9072221717788596,2,2026-02-14 04:00:00+00:00,boost_both_absolute_error,True,False
2026-02-14 18:00:00+00:00,2026-02-15 17:00:00+00:00,2026-02-15 22:00:00,1,23,0.8598291528862368,2,2026-02-14 05:00:00+00:00,boost_both_absolute_error,True,False
2026-02-14 18:00:00+00:00,2026-02-15 18:00:00+00:00,2026-02-15 23:00:00,1,24,0.7178286282578533,2,2026-02-14 06:00:00+00:00,boost_both_absolute_error,True,False
2026-02-14 18:00:00+00:00,2026-02-15 19:00:00+00:00,2026-02-16 00:00:00,1,25,0.7261320774589336,2,2026-02-14 07:00:00+00:00,boost_both_absolute_error,True,False
2026-02-14 18:00:00+00:00,2026-02-15 20:00:00+00:00,2026-02-16 01:00:00,1,26,0.6753765755359595,2,2026-02-14 08:00:00+00:00,boost_both_absolute_error,True,False
2026-02-14 18:00:00+00:00,2026-02-15 21:00:00+00:00,2026-02-16 02:00:00,1,27,0.6705610461689514,2,2026-02-14 09:00:00+00:00,boost_both_absolute_error,True,False
2026-02-14 18:00:00+00:00,2026-02-15 22:00:00+00:00,2026-02-16 03:00:00,1,28,0.7149876884862969,2,2026-02-14 10:00:00+00:00,boost_both_absolute_error,True,False
2026-02-14 18:00:00+00:00,2026-02-15 23:00:00+00:00,2026-02-16 04:00:00,1,29,0.48070330070005823,2,2026-02-14 11:00:00+00:00,boost_both_absolute_error,True,False
2026-02-14 18:00:00+00:00,2026-02-16 00:00:00+00:00,2026-02-16 05:00:00,1,30,0.693721704548869,2,2026-02-14 12:00:00+00:00,boost_both_absolute_error,True,False
2026-02-14 18:00:00+00:00,2026-02-16 01:00:00+00:00,2026-02-16 06:00:00,1,31,0.6054457484953943,2,2026-02-14 13:00:00+00:00,boost_both_absolute_error,True,False
2026-02-14 18:00:00+00:00,2026-02-16 02:00:00+00:00,2026-02-16 07:00:00,1,32,0.5636511755497312,2,2026-02-14 14:00:00+00:00,boost_both_absolute_error,True,False
2026-02-14 18:00:00+00:00,2026-02-16 03:00:00+00:00,2026-02-16 08:00:00,1,33,0.5843753394445848,2,2026-02-14 15:00:00+00:00,boost_both_absolute_error,True,False
2026-02-14 18:00:00+00:00,2026-02-16 04:00:00+00:00,2026-02-16 09:00:00,1,34,0.7056666157508193,2,2026-02-14 16:00:00+00:00,boost_both_absolute_error,True,False
2026-02-14 18:00:00+00:00,2026-02-16 05:00:00+00:00,2026-02-16 10:00:00,1,35,0.7250115777452915,2,2026-02-14 17:00:00+00:00,boost_both_absolute_error,True,False
2026-02-14 18:00:00+00:00,2026-02-16 06:00:00+00:00,2026-02-16 11:00:00,1,36,0.6490068596618364,2,2026-02-14 18:00:00+00:00,boost_both_absolute_error,True,False
2026-02-14 18:00:00+00:00,2026-02-16 07:00:00+00:00,2026-02-16 12:00:00,1,37,0.88694655760708,3,2026-02-13 19:00:00+00:00,boost_both_absolute_error,True,False
2026-02-14 18:00:00+00:00,2026-02-16 08:00:00+00:00,2026-02-16 13:00:00,1,38,0.9501879381885151,3,2026-02-13 20:00:00+00:00,boost_both_absolute_error,True,False
2026-02-14 18:00:00+00:00,2026-02-16 09:00:00+00:00,2026-02-16 14:00:00,1,39,0.9707381704524044,3,2026-02-13 21:00:00+00:00,boost_both_absolute_error,True,False
2026-02-14 18:00:00+00:00,2026-02-16 10:00:00+00:00,2026-02-16 15:00:00,1,40,0.9747896080423877,3,2026-02-13 22:00:00+00:00,boost_both_absolute_error,True,False
2026-02-14 18:00:00+00:00,2026-02-16 11:00:00+00:00,2026-02-16 16:00:00,1,41,0.9763530407851476,3,2026-02-13 23:00:00+00:00,boost_both_absolute_error,True,False
2026-02-14 18:00:00+00:00,2026-02-16 12:00:00+00:00,2026-02-16 17:00:00,1,42,0.8815253335793476,3,2026-02-14 00:00:00+00:00,boost_both_absolute_error,True,False
2026-02-14 18:00:00+00:00,2026-02-16 13:00:00+00:00,2026-02-16 18:00:00,1,43,0.8779639507537166,3,2026-02-14 01:00:00+00:00,boost_both_absolute_error,True,False
2026-02-14 18:00:00+00:00,2026-02-16 14:00:00+00:00,2026-02-16 19:00:00,1,44,0.8076247382105819,3,2026-02-14 02:00:00+00:00,boost_both_absolute_error,True,False
2026-02-14 18:00:00+00:00,2026-02-16 15:00:00+00:00,2026-02-16 20:00:00,1,45,0.8096427627239341,3,2026-02-14 03:00:00+00:00,boost_both_absolute_error,True,False
2026-02-14 18:00:00+00:00,2026-02-16 16:00:00+00:00,2026-02-16 21:00:00,1,46,0.8121193970373916,3,2026-02-14 04:00:00+00:00,boost_both_absolute_error,True,False
2026-02-14 18:00:00+00:00,2026-02-16 17:00:00+00:00,2026-02-16 22:00:00,1,47,0.7547431602874988,3,2026-02-14 05:00:00+00:00,boost_both_absolute_error,True,False
2026-02-14 18:00:00+00:00,2026-02-16 18:00:00+00:00,2026-02-16 23:00:00,1,48,0.7595025517732874,3,2026-02-14 06:00:00+00:00,boost_both_absolute_error,True,False
2026-02-14 18:00:00+00:00,2026-02-14 19:00:00+00:00,2026-02-15 00:00:00,2,1,0.05644561107245551,1,2026-02-14 07:00:00+00:00,boost_both_absolute_error,True,False
2026-02-14 18:00:00+00:00,2026-02-14 20:00:00+00:00,2026-02-15 01:00:00,2,2,0.010434024269342812,1,2026-02-14 08:00:00+00:00,boost_both_absolute_error,True,False
2026-02-14 18:00:00+00:00,2026-02-14 21:00:00+00:00,2026-02-15 02:00:00,2,3,0.005824185013691936,1,2026-02-14 09:00:00+00:00,boost_both_absolute_error,True,False
2026-02-14 18:00:00+00:00,2026-02-14 22:00:00+00:00,2026-02-15 03:00:00,2,4,0.01135685840913879,1,2026-02-14 10:00:00+00:00,boost_both_absolute_error,True,False
2026-02-14 18:00:00+00:00,2026-02-14 23:00:00+00:00,2026-02-15 04:00:00,2,5,0.006284792802277272,1,2026-02-14 11:00:00+00:00,boost_both_absolute_error,True,False
2026-02-14 18:00:00+00:00,2026-02-15 00:00:00+00:00,2026-02-15 05:00:00,2,6,0.01814474001379296,1,2026-02-14 12:00:00+00:00,boost_both_absolute_error,True,False
2026-02-14 18:00:00+00:00,2026-02-15 01:00:00+00:00,2026-02-15 06:00:00,2,7,0.07926973458223739,1,2026-02-14 13:00:00+00:00,boost_both_absolute_error,True,False
2026-02-14 18:00:00+00:00,2026-02-15 02:00:00+00:00,2026-02-15 07:00:00,2,8,0.20925041949995551,1,2026-02-14 14:00:00+00:00,boost_both_absolute_error,True,False
2026-02-14 18:00:00+00:00,2026-02-15 03:00:00+00:00,2026-02-15 08:00:00,2,9,0.3143360142540574,1,2026-02-14 15:00:00+00:00,boost_both_absolute_error,True,False
2026-02-14 18:00:00+00:00,2026-02-15 04:00:00+00:00,2026-02-15 09:00:00,2,10,0.7123043700839157,1,2026-02-14 16:00:00+00:00,boost_both_absolute_error,True,False
2026-02-14 18:00:00+00:00,2026-02-15 05:00:00+00:00,2026-02-15 10:00:00,2,11,0.9237419859983224,1,2026-02-14 17:00:00+00:00,boost_both_absolute_error,True,False
2026-02-14 18:00:00+00:00,2026-02-15 06:00:00+00:00,2026-02-15 11:00:00,2,12,0.9499499598314503,1,2026-02-14 18:00:00+00:00,boost_both_absolute_error,True,False
2026-02-14 18:00:00+00:00,2026-02-15 07:00:00+00:00,2026-02-15 12:00:00,2,13,0.9333320210679003,2,2026-02-13 19:00:00+00:00,boost_both_absolute_error,True,False
2026-02-14 18:00:00+00:00,2026-02-15 08:00:00+00:00,2026-02-15 13:00:00,2,14,0.9462882392833621,2,2026-02-13 20:00:00+00:00,boost_both_absolute_error,True,False
2026-02-14 18:00:00+00:00,2026-02-15 09:00:00+00:00,2026-02-15 14:00:00,2,15,0.9544563449086726,2,2026-02-13 21:00:00+00:00,boost_both_absolute_error,True,False
2026-02-14 18:00:00+00:00,2026-02-15 10:00:00+00:00,2026-02-15 15:00:00,2,16,0.9712743228555677,2,2026-02-13 22:00:00+00:00,boost_both_absolute_error,True,False
2026-02-14 18:00:00+00:00,2026-02-15 11:00:00+00:00,2026-02-15 16:00:00,2,17,0.9616344667972848,2,2026-02-13 23:00:00+00:00,boost_both_absolute_error,True,False
2026-02-14 18:00:00+00:00,2026-02-15 12:00:00+00:00,2026-02-15 17:00:00,2,18,0.9769285888859416,2,2026-02-14 00:00:00+00:00,boost_both_absolute_error,True,False
2026-02-14 18:00:00+00:00,2026-02-15 13:00:00+00:00,2026-02-15 18:00:00,2,19,0.9504932572610758,2,2026-02-14 01:00:00+00:00,boost_both_absolute_error,True,False
2026-02-14 18:00:00+00:00,2026-02-15 14:00:00+00:00,2026-02-15 19:00:00,2,20,0.9677086704010509,2,2026-02-14 02:00:00+00:00,boost_both_absolute_error,True,False
2026-02-14 18:00:00+00:00,2026-02-15 15:00:00+00:00,2026-02-15 20:00:00,2,21,0.9541674668846142,2,2026-02-14 03:00:00+00:00,boost_both_absolute_error,True,False
2026-02-14 18:00:00+00:00,2026-02-15 16:00:00+00:00,2026-02-15 21:00:00,2,22,0.9067023338319676,2,2026-02-14 04:00:00+00:00,boost_both_absolute_error,True,False
2026-02-14 18:00:00+00:00,2026-02-15 17:00:00+00:00,2026-02-15 22:00:00,2,23,0.8593093149393451,2,2026-02-14 05:00:00+00:00,boost_both_absolute_error,True,False
2026-02-14 18:00:00+00:00,2026-02-15 18:00:00+00:00,2026-02-15 23:00:00,2,24,0.7190407129058956,2,2026-02-14 06:00:00+00:00,boost_both_absolute_error,True,False
2026-02-14 18:00:00+00:00,2026-02-15 19:00:00+00:00,2026-02-16 00:00:00,2,25,0.7256122395120418,2,2026-02-14 07:00:00+00:00,boost_both_absolute_error,True,False
2026-02-14 18:00:00+00:00,2026-02-15 20:00:00+00:00,2026-02-16 01:00:00,2,26,0.6765886601840019,2,2026-02-14 08:00:00+00:00,boost_both_absolute_error,True,False
2026-02-14 18:00:00+00:00,2026-02-15 21:00:00+00:00,2026-02-16 02:00:00,2,27,0.6717731308169937,2,2026-02-14 09:00:00+00:00,boost_both_absolute_error,True,False
2026-02-14 18:00:00+00:00,2026-02-15 22:00:00+00:00,2026-02-16 03:00:00,2,28,0.7144678505394051,2,2026-02-14 10:00:00+00:00,boost_both_absolute_error,True,False
2026-02-14 18:00:00+00:00,2026-02-15 23:00:00+00:00,2026-02-16 04:00:00,2,29,0.4803394857820677,2,2026-02-14 11:00:00+00:00,boost_both_absolute_error,True,False
2026-02-14 18:00:00+00:00,2026-02-16 00:00:00+00:00,2026-02-16 05:00:00,2,30,0.6935761956207952,2,2026-02-14 12:00:00+00:00,boost_both_absolute_error,True,False
2026-02-14 18:00:00+00:00,2026-02-16 01:00:00+00:00,2026-02-16 06:00:00,2,31,0.6053002395673206,2,2026-02-14 13:00:00+00:00,boost_both_absolute_error,True,False
2026-02-14 18:00:00+00:00,2026-02-16 02:00:00+00:00,2026-02-16 07:00:00,2,32,0.5635056666216575,2,2026-02-14 14:00:00+00:00,boost_both_absolute_error,True,False
2026-02-14 18:00:00+00:00,2026-02-16 03:00:00+00:00,2026-02-16 08:00:00,2,33,0.5858219645754231,2,2026-02-14 15:00:00+00:00,boost_both_absolute_error,True,False
2026-02-14 18:00:00+00:00,2026-02-16 04:00:00+00:00,2026-02-16 09:00:00,2,34,0.7113120735071735,2,2026-02-14 16:00:00+00:00,boost_both_absolute_error,True,False
2026-02-14 18:00:00+00:00,2026-02-16 05:00:00+00:00,2026-02-16 10:00:00,2,35,0.7310898451583318,2,2026-02-14 17:00:00+00:00,boost_both_absolute_error,True,False
2026-02-14 18:00:00+00:00,2026-02-16 06:00:00+00:00,2026-02-16 11:00:00,2,36,0.6582095400420306,2,2026-02-14 18:00:00+00:00,boost_both_absolute_error,True,False
2026-02-14 18:00:00+00:00,2026-02-16 07:00:00+00:00,2026-02-16 12:00:00,2,37,0.903176926358022,3,2026-02-13 19:00:00+00:00,boost_both_absolute_error,True,False
2026-02-14 18:00:00+00:00,2026-02-16 08:00:00+00:00,2026-02-16 13:00:00,2,38,0.9531435357529531,3,2026-02-13 20:00:00+00:00,boost_both_absolute_error,True,False
2026-02-14 18:00:00+00:00,2026-02-16 09:00:00+00:00,2026-02-16 14:00:00,2,39,0.9686680294141006,3,2026-02-13 21:00:00+00:00,boost_both_absolute_error,True,False
2026-02-14 18:00:00+00:00,2026-02-16 10:00:00+00:00,2026-02-16 15:00:00,2,40,0.9699543756115407,3,2026-02-13 22:00:00+00:00,boost_both_absolute_error,True,False
2026-02-14 18:00:00+00:00,2026-02-16 11:00:00+00:00,2026-02-16 16:00:00,2,41,0.966898910185071,3,2026-02-13 23:00:00+00:00,boost_both_absolute_error,True,False
2026-02-14 18:00:00+00:00,2026-02-16 12:00:00+00:00,2026-02-16 17:00:00,2,42,0.8813798246512738,3,2026-02-14 00:00:00+00:00,boost_both_absolute_error,True,False
2026-02-14 18:00:00+00:00,2026-02-16 13:00:00+00:00,2026-02-16 18:00:00,2,43,0.8778184418256428,3,2026-02-14 01:00:00+00:00,boost_both_absolute_error,True,False
2026-02-14 18:00:00+00:00,2026-02-16 14:00:00+00:00,2026-02-16 19:00:00,2,44,0.8071049002636901,3,2026-02-14 02:00:00+00:00,boost_both_absolute_error,True,False
2026-02-14 18:00:00+00:00,2026-02-16 15:00:00+00:00,2026-02-16 20:00:00,2,45,0.8091229247770423,3,2026-02-14 03:00:00+00:00,boost_both_absolute_error,True,False
2026-02-14 18:00:00+00:00,2026-02-16 16:00:00+00:00,2026-02-16 21:00:00,2,46,0.8115995590904997,3,2026-02-14 04:00:00+00:00,boost_both_absolute_error,True,False
2026-02-14 18:00:00+00:00,2026-02-16 17:00:00+00:00,2026-02-16 22:00:00,2,47,0.7542233223406068,3,2026-02-14 05:00:00+00:00,boost_both_absolute_error,True,False
2026-02-14 18:00:00+00:00,2026-02-16 18:00:00+00:00,2026-02-16 23:00:00,2,48,0.7589827138263956,3,2026-02-14 06:00:00+00:00,boost_both_absolute_error,True,False
2026-02-15 18:00:00+00:00,2026-02-15 19:00:00+00:00,2026-02-16 00:00:00,1,1,0.46589190898601757,1,2026-02-15 07:00:00+00:00,boost_both_absolute_error,True,False
2026-02-15 18:00:00+00:00,2026-02-15 20:00:00+00:00,2026-02-16 01:00:00,1,2,0.5826517791915705,1,2026-02-15 08:00:00+00:00,boost_both_absolute_error,True,False
2026-02-15 18:00:00+00:00,2026-02-15 21:00:00+00:00,2026-02-16 02:00:00,1,3,0.709255978165072,1,2026-02-15 09:00:00+00:00,boost_both_absolute_error,True,False
2026-02-15 18:00:00+00:00,2026-02-15 22:00:00+00:00,2026-02-16 03:00:00,1,4,0.639766468592368,1,2026-02-15 10:00:00+00:00,boost_both_absolute_error,True,False
2026-02-15 18:00:00+00:00,2026-02-15 23:00:00+00:00,2026-02-16 04:00:00,1,5,0.7763092495954506,1,2026-02-15 11:00:00+00:00,boost_both_absolute_error,True,False
2026-02-15 18:00:00+00:00,2026-02-16 00:00:00+00:00,2026-02-16 05:00:00,1,6,0.9138727346259836,1,2026-02-15 12:00:00+00:00,boost_both_absolute_error,True,False
2026-02-15 18:00:00+00:00,2026-02-16 01:00:00+00:00,2026-02-16 06:00:00,1,7,0.7991396262997548,1,2026-02-15 13:00:00+00:00,boost_both_absolute_error,True,False
2026-02-15 18:00:00+00:00,2026-02-16 02:00:00+00:00,2026-02-16 07:00:00,1,8,0.6461314606799761,1,2026-02-15 14:00:00+00:00,boost_both_absolute_error,True,False
2026-02-15 18:00:00+00:00,2026-02-16 03:00:00+00:00,2026-02-16 08:00:00,1,9,0.48700016333809654,1,2026-02-15 15:00:00+00:00,boost_both_absolute_error,True,False
2026-02-15 18:00:00+00:00,2026-02-16 04:00:00+00:00,2026-02-16 09:00:00,1,10,0.5030916264970402,1,2026-02-15 16:00:00+00:00,boost_both_absolute_error,True,False
2026-02-15 18:00:00+00:00,2026-02-16 05:00:00+00:00,2026-02-16 10:00:00,1,11,0.504195861846559,1,2026-02-15 17:00:00+00:00,boost_both_absolute_error,True,False
2026-02-15 18:00:00+00:00,2026-02-16 06:00:00+00:00,2026-02-16 11:00:00,1,12,0.6771234911091782,1,2026-02-15 18:00:00+00:00,boost_both_absolute_error,True,False
2026-02-15 18:00:00+00:00,2026-02-16 07:00:00+00:00,2026-02-16 12:00:00,1,13,0.7629705321024821,2,2026-02-14 19:00:00+00:00,boost_both_absolute_error,True,False
2026-02-15 18:00:00+00:00,2026-02-16 08:00:00+00:00,2026-02-16 13:00:00,1,14,0.6366687185615288,2,2026-02-14 20:00:00+00:00,boost_both_absolute_error,True,False
2026-02-15 18:00:00+00:00,2026-02-16 09:00:00+00:00,2026-02-16 14:00:00,1,15,0.7048788245922012,2,2026-02-14 21:00:00+00:00,boost_both_absolute_error,True,False
2026-02-15 18:00:00+00:00,2026-02-16 10:00:00+00:00,2026-02-16 15:00:00,1,16,0.7794683194559622,2,2026-02-14 22:00:00+00:00,boost_both_absolute_error,True,False
2026-02-15 18:00:00+00:00,2026-02-16 11:00:00+00:00,2026-02-16 16:00:00,1,17,0.891334622166382,2,2026-02-14 23:00:00+00:00,boost_both_absolute_error,True,False
2026-02-15 18:00:00+00:00,2026-02-16 12:00:00+00:00,2026-02-16 17:00:00,1,18,0.9337915945151235,2,2026-02-15 00:00:00+00:00,boost_both_absolute_error,True,False
2026-02-15 18:00:00+00:00,2026-02-16 13:00:00+00:00,2026-02-16 18:00:00,1,19,0.9049356320581844,2,2026-02-15 01:00:00+00:00,boost_both_absolute_error,True,False
2026-02-15 18:00:00+00:00,2026-02-16 14:00:00+00:00,2026-02-16 19:00:00,1,20,0.9095321212713908,2,2026-02-15 02:00:00+00:00,boost_both_absolute_error,True,False
2026-02-15 18:00:00+00:00,2026-02-16 15:00:00+00:00,2026-02-16 20:00:00,1,21,0.8724231674707026,2,2026-02-15 03:00:00+00:00,boost_both_absolute_error,True,False
2026-02-15 18:00:00+00:00,2026-02-16 16:00:00+00:00,2026-02-16 21:00:00,1,22,0.8680459044971757,2,2026-02-15 04:00:00+00:00,boost_both_absolute_error,True,False
2026-02-15 18:00:00+00:00,2026-02-16 17:00:00+00:00,2026-02-16 22:00:00,1,23,0.840058085539325,2,2026-02-15 05:00:00+00:00,boost_both_absolute_error,True,False
2026-02-15 18:00:00+00:00,2026-02-16 18:00:00+00:00,2026-02-16 23:00:00,1,24,0.7517319615266363,2,2026-02-15 06:00:00+00:00,boost_both_absolute_error,True,False
2026-02-15 18:00:00+00:00,2026-02-16 19:00:00+00:00,2026-02-17 00:00:00,1,25,0.7516760157453787,2,2026-02-15 07:00:00+00:00,boost_both_absolute_error,True,False
2026-02-15 18:00:00+00:00,2026-02-16 20:00:00+00:00,2026-02-17 01:00:00,1,26,0.7813054734722406,2,2026-02-15 08:00:00+00:00,boost_both_absolute_error,True,False
2026-02-15 18:00:00+00:00,2026-02-16 21:00:00+00:00,2026-02-17 02:00:00,1,27,0.6135726275573233,2,2026-02-15 09:00:00+00:00,boost_both_absolute_error,True,False
2026-02-15 18:00:00+00:00,2026-02-16 22:00:00+00:00,2026-02-17 03:00:00,1,28,0.7102356584459378,2,2026-02-15 10:00:00+00:00,boost_both_absolute_error,True,False
2026-02-15 18:00:00+00:00,2026-02-16 23:00:00+00:00,2026-02-17 04:00:00,1,29,0.5353733600500126,2,2026-02-15 11:00:00+00:00,boost_both_absolute_error,True,False
2026-02-15 18:00:00+00:00,2026-02-17 00:00:00+00:00,2026-02-17 05:00:00,1,30,0.11926407572046761,2,2026-02-15 12:00:00+00:00,boost_both_absolute_error,True,False
2026-02-15 18:00:00+00:00,2026-02-17 01:00:00+00:00,2026-02-17 06:00:00,1,31,0.08573566366671022,2,2026-02-15 13:00:00+00:00,boost_both_absolute_error,True,False
2026-02-15 18:00:00+00:00,2026-02-17 02:00:00+00:00,2026-02-17 07:00:00,1,32,0.09741124593238729,2,2026-02-15 14:00:00+00:00,boost_both_absolute_error,True,False
2026-02-15 18:00:00+00:00,2026-02-17 03:00:00+00:00,2026-02-17 08:00:00,1,33,0.08175403049365036,2,2026-02-15 15:00:00+00:00,boost_both_absolute_error,True,False
2026-02-15 18:00:00+00:00,2026-02-17 04:00:00+00:00,2026-02-17 09:00:00,1,34,0.09534926025089098,2,2026-02-15 16:00:00+00:00,boost_both_absolute_error,True,False
2026-02-15 18:00:00+00:00,2026-02-17 05:00:00+00:00,2026-02-17 10:00:00,1,35,0.1709160941640638,2,2026-02-15 17:00:00+00:00,boost_both_absolute_error,True,False
2026-02-15 18:00:00+00:00,2026-02-17 06:00:00+00:00,2026-02-17 11:00:00,1,36,0.34308785471445635,2,2026-02-15 18:00:00+00:00,boost_both_absolute_error,True,False
2026-02-15 18:00:00+00:00,2026-02-17 07:00:00+00:00,2026-02-17 12:00:00,1,37,0.2986822746205544,3,2026-02-14 19:00:00+00:00,boost_both_absolute_error,True,False
2026-02-15 18:00:00+00:00,2026-02-17 08:00:00+00:00,2026-02-17 13:00:00,1,38,0.28941209996791506,3,2026-02-14 20:00:00+00:00,boost_both_absolute_error,True,False
2026-02-15 18:00:00+00:00,2026-02-17 09:00:00+00:00,2026-02-17 14:00:00,1,39,0.2854107404693882,3,2026-02-14 21:00:00+00:00,boost_both_absolute_error,True,False
2026-02-15 18:00:00+00:00,2026-02-17 10:00:00+00:00,2026-02-17 15:00:00,1,40,0.27339994604180856,3,2026-02-14 22:00:00+00:00,boost_both_absolute_error,True,False
2026-02-15 18:00:00+00:00,2026-02-17 11:00:00+00:00,2026-02-17 16:00:00,1,41,0.22360190494605195,3,2026-02-14 23:00:00+00:00,boost_both_absolute_error,True,False
2026-02-15 18:00:00+00:00,2026-02-17 12:00:00+00:00,2026-02-17 17:00:00,1,42,0.46967008248671777,3,2026-02-15 00:00:00+00:00,boost_both_absolute_error,True,False
2026-02-15 18:00:00+00:00,2026-02-17 13:00:00+00:00,2026-02-17 18:00:00,1,43,0.7382203387089104,3,2026-02-15 01:00:00+00:00,boost_both_absolute_error,True,False
2026-02-15 18:00:00+00:00,2026-02-17 14:00:00+00:00,2026-02-17 19:00:00,1,44,0.7429651007284633,3,2026-02-15 02:00:00+00:00,boost_both_absolute_error,True,False
2026-02-15 18:00:00+00:00,2026-02-17 15:00:00+00:00,2026-02-17 20:00:00,1,45,0.8495016493688962,3,2026-02-15 03:00:00+00:00,boost_both_absolute_error,True,False
2026-02-15 18:00:00+00:00,2026-02-17 16:00:00+00:00,2026-02-17 21:00:00,1,46,0.8174265569198493,3,2026-02-15 04:00:00+00:00,boost_both_absolute_error,True,False
2026-02-15 18:00:00+00:00,2026-02-17 17:00:00+00:00,2026-02-17 22:00:00,1,47,0.7345762004081959,3,2026-02-15 05:00:00+00:00,boost_both_absolute_error,True,False
2026-02-15 18:00:00+00:00,2026-02-17 18:00:00+00:00,2026-02-17 23:00:00,1,48,0.47829136344814194,3,2026-02-15 06:00:00+00:00,boost_both_absolute_error,True,False
2026-02-15 18:00:00+00:00,2026-02-15 19:00:00+00:00,2026-02-16 00:00:00,2,1,0.4671039936340599,1,2026-02-15 07:00:00+00:00,boost_both_absolute_error,True,False
2026-02-15 18:00:00+00:00,2026-02-15 20:00:00+00:00,2026-02-16 01:00:00,2,2,0.5821319412446787,1,2026-02-15 08:00:00+00:00,boost_both_absolute_error,True,False
2026-02-15 18:00:00+00:00,2026-02-15 21:00:00+00:00,2026-02-16 02:00:00,2,3,0.7055532466131581,1,2026-02-15 09:00:00+00:00,boost_both_absolute_error,True,False
2026-02-15 18:00:00+00:00,2026-02-15 22:00:00+00:00,2026-02-16 03:00:00,2,4,0.6360637370404539,1,2026-02-15 10:00:00+00:00,boost_both_absolute_error,True,False
2026-02-15 18:00:00+00:00,2026-02-15 23:00:00+00:00,2026-02-16 04:00:00,2,5,0.7760987742496478,1,2026-02-15 11:00:00+00:00,boost_both_absolute_error,True,False
2026-02-15 18:00:00+00:00,2026-02-16 00:00:00+00:00,2026-02-16 05:00:00,2,6,0.914867371599806,1,2026-02-15 12:00:00+00:00,boost_both_absolute_error,True,False
2026-02-15 18:00:00+00:00,2026-02-16 01:00:00+00:00,2026-02-16 06:00:00,2,7,0.8002932303099289,1,2026-02-15 13:00:00+00:00,boost_both_absolute_error,True,False
2026-02-15 18:00:00+00:00,2026-02-16 02:00:00+00:00,2026-02-16 07:00:00,2,8,0.6455685688482024,1,2026-02-15 14:00:00+00:00,boost_both_absolute_error,True,False
2026-02-15 18:00:00+00:00,2026-02-16 03:00:00+00:00,2026-02-16 08:00:00,2,9,0.4880294055652349,1,2026-02-15 15:00:00+00:00,boost_both_absolute_error,True,False
2026-02-15 18:00:00+00:00,2026-02-16 04:00:00+00:00,2026-02-16 09:00:00,2,10,0.5122943068772345,1,2026-02-15 16:00:00+00:00,boost_both_absolute_error,True,False
2026-02-15 18:00:00+00:00,2026-02-16 05:00:00+00:00,2026-02-16 10:00:00,2,11,0.5133985422267533,1,2026-02-15 17:00:00+00:00,boost_both_absolute_error,True,False
2026-02-15 18:00:00+00:00,2026-02-16 06:00:00+00:00,2026-02-16 11:00:00,2,12,0.6863261714893726,1,2026-02-15 18:00:00+00:00,boost_both_absolute_error,True,False
2026-02-15 18:00:00+00:00,2026-02-16 07:00:00+00:00,2026-02-16 12:00:00,2,13,0.7792009008534243,2,2026-02-14 19:00:00+00:00,boost_both_absolute_error,True,False
2026-02-15 18:00:00+00:00,2026-02-16 08:00:00+00:00,2026-02-16 13:00:00,2,14,0.6458713989417233,2,2026-02-14 20:00:00+00:00,boost_both_absolute_error,True,False
2026-02-15 18:00:00+00:00,2026-02-16 09:00:00+00:00,2026-02-16 14:00:00,2,15,0.7111817852851277,2,2026-02-14 21:00:00+00:00,boost_both_absolute_error,True,False
2026-02-15 18:00:00+00:00,2026-02-16 10:00:00+00:00,2026-02-16 15:00:00,2,16,0.7841791460899765,2,2026-02-14 22:00:00+00:00,boost_both_absolute_error,True,False
2026-02-15 18:00:00+00:00,2026-02-16 11:00:00+00:00,2026-02-16 16:00:00,2,17,0.8899568006330965,2,2026-02-14 23:00:00+00:00,boost_both_absolute_error,True,False
2026-02-15 18:00:00+00:00,2026-02-16 12:00:00+00:00,2026-02-16 17:00:00,2,18,0.9336460855870499,2,2026-02-15 00:00:00+00:00,boost_both_absolute_error,True,False
2026-02-15 18:00:00+00:00,2026-02-16 13:00:00+00:00,2026-02-16 18:00:00,2,19,0.9002630543060525,2,2026-02-15 01:00:00+00:00,boost_both_absolute_error,True,False
2026-02-15 18:00:00+00:00,2026-02-16 14:00:00+00:00,2026-02-16 19:00:00,2,20,0.904485214500441,2,2026-02-15 02:00:00+00:00,boost_both_absolute_error,True,False
2026-02-15 18:00:00+00:00,2026-02-16 15:00:00+00:00,2026-02-16 20:00:00,2,21,0.8673762606997527,2,2026-02-15 03:00:00+00:00,boost_both_absolute_error,True,False
2026-02-15 18:00:00+00:00,2026-02-16 16:00:00+00:00,2026-02-16 21:00:00,2,22,0.8629989977262258,2,2026-02-15 04:00:00+00:00,boost_both_absolute_error,True,False
2026-02-15 18:00:00+00:00,2026-02-16 17:00:00+00:00,2026-02-16 22:00:00,2,23,0.8395382475924331,2,2026-02-15 05:00:00+00:00,boost_both_absolute_error,True,False
2026-02-15 18:00:00+00:00,2026-02-16 18:00:00+00:00,2026-02-16 23:00:00,2,24,0.7512121235797445,2,2026-02-15 06:00:00+00:00,boost_both_absolute_error,True,False
2026-02-15 18:00:00+00:00,2026-02-16 19:00:00+00:00,2026-02-17 00:00:00,2,25,0.7511561777984869,2,2026-02-15 07:00:00+00:00,boost_both_absolute_error,True,False
2026-02-15 18:00:00+00:00,2026-02-16 20:00:00+00:00,2026-02-17 01:00:00,2,26,0.7807856355253487,2,2026-02-15 08:00:00+00:00,boost_both_absolute_error,True,False
2026-02-15 18:00:00+00:00,2026-02-16 21:00:00+00:00,2026-02-17 02:00:00,2,27,0.6147847122053656,2,2026-02-15 09:00:00+00:00,boost_both_absolute_error,True,False
2026-02-15 18:00:00+00:00,2026-02-16 22:00:00+00:00,2026-02-17 03:00:00,2,28,0.709715820499046,2,2026-02-15 10:00:00+00:00,boost_both_absolute_error,True,False
2026-02-15 18:00:00+00:00,2026-02-16 23:00:00+00:00,2026-02-17 04:00:00,2,29,0.5398658806941098,2,2026-02-15 11:00:00+00:00,boost_both_absolute_error,True,False
2026-02-15 18:00:00+00:00,2026-02-17 00:00:00+00:00,2026-02-17 05:00:00,2,30,0.11870118388869394,2,2026-02-15 12:00:00+00:00,boost_both_absolute_error,True,False
2026-02-15 18:00:00+00:00,2026-02-17 01:00:00+00:00,2026-02-17 06:00:00,2,31,0.08517277183493653,2,2026-02-15 13:00:00+00:00,boost_both_absolute_error,True,False
2026-02-15 18:00:00+00:00,2026-02-17 02:00:00+00:00,2026-02-17 07:00:00,2,32,0.09329113147677344,2,2026-02-15 14:00:00+00:00,boost_both_absolute_error,True,False
2026-02-15 18:00:00+00:00,2026-02-17 03:00:00+00:00,2026-02-17 08:00:00,2,33,0.07922605009694861,2,2026-02-15 15:00:00+00:00,boost_both_absolute_error,True,False
2026-02-15 18:00:00+00:00,2026-02-17 04:00:00+00:00,2026-02-17 09:00:00,2,34,0.09295276417688927,2,2026-02-15 16:00:00+00:00,boost_both_absolute_error,True,False
2026-02-15 18:00:00+00:00,2026-02-17 05:00:00+00:00,2026-02-17 10:00:00,2,35,0.17484505607847003,2,2026-02-15 17:00:00+00:00,boost_both_absolute_error,True,False
2026-02-15 18:00:00+00:00,2026-02-17 06:00:00+00:00,2026-02-17 11:00:00,2,36,0.3470168166288628,2,2026-02-15 18:00:00+00:00,boost_both_absolute_error,True,False
2026-02-15 18:00:00+00:00,2026-02-17 07:00:00+00:00,2026-02-17 12:00:00,2,37,0.30107026163149314,3,2026-02-14 19:00:00+00:00,boost_both_absolute_error,True,False
2026-02-15 18:00:00+00:00,2026-02-17 08:00:00+00:00,2026-02-17 13:00:00,2,38,0.2914113141914039,3,2026-02-14 20:00:00+00:00,boost_both_absolute_error,True,False
2026-02-15 18:00:00+00:00,2026-02-17 09:00:00+00:00,2026-02-17 14:00:00,2,39,0.2860512099090768,3,2026-02-14 21:00:00+00:00,boost_both_absolute_error,True,False
2026-02-15 18:00:00+00:00,2026-02-17 10:00:00+00:00,2026-02-17 15:00:00,2,40,0.27244828142258515,3,2026-02-14 22:00:00+00:00,boost_both_absolute_error,True,False
2026-02-15 18:00:00+00:00,2026-02-17 11:00:00+00:00,2026-02-17 16:00:00,2,41,0.22265024032682842,3,2026-02-14 23:00:00+00:00,boost_both_absolute_error,True,False
2026-02-15 18:00:00+00:00,2026-02-17 12:00:00+00:00,2026-02-17 17:00:00,2,42,0.4691071906549443,3,2026-02-15 00:00:00+00:00,boost_both_absolute_error,True,False
2026-02-15 18:00:00+00:00,2026-02-17 13:00:00+00:00,2026-02-17 18:00:00,2,43,0.7376574468771366,3,2026-02-15 01:00:00+00:00,boost_both_absolute_error,True,False
2026-02-15 18:00:00+00:00,2026-02-17 14:00:00+00:00,2026-02-17 19:00:00,2,44,0.7473015983436596,3,2026-02-15 02:00:00+00:00,boost_both_absolute_error,True,False
2026-02-15 18:00:00+00:00,2026-02-17 15:00:00+00:00,2026-02-17 20:00:00,2,45,0.8538381469840924,3,2026-02-15 03:00:00+00:00,boost_both_absolute_error,True,False
2026-02-15 18:00:00+00:00,2026-02-17 16:00:00+00:00,2026-02-17 21:00:00,2,46,0.8164893360692574,3,2026-02-15 04:00:00+00:00,boost_both_absolute_error,True,False
2026-02-15 18:00:00+00:00,2026-02-17 17:00:00+00:00,2026-02-17 22:00:00,2,47,0.7357882850562383,3,2026-02-15 05:00:00+00:00,boost_both_absolute_error,True,False
2026-02-15 18:00:00+00:00,2026-02-17 18:00:00+00:00,2026-02-17 23:00:00,2,48,0.4773541425975505,3,2026-02-15 06:00:00+00:00,boost_both_absolute_error,True,False
2026-02-16 18:00:00+00:00,2026-02-16 19:00:00+00:00,2026-02-17 00:00:00,1,1,0.7603657625750208,1,2026-02-16 07:00:00+00:00,boost_both_absolute_error,True,False
2026-02-16 18:00:00+00:00,2026-02-16 20:00:00+00:00,2026-02-17 01:00:00,1,2,0.727989396386342,1,2026-02-16 08:00:00+00:00,boost_both_absolute_error,True,False
2026-02-16 18:00:00+00:00,2026-02-16 21:00:00+00:00,2026-02-17 02:00:00,1,3,0.6880131703279454,1,2026-02-16 09:00:00+00:00,boost_both_absolute_error,True,False
2026-02-16 18:00:00+00:00,2026-02-16 22:00:00+00:00,2026-02-17 03:00:00,1,4,0.543465774600941,1,2026-02-16 10:00:00+00:00,boost_both_absolute_error,True,False
2026-02-16 18:00:00+00:00,2026-02-16 23:00:00+00:00,2026-02-17 04:00:00,1,5,0.3985622515029076,1,2026-02-16 11:00:00+00:00,boost_both_absolute_error,True,False
2026-02-16 18:00:00+00:00,2026-02-17 00:00:00+00:00,2026-02-17 05:00:00,1,6,0.3528490149092274,1,2026-02-16 12:00:00+00:00,boost_both_absolute_error,True,False
2026-02-16 18:00:00+00:00,2026-02-17 01:00:00+00:00,2026-02-17 06:00:00,1,7,0.31684124319415985,1,2026-02-16 13:00:00+00:00,boost_both_absolute_error,True,False
2026-02-16 18:00:00+00:00,2026-02-17 02:00:00+00:00,2026-02-17 07:00:00,1,8,0.2150874036691773,1,2026-02-16 14:00:00+00:00,boost_both_absolute_error,True,False
2026-02-16 18:00:00+00:00,2026-02-17 03:00:00+00:00,2026-02-17 08:00:00,1,9,0.11770786230263335,1,2026-02-16 15:00:00+00:00,boost_both_absolute_error,True,False
2026-02-16 18:00:00+00:00,2026-02-17 04:00:00+00:00,2026-02-17 09:00:00,1,10,0.06643073928308976,1,2026-02-16 16:00:00+00:00,boost_both_absolute_error,True,False
2026-02-16 18:00:00+00:00,2026-02-17 05:00:00+00:00,2026-02-17 10:00:00,1,11,0.07823649018252155,1,2026-02-16 17:00:00+00:00,boost_both_absolute_error,True,False
2026-02-16 18:00:00+00:00,2026-02-17 06:00:00+00:00,2026-02-17 11:00:00,1,12,0.057146219336773725,1,2026-02-16 18:00:00+00:00,boost_both_absolute_error,True,False
2026-02-16 18:00:00+00:00,2026-02-17 07:00:00+00:00,2026-02-17 12:00:00,1,13,0.40399310330059657,2,2026-02-15 19:00:00+00:00,boost_both_absolute_error,True,False
2026-02-16 18:00:00+00:00,2026-02-17 08:00:00+00:00,2026-02-17 13:00:00,1,14,0.4706399827120491,2,2026-02-15 20:00:00+00:00,boost_both_absolute_error,True,False
2026-02-16 18:00:00+00:00,2026-02-17 09:00:00+00:00,2026-02-17 14:00:00,1,15,0.6094394004569209,2,2026-02-15 21:00:00+00:00,boost_both_absolute_error,True,False
2026-02-16 18:00:00+00:00,2026-02-17 10:00:00+00:00,2026-02-17 15:00:00,1,16,0.5984833864940287,2,2026-02-15 22:00:00+00:00,boost_both_absolute_error,True,False
2026-02-16 18:00:00+00:00,2026-02-17 11:00:00+00:00,2026-02-17 16:00:00,1,17,0.48847715598513086,2,2026-02-15 23:00:00+00:00,boost_both_absolute_error,True,False
2026-02-16 18:00:00+00:00,2026-02-17 12:00:00+00:00,2026-02-17 17:00:00,1,18,0.3821379576399452,2,2026-02-16 00:00:00+00:00,boost_both_absolute_error,True,False
2026-02-16 18:00:00+00:00,2026-02-17 13:00:00+00:00,2026-02-17 18:00:00,1,19,0.4429982628686744,2,2026-02-16 01:00:00+00:00,boost_both_absolute_error,True,False
2026-02-16 18:00:00+00:00,2026-02-17 14:00:00+00:00,2026-02-17 19:00:00,1,20,0.5479048127012512,2,2026-02-16 02:00:00+00:00,boost_both_absolute_error,True,False
2026-02-16 18:00:00+00:00,2026-02-17 15:00:00+00:00,2026-02-17 20:00:00,1,21,0.6917585706861357,2,2026-02-16 03:00:00+00:00,boost_both_absolute_error,True,False
2026-02-16 18:00:00+00:00,2026-02-17 16:00:00+00:00,2026-02-17 21:00:00,1,22,0.8005257315935178,2,2026-02-16 04:00:00+00:00,boost_both_absolute_error,True,False
2026-02-16 18:00:00+00:00,2026-02-17 17:00:00+00:00,2026-02-17 22:00:00,1,23,0.7718926214578505,2,2026-02-16 05:00:00+00:00,boost_both_absolute_error,True,False
2026-02-16 18:00:00+00:00,2026-02-17 18:00:00+00:00,2026-02-17 23:00:00,1,24,0.6706646302483488,2,2026-02-16 06:00:00+00:00,boost_both_absolute_error,True,False
2026-02-16 18:00:00+00:00,2026-02-17 19:00:00+00:00,2026-02-18 00:00:00,1,25,0.692214127336401,2,2026-02-16 07:00:00+00:00,boost_both_absolute_error,True,False
2026-02-16 18:00:00+00:00,2026-02-17 20:00:00+00:00,2026-02-18 01:00:00,1,26,0.6680481734313775,2,2026-02-16 08:00:00+00:00,boost_both_absolute_error,True,False
2026-02-16 18:00:00+00:00,2026-02-17 21:00:00+00:00,2026-02-18 02:00:00,1,27,0.7498933512617771,2,2026-02-16 09:00:00+00:00,boost_both_absolute_error,True,False
2026-02-16 18:00:00+00:00,2026-02-17 22:00:00+00:00,2026-02-18 03:00:00,1,28,0.7256365268953151,2,2026-02-16 10:00:00+00:00,boost_both_absolute_error,True,False
2026-02-16 18:00:00+00:00,2026-02-17 23:00:00+00:00,2026-02-18 04:00:00,1,29,0.7541669544616635,2,2026-02-16 11:00:00+00:00,boost_both_absolute_error,True,False
2026-02-16 18:00:00+00:00,2026-02-18 00:00:00+00:00,2026-02-18 05:00:00,1,30,0.7856383814471806,2,2026-02-16 12:00:00+00:00,boost_both_absolute_error,True,False
2026-02-16 18:00:00+00:00,2026-02-18 01:00:00+00:00,2026-02-18 06:00:00,1,31,0.6018450495322636,2,2026-02-16 13:00:00+00:00,boost_both_absolute_error,True,False
2026-02-16 18:00:00+00:00,2026-02-18 02:00:00+00:00,2026-02-18 07:00:00,1,32,0.7424716831565374,2,2026-02-16 14:00:00+00:00,boost_both_absolute_error,True,False
2026-02-16 18:00:00+00:00,2026-02-18 03:00:00+00:00,2026-02-18 08:00:00,1,33,0.7985263395960069,2,2026-02-16 15:00:00+00:00,boost_both_absolute_error,True,False
2026-02-16 18:00:00+00:00,2026-02-18 04:00:00+00:00,2026-02-18 09:00:00,1,34,0.901272753942416,2,2026-02-16 16:00:00+00:00,boost_both_absolute_error,True,False
2026-02-16 18:00:00+00:00,2026-02-18 05:00:00+00:00,2026-02-18 10:00:00,1,35,0.900640591469551,2,2026-02-16 17:00:00+00:00,boost_both_absolute_error,True,False
2026-02-16 18:00:00+00:00,2026-02-18 06:00:00+00:00,2026-02-18 11:00:00,1,36,0.9553592468249972,2,2026-02-16 18:00:00+00:00,boost_both_absolute_error,True,False
2026-02-16 18:00:00+00:00,2026-02-18 07:00:00+00:00,2026-02-18 12:00:00,1,37,0.9700190516149145,3,2026-02-15 19:00:00+00:00,boost_both_absolute_error,True,False
2026-02-16 18:00:00+00:00,2026-02-18 08:00:00+00:00,2026-02-18 13:00:00,1,38,0.9730520295650379,3,2026-02-15 20:00:00+00:00,boost_both_absolute_error,True,False
2026-02-16 18:00:00+00:00,2026-02-18 09:00:00+00:00,2026-02-18 14:00:00,1,39,0.9826840263016706,3,2026-02-15 21:00:00+00:00,boost_both_absolute_error,True,False
2026-02-16 18:00:00+00:00,2026-02-18 10:00:00+00:00,2026-02-18 15:00:00,1,40,0.9800516398753832,3,2026-02-15 22:00:00+00:00,boost_both_absolute_error,True,False
2026-02-16 18:00:00+00:00,2026-02-18 11:00:00+00:00,2026-02-18 16:00:00,1,41,0.9745509641846637,3,2026-02-15 23:00:00+00:00,boost_both_absolute_error,True,False
2026-02-16 18:00:00+00:00,2026-02-18 12:00:00+00:00,2026-02-18 17:00:00,1,42,0.9707524173289868,3,2026-02-16 00:00:00+00:00,boost_both_absolute_error,True,False
2026-02-16 18:00:00+00:00,2026-02-18 13:00:00+00:00,2026-02-18 18:00:00,1,43,0.8489532251025108,3,2026-02-16 01:00:00+00:00,boost_both_absolute_error,True,False
2026-02-16 18:00:00+00:00,2026-02-18 14:00:00+00:00,2026-02-18 19:00:00,1,44,0.7767658665562363,3,2026-02-16 02:00:00+00:00,boost_both_absolute_error,True,False
2026-02-16 18:00:00+00:00,2026-02-18 15:00:00+00:00,2026-02-18 20:00:00,1,45,0.5843553702626978,3,2026-02-16 03:00:00+00:00,boost_both_absolute_error,True,False
2026-02-16 18:00:00+00:00,2026-02-18 16:00:00+00:00,2026-02-18 21:00:00,1,46,0.5354451849390037,3,2026-02-16 04:00:00+00:00,boost_both_absolute_error,True,False
2026-02-16 18:00:00+00:00,2026-02-18 17:00:00+00:00,2026-02-18 22:00:00,1,47,0.4629998199408918,3,2026-02-16 05:00:00+00:00,boost_both_absolute_error,True,False
2026-02-16 18:00:00+00:00,2026-02-18 18:00:00+00:00,2026-02-18 23:00:00,1,48,0.4370046744546702,3,2026-02-16 06:00:00+00:00,boost_both_absolute_error,True,False
2026-02-16 18:00:00+00:00,2026-02-16 19:00:00+00:00,2026-02-17 00:00:00,2,1,0.7599377539733,1,2026-02-16 07:00:00+00:00,boost_both_absolute_error,True,False
2026-02-16 18:00:00+00:00,2026-02-16 20:00:00+00:00,2026-02-17 01:00:00,2,2,0.7274695584394502,1,2026-02-16 08:00:00+00:00,boost_both_absolute_error,True,False
2026-02-16 18:00:00+00:00,2026-02-16 21:00:00+00:00,2026-02-17 02:00:00,2,3,0.6874933323810536,1,2026-02-16 09:00:00+00:00,boost_both_absolute_error,True,False
2026-02-16 18:00:00+00:00,2026-02-16 22:00:00+00:00,2026-02-17 03:00:00,2,4,0.5426903281121558,1,2026-02-16 10:00:00+00:00,boost_both_absolute_error,True,False
2026-02-16 18:00:00+00:00,2026-02-16 23:00:00+00:00,2026-02-17 04:00:00,2,5,0.39778105368121697,1,2026-02-16 11:00:00+00:00,boost_both_absolute_error,True,False
2026-02-16 18:00:00+00:00,2026-02-17 00:00:00+00:00,2026-02-17 05:00:00,2,6,0.35228612307745377,1,2026-02-16 12:00:00+00:00,boost_both_absolute_error,True,False
2026-02-16 18:00:00+00:00,2026-02-17 01:00:00+00:00,2026-02-17 06:00:00,2,7,0.31627835136238636,1,2026-02-16 13:00:00+00:00,boost_both_absolute_error,True,False
2026-02-16 18:00:00+00:00,2026-02-17 02:00:00+00:00,2026-02-17 07:00:00,2,8,0.2145245118374036,1,2026-02-16 14:00:00+00:00,boost_both_absolute_error,True,False
2026-02-16 18:00:00+00:00,2026-02-17 03:00:00+00:00,2026-02-17 08:00:00,2,9,0.11517988190593159,1,2026-02-16 15:00:00+00:00,boost_both_absolute_error,True,False
2026-02-16 18:00:00+00:00,2026-02-17 04:00:00+00:00,2026-02-17 09:00:00,2,10,0.06949496144876978,1,2026-02-16 16:00:00+00:00,boost_both_absolute_error,True,False
2026-02-16 18:00:00+00:00,2026-02-17 05:00:00+00:00,2026-02-17 10:00:00,2,11,0.08197632908560545,1,2026-02-16 17:00:00+00:00,boost_both_absolute_error,True,False
2026-02-16 18:00:00+00:00,2026-02-17 06:00:00+00:00,2026-02-17 11:00:00,2,12,0.056093287881138265,1,2026-02-16 18:00:00+00:00,boost_both_absolute_error,True,False
2026-02-16 18:00:00+00:00,2026-02-17 07:00:00+00:00,2026-02-17 12:00:00,2,13,0.4122630106247672,2,2026-02-15 19:00:00+00:00,boost_both_absolute_error,True,False
2026-02-16 18:00:00+00:00,2026-02-17 08:00:00+00:00,2026-02-17 13:00:00,2,14,0.4798426630922433,2,2026-02-15 20:00:00+00:00,boost_both_absolute_error,True,False
2026-02-16 18:00:00+00:00,2026-02-17 09:00:00+00:00,2026-02-17 14:00:00,2,15,0.6104686426840594,2,2026-02-15 21:00:00+00:00,boost_both_absolute_error,True,False
2026-02-16 18:00:00+00:00,2026-02-17 10:00:00+00:00,2026-02-17 15:00:00,2,16,0.5979204946622548,2,2026-02-15 22:00:00+00:00,boost_both_absolute_error,True,False
2026-02-16 18:00:00+00:00,2026-02-17 11:00:00+00:00,2026-02-17 16:00:00,2,17,0.48791426415335737,2,2026-02-15 23:00:00+00:00,boost_both_absolute_error,True,False
2026-02-16 18:00:00+00:00,2026-02-17 12:00:00+00:00,2026-02-17 17:00:00,2,18,0.38157506580817147,2,2026-02-16 00:00:00+00:00,boost_both_absolute_error,True,False
2026-02-16 18:00:00+00:00,2026-02-17 13:00:00+00:00,2026-02-17 18:00:00,2,19,0.4424353710369008,2,2026-02-16 01:00:00+00:00,boost_both_absolute_error,True,False
2026-02-16 18:00:00+00:00,2026-02-17 14:00:00+00:00,2026-02-17 19:00:00,2,20,0.5469675918506596,2,2026-02-16 02:00:00+00:00,boost_both_absolute_error,True,False
2026-02-16 18:00:00+00:00,2026-02-17 15:00:00+00:00,2026-02-17 20:00:00,2,21,0.690821349835544,2,2026-02-16 03:00:00+00:00,boost_both_absolute_error,True,False
2026-02-16 18:00:00+00:00,2026-02-17 16:00:00+00:00,2026-02-17 21:00:00,2,22,0.800005893646626,2,2026-02-16 04:00:00+00:00,boost_both_absolute_error,True,False
2026-02-16 18:00:00+00:00,2026-02-17 17:00:00+00:00,2026-02-17 22:00:00,2,23,0.7713727835109587,2,2026-02-16 05:00:00+00:00,boost_both_absolute_error,True,False
2026-02-16 18:00:00+00:00,2026-02-17 18:00:00+00:00,2026-02-17 23:00:00,2,24,0.670144792301457,2,2026-02-16 06:00:00+00:00,boost_both_absolute_error,True,False
2026-02-16 18:00:00+00:00,2026-02-17 19:00:00+00:00,2026-02-18 00:00:00,2,25,0.6916942893895092,2,2026-02-16 07:00:00+00:00,boost_both_absolute_error,True,False
2026-02-16 18:00:00+00:00,2026-02-17 20:00:00+00:00,2026-02-18 01:00:00,2,26,0.6675283354844856,2,2026-02-16 08:00:00+00:00,boost_both_absolute_error,True,False
2026-02-16 18:00:00+00:00,2026-02-17 21:00:00+00:00,2026-02-18 02:00:00,2,27,0.7493735133148853,2,2026-02-16 09:00:00+00:00,boost_both_absolute_error,True,False
2026-02-16 18:00:00+00:00,2026-02-17 22:00:00+00:00,2026-02-18 03:00:00,2,28,0.7251166889484233,2,2026-02-16 10:00:00+00:00,boost_both_absolute_error,True,False
2026-02-16 18:00:00+00:00,2026-02-17 23:00:00+00:00,2026-02-18 04:00:00,2,29,0.7538031395436726,2,2026-02-16 11:00:00+00:00,boost_both_absolute_error,True,False
2026-02-16 18:00:00+00:00,2026-02-18 00:00:00+00:00,2026-02-18 05:00:00,2,30,0.7854928725191068,2,2026-02-16 12:00:00+00:00,boost_both_absolute_error,True,False
2026-02-16 18:00:00+00:00,2026-02-18 01:00:00+00:00,2026-02-18 06:00:00,2,31,0.6016995406041898,2,2026-02-16 13:00:00+00:00,boost_both_absolute_error,True,False
2026-02-16 18:00:00+00:00,2026-02-18 02:00:00+00:00,2026-02-18 07:00:00,2,32,0.7423261742284637,2,2026-02-16 14:00:00+00:00,boost_both_absolute_error,True,False
2026-02-16 18:00:00+00:00,2026-02-18 03:00:00+00:00,2026-02-18 08:00:00,2,33,0.7999729647268453,2,2026-02-16 15:00:00+00:00,boost_both_absolute_error,True,False
2026-02-16 18:00:00+00:00,2026-02-18 04:00:00+00:00,2026-02-18 09:00:00,2,34,0.9032614241512749,2,2026-02-16 16:00:00+00:00,boost_both_absolute_error,True,False
2026-02-16 18:00:00+00:00,2026-02-18 05:00:00+00:00,2026-02-18 10:00:00,2,35,0.89881899821266,2,2026-02-16 17:00:00+00:00,boost_both_absolute_error,True,False
2026-02-16 18:00:00+00:00,2026-02-18 06:00:00+00:00,2026-02-18 11:00:00,2,36,0.9513268604695024,2,2026-02-16 18:00:00+00:00,boost_both_absolute_error,True,False
2026-02-16 18:00:00+00:00,2026-02-18 07:00:00+00:00,2026-02-18 12:00:00,2,37,0.9512967892453155,3,2026-02-15 19:00:00+00:00,boost_both_absolute_error,True,False
2026-02-16 18:00:00+00:00,2026-02-18 08:00:00+00:00,2026-02-18 13:00:00,2,38,0.9542334480676927,3,2026-02-15 20:00:00+00:00,boost_both_absolute_error,True,False
2026-02-16 18:00:00+00:00,2026-02-18 09:00:00+00:00,2026-02-18 14:00:00,2,39,0.9732042145830072,3,2026-02-15 21:00:00+00:00,boost_both_absolute_error,True,False
2026-02-16 18:00:00+00:00,2026-02-18 10:00:00+00:00,2026-02-18 15:00:00,2,40,0.9696025274583432,3,2026-02-15 22:00:00+00:00,boost_both_absolute_error,True,False
2026-02-16 18:00:00+00:00,2026-02-18 11:00:00+00:00,2026-02-18 16:00:00,2,41,0.9730147080029219,3,2026-02-15 23:00:00+00:00,boost_both_absolute_error,True,False
2026-02-16 18:00:00+00:00,2026-02-18 12:00:00+00:00,2026-02-18 17:00:00,2,42,0.970606908400913,3,2026-02-16 00:00:00+00:00,boost_both_absolute_error,True,False
2026-02-16 18:00:00+00:00,2026-02-18 13:00:00+00:00,2026-02-18 18:00:00,2,43,0.8488077161744371,3,2026-02-16 01:00:00+00:00,boost_both_absolute_error,True,False
2026-02-16 18:00:00+00:00,2026-02-18 14:00:00+00:00,2026-02-18 19:00:00,2,44,0.7762460286093444,3,2026-02-16 02:00:00+00:00,boost_both_absolute_error,True,False
2026-02-16 18:00:00+00:00,2026-02-18 15:00:00+00:00,2026-02-18 20:00:00,2,45,0.5835799237739125,3,2026-02-16 03:00:00+00:00,boost_both_absolute_error,True,False
2026-02-16 18:00:00+00:00,2026-02-18 16:00:00+00:00,2026-02-18 21:00:00,2,46,0.5345079640884118,3,2026-02-16 04:00:00+00:00,boost_both_absolute_error,True,False
2026-02-16 18:00:00+00:00,2026-02-18 17:00:00+00:00,2026-02-18 22:00:00,2,47,0.46206259909030034,3,2026-02-16 05:00:00+00:00,boost_both_absolute_error,True,False
2026-02-16 18:00:00+00:00,2026-02-18 18:00:00+00:00,2026-02-18 23:00:00,2,48,0.4360674536040787,3,2026-02-16 06:00:00+00:00,boost_both_absolute_error,True,False
2026-02-17 18:00:00+00:00,2026-02-17 19:00:00+00:00,2026-02-18 00:00:00,1,1,0.8549528574702796,1,2026-02-17 07:00:00+00:00,boost_both_absolute_error,True,False
2026-02-17 18:00:00+00:00,2026-02-17 20:00:00+00:00,2026-02-18 01:00:00,1,2,0.761036318912548,1,2026-02-17 08:00:00+00:00,boost_both_absolute_error,True,False
2026-02-17 18:00:00+00:00,2026-02-17 21:00:00+00:00,2026-02-18 02:00:00,1,3,0.8227306674591843,1,2026-02-17 09:00:00+00:00,boost_both_absolute_error,True,False
2026-02-17 18:00:00+00:00,2026-02-17 22:00:00+00:00,2026-02-18 03:00:00,1,4,0.7594034482634464,1,2026-02-17 10:00:00+00:00,boost_both_absolute_error,True,False
2026-02-17 18:00:00+00:00,2026-02-17 23:00:00+00:00,2026-02-18 04:00:00,1,5,0.7831396193891337,1,2026-02-17 11:00:00+00:00,boost_both_absolute_error,True,False
2026-02-17 18:00:00+00:00,2026-02-18 00:00:00+00:00,2026-02-18 05:00:00,1,6,0.8503354317865236,1,2026-02-17 12:00:00+00:00,boost_both_absolute_error,True,False
2026-02-17 18:00:00+00:00,2026-02-18 01:00:00+00:00,2026-02-18 06:00:00,1,7,0.7361129718658219,1,2026-02-17 13:00:00+00:00,boost_both_absolute_error,True,False
2026-02-17 18:00:00+00:00,2026-02-18 02:00:00+00:00,2026-02-18 07:00:00,1,8,0.8779215885451724,1,2026-02-17 14:00:00+00:00,boost_both_absolute_error,True,False
2026-02-17 18:00:00+00:00,2026-02-18 03:00:00+00:00,2026-02-18 08:00:00,1,9,0.8877628555718313,1,2026-02-17 15:00:00+00:00,boost_both_absolute_error,True,False
2026-02-17 18:00:00+00:00,2026-02-18 04:00:00+00:00,2026-02-18 09:00:00,1,10,0.9129225127915996,1,2026-02-17 16:00:00+00:00,boost_both_absolute_error,True,False
2026-02-17 18:00:00+00:00,2026-02-18 05:00:00+00:00,2026-02-18 10:00:00,1,11,0.9105045948863817,1,2026-02-17 17:00:00+00:00,boost_both_absolute_error,True,False
2026-02-17 18:00:00+00:00,2026-02-18 06:00:00+00:00,2026-02-18 11:00:00,1,12,0.9585346149744007,1,2026-02-17 18:00:00+00:00,boost_both_absolute_error,True,False
2026-02-17 18:00:00+00:00,2026-02-18 07:00:00+00:00,2026-02-18 12:00:00,1,13,0.9814727464898457,2,2026-02-16 19:00:00+00:00,boost_both_absolute_error,True,False
2026-02-17 18:00:00+00:00,2026-02-18 08:00:00+00:00,2026-02-18 13:00:00,1,14,0.976433320269078,2,2026-02-16 20:00:00+00:00,boost_both_absolute_error,True,False
2026-02-17 18:00:00+00:00,2026-02-18 09:00:00+00:00,2026-02-18 14:00:00,1,15,0.9821664761530745,2,2026-02-16 21:00:00+00:00,boost_both_absolute_error,True,False
2026-02-17 18:00:00+00:00,2026-02-18 10:00:00+00:00,2026-02-18 15:00:00,1,16,0.9768605540023342,2,2026-02-16 22:00:00+00:00,boost_both_absolute_error,True,False
2026-02-17 18:00:00+00:00,2026-02-18 11:00:00+00:00,2026-02-18 16:00:00,1,17,0.9722813458197782,2,2026-02-16 23:00:00+00:00,boost_both_absolute_error,True,False
2026-02-17 18:00:00+00:00,2026-02-18 12:00:00+00:00,2026-02-18 17:00:00,1,18,0.9663316029713983,2,2026-02-17 00:00:00+00:00,boost_both_absolute_error,True,False
2026-02-17 18:00:00+00:00,2026-02-18 13:00:00+00:00,2026-02-18 18:00:00,1,19,0.8743714407247333,2,2026-02-17 01:00:00+00:00,boost_both_absolute_error,True,False
2026-02-17 18:00:00+00:00,2026-02-18 14:00:00+00:00,2026-02-18 19:00:00,1,20,0.7275919438414771,2,2026-02-17 02:00:00+00:00,boost_both_absolute_error,True,False
2026-02-17 18:00:00+00:00,2026-02-18 15:00:00+00:00,2026-02-18 20:00:00,1,21,0.7100077368174773,2,2026-02-17 03:00:00+00:00,boost_both_absolute_error,True,False
2026-02-17 18:00:00+00:00,2026-02-18 16:00:00+00:00,2026-02-18 21:00:00,1,22,0.5625594134323754,2,2026-02-17 04:00:00+00:00,boost_both_absolute_error,True,False
2026-02-17 18:00:00+00:00,2026-02-18 17:00:00+00:00,2026-02-18 22:00:00,1,23,0.4861430976924171,2,2026-02-17 05:00:00+00:00,boost_both_absolute_error,True,False
2026-02-17 18:00:00+00:00,2026-02-18 18:00:00+00:00,2026-02-18 23:00:00,1,24,0.6998480613831944,2,2026-02-17 06:00:00+00:00,boost_both_absolute_error,True,False
2026-02-17 18:00:00+00:00,2026-02-18 19:00:00+00:00,2026-02-19 00:00:00,1,25,0.6542629492103554,2,2026-02-17 07:00:00+00:00,boost_both_absolute_error,True,False
2026-02-17 18:00:00+00:00,2026-02-18 20:00:00+00:00,2026-02-19 01:00:00,1,26,0.6515767331977919,2,2026-02-17 08:00:00+00:00,boost_both_absolute_error,True,False
2026-02-17 18:00:00+00:00,2026-02-18 21:00:00+00:00,2026-02-19 02:00:00,1,27,0.6489107435164077,2,2026-02-17 09:00:00+00:00,boost_both_absolute_error,True,False
2026-02-17 18:00:00+00:00,2026-02-18 22:00:00+00:00,2026-02-19 03:00:00,1,28,0.7034666154534764,2,2026-02-17 10:00:00+00:00,boost_both_absolute_error,True,False
2026-02-17 18:00:00+00:00,2026-02-18 23:00:00+00:00,2026-02-19 04:00:00,1,29,0.5867008456439168,2,2026-02-17 11:00:00+00:00,boost_both_absolute_error,True,False
2026-02-17 18:00:00+00:00,2026-02-19 00:00:00+00:00,2026-02-19 05:00:00,1,30,0.6691042731758795,2,2026-02-17 12:00:00+00:00,boost_both_absolute_error,True,False
2026-02-17 18:00:00+00:00,2026-02-19 01:00:00+00:00,2026-02-19 06:00:00,1,31,0.6017487019546092,2,2026-02-17 13:00:00+00:00,boost_both_absolute_error,True,False
2026-02-17 18:00:00+00:00,2026-02-19 02:00:00+00:00,2026-02-19 07:00:00,1,32,0.6651728865308476,2,2026-02-17 14:00:00+00:00,boost_both_absolute_error,True,False
2026-02-17 18:00:00+00:00,2026-02-19 03:00:00+00:00,2026-02-19 08:00:00,1,33,0.5295031852563218,2,2026-02-17 15:00:00+00:00,boost_both_absolute_error,True,False
2026-02-17 18:00:00+00:00,2026-02-19 04:00:00+00:00,2026-02-19 09:00:00,1,34,0.694254707438225,2,2026-02-17 16:00:00+00:00,boost_both_absolute_error,True,False
2026-02-17 18:00:00+00:00,2026-02-19 05:00:00+00:00,2026-02-19 10:00:00,1,35,0.5780131523014272,2,2026-02-17 17:00:00+00:00,boost_both_absolute_error,True,False
2026-02-17 18:00:00+00:00,2026-02-19 06:00:00+00:00,2026-02-19 11:00:00,1,36,0.5135957737474894,2,2026-02-17 18:00:00+00:00,boost_both_absolute_error,True,False
2026-02-17 18:00:00+00:00,2026-02-19 07:00:00+00:00,2026-02-19 12:00:00,1,37,0.3978773964965888,3,2026-02-16 19:00:00+00:00,boost_both_absolute_error,True,False
2026-02-17 18:00:00+00:00,2026-02-19 08:00:00+00:00,2026-02-19 13:00:00,1,38,0.15655968183907754,3,2026-02-16 20:00:00+00:00,boost_both_absolute_error,True,False
2026-02-17 18:00:00+00:00,2026-02-19 09:00:00+00:00,2026-02-19 14:00:00,1,39,0.19477132748630852,3,2026-02-16 21:00:00+00:00,boost_both_absolute_error,True,False
2026-02-17 18:00:00+00:00,2026-02-19 10:00:00+00:00,2026-02-19 15:00:00,1,40,0.11001113464453804,3,2026-02-16 22:00:00+00:00,boost_both_absolute_error,True,False
2026-02-17 18:00:00+00:00,2026-02-19 11:00:00+00:00,2026-02-19 16:00:00,1,41,0.11257675573650797,3,2026-02-16 23:00:00+00:00,boost_both_absolute_error,True,False
2026-02-17 18:00:00+00:00,2026-02-19 12:00:00+00:00,2026-02-19 17:00:00,1,42,0.1347986428692272,3,2026-02-17 00:00:00+00:00,boost_both_absolute_error,True,False
2026-02-17 18:00:00+00:00,2026-02-19 13:00:00+00:00,2026-02-19 18:00:00,1,43,0.16422709854482903,3,2026-02-17 01:00:00+00:00,boost_both_absolute_error,True,False
2026-02-17 18:00:00+00:00,2026-02-19 14:00:00+00:00,2026-02-19 19:00:00,1,44,0.15070682988331857,3,2026-02-17 02:00:00+00:00,boost_both_absolute_error,True,False
2026-02-17 18:00:00+00:00,2026-02-19 15:00:00+00:00,2026-02-19 20:00:00,1,45,0.18874372707204246,3,2026-02-17 03:00:00+00:00,boost_both_absolute_error,True,False
2026-02-17 18:00:00+00:00,2026-02-19 16:00:00+00:00,2026-02-19 21:00:00,1,46,0.2975733155402059,3,2026-02-17 04:00:00+00:00,boost_both_absolute_error,True,False
2026-02-17 18:00:00+00:00,2026-02-19 17:00:00+00:00,2026-02-19 22:00:00,1,47,0.4220454745986831,3,2026-02-17 05:00:00+00:00,boost_both_absolute_error,True,False
2026-02-17 18:00:00+00:00,2026-02-19 18:00:00+00:00,2026-02-19 23:00:00,1,48,0.43745229856288587,3,2026-02-17 06:00:00+00:00,boost_both_absolute_error,True,False
2026-02-17 18:00:00+00:00,2026-02-17 19:00:00+00:00,2026-02-18 00:00:00,2,1,0.8544330195233879,1,2026-02-17 07:00:00+00:00,boost_both_absolute_error,True,False
2026-02-17 18:00:00+00:00,2026-02-17 20:00:00+00:00,2026-02-18 01:00:00,2,2,0.7605164809656562,1,2026-02-17 08:00:00+00:00,boost_both_absolute_error,True,False
2026-02-17 18:00:00+00:00,2026-02-17 21:00:00+00:00,2026-02-18 02:00:00,2,3,0.8222108295122925,1,2026-02-17 09:00:00+00:00,boost_both_absolute_error,True,False
2026-02-17 18:00:00+00:00,2026-02-17 22:00:00+00:00,2026-02-18 03:00:00,2,4,0.7588836103165546,1,2026-02-17 10:00:00+00:00,boost_both_absolute_error,True,False
2026-02-17 18:00:00+00:00,2026-02-17 23:00:00+00:00,2026-02-18 04:00:00,2,5,0.7845077270660769,1,2026-02-17 11:00:00+00:00,boost_both_absolute_error,True,False
2026-02-17 18:00:00+00:00,2026-02-18 00:00:00+00:00,2026-02-18 05:00:00,2,6,0.8501899228584499,1,2026-02-17 12:00:00+00:00,boost_both_absolute_error,True,False
2026-02-17 18:00:00+00:00,2026-02-18 01:00:00+00:00,2026-02-18 06:00:00,2,7,0.7359674629377481,1,2026-02-17 13:00:00+00:00,boost_both_absolute_error,True,False
2026-02-17 18:00:00+00:00,2026-02-18 02:00:00+00:00,2026-02-18 07:00:00,2,8,0.8755768396563076,1,2026-02-17 14:00:00+00:00,boost_both_absolute_error,True,False
2026-02-17 18:00:00+00:00,2026-02-18 03:00:00+00:00,2026-02-18 08:00:00,2,9,0.8882425533470906,1,2026-02-17 15:00:00+00:00,boost_both_absolute_error,True,False
2026-02-17 18:00:00+00:00,2026-02-18 04:00:00+00:00,2026-02-18 09:00:00,2,10,0.9158781103560376,1,2026-02-17 16:00:00+00:00,boost_both_absolute_error,True,False
2026-02-17 18:00:00+00:00,2026-02-18 05:00:00+00:00,2026-02-18 10:00:00,2,11,0.9068933356595201,1,2026-02-17 17:00:00+00:00,boost_both_absolute_error,True,False
2026-02-17 18:00:00+00:00,2026-02-18 06:00:00+00:00,2026-02-18 11:00:00,2,12,0.9545022286189059,1,2026-02-17 18:00:00+00:00,boost_both_absolute_error,True,False
2026-02-17 18:00:00+00:00,2026-02-18 07:00:00+00:00,2026-02-18 12:00:00,2,13,0.9774403601343508,2,2026-02-16 19:00:00+00:00,boost_both_absolute_error,True,False
2026-02-17 18:00:00+00:00,2026-02-18 08:00:00+00:00,2026-02-18 13:00:00,2,14,0.9711504502509809,2,2026-02-16 20:00:00+00:00,boost_both_absolute_error,True,False
2026-02-17 18:00:00+00:00,2026-02-18 09:00:00+00:00,2026-02-18 14:00:00,2,15,0.9764836159408871,2,2026-02-16 21:00:00+00:00,boost_both_absolute_error,True,False
2026-02-17 18:00:00+00:00,2026-02-18 10:00:00+00:00,2026-02-18 15:00:00,2,16,0.9719334922263162,2,2026-02-16 22:00:00+00:00,boost_both_absolute_error,True,False
2026-02-17 18:00:00+00:00,2026-02-18 11:00:00+00:00,2026-02-18 16:00:00,2,17,0.9707450896380362,2,2026-02-16 23:00:00+00:00,boost_both_absolute_error,True,False
2026-02-17 18:00:00+00:00,2026-02-18 12:00:00+00:00,2026-02-18 17:00:00,2,18,0.9661860940433247,2,2026-02-17 00:00:00+00:00,boost_both_absolute_error,True,False
2026-02-17 18:00:00+00:00,2026-02-18 13:00:00+00:00,2026-02-18 18:00:00,2,19,0.8742259317966596,2,2026-02-17 01:00:00+00:00,boost_both_absolute_error,True,False
2026-02-17 18:00:00+00:00,2026-02-18 14:00:00+00:00,2026-02-18 19:00:00,2,20,0.7270721058945853,2,2026-02-17 02:00:00+00:00,boost_both_absolute_error,True,False
2026-02-17 18:00:00+00:00,2026-02-18 15:00:00+00:00,2026-02-18 20:00:00,2,21,0.7092322903286921,2,2026-02-17 03:00:00+00:00,boost_both_absolute_error,True,False
2026-02-17 18:00:00+00:00,2026-02-18 16:00:00+00:00,2026-02-18 21:00:00,2,22,0.5617839669435901,2,2026-02-17 04:00:00+00:00,boost_both_absolute_error,True,False
2026-02-17 18:00:00+00:00,2026-02-18 17:00:00+00:00,2026-02-18 22:00:00,2,23,0.48536765120363207,2,2026-02-17 05:00:00+00:00,boost_both_absolute_error,True,False
2026-02-17 18:00:00+00:00,2026-02-18 18:00:00+00:00,2026-02-18 23:00:00,2,24,0.6993282234363026,2,2026-02-17 06:00:00+00:00,boost_both_absolute_error,True,False
2026-02-17 18:00:00+00:00,2026-02-18 19:00:00+00:00,2026-02-19 00:00:00,2,25,0.6537431112634636,2,2026-02-17 07:00:00+00:00,boost_both_absolute_error,True,False
2026-02-17 18:00:00+00:00,2026-02-18 20:00:00+00:00,2026-02-19 01:00:00,2,26,0.6510568952509,2,2026-02-17 08:00:00+00:00,boost_both_absolute_error,True,False
2026-02-17 18:00:00+00:00,2026-02-18 21:00:00+00:00,2026-02-19 02:00:00,2,27,0.6483909055695158,2,2026-02-17 09:00:00+00:00,boost_both_absolute_error,True,False
2026-02-17 18:00:00+00:00,2026-02-18 22:00:00+00:00,2026-02-19 03:00:00,2,28,0.7029467775065846,2,2026-02-17 10:00:00+00:00,boost_both_absolute_error,True,False
2026-02-17 18:00:00+00:00,2026-02-18 23:00:00+00:00,2026-02-19 04:00:00,2,29,0.5863370307259258,2,2026-02-17 11:00:00+00:00,boost_both_absolute_error,True,False
2026-02-17 18:00:00+00:00,2026-02-19 00:00:00+00:00,2026-02-19 05:00:00,2,30,0.6689587642478058,2,2026-02-17 12:00:00+00:00,boost_both_absolute_error,True,False
2026-02-17 18:00:00+00:00,2026-02-19 01:00:00+00:00,2026-02-19 06:00:00,2,31,0.6016031930265354,2,2026-02-17 13:00:00+00:00,boost_both_absolute_error,True,False
2026-02-17 18:00:00+00:00,2026-02-19 02:00:00+00:00,2026-02-19 07:00:00,2,32,0.6650273776027739,2,2026-02-17 14:00:00+00:00,boost_both_absolute_error,True,False
2026-02-17 18:00:00+00:00,2026-02-19 03:00:00+00:00,2026-02-19 08:00:00,2,33,0.5305324274834603,2,2026-02-17 15:00:00+00:00,boost_both_absolute_error,True,False
2026-02-17 18:00:00+00:00,2026-02-19 04:00:00+00:00,2026-02-19 09:00:00,2,34,0.6986010522563314,2,2026-02-17 16:00:00+00:00,boost_both_absolute_error,True,False
2026-02-17 18:00:00+00:00,2026-02-19 05:00:00+00:00,2026-02-19 10:00:00,2,35,0.5872158326816216,2,2026-02-17 17:00:00+00:00,boost_both_absolute_error,True,False
2026-02-17 18:00:00+00:00,2026-02-19 06:00:00+00:00,2026-02-19 11:00:00,2,36,0.5298261424984315,2,2026-02-17 18:00:00+00:00,boost_both_absolute_error,True,False
2026-02-17 18:00:00+00:00,2026-02-19 07:00:00+00:00,2026-02-19 12:00:00,2,37,0.41268309450132956,3,2026-02-16 19:00:00+00:00,boost_both_absolute_error,True,False
2026-02-17 18:00:00+00:00,2026-02-19 08:00:00+00:00,2026-02-19 13:00:00,2,38,0.1643376914730702,3,2026-02-16 20:00:00+00:00,boost_both_absolute_error,True,False
2026-02-17 18:00:00+00:00,2026-02-19 09:00:00+00:00,2026-02-19 14:00:00,2,39,0.20240047851073392,3,2026-02-16 21:00:00+00:00,boost_both_absolute_error,True,False
2026-02-17 18:00:00+00:00,2026-02-19 10:00:00+00:00,2026-02-19 15:00:00,2,40,0.11465877619849514,3,2026-02-16 22:00:00+00:00,boost_both_absolute_error,True,False
2026-02-17 18:00:00+00:00,2026-02-19 11:00:00+00:00,2026-02-19 16:00:00,2,41,0.11745012457830985,3,2026-02-16 23:00:00+00:00,boost_both_absolute_error,True,False
2026-02-17 18:00:00+00:00,2026-02-19 12:00:00+00:00,2026-02-19 17:00:00,2,42,0.13864472975451525,3,2026-02-17 00:00:00+00:00,boost_both_absolute_error,True,False
2026-02-17 18:00:00+00:00,2026-02-19 13:00:00+00:00,2026-02-19 18:00:00,2,43,0.16302519425217388,3,2026-02-17 01:00:00+00:00,boost_both_absolute_error,True,False
2026-02-17 18:00:00+00:00,2026-02-19 14:00:00+00:00,2026-02-19 19:00:00,2,44,0.15137232927030495,3,2026-02-17 02:00:00+00:00,boost_both_absolute_error,True,False
2026-02-17 18:00:00+00:00,2026-02-19 15:00:00+00:00,2026-02-19 20:00:00,2,45,0.18938246480953652,3,2026-02-17 03:00:00+00:00,boost_both_absolute_error,True,False
2026-02-17 18:00:00+00:00,2026-02-19 16:00:00+00:00,2026-02-19 21:00:00,2,46,0.2982120532777,3,2026-02-17 04:00:00+00:00,boost_both_absolute_error,True,False
2026-02-17 18:00:00+00:00,2026-02-19 17:00:00+00:00,2026-02-19 22:00:00,2,47,0.4226842123361773,3,2026-02-17 05:00:00+00:00,boost_both_absolute_error,True,False
2026-02-17 18:00:00+00:00,2026-02-19 18:00:00+00:00,2026-02-19 23:00:00,2,48,0.43809103630038,3,2026-02-17 06:00:00+00:00,boost_both_absolute_error,True,False
2026-02-18 18:00:00+00:00,2026-02-18 19:00:00+00:00,2026-02-19 00:00:00,1,1,0.7311844330731471,1,2026-02-18 07:00:00+00:00,boost_both_absolute_error,True,False
2026-02-18 18:00:00+00:00,2026-02-18 20:00:00+00:00,2026-02-19 01:00:00,1,2,0.7249081073530795,1,2026-02-18 08:00:00+00:00,boost_both_absolute_error,True,False
2026-02-18 18:00:00+00:00,2026-02-18 21:00:00+00:00,2026-02-19 02:00:00,1,3,0.7892307138518073,1,2026-02-18 09:00:00+00:00,boost_both_absolute_error,True,False
2026-02-18 18:00:00+00:00,2026-02-18 22:00:00+00:00,2026-02-19 03:00:00,1,4,0.7116462947855691,1,2026-02-18 10:00:00+00:00,boost_both_absolute_error,True,False
2026-02-18 18:00:00+00:00,2026-02-18 23:00:00+00:00,2026-02-19 04:00:00,1,5,0.7879238765225807,1,2026-02-18 11:00:00+00:00,boost_both_absolute_error,True,False
2026-02-18 18:00:00+00:00,2026-02-19 00:00:00+00:00,2026-02-19 05:00:00,1,6,0.5154968239609804,1,2026-02-18 12:00:00+00:00,boost_both_absolute_error,True,False
2026-02-18 18:00:00+00:00,2026-02-19 01:00:00+00:00,2026-02-19 06:00:00,1,7,0.41836608889945204,1,2026-02-18 13:00:00+00:00,boost_both_absolute_error,True,False
2026-02-18 18:00:00+00:00,2026-02-19 02:00:00+00:00,2026-02-19 07:00:00,1,8,0.5388012250957938,1,2026-02-18 14:00:00+00:00,boost_both_absolute_error,True,False
2026-02-18 18:00:00+00:00,2026-02-19 03:00:00+00:00,2026-02-19 08:00:00,1,9,0.3369487029988699,1,2026-02-18 15:00:00+00:00,boost_both_absolute_error,True,False
2026-02-18 18:00:00+00:00,2026-02-19 04:00:00+00:00,2026-02-19 09:00:00,1,10,0.34613949585232867,1,2026-02-18 16:00:00+00:00,boost_both_absolute_error,True,False
2026-02-18 18:00:00+00:00,2026-02-19 05:00:00+00:00,2026-02-19 10:00:00,1,11,0.34588297398825535,1,2026-02-18 17:00:00+00:00,boost_both_absolute_error,True,False
2026-02-18 18:00:00+00:00,2026-02-19 06:00:00+00:00,2026-02-19 11:00:00,1,12,0.35518286467146765,1,2026-02-18 18:00:00+00:00,boost_both_absolute_error,True,False
2026-02-18 18:00:00+00:00,2026-02-19 07:00:00+00:00,2026-02-19 12:00:00,1,13,0.38778218898569256,2,2026-02-17 19:00:00+00:00,boost_both_absolute_error,True,False
2026-02-18 18:00:00+00:00,2026-02-19 08:00:00+00:00,2026-02-19 13:00:00,1,14,0.33068053326643165,2,2026-02-17 20:00:00+00:00,boost_both_absolute_error,True,False
2026-02-18 18:00:00+00:00,2026-02-19 09:00:00+00:00,2026-02-19 14:00:00,1,15,0.1462607065408359,2,2026-02-17 21:00:00+00:00,boost_both_absolute_error,True,False
2026-02-18 18:00:00+00:00,2026-02-19 10:00:00+00:00,2026-02-19 15:00:00,1,16,0.18227507222918057,2,2026-02-17 22:00:00+00:00,boost_both_absolute_error,True,False
2026-02-18 18:00:00+00:00,2026-02-19 11:00:00+00:00,2026-02-19 16:00:00,1,17,0.14657188779631983,2,2026-02-17 23:00:00+00:00,boost_both_absolute_error,True,False
2026-02-18 18:00:00+00:00,2026-02-19 12:00:00+00:00,2026-02-19 17:00:00,1,18,0.15936043748760625,2,2026-02-18 00:00:00+00:00,boost_both_absolute_error,True,False
2026-02-18 18:00:00+00:00,2026-02-19 13:00:00+00:00,2026-02-19 18:00:00,1,19,0.1570093240967308,2,2026-02-18 01:00:00+00:00,boost_both_absolute_error,True,False
2026-02-18 18:00:00+00:00,2026-02-19 14:00:00+00:00,2026-02-19 19:00:00,1,20,0.1397805902666135,2,2026-02-18 02:00:00+00:00,boost_both_absolute_error,True,False
2026-02-18 18:00:00+00:00,2026-02-19 15:00:00+00:00,2026-02-19 20:00:00,1,21,0.08509806018494807,2,2026-02-18 03:00:00+00:00,boost_both_absolute_error,True,False
2026-02-18 18:00:00+00:00,2026-02-19 16:00:00+00:00,2026-02-19 21:00:00,1,22,0.06428068076818137,2,2026-02-18 04:00:00+00:00,boost_both_absolute_error,True,False
2026-02-18 18:00:00+00:00,2026-02-19 17:00:00+00:00,2026-02-19 22:00:00,1,23,0.13878518180957525,2,2026-02-18 05:00:00+00:00,boost_both_absolute_error,True,False
2026-02-18 18:00:00+00:00,2026-02-19 18:00:00+00:00,2026-02-19 23:00:00,1,24,0.10339260773431973,2,2026-02-18 06:00:00+00:00,boost_both_absolute_error,True,False
2026-02-18 18:00:00+00:00,2026-02-19 19:00:00+00:00,2026-02-20 00:00:00,1,25,0.2059681046087298,2,2026-02-18 07:00:00+00:00,boost_both_absolute_error,True,False
2026-02-18 18:00:00+00:00,2026-02-19 20:00:00+00:00,2026-02-20 01:00:00,1,26,0.2875754987524291,2,2026-02-18 08:00:00+00:00,boost_both_absolute_error,True,False
2026-02-18 18:00:00+00:00,2026-02-19 21:00:00+00:00,2026-02-20 02:00:00,1,27,0.306625481054507,2,2026-02-18 09:00:00+00:00,boost_both_absolute_error,True,False
2026-02-18 18:00:00+00:00,2026-02-19 22:00:00+00:00,2026-02-20 03:00:00,1,28,0.37062527062700923,2,2026-02-18 10:00:00+00:00,boost_both_absolute_error,True,False
2026-02-18 18:00:00+00:00,2026-02-19 23:00:00+00:00,2026-02-20 04:00:00,1,29,0.43296869659018583,2,2026-02-18 11:00:00+00:00,boost_both_absolute_error,True,False
2026-02-18 18:00:00+00:00,2026-02-20 00:00:00+00:00,2026-02-20 05:00:00,1,30,0.3540443566987145,2,2026-02-18 12:00:00+00:00,boost_both_absolute_error,True,False
2026-02-18 18:00:00+00:00,2026-02-20 01:00:00+00:00,2026-02-20 06:00:00,1,31,0.44320914651867027,2,2026-02-18 13:00:00+00:00,boost_both_absolute_error,True,False
2026-02-18 18:00:00+00:00,2026-02-20 02:00:00+00:00,2026-02-20 07:00:00,1,32,0.347080982507772,2,2026-02-18 14:00:00+00:00,boost_both_absolute_error,True,False
2026-02-18 18:00:00+00:00,2026-02-20 03:00:00+00:00,2026-02-20 08:00:00,1,33,0.3239482102950472,2,2026-02-18 15:00:00+00:00,boost_both_absolute_error,True,False
2026-02-18 18:00:00+00:00,2026-02-20 04:00:00+00:00,2026-02-20 09:00:00,1,34,0.35570549696530956,2,2026-02-18 16:00:00+00:00,boost_both_absolute_error,True,False
2026-02-18 18:00:00+00:00,2026-02-20 05:00:00+00:00,2026-02-20 10:00:00,1,35,0.07950523794144623,2,2026-02-18 17:00:00+00:00,boost_both_absolute_error,True,False
2026-02-18 18:00:00+00:00,2026-02-20 06:00:00+00:00,2026-02-20 11:00:00,1,36,0.14138331104482277,2,2026-02-18 18:00:00+00:00,boost_both_absolute_error,True,False
2026-02-18 18:00:00+00:00,2026-02-20 07:00:00+00:00,2026-02-20 12:00:00,1,37,0.12912396641611498,3,2026-02-17 19:00:00+00:00,boost_both_absolute_error,True,False
2026-02-18 18:00:00+00:00,2026-02-20 08:00:00+00:00,2026-02-20 13:00:00,1,38,0.14634648544608714,3,2026-02-17 20:00:00+00:00,boost_both_absolute_error,True,False
2026-02-18 18:00:00+00:00,2026-02-20 09:00:00+00:00,2026-02-20 14:00:00,1,39,0.17997785253931353,3,2026-02-17 21:00:00+00:00,boost_both_absolute_error,True,False
2026-02-18 18:00:00+00:00,2026-02-20 10:00:00+00:00,2026-02-20 15:00:00,1,40,0.24959544484642512,3,2026-02-17 22:00:00+00:00,boost_both_absolute_error,True,False
2026-02-18 18:00:00+00:00,2026-02-20 11:00:00+00:00,2026-02-20 16:00:00,1,41,0.34591460939009194,3,2026-02-17 23:00:00+00:00,boost_both_absolute_error,True,False
2026-02-18 18:00:00+00:00,2026-02-20 12:00:00+00:00,2026-02-20 17:00:00,1,42,0.33149120639562696,3,2026-02-18 00:00:00+00:00,boost_both_absolute_error,True,False
2026-02-18 18:00:00+00:00,2026-02-20 13:00:00+00:00,2026-02-20 18:00:00,1,43,0.3820593224083724,3,2026-02-18 01:00:00+00:00,boost_both_absolute_error,True,False
2026-02-18 18:00:00+00:00,2026-02-20 14:00:00+00:00,2026-02-20 19:00:00,1,44,0.4883932013040608,3,2026-02-18 02:00:00+00:00,boost_both_absolute_error,True,False
2026-02-18 18:00:00+00:00,2026-02-20 15:00:00+00:00,2026-02-20 20:00:00,1,45,0.8493341211471869,3,2026-02-18 03:00:00+00:00,boost_both_absolute_error,True,False
2026-02-18 18:00:00+00:00,2026-02-20 16:00:00+00:00,2026-02-20 21:00:00,1,46,0.8805001415029976,3,2026-02-18 04:00:00+00:00,boost_both_absolute_error,True,False
2026-02-18 18:00:00+00:00,2026-02-20 17:00:00+00:00,2026-02-20 22:00:00,1,47,0.8462821096431868,3,2026-02-18 05:00:00+00:00,boost_both_absolute_error,True,False
2026-02-18 18:00:00+00:00,2026-02-20 18:00:00+00:00,2026-02-20 23:00:00,1,48,0.7858991879392857,3,2026-02-18 06:00:00+00:00,boost_both_absolute_error,True,False
2026-02-18 18:00:00+00:00,2026-02-18 19:00:00+00:00,2026-02-19 00:00:00,2,1,0.7306645951262553,1,2026-02-18 07:00:00+00:00,boost_both_absolute_error,True,False
2026-02-18 18:00:00+00:00,2026-02-18 20:00:00+00:00,2026-02-19 01:00:00,2,2,0.7243882694061877,1,2026-02-18 08:00:00+00:00,boost_both_absolute_error,True,False
2026-02-18 18:00:00+00:00,2026-02-18 21:00:00+00:00,2026-02-19 02:00:00,2,3,0.7887108759049155,1,2026-02-18 09:00:00+00:00,boost_both_absolute_error,True,False
2026-02-18 18:00:00+00:00,2026-02-18 22:00:00+00:00,2026-02-19 03:00:00,2,4,0.7111264568386773,1,2026-02-18 10:00:00+00:00,boost_both_absolute_error,True,False
2026-02-18 18:00:00+00:00,2026-02-18 23:00:00+00:00,2026-02-19 04:00:00,2,5,0.7875600616045897,1,2026-02-18 11:00:00+00:00,boost_both_absolute_error,True,False
2026-02-18 18:00:00+00:00,2026-02-19 00:00:00+00:00,2026-02-19 05:00:00,2,6,0.5149339321292067,1,2026-02-18 12:00:00+00:00,boost_both_absolute_error,True,False
2026-02-18 18:00:00+00:00,2026-02-19 01:00:00+00:00,2026-02-19 06:00:00,2,7,0.41780319706767854,1,2026-02-18 13:00:00+00:00,boost_both_absolute_error,True,False
2026-02-18 18:00:00+00:00,2026-02-19 02:00:00+00:00,2026-02-19 07:00:00,2,8,0.5384001076258266,1,2026-02-18 14:00:00+00:00,boost_both_absolute_error,True,False
2026-02-18 18:00:00+00:00,2026-02-19 03:00:00+00:00,2026-02-19 08:00:00,2,9,0.3379779452260084,1,2026-02-18 15:00:00+00:00,boost_both_absolute_error,True,False
2026-02-18 18:00:00+00:00,2026-02-19 04:00:00+00:00,2026-02-19 09:00:00,2,10,0.3500684577667349,1,2026-02-18 16:00:00+00:00,boost_both_absolute_error,True,False
2026-02-18 18:00:00+00:00,2026-02-19 05:00:00+00:00,2026-02-19 10:00:00,2,11,0.3550856543684496,1,2026-02-18 17:00:00+00:00,boost_both_absolute_error,True,False
2026-02-18 18:00:00+00:00,2026-02-19 06:00:00+00:00,2026-02-19 11:00:00,2,12,0.3699885626762083,1,2026-02-18 18:00:00+00:00,boost_both_absolute_error,True,False
2026-02-18 18:00:00+00:00,2026-02-19 07:00:00+00:00,2026-02-19 12:00:00,2,13,0.4025878869904333,2,2026-02-17 19:00:00+00:00,boost_both_absolute_error,True,False
2026-02-18 18:00:00+00:00,2026-02-19 08:00:00+00:00,2026-02-19 13:00:00,2,14,0.3448106145337685,2,2026-02-17 20:00:00+00:00,boost_both_absolute_error,True,False
2026-02-18 18:00:00+00:00,2026-02-19 09:00:00+00:00,2026-02-19 14:00:00,2,15,0.14586527802177282,2,2026-02-17 21:00:00+00:00,boost_both_absolute_error,True,False
2026-02-18 18:00:00+00:00,2026-02-19 10:00:00+00:00,2026-02-19 15:00:00,2,16,0.18171218039740686,2,2026-02-17 22:00:00+00:00,boost_both_absolute_error,True,False
2026-02-18 18:00:00+00:00,2026-02-19 11:00:00+00:00,2026-02-19 16:00:00,2,17,0.14533337922714223,2,2026-02-17 23:00:00+00:00,boost_both_absolute_error,True,False
2026-02-18 18:00:00+00:00,2026-02-19 12:00:00+00:00,2026-02-19 17:00:00,2,18,0.1517888718320255,2,2026-02-18 00:00:00+00:00,boost_both_absolute_error,True,False
2026-02-18 18:00:00+00:00,2026-02-19 13:00:00+00:00,2026-02-19 18:00:00,2,19,0.15558169251623089,2,2026-02-18 01:00:00+00:00,boost_both_absolute_error,True,False
2026-02-18 18:00:00+00:00,2026-02-19 14:00:00+00:00,2026-02-19 19:00:00,2,20,0.13813465269619649,2,2026-02-18 02:00:00+00:00,boost_both_absolute_error,True,False
2026-02-18 18:00:00+00:00,2026-02-19 15:00:00+00:00,2026-02-19 20:00:00,2,21,0.08345212261453114,2,2026-02-18 03:00:00+00:00,boost_both_absolute_error,True,False
2026-02-18 18:00:00+00:00,2026-02-19 16:00:00+00:00,2026-02-19 21:00:00,2,22,0.06467559289686166,2,2026-02-18 04:00:00+00:00,boost_both_absolute_error,True,False
2026-02-18 18:00:00+00:00,2026-02-19 17:00:00+00:00,2026-02-19 22:00:00,2,23,0.1394239195470693,2,2026-02-18 05:00:00+00:00,boost_both_absolute_error,True,False
2026-02-18 18:00:00+00:00,2026-02-19 18:00:00+00:00,2026-02-19 23:00:00,2,24,0.10177516900472244,2,2026-02-18 06:00:00+00:00,boost_both_absolute_error,True,False
2026-02-18 18:00:00+00:00,2026-02-19 19:00:00+00:00,2026-02-20 00:00:00,2,25,0.2043506658791325,2,2026-02-18 07:00:00+00:00,boost_both_absolute_error,True,False
2026-02-18 18:00:00+00:00,2026-02-19 20:00:00+00:00,2026-02-20 01:00:00,2,26,0.285958060022832,2,2026-02-18 08:00:00+00:00,boost_both_absolute_error,True,False
2026-02-18 18:00:00+00:00,2026-02-19 21:00:00+00:00,2026-02-20 02:00:00,2,27,0.30500804232490974,2,2026-02-18 09:00:00+00:00,boost_both_absolute_error,True,False
2026-02-18 18:00:00+00:00,2026-02-19 22:00:00+00:00,2026-02-20 03:00:00,2,28,0.36900783189741204,2,2026-02-18 10:00:00+00:00,boost_both_absolute_error,True,False
2026-02-18 18:00:00+00:00,2026-02-19 23:00:00+00:00,2026-02-20 04:00:00,2,29,0.4306290361098704,2,2026-02-18 11:00:00+00:00,boost_both_absolute_error,True,False
2026-02-18 18:00:00+00:00,2026-02-20 00:00:00+00:00,2026-02-20 05:00:00,2,30,0.35297171378546777,2,2026-02-18 12:00:00+00:00,boost_both_absolute_error,True,False
2026-02-18 18:00:00+00:00,2026-02-20 01:00:00+00:00,2026-02-20 06:00:00,2,31,0.44213650360542367,2,2026-02-18 13:00:00+00:00,boost_both_absolute_error,True,False
2026-02-18 18:00:00+00:00,2026-02-20 02:00:00+00:00,2026-02-20 07:00:00,2,32,0.34600833959452554,2,2026-02-18 14:00:00+00:00,boost_both_absolute_error,True,False
2026-02-18 18:00:00+00:00,2026-02-20 03:00:00+00:00,2026-02-20 08:00:00,2,33,0.32407892865326304,2,2026-02-18 15:00:00+00:00,boost_both_absolute_error,True,False
2026-02-18 18:00:00+00:00,2026-02-20 04:00:00+00:00,2026-02-20 09:00:00,2,34,0.35580183399029436,2,2026-02-18 16:00:00+00:00,boost_both_absolute_error,True,False
2026-02-18 18:00:00+00:00,2026-02-20 05:00:00+00:00,2026-02-20 10:00:00,2,35,0.07889452919825203,2,2026-02-18 17:00:00+00:00,boost_both_absolute_error,True,False
2026-02-18 18:00:00+00:00,2026-02-20 06:00:00+00:00,2026-02-20 11:00:00,2,36,0.1433778511315546,2,2026-02-18 18:00:00+00:00,boost_both_absolute_error,True,False
2026-02-18 18:00:00+00:00,2026-02-20 07:00:00+00:00,2026-02-20 12:00:00,2,37,0.14323079032806035,3,2026-02-17 19:00:00+00:00,boost_both_absolute_error,True,False
2026-02-18 18:00:00+00:00,2026-02-20 08:00:00+00:00,2026-02-20 13:00:00,2,38,0.16045330935803234,3,2026-02-17 20:00:00+00:00,boost_both_absolute_error,True,False
2026-02-18 18:00:00+00:00,2026-02-20 09:00:00+00:00,2026-02-20 14:00:00,2,39,0.1840908697626252,3,2026-02-17 21:00:00+00:00,boost_both_absolute_error,True,False
2026-02-18 18:00:00+00:00,2026-02-20 10:00:00+00:00,2026-02-20 15:00:00,2,40,0.24999811385188264,3,2026-02-17 22:00:00+00:00,boost_both_absolute_error,True,False
2026-02-18 18:00:00+00:00,2026-02-20 11:00:00+00:00,2026-02-20 16:00:00,2,41,0.3455799774506961,3,2026-02-17 23:00:00+00:00,boost_both_absolute_error,True,False
2026-02-18 18:00:00+00:00,2026-02-20 12:00:00+00:00,2026-02-20 17:00:00,2,42,0.32777646827272805,3,2026-02-18 00:00:00+00:00,boost_both_absolute_error,True,False
2026-02-18 18:00:00+00:00,2026-02-20 13:00:00+00:00,2026-02-20 18:00:00,2,43,0.3659472240434222,3,2026-02-18 01:00:00+00:00,boost_both_absolute_error,True,False
2026-02-18 18:00:00+00:00,2026-02-20 14:00:00+00:00,2026-02-20 19:00:00,2,44,0.48449325717366637,3,2026-02-18 02:00:00+00:00,boost_both_absolute_error,True,False
2026-02-18 18:00:00+00:00,2026-02-20 15:00:00+00:00,2026-02-20 20:00:00,2,45,0.8489061125454661,3,2026-02-18 03:00:00+00:00,boost_both_absolute_error,True,False
2026-02-18 18:00:00+00:00,2026-02-20 16:00:00+00:00,2026-02-20 21:00:00,2,46,0.8799803035561058,3,2026-02-18 04:00:00+00:00,boost_both_absolute_error,True,False
2026-02-18 18:00:00+00:00,2026-02-20 17:00:00+00:00,2026-02-20 22:00:00,2,47,0.845762271696295,3,2026-02-18 05:00:00+00:00,boost_both_absolute_error,True,False
2026-02-18 18:00:00+00:00,2026-02-20 18:00:00+00:00,2026-02-20 23:00:00,2,48,0.7851237414505005,3,2026-02-18 06:00:00+00:00,boost_both_absolute_error,True,False
2026-02-19 18:00:00+00:00,2026-02-19 19:00:00+00:00,2026-02-20 00:00:00,1,1,0.2510476738119312,1,2026-02-19 07:00:00+00:00,boost_both_absolute_error,True,False
2026-02-19 18:00:00+00:00,2026-02-19 20:00:00+00:00,2026-02-20 01:00:00,1,2,0.25742474987661285,1,2026-02-19 08:00:00+00:00,boost_both_absolute_error,True,False
2026-02-19 18:00:00+00:00,2026-02-19 21:00:00+00:00,2026-02-20 02:00:00,1,3,0.2662032497704788,1,2026-02-19 09:00:00+00:00,boost_both_absolute_error,True,False
2026-02-19 18:00:00+00:00,2026-02-19 22:00:00+00:00,2026-02-20 03:00:00,1,4,0.2681722009361316,1,2026-02-19 10:00:00+00:00,boost_both_absolute_error,True,False
2026-02-19 18:00:00+00:00,2026-02-19 23:00:00+00:00,2026-02-20 04:00:00,1,5,0.21299236956119294,1,2026-02-19 11:00:00+00:00,boost_both_absolute_error,True,False
2026-02-19 18:00:00+00:00,2026-02-20 00:00:00+00:00,2026-02-20 05:00:00,1,6,0.3497977611457035,1,2026-02-19 12:00:00+00:00,boost_both_absolute_error,True,False
2026-02-19 18:00:00+00:00,2026-02-20 01:00:00+00:00,2026-02-20 06:00:00,1,7,0.4644785544049115,1,2026-02-19 13:00:00+00:00,boost_both_absolute_error,True,False
2026-02-19 18:00:00+00:00,2026-02-20 02:00:00+00:00,2026-02-20 07:00:00,1,8,0.5426864823078348,1,2026-02-19 14:00:00+00:00,boost_both_absolute_error,True,False
2026-02-19 18:00:00+00:00,2026-02-20 03:00:00+00:00,2026-02-20 08:00:00,1,9,0.527134922043197,1,2026-02-19 15:00:00+00:00,boost_both_absolute_error,True,False
2026-02-19 18:00:00+00:00,2026-02-20 04:00:00+00:00,2026-02-20 09:00:00,1,10,0.5302192246387745,1,2026-02-19 16:00:00+00:00,boost_both_absolute_error,True,False
2026-02-19 18:00:00+00:00,2026-02-20 05:00:00+00:00,2026-02-20 10:00:00,1,11,0.21886926637556872,1,2026-02-19 17:00:00+00:00,boost_both_absolute_error,True,False
2026-02-19 18:00:00+00:00,2026-02-20 06:00:00+00:00,2026-02-20 11:00:00,1,12,0.2556690140730809,1,2026-02-19 18:00:00+00:00,boost_both_absolute_error,True,False
2026-02-19 18:00:00+00:00,2026-02-20 07:00:00+00:00,2026-02-20 12:00:00,1,13,0.057194112586436724,2,2026-02-18 19:00:00+00:00,boost_both_absolute_error,True,False
2026-02-19 18:00:00+00:00,2026-02-20 08:00:00+00:00,2026-02-20 13:00:00,1,14,0.04882990989100292,2,2026-02-18 20:00:00+00:00,boost_both_absolute_error,True,False
2026-02-19 18:00:00+00:00,2026-02-20 09:00:00+00:00,2026-02-20 14:00:00,1,15,0.042628383846520124,2,2026-02-18 21:00:00+00:00,boost_both_absolute_error,True,False
2026-02-19 18:00:00+00:00,2026-02-20 10:00:00+00:00,2026-02-20 15:00:00,1,16,0.029194092634144037,2,2026-02-18 22:00:00+00:00,boost_both_absolute_error,True,False
2026-02-19 18:00:00+00:00,2026-02-20 11:00:00+00:00,2026-02-20 16:00:00,1,17,0.11397958277557511,2,2026-02-18 23:00:00+00:00,boost_both_absolute_error,True,False
2026-02-19 18:00:00+00:00,2026-02-20 12:00:00+00:00,2026-02-20 17:00:00,1,18,0.05927912485126665,2,2026-02-19 00:00:00+00:00,boost_both_absolute_error,True,False
2026-02-19 18:00:00+00:00,2026-02-20 13:00:00+00:00,2026-02-20 18:00:00,1,19,0.22065096283209515,2,2026-02-19 01:00:00+00:00,boost_both_absolute_error,True,False
2026-02-19 18:00:00+00:00,2026-02-20 14:00:00+00:00,2026-02-20 19:00:00,1,20,0.32133449832802485,2,2026-02-19 02:00:00+00:00,boost_both_absolute_error,True,False
2026-02-19 18:00:00+00:00,2026-02-20 15:00:00+00:00,2026-02-20 20:00:00,1,21,0.38871808845004524,2,2026-02-19 03:00:00+00:00,boost_both_absolute_error,True,False
2026-02-19 18:00:00+00:00,2026-02-20 16:00:00+00:00,2026-02-20 21:00:00,1,22,0.7496799605593364,2,2026-02-19 04:00:00+00:00,boost_both_absolute_error,True,False
2026-02-19 18:00:00+00:00,2026-02-20 17:00:00+00:00,2026-02-20 22:00:00,1,23,0.8204020516022693,2,2026-02-19 05:00:00+00:00,boost_both_absolute_error,True,False
2026-02-19 18:00:00+00:00,2026-02-20 18:00:00+00:00,2026-02-20 23:00:00,1,24,0.7073701434183078,2,2026-02-19 06:00:00+00:00,boost_both_absolute_error,True,False
2026-02-19 18:00:00+00:00,2026-02-20 19:00:00+00:00,2026-02-21 00:00:00,1,25,0.696298785340644,2,2026-02-19 07:00:00+00:00,boost_both_absolute_error,True,False
2026-02-19 18:00:00+00:00,2026-02-20 20:00:00+00:00,2026-02-21 01:00:00,1,26,0.6427351847804444,2,2026-02-19 08:00:00+00:00,boost_both_absolute_error,True,False
2026-02-19 18:00:00+00:00,2026-02-20 21:00:00+00:00,2026-02-21 02:00:00,1,27,0.5111127884940553,2,2026-02-19 09:00:00+00:00,boost_both_absolute_error,True,False
2026-02-19 18:00:00+00:00,2026-02-20 22:00:00+00:00,2026-02-21 03:00:00,1,28,0.4727849899635087,2,2026-02-19 10:00:00+00:00,boost_both_absolute_error,True,False
2026-02-19 18:00:00+00:00,2026-02-20 23:00:00+00:00,2026-02-21 04:00:00,1,29,0.4584590237110191,2,2026-02-19 11:00:00+00:00,boost_both_absolute_error,True,False
2026-02-19 18:00:00+00:00,2026-02-21 00:00:00+00:00,2026-02-21 05:00:00,1,30,0.5594778358561038,2,2026-02-19 12:00:00+00:00,boost_both_absolute_error,True,False
2026-02-19 18:00:00+00:00,2026-02-21 01:00:00+00:00,2026-02-21 06:00:00,1,31,0.4576465389523633,2,2026-02-19 13:00:00+00:00,boost_both_absolute_error,True,False
2026-02-19 18:00:00+00:00,2026-02-21 02:00:00+00:00,2026-02-21 07:00:00,1,32,0.36802821875816777,2,2026-02-19 14:00:00+00:00,boost_both_absolute_error,True,False
2026-02-19 18:00:00+00:00,2026-02-21 03:00:00+00:00,2026-02-21 08:00:00,1,33,0.32862072950241605,2,2026-02-19 15:00:00+00:00,boost_both_absolute_error,True,False
2026-02-19 18:00:00+00:00,2026-02-21 04:00:00+00:00,2026-02-21 09:00:00,1,34,0.2583206753483524,2,2026-02-19 16:00:00+00:00,boost_both_absolute_error,True,False
2026-02-19 18:00:00+00:00,2026-02-21 05:00:00+00:00,2026-02-21 10:00:00,1,35,0.3392196584760608,2,2026-02-19 17:00:00+00:00,boost_both_absolute_error,True,False
2026-02-19 18:00:00+00:00,2026-02-21 06:00:00+00:00,2026-02-21 11:00:00,1,36,0.5186329791365807,2,2026-02-19 18:00:00+00:00,boost_both_absolute_error,True,False
2026-02-19 18:00:00+00:00,2026-02-21 07:00:00+00:00,2026-02-21 12:00:00,1,37,0.5224816750995858,3,2026-02-18 19:00:00+00:00,boost_both_absolute_error,True,False
2026-02-19 18:00:00+00:00,2026-02-21 08:00:00+00:00,2026-02-21 13:00:00,1,38,0.6726331587653751,3,2026-02-18 20:00:00+00:00,boost_both_absolute_error,True,False
2026-02-19 18:00:00+00:00,2026-02-21 09:00:00+00:00,2026-02-21 14:00:00,1,39,0.921914318958773,3,2026-02-18 21:00:00+00:00,boost_both_absolute_error,True,False
2026-02-19 18:00:00+00:00,2026-02-21 10:00:00+00:00,2026-02-21 15:00:00,1,40,0.8877411206978058,3,2026-02-18 22:00:00+00:00,boost_both_absolute_error,True,False
2026-02-19 18:00:00+00:00,2026-02-21 11:00:00+00:00,2026-02-21 16:00:00,1,41,0.8639183431118953,3,2026-02-18 23:00:00+00:00,boost_both_absolute_error,True,False
2026-02-19 18:00:00+00:00,2026-02-21 12:00:00+00:00,2026-02-21 17:00:00,1,42,0.6499499992408182,3,2026-02-19 00:00:00+00:00,boost_both_absolute_error,True,False
2026-02-19 18:00:00+00:00,2026-02-21 13:00:00+00:00,2026-02-21 18:00:00,1,43,0.8652049379670892,3,2026-02-19 01:00:00+00:00,boost_both_absolute_error,True,False
2026-02-19 18:00:00+00:00,2026-02-21 14:00:00+00:00,2026-02-21 19:00:00,1,44,0.8927414678593443,3,2026-02-19 02:00:00+00:00,boost_both_absolute_error,True,False
2026-02-19 18:00:00+00:00,2026-02-21 15:00:00+00:00,2026-02-21 20:00:00,1,45,0.973450412948675,3,2026-02-19 03:00:00+00:00,boost_both_absolute_error,True,False
2026-02-19 18:00:00+00:00,2026-02-21 16:00:00+00:00,2026-02-21 21:00:00,1,46,0.8148343325534606,3,2026-02-19 04:00:00+00:00,boost_both_absolute_error,True,False
2026-02-19 18:00:00+00:00,2026-02-21 17:00:00+00:00,2026-02-21 22:00:00,1,47,0.630485225081081,3,2026-02-19 05:00:00+00:00,boost_both_absolute_error,True,False
2026-02-19 18:00:00+00:00,2026-02-21 18:00:00+00:00,2026-02-21 23:00:00,1,48,0.3594310130902172,3,2026-02-19 06:00:00+00:00,boost_both_absolute_error,True,False
2026-02-19 18:00:00+00:00,2026-02-19 19:00:00+00:00,2026-02-20 00:00:00,2,1,0.24962834714733187,1,2026-02-19 07:00:00+00:00,boost_both_absolute_error,True,False
2026-02-19 18:00:00+00:00,2026-02-19 20:00:00+00:00,2026-02-20 01:00:00,2,2,0.2558073111470156,1,2026-02-19 08:00:00+00:00,boost_both_absolute_error,True,False
2026-02-19 18:00:00+00:00,2026-02-19 21:00:00+00:00,2026-02-20 02:00:00,2,3,0.2626411754548954,1,2026-02-19 09:00:00+00:00,boost_both_absolute_error,True,False
2026-02-19 18:00:00+00:00,2026-02-19 22:00:00+00:00,2026-02-20 03:00:00,2,4,0.26461012662054817,1,2026-02-19 10:00:00+00:00,boost_both_absolute_error,True,False
2026-02-19 18:00:00+00:00,2026-02-19 23:00:00+00:00,2026-02-20 04:00:00,2,5,0.21065270908087758,1,2026-02-19 11:00:00+00:00,boost_both_absolute_error,True,False
2026-02-19 18:00:00+00:00,2026-02-20 00:00:00+00:00,2026-02-20 05:00:00,2,6,0.3487251182324569,1,2026-02-19 12:00:00+00:00,boost_both_absolute_error,True,False
2026-02-19 18:00:00+00:00,2026-02-20 01:00:00+00:00,2026-02-20 06:00:00,2,7,0.46340591149166477,1,2026-02-19 13:00:00+00:00,boost_both_absolute_error,True,False
2026-02-19 18:00:00+00:00,2026-02-20 02:00:00+00:00,2026-02-20 07:00:00,2,8,0.5416138393945882,1,2026-02-19 14:00:00+00:00,boost_both_absolute_error,True,False
2026-02-19 18:00:00+00:00,2026-02-20 03:00:00+00:00,2026-02-20 08:00:00,2,9,0.5274885475329316,1,2026-02-19 15:00:00+00:00,boost_both_absolute_error,True,False
2026-02-19 18:00:00+00:00,2026-02-20 04:00:00+00:00,2026-02-20 09:00:00,2,10,0.533472569815777,1,2026-02-19 16:00:00+00:00,boost_both_absolute_error,True,False
2026-02-19 18:00:00+00:00,2026-02-20 05:00:00+00:00,2026-02-20 10:00:00,2,11,0.22135570415247832,1,2026-02-19 17:00:00+00:00,boost_both_absolute_error,True,False
2026-02-19 18:00:00+00:00,2026-02-20 06:00:00+00:00,2026-02-20 11:00:00,2,12,0.2629372726256008,1,2026-02-19 18:00:00+00:00,boost_both_absolute_error,True,False
2026-02-19 18:00:00+00:00,2026-02-20 07:00:00+00:00,2026-02-20 12:00:00,2,13,0.05764767776970097,2,2026-02-18 19:00:00+00:00,boost_both_absolute_error,True,False
2026-02-19 18:00:00+00:00,2026-02-20 08:00:00+00:00,2026-02-20 13:00:00,2,14,0.04766744182571719,2,2026-02-18 20:00:00+00:00,boost_both_absolute_error,True,False
2026-02-19 18:00:00+00:00,2026-02-20 09:00:00+00:00,2026-02-20 14:00:00,2,15,0.041334431458534326,2,2026-02-18 21:00:00+00:00,boost_both_absolute_error,True,False
2026-02-19 18:00:00+00:00,2026-02-20 10:00:00+00:00,2026-02-20 15:00:00,2,16,0.027332828295732994,2,2026-02-18 22:00:00+00:00,boost_both_absolute_error,True,False
2026-02-19 18:00:00+00:00,2026-02-20 11:00:00+00:00,2026-02-20 16:00:00,2,17,0.11271781685100624,2,2026-02-18 23:00:00+00:00,boost_both_absolute_error,True,False
2026-02-19 18:00:00+00:00,2026-02-20 12:00:00+00:00,2026-02-20 17:00:00,2,18,0.05852711000817071,2,2026-02-19 00:00:00+00:00,boost_both_absolute_error,True,False
2026-02-19 18:00:00+00:00,2026-02-20 13:00:00+00:00,2026-02-20 18:00:00,2,19,0.23152473808813098,2,2026-02-19 01:00:00+00:00,boost_both_absolute_error,True,False
2026-02-19 18:00:00+00:00,2026-02-20 14:00:00+00:00,2026-02-20 19:00:00,2,20,0.32010594366130807,2,2026-02-19 02:00:00+00:00,boost_both_absolute_error,True,False
2026-02-19 18:00:00+00:00,2026-02-20 15:00:00+00:00,2026-02-20 20:00:00,2,21,0.3882900798483248,2,2026-02-19 03:00:00+00:00,boost_both_absolute_error,True,False
2026-02-19 18:00:00+00:00,2026-02-20 16:00:00+00:00,2026-02-20 21:00:00,2,22,0.7457800164289418,2,2026-02-19 04:00:00+00:00,boost_both_absolute_error,True,False
2026-02-19 18:00:00+00:00,2026-02-20 17:00:00+00:00,2026-02-20 22:00:00,2,23,0.8199740430005485,2,2026-02-19 05:00:00+00:00,boost_both_absolute_error,True,False
2026-02-19 18:00:00+00:00,2026-02-20 18:00:00+00:00,2026-02-20 23:00:00,2,24,0.706850305471416,2,2026-02-19 06:00:00+00:00,boost_both_absolute_error,True,False
2026-02-19 18:00:00+00:00,2026-02-20 19:00:00+00:00,2026-02-21 00:00:00,2,25,0.6957789473937522,2,2026-02-19 07:00:00+00:00,boost_both_absolute_error,True,False
2026-02-19 18:00:00+00:00,2026-02-20 20:00:00+00:00,2026-02-21 01:00:00,2,26,0.6422153468335526,2,2026-02-19 08:00:00+00:00,boost_both_absolute_error,True,False
2026-02-19 18:00:00+00:00,2026-02-20 21:00:00+00:00,2026-02-21 02:00:00,2,27,0.5101755676434635,2,2026-02-19 09:00:00+00:00,boost_both_absolute_error,True,False
2026-02-19 18:00:00+00:00,2026-02-20 22:00:00+00:00,2026-02-21 03:00:00,2,28,0.47184776911291715,2,2026-02-19 10:00:00+00:00,boost_both_absolute_error,True,False
2026-02-19 18:00:00+00:00,2026-02-20 23:00:00+00:00,2026-02-21 04:00:00,2,29,0.45767782588932837,2,2026-02-19 11:00:00+00:00,boost_both_absolute_error,True,False
2026-02-19 18:00:00+00:00,2026-02-21 00:00:00+00:00,2026-02-21 05:00:00,2,30,0.5589149440243301,2,2026-02-19 12:00:00+00:00,boost_both_absolute_error,True,False
2026-02-19 18:00:00+00:00,2026-02-21 01:00:00+00:00,2026-02-21 06:00:00,2,31,0.4570836471205897,2,2026-02-19 13:00:00+00:00,boost_both_absolute_error,True,False
2026-02-19 18:00:00+00:00,2026-02-21 02:00:00+00:00,2026-02-21 07:00:00,2,32,0.3674653269263942,2,2026-02-19 14:00:00+00:00,boost_both_absolute_error,True,False
2026-02-19 18:00:00+00:00,2026-02-21 03:00:00+00:00,2026-02-21 08:00:00,2,33,0.3296499717295544,2,2026-02-19 15:00:00+00:00,boost_both_absolute_error,True,False
2026-02-19 18:00:00+00:00,2026-02-21 04:00:00+00:00,2026-02-21 09:00:00,2,34,0.26224963726275874,2,2026-02-19 16:00:00+00:00,boost_both_absolute_error,True,False
2026-02-19 18:00:00+00:00,2026-02-21 05:00:00+00:00,2026-02-21 10:00:00,2,35,0.3426388693089941,2,2026-02-19 17:00:00+00:00,boost_both_absolute_error,True,False
2026-02-19 18:00:00+00:00,2026-02-21 06:00:00+00:00,2026-02-21 11:00:00,2,36,0.5221989246870362,2,2026-02-19 18:00:00+00:00,boost_both_absolute_error,True,False
2026-02-19 18:00:00+00:00,2026-02-21 07:00:00+00:00,2026-02-21 12:00:00,2,37,0.5266761393281356,3,2026-02-18 19:00:00+00:00,boost_both_absolute_error,True,False
2026-02-19 18:00:00+00:00,2026-02-21 08:00:00+00:00,2026-02-21 13:00:00,2,38,0.6816229658404822,3,2026-02-18 20:00:00+00:00,boost_both_absolute_error,True,False
2026-02-19 18:00:00+00:00,2026-02-21 09:00:00+00:00,2026-02-21 14:00:00,2,39,0.9092383310010743,3,2026-02-18 21:00:00+00:00,boost_both_absolute_error,True,False
2026-02-19 18:00:00+00:00,2026-02-21 10:00:00+00:00,2026-02-21 15:00:00,2,40,0.8744140984268434,3,2026-02-18 22:00:00+00:00,boost_both_absolute_error,True,False
2026-02-19 18:00:00+00:00,2026-02-21 11:00:00+00:00,2026-02-21 16:00:00,2,41,0.8501752904554625,3,2026-02-18 23:00:00+00:00,boost_both_absolute_error,True,False
2026-02-19 18:00:00+00:00,2026-02-21 12:00:00+00:00,2026-02-21 17:00:00,2,42,0.6512514434935385,3,2026-02-19 00:00:00+00:00,boost_both_absolute_error,True,False
2026-02-19 18:00:00+00:00,2026-02-21 13:00:00+00:00,2026-02-21 18:00:00,2,43,0.8694060135196306,3,2026-02-19 01:00:00+00:00,boost_both_absolute_error,True,False
2026-02-19 18:00:00+00:00,2026-02-21 14:00:00+00:00,2026-02-21 19:00:00,2,44,0.8978740426822647,3,2026-02-19 02:00:00+00:00,boost_both_absolute_error,True,False
2026-02-19 18:00:00+00:00,2026-02-21 15:00:00+00:00,2026-02-21 20:00:00,2,45,0.969888293509096,3,2026-02-19 03:00:00+00:00,boost_both_absolute_error,True,False
2026-02-19 18:00:00+00:00,2026-02-21 16:00:00+00:00,2026-02-21 21:00:00,2,46,0.816545976703665,3,2026-02-19 04:00:00+00:00,boost_both_absolute_error,True,False
2026-02-19 18:00:00+00:00,2026-02-21 17:00:00+00:00,2026-02-21 22:00:00,2,47,0.6300392532994861,3,2026-02-19 05:00:00+00:00,boost_both_absolute_error,True,False
2026-02-19 18:00:00+00:00,2026-02-21 18:00:00+00:00,2026-02-21 23:00:00,2,48,0.35637868985610677,3,2026-02-19 06:00:00+00:00,boost_both_absolute_error,True,False
2026-02-20 18:00:00+00:00,2026-02-20 19:00:00+00:00,2026-02-21 00:00:00,1,1,0.6476573841239365,1,2026-02-20 07:00:00+00:00,boost_both_absolute_error,True,False
2026-02-20 18:00:00+00:00,2026-02-20 20:00:00+00:00,2026-02-21 01:00:00,1,2,0.6737226460059408,1,2026-02-20 08:00:00+00:00,boost_both_absolute_error,True,False
2026-02-20 18:00:00+00:00,2026-02-20 21:00:00+00:00,2026-02-21 02:00:00,1,3,0.6189283379909657,1,2026-02-20 09:00:00+00:00,boost_both_absolute_error,True,False
2026-02-20 18:00:00+00:00,2026-02-20 22:00:00+00:00,2026-02-21 03:00:00,1,4,0.5701848925688707,1,2026-02-20 10:00:00+00:00,boost_both_absolute_error,True,False
2026-02-20 18:00:00+00:00,2026-02-20 23:00:00+00:00,2026-02-21 04:00:00,1,5,0.4828164920943099,1,2026-02-20 11:00:00+00:00,boost_both_absolute_error,True,False
2026-02-20 18:00:00+00:00,2026-02-21 00:00:00+00:00,2026-02-21 05:00:00,1,6,0.4714166282697933,1,2026-02-20 12:00:00+00:00,boost_both_absolute_error,True,False
2026-02-20 18:00:00+00:00,2026-02-21 01:00:00+00:00,2026-02-21 06:00:00,1,7,0.4222496402558281,1,2026-02-20 13:00:00+00:00,boost_both_absolute_error,True,False
2026-02-20 18:00:00+00:00,2026-02-21 02:00:00+00:00,2026-02-21 07:00:00,1,8,0.5351206565999767,1,2026-02-20 14:00:00+00:00,boost_both_absolute_error,True,False
2026-02-20 18:00:00+00:00,2026-02-21 03:00:00+00:00,2026-02-21 08:00:00,1,9,0.36514146131830477,1,2026-02-20 15:00:00+00:00,boost_both_absolute_error,True,False
2026-02-20 18:00:00+00:00,2026-02-21 04:00:00+00:00,2026-02-21 09:00:00,1,10,0.3817765218681921,1,2026-02-20 16:00:00+00:00,boost_both_absolute_error,True,False
2026-02-20 18:00:00+00:00,2026-02-21 05:00:00+00:00,2026-02-21 10:00:00,1,11,0.07662788547555544,1,2026-02-20 17:00:00+00:00,boost_both_absolute_error,True,False
2026-02-20 18:00:00+00:00,2026-02-21 06:00:00+00:00,2026-02-21 11:00:00,1,12,0.46564244870926275,1,2026-02-20 18:00:00+00:00,boost_both_absolute_error,True,False
2026-02-20 18:00:00+00:00,2026-02-21 07:00:00+00:00,2026-02-21 12:00:00,1,13,0.8095023971093513,2,2026-02-19 19:00:00+00:00,boost_both_absolute_error,True,False
2026-02-20 18:00:00+00:00,2026-02-21 08:00:00+00:00,2026-02-21 13:00:00,1,14,0.973915964833662,2,2026-02-19 20:00:00+00:00,boost_both_absolute_error,True,False
2026-02-20 18:00:00+00:00,2026-02-21 09:00:00+00:00,2026-02-21 14:00:00,1,15,0.9413100947854156,2,2026-02-19 21:00:00+00:00,boost_both_absolute_error,True,False
2026-02-20 18:00:00+00:00,2026-02-21 10:00:00+00:00,2026-02-21 15:00:00,1,16,0.688236541929878,2,2026-02-19 22:00:00+00:00,boost_both_absolute_error,True,False
2026-02-20 18:00:00+00:00,2026-02-21 11:00:00+00:00,2026-02-21 16:00:00,1,17,0.4062464342140127,2,2026-02-19 23:00:00+00:00,boost_both_absolute_error,True,False
2026-02-20 18:00:00+00:00,2026-02-21 12:00:00+00:00,2026-02-21 17:00:00,1,18,0.24825965401013844,2,2026-02-20 00:00:00+00:00,boost_both_absolute_error,True,False
2026-02-20 18:00:00+00:00,2026-02-21 13:00:00+00:00,2026-02-21 18:00:00,1,19,0.15947373090584752,2,2026-02-20 01:00:00+00:00,boost_both_absolute_error,True,False
2026-02-20 18:00:00+00:00,2026-02-21 14:00:00+00:00,2026-02-21 19:00:00,1,20,0.30613973030434627,2,2026-02-20 02:00:00+00:00,boost_both_absolute_error,True,False
2026-02-20 18:00:00+00:00,2026-02-21 15:00:00+00:00,2026-02-21 20:00:00,1,21,0.6382459786925776,2,2026-02-20 03:00:00+00:00,boost_both_absolute_error,True,False
2026-02-20 18:00:00+00:00,2026-02-21 16:00:00+00:00,2026-02-21 21:00:00,1,22,0.7926106761008381,2,2026-02-20 04:00:00+00:00,boost_both_absolute_error,True,False
2026-02-20 18:00:00+00:00,2026-02-21 17:00:00+00:00,2026-02-21 22:00:00,1,23,0.6744041253809142,2,2026-02-20 05:00:00+00:00,boost_both_absolute_error,True,False
2026-02-20 18:00:00+00:00,2026-02-21 18:00:00+00:00,2026-02-21 23:00:00,1,24,0.7103435983841832,2,2026-02-20 06:00:00+00:00,boost_both_absolute_error,True,False
2026-02-20 18:00:00+00:00,2026-02-21 19:00:00+00:00,2026-02-22 00:00:00,1,25,0.673617109756125,2,2026-02-20 07:00:00+00:00,boost_both_absolute_error,True,False
2026-02-20 18:00:00+00:00,2026-02-21 20:00:00+00:00,2026-02-22 01:00:00,1,26,0.49495373136133275,2,2026-02-20 08:00:00+00:00,boost_both_absolute_error,True,False
2026-02-20 18:00:00+00:00,2026-02-21 21:00:00+00:00,2026-02-22 02:00:00,1,27,0.3523061642097489,2,2026-02-20 09:00:00+00:00,boost_both_absolute_error,True,False
2026-02-20 18:00:00+00:00,2026-02-21 22:00:00+00:00,2026-02-22 03:00:00,1,28,0.32499465318493953,2,2026-02-20 10:00:00+00:00,boost_both_absolute_error,True,False
2026-02-20 18:00:00+00:00,2026-02-21 23:00:00+00:00,2026-02-22 04:00:00,1,29,0.11156924583466375,2,2026-02-20 11:00:00+00:00,boost_both_absolute_error,True,False
2026-02-20 18:00:00+00:00,2026-02-22 00:00:00+00:00,2026-02-22 05:00:00,1,30,0.07658363699127693,2,2026-02-20 12:00:00+00:00,boost_both_absolute_error,True,False
2026-02-20 18:00:00+00:00,2026-02-22 01:00:00+00:00,2026-02-22 06:00:00,1,31,0.029034057386576186,2,2026-02-20 13:00:00+00:00,boost_both_absolute_error,True,False
2026-02-20 18:00:00+00:00,2026-02-22 02:00:00+00:00,2026-02-22 07:00:00,1,32,0.017134465461447142,2,2026-02-20 14:00:00+00:00,boost_both_absolute_error,True,False
2026-02-20 18:00:00+00:00,2026-02-22 03:00:00+00:00,2026-02-22 08:00:00,1,33,0.0353653380162986,2,2026-02-20 15:00:00+00:00,boost_both_absolute_error,True,False
2026-02-20 18:00:00+00:00,2026-02-22 04:00:00+00:00,2026-02-22 09:00:00,1,34,0.0877182944293333,2,2026-02-20 16:00:00+00:00,boost_both_absolute_error,True,False
2026-02-20 18:00:00+00:00,2026-02-22 05:00:00+00:00,2026-02-22 10:00:00,1,35,0.18738587577850452,2,2026-02-20 17:00:00+00:00,boost_both_absolute_error,True,False
2026-02-20 18:00:00+00:00,2026-02-22 06:00:00+00:00,2026-02-22 11:00:00,1,36,0.726759093921166,2,2026-02-20 18:00:00+00:00,boost_both_absolute_error,True,False
2026-02-20 18:00:00+00:00,2026-02-22 07:00:00+00:00,2026-02-22 12:00:00,1,37,0.24722021854711734,3,2026-02-19 19:00:00+00:00,boost_both_absolute_error,True,False
2026-02-20 18:00:00+00:00,2026-02-22 08:00:00+00:00,2026-02-22 13:00:00,1,38,0.6286749528711727,3,2026-02-19 20:00:00+00:00,boost_both_absolute_error,True,False
2026-02-20 18:00:00+00:00,2026-02-22 09:00:00+00:00,2026-02-22 14:00:00,1,39,0.8922974565118814,3,2026-02-19 21:00:00+00:00,boost_both_absolute_error,True,False
2026-02-20 18:00:00+00:00,2026-02-22 10:00:00+00:00,2026-02-22 15:00:00,1,40,0.9856619647682023,3,2026-02-19 22:00:00+00:00,boost_both_absolute_error,True,False
2026-02-20 18:00:00+00:00,2026-02-22 11:00:00+00:00,2026-02-22 16:00:00,1,41,0.9725861942182654,3,2026-02-19 23:00:00+00:00,boost_both_absolute_error,True,False
2026-02-20 18:00:00+00:00,2026-02-22 12:00:00+00:00,2026-02-22 17:00:00,1,42,0.9598101372090004,3,2026-02-20 00:00:00+00:00,boost_both_absolute_error,True,False
2026-02-20 18:00:00+00:00,2026-02-22 13:00:00+00:00,2026-02-22 18:00:00,1,43,0.9196286392870371,3,2026-02-20 01:00:00+00:00,boost_both_absolute_error,True,False
2026-02-20 18:00:00+00:00,2026-02-22 14:00:00+00:00,2026-02-22 19:00:00,1,44,0.880035463755667,3,2026-02-20 02:00:00+00:00,boost_both_absolute_error,True,False
2026-02-20 18:00:00+00:00,2026-02-22 15:00:00+00:00,2026-02-22 20:00:00,1,45,0.7922661980812952,3,2026-02-20 03:00:00+00:00,boost_both_absolute_error,True,False
2026-02-20 18:00:00+00:00,2026-02-22 16:00:00+00:00,2026-02-22 21:00:00,1,46,0.7055931115616175,3,2026-02-20 04:00:00+00:00,boost_both_absolute_error,True,False
2026-02-20 18:00:00+00:00,2026-02-22 17:00:00+00:00,2026-02-22 22:00:00,1,47,0.6173611691508721,3,2026-02-20 05:00:00+00:00,boost_both_absolute_error,True,False
2026-02-20 18:00:00+00:00,2026-02-22 18:00:00+00:00,2026-02-22 23:00:00,1,48,0.4444039936886338,3,2026-02-20 06:00:00+00:00,boost_both_absolute_error,True,False
2026-02-20 18:00:00+00:00,2026-02-20 19:00:00+00:00,2026-02-21 00:00:00,2,1,0.6471375461770447,1,2026-02-20 07:00:00+00:00,boost_both_absolute_error,True,False
2026-02-20 18:00:00+00:00,2026-02-20 20:00:00+00:00,2026-02-21 01:00:00,2,2,0.673202808059049,1,2026-02-20 08:00:00+00:00,boost_both_absolute_error,True,False
2026-02-20 18:00:00+00:00,2026-02-20 21:00:00+00:00,2026-02-21 02:00:00,2,3,0.6184085000440741,1,2026-02-20 09:00:00+00:00,boost_both_absolute_error,True,False
2026-02-20 18:00:00+00:00,2026-02-20 22:00:00+00:00,2026-02-21 03:00:00,2,4,0.5696650546219789,1,2026-02-20 10:00:00+00:00,boost_both_absolute_error,True,False
2026-02-20 18:00:00+00:00,2026-02-20 23:00:00+00:00,2026-02-21 04:00:00,2,5,0.48203529427261904,1,2026-02-20 11:00:00+00:00,boost_both_absolute_error,True,False
2026-02-20 18:00:00+00:00,2026-02-21 00:00:00+00:00,2026-02-21 05:00:00,2,6,0.4708537364380197,1,2026-02-20 12:00:00+00:00,boost_both_absolute_error,True,False
2026-02-20 18:00:00+00:00,2026-02-21 01:00:00+00:00,2026-02-21 06:00:00,2,7,0.4216867484240544,1,2026-02-20 13:00:00+00:00,boost_both_absolute_error,True,False
2026-02-20 18:00:00+00:00,2026-02-21 02:00:00+00:00,2026-02-21 07:00:00,2,8,0.5345577647682029,1,2026-02-20 14:00:00+00:00,boost_both_absolute_error,True,False
2026-02-20 18:00:00+00:00,2026-02-21 03:00:00+00:00,2026-02-21 08:00:00,2,9,0.36617070354544323,1,2026-02-20 15:00:00+00:00,boost_both_absolute_error,True,False
2026-02-20 18:00:00+00:00,2026-02-21 04:00:00+00:00,2026-02-21 09:00:00,2,10,0.3909792022483862,1,2026-02-20 16:00:00+00:00,boost_both_absolute_error,True,False
2026-02-20 18:00:00+00:00,2026-02-21 05:00:00+00:00,2026-02-21 10:00:00,2,11,0.07894305363243785,1,2026-02-20 17:00:00+00:00,boost_both_absolute_error,True,False
2026-02-20 18:00:00+00:00,2026-02-21 06:00:00+00:00,2026-02-21 11:00:00,2,12,0.46502500464218016,1,2026-02-20 18:00:00+00:00,boost_both_absolute_error,True,False
2026-02-20 18:00:00+00:00,2026-02-21 07:00:00+00:00,2026-02-21 12:00:00,2,13,0.8177404404513988,2,2026-02-19 19:00:00+00:00,boost_both_absolute_error,True,False
2026-02-20 18:00:00+00:00,2026-02-21 08:00:00+00:00,2026-02-21 13:00:00,2,14,0.9649429313698251,2,2026-02-19 20:00:00+00:00,boost_both_absolute_error,True,False
2026-02-20 18:00:00+00:00,2026-02-21 09:00:00+00:00,2026-02-21 14:00:00,2,15,0.9304867237226356,2,2026-02-19 21:00:00+00:00,boost_both_absolute_error,True,False
2026-02-20 18:00:00+00:00,2026-02-21 10:00:00+00:00,2026-02-21 15:00:00,2,16,0.6885876558032958,2,2026-02-19 22:00:00+00:00,boost_both_absolute_error,True,False
2026-02-20 18:00:00+00:00,2026-02-21 11:00:00+00:00,2026-02-21 16:00:00,2,17,0.40909359341022616,2,2026-02-19 23:00:00+00:00,boost_both_absolute_error,True,False
2026-02-20 18:00:00+00:00,2026-02-21 12:00:00+00:00,2026-02-21 17:00:00,2,18,0.2524607295626796,2,2026-02-20 00:00:00+00:00,boost_both_absolute_error,True,False
2026-02-20 18:00:00+00:00,2026-02-21 13:00:00+00:00,2026-02-21 18:00:00,2,19,0.16367480645838886,2,2026-02-20 01:00:00+00:00,boost_both_absolute_error,True,False
2026-02-20 18:00:00+00:00,2026-02-21 14:00:00+00:00,2026-02-21 19:00:00,2,20,0.30257765598876296,2,2026-02-20 02:00:00+00:00,boost_both_absolute_error,True,False
2026-02-20 18:00:00+00:00,2026-02-21 15:00:00+00:00,2026-02-21 20:00:00,2,21,0.6346839043769941,2,2026-02-20 03:00:00+00:00,boost_both_absolute_error,True,False
2026-02-20 18:00:00+00:00,2026-02-21 16:00:00+00:00,2026-02-21 21:00:00,2,22,0.7960671226980688,2,2026-02-20 04:00:00+00:00,boost_both_absolute_error,True,False
2026-02-20 18:00:00+00:00,2026-02-21 17:00:00+00:00,2026-02-21 22:00:00,2,23,0.6747743126129648,2,2026-02-20 05:00:00+00:00,boost_both_absolute_error,True,False
2026-02-20 18:00:00+00:00,2026-02-21 18:00:00+00:00,2026-02-21 23:00:00,2,24,0.7107137856162338,2,2026-02-20 06:00:00+00:00,boost_both_absolute_error,True,False
2026-02-20 18:00:00+00:00,2026-02-21 19:00:00+00:00,2026-02-22 00:00:00,2,25,0.6739872969881756,2,2026-02-20 07:00:00+00:00,boost_both_absolute_error,True,False
2026-02-20 18:00:00+00:00,2026-02-21 20:00:00+00:00,2026-02-22 01:00:00,2,26,0.49139165704574933,2,2026-02-20 08:00:00+00:00,boost_both_absolute_error,True,False
2026-02-20 18:00:00+00:00,2026-02-21 21:00:00+00:00,2026-02-22 02:00:00,2,27,0.3487440898941656,2,2026-02-20 09:00:00+00:00,boost_both_absolute_error,True,False
2026-02-20 18:00:00+00:00,2026-02-21 22:00:00+00:00,2026-02-22 03:00:00,2,28,0.3221449579930441,2,2026-02-20 10:00:00+00:00,boost_both_absolute_error,True,False
2026-02-20 18:00:00+00:00,2026-02-21 23:00:00+00:00,2026-02-22 04:00:00,2,29,0.1107607739438566,2,2026-02-20 11:00:00+00:00,boost_both_absolute_error,True,False
2026-02-20 18:00:00+00:00,2026-02-22 00:00:00+00:00,2026-02-22 05:00:00,2,30,0.07568681310532344,2,2026-02-20 12:00:00+00:00,boost_both_absolute_error,True,False
2026-02-20 18:00:00+00:00,2026-02-22 01:00:00+00:00,2026-02-22 06:00:00,2,31,0.02763250331779357,2,2026-02-20 13:00:00+00:00,boost_both_absolute_error,True,False
2026-02-20 18:00:00+00:00,2026-02-22 02:00:00+00:00,2026-02-22 07:00:00,2,32,0.015333062754949871,2,2026-02-20 14:00:00+00:00,boost_both_absolute_error,True,False
2026-02-20 18:00:00+00:00,2026-02-22 03:00:00+00:00,2026-02-22 08:00:00,2,33,0.03427103540444033,2,2026-02-20 15:00:00+00:00,boost_both_absolute_error,True,False
2026-02-20 18:00:00+00:00,2026-02-22 04:00:00+00:00,2026-02-22 09:00:00,2,34,0.10165925268534753,2,2026-02-20 16:00:00+00:00,boost_both_absolute_error,True,False
2026-02-20 18:00:00+00:00,2026-02-22 05:00:00+00:00,2026-02-22 10:00:00,2,35,0.20200245077192264,2,2026-02-20 17:00:00+00:00,boost_both_absolute_error,True,False
2026-02-20 18:00:00+00:00,2026-02-22 06:00:00+00:00,2026-02-22 11:00:00,2,36,0.7246501879528754,2,2026-02-20 18:00:00+00:00,boost_both_absolute_error,True,False
2026-02-20 18:00:00+00:00,2026-02-22 07:00:00+00:00,2026-02-22 12:00:00,2,37,0.2620259165518575,3,2026-02-19 19:00:00+00:00,boost_both_absolute_error,True,False
2026-02-20 18:00:00+00:00,2026-02-22 08:00:00+00:00,2026-02-22 13:00:00,2,38,0.6333285495380114,3,2026-02-19 20:00:00+00:00,boost_both_absolute_error,True,False
2026-02-20 18:00:00+00:00,2026-02-22 09:00:00+00:00,2026-02-22 14:00:00,2,39,0.892744909956078,3,2026-02-19 21:00:00+00:00,boost_both_absolute_error,True,False
2026-02-20 18:00:00+00:00,2026-02-22 10:00:00+00:00,2026-02-22 15:00:00,2,40,0.9841257085864604,3,2026-02-19 22:00:00+00:00,boost_both_absolute_error,True,False
2026-02-20 18:00:00+00:00,2026-02-22 11:00:00+00:00,2026-02-22 16:00:00,2,41,0.9710499380365234,3,2026-02-19 23:00:00+00:00,boost_both_absolute_error,True,False
2026-02-20 18:00:00+00:00,2026-02-22 12:00:00+00:00,2026-02-22 17:00:00,2,42,0.9596646282809268,3,2026-02-20 00:00:00+00:00,boost_both_absolute_error,True,False
2026-02-20 18:00:00+00:00,2026-02-22 13:00:00+00:00,2026-02-22 18:00:00,2,43,0.9194831303589635,3,2026-02-20 01:00:00+00:00,boost_both_absolute_error,True,False
2026-02-20 18:00:00+00:00,2026-02-22 14:00:00+00:00,2026-02-22 19:00:00,2,44,0.8795156258087753,3,2026-02-20 02:00:00+00:00,boost_both_absolute_error,True,False
2026-02-20 18:00:00+00:00,2026-02-22 15:00:00+00:00,2026-02-22 20:00:00,2,45,0.7913289772307035,3,2026-02-20 03:00:00+00:00,boost_both_absolute_error,True,False
2026-02-20 18:00:00+00:00,2026-02-22 16:00:00+00:00,2026-02-22 21:00:00,2,46,0.7046558907110256,3,2026-02-20 04:00:00+00:00,boost_both_absolute_error,True,False
2026-02-20 18:00:00+00:00,2026-02-22 17:00:00+00:00,2026-02-22 22:00:00,2,47,0.6164239483002805,3,2026-02-20 05:00:00+00:00,boost_both_absolute_error,True,False
2026-02-20 18:00:00+00:00,2026-02-22 18:00:00+00:00,2026-02-22 23:00:00,2,48,0.44329630604050946,3,2026-02-20 06:00:00+00:00,boost_both_absolute_error,True,False
2026-02-21 18:00:00+00:00,2026-02-21 19:00:00+00:00,2026-02-22 00:00:00,1,1,0.07348671564761886,1,2026-02-21 07:00:00+00:00,boost_both_absolute_error,True,False
2026-02-21 18:00:00+00:00,2026-02-21 20:00:00+00:00,2026-02-22 01:00:00,1,2,0.04644604730250758,1,2026-02-21 08:00:00+00:00,boost_both_absolute_error,True,False
2026-02-21 18:00:00+00:00,2026-02-21 21:00:00+00:00,2026-02-22 02:00:00,1,3,0.0357473265581088,1,2026-02-21 09:00:00+00:00,boost_both_absolute_error,True,False
2026-02-21 18:00:00+00:00,2026-02-21 22:00:00+00:00,2026-02-22 03:00:00,1,4,0.021871830380501788,1,2026-02-21 10:00:00+00:00,boost_both_absolute_error,True,False
2026-02-21 18:00:00+00:00,2026-02-21 23:00:00+00:00,2026-02-22 04:00:00,1,5,0.026242955283364015,1,2026-02-21 11:00:00+00:00,boost_both_absolute_error,True,False
2026-02-21 18:00:00+00:00,2026-02-22 00:00:00+00:00,2026-02-22 05:00:00,1,6,0.013644810338850573,1,2026-02-21 12:00:00+00:00,boost_both_absolute_error,True,False
2026-02-21 18:00:00+00:00,2026-02-22 01:00:00+00:00,2026-02-22 06:00:00,1,7,0.03026311221424928,1,2026-02-21 13:00:00+00:00,boost_both_absolute_error,True,False
2026-02-21 18:00:00+00:00,2026-02-22 02:00:00+00:00,2026-02-22 07:00:00,1,8,0.18525162336154247,1,2026-02-21 14:00:00+00:00,boost_both_absolute_error,True,False
2026-02-21 18:00:00+00:00,2026-02-22 03:00:00+00:00,2026-02-22 08:00:00,1,9,0.283643090887291,1,2026-02-21 15:00:00+00:00,boost_both_absolute_error,True,False
2026-02-21 18:00:00+00:00,2026-02-22 04:00:00+00:00,2026-02-22 09:00:00,1,10,0.35408320228732054,1,2026-02-21 16:00:00+00:00,boost_both_absolute_error,True,False
2026-02-21 18:00:00+00:00,2026-02-22 05:00:00+00:00,2026-02-22 10:00:00,1,11,0.38519076032574484,1,2026-02-21 17:00:00+00:00,boost_both_absolute_error,True,False
2026-02-21 18:00:00+00:00,2026-02-22 06:00:00+00:00,2026-02-22 11:00:00,1,12,0.9556052328789217,1,2026-02-21 18:00:00+00:00,boost_both_absolute_error,True,False
2026-02-21 18:00:00+00:00,2026-02-22 07:00:00+00:00,2026-02-22 12:00:00,1,13,0.9730311232759123,2,2026-02-20 19:00:00+00:00,boost_both_absolute_error,True,False
2026-02-21 18:00:00+00:00,2026-02-22 08:00:00+00:00,2026-02-22 13:00:00,1,14,0.9662707080884653,2,2026-02-20 20:00:00+00:00,boost_both_absolute_error,True,False
2026-02-21 18:00:00+00:00,2026-02-22 09:00:00+00:00,2026-02-22 14:00:00,1,15,0.9777908892485938,2,2026-02-20 21:00:00+00:00,boost_both_absolute_error,True,False
2026-02-21 18:00:00+00:00,2026-02-22 10:00:00+00:00,2026-02-22 15:00:00,1,16,0.9833602074599427,2,2026-02-20 22:00:00+00:00,boost_both_absolute_error,True,False
2026-02-21 18:00:00+00:00,2026-02-22 11:00:00+00:00,2026-02-22 16:00:00,1,17,0.9690851464323917,2,2026-02-20 23:00:00+00:00,boost_both_absolute_error,True,False
2026-02-21 18:00:00+00:00,2026-02-22 12:00:00+00:00,2026-02-22 17:00:00,1,18,0.9247588977365945,2,2026-02-21 00:00:00+00:00,boost_both_absolute_error,True,False
2026-02-21 18:00:00+00:00,2026-02-22 13:00:00+00:00,2026-02-22 18:00:00,1,19,0.8572942503704147,2,2026-02-21 01:00:00+00:00,boost_both_absolute_error,True,False
2026-02-21 18:00:00+00:00,2026-02-22 14:00:00+00:00,2026-02-22 19:00:00,1,20,0.5980333792308474,2,2026-02-21 02:00:00+00:00,boost_both_absolute_error,True,False
2026-02-21 18:00:00+00:00,2026-02-22 15:00:00+00:00,2026-02-22 20:00:00,1,21,0.5409181131366106,2,2026-02-21 03:00:00+00:00,boost_both_absolute_error,True,False
2026-02-21 18:00:00+00:00,2026-02-22 16:00:00+00:00,2026-02-22 21:00:00,1,22,0.44634005617682093,2,2026-02-21 04:00:00+00:00,boost_both_absolute_error,True,False
2026-02-21 18:00:00+00:00,2026-02-22 17:00:00+00:00,2026-02-22 22:00:00,1,23,0.32857293277906885,2,2026-02-21 05:00:00+00:00,boost_both_absolute_error,True,False
2026-02-21 18:00:00+00:00,2026-02-22 18:00:00+00:00,2026-02-22 23:00:00,1,24,0.661350819531784,2,2026-02-21 06:00:00+00:00,boost_both_absolute_error,True,False
2026-02-21 18:00:00+00:00,2026-02-22 19:00:00+00:00,2026-02-23 00:00:00,1,25,0.5180216303264658,2,2026-02-21 07:00:00+00:00,boost_both_absolute_error,True,False
2026-02-21 18:00:00+00:00,2026-02-22 20:00:00+00:00,2026-02-23 01:00:00,1,26,0.42561817548830194,2,2026-02-21 08:00:00+00:00,boost_both_absolute_error,True,False
2026-02-21 18:00:00+00:00,2026-02-22 21:00:00+00:00,2026-02-23 02:00:00,1,27,0.2867991638486814,2,2026-02-21 09:00:00+00:00,boost_both_absolute_error,True,False
2026-02-21 18:00:00+00:00,2026-02-22 22:00:00+00:00,2026-02-23 03:00:00,1,28,0.0988775788596498,2,2026-02-21 10:00:00+00:00,boost_both_absolute_error,True,False
2026-02-21 18:00:00+00:00,2026-02-22 23:00:00+00:00,2026-02-23 04:00:00,1,29,0.03686717737828256,2,2026-02-21 11:00:00+00:00,boost_both_absolute_error,True,False
2026-02-21 18:00:00+00:00,2026-02-23 00:00:00+00:00,2026-02-23 05:00:00,1,30,0.033259481342375705,2,2026-02-21 12:00:00+00:00,boost_both_absolute_error,True,False
2026-02-21 18:00:00+00:00,2026-02-23 01:00:00+00:00,2026-02-23 06:00:00,1,31,0.03419996903853358,2,2026-02-21 13:00:00+00:00,boost_both_absolute_error,True,False
2026-02-21 18:00:00+00:00,2026-02-23 02:00:00+00:00,2026-02-23 07:00:00,1,32,0.033645967308650875,2,2026-02-21 14:00:00+00:00,boost_both_absolute_error,True,False
2026-02-21 18:00:00+00:00,2026-02-23 03:00:00+00:00,2026-02-23 08:00:00,1,33,0.025343613085838705,2,2026-02-21 15:00:00+00:00,boost_both_absolute_error,True,False
2026-02-21 18:00:00+00:00,2026-02-23 04:00:00+00:00,2026-02-23 09:00:00,1,34,0.02299114369146426,2,2026-02-21 16:00:00+00:00,boost_both_absolute_error,True,False
2026-02-21 18:00:00+00:00,2026-02-23 05:00:00+00:00,2026-02-23 10:00:00,1,35,0.03051438988427325,2,2026-02-21 17:00:00+00:00,boost_both_absolute_error,True,False
2026-02-21 18:00:00+00:00,2026-02-23 06:00:00+00:00,2026-02-23 11:00:00,1,36,0.05086312659824858,2,2026-02-21 18:00:00+00:00,boost_both_absolute_error,True,False
2026-02-21 18:00:00+00:00,2026-02-23 07:00:00+00:00,2026-02-23 12:00:00,1,37,0.24835529760249353,3,2026-02-20 19:00:00+00:00,boost_both_absolute_error,True,False
2026-02-21 18:00:00+00:00,2026-02-23 08:00:00+00:00,2026-02-23 13:00:00,1,38,0.47067537545746196,3,2026-02-20 20:00:00+00:00,boost_both_absolute_error,True,False
2026-02-21 18:00:00+00:00,2026-02-23 09:00:00+00:00,2026-02-23 14:00:00,1,39,0.7852243275162871,3,2026-02-20 21:00:00+00:00,boost_both_absolute_error,True,False
2026-02-21 18:00:00+00:00,2026-02-23 10:00:00+00:00,2026-02-23 15:00:00,1,40,0.8461988090559962,3,2026-02-20 22:00:00+00:00,boost_both_absolute_error,True,False
2026-02-21 18:00:00+00:00,2026-02-23 11:00:00+00:00,2026-02-23 16:00:00,1,41,0.6671945359664779,3,2026-02-20 23:00:00+00:00,boost_both_absolute_error,True,False
2026-02-21 18:00:00+00:00,2026-02-23 12:00:00+00:00,2026-02-23 17:00:00,1,42,0.33695978635702284,3,2026-02-21 00:00:00+00:00,boost_both_absolute_error,True,False
2026-02-21 18:00:00+00:00,2026-02-23 13:00:00+00:00,2026-02-23 18:00:00,1,43,0.38444589150020414,3,2026-02-21 01:00:00+00:00,boost_both_absolute_error,True,False
2026-02-21 18:00:00+00:00,2026-02-23 14:00:00+00:00,2026-02-23 19:00:00,1,44,0.5680333177680191,3,2026-02-21 02:00:00+00:00,boost_both_absolute_error,True,False
2026-02-21 18:00:00+00:00,2026-02-23 15:00:00+00:00,2026-02-23 20:00:00,1,45,0.7120221752374167,3,2026-02-21 03:00:00+00:00,boost_both_absolute_error,True,False
2026-02-21 18:00:00+00:00,2026-02-23 16:00:00+00:00,2026-02-23 21:00:00,1,46,0.8231260772372849,3,2026-02-21 04:00:00+00:00,boost_both_absolute_error,True,False
2026-02-21 18:00:00+00:00,2026-02-23 17:00:00+00:00,2026-02-23 22:00:00,1,47,0.8686994296063071,3,2026-02-21 05:00:00+00:00,boost_both_absolute_error,True,False
2026-02-21 18:00:00+00:00,2026-02-23 18:00:00+00:00,2026-02-23 23:00:00,1,48,0.8592595638261694,3,2026-02-21 06:00:00+00:00,boost_both_absolute_error,True,False
2026-02-21 18:00:00+00:00,2026-02-21 19:00:00+00:00,2026-02-22 00:00:00,2,1,0.07080288611165433,1,2026-02-21 07:00:00+00:00,boost_both_absolute_error,True,False
2026-02-21 18:00:00+00:00,2026-02-21 20:00:00+00:00,2026-02-22 01:00:00,2,2,0.043762217766543064,1,2026-02-21 08:00:00+00:00,boost_both_absolute_error,True,False
2026-02-21 18:00:00+00:00,2026-02-21 21:00:00+00:00,2026-02-22 02:00:00,2,3,0.03388606221969777,1,2026-02-21 09:00:00+00:00,boost_both_absolute_error,True,False
2026-02-21 18:00:00+00:00,2026-02-21 22:00:00+00:00,2026-02-22 03:00:00,2,4,0.02001056604209073,1,2026-02-21 10:00:00+00:00,boost_both_absolute_error,True,False
2026-02-21 18:00:00+00:00,2026-02-21 23:00:00+00:00,2026-02-22 04:00:00,2,5,0.024381690944952978,1,2026-02-21 11:00:00+00:00,boost_both_absolute_error,True,False
2026-02-21 18:00:00+00:00,2026-02-22 00:00:00+00:00,2026-02-22 05:00:00,2,6,0.012287271036359671,1,2026-02-21 12:00:00+00:00,boost_both_absolute_error,True,False
2026-02-21 18:00:00+00:00,2026-02-22 01:00:00+00:00,2026-02-22 06:00:00,2,7,0.02883548063374943,1,2026-02-21 13:00:00+00:00,boost_both_absolute_error,True,False
2026-02-21 18:00:00+00:00,2026-02-22 02:00:00+00:00,2026-02-22 07:00:00,2,8,0.19612539861757824,1,2026-02-21 14:00:00+00:00,boost_both_absolute_error,True,False
2026-02-21 18:00:00+00:00,2026-02-22 03:00:00+00:00,2026-02-22 08:00:00,2,9,0.2849005930068073,1,2026-02-21 15:00:00+00:00,boost_both_absolute_error,True,False
2026-02-21 18:00:00+00:00,2026-02-22 04:00:00+00:00,2026-02-22 09:00:00,2,10,0.358429547105427,1,2026-02-21 16:00:00+00:00,boost_both_absolute_error,True,False
2026-02-21 18:00:00+00:00,2026-02-22 05:00:00+00:00,2026-02-22 10:00:00,2,11,0.3865537898861282,1,2026-02-21 17:00:00+00:00,boost_both_absolute_error,True,False
2026-02-21 18:00:00+00:00,2026-02-22 06:00:00+00:00,2026-02-22 11:00:00,2,12,0.9585608304433597,1,2026-02-21 18:00:00+00:00,boost_both_absolute_error,True,False
2026-02-21 18:00:00+00:00,2026-02-22 07:00:00+00:00,2026-02-22 12:00:00,2,13,0.9750539477843265,2,2026-02-20 19:00:00+00:00,boost_both_absolute_error,True,False
2026-02-21 18:00:00+00:00,2026-02-22 08:00:00+00:00,2026-02-22 13:00:00,2,14,0.9682935325968794,2,2026-02-20 20:00:00+00:00,boost_both_absolute_error,True,False
2026-02-21 18:00:00+00:00,2026-02-22 09:00:00+00:00,2026-02-22 14:00:00,2,15,0.9778467671257638,2,2026-02-20 21:00:00+00:00,boost_both_absolute_error,True,False
2026-02-21 18:00:00+00:00,2026-02-22 10:00:00+00:00,2026-02-22 15:00:00,2,16,0.9818239512782008,2,2026-02-20 22:00:00+00:00,boost_both_absolute_error,True,False
2026-02-21 18:00:00+00:00,2026-02-22 11:00:00+00:00,2026-02-22 16:00:00,2,17,0.968939637504318,2,2026-02-20 23:00:00+00:00,boost_both_absolute_error,True,False
2026-02-21 18:00:00+00:00,2026-02-22 12:00:00+00:00,2026-02-22 17:00:00,2,18,0.9246133888085208,2,2026-02-21 00:00:00+00:00,boost_both_absolute_error,True,False
2026-02-21 18:00:00+00:00,2026-02-22 13:00:00+00:00,2026-02-22 18:00:00,2,19,0.8588806640372751,2,2026-02-21 01:00:00+00:00,boost_both_absolute_error,True,False
2026-02-21 18:00:00+00:00,2026-02-22 14:00:00+00:00,2026-02-22 19:00:00,2,20,0.5970961583802555,2,2026-02-21 02:00:00+00:00,boost_both_absolute_error,True,False
2026-02-21 18:00:00+00:00,2026-02-22 15:00:00+00:00,2026-02-22 20:00:00,2,21,0.5399808922860188,2,2026-02-21 03:00:00+00:00,boost_both_absolute_error,True,False
2026-02-21 18:00:00+00:00,2026-02-22 16:00:00+00:00,2026-02-22 21:00:00,2,22,0.4454028353262294,2,2026-02-21 04:00:00+00:00,boost_both_absolute_error,True,False
2026-02-21 18:00:00+00:00,2026-02-22 17:00:00+00:00,2026-02-22 22:00:00,2,23,0.3276357119284774,2,2026-02-21 05:00:00+00:00,boost_both_absolute_error,True,False
2026-02-21 18:00:00+00:00,2026-02-22 18:00:00+00:00,2026-02-22 23:00:00,2,24,0.6604135986811922,2,2026-02-21 06:00:00+00:00,boost_both_absolute_error,True,False
2026-02-21 18:00:00+00:00,2026-02-22 19:00:00+00:00,2026-02-23 00:00:00,2,25,0.517084409475874,2,2026-02-21 07:00:00+00:00,boost_both_absolute_error,True,False
2026-02-21 18:00:00+00:00,2026-02-22 20:00:00+00:00,2026-02-23 01:00:00,2,26,0.4246809546377105,2,2026-02-21 08:00:00+00:00,boost_both_absolute_error,True,False
2026-02-21 18:00:00+00:00,2026-02-22 21:00:00+00:00,2026-02-23 02:00:00,2,27,0.28569147620055707,2,2026-02-21 09:00:00+00:00,boost_both_absolute_error,True,False
2026-02-21 18:00:00+00:00,2026-02-22 22:00:00+00:00,2026-02-23 03:00:00,2,28,0.09776989121152542,2,2026-02-21 10:00:00+00:00,boost_both_absolute_error,True,False
2026-02-21 18:00:00+00:00,2026-02-22 23:00:00+00:00,2026-02-23 04:00:00,2,29,0.034840047383940524,2,2026-02-21 11:00:00+00:00,boost_both_absolute_error,True,False
2026-02-21 18:00:00+00:00,2026-02-23 00:00:00+00:00,2026-02-23 05:00:00,2,30,0.03145807863587845,2,2026-02-21 12:00:00+00:00,boost_both_absolute_error,True,False
2026-02-21 18:00:00+00:00,2026-02-23 01:00:00+00:00,2026-02-23 06:00:00,2,31,0.03239856633203631,2,2026-02-21 13:00:00+00:00,boost_both_absolute_error,True,False
2026-02-21 18:00:00+00:00,2026-02-23 02:00:00+00:00,2026-02-23 07:00:00,2,32,0.03178470297023983,2,2026-02-21 14:00:00+00:00,boost_both_absolute_error,True,False
2026-02-21 18:00:00+00:00,2026-02-23 03:00:00+00:00,2026-02-23 08:00:00,2,33,0.024133612554539496,2,2026-02-21 15:00:00+00:00,boost_both_absolute_error,True,False
2026-02-21 18:00:00+00:00,2026-02-23 04:00:00+00:00,2026-02-23 09:00:00,2,34,0.022656087449564023,2,2026-02-21 16:00:00+00:00,boost_both_absolute_error,True,False
2026-02-21 18:00:00+00:00,2026-02-23 05:00:00+00:00,2026-02-23 10:00:00,2,35,0.03231980695968279,2,2026-02-21 17:00:00+00:00,boost_both_absolute_error,True,False
2026-02-21 18:00:00+00:00,2026-02-23 06:00:00+00:00,2026-02-23 11:00:00,2,36,0.052668543673658114,2,2026-02-21 18:00:00+00:00,boost_both_absolute_error,True,False
2026-02-21 18:00:00+00:00,2026-02-23 07:00:00+00:00,2026-02-23 12:00:00,2,37,0.25279032348580993,3,2026-02-20 19:00:00+00:00,boost_both_absolute_error,True,False
2026-02-21 18:00:00+00:00,2026-02-23 08:00:00+00:00,2026-02-23 13:00:00,2,38,0.47592033683979157,3,2026-02-20 20:00:00+00:00,boost_both_absolute_error,True,False
2026-02-21 18:00:00+00:00,2026-02-23 09:00:00+00:00,2026-02-23 14:00:00,2,39,0.7855330037150328,3,2026-02-20 21:00:00+00:00,boost_both_absolute_error,True,False
2026-02-21 18:00:00+00:00,2026-02-23 10:00:00+00:00,2026-02-23 15:00:00,2,40,0.8449153511958298,3,2026-02-20 22:00:00+00:00,boost_both_absolute_error,True,False
2026-02-21 18:00:00+00:00,2026-02-23 11:00:00+00:00,2026-02-23 16:00:00,2,41,0.6692379955872201,3,2026-02-20 23:00:00+00:00,boost_both_absolute_error,True,False
2026-02-21 18:00:00+00:00,2026-02-23 12:00:00+00:00,2026-02-23 17:00:00,2,42,0.33832762924036097,3,2026-02-21 00:00:00+00:00,boost_both_absolute_error,True,False
2026-02-21 18:00:00+00:00,2026-02-23 13:00:00+00:00,2026-02-23 18:00:00,2,43,0.3858137343835423,3,2026-02-21 01:00:00+00:00,boost_both_absolute_error,True,False
2026-02-21 18:00:00+00:00,2026-02-23 14:00:00+00:00,2026-02-23 19:00:00,2,44,0.5669117292490203,3,2026-02-21 02:00:00+00:00,boost_both_absolute_error,True,False
2026-02-21 18:00:00+00:00,2026-02-23 15:00:00+00:00,2026-02-23 20:00:00,2,45,0.7137338193876211,3,2026-02-21 03:00:00+00:00,boost_both_absolute_error,True,False
2026-02-21 18:00:00+00:00,2026-02-23 16:00:00+00:00,2026-02-23 21:00:00,2,46,0.8255133381248932,3,2026-02-21 04:00:00+00:00,boost_both_absolute_error,True,False
2026-02-21 18:00:00+00:00,2026-02-23 17:00:00+00:00,2026-02-23 22:00:00,2,47,0.8704110737565115,3,2026-02-21 05:00:00+00:00,boost_both_absolute_error,True,False
2026-02-21 18:00:00+00:00,2026-02-23 18:00:00+00:00,2026-02-23 23:00:00,2,48,0.8563180207101243,3,2026-02-21 06:00:00+00:00,boost_both_absolute_error,True,False
2026-02-22 18:00:00+00:00,2026-02-22 19:00:00+00:00,2026-02-23 00:00:00,1,1,0.05955471844159726,1,2026-02-22 07:00:00+00:00,boost_both_absolute_error,True,False
2026-02-22 18:00:00+00:00,2026-02-22 20:00:00+00:00,2026-02-23 01:00:00,1,2,0.04431271975703934,1,2026-02-22 08:00:00+00:00,boost_both_absolute_error,True,False
2026-02-22 18:00:00+00:00,2026-02-22 21:00:00+00:00,2026-02-23 02:00:00,1,3,0.04465382911922261,1,2026-02-22 09:00:00+00:00,boost_both_absolute_error,True,False
2026-02-22 18:00:00+00:00,2026-02-22 22:00:00+00:00,2026-02-23 03:00:00,1,4,0.040916573058783406,1,2026-02-22 10:00:00+00:00,boost_both_absolute_error,True,False
2026-02-22 18:00:00+00:00,2026-02-22 23:00:00+00:00,2026-02-23 04:00:00,1,5,0.03568003569008703,1,2026-02-22 11:00:00+00:00,boost_both_absolute_error,True,False
2026-02-22 18:00:00+00:00,2026-02-23 00:00:00+00:00,2026-02-23 05:00:00,1,6,0.02732237318259496,1,2026-02-22 12:00:00+00:00,boost_both_absolute_error,True,False
2026-02-22 18:00:00+00:00,2026-02-23 01:00:00+00:00,2026-02-23 06:00:00,1,7,0.025304060032715573,1,2026-02-22 13:00:00+00:00,boost_both_absolute_error,True,False
2026-02-22 18:00:00+00:00,2026-02-23 02:00:00+00:00,2026-02-23 07:00:00,1,8,0.020464132289902355,1,2026-02-22 14:00:00+00:00,boost_both_absolute_error,True,False
2026-02-22 18:00:00+00:00,2026-02-23 03:00:00+00:00,2026-02-23 08:00:00,1,9,0.03697826179678463,1,2026-02-22 15:00:00+00:00,boost_both_absolute_error,True,False
2026-02-22 18:00:00+00:00,2026-02-23 04:00:00+00:00,2026-02-23 09:00:00,1,10,0.03851895375686653,1,2026-02-22 16:00:00+00:00,boost_both_absolute_error,True,False
2026-02-22 18:00:00+00:00,2026-02-23 05:00:00+00:00,2026-02-23 10:00:00,1,11,0.06768995215696555,1,2026-02-22 17:00:00+00:00,boost_both_absolute_error,True,False
2026-02-22 18:00:00+00:00,2026-02-23 06:00:00+00:00,2026-02-23 11:00:00,1,12,0.04468175291223332,1,2026-02-22 18:00:00+00:00,boost_both_absolute_error,True,False
2026-02-22 18:00:00+00:00,2026-02-23 07:00:00+00:00,2026-02-23 12:00:00,1,13,0.0941350984404278,2,2026-02-21 19:00:00+00:00,boost_both_absolute_error,True,False
2026-02-22 18:00:00+00:00,2026-02-23 08:00:00+00:00,2026-02-23 13:00:00,1,14,0.17807886663510206,2,2026-02-21 20:00:00+00:00,boost_both_absolute_error,True,False
2026-02-22 18:00:00+00:00,2026-02-23 09:00:00+00:00,2026-02-23 14:00:00,1,15,0.2599653634956491,2,2026-02-21 21:00:00+00:00,boost_both_absolute_error,True,False
2026-02-22 18:00:00+00:00,2026-02-23 10:00:00+00:00,2026-02-23 15:00:00,1,16,0.2647562320342933,2,2026-02-21 22:00:00+00:00,boost_both_absolute_error,True,False
2026-02-22 18:00:00+00:00,2026-02-23 11:00:00+00:00,2026-02-23 16:00:00,1,17,0.3744490433455965,2,2026-02-21 23:00:00+00:00,boost_both_absolute_error,True,False
2026-02-22 18:00:00+00:00,2026-02-23 12:00:00+00:00,2026-02-23 17:00:00,1,18,0.6906390926397729,2,2026-02-22 00:00:00+00:00,boost_both_absolute_error,True,False
2026-02-22 18:00:00+00:00,2026-02-23 13:00:00+00:00,2026-02-23 18:00:00,1,19,0.7949701753962345,2,2026-02-22 01:00:00+00:00,boost_both_absolute_error,True,False
2026-02-22 18:00:00+00:00,2026-02-23 14:00:00+00:00,2026-02-23 19:00:00,1,20,0.7920791642871577,2,2026-02-22 02:00:00+00:00,boost_both_absolute_error,True,False
2026-02-22 18:00:00+00:00,2026-02-23 15:00:00+00:00,2026-02-23 20:00:00,1,21,0.8557651338409709,2,2026-02-22 03:00:00+00:00,boost_both_absolute_error,True,False
2026-02-22 18:00:00+00:00,2026-02-23 16:00:00+00:00,2026-02-23 21:00:00,1,22,0.8664858929941605,2,2026-02-22 04:00:00+00:00,boost_both_absolute_error,True,False
2026-02-22 18:00:00+00:00,2026-02-23 17:00:00+00:00,2026-02-23 22:00:00,1,23,0.92430079125761,2,2026-02-22 05:00:00+00:00,boost_both_absolute_error,True,False
2026-02-22 18:00:00+00:00,2026-02-23 18:00:00+00:00,2026-02-23 23:00:00,1,24,0.9521577456447167,2,2026-02-22 06:00:00+00:00,boost_both_absolute_error,True,False
2026-02-22 18:00:00+00:00,2026-02-23 19:00:00+00:00,2026-02-24 00:00:00,1,25,0.9740449383767178,2,2026-02-22 07:00:00+00:00,boost_both_absolute_error,True,False
2026-02-22 18:00:00+00:00,2026-02-23 20:00:00+00:00,2026-02-24 01:00:00,1,26,0.9489281943523324,2,2026-02-22 08:00:00+00:00,boost_both_absolute_error,True,False
2026-02-22 18:00:00+00:00,2026-02-23 21:00:00+00:00,2026-02-24 02:00:00,1,27,0.9088105655487174,2,2026-02-22 09:00:00+00:00,boost_both_absolute_error,True,False
2026-02-22 18:00:00+00:00,2026-02-23 22:00:00+00:00,2026-02-24 03:00:00,1,28,0.9007130532052433,2,2026-02-22 10:00:00+00:00,boost_both_absolute_error,True,False
2026-02-22 18:00:00+00:00,2026-02-23 23:00:00+00:00,2026-02-24 04:00:00,1,29,0.9367899195430841,2,2026-02-22 11:00:00+00:00,boost_both_absolute_error,True,False
2026-02-22 18:00:00+00:00,2026-02-24 00:00:00+00:00,2026-02-24 05:00:00,1,30,0.737318077084069,2,2026-02-22 12:00:00+00:00,boost_both_absolute_error,True,False
2026-02-22 18:00:00+00:00,2026-02-24 01:00:00+00:00,2026-02-24 06:00:00,1,31,0.6815295685286432,2,2026-02-22 13:00:00+00:00,boost_both_absolute_error,True,False
2026-02-22 18:00:00+00:00,2026-02-24 02:00:00+00:00,2026-02-24 07:00:00,1,32,0.6661832742432945,2,2026-02-22 14:00:00+00:00,boost_both_absolute_error,True,False
2026-02-22 18:00:00+00:00,2026-02-24 03:00:00+00:00,2026-02-24 08:00:00,1,33,0.6361131205986865,2,2026-02-22 15:00:00+00:00,boost_both_absolute_error,True,False
2026-02-22 18:00:00+00:00,2026-02-24 04:00:00+00:00,2026-02-24 09:00:00,1,34,0.5535656038990556,2,2026-02-22 16:00:00+00:00,boost_both_absolute_error,True,False
2026-02-22 18:00:00+00:00,2026-02-24 05:00:00+00:00,2026-02-24 10:00:00,1,35,0.537223157221559,2,2026-02-22 17:00:00+00:00,boost_both_absolute_error,True,False
2026-02-22 18:00:00+00:00,2026-02-24 06:00:00+00:00,2026-02-24 11:00:00,1,36,0.7128707257860643,2,2026-02-22 18:00:00+00:00,boost_both_absolute_error,True,False
2026-02-22 18:00:00+00:00,2026-02-24 07:00:00+00:00,2026-02-24 12:00:00,1,37,0.6100909598163385,3,2026-02-21 19:00:00+00:00,boost_both_absolute_error,True,False
2026-02-22 18:00:00+00:00,2026-02-24 08:00:00+00:00,2026-02-24 13:00:00,1,38,0.5949312537006137,3,2026-02-21 20:00:00+00:00,boost_both_absolute_error,True,False
2026-02-22 18:00:00+00:00,2026-02-24 09:00:00+00:00,2026-02-24 14:00:00,1,39,0.6985425600953565,3,2026-02-21 21:00:00+00:00,boost_both_absolute_error,True,False
2026-02-22 18:00:00+00:00,2026-02-24 10:00:00+00:00,2026-02-24 15:00:00,1,40,0.7205255551483002,3,2026-02-21 22:00:00+00:00,boost_both_absolute_error,True,False
2026-02-22 18:00:00+00:00,2026-02-24 11:00:00+00:00,2026-02-24 16:00:00,1,41,0.7881169692924244,3,2026-02-21 23:00:00+00:00,boost_both_absolute_error,True,False
2026-02-22 18:00:00+00:00,2026-02-24 12:00:00+00:00,2026-02-24 17:00:00,1,42,0.40143673268548064,3,2026-02-22 00:00:00+00:00,boost_both_absolute_error,True,False
2026-02-22 18:00:00+00:00,2026-02-24 13:00:00+00:00,2026-02-24 18:00:00,1,43,0.399122098777408,3,2026-02-22 01:00:00+00:00,boost_both_absolute_error,True,False
2026-02-22 18:00:00+00:00,2026-02-24 14:00:00+00:00,2026-02-24 19:00:00,1,44,0.2462528181783081,3,2026-02-22 02:00:00+00:00,boost_both_absolute_error,True,False
2026-02-22 18:00:00+00:00,2026-02-24 15:00:00+00:00,2026-02-24 20:00:00,1,45,0.18860385268494081,3,2026-02-22 03:00:00+00:00,boost_both_absolute_error,True,False
2026-02-22 18:00:00+00:00,2026-02-24 16:00:00+00:00,2026-02-24 21:00:00,1,46,0.07901261408778602,3,2026-02-22 04:00:00+00:00,boost_both_absolute_error,True,False
2026-02-22 18:00:00+00:00,2026-02-24 17:00:00+00:00,2026-02-24 22:00:00,1,47,0.04083603242899727,3,2026-02-22 05:00:00+00:00,boost_both_absolute_error,True,False
2026-02-22 18:00:00+00:00,2026-02-24 18:00:00+00:00,2026-02-24 23:00:00,1,48,0.01855333559656919,3,2026-02-22 06:00:00+00:00,boost_both_absolute_error,True,False
2026-02-22 18:00:00+00:00,2026-02-22 19:00:00+00:00,2026-02-23 00:00:00,2,1,0.05769805524478798,1,2026-02-22 07:00:00+00:00,boost_both_absolute_error,True,False
2026-02-22 18:00:00+00:00,2026-02-22 20:00:00+00:00,2026-02-23 01:00:00,2,2,0.042285589762697307,1,2026-02-22 08:00:00+00:00,boost_both_absolute_error,True,False
2026-02-22 18:00:00+00:00,2026-02-22 21:00:00+00:00,2026-02-23 02:00:00,2,3,0.04053371466360877,1,2026-02-22 09:00:00+00:00,boost_both_absolute_error,True,False
2026-02-22 18:00:00+00:00,2026-02-22 22:00:00+00:00,2026-02-23 03:00:00,2,4,0.039735526599378033,1,2026-02-22 10:00:00+00:00,boost_both_absolute_error,True,False
2026-02-22 18:00:00+00:00,2026-02-22 23:00:00+00:00,2026-02-23 04:00:00,2,5,0.034034098119670085,1,2026-02-22 11:00:00+00:00,boost_both_absolute_error,True,False
2026-02-22 18:00:00+00:00,2026-02-23 00:00:00+00:00,2026-02-23 05:00:00,2,6,0.02552097047609769,1,2026-02-22 12:00:00+00:00,boost_both_absolute_error,True,False
2026-02-22 18:00:00+00:00,2026-02-23 01:00:00+00:00,2026-02-23 06:00:00,2,7,0.02344279569430453,1,2026-02-22 13:00:00+00:00,boost_both_absolute_error,True,False
2026-02-22 18:00:00+00:00,2026-02-23 02:00:00+00:00,2026-02-23 07:00:00,2,8,0.018602867951491305,1,2026-02-22 14:00:00+00:00,boost_both_absolute_error,True,False
2026-02-22 18:00:00+00:00,2026-02-23 03:00:00+00:00,2026-02-23 08:00:00,2,9,0.03761371033782946,1,2026-02-22 15:00:00+00:00,boost_both_absolute_error,True,False
2026-02-22 18:00:00+00:00,2026-02-23 04:00:00+00:00,2026-02-23 09:00:00,2,10,0.03878115643778231,1,2026-02-22 16:00:00+00:00,boost_both_absolute_error,True,False
2026-02-22 18:00:00+00:00,2026-02-23 05:00:00+00:00,2026-02-23 10:00:00,2,11,0.06863541503040753,1,2026-02-22 17:00:00+00:00,boost_both_absolute_error,True,False
2026-02-22 18:00:00+00:00,2026-02-23 06:00:00+00:00,2026-02-23 11:00:00,2,12,0.04648716998764286,1,2026-02-22 18:00:00+00:00,boost_both_absolute_error,True,False
2026-02-22 18:00:00+00:00,2026-02-23 07:00:00+00:00,2026-02-23 12:00:00,2,13,0.09838100131242204,2,2026-02-21 19:00:00+00:00,boost_both_absolute_error,True,False
2026-02-22 18:00:00+00:00,2026-02-23 08:00:00+00:00,2026-02-23 13:00:00,2,14,0.1823247695070963,2,2026-02-21 20:00:00+00:00,boost_both_absolute_error,True,False
2026-02-22 18:00:00+00:00,2026-02-23 09:00:00+00:00,2026-02-23 14:00:00,2,15,0.26150066969169783,2,2026-02-21 21:00:00+00:00,boost_both_absolute_error,True,False
2026-02-22 18:00:00+00:00,2026-02-23 10:00:00+00:00,2026-02-23 15:00:00,2,16,0.26595820926170055,2,2026-02-21 22:00:00+00:00,boost_both_absolute_error,True,False
2026-02-22 18:00:00+00:00,2026-02-23 11:00:00+00:00,2026-02-23 16:00:00,2,17,0.37575048759831653,2,2026-02-21 23:00:00+00:00,boost_both_absolute_error,True,False
2026-02-22 18:00:00+00:00,2026-02-23 12:00:00+00:00,2026-02-23 17:00:00,2,18,0.6920069355231112,2,2026-02-22 00:00:00+00:00,boost_both_absolute_error,True,False
2026-02-22 18:00:00+00:00,2026-02-23 13:00:00+00:00,2026-02-23 18:00:00,2,19,0.7970136350169766,2,2026-02-22 01:00:00+00:00,boost_both_absolute_error,True,False
2026-02-22 18:00:00+00:00,2026-02-23 14:00:00+00:00,2026-02-23 19:00:00,2,20,0.790957575768159,2,2026-02-22 02:00:00+00:00,boost_both_absolute_error,True,False
2026-02-22 18:00:00+00:00,2026-02-23 15:00:00+00:00,2026-02-23 20:00:00,2,21,0.8559098500901058,2,2026-02-22 03:00:00+00:00,boost_both_absolute_error,True,False
2026-02-22 18:00:00+00:00,2026-02-23 16:00:00+00:00,2026-02-23 21:00:00,2,22,0.8684505638403416,2,2026-02-22 04:00:00+00:00,boost_both_absolute_error,True,False
2026-02-22 18:00:00+00:00,2026-02-23 17:00:00+00:00,2026-02-23 22:00:00,2,23,0.9240243803781117,2,2026-02-22 05:00:00+00:00,boost_both_absolute_error,True,False
2026-02-22 18:00:00+00:00,2026-02-23 18:00:00+00:00,2026-02-23 23:00:00,2,24,0.9528691911208974,2,2026-02-22 06:00:00+00:00,boost_both_absolute_error,True,False
2026-02-22 18:00:00+00:00,2026-02-23 19:00:00+00:00,2026-02-24 00:00:00,2,25,0.968196947496608,2,2026-02-22 07:00:00+00:00,boost_both_absolute_error,True,False
2026-02-22 18:00:00+00:00,2026-02-23 20:00:00+00:00,2026-02-24 01:00:00,2,26,0.9435013306008558,2,2026-02-22 08:00:00+00:00,boost_both_absolute_error,True,False
2026-02-22 18:00:00+00:00,2026-02-23 21:00:00+00:00,2026-02-24 02:00:00,2,27,0.9061976745707673,2,2026-02-22 09:00:00+00:00,boost_both_absolute_error,True,False
2026-02-22 18:00:00+00:00,2026-02-23 22:00:00+00:00,2026-02-24 03:00:00,2,28,0.8977654909197572,2,2026-02-22 10:00:00+00:00,boost_both_absolute_error,True,False
2026-02-22 18:00:00+00:00,2026-02-23 23:00:00+00:00,2026-02-24 04:00:00,2,29,0.9369215442938716,2,2026-02-22 11:00:00+00:00,boost_both_absolute_error,True,False
2026-02-22 18:00:00+00:00,2026-02-24 00:00:00+00:00,2026-02-24 05:00:00,2,30,0.73670009971443,2,2026-02-22 12:00:00+00:00,boost_both_absolute_error,True,False
2026-02-22 18:00:00+00:00,2026-02-24 01:00:00+00:00,2026-02-24 06:00:00,2,31,0.6811373184468489,2,2026-02-22 13:00:00+00:00,boost_both_absolute_error,True,False
2026-02-22 18:00:00+00:00,2026-02-24 02:00:00+00:00,2026-02-24 07:00:00,2,32,0.6655652968736554,2,2026-02-22 14:00:00+00:00,boost_both_absolute_error,True,False
2026-02-22 18:00:00+00:00,2026-02-24 03:00:00+00:00,2026-02-24 08:00:00,2,33,0.6370872772879596,2,2026-02-22 15:00:00+00:00,boost_both_absolute_error,True,False
2026-02-22 18:00:00+00:00,2026-02-24 04:00:00+00:00,2026-02-24 09:00:00,2,34,0.5576053459315274,2,2026-02-22 16:00:00+00:00,boost_both_absolute_error,True,False
2026-02-22 18:00:00+00:00,2026-02-24 05:00:00+00:00,2026-02-24 10:00:00,2,35,0.5412628992540308,2,2026-02-22 17:00:00+00:00,boost_both_absolute_error,True,False
2026-02-22 18:00:00+00:00,2026-02-24 06:00:00+00:00,2026-02-24 11:00:00,2,36,0.7150739515221773,2,2026-02-22 18:00:00+00:00,boost_both_absolute_error,True,False
2026-02-22 18:00:00+00:00,2026-02-24 07:00:00+00:00,2026-02-24 12:00:00,2,37,0.6151847887719143,3,2026-02-21 19:00:00+00:00,boost_both_absolute_error,True,False
2026-02-22 18:00:00+00:00,2026-02-24 08:00:00+00:00,2026-02-24 13:00:00,2,38,0.5996170470259036,3,2026-02-21 20:00:00+00:00,boost_both_absolute_error,True,False
2026-02-22 18:00:00+00:00,2026-02-24 09:00:00+00:00,2026-02-24 14:00:00,2,39,0.7015778795639539,3,2026-02-21 21:00:00+00:00,boost_both_absolute_error,True,False
2026-02-22 18:00:00+00:00,2026-02-24 10:00:00+00:00,2026-02-24 15:00:00,2,40,0.72375139522481,3,2026-02-21 22:00:00+00:00,boost_both_absolute_error,True,False
2026-02-22 18:00:00+00:00,2026-02-24 11:00:00+00:00,2026-02-24 16:00:00,2,41,0.7917639364975675,3,2026-02-21 23:00:00+00:00,boost_both_absolute_error,True,False
2026-02-22 18:00:00+00:00,2026-02-24 12:00:00+00:00,2026-02-24 17:00:00,2,42,0.40036408977223403,3,2026-02-22 00:00:00+00:00,boost_both_absolute_error,True,False
2026-02-22 18:00:00+00:00,2026-02-24 13:00:00+00:00,2026-02-24 18:00:00,2,43,0.3978835902082305,3,2026-02-22 01:00:00+00:00,boost_both_absolute_error,True,False
2026-02-22 18:00:00+00:00,2026-02-24 14:00:00+00:00,2026-02-24 19:00:00,2,44,0.2425248782067936,3,2026-02-22 02:00:00+00:00,boost_both_absolute_error,True,False
2026-02-22 18:00:00+00:00,2026-02-24 15:00:00+00:00,2026-02-24 20:00:00,2,45,0.18504177836935734,3,2026-02-22 03:00:00+00:00,boost_both_absolute_error,True,False
2026-02-22 18:00:00+00:00,2026-02-24 16:00:00+00:00,2026-02-24 21:00:00,2,46,0.07545053977220255,3,2026-02-22 04:00:00+00:00,boost_both_absolute_error,True,False
2026-02-22 18:00:00+00:00,2026-02-24 17:00:00+00:00,2026-02-24 22:00:00,2,47,0.038096523310967315,3,2026-02-22 05:00:00+00:00,boost_both_absolute_error,True,False
2026-02-22 18:00:00+00:00,2026-02-24 18:00:00+00:00,2026-02-24 23:00:00,2,48,0.016692071258158133,3,2026-02-22 06:00:00+00:00,boost_both_absolute_error,True,False
2026-02-23 18:00:00+00:00,2026-02-23 19:00:00+00:00,2026-02-24 00:00:00,1,1,0.8634323994607117,1,2026-02-23 07:00:00+00:00,boost_both_absolute_error,True,False
2026-02-23 18:00:00+00:00,2026-02-23 20:00:00+00:00,2026-02-24 01:00:00,1,2,0.9461130029415872,1,2026-02-23 08:00:00+00:00,boost_both_absolute_error,True,False
2026-02-23 18:00:00+00:00,2026-02-23 21:00:00+00:00,2026-02-24 02:00:00,1,3,0.9348169178546446,1,2026-02-23 09:00:00+00:00,boost_both_absolute_error,True,False
2026-02-23 18:00:00+00:00,2026-02-23 22:00:00+00:00,2026-02-24 03:00:00,1,4,0.9427483977062119,1,2026-02-23 10:00:00+00:00,boost_both_absolute_error,True,False
2026-02-23 18:00:00+00:00,2026-02-23 23:00:00+00:00,2026-02-24 04:00:00,1,5,0.9017146905171931,1,2026-02-23 11:00:00+00:00,boost_both_absolute_error,True,False
2026-02-23 18:00:00+00:00,2026-02-24 00:00:00+00:00,2026-02-24 05:00:00,1,6,0.6867198913929405,1,2026-02-23 12:00:00+00:00,boost_both_absolute_error,True,False
2026-02-23 18:00:00+00:00,2026-02-24 01:00:00+00:00,2026-02-24 06:00:00,1,7,0.6139706026003646,1,2026-02-23 13:00:00+00:00,boost_both_absolute_error,True,False
2026-02-23 18:00:00+00:00,2026-02-24 02:00:00+00:00,2026-02-24 07:00:00,1,8,0.5591784316689051,1,2026-02-23 14:00:00+00:00,boost_both_absolute_error,True,False
2026-02-23 18:00:00+00:00,2026-02-24 03:00:00+00:00,2026-02-24 08:00:00,1,9,0.514606334880739,1,2026-02-23 15:00:00+00:00,boost_both_absolute_error,True,False
2026-02-23 18:00:00+00:00,2026-02-24 04:00:00+00:00,2026-02-24 09:00:00,1,10,0.43668260783260676,1,2026-02-23 16:00:00+00:00,boost_both_absolute_error,True,False
2026-02-23 18:00:00+00:00,2026-02-24 05:00:00+00:00,2026-02-24 10:00:00,1,11,0.485862594543732,1,2026-02-23 17:00:00+00:00,boost_both_absolute_error,True,False
2026-02-23 18:00:00+00:00,2026-02-24 06:00:00+00:00,2026-02-24 11:00:00,1,12,0.5464187989380389,1,2026-02-23 18:00:00+00:00,boost_both_absolute_error,True,False
2026-02-23 18:00:00+00:00,2026-02-24 07:00:00+00:00,2026-02-24 12:00:00,1,13,0.6968867191470707,2,2026-02-22 19:00:00+00:00,boost_both_absolute_error,True,False
2026-02-23 18:00:00+00:00,2026-02-24 08:00:00+00:00,2026-02-24 13:00:00,1,14,0.712317866237203,2,2026-02-22 20:00:00+00:00,boost_both_absolute_error,True,False
2026-02-23 18:00:00+00:00,2026-02-24 09:00:00+00:00,2026-02-24 14:00:00,1,15,0.7459445035627932,2,2026-02-22 21:00:00+00:00,boost_both_absolute_error,True,False
2026-02-23 18:00:00+00:00,2026-02-24 10:00:00+00:00,2026-02-24 15:00:00,1,16,0.7586644939664117,2,2026-02-22 22:00:00+00:00,boost_both_absolute_error,True,False
2026-02-23 18:00:00+00:00,2026-02-24 11:00:00+00:00,2026-02-24 16:00:00,1,17,0.7071428205051087,2,2026-02-22 23:00:00+00:00,boost_both_absolute_error,True,False
2026-02-23 18:00:00+00:00,2026-02-24 12:00:00+00:00,2026-02-24 17:00:00,1,18,0.586645441581274,2,2026-02-23 00:00:00+00:00,boost_both_absolute_error,True,False
2026-02-23 18:00:00+00:00,2026-02-24 13:00:00+00:00,2026-02-24 18:00:00,1,19,0.5698008840138277,2,2026-02-23 01:00:00+00:00,boost_both_absolute_error,True,False
2026-02-23 18:00:00+00:00,2026-02-24 14:00:00+00:00,2026-02-24 19:00:00,1,20,0.5691517821471038,2,2026-02-23 02:00:00+00:00,boost_both_absolute_error,True,False
2026-02-23 18:00:00+00:00,2026-02-24 15:00:00+00:00,2026-02-24 20:00:00,1,21,0.41693500803095007,2,2026-02-23 03:00:00+00:00,boost_both_absolute_error,True,False
2026-02-23 18:00:00+00:00,2026-02-24 16:00:00+00:00,2026-02-24 21:00:00,1,22,0.35429982935087834,2,2026-02-23 04:00:00+00:00,boost_both_absolute_error,True,False
2026-02-23 18:00:00+00:00,2026-02-24 17:00:00+00:00,2026-02-24 22:00:00,1,23,0.19957962423412434,2,2026-02-23 05:00:00+00:00,boost_both_absolute_error,True,False
2026-02-23 18:00:00+00:00,2026-02-24 18:00:00+00:00,2026-02-24 23:00:00,1,24,0.022583135295635697,2,2026-02-23 06:00:00+00:00,boost_both_absolute_error,True,False
2026-02-23 18:00:00+00:00,2026-02-24 19:00:00+00:00,2026-02-25 00:00:00,1,25,0.015409340209931852,2,2026-02-23 07:00:00+00:00,boost_both_absolute_error,True,False
2026-02-23 18:00:00+00:00,2026-02-24 20:00:00+00:00,2026-02-25 01:00:00,1,26,0.014125160975959786,2,2026-02-23 08:00:00+00:00,boost_both_absolute_error,True,False
2026-02-23 18:00:00+00:00,2026-02-24 21:00:00+00:00,2026-02-25 02:00:00,1,27,0.02453205644992167,2,2026-02-23 09:00:00+00:00,boost_both_absolute_error,True,False
2026-02-23 18:00:00+00:00,2026-02-24 22:00:00+00:00,2026-02-25 03:00:00,1,28,0.04686082665506488,2,2026-02-23 10:00:00+00:00,boost_both_absolute_error,True,False
2026-02-23 18:00:00+00:00,2026-02-24 23:00:00+00:00,2026-02-25 04:00:00,1,29,0.050820768474467426,2,2026-02-23 11:00:00+00:00,boost_both_absolute_error,True,False
2026-02-23 18:00:00+00:00,2026-02-25 00:00:00+00:00,2026-02-25 05:00:00,1,30,0.020541560064660087,2,2026-02-23 12:00:00+00:00,boost_both_absolute_error,True,False
2026-02-23 18:00:00+00:00,2026-02-25 01:00:00+00:00,2026-02-25 06:00:00,1,31,0.031917742144109786,2,2026-02-23 13:00:00+00:00,boost_both_absolute_error,True,False
2026-02-23 18:00:00+00:00,2026-02-25 02:00:00+00:00,2026-02-25 07:00:00,1,32,0.024770451687705912,2,2026-02-23 14:00:00+00:00,boost_both_absolute_error,True,False
2026-02-23 18:00:00+00:00,2026-02-25 03:00:00+00:00,2026-02-25 08:00:00,1,33,0.18653193960866166,2,2026-02-23 15:00:00+00:00,boost_both_absolute_error,True,False
2026-02-23 18:00:00+00:00,2026-02-25 04:00:00+00:00,2026-02-25 09:00:00,1,34,0.2745401549089194,2,2026-02-23 16:00:00+00:00,boost_both_absolute_error,True,False
2026-02-23 18:00:00+00:00,2026-02-25 05:00:00+00:00,2026-02-25 10:00:00,1,35,0.34299697304184323,2,2026-02-23 17:00:00+00:00,boost_both_absolute_error,True,False
2026-02-23 18:00:00+00:00,2026-02-25 06:00:00+00:00,2026-02-25 11:00:00,1,36,0.7270716123801231,2,2026-02-23 18:00:00+00:00,boost_both_absolute_error,True,False
2026-02-23 18:00:00+00:00,2026-02-25 07:00:00+00:00,2026-02-25 12:00:00,1,37,0.8592476896969554,3,2026-02-22 19:00:00+00:00,boost_both_absolute_error,True,False
2026-02-23 18:00:00+00:00,2026-02-25 08:00:00+00:00,2026-02-25 13:00:00,1,38,0.8554498301970582,3,2026-02-22 20:00:00+00:00,boost_both_absolute_error,True,False
2026-02-23 18:00:00+00:00,2026-02-25 09:00:00+00:00,2026-02-25 14:00:00,1,39,0.7981501483053133,3,2026-02-22 21:00:00+00:00,boost_both_absolute_error,True,False
2026-02-23 18:00:00+00:00,2026-02-25 10:00:00+00:00,2026-02-25 15:00:00,1,40,0.647077335595603,3,2026-02-22 22:00:00+00:00,boost_both_absolute_error,True,False
2026-02-23 18:00:00+00:00,2026-02-25 11:00:00+00:00,2026-02-25 16:00:00,1,41,0.6160242790807444,3,2026-02-22 23:00:00+00:00,boost_both_absolute_error,True,False
2026-02-23 18:00:00+00:00,2026-02-25 12:00:00+00:00,2026-02-25 17:00:00,1,42,0.5708628921228635,3,2026-02-23 00:00:00+00:00,boost_both_absolute_error,True,False
2026-02-23 18:00:00+00:00,2026-02-25 13:00:00+00:00,2026-02-25 18:00:00,1,43,0.6716093607737068,3,2026-02-23 01:00:00+00:00,boost_both_absolute_error,True,False
2026-02-23 18:00:00+00:00,2026-02-25 14:00:00+00:00,2026-02-25 19:00:00,1,44,0.665143698646924,3,2026-02-23 02:00:00+00:00,boost_both_absolute_error,True,False
2026-02-23 18:00:00+00:00,2026-02-25 15:00:00+00:00,2026-02-25 20:00:00,1,45,0.5087388155348963,3,2026-02-23 03:00:00+00:00,boost_both_absolute_error,True,False
2026-02-23 18:00:00+00:00,2026-02-25 16:00:00+00:00,2026-02-25 21:00:00,1,46,0.614052087727587,3,2026-02-23 04:00:00+00:00,boost_both_absolute_error,True,False
2026-02-23 18:00:00+00:00,2026-02-25 17:00:00+00:00,2026-02-25 22:00:00,1,47,0.766739356808327,3,2026-02-23 05:00:00+00:00,boost_both_absolute_error,True,False
2026-02-23 18:00:00+00:00,2026-02-25 18:00:00+00:00,2026-02-25 23:00:00,1,48,0.9647574440903705,3,2026-02-23 06:00:00+00:00,boost_both_absolute_error,True,False
2026-02-23 18:00:00+00:00,2026-02-23 19:00:00+00:00,2026-02-24 00:00:00,2,1,0.8628773502774802,1,2026-02-23 07:00:00+00:00,boost_both_absolute_error,True,False
2026-02-23 18:00:00+00:00,2026-02-23 20:00:00+00:00,2026-02-24 01:00:00,2,2,0.9464482397986346,1,2026-02-23 08:00:00+00:00,boost_both_absolute_error,True,False
2026-02-23 18:00:00+00:00,2026-02-23 21:00:00+00:00,2026-02-24 02:00:00,2,3,0.9318693555691585,1,2026-02-23 09:00:00+00:00,boost_both_absolute_error,True,False
2026-02-23 18:00:00+00:00,2026-02-23 22:00:00+00:00,2026-02-24 03:00:00,2,4,0.9398008354207257,1,2026-02-23 10:00:00+00:00,boost_both_absolute_error,True,False
2026-02-23 18:00:00+00:00,2026-02-23 23:00:00+00:00,2026-02-24 04:00:00,2,5,0.895986067452232,1,2026-02-23 11:00:00+00:00,boost_both_absolute_error,True,False
2026-02-23 18:00:00+00:00,2026-02-24 00:00:00+00:00,2026-02-24 05:00:00,2,6,0.6876306883223969,1,2026-02-23 12:00:00+00:00,boost_both_absolute_error,True,False
2026-02-23 18:00:00+00:00,2026-02-24 01:00:00+00:00,2026-02-24 06:00:00,2,7,0.6151071268176658,1,2026-02-23 13:00:00+00:00,boost_both_absolute_error,True,False
2026-02-23 18:00:00+00:00,2026-02-24 02:00:00+00:00,2026-02-24 07:00:00,2,8,0.5600892285983615,1,2026-02-23 14:00:00+00:00,boost_both_absolute_error,True,False
2026-02-23 18:00:00+00:00,2026-02-24 03:00:00+00:00,2026-02-24 08:00:00,2,9,0.515580491570012,1,2026-02-23 15:00:00+00:00,boost_both_absolute_error,True,False
2026-02-23 18:00:00+00:00,2026-02-24 04:00:00+00:00,2026-02-24 09:00:00,2,10,0.4407223498650786,1,2026-02-23 16:00:00+00:00,boost_both_absolute_error,True,False
2026-02-23 18:00:00+00:00,2026-02-24 05:00:00+00:00,2026-02-24 10:00:00,2,11,0.48990233657620397,1,2026-02-23 17:00:00+00:00,boost_both_absolute_error,True,False
2026-02-23 18:00:00+00:00,2026-02-24 06:00:00+00:00,2026-02-24 11:00:00,2,12,0.5504585409705107,1,2026-02-23 18:00:00+00:00,boost_both_absolute_error,True,False
2026-02-23 18:00:00+00:00,2026-02-24 07:00:00+00:00,2026-02-24 12:00:00,2,13,0.6990899448831838,2,2026-02-22 19:00:00+00:00,boost_both_absolute_error,True,False
2026-02-23 18:00:00+00:00,2026-02-24 08:00:00+00:00,2026-02-24 13:00:00,2,14,0.7145210919733163,2,2026-02-22 20:00:00+00:00,boost_both_absolute_error,True,False
2026-02-23 18:00:00+00:00,2026-02-24 09:00:00+00:00,2026-02-24 14:00:00,2,15,0.746497255442214,2,2026-02-22 21:00:00+00:00,boost_both_absolute_error,True,False
2026-02-23 18:00:00+00:00,2026-02-24 10:00:00+00:00,2026-02-24 15:00:00,2,16,0.7592172458458325,2,2026-02-22 22:00:00+00:00,boost_both_absolute_error,True,False
2026-02-23 18:00:00+00:00,2026-02-24 11:00:00+00:00,2026-02-24 16:00:00,2,17,0.7065248431354696,2,2026-02-22 23:00:00+00:00,boost_both_absolute_error,True,False
2026-02-23 18:00:00+00:00,2026-02-24 12:00:00+00:00,2026-02-24 17:00:00,2,18,0.5860274642116349,2,2026-02-23 00:00:00+00:00,boost_both_absolute_error,True,False
2026-02-23 18:00:00+00:00,2026-02-24 13:00:00+00:00,2026-02-24 18:00:00,2,19,0.5691829066441886,2,2026-02-23 01:00:00+00:00,boost_both_absolute_error,True,False
2026-02-23 18:00:00+00:00,2026-02-24 14:00:00+00:00,2026-02-24 19:00:00,2,20,0.5660443733751277,2,2026-02-23 02:00:00+00:00,boost_both_absolute_error,True,False
2026-02-23 18:00:00+00:00,2026-02-24 15:00:00+00:00,2026-02-24 20:00:00,2,21,0.41320706805943586,2,2026-02-23 03:00:00+00:00,boost_both_absolute_error,True,False
2026-02-23 18:00:00+00:00,2026-02-24 16:00:00+00:00,2026-02-24 21:00:00,2,22,0.3507377550352948,2,2026-02-23 04:00:00+00:00,boost_both_absolute_error,True,False
2026-02-23 18:00:00+00:00,2026-02-24 17:00:00+00:00,2026-02-24 22:00:00,2,23,0.19601754991854087,2,2026-02-23 05:00:00+00:00,boost_both_absolute_error,True,False
2026-02-23 18:00:00+00:00,2026-02-24 18:00:00+00:00,2026-02-24 23:00:00,2,24,0.020721870957224654,2,2026-02-23 06:00:00+00:00,boost_both_absolute_error,True,False
2026-02-23 18:00:00+00:00,2026-02-24 19:00:00+00:00,2026-02-25 00:00:00,2,25,0.013382210215589815,2,2026-02-23 07:00:00+00:00,boost_both_absolute_error,True,False
2026-02-23 18:00:00+00:00,2026-02-24 20:00:00+00:00,2026-02-25 01:00:00,2,26,0.01209803098161775,2,2026-02-23 08:00:00+00:00,boost_both_absolute_error,True,False
2026-02-23 18:00:00+00:00,2026-02-24 21:00:00+00:00,2026-02-25 02:00:00,2,27,0.023180543192983533,2,2026-02-23 09:00:00+00:00,boost_both_absolute_error,True,False
2026-02-23 18:00:00+00:00,2026-02-24 22:00:00+00:00,2026-02-25 03:00:00,2,28,0.04575313900694052,2,2026-02-23 10:00:00+00:00,boost_both_absolute_error,True,False
2026-02-23 18:00:00+00:00,2026-02-24 23:00:00+00:00,2026-02-25 04:00:00,2,29,0.04986910385524394,2,2026-02-23 11:00:00+00:00,boost_both_absolute_error,True,False
2026-02-23 18:00:00+00:00,2026-02-25 00:00:00+00:00,2026-02-25 05:00:00,2,30,0.019789545221564144,2,2026-02-23 12:00:00+00:00,boost_both_absolute_error,True,False
2026-02-23 18:00:00+00:00,2026-02-25 01:00:00+00:00,2026-02-25 06:00:00,2,31,0.03116572730101386,2,2026-02-23 13:00:00+00:00,boost_both_absolute_error,True,False
2026-02-23 18:00:00+00:00,2026-02-25 02:00:00+00:00,2026-02-25 07:00:00,2,32,0.02401843684460997,2,2026-02-23 14:00:00+00:00,boost_both_absolute_error,True,False
2026-02-23 18:00:00+00:00,2026-02-25 03:00:00+00:00,2026-02-25 08:00:00,2,33,0.18818171303533862,2,2026-02-23 15:00:00+00:00,boost_both_absolute_error,True,False
2026-02-23 18:00:00+00:00,2026-02-25 04:00:00+00:00,2026-02-25 09:00:00,2,34,0.27908964802286423,2,2026-02-23 16:00:00+00:00,boost_both_absolute_error,True,False
2026-02-23 18:00:00+00:00,2026-02-25 05:00:00+00:00,2026-02-25 10:00:00,2,35,0.35314948378033423,2,2026-02-23 17:00:00+00:00,boost_both_absolute_error,True,False
2026-02-23 18:00:00+00:00,2026-02-25 06:00:00+00:00,2026-02-25 11:00:00,2,36,0.7377160208087918,2,2026-02-23 18:00:00+00:00,boost_both_absolute_error,True,False
2026-02-23 18:00:00+00:00,2026-02-25 07:00:00+00:00,2026-02-25 12:00:00,2,37,0.870824871181648,3,2026-02-22 19:00:00+00:00,boost_both_absolute_error,True,False
2026-02-23 18:00:00+00:00,2026-02-25 08:00:00+00:00,2026-02-25 13:00:00,2,38,0.867027011681751,3,2026-02-22 20:00:00+00:00,boost_both_absolute_error,True,False
2026-02-23 18:00:00+00:00,2026-02-25 09:00:00+00:00,2026-02-25 14:00:00,2,39,0.7991793905324518,3,2026-02-22 21:00:00+00:00,boost_both_absolute_error,True,False
2026-02-23 18:00:00+00:00,2026-02-25 10:00:00+00:00,2026-02-25 15:00:00,2,40,0.6465144437638294,3,2026-02-22 22:00:00+00:00,boost_both_absolute_error,True,False
2026-02-23 18:00:00+00:00,2026-02-25 11:00:00+00:00,2026-02-25 16:00:00,2,41,0.6154613872489708,3,2026-02-22 23:00:00+00:00,boost_both_absolute_error,True,False
2026-02-23 18:00:00+00:00,2026-02-25 12:00:00+00:00,2026-02-25 17:00:00,2,42,0.5826014071276256,3,2026-02-23 00:00:00+00:00,boost_both_absolute_error,True,False
2026-02-23 18:00:00+00:00,2026-02-25 13:00:00+00:00,2026-02-25 18:00:00,2,43,0.6714638518456331,3,2026-02-23 01:00:00+00:00,boost_both_absolute_error,True,False
2026-02-23 18:00:00+00:00,2026-02-25 14:00:00+00:00,2026-02-25 19:00:00,2,44,0.6646238607000322,3,2026-02-23 02:00:00+00:00,boost_both_absolute_error,True,False
2026-02-23 18:00:00+00:00,2026-02-25 15:00:00+00:00,2026-02-25 20:00:00,2,45,0.5099509001829384,3,2026-02-23 03:00:00+00:00,boost_both_absolute_error,True,False
2026-02-23 18:00:00+00:00,2026-02-25 16:00:00+00:00,2026-02-25 21:00:00,2,46,0.6135322497806952,3,2026-02-23 04:00:00+00:00,boost_both_absolute_error,True,False
2026-02-23 18:00:00+00:00,2026-02-25 17:00:00+00:00,2026-02-25 22:00:00,2,47,0.7662195188614352,3,2026-02-23 05:00:00+00:00,boost_both_absolute_error,True,False
2026-02-23 18:00:00+00:00,2026-02-25 18:00:00+00:00,2026-02-25 23:00:00,2,48,0.9621740295927683,3,2026-02-23 06:00:00+00:00,boost_both_absolute_error,True,False
2026-02-24 18:00:00+00:00,2026-02-24 19:00:00+00:00,2026-02-25 00:00:00,1,1,0.015022452762715317,1,2026-02-24 07:00:00+00:00,boost_both_absolute_error,True,False
2026-02-24 18:00:00+00:00,2026-02-24 20:00:00+00:00,2026-02-25 01:00:00,1,2,0.013866764703968979,1,2026-02-24 08:00:00+00:00,boost_both_absolute_error,True,False
2026-02-24 18:00:00+00:00,2026-02-24 21:00:00+00:00,2026-02-25 02:00:00,1,3,0.019095555273351113,1,2026-02-24 09:00:00+00:00,boost_both_absolute_error,True,False
2026-02-24 18:00:00+00:00,2026-02-24 22:00:00+00:00,2026-02-25 03:00:00,1,4,0.015932134928450914,1,2026-02-24 10:00:00+00:00,boost_both_absolute_error,True,False
2026-02-24 18:00:00+00:00,2026-02-24 23:00:00+00:00,2026-02-25 04:00:00,1,5,0.0230161219322651,1,2026-02-24 11:00:00+00:00,boost_both_absolute_error,True,False
2026-02-24 18:00:00+00:00,2026-02-25 00:00:00+00:00,2026-02-25 05:00:00,1,6,0.02457859939549356,1,2026-02-24 12:00:00+00:00,boost_both_absolute_error,True,False
2026-02-24 18:00:00+00:00,2026-02-25 01:00:00+00:00,2026-02-25 06:00:00,1,7,0.024064408750541083,1,2026-02-24 13:00:00+00:00,boost_both_absolute_error,True,False
2026-02-24 18:00:00+00:00,2026-02-25 02:00:00+00:00,2026-02-25 07:00:00,1,8,0.02457684254663822,1,2026-02-24 14:00:00+00:00,boost_both_absolute_error,True,False
2026-02-24 18:00:00+00:00,2026-02-25 03:00:00+00:00,2026-02-25 08:00:00,1,9,0.04924559435568004,1,2026-02-24 15:00:00+00:00,boost_both_absolute_error,True,False
2026-02-24 18:00:00+00:00,2026-02-25 04:00:00+00:00,2026-02-25 09:00:00,1,10,0.059600450314779126,1,2026-02-24 16:00:00+00:00,boost_both_absolute_error,True,False
2026-02-24 18:00:00+00:00,2026-02-25 05:00:00+00:00,2026-02-25 10:00:00,1,11,0.07323012233904136,1,2026-02-24 17:00:00+00:00,boost_both_absolute_error,True,False
2026-02-24 18:00:00+00:00,2026-02-25 06:00:00+00:00,2026-02-25 11:00:00,1,12,0.047456462274998945,1,2026-02-24 18:00:00+00:00,boost_both_absolute_error,True,False
2026-02-24 18:00:00+00:00,2026-02-25 07:00:00+00:00,2026-02-25 12:00:00,1,13,0.7661417508530196,2,2026-02-23 19:00:00+00:00,boost_both_absolute_error,True,False
2026-02-24 18:00:00+00:00,2026-02-25 08:00:00+00:00,2026-02-25 13:00:00,1,14,0.6462149617012746,2,2026-02-23 20:00:00+00:00,boost_both_absolute_error,True,False
2026-02-24 18:00:00+00:00,2026-02-25 09:00:00+00:00,2026-02-25 14:00:00,1,15,0.5491171484935509,2,2026-02-23 21:00:00+00:00,boost_both_absolute_error,True,False
2026-02-24 18:00:00+00:00,2026-02-25 10:00:00+00:00,2026-02-25 15:00:00,1,16,0.48059802037569876,2,2026-02-23 22:00:00+00:00,boost_both_absolute_error,True,False
2026-02-24 18:00:00+00:00,2026-02-25 11:00:00+00:00,2026-02-25 16:00:00,1,17,0.41542432363536286,2,2026-02-23 23:00:00+00:00,boost_both_absolute_error,True,False
2026-02-24 18:00:00+00:00,2026-02-25 12:00:00+00:00,2026-02-25 17:00:00,1,18,0.2409392978758939,2,2026-02-24 00:00:00+00:00,boost_both_absolute_error,True,False
2026-02-24 18:00:00+00:00,2026-02-25 13:00:00+00:00,2026-02-25 18:00:00,1,19,0.3359044964402518,2,2026-02-24 01:00:00+00:00,boost_both_absolute_error,True,False
2026-02-24 18:00:00+00:00,2026-02-25 14:00:00+00:00,2026-02-25 19:00:00,1,20,0.25064192952098957,2,2026-02-24 02:00:00+00:00,boost_both_absolute_error,True,False
2026-02-24 18:00:00+00:00,2026-02-25 15:00:00+00:00,2026-02-25 20:00:00,1,21,0.31762834134920137,2,2026-02-24 03:00:00+00:00,boost_both_absolute_error,True,False
2026-02-24 18:00:00+00:00,2026-02-25 16:00:00+00:00,2026-02-25 21:00:00,1,22,0.6306233368445111,2,2026-02-24 04:00:00+00:00,boost_both_absolute_error,True,False
2026-02-24 18:00:00+00:00,2026-02-25 17:00:00+00:00,2026-02-25 22:00:00,1,23,0.8234840574785501,2,2026-02-24 05:00:00+00:00,boost_both_absolute_error,True,False
2026-02-24 18:00:00+00:00,2026-02-25 18:00:00+00:00,2026-02-25 23:00:00,1,24,0.822444095695643,2,2026-02-24 06:00:00+00:00,boost_both_absolute_error,True,False
2026-02-24 18:00:00+00:00,2026-02-25 19:00:00+00:00,2026-02-26 00:00:00,1,25,0.842660739340344,2,2026-02-24 07:00:00+00:00,boost_both_absolute_error,True,False
2026-02-24 18:00:00+00:00,2026-02-25 20:00:00+00:00,2026-02-26 01:00:00,1,26,0.8788569236042792,2,2026-02-24 08:00:00+00:00,boost_both_absolute_error,True,False
2026-02-24 18:00:00+00:00,2026-02-25 21:00:00+00:00,2026-02-26 02:00:00,1,27,0.8834845952692127,2,2026-02-24 09:00:00+00:00,boost_both_absolute_error,True,False
2026-02-24 18:00:00+00:00,2026-02-25 22:00:00+00:00,2026-02-26 03:00:00,1,28,0.9086998757155148,2,2026-02-24 10:00:00+00:00,boost_both_absolute_error,True,False
2026-02-24 18:00:00+00:00,2026-02-25 23:00:00+00:00,2026-02-26 04:00:00,1,29,0.8642399404752857,2,2026-02-24 11:00:00+00:00,boost_both_absolute_error,True,False
2026-02-24 18:00:00+00:00,2026-02-26 00:00:00+00:00,2026-02-26 05:00:00,1,30,0.835461373170072,2,2026-02-24 12:00:00+00:00,boost_both_absolute_error,True,False
2026-02-24 18:00:00+00:00,2026-02-26 01:00:00+00:00,2026-02-26 06:00:00,1,31,0.7195943013867938,2,2026-02-24 13:00:00+00:00,boost_both_absolute_error,True,False
2026-02-24 18:00:00+00:00,2026-02-26 02:00:00+00:00,2026-02-26 07:00:00,1,32,0.5239215515600578,2,2026-02-24 14:00:00+00:00,boost_both_absolute_error,True,False
2026-02-24 18:00:00+00:00,2026-02-26 03:00:00+00:00,2026-02-26 08:00:00,1,33,0.7287708708705135,2,2026-02-24 15:00:00+00:00,boost_both_absolute_error,True,False
2026-02-24 18:00:00+00:00,2026-02-26 04:00:00+00:00,2026-02-26 09:00:00,1,34,0.6997779034968439,2,2026-02-24 16:00:00+00:00,boost_both_absolute_error,True,False
2026-02-24 18:00:00+00:00,2026-02-26 05:00:00+00:00,2026-02-26 10:00:00,1,35,0.35681159669853096,2,2026-02-24 17:00:00+00:00,boost_both_absolute_error,True,False
2026-02-24 18:00:00+00:00,2026-02-26 06:00:00+00:00,2026-02-26 11:00:00,1,36,0.2844360218617485,2,2026-02-24 18:00:00+00:00,boost_both_absolute_error,True,False
2026-02-24 18:00:00+00:00,2026-02-26 07:00:00+00:00,2026-02-26 12:00:00,1,37,0.1290535356785851,3,2026-02-23 19:00:00+00:00,boost_both_absolute_error,True,False
2026-02-24 18:00:00+00:00,2026-02-26 08:00:00+00:00,2026-02-26 13:00:00,1,38,0.1371686234726105,3,2026-02-23 20:00:00+00:00,boost_both_absolute_error,True,False
2026-02-24 18:00:00+00:00,2026-02-26 09:00:00+00:00,2026-02-26 14:00:00,1,39,0.5917893508664506,3,2026-02-23 21:00:00+00:00,boost_both_absolute_error,True,False
2026-02-24 18:00:00+00:00,2026-02-26 10:00:00+00:00,2026-02-26 15:00:00,1,40,0.5997365541983155,3,2026-02-23 22:00:00+00:00,boost_both_absolute_error,True,False
2026-02-24 18:00:00+00:00,2026-02-26 11:00:00+00:00,2026-02-26 16:00:00,1,41,0.8502297933269222,3,2026-02-23 23:00:00+00:00,boost_both_absolute_error,True,False
2026-02-24 18:00:00+00:00,2026-02-26 12:00:00+00:00,2026-02-26 17:00:00,1,42,0.7570996913648708,3,2026-02-24 00:00:00+00:00,boost_both_absolute_error,True,False
2026-02-24 18:00:00+00:00,2026-02-26 13:00:00+00:00,2026-02-26 18:00:00,1,43,0.778091619244282,3,2026-02-24 01:00:00+00:00,boost_both_absolute_error,True,False
2026-02-24 18:00:00+00:00,2026-02-26 14:00:00+00:00,2026-02-26 19:00:00,1,44,0.8667501346468071,3,2026-02-24 02:00:00+00:00,boost_both_absolute_error,True,False
2026-02-24 18:00:00+00:00,2026-02-26 15:00:00+00:00,2026-02-26 20:00:00,1,45,0.8942982978129101,3,2026-02-24 03:00:00+00:00,boost_both_absolute_error,True,False
2026-02-24 18:00:00+00:00,2026-02-26 16:00:00+00:00,2026-02-26 21:00:00,1,46,0.8998584397400166,3,2026-02-24 04:00:00+00:00,boost_both_absolute_error,True,False
2026-02-24 18:00:00+00:00,2026-02-26 17:00:00+00:00,2026-02-26 22:00:00,1,47,0.7576560980999189,3,2026-02-24 05:00:00+00:00,boost_both_absolute_error,True,False
2026-02-24 18:00:00+00:00,2026-02-26 18:00:00+00:00,2026-02-26 23:00:00,1,48,0.554788958837547,3,2026-02-24 06:00:00+00:00,boost_both_absolute_error,True,False
2026-02-24 18:00:00+00:00,2026-02-24 19:00:00+00:00,2026-02-25 00:00:00,2,1,0.013161188424304273,1,2026-02-24 07:00:00+00:00,boost_both_absolute_error,True,False
2026-02-24 18:00:00+00:00,2026-02-24 20:00:00+00:00,2026-02-25 01:00:00,2,2,0.011839634709626939,1,2026-02-24 08:00:00+00:00,boost_both_absolute_error,True,False
2026-02-24 18:00:00+00:00,2026-02-24 21:00:00+00:00,2026-02-25 02:00:00,2,3,0.017744042016412977,1,2026-02-24 09:00:00+00:00,boost_both_absolute_error,True,False
2026-02-24 18:00:00+00:00,2026-02-24 22:00:00+00:00,2026-02-25 03:00:00,2,4,0.014580621671512757,1,2026-02-24 10:00:00+00:00,boost_both_absolute_error,True,False
2026-02-24 18:00:00+00:00,2026-02-24 23:00:00+00:00,2026-02-25 04:00:00,2,5,0.02166460867532695,1,2026-02-24 11:00:00+00:00,boost_both_absolute_error,True,False
2026-02-24 18:00:00+00:00,2026-02-25 00:00:00+00:00,2026-02-25 05:00:00,2,6,0.023227086138555418,1,2026-02-24 12:00:00+00:00,boost_both_absolute_error,True,False
2026-02-24 18:00:00+00:00,2026-02-25 01:00:00+00:00,2026-02-25 06:00:00,2,7,0.02271289549360294,1,2026-02-24 13:00:00+00:00,boost_both_absolute_error,True,False
2026-02-24 18:00:00+00:00,2026-02-25 02:00:00+00:00,2026-02-25 07:00:00,2,8,0.023824827703542276,1,2026-02-24 14:00:00+00:00,boost_both_absolute_error,True,False
2026-02-24 18:00:00+00:00,2026-02-25 03:00:00+00:00,2026-02-25 08:00:00,2,9,0.050274836582818505,1,2026-02-24 15:00:00+00:00,boost_both_absolute_error,True,False
2026-02-24 18:00:00+00:00,2026-02-25 04:00:00+00:00,2026-02-25 09:00:00,2,10,0.06352941222918528,1,2026-02-24 16:00:00+00:00,boost_both_absolute_error,True,False
2026-02-24 18:00:00+00:00,2026-02-25 05:00:00+00:00,2026-02-25 10:00:00,2,11,0.07603718818610154,1,2026-02-24 17:00:00+00:00,boost_both_absolute_error,True,False
2026-02-24 18:00:00+00:00,2026-02-25 06:00:00+00:00,2026-02-25 11:00:00,2,12,0.04977163043188139,1,2026-02-24 18:00:00+00:00,boost_both_absolute_error,True,False
2026-02-24 18:00:00+00:00,2026-02-25 07:00:00+00:00,2026-02-25 12:00:00,2,13,0.7814393465479379,2,2026-02-23 19:00:00+00:00,boost_both_absolute_error,True,False
2026-02-24 18:00:00+00:00,2026-02-25 08:00:00+00:00,2026-02-25 13:00:00,2,14,0.6615125573961929,2,2026-02-23 20:00:00+00:00,boost_both_absolute_error,True,False
2026-02-24 18:00:00+00:00,2026-02-25 09:00:00+00:00,2026-02-25 14:00:00,2,15,0.5615150245012014,2,2026-02-23 21:00:00+00:00,boost_both_absolute_error,True,False
2026-02-24 18:00:00+00:00,2026-02-25 10:00:00+00:00,2026-02-25 15:00:00,2,16,0.4800351285439252,2,2026-02-23 22:00:00+00:00,boost_both_absolute_error,True,False
2026-02-24 18:00:00+00:00,2026-02-25 11:00:00+00:00,2026-02-25 16:00:00,2,17,0.4201351502693771,2,2026-02-23 23:00:00+00:00,boost_both_absolute_error,True,False
2026-02-24 18:00:00+00:00,2026-02-25 12:00:00+00:00,2026-02-25 17:00:00,2,18,0.24037640604412025,2,2026-02-24 00:00:00+00:00,boost_both_absolute_error,True,False
2026-02-24 18:00:00+00:00,2026-02-25 13:00:00+00:00,2026-02-25 18:00:00,2,19,0.33534160460847817,2,2026-02-24 01:00:00+00:00,boost_both_absolute_error,True,False
2026-02-24 18:00:00+00:00,2026-02-25 14:00:00+00:00,2026-02-25 19:00:00,2,20,0.24953424187286538,2,2026-02-24 02:00:00+00:00,boost_both_absolute_error,True,False
2026-02-24 18:00:00+00:00,2026-02-25 15:00:00+00:00,2026-02-25 20:00:00,2,21,0.31669112049861003,2,2026-02-24 03:00:00+00:00,boost_both_absolute_error,True,False
2026-02-24 18:00:00+00:00,2026-02-25 16:00:00+00:00,2026-02-25 21:00:00,2,22,0.6296861159939193,2,2026-02-24 04:00:00+00:00,boost_both_absolute_error,True,False
2026-02-24 18:00:00+00:00,2026-02-25 17:00:00+00:00,2026-02-25 22:00:00,2,23,0.8255121708200135,2,2026-02-24 05:00:00+00:00,boost_both_absolute_error,True,False
2026-02-24 18:00:00+00:00,2026-02-25 18:00:00+00:00,2026-02-25 23:00:00,2,24,0.8215068748450512,2,2026-02-24 06:00:00+00:00,boost_both_absolute_error,True,False
2026-02-24 18:00:00+00:00,2026-02-25 19:00:00+00:00,2026-02-26 00:00:00,2,25,0.8456557800373865,2,2026-02-24 07:00:00+00:00,boost_both_absolute_error,True,False
2026-02-24 18:00:00+00:00,2026-02-25 20:00:00+00:00,2026-02-26 01:00:00,2,26,0.8808850369457426,2,2026-02-24 08:00:00+00:00,boost_both_absolute_error,True,False
2026-02-24 18:00:00+00:00,2026-02-25 21:00:00+00:00,2026-02-26 02:00:00,2,27,0.8855127086106761,2,2026-02-24 09:00:00+00:00,boost_both_absolute_error,True,False
2026-02-24 18:00:00+00:00,2026-02-25 22:00:00+00:00,2026-02-26 03:00:00,2,28,0.9107279890569782,2,2026-02-24 10:00:00+00:00,boost_both_absolute_error,True,False
2026-02-24 18:00:00+00:00,2026-02-25 23:00:00+00:00,2026-02-26 04:00:00,2,29,0.86642407684565,2,2026-02-24 11:00:00+00:00,boost_both_absolute_error,True,False
2026-02-24 18:00:00+00:00,2026-02-26 00:00:00+00:00,2026-02-26 05:00:00,2,30,0.8388307428859325,2,2026-02-24 12:00:00+00:00,boost_both_absolute_error,True,False
2026-02-24 18:00:00+00:00,2026-02-26 01:00:00+00:00,2026-02-26 06:00:00,2,31,0.7190314095550201,2,2026-02-24 13:00:00+00:00,boost_both_absolute_error,True,False
2026-02-24 18:00:00+00:00,2026-02-26 02:00:00+00:00,2026-02-26 07:00:00,2,32,0.5237760426319841,2,2026-02-24 14:00:00+00:00,boost_both_absolute_error,True,False
2026-02-24 18:00:00+00:00,2026-02-26 03:00:00+00:00,2026-02-26 08:00:00,2,33,0.7331274523246017,2,2026-02-24 15:00:00+00:00,boost_both_absolute_error,True,False
2026-02-24 18:00:00+00:00,2026-02-26 04:00:00+00:00,2026-02-26 09:00:00,2,34,0.7049474564681089,2,2026-02-24 16:00:00+00:00,boost_both_absolute_error,True,False
2026-02-24 18:00:00+00:00,2026-02-26 05:00:00+00:00,2026-02-26 10:00:00,2,35,0.3602308075314643,2,2026-02-24 17:00:00+00:00,boost_both_absolute_error,True,False
2026-02-24 18:00:00+00:00,2026-02-26 06:00:00+00:00,2026-02-26 11:00:00,2,36,0.28785523269468194,2,2026-02-24 18:00:00+00:00,boost_both_absolute_error,True,False
2026-02-24 18:00:00+00:00,2026-02-26 07:00:00+00:00,2026-02-26 12:00:00,2,37,0.13247274651151847,3,2026-02-23 19:00:00+00:00,boost_both_absolute_error,True,False
2026-02-24 18:00:00+00:00,2026-02-26 08:00:00+00:00,2026-02-26 13:00:00,2,38,0.13965506124952004,3,2026-02-23 20:00:00+00:00,boost_both_absolute_error,True,False
2026-02-24 18:00:00+00:00,2026-02-26 09:00:00+00:00,2026-02-26 14:00:00,2,39,0.5947493278087009,3,2026-02-23 21:00:00+00:00,boost_both_absolute_error,True,False
2026-02-24 18:00:00+00:00,2026-02-26 10:00:00+00:00,2026-02-26 15:00:00,2,40,0.5992844424846073,3,2026-02-23 22:00:00+00:00,boost_both_absolute_error,True,False
2026-02-24 18:00:00+00:00,2026-02-26 11:00:00+00:00,2026-02-26 16:00:00,2,41,0.8474913848611253,3,2026-02-23 23:00:00+00:00,boost_both_absolute_error,True,False
2026-02-24 18:00:00+00:00,2026-02-26 12:00:00+00:00,2026-02-26 17:00:00,2,42,0.7588519706876621,3,2026-02-24 00:00:00+00:00,boost_both_absolute_error,True,False
2026-02-24 18:00:00+00:00,2026-02-26 13:00:00+00:00,2026-02-26 18:00:00,2,43,0.7781119759721392,3,2026-02-24 01:00:00+00:00,boost_both_absolute_error,True,False
2026-02-24 18:00:00+00:00,2026-02-26 14:00:00+00:00,2026-02-26 19:00:00,2,44,0.8691373955344154,3,2026-02-24 02:00:00+00:00,boost_both_absolute_error,True,False
2026-02-24 18:00:00+00:00,2026-02-26 15:00:00+00:00,2026-02-26 20:00:00,2,45,0.8918292231384304,3,2026-02-24 03:00:00+00:00,boost_both_absolute_error,True,False
2026-02-24 18:00:00+00:00,2026-02-26 16:00:00+00:00,2026-02-26 21:00:00,2,46,0.8973893650655368,3,2026-02-24 04:00:00+00:00,boost_both_absolute_error,True,False
2026-02-24 18:00:00+00:00,2026-02-26 17:00:00+00:00,2026-02-26 22:00:00,2,47,0.7553901717212776,3,2026-02-24 05:00:00+00:00,boost_both_absolute_error,True,False
2026-02-24 18:00:00+00:00,2026-02-26 18:00:00+00:00,2026-02-26 23:00:00,2,48,0.5512268845219633,3,2026-02-24 06:00:00+00:00,boost_both_absolute_error,True,False
2026-02-25 18:00:00+00:00,2026-02-25 19:00:00+00:00,2026-02-26 00:00:00,1,1,0.8309698261349363,1,2026-02-25 07:00:00+00:00,boost_both_absolute_error,True,False
2026-02-25 18:00:00+00:00,2026-02-25 20:00:00+00:00,2026-02-26 01:00:00,1,2,0.8348467606669457,1,2026-02-25 08:00:00+00:00,boost_both_absolute_error,True,False
2026-02-25 18:00:00+00:00,2026-02-25 21:00:00+00:00,2026-02-26 02:00:00,1,3,0.800900014048621,1,2026-02-25 09:00:00+00:00,boost_both_absolute_error,True,False
2026-02-25 18:00:00+00:00,2026-02-25 22:00:00+00:00,2026-02-26 03:00:00,1,4,0.83603288116677,1,2026-02-25 10:00:00+00:00,boost_both_absolute_error,True,False
2026-02-25 18:00:00+00:00,2026-02-25 23:00:00+00:00,2026-02-26 04:00:00,1,5,0.8284805958349137,1,2026-02-25 11:00:00+00:00,boost_both_absolute_error,True,False
2026-02-25 18:00:00+00:00,2026-02-26 00:00:00+00:00,2026-02-26 05:00:00,1,6,0.9268147408932016,1,2026-02-25 12:00:00+00:00,boost_both_absolute_error,True,False
2026-02-25 18:00:00+00:00,2026-02-26 01:00:00+00:00,2026-02-26 06:00:00,1,7,0.841043992294601,1,2026-02-25 13:00:00+00:00,boost_both_absolute_error,True,False
2026-02-25 18:00:00+00:00,2026-02-26 02:00:00+00:00,2026-02-26 07:00:00,1,8,0.7821270398358118,1,2026-02-25 14:00:00+00:00,boost_both_absolute_error,True,False
2026-02-25 18:00:00+00:00,2026-02-26 03:00:00+00:00,2026-02-26 08:00:00,1,9,0.34102270627336373,1,2026-02-25 15:00:00+00:00,boost_both_absolute_error,True,False
2026-02-25 18:00:00+00:00,2026-02-26 04:00:00+00:00,2026-02-26 09:00:00,1,10,0.04509912309988313,1,2026-02-25 16:00:00+00:00,boost_both_absolute_error,True,False
2026-02-25 18:00:00+00:00,2026-02-26 05:00:00+00:00,2026-02-26 10:00:00,1,11,0.4588459449716341,1,2026-02-25 17:00:00+00:00,boost_both_absolute_error,True,False
2026-02-25 18:00:00+00:00,2026-02-26 06:00:00+00:00,2026-02-26 11:00:00,1,12,0.3551389298219266,1,2026-02-25 18:00:00+00:00,boost_both_absolute_error,True,False
2026-02-25 18:00:00+00:00,2026-02-26 07:00:00+00:00,2026-02-26 12:00:00,1,13,0.06165027967719559,2,2026-02-24 19:00:00+00:00,boost_both_absolute_error,True,False
2026-02-25 18:00:00+00:00,2026-02-26 08:00:00+00:00,2026-02-26 13:00:00,1,14,0.05856198151019936,2,2026-02-24 20:00:00+00:00,boost_both_absolute_error,True,False
2026-02-25 18:00:00+00:00,2026-02-26 09:00:00+00:00,2026-02-26 14:00:00,1,15,0.2340600334672509,2,2026-02-24 21:00:00+00:00,boost_both_absolute_error,True,False
2026-02-25 18:00:00+00:00,2026-02-26 10:00:00+00:00,2026-02-26 15:00:00,1,16,0.33891063343038563,2,2026-02-24 22:00:00+00:00,boost_both_absolute_error,True,False
2026-02-25 18:00:00+00:00,2026-02-26 11:00:00+00:00,2026-02-26 16:00:00,1,17,0.3331540663933019,2,2026-02-24 23:00:00+00:00,boost_both_absolute_error,True,False
2026-02-25 18:00:00+00:00,2026-02-26 12:00:00+00:00,2026-02-26 17:00:00,1,18,0.5001669146177413,2,2026-02-25 00:00:00+00:00,boost_both_absolute_error,True,False
2026-02-25 18:00:00+00:00,2026-02-26 13:00:00+00:00,2026-02-26 18:00:00,1,19,0.47282365186300046,2,2026-02-25 01:00:00+00:00,boost_both_absolute_error,True,False
2026-02-25 18:00:00+00:00,2026-02-26 14:00:00+00:00,2026-02-26 19:00:00,1,20,0.4712181712568476,2,2026-02-25 02:00:00+00:00,boost_both_absolute_error,True,False
2026-02-25 18:00:00+00:00,2026-02-26 15:00:00+00:00,2026-02-26 20:00:00,1,21,0.7414451077183737,2,2026-02-25 03:00:00+00:00,boost_both_absolute_error,True,False
2026-02-25 18:00:00+00:00,2026-02-26 16:00:00+00:00,2026-02-26 21:00:00,1,22,0.8845980307756546,2,2026-02-25 04:00:00+00:00,boost_both_absolute_error,True,False
2026-02-25 18:00:00+00:00,2026-02-26 17:00:00+00:00,2026-02-26 22:00:00,1,23,0.8309152678381431,2,2026-02-25 05:00:00+00:00,boost_both_absolute_error,True,False
2026-02-25 18:00:00+00:00,2026-02-26 18:00:00+00:00,2026-02-26 23:00:00,1,24,0.9309556268273877,2,2026-02-25 06:00:00+00:00,boost_both_absolute_error,True,False
2026-02-25 18:00:00+00:00,2026-02-26 19:00:00+00:00,2026-02-27 00:00:00,1,25,0.9334229365324143,2,2026-02-25 07:00:00+00:00,boost_both_absolute_error,True,False
2026-02-25 18:00:00+00:00,2026-02-26 20:00:00+00:00,2026-02-27 01:00:00,1,26,0.9336725068859039,2,2026-02-25 08:00:00+00:00,boost_both_absolute_error,True,False
2026-02-25 18:00:00+00:00,2026-02-26 21:00:00+00:00,2026-02-27 02:00:00,1,27,0.936907008161855,2,2026-02-25 09:00:00+00:00,boost_both_absolute_error,True,False
2026-02-25 18:00:00+00:00,2026-02-26 22:00:00+00:00,2026-02-27 03:00:00,1,28,0.9033110551907025,2,2026-02-25 10:00:00+00:00,boost_both_absolute_error,True,False
2026-02-25 18:00:00+00:00,2026-02-26 23:00:00+00:00,2026-02-27 04:00:00,1,29,0.7818178195408579,2,2026-02-25 11:00:00+00:00,boost_both_absolute_error,True,False
2026-02-25 18:00:00+00:00,2026-02-27 00:00:00+00:00,2026-02-27 05:00:00,1,30,0.5463986010738298,2,2026-02-25 12:00:00+00:00,boost_both_absolute_error,True,False
2026-02-25 18:00:00+00:00,2026-02-27 01:00:00+00:00,2026-02-27 06:00:00,1,31,0.3445061090201792,2,2026-02-25 13:00:00+00:00,boost_both_absolute_error,True,False
2026-02-25 18:00:00+00:00,2026-02-27 02:00:00+00:00,2026-02-27 07:00:00,1,32,0.3741887369026504,2,2026-02-25 14:00:00+00:00,boost_both_absolute_error,True,False
2026-02-25 18:00:00+00:00,2026-02-27 03:00:00+00:00,2026-02-27 08:00:00,1,33,0.35718330656117236,2,2026-02-25 15:00:00+00:00,boost_both_absolute_error,True,False
2026-02-25 18:00:00+00:00,2026-02-27 04:00:00+00:00,2026-02-27 09:00:00,1,34,0.1320002587316,2,2026-02-25 16:00:00+00:00,boost_both_absolute_error,True,False
2026-02-25 18:00:00+00:00,2026-02-27 05:00:00+00:00,2026-02-27 10:00:00,1,35,0.14751144488205659,2,2026-02-25 17:00:00+00:00,boost_both_absolute_error,True,False
2026-02-25 18:00:00+00:00,2026-02-27 06:00:00+00:00,2026-02-27 11:00:00,1,36,0.17820102840794047,2,2026-02-25 18:00:00+00:00,boost_both_absolute_error,True,False
2026-02-25 18:00:00+00:00,2026-02-27 07:00:00+00:00,2026-02-27 12:00:00,1,37,0.6123499563634419,3,2026-02-24 19:00:00+00:00,boost_both_absolute_error,True,False
2026-02-25 18:00:00+00:00,2026-02-27 08:00:00+00:00,2026-02-27 13:00:00,1,38,0.8231310152778422,3,2026-02-24 20:00:00+00:00,boost_both_absolute_error,True,False
2026-02-25 18:00:00+00:00,2026-02-27 09:00:00+00:00,2026-02-27 14:00:00,1,39,0.8935616022584738,3,2026-02-24 21:00:00+00:00,boost_both_absolute_error,True,False
2026-02-25 18:00:00+00:00,2026-02-27 10:00:00+00:00,2026-02-27 15:00:00,1,40,0.9316887863390142,3,2026-02-24 22:00:00+00:00,boost_both_absolute_error,True,False
2026-02-25 18:00:00+00:00,2026-02-27 11:00:00+00:00,2026-02-27 16:00:00,1,41,0.9456665399825345,3,2026-02-24 23:00:00+00:00,boost_both_absolute_error,True,False
2026-02-25 18:00:00+00:00,2026-02-27 12:00:00+00:00,2026-02-27 17:00:00,1,42,0.9860872083856308,3,2026-02-25 00:00:00+00:00,boost_both_absolute_error,True,False
2026-02-25 18:00:00+00:00,2026-02-27 13:00:00+00:00,2026-02-27 18:00:00,1,43,0.9713667342815234,3,2026-02-25 01:00:00+00:00,boost_both_absolute_error,True,False
2026-02-25 18:00:00+00:00,2026-02-27 14:00:00+00:00,2026-02-27 19:00:00,1,44,0.9671968093714189,3,2026-02-25 02:00:00+00:00,boost_both_absolute_error,True,False
2026-02-25 18:00:00+00:00,2026-02-27 15:00:00+00:00,2026-02-27 20:00:00,1,45,0.9729008177592322,3,2026-02-25 03:00:00+00:00,boost_both_absolute_error,True,False
2026-02-25 18:00:00+00:00,2026-02-27 16:00:00+00:00,2026-02-27 21:00:00,1,46,0.9574350400879483,3,2026-02-25 04:00:00+00:00,boost_both_absolute_error,True,False
2026-02-25 18:00:00+00:00,2026-02-27 17:00:00+00:00,2026-02-27 22:00:00,1,47,0.9670633705375917,3,2026-02-25 05:00:00+00:00,boost_both_absolute_error,True,False
2026-02-25 18:00:00+00:00,2026-02-27 18:00:00+00:00,2026-02-27 23:00:00,1,48,0.77464255665,3,2026-02-25 06:00:00+00:00,boost_both_absolute_error,True,False
2026-02-25 18:00:00+00:00,2026-02-25 19:00:00+00:00,2026-02-26 00:00:00,2,1,0.8304499881880445,1,2026-02-25 07:00:00+00:00,boost_both_absolute_error,True,False
2026-02-25 18:00:00+00:00,2026-02-25 20:00:00+00:00,2026-02-26 01:00:00,2,2,0.834326922720054,1,2026-02-25 08:00:00+00:00,boost_both_absolute_error,True,False
2026-02-25 18:00:00+00:00,2026-02-25 21:00:00+00:00,2026-02-26 02:00:00,2,3,0.8003801761017292,1,2026-02-25 09:00:00+00:00,boost_both_absolute_error,True,False
2026-02-25 18:00:00+00:00,2026-02-25 22:00:00+00:00,2026-02-26 03:00:00,2,4,0.8355130432198782,1,2026-02-25 10:00:00+00:00,boost_both_absolute_error,True,False
2026-02-25 18:00:00+00:00,2026-02-25 23:00:00+00:00,2026-02-26 04:00:00,2,5,0.8278611723750294,1,2026-02-25 11:00:00+00:00,boost_both_absolute_error,True,False
2026-02-25 18:00:00+00:00,2026-02-26 00:00:00+00:00,2026-02-26 05:00:00,2,6,0.925872705479818,1,2026-02-25 12:00:00+00:00,boost_both_absolute_error,True,False
2026-02-25 18:00:00+00:00,2026-02-26 01:00:00+00:00,2026-02-26 06:00:00,2,7,0.8444133620104616,1,2026-02-25 13:00:00+00:00,boost_both_absolute_error,True,False
2026-02-25 18:00:00+00:00,2026-02-26 02:00:00+00:00,2026-02-26 07:00:00,2,8,0.7854964095516723,1,2026-02-25 14:00:00+00:00,boost_both_absolute_error,True,False
2026-02-25 18:00:00+00:00,2026-02-26 03:00:00+00:00,2026-02-26 08:00:00,2,9,0.3420519485005021,1,2026-02-25 15:00:00+00:00,boost_both_absolute_error,True,False
2026-02-25 18:00:00+00:00,2026-02-26 04:00:00+00:00,2026-02-26 09:00:00,2,10,0.047414291256765606,1,2026-02-25 16:00:00+00:00,boost_both_absolute_error,True,False
2026-02-25 18:00:00+00:00,2026-02-26 05:00:00+00:00,2026-02-26 10:00:00,2,11,0.45743277835291,1,2026-02-25 17:00:00+00:00,boost_both_absolute_error,True,False
2026-02-25 18:00:00+00:00,2026-02-26 06:00:00+00:00,2026-02-26 11:00:00,2,12,0.3591786718543984,1,2026-02-25 18:00:00+00:00,boost_both_absolute_error,True,False
2026-02-25 18:00:00+00:00,2026-02-26 07:00:00+00:00,2026-02-26 12:00:00,2,13,0.0639708517981741,2,2026-02-24 19:00:00+00:00,boost_both_absolute_error,True,False
2026-02-25 18:00:00+00:00,2026-02-26 08:00:00+00:00,2026-02-26 13:00:00,2,14,0.061668950486647396,2,2026-02-24 20:00:00+00:00,boost_both_absolute_error,True,False
2026-02-25 18:00:00+00:00,2026-02-26 09:00:00+00:00,2026-02-26 14:00:00,2,15,0.23520005581245493,2,2026-02-24 21:00:00+00:00,boost_both_absolute_error,True,False
2026-02-25 18:00:00+00:00,2026-02-26 10:00:00+00:00,2026-02-26 15:00:00,2,16,0.3402784763137238,2,2026-02-24 22:00:00+00:00,boost_both_absolute_error,True,False
2026-02-25 18:00:00+00:00,2026-02-26 11:00:00+00:00,2026-02-26 16:00:00,2,17,0.33452190927664005,2,2026-02-24 23:00:00+00:00,boost_both_absolute_error,True,False
2026-02-25 18:00:00+00:00,2026-02-26 12:00:00+00:00,2026-02-26 17:00:00,2,18,0.4990942717044946,2,2026-02-25 00:00:00+00:00,boost_both_absolute_error,True,False
2026-02-25 18:00:00+00:00,2026-02-26 13:00:00+00:00,2026-02-26 18:00:00,2,19,0.47175100894975386,2,2026-02-25 01:00:00+00:00,boost_both_absolute_error,True,False
2026-02-25 18:00:00+00:00,2026-02-26 14:00:00+00:00,2026-02-26 19:00:00,2,20,0.468331713678668,2,2026-02-25 02:00:00+00:00,boost_both_absolute_error,True,False
2026-02-25 18:00:00+00:00,2026-02-26 15:00:00+00:00,2026-02-26 20:00:00,2,21,0.7407079556388281,2,2026-02-25 03:00:00+00:00,boost_both_absolute_error,True,False
2026-02-25 18:00:00+00:00,2026-02-26 16:00:00+00:00,2026-02-26 21:00:00,2,22,0.881194345984532,2,2026-02-25 04:00:00+00:00,boost_both_absolute_error,True,False
2026-02-25 18:00:00+00:00,2026-02-26 17:00:00+00:00,2026-02-26 22:00:00,2,23,0.8284461931636633,2,2026-02-25 05:00:00+00:00,boost_both_absolute_error,True,False
2026-02-25 18:00:00+00:00,2026-02-26 18:00:00+00:00,2026-02-26 23:00:00,2,24,0.92333418003687,2,2026-02-25 06:00:00+00:00,boost_both_absolute_error,True,False
2026-02-25 18:00:00+00:00,2026-02-26 19:00:00+00:00,2026-02-27 00:00:00,2,25,0.9258050941719285,2,2026-02-25 07:00:00+00:00,boost_both_absolute_error,True,False
2026-02-25 18:00:00+00:00,2026-02-26 20:00:00+00:00,2026-02-27 01:00:00,2,26,0.929431166278889,2,2026-02-25 08:00:00+00:00,boost_both_absolute_error,True,False
2026-02-25 18:00:00+00:00,2026-02-26 21:00:00+00:00,2026-02-27 02:00:00,2,27,0.9326656675548401,2,2026-02-25 09:00:00+00:00,boost_both_absolute_error,True,False
2026-02-25 18:00:00+00:00,2026-02-26 22:00:00+00:00,2026-02-27 03:00:00,2,28,0.8982416363433255,2,2026-02-25 10:00:00+00:00,boost_both_absolute_error,True,False
2026-02-25 18:00:00+00:00,2026-02-26 23:00:00+00:00,2026-02-27 04:00:00,2,29,0.7819186448571274,2,2026-02-25 11:00:00+00:00,boost_both_absolute_error,True,False
2026-02-25 18:00:00+00:00,2026-02-27 00:00:00+00:00,2026-02-27 05:00:00,2,30,0.5459464893601217,2,2026-02-25 12:00:00+00:00,boost_both_absolute_error,True,False
2026-02-25 18:00:00+00:00,2026-02-27 01:00:00+00:00,2026-02-27 06:00:00,2,31,0.3432676004510017,2,2026-02-25 13:00:00+00:00,boost_both_absolute_error,True,False
2026-02-25 18:00:00+00:00,2026-02-27 02:00:00+00:00,2026-02-27 07:00:00,2,32,0.3729502283334729,2,2026-02-25 14:00:00+00:00,boost_both_absolute_error,True,False
2026-02-25 18:00:00+00:00,2026-02-27 03:00:00+00:00,2026-02-27 08:00:00,2,33,0.3575369320509071,2,2026-02-25 15:00:00+00:00,boost_both_absolute_error,True,False
2026-02-25 18:00:00+00:00,2026-02-27 04:00:00+00:00,2026-02-27 09:00:00,2,34,0.13525360390860233,2,2026-02-25 16:00:00+00:00,boost_both_absolute_error,True,False
2026-02-25 18:00:00+00:00,2026-02-27 05:00:00+00:00,2026-02-27 10:00:00,2,35,0.1500577442908799,2,2026-02-25 17:00:00+00:00,boost_both_absolute_error,True,False
2026-02-25 18:00:00+00:00,2026-02-27 06:00:00+00:00,2026-02-27 11:00:00,2,36,0.1829620863255038,2,2026-02-25 18:00:00+00:00,boost_both_absolute_error,True,False
2026-02-25 18:00:00+00:00,2026-02-27 07:00:00+00:00,2026-02-27 12:00:00,2,37,0.6161865501000754,3,2026-02-24 19:00:00+00:00,boost_both_absolute_error,True,False
2026-02-25 18:00:00+00:00,2026-02-27 08:00:00+00:00,2026-02-27 13:00:00,2,38,0.8258709598193443,3,2026-02-24 20:00:00+00:00,boost_both_absolute_error,True,False
2026-02-25 18:00:00+00:00,2026-02-27 09:00:00+00:00,2026-02-27 14:00:00,2,39,0.8904558545491059,3,2026-02-24 21:00:00+00:00,boost_both_absolute_error,True,False
2026-02-25 18:00:00+00:00,2026-02-27 10:00:00+00:00,2026-02-27 15:00:00,2,40,0.9180592898788775,3,2026-02-24 22:00:00+00:00,boost_both_absolute_error,True,False
2026-02-25 18:00:00+00:00,2026-02-27 11:00:00+00:00,2026-02-27 16:00:00,2,41,0.9307146647385726,3,2026-02-24 23:00:00+00:00,boost_both_absolute_error,True,False
2026-02-25 18:00:00+00:00,2026-02-27 12:00:00+00:00,2026-02-27 17:00:00,2,42,0.981352397288248,3,2026-02-25 00:00:00+00:00,boost_both_absolute_error,True,False
2026-02-25 18:00:00+00:00,2026-02-27 13:00:00+00:00,2026-02-27 18:00:00,2,43,0.9674856249341184,3,2026-02-25 01:00:00+00:00,boost_both_absolute_error,True,False
2026-02-25 18:00:00+00:00,2026-02-27 14:00:00+00:00,2026-02-27 19:00:00,2,44,0.9605338646576937,3,2026-02-25 02:00:00+00:00,boost_both_absolute_error,True,False
2026-02-25 18:00:00+00:00,2026-02-27 15:00:00+00:00,2026-02-27 20:00:00,2,45,0.9593157323632331,3,2026-02-25 03:00:00+00:00,boost_both_absolute_error,True,False
2026-02-25 18:00:00+00:00,2026-02-27 16:00:00+00:00,2026-02-27 21:00:00,2,46,0.9449832602055152,3,2026-02-25 04:00:00+00:00,boost_both_absolute_error,True,False
2026-02-25 18:00:00+00:00,2026-02-27 17:00:00+00:00,2026-02-27 22:00:00,2,47,0.9549768243581827,3,2026-02-25 05:00:00+00:00,boost_both_absolute_error,True,False
2026-02-25 18:00:00+00:00,2026-02-27 18:00:00+00:00,2026-02-27 23:00:00,2,48,0.7600298781753058,3,2026-02-25 06:00:00+00:00,boost_both_absolute_error,True,False
2026-02-26 18:00:00+00:00,2026-02-26 19:00:00+00:00,2026-02-27 00:00:00,1,1,0.7659968046150897,1,2026-02-26 07:00:00+00:00,boost_both_absolute_error,True,False
2026-02-26 18:00:00+00:00,2026-02-26 20:00:00+00:00,2026-02-27 01:00:00,1,2,0.7347349869395243,1,2026-02-26 08:00:00+00:00,boost_both_absolute_error,True,False
2026-02-26 18:00:00+00:00,2026-02-26 21:00:00+00:00,2026-02-27 02:00:00,1,3,0.5620899192573022,1,2026-02-26 09:00:00+00:00,boost_both_absolute_error,True,False
2026-02-26 18:00:00+00:00,2026-02-26 22:00:00+00:00,2026-02-27 03:00:00,1,4,0.5704652905264788,1,2026-02-26 10:00:00+00:00,boost_both_absolute_error,True,False
2026-02-26 18:00:00+00:00,2026-02-26 23:00:00+00:00,2026-02-27 04:00:00,1,5,0.5935626131720771,1,2026-02-26 11:00:00+00:00,boost_both_absolute_error,True,False
2026-02-26 18:00:00+00:00,2026-02-27 00:00:00+00:00,2026-02-27 05:00:00,1,6,0.3829846343083645,1,2026-02-26 12:00:00+00:00,boost_both_absolute_error,True,False
2026-02-26 18:00:00+00:00,2026-02-27 01:00:00+00:00,2026-02-27 06:00:00,1,7,0.30789694975836546,1,2026-02-26 13:00:00+00:00,boost_both_absolute_error,True,False
2026-02-26 18:00:00+00:00,2026-02-27 02:00:00+00:00,2026-02-27 07:00:00,1,8,0.32575174870280854,1,2026-02-26 14:00:00+00:00,boost_both_absolute_error,True,False
2026-02-26 18:00:00+00:00,2026-02-27 03:00:00+00:00,2026-02-27 08:00:00,1,9,0.29953088588118504,1,2026-02-26 15:00:00+00:00,boost_both_absolute_error,True,False
2026-02-26 18:00:00+00:00,2026-02-27 04:00:00+00:00,2026-02-27 09:00:00,1,10,0.21515689169505411,1,2026-02-26 16:00:00+00:00,boost_both_absolute_error,True,False
2026-02-26 18:00:00+00:00,2026-02-27 05:00:00+00:00,2026-02-27 10:00:00,1,11,0.20783796018244122,1,2026-02-26 17:00:00+00:00,boost_both_absolute_error,True,False
2026-02-26 18:00:00+00:00,2026-02-27 06:00:00+00:00,2026-02-27 11:00:00,1,12,0.20175884075758757,1,2026-02-26 18:00:00+00:00,boost_both_absolute_error,True,False
2026-02-26 18:00:00+00:00,2026-02-27 07:00:00+00:00,2026-02-27 12:00:00,1,13,0.24010259369686418,2,2026-02-25 19:00:00+00:00,boost_both_absolute_error,True,False
2026-02-26 18:00:00+00:00,2026-02-27 08:00:00+00:00,2026-02-27 13:00:00,1,14,0.4201701934094615,2,2026-02-25 20:00:00+00:00,boost_both_absolute_error,True,False
2026-02-26 18:00:00+00:00,2026-02-27 09:00:00+00:00,2026-02-27 14:00:00,1,15,0.7357404560061221,2,2026-02-25 21:00:00+00:00,boost_both_absolute_error,True,False
2026-02-26 18:00:00+00:00,2026-02-27 10:00:00+00:00,2026-02-27 15:00:00,1,16,0.8818439714242754,2,2026-02-25 22:00:00+00:00,boost_both_absolute_error,True,False
2026-02-26 18:00:00+00:00,2026-02-27 11:00:00+00:00,2026-02-27 16:00:00,1,17,0.893493654509749,2,2026-02-25 23:00:00+00:00,boost_both_absolute_error,True,False
2026-02-26 18:00:00+00:00,2026-02-27 12:00:00+00:00,2026-02-27 17:00:00,1,18,0.8827137414824029,2,2026-02-26 00:00:00+00:00,boost_both_absolute_error,True,False
2026-02-26 18:00:00+00:00,2026-02-27 13:00:00+00:00,2026-02-27 18:00:00,1,19,0.8877811638870574,2,2026-02-26 01:00:00+00:00,boost_both_absolute_error,True,False
2026-02-26 18:00:00+00:00,2026-02-27 14:00:00+00:00,2026-02-27 19:00:00,1,20,0.9075706632704925,2,2026-02-26 02:00:00+00:00,boost_both_absolute_error,True,False
2026-02-26 18:00:00+00:00,2026-02-27 15:00:00+00:00,2026-02-27 20:00:00,1,21,0.8801675400500221,2,2026-02-26 03:00:00+00:00,boost_both_absolute_error,True,False
2026-02-26 18:00:00+00:00,2026-02-27 16:00:00+00:00,2026-02-27 21:00:00,1,22,0.8441646924793406,2,2026-02-26 04:00:00+00:00,boost_both_absolute_error,True,False
2026-02-26 18:00:00+00:00,2026-02-27 17:00:00+00:00,2026-02-27 22:00:00,1,23,0.848005755248701,2,2026-02-26 05:00:00+00:00,boost_both_absolute_error,True,False
2026-02-26 18:00:00+00:00,2026-02-27 18:00:00+00:00,2026-02-27 23:00:00,1,24,0.8521619357660957,2,2026-02-26 06:00:00+00:00,boost_both_absolute_error,True,False
2026-02-26 18:00:00+00:00,2026-02-27 19:00:00+00:00,2026-02-28 00:00:00,1,25,0.8614849626842135,2,2026-02-26 07:00:00+00:00,boost_both_absolute_error,True,False
2026-02-26 18:00:00+00:00,2026-02-27 20:00:00+00:00,2026-02-28 01:00:00,1,26,0.8926847473172898,2,2026-02-26 08:00:00+00:00,boost_both_absolute_error,True,False
2026-02-26 18:00:00+00:00,2026-02-27 21:00:00+00:00,2026-02-28 02:00:00,1,27,0.9002612395429419,2,2026-02-26 09:00:00+00:00,boost_both_absolute_error,True,False
2026-02-26 18:00:00+00:00,2026-02-27 22:00:00+00:00,2026-02-28 03:00:00,1,28,0.8793714195876433,2,2026-02-26 10:00:00+00:00,boost_both_absolute_error,True,False
2026-02-26 18:00:00+00:00,2026-02-27 23:00:00+00:00,2026-02-28 04:00:00,1,29,0.9045077558687623,2,2026-02-26 11:00:00+00:00,boost_both_absolute_error,True,False
2026-02-26 18:00:00+00:00,2026-02-28 00:00:00+00:00,2026-02-28 05:00:00,1,30,0.9495908104447796,2,2026-02-26 12:00:00+00:00,boost_both_absolute_error,True,False
2026-02-26 18:00:00+00:00,2026-02-28 01:00:00+00:00,2026-02-28 06:00:00,1,31,0.8978805638796379,2,2026-02-26 13:00:00+00:00,boost_both_absolute_error,True,False
2026-02-26 18:00:00+00:00,2026-02-28 02:00:00+00:00,2026-02-28 07:00:00,1,32,0.8652579502879804,2,2026-02-26 14:00:00+00:00,boost_both_absolute_error,True,False
2026-02-26 18:00:00+00:00,2026-02-28 03:00:00+00:00,2026-02-28 08:00:00,1,33,0.8780970428981113,2,2026-02-26 15:00:00+00:00,boost_both_absolute_error,True,False
2026-02-26 18:00:00+00:00,2026-02-28 04:00:00+00:00,2026-02-28 09:00:00,1,34,0.8521921751643085,2,2026-02-26 16:00:00+00:00,boost_both_absolute_error,True,False
2026-02-26 18:00:00+00:00,2026-02-28 05:00:00+00:00,2026-02-28 10:00:00,1,35,0.8726080208732382,2,2026-02-26 17:00:00+00:00,boost_both_absolute_error,True,False
2026-02-26 18:00:00+00:00,2026-02-28 06:00:00+00:00,2026-02-28 11:00:00,1,36,0.6643233350092785,2,2026-02-26 18:00:00+00:00,boost_both_absolute_error,True,False
2026-02-26 18:00:00+00:00,2026-02-28 07:00:00+00:00,2026-02-28 12:00:00,1,37,0.8945516154338438,3,2026-02-25 19:00:00+00:00,boost_both_absolute_error,True,False
2026-02-26 18:00:00+00:00,2026-02-28 08:00:00+00:00,2026-02-28 13:00:00,1,38,0.9128893863853111,3,2026-02-25 20:00:00+00:00,boost_both_absolute_error,True,False
2026-02-26 18:00:00+00:00,2026-02-28 09:00:00+00:00,2026-02-28 14:00:00,1,39,0.9348209337988234,3,2026-02-25 21:00:00+00:00,boost_both_absolute_error,True,False
2026-02-26 18:00:00+00:00,2026-02-28 10:00:00+00:00,2026-02-28 15:00:00,1,40,0.9070339975995235,3,2026-02-25 22:00:00+00:00,boost_both_absolute_error,True,False
2026-02-26 18:00:00+00:00,2026-02-28 11:00:00+00:00,2026-02-28 16:00:00,1,41,0.9141133037818585,3,2026-02-25 23:00:00+00:00,boost_both_absolute_error,True,False
2026-02-26 18:00:00+00:00,2026-02-28 12:00:00+00:00,2026-02-28 17:00:00,1,42,0.732968871251061,3,2026-02-26 00:00:00+00:00,boost_both_absolute_error,True,False
2026-02-26 18:00:00+00:00,2026-02-28 13:00:00+00:00,2026-02-28 18:00:00,1,43,0.702761453048671,3,2026-02-26 01:00:00+00:00,boost_both_absolute_error,True,False
2026-02-26 18:00:00+00:00,2026-02-28 14:00:00+00:00,2026-02-28 19:00:00,1,44,0.6559958539686761,3,2026-02-26 02:00:00+00:00,boost_both_absolute_error,True,False
2026-02-26 18:00:00+00:00,2026-02-28 15:00:00+00:00,2026-02-28 20:00:00,1,45,0.3785428375521287,3,2026-02-26 03:00:00+00:00,boost_both_absolute_error,True,False
2026-02-26 18:00:00+00:00,2026-02-28 16:00:00+00:00,2026-02-28 21:00:00,1,46,0.2229894212081969,3,2026-02-26 04:00:00+00:00,boost_both_absolute_error,True,False
2026-02-26 18:00:00+00:00,2026-02-28 17:00:00+00:00,2026-02-28 22:00:00,1,47,0.13574079026809793,3,2026-02-26 05:00:00+00:00,boost_both_absolute_error,True,False
2026-02-26 18:00:00+00:00,2026-02-28 18:00:00+00:00,2026-02-28 23:00:00,1,48,0.3274280291026497,3,2026-02-26 06:00:00+00:00,boost_both_absolute_error,True,False
2026-02-26 18:00:00+00:00,2026-02-26 19:00:00+00:00,2026-02-27 00:00:00,2,1,0.762852113203206,1,2026-02-26 07:00:00+00:00,boost_both_absolute_error,True,False
2026-02-26 18:00:00+00:00,2026-02-26 20:00:00+00:00,2026-02-27 01:00:00,2,2,0.7315902955276407,1,2026-02-26 08:00:00+00:00,boost_both_absolute_error,True,False
2026-02-26 18:00:00+00:00,2026-02-26 21:00:00+00:00,2026-02-27 02:00:00,2,3,0.5591483761412571,1,2026-02-26 09:00:00+00:00,boost_both_absolute_error,True,False
2026-02-26 18:00:00+00:00,2026-02-26 22:00:00+00:00,2026-02-27 03:00:00,2,4,0.5675237474104337,1,2026-02-26 10:00:00+00:00,boost_both_absolute_error,True,False
2026-02-26 18:00:00+00:00,2026-02-26 23:00:00+00:00,2026-02-27 04:00:00,2,5,0.5918434838913001,1,2026-02-26 11:00:00+00:00,boost_both_absolute_error,True,False
2026-02-26 18:00:00+00:00,2026-02-27 00:00:00+00:00,2026-02-27 05:00:00,2,6,0.3825325225946563,1,2026-02-26 12:00:00+00:00,boost_both_absolute_error,True,False
2026-02-26 18:00:00+00:00,2026-02-27 01:00:00+00:00,2026-02-27 06:00:00,2,7,0.3068243068451191,1,2026-02-26 13:00:00+00:00,boost_both_absolute_error,True,False
2026-02-26 18:00:00+00:00,2026-02-27 02:00:00+00:00,2026-02-27 07:00:00,2,8,0.324679105789562,1,2026-02-26 14:00:00+00:00,boost_both_absolute_error,True,False
2026-02-26 18:00:00+00:00,2026-02-27 03:00:00+00:00,2026-02-27 08:00:00,2,9,0.3000503770268506,1,2026-02-26 15:00:00+00:00,boost_both_absolute_error,True,False
2026-02-26 18:00:00+00:00,2026-02-27 04:00:00+00:00,2026-02-27 09:00:00,2,10,0.21857610252798745,1,2026-02-26 16:00:00+00:00,boost_both_absolute_error,True,False
2026-02-26 18:00:00+00:00,2026-02-27 05:00:00+00:00,2026-02-27 10:00:00,2,11,0.2112571710153745,1,2026-02-26 17:00:00+00:00,boost_both_absolute_error,True,False
2026-02-26 18:00:00+00:00,2026-02-27 06:00:00+00:00,2026-02-27 11:00:00,2,12,0.20430514016641088,1,2026-02-26 18:00:00+00:00,boost_both_absolute_error,True,False
2026-02-26 18:00:00+00:00,2026-02-27 07:00:00+00:00,2026-02-27 12:00:00,2,13,0.24304369701738118,2,2026-02-25 19:00:00+00:00,boost_both_absolute_error,True,False
2026-02-26 18:00:00+00:00,2026-02-27 08:00:00+00:00,2026-02-27 13:00:00,2,14,0.4246400710290743,2,2026-02-25 20:00:00+00:00,boost_both_absolute_error,True,False
2026-02-26 18:00:00+00:00,2026-02-27 09:00:00+00:00,2026-02-27 14:00:00,2,15,0.7355732498528817,2,2026-02-25 21:00:00+00:00,boost_both_absolute_error,True,False
2026-02-26 18:00:00+00:00,2026-02-27 10:00:00+00:00,2026-02-27 15:00:00,2,16,0.8800920622195976,2,2026-02-25 22:00:00+00:00,boost_both_absolute_error,True,False
2026-02-26 18:00:00+00:00,2026-02-27 11:00:00+00:00,2026-02-27 16:00:00,2,17,0.888795772741469,2,2026-02-25 23:00:00+00:00,boost_both_absolute_error,True,False
2026-02-26 18:00:00+00:00,2026-02-27 12:00:00+00:00,2026-02-27 17:00:00,2,18,0.8812120962713524,2,2026-02-26 00:00:00+00:00,boost_both_absolute_error,True,False
2026-02-26 18:00:00+00:00,2026-02-27 13:00:00+00:00,2026-02-27 18:00:00,2,19,0.8861210840275506,2,2026-02-26 01:00:00+00:00,boost_both_absolute_error,True,False
2026-02-26 18:00:00+00:00,2026-02-27 14:00:00+00:00,2026-02-27 19:00:00,2,20,0.9033293226634777,2,2026-02-26 02:00:00+00:00,boost_both_absolute_error,True,False
2026-02-26 18:00:00+00:00,2026-02-27 15:00:00+00:00,2026-02-27 20:00:00,2,21,0.8759187684355325,2,2026-02-26 03:00:00+00:00,boost_both_absolute_error,True,False
2026-02-26 18:00:00+00:00,2026-02-27 16:00:00+00:00,2026-02-27 21:00:00,2,22,0.8408541354115259,2,2026-02-26 04:00:00+00:00,boost_both_absolute_error,True,False
2026-02-26 18:00:00+00:00,2026-02-27 17:00:00+00:00,2026-02-27 22:00:00,2,23,0.8446951981808863,2,2026-02-26 05:00:00+00:00,boost_both_absolute_error,True,False
2026-02-26 18:00:00+00:00,2026-02-27 18:00:00+00:00,2026-02-27 23:00:00,2,24,0.8479205951590808,2,2026-02-26 06:00:00+00:00,boost_both_absolute_error,True,False
2026-02-26 18:00:00+00:00,2026-02-27 19:00:00+00:00,2026-02-28 00:00:00,2,25,0.8572436220771986,2,2026-02-26 07:00:00+00:00,boost_both_absolute_error,True,False
2026-02-26 18:00:00+00:00,2026-02-27 20:00:00+00:00,2026-02-28 01:00:00,2,26,0.888443406710275,2,2026-02-26 08:00:00+00:00,boost_both_absolute_error,True,False
2026-02-26 18:00:00+00:00,2026-02-27 21:00:00+00:00,2026-02-28 02:00:00,2,27,0.896019898935927,2,2026-02-26 09:00:00+00:00,boost_both_absolute_error,True,False
2026-02-26 18:00:00+00:00,2026-02-27 22:00:00+00:00,2026-02-28 03:00:00,2,28,0.8751300789806284,2,2026-02-26 10:00:00+00:00,boost_both_absolute_error,True,False
2026-02-26 18:00:00+00:00,2026-02-27 23:00:00+00:00,2026-02-28 04:00:00,2,29,0.9014888290970157,2,2026-02-26 11:00:00+00:00,boost_both_absolute_error,True,False
2026-02-26 18:00:00+00:00,2026-02-28 00:00:00+00:00,2026-02-28 05:00:00,2,30,0.9456540038496065,2,2026-02-26 12:00:00+00:00,boost_both_absolute_error,True,False
2026-02-26 18:00:00+00:00,2026-02-28 01:00:00+00:00,2026-02-28 06:00:00,2,31,0.893943757284465,2,2026-02-26 13:00:00+00:00,boost_both_absolute_error,True,False
2026-02-26 18:00:00+00:00,2026-02-28 02:00:00+00:00,2026-02-28 07:00:00,2,32,0.8613211436928074,2,2026-02-26 14:00:00+00:00,boost_both_absolute_error,True,False
2026-02-26 18:00:00+00:00,2026-02-28 03:00:00+00:00,2026-02-28 08:00:00,2,33,0.8761285057896507,2,2026-02-26 15:00:00+00:00,boost_both_absolute_error,True,False
2026-02-26 18:00:00+00:00,2026-02-28 04:00:00+00:00,2026-02-28 09:00:00,2,34,0.8518741119125405,2,2026-02-26 16:00:00+00:00,boost_both_absolute_error,True,False
2026-02-26 18:00:00+00:00,2026-02-28 05:00:00+00:00,2026-02-28 10:00:00,2,35,0.8718688304928368,2,2026-02-26 17:00:00+00:00,boost_both_absolute_error,True,False
2026-02-26 18:00:00+00:00,2026-02-28 06:00:00+00:00,2026-02-28 11:00:00,2,36,0.6683630770417505,2,2026-02-26 18:00:00+00:00,boost_both_absolute_error,True,False
2026-02-26 18:00:00+00:00,2026-02-28 07:00:00+00:00,2026-02-28 12:00:00,2,37,0.8942335521820758,3,2026-02-25 19:00:00+00:00,boost_both_absolute_error,True,False
2026-02-26 18:00:00+00:00,2026-02-28 08:00:00+00:00,2026-02-28 13:00:00,2,38,0.9106240184783488,3,2026-02-25 20:00:00+00:00,boost_both_absolute_error,True,False
2026-02-26 18:00:00+00:00,2026-02-28 09:00:00+00:00,2026-02-28 14:00:00,2,39,0.9315789055776015,3,2026-02-25 21:00:00+00:00,boost_both_absolute_error,True,False
2026-02-26 18:00:00+00:00,2026-02-28 10:00:00+00:00,2026-02-28 15:00:00,2,40,0.9036211685180935,3,2026-02-25 22:00:00+00:00,boost_both_absolute_error,True,False
2026-02-26 18:00:00+00:00,2026-02-28 11:00:00+00:00,2026-02-28 16:00:00,2,41,0.9128102336172881,3,2026-02-25 23:00:00+00:00,boost_both_absolute_error,True,False
2026-02-26 18:00:00+00:00,2026-02-28 12:00:00+00:00,2026-02-28 17:00:00,2,42,0.7323508938814219,3,2026-02-26 00:00:00+00:00,boost_both_absolute_error,True,False
2026-02-26 18:00:00+00:00,2026-02-28 13:00:00+00:00,2026-02-28 18:00:00,2,43,0.7023692029668767,3,2026-02-26 01:00:00+00:00,boost_both_absolute_error,True,False
2026-02-26 18:00:00+00:00,2026-02-28 14:00:00+00:00,2026-02-28 19:00:00,2,44,0.6531141724845447,3,2026-02-26 02:00:00+00:00,boost_both_absolute_error,True,False
2026-02-26 18:00:00+00:00,2026-02-28 15:00:00+00:00,2026-02-28 20:00:00,2,45,0.37566115606799755,3,2026-02-26 03:00:00+00:00,boost_both_absolute_error,True,False
2026-02-26 18:00:00+00:00,2026-02-28 16:00:00+00:00,2026-02-28 21:00:00,2,46,0.22157665239124738,3,2026-02-26 04:00:00+00:00,boost_both_absolute_error,True,False
2026-02-26 18:00:00+00:00,2026-02-28 17:00:00+00:00,2026-02-28 22:00:00,2,47,0.13279924715205296,3,2026-02-26 05:00:00+00:00,boost_both_absolute_error,True,False
2026-02-26 18:00:00+00:00,2026-02-28 18:00:00+00:00,2026-02-28 23:00:00,2,48,0.3244864859866047,3,2026-02-26 06:00:00+00:00,boost_both_absolute_error,True,False
2026-02-27 18:00:00+00:00,2026-02-27 19:00:00+00:00,2026-02-28 00:00:00,1,1,0.7680595712084746,1,2026-02-27 07:00:00+00:00,boost_both_absolute_error,True,False
2026-02-27 18:00:00+00:00,2026-02-27 20:00:00+00:00,2026-02-28 01:00:00,1,2,0.8160709142672141,1,2026-02-27 08:00:00+00:00,boost_both_absolute_error,True,False
2026-02-27 18:00:00+00:00,2026-02-27 21:00:00+00:00,2026-02-28 02:00:00,1,3,0.8847195695326956,1,2026-02-27 09:00:00+00:00,boost_both_absolute_error,True,False
2026-02-27 18:00:00+00:00,2026-02-27 22:00:00+00:00,2026-02-28 03:00:00,1,4,0.8741745796987469,1,2026-02-27 10:00:00+00:00,boost_both_absolute_error,True,False
2026-02-27 18:00:00+00:00,2026-02-27 23:00:00+00:00,2026-02-28 04:00:00,1,5,0.8611948917659792,1,2026-02-27 11:00:00+00:00,boost_both_absolute_error,True,False
2026-02-27 18:00:00+00:00,2026-02-28 00:00:00+00:00,2026-02-28 05:00:00,1,6,0.927544434837488,1,2026-02-27 12:00:00+00:00,boost_both_absolute_error,True,False
2026-02-27 18:00:00+00:00,2026-02-28 01:00:00+00:00,2026-02-28 06:00:00,1,7,0.8649966723293321,1,2026-02-27 13:00:00+00:00,boost_both_absolute_error,True,False
2026-02-27 18:00:00+00:00,2026-02-28 02:00:00+00:00,2026-02-28 07:00:00,1,8,0.9280198024433606,1,2026-02-27 14:00:00+00:00,boost_both_absolute_error,True,False
2026-02-27 18:00:00+00:00,2026-02-28 03:00:00+00:00,2026-02-28 08:00:00,1,9,0.953583560371327,1,2026-02-27 15:00:00+00:00,boost_both_absolute_error,True,False
2026-02-27 18:00:00+00:00,2026-02-28 04:00:00+00:00,2026-02-28 09:00:00,1,10,0.9548038895228627,1,2026-02-27 16:00:00+00:00,boost_both_absolute_error,True,False
2026-02-27 18:00:00+00:00,2026-02-28 05:00:00+00:00,2026-02-28 10:00:00,1,11,0.9397063070379507,1,2026-02-27 17:00:00+00:00,boost_both_absolute_error,True,False
2026-02-27 18:00:00+00:00,2026-02-28 06:00:00+00:00,2026-02-28 11:00:00,1,12,0.9229463028113223,1,2026-02-27 18:00:00+00:00,boost_both_absolute_error,True,False
2026-02-27 18:00:00+00:00,2026-02-28 07:00:00+00:00,2026-02-28 12:00:00,1,13,0.7290716925275695,2,2026-02-26 19:00:00+00:00,boost_both_absolute_error,True,False
2026-02-27 18:00:00+00:00,2026-02-28 08:00:00+00:00,2026-02-28 13:00:00,1,14,0.7257421342751403,2,2026-02-26 20:00:00+00:00,boost_both_absolute_error,True,False
2026-02-27 18:00:00+00:00,2026-02-28 09:00:00+00:00,2026-02-28 14:00:00,1,15,0.8002450936366842,2,2026-02-26 21:00:00+00:00,boost_both_absolute_error,True,False
2026-02-27 18:00:00+00:00,2026-02-28 10:00:00+00:00,2026-02-28 15:00:00,1,16,0.7417418963370307,2,2026-02-26 22:00:00+00:00,boost_both_absolute_error,True,False
2026-02-27 18:00:00+00:00,2026-02-28 11:00:00+00:00,2026-02-28 16:00:00,1,17,0.8384654750409177,2,2026-02-26 23:00:00+00:00,boost_both_absolute_error,True,False
2026-02-27 18:00:00+00:00,2026-02-28 12:00:00+00:00,2026-02-28 17:00:00,1,18,0.8631551851167206,2,2026-02-27 00:00:00+00:00,boost_both_absolute_error,True,False
2026-02-27 18:00:00+00:00,2026-02-28 13:00:00+00:00,2026-02-28 18:00:00,1,19,0.8526981758335531,2,2026-02-27 01:00:00+00:00,boost_both_absolute_error,True,False
2026-02-27 18:00:00+00:00,2026-02-28 14:00:00+00:00,2026-02-28 19:00:00,1,20,0.7252901261980491,2,2026-02-27 02:00:00+00:00,boost_both_absolute_error,True,False
2026-02-27 18:00:00+00:00,2026-02-28 15:00:00+00:00,2026-02-28 20:00:00,1,21,0.6813570528032851,2,2026-02-27 03:00:00+00:00,boost_both_absolute_error,True,False
2026-02-27 18:00:00+00:00,2026-02-28 16:00:00+00:00,2026-02-28 21:00:00,1,22,0.6258258045379712,2,2026-02-27 04:00:00+00:00,boost_both_absolute_error,True,False
2026-02-27 18:00:00+00:00,2026-02-28 17:00:00+00:00,2026-02-28 22:00:00,1,23,0.4438464330283325,2,2026-02-27 05:00:00+00:00,boost_both_absolute_error,True,False
2026-02-27 18:00:00+00:00,2026-02-28 18:00:00+00:00,2026-02-28 23:00:00,1,24,0.32312549355682907,2,2026-02-27 06:00:00+00:00,boost_both_absolute_error,True,False
2026-02-27 18:00:00+00:00,2026-02-28 19:00:00+00:00,2026-03-01 00:00:00,1,25,0.11032048664466884,2,2026-02-27 07:00:00+00:00,boost_both_absolute_error,False,False
2026-02-27 18:00:00+00:00,2026-02-28 20:00:00+00:00,2026-03-01 01:00:00,1,26,0.08603132781291657,2,2026-02-27 08:00:00+00:00,boost_both_absolute_error,False,False
2026-02-27 18:00:00+00:00,2026-02-28 21:00:00+00:00,2026-03-01 02:00:00,1,27,0.05813767132188411,2,2026-02-27 09:00:00+00:00,boost_both_absolute_error,False,False
2026-02-27 18:00:00+00:00,2026-02-28 22:00:00+00:00,2026-03-01 03:00:00,1,28,0.06143533325211146,2,2026-02-27 10:00:00+00:00,boost_both_absolute_error,False,False
2026-02-27 18:00:00+00:00,2026-02-28 23:00:00+00:00,2026-03-01 04:00:00,1,29,0.049279977309948424,2,2026-02-27 11:00:00+00:00,boost_both_absolute_error,False,False
2026-02-27 18:00:00+00:00,2026-03-01 00:00:00+00:00,2026-03-01 05:00:00,1,30,0.05713317536782747,2,2026-02-27 12:00:00+00:00,boost_both_absolute_error,False,False
2026-02-27 18:00:00+00:00,2026-03-01 01:00:00+00:00,2026-03-01 06:00:00,1,31,0.027851969479506477,2,2026-02-27 13:00:00+00:00,boost_both_absolute_error,False,False
2026-02-27 18:00:00+00:00,2026-03-01 02:00:00+00:00,2026-03-01 07:00:00,1,32,0.009970577903960574,2,2026-02-27 14:00:00+00:00,boost_both_absolute_error,False,False
2026-02-27 18:00:00+00:00,2026-03-01 03:00:00+00:00,2026-03-01 08:00:00,1,33,0.013450898427524862,2,2026-02-27 15:00:00+00:00,boost_both_absolute_error,False,False
2026-02-27 18:00:00+00:00,2026-03-01 04:00:00+00:00,2026-03-01 09:00:00,1,34,0.02137954054809541,2,2026-02-27 16:00:00+00:00,boost_both_absolute_error,False,False
2026-02-27 18:00:00+00:00,2026-03-01 05:00:00+00:00,2026-03-01 10:00:00,1,35,0.023793274739616944,2,2026-02-27 17:00:00+00:00,boost_both_absolute_error,False,False
2026-02-27 18:00:00+00:00,2026-03-01 06:00:00+00:00,2026-03-01 11:00:00,1,36,0.02764185528306692,2,2026-02-27 18:00:00+00:00,boost_both_absolute_error,False,False
2026-02-27 18:00:00+00:00,2026-03-01 07:00:00+00:00,2026-03-01 12:00:00,1,37,0.21853629853552267,3,2026-02-26 19:00:00+00:00,boost_both_absolute_error,False,False
2026-02-27 18:00:00+00:00,2026-03-01 08:00:00+00:00,2026-03-01 13:00:00,1,38,0.1924985411309831,3,2026-02-26 20:00:00+00:00,boost_both_absolute_error,False,False
2026-02-27 18:00:00+00:00,2026-03-01 09:00:00+00:00,2026-03-01 14:00:00,1,39,0.12200908848536189,3,2026-02-26 21:00:00+00:00,boost_both_absolute_error,False,False
2026-02-27 18:00:00+00:00,2026-03-01 10:00:00+00:00,2026-03-01 15:00:00,1,40,0.06134376771804264,3,2026-02-26 22:00:00+00:00,boost_both_absolute_error,False,False
2026-02-27 18:00:00+00:00,2026-03-01 11:00:00+00:00,2026-03-01 16:00:00,1,41,0.037323135123145765,3,2026-02-26 23:00:00+00:00,boost_both_absolute_error,False,False
2026-02-27 18:00:00+00:00,2026-03-01 12:00:00+00:00,2026-03-01 17:00:00,1,42,0.09345244123449066,3,2026-02-27 00:00:00+00:00,boost_both_absolute_error,False,False
2026-02-27 18:00:00+00:00,2026-03-01 13:00:00+00:00,2026-03-01 18:00:00,1,43,0.09562659131412077,3,2026-02-27 01:00:00+00:00,boost_both_absolute_error,False,False
2026-02-27 18:00:00+00:00,2026-03-01 14:00:00+00:00,2026-03-01 19:00:00,1,44,0.0843794280360718,3,2026-02-27 02:00:00+00:00,boost_both_absolute_error,False,False
2026-02-27 18:00:00+00:00,2026-03-01 15:00:00+00:00,2026-03-01 20:00:00,1,45,0.02564190946194218,3,2026-02-27 03:00:00+00:00,boost_both_absolute_error,False,False
2026-02-27 18:00:00+00:00,2026-03-01 16:00:00+00:00,2026-03-01 21:00:00,1,46,0.018983301285540866,3,2026-02-27 04:00:00+00:00,boost_both_absolute_error,False,False
2026-02-27 18:00:00+00:00,2026-03-01 17:00:00+00:00,2026-03-01 22:00:00,1,47,0.016982774514085346,3,2026-02-27 05:00:00+00:00,boost_both_absolute_error,False,False
2026-02-27 18:00:00+00:00,2026-03-01 18:00:00+00:00,2026-03-01 23:00:00,1,48,0.020014859061051323,3,2026-02-27 06:00:00+00:00,boost_both_absolute_error,False,False
2026-02-27 18:00:00+00:00,2026-02-27 19:00:00+00:00,2026-02-28 00:00:00,2,1,0.7649148797965909,1,2026-02-27 07:00:00+00:00,boost_both_absolute_error,True,False
2026-02-27 18:00:00+00:00,2026-02-27 20:00:00+00:00,2026-02-28 01:00:00,2,2,0.8118295736601993,1,2026-02-27 08:00:00+00:00,boost_both_absolute_error,True,False
2026-02-27 18:00:00+00:00,2026-02-27 21:00:00+00:00,2026-02-28 02:00:00,2,3,0.8804782289256807,1,2026-02-27 09:00:00+00:00,boost_both_absolute_error,True,False
2026-02-27 18:00:00+00:00,2026-02-27 22:00:00+00:00,2026-02-28 03:00:00,2,4,0.869933239091732,1,2026-02-27 10:00:00+00:00,boost_both_absolute_error,True,False
2026-02-27 18:00:00+00:00,2026-02-27 23:00:00+00:00,2026-02-28 04:00:00,2,5,0.8581759649942325,1,2026-02-27 11:00:00+00:00,boost_both_absolute_error,True,False
2026-02-27 18:00:00+00:00,2026-02-28 00:00:00+00:00,2026-02-28 05:00:00,2,6,0.9244357064826773,1,2026-02-27 12:00:00+00:00,boost_both_absolute_error,True,False
2026-02-27 18:00:00+00:00,2026-02-28 01:00:00+00:00,2026-02-28 06:00:00,2,7,0.8642139075368191,1,2026-02-27 13:00:00+00:00,boost_both_absolute_error,True,False
2026-02-27 18:00:00+00:00,2026-02-28 02:00:00+00:00,2026-02-28 07:00:00,2,8,0.9241039606797058,1,2026-02-27 14:00:00+00:00,boost_both_absolute_error,True,False
2026-02-27 18:00:00+00:00,2026-02-28 03:00:00+00:00,2026-02-28 08:00:00,2,9,0.9495858676111173,1,2026-02-27 15:00:00+00:00,boost_both_absolute_error,True,False
2026-02-27 18:00:00+00:00,2026-02-28 04:00:00+00:00,2026-02-28 09:00:00,2,10,0.946016689884198,1,2026-02-27 16:00:00+00:00,boost_both_absolute_error,True,False
2026-02-27 18:00:00+00:00,2026-02-28 05:00:00+00:00,2026-02-28 10:00:00,2,11,0.9367850916723856,1,2026-02-27 17:00:00+00:00,boost_both_absolute_error,True,False
2026-02-27 18:00:00+00:00,2026-02-28 06:00:00+00:00,2026-02-28 11:00:00,2,12,0.9211659467324291,1,2026-02-27 18:00:00+00:00,boost_both_absolute_error,True,False
2026-02-27 18:00:00+00:00,2026-02-28 07:00:00+00:00,2026-02-28 12:00:00,2,13,0.7287326644442833,2,2026-02-26 19:00:00+00:00,boost_both_absolute_error,True,False
2026-02-27 18:00:00+00:00,2026-02-28 08:00:00+00:00,2026-02-28 13:00:00,2,14,0.727437921579682,2,2026-02-26 20:00:00+00:00,boost_both_absolute_error,True,False
2026-02-27 18:00:00+00:00,2026-02-28 09:00:00+00:00,2026-02-28 14:00:00,2,15,0.7971363652818734,2,2026-02-26 21:00:00+00:00,boost_both_absolute_error,True,False
2026-02-27 18:00:00+00:00,2026-02-28 10:00:00+00:00,2026-02-28 15:00:00,2,16,0.7422776409790017,2,2026-02-26 22:00:00+00:00,boost_both_absolute_error,True,False
2026-02-27 18:00:00+00:00,2026-02-28 11:00:00+00:00,2026-02-28 16:00:00,2,17,0.8380133633272097,2,2026-02-26 23:00:00+00:00,boost_both_absolute_error,True,False
2026-02-27 18:00:00+00:00,2026-02-28 12:00:00+00:00,2026-02-28 17:00:00,2,18,0.8625372077470815,2,2026-02-27 00:00:00+00:00,boost_both_absolute_error,True,False
2026-02-27 18:00:00+00:00,2026-02-28 13:00:00+00:00,2026-02-28 18:00:00,2,19,0.852080198463914,2,2026-02-27 01:00:00+00:00,boost_both_absolute_error,True,False
2026-02-27 18:00:00+00:00,2026-02-28 14:00:00+00:00,2026-02-28 19:00:00,2,20,0.722182717426073,2,2026-02-27 02:00:00+00:00,boost_both_absolute_error,True,False
2026-02-27 18:00:00+00:00,2026-02-28 15:00:00+00:00,2026-02-28 20:00:00,2,21,0.6782496440313089,2,2026-02-27 03:00:00+00:00,boost_both_absolute_error,True,False
2026-02-27 18:00:00+00:00,2026-02-28 16:00:00+00:00,2026-02-28 21:00:00,2,22,0.6220978645664564,2,2026-02-27 04:00:00+00:00,boost_both_absolute_error,True,False
2026-02-27 18:00:00+00:00,2026-02-28 17:00:00+00:00,2026-02-28 22:00:00,2,23,0.44011849305681816,2,2026-02-27 05:00:00+00:00,boost_both_absolute_error,True,False
2026-02-27 18:00:00+00:00,2026-02-28 18:00:00+00:00,2026-02-28 23:00:00,2,24,0.32018395044078407,2,2026-02-27 06:00:00+00:00,boost_both_absolute_error,True,False
2026-02-27 18:00:00+00:00,2026-02-28 19:00:00+00:00,2026-03-01 00:00:00,2,25,0.10675841232908537,2,2026-02-27 07:00:00+00:00,boost_both_absolute_error,False,False
2026-02-27 18:00:00+00:00,2026-02-28 20:00:00+00:00,2026-03-01 01:00:00,2,26,0.08350254432127895,2,2026-02-27 08:00:00+00:00,boost_both_absolute_error,False,False
2026-02-27 18:00:00+00:00,2026-02-28 21:00:00+00:00,2026-03-01 02:00:00,2,27,0.055608887830246506,2,2026-02-27 09:00:00+00:00,boost_both_absolute_error,False,False
2026-02-27 18:00:00+00:00,2026-02-28 22:00:00+00:00,2026-03-01 03:00:00,2,28,0.05890654976047385,2,2026-02-27 10:00:00+00:00,boost_both_absolute_error,False,False
2026-02-27 18:00:00+00:00,2026-02-28 23:00:00+00:00,2026-03-01 04:00:00,2,29,0.04675119381831082,2,2026-02-27 11:00:00+00:00,boost_both_absolute_error,False,False
2026-02-27 18:00:00+00:00,2026-03-01 00:00:00+00:00,2026-03-01 05:00:00,2,30,0.05570554378732762,2,2026-02-27 12:00:00+00:00,boost_both_absolute_error,False,False
2026-02-27 18:00:00+00:00,2026-03-01 01:00:00+00:00,2026-03-01 06:00:00,2,31,0.02659020355493762,2,2026-02-27 13:00:00+00:00,boost_both_absolute_error,False,False
2026-02-27 18:00:00+00:00,2026-03-01 02:00:00+00:00,2026-03-01 07:00:00,2,32,0.008708811979391724,2,2026-02-27 14:00:00+00:00,boost_both_absolute_error,False,False
2026-02-27 18:00:00+00:00,2026-03-01 03:00:00+00:00,2026-03-01 08:00:00,2,33,0.013161679719563675,2,2026-02-27 15:00:00+00:00,boost_both_absolute_error,False,False
2026-02-27 18:00:00+00:00,2026-03-01 04:00:00+00:00,2026-03-01 09:00:00,2,34,0.024155907183333023,2,2026-02-27 16:00:00+00:00,boost_both_absolute_error,False,False
2026-02-27 18:00:00+00:00,2026-03-01 05:00:00+00:00,2026-03-01 10:00:00,2,35,0.02662950300676833,2,2026-02-27 17:00:00+00:00,boost_both_absolute_error,False,False
2026-02-27 18:00:00+00:00,2026-03-01 06:00:00+00:00,2026-03-01 11:00:00,2,36,0.03041822191830453,2,2026-02-27 18:00:00+00:00,boost_both_absolute_error,False,False
2026-02-27 18:00:00+00:00,2026-03-01 07:00:00+00:00,2026-03-01 12:00:00,2,37,0.22267639825554764,3,2026-02-26 19:00:00+00:00,boost_both_absolute_error,False,False
2026-02-27 18:00:00+00:00,2026-03-01 08:00:00+00:00,2026-03-01 13:00:00,2,38,0.19663864085100807,3,2026-02-26 20:00:00+00:00,boost_both_absolute_error,False,False
2026-02-27 18:00:00+00:00,2026-03-01 09:00:00+00:00,2026-03-01 14:00:00,2,39,0.12258460952612688,3,2026-02-26 21:00:00+00:00,boost_both_absolute_error,False,False
2026-02-27 18:00:00+00:00,2026-03-01 10:00:00+00:00,2026-03-01 15:00:00,2,40,0.060780875886269,3,2026-02-26 22:00:00+00:00,boost_both_absolute_error,False,False
2026-02-27 18:00:00+00:00,2026-03-01 11:00:00+00:00,2026-03-01 16:00:00,2,41,0.036571120280049836,3,2026-02-26 23:00:00+00:00,boost_both_absolute_error,False,False
2026-02-27 18:00:00+00:00,2026-03-01 12:00:00+00:00,2026-03-01 17:00:00,2,42,0.09237979832124409,3,2026-02-27 00:00:00+00:00,boost_both_absolute_error,False,False
2026-02-27 18:00:00+00:00,2026-03-01 13:00:00+00:00,2026-03-01 18:00:00,2,43,0.0945539484008742,3,2026-02-27 01:00:00+00:00,boost_both_absolute_error,False,False
2026-02-27 18:00:00+00:00,2026-03-01 14:00:00+00:00,2026-03-01 19:00:00,2,44,0.08169559850010727,3,2026-02-27 02:00:00+00:00,boost_both_absolute_error,False,False
2026-02-27 18:00:00+00:00,2026-03-01 15:00:00+00:00,2026-03-01 20:00:00,2,45,0.023780645123531136,3,2026-02-27 03:00:00+00:00,boost_both_absolute_error,False,False
2026-02-27 18:00:00+00:00,2026-03-01 16:00:00+00:00,2026-03-01 21:00:00,2,46,0.017829900093600647,3,2026-02-27 04:00:00+00:00,boost_both_absolute_error,False,False
2026-02-27 18:00:00+00:00,2026-03-01 17:00:00+00:00,2026-03-01 22:00:00,2,47,0.015631261257147207,3,2026-02-27 05:00:00+00:00,boost_both_absolute_error,False,False
2026-02-27 18:00:00+00:00,2026-03-01 18:00:00+00:00,2026-03-01 23:00:00,2,48,0.019044538228038286,3,2026-02-27 06:00:00+00:00,boost_both_absolute_error,False,False
2026-02-28 18:00:00+00:00,2026-02-28 19:00:00+00:00,2026-03-01 00:00:00,1,1,0.4908790421752054,1,2026-02-28 07:00:00+00:00,boost_both_absolute_error,False,False
2026-02-28 18:00:00+00:00,2026-02-28 20:00:00+00:00,2026-03-01 01:00:00,1,2,0.39452144146613644,1,2026-02-28 08:00:00+00:00,boost_both_absolute_error,False,False
2026-02-28 18:00:00+00:00,2026-02-28 21:00:00+00:00,2026-03-01 02:00:00,1,3,0.3884526277648891,1,2026-02-28 09:00:00+00:00,boost_both_absolute_error,False,False
2026-02-28 18:00:00+00:00,2026-02-28 22:00:00+00:00,2026-03-01 03:00:00,1,4,0.37781220479849775,1,2026-02-28 10:00:00+00:00,boost_both_absolute_error,False,False
2026-02-28 18:00:00+00:00,2026-02-28 23:00:00+00:00,2026-03-01 04:00:00,1,5,0.362495760531124,1,2026-02-28 11:00:00+00:00,boost_both_absolute_error,False,False
2026-02-28 18:00:00+00:00,2026-03-01 00:00:00+00:00,2026-03-01 05:00:00,1,6,0.044553910679633144,1,2026-02-28 12:00:00+00:00,boost_both_absolute_error,False,False
2026-02-28 18:00:00+00:00,2026-03-01 01:00:00+00:00,2026-03-01 06:00:00,1,7,0.0343993612349196,1,2026-02-28 13:00:00+00:00,boost_both_absolute_error,False,False
2026-02-28 18:00:00+00:00,2026-03-01 02:00:00+00:00,2026-03-01 07:00:00,1,8,0.023219520944694996,1,2026-02-28 14:00:00+00:00,boost_both_absolute_error,False,False
2026-02-28 18:00:00+00:00,2026-03-01 03:00:00+00:00,2026-03-01 08:00:00,1,9,0.019177677901814124,1,2026-02-28 15:00:00+00:00,boost_both_absolute_error,False,False
2026-02-28 18:00:00+00:00,2026-03-01 04:00:00+00:00,2026-03-01 09:00:00,1,10,0.0048146180475232316,1,2026-02-28 16:00:00+00:00,boost_both_absolute_error,False,False
2026-02-28 18:00:00+00:00,2026-03-01 05:00:00+00:00,2026-03-01 10:00:00,1,11,0.008507751427761397,1,2026-02-28 17:00:00+00:00,boost_both_absolute_error,False,False
2026-02-28 18:00:00+00:00,2026-03-01 06:00:00+00:00,2026-03-01 11:00:00,1,12,0.0109265158170707,1,2026-02-28 18:00:00+00:00,boost_both_absolute_error,False,False
2026-02-28 18:00:00+00:00,2026-03-01 07:00:00+00:00,2026-03-01 12:00:00,1,13,0.029387885987107915,2,2026-02-27 19:00:00+00:00,boost_both_absolute_error,False,False
2026-02-28 18:00:00+00:00,2026-03-01 08:00:00+00:00,2026-03-01 13:00:00,1,14,0.04157794230485457,2,2026-02-27 20:00:00+00:00,boost_both_absolute_error,False,False
2026-02-28 18:00:00+00:00,2026-03-01 09:00:00+00:00,2026-03-01 14:00:00,1,15,0.05565297312190845,2,2026-02-27 21:00:00+00:00,boost_both_absolute_error,False,False
2026-02-28 18:00:00+00:00,2026-03-01 10:00:00+00:00,2026-03-01 15:00:00,1,16,0.04080086277246722,2,2026-02-27 22:00:00+00:00,boost_both_absolute_error,False,False
2026-02-28 18:00:00+00:00,2026-03-01 11:00:00+00:00,2026-03-01 16:00:00,1,17,0.045269357653384544,2,2026-02-27 23:00:00+00:00,boost_both_absolute_error,False,False
2026-02-28 18:00:00+00:00,2026-03-01 12:00:00+00:00,2026-03-01 17:00:00,1,18,0.09230541912331687,2,2026-02-28 00:00:00+00:00,boost_both_absolute_error,False,False
2026-02-28 18:00:00+00:00,2026-03-01 13:00:00+00:00,2026-03-01 18:00:00,1,19,0.027538318335633225,2,2026-02-28 01:00:00+00:00,boost_both_absolute_error,False,False
2026-02-28 18:00:00+00:00,2026-03-01 14:00:00+00:00,2026-03-01 19:00:00,1,20,0.023366241981475046,2,2026-02-28 02:00:00+00:00,boost_both_absolute_error,False,False
2026-02-28 18:00:00+00:00,2026-03-01 15:00:00+00:00,2026-03-01 20:00:00,1,21,0.02547429917960305,2,2026-02-28 03:00:00+00:00,boost_both_absolute_error,False,False
2026-02-28 18:00:00+00:00,2026-03-01 16:00:00+00:00,2026-03-01 21:00:00,1,22,0.13223608381174531,2,2026-02-28 04:00:00+00:00,boost_both_absolute_error,False,False
2026-02-28 18:00:00+00:00,2026-03-01 17:00:00+00:00,2026-03-01 22:00:00,1,23,0.324018611571931,2,2026-02-28 05:00:00+00:00,boost_both_absolute_error,False,False
2026-02-28 18:00:00+00:00,2026-03-01 18:00:00+00:00,2026-03-01 23:00:00,1,24,0.9015252440904148,2,2026-02-28 06:00:00+00:00,boost_both_absolute_error,False,False
2026-02-28 18:00:00+00:00,2026-03-01 19:00:00+00:00,2026-03-02 00:00:00,1,25,0.9795204339997042,2,2026-02-28 07:00:00+00:00,boost_both_absolute_error,False,False
2026-02-28 18:00:00+00:00,2026-03-01 20:00:00+00:00,2026-03-02 01:00:00,1,26,0.9841280045182899,2,2026-02-28 08:00:00+00:00,boost_both_absolute_error,False,False
2026-02-28 18:00:00+00:00,2026-03-01 21:00:00+00:00,2026-03-02 02:00:00,1,27,0.9775352315495074,2,2026-02-28 09:00:00+00:00,boost_both_absolute_error,False,False
2026-02-28 18:00:00+00:00,2026-03-01 22:00:00+00:00,2026-03-02 03:00:00,1,28,0.9586478620653986,2,2026-02-28 10:00:00+00:00,boost_both_absolute_error,False,False
2026-02-28 18:00:00+00:00,2026-03-01 23:00:00+00:00,2026-03-02 04:00:00,1,29,0.9741831045920152,2,2026-02-28 11:00:00+00:00,boost_both_absolute_error,False,False
2026-02-28 18:00:00+00:00,2026-03-02 00:00:00+00:00,2026-03-02 05:00:00,1,30,0.9864904026872718,2,2026-02-28 12:00:00+00:00,boost_both_absolute_error,False,False
2026-02-28 18:00:00+00:00,2026-03-02 01:00:00+00:00,2026-03-02 06:00:00,1,31,0.9441550801341996,2,2026-02-28 13:00:00+00:00,boost_both_absolute_error,False,False
2026-02-28 18:00:00+00:00,2026-03-02 02:00:00+00:00,2026-03-02 07:00:00,1,32,0.9132928748230523,2,2026-02-28 14:00:00+00:00,boost_both_absolute_error,False,False
2026-02-28 18:00:00+00:00,2026-03-02 03:00:00+00:00,2026-03-02 08:00:00,1,33,0.8990726187457571,2,2026-02-28 15:00:00+00:00,boost_both_absolute_error,False,False
2026-02-28 18:00:00+00:00,2026-03-02 04:00:00+00:00,2026-03-02 09:00:00,1,34,0.9037180237786082,2,2026-02-28 16:00:00+00:00,boost_both_absolute_error,False,False
2026-02-28 18:00:00+00:00,2026-03-02 05:00:00+00:00,2026-03-02 10:00:00,1,35,0.9170507394920887,2,2026-02-28 17:00:00+00:00,boost_both_absolute_error,False,False
2026-02-28 18:00:00+00:00,2026-03-02 06:00:00+00:00,2026-03-02 11:00:00,1,36,0.8696572230596119,2,2026-02-28 18:00:00+00:00,boost_both_absolute_error,False,False
2026-02-28 18:00:00+00:00,2026-03-02 07:00:00+00:00,2026-03-02 12:00:00,1,37,0.43205567953884244,3,2026-02-27 19:00:00+00:00,boost_both_absolute_error,False,False
2026-02-28 18:00:00+00:00,2026-03-02 08:00:00+00:00,2026-03-02 13:00:00,1,38,0.5821458042235819,3,2026-02-27 20:00:00+00:00,boost_both_absolute_error,False,False
2026-02-28 18:00:00+00:00,2026-03-02 09:00:00+00:00,2026-03-02 14:00:00,1,39,0.7660098126885619,3,2026-02-27 21:00:00+00:00,boost_both_absolute_error,False,False
2026-02-28 18:00:00+00:00,2026-03-02 10:00:00+00:00,2026-03-02 15:00:00,1,40,0.6923927133489802,3,2026-02-27 22:00:00+00:00,boost_both_absolute_error,False,False
2026-02-28 18:00:00+00:00,2026-03-02 11:00:00+00:00,2026-03-02 16:00:00,1,41,0.6305218027514098,3,2026-02-27 23:00:00+00:00,boost_both_absolute_error,False,False
2026-02-28 18:00:00+00:00,2026-03-02 12:00:00+00:00,2026-03-02 17:00:00,1,42,0.34063604794759905,3,2026-02-28 00:00:00+00:00,boost_both_absolute_error,False,False
2026-02-28 18:00:00+00:00,2026-03-02 13:00:00+00:00,2026-03-02 18:00:00,1,43,0.2838725395411805,3,2026-02-28 01:00:00+00:00,boost_both_absolute_error,False,False
2026-02-28 18:00:00+00:00,2026-03-02 14:00:00+00:00,2026-03-02 19:00:00,1,44,0.2915465371705934,3,2026-02-28 02:00:00+00:00,boost_both_absolute_error,False,False
2026-02-28 18:00:00+00:00,2026-03-02 15:00:00+00:00,2026-03-02 20:00:00,1,45,0.20016672965694493,3,2026-02-28 03:00:00+00:00,boost_both_absolute_error,False,False
2026-02-28 18:00:00+00:00,2026-03-02 16:00:00+00:00,2026-03-02 21:00:00,1,46,0.13257174690461537,3,2026-02-28 04:00:00+00:00,boost_both_absolute_error,False,False
2026-02-28 18:00:00+00:00,2026-03-02 17:00:00+00:00,2026-03-02 22:00:00,1,47,0.02795338257905818,3,2026-02-28 05:00:00+00:00,boost_both_absolute_error,False,False
2026-02-28 18:00:00+00:00,2026-03-02 18:00:00+00:00,2026-03-02 23:00:00,1,48,0.0401770850622033,3,2026-02-28 06:00:00+00:00,boost_both_absolute_error,False,False
2026-02-28 18:00:00+00:00,2026-02-28 19:00:00+00:00,2026-03-01 00:00:00,2,1,0.4877716334032295,1,2026-02-28 07:00:00+00:00,boost_both_absolute_error,False,False
2026-02-28 18:00:00+00:00,2026-02-28 20:00:00+00:00,2026-03-01 01:00:00,2,2,0.39157989835009144,1,2026-02-28 08:00:00+00:00,boost_both_absolute_error,False,False
2026-02-28 18:00:00+00:00,2026-02-28 21:00:00+00:00,2026-03-01 02:00:00,2,3,0.3855110846488441,1,2026-02-28 09:00:00+00:00,boost_both_absolute_error,False,False
2026-02-28 18:00:00+00:00,2026-02-28 22:00:00+00:00,2026-03-01 03:00:00,2,4,0.37487066168245275,1,2026-02-28 10:00:00+00:00,boost_both_absolute_error,False,False
2026-02-28 18:00:00+00:00,2026-02-28 23:00:00+00:00,2026-03-01 04:00:00,2,5,0.3607766312503471,1,2026-02-28 11:00:00+00:00,boost_both_absolute_error,False,False
2026-02-28 18:00:00+00:00,2026-03-01 00:00:00+00:00,2026-03-01 05:00:00,2,6,0.0432921447550643,1,2026-02-28 12:00:00+00:00,boost_both_absolute_error,False,False
2026-02-28 18:00:00+00:00,2026-03-01 01:00:00+00:00,2026-03-01 06:00:00,2,7,0.03313759531035076,1,2026-02-28 13:00:00+00:00,boost_both_absolute_error,False,False
2026-02-28 18:00:00+00:00,2026-03-01 02:00:00+00:00,2026-03-01 07:00:00,2,8,0.02195775502012614,1,2026-02-28 14:00:00+00:00,boost_both_absolute_error,False,False
2026-02-28 18:00:00+00:00,2026-03-01 03:00:00+00:00,2026-03-01 08:00:00,2,9,0.01884359922339159,1,2026-02-28 15:00:00+00:00,boost_both_absolute_error,False,False
2026-02-28 18:00:00+00:00,2026-03-01 04:00:00+00:00,2026-03-01 09:00:00,2,10,0.005839284152900904,1,2026-02-28 16:00:00+00:00,boost_both_absolute_error,False,False
2026-02-28 18:00:00+00:00,2026-03-01 05:00:00+00:00,2026-03-01 10:00:00,2,11,0.007916384284589077,1,2026-02-28 17:00:00+00:00,boost_both_absolute_error,False,False
2026-02-28 18:00:00+00:00,2026-03-01 06:00:00+00:00,2026-03-01 11:00:00,2,12,0.010169283017967382,1,2026-02-28 18:00:00+00:00,boost_both_absolute_error,False,False
2026-02-28 18:00:00+00:00,2026-03-01 07:00:00+00:00,2026-03-01 12:00:00,2,13,0.032164252622345534,2,2026-02-27 19:00:00+00:00,boost_both_absolute_error,False,False
2026-02-28 18:00:00+00:00,2026-03-01 08:00:00+00:00,2026-03-01 13:00:00,2,14,0.044354308940092194,2,2026-02-27 20:00:00+00:00,boost_both_absolute_error,False,False
2026-02-28 18:00:00+00:00,2026-03-01 09:00:00+00:00,2026-03-01 14:00:00,2,15,0.05552962006987828,2,2026-02-27 21:00:00+00:00,boost_both_absolute_error,False,False
2026-02-28 18:00:00+00:00,2026-03-01 10:00:00+00:00,2026-03-01 15:00:00,2,16,0.03953909684789838,2,2026-02-27 22:00:00+00:00,boost_both_absolute_error,False,False
2026-02-28 18:00:00+00:00,2026-03-01 11:00:00+00:00,2026-03-01 16:00:00,2,17,0.0440075917288157,2,2026-02-27 23:00:00+00:00,boost_both_absolute_error,False,False
2026-02-28 18:00:00+00:00,2026-03-01 12:00:00+00:00,2026-03-01 17:00:00,2,18,0.09084400342262045,2,2026-02-28 00:00:00+00:00,boost_both_absolute_error,False,False
2026-02-28 18:00:00+00:00,2026-03-01 13:00:00+00:00,2026-03-01 18:00:00,2,19,0.02567705399722219,2,2026-02-28 01:00:00+00:00,boost_both_absolute_error,False,False
2026-02-28 18:00:00+00:00,2026-03-01 14:00:00+00:00,2026-03-01 19:00:00,2,20,0.021504977643064003,2,2026-02-28 02:00:00+00:00,boost_both_absolute_error,False,False
2026-02-28 18:00:00+00:00,2026-03-01 15:00:00+00:00,2026-03-01 20:00:00,2,21,0.023244541143045982,2,2026-02-28 03:00:00+00:00,boost_both_absolute_error,False,False
2026-02-28 18:00:00+00:00,2026-03-01 16:00:00+00:00,2026-03-01 21:00:00,2,22,0.13129886296115367,2,2026-02-28 04:00:00+00:00,boost_both_absolute_error,False,False
2026-02-28 18:00:00+00:00,2026-03-01 17:00:00+00:00,2026-03-01 22:00:00,2,23,0.32308139072133935,2,2026-02-28 05:00:00+00:00,boost_both_absolute_error,False,False
2026-02-28 18:00:00+00:00,2026-03-01 18:00:00+00:00,2026-03-01 23:00:00,2,24,0.9002477626729859,2,2026-02-28 06:00:00+00:00,boost_both_absolute_error,False,False
2026-02-28 18:00:00+00:00,2026-03-01 19:00:00+00:00,2026-03-02 00:00:00,2,25,0.9749650256936939,2,2026-02-28 07:00:00+00:00,boost_both_absolute_error,False,False
2026-02-28 18:00:00+00:00,2026-03-01 20:00:00+00:00,2026-03-02 01:00:00,2,26,0.9792379249047436,2,2026-02-28 08:00:00+00:00,boost_both_absolute_error,False,False
2026-02-28 18:00:00+00:00,2026-03-01 21:00:00+00:00,2026-03-02 02:00:00,2,27,0.9726748651372059,2,2026-02-28 09:00:00+00:00,boost_both_absolute_error,False,False
2026-02-28 18:00:00+00:00,2026-03-01 22:00:00+00:00,2026-03-02 03:00:00,2,28,0.9537074346033844,2,2026-02-28 10:00:00+00:00,boost_both_absolute_error,False,False
2026-02-28 18:00:00+00:00,2026-03-01 23:00:00+00:00,2026-03-02 04:00:00,2,29,0.9693227381797138,2,2026-02-28 11:00:00+00:00,boost_both_absolute_error,False,False
2026-02-28 18:00:00+00:00,2026-03-02 00:00:00+00:00,2026-03-02 05:00:00,2,30,0.9819856724140247,2,2026-02-28 12:00:00+00:00,boost_both_absolute_error,False,False
2026-02-28 18:00:00+00:00,2026-03-02 01:00:00+00:00,2026-03-02 06:00:00,2,31,0.9396206366597075,2,2026-02-28 13:00:00+00:00,boost_both_absolute_error,False,False
2026-02-28 18:00:00+00:00,2026-03-02 02:00:00+00:00,2026-03-02 07:00:00,2,32,0.9108445492875532,2,2026-02-28 14:00:00+00:00,boost_both_absolute_error,False,False
2026-02-28 18:00:00+00:00,2026-03-02 03:00:00+00:00,2026-03-02 08:00:00,2,33,0.9007600181391412,2,2026-02-28 15:00:00+00:00,boost_both_absolute_error,False,False
2026-02-28 18:00:00+00:00,2026-03-02 04:00:00+00:00,2026-03-02 09:00:00,2,34,0.9009161049939574,2,2026-02-28 16:00:00+00:00,boost_both_absolute_error,False,False
2026-02-28 18:00:00+00:00,2026-03-02 05:00:00+00:00,2026-03-02 10:00:00,2,35,0.9204810061912013,2,2026-02-28 17:00:00+00:00,boost_both_absolute_error,False,False
2026-02-28 18:00:00+00:00,2026-03-02 06:00:00+00:00,2026-03-02 11:00:00,2,36,0.8812787323367582,2,2026-02-28 18:00:00+00:00,boost_both_absolute_error,False,False
2026-02-28 18:00:00+00:00,2026-03-02 07:00:00+00:00,2026-03-02 12:00:00,2,37,0.4437153653197932,3,2026-02-27 19:00:00+00:00,boost_both_absolute_error,False,False
2026-02-28 18:00:00+00:00,2026-03-02 08:00:00+00:00,2026-03-02 13:00:00,2,38,0.5938054900045325,3,2026-02-27 20:00:00+00:00,boost_both_absolute_error,False,False
2026-02-28 18:00:00+00:00,2026-03-02 09:00:00+00:00,2026-03-02 14:00:00,2,39,0.7674564378194003,3,2026-02-27 21:00:00+00:00,boost_both_absolute_error,False,False
2026-02-28 18:00:00+00:00,2026-03-02 10:00:00+00:00,2026-03-02 15:00:00,2,40,0.6922472044209064,3,2026-02-27 22:00:00+00:00,boost_both_absolute_error,False,False
2026-02-28 18:00:00+00:00,2026-03-02 11:00:00+00:00,2026-03-02 16:00:00,2,41,0.630376293823336,3,2026-02-27 23:00:00+00:00,boost_both_absolute_error,False,False
2026-02-28 18:00:00+00:00,2026-03-02 12:00:00+00:00,2026-03-02 17:00:00,2,42,0.33968438332837564,3,2026-02-28 00:00:00+00:00,boost_both_absolute_error,False,False
2026-02-28 18:00:00+00:00,2026-03-02 13:00:00+00:00,2026-03-02 18:00:00,2,43,0.2829208749219571,3,2026-02-28 01:00:00+00:00,boost_both_absolute_error,False,False
2026-02-28 18:00:00+00:00,2026-03-02 14:00:00+00:00,2026-03-02 19:00:00,2,44,0.29043884952246907,3,2026-02-28 02:00:00+00:00,boost_both_absolute_error,False,False
2026-02-28 18:00:00+00:00,2026-03-02 15:00:00+00:00,2026-03-02 20:00:00,2,45,0.19905904200882057,3,2026-02-28 03:00:00+00:00,boost_both_absolute_error,False,False
2026-02-28 18:00:00+00:00,2026-03-02 16:00:00+00:00,2026-03-02 21:00:00,2,46,0.13146405925649096,3,2026-02-28 04:00:00+00:00,boost_both_absolute_error,False,False
2026-02-28 18:00:00+00:00,2026-03-02 17:00:00+00:00,2026-03-02 22:00:00,2,47,0.026092118240647128,3,2026-02-28 05:00:00+00:00,boost_both_absolute_error,False,False
2026-02-28 18:00:00+00:00,2026-03-02 18:00:00+00:00,2026-03-02 23:00:00,2,48,0.03768140155298712,3,2026-02-28 06:00:00+00:00,boost_both_absolute_error,False,False
