as_of,valid_time,hour,turbine_id,lead_hour,forecast_offset_days,available_at_upper_bound,power,predicted_power,baseline_power
2025-12-31 18:00:00+00:00,2025-12-31 19:00:00+00:00,2026-01-01 00:00:00,1,1,1,2025-12-31 07:00:00+00:00,0.015,0.040907019062831645,0.3736853865525423
2025-12-31 18:00:00+00:00,2025-12-31 20:00:00+00:00,2026-01-01 01:00:00,1,2,1,2025-12-31 08:00:00+00:00,0.16,0.05015297286360061,0.3736853865525423
2025-12-31 18:00:00+00:00,2025-12-31 21:00:00+00:00,2026-01-01 02:00:00,1,3,1,2025-12-31 09:00:00+00:00,0.6366666666666667,0.08400354316099296,0.3736853865525423
2025-12-31 18:00:00+00:00,2025-12-31 22:00:00+00:00,2026-01-01 03:00:00,1,4,1,2025-12-31 10:00:00+00:00,0.9883333333333333,0.18154741334357674,0.3736853865525423
2025-12-31 18:00:00+00:00,2025-12-31 23:00:00+00:00,2026-01-01 04:00:00,1,5,1,2025-12-31 11:00:00+00:00,0.9899999999999999,0.48148203008756907,0.3736853865525423
2025-12-31 18:00:00+00:00,2026-01-01 00:00:00+00:00,2026-01-01 05:00:00,1,6,1,2025-12-31 12:00:00+00:00,0.9883333333333333,0.8046085411529208,0.3736853865525423
2025-12-31 18:00:00+00:00,2026-01-01 01:00:00+00:00,2026-01-01 06:00:00,1,7,1,2025-12-31 13:00:00+00:00,0.9566666666666667,0.7999599637483455,0.3736853865525423
2025-12-31 18:00:00+00:00,2026-01-01 02:00:00+00:00,2026-01-01 07:00:00,1,8,1,2025-12-31 14:00:00+00:00,0.8266666666666667,0.7845913257361438,0.3736853865525423
2025-12-31 18:00:00+00:00,2026-01-01 03:00:00+00:00,2026-01-01 08:00:00,1,9,1,2025-12-31 15:00:00+00:00,0.5716666666666667,0.8069223297022349,0.3736853865525423
2025-12-31 18:00:00+00:00,2026-01-01 04:00:00+00:00,2026-01-01 09:00:00,1,10,1,2025-12-31 16:00:00+00:00,0.4083333333333334,0.575865639339626,0.3736853865525423
2025-12-31 18:00:00+00:00,2026-01-01 05:00:00+00:00,2026-01-01 10:00:00,1,11,1,2025-12-31 17:00:00+00:00,0.33666666666666667,0.369538094876882,0.3736853865525423
2025-12-31 18:00:00+00:00,2026-01-01 06:00:00+00:00,2026-01-01 11:00:00,1,12,1,2025-12-31 18:00:00+00:00,0.115,0.32063431680139004,0.3736853865525423
2025-12-31 18:00:00+00:00,2026-01-01 07:00:00+00:00,2026-01-01 12:00:00,1,13,2,2025-12-30 19:00:00+00:00,0.045000000000000005,0.040195497383650865,0.3736853865525423
2025-12-31 18:00:00+00:00,2026-01-01 08:00:00+00:00,2026-01-01 13:00:00,1,14,2,2025-12-30 20:00:00+00:00,0.065,0.08239162388515743,0.3736853865525423
2025-12-31 18:00:00+00:00,2026-01-01 09:00:00+00:00,2026-01-01 14:00:00,1,15,2,2025-12-30 21:00:00+00:00,0.018333333333333333,0.08312834684450734,0.3736853865525423
2025-12-31 18:00:00+00:00,2026-01-01 10:00:00+00:00,2026-01-01 15:00:00,1,16,2,2025-12-30 22:00:00+00:00,0.01,0.06520918449091037,0.3736853865525423
2025-12-31 18:00:00+00:00,2026-01-01 11:00:00+00:00,2026-01-01 16:00:00,1,17,2,2025-12-30 23:00:00+00:00,0.01,0.07880839449039748,0.3736853865525423
2025-12-31 18:00:00+00:00,2026-01-01 12:00:00+00:00,2026-01-01 17:00:00,1,18,2,2025-12-31 00:00:00+00:00,0.011666666666666667,0.08018641635087831,0.3736853865525423
2025-12-31 18:00:00+00:00,2026-01-01 13:00:00+00:00,2026-01-01 18:00:00,1,19,2,2025-12-31 01:00:00+00:00,0.023333333333333334,0.10261778023094406,0.3736853865525423
2025-12-31 18:00:00+00:00,2026-01-01 14:00:00+00:00,2026-01-01 19:00:00,1,20,2,2025-12-31 02:00:00+00:00,0.02,0.14584687148506076,0.3736853865525423
2025-12-31 18:00:00+00:00,2026-01-01 15:00:00+00:00,2026-01-01 20:00:00,1,21,2,2025-12-31 03:00:00+00:00,0.07333333333333333,0.16203625631840632,0.3736853865525423
2025-12-31 18:00:00+00:00,2026-01-01 16:00:00+00:00,2026-01-01 21:00:00,1,22,2,2025-12-31 04:00:00+00:00,0.07666666666666667,0.11557167706875224,0.3736853865525423
2025-12-31 18:00:00+00:00,2026-01-01 17:00:00+00:00,2026-01-01 22:00:00,1,23,2,2025-12-31 05:00:00+00:00,0.043333333333333335,0.053012270430518114,0.3736853865525423
2025-12-31 18:00:00+00:00,2026-01-01 18:00:00+00:00,2026-01-01 23:00:00,1,24,2,2025-12-31 06:00:00+00:00,0.01,0.08527032692209473,0.3736853865525423
2025-12-31 18:00:00+00:00,2026-01-01 19:00:00+00:00,2026-01-02 00:00:00,1,25,2,2025-12-31 07:00:00+00:00,0.011666666666666667,0.08177713289037718,0.3736853865525423
2025-12-31 18:00:00+00:00,2026-01-01 20:00:00+00:00,2026-01-02 01:00:00,1,26,2,2025-12-31 08:00:00+00:00,0.01,0.04556222484873796,0.3736853865525423
2025-12-31 18:00:00+00:00,2026-01-01 21:00:00+00:00,2026-01-02 02:00:00,1,27,2,2025-12-31 09:00:00+00:00,0.01,0.05053219967195408,0.3736853865525423
2025-12-31 18:00:00+00:00,2026-01-01 22:00:00+00:00,2026-01-02 03:00:00,1,28,2,2025-12-31 10:00:00+00:00,0.011666666666666667,0.05206596867916184,0.3736853865525423
2025-12-31 18:00:00+00:00,2026-01-01 23:00:00+00:00,2026-01-02 04:00:00,1,29,2,2025-12-31 11:00:00+00:00,0.01,0.07438960087593892,0.3736853865525423
2025-12-31 18:00:00+00:00,2026-01-02 00:00:00+00:00,2026-01-02 05:00:00,1,30,2,2025-12-31 12:00:00+00:00,0.01,0.020032918322797952,0.3736853865525423
2025-12-31 18:00:00+00:00,2026-01-02 01:00:00+00:00,2026-01-02 06:00:00,1,31,2,2025-12-31 13:00:00+00:00,0.01,0.03280409493926013,0.3736853865525423
2025-12-31 18:00:00+00:00,2026-01-02 02:00:00+00:00,2026-01-02 07:00:00,1,32,2,2025-12-31 14:00:00+00:00,0.01,0.023518498034945413,0.3736853865525423
2025-12-31 18:00:00+00:00,2026-01-02 03:00:00+00:00,2026-01-02 08:00:00,1,33,2,2025-12-31 15:00:00+00:00,0.01,0.03555735873947324,0.3736853865525423
2025-12-31 18:00:00+00:00,2026-01-02 04:00:00+00:00,2026-01-02 09:00:00,1,34,2,2025-12-31 16:00:00+00:00,0.075,0.06708561455488303,0.3736853865525423
2025-12-31 18:00:00+00:00,2026-01-02 05:00:00+00:00,2026-01-02 10:00:00,1,35,2,2025-12-31 17:00:00+00:00,0.27999999999999997,0.1151154386437488,0.3736853865525423
2025-12-31 18:00:00+00:00,2026-01-02 06:00:00+00:00,2026-01-02 11:00:00,1,36,2,2025-12-31 18:00:00+00:00,0.40499999999999997,0.17738107879863313,0.3736853865525423
2025-12-31 18:00:00+00:00,2026-01-02 07:00:00+00:00,2026-01-02 12:00:00,1,37,3,2025-12-30 19:00:00+00:00,0.6466666666666666,0.2576990290816043,0.3736853865525423
2025-12-31 18:00:00+00:00,2026-01-02 08:00:00+00:00,2026-01-02 13:00:00,1,38,3,2025-12-30 20:00:00+00:00,0.8433333333333334,0.36789188672707335,0.3736853865525423
2025-12-31 18:00:00+00:00,2026-01-02 09:00:00+00:00,2026-01-02 14:00:00,1,39,3,2025-12-30 21:00:00+00:00,0.71,0.33171501708569656,0.3736853865525423
2025-12-31 18:00:00+00:00,2026-01-02 10:00:00+00:00,2026-01-02 15:00:00,1,40,3,2025-12-30 22:00:00+00:00,0.5750000000000001,0.34265495126521334,0.3736853865525423
2025-12-31 18:00:00+00:00,2026-01-02 11:00:00+00:00,2026-01-02 16:00:00,1,41,3,2025-12-30 23:00:00+00:00,0.42333333333333334,0.3232540240938046,0.3736853865525423
2025-12-31 18:00:00+00:00,2026-01-02 12:00:00+00:00,2026-01-02 17:00:00,1,42,3,2025-12-31 00:00:00+00:00,0.35833333333333334,0.22891803241279324,0.3736853865525423
2025-12-31 18:00:00+00:00,2026-01-02 13:00:00+00:00,2026-01-02 18:00:00,1,43,3,2025-12-31 01:00:00+00:00,0.425,0.18039778375935142,0.3736853865525423
2025-12-31 18:00:00+00:00,2026-01-02 14:00:00+00:00,2026-01-02 19:00:00,1,44,3,2025-12-31 02:00:00+00:00,0.445,0.22950144853475463,0.3736853865525423
2025-12-31 18:00:00+00:00,2026-01-02 15:00:00+00:00,2026-01-02 20:00:00,1,45,3,2025-12-31 03:00:00+00:00,0.6083333333333333,0.2406324090518939,0.3736853865525423
2025-12-31 18:00:00+00:00,2026-01-02 16:00:00+00:00,2026-01-02 21:00:00,1,46,3,2025-12-31 04:00:00+00:00,0.875,0.27366571011285884,0.3736853865525423
2025-12-31 18:00:00+00:00,2026-01-02 17:00:00+00:00,2026-01-02 22:00:00,1,47,3,2025-12-31 05:00:00+00:00,0.605,0.30414621599946573,0.3736853865525423
2025-12-31 18:00:00+00:00,2026-01-02 18:00:00+00:00,2026-01-02 23:00:00,1,48,3,2025-12-31 06:00:00+00:00,0.31666666666666665,0.3948072280731813,0.3736853865525423
2025-12-31 18:00:00+00:00,2025-12-31 19:00:00+00:00,2026-01-01 00:00:00,2,1,1,2025-12-31 07:00:00+00:00,0.015,0.035436627308461484,0.36829703959695215
2025-12-31 18:00:00+00:00,2025-12-31 20:00:00+00:00,2026-01-01 01:00:00,2,2,1,2025-12-31 08:00:00+00:00,0.16333333333333333,0.04468258110923043,0.36829703959695215
2025-12-31 18:00:00+00:00,2025-12-31 21:00:00+00:00,2026-01-01 02:00:00,2,3,1,2025-12-31 09:00:00+00:00,0.63,0.07853315140662279,0.36829703959695215
2025-12-31 18:00:00+00:00,2025-12-31 22:00:00+00:00,2026-01-01 03:00:00,2,4,1,2025-12-31 10:00:00+00:00,0.9766666666666666,0.17681035774622797,0.36829703959695215
2025-12-31 18:00:00+00:00,2025-12-31 23:00:00+00:00,2026-01-01 04:00:00,2,5,1,2025-12-31 11:00:00+00:00,0.98,0.4805559228422229,0.36829703959695215
2025-12-31 18:00:00+00:00,2026-01-01 00:00:00+00:00,2026-01-01 05:00:00,2,6,1,2025-12-31 12:00:00+00:00,0.975,0.7981454578535875,0.36829703959695215
2025-12-31 18:00:00+00:00,2026-01-01 01:00:00+00:00,2026-01-01 06:00:00,2,7,1,2025-12-31 13:00:00+00:00,0.9566666666666667,0.7934968804490119,0.36829703959695215
2025-12-31 18:00:00+00:00,2026-01-01 02:00:00+00:00,2026-01-01 07:00:00,2,8,1,2025-12-31 14:00:00+00:00,0.815,0.7792936853259705,0.36829703959695215
2025-12-31 18:00:00+00:00,2026-01-01 03:00:00+00:00,2026-01-01 08:00:00,2,9,1,2025-12-31 15:00:00+00:00,0.585,0.8042348699371661,0.36829703959695215
2025-12-31 18:00:00+00:00,2026-01-01 04:00:00+00:00,2026-01-01 09:00:00,2,10,1,2025-12-31 16:00:00+00:00,0.435,0.5723779058573562,0.36829703959695215
2025-12-31 18:00:00+00:00,2026-01-01 05:00:00+00:00,2026-01-01 10:00:00,2,11,1,2025-12-31 17:00:00+00:00,0.3333333333333333,0.36605036139461206,0.36829703959695215
2025-12-31 18:00:00+00:00,2026-01-01 06:00:00+00:00,2026-01-01 11:00:00,2,12,1,2025-12-31 18:00:00+00:00,0.11166666666666668,0.32152965724353316,0.36829703959695215
2025-12-31 18:00:00+00:00,2026-01-01 07:00:00+00:00,2026-01-01 12:00:00,2,13,2,2025-12-30 19:00:00+00:00,0.05666666666666667,0.04061250082568733,0.36829703959695215
2025-12-31 18:00:00+00:00,2026-01-01 08:00:00+00:00,2026-01-01 13:00:00,2,14,2,2025-12-30 20:00:00+00:00,0.06833333333333334,0.08280862732719392,0.36829703959695215
2025-12-31 18:00:00+00:00,2026-01-01 09:00:00+00:00,2026-01-01 14:00:00,2,15,2,2025-12-30 21:00:00+00:00,0.021666666666666667,0.08361311800183299,0.36829703959695215
2025-12-31 18:00:00+00:00,2026-01-01 10:00:00+00:00,2026-01-01 15:00:00,2,16,2,2025-12-30 22:00:00+00:00,0.008333333333333333,0.06569395564823599,0.36829703959695215
2025-12-31 18:00:00+00:00,2026-01-01 11:00:00+00:00,2026-01-01 16:00:00,2,17,2,2025-12-30 23:00:00+00:00,0.01,0.07850087165273123,0.36829703959695215
2025-12-31 18:00:00+00:00,2026-01-01 12:00:00+00:00,2026-01-01 17:00:00,2,18,2,2025-12-31 00:00:00+00:00,0.011666666666666667,0.0806711875082039,0.36829703959695215
2025-12-31 18:00:00+00:00,2026-01-01 13:00:00+00:00,2026-01-01 18:00:00,2,19,2,2025-12-31 01:00:00+00:00,0.023333333333333334,0.10282109167333292,0.36829703959695215
2025-12-31 18:00:00+00:00,2026-01-01 14:00:00+00:00,2026-01-01 19:00:00,2,20,2,2025-12-31 02:00:00+00:00,0.018333333333333333,0.14650054500960608,0.36829703959695215
2025-12-31 18:00:00+00:00,2026-01-01 15:00:00+00:00,2026-01-01 20:00:00,2,21,2,2025-12-31 03:00:00+00:00,0.07666666666666667,0.1626899298429516,0.36829703959695215
2025-12-31 18:00:00+00:00,2026-01-01 16:00:00+00:00,2026-01-01 21:00:00,2,22,2,2025-12-31 04:00:00+00:00,0.065,0.11622535059329756,0.36829703959695215
2025-12-31 18:00:00+00:00,2026-01-01 17:00:00+00:00,2026-01-01 22:00:00,2,23,2,2025-12-31 05:00:00+00:00,0.04,0.05144661560045434,0.36829703959695215
2025-12-31 18:00:00+00:00,2026-01-01 18:00:00+00:00,2026-01-01 23:00:00,2,24,2,2025-12-31 06:00:00+00:00,0.008333333333333333,0.08370467209203096,0.36829703959695215
2025-12-31 18:00:00+00:00,2026-01-01 19:00:00+00:00,2026-01-02 00:00:00,2,25,2,2025-12-31 07:00:00+00:00,0.008333333333333333,0.08021147806031341,0.36829703959695215
2025-12-31 18:00:00+00:00,2026-01-01 20:00:00+00:00,2026-01-02 01:00:00,2,26,2,2025-12-31 08:00:00+00:00,0.008333333333333333,0.043996570018674186,0.36829703959695215
2025-12-31 18:00:00+00:00,2026-01-01 21:00:00+00:00,2026-01-02 02:00:00,2,27,2,2025-12-31 09:00:00+00:00,0.01,0.04896654484189031,0.36829703959695215
2025-12-31 18:00:00+00:00,2026-01-01 22:00:00+00:00,2026-01-02 03:00:00,2,28,2,2025-12-31 10:00:00+00:00,0.008333333333333333,0.05050031384909807,0.36829703959695215
2025-12-31 18:00:00+00:00,2026-01-01 23:00:00+00:00,2026-01-02 04:00:00,2,29,2,2025-12-31 11:00:00+00:00,0.005,0.07282394604587518,0.36829703959695215
2025-12-31 18:00:00+00:00,2026-01-02 00:00:00+00:00,2026-01-02 05:00:00,2,30,2,2025-12-31 12:00:00+00:00,0.01,0.021344653796872656,0.36829703959695215
2025-12-31 18:00:00+00:00,2026-01-02 01:00:00+00:00,2026-01-02 06:00:00,2,31,2,2025-12-31 13:00:00+00:00,0.01,0.032173671842995584,0.36829703959695215
2025-12-31 18:00:00+00:00,2026-01-02 02:00:00+00:00,2026-01-02 07:00:00,2,32,2,2025-12-31 14:00:00+00:00,0.01,0.024830233509020125,0.36829703959695215
2025-12-31 18:00:00+00:00,2026-01-02 03:00:00+00:00,2026-01-02 08:00:00,2,33,2,2025-12-31 15:00:00+00:00,0.01,0.03686909421354795,0.36829703959695215
2025-12-31 18:00:00+00:00,2026-01-02 04:00:00+00:00,2026-01-02 09:00:00,2,34,2,2025-12-31 16:00:00+00:00,0.07666666666666667,0.06964667214403668,0.36829703959695215
2025-12-31 18:00:00+00:00,2026-01-02 05:00:00+00:00,2026-01-02 10:00:00,2,35,2,2025-12-31 17:00:00+00:00,0.26666666666666666,0.116803067113368,0.36829703959695215
2025-12-31 18:00:00+00:00,2026-01-02 06:00:00+00:00,2026-01-02 11:00:00,2,36,2,2025-12-31 18:00:00+00:00,0.37666666666666665,0.1815674581356577,0.36829703959695215
2025-12-31 18:00:00+00:00,2026-01-02 07:00:00+00:00,2026-01-02 12:00:00,2,37,3,2025-12-30 19:00:00+00:00,0.6766666666666667,0.261885408418629,0.36829703959695215
2025-12-31 18:00:00+00:00,2026-01-02 08:00:00+00:00,2026-01-02 13:00:00,2,38,3,2025-12-30 20:00:00+00:00,0.8849999999999999,0.37207826606409783,0.36829703959695215
2025-12-31 18:00:00+00:00,2026-01-02 09:00:00+00:00,2026-01-02 14:00:00,2,39,3,2025-12-30 21:00:00+00:00,0.7450000000000001,0.3339940123581128,0.36829703959695215
2025-12-31 18:00:00+00:00,2026-01-02 10:00:00+00:00,2026-01-02 15:00:00,2,40,3,2025-12-30 22:00:00+00:00,0.5816666666666667,0.3449339465376295,0.36829703959695215
2025-12-31 18:00:00+00:00,2026-01-02 11:00:00+00:00,2026-01-02 16:00:00,2,41,3,2025-12-30 23:00:00+00:00,0.43333333333333335,0.32474900853364913,0.36829703959695215
2025-12-31 18:00:00+00:00,2026-01-02 12:00:00+00:00,2026-01-02 17:00:00,2,42,3,2025-12-31 00:00:00+00:00,0.38000000000000006,0.23041301685263785,0.36829703959695215
2025-12-31 18:00:00+00:00,2026-01-02 13:00:00+00:00,2026-01-02 18:00:00,2,43,3,2025-12-31 01:00:00+00:00,0.4466666666666666,0.18189276819919603,0.36829703959695215
2025-12-31 18:00:00+00:00,2026-01-02 14:00:00+00:00,2026-01-02 19:00:00,2,44,3,2025-12-31 02:00:00+00:00,0.47,0.23099643297459924,0.36829703959695215
2025-12-31 18:00:00+00:00,2026-01-02 15:00:00+00:00,2026-01-02 20:00:00,2,45,3,2025-12-31 03:00:00+00:00,0.66,0.2421273934917385,0.36829703959695215
2025-12-31 18:00:00+00:00,2026-01-02 16:00:00+00:00,2026-01-02 21:00:00,2,46,3,2025-12-31 04:00:00+00:00,0.8850000000000001,0.27516069455270337,0.36829703959695215
2025-12-31 18:00:00+00:00,2026-01-02 17:00:00+00:00,2026-01-02 22:00:00,2,47,3,2025-12-31 05:00:00+00:00,0.6649999999999999,0.30549740994309876,0.36829703959695215
2025-12-31 18:00:00+00:00,2026-01-02 18:00:00+00:00,2026-01-02 23:00:00,2,48,3,2025-12-31 06:00:00+00:00,0.295,0.39615842201681434,0.36829703959695215
2026-01-01 18:00:00+00:00,2026-01-01 19:00:00+00:00,2026-01-02 00:00:00,1,1,1,2026-01-01 07:00:00+00:00,0.011666666666666667,0.0723319238828757,0.3736853865525423
2026-01-01 18:00:00+00:00,2026-01-01 20:00:00+00:00,2026-01-02 01:00:00,1,2,1,2026-01-01 08:00:00+00:00,0.01,0.029753470584107343,0.3736853865525423
2026-01-01 18:00:00+00:00,2026-01-01 21:00:00+00:00,2026-01-02 02:00:00,1,3,1,2026-01-01 09:00:00+00:00,0.01,0.035056281661439745,0.3736853865525423
2026-01-01 18:00:00+00:00,2026-01-01 22:00:00+00:00,2026-01-02 03:00:00,1,4,1,2026-01-01 10:00:00+00:00,0.011666666666666667,0.038630764383046676,0.3736853865525423
2026-01-01 18:00:00+00:00,2026-01-01 23:00:00+00:00,2026-01-02 04:00:00,1,5,1,2026-01-01 11:00:00+00:00,0.01,0.09249287938849486,0.3736853865525423
2026-01-01 18:00:00+00:00,2026-01-02 00:00:00+00:00,2026-01-02 05:00:00,1,6,1,2026-01-01 12:00:00+00:00,0.01,0.017889264001060664,0.3736853865525423
2026-01-01 18:00:00+00:00,2026-01-02 01:00:00+00:00,2026-01-02 06:00:00,1,7,1,2026-01-01 13:00:00+00:00,0.01,0.019648747519641185,0.3736853865525423
2026-01-01 18:00:00+00:00,2026-01-02 02:00:00+00:00,2026-01-02 07:00:00,1,8,1,2026-01-01 14:00:00+00:00,0.01,0.026128037066306654,0.3736853865525423
2026-01-01 18:00:00+00:00,2026-01-02 03:00:00+00:00,2026-01-02 08:00:00,1,9,1,2026-01-01 15:00:00+00:00,0.01,0.029478599366799217,0.3736853865525423
2026-01-01 18:00:00+00:00,2026-01-02 04:00:00+00:00,2026-01-02 09:00:00,1,10,1,2026-01-01 16:00:00+00:00,0.075,0.08034901651324526,0.3736853865525423
2026-01-01 18:00:00+00:00,2026-01-02 05:00:00+00:00,2026-01-02 10:00:00,1,11,1,2026-01-01 17:00:00+00:00,0.27999999999999997,0.21771948966617646,0.3736853865525423
2026-01-01 18:00:00+00:00,2026-01-02 06:00:00+00:00,2026-01-02 11:00:00,1,12,1,2026-01-01 18:00:00+00:00,0.40499999999999997,0.3483769950318894,0.3736853865525423
2026-01-01 18:00:00+00:00,2026-01-02 07:00:00+00:00,2026-01-02 12:00:00,1,13,2,2025-12-31 19:00:00+00:00,0.6466666666666666,0.2974791830609315,0.3736853865525423
2026-01-01 18:00:00+00:00,2026-01-02 08:00:00+00:00,2026-01-02 13:00:00,1,14,2,2025-12-31 20:00:00+00:00,0.8433333333333334,0.31704011989539155,0.3736853865525423
2026-01-01 18:00:00+00:00,2026-01-02 09:00:00+00:00,2026-01-02 14:00:00,1,15,2,2025-12-31 21:00:00+00:00,0.71,0.20388815502958882,0.3736853865525423
2026-01-01 18:00:00+00:00,2026-01-02 10:00:00+00:00,2026-01-02 15:00:00,1,16,2,2025-12-31 22:00:00+00:00,0.5750000000000001,0.12450780453075724,0.3736853865525423
2026-01-01 18:00:00+00:00,2026-01-02 11:00:00+00:00,2026-01-02 16:00:00,1,17,2,2025-12-31 23:00:00+00:00,0.42333333333333334,0.1343051804767869,0.3736853865525423
2026-01-01 18:00:00+00:00,2026-01-02 12:00:00+00:00,2026-01-02 17:00:00,1,18,2,2026-01-01 00:00:00+00:00,0.35833333333333334,0.22362984879170436,0.3736853865525423
2026-01-01 18:00:00+00:00,2026-01-02 13:00:00+00:00,2026-01-02 18:00:00,1,19,2,2026-01-01 01:00:00+00:00,0.425,0.23682774798416134,0.3736853865525423
2026-01-01 18:00:00+00:00,2026-01-02 14:00:00+00:00,2026-01-02 19:00:00,1,20,2,2026-01-01 02:00:00+00:00,0.445,0.23932249375033843,0.3736853865525423
2026-01-01 18:00:00+00:00,2026-01-02 15:00:00+00:00,2026-01-02 20:00:00,1,21,2,2026-01-01 03:00:00+00:00,0.6083333333333333,0.2750429284329195,0.3736853865525423
2026-01-01 18:00:00+00:00,2026-01-02 16:00:00+00:00,2026-01-02 21:00:00,1,22,2,2026-01-01 04:00:00+00:00,0.875,0.29024394405274695,0.3736853865525423
2026-01-01 18:00:00+00:00,2026-01-02 17:00:00+00:00,2026-01-02 22:00:00,1,23,2,2026-01-01 05:00:00+00:00,0.605,0.3562866825202992,0.3736853865525423
2026-01-01 18:00:00+00:00,2026-01-02 18:00:00+00:00,2026-01-02 23:00:00,1,24,2,2026-01-01 06:00:00+00:00,0.31666666666666665,0.3665075771232848,0.3736853865525423
2026-01-01 18:00:00+00:00,2026-01-02 19:00:00+00:00,2026-01-03 00:00:00,1,25,2,2026-01-01 07:00:00+00:00,0.26166666666666666,0.3661984752515319,0.3736853865525423
2026-01-01 18:00:00+00:00,2026-01-02 20:00:00+00:00,2026-01-03 01:00:00,1,26,2,2026-01-01 08:00:00+00:00,0.22166666666666668,0.3568869323072768,0.3736853865525423
2026-01-01 18:00:00+00:00,2026-01-02 21:00:00+00:00,2026-01-03 02:00:00,1,27,2,2026-01-01 09:00:00+00:00,0.36166666666666664,0.35852921523451836,0.3736853865525423
2026-01-01 18:00:00+00:00,2026-01-02 22:00:00+00:00,2026-01-03 03:00:00,1,28,2,2026-01-01 10:00:00+00:00,0.17833333333333334,0.453682647357002,0.3736853865525423
2026-01-01 18:00:00+00:00,2026-01-02 23:00:00+00:00,2026-01-03 04:00:00,1,29,2,2026-01-01 11:00:00+00:00,0.21,0.4593731285950468,0.3736853865525423
2026-01-01 18:00:00+00:00,2026-01-03 00:00:00+00:00,2026-01-03 05:00:00,1,30,2,2026-01-01 12:00:00+00:00,0.255,0.48447242913709093,0.3736853865525423
2026-01-01 18:00:00+00:00,2026-01-03 01:00:00+00:00,2026-01-03 06:00:00,1,31,2,2026-01-01 13:00:00+00:00,0.16,0.331244849437581,0.3736853865525423
2026-01-01 18:00:00+00:00,2026-01-03 02:00:00+00:00,2026-01-03 07:00:00,1,32,2,2026-01-01 14:00:00+00:00,0.26,0.33213196367959447,0.3736853865525423
2026-01-01 18:00:00+00:00,2026-01-03 03:00:00+00:00,2026-01-03 08:00:00,1,33,2,2026-01-01 15:00:00+00:00,0.22833333333333336,0.33386925980145626,0.3736853865525423
2026-01-01 18:00:00+00:00,2026-01-03 04:00:00+00:00,2026-01-03 09:00:00,1,34,2,2026-01-01 16:00:00+00:00,0.165,0.4656111191582027,0.3736853865525423
2026-01-01 18:00:00+00:00,2026-01-03 05:00:00+00:00,2026-01-03 10:00:00,1,35,2,2026-01-01 17:00:00+00:00,0.15166666666666667,0.5431888996555223,0.3736853865525423
2026-01-01 18:00:00+00:00,2026-01-03 06:00:00+00:00,2026-01-03 11:00:00,1,36,2,2026-01-01 18:00:00+00:00,0.07333333333333333,0.7391004286685465,0.3736853865525423
2026-01-01 18:00:00+00:00,2026-01-03 07:00:00+00:00,2026-01-03 12:00:00,1,37,3,2025-12-31 19:00:00+00:00,0.13333333333333333,0.45891979383964204,0.3736853865525423
2026-01-01 18:00:00+00:00,2026-01-03 08:00:00+00:00,2026-01-03 13:00:00,1,38,3,2025-12-31 20:00:00+00:00,0.17666666666666667,0.45974714090736907,0.3736853865525423
2026-01-01 18:00:00+00:00,2026-01-03 09:00:00+00:00,2026-01-03 14:00:00,1,39,3,2025-12-31 21:00:00+00:00,0.17166666666666666,0.4442176839566003,0.3736853865525423
2026-01-01 18:00:00+00:00,2026-01-03 10:00:00+00:00,2026-01-03 15:00:00,1,40,3,2025-12-31 22:00:00+00:00,0.19666666666666666,0.44205017733644686,0.3736853865525423
2026-01-01 18:00:00+00:00,2026-01-03 11:00:00+00:00,2026-01-03 16:00:00,1,41,3,2025-12-31 23:00:00+00:00,0.24333333333333332,0.48955192784942586,0.3736853865525423
2026-01-01 18:00:00+00:00,2026-01-03 12:00:00+00:00,2026-01-03 17:00:00,1,42,3,2026-01-01 00:00:00+00:00,0.255,0.41248276314173365,0.3736853865525423
2026-01-01 18:00:00+00:00,2026-01-03 13:00:00+00:00,2026-01-03 18:00:00,1,43,3,2026-01-01 01:00:00+00:00,0.5216666666666666,0.38874262580059754,0.3736853865525423
2026-01-01 18:00:00+00:00,2026-01-03 14:00:00+00:00,2026-01-03 19:00:00,1,44,3,2026-01-01 02:00:00+00:00,0.215,0.4705223169415676,0.3736853865525423
2026-01-01 18:00:00+00:00,2026-01-03 15:00:00+00:00,2026-01-03 20:00:00,1,45,3,2026-01-01 03:00:00+00:00,0.5683333333333334,0.4333841722502913,0.3736853865525423
2026-01-01 18:00:00+00:00,2026-01-03 16:00:00+00:00,2026-01-03 21:00:00,1,46,3,2026-01-01 04:00:00+00:00,0.29833333333333334,0.46409118227086715,0.3736853865525423
2026-01-01 18:00:00+00:00,2026-01-03 17:00:00+00:00,2026-01-03 22:00:00,1,47,3,2026-01-01 05:00:00+00:00,0.19000000000000003,0.5853158764219515,0.3736853865525423
2026-01-01 18:00:00+00:00,2026-01-03 18:00:00+00:00,2026-01-03 23:00:00,1,48,3,2026-01-01 06:00:00+00:00,0.30833333333333335,0.42409865243562056,0.3736853865525423
2026-01-01 18:00:00+00:00,2026-01-01 19:00:00+00:00,2026-01-02 00:00:00,2,1,1,2026-01-01 07:00:00+00:00,0.008333333333333333,0.0736436593569504,0.36829703959695215
2026-01-01 18:00:00+00:00,2026-01-01 20:00:00+00:00,2026-01-02 01:00:00,2,2,1,2026-01-01 08:00:00+00:00,0.008333333333333333,0.027519361891219014,0.36829703959695215
2026-01-01 18:00:00+00:00,2026-01-01 21:00:00+00:00,2026-01-02 02:00:00,2,3,1,2026-01-01 09:00:00+00:00,0.01,0.03569956327268986,0.36829703959695215
2026-01-01 18:00:00+00:00,2026-01-01 22:00:00+00:00,2026-01-02 03:00:00,2,4,1,2026-01-01 10:00:00+00:00,0.008333333333333333,0.03927404599429679,0.36829703959695215
2026-01-01 18:00:00+00:00,2026-01-01 23:00:00+00:00,2026-01-02 04:00:00,2,5,1,2026-01-01 11:00:00+00:00,0.005,0.0938046148625696,0.36829703959695215
2026-01-01 18:00:00+00:00,2026-01-02 00:00:00+00:00,2026-01-02 05:00:00,2,6,1,2026-01-01 12:00:00+00:00,0.01,0.015936615023109113,0.36829703959695215
2026-01-01 18:00:00+00:00,2026-01-02 01:00:00+00:00,2026-01-02 06:00:00,2,7,1,2026-01-01 13:00:00+00:00,0.01,0.02057348884582809,0.36829703959695215
2026-01-01 18:00:00+00:00,2026-01-02 02:00:00+00:00,2026-01-02 07:00:00,2,8,1,2026-01-01 14:00:00+00:00,0.01,0.027052778392493565,0.36829703959695215
2026-01-01 18:00:00+00:00,2026-01-02 03:00:00+00:00,2026-01-02 08:00:00,2,9,1,2026-01-01 15:00:00+00:00,0.01,0.030403340692986128,0.36829703959695215
2026-01-01 18:00:00+00:00,2026-01-02 04:00:00+00:00,2026-01-02 09:00:00,2,10,1,2026-01-01 16:00:00+00:00,0.07666666666666667,0.08203664498286443,0.36829703959695215
2026-01-01 18:00:00+00:00,2026-01-02 05:00:00+00:00,2026-01-02 10:00:00,2,11,1,2026-01-01 17:00:00+00:00,0.26666666666666666,0.2194071181357956,0.36829703959695215
2026-01-01 18:00:00+00:00,2026-01-02 06:00:00+00:00,2026-01-02 11:00:00,2,12,1,2026-01-01 18:00:00+00:00,0.37666666666666665,0.352563374368914,0.36829703959695215
2026-01-01 18:00:00+00:00,2026-01-02 07:00:00+00:00,2026-01-02 12:00:00,2,13,2,2025-12-31 19:00:00+00:00,0.6766666666666667,0.3016655623979561,0.36829703959695215
2026-01-01 18:00:00+00:00,2026-01-02 08:00:00+00:00,2026-01-02 13:00:00,2,14,2,2025-12-31 20:00:00+00:00,0.8849999999999999,0.32122649923241625,0.36829703959695215
2026-01-01 18:00:00+00:00,2026-01-02 09:00:00+00:00,2026-01-02 14:00:00,2,15,2,2025-12-31 21:00:00+00:00,0.7450000000000001,0.20616715030200508,0.36829703959695215
2026-01-01 18:00:00+00:00,2026-01-02 10:00:00+00:00,2026-01-02 15:00:00,2,16,2,2025-12-31 22:00:00+00:00,0.5816666666666667,0.12516147805530256,0.36829703959695215
2026-01-01 18:00:00+00:00,2026-01-02 11:00:00+00:00,2026-01-02 16:00:00,2,17,2,2025-12-31 23:00:00+00:00,0.43333333333333335,0.13495885400133217,0.36829703959695215
2026-01-01 18:00:00+00:00,2026-01-02 12:00:00+00:00,2026-01-02 17:00:00,2,18,2,2026-01-01 00:00:00+00:00,0.38000000000000006,0.22421194564245606,0.36829703959695215
2026-01-01 18:00:00+00:00,2026-01-02 13:00:00+00:00,2026-01-02 18:00:00,2,19,2,2026-01-01 01:00:00+00:00,0.4466666666666666,0.23832273242400595,0.36829703959695215
2026-01-01 18:00:00+00:00,2026-01-02 14:00:00+00:00,2026-01-02 19:00:00,2,20,2,2026-01-01 02:00:00+00:00,0.47,0.24081747819018304,0.36829703959695215
2026-01-01 18:00:00+00:00,2026-01-02 15:00:00+00:00,2026-01-02 20:00:00,2,21,2,2026-01-01 03:00:00+00:00,0.66,0.276537912872764,0.36829703959695215
2026-01-01 18:00:00+00:00,2026-01-02 16:00:00+00:00,2026-01-02 21:00:00,2,22,2,2026-01-01 04:00:00+00:00,0.8850000000000001,0.2917389284925915,0.36829703959695215
2026-01-01 18:00:00+00:00,2026-01-02 17:00:00+00:00,2026-01-02 22:00:00,2,23,2,2026-01-01 05:00:00+00:00,0.6649999999999999,0.35763787646393225,0.36829703959695215
2026-01-01 18:00:00+00:00,2026-01-02 18:00:00+00:00,2026-01-02 23:00:00,2,24,2,2026-01-01 06:00:00+00:00,0.295,0.36785877106691783,0.36829703959695215
2026-01-01 18:00:00+00:00,2026-01-02 19:00:00+00:00,2026-01-03 00:00:00,2,25,2,2026-01-01 07:00:00+00:00,0.21166666666666667,0.3675496691951649,0.36829703959695215
2026-01-01 18:00:00+00:00,2026-01-02 20:00:00+00:00,2026-01-03 01:00:00,2,26,2,2026-01-01 08:00:00+00:00,0.19833333333333333,0.35823812625090995,0.36829703959695215
2026-01-01 18:00:00+00:00,2026-01-02 21:00:00+00:00,2026-01-03 02:00:00,2,27,2,2026-01-01 09:00:00+00:00,0.31,0.3598804091781514,0.36829703959695215
2026-01-01 18:00:00+00:00,2026-01-02 22:00:00+00:00,2026-01-03 03:00:00,2,28,2,2026-01-01 10:00:00+00:00,0.15833333333333333,0.455033841300635,0.36829703959695215
2026-01-01 18:00:00+00:00,2026-01-02 23:00:00+00:00,2026-01-03 04:00:00,2,29,2,2026-01-01 11:00:00+00:00,0.18999999999999997,0.46072432253867995,0.36829703959695215
2026-01-01 18:00:00+00:00,2026-01-03 00:00:00+00:00,2026-01-03 05:00:00,2,30,2,2026-01-01 12:00:00+00:00,0.25166666666666665,0.48582362308072397,0.36829703959695215
2026-01-01 18:00:00+00:00,2026-01-03 01:00:00+00:00,2026-01-03 06:00:00,2,31,2,2026-01-01 13:00:00+00:00,0.14666666666666667,0.3325960433812141,0.36829703959695215
2026-01-01 18:00:00+00:00,2026-01-03 02:00:00+00:00,2026-01-03 07:00:00,2,32,2,2026-01-01 14:00:00+00:00,0.26,0.3334831576232276,0.36829703959695215
2026-01-01 18:00:00+00:00,2026-01-03 03:00:00+00:00,2026-01-03 08:00:00,2,33,2,2026-01-01 15:00:00+00:00,0.22,0.3352204537450893,0.36829703959695215
2026-01-01 18:00:00+00:00,2026-01-03 04:00:00+00:00,2026-01-03 09:00:00,2,34,2,2026-01-01 16:00:00+00:00,0.11833333333333333,0.4682116352169146,0.36829703959695215
2026-01-01 18:00:00+00:00,2026-01-03 05:00:00+00:00,2026-01-03 10:00:00,2,35,2,2026-01-01 17:00:00+00:00,0.135,0.5457894157142344,0.36829703959695215
2026-01-01 18:00:00+00:00,2026-01-03 06:00:00+00:00,2026-01-03 11:00:00,2,36,2,2026-01-01 18:00:00+00:00,0.06666666666666667,0.7417009447272587,0.36829703959695215
2026-01-01 18:00:00+00:00,2026-01-03 07:00:00+00:00,2026-01-03 12:00:00,2,37,3,2025-12-31 19:00:00+00:00,0.14333333333333334,0.46060742230926116,0.36829703959695215
2026-01-01 18:00:00+00:00,2026-01-03 08:00:00+00:00,2026-01-03 13:00:00,2,38,3,2025-12-31 20:00:00+00:00,0.16166666666666665,0.4614347693769882,0.36829703959695215
2026-01-01 18:00:00+00:00,2026-01-03 09:00:00+00:00,2026-01-03 14:00:00,2,39,3,2025-12-31 21:00:00+00:00,0.15833333333333333,0.44649667922901654,0.36829703959695215
2026-01-01 18:00:00+00:00,2026-01-03 10:00:00+00:00,2026-01-03 15:00:00,2,40,3,2025-12-31 22:00:00+00:00,0.19666666666666666,0.4426322741871986,0.36829703959695215
2026-01-01 18:00:00+00:00,2026-01-03 11:00:00+00:00,2026-01-03 16:00:00,2,41,3,2025-12-31 23:00:00+00:00,0.20666666666666667,0.4910469122892704,0.36829703959695215
2026-01-01 18:00:00+00:00,2026-01-03 12:00:00+00:00,2026-01-03 17:00:00,2,42,3,2026-01-01 00:00:00+00:00,0.2783333333333333,0.4139777475815783,0.36829703959695215
2026-01-01 18:00:00+00:00,2026-01-03 13:00:00+00:00,2026-01-03 18:00:00,2,43,3,2026-01-01 01:00:00+00:00,0.5066666666666667,0.39023761024044207,0.36829703959695215
2026-01-01 18:00:00+00:00,2026-01-03 14:00:00+00:00,2026-01-03 19:00:00,2,44,3,2026-01-01 02:00:00+00:00,0.245,0.47201730138141224,0.36829703959695215
2026-01-01 18:00:00+00:00,2026-01-03 15:00:00+00:00,2026-01-03 20:00:00,2,45,3,2026-01-01 03:00:00+00:00,0.48833333333333334,0.4348791566901358,0.36829703959695215
2026-01-01 18:00:00+00:00,2026-01-03 16:00:00+00:00,2026-01-03 21:00:00,2,46,3,2026-01-01 04:00:00+00:00,0.285,0.4655861667107117,0.36829703959695215
2026-01-01 18:00:00+00:00,2026-01-03 17:00:00+00:00,2026-01-03 22:00:00,2,47,3,2026-01-01 05:00:00+00:00,0.15833333333333335,0.5866670703655845,0.36829703959695215
2026-01-01 18:00:00+00:00,2026-01-03 18:00:00+00:00,2026-01-03 23:00:00,2,48,3,2026-01-01 06:00:00+00:00,0.265,0.4254498463792536,0.36829703959695215
2026-01-02 18:00:00+00:00,2026-01-02 19:00:00+00:00,2026-01-03 00:00:00,1,1,1,2026-01-02 07:00:00+00:00,0.26166666666666666,0.4096489525656339,0.3736853865525423
2026-01-02 18:00:00+00:00,2026-01-02 20:00:00+00:00,2026-01-03 01:00:00,1,2,1,2026-01-02 08:00:00+00:00,0.22166666666666668,0.4367494802433835,0.3736853865525423
2026-01-02 18:00:00+00:00,2026-01-02 21:00:00+00:00,2026-01-03 02:00:00,1,3,1,2026-01-02 09:00:00+00:00,0.36166666666666664,0.4626411939933373,0.3736853865525423
2026-01-02 18:00:00+00:00,2026-01-02 22:00:00+00:00,2026-01-03 03:00:00,1,4,1,2026-01-02 10:00:00+00:00,0.17833333333333334,0.38544317547921597,0.3736853865525423
2026-01-02 18:00:00+00:00,2026-01-02 23:00:00+00:00,2026-01-03 04:00:00,1,5,1,2026-01-02 11:00:00+00:00,0.21,0.3949100725969478,0.3736853865525423
2026-01-02 18:00:00+00:00,2026-01-03 00:00:00+00:00,2026-01-03 05:00:00,1,6,1,2026-01-02 12:00:00+00:00,0.255,0.3284811797053782,0.3736853865525423
2026-01-02 18:00:00+00:00,2026-01-03 01:00:00+00:00,2026-01-03 06:00:00,1,7,1,2026-01-02 13:00:00+00:00,0.16,0.22488479340448006,0.3736853865525423
2026-01-02 18:00:00+00:00,2026-01-03 02:00:00+00:00,2026-01-03 07:00:00,1,8,1,2026-01-02 14:00:00+00:00,0.26,0.28251178399777105,0.3736853865525423
2026-01-02 18:00:00+00:00,2026-01-03 03:00:00+00:00,2026-01-03 08:00:00,1,9,1,2026-01-02 15:00:00+00:00,0.22833333333333336,0.4159867504071479,0.3736853865525423
2026-01-02 18:00:00+00:00,2026-01-03 04:00:00+00:00,2026-01-03 09:00:00,1,10,1,2026-01-02 16:00:00+00:00,0.165,0.5651484153952882,0.3736853865525423
2026-01-02 18:00:00+00:00,2026-01-03 05:00:00+00:00,2026-01-03 10:00:00,1,11,1,2026-01-02 17:00:00+00:00,0.15166666666666667,0.6113569745900781,0.3736853865525423
2026-01-02 18:00:00+00:00,2026-01-03 06:00:00+00:00,2026-01-03 11:00:00,1,12,1,2026-01-02 18:00:00+00:00,0.07333333333333333,0.6826899083869415,0.3736853865525423
2026-01-02 18:00:00+00:00,2026-01-03 07:00:00+00:00,2026-01-03 12:00:00,1,13,2,2026-01-01 19:00:00+00:00,0.13333333333333333,0.6784761944166624,0.3736853865525423
2026-01-02 18:00:00+00:00,2026-01-03 08:00:00+00:00,2026-01-03 13:00:00,1,14,2,2026-01-01 20:00:00+00:00,0.17666666666666667,0.48668695991465344,0.3736853865525423
2026-01-02 18:00:00+00:00,2026-01-03 09:00:00+00:00,2026-01-03 14:00:00,1,15,2,2026-01-01 21:00:00+00:00,0.17166666666666666,0.5241598417760103,0.3736853865525423
2026-01-02 18:00:00+00:00,2026-01-03 10:00:00+00:00,2026-01-03 15:00:00,1,16,2,2026-01-01 22:00:00+00:00,0.19666666666666666,0.45172088872170685,0.3736853865525423
2026-01-02 18:00:00+00:00,2026-01-03 11:00:00+00:00,2026-01-03 16:00:00,1,17,2,2026-01-01 23:00:00+00:00,0.24333333333333332,0.45454407453398765,0.3736853865525423
2026-01-02 18:00:00+00:00,2026-01-03 12:00:00+00:00,2026-01-03 17:00:00,1,18,2,2026-01-02 00:00:00+00:00,0.255,0.5374354010277885,0.3736853865525423
2026-01-02 18:00:00+00:00,2026-01-03 13:00:00+00:00,2026-01-03 18:00:00,1,19,2,2026-01-02 01:00:00+00:00,0.5216666666666666,0.44881970133986265,0.3736853865525423
2026-01-02 18:00:00+00:00,2026-01-03 14:00:00+00:00,2026-01-03 19:00:00,1,20,2,2026-01-02 02:00:00+00:00,0.215,0.47775763377582253,0.3736853865525423
2026-01-02 18:00:00+00:00,2026-01-03 15:00:00+00:00,2026-01-03 20:00:00,1,21,2,2026-01-02 03:00:00+00:00,0.5683333333333334,0.4422171030783146,0.3736853865525423
2026-01-02 18:00:00+00:00,2026-01-03 16:00:00+00:00,2026-01-03 21:00:00,1,22,2,2026-01-02 04:00:00+00:00,0.29833333333333334,0.44717211540628515,0.3736853865525423
2026-01-02 18:00:00+00:00,2026-01-03 17:00:00+00:00,2026-01-03 22:00:00,1,23,2,2026-01-02 05:00:00+00:00,0.19000000000000003,0.4511359055313156,0.3736853865525423
2026-01-02 18:00:00+00:00,2026-01-03 18:00:00+00:00,2026-01-03 23:00:00,1,24,2,2026-01-02 06:00:00+00:00,0.30833333333333335,0.4687829263874946,0.3736853865525423
2026-01-02 18:00:00+00:00,2026-01-03 19:00:00+00:00,2026-01-04 00:00:00,1,25,2,2026-01-02 07:00:00+00:00,0.23166666666666666,0.6379220612919232,0.3736853865525423
2026-01-02 18:00:00+00:00,2026-01-03 20:00:00+00:00,2026-01-04 01:00:00,1,26,2,2026-01-02 08:00:00+00:00,0.2866666666666667,0.688144024960752,0.3736853865525423
2026-01-02 18:00:00+00:00,2026-01-03 21:00:00+00:00,2026-01-04 02:00:00,1,27,2,2026-01-02 09:00:00+00:00,0.28,0.6024368652119768,0.3736853865525423
2026-01-02 18:00:00+00:00,2026-01-03 22:00:00+00:00,2026-01-04 03:00:00,1,28,2,2026-01-02 10:00:00+00:00,0.19000000000000003,0.6625649345920354,0.3736853865525423
2026-01-02 18:00:00+00:00,2026-01-03 23:00:00+00:00,2026-01-04 04:00:00,1,29,2,2026-01-02 11:00:00+00:00,0.2733333333333334,0.6948303209917832,0.3736853865525423
2026-01-02 18:00:00+00:00,2026-01-04 00:00:00+00:00,2026-01-04 05:00:00,1,30,2,2026-01-02 12:00:00+00:00,0.26666666666666666,0.7695163982968337,0.3736853865525423
2026-01-02 18:00:00+00:00,2026-01-04 01:00:00+00:00,2026-01-04 06:00:00,1,31,2,2026-01-02 13:00:00+00:00,0.39166666666666666,0.6822868589607661,0.3736853865525423
2026-01-02 18:00:00+00:00,2026-01-04 02:00:00+00:00,2026-01-04 07:00:00,1,32,2,2026-01-02 14:00:00+00:00,0.30833333333333335,0.6668276542309901,0.3736853865525423
2026-01-02 18:00:00+00:00,2026-01-04 03:00:00+00:00,2026-01-04 08:00:00,1,33,2,2026-01-02 15:00:00+00:00,0.5016666666666666,0.6510574153995978,0.3736853865525423
2026-01-02 18:00:00+00:00,2026-01-04 04:00:00+00:00,2026-01-04 09:00:00,1,34,2,2026-01-02 16:00:00+00:00,0.07166666666666667,0.4511633877916748,0.3736853865525423
2026-01-02 18:00:00+00:00,2026-01-04 05:00:00+00:00,2026-01-04 10:00:00,1,35,2,2026-01-02 17:00:00+00:00,0.07166666666666667,0.37657607996964476,0.3736853865525423
2026-01-02 18:00:00+00:00,2026-01-04 06:00:00+00:00,2026-01-04 11:00:00,1,36,2,2026-01-02 18:00:00+00:00,0.07333333333333333,0.08422225811125568,0.3736853865525423
2026-01-02 18:00:00+00:00,2026-01-04 07:00:00+00:00,2026-01-04 12:00:00,1,37,3,2026-01-01 19:00:00+00:00,0.01,0.11024041561884919,0.3736853865525423
2026-01-02 18:00:00+00:00,2026-01-04 08:00:00+00:00,2026-01-04 13:00:00,1,38,3,2026-01-01 20:00:00+00:00,0.01,0.09748585146843479,0.3736853865525423
2026-01-02 18:00:00+00:00,2026-01-04 09:00:00+00:00,2026-01-04 14:00:00,1,39,3,2026-01-01 21:00:00+00:00,0.01,0.05640999341082418,0.3736853865525423
2026-01-02 18:00:00+00:00,2026-01-04 10:00:00+00:00,2026-01-04 15:00:00,1,40,3,2026-01-01 22:00:00+00:00,0.03333333333333333,0.05869913993173794,0.3736853865525423
2026-01-02 18:00:00+00:00,2026-01-04 11:00:00+00:00,2026-01-04 16:00:00,1,41,3,2026-01-01 23:00:00+00:00,0.25333333333333335,0.05704195786303939,0.3736853865525423
2026-01-02 18:00:00+00:00,2026-01-04 12:00:00+00:00,2026-01-04 17:00:00,1,42,3,2026-01-02 00:00:00+00:00,0.6166666666666666,0.06920991766576834,0.3736853865525423
2026-01-02 18:00:00+00:00,2026-01-04 13:00:00+00:00,2026-01-04 18:00:00,1,43,3,2026-01-02 01:00:00+00:00,0.6016666666666667,0.22227418048771475,0.3736853865525423
2026-01-02 18:00:00+00:00,2026-01-04 14:00:00+00:00,2026-01-04 19:00:00,1,44,3,2026-01-02 02:00:00+00:00,0.6366666666666667,0.33342256308028045,0.3736853865525423
2026-01-02 18:00:00+00:00,2026-01-04 15:00:00+00:00,2026-01-04 20:00:00,1,45,3,2026-01-02 03:00:00+00:00,0.47500000000000003,0.3724929958615005,0.3736853865525423
2026-01-02 18:00:00+00:00,2026-01-04 16:00:00+00:00,2026-01-04 21:00:00,1,46,3,2026-01-02 04:00:00+00:00,0.3233333333333333,0.4686034991054338,0.3736853865525423
2026-01-02 18:00:00+00:00,2026-01-04 17:00:00+00:00,2026-01-04 22:00:00,1,47,3,2026-01-02 05:00:00+00:00,0.4683333333333333,0.5268215590383923,0.3736853865525423
2026-01-02 18:00:00+00:00,2026-01-04 18:00:00+00:00,2026-01-04 23:00:00,1,48,3,2026-01-02 06:00:00+00:00,0.7666666666666666,0.5421368720084548,0.3736853865525423
2026-01-02 18:00:00+00:00,2026-01-02 19:00:00+00:00,2026-01-03 00:00:00,2,1,1,2026-01-02 07:00:00+00:00,0.21166666666666667,0.4110001465092669,0.36829703959695215
2026-01-02 18:00:00+00:00,2026-01-02 20:00:00+00:00,2026-01-03 01:00:00,2,2,1,2026-01-02 08:00:00+00:00,0.19833333333333333,0.43810067418701665,0.36829703959695215
2026-01-02 18:00:00+00:00,2026-01-02 21:00:00+00:00,2026-01-03 02:00:00,2,3,1,2026-01-02 09:00:00+00:00,0.31,0.46399238793697045,0.36829703959695215
2026-01-02 18:00:00+00:00,2026-01-02 22:00:00+00:00,2026-01-03 03:00:00,2,4,1,2026-01-02 10:00:00+00:00,0.15833333333333333,0.3867943694228491,0.36829703959695215
2026-01-02 18:00:00+00:00,2026-01-02 23:00:00+00:00,2026-01-03 04:00:00,2,5,1,2026-01-02 11:00:00+00:00,0.18999999999999997,0.39626126654058097,0.36829703959695215
2026-01-02 18:00:00+00:00,2026-01-03 00:00:00+00:00,2026-01-03 05:00:00,2,6,1,2026-01-02 12:00:00+00:00,0.25166666666666665,0.3243003066258798,0.36829703959695215
2026-01-02 18:00:00+00:00,2026-01-03 01:00:00+00:00,2026-01-03 06:00:00,2,7,1,2026-01-02 13:00:00+00:00,0.14666666666666667,0.2262359873481132,0.36829703959695215
2026-01-02 18:00:00+00:00,2026-01-03 02:00:00+00:00,2026-01-03 07:00:00,2,8,1,2026-01-02 14:00:00+00:00,0.26,0.2838629779414042,0.36829703959695215
2026-01-02 18:00:00+00:00,2026-01-03 03:00:00+00:00,2026-01-03 08:00:00,2,9,1,2026-01-02 15:00:00+00:00,0.22,0.4173379443507809,0.36829703959695215
2026-01-02 18:00:00+00:00,2026-01-03 04:00:00+00:00,2026-01-03 09:00:00,2,10,1,2026-01-02 16:00:00+00:00,0.11833333333333333,0.5677489314540001,0.36829703959695215
2026-01-02 18:00:00+00:00,2026-01-03 05:00:00+00:00,2026-01-03 10:00:00,2,11,1,2026-01-02 17:00:00+00:00,0.135,0.61395749064879,0.36829703959695215
2026-01-02 18:00:00+00:00,2026-01-03 06:00:00+00:00,2026-01-03 11:00:00,2,12,1,2026-01-02 18:00:00+00:00,0.06666666666666667,0.6852904244456537,0.36829703959695215
2026-01-02 18:00:00+00:00,2026-01-03 07:00:00+00:00,2026-01-03 12:00:00,2,13,2,2026-01-01 19:00:00+00:00,0.14333333333333334,0.6801638228862814,0.36829703959695215
2026-01-02 18:00:00+00:00,2026-01-03 08:00:00+00:00,2026-01-03 13:00:00,2,14,2,2026-01-01 20:00:00+00:00,0.16166666666666665,0.4908733392516779,0.36829703959695215
2026-01-02 18:00:00+00:00,2026-01-03 09:00:00+00:00,2026-01-03 14:00:00,2,15,2,2026-01-01 21:00:00+00:00,0.15833333333333333,0.5264388370484265,0.36829703959695215
2026-01-02 18:00:00+00:00,2026-01-03 10:00:00+00:00,2026-01-03 15:00:00,2,16,2,2026-01-01 22:00:00+00:00,0.19666666666666666,0.45230298557245857,0.36829703959695215
2026-01-02 18:00:00+00:00,2026-01-03 11:00:00+00:00,2026-01-03 16:00:00,2,17,2,2026-01-01 23:00:00+00:00,0.20666666666666667,0.4560390589738322,0.36829703959695215
2026-01-02 18:00:00+00:00,2026-01-03 12:00:00+00:00,2026-01-03 17:00:00,2,18,2,2026-01-02 00:00:00+00:00,0.2783333333333333,0.5389303854676332,0.36829703959695215
2026-01-02 18:00:00+00:00,2026-01-03 13:00:00+00:00,2026-01-03 18:00:00,2,19,2,2026-01-02 01:00:00+00:00,0.5066666666666667,0.4503146857797072,0.36829703959695215
2026-01-02 18:00:00+00:00,2026-01-03 14:00:00+00:00,2026-01-03 19:00:00,2,20,2,2026-01-02 02:00:00+00:00,0.245,0.47925261821566717,0.36829703959695215
2026-01-02 18:00:00+00:00,2026-01-03 15:00:00+00:00,2026-01-03 20:00:00,2,21,2,2026-01-02 03:00:00+00:00,0.48833333333333334,0.4437120875181591,0.36829703959695215
2026-01-02 18:00:00+00:00,2026-01-03 16:00:00+00:00,2026-01-03 21:00:00,2,22,2,2026-01-02 04:00:00+00:00,0.285,0.4486670998461297,0.36829703959695215
2026-01-02 18:00:00+00:00,2026-01-03 17:00:00+00:00,2026-01-03 22:00:00,2,23,2,2026-01-02 05:00:00+00:00,0.15833333333333335,0.45248709947494864,0.36829703959695215
2026-01-02 18:00:00+00:00,2026-01-03 18:00:00+00:00,2026-01-03 23:00:00,2,24,2,2026-01-02 06:00:00+00:00,0.265,0.4701341203311276,0.36829703959695215
2026-01-02 18:00:00+00:00,2026-01-03 19:00:00+00:00,2026-01-04 00:00:00,2,25,2,2026-01-02 07:00:00+00:00,0.18333333333333335,0.6392732552355562,0.36829703959695215
2026-01-02 18:00:00+00:00,2026-01-03 20:00:00+00:00,2026-01-04 01:00:00,2,26,2,2026-01-02 08:00:00+00:00,0.26666666666666666,0.6894952189043853,0.36829703959695215
2026-01-02 18:00:00+00:00,2026-01-03 21:00:00+00:00,2026-01-04 02:00:00,2,27,2,2026-01-02 09:00:00+00:00,0.18999999999999997,0.6037880591556098,0.36829703959695215
2026-01-02 18:00:00+00:00,2026-01-03 22:00:00+00:00,2026-01-04 03:00:00,2,28,2,2026-01-02 10:00:00+00:00,0.16833333333333333,0.6639161285356684,0.36829703959695215
2026-01-02 18:00:00+00:00,2026-01-03 23:00:00+00:00,2026-01-04 04:00:00,2,29,2,2026-01-02 11:00:00+00:00,0.23333333333333336,0.6961815149354162,0.36829703959695215
2026-01-02 18:00:00+00:00,2026-01-04 00:00:00+00:00,2026-01-04 05:00:00,2,30,2,2026-01-02 12:00:00+00:00,0.2283333333333333,0.77073033999519,0.36829703959695215
2026-01-02 18:00:00+00:00,2026-01-04 01:00:00+00:00,2026-01-04 06:00:00,2,31,2,2026-01-02 13:00:00+00:00,0.37000000000000005,0.6835008006591222,0.36829703959695215
2026-01-02 18:00:00+00:00,2026-01-04 02:00:00+00:00,2026-01-04 07:00:00,2,32,2,2026-01-02 14:00:00+00:00,0.295,0.6681788481746236,0.36829703959695215
2026-01-02 18:00:00+00:00,2026-01-04 03:00:00+00:00,2026-01-04 08:00:00,2,33,2,2026-01-02 15:00:00+00:00,0.41,0.6524086093432311,0.36829703959695215
2026-01-02 18:00:00+00:00,2026-01-04 04:00:00+00:00,2026-01-04 09:00:00,2,34,2,2026-01-02 16:00:00+00:00,0.04833333333333333,0.45376390385038695,0.36829703959695215
2026-01-02 18:00:00+00:00,2026-01-04 05:00:00+00:00,2026-01-04 10:00:00,2,35,2,2026-01-02 17:00:00+00:00,0.07666666666666667,0.3778953857139899,0.36829703959695215
2026-01-02 18:00:00+00:00,2026-01-04 06:00:00+00:00,2026-01-04 11:00:00,2,36,2,2026-01-02 18:00:00+00:00,0.06833333333333333,0.08490840723306099,0.36829703959695215
2026-01-02 18:00:00+00:00,2026-01-04 07:00:00+00:00,2026-01-04 12:00:00,2,37,3,2026-01-01 19:00:00+00:00,0.01,0.11280147320800284,0.36829703959695215
2026-01-02 18:00:00+00:00,2026-01-04 08:00:00+00:00,2026-01-04 13:00:00,2,38,3,2026-01-01 20:00:00+00:00,0.01,0.0957865671902229,0.36829703959695215
2026-01-02 18:00:00+00:00,2026-01-04 09:00:00+00:00,2026-01-04 14:00:00,2,39,3,2026-01-01 21:00:00+00:00,0.01,0.05401737426401133,0.36829703959695215
2026-01-02 18:00:00+00:00,2026-01-04 10:00:00+00:00,2026-01-04 15:00:00,2,40,3,2026-01-01 22:00:00+00:00,0.03166666666666667,0.056306520784925075,0.36829703959695215
2026-01-02 18:00:00+00:00,2026-01-04 11:00:00+00:00,2026-01-04 16:00:00,2,41,3,2026-01-01 23:00:00+00:00,0.265,0.054649338716226535,0.36829703959695215
2026-01-02 18:00:00+00:00,2026-01-04 12:00:00+00:00,2026-01-04 17:00:00,2,42,3,2026-01-02 00:00:00+00:00,0.5816666666666667,0.06719435517893453,0.36829703959695215
2026-01-02 18:00:00+00:00,2026-01-04 13:00:00+00:00,2026-01-04 18:00:00,2,43,3,2026-01-02 01:00:00+00:00,0.62,0.22025861800088098,0.36829703959695215
2026-01-02 18:00:00+00:00,2026-01-04 14:00:00+00:00,2026-01-04 19:00:00,2,44,3,2026-01-02 02:00:00+00:00,0.6566666666666666,0.3321403367504678,0.36829703959695215
2026-01-02 18:00:00+00:00,2026-01-04 15:00:00+00:00,2026-01-04 20:00:00,2,45,3,2026-01-02 03:00:00+00:00,0.48666666666666664,0.3713963349764024,0.36829703959695215
2026-01-02 18:00:00+00:00,2026-01-04 16:00:00+00:00,2026-01-04 21:00:00,2,46,3,2026-01-02 04:00:00+00:00,0.3466666666666667,0.47087017508360834,0.36829703959695215
2026-01-02 18:00:00+00:00,2026-01-04 17:00:00+00:00,2026-01-04 22:00:00,2,47,3,2026-01-02 05:00:00+00:00,0.48500000000000004,0.5289444445203554,0.36829703959695215
2026-01-02 18:00:00+00:00,2026-01-04 18:00:00+00:00,2026-01-04 23:00:00,2,48,3,2026-01-02 06:00:00+00:00,0.8316666666666667,0.5442597574904179,0.36829703959695215
2026-01-03 18:00:00+00:00,2026-01-03 19:00:00+00:00,2026-01-04 00:00:00,1,1,1,2026-01-03 07:00:00+00:00,0.23166666666666666,0.37154551226921356,0.3736853865525423
2026-01-03 18:00:00+00:00,2026-01-03 20:00:00+00:00,2026-01-04 01:00:00,1,2,1,2026-01-03 08:00:00+00:00,0.2866666666666667,0.3707377838230304,0.3736853865525423
2026-01-03 18:00:00+00:00,2026-01-03 21:00:00+00:00,2026-01-04 02:00:00,1,3,1,2026-01-03 09:00:00+00:00,0.28,0.3402141175216113,0.3736853865525423
2026-01-03 18:00:00+00:00,2026-01-03 22:00:00+00:00,2026-01-04 03:00:00,1,4,1,2026-01-03 10:00:00+00:00,0.19000000000000003,0.46011810400350767,0.3736853865525423
2026-01-03 18:00:00+00:00,2026-01-03 23:00:00+00:00,2026-01-04 04:00:00,1,5,1,2026-01-03 11:00:00+00:00,0.2733333333333334,0.5786729711285781,0.3736853865525423
2026-01-03 18:00:00+00:00,2026-01-04 00:00:00+00:00,2026-01-04 05:00:00,1,6,1,2026-01-03 12:00:00+00:00,0.26666666666666666,0.5900320848957064,0.3736853865525423
2026-01-03 18:00:00+00:00,2026-01-04 01:00:00+00:00,2026-01-04 06:00:00,1,7,1,2026-01-03 13:00:00+00:00,0.39166666666666666,0.542251897904073,0.3736853865525423
2026-01-03 18:00:00+00:00,2026-01-04 02:00:00+00:00,2026-01-04 07:00:00,1,8,1,2026-01-03 14:00:00+00:00,0.30833333333333335,0.4581171969283853,0.3736853865525423
2026-01-03 18:00:00+00:00,2026-01-04 03:00:00+00:00,2026-01-04 08:00:00,1,9,1,2026-01-03 15:00:00+00:00,0.5016666666666666,0.4604317035852307,0.3736853865525423
2026-01-03 18:00:00+00:00,2026-01-04 04:00:00+00:00,2026-01-04 09:00:00,1,10,1,2026-01-03 16:00:00+00:00,0.07166666666666667,0.3087462748768522,0.3736853865525423
2026-01-03 18:00:00+00:00,2026-01-04 05:00:00+00:00,2026-01-04 10:00:00,1,11,1,2026-01-03 17:00:00+00:00,0.07166666666666667,0.06367678861399263,0.3736853865525423
2026-01-03 18:00:00+00:00,2026-01-04 06:00:00+00:00,2026-01-04 11:00:00,1,12,1,2026-01-03 18:00:00+00:00,0.07333333333333333,0.029193253911890513,0.3736853865525423
2026-01-03 18:00:00+00:00,2026-01-04 07:00:00+00:00,2026-01-04 12:00:00,1,13,2,2026-01-02 19:00:00+00:00,0.01,0.0510061108205809,0.3736853865525423
2026-01-03 18:00:00+00:00,2026-01-04 08:00:00+00:00,2026-01-04 13:00:00,1,14,2,2026-01-02 20:00:00+00:00,0.01,0.058595313771143846,0.3736853865525423
2026-01-03 18:00:00+00:00,2026-01-04 09:00:00+00:00,2026-01-04 14:00:00,1,15,2,2026-01-02 21:00:00+00:00,0.01,0.08388564073998933,0.3736853865525423
2026-01-03 18:00:00+00:00,2026-01-04 10:00:00+00:00,2026-01-04 15:00:00,1,16,2,2026-01-02 22:00:00+00:00,0.03333333333333333,0.08637890872240056,0.3736853865525423
2026-01-03 18:00:00+00:00,2026-01-04 11:00:00+00:00,2026-01-04 16:00:00,1,17,2,2026-01-02 23:00:00+00:00,0.25333333333333335,0.09907872494246342,0.3736853865525423
2026-01-03 18:00:00+00:00,2026-01-04 12:00:00+00:00,2026-01-04 17:00:00,1,18,2,2026-01-03 00:00:00+00:00,0.6166666666666666,0.16566661656251883,0.3736853865525423
2026-01-03 18:00:00+00:00,2026-01-04 13:00:00+00:00,2026-01-04 18:00:00,1,19,2,2026-01-03 01:00:00+00:00,0.6016666666666667,0.3244091769190049,0.3736853865525423
2026-01-03 18:00:00+00:00,2026-01-04 14:00:00+00:00,2026-01-04 19:00:00,1,20,2,2026-01-03 02:00:00+00:00,0.6366666666666667,0.44132559983175096,0.3736853865525423
2026-01-03 18:00:00+00:00,2026-01-04 15:00:00+00:00,2026-01-04 20:00:00,1,21,2,2026-01-03 03:00:00+00:00,0.47500000000000003,0.42948408456313675,0.3736853865525423
2026-01-03 18:00:00+00:00,2026-01-04 16:00:00+00:00,2026-01-04 21:00:00,1,22,2,2026-01-03 04:00:00+00:00,0.3233333333333333,0.43237176959320417,0.3736853865525423
2026-01-03 18:00:00+00:00,2026-01-04 17:00:00+00:00,2026-01-04 22:00:00,1,23,2,2026-01-03 05:00:00+00:00,0.4683333333333333,0.4754429979789058,0.3736853865525423
2026-01-03 18:00:00+00:00,2026-01-04 18:00:00+00:00,2026-01-04 23:00:00,1,24,2,2026-01-03 06:00:00+00:00,0.7666666666666666,0.5374126804393063,0.3736853865525423
2026-01-03 18:00:00+00:00,2026-01-04 19:00:00+00:00,2026-01-05 00:00:00,1,25,2,2026-01-03 07:00:00+00:00,0.2866666666666667,0.4385669819212686,0.3736853865525423
2026-01-03 18:00:00+00:00,2026-01-04 20:00:00+00:00,2026-01-05 01:00:00,1,26,2,2026-01-03 08:00:00+00:00,0.32666666666666666,0.3745175495058702,0.3736853865525423
2026-01-03 18:00:00+00:00,2026-01-04 21:00:00+00:00,2026-01-05 02:00:00,1,27,2,2026-01-03 09:00:00+00:00,0.3416666666666666,0.3532105128582456,0.3736853865525423
2026-01-03 18:00:00+00:00,2026-01-04 22:00:00+00:00,2026-01-05 03:00:00,1,28,2,2026-01-03 10:00:00+00:00,0.2783333333333334,0.266299352189937,0.3736853865525423
2026-01-03 18:00:00+00:00,2026-01-04 23:00:00+00:00,2026-01-05 04:00:00,1,29,2,2026-01-03 11:00:00+00:00,0.17,0.16863214825607759,0.3736853865525423
2026-01-03 18:00:00+00:00,2026-01-05 00:00:00+00:00,2026-01-05 05:00:00,1,30,2,2026-01-03 12:00:00+00:00,0.12333333333333334,0.14919658245493964,0.3736853865525423
2026-01-03 18:00:00+00:00,2026-01-05 01:00:00+00:00,2026-01-05 06:00:00,1,31,2,2026-01-03 13:00:00+00:00,0.045000000000000005,0.14925912974123154,0.3736853865525423
2026-01-03 18:00:00+00:00,2026-01-05 02:00:00+00:00,2026-01-05 07:00:00,1,32,2,2026-01-03 14:00:00+00:00,0.01,0.061764343881641245,0.3736853865525423
2026-01-03 18:00:00+00:00,2026-01-05 03:00:00+00:00,2026-01-05 08:00:00,1,33,2,2026-01-03 15:00:00+00:00,0.01,0.030295920063715693,0.3736853865525423
2026-01-03 18:00:00+00:00,2026-01-05 04:00:00+00:00,2026-01-05 09:00:00,1,34,2,2026-01-03 16:00:00+00:00,0.01,0.025785164382375002,0.3736853865525423
2026-01-03 18:00:00+00:00,2026-01-05 05:00:00+00:00,2026-01-05 10:00:00,1,35,2,2026-01-03 17:00:00+00:00,0.01,0.03789451376674816,0.3736853865525423
2026-01-03 18:00:00+00:00,2026-01-05 06:00:00+00:00,2026-01-05 11:00:00,1,36,2,2026-01-03 18:00:00+00:00,0.01,0.014231425520135588,0.3736853865525423
2026-01-03 18:00:00+00:00,2026-01-05 07:00:00+00:00,2026-01-05 12:00:00,1,37,3,2026-01-02 19:00:00+00:00,0.018333333333333333,0.028152461623551162,0.3736853865525423
2026-01-03 18:00:00+00:00,2026-01-05 08:00:00+00:00,2026-01-05 13:00:00,1,38,3,2026-01-02 20:00:00+00:00,0.03166666666666667,0.03644923270345568,0.3736853865525423
2026-01-03 18:00:00+00:00,2026-01-05 09:00:00+00:00,2026-01-05 14:00:00,1,39,3,2026-01-02 21:00:00+00:00,0.01,0.08938700425568605,0.3736853865525423
2026-01-03 18:00:00+00:00,2026-01-05 10:00:00+00:00,2026-01-05 15:00:00,1,40,3,2026-01-02 22:00:00+00:00,0.01,0.08692743225387778,0.3736853865525423
2026-01-03 18:00:00+00:00,2026-01-05 11:00:00+00:00,2026-01-05 16:00:00,1,41,3,2026-01-02 23:00:00+00:00,0.02,0.11114893741927848,0.3736853865525423
2026-01-03 18:00:00+00:00,2026-01-05 12:00:00+00:00,2026-01-05 17:00:00,1,42,3,2026-01-03 00:00:00+00:00,0.03666666666666667,0.03889205589922826,0.3736853865525423
2026-01-03 18:00:00+00:00,2026-01-05 13:00:00+00:00,2026-01-05 18:00:00,1,43,3,2026-01-03 01:00:00+00:00,0.06833333333333334,0.05002669114102936,0.3736853865525423
2026-01-03 18:00:00+00:00,2026-01-05 14:00:00+00:00,2026-01-05 19:00:00,1,44,3,2026-01-03 02:00:00+00:00,0.08333333333333333,0.062381640137595014,0.3736853865525423
2026-01-03 18:00:00+00:00,2026-01-05 15:00:00+00:00,2026-01-05 20:00:00,1,45,3,2026-01-03 03:00:00+00:00,0.13166666666666668,0.1402537889535489,0.3736853865525423
2026-01-03 18:00:00+00:00,2026-01-05 16:00:00+00:00,2026-01-05 21:00:00,1,46,3,2026-01-03 04:00:00+00:00,0.18833333333333332,0.2740497516822808,0.3736853865525423
2026-01-03 18:00:00+00:00,2026-01-05 17:00:00+00:00,2026-01-05 22:00:00,1,47,3,2026-01-03 05:00:00+00:00,0.37666666666666665,0.3930379909249669,0.3736853865525423
2026-01-03 18:00:00+00:00,2026-01-05 18:00:00+00:00,2026-01-05 23:00:00,1,48,3,2026-01-03 06:00:00+00:00,0.4216666666666667,0.5713384756714802,0.3736853865525423
2026-01-03 18:00:00+00:00,2026-01-03 19:00:00+00:00,2026-01-04 00:00:00,2,1,1,2026-01-03 07:00:00+00:00,0.18333333333333335,0.3728967062128466,0.36829703959695215
2026-01-03 18:00:00+00:00,2026-01-03 20:00:00+00:00,2026-01-04 01:00:00,2,2,1,2026-01-03 08:00:00+00:00,0.26666666666666666,0.37208897776666355,0.36829703959695215
2026-01-03 18:00:00+00:00,2026-01-03 21:00:00+00:00,2026-01-04 02:00:00,2,3,1,2026-01-03 09:00:00+00:00,0.18999999999999997,0.34156531146524444,0.36829703959695215
2026-01-03 18:00:00+00:00,2026-01-03 22:00:00+00:00,2026-01-04 03:00:00,2,4,1,2026-01-03 10:00:00+00:00,0.16833333333333333,0.4614692979471407,0.36829703959695215
2026-01-03 18:00:00+00:00,2026-01-03 23:00:00+00:00,2026-01-04 04:00:00,2,5,1,2026-01-03 11:00:00+00:00,0.23333333333333336,0.5800241650722113,0.36829703959695215
2026-01-03 18:00:00+00:00,2026-01-04 00:00:00+00:00,2026-01-04 05:00:00,2,6,1,2026-01-03 12:00:00+00:00,0.2283333333333333,0.5913832788393394,0.36829703959695215
2026-01-03 18:00:00+00:00,2026-01-04 01:00:00+00:00,2026-01-04 06:00:00,2,7,1,2026-01-03 13:00:00+00:00,0.37000000000000005,0.5436030918477063,0.36829703959695215
2026-01-03 18:00:00+00:00,2026-01-04 02:00:00+00:00,2026-01-04 07:00:00,2,8,1,2026-01-03 14:00:00+00:00,0.295,0.45946839087201835,0.36829703959695215
2026-01-03 18:00:00+00:00,2026-01-04 03:00:00+00:00,2026-01-04 08:00:00,2,9,1,2026-01-03 15:00:00+00:00,0.41,0.46178289752886387,0.36829703959695215
2026-01-03 18:00:00+00:00,2026-01-04 04:00:00+00:00,2026-01-04 09:00:00,2,10,1,2026-01-03 16:00:00+00:00,0.04833333333333333,0.3094324239986574,0.36829703959695215
2026-01-03 18:00:00+00:00,2026-01-04 05:00:00+00:00,2026-01-04 10:00:00,2,11,1,2026-01-03 17:00:00+00:00,0.07666666666666667,0.06404877081404582,0.36829703959695215
2026-01-03 18:00:00+00:00,2026-01-04 06:00:00+00:00,2026-01-04 11:00:00,2,12,1,2026-01-03 18:00:00+00:00,0.06833333333333333,0.027208716734651094,0.36829703959695215
2026-01-03 18:00:00+00:00,2026-01-04 07:00:00+00:00,2026-01-04 12:00:00,2,13,2,2026-01-02 19:00:00+00:00,0.01,0.051898963947479934,0.36829703959695215
2026-01-03 18:00:00+00:00,2026-01-04 08:00:00+00:00,2026-01-04 13:00:00,2,14,2,2026-01-02 20:00:00+00:00,0.01,0.059773419797070355,0.36829703959695215
2026-01-03 18:00:00+00:00,2026-01-04 09:00:00+00:00,2026-01-04 14:00:00,2,15,2,2026-01-02 21:00:00+00:00,0.01,0.0816619239603962,0.36829703959695215
2026-01-03 18:00:00+00:00,2026-01-04 10:00:00+00:00,2026-01-04 15:00:00,2,16,2,2026-01-02 22:00:00+00:00,0.03166666666666667,0.0841551919428074,0.36829703959695215
2026-01-03 18:00:00+00:00,2026-01-04 11:00:00+00:00,2026-01-04 16:00:00,2,17,2,2026-01-02 23:00:00+00:00,0.265,0.09704057360758472,0.36829703959695215
2026-01-03 18:00:00+00:00,2026-01-04 12:00:00+00:00,2026-01-04 17:00:00,2,18,2,2026-01-03 00:00:00+00:00,0.5816666666666667,0.16383661952039943,0.36829703959695215
2026-01-03 18:00:00+00:00,2026-01-04 13:00:00+00:00,2026-01-04 18:00:00,2,19,2,2026-01-03 01:00:00+00:00,0.62,0.3231269505891922,0.36829703959695215
2026-01-03 18:00:00+00:00,2026-01-04 14:00:00+00:00,2026-01-04 19:00:00,2,20,2,2026-01-03 02:00:00+00:00,0.6566666666666666,0.4400433735019383,0.36829703959695215
2026-01-03 18:00:00+00:00,2026-01-04 15:00:00+00:00,2026-01-04 20:00:00,2,21,2,2026-01-03 03:00:00+00:00,0.48666666666666664,0.4282018582333241,0.36829703959695215
2026-01-03 18:00:00+00:00,2026-01-04 16:00:00+00:00,2026-01-04 21:00:00,2,22,2,2026-01-03 04:00:00+00:00,0.3466666666666667,0.4310895432633915,0.36829703959695215
2026-01-03 18:00:00+00:00,2026-01-04 17:00:00+00:00,2026-01-04 22:00:00,2,23,2,2026-01-03 05:00:00+00:00,0.48500000000000004,0.477565883460869,0.36829703959695215
2026-01-03 18:00:00+00:00,2026-01-04 18:00:00+00:00,2026-01-04 23:00:00,2,24,2,2026-01-03 06:00:00+00:00,0.8316666666666667,0.5395355659212696,0.36829703959695215
2026-01-03 18:00:00+00:00,2026-01-04 19:00:00+00:00,2026-01-05 00:00:00,2,25,2,2026-01-03 07:00:00+00:00,0.27666666666666667,0.44068986740323174,0.36829703959695215
2026-01-03 18:00:00+00:00,2026-01-04 20:00:00+00:00,2026-01-05 01:00:00,2,26,2,2026-01-03 08:00:00+00:00,0.33,0.37664043498783323,0.36829703959695215
2026-01-03 18:00:00+00:00,2026-01-04 21:00:00+00:00,2026-01-05 02:00:00,2,27,2,2026-01-03 09:00:00+00:00,0.34500000000000003,0.35533339834020866,0.36829703959695215
2026-01-03 18:00:00+00:00,2026-01-04 22:00:00+00:00,2026-01-05 03:00:00,2,28,2,2026-01-03 10:00:00+00:00,0.27666666666666667,0.266225101483554,0.36829703959695215
2026-01-03 18:00:00+00:00,2026-01-04 23:00:00+00:00,2026-01-05 04:00:00,2,29,2,2026-01-03 11:00:00+00:00,0.16,0.16720613143005364,0.36829703959695215
2026-01-03 18:00:00+00:00,2026-01-05 00:00:00+00:00,2026-01-05 05:00:00,2,30,2,2026-01-03 12:00:00+00:00,0.12666666666666668,0.1477705656289157,0.36829703959695215
2026-01-03 18:00:00+00:00,2026-01-05 01:00:00+00:00,2026-01-05 06:00:00,2,31,2,2026-01-03 13:00:00+00:00,0.04833333333333333,0.15138201522319467,0.36829703959695215
2026-01-03 18:00:00+00:00,2026-01-05 02:00:00+00:00,2026-01-05 07:00:00,2,32,2,2026-01-03 14:00:00+00:00,0.01,0.059604990898596014,0.36829703959695215
2026-01-03 18:00:00+00:00,2026-01-05 03:00:00+00:00,2026-01-05 08:00:00,2,33,2,2026-01-03 15:00:00+00:00,0.01,0.028136567080670413,0.36829703959695215
2026-01-03 18:00:00+00:00,2026-01-05 04:00:00+00:00,2026-01-05 09:00:00,2,34,2,2026-01-03 16:00:00+00:00,0.01,0.02435580100500886,0.36829703959695215
2026-01-03 18:00:00+00:00,2026-01-05 05:00:00+00:00,2026-01-05 10:00:00,2,35,2,2026-01-03 17:00:00+00:00,0.006666666666666667,0.03618541942282908,0.36829703959695215
2026-01-03 18:00:00+00:00,2026-01-05 06:00:00+00:00,2026-01-05 11:00:00,2,36,2,2026-01-03 18:00:00+00:00,0.008333333333333333,0.01300876614786318,0.36829703959695215
2026-01-03 18:00:00+00:00,2026-01-05 07:00:00+00:00,2026-01-05 12:00:00,2,37,3,2026-01-02 19:00:00+00:00,0.013333333333333334,0.0272439691730309,0.36829703959695215
2026-01-03 18:00:00+00:00,2026-01-05 08:00:00+00:00,2026-01-05 13:00:00,2,38,3,2026-01-02 20:00:00+00:00,0.03333333333333333,0.03627407640995671,0.36829703959695215
2026-01-03 18:00:00+00:00,2026-01-05 09:00:00+00:00,2026-01-05 14:00:00,2,39,3,2026-01-02 21:00:00+00:00,0.008333333333333333,0.08754233669204178,0.36829703959695215
2026-01-03 18:00:00+00:00,2026-01-05 10:00:00+00:00,2026-01-05 15:00:00,2,40,3,2026-01-02 22:00:00+00:00,0.006666666666666667,0.08508276469023351,0.36829703959695215
2026-01-03 18:00:00+00:00,2026-01-05 11:00:00+00:00,2026-01-05 16:00:00,2,41,3,2026-01-02 23:00:00+00:00,0.018333333333333333,0.10930426985563421,0.36829703959695215
2026-01-03 18:00:00+00:00,2026-01-05 12:00:00+00:00,2026-01-05 17:00:00,2,42,3,2026-01-03 00:00:00+00:00,0.03333333333333333,0.0393768270565539,0.36829703959695215
2026-01-03 18:00:00+00:00,2026-01-05 13:00:00+00:00,2026-01-05 18:00:00,2,43,3,2026-01-03 01:00:00+00:00,0.07333333333333333,0.05051146229835495,0.36829703959695215
2026-01-03 18:00:00+00:00,2026-01-05 14:00:00+00:00,2026-01-05 19:00:00,2,44,3,2026-01-03 02:00:00+00:00,0.07166666666666667,0.06286641129492065,0.36829703959695215
2026-01-03 18:00:00+00:00,2026-01-05 15:00:00+00:00,2026-01-05 20:00:00,2,45,3,2026-01-03 03:00:00+00:00,0.12166666666666666,0.1409074624780942,0.36829703959695215
2026-01-03 18:00:00+00:00,2026-01-05 16:00:00+00:00,2026-01-05 21:00:00,2,46,3,2026-01-03 04:00:00+00:00,0.15166666666666664,0.2746318485330325,0.36829703959695215
2026-01-03 18:00:00+00:00,2026-01-05 17:00:00+00:00,2026-01-05 22:00:00,2,47,3,2026-01-03 05:00:00+00:00,0.34833333333333333,0.3937560282460601,0.36829703959695215
2026-01-03 18:00:00+00:00,2026-01-05 18:00:00+00:00,2026-01-05 23:00:00,2,48,3,2026-01-03 06:00:00+00:00,0.37166666666666665,0.5720565129925738,0.36829703959695215
2026-01-04 18:00:00+00:00,2026-01-04 19:00:00+00:00,2026-01-05 00:00:00,1,1,1,2026-01-04 07:00:00+00:00,0.2866666666666667,0.2761598627730056,0.3736853865525423
2026-01-04 18:00:00+00:00,2026-01-04 20:00:00+00:00,2026-01-05 01:00:00,1,2,1,2026-01-04 08:00:00+00:00,0.32666666666666666,0.20898569787111138,0.3736853865525423
2026-01-04 18:00:00+00:00,2026-01-04 21:00:00+00:00,2026-01-05 02:00:00,1,3,1,2026-01-04 09:00:00+00:00,0.3416666666666666,0.1510068677371209,0.3736853865525423
2026-01-04 18:00:00+00:00,2026-01-04 22:00:00+00:00,2026-01-05 03:00:00,1,4,1,2026-01-04 10:00:00+00:00,0.2783333333333334,0.07979026697605253,0.3736853865525423
2026-01-04 18:00:00+00:00,2026-01-04 23:00:00+00:00,2026-01-05 04:00:00,1,5,1,2026-01-04 11:00:00+00:00,0.17,0.08185210937414099,0.3736853865525423
2026-01-04 18:00:00+00:00,2026-01-05 00:00:00+00:00,2026-01-05 05:00:00,1,6,1,2026-01-04 12:00:00+00:00,0.12333333333333334,0.029372123663938883,0.3736853865525423
2026-01-04 18:00:00+00:00,2026-01-05 01:00:00+00:00,2026-01-05 06:00:00,1,7,1,2026-01-04 13:00:00+00:00,0.045000000000000005,0.027862531631946783,0.3736853865525423
2026-01-04 18:00:00+00:00,2026-01-05 02:00:00+00:00,2026-01-05 07:00:00,1,8,1,2026-01-04 14:00:00+00:00,0.01,0.02497863853979398,0.3736853865525423
2026-01-04 18:00:00+00:00,2026-01-05 03:00:00+00:00,2026-01-05 08:00:00,1,9,1,2026-01-04 15:00:00+00:00,0.01,0.01813211169196009,0.3736853865525423
2026-01-04 18:00:00+00:00,2026-01-05 04:00:00+00:00,2026-01-05 09:00:00,1,10,1,2026-01-04 16:00:00+00:00,0.01,0.01106914290431348,0.3736853865525423
2026-01-04 18:00:00+00:00,2026-01-05 05:00:00+00:00,2026-01-05 10:00:00,1,11,1,2026-01-04 17:00:00+00:00,0.01,0.032078545168243676,0.3736853865525423
2026-01-04 18:00:00+00:00,2026-01-05 06:00:00+00:00,2026-01-05 11:00:00,1,12,1,2026-01-04 18:00:00+00:00,0.01,0.031029053472435245,0.3736853865525423
2026-01-04 18:00:00+00:00,2026-01-05 07:00:00+00:00,2026-01-05 12:00:00,1,13,2,2026-01-03 19:00:00+00:00,0.018333333333333333,0.020436922618339407,0.3736853865525423
2026-01-04 18:00:00+00:00,2026-01-05 08:00:00+00:00,2026-01-05 13:00:00,1,14,2,2026-01-03 20:00:00+00:00,0.03166666666666667,0.022090957458533175,0.3736853865525423
2026-01-04 18:00:00+00:00,2026-01-05 09:00:00+00:00,2026-01-05 14:00:00,1,15,2,2026-01-03 21:00:00+00:00,0.01,0.027519912942088637,0.3736853865525423
2026-01-04 18:00:00+00:00,2026-01-05 10:00:00+00:00,2026-01-05 15:00:00,1,16,2,2026-01-03 22:00:00+00:00,0.01,0.035433457220844344,0.3736853865525423
2026-01-04 18:00:00+00:00,2026-01-05 11:00:00+00:00,2026-01-05 16:00:00,1,17,2,2026-01-03 23:00:00+00:00,0.02,0.043698935452715,0.3736853865525423
2026-01-04 18:00:00+00:00,2026-01-05 12:00:00+00:00,2026-01-05 17:00:00,1,18,2,2026-01-04 00:00:00+00:00,0.03666666666666667,0.07139823652367211,0.3736853865525423
2026-01-04 18:00:00+00:00,2026-01-05 13:00:00+00:00,2026-01-05 18:00:00,1,19,2,2026-01-04 01:00:00+00:00,0.06833333333333334,0.09646602073786903,0.3736853865525423
2026-01-04 18:00:00+00:00,2026-01-05 14:00:00+00:00,2026-01-05 19:00:00,1,20,2,2026-01-04 02:00:00+00:00,0.08333333333333333,0.1609290920728259,0.3736853865525423
2026-01-04 18:00:00+00:00,2026-01-05 15:00:00+00:00,2026-01-05 20:00:00,1,21,2,2026-01-04 03:00:00+00:00,0.13166666666666668,0.19281917571175586,0.3736853865525423
2026-01-04 18:00:00+00:00,2026-01-05 16:00:00+00:00,2026-01-05 21:00:00,1,22,2,2026-01-04 04:00:00+00:00,0.18833333333333332,0.2669103141622445,0.3736853865525423
2026-01-04 18:00:00+00:00,2026-01-05 17:00:00+00:00,2026-01-05 22:00:00,1,23,2,2026-01-04 05:00:00+00:00,0.37666666666666665,0.4007403456959984,0.3736853865525423
2026-01-04 18:00:00+00:00,2026-01-05 18:00:00+00:00,2026-01-05 23:00:00,1,24,2,2026-01-04 06:00:00+00:00,0.4216666666666667,0.7030297167806366,0.3736853865525423
2026-01-04 18:00:00+00:00,2026-01-05 19:00:00+00:00,2026-01-06 00:00:00,1,25,2,2026-01-04 07:00:00+00:00,0.375,0.6202569672754492,0.3736853865525423
2026-01-04 18:00:00+00:00,2026-01-05 20:00:00+00:00,2026-01-06 01:00:00,1,26,2,2026-01-04 08:00:00+00:00,0.31833333333333336,0.6968638397531506,0.3736853865525423
2026-01-04 18:00:00+00:00,2026-01-05 21:00:00+00:00,2026-01-06 02:00:00,1,27,2,2026-01-04 09:00:00+00:00,0.8166666666666668,0.8203316527149803,0.3736853865525423
2026-01-04 18:00:00+00:00,2026-01-05 22:00:00+00:00,2026-01-06 03:00:00,1,28,2,2026-01-04 10:00:00+00:00,0.9866666666666667,0.8199955831732485,0.3736853865525423
2026-01-04 18:00:00+00:00,2026-01-05 23:00:00+00:00,2026-01-06 04:00:00,1,29,2,2026-01-04 11:00:00+00:00,0.8433333333333333,0.8219099740948762,0.3736853865525423
2026-01-04 18:00:00+00:00,2026-01-06 00:00:00+00:00,2026-01-06 05:00:00,1,30,2,2026-01-04 12:00:00+00:00,0.9700000000000001,0.8125263966854193,0.3736853865525423
2026-01-04 18:00:00+00:00,2026-01-06 01:00:00+00:00,2026-01-06 06:00:00,1,31,2,2026-01-04 13:00:00+00:00,0.8766666666666666,0.797208643771342,0.3736853865525423
2026-01-04 18:00:00+00:00,2026-01-06 02:00:00+00:00,2026-01-06 07:00:00,1,32,2,2026-01-04 14:00:00+00:00,0.9733333333333333,0.6981171945535437,0.3736853865525423
2026-01-04 18:00:00+00:00,2026-01-06 03:00:00+00:00,2026-01-06 08:00:00,1,33,2,2026-01-04 15:00:00+00:00,0.9899999999999999,0.7044778275019313,0.3736853865525423
2026-01-04 18:00:00+00:00,2026-01-06 04:00:00+00:00,2026-01-06 09:00:00,1,34,2,2026-01-04 16:00:00+00:00,0.9783333333333334,0.7042941873202875,0.3736853865525423
2026-01-04 18:00:00+00:00,2026-01-06 05:00:00+00:00,2026-01-06 10:00:00,1,35,2,2026-01-04 17:00:00+00:00,0.9683333333333333,0.8737309165943165,0.3736853865525423
2026-01-04 18:00:00+00:00,2026-01-06 06:00:00+00:00,2026-01-06 11:00:00,1,36,2,2026-01-04 18:00:00+00:00,0.9866666666666667,0.8933157319475233,0.3736853865525423
2026-01-04 18:00:00+00:00,2026-01-06 07:00:00+00:00,2026-01-06 12:00:00,1,37,3,2026-01-03 19:00:00+00:00,0.9766666666666666,0.8956726212274251,0.3736853865525423
2026-01-04 18:00:00+00:00,2026-01-06 08:00:00+00:00,2026-01-06 13:00:00,1,38,3,2026-01-03 20:00:00+00:00,0.9683333333333333,0.8565210600151962,0.3736853865525423
2026-01-04 18:00:00+00:00,2026-01-06 09:00:00+00:00,2026-01-06 14:00:00,1,39,3,2026-01-03 21:00:00+00:00,0.9866666666666667,0.8705617357313481,0.3736853865525423
2026-01-04 18:00:00+00:00,2026-01-06 10:00:00+00:00,2026-01-06 15:00:00,1,40,3,2026-01-03 22:00:00+00:00,0.9899999999999999,0.8798998829901207,0.3736853865525423
2026-01-04 18:00:00+00:00,2026-01-06 11:00:00+00:00,2026-01-06 16:00:00,1,41,3,2026-01-03 23:00:00+00:00,0.9883333333333333,0.9191313461141944,0.3736853865525423
2026-01-04 18:00:00+00:00,2026-01-06 12:00:00+00:00,2026-01-06 17:00:00,1,42,3,2026-01-04 00:00:00+00:00,0.9883333333333333,0.8506536315126774,0.3736853865525423
2026-01-04 18:00:00+00:00,2026-01-06 13:00:00+00:00,2026-01-06 18:00:00,1,43,3,2026-01-04 01:00:00+00:00,0.9899999999999999,0.9199833310638611,0.3736853865525423
2026-01-04 18:00:00+00:00,2026-01-06 14:00:00+00:00,2026-01-06 19:00:00,1,44,3,2026-01-04 02:00:00+00:00,0.855,0.8400659417334901,0.3736853865525423
2026-01-04 18:00:00+00:00,2026-01-06 15:00:00+00:00,2026-01-06 20:00:00,1,45,3,2026-01-04 03:00:00+00:00,0.6966666666666667,0.7848788510265391,0.3736853865525423
2026-01-04 18:00:00+00:00,2026-01-06 16:00:00+00:00,2026-01-06 21:00:00,1,46,3,2026-01-04 04:00:00+00:00,0.4633333333333333,0.7103606670322465,0.3736853865525423
2026-01-04 18:00:00+00:00,2026-01-06 17:00:00+00:00,2026-01-06 22:00:00,1,47,3,2026-01-04 05:00:00+00:00,0.22999999999999998,0.6493679809736772,0.3736853865525423
2026-01-04 18:00:00+00:00,2026-01-06 18:00:00+00:00,2026-01-06 23:00:00,1,48,3,2026-01-04 06:00:00+00:00,0.02,0.5583882635292781,0.3736853865525423
2026-01-04 18:00:00+00:00,2026-01-04 19:00:00+00:00,2026-01-05 00:00:00,2,1,1,2026-01-04 07:00:00+00:00,0.27666666666666667,0.2760856120666228,0.36829703959695215
2026-01-04 18:00:00+00:00,2026-01-04 20:00:00+00:00,2026-01-05 01:00:00,2,2,1,2026-01-04 08:00:00+00:00,0.33,0.2089114471647285,0.36829703959695215
2026-01-04 18:00:00+00:00,2026-01-04 21:00:00+00:00,2026-01-05 02:00:00,2,3,1,2026-01-04 09:00:00+00:00,0.34500000000000003,0.14958085091109696,0.36829703959695215
2026-01-04 18:00:00+00:00,2026-01-04 22:00:00+00:00,2026-01-05 03:00:00,2,4,1,2026-01-04 10:00:00+00:00,0.27666666666666667,0.07836425015002858,0.36829703959695215
2026-01-04 18:00:00+00:00,2026-01-04 23:00:00+00:00,2026-01-05 04:00:00,2,5,1,2026-01-04 11:00:00+00:00,0.16,0.08042609254811701,0.36829703959695215
2026-01-04 18:00:00+00:00,2026-01-05 00:00:00+00:00,2026-01-05 05:00:00,2,6,1,2026-01-04 12:00:00+00:00,0.12666666666666668,0.028152810843008635,0.36829703959695215
2026-01-04 18:00:00+00:00,2026-01-05 01:00:00+00:00,2026-01-05 06:00:00,2,7,1,2026-01-04 13:00:00+00:00,0.04833333333333333,0.025909882653995228,0.36829703959695215
2026-01-04 18:00:00+00:00,2026-01-05 02:00:00+00:00,2026-01-05 07:00:00,2,8,1,2026-01-04 14:00:00+00:00,0.01,0.02302598956184243,0.36829703959695215
2026-01-04 18:00:00+00:00,2026-01-05 03:00:00+00:00,2026-01-05 08:00:00,2,9,1,2026-01-04 15:00:00+00:00,0.01,0.019056853018146986,0.36829703959695215
2026-01-04 18:00:00+00:00,2026-01-05 04:00:00+00:00,2026-01-05 09:00:00,2,10,1,2026-01-04 16:00:00+00:00,0.01,0.011961996031212509,0.36829703959695215
2026-01-04 18:00:00+00:00,2026-01-05 05:00:00+00:00,2026-01-05 10:00:00,2,11,1,2026-01-04 17:00:00+00:00,0.006666666666666667,0.03397114889457275,0.36829703959695215
2026-01-04 18:00:00+00:00,2026-01-05 06:00:00+00:00,2026-01-05 11:00:00,2,12,1,2026-01-04 18:00:00+00:00,0.008333333333333333,0.030044266894625887,0.36829703959695215
2026-01-04 18:00:00+00:00,2026-01-05 07:00:00+00:00,2026-01-05 12:00:00,2,13,2,2026-01-03 19:00:00+00:00,0.013333333333333334,0.019214263246067013,0.36829703959695215
2026-01-04 18:00:00+00:00,2026-01-05 08:00:00+00:00,2026-01-05 13:00:00,2,14,2,2026-01-03 20:00:00+00:00,0.03333333333333333,0.020868298086260787,0.36829703959695215
2026-01-04 18:00:00+00:00,2026-01-05 09:00:00+00:00,2026-01-05 14:00:00,2,15,2,2026-01-03 21:00:00+00:00,0.008333333333333333,0.025127293795275805,0.36829703959695215
2026-01-04 18:00:00+00:00,2026-01-05 10:00:00+00:00,2026-01-05 15:00:00,2,16,2,2026-01-03 22:00:00+00:00,0.006666666666666667,0.033040838074031506,0.36829703959695215
2026-01-04 18:00:00+00:00,2026-01-05 11:00:00+00:00,2026-01-05 16:00:00,2,17,2,2026-01-03 23:00:00+00:00,0.018333333333333333,0.04130631630590213,0.36829703959695215
2026-01-04 18:00:00+00:00,2026-01-05 12:00:00+00:00,2026-01-05 17:00:00,2,18,2,2026-01-04 00:00:00+00:00,0.03333333333333333,0.06917451974407898,0.36829703959695215
2026-01-04 18:00:00+00:00,2026-01-05 13:00:00+00:00,2026-01-05 18:00:00,2,19,2,2026-01-04 01:00:00+00:00,0.07333333333333333,0.09711969426241437,0.36829703959695215
2026-01-04 18:00:00+00:00,2026-01-05 14:00:00+00:00,2026-01-05 19:00:00,2,20,2,2026-01-04 02:00:00+00:00,0.07166666666666667,0.15527347820445503,0.36829703959695215
2026-01-04 18:00:00+00:00,2026-01-05 15:00:00+00:00,2026-01-05 20:00:00,2,21,2,2026-01-04 03:00:00+00:00,0.12166666666666666,0.19347284923630118,0.36829703959695215
2026-01-04 18:00:00+00:00,2026-01-05 16:00:00+00:00,2026-01-05 21:00:00,2,22,2,2026-01-04 04:00:00+00:00,0.15166666666666664,0.2677721419795492,0.36829703959695215
2026-01-04 18:00:00+00:00,2026-01-05 17:00:00+00:00,2026-01-05 22:00:00,2,23,2,2026-01-04 05:00:00+00:00,0.34833333333333333,0.40145838301709164,0.36829703959695215
2026-01-04 18:00:00+00:00,2026-01-05 18:00:00+00:00,2026-01-05 23:00:00,2,24,2,2026-01-04 06:00:00+00:00,0.37166666666666665,0.7037477541017297,0.36829703959695215
2026-01-04 18:00:00+00:00,2026-01-05 19:00:00+00:00,2026-01-06 00:00:00,2,25,2,2026-01-04 07:00:00+00:00,0.3466666666666667,0.6209750045965425,0.36829703959695215
2026-01-04 18:00:00+00:00,2026-01-05 20:00:00+00:00,2026-01-06 01:00:00,2,26,2,2026-01-04 08:00:00+00:00,0.2966666666666667,0.6975818770742437,0.36829703959695215
2026-01-04 18:00:00+00:00,2026-01-05 21:00:00+00:00,2026-01-06 02:00:00,2,27,2,2026-01-04 09:00:00+00:00,0.7400000000000001,0.8209124377907965,0.36829703959695215
2026-01-04 18:00:00+00:00,2026-01-05 22:00:00+00:00,2026-01-06 03:00:00,2,28,2,2026-01-04 10:00:00+00:00,0.9566666666666667,0.8205763682490649,0.36829703959695215
2026-01-04 18:00:00+00:00,2026-01-05 23:00:00+00:00,2026-01-06 04:00:00,2,29,2,2026-01-04 11:00:00+00:00,0.7999999999999999,0.8213736127432846,0.36829703959695215
2026-01-04 18:00:00+00:00,2026-01-06 00:00:00+00:00,2026-01-06 05:00:00,2,30,2,2026-01-04 12:00:00+00:00,0.9683333333333333,0.8097334357981711,0.36829703959695215
2026-01-04 18:00:00+00:00,2026-01-06 01:00:00+00:00,2026-01-06 06:00:00,2,31,2,2026-01-04 13:00:00+00:00,0.8783333333333333,0.7944156828840939,0.36829703959695215
2026-01-04 18:00:00+00:00,2026-01-06 02:00:00+00:00,2026-01-06 07:00:00,2,32,2,2026-01-04 14:00:00+00:00,0.9733333333333333,0.6955956245097091,0.36829703959695215
2026-01-04 18:00:00+00:00,2026-01-06 03:00:00+00:00,2026-01-06 08:00:00,2,33,2,2026-01-04 15:00:00+00:00,0.9683333333333333,0.7016027035170164,0.36829703959695215
2026-01-04 18:00:00+00:00,2026-01-06 04:00:00+00:00,2026-01-06 09:00:00,2,34,2,2026-01-04 16:00:00+00:00,0.965,0.7014190633353725,0.36829703959695215
2026-01-04 18:00:00+00:00,2026-01-06 05:00:00+00:00,2026-01-06 10:00:00,2,35,2,2026-01-04 17:00:00+00:00,0.9133333333333334,0.871315461256183,0.36829703959695215
2026-01-04 18:00:00+00:00,2026-01-06 06:00:00+00:00,2026-01-06 11:00:00,2,36,2,2026-01-04 18:00:00+00:00,0.975,0.890518653384371,0.36829703959695215
2026-01-04 18:00:00+00:00,2026-01-06 07:00:00+00:00,2026-01-06 12:00:00,2,37,3,2026-01-03 19:00:00+00:00,0.9733333333333333,0.8930870253693755,0.36829703959695215
2026-01-04 18:00:00+00:00,2026-01-06 08:00:00+00:00,2026-01-06 13:00:00,2,38,3,2026-01-03 20:00:00+00:00,0.9666666666666667,0.8539173268736948,0.36829703959695215
2026-01-04 18:00:00+00:00,2026-01-06 09:00:00+00:00,2026-01-06 14:00:00,2,39,3,2026-01-03 21:00:00+00:00,0.9700000000000001,0.8687598550355876,0.36829703959695215
2026-01-04 18:00:00+00:00,2026-01-06 10:00:00+00:00,2026-01-06 15:00:00,2,40,3,2026-01-03 22:00:00+00:00,0.965,0.8780980022943602,0.36829703959695215
2026-01-04 18:00:00+00:00,2026-01-06 11:00:00+00:00,2026-01-06 16:00:00,2,41,3,2026-01-03 23:00:00+00:00,0.9700000000000001,0.9173294654184337,0.36829703959695215
2026-01-04 18:00:00+00:00,2026-01-06 12:00:00+00:00,2026-01-06 17:00:00,2,42,3,2026-01-04 00:00:00+00:00,0.9700000000000001,0.8485803599735036,0.36829703959695215
2026-01-04 18:00:00+00:00,2026-01-06 13:00:00+00:00,2026-01-06 18:00:00,2,43,3,2026-01-04 01:00:00+00:00,0.9700000000000001,0.9179812423300809,0.36829703959695215
2026-01-04 18:00:00+00:00,2026-01-06 14:00:00+00:00,2026-01-06 19:00:00,2,44,3,2026-01-04 02:00:00+00:00,0.8916666666666666,0.8381720896937119,0.36829703959695215
2026-01-04 18:00:00+00:00,2026-01-06 15:00:00+00:00,2026-01-06 20:00:00,2,45,3,2026-01-04 03:00:00+00:00,0.635,0.7833358467706374,0.36829703959695215
2026-01-04 18:00:00+00:00,2026-01-06 16:00:00+00:00,2026-01-06 21:00:00,2,46,3,2026-01-04 04:00:00+00:00,0.48500000000000004,0.7088176627763451,0.36829703959695215
2026-01-04 18:00:00+00:00,2026-01-06 17:00:00+00:00,2026-01-06 22:00:00,2,47,3,2026-01-04 05:00:00+00:00,0.165,0.6476811862215639,0.36829703959695215
2026-01-04 18:00:00+00:00,2026-01-06 18:00:00+00:00,2026-01-06 23:00:00,2,48,3,2026-01-04 06:00:00+00:00,0.021666666666666667,0.5567014687771648,0.36829703959695215
2026-01-05 18:00:00+00:00,2026-01-05 19:00:00+00:00,2026-01-06 00:00:00,1,1,1,2026-01-05 07:00:00+00:00,0.375,0.551823581431918,0.3736853865525423
2026-01-05 18:00:00+00:00,2026-01-05 20:00:00+00:00,2026-01-06 01:00:00,1,2,1,2026-01-05 08:00:00+00:00,0.31833333333333336,0.6813680944135595,0.3736853865525423
2026-01-05 18:00:00+00:00,2026-01-05 21:00:00+00:00,2026-01-06 02:00:00,1,3,1,2026-01-05 09:00:00+00:00,0.8166666666666668,0.8017620902791673,0.3736853865525423
2026-01-05 18:00:00+00:00,2026-01-05 22:00:00+00:00,2026-01-06 03:00:00,1,4,1,2026-01-05 10:00:00+00:00,0.9866666666666667,0.7936364295158143,0.3736853865525423
2026-01-05 18:00:00+00:00,2026-01-05 23:00:00+00:00,2026-01-06 04:00:00,1,5,1,2026-01-05 11:00:00+00:00,0.8433333333333333,0.8266655192487912,0.3736853865525423
2026-01-05 18:00:00+00:00,2026-01-06 00:00:00+00:00,2026-01-06 05:00:00,1,6,1,2026-01-05 12:00:00+00:00,0.9700000000000001,0.8197748223460899,0.3736853865525423
2026-01-05 18:00:00+00:00,2026-01-06 01:00:00+00:00,2026-01-06 06:00:00,1,7,1,2026-01-05 13:00:00+00:00,0.8766666666666666,0.807781467258352,0.3736853865525423
2026-01-05 18:00:00+00:00,2026-01-06 02:00:00+00:00,2026-01-06 07:00:00,1,8,1,2026-01-05 14:00:00+00:00,0.9733333333333333,0.7640253519885037,0.3736853865525423
2026-01-05 18:00:00+00:00,2026-01-06 03:00:00+00:00,2026-01-06 08:00:00,1,9,1,2026-01-05 15:00:00+00:00,0.9899999999999999,0.7241812379648201,0.3736853865525423
2026-01-05 18:00:00+00:00,2026-01-06 04:00:00+00:00,2026-01-06 09:00:00,1,10,1,2026-01-05 16:00:00+00:00,0.9783333333333334,0.8423589199083917,0.3736853865525423
2026-01-05 18:00:00+00:00,2026-01-06 05:00:00+00:00,2026-01-06 10:00:00,1,11,1,2026-01-05 17:00:00+00:00,0.9683333333333333,0.8720011508581857,0.3736853865525423
2026-01-05 18:00:00+00:00,2026-01-06 06:00:00+00:00,2026-01-06 11:00:00,1,12,1,2026-01-05 18:00:00+00:00,0.9866666666666667,0.8974023092075357,0.3736853865525423
2026-01-05 18:00:00+00:00,2026-01-06 07:00:00+00:00,2026-01-06 12:00:00,1,13,2,2026-01-04 19:00:00+00:00,0.9766666666666666,0.8932381838114051,0.3736853865525423
2026-01-05 18:00:00+00:00,2026-01-06 08:00:00+00:00,2026-01-06 13:00:00,1,14,2,2026-01-04 20:00:00+00:00,0.9683333333333333,0.8882872111820609,0.3736853865525423
2026-01-05 18:00:00+00:00,2026-01-06 09:00:00+00:00,2026-01-06 14:00:00,1,15,2,2026-01-04 21:00:00+00:00,0.9866666666666667,0.876487395042072,0.3736853865525423
2026-01-05 18:00:00+00:00,2026-01-06 10:00:00+00:00,2026-01-06 15:00:00,1,16,2,2026-01-04 22:00:00+00:00,0.9899999999999999,0.8757233483745773,0.3736853865525423
2026-01-05 18:00:00+00:00,2026-01-06 11:00:00+00:00,2026-01-06 16:00:00,1,17,2,2026-01-04 23:00:00+00:00,0.9883333333333333,0.8304397214221209,0.3736853865525423
2026-01-05 18:00:00+00:00,2026-01-06 12:00:00+00:00,2026-01-06 17:00:00,1,18,2,2026-01-05 00:00:00+00:00,0.9883333333333333,0.8462559774488131,0.3736853865525423
2026-01-05 18:00:00+00:00,2026-01-06 13:00:00+00:00,2026-01-06 18:00:00,1,19,2,2026-01-05 01:00:00+00:00,0.9899999999999999,0.9208310051957674,0.3736853865525423
2026-01-05 18:00:00+00:00,2026-01-06 14:00:00+00:00,2026-01-06 19:00:00,1,20,2,2026-01-05 02:00:00+00:00,0.855,0.88752562567678,0.3736853865525423
2026-01-05 18:00:00+00:00,2026-01-06 15:00:00+00:00,2026-01-06 20:00:00,1,21,2,2026-01-05 03:00:00+00:00,0.6966666666666667,0.7523871675547654,0.3736853865525423
2026-01-05 18:00:00+00:00,2026-01-06 16:00:00+00:00,2026-01-06 21:00:00,1,22,2,2026-01-05 04:00:00+00:00,0.4633333333333333,0.6656952437421285,0.3736853865525423
2026-01-05 18:00:00+00:00,2026-01-06 17:00:00+00:00,2026-01-06 22:00:00,1,23,2,2026-01-05 05:00:00+00:00,0.22999999999999998,0.5291597211737719,0.3736853865525423
2026-01-05 18:00:00+00:00,2026-01-06 18:00:00+00:00,2026-01-06 23:00:00,1,24,2,2026-01-05 06:00:00+00:00,0.02,0.23840229114121422,0.3736853865525423
2026-01-05 18:00:00+00:00,2026-01-06 19:00:00+00:00,2026-01-07 00:00:00,1,25,2,2026-01-05 07:00:00+00:00,0.01,0.13918928955318177,0.3736853865525423
2026-01-05 18:00:00+00:00,2026-01-06 20:00:00+00:00,2026-01-07 01:00:00,1,26,2,2026-01-05 08:00:00+00:00,0.028333333333333335,0.1008343910535693,0.3736853865525423
2026-01-05 18:00:00+00:00,2026-01-06 21:00:00+00:00,2026-01-07 02:00:00,1,27,2,2026-01-05 09:00:00+00:00,0.028333333333333332,0.06854590648401758,0.3736853865525423
2026-01-05 18:00:00+00:00,2026-01-06 22:00:00+00:00,2026-01-07 03:00:00,1,28,2,2026-01-05 10:00:00+00:00,0.01,0.0552416020144416,0.3736853865525423
2026-01-05 18:00:00+00:00,2026-01-06 23:00:00+00:00,2026-01-07 04:00:00,1,29,2,2026-01-05 11:00:00+00:00,0.01,0.03010198210200611,0.3736853865525423
2026-01-05 18:00:00+00:00,2026-01-07 00:00:00+00:00,2026-01-07 05:00:00,1,30,2,2026-01-05 12:00:00+00:00,0.01,0.016926402352463565,0.3736853865525423
2026-01-05 18:00:00+00:00,2026-01-07 01:00:00+00:00,2026-01-07 06:00:00,1,31,2,2026-01-05 13:00:00+00:00,0.01,0.017053498037209257,0.3736853865525423
2026-01-05 18:00:00+00:00,2026-01-07 02:00:00+00:00,2026-01-07 07:00:00,1,32,2,2026-01-05 14:00:00+00:00,0.01,0.01678562426280538,0.3736853865525423
2026-01-05 18:00:00+00:00,2026-01-07 03:00:00+00:00,2026-01-07 08:00:00,1,33,2,2026-01-05 15:00:00+00:00,0.01,0.016122810314081765,0.3736853865525423
2026-01-05 18:00:00+00:00,2026-01-07 04:00:00+00:00,2026-01-07 09:00:00,1,34,2,2026-01-05 16:00:00+00:00,0.01,0.03528419895984011,0.3736853865525423
2026-01-05 18:00:00+00:00,2026-01-07 05:00:00+00:00,2026-01-07 10:00:00,1,35,2,2026-01-05 17:00:00+00:00,0.01,0.09228511370560741,0.3736853865525423
2026-01-05 18:00:00+00:00,2026-01-07 06:00:00+00:00,2026-01-07 11:00:00,1,36,2,2026-01-05 18:00:00+00:00,0.01,0.0709865302289175,0.3736853865525423
2026-01-05 18:00:00+00:00,2026-01-07 07:00:00+00:00,2026-01-07 12:00:00,1,37,3,2026-01-04 19:00:00+00:00,0.01,0.11937816971232139,0.3736853865525423
2026-01-05 18:00:00+00:00,2026-01-07 08:00:00+00:00,2026-01-07 13:00:00,1,38,3,2026-01-04 20:00:00+00:00,0.01,0.11236418085874984,0.3736853865525423
2026-01-05 18:00:00+00:00,2026-01-07 09:00:00+00:00,2026-01-07 14:00:00,1,39,3,2026-01-04 21:00:00+00:00,0.01,0.0938470829278848,0.3736853865525423
2026-01-05 18:00:00+00:00,2026-01-07 10:00:00+00:00,2026-01-07 15:00:00,1,40,3,2026-01-04 22:00:00+00:00,0.01,0.09772190540949421,0.3736853865525423
2026-01-05 18:00:00+00:00,2026-01-07 11:00:00+00:00,2026-01-07 16:00:00,1,41,3,2026-01-04 23:00:00+00:00,0.011666666666666667,0.14119300919560004,0.3736853865525423
2026-01-05 18:00:00+00:00,2026-01-07 12:00:00+00:00,2026-01-07 17:00:00,1,42,3,2026-01-05 00:00:00+00:00,0.028333333333333332,0.21173263475635182,0.3736853865525423
2026-01-05 18:00:00+00:00,2026-01-07 13:00:00+00:00,2026-01-07 18:00:00,1,43,3,2026-01-05 01:00:00+00:00,0.02,0.17816864004662844,0.3736853865525423
2026-01-05 18:00:00+00:00,2026-01-07 14:00:00+00:00,2026-01-07 19:00:00,1,44,3,2026-01-05 02:00:00+00:00,0.011666666666666667,0.1699970833993653,0.3736853865525423
2026-01-05 18:00:00+00:00,2026-01-07 15:00:00+00:00,2026-01-07 20:00:00,1,45,3,2026-01-05 03:00:00+00:00,0.01,0.15382170585975086,0.3736853865525423
2026-01-05 18:00:00+00:00,2026-01-07 16:00:00+00:00,2026-01-07 21:00:00,1,46,3,2026-01-05 04:00:00+00:00,0.01,0.313828968814082,0.3736853865525423
2026-01-05 18:00:00+00:00,2026-01-07 17:00:00+00:00,2026-01-07 22:00:00,1,47,3,2026-01-05 05:00:00+00:00,0.01,0.3296405264018088,0.3736853865525423
2026-01-05 18:00:00+00:00,2026-01-07 18:00:00+00:00,2026-01-07 23:00:00,1,48,3,2026-01-05 06:00:00+00:00,0.01,0.1859605468341812,0.3736853865525423
2026-01-05 18:00:00+00:00,2026-01-05 19:00:00+00:00,2026-01-06 00:00:00,2,1,1,2026-01-05 07:00:00+00:00,0.3466666666666667,0.5525416187530116,0.36829703959695215
2026-01-05 18:00:00+00:00,2026-01-05 20:00:00+00:00,2026-01-06 01:00:00,2,2,1,2026-01-05 08:00:00+00:00,0.2966666666666667,0.6820861317346526,0.36829703959695215
2026-01-05 18:00:00+00:00,2026-01-05 21:00:00+00:00,2026-01-06 02:00:00,2,3,1,2026-01-05 09:00:00+00:00,0.7400000000000001,0.8024801276002607,0.36829703959695215
2026-01-05 18:00:00+00:00,2026-01-05 22:00:00+00:00,2026-01-06 03:00:00,2,4,1,2026-01-05 10:00:00+00:00,0.9566666666666667,0.7942172145916306,0.36829703959695215
2026-01-05 18:00:00+00:00,2026-01-05 23:00:00+00:00,2026-01-06 04:00:00,2,5,1,2026-01-05 11:00:00+00:00,0.7999999999999999,0.8272463043246076,0.36829703959695215
2026-01-05 18:00:00+00:00,2026-01-06 00:00:00+00:00,2026-01-06 05:00:00,2,6,1,2026-01-05 12:00:00+00:00,0.9683333333333333,0.816981861458842,0.36829703959695215
2026-01-05 18:00:00+00:00,2026-01-06 01:00:00+00:00,2026-01-06 06:00:00,2,7,1,2026-01-05 13:00:00+00:00,0.8783333333333333,0.8048402738335539,0.36829703959695215
2026-01-05 18:00:00+00:00,2026-01-06 02:00:00+00:00,2026-01-06 07:00:00,2,8,1,2026-01-05 14:00:00+00:00,0.9733333333333333,0.7610841585637055,0.36829703959695215
2026-01-05 18:00:00+00:00,2026-01-06 03:00:00+00:00,2026-01-06 08:00:00,2,9,1,2026-01-05 15:00:00+00:00,0.9683333333333333,0.721306113979905,0.36829703959695215
2026-01-05 18:00:00+00:00,2026-01-06 04:00:00+00:00,2026-01-06 09:00:00,2,10,1,2026-01-05 16:00:00+00:00,0.965,0.8394026196759427,0.36829703959695215
2026-01-05 18:00:00+00:00,2026-01-06 05:00:00+00:00,2026-01-06 10:00:00,2,11,1,2026-01-05 17:00:00+00:00,0.9133333333333334,0.8695856955200523,0.36829703959695215
2026-01-05 18:00:00+00:00,2026-01-06 06:00:00+00:00,2026-01-06 11:00:00,2,12,1,2026-01-05 18:00:00+00:00,0.975,0.8940614941578392,0.36829703959695215
2026-01-05 18:00:00+00:00,2026-01-06 07:00:00+00:00,2026-01-06 12:00:00,2,13,2,2026-01-04 19:00:00+00:00,0.9733333333333333,0.8904411052482527,0.36829703959695215
2026-01-05 18:00:00+00:00,2026-01-06 08:00:00+00:00,2026-01-06 13:00:00,2,14,2,2026-01-04 20:00:00+00:00,0.9666666666666667,0.8856834780405595,0.36829703959695215
2026-01-05 18:00:00+00:00,2026-01-06 09:00:00+00:00,2026-01-06 14:00:00,2,15,2,2026-01-04 21:00:00+00:00,0.9700000000000001,0.8746855143463113,0.36829703959695215
2026-01-05 18:00:00+00:00,2026-01-06 10:00:00+00:00,2026-01-06 15:00:00,2,16,2,2026-01-04 22:00:00+00:00,0.965,0.8739214676788168,0.36829703959695215
2026-01-05 18:00:00+00:00,2026-01-06 11:00:00+00:00,2026-01-06 16:00:00,2,17,2,2026-01-04 23:00:00+00:00,0.9700000000000001,0.8286378407263602,0.36829703959695215
2026-01-05 18:00:00+00:00,2026-01-06 12:00:00+00:00,2026-01-06 17:00:00,2,18,2,2026-01-05 00:00:00+00:00,0.9700000000000001,0.8441827059096393,0.36829703959695215
2026-01-05 18:00:00+00:00,2026-01-06 13:00:00+00:00,2026-01-06 18:00:00,2,19,2,2026-01-05 01:00:00+00:00,0.9700000000000001,0.9186916642167101,0.36829703959695215
2026-01-05 18:00:00+00:00,2026-01-06 14:00:00+00:00,2026-01-06 19:00:00,2,20,2,2026-01-05 02:00:00+00:00,0.8916666666666666,0.8853862846977226,0.36829703959695215
2026-01-05 18:00:00+00:00,2026-01-06 15:00:00+00:00,2026-01-06 20:00:00,2,21,2,2026-01-05 03:00:00+00:00,0.635,0.7508441632988637,0.36829703959695215
2026-01-05 18:00:00+00:00,2026-01-06 16:00:00+00:00,2026-01-06 21:00:00,2,22,2,2026-01-05 04:00:00+00:00,0.48500000000000004,0.6641522394862266,0.36829703959695215
2026-01-05 18:00:00+00:00,2026-01-06 17:00:00+00:00,2026-01-06 22:00:00,2,23,2,2026-01-05 05:00:00+00:00,0.165,0.5274729264216586,0.36829703959695215
2026-01-05 18:00:00+00:00,2026-01-06 18:00:00+00:00,2026-01-06 23:00:00,2,24,2,2026-01-05 06:00:00+00:00,0.021666666666666667,0.2367154963891009,0.36829703959695215
2026-01-05 18:00:00+00:00,2026-01-06 19:00:00+00:00,2026-01-07 00:00:00,2,25,2,2026-01-05 07:00:00+00:00,0.008333333333333333,0.13750249480106844,0.36829703959695215
2026-01-05 18:00:00+00:00,2026-01-06 20:00:00+00:00,2026-01-07 01:00:00,2,26,2,2026-01-05 08:00:00+00:00,0.02,0.09914759630145599,0.36829703959695215
2026-01-05 18:00:00+00:00,2026-01-06 21:00:00+00:00,2026-01-07 02:00:00,2,27,2,2026-01-05 09:00:00+00:00,0.028333333333333332,0.06685911173190427,0.36829703959695215
2026-01-05 18:00:00+00:00,2026-01-06 22:00:00+00:00,2026-01-07 03:00:00,2,28,2,2026-01-05 10:00:00+00:00,0.008333333333333333,0.05168720466650848,0.36829703959695215
2026-01-05 18:00:00+00:00,2026-01-06 23:00:00+00:00,2026-01-07 04:00:00,2,29,2,2026-01-05 11:00:00+00:00,0.01,0.027348186647471816,0.36829703959695215
2026-01-05 18:00:00+00:00,2026-01-07 00:00:00+00:00,2026-01-07 05:00:00,2,30,2,2026-01-05 12:00:00+00:00,0.01,0.015446311605443942,0.36829703959695215
2026-01-05 18:00:00+00:00,2026-01-07 01:00:00+00:00,2026-01-07 06:00:00,2,31,2,2026-01-05 13:00:00+00:00,0.01,0.01529194757525288,0.36829703959695215
2026-01-05 18:00:00+00:00,2026-01-07 02:00:00+00:00,2026-01-07 07:00:00,2,32,2,2026-01-05 14:00:00+00:00,0.01,0.0156925276636736,0.36829703959695215
2026-01-05 18:00:00+00:00,2026-01-07 03:00:00+00:00,2026-01-07 08:00:00,2,33,2,2026-01-05 15:00:00+00:00,0.01,0.015029713714949947,0.36829703959695215
2026-01-05 18:00:00+00:00,2026-01-07 04:00:00+00:00,2026-01-07 09:00:00,2,34,2,2026-01-05 16:00:00+00:00,0.01,0.03544042447578722,0.36829703959695215
2026-01-05 18:00:00+00:00,2026-01-07 05:00:00+00:00,2026-01-07 10:00:00,2,35,2,2026-01-05 17:00:00+00:00,0.01,0.09244133922155459,0.36829703959695215
2026-01-05 18:00:00+00:00,2026-01-07 06:00:00+00:00,2026-01-07 11:00:00,2,36,2,2026-01-05 18:00:00+00:00,0.01,0.07114275574486466,0.36829703959695215
2026-01-05 18:00:00+00:00,2026-01-07 07:00:00+00:00,2026-01-07 12:00:00,2,37,3,2026-01-04 19:00:00+00:00,0.01,0.11953439522826854,0.36829703959695215
2026-01-05 18:00:00+00:00,2026-01-07 08:00:00+00:00,2026-01-07 13:00:00,2,38,3,2026-01-04 20:00:00+00:00,0.01,0.11252040637469697,0.36829703959695215
2026-01-05 18:00:00+00:00,2026-01-07 09:00:00+00:00,2026-01-07 14:00:00,2,39,3,2026-01-04 21:00:00+00:00,0.01,0.09209592437922362,0.36829703959695215
2026-01-05 18:00:00+00:00,2026-01-07 10:00:00+00:00,2026-01-07 15:00:00,2,40,3,2026-01-04 22:00:00+00:00,0.01,0.09597074686083304,0.36829703959695215
2026-01-05 18:00:00+00:00,2026-01-07 11:00:00+00:00,2026-01-07 16:00:00,2,41,3,2026-01-04 23:00:00+00:00,0.008333333333333333,0.13944185064693884,0.36829703959695215
2026-01-05 18:00:00+00:00,2026-01-07 12:00:00+00:00,2026-01-07 17:00:00,2,42,3,2026-01-05 00:00:00+00:00,0.021666666666666667,0.19889249905811016,0.36829703959695215
2026-01-05 18:00:00+00:00,2026-01-07 13:00:00+00:00,2026-01-07 18:00:00,2,43,3,2026-01-05 01:00:00+00:00,0.02,0.1653285043483868,0.36829703959695215
2026-01-05 18:00:00+00:00,2026-01-07 14:00:00+00:00,2026-01-07 19:00:00,2,44,3,2026-01-05 02:00:00+00:00,0.008333333333333333,0.1682459248507041,0.36829703959695215
2026-01-05 18:00:00+00:00,2026-01-07 15:00:00+00:00,2026-01-07 20:00:00,2,45,3,2026-01-05 03:00:00+00:00,0.01,0.152278701603849,0.36829703959695215
2026-01-05 18:00:00+00:00,2026-01-07 16:00:00+00:00,2026-01-07 21:00:00,2,46,3,2026-01-05 04:00:00+00:00,0.01,0.3122859645581801,0.36829703959695215
2026-01-05 18:00:00+00:00,2026-01-07 17:00:00+00:00,2026-01-07 22:00:00,2,47,3,2026-01-05 05:00:00+00:00,0.01,0.3279537316496955,0.36829703959695215
2026-01-05 18:00:00+00:00,2026-01-07 18:00:00+00:00,2026-01-07 23:00:00,2,48,3,2026-01-05 06:00:00+00:00,0.01,0.18427375208206787,0.36829703959695215
2026-01-06 18:00:00+00:00,2026-01-06 19:00:00+00:00,2026-01-07 00:00:00,1,1,1,2026-01-06 07:00:00+00:00,0.01,0.05503277816162864,0.3736853865525423
2026-01-06 18:00:00+00:00,2026-01-06 20:00:00+00:00,2026-01-07 01:00:00,1,2,1,2026-01-06 08:00:00+00:00,0.028333333333333335,0.024384217668035283,0.3736853865525423
2026-01-06 18:00:00+00:00,2026-01-06 21:00:00+00:00,2026-01-07 02:00:00,1,3,1,2026-01-06 09:00:00+00:00,0.028333333333333332,0.02033776446393325,0.3736853865525423
2026-01-06 18:00:00+00:00,2026-01-06 22:00:00+00:00,2026-01-07 03:00:00,1,4,1,2026-01-06 10:00:00+00:00,0.01,0.01956845492033845,0.3736853865525423
2026-01-06 18:00:00+00:00,2026-01-06 23:00:00+00:00,2026-01-07 04:00:00,1,5,1,2026-01-06 11:00:00+00:00,0.01,0.019947902967026657,0.3736853865525423
2026-01-06 18:00:00+00:00,2026-01-07 00:00:00+00:00,2026-01-07 05:00:00,1,6,1,2026-01-06 12:00:00+00:00,0.01,0.013874090064273726,0.3736853865525423
2026-01-06 18:00:00+00:00,2026-01-07 01:00:00+00:00,2026-01-07 06:00:00,1,7,1,2026-01-06 13:00:00+00:00,0.01,0.013016291505857964,0.3736853865525423
2026-01-06 18:00:00+00:00,2026-01-07 02:00:00+00:00,2026-01-07 07:00:00,1,8,1,2026-01-06 14:00:00+00:00,0.01,0.015824088529252878,0.3736853865525423
2026-01-06 18:00:00+00:00,2026-01-07 03:00:00+00:00,2026-01-07 08:00:00,1,9,1,2026-01-06 15:00:00+00:00,0.01,0.019235007471279916,0.3736853865525423
2026-01-06 18:00:00+00:00,2026-01-07 04:00:00+00:00,2026-01-07 09:00:00,1,10,1,2026-01-06 16:00:00+00:00,0.01,0.027358970679306392,0.3736853865525423
2026-01-06 18:00:00+00:00,2026-01-07 05:00:00+00:00,2026-01-07 10:00:00,1,11,1,2026-01-06 17:00:00+00:00,0.01,0.06169892319873367,0.3736853865525423
2026-01-06 18:00:00+00:00,2026-01-07 06:00:00+00:00,2026-01-07 11:00:00,1,12,1,2026-01-06 18:00:00+00:00,0.01,0.09447284967816767,0.3736853865525423
2026-01-06 18:00:00+00:00,2026-01-07 07:00:00+00:00,2026-01-07 12:00:00,1,13,2,2026-01-05 19:00:00+00:00,0.01,0.09656444969296567,0.3736853865525423
2026-01-06 18:00:00+00:00,2026-01-07 08:00:00+00:00,2026-01-07 13:00:00,1,14,2,2026-01-05 20:00:00+00:00,0.01,0.09234819941478996,0.3736853865525423
2026-01-06 18:00:00+00:00,2026-01-07 09:00:00+00:00,2026-01-07 14:00:00,1,15,2,2026-01-05 21:00:00+00:00,0.01,0.1316187536413414,0.3736853865525423
2026-01-06 18:00:00+00:00,2026-01-07 10:00:00+00:00,2026-01-07 15:00:00,1,16,2,2026-01-05 22:00:00+00:00,0.01,0.10727124425045442,0.3736853865525423
2026-01-06 18:00:00+00:00,2026-01-07 11:00:00+00:00,2026-01-07 16:00:00,1,17,2,2026-01-05 23:00:00+00:00,0.011666666666666667,0.10570005270411487,0.3736853865525423
2026-01-06 18:00:00+00:00,2026-01-07 12:00:00+00:00,2026-01-07 17:00:00,1,18,2,2026-01-06 00:00:00+00:00,0.028333333333333332,0.1259411710131505,0.3736853865525423
2026-01-06 18:00:00+00:00,2026-01-07 13:00:00+00:00,2026-01-07 18:00:00,1,19,2,2026-01-06 01:00:00+00:00,0.02,0.09689337714043972,0.3736853865525423
2026-01-06 18:00:00+00:00,2026-01-07 14:00:00+00:00,2026-01-07 19:00:00,1,20,2,2026-01-06 02:00:00+00:00,0.011666666666666667,0.11107855372151909,0.3736853865525423
2026-01-06 18:00:00+00:00,2026-01-07 15:00:00+00:00,2026-01-07 20:00:00,1,21,2,2026-01-06 03:00:00+00:00,0.01,0.1273632532182631,0.3736853865525423
2026-01-06 18:00:00+00:00,2026-01-07 16:00:00+00:00,2026-01-07 21:00:00,1,22,2,2026-01-06 04:00:00+00:00,0.01,0.1474389910999387,0.3736853865525423
2026-01-06 18:00:00+00:00,2026-01-07 17:00:00+00:00,2026-01-07 22:00:00,1,23,2,2026-01-06 05:00:00+00:00,0.01,0.1400127124122772,0.3736853865525423
2026-01-06 18:00:00+00:00,2026-01-07 18:00:00+00:00,2026-01-07 23:00:00,1,24,2,2026-01-06 06:00:00+00:00,0.01,0.09334306504050015,0.3736853865525423
2026-01-06 18:00:00+00:00,2026-01-07 19:00:00+00:00,2026-01-08 00:00:00,1,25,2,2026-01-06 07:00:00+00:00,0.01,0.08190533952699107,0.3736853865525423
2026-01-06 18:00:00+00:00,2026-01-07 20:00:00+00:00,2026-01-08 01:00:00,1,26,2,2026-01-06 08:00:00+00:00,0.01,0.05498986790829167,0.3736853865525423
2026-01-06 18:00:00+00:00,2026-01-07 21:00:00+00:00,2026-01-08 02:00:00,1,27,2,2026-01-06 09:00:00+00:00,0.01,0.07455456742873424,0.3736853865525423
2026-01-06 18:00:00+00:00,2026-01-07 22:00:00+00:00,2026-01-08 03:00:00,1,28,2,2026-01-06 10:00:00+00:00,0.01,0.06136742946441408,0.3736853865525423
2026-01-06 18:00:00+00:00,2026-01-07 23:00:00+00:00,2026-01-08 04:00:00,1,29,2,2026-01-06 11:00:00+00:00,0.01,0.064570493775809,0.3736853865525423
2026-01-06 18:00:00+00:00,2026-01-08 00:00:00+00:00,2026-01-08 05:00:00,1,30,2,2026-01-06 12:00:00+00:00,0.01,0.028845617019213204,0.3736853865525423
2026-01-06 18:00:00+00:00,2026-01-08 01:00:00+00:00,2026-01-08 06:00:00,1,31,2,2026-01-06 13:00:00+00:00,0.01,0.03982724201677601,0.3736853865525423
2026-01-06 18:00:00+00:00,2026-01-08 02:00:00+00:00,2026-01-08 07:00:00,1,32,2,2026-01-06 14:00:00+00:00,0.01,0.09780227795445438,0.3736853865525423
2026-01-06 18:00:00+00:00,2026-01-08 03:00:00+00:00,2026-01-08 08:00:00,1,33,2,2026-01-06 15:00:00+00:00,0.01,0.027510682659164423,0.3736853865525423
2026-01-06 18:00:00+00:00,2026-01-08 04:00:00+00:00,2026-01-08 09:00:00,1,34,2,2026-01-06 16:00:00+00:00,0.01,0.06634276648183272,0.3736853865525423
2026-01-06 18:00:00+00:00,2026-01-08 05:00:00+00:00,2026-01-08 10:00:00,1,35,2,2026-01-06 17:00:00+00:00,0.01,0.09044205189074044,0.3736853865525423
2026-01-06 18:00:00+00:00,2026-01-08 06:00:00+00:00,2026-01-08 11:00:00,1,36,2,2026-01-06 18:00:00+00:00,0.01,0.12700000281900256,0.3736853865525423
2026-01-06 18:00:00+00:00,2026-01-08 07:00:00+00:00,2026-01-08 12:00:00,1,37,3,2026-01-05 19:00:00+00:00,0.01,0.7789482155285773,0.3736853865525423
2026-01-06 18:00:00+00:00,2026-01-08 08:00:00+00:00,2026-01-08 13:00:00,1,38,3,2026-01-05 20:00:00+00:00,0.008333333333333333,0.6334625063969911,0.3736853865525423
2026-01-06 18:00:00+00:00,2026-01-08 09:00:00+00:00,2026-01-08 14:00:00,1,39,3,2026-01-05 21:00:00+00:00,0.01,0.5797058567821045,0.3736853865525423
2026-01-06 18:00:00+00:00,2026-01-08 10:00:00+00:00,2026-01-08 15:00:00,1,40,3,2026-01-05 22:00:00+00:00,0.18333333333333335,0.5093673989261776,0.3736853865525423
2026-01-06 18:00:00+00:00,2026-01-08 11:00:00+00:00,2026-01-08 16:00:00,1,41,3,2026-01-05 23:00:00+00:00,0.13833333333333334,0.6375516354073101,0.3736853865525423
2026-01-06 18:00:00+00:00,2026-01-08 12:00:00+00:00,2026-01-08 17:00:00,1,42,3,2026-01-06 00:00:00+00:00,0.135,0.5222080554840935,0.3736853865525423
2026-01-06 18:00:00+00:00,2026-01-08 13:00:00+00:00,2026-01-08 18:00:00,1,43,3,2026-01-06 01:00:00+00:00,0.12,0.5737914890297813,0.3736853865525423
2026-01-06 18:00:00+00:00,2026-01-08 14:00:00+00:00,2026-01-08 19:00:00,1,44,3,2026-01-06 02:00:00+00:00,0.01,0.6919733838164881,0.3736853865525423
2026-01-06 18:00:00+00:00,2026-01-08 15:00:00+00:00,2026-01-08 20:00:00,1,45,3,2026-01-06 03:00:00+00:00,0.013333333333333334,0.6118189933344628,0.3736853865525423
2026-01-06 18:00:00+00:00,2026-01-08 16:00:00+00:00,2026-01-08 21:00:00,1,46,3,2026-01-06 04:00:00+00:00,0.013333333333333334,0.607478144967548,0.3736853865525423
2026-01-06 18:00:00+00:00,2026-01-08 17:00:00+00:00,2026-01-08 22:00:00,1,47,3,2026-01-06 05:00:00+00:00,0.01,0.5725571071096076,0.3736853865525423
2026-01-06 18:00:00+00:00,2026-01-08 18:00:00+00:00,2026-01-08 23:00:00,1,48,3,2026-01-06 06:00:00+00:00,0.01,0.7525724385484962,0.3736853865525423
2026-01-06 18:00:00+00:00,2026-01-06 19:00:00+00:00,2026-01-07 00:00:00,2,1,1,2026-01-06 07:00:00+00:00,0.008333333333333333,0.05147838081369554,0.36829703959695215
2026-01-06 18:00:00+00:00,2026-01-06 20:00:00+00:00,2026-01-07 01:00:00,2,2,1,2026-01-06 08:00:00+00:00,0.02,0.022904126921015667,0.36829703959695215
2026-01-06 18:00:00+00:00,2026-01-06 21:00:00+00:00,2026-01-07 02:00:00,2,3,1,2026-01-06 09:00:00+00:00,0.028333333333333332,0.01885767371691365,0.36829703959695215
2026-01-06 18:00:00+00:00,2026-01-06 22:00:00+00:00,2026-01-07 03:00:00,2,4,1,2026-01-06 10:00:00+00:00,0.008333333333333333,0.018088364173318848,0.36829703959695215
2026-01-06 18:00:00+00:00,2026-01-06 23:00:00+00:00,2026-01-07 04:00:00,2,5,1,2026-01-06 11:00:00+00:00,0.01,0.018467812220007054,0.36829703959695215
2026-01-06 18:00:00+00:00,2026-01-07 00:00:00+00:00,2026-01-07 05:00:00,2,6,1,2026-01-06 12:00:00+00:00,0.01,0.012393999317254116,0.36829703959695215
2026-01-06 18:00:00+00:00,2026-01-07 01:00:00+00:00,2026-01-07 06:00:00,2,7,1,2026-01-06 13:00:00+00:00,0.01,0.011536200758838355,0.36829703959695215
2026-01-06 18:00:00+00:00,2026-01-07 02:00:00+00:00,2026-01-07 07:00:00,2,8,1,2026-01-06 14:00:00+00:00,0.01,0.014730991930121078,0.36829703959695215
2026-01-06 18:00:00+00:00,2026-01-07 03:00:00+00:00,2026-01-07 08:00:00,2,9,1,2026-01-06 15:00:00+00:00,0.01,0.01814191087214813,0.36829703959695215
2026-01-06 18:00:00+00:00,2026-01-07 04:00:00+00:00,2026-01-07 09:00:00,2,10,1,2026-01-06 16:00:00+00:00,0.01,0.027515196195253513,0.36829703959695215
2026-01-06 18:00:00+00:00,2026-01-07 05:00:00+00:00,2026-01-07 10:00:00,2,11,1,2026-01-06 17:00:00+00:00,0.01,0.06185514871468078,0.36829703959695215
2026-01-06 18:00:00+00:00,2026-01-07 06:00:00+00:00,2026-01-07 11:00:00,2,12,1,2026-01-06 18:00:00+00:00,0.01,0.09462907519411483,0.36829703959695215
2026-01-06 18:00:00+00:00,2026-01-07 07:00:00+00:00,2026-01-07 12:00:00,2,13,2,2026-01-05 19:00:00+00:00,0.01,0.0967206752089128,0.36829703959695215
2026-01-06 18:00:00+00:00,2026-01-07 08:00:00+00:00,2026-01-07 13:00:00,2,14,2,2026-01-05 20:00:00+00:00,0.01,0.09250442493073711,0.36829703959695215
2026-01-06 18:00:00+00:00,2026-01-07 09:00:00+00:00,2026-01-07 14:00:00,2,15,2,2026-01-05 21:00:00+00:00,0.01,0.12986759509268025,0.36829703959695215
2026-01-06 18:00:00+00:00,2026-01-07 10:00:00+00:00,2026-01-07 15:00:00,2,16,2,2026-01-05 22:00:00+00:00,0.01,0.10552008570179325,0.36829703959695215
2026-01-06 18:00:00+00:00,2026-01-07 11:00:00+00:00,2026-01-07 16:00:00,2,17,2,2026-01-05 23:00:00+00:00,0.008333333333333333,0.10394889415545366,0.36829703959695215
2026-01-06 18:00:00+00:00,2026-01-07 12:00:00+00:00,2026-01-07 17:00:00,2,18,2,2026-01-06 00:00:00+00:00,0.021666666666666667,0.12419001246448927,0.36829703959695215
2026-01-06 18:00:00+00:00,2026-01-07 13:00:00+00:00,2026-01-07 18:00:00,2,19,2,2026-01-06 01:00:00+00:00,0.02,0.09514221859177852,0.36829703959695215
2026-01-06 18:00:00+00:00,2026-01-07 14:00:00+00:00,2026-01-07 19:00:00,2,20,2,2026-01-06 02:00:00+00:00,0.008333333333333333,0.10961010544013672,0.36829703959695215
2026-01-06 18:00:00+00:00,2026-01-07 15:00:00+00:00,2026-01-07 20:00:00,2,21,2,2026-01-06 03:00:00+00:00,0.01,0.12582024896236124,0.36829703959695215
2026-01-06 18:00:00+00:00,2026-01-07 16:00:00+00:00,2026-01-07 21:00:00,2,22,2,2026-01-06 04:00:00+00:00,0.01,0.14589598684403682,0.36829703959695215
2026-01-06 18:00:00+00:00,2026-01-07 17:00:00+00:00,2026-01-07 22:00:00,2,23,2,2026-01-06 05:00:00+00:00,0.01,0.13832591766016386,0.36829703959695215
2026-01-06 18:00:00+00:00,2026-01-07 18:00:00+00:00,2026-01-07 23:00:00,2,24,2,2026-01-06 06:00:00+00:00,0.01,0.09165627028838684,0.36829703959695215
2026-01-06 18:00:00+00:00,2026-01-07 19:00:00+00:00,2026-01-08 00:00:00,2,25,2,2026-01-06 07:00:00+00:00,0.01,0.08021854477487776,0.36829703959695215
2026-01-06 18:00:00+00:00,2026-01-07 20:00:00+00:00,2026-01-08 01:00:00,2,26,2,2026-01-06 08:00:00+00:00,0.01,0.05365736009725076,0.36829703959695215
2026-01-06 18:00:00+00:00,2026-01-07 21:00:00+00:00,2026-01-08 02:00:00,2,27,2,2026-01-06 09:00:00+00:00,0.01,0.07127990104735409,0.36829703959695215
2026-01-06 18:00:00+00:00,2026-01-07 22:00:00+00:00,2026-01-08 03:00:00,2,28,2,2026-01-06 10:00:00+00:00,0.01,0.060034921653373166,0.36829703959695215
2026-01-06 18:00:00+00:00,2026-01-07 23:00:00+00:00,2026-01-08 04:00:00,2,29,2,2026-01-06 11:00:00+00:00,0.01,0.06323798596476811,0.36829703959695215
2026-01-06 18:00:00+00:00,2026-01-08 00:00:00+00:00,2026-01-08 05:00:00,2,30,2,2026-01-06 12:00:00+00:00,0.01,0.027752520420081403,0.36829703959695215
2026-01-06 18:00:00+00:00,2026-01-08 01:00:00+00:00,2026-01-08 06:00:00,2,31,2,2026-01-06 13:00:00+00:00,0.01,0.03873414541764419,0.36829703959695215
2026-01-06 18:00:00+00:00,2026-01-08 02:00:00+00:00,2026-01-08 07:00:00,2,32,2,2026-01-06 14:00:00+00:00,0.01,0.09619003917686052,0.36829703959695215
2026-01-06 18:00:00+00:00,2026-01-08 03:00:00+00:00,2026-01-08 08:00:00,2,33,2,2026-01-06 15:00:00+00:00,0.01,0.026417586060032607,0.36829703959695215
2026-01-06 18:00:00+00:00,2026-01-08 04:00:00+00:00,2026-01-08 09:00:00,2,34,2,2026-01-06 16:00:00+00:00,0.01,0.06649899199777991,0.36829703959695215
2026-01-06 18:00:00+00:00,2026-01-08 05:00:00+00:00,2026-01-08 10:00:00,2,35,2,2026-01-06 17:00:00+00:00,0.01,0.09059827740668759,0.36829703959695215
2026-01-06 18:00:00+00:00,2026-01-08 06:00:00+00:00,2026-01-08 11:00:00,2,36,2,2026-01-06 18:00:00+00:00,0.01,0.1271562283349497,0.36829703959695215
2026-01-06 18:00:00+00:00,2026-01-08 07:00:00+00:00,2026-01-08 12:00:00,2,37,3,2026-01-05 19:00:00+00:00,0.006666666666666667,0.778093759679713,0.36829703959695215
2026-01-06 18:00:00+00:00,2026-01-08 08:00:00+00:00,2026-01-08 13:00:00,2,38,3,2026-01-05 20:00:00+00:00,0.008333333333333333,0.6352440536608094,0.36829703959695215
2026-01-06 18:00:00+00:00,2026-01-08 09:00:00+00:00,2026-01-08 14:00:00,2,39,3,2026-01-05 21:00:00+00:00,0.013333333333333334,0.5795800199813141,0.36829703959695215
2026-01-06 18:00:00+00:00,2026-01-08 10:00:00+00:00,2026-01-08 15:00:00,2,40,3,2026-01-05 22:00:00+00:00,0.18666666666666668,0.5078243946702756,0.36829703959695215
2026-01-06 18:00:00+00:00,2026-01-08 11:00:00+00:00,2026-01-08 16:00:00,2,41,3,2026-01-05 23:00:00+00:00,0.135,0.6360086311514082,0.36829703959695215
2026-01-06 18:00:00+00:00,2026-01-08 12:00:00+00:00,2026-01-08 17:00:00,2,42,3,2026-01-06 00:00:00+00:00,0.12666666666666668,0.5206650512281918,0.36829703959695215
2026-01-06 18:00:00+00:00,2026-01-08 13:00:00+00:00,2026-01-08 18:00:00,2,43,3,2026-01-06 01:00:00+00:00,0.09999999999999999,0.5722484847738796,0.36829703959695215
2026-01-06 18:00:00+00:00,2026-01-08 14:00:00+00:00,2026-01-08 19:00:00,2,44,3,2026-01-06 02:00:00+00:00,0.01,0.6904303795605862,0.36829703959695215
2026-01-06 18:00:00+00:00,2026-01-08 15:00:00+00:00,2026-01-08 20:00:00,2,45,3,2026-01-06 03:00:00+00:00,0.008333333333333333,0.6102759890785608,0.36829703959695215
2026-01-06 18:00:00+00:00,2026-01-08 16:00:00+00:00,2026-01-08 21:00:00,2,46,3,2026-01-06 04:00:00+00:00,0.011666666666666667,0.606568297334186,0.36829703959695215
2026-01-06 18:00:00+00:00,2026-01-08 17:00:00+00:00,2026-01-08 22:00:00,2,47,3,2026-01-06 05:00:00+00:00,0.008333333333333333,0.5715034689800342,0.36829703959695215
2026-01-06 18:00:00+00:00,2026-01-08 18:00:00+00:00,2026-01-08 23:00:00,2,48,3,2026-01-06 06:00:00+00:00,0.008333333333333333,0.7513815481736461,0.36829703959695215
2026-01-07 18:00:00+00:00,2026-01-07 19:00:00+00:00,2026-01-08 00:00:00,1,1,1,2026-01-07 07:00:00+00:00,0.01,0.0425746702101552,0.3736853865525423
2026-01-07 18:00:00+00:00,2026-01-07 20:00:00+00:00,2026-01-08 01:00:00,1,2,1,2026-01-07 08:00:00+00:00,0.01,0.022654848424196815,0.3736853865525423
2026-01-07 18:00:00+00:00,2026-01-07 21:00:00+00:00,2026-01-08 02:00:00,1,3,1,2026-01-07 09:00:00+00:00,0.01,0.04532718928460307,0.3736853865525423
2026-01-07 18:00:00+00:00,2026-01-07 22:00:00+00:00,2026-01-08 03:00:00,1,4,1,2026-01-07 10:00:00+00:00,0.01,0.07739755910828992,0.3736853865525423
2026-01-07 18:00:00+00:00,2026-01-07 23:00:00+00:00,2026-01-08 04:00:00,1,5,1,2026-01-07 11:00:00+00:00,0.01,0.017944784361479914,0.3736853865525423
2026-01-07 18:00:00+00:00,2026-01-08 00:00:00+00:00,2026-01-08 05:00:00,1,6,1,2026-01-07 12:00:00+00:00,0.01,0.029177850798603355,0.3736853865525423
2026-01-07 18:00:00+00:00,2026-01-08 01:00:00+00:00,2026-01-08 06:00:00,1,7,1,2026-01-07 13:00:00+00:00,0.01,0.039255562972875795,0.3736853865525423
2026-01-07 18:00:00+00:00,2026-01-08 02:00:00+00:00,2026-01-08 07:00:00,1,8,1,2026-01-07 14:00:00+00:00,0.01,0.027437053736546944,0.3736853865525423
2026-01-07 18:00:00+00:00,2026-01-08 03:00:00+00:00,2026-01-08 08:00:00,1,9,1,2026-01-07 15:00:00+00:00,0.01,0.03883710144235432,0.3736853865525423
2026-01-07 18:00:00+00:00,2026-01-08 04:00:00+00:00,2026-01-08 09:00:00,1,10,1,2026-01-07 16:00:00+00:00,0.01,0.0529645042240354,0.3736853865525423
2026-01-07 18:00:00+00:00,2026-01-08 05:00:00+00:00,2026-01-08 10:00:00,1,11,1,2026-01-07 17:00:00+00:00,0.01,0.0552122180268976,0.3736853865525423
2026-01-07 18:00:00+00:00,2026-01-08 06:00:00+00:00,2026-01-08 11:00:00,1,12,1,2026-01-07 18:00:00+00:00,0.01,0.11676809275334636,0.3736853865525423
2026-01-07 18:00:00+00:00,2026-01-08 07:00:00+00:00,2026-01-08 12:00:00,1,13,2,2026-01-06 19:00:00+00:00,0.01,0.09605321727849735,0.3736853865525423
2026-01-07 18:00:00+00:00,2026-01-08 08:00:00+00:00,2026-01-08 13:00:00,1,14,2,2026-01-06 20:00:00+00:00,0.008333333333333333,0.1598984717086888,0.3736853865525423
2026-01-07 18:00:00+00:00,2026-01-08 09:00:00+00:00,2026-01-08 14:00:00,1,15,2,2026-01-06 21:00:00+00:00,0.01,0.16921396932057442,0.3736853865525423
2026-01-07 18:00:00+00:00,2026-01-08 10:00:00+00:00,2026-01-08 15:00:00,1,16,2,2026-01-06 22:00:00+00:00,0.18333333333333335,0.22614268368127835,0.3736853865525423
2026-01-07 18:00:00+00:00,2026-01-08 11:00:00+00:00,2026-01-08 16:00:00,1,17,2,2026-01-06 23:00:00+00:00,0.13833333333333334,0.3378601681922419,0.3736853865525423
2026-01-07 18:00:00+00:00,2026-01-08 12:00:00+00:00,2026-01-08 17:00:00,1,18,2,2026-01-07 00:00:00+00:00,0.135,0.43305525719761634,0.3736853865525423
2026-01-07 18:00:00+00:00,2026-01-08 13:00:00+00:00,2026-01-08 18:00:00,1,19,2,2026-01-07 01:00:00+00:00,0.12,0.469764205502824,0.3736853865525423
2026-01-07 18:00:00+00:00,2026-01-08 14:00:00+00:00,2026-01-08 19:00:00,1,20,2,2026-01-07 02:00:00+00:00,0.01,0.5254106997240124,0.3736853865525423
2026-01-07 18:00:00+00:00,2026-01-08 15:00:00+00:00,2026-01-08 20:00:00,1,21,2,2026-01-07 03:00:00+00:00,0.013333333333333334,0.7372366125862821,0.3736853865525423
2026-01-07 18:00:00+00:00,2026-01-08 16:00:00+00:00,2026-01-08 21:00:00,1,22,2,2026-01-07 04:00:00+00:00,0.013333333333333334,0.7955065081324261,0.3736853865525423
2026-01-07 18:00:00+00:00,2026-01-08 17:00:00+00:00,2026-01-08 22:00:00,1,23,2,2026-01-07 05:00:00+00:00,0.01,0.7763694996389765,0.3736853865525423
2026-01-07 18:00:00+00:00,2026-01-08 18:00:00+00:00,2026-01-08 23:00:00,1,24,2,2026-01-07 06:00:00+00:00,0.01,0.7731556020393238,0.3736853865525423
2026-01-07 18:00:00+00:00,2026-01-08 19:00:00+00:00,2026-01-09 00:00:00,1,25,2,2026-01-07 07:00:00+00:00,0.011666666666666667,0.7746988709022578,0.3736853865525423
2026-01-07 18:00:00+00:00,2026-01-08 20:00:00+00:00,2026-01-09 01:00:00,1,26,2,2026-01-07 08:00:00+00:00,0.01,0.7535833101529184,0.3736853865525423
2026-01-07 18:00:00+00:00,2026-01-08 21:00:00+00:00,2026-01-09 02:00:00,1,27,2,2026-01-07 09:00:00+00:00,0.013333333333333334,0.7709537372469888,0.3736853865525423
2026-01-07 18:00:00+00:00,2026-01-08 22:00:00+00:00,2026-01-09 03:00:00,1,28,2,2026-01-07 10:00:00+00:00,0.01,0.766926092040219,0.3736853865525423
2026-01-07 18:00:00+00:00,2026-01-08 23:00:00+00:00,2026-01-09 04:00:00,1,29,2,2026-01-07 11:00:00+00:00,0.01,0.7527138150725483,0.3736853865525423
2026-01-07 18:00:00+00:00,2026-01-09 00:00:00+00:00,2026-01-09 05:00:00,1,30,2,2026-01-07 12:00:00+00:00,0.01,0.8648821757144032,0.3736853865525423
2026-01-07 18:00:00+00:00,2026-01-09 01:00:00+00:00,2026-01-09 06:00:00,1,31,2,2026-01-07 13:00:00+00:00,0.01,0.8460243678789104,0.3736853865525423
2026-01-07 18:00:00+00:00,2026-01-09 02:00:00+00:00,2026-01-09 07:00:00,1,32,2,2026-01-07 14:00:00+00:00,0.01,0.847231474888858,0.3736853865525423
2026-01-07 18:00:00+00:00,2026-01-09 03:00:00+00:00,2026-01-09 08:00:00,1,33,2,2026-01-07 15:00:00+00:00,0.01,0.8417882241911453,0.3736853865525423
2026-01-07 18:00:00+00:00,2026-01-09 04:00:00+00:00,2026-01-09 09:00:00,1,34,2,2026-01-07 16:00:00+00:00,0.01,0.8357867654418386,0.3736853865525423
2026-01-07 18:00:00+00:00,2026-01-09 05:00:00+00:00,2026-01-09 10:00:00,1,35,2,2026-01-07 17:00:00+00:00,0.01,0.7655519644337201,0.3736853865525423
2026-01-07 18:00:00+00:00,2026-01-09 06:00:00+00:00,2026-01-09 11:00:00,1,36,2,2026-01-07 18:00:00+00:00,0.01,0.8127857566166053,0.3736853865525423
2026-01-07 18:00:00+00:00,2026-01-09 07:00:00+00:00,2026-01-09 12:00:00,1,37,3,2026-01-06 19:00:00+00:00,0.01,0.22512768044487041,0.3736853865525423
2026-01-07 18:00:00+00:00,2026-01-09 08:00:00+00:00,2026-01-09 13:00:00,1,38,3,2026-01-06 20:00:00+00:00,0.011666666666666667,0.18392108799943804,0.3736853865525423
2026-01-07 18:00:00+00:00,2026-01-09 09:00:00+00:00,2026-01-09 14:00:00,1,39,3,2026-01-06 21:00:00+00:00,0.01,0.17845875460690747,0.3736853865525423
2026-01-07 18:00:00+00:00,2026-01-09 10:00:00+00:00,2026-01-09 15:00:00,1,40,3,2026-01-06 22:00:00+00:00,0.01,0.1582661216035346,0.3736853865525423
2026-01-07 18:00:00+00:00,2026-01-09 11:00:00+00:00,2026-01-09 16:00:00,1,41,3,2026-01-06 23:00:00+00:00,0.02666666666666667,0.10199418410165431,0.3736853865525423
2026-01-07 18:00:00+00:00,2026-01-09 12:00:00+00:00,2026-01-09 17:00:00,1,42,3,2026-01-07 00:00:00+00:00,0.03,0.11023816122922006,0.3736853865525423
2026-01-07 18:00:00+00:00,2026-01-09 13:00:00+00:00,2026-01-09 18:00:00,1,43,3,2026-01-07 01:00:00+00:00,0.011666666666666667,0.051287040991565565,0.3736853865525423
2026-01-07 18:00:00+00:00,2026-01-09 14:00:00+00:00,2026-01-09 19:00:00,1,44,3,2026-01-07 02:00:00+00:00,0.008333333333333333,0.04305718285183058,0.3736853865525423
2026-01-07 18:00:00+00:00,2026-01-09 15:00:00+00:00,2026-01-09 20:00:00,1,45,3,2026-01-07 03:00:00+00:00,0.01,0.04565288107294351,0.3736853865525423
2026-01-07 18:00:00+00:00,2026-01-09 16:00:00+00:00,2026-01-09 21:00:00,1,46,3,2026-01-07 04:00:00+00:00,0.01,0.041700748459952794,0.3736853865525423
2026-01-07 18:00:00+00:00,2026-01-09 17:00:00+00:00,2026-01-09 22:00:00,1,47,3,2026-01-07 05:00:00+00:00,0.01,0.02747677625054191,0.3736853865525423
2026-01-07 18:00:00+00:00,2026-01-09 18:00:00+00:00,2026-01-09 23:00:00,1,48,3,2026-01-07 06:00:00+00:00,0.01,0.021138821711496943,0.3736853865525423
2026-01-07 18:00:00+00:00,2026-01-07 19:00:00+00:00,2026-01-08 00:00:00,2,1,1,2026-01-07 07:00:00+00:00,0.01,0.04148157361102338,0.36829703959695215
2026-01-07 18:00:00+00:00,2026-01-07 20:00:00+00:00,2026-01-08 01:00:00,2,2,1,2026-01-07 08:00:00+00:00,0.01,0.021561751825065027,0.36829703959695215
2026-01-07 18:00:00+00:00,2026-01-07 21:00:00+00:00,2026-01-08 02:00:00,2,3,1,2026-01-07 09:00:00+00:00,0.01,0.0437149505070092,0.36829703959695215
2026-01-07 18:00:00+00:00,2026-01-07 22:00:00+00:00,2026-01-08 03:00:00,2,4,1,2026-01-07 10:00:00+00:00,0.01,0.07384316176035684,0.36829703959695215
2026-01-07 18:00:00+00:00,2026-01-07 23:00:00+00:00,2026-01-08 04:00:00,2,5,1,2026-01-07 11:00:00+00:00,0.01,0.01685168776234812,0.36829703959695215
2026-01-07 18:00:00+00:00,2026-01-08 00:00:00+00:00,2026-01-08 05:00:00,2,6,1,2026-01-07 12:00:00+00:00,0.01,0.028084754199471575,0.36829703959695215
2026-01-07 18:00:00+00:00,2026-01-08 01:00:00+00:00,2026-01-08 06:00:00,2,7,1,2026-01-07 13:00:00+00:00,0.01,0.03816246637374397,0.36829703959695215
2026-01-07 18:00:00+00:00,2026-01-08 02:00:00+00:00,2026-01-08 07:00:00,2,8,1,2026-01-07 14:00:00+00:00,0.01,0.02634395713741515,0.36829703959695215
2026-01-07 18:00:00+00:00,2026-01-08 03:00:00+00:00,2026-01-08 08:00:00,2,9,1,2026-01-07 15:00:00+00:00,0.01,0.03722486266476045,0.36829703959695215
2026-01-07 18:00:00+00:00,2026-01-08 04:00:00+00:00,2026-01-08 09:00:00,2,10,1,2026-01-07 16:00:00+00:00,0.01,0.05252703158700099,0.36829703959695215
2026-01-07 18:00:00+00:00,2026-01-08 05:00:00+00:00,2026-01-08 10:00:00,2,11,1,2026-01-07 17:00:00+00:00,0.01,0.05449501442331024,0.36829703959695215
2026-01-07 18:00:00+00:00,2026-01-08 06:00:00+00:00,2026-01-08 11:00:00,2,12,1,2026-01-07 18:00:00+00:00,0.01,0.11854964001716446,0.36829703959695215
2026-01-07 18:00:00+00:00,2026-01-08 07:00:00+00:00,2026-01-08 12:00:00,2,13,2,2026-01-06 19:00:00+00:00,0.006666666666666667,0.0962094427944445,0.36829703959695215
2026-01-07 18:00:00+00:00,2026-01-08 08:00:00+00:00,2026-01-08 13:00:00,2,14,2,2026-01-06 20:00:00+00:00,0.008333333333333333,0.1600546972246359,0.36829703959695215
2026-01-07 18:00:00+00:00,2026-01-08 09:00:00+00:00,2026-01-08 14:00:00,2,15,2,2026-01-06 21:00:00+00:00,0.013333333333333334,0.16746281077191322,0.36829703959695215
2026-01-07 18:00:00+00:00,2026-01-08 10:00:00+00:00,2026-01-08 15:00:00,2,16,2,2026-01-06 22:00:00+00:00,0.18666666666666668,0.2260168468804881,0.36829703959695215
2026-01-07 18:00:00+00:00,2026-01-08 11:00:00+00:00,2026-01-08 16:00:00,2,17,2,2026-01-06 23:00:00+00:00,0.135,0.3363171639363401,0.36829703959695215
2026-01-07 18:00:00+00:00,2026-01-08 12:00:00+00:00,2026-01-08 17:00:00,2,18,2,2026-01-07 00:00:00+00:00,0.12666666666666668,0.4315122529417144,0.36829703959695215
2026-01-07 18:00:00+00:00,2026-01-08 13:00:00+00:00,2026-01-08 18:00:00,2,19,2,2026-01-07 01:00:00+00:00,0.09999999999999999,0.46822120124692207,0.36829703959695215
2026-01-07 18:00:00+00:00,2026-01-08 14:00:00+00:00,2026-01-08 19:00:00,2,20,2,2026-01-07 02:00:00+00:00,0.01,0.523867695468111,0.36829703959695215
2026-01-07 18:00:00+00:00,2026-01-08 15:00:00+00:00,2026-01-08 20:00:00,2,21,2,2026-01-07 03:00:00+00:00,0.008333333333333333,0.7356936083303807,0.36829703959695215
2026-01-07 18:00:00+00:00,2026-01-08 16:00:00+00:00,2026-01-08 21:00:00,2,22,2,2026-01-07 04:00:00+00:00,0.011666666666666667,0.7938262516312476,0.36829703959695215
2026-01-07 18:00:00+00:00,2026-01-08 17:00:00+00:00,2026-01-08 22:00:00,2,23,2,2026-01-07 05:00:00+00:00,0.008333333333333333,0.7745454526415865,0.36829703959695215
2026-01-07 18:00:00+00:00,2026-01-08 18:00:00+00:00,2026-01-08 23:00:00,2,24,2,2026-01-07 06:00:00+00:00,0.008333333333333333,0.7713315550419335,0.36829703959695215
2026-01-07 18:00:00+00:00,2026-01-08 19:00:00+00:00,2026-01-09 00:00:00,2,25,2,2026-01-07 07:00:00+00:00,0.01,0.7728748239048675,0.36829703959695215
2026-01-07 18:00:00+00:00,2026-01-08 20:00:00+00:00,2026-01-09 01:00:00,2,26,2,2026-01-07 08:00:00+00:00,0.008333333333333333,0.7504520313974714,0.36829703959695215
2026-01-07 18:00:00+00:00,2026-01-08 21:00:00+00:00,2026-01-09 02:00:00,2,27,2,2026-01-07 09:00:00+00:00,0.01,0.7678224584915421,0.36829703959695215
2026-01-07 18:00:00+00:00,2026-01-08 22:00:00+00:00,2026-01-09 03:00:00,2,28,2,2026-01-07 10:00:00+00:00,0.011666666666666667,0.7637948132847721,0.36829703959695215
2026-01-07 18:00:00+00:00,2026-01-08 23:00:00+00:00,2026-01-09 04:00:00,2,29,2,2026-01-07 11:00:00+00:00,0.01,0.7495825363171014,0.36829703959695215
2026-01-07 18:00:00+00:00,2026-01-09 00:00:00+00:00,2026-01-09 05:00:00,2,30,2,2026-01-07 12:00:00+00:00,0.01,0.8608902197631005,0.36829703959695215
2026-01-07 18:00:00+00:00,2026-01-09 01:00:00+00:00,2026-01-09 06:00:00,2,31,2,2026-01-07 13:00:00+00:00,0.008333333333333333,0.8419241752336059,0.36829703959695215
2026-01-07 18:00:00+00:00,2026-01-09 02:00:00+00:00,2026-01-09 07:00:00,2,32,2,2026-01-07 14:00:00+00:00,0.01,0.8431312822435534,0.36829703959695215
2026-01-07 18:00:00+00:00,2026-01-09 03:00:00+00:00,2026-01-09 08:00:00,2,33,2,2026-01-07 15:00:00+00:00,0.008333333333333333,0.8376880315458407,0.36829703959695215
2026-01-07 18:00:00+00:00,2026-01-09 04:00:00+00:00,2026-01-09 09:00:00,2,34,2,2026-01-07 16:00:00+00:00,0.008333333333333333,0.831686572796534,0.36829703959695215
2026-01-07 18:00:00+00:00,2026-01-09 05:00:00+00:00,2026-01-09 10:00:00,2,35,2,2026-01-07 17:00:00+00:00,0.01,0.7613696086907482,0.36829703959695215
2026-01-07 18:00:00+00:00,2026-01-09 06:00:00+00:00,2026-01-09 11:00:00,2,36,2,2026-01-07 18:00:00+00:00,0.01,0.8110410522215142,0.36829703959695215
2026-01-07 18:00:00+00:00,2026-01-09 07:00:00+00:00,2026-01-09 12:00:00,2,37,3,2026-01-06 19:00:00+00:00,0.01,0.2251466537155406,0.36829703959695215
2026-01-07 18:00:00+00:00,2026-01-09 08:00:00+00:00,2026-01-09 13:00:00,2,38,3,2026-01-06 20:00:00+00:00,0.006666666666666667,0.18407731351538512,0.36829703959695215
2026-01-07 18:00:00+00:00,2026-01-09 09:00:00+00:00,2026-01-09 14:00:00,2,39,3,2026-01-06 21:00:00+00:00,0.01,0.17670759605824626,0.36829703959695215
2026-01-07 18:00:00+00:00,2026-01-09 10:00:00+00:00,2026-01-09 15:00:00,2,40,3,2026-01-06 22:00:00+00:00,0.01,0.1565149630548734,0.36829703959695215
2026-01-07 18:00:00+00:00,2026-01-09 11:00:00+00:00,2026-01-09 16:00:00,2,41,3,2026-01-06 23:00:00+00:00,0.016666666666666666,0.10024302555299314,0.36829703959695215
2026-01-07 18:00:00+00:00,2026-01-09 12:00:00+00:00,2026-01-09 17:00:00,2,42,3,2026-01-07 00:00:00+00:00,0.013333333333333334,0.10848700268055889,0.36829703959695215
2026-01-07 18:00:00+00:00,2026-01-09 13:00:00+00:00,2026-01-09 18:00:00,2,43,3,2026-01-07 01:00:00+00:00,0.01,0.04953588244290436,0.36829703959695215
2026-01-07 18:00:00+00:00,2026-01-09 14:00:00+00:00,2026-01-09 19:00:00,2,44,3,2026-01-07 02:00:00+00:00,0.008333333333333333,0.041306024303169354,0.36829703959695215
2026-01-07 18:00:00+00:00,2026-01-09 15:00:00+00:00,2026-01-09 20:00:00,2,45,3,2026-01-07 03:00:00+00:00,0.008333333333333333,0.04390172252428229,0.36829703959695215
2026-01-07 18:00:00+00:00,2026-01-09 16:00:00+00:00,2026-01-09 21:00:00,2,46,3,2026-01-07 04:00:00+00:00,0.01,0.03994958991129157,0.36829703959695215
2026-01-07 18:00:00+00:00,2026-01-09 17:00:00+00:00,2026-01-09 22:00:00,2,47,3,2026-01-07 05:00:00+00:00,0.01,0.02638367965141009,0.36829703959695215
2026-01-07 18:00:00+00:00,2026-01-09 18:00:00+00:00,2026-01-09 23:00:00,2,48,3,2026-01-07 06:00:00+00:00,0.01,0.020045725112365163,0.36829703959695215
2026-01-08 18:00:00+00:00,2026-01-08 19:00:00+00:00,2026-01-09 00:00:00,1,1,1,2026-01-08 07:00:00+00:00,0.011666666666666667,0.6668419510018686,0.3736853865525423
2026-01-08 18:00:00+00:00,2026-01-08 20:00:00+00:00,2026-01-09 01:00:00,1,2,1,2026-01-08 08:00:00+00:00,0.01,0.7336961181923196,0.3736853865525423
2026-01-08 18:00:00+00:00,2026-01-08 21:00:00+00:00,2026-01-09 02:00:00,1,3,1,2026-01-08 09:00:00+00:00,0.013333333333333334,0.7563631411332743,0.3736853865525423
2026-01-08 18:00:00+00:00,2026-01-08 22:00:00+00:00,2026-01-09 03:00:00,1,4,1,2026-01-08 10:00:00+00:00,0.01,0.6975878180129169,0.3736853865525423
2026-01-08 18:00:00+00:00,2026-01-08 23:00:00+00:00,2026-01-09 04:00:00,1,5,1,2026-01-08 11:00:00+00:00,0.01,0.7229408771299568,0.3736853865525423
2026-01-08 18:00:00+00:00,2026-01-09 00:00:00+00:00,2026-01-09 05:00:00,1,6,1,2026-01-08 12:00:00+00:00,0.01,0.35124894460851125,0.3736853865525423
2026-01-08 18:00:00+00:00,2026-01-09 01:00:00+00:00,2026-01-09 06:00:00,1,7,1,2026-01-08 13:00:00+00:00,0.01,0.28477380018900605,0.3736853865525423
2026-01-08 18:00:00+00:00,2026-01-09 02:00:00+00:00,2026-01-09 07:00:00,1,8,1,2026-01-08 14:00:00+00:00,0.01,0.26821050429295007,0.3736853865525423
2026-01-08 18:00:00+00:00,2026-01-09 03:00:00+00:00,2026-01-09 08:00:00,1,9,1,2026-01-08 15:00:00+00:00,0.01,0.20349647039382215,0.3736853865525423
2026-01-08 18:00:00+00:00,2026-01-09 04:00:00+00:00,2026-01-09 09:00:00,1,10,1,2026-01-08 16:00:00+00:00,0.01,0.1778537372006275,0.3736853865525423
2026-01-08 18:00:00+00:00,2026-01-09 05:00:00+00:00,2026-01-09 10:00:00,1,11,1,2026-01-08 17:00:00+00:00,0.01,0.1623806680078001,0.3736853865525423
2026-01-08 18:00:00+00:00,2026-01-09 06:00:00+00:00,2026-01-09 11:00:00,1,12,1,2026-01-08 18:00:00+00:00,0.01,0.03729911818546469,0.3736853865525423
2026-01-08 18:00:00+00:00,2026-01-09 07:00:00+00:00,2026-01-09 12:00:00,1,13,2,2026-01-07 19:00:00+00:00,0.01,0.7389946088405707,0.3736853865525423
2026-01-08 18:00:00+00:00,2026-01-09 08:00:00+00:00,2026-01-09 13:00:00,1,14,2,2026-01-07 20:00:00+00:00,0.011666666666666667,0.6784365084317004,0.3736853865525423
2026-01-08 18:00:00+00:00,2026-01-09 09:00:00+00:00,2026-01-09 14:00:00,1,15,2,2026-01-07 21:00:00+00:00,0.01,0.4796667665370901,0.3736853865525423
2026-01-08 18:00:00+00:00,2026-01-09 10:00:00+00:00,2026-01-09 15:00:00,1,16,2,2026-01-07 22:00:00+00:00,0.01,0.44041951425786846,0.3736853865525423
2026-01-08 18:00:00+00:00,2026-01-09 11:00:00+00:00,2026-01-09 16:00:00,1,17,2,2026-01-07 23:00:00+00:00,0.02666666666666667,0.3408648314977086,0.3736853865525423
2026-01-08 18:00:00+00:00,2026-01-09 12:00:00+00:00,2026-01-09 17:00:00,1,18,2,2026-01-08 00:00:00+00:00,0.03,0.33264851981136007,0.3736853865525423
2026-01-08 18:00:00+00:00,2026-01-09 13:00:00+00:00,2026-01-09 18:00:00,1,19,2,2026-01-08 01:00:00+00:00,0.011666666666666667,0.303247390624992,0.3736853865525423
2026-01-08 18:00:00+00:00,2026-01-09 14:00:00+00:00,2026-01-09 19:00:00,1,20,2,2026-01-08 02:00:00+00:00,0.008333333333333333,0.3059791798662363,0.3736853865525423
2026-01-08 18:00:00+00:00,2026-01-09 15:00:00+00:00,2026-01-09 20:00:00,1,21,2,2026-01-08 03:00:00+00:00,0.01,0.330918736525399,0.3736853865525423
2026-01-08 18:00:00+00:00,2026-01-09 16:00:00+00:00,2026-01-09 21:00:00,1,22,2,2026-01-08 04:00:00+00:00,0.01,0.3523039890133907,0.3736853865525423
2026-01-08 18:00:00+00:00,2026-01-09 17:00:00+00:00,2026-01-09 22:00:00,1,23,2,2026-01-08 05:00:00+00:00,0.01,0.3564156731997103,0.3736853865525423
2026-01-08 18:00:00+00:00,2026-01-09 18:00:00+00:00,2026-01-09 23:00:00,1,24,2,2026-01-08 06:00:00+00:00,0.01,0.12063466575015731,0.3736853865525423
2026-01-08 18:00:00+00:00,2026-01-09 19:00:00+00:00,2026-01-10 00:00:00,1,25,2,2026-01-08 07:00:00+00:00,0.01,0.23709640060669285,0.3736853865525423
2026-01-08 18:00:00+00:00,2026-01-09 20:00:00+00:00,2026-01-10 01:00:00,1,26,2,2026-01-08 08:00:00+00:00,0.01,0.27671099865557464,0.3736853865525423
2026-01-08 18:00:00+00:00,2026-01-09 21:00:00+00:00,2026-01-10 02:00:00,1,27,2,2026-01-08 09:00:00+00:00,0.01,0.3729770463249353,0.3736853865525423
2026-01-08 18:00:00+00:00,2026-01-09 22:00:00+00:00,2026-01-10 03:00:00,1,28,2,2026-01-08 10:00:00+00:00,0.01,0.42670714067782695,0.3736853865525423
2026-01-08 18:00:00+00:00,2026-01-09 23:00:00+00:00,2026-01-10 04:00:00,1,29,2,2026-01-08 11:00:00+00:00,0.01,0.49379207857724355,0.3736853865525423
2026-01-08 18:00:00+00:00,2026-01-10 00:00:00+00:00,2026-01-10 05:00:00,1,30,2,2026-01-08 12:00:00+00:00,0.028333333333333332,0.607322917472574,0.3736853865525423
2026-01-08 18:00:00+00:00,2026-01-10 01:00:00+00:00,2026-01-10 06:00:00,1,31,2,2026-01-08 13:00:00+00:00,0.06166666666666667,0.5644435907395862,0.3736853865525423
2026-01-08 18:00:00+00:00,2026-01-10 02:00:00+00:00,2026-01-10 07:00:00,1,32,2,2026-01-08 14:00:00+00:00,0.05833333333333334,0.5702248711734066,0.3736853865525423
2026-01-08 18:00:00+00:00,2026-01-10 03:00:00+00:00,2026-01-10 08:00:00,1,33,2,2026-01-08 15:00:00+00:00,0.051666666666666666,0.5453285537622534,0.3736853865525423
2026-01-08 18:00:00+00:00,2026-01-10 04:00:00+00:00,2026-01-10 09:00:00,1,34,2,2026-01-08 16:00:00+00:00,0.11499999999999999,0.5110332538471851,0.3736853865525423
2026-01-08 18:00:00+00:00,2026-01-10 05:00:00+00:00,2026-01-10 10:00:00,1,35,2,2026-01-08 17:00:00+00:00,0.07,0.5074120549387955,0.3736853865525423
2026-01-08 18:00:00+00:00,2026-01-10 06:00:00+00:00,2026-01-10 11:00:00,1,36,2,2026-01-08 18:00:00+00:00,0.09000000000000001,0.47628776890655794,0.3736853865525423
2026-01-08 18:00:00+00:00,2026-01-10 07:00:00+00:00,2026-01-10 12:00:00,1,37,3,2026-01-07 19:00:00+00:00,0.05333333333333334,0.43969507994434637,0.3736853865525423
2026-01-08 18:00:00+00:00,2026-01-10 08:00:00+00:00,2026-01-10 13:00:00,1,38,3,2026-01-07 20:00:00+00:00,0.21333333333333335,0.32406763204478345,0.3736853865525423
2026-01-08 18:00:00+00:00,2026-01-10 09:00:00+00:00,2026-01-10 14:00:00,1,39,3,2026-01-07 21:00:00+00:00,0.19166666666666665,0.2802505446377416,0.3736853865525423
2026-01-08 18:00:00+00:00,2026-01-10 10:00:00+00:00,2026-01-10 15:00:00,1,40,3,2026-01-07 22:00:00+00:00,0.18833333333333332,0.28627666252979583,0.3736853865525423
2026-01-08 18:00:00+00:00,2026-01-10 11:00:00+00:00,2026-01-10 16:00:00,1,41,3,2026-01-07 23:00:00+00:00,0.18000000000000002,0.27828177456351927,0.3736853865525423
2026-01-08 18:00:00+00:00,2026-01-10 12:00:00+00:00,2026-01-10 17:00:00,1,42,3,2026-01-08 00:00:00+00:00,0.15166666666666667,0.3692244145650681,0.3736853865525423
2026-01-08 18:00:00+00:00,2026-01-10 13:00:00+00:00,2026-01-10 18:00:00,1,43,3,2026-01-08 01:00:00+00:00,0.4166666666666667,0.3948951088911074,0.3736853865525423
2026-01-08 18:00:00+00:00,2026-01-10 14:00:00+00:00,2026-01-10 19:00:00,1,44,3,2026-01-08 02:00:00+00:00,0.38833333333333336,0.35605789577873964,0.3736853865525423
2026-01-08 18:00:00+00:00,2026-01-10 15:00:00+00:00,2026-01-10 20:00:00,1,45,3,2026-01-08 03:00:00+00:00,0.54,0.3165908775191882,0.3736853865525423
2026-01-08 18:00:00+00:00,2026-01-10 16:00:00+00:00,2026-01-10 21:00:00,1,46,3,2026-01-08 04:00:00+00:00,0.5750000000000001,0.3672681969960914,0.3736853865525423
2026-01-08 18:00:00+00:00,2026-01-10 17:00:00+00:00,2026-01-10 22:00:00,1,47,3,2026-01-08 05:00:00+00:00,0.345,0.4073695245109063,0.3736853865525423
2026-01-08 18:00:00+00:00,2026-01-10 18:00:00+00:00,2026-01-10 23:00:00,1,48,3,2026-01-08 06:00:00+00:00,0.4083333333333334,0.508543070835016,0.3736853865525423
2026-01-08 18:00:00+00:00,2026-01-08 19:00:00+00:00,2026-01-09 00:00:00,2,1,1,2026-01-08 07:00:00+00:00,0.01,0.6651551562497553,0.36829703959695215
2026-01-08 18:00:00+00:00,2026-01-08 20:00:00+00:00,2026-01-09 01:00:00,2,2,1,2026-01-08 08:00:00+00:00,0.008333333333333333,0.7326424800627462,0.36829703959695215
2026-01-08 18:00:00+00:00,2026-01-08 21:00:00+00:00,2026-01-09 02:00:00,2,3,1,2026-01-08 09:00:00+00:00,0.01,0.7553095030037011,0.36829703959695215
2026-01-08 18:00:00+00:00,2026-01-08 22:00:00+00:00,2026-01-09 03:00:00,2,4,1,2026-01-08 10:00:00+00:00,0.011666666666666667,0.6963969276380666,0.36829703959695215
2026-01-08 18:00:00+00:00,2026-01-08 23:00:00+00:00,2026-01-09 04:00:00,2,5,1,2026-01-08 11:00:00+00:00,0.01,0.7198095983745099,0.36829703959695215
2026-01-08 18:00:00+00:00,2026-01-09 00:00:00+00:00,2026-01-09 05:00:00,2,6,1,2026-01-08 12:00:00+00:00,0.01,0.35019530647893776,0.36829703959695215
2026-01-08 18:00:00+00:00,2026-01-09 01:00:00+00:00,2026-01-09 06:00:00,2,7,1,2026-01-08 13:00:00+00:00,0.008333333333333333,0.28372016205943257,0.36829703959695215
2026-01-08 18:00:00+00:00,2026-01-09 02:00:00+00:00,2026-01-09 07:00:00,2,8,1,2026-01-08 14:00:00+00:00,0.01,0.2671568661633767,0.36829703959695215
2026-01-08 18:00:00+00:00,2026-01-09 03:00:00+00:00,2026-01-09 08:00:00,2,9,1,2026-01-08 15:00:00+00:00,0.008333333333333333,0.20244283226424878,0.36829703959695215
2026-01-08 18:00:00+00:00,2026-01-09 04:00:00+00:00,2026-01-09 09:00:00,2,10,1,2026-01-08 16:00:00+00:00,0.008333333333333333,0.178049421186133,0.36829703959695215
2026-01-08 18:00:00+00:00,2026-01-09 05:00:00+00:00,2026-01-09 10:00:00,2,11,1,2026-01-08 17:00:00+00:00,0.01,0.1625763519933056,0.36829703959695215
2026-01-08 18:00:00+00:00,2026-01-09 06:00:00+00:00,2026-01-09 11:00:00,2,12,1,2026-01-08 18:00:00+00:00,0.01,0.037455343701411806,0.36829703959695215
2026-01-08 18:00:00+00:00,2026-01-09 07:00:00+00:00,2026-01-09 12:00:00,2,13,2,2026-01-07 19:00:00+00:00,0.01,0.7391902928260764,0.36829703959695215
2026-01-08 18:00:00+00:00,2026-01-09 08:00:00+00:00,2026-01-09 13:00:00,2,14,2,2026-01-07 20:00:00+00:00,0.006666666666666667,0.678632192417206,0.36829703959695215
2026-01-08 18:00:00+00:00,2026-01-09 09:00:00+00:00,2026-01-09 14:00:00,2,15,2,2026-01-07 21:00:00+00:00,0.01,0.47875691890372823,0.36829703959695215
2026-01-08 18:00:00+00:00,2026-01-09 10:00:00+00:00,2026-01-09 15:00:00,2,16,2,2026-01-07 22:00:00+00:00,0.01,0.4395096666245066,0.36829703959695215
2026-01-08 18:00:00+00:00,2026-01-09 11:00:00+00:00,2026-01-09 16:00:00,2,17,2,2026-01-07 23:00:00+00:00,0.016666666666666666,0.3399549838643467,0.36829703959695215
2026-01-08 18:00:00+00:00,2026-01-09 12:00:00+00:00,2026-01-09 17:00:00,2,18,2,2026-01-08 00:00:00+00:00,0.013333333333333334,0.3317386721779982,0.36829703959695215
2026-01-08 18:00:00+00:00,2026-01-09 13:00:00+00:00,2026-01-09 18:00:00,2,19,2,2026-01-08 01:00:00+00:00,0.01,0.3023375429916301,0.36829703959695215
2026-01-08 18:00:00+00:00,2026-01-09 14:00:00+00:00,2026-01-09 19:00:00,2,20,2,2026-01-08 02:00:00+00:00,0.008333333333333333,0.3050693322328744,0.36829703959695215
2026-01-08 18:00:00+00:00,2026-01-09 15:00:00+00:00,2026-01-09 20:00:00,2,21,2,2026-01-08 03:00:00+00:00,0.008333333333333333,0.3300088888920371,0.36829703959695215
2026-01-08 18:00:00+00:00,2026-01-09 16:00:00+00:00,2026-01-09 21:00:00,2,22,2,2026-01-08 04:00:00+00:00,0.01,0.35139414138002883,0.36829703959695215
2026-01-08 18:00:00+00:00,2026-01-09 17:00:00+00:00,2026-01-09 22:00:00,2,23,2,2026-01-08 05:00:00+00:00,0.01,0.3553620350701369,0.36829703959695215
2026-01-08 18:00:00+00:00,2026-01-09 18:00:00+00:00,2026-01-09 23:00:00,2,24,2,2026-01-08 06:00:00+00:00,0.01,0.11958102762058388,0.36829703959695215
2026-01-08 18:00:00+00:00,2026-01-09 19:00:00+00:00,2026-01-10 00:00:00,2,25,2,2026-01-08 07:00:00+00:00,0.01,0.2360427624771193,0.36829703959695215
2026-01-08 18:00:00+00:00,2026-01-09 20:00:00+00:00,2026-01-10 01:00:00,2,26,2,2026-01-08 08:00:00+00:00,0.01,0.27565736052600115,0.36829703959695215
2026-01-08 18:00:00+00:00,2026-01-09 21:00:00+00:00,2026-01-10 02:00:00,2,27,2,2026-01-08 09:00:00+00:00,0.01,0.3719234081953619,0.36829703959695215
2026-01-08 18:00:00+00:00,2026-01-09 22:00:00+00:00,2026-01-10 03:00:00,2,28,2,2026-01-08 10:00:00+00:00,0.01,0.42565350254825346,0.36829703959695215
2026-01-08 18:00:00+00:00,2026-01-09 23:00:00+00:00,2026-01-10 04:00:00,2,29,2,2026-01-08 11:00:00+00:00,0.01,0.4927384404476704,0.36829703959695215
2026-01-08 18:00:00+00:00,2026-01-10 00:00:00+00:00,2026-01-10 05:00:00,2,30,2,2026-01-08 12:00:00+00:00,0.016666666666666666,0.6062692793430007,0.36829703959695215
2026-01-08 18:00:00+00:00,2026-01-10 01:00:00+00:00,2026-01-10 06:00:00,2,31,2,2026-01-08 13:00:00+00:00,0.043333333333333335,0.563389952610013,0.36829703959695215
2026-01-08 18:00:00+00:00,2026-01-10 02:00:00+00:00,2026-01-10 07:00:00,2,32,2,2026-01-08 14:00:00+00:00,0.034999999999999996,0.5691712330438334,0.36829703959695215
2026-01-08 18:00:00+00:00,2026-01-10 03:00:00+00:00,2026-01-10 08:00:00,2,33,2,2026-01-08 15:00:00+00:00,0.03166666666666667,0.5439921510410781,0.36829703959695215
2026-01-08 18:00:00+00:00,2026-01-10 04:00:00+00:00,2026-01-10 09:00:00,2,34,2,2026-01-08 16:00:00+00:00,0.08,0.5112289378326906,0.36829703959695215
2026-01-08 18:00:00+00:00,2026-01-10 05:00:00+00:00,2026-01-10 10:00:00,2,35,2,2026-01-08 17:00:00+00:00,0.034999999999999996,0.5076077389243012,0.36829703959695215
2026-01-08 18:00:00+00:00,2026-01-10 06:00:00+00:00,2026-01-10 11:00:00,2,36,2,2026-01-08 18:00:00+00:00,0.09000000000000001,0.47648345289206356,0.36829703959695215
2026-01-08 18:00:00+00:00,2026-01-10 07:00:00+00:00,2026-01-10 12:00:00,2,37,3,2026-01-07 19:00:00+00:00,0.049999999999999996,0.43960799933824973,0.36829703959695215
2026-01-08 18:00:00+00:00,2026-01-10 08:00:00+00:00,2026-01-10 13:00:00,2,38,3,2026-01-07 20:00:00+00:00,0.24333333333333332,0.3217625568119294,0.36829703959695215
2026-01-08 18:00:00+00:00,2026-01-10 09:00:00+00:00,2026-01-10 14:00:00,2,39,3,2026-01-07 21:00:00+00:00,0.18833333333333335,0.2785368362076845,0.36829703959695215
2026-01-08 18:00:00+00:00,2026-01-10 10:00:00+00:00,2026-01-10 15:00:00,2,40,3,2026-01-07 22:00:00+00:00,0.21,0.2737192370988331,0.36829703959695215
2026-01-08 18:00:00+00:00,2026-01-10 11:00:00+00:00,2026-01-10 16:00:00,2,41,3,2026-01-07 23:00:00+00:00,0.16666666666666666,0.26269304132778454,0.36829703959695215
2026-01-08 18:00:00+00:00,2026-01-10 12:00:00+00:00,2026-01-10 17:00:00,2,42,3,2026-01-08 00:00:00+00:00,0.16166666666666668,0.3536356813293334,0.36829703959695215
2026-01-08 18:00:00+00:00,2026-01-10 13:00:00+00:00,2026-01-10 18:00:00,2,43,3,2026-01-08 01:00:00+00:00,0.4466666666666666,0.37930637565537256,0.36829703959695215
2026-01-08 18:00:00+00:00,2026-01-10 14:00:00+00:00,2026-01-10 19:00:00,2,44,3,2026-01-08 02:00:00+00:00,0.39166666666666666,0.35514804814537765,0.36829703959695215
2026-01-08 18:00:00+00:00,2026-01-10 15:00:00+00:00,2026-01-10 20:00:00,2,45,3,2026-01-08 03:00:00+00:00,0.49833333333333335,0.3156810298858262,0.36829703959695215
2026-01-08 18:00:00+00:00,2026-01-10 16:00:00+00:00,2026-01-10 21:00:00,2,46,3,2026-01-08 04:00:00+00:00,0.5366666666666667,0.36635834936272943,0.36829703959695215
2026-01-08 18:00:00+00:00,2026-01-10 17:00:00+00:00,2026-01-10 22:00:00,2,47,3,2026-01-08 05:00:00+00:00,0.3066666666666667,0.4063158863813328,0.36829703959695215
2026-01-08 18:00:00+00:00,2026-01-10 18:00:00+00:00,2026-01-10 23:00:00,2,48,3,2026-01-08 06:00:00+00:00,0.45166666666666666,0.5074894327054427,0.36829703959695215
2026-01-09 18:00:00+00:00,2026-01-09 19:00:00+00:00,2026-01-10 00:00:00,1,1,1,2026-01-09 07:00:00+00:00,0.01,0.11001780548396949,0.3736853865525423
2026-01-09 18:00:00+00:00,2026-01-09 20:00:00+00:00,2026-01-10 01:00:00,1,2,1,2026-01-09 08:00:00+00:00,0.01,0.3410009965970819,0.3736853865525423
2026-01-09 18:00:00+00:00,2026-01-09 21:00:00+00:00,2026-01-10 02:00:00,1,3,1,2026-01-09 09:00:00+00:00,0.01,0.4795371752022039,0.3736853865525423
2026-01-09 18:00:00+00:00,2026-01-09 22:00:00+00:00,2026-01-10 03:00:00,1,4,1,2026-01-09 10:00:00+00:00,0.01,0.6127801556734067,0.3736853865525423
2026-01-09 18:00:00+00:00,2026-01-09 23:00:00+00:00,2026-01-10 04:00:00,1,5,1,2026-01-09 11:00:00+00:00,0.01,0.6717996094345162,0.3736853865525423
2026-01-09 18:00:00+00:00,2026-01-10 00:00:00+00:00,2026-01-10 05:00:00,1,6,1,2026-01-09 12:00:00+00:00,0.028333333333333332,0.5459208375197915,0.3736853865525423
2026-01-09 18:00:00+00:00,2026-01-10 01:00:00+00:00,2026-01-10 06:00:00,1,7,1,2026-01-09 13:00:00+00:00,0.06166666666666667,0.5433663634707906,0.3736853865525423
2026-01-09 18:00:00+00:00,2026-01-10 02:00:00+00:00,2026-01-10 07:00:00,1,8,1,2026-01-09 14:00:00+00:00,0.05833333333333334,0.4348364822735387,0.3736853865525423
2026-01-09 18:00:00+00:00,2026-01-10 03:00:00+00:00,2026-01-10 08:00:00,1,9,1,2026-01-09 15:00:00+00:00,0.051666666666666666,0.4493175010808595,0.3736853865525423
2026-01-09 18:00:00+00:00,2026-01-10 04:00:00+00:00,2026-01-10 09:00:00,1,10,1,2026-01-09 16:00:00+00:00,0.11499999999999999,0.4409547268813205,0.3736853865525423
2026-01-09 18:00:00+00:00,2026-01-10 05:00:00+00:00,2026-01-10 10:00:00,1,11,1,2026-01-09 17:00:00+00:00,0.07,0.586590247110033,0.3736853865525423
2026-01-09 18:00:00+00:00,2026-01-10 06:00:00+00:00,2026-01-10 11:00:00,1,12,1,2026-01-09 18:00:00+00:00,0.09000000000000001,0.5861731372707143,0.3736853865525423
2026-01-09 18:00:00+00:00,2026-01-10 07:00:00+00:00,2026-01-10 12:00:00,1,13,2,2026-01-08 19:00:00+00:00,0.05333333333333334,0.39118641226129963,0.3736853865525423
2026-01-09 18:00:00+00:00,2026-01-10 08:00:00+00:00,2026-01-10 13:00:00,1,14,2,2026-01-08 20:00:00+00:00,0.21333333333333335,0.41321377269729404,0.3736853865525423
2026-01-09 18:00:00+00:00,2026-01-10 09:00:00+00:00,2026-01-10 14:00:00,1,15,2,2026-01-08 21:00:00+00:00,0.19166666666666665,0.36077191833509087,0.3736853865525423
2026-01-09 18:00:00+00:00,2026-01-10 10:00:00+00:00,2026-01-10 15:00:00,1,16,2,2026-01-08 22:00:00+00:00,0.18833333333333332,0.37904134844068155,0.3736853865525423
2026-01-09 18:00:00+00:00,2026-01-10 11:00:00+00:00,2026-01-10 16:00:00,1,17,2,2026-01-08 23:00:00+00:00,0.18000000000000002,0.3777739557164594,0.3736853865525423
2026-01-09 18:00:00+00:00,2026-01-10 12:00:00+00:00,2026-01-10 17:00:00,1,18,2,2026-01-09 00:00:00+00:00,0.15166666666666667,0.45493261832034665,0.3736853865525423
2026-01-09 18:00:00+00:00,2026-01-10 13:00:00+00:00,2026-01-10 18:00:00,1,19,2,2026-01-09 01:00:00+00:00,0.4166666666666667,0.42204418902158153,0.3736853865525423
2026-01-09 18:00:00+00:00,2026-01-10 14:00:00+00:00,2026-01-10 19:00:00,1,20,2,2026-01-09 02:00:00+00:00,0.38833333333333336,0.4798937016928599,0.3736853865525423
2026-01-09 18:00:00+00:00,2026-01-10 15:00:00+00:00,2026-01-10 20:00:00,1,21,2,2026-01-09 03:00:00+00:00,0.54,0.5200551497914022,0.3736853865525423
2026-01-09 18:00:00+00:00,2026-01-10 16:00:00+00:00,2026-01-10 21:00:00,1,22,2,2026-01-09 04:00:00+00:00,0.5750000000000001,0.5210956979350599,0.3736853865525423
2026-01-09 18:00:00+00:00,2026-01-10 17:00:00+00:00,2026-01-10 22:00:00,1,23,2,2026-01-09 05:00:00+00:00,0.345,0.5932825671238331,0.3736853865525423
2026-01-09 18:00:00+00:00,2026-01-10 18:00:00+00:00,2026-01-10 23:00:00,1,24,2,2026-01-09 06:00:00+00:00,0.4083333333333334,0.7634635298934864,0.3736853865525423
2026-01-09 18:00:00+00:00,2026-01-10 19:00:00+00:00,2026-01-11 00:00:00,1,25,2,2026-01-09 07:00:00+00:00,0.84,0.8345438577331296,0.3736853865525423
2026-01-09 18:00:00+00:00,2026-01-10 20:00:00+00:00,2026-01-11 01:00:00,1,26,2,2026-01-09 08:00:00+00:00,0.8983333333333333,0.8712467229684392,0.3736853865525423
2026-01-09 18:00:00+00:00,2026-01-10 21:00:00+00:00,2026-01-11 02:00:00,1,27,2,2026-01-09 09:00:00+00:00,0.7116666666666666,0.7948574643048972,0.3736853865525423
2026-01-09 18:00:00+00:00,2026-01-10 22:00:00+00:00,2026-01-11 03:00:00,1,28,2,2026-01-09 10:00:00+00:00,0.7716666666666666,0.8062030043774074,0.3736853865525423
2026-01-09 18:00:00+00:00,2026-01-10 23:00:00+00:00,2026-01-11 04:00:00,1,29,2,2026-01-09 11:00:00+00:00,0.85,0.8394882799350966,0.3736853865525423
2026-01-09 18:00:00+00:00,2026-01-11 00:00:00+00:00,2026-01-11 05:00:00,1,30,2,2026-01-09 12:00:00+00:00,0.4683333333333333,0.9232508163730303,0.3736853865525423
2026-01-09 18:00:00+00:00,2026-01-11 01:00:00+00:00,2026-01-11 06:00:00,1,31,2,2026-01-09 13:00:00+00:00,0.5533333333333333,0.9327553652669839,0.3736853865525423
2026-01-09 18:00:00+00:00,2026-01-11 02:00:00+00:00,2026-01-11 07:00:00,1,32,2,2026-01-09 14:00:00+00:00,0.48666666666666664,0.9332720772197197,0.3736853865525423
2026-01-09 18:00:00+00:00,2026-01-11 03:00:00+00:00,2026-01-11 08:00:00,1,33,2,2026-01-09 15:00:00+00:00,0.21,0.964977027746916,0.3736853865525423
2026-01-09 18:00:00+00:00,2026-01-11 04:00:00+00:00,2026-01-11 09:00:00,1,34,2,2026-01-09 16:00:00+00:00,0.325,0.9434965830151213,0.3736853865525423
2026-01-09 18:00:00+00:00,2026-01-11 05:00:00+00:00,2026-01-11 10:00:00,1,35,2,2026-01-09 17:00:00+00:00,0.27999999999999997,0.9605237318615657,0.3736853865525423
2026-01-09 18:00:00+00:00,2026-01-11 06:00:00+00:00,2026-01-11 11:00:00,1,36,2,2026-01-09 18:00:00+00:00,0.4033333333333333,0.9236139726373795,0.3736853865525423
2026-01-09 18:00:00+00:00,2026-01-11 07:00:00+00:00,2026-01-11 12:00:00,1,37,3,2026-01-08 19:00:00+00:00,0.5966666666666667,0.9870149193415584,0.3736853865525423
2026-01-09 18:00:00+00:00,2026-01-11 08:00:00+00:00,2026-01-11 13:00:00,1,38,3,2026-01-08 20:00:00+00:00,0.6,0.9830975252302241,0.3736853865525423
2026-01-09 18:00:00+00:00,2026-01-11 09:00:00+00:00,2026-01-11 14:00:00,1,39,3,2026-01-08 21:00:00+00:00,0.31333333333333335,0.9878482397120597,0.3736853865525423
2026-01-09 18:00:00+00:00,2026-01-11 10:00:00+00:00,2026-01-11 15:00:00,1,40,3,2026-01-08 22:00:00+00:00,0.21833333333333335,0.9717895599064287,0.3736853865525423
2026-01-09 18:00:00+00:00,2026-01-11 11:00:00+00:00,2026-01-11 16:00:00,1,41,3,2026-01-08 23:00:00+00:00,0.27999999999999997,0.9678824885655918,0.3736853865525423
2026-01-09 18:00:00+00:00,2026-01-11 12:00:00+00:00,2026-01-11 17:00:00,1,42,3,2026-01-09 00:00:00+00:00,0.2316666666666667,0.8964217656597447,0.3736853865525423
2026-01-09 18:00:00+00:00,2026-01-11 13:00:00+00:00,2026-01-11 18:00:00,1,43,3,2026-01-09 01:00:00+00:00,0.445,0.9132242208207437,0.3736853865525423
2026-01-09 18:00:00+00:00,2026-01-11 14:00:00+00:00,2026-01-11 19:00:00,1,44,3,2026-01-09 02:00:00+00:00,0.45166666666666666,0.8982003953149267,0.3736853865525423
2026-01-09 18:00:00+00:00,2026-01-11 15:00:00+00:00,2026-01-11 20:00:00,1,45,3,2026-01-09 03:00:00+00:00,0.27499999999999997,0.8517075927423718,0.3736853865525423
2026-01-09 18:00:00+00:00,2026-01-11 16:00:00+00:00,2026-01-11 21:00:00,1,46,3,2026-01-09 04:00:00+00:00,0.6066666666666667,0.8974332368057187,0.3736853865525423
2026-01-09 18:00:00+00:00,2026-01-11 17:00:00+00:00,2026-01-11 22:00:00,1,47,3,2026-01-09 05:00:00+00:00,0.5499999999999999,0.8866610515855536,0.3736853865525423
2026-01-09 18:00:00+00:00,2026-01-11 18:00:00+00:00,2026-01-11 23:00:00,1,48,3,2026-01-09 06:00:00+00:00,0.33166666666666667,0.8202268785241168,0.3736853865525423
2026-01-09 18:00:00+00:00,2026-01-09 19:00:00+00:00,2026-01-10 00:00:00,2,1,1,2026-01-09 07:00:00+00:00,0.01,0.10896416735439611,0.36829703959695215
2026-01-09 18:00:00+00:00,2026-01-09 20:00:00+00:00,2026-01-10 01:00:00,2,2,1,2026-01-09 08:00:00+00:00,0.01,0.3399473584675085,0.36829703959695215
2026-01-09 18:00:00+00:00,2026-01-09 21:00:00+00:00,2026-01-10 02:00:00,2,3,1,2026-01-09 09:00:00+00:00,0.01,0.4784835370726304,0.36829703959695215
2026-01-09 18:00:00+00:00,2026-01-09 22:00:00+00:00,2026-01-10 03:00:00,2,4,1,2026-01-09 10:00:00+00:00,0.01,0.6117265175438336,0.36829703959695215
2026-01-09 18:00:00+00:00,2026-01-09 23:00:00+00:00,2026-01-10 04:00:00,2,5,1,2026-01-09 11:00:00+00:00,0.01,0.6707459713049431,0.36829703959695215
2026-01-09 18:00:00+00:00,2026-01-10 00:00:00+00:00,2026-01-10 05:00:00,2,6,1,2026-01-09 12:00:00+00:00,0.016666666666666666,0.5448671993902181,0.36829703959695215
2026-01-09 18:00:00+00:00,2026-01-10 01:00:00+00:00,2026-01-10 06:00:00,2,7,1,2026-01-09 13:00:00+00:00,0.043333333333333335,0.5423127253412172,0.36829703959695215
2026-01-09 18:00:00+00:00,2026-01-10 02:00:00+00:00,2026-01-10 07:00:00,2,8,1,2026-01-09 14:00:00+00:00,0.034999999999999996,0.4335000795523632,0.36829703959695215
2026-01-09 18:00:00+00:00,2026-01-10 03:00:00+00:00,2026-01-10 08:00:00,2,9,1,2026-01-09 15:00:00+00:00,0.03166666666666667,0.44667599132201924,0.36829703959695215
2026-01-09 18:00:00+00:00,2026-01-10 04:00:00+00:00,2026-01-10 09:00:00,2,10,1,2026-01-09 16:00:00+00:00,0.08,0.4411504108668261,0.36829703959695215
2026-01-09 18:00:00+00:00,2026-01-10 05:00:00+00:00,2026-01-10 10:00:00,2,11,1,2026-01-09 17:00:00+00:00,0.034999999999999996,0.5867859310955388,0.36829703959695215
2026-01-09 18:00:00+00:00,2026-01-10 06:00:00+00:00,2026-01-10 11:00:00,2,12,1,2026-01-09 18:00:00+00:00,0.09000000000000001,0.5863688212562198,0.36829703959695215
2026-01-09 18:00:00+00:00,2026-01-10 07:00:00+00:00,2026-01-10 12:00:00,2,13,2,2026-01-08 19:00:00+00:00,0.049999999999999996,0.39138209624680526,0.36829703959695215
2026-01-09 18:00:00+00:00,2026-01-10 08:00:00+00:00,2026-01-10 13:00:00,2,14,2,2026-01-08 20:00:00+00:00,0.24333333333333332,0.41340945668279944,0.36829703959695215
2026-01-09 18:00:00+00:00,2026-01-10 09:00:00+00:00,2026-01-10 14:00:00,2,15,2,2026-01-08 21:00:00+00:00,0.18833333333333335,0.35894918311263607,0.36829703959695215
2026-01-09 18:00:00+00:00,2026-01-10 10:00:00+00:00,2026-01-10 15:00:00,2,16,2,2026-01-08 22:00:00+00:00,0.21,0.37813150080731955,0.36829703959695215
2026-01-09 18:00:00+00:00,2026-01-10 11:00:00+00:00,2026-01-10 16:00:00,2,17,2,2026-01-08 23:00:00+00:00,0.16666666666666666,0.3768641080830975,0.36829703959695215
2026-01-09 18:00:00+00:00,2026-01-10 12:00:00+00:00,2026-01-10 17:00:00,2,18,2,2026-01-09 00:00:00+00:00,0.16166666666666668,0.45402277068698477,0.36829703959695215
2026-01-09 18:00:00+00:00,2026-01-10 13:00:00+00:00,2026-01-10 18:00:00,2,19,2,2026-01-09 01:00:00+00:00,0.4466666666666666,0.42113434138821965,0.36829703959695215
2026-01-09 18:00:00+00:00,2026-01-10 14:00:00+00:00,2026-01-10 19:00:00,2,20,2,2026-01-09 02:00:00+00:00,0.39166666666666666,0.4789838540594979,0.36829703959695215
2026-01-09 18:00:00+00:00,2026-01-10 15:00:00+00:00,2026-01-10 20:00:00,2,21,2,2026-01-09 03:00:00+00:00,0.49833333333333335,0.5191453021580404,0.36829703959695215
2026-01-09 18:00:00+00:00,2026-01-10 16:00:00+00:00,2026-01-10 21:00:00,2,22,2,2026-01-09 04:00:00+00:00,0.5366666666666667,0.5201858503016982,0.36829703959695215
2026-01-09 18:00:00+00:00,2026-01-10 17:00:00+00:00,2026-01-10 22:00:00,2,23,2,2026-01-09 05:00:00+00:00,0.3066666666666667,0.5922289289942597,0.36829703959695215
2026-01-09 18:00:00+00:00,2026-01-10 18:00:00+00:00,2026-01-10 23:00:00,2,24,2,2026-01-09 06:00:00+00:00,0.45166666666666666,0.7624098917639133,0.36829703959695215
2026-01-09 18:00:00+00:00,2026-01-10 19:00:00+00:00,2026-01-11 00:00:00,2,25,2,2026-01-09 07:00:00+00:00,0.8716666666666667,0.8333529673582792,0.36829703959695215
2026-01-09 18:00:00+00:00,2026-01-10 20:00:00+00:00,2026-01-11 01:00:00,2,26,2,2026-01-09 08:00:00+00:00,0.9183333333333333,0.8681154442129922,0.36829703959695215
2026-01-09 18:00:00+00:00,2026-01-10 21:00:00+00:00,2026-01-11 02:00:00,2,27,2,2026-01-09 09:00:00+00:00,0.6933333333333334,0.7917261855494505,0.36829703959695215
2026-01-09 18:00:00+00:00,2026-01-10 22:00:00+00:00,2026-01-11 03:00:00,2,28,2,2026-01-09 10:00:00+00:00,0.6866666666666666,0.8030717256219607,0.36829703959695215
2026-01-09 18:00:00+00:00,2026-01-10 23:00:00+00:00,2026-01-11 04:00:00,2,29,2,2026-01-09 11:00:00+00:00,0.8233333333333334,0.8359493640811538,0.36829703959695215
2026-01-09 18:00:00+00:00,2026-01-11 00:00:00+00:00,2026-01-11 05:00:00,2,30,2,2026-01-09 12:00:00+00:00,0.48,0.9191472966872137,0.36829703959695215
2026-01-09 18:00:00+00:00,2026-01-11 01:00:00+00:00,2026-01-11 06:00:00,2,31,2,2026-01-09 13:00:00+00:00,0.5533333333333333,0.9278520623277243,0.36829703959695215
2026-01-09 18:00:00+00:00,2026-01-11 02:00:00+00:00,2026-01-11 07:00:00,2,32,2,2026-01-09 14:00:00+00:00,0.445,0.9285338874155876,0.36829703959695215
2026-01-09 18:00:00+00:00,2026-01-11 03:00:00+00:00,2026-01-11 08:00:00,2,33,2,2026-01-09 15:00:00+00:00,0.21666666666666667,0.9601321214953528,0.36829703959695215
2026-01-09 18:00:00+00:00,2026-01-11 04:00:00+00:00,2026-01-11 09:00:00,2,34,2,2026-01-09 16:00:00+00:00,0.3233333333333333,0.9383680706559542,0.36829703959695215
2026-01-09 18:00:00+00:00,2026-01-11 05:00:00+00:00,2026-01-11 10:00:00,2,35,2,2026-01-09 17:00:00+00:00,0.26333333333333336,0.9555034561964003,0.36829703959695215
2026-01-09 18:00:00+00:00,2026-01-11 06:00:00+00:00,2026-01-11 11:00:00,2,36,2,2026-01-09 18:00:00+00:00,0.39666666666666667,0.9217320159970117,0.36829703959695215
2026-01-09 18:00:00+00:00,2026-01-11 07:00:00+00:00,2026-01-11 12:00:00,2,37,3,2026-01-08 19:00:00+00:00,0.6766666666666666,0.9838315551259177,0.36829703959695215
2026-01-09 18:00:00+00:00,2026-01-11 08:00:00+00:00,2026-01-11 13:00:00,2,38,3,2026-01-08 20:00:00+00:00,0.6016666666666667,0.9801113884548864,0.36829703959695215
2026-01-09 18:00:00+00:00,2026-01-11 09:00:00+00:00,2026-01-11 14:00:00,2,39,3,2026-01-08 21:00:00+00:00,0.27499999999999997,0.9842079944550731,0.36829703959695215
2026-01-09 18:00:00+00:00,2026-01-11 10:00:00+00:00,2026-01-11 15:00:00,2,40,3,2026-01-08 22:00:00+00:00,0.22999999999999998,0.9681493146494419,0.36829703959695215
2026-01-09 18:00:00+00:00,2026-01-11 11:00:00+00:00,2026-01-11 16:00:00,2,41,3,2026-01-08 23:00:00+00:00,0.2283333333333333,0.9646009834973205,0.36829703959695215
2026-01-09 18:00:00+00:00,2026-01-11 12:00:00+00:00,2026-01-11 17:00:00,2,42,3,2026-01-09 00:00:00+00:00,0.19000000000000003,0.895374665781106,0.36829703959695215
2026-01-09 18:00:00+00:00,2026-01-11 13:00:00+00:00,2026-01-11 18:00:00,2,43,3,2026-01-09 01:00:00+00:00,0.4583333333333333,0.9124877017965582,0.36829703959695215
2026-01-09 18:00:00+00:00,2026-01-11 14:00:00+00:00,2026-01-11 19:00:00,2,44,3,2026-01-09 02:00:00+00:00,0.46166666666666667,0.897153295436288,0.36829703959695215
2026-01-09 18:00:00+00:00,2026-01-11 15:00:00+00:00,2026-01-11 20:00:00,2,45,3,2026-01-09 03:00:00+00:00,0.2866666666666667,0.8506604928637331,0.36829703959695215
2026-01-09 18:00:00+00:00,2026-01-11 16:00:00+00:00,2026-01-11 21:00:00,2,46,3,2026-01-09 04:00:00+00:00,0.4916666666666667,0.89638613692708,0.36829703959695215
2026-01-09 18:00:00+00:00,2026-01-11 17:00:00+00:00,2026-01-11 22:00:00,2,47,3,2026-01-09 05:00:00+00:00,0.5183333333333334,0.8854701612107035,0.36829703959695215
2026-01-09 18:00:00+00:00,2026-01-11 18:00:00+00:00,2026-01-11 23:00:00,2,48,3,2026-01-09 06:00:00+00:00,0.33,0.8190359881492667,0.36829703959695215
2026-01-10 18:00:00+00:00,2026-01-10 19:00:00+00:00,2026-01-11 00:00:00,1,1,1,2026-01-10 07:00:00+00:00,0.84,0.848610849474151,0.3736853865525423
2026-01-10 18:00:00+00:00,2026-01-10 20:00:00+00:00,2026-01-11 01:00:00,1,2,1,2026-01-10 08:00:00+00:00,0.8983333333333333,0.806135041917433,0.3736853865525423
2026-01-10 18:00:00+00:00,2026-01-10 21:00:00+00:00,2026-01-11 02:00:00,1,3,1,2026-01-10 09:00:00+00:00,0.7116666666666666,0.7998410519448201,0.3736853865525423
2026-01-10 18:00:00+00:00,2026-01-10 22:00:00+00:00,2026-01-11 03:00:00,1,4,1,2026-01-10 10:00:00+00:00,0.7716666666666666,0.8129024921561844,0.3736853865525423
2026-01-10 18:00:00+00:00,2026-01-10 23:00:00+00:00,2026-01-11 04:00:00,1,5,1,2026-01-10 11:00:00+00:00,0.85,0.8525696418059393,0.3736853865525423
2026-01-10 18:00:00+00:00,2026-01-11 00:00:00+00:00,2026-01-11 05:00:00,1,6,1,2026-01-10 12:00:00+00:00,0.4683333333333333,0.8628538462756078,0.3736853865525423
2026-01-10 18:00:00+00:00,2026-01-11 01:00:00+00:00,2026-01-11 06:00:00,1,7,1,2026-01-10 13:00:00+00:00,0.5533333333333333,0.9176744535779794,0.3736853865525423
2026-01-10 18:00:00+00:00,2026-01-11 02:00:00+00:00,2026-01-11 07:00:00,1,8,1,2026-01-10 14:00:00+00:00,0.48666666666666664,0.9311146220628191,0.3736853865525423
2026-01-10 18:00:00+00:00,2026-01-11 03:00:00+00:00,2026-01-11 08:00:00,1,9,1,2026-01-10 15:00:00+00:00,0.21,0.941668835343234,0.3736853865525423
2026-01-10 18:00:00+00:00,2026-01-11 04:00:00+00:00,2026-01-11 09:00:00,1,10,1,2026-01-10 16:00:00+00:00,0.325,0.9708929225160007,0.3736853865525423
2026-01-10 18:00:00+00:00,2026-01-11 05:00:00+00:00,2026-01-11 10:00:00,1,11,1,2026-01-10 17:00:00+00:00,0.27999999999999997,0.9518277531095287,0.3736853865525423
2026-01-10 18:00:00+00:00,2026-01-11 06:00:00+00:00,2026-01-11 11:00:00,1,12,1,2026-01-10 18:00:00+00:00,0.4033333333333333,0.9808291795875689,0.3736853865525423
2026-01-10 18:00:00+00:00,2026-01-11 07:00:00+00:00,2026-01-11 12:00:00,1,13,2,2026-01-09 19:00:00+00:00,0.5966666666666667,0.9663754297572607,0.3736853865525423
2026-01-10 18:00:00+00:00,2026-01-11 08:00:00+00:00,2026-01-11 13:00:00,1,14,2,2026-01-09 20:00:00+00:00,0.6,0.9138546004636807,0.3736853865525423
2026-01-10 18:00:00+00:00,2026-01-11 09:00:00+00:00,2026-01-11 14:00:00,1,15,2,2026-01-09 21:00:00+00:00,0.31333333333333335,0.9076449334687632,0.3736853865525423
2026-01-10 18:00:00+00:00,2026-01-11 10:00:00+00:00,2026-01-11 15:00:00,1,16,2,2026-01-09 22:00:00+00:00,0.21833333333333335,0.8524977936105694,0.3736853865525423
2026-01-10 18:00:00+00:00,2026-01-11 11:00:00+00:00,2026-01-11 16:00:00,1,17,2,2026-01-09 23:00:00+00:00,0.27999999999999997,0.7675891553600686,0.3736853865525423
2026-01-10 18:00:00+00:00,2026-01-11 12:00:00+00:00,2026-01-11 17:00:00,1,18,2,2026-01-10 00:00:00+00:00,0.2316666666666667,0.6427370918918623,0.3736853865525423
2026-01-10 18:00:00+00:00,2026-01-11 13:00:00+00:00,2026-01-11 18:00:00,1,19,2,2026-01-10 01:00:00+00:00,0.445,0.5470401187687751,0.3736853865525423
2026-01-10 18:00:00+00:00,2026-01-11 14:00:00+00:00,2026-01-11 19:00:00,1,20,2,2026-01-10 02:00:00+00:00,0.45166666666666666,0.5938910001703327,0.3736853865525423
2026-01-10 18:00:00+00:00,2026-01-11 15:00:00+00:00,2026-01-11 20:00:00,1,21,2,2026-01-10 03:00:00+00:00,0.27499999999999997,0.5557771564830117,0.3736853865525423
2026-01-10 18:00:00+00:00,2026-01-11 16:00:00+00:00,2026-01-11 21:00:00,1,22,2,2026-01-10 04:00:00+00:00,0.6066666666666667,0.6600552796559788,0.3736853865525423
2026-01-10 18:00:00+00:00,2026-01-11 17:00:00+00:00,2026-01-11 22:00:00,1,23,2,2026-01-10 05:00:00+00:00,0.5499999999999999,0.6631309379354882,0.3736853865525423
2026-01-10 18:00:00+00:00,2026-01-11 18:00:00+00:00,2026-01-11 23:00:00,1,24,2,2026-01-10 06:00:00+00:00,0.33166666666666667,0.5044179317673678,0.3736853865525423
2026-01-10 18:00:00+00:00,2026-01-11 19:00:00+00:00,2026-01-12 00:00:00,1,25,2,2026-01-10 07:00:00+00:00,0.58,0.45890372842801613,0.3736853865525423
2026-01-10 18:00:00+00:00,2026-01-11 20:00:00+00:00,2026-01-12 01:00:00,1,26,2,2026-01-10 08:00:00+00:00,0.4033333333333333,0.38056770141326696,0.3736853865525423
2026-01-10 18:00:00+00:00,2026-01-11 21:00:00+00:00,2026-01-12 02:00:00,1,27,2,2026-01-10 09:00:00+00:00,0.06833333333333334,0.3681588390086021,0.3736853865525423
2026-01-10 18:00:00+00:00,2026-01-11 22:00:00+00:00,2026-01-12 03:00:00,1,28,2,2026-01-10 10:00:00+00:00,0.015,0.34147004518909535,0.3736853865525423
2026-01-10 18:00:00+00:00,2026-01-11 23:00:00+00:00,2026-01-12 04:00:00,1,29,2,2026-01-10 11:00:00+00:00,0.023333333333333334,0.24692284120202884,0.3736853865525423
2026-01-10 18:00:00+00:00,2026-01-12 00:00:00+00:00,2026-01-12 05:00:00,1,30,2,2026-01-10 12:00:00+00:00,0.01,0.009166205670947553,0.3736853865525423
2026-01-10 18:00:00+00:00,2026-01-12 01:00:00+00:00,2026-01-12 06:00:00,1,31,2,2026-01-10 13:00:00+00:00,0.01,0.00603425541291544,0.3736853865525423
2026-01-10 18:00:00+00:00,2026-01-12 02:00:00+00:00,2026-01-12 07:00:00,1,32,2,2026-01-10 14:00:00+00:00,0.01,0.009861539669265881,0.3736853865525423
2026-01-10 18:00:00+00:00,2026-01-12 03:00:00+00:00,2026-01-12 08:00:00,1,33,2,2026-01-10 15:00:00+00:00,0.01,0.002965037957595964,0.3736853865525423
2026-01-10 18:00:00+00:00,2026-01-12 04:00:00+00:00,2026-01-12 09:00:00,1,34,2,2026-01-10 16:00:00+00:00,0.01,0.0012619672760281792,0.3736853865525423
2026-01-10 18:00:00+00:00,2026-01-12 05:00:00+00:00,2026-01-12 10:00:00,1,35,2,2026-01-10 17:00:00+00:00,0.01,0.0,0.3736853865525423
2026-01-10 18:00:00+00:00,2026-01-12 06:00:00+00:00,2026-01-12 11:00:00,1,36,2,2026-01-10 18:00:00+00:00,0.01,0.06863974513495545,0.3736853865525423
2026-01-10 18:00:00+00:00,2026-01-12 07:00:00+00:00,2026-01-12 12:00:00,1,37,3,2026-01-09 19:00:00+00:00,0.011666666666666667,0.14000042191625092,0.3736853865525423
2026-01-10 18:00:00+00:00,2026-01-12 08:00:00+00:00,2026-01-12 13:00:00,1,38,3,2026-01-09 20:00:00+00:00,0.09666666666666668,0.28002053565659074,0.3736853865525423
2026-01-10 18:00:00+00:00,2026-01-12 09:00:00+00:00,2026-01-12 14:00:00,1,39,3,2026-01-09 21:00:00+00:00,0.16333333333333333,0.7868068569239439,0.3736853865525423
2026-01-10 18:00:00+00:00,2026-01-12 10:00:00+00:00,2026-01-12 15:00:00,1,40,3,2026-01-09 22:00:00+00:00,0.05666666666666667,0.8672802540195359,0.3736853865525423
2026-01-10 18:00:00+00:00,2026-01-12 11:00:00+00:00,2026-01-12 16:00:00,1,41,3,2026-01-09 23:00:00+00:00,0.15333333333333332,0.9406353520782946,0.3736853865525423
2026-01-10 18:00:00+00:00,2026-01-12 12:00:00+00:00,2026-01-12 17:00:00,1,42,3,2026-01-10 00:00:00+00:00,0.545,0.8014053396443979,0.3736853865525423
2026-01-10 18:00:00+00:00,2026-01-12 13:00:00+00:00,2026-01-12 18:00:00,1,43,3,2026-01-10 01:00:00+00:00,0.615,0.5294165398558249,0.3736853865525423
2026-01-10 18:00:00+00:00,2026-01-12 14:00:00+00:00,2026-01-12 19:00:00,1,44,3,2026-01-10 02:00:00+00:00,0.58,0.48253545454674723,0.3736853865525423
2026-01-10 18:00:00+00:00,2026-01-12 15:00:00+00:00,2026-01-12 20:00:00,1,45,3,2026-01-10 03:00:00+00:00,0.5633333333333334,0.07939014282378379,0.3736853865525423
2026-01-10 18:00:00+00:00,2026-01-12 16:00:00+00:00,2026-01-12 21:00:00,1,46,3,2026-01-10 04:00:00+00:00,0.285,0.04097250247673079,0.3736853865525423
2026-01-10 18:00:00+00:00,2026-01-12 17:00:00+00:00,2026-01-12 22:00:00,1,47,3,2026-01-10 05:00:00+00:00,0.26333333333333336,0.023328880488576734,0.3736853865525423
2026-01-10 18:00:00+00:00,2026-01-12 18:00:00+00:00,2026-01-12 23:00:00,1,48,3,2026-01-10 06:00:00+00:00,0.11833333333333333,0.015872988084270456,0.3736853865525423
2026-01-10 18:00:00+00:00,2026-01-10 19:00:00+00:00,2026-01-11 00:00:00,2,1,1,2026-01-10 07:00:00+00:00,0.8716666666666667,0.8454795707187043,0.36829703959695215
2026-01-10 18:00:00+00:00,2026-01-10 20:00:00+00:00,2026-01-11 01:00:00,2,2,1,2026-01-10 08:00:00+00:00,0.9183333333333333,0.8030037631619863,0.36829703959695215
2026-01-10 18:00:00+00:00,2026-01-10 21:00:00+00:00,2026-01-11 02:00:00,2,3,1,2026-01-10 09:00:00+00:00,0.6933333333333334,0.7967097731893734,0.36829703959695215
2026-01-10 18:00:00+00:00,2026-01-10 22:00:00+00:00,2026-01-11 03:00:00,2,4,1,2026-01-10 10:00:00+00:00,0.6866666666666666,0.8097712134007374,0.36829703959695215
2026-01-10 18:00:00+00:00,2026-01-10 23:00:00+00:00,2026-01-11 04:00:00,2,5,1,2026-01-10 11:00:00+00:00,0.8233333333333334,0.8490307259519966,0.36829703959695215
2026-01-10 18:00:00+00:00,2026-01-11 00:00:00+00:00,2026-01-11 05:00:00,2,6,1,2026-01-10 12:00:00+00:00,0.48,0.8587536536303032,0.36829703959695215
2026-01-10 18:00:00+00:00,2026-01-11 01:00:00+00:00,2026-01-11 06:00:00,2,7,1,2026-01-10 13:00:00+00:00,0.5533333333333333,0.9135709338921628,0.36829703959695215
2026-01-10 18:00:00+00:00,2026-01-11 02:00:00+00:00,2026-01-11 07:00:00,2,8,1,2026-01-10 14:00:00+00:00,0.445,0.926376432258687,0.36829703959695215
2026-01-10 18:00:00+00:00,2026-01-11 03:00:00+00:00,2026-01-11 08:00:00,2,9,1,2026-01-10 15:00:00+00:00,0.21666666666666667,0.9380596715194075,0.36829703959695215
2026-01-10 18:00:00+00:00,2026-01-11 04:00:00+00:00,2026-01-11 09:00:00,2,10,1,2026-01-10 16:00:00+00:00,0.3233333333333333,0.9662587660188234,0.36829703959695215
2026-01-10 18:00:00+00:00,2026-01-11 05:00:00+00:00,2026-01-11 10:00:00,2,11,1,2026-01-10 17:00:00+00:00,0.26333333333333336,0.947684237580164,0.36829703959695215
2026-01-10 18:00:00+00:00,2026-01-11 06:00:00+00:00,2026-01-11 11:00:00,2,12,1,2026-01-10 18:00:00+00:00,0.39666666666666667,0.9753944056280067,0.36829703959695215
2026-01-10 18:00:00+00:00,2026-01-11 07:00:00+00:00,2026-01-11 12:00:00,2,13,2,2026-01-09 19:00:00+00:00,0.6766666666666666,0.9664338614974892,0.36829703959695215
2026-01-10 18:00:00+00:00,2026-01-11 08:00:00+00:00,2026-01-11 13:00:00,2,14,2,2026-01-09 20:00:00+00:00,0.6016666666666667,0.9137769111234304,0.36829703959695215
2026-01-10 18:00:00+00:00,2026-01-11 09:00:00+00:00,2026-01-11 14:00:00,2,15,2,2026-01-09 21:00:00+00:00,0.27499999999999997,0.9065978335901247,0.36829703959695215
2026-01-10 18:00:00+00:00,2026-01-11 10:00:00+00:00,2026-01-11 15:00:00,2,16,2,2026-01-09 22:00:00+00:00,0.22999999999999998,0.8514506937319309,0.36829703959695215
2026-01-10 18:00:00+00:00,2026-01-11 11:00:00+00:00,2026-01-11 16:00:00,2,17,2,2026-01-09 23:00:00+00:00,0.2283333333333333,0.7665420554814298,0.36829703959695215
2026-01-10 18:00:00+00:00,2026-01-11 12:00:00+00:00,2026-01-11 17:00:00,2,18,2,2026-01-10 00:00:00+00:00,0.19000000000000003,0.6416899920132236,0.36829703959695215
2026-01-10 18:00:00+00:00,2026-01-11 13:00:00+00:00,2026-01-11 18:00:00,2,19,2,2026-01-10 01:00:00+00:00,0.4583333333333333,0.5459930188901366,0.36829703959695215
2026-01-10 18:00:00+00:00,2026-01-11 14:00:00+00:00,2026-01-11 19:00:00,2,20,2,2026-01-10 02:00:00+00:00,0.46166666666666667,0.5928439002916942,0.36829703959695215
2026-01-10 18:00:00+00:00,2026-01-11 15:00:00+00:00,2026-01-11 20:00:00,2,21,2,2026-01-10 03:00:00+00:00,0.2866666666666667,0.5547300566043732,0.36829703959695215
2026-01-10 18:00:00+00:00,2026-01-11 16:00:00+00:00,2026-01-11 21:00:00,2,22,2,2026-01-10 04:00:00+00:00,0.4916666666666667,0.6590081797773403,0.36829703959695215
2026-01-10 18:00:00+00:00,2026-01-11 17:00:00+00:00,2026-01-11 22:00:00,2,23,2,2026-01-10 05:00:00+00:00,0.5183333333333334,0.6619400475606381,0.36829703959695215
2026-01-10 18:00:00+00:00,2026-01-11 18:00:00+00:00,2026-01-11 23:00:00,2,24,2,2026-01-10 06:00:00+00:00,0.33,0.5033642936377947,0.36829703959695215
2026-01-10 18:00:00+00:00,2026-01-11 19:00:00+00:00,2026-01-12 00:00:00,2,25,2,2026-01-10 07:00:00+00:00,0.49,0.45785009029844276,0.36829703959695215
2026-01-10 18:00:00+00:00,2026-01-11 20:00:00+00:00,2026-01-12 01:00:00,2,26,2,2026-01-10 08:00:00+00:00,0.3933333333333333,0.37951406328369347,0.36829703959695215
2026-01-10 18:00:00+00:00,2026-01-11 21:00:00+00:00,2026-01-12 02:00:00,2,27,2,2026-01-10 09:00:00+00:00,0.04666666666666667,0.3671052008790287,0.36829703959695215
2026-01-10 18:00:00+00:00,2026-01-11 22:00:00+00:00,2026-01-12 03:00:00,2,28,2,2026-01-10 10:00:00+00:00,0.01,0.34041640705952186,0.36829703959695215
2026-01-10 18:00:00+00:00,2026-01-11 23:00:00+00:00,2026-01-12 04:00:00,2,29,2,2026-01-10 11:00:00+00:00,0.011666666666666667,0.24586920307245522,0.36829703959695215
2026-01-10 18:00:00+00:00,2026-01-12 00:00:00+00:00,2026-01-12 05:00:00,2,30,2,2026-01-10 12:00:00+00:00,0.01,0.006412410216413275,0.36829703959695215
2026-01-10 18:00:00+00:00,2026-01-12 01:00:00+00:00,2026-01-12 06:00:00,2,31,2,2026-01-10 13:00:00+00:00,0.01,0.004554164665895822,0.36829703959695215
2026-01-10 18:00:00+00:00,2026-01-12 02:00:00+00:00,2026-01-12 07:00:00,2,32,2,2026-01-10 14:00:00+00:00,0.01,0.008381448922246269,0.36829703959695215
2026-01-10 18:00:00+00:00,2026-01-12 03:00:00+00:00,2026-01-12 08:00:00,2,33,2,2026-01-10 15:00:00+00:00,0.01,0.00148494721057635,0.36829703959695215
2026-01-10 18:00:00+00:00,2026-01-12 04:00:00+00:00,2026-01-12 09:00:00,2,34,2,2026-01-10 16:00:00+00:00,0.01,0.0,0.36829703959695215
2026-01-10 18:00:00+00:00,2026-01-12 05:00:00+00:00,2026-01-12 10:00:00,2,35,2,2026-01-10 17:00:00+00:00,0.01,0.0,0.36829703959695215
2026-01-10 18:00:00+00:00,2026-01-12 06:00:00+00:00,2026-01-12 11:00:00,2,36,2,2026-01-10 18:00:00+00:00,0.01,0.06507679917131064,0.36829703959695215
2026-01-10 18:00:00+00:00,2026-01-12 07:00:00+00:00,2026-01-12 12:00:00,2,37,3,2026-01-09 19:00:00+00:00,0.008333333333333333,0.13808583219415085,0.36829703959695215
2026-01-10 18:00:00+00:00,2026-01-12 08:00:00+00:00,2026-01-12 13:00:00,2,38,3,2026-01-09 20:00:00+00:00,0.10333333333333333,0.27883928209151215,0.36829703959695215
2026-01-10 18:00:00+00:00,2026-01-12 09:00:00+00:00,2026-01-12 14:00:00,2,39,3,2026-01-09 21:00:00+00:00,0.19000000000000003,0.7812249706527166,0.36829703959695215
2026-01-10 18:00:00+00:00,2026-01-12 10:00:00+00:00,2026-01-12 15:00:00,2,40,3,2026-01-09 22:00:00+00:00,0.06666666666666667,0.8618361405562571,0.36829703959695215
2026-01-10 18:00:00+00:00,2026-01-12 11:00:00+00:00,2026-01-12 16:00:00,2,41,3,2026-01-09 23:00:00+00:00,0.13666666666666666,0.9370276809869653,0.36829703959695215
2026-01-10 18:00:00+00:00,2026-01-12 12:00:00+00:00,2026-01-12 17:00:00,2,42,3,2026-01-10 00:00:00+00:00,0.5816666666666667,0.7974701982189072,0.36829703959695215
2026-01-10 18:00:00+00:00,2026-01-12 13:00:00+00:00,2026-01-12 18:00:00,2,43,3,2026-01-10 01:00:00+00:00,0.6233333333333334,0.5294255938241988,0.36829703959695215
2026-01-10 18:00:00+00:00,2026-01-12 14:00:00+00:00,2026-01-12 19:00:00,2,44,3,2026-01-10 02:00:00+00:00,0.59,0.4816766571983114,0.36829703959695215
2026-01-10 18:00:00+00:00,2026-01-12 15:00:00+00:00,2026-01-12 20:00:00,2,45,3,2026-01-10 03:00:00+00:00,0.5683333333333334,0.07507595218234389,0.36829703959695215
2026-01-10 18:00:00+00:00,2026-01-12 16:00:00+00:00,2026-01-12 21:00:00,2,46,3,2026-01-10 04:00:00+00:00,0.285,0.0392862262222663,0.36829703959695215
2026-01-10 18:00:00+00:00,2026-01-12 17:00:00+00:00,2026-01-12 22:00:00,2,47,3,2026-01-10 05:00:00+00:00,0.26666666666666666,0.022034355186271577,0.36829703959695215
2026-01-10 18:00:00+00:00,2026-01-12 18:00:00+00:00,2026-01-12 23:00:00,2,48,3,2026-01-10 06:00:00+00:00,0.115,0.014392897337250844,0.36829703959695215
2026-01-11 18:00:00+00:00,2026-01-11 19:00:00+00:00,2026-01-12 00:00:00,1,1,1,2026-01-11 07:00:00+00:00,0.58,0.3060064222944234,0.3736853865525423
2026-01-11 18:00:00+00:00,2026-01-11 20:00:00+00:00,2026-01-12 01:00:00,1,2,1,2026-01-11 08:00:00+00:00,0.4033333333333333,0.1269712777937175,0.3736853865525423
2026-01-11 18:00:00+00:00,2026-01-11 21:00:00+00:00,2026-01-12 02:00:00,1,3,1,2026-01-11 09:00:00+00:00,0.06833333333333334,0.05166730920603224,0.3736853865525423
2026-01-11 18:00:00+00:00,2026-01-11 22:00:00+00:00,2026-01-12 03:00:00,1,4,1,2026-01-11 10:00:00+00:00,0.015,0.01323668538036963,0.3736853865525423
2026-01-11 18:00:00+00:00,2026-01-11 23:00:00+00:00,2026-01-12 04:00:00,1,5,1,2026-01-11 11:00:00+00:00,0.023333333333333334,0.005663238341145542,0.3736853865525423
2026-01-11 18:00:00+00:00,2026-01-12 00:00:00+00:00,2026-01-12 05:00:00,1,6,1,2026-01-11 12:00:00+00:00,0.01,0.0018590176656637883,0.3736853865525423
2026-01-11 18:00:00+00:00,2026-01-12 01:00:00+00:00,2026-01-12 06:00:00,1,7,1,2026-01-11 13:00:00+00:00,0.01,0.00208497475877203,0.3736853865525423
2026-01-11 18:00:00+00:00,2026-01-12 02:00:00+00:00,2026-01-12 07:00:00,1,8,1,2026-01-11 14:00:00+00:00,0.01,0.006145294580243148,0.3736853865525423
2026-01-11 18:00:00+00:00,2026-01-12 03:00:00+00:00,2026-01-12 08:00:00,1,9,1,2026-01-11 15:00:00+00:00,0.01,0.002919776740887411,0.3736853865525423
2026-01-11 18:00:00+00:00,2026-01-12 04:00:00+00:00,2026-01-12 09:00:00,1,10,1,2026-01-11 16:00:00+00:00,0.01,0.0035889227063518395,0.3736853865525423
2026-01-11 18:00:00+00:00,2026-01-12 05:00:00+00:00,2026-01-12 10:00:00,1,11,1,2026-01-11 17:00:00+00:00,0.01,0.024901193015345,0.3736853865525423
2026-01-11 18:00:00+00:00,2026-01-12 06:00:00+00:00,2026-01-12 11:00:00,1,12,1,2026-01-11 18:00:00+00:00,0.01,0.06528509159482321,0.3736853865525423
2026-01-11 18:00:00+00:00,2026-01-12 07:00:00+00:00,2026-01-12 12:00:00,1,13,2,2026-01-10 19:00:00+00:00,0.011666666666666667,0.1477304281361664,0.3736853865525423
2026-01-11 18:00:00+00:00,2026-01-12 08:00:00+00:00,2026-01-12 13:00:00,1,14,2,2026-01-10 20:00:00+00:00,0.09666666666666668,0.22791471009489514,0.3736853865525423
2026-01-11 18:00:00+00:00,2026-01-12 09:00:00+00:00,2026-01-12 14:00:00,1,15,2,2026-01-10 21:00:00+00:00,0.16333333333333333,0.2841321601492088,0.3736853865525423
2026-01-11 18:00:00+00:00,2026-01-12 10:00:00+00:00,2026-01-12 15:00:00,1,16,2,2026-01-10 22:00:00+00:00,0.05666666666666667,0.35581429212098054,0.3736853865525423
2026-01-11 18:00:00+00:00,2026-01-12 11:00:00+00:00,2026-01-12 16:00:00,1,17,2,2026-01-10 23:00:00+00:00,0.15333333333333332,0.25790313737840503,0.3736853865525423
2026-01-11 18:00:00+00:00,2026-01-12 12:00:00+00:00,2026-01-12 17:00:00,1,18,2,2026-01-11 00:00:00+00:00,0.545,0.2777613608885609,0.3736853865525423
2026-01-11 18:00:00+00:00,2026-01-12 13:00:00+00:00,2026-01-12 18:00:00,1,19,2,2026-01-11 01:00:00+00:00,0.615,0.2110066227499416,0.3736853865525423
2026-01-11 18:00:00+00:00,2026-01-12 14:00:00+00:00,2026-01-12 19:00:00,1,20,2,2026-01-11 02:00:00+00:00,0.58,0.13925639651825245,0.3736853865525423
2026-01-11 18:00:00+00:00,2026-01-12 15:00:00+00:00,2026-01-12 20:00:00,1,21,2,2026-01-11 03:00:00+00:00,0.5633333333333334,0.13076900079063866,0.3736853865525423
2026-01-11 18:00:00+00:00,2026-01-12 16:00:00+00:00,2026-01-12 21:00:00,1,22,2,2026-01-11 04:00:00+00:00,0.285,0.0867337445661426,0.3736853865525423
2026-01-11 18:00:00+00:00,2026-01-12 17:00:00+00:00,2026-01-12 22:00:00,1,23,2,2026-01-11 05:00:00+00:00,0.26333333333333336,0.11262386415814794,0.3736853865525423
2026-01-11 18:00:00+00:00,2026-01-12 18:00:00+00:00,2026-01-12 23:00:00,1,24,2,2026-01-11 06:00:00+00:00,0.11833333333333333,0.027701449866358765,0.3736853865525423
2026-01-11 18:00:00+00:00,2026-01-12 19:00:00+00:00,2026-01-13 00:00:00,1,25,2,2026-01-11 07:00:00+00:00,0.2233333333333333,0.02827163484961733,0.3736853865525423
2026-01-11 18:00:00+00:00,2026-01-12 20:00:00+00:00,2026-01-13 01:00:00,1,26,2,2026-01-11 08:00:00+00:00,0.13833333333333334,0.0767164781410093,0.3736853865525423
2026-01-11 18:00:00+00:00,2026-01-12 21:00:00+00:00,2026-01-13 02:00:00,1,27,2,2026-01-11 09:00:00+00:00,0.14833333333333334,0.0680881727434534,0.3736853865525423
2026-01-11 18:00:00+00:00,2026-01-12 22:00:00+00:00,2026-01-13 03:00:00,1,28,2,2026-01-11 10:00:00+00:00,0.22833333333333336,0.03956948848813761,0.3736853865525423
2026-01-11 18:00:00+00:00,2026-01-12 23:00:00+00:00,2026-01-13 04:00:00,1,29,2,2026-01-11 11:00:00+00:00,0.17666666666666667,0.032821918541775075,0.3736853865525423
2026-01-11 18:00:00+00:00,2026-01-13 00:00:00+00:00,2026-01-13 05:00:00,1,30,2,2026-01-11 12:00:00+00:00,0.045000000000000005,0.04027794833809864,0.3736853865525423
2026-01-11 18:00:00+00:00,2026-01-13 01:00:00+00:00,2026-01-13 06:00:00,1,31,2,2026-01-11 13:00:00+00:00,0.01,0.017004955822449375,0.3736853865525423
2026-01-11 18:00:00+00:00,2026-01-13 02:00:00+00:00,2026-01-13 07:00:00,1,32,2,2026-01-11 14:00:00+00:00,0.021666666666666667,0.00593453564260517,0.3736853865525423
2026-01-11 18:00:00+00:00,2026-01-13 03:00:00+00:00,2026-01-13 08:00:00,1,33,2,2026-01-11 15:00:00+00:00,0.11333333333333334,0.008180713755641836,0.3736853865525423
2026-01-11 18:00:00+00:00,2026-01-13 04:00:00+00:00,2026-01-13 09:00:00,1,34,2,2026-01-11 16:00:00+00:00,0.14833333333333334,0.029093867961168442,0.3736853865525423
2026-01-11 18:00:00+00:00,2026-01-13 05:00:00+00:00,2026-01-13 10:00:00,1,35,2,2026-01-11 17:00:00+00:00,0.18000000000000002,0.027508671870010666,0.3736853865525423
2026-01-11 18:00:00+00:00,2026-01-13 06:00:00+00:00,2026-01-13 11:00:00,1,36,2,2026-01-11 18:00:00+00:00,0.2333333333333333,0.14291061153714368,0.3736853865525423
2026-01-11 18:00:00+00:00,2026-01-13 07:00:00+00:00,2026-01-13 12:00:00,1,37,3,2026-01-10 19:00:00+00:00,0.515,0.07754435313219042,0.3736853865525423
2026-01-11 18:00:00+00:00,2026-01-13 08:00:00+00:00,2026-01-13 13:00:00,1,38,3,2026-01-10 20:00:00+00:00,0.64,0.08876831770657513,0.3736853865525423
2026-01-11 18:00:00+00:00,2026-01-13 09:00:00+00:00,2026-01-13 14:00:00,1,39,3,2026-01-10 21:00:00+00:00,0.7833333333333333,0.14267263033889288,0.3736853865525423
2026-01-11 18:00:00+00:00,2026-01-13 10:00:00+00:00,2026-01-13 15:00:00,1,40,3,2026-01-10 22:00:00+00:00,0.985,0.12773036062330623,0.3736853865525423
2026-01-11 18:00:00+00:00,2026-01-13 11:00:00+00:00,2026-01-13 16:00:00,1,41,3,2026-01-10 23:00:00+00:00,0.9899999999999999,0.163475385058893,0.3736853865525423
2026-01-11 18:00:00+00:00,2026-01-13 12:00:00+00:00,2026-01-13 17:00:00,1,42,3,2026-01-11 00:00:00+00:00,0.9899999999999999,0.2920299977499407,0.3736853865525423
2026-01-11 18:00:00+00:00,2026-01-13 13:00:00+00:00,2026-01-13 18:00:00,1,43,3,2026-01-11 01:00:00+00:00,0.9899999999999999,0.6664289043811756,0.3736853865525423
2026-01-11 18:00:00+00:00,2026-01-13 14:00:00+00:00,2026-01-13 19:00:00,1,44,3,2026-01-11 02:00:00+00:00,0.9899999999999999,0.903304411405233,0.3736853865525423
2026-01-11 18:00:00+00:00,2026-01-13 15:00:00+00:00,2026-01-13 20:00:00,1,45,3,2026-01-11 03:00:00+00:00,0.9899999999999999,0.9065518999249679,0.3736853865525423
2026-01-11 18:00:00+00:00,2026-01-13 16:00:00+00:00,2026-01-13 21:00:00,1,46,3,2026-01-11 04:00:00+00:00,0.9266666666666666,0.8845392312320136,0.3736853865525423
2026-01-11 18:00:00+00:00,2026-01-13 17:00:00+00:00,2026-01-13 22:00:00,1,47,3,2026-01-11 05:00:00+00:00,0.9516666666666667,0.7421374864391148,0.3736853865525423
2026-01-11 18:00:00+00:00,2026-01-13 18:00:00+00:00,2026-01-13 23:00:00,1,48,3,2026-01-11 06:00:00+00:00,0.9183333333333333,0.8059974885829397,0.3736853865525423
2026-01-11 18:00:00+00:00,2026-01-11 19:00:00+00:00,2026-01-12 00:00:00,2,1,1,2026-01-11 07:00:00+00:00,0.49,0.3049527841648499,0.36829703959695215
2026-01-11 18:00:00+00:00,2026-01-11 20:00:00+00:00,2026-01-12 01:00:00,2,2,1,2026-01-11 08:00:00+00:00,0.3933333333333333,0.12591763966414413,0.36829703959695215
2026-01-11 18:00:00+00:00,2026-01-11 21:00:00+00:00,2026-01-12 02:00:00,2,3,1,2026-01-11 09:00:00+00:00,0.04666666666666667,0.04508160405332717,0.36829703959695215
2026-01-11 18:00:00+00:00,2026-01-11 22:00:00+00:00,2026-01-12 03:00:00,2,4,1,2026-01-11 10:00:00+00:00,0.01,0.011756594633350013,0.36829703959695215
2026-01-11 18:00:00+00:00,2026-01-11 23:00:00+00:00,2026-01-12 04:00:00,2,5,1,2026-01-11 11:00:00+00:00,0.011666666666666667,0.0041831475941259254,0.36829703959695215
2026-01-11 18:00:00+00:00,2026-01-12 00:00:00+00:00,2026-01-12 05:00:00,2,6,1,2026-01-11 12:00:00+00:00,0.01,0.0,0.36829703959695215
2026-01-11 18:00:00+00:00,2026-01-12 01:00:00+00:00,2026-01-12 06:00:00,2,7,1,2026-01-11 13:00:00+00:00,0.01,0.0006048840117524249,0.36829703959695215
2026-01-11 18:00:00+00:00,2026-01-12 02:00:00+00:00,2026-01-12 07:00:00,2,8,1,2026-01-11 14:00:00+00:00,0.01,0.004665203833223537,0.36829703959695215
2026-01-11 18:00:00+00:00,2026-01-12 03:00:00+00:00,2026-01-12 08:00:00,2,9,1,2026-01-11 15:00:00+00:00,0.01,0.0018266801417556064,0.36829703959695215
2026-01-11 18:00:00+00:00,2026-01-12 04:00:00+00:00,2026-01-12 09:00:00,2,10,1,2026-01-11 16:00:00+00:00,0.01,0.002262509204758811,0.36829703959695215
2026-01-11 18:00:00+00:00,2026-01-12 05:00:00+00:00,2026-01-12 10:00:00,2,11,1,2026-01-11 17:00:00+00:00,0.01,0.02579075468831343,0.36829703959695215
2026-01-11 18:00:00+00:00,2026-01-12 06:00:00+00:00,2026-01-12 11:00:00,2,12,1,2026-01-11 18:00:00+00:00,0.01,0.061722145631178366,0.36829703959695215
2026-01-11 18:00:00+00:00,2026-01-12 07:00:00+00:00,2026-01-12 12:00:00,2,13,2,2026-01-10 19:00:00+00:00,0.008333333333333333,0.14278453060929447,0.36829703959695215
2026-01-11 18:00:00+00:00,2026-01-12 08:00:00+00:00,2026-01-12 13:00:00,2,14,2,2026-01-10 20:00:00+00:00,0.10333333333333333,0.22296881256802317,0.36829703959695215
2026-01-11 18:00:00+00:00,2026-01-12 09:00:00+00:00,2026-01-12 14:00:00,2,15,2,2026-01-10 21:00:00+00:00,0.19000000000000003,0.27946368256669635,0.36829703959695215
2026-01-11 18:00:00+00:00,2026-01-12 10:00:00+00:00,2026-01-12 15:00:00,2,16,2,2026-01-10 22:00:00+00:00,0.06666666666666667,0.35036965809502957,0.36829703959695215
2026-01-11 18:00:00+00:00,2026-01-12 11:00:00+00:00,2026-01-12 16:00:00,2,17,2,2026-01-10 23:00:00+00:00,0.13666666666666666,0.253967995952914,0.36829703959695215
2026-01-11 18:00:00+00:00,2026-01-12 12:00:00+00:00,2026-01-12 17:00:00,2,18,2,2026-01-11 00:00:00+00:00,0.5816666666666667,0.2730928833060486,0.36829703959695215
2026-01-11 18:00:00+00:00,2026-01-12 13:00:00+00:00,2026-01-12 18:00:00,2,19,2,2026-01-11 01:00:00+00:00,0.6233333333333334,0.2070714813244506,0.36829703959695215
2026-01-11 18:00:00+00:00,2026-01-12 14:00:00+00:00,2026-01-12 19:00:00,2,20,2,2026-01-11 02:00:00+00:00,0.59,0.1384467284193719,0.36829703959695215
2026-01-11 18:00:00+00:00,2026-01-12 15:00:00+00:00,2026-01-12 20:00:00,2,21,2,2026-01-11 03:00:00+00:00,0.5683333333333334,0.1300338886662775,0.36829703959695215
2026-01-11 18:00:00+00:00,2026-01-12 16:00:00+00:00,2026-01-12 21:00:00,2,22,2,2026-01-11 04:00:00+00:00,0.285,0.08571592217450272,0.36829703959695215
2026-01-11 18:00:00+00:00,2026-01-12 17:00:00+00:00,2026-01-12 22:00:00,2,23,2,2026-01-11 05:00:00+00:00,0.26666666666666666,0.11226410371603747,0.36829703959695215
2026-01-11 18:00:00+00:00,2026-01-12 18:00:00+00:00,2026-01-12 23:00:00,2,24,2,2026-01-11 06:00:00+00:00,0.115,0.026221359119339163,0.36829703959695215
2026-01-11 18:00:00+00:00,2026-01-12 19:00:00+00:00,2026-01-13 00:00:00,2,25,2,2026-01-11 07:00:00+00:00,0.22166666666666668,0.027670751991306843,0.36829703959695215
2026-01-11 18:00:00+00:00,2026-01-12 20:00:00+00:00,2026-01-13 01:00:00,2,26,2,2026-01-11 08:00:00+00:00,0.13833333333333334,0.07810602746595115,0.36829703959695215
2026-01-11 18:00:00+00:00,2026-01-12 21:00:00+00:00,2026-01-13 02:00:00,2,27,2,2026-01-11 09:00:00+00:00,0.145,0.06947772206839524,0.36829703959695215
2026-01-11 18:00:00+00:00,2026-01-12 22:00:00+00:00,2026-01-13 03:00:00,2,28,2,2026-01-11 10:00:00+00:00,0.22333333333333336,0.03788269373602428,0.36829703959695215
2026-01-11 18:00:00+00:00,2026-01-12 23:00:00+00:00,2026-01-13 04:00:00,2,29,2,2026-01-11 11:00:00+00:00,0.17166666666666666,0.03054122590135666,0.36829703959695215
2026-01-11 18:00:00+00:00,2026-01-13 00:00:00+00:00,2026-01-13 05:00:00,2,30,2,2026-01-11 12:00:00+00:00,0.04833333333333334,0.038797857591079024,0.36829703959695215
2026-01-11 18:00:00+00:00,2026-01-13 01:00:00+00:00,2026-01-13 06:00:00,2,31,2,2026-01-11 13:00:00+00:00,0.008333333333333333,0.015524865075429774,0.36829703959695215
2026-01-11 18:00:00+00:00,2026-01-13 02:00:00+00:00,2026-01-13 07:00:00,2,32,2,2026-01-11 14:00:00+00:00,0.021666666666666667,0.004454444895585562,0.36829703959695215
2026-01-11 18:00:00+00:00,2026-01-13 03:00:00+00:00,2026-01-13 08:00:00,2,33,2,2026-01-11 15:00:00+00:00,0.11,0.006700623008622231,0.36829703959695215
2026-01-11 18:00:00+00:00,2026-01-13 04:00:00+00:00,2026-01-13 09:00:00,2,34,2,2026-01-11 16:00:00+00:00,0.11166666666666668,0.027300429299924215,0.36829703959695215
2026-01-11 18:00:00+00:00,2026-01-13 05:00:00+00:00,2026-01-13 10:00:00,2,35,2,2026-01-11 17:00:00+00:00,0.16833333333333333,0.0276648973859578,0.36829703959695215
2026-01-11 18:00:00+00:00,2026-01-13 06:00:00+00:00,2026-01-13 11:00:00,2,36,2,2026-01-11 18:00:00+00:00,0.2333333333333333,0.14504644574203415,0.36829703959695215
2026-01-11 18:00:00+00:00,2026-01-13 07:00:00+00:00,2026-01-13 12:00:00,2,37,3,2026-01-10 19:00:00+00:00,0.5033333333333333,0.07770057864813755,0.36829703959695215
2026-01-11 18:00:00+00:00,2026-01-13 08:00:00+00:00,2026-01-13 13:00:00,2,38,3,2026-01-10 20:00:00+00:00,0.7066666666666667,0.08754159165929516,0.36829703959695215
2026-01-11 18:00:00+00:00,2026-01-13 09:00:00+00:00,2026-01-13 14:00:00,2,39,3,2026-01-10 21:00:00+00:00,0.8166666666666668,0.14092147179023168,0.36829703959695215
2026-01-11 18:00:00+00:00,2026-01-13 10:00:00+00:00,2026-01-13 15:00:00,2,40,3,2026-01-10 22:00:00+00:00,0.9833333333333334,0.12597920207464505,0.36829703959695215
2026-01-11 18:00:00+00:00,2026-01-13 11:00:00+00:00,2026-01-13 16:00:00,2,41,3,2026-01-10 23:00:00+00:00,0.9883333333333333,0.16172422651023183,0.36829703959695215
2026-01-11 18:00:00+00:00,2026-01-13 12:00:00+00:00,2026-01-13 17:00:00,2,42,3,2026-01-11 00:00:00+00:00,0.9899999999999999,0.2902072625274859,0.36829703959695215
2026-01-11 18:00:00+00:00,2026-01-13 13:00:00+00:00,2026-01-13 18:00:00,2,43,3,2026-01-11 01:00:00+00:00,0.9899999999999999,0.6647486478799972,0.36829703959695215
2026-01-11 18:00:00+00:00,2026-01-13 14:00:00+00:00,2026-01-13 19:00:00,2,44,3,2026-01-11 02:00:00+00:00,0.9916666666666667,0.9022573115265943,0.36829703959695215
2026-01-11 18:00:00+00:00,2026-01-13 15:00:00+00:00,2026-01-13 20:00:00,2,45,3,2026-01-11 03:00:00+00:00,0.995,0.9055048000463292,0.36829703959695215
2026-01-11 18:00:00+00:00,2026-01-13 16:00:00+00:00,2026-01-13 21:00:00,2,46,3,2026-01-11 04:00:00+00:00,0.9700000000000001,0.8815517429727783,0.36829703959695215
2026-01-11 18:00:00+00:00,2026-01-13 17:00:00+00:00,2026-01-13 22:00:00,2,47,3,2026-01-11 05:00:00+00:00,0.9733333333333333,0.7391434599289448,0.36829703959695215
2026-01-11 18:00:00+00:00,2026-01-13 18:00:00+00:00,2026-01-13 23:00:00,2,48,3,2026-01-11 06:00:00+00:00,0.8450000000000001,0.801886315645362,0.36829703959695215
2026-01-12 18:00:00+00:00,2026-01-12 19:00:00+00:00,2026-01-13 00:00:00,1,1,1,2026-01-12 07:00:00+00:00,0.2233333333333333,0.02711181917210912,0.3736853865525423
2026-01-12 18:00:00+00:00,2026-01-12 20:00:00+00:00,2026-01-13 01:00:00,1,2,1,2026-01-12 08:00:00+00:00,0.13833333333333334,0.040174389632468034,0.3736853865525423
2026-01-12 18:00:00+00:00,2026-01-12 21:00:00+00:00,2026-01-13 02:00:00,1,3,1,2026-01-12 09:00:00+00:00,0.14833333333333334,0.010192023945449505,0.3736853865525423
2026-01-12 18:00:00+00:00,2026-01-12 22:00:00+00:00,2026-01-13 03:00:00,1,4,1,2026-01-12 10:00:00+00:00,0.22833333333333336,0.02239836824425033,0.3736853865525423
2026-01-12 18:00:00+00:00,2026-01-12 23:00:00+00:00,2026-01-13 04:00:00,1,5,1,2026-01-12 11:00:00+00:00,0.17666666666666667,0.03730587881509918,0.3736853865525423
2026-01-12 18:00:00+00:00,2026-01-13 00:00:00+00:00,2026-01-13 05:00:00,1,6,1,2026-01-12 12:00:00+00:00,0.045000000000000005,0.02376030282376252,0.3736853865525423
2026-01-12 18:00:00+00:00,2026-01-13 01:00:00+00:00,2026-01-13 06:00:00,1,7,1,2026-01-12 13:00:00+00:00,0.01,0.0189368333486599,0.3736853865525423
2026-01-12 18:00:00+00:00,2026-01-13 02:00:00+00:00,2026-01-13 07:00:00,1,8,1,2026-01-12 14:00:00+00:00,0.021666666666666667,0.009796241320640883,0.3736853865525423
2026-01-12 18:00:00+00:00,2026-01-13 03:00:00+00:00,2026-01-13 08:00:00,1,9,1,2026-01-12 15:00:00+00:00,0.11333333333333334,0.012658984805790021,0.3736853865525423
2026-01-12 18:00:00+00:00,2026-01-13 04:00:00+00:00,2026-01-13 09:00:00,1,10,1,2026-01-12 16:00:00+00:00,0.14833333333333334,0.015054732097738298,0.3736853865525423
2026-01-12 18:00:00+00:00,2026-01-13 05:00:00+00:00,2026-01-13 10:00:00,1,11,1,2026-01-12 17:00:00+00:00,0.18000000000000002,0.20106881305579904,0.3736853865525423
2026-01-12 18:00:00+00:00,2026-01-13 06:00:00+00:00,2026-01-13 11:00:00,1,12,1,2026-01-12 18:00:00+00:00,0.2333333333333333,0.45857322338795675,0.3736853865525423
2026-01-12 18:00:00+00:00,2026-01-13 07:00:00+00:00,2026-01-13 12:00:00,1,13,2,2026-01-11 19:00:00+00:00,0.515,0.25530393498369225,0.3736853865525423
2026-01-12 18:00:00+00:00,2026-01-13 08:00:00+00:00,2026-01-13 13:00:00,1,14,2,2026-01-11 20:00:00+00:00,0.64,0.36207711044336205,0.3736853865525423
2026-01-12 18:00:00+00:00,2026-01-13 09:00:00+00:00,2026-01-13 14:00:00,1,15,2,2026-01-11 21:00:00+00:00,0.7833333333333333,0.6998735952401614,0.3736853865525423
2026-01-12 18:00:00+00:00,2026-01-13 10:00:00+00:00,2026-01-13 15:00:00,1,16,2,2026-01-11 22:00:00+00:00,0.985,0.7885539261591712,0.3736853865525423
2026-01-12 18:00:00+00:00,2026-01-13 11:00:00+00:00,2026-01-13 16:00:00,1,17,2,2026-01-11 23:00:00+00:00,0.9899999999999999,0.9574951829559424,0.3736853865525423
2026-01-12 18:00:00+00:00,2026-01-13 12:00:00+00:00,2026-01-13 17:00:00,1,18,2,2026-01-12 00:00:00+00:00,0.9899999999999999,0.9822751605360072,0.3736853865525423
2026-01-12 18:00:00+00:00,2026-01-13 13:00:00+00:00,2026-01-13 18:00:00,1,19,2,2026-01-12 01:00:00+00:00,0.9899999999999999,0.9809897953281487,0.3736853865525423
2026-01-12 18:00:00+00:00,2026-01-13 14:00:00+00:00,2026-01-13 19:00:00,1,20,2,2026-01-12 02:00:00+00:00,0.9899999999999999,0.9745990218683714,0.3736853865525423
2026-01-12 18:00:00+00:00,2026-01-13 15:00:00+00:00,2026-01-13 20:00:00,1,21,2,2026-01-12 03:00:00+00:00,0.9899999999999999,0.9488237283349684,0.3736853865525423
2026-01-12 18:00:00+00:00,2026-01-13 16:00:00+00:00,2026-01-13 21:00:00,1,22,2,2026-01-12 04:00:00+00:00,0.9266666666666666,0.8609180722479245,0.3736853865525423
2026-01-12 18:00:00+00:00,2026-01-13 17:00:00+00:00,2026-01-13 22:00:00,1,23,2,2026-01-12 05:00:00+00:00,0.9516666666666667,0.6550070626767315,0.3736853865525423
2026-01-12 18:00:00+00:00,2026-01-13 18:00:00+00:00,2026-01-13 23:00:00,1,24,2,2026-01-12 06:00:00+00:00,0.9183333333333333,0.7106163701488247,0.3736853865525423
2026-01-12 18:00:00+00:00,2026-01-13 19:00:00+00:00,2026-01-14 00:00:00,1,25,2,2026-01-12 07:00:00+00:00,0.7583333333333333,0.6635723057647537,0.3736853865525423
2026-01-12 18:00:00+00:00,2026-01-13 20:00:00+00:00,2026-01-14 01:00:00,1,26,2,2026-01-12 08:00:00+00:00,0.8383333333333334,0.663113235013484,0.3736853865525423
2026-01-12 18:00:00+00:00,2026-01-13 21:00:00+00:00,2026-01-14 02:00:00,1,27,2,2026-01-12 09:00:00+00:00,0.935,0.6775320292131103,0.3736853865525423
2026-01-12 18:00:00+00:00,2026-01-13 22:00:00+00:00,2026-01-14 03:00:00,1,28,2,2026-01-12 10:00:00+00:00,0.8633333333333333,0.612470296205048,0.3736853865525423
2026-01-12 18:00:00+00:00,2026-01-13 23:00:00+00:00,2026-01-14 04:00:00,1,29,2,2026-01-12 11:00:00+00:00,0.57,0.5746544975329276,0.3736853865525423
2026-01-12 18:00:00+00:00,2026-01-14 00:00:00+00:00,2026-01-14 05:00:00,1,30,2,2026-01-12 12:00:00+00:00,0.36000000000000004,0.397188701552837,0.3736853865525423
2026-01-12 18:00:00+00:00,2026-01-14 01:00:00+00:00,2026-01-14 06:00:00,1,31,2,2026-01-12 13:00:00+00:00,0.09166666666666667,0.286605269454378,0.3736853865525423
2026-01-12 18:00:00+00:00,2026-01-14 02:00:00+00:00,2026-01-14 07:00:00,1,32,2,2026-01-12 14:00:00+00:00,0.036666666666666674,0.2430612041713742,0.3736853865525423
2026-01-12 18:00:00+00:00,2026-01-14 03:00:00+00:00,2026-01-14 08:00:00,1,33,2,2026-01-12 15:00:00+00:00,0.31666666666666665,0.15106508424301926,0.3736853865525423
2026-01-12 18:00:00+00:00,2026-01-14 04:00:00+00:00,2026-01-14 09:00:00,1,34,2,2026-01-12 16:00:00+00:00,0.26,0.0380104030854915,0.3736853865525423
2026-01-12 18:00:00+00:00,2026-01-14 05:00:00+00:00,2026-01-14 10:00:00,1,35,2,2026-01-12 17:00:00+00:00,0.045000000000000005,0.0808103431123892,0.3736853865525423
2026-01-12 18:00:00+00:00,2026-01-14 06:00:00+00:00,2026-01-14 11:00:00,1,36,2,2026-01-12 18:00:00+00:00,0.015,0.10048199319087785,0.3736853865525423
2026-01-12 18:00:00+00:00,2026-01-14 07:00:00+00:00,2026-01-14 12:00:00,1,37,3,2026-01-11 19:00:00+00:00,0.06333333333333334,0.5613805882849399,0.3736853865525423
2026-01-12 18:00:00+00:00,2026-01-14 08:00:00+00:00,2026-01-14 13:00:00,1,38,3,2026-01-11 20:00:00+00:00,0.11333333333333334,0.3524892891516391,0.3736853865525423
2026-01-12 18:00:00+00:00,2026-01-14 09:00:00+00:00,2026-01-14 14:00:00,1,39,3,2026-01-11 21:00:00+00:00,0.1366666666666667,0.11310349986504198,0.3736853865525423
2026-01-12 18:00:00+00:00,2026-01-14 10:00:00+00:00,2026-01-14 15:00:00,1,40,3,2026-01-11 22:00:00+00:00,0.17,0.09127195016394143,0.3736853865525423
2026-01-12 18:00:00+00:00,2026-01-14 11:00:00+00:00,2026-01-14 16:00:00,1,41,3,2026-01-11 23:00:00+00:00,0.11499999999999999,0.0598546126287953,0.3736853865525423
2026-01-12 18:00:00+00:00,2026-01-14 12:00:00+00:00,2026-01-14 17:00:00,1,42,3,2026-01-12 00:00:00+00:00,0.155,0.15678337242179077,0.3736853865525423
2026-01-12 18:00:00+00:00,2026-01-14 13:00:00+00:00,2026-01-14 18:00:00,1,43,3,2026-01-12 01:00:00+00:00,0.14,0.1845723532824219,0.3736853865525423
2026-01-12 18:00:00+00:00,2026-01-14 14:00:00+00:00,2026-01-14 19:00:00,1,44,3,2026-01-12 02:00:00+00:00,0.13333333333333333,0.21195724814245454,0.3736853865525423
2026-01-12 18:00:00+00:00,2026-01-14 15:00:00+00:00,2026-01-14 20:00:00,1,45,3,2026-01-12 03:00:00+00:00,0.20000000000000004,0.1877690701713519,0.3736853865525423
2026-01-12 18:00:00+00:00,2026-01-14 16:00:00+00:00,2026-01-14 21:00:00,1,46,3,2026-01-12 04:00:00+00:00,0.36166666666666664,0.22376045698338504,0.3736853865525423
2026-01-12 18:00:00+00:00,2026-01-14 17:00:00+00:00,2026-01-14 22:00:00,1,47,3,2026-01-12 05:00:00+00:00,0.24,0.21022855493758855,0.3736853865525423
2026-01-12 18:00:00+00:00,2026-01-14 18:00:00+00:00,2026-01-14 23:00:00,1,48,3,2026-01-12 06:00:00+00:00,0.10833333333333334,0.11744065948891357,0.3736853865525423
2026-01-12 18:00:00+00:00,2026-01-12 19:00:00+00:00,2026-01-13 00:00:00,2,1,1,2026-01-12 07:00:00+00:00,0.22166666666666668,0.0248311265316907,0.36829703959695215
2026-01-12 18:00:00+00:00,2026-01-12 20:00:00+00:00,2026-01-13 01:00:00,2,2,1,2026-01-12 08:00:00+00:00,0.13833333333333334,0.03981462919035752,0.36829703959695215
2026-01-12 18:00:00+00:00,2026-01-12 21:00:00+00:00,2026-01-13 02:00:00,2,3,1,2026-01-12 09:00:00+00:00,0.145,0.008711933198429896,0.36829703959695215
2026-01-12 18:00:00+00:00,2026-01-12 22:00:00+00:00,2026-01-13 03:00:00,2,4,1,2026-01-12 10:00:00+00:00,0.22333333333333336,0.020918277497230735,0.36829703959695215
2026-01-12 18:00:00+00:00,2026-01-12 23:00:00+00:00,2026-01-13 04:00:00,2,5,1,2026-01-12 11:00:00+00:00,0.17166666666666666,0.03582578806807955,0.36829703959695215
2026-01-12 18:00:00+00:00,2026-01-13 00:00:00+00:00,2026-01-13 05:00:00,2,6,1,2026-01-12 12:00:00+00:00,0.04833333333333334,0.02228021207674291,0.36829703959695215
2026-01-12 18:00:00+00:00,2026-01-13 01:00:00+00:00,2026-01-13 06:00:00,2,7,1,2026-01-12 13:00:00+00:00,0.008333333333333333,0.017456742601640297,0.36829703959695215
2026-01-12 18:00:00+00:00,2026-01-13 02:00:00+00:00,2026-01-13 07:00:00,2,8,1,2026-01-12 14:00:00+00:00,0.021666666666666667,0.008316150573621273,0.36829703959695215
2026-01-12 18:00:00+00:00,2026-01-13 03:00:00+00:00,2026-01-13 08:00:00,2,9,1,2026-01-12 15:00:00+00:00,0.11,0.011565888206658216,0.36829703959695215
2026-01-12 18:00:00+00:00,2026-01-13 04:00:00+00:00,2026-01-13 09:00:00,2,10,1,2026-01-12 16:00:00+00:00,0.11166666666666668,0.014691815435223372,0.36829703959695215
2026-01-12 18:00:00+00:00,2026-01-13 05:00:00+00:00,2026-01-13 10:00:00,2,11,1,2026-01-12 17:00:00+00:00,0.16833333333333333,0.20063134041876463,0.36829703959695215
2026-01-12 18:00:00+00:00,2026-01-13 06:00:00+00:00,2026-01-13 11:00:00,2,12,1,2026-01-12 18:00:00+00:00,0.2333333333333333,0.45813575075092233,0.36829703959695215
2026-01-12 18:00:00+00:00,2026-01-13 07:00:00+00:00,2026-01-13 12:00:00,2,13,2,2026-01-11 19:00:00+00:00,0.5033333333333333,0.25458673138010474,0.36829703959695215
2026-01-12 18:00:00+00:00,2026-01-13 08:00:00+00:00,2026-01-13 13:00:00,2,14,2,2026-01-11 20:00:00+00:00,0.7066666666666667,0.35997695527654755,0.36829703959695215
2026-01-12 18:00:00+00:00,2026-01-13 09:00:00+00:00,2026-01-13 14:00:00,2,15,2,2026-01-11 21:00:00+00:00,0.8166666666666668,0.6980508600177064,0.36829703959695215
2026-01-12 18:00:00+00:00,2026-01-13 10:00:00+00:00,2026-01-13 15:00:00,2,16,2,2026-01-11 22:00:00+00:00,0.9833333333333334,0.7870109219032695,0.36829703959695215
2026-01-12 18:00:00+00:00,2026-01-13 11:00:00+00:00,2026-01-13 16:00:00,2,17,2,2026-01-11 23:00:00+00:00,0.9883333333333333,0.9558149264547637,0.36829703959695215
2026-01-12 18:00:00+00:00,2026-01-13 12:00:00+00:00,2026-01-13 17:00:00,2,18,2,2026-01-12 00:00:00+00:00,0.9899999999999999,0.9811886951930575,0.36829703959695215
2026-01-12 18:00:00+00:00,2026-01-13 13:00:00+00:00,2026-01-13 18:00:00,2,19,2,2026-01-12 01:00:00+00:00,0.9899999999999999,0.9792868213258373,0.36829703959695215
2026-01-12 18:00:00+00:00,2026-01-13 14:00:00+00:00,2026-01-13 19:00:00,2,20,2,2026-01-12 02:00:00+00:00,0.9916666666666667,0.9715721681448252,0.36829703959695215
2026-01-12 18:00:00+00:00,2026-01-13 15:00:00+00:00,2026-01-13 20:00:00,2,21,2,2026-01-12 03:00:00+00:00,0.995,0.9477766284563299,0.36829703959695215
2026-01-12 18:00:00+00:00,2026-01-13 16:00:00+00:00,2026-01-13 21:00:00,2,22,2,2026-01-12 04:00:00+00:00,0.9700000000000001,0.8579305839886892,0.36829703959695215
2026-01-12 18:00:00+00:00,2026-01-13 17:00:00+00:00,2026-01-13 22:00:00,2,23,2,2026-01-12 05:00:00+00:00,0.9733333333333333,0.6520130361665617,0.36829703959695215
2026-01-12 18:00:00+00:00,2026-01-13 18:00:00+00:00,2026-01-13 23:00:00,2,24,2,2026-01-12 06:00:00+00:00,0.8450000000000001,0.707622343638655,0.36829703959695215
2026-01-12 18:00:00+00:00,2026-01-13 19:00:00+00:00,2026-01-14 00:00:00,2,25,2,2026-01-12 07:00:00+00:00,0.7000000000000001,0.6605782792545839,0.36829703959695215
2026-01-12 18:00:00+00:00,2026-01-13 20:00:00+00:00,2026-01-14 01:00:00,2,26,2,2026-01-12 08:00:00+00:00,0.79,0.6601192085033142,0.36829703959695215
2026-01-12 18:00:00+00:00,2026-01-13 21:00:00+00:00,2026-01-14 02:00:00,2,27,2,2026-01-12 09:00:00+00:00,0.9133333333333332,0.6745380027029405,0.36829703959695215
2026-01-12 18:00:00+00:00,2026-01-13 22:00:00+00:00,2026-01-14 03:00:00,2,28,2,2026-01-12 10:00:00+00:00,0.7583333333333333,0.6094762696948782,0.36829703959695215
2026-01-12 18:00:00+00:00,2026-01-13 23:00:00+00:00,2026-01-14 04:00:00,2,29,2,2026-01-12 11:00:00+00:00,0.5,0.5716604710227579,0.36829703959695215
2026-01-12 18:00:00+00:00,2026-01-14 00:00:00+00:00,2026-01-14 05:00:00,2,30,2,2026-01-12 12:00:00+00:00,0.3,0.3961350634232635,0.36829703959695215
2026-01-12 18:00:00+00:00,2026-01-14 01:00:00+00:00,2026-01-14 06:00:00,2,31,2,2026-01-12 13:00:00+00:00,0.06333333333333334,0.2855516313248045,0.36829703959695215
2026-01-12 18:00:00+00:00,2026-01-14 02:00:00+00:00,2026-01-14 07:00:00,2,32,2,2026-01-12 14:00:00+00:00,0.03166666666666667,0.24200756604180085,0.36829703959695215
2026-01-12 18:00:00+00:00,2026-01-14 03:00:00+00:00,2026-01-14 08:00:00,2,33,2,2026-01-12 15:00:00+00:00,0.34833333333333333,0.15001144611344588,0.36829703959695215
2026-01-12 18:00:00+00:00,2026-01-14 04:00:00+00:00,2026-01-14 09:00:00,2,34,2,2026-01-12 16:00:00+00:00,0.26333333333333336,0.03820608707099703,0.36829703959695215
2026-01-12 18:00:00+00:00,2026-01-14 05:00:00+00:00,2026-01-14 10:00:00,2,35,2,2026-01-12 17:00:00+00:00,0.05666666666666667,0.07990762076464271,0.36829703959695215
2026-01-12 18:00:00+00:00,2026-01-14 06:00:00+00:00,2026-01-14 11:00:00,2,36,2,2026-01-12 18:00:00+00:00,0.028333333333333332,0.10011907652836292,0.36829703959695215
2026-01-12 18:00:00+00:00,2026-01-14 07:00:00+00:00,2026-01-14 12:00:00,2,37,3,2026-01-11 19:00:00+00:00,0.07,0.560979276084999,0.36829703959695215
2026-01-12 18:00:00+00:00,2026-01-14 08:00:00+00:00,2026-01-14 13:00:00,2,38,3,2026-01-11 20:00:00+00:00,0.125,0.35117508936260505,0.36829703959695215
2026-01-12 18:00:00+00:00,2026-01-14 09:00:00+00:00,2026-01-14 14:00:00,2,39,3,2026-01-11 21:00:00+00:00,0.1366666666666667,0.11297766306425172,0.36829703959695215
2026-01-12 18:00:00+00:00,2026-01-14 10:00:00+00:00,2026-01-14 15:00:00,2,40,3,2026-01-11 22:00:00+00:00,0.14833333333333334,0.09114611336315118,0.36829703959695215
2026-01-12 18:00:00+00:00,2026-01-14 11:00:00+00:00,2026-01-14 16:00:00,2,41,3,2026-01-11 23:00:00+00:00,0.12,0.057935802265256464,0.36829703959695215
2026-01-12 18:00:00+00:00,2026-01-14 12:00:00+00:00,2026-01-14 17:00:00,2,42,3,2026-01-12 00:00:00+00:00,0.16833333333333333,0.16171600949520007,0.36829703959695215
2026-01-12 18:00:00+00:00,2026-01-14 13:00:00+00:00,2026-01-14 18:00:00,2,43,3,2026-01-12 01:00:00+00:00,0.13333333333333333,0.18950499035583124,0.36829703959695215
2026-01-12 18:00:00+00:00,2026-01-14 14:00:00+00:00,2026-01-14 19:00:00,2,44,3,2026-01-12 02:00:00+00:00,0.1366666666666667,0.21688988521586386,0.36829703959695215
2026-01-12 18:00:00+00:00,2026-01-14 15:00:00+00:00,2026-01-14 20:00:00,2,45,3,2026-01-12 03:00:00+00:00,0.205,0.18642263001228895,0.36829703959695215
2026-01-12 18:00:00+00:00,2026-01-14 16:00:00+00:00,2026-01-14 21:00:00,2,46,3,2026-01-12 04:00:00+00:00,0.3666666666666667,0.2224140168243221,0.36829703959695215
2026-01-12 18:00:00+00:00,2026-01-14 17:00:00+00:00,2026-01-14 22:00:00,2,47,3,2026-01-12 05:00:00+00:00,0.27666666666666667,0.20899536537594357,0.36829703959695215
2026-01-12 18:00:00+00:00,2026-01-14 18:00:00+00:00,2026-01-14 23:00:00,2,48,3,2026-01-12 06:00:00+00:00,0.13333333333333333,0.11620746992726856,0.36829703959695215
2026-01-13 18:00:00+00:00,2026-01-13 19:00:00+00:00,2026-01-14 00:00:00,1,1,1,2026-01-13 07:00:00+00:00,0.7583333333333333,0.5752539734447034,0.3736853865525423
2026-01-13 18:00:00+00:00,2026-01-13 20:00:00+00:00,2026-01-14 01:00:00,1,2,1,2026-01-13 08:00:00+00:00,0.8383333333333334,0.5702626202586986,0.3736853865525423
2026-01-13 18:00:00+00:00,2026-01-13 21:00:00+00:00,2026-01-14 02:00:00,1,3,1,2026-01-13 09:00:00+00:00,0.935,0.6441218583540597,0.3736853865525423
2026-01-13 18:00:00+00:00,2026-01-13 22:00:00+00:00,2026-01-14 03:00:00,1,4,1,2026-01-13 10:00:00+00:00,0.8633333333333333,0.5703506881929955,0.3736853865525423
2026-01-13 18:00:00+00:00,2026-01-13 23:00:00+00:00,2026-01-14 04:00:00,1,5,1,2026-01-13 11:00:00+00:00,0.57,0.5601514149854614,0.3736853865525423
2026-01-13 18:00:00+00:00,2026-01-14 00:00:00+00:00,2026-01-14 05:00:00,1,6,1,2026-01-13 12:00:00+00:00,0.36000000000000004,0.550350692093913,0.3736853865525423
2026-01-13 18:00:00+00:00,2026-01-14 01:00:00+00:00,2026-01-14 06:00:00,1,7,1,2026-01-13 13:00:00+00:00,0.09166666666666667,0.4820460568188301,0.3736853865525423
2026-01-13 18:00:00+00:00,2026-01-14 02:00:00+00:00,2026-01-14 07:00:00,1,8,1,2026-01-13 14:00:00+00:00,0.036666666666666674,0.38225849214894875,0.3736853865525423
2026-01-13 18:00:00+00:00,2026-01-14 03:00:00+00:00,2026-01-14 08:00:00,1,9,1,2026-01-13 15:00:00+00:00,0.31666666666666665,0.25333621638229614,0.3736853865525423
2026-01-13 18:00:00+00:00,2026-01-14 04:00:00+00:00,2026-01-14 09:00:00,1,10,1,2026-01-13 16:00:00+00:00,0.26,0.11237866576115237,0.3736853865525423
2026-01-13 18:00:00+00:00,2026-01-14 05:00:00+00:00,2026-01-14 10:00:00,1,11,1,2026-01-13 17:00:00+00:00,0.045000000000000005,0.08711901442210661,0.3736853865525423
2026-01-13 18:00:00+00:00,2026-01-14 06:00:00+00:00,2026-01-14 11:00:00,1,12,1,2026-01-13 18:00:00+00:00,0.015,0.0648157361660655,0.3736853865525423
2026-01-13 18:00:00+00:00,2026-01-14 07:00:00+00:00,2026-01-14 12:00:00,1,13,2,2026-01-12 19:00:00+00:00,0.06333333333333334,0.06876351107407319,0.3736853865525423
2026-01-13 18:00:00+00:00,2026-01-14 08:00:00+00:00,2026-01-14 13:00:00,1,14,2,2026-01-12 20:00:00+00:00,0.11333333333333334,0.04191385043799594,0.3736853865525423
2026-01-13 18:00:00+00:00,2026-01-14 09:00:00+00:00,2026-01-14 14:00:00,1,15,2,2026-01-12 21:00:00+00:00,0.1366666666666667,0.03888839937887292,0.3736853865525423
2026-01-13 18:00:00+00:00,2026-01-14 10:00:00+00:00,2026-01-14 15:00:00,1,16,2,2026-01-12 22:00:00+00:00,0.17,0.04767035404828093,0.3736853865525423
2026-01-13 18:00:00+00:00,2026-01-14 11:00:00+00:00,2026-01-14 16:00:00,1,17,2,2026-01-12 23:00:00+00:00,0.11499999999999999,0.05172222258408223,0.3736853865525423
2026-01-13 18:00:00+00:00,2026-01-14 12:00:00+00:00,2026-01-14 17:00:00,1,18,2,2026-01-13 00:00:00+00:00,0.155,0.21774863415465642,0.3736853865525423
2026-01-13 18:00:00+00:00,2026-01-14 13:00:00+00:00,2026-01-14 18:00:00,1,19,2,2026-01-13 01:00:00+00:00,0.14,0.21613887008016205,0.3736853865525423
2026-01-13 18:00:00+00:00,2026-01-14 14:00:00+00:00,2026-01-14 19:00:00,1,20,2,2026-01-13 02:00:00+00:00,0.13333333333333333,0.24961955419672022,0.3736853865525423
2026-01-13 18:00:00+00:00,2026-01-14 15:00:00+00:00,2026-01-14 20:00:00,1,21,2,2026-01-13 03:00:00+00:00,0.20000000000000004,0.22519924900494315,0.3736853865525423
2026-01-13 18:00:00+00:00,2026-01-14 16:00:00+00:00,2026-01-14 21:00:00,1,22,2,2026-01-13 04:00:00+00:00,0.36166666666666664,0.2763256155535812,0.3736853865525423
2026-01-13 18:00:00+00:00,2026-01-14 17:00:00+00:00,2026-01-14 22:00:00,1,23,2,2026-01-13 05:00:00+00:00,0.24,0.23531222861033516,0.3736853865525423
2026-01-13 18:00:00+00:00,2026-01-14 18:00:00+00:00,2026-01-14 23:00:00,1,24,2,2026-01-13 06:00:00+00:00,0.10833333333333334,0.18041784845026135,0.3736853865525423
2026-01-13 18:00:00+00:00,2026-01-14 19:00:00+00:00,2026-01-15 00:00:00,1,25,2,2026-01-13 07:00:00+00:00,0.04666666666666667,0.1824350475772672,0.3736853865525423
2026-01-13 18:00:00+00:00,2026-01-14 20:00:00+00:00,2026-01-15 01:00:00,1,26,2,2026-01-13 08:00:00+00:00,0.02,0.15490848517348083,0.3736853865525423
2026-01-13 18:00:00+00:00,2026-01-14 21:00:00+00:00,2026-01-15 02:00:00,1,27,2,2026-01-13 09:00:00+00:00,0.02,0.07177907775891963,0.3736853865525423
2026-01-13 18:00:00+00:00,2026-01-14 22:00:00+00:00,2026-01-15 03:00:00,1,28,2,2026-01-13 10:00:00+00:00,0.011666666666666667,0.06636394761992977,0.3736853865525423
2026-01-13 18:00:00+00:00,2026-01-14 23:00:00+00:00,2026-01-15 04:00:00,1,29,2,2026-01-13 11:00:00+00:00,0.01,0.044590219855993846,0.3736853865525423
2026-01-13 18:00:00+00:00,2026-01-15 00:00:00+00:00,2026-01-15 05:00:00,1,30,2,2026-01-13 12:00:00+00:00,0.01,0.048739670985547684,0.3736853865525423
2026-01-13 18:00:00+00:00,2026-01-15 01:00:00+00:00,2026-01-15 06:00:00,1,31,2,2026-01-13 13:00:00+00:00,0.01,0.03727962508439625,0.3736853865525423
2026-01-13 18:00:00+00:00,2026-01-15 02:00:00+00:00,2026-01-15 07:00:00,1,32,2,2026-01-13 14:00:00+00:00,0.01,0.01703815696481281,0.3736853865525423
2026-01-13 18:00:00+00:00,2026-01-15 03:00:00+00:00,2026-01-15 08:00:00,1,33,2,2026-01-13 15:00:00+00:00,0.01,0.013658400806492032,0.3736853865525423
2026-01-13 18:00:00+00:00,2026-01-15 04:00:00+00:00,2026-01-15 09:00:00,1,34,2,2026-01-13 16:00:00+00:00,0.01,0.01598092273218211,0.3736853865525423
2026-01-13 18:00:00+00:00,2026-01-15 05:00:00+00:00,2026-01-15 10:00:00,1,35,2,2026-01-13 17:00:00+00:00,0.01,0.019325739054329473,0.3736853865525423
2026-01-13 18:00:00+00:00,2026-01-15 06:00:00+00:00,2026-01-15 11:00:00,1,36,2,2026-01-13 18:00:00+00:00,0.01,0.05554917456060428,0.3736853865525423
2026-01-13 18:00:00+00:00,2026-01-15 07:00:00+00:00,2026-01-15 12:00:00,1,37,3,2026-01-12 19:00:00+00:00,0.01,0.011991392109599463,0.3736853865525423
2026-01-13 18:00:00+00:00,2026-01-15 08:00:00+00:00,2026-01-15 13:00:00,1,38,3,2026-01-12 20:00:00+00:00,0.01,0.04125437554075291,0.3736853865525423
2026-01-13 18:00:00+00:00,2026-01-15 09:00:00+00:00,2026-01-15 14:00:00,1,39,3,2026-01-12 21:00:00+00:00,0.01,0.12780115257120503,0.3736853865525423
2026-01-13 18:00:00+00:00,2026-01-15 10:00:00+00:00,2026-01-15 15:00:00,1,40,3,2026-01-12 22:00:00+00:00,0.02,0.25443755325681666,0.3736853865525423
2026-01-13 18:00:00+00:00,2026-01-15 11:00:00+00:00,2026-01-15 16:00:00,1,41,3,2026-01-12 23:00:00+00:00,0.04,0.11149415958409895,0.3736853865525423
2026-01-13 18:00:00+00:00,2026-01-15 12:00:00+00:00,2026-01-15 17:00:00,1,42,3,2026-01-13 00:00:00+00:00,0.08333333333333333,0.0692470806202431,0.3736853865525423
2026-01-13 18:00:00+00:00,2026-01-15 13:00:00+00:00,2026-01-15 18:00:00,1,43,3,2026-01-13 01:00:00+00:00,0.09166666666666667,0.025735625600359118,0.3736853865525423
2026-01-13 18:00:00+00:00,2026-01-15 14:00:00+00:00,2026-01-15 19:00:00,1,44,3,2026-01-13 02:00:00+00:00,0.06333333333333334,0.04964470698906791,0.3736853865525423
2026-01-13 18:00:00+00:00,2026-01-15 15:00:00+00:00,2026-01-15 20:00:00,1,45,3,2026-01-13 03:00:00+00:00,0.11333333333333334,0.12675228782384523,0.3736853865525423
2026-01-13 18:00:00+00:00,2026-01-15 16:00:00+00:00,2026-01-15 21:00:00,1,46,3,2026-01-13 04:00:00+00:00,0.20833333333333334,0.05740216793917456,0.3736853865525423
2026-01-13 18:00:00+00:00,2026-01-15 17:00:00+00:00,2026-01-15 22:00:00,1,47,3,2026-01-13 05:00:00+00:00,0.045000000000000005,0.03555732195885704,0.3736853865525423
2026-01-13 18:00:00+00:00,2026-01-15 18:00:00+00:00,2026-01-15 23:00:00,1,48,3,2026-01-13 06:00:00+00:00,0.01,0.10905010069191971,0.3736853865525423
2026-01-13 18:00:00+00:00,2026-01-13 19:00:00+00:00,2026-01-14 00:00:00,2,1,1,2026-01-13 07:00:00+00:00,0.7000000000000001,0.5722599469345336,0.36829703959695215
2026-01-13 18:00:00+00:00,2026-01-13 20:00:00+00:00,2026-01-14 01:00:00,2,2,1,2026-01-13 08:00:00+00:00,0.79,0.5692089821291252,0.36829703959695215
2026-01-13 18:00:00+00:00,2026-01-13 21:00:00+00:00,2026-01-14 02:00:00,2,3,1,2026-01-13 09:00:00+00:00,0.9133333333333332,0.6430682202244863,0.36829703959695215
2026-01-13 18:00:00+00:00,2026-01-13 22:00:00+00:00,2026-01-14 03:00:00,2,4,1,2026-01-13 10:00:00+00:00,0.7583333333333333,0.5692970500634221,0.36829703959695215
2026-01-13 18:00:00+00:00,2026-01-13 23:00:00+00:00,2026-01-14 04:00:00,2,5,1,2026-01-13 11:00:00+00:00,0.5,0.559097776855888,0.36829703959695215
2026-01-13 18:00:00+00:00,2026-01-14 00:00:00+00:00,2026-01-14 05:00:00,2,6,1,2026-01-13 12:00:00+00:00,0.3,0.5492970539643396,0.36829703959695215
2026-01-13 18:00:00+00:00,2026-01-14 01:00:00+00:00,2026-01-14 06:00:00,2,7,1,2026-01-13 13:00:00+00:00,0.06333333333333334,0.48099241868925685,0.36829703959695215
2026-01-13 18:00:00+00:00,2026-01-14 02:00:00+00:00,2026-01-14 07:00:00,2,8,1,2026-01-13 14:00:00+00:00,0.03166666666666667,0.38120485401937537,0.36829703959695215
2026-01-13 18:00:00+00:00,2026-01-14 03:00:00+00:00,2026-01-14 08:00:00,2,9,1,2026-01-13 15:00:00+00:00,0.34833333333333333,0.25228257825272277,0.36829703959695215
2026-01-13 18:00:00+00:00,2026-01-14 04:00:00+00:00,2026-01-14 09:00:00,2,10,1,2026-01-13 16:00:00+00:00,0.26333333333333336,0.11257434974665788,0.36829703959695215
2026-01-13 18:00:00+00:00,2026-01-14 05:00:00+00:00,2026-01-14 10:00:00,2,11,1,2026-01-13 17:00:00+00:00,0.05666666666666667,0.08455689809562301,0.36829703959695215
2026-01-13 18:00:00+00:00,2026-01-14 06:00:00+00:00,2026-01-14 11:00:00,2,12,1,2026-01-13 18:00:00+00:00,0.028333333333333332,0.06497196168201262,0.36829703959695215
2026-01-13 18:00:00+00:00,2026-01-14 07:00:00+00:00,2026-01-14 12:00:00,2,13,2,2026-01-12 19:00:00+00:00,0.07,0.06891973659002035,0.36829703959695215
2026-01-13 18:00:00+00:00,2026-01-14 08:00:00+00:00,2026-01-14 13:00:00,2,14,2,2026-01-12 20:00:00+00:00,0.125,0.04040187149168844,0.36829703959695215
2026-01-13 18:00:00+00:00,2026-01-14 09:00:00+00:00,2026-01-14 14:00:00,2,15,2,2026-01-12 21:00:00+00:00,0.1366666666666667,0.03696833846299204,0.36829703959695215
2026-01-13 18:00:00+00:00,2026-01-14 10:00:00+00:00,2026-01-14 15:00:00,2,16,2,2026-01-12 22:00:00+00:00,0.14833333333333334,0.04575029313240002,0.36829703959695215
2026-01-13 18:00:00+00:00,2026-01-14 11:00:00+00:00,2026-01-14 16:00:00,2,17,2,2026-01-12 23:00:00+00:00,0.12,0.04989948736162739,0.36829703959695215
2026-01-13 18:00:00+00:00,2026-01-14 12:00:00+00:00,2026-01-14 17:00:00,2,18,2,2026-01-13 00:00:00+00:00,0.16833333333333333,0.22268127122806572,0.36829703959695215
2026-01-13 18:00:00+00:00,2026-01-14 13:00:00+00:00,2026-01-14 18:00:00,2,19,2,2026-01-13 01:00:00+00:00,0.13333333333333333,0.22125707259828584,0.36829703959695215
2026-01-13 18:00:00+00:00,2026-01-14 14:00:00+00:00,2026-01-14 19:00:00,2,20,2,2026-01-13 02:00:00+00:00,0.1366666666666667,0.25473775671484405,0.36829703959695215
2026-01-13 18:00:00+00:00,2026-01-14 15:00:00+00:00,2026-01-14 20:00:00,2,21,2,2026-01-13 03:00:00+00:00,0.205,0.23101109396706163,0.36829703959695215
2026-01-13 18:00:00+00:00,2026-01-14 16:00:00+00:00,2026-01-14 21:00:00,2,22,2,2026-01-13 04:00:00+00:00,0.3666666666666667,0.27805551947157353,0.36829703959695215
2026-01-13 18:00:00+00:00,2026-01-14 17:00:00+00:00,2026-01-14 22:00:00,2,23,2,2026-01-13 05:00:00+00:00,0.27666666666666667,0.2368983420321159,0.36829703959695215
2026-01-13 18:00:00+00:00,2026-01-14 18:00:00+00:00,2026-01-14 23:00:00,2,24,2,2026-01-13 06:00:00+00:00,0.13333333333333333,0.18226100296567152,0.36829703959695215
2026-01-13 18:00:00+00:00,2026-01-14 19:00:00+00:00,2026-01-15 00:00:00,2,25,2,2026-01-13 07:00:00+00:00,0.06,0.18120185801562222,0.36829703959695215
2026-01-13 18:00:00+00:00,2026-01-14 20:00:00+00:00,2026-01-15 01:00:00,2,26,2,2026-01-13 08:00:00+00:00,0.02,0.15386086105655028,0.36829703959695215
2026-01-13 18:00:00+00:00,2026-01-14 21:00:00+00:00,2026-01-15 02:00:00,2,27,2,2026-01-13 09:00:00+00:00,0.011666666666666667,0.07054588819727466,0.36829703959695215
2026-01-13 18:00:00+00:00,2026-01-14 22:00:00+00:00,2026-01-15 03:00:00,2,28,2,2026-01-13 10:00:00+00:00,0.011666666666666667,0.06538358923937675,0.36829703959695215
2026-01-13 18:00:00+00:00,2026-01-14 23:00:00+00:00,2026-01-15 04:00:00,2,29,2,2026-01-13 11:00:00+00:00,0.01,0.0436098614754408,0.36829703959695215
2026-01-13 18:00:00+00:00,2026-01-15 00:00:00+00:00,2026-01-15 05:00:00,2,30,2,2026-01-13 12:00:00+00:00,0.01,0.048307083317301505,0.36829703959695215
2026-01-13 18:00:00+00:00,2026-01-15 01:00:00+00:00,2026-01-15 06:00:00,2,31,2,2026-01-13 13:00:00+00:00,0.01,0.03684703741615007,0.36829703959695215
2026-01-13 18:00:00+00:00,2026-01-15 02:00:00+00:00,2026-01-15 07:00:00,2,32,2,2026-01-13 14:00:00+00:00,0.01,0.015558066217793189,0.36829703959695215
2026-01-13 18:00:00+00:00,2026-01-15 03:00:00+00:00,2026-01-15 08:00:00,2,33,2,2026-01-13 15:00:00+00:00,0.01,0.012363875504186871,0.36829703959695215
2026-01-13 18:00:00+00:00,2026-01-15 04:00:00+00:00,2026-01-15 09:00:00,2,34,2,2026-01-13 16:00:00+00:00,0.01,0.014654509230589087,0.36829703959695215
2026-01-13 18:00:00+00:00,2026-01-15 05:00:00+00:00,2026-01-15 10:00:00,2,35,2,2026-01-13 17:00:00+00:00,0.01,0.0194819645702766,0.36829703959695215
2026-01-13 18:00:00+00:00,2026-01-15 06:00:00+00:00,2026-01-15 11:00:00,2,36,2,2026-01-13 18:00:00+00:00,0.01,0.055705400076551385,0.36829703959695215
2026-01-13 18:00:00+00:00,2026-01-15 07:00:00+00:00,2026-01-15 12:00:00,2,37,3,2026-01-12 19:00:00+00:00,0.01,0.01066497860800643,0.36829703959695215
2026-01-13 18:00:00+00:00,2026-01-15 08:00:00+00:00,2026-01-15 13:00:00,2,38,3,2026-01-12 20:00:00+00:00,0.01,0.03916819438012166,0.36829703959695215
2026-01-13 18:00:00+00:00,2026-01-15 09:00:00+00:00,2026-01-15 14:00:00,2,39,3,2026-01-12 21:00:00+00:00,0.005,0.12582213381735358,0.36829703959695215
2026-01-13 18:00:00+00:00,2026-01-15 10:00:00+00:00,2026-01-15 15:00:00,2,40,3,2026-01-12 22:00:00+00:00,0.024999999999999998,0.25280038347907624,0.36829703959695215
2026-01-13 18:00:00+00:00,2026-01-15 11:00:00+00:00,2026-01-15 16:00:00,2,41,3,2026-01-12 23:00:00+00:00,0.04833333333333334,0.11040476051866543,0.36829703959695215
2026-01-13 18:00:00+00:00,2026-01-15 12:00:00+00:00,2026-01-15 17:00:00,2,42,3,2026-01-13 00:00:00+00:00,0.08666666666666667,0.06165365983831683,0.36829703959695215
2026-01-13 18:00:00+00:00,2026-01-15 13:00:00+00:00,2026-01-15 18:00:00,2,43,3,2026-01-13 01:00:00+00:00,0.10333333333333333,0.02409720527027667,0.36829703959695215
2026-01-13 18:00:00+00:00,2026-01-15 14:00:00+00:00,2026-01-15 19:00:00,2,44,3,2026-01-13 02:00:00+00:00,0.05666666666666667,0.047893548440406684,0.36829703959695215
2026-01-13 18:00:00+00:00,2026-01-15 15:00:00+00:00,2026-01-15 20:00:00,2,45,3,2026-01-13 03:00:00+00:00,0.11166666666666665,0.12467251150776111,0.36829703959695215
2026-01-13 18:00:00+00:00,2026-01-15 16:00:00+00:00,2026-01-15 21:00:00,2,46,3,2026-01-13 04:00:00+00:00,0.28833333333333333,0.05532239162309035,0.36829703959695215
2026-01-13 18:00:00+00:00,2026-01-15 17:00:00+00:00,2026-01-15 22:00:00,2,47,3,2026-01-13 05:00:00+00:00,0.056666666666666664,0.03333375514656133,0.36829703959695215
2026-01-13 18:00:00+00:00,2026-01-15 18:00:00+00:00,2026-01-15 23:00:00,2,48,3,2026-01-13 06:00:00+00:00,0.006666666666666667,0.10781691113027474,0.36829703959695215
2026-01-14 18:00:00+00:00,2026-01-14 19:00:00+00:00,2026-01-15 00:00:00,1,1,1,2026-01-14 07:00:00+00:00,0.04666666666666667,0.2857198852039033,0.3736853865525423
2026-01-14 18:00:00+00:00,2026-01-14 20:00:00+00:00,2026-01-15 01:00:00,1,2,1,2026-01-14 08:00:00+00:00,0.02,0.13273716684505824,0.3736853865525423
2026-01-14 18:00:00+00:00,2026-01-14 21:00:00+00:00,2026-01-15 02:00:00,1,3,1,2026-01-14 09:00:00+00:00,0.02,0.1360322172268339,0.3736853865525423
2026-01-14 18:00:00+00:00,2026-01-14 22:00:00+00:00,2026-01-15 03:00:00,1,4,1,2026-01-14 10:00:00+00:00,0.011666666666666667,0.12511960207673445,0.3736853865525423
2026-01-14 18:00:00+00:00,2026-01-14 23:00:00+00:00,2026-01-15 04:00:00,1,5,1,2026-01-14 11:00:00+00:00,0.01,0.09529794150539293,0.3736853865525423
2026-01-14 18:00:00+00:00,2026-01-15 00:00:00+00:00,2026-01-15 05:00:00,1,6,1,2026-01-14 12:00:00+00:00,0.01,0.014430152771357029,0.3736853865525423
2026-01-14 18:00:00+00:00,2026-01-15 01:00:00+00:00,2026-01-15 06:00:00,1,7,1,2026-01-14 13:00:00+00:00,0.01,0.014980068877530457,0.3736853865525423
2026-01-14 18:00:00+00:00,2026-01-15 02:00:00+00:00,2026-01-15 07:00:00,1,8,1,2026-01-14 14:00:00+00:00,0.01,0.014323280778438452,0.3736853865525423
2026-01-14 18:00:00+00:00,2026-01-15 03:00:00+00:00,2026-01-15 08:00:00,1,9,1,2026-01-14 15:00:00+00:00,0.01,0.0068481861992933536,0.3736853865525423
2026-01-14 18:00:00+00:00,2026-01-15 04:00:00+00:00,2026-01-15 09:00:00,1,10,1,2026-01-14 16:00:00+00:00,0.01,0.016787507360131074,0.3736853865525423
2026-01-14 18:00:00+00:00,2026-01-15 05:00:00+00:00,2026-01-15 10:00:00,1,11,1,2026-01-14 17:00:00+00:00,0.01,0.050690748604634406,0.3736853865525423
2026-01-14 18:00:00+00:00,2026-01-15 06:00:00+00:00,2026-01-15 11:00:00,1,12,1,2026-01-14 18:00:00+00:00,0.01,0.03228155469068227,0.3736853865525423
2026-01-14 18:00:00+00:00,2026-01-15 07:00:00+00:00,2026-01-15 12:00:00,1,13,2,2026-01-13 19:00:00+00:00,0.01,0.04542497274134746,0.3736853865525423
2026-01-14 18:00:00+00:00,2026-01-15 08:00:00+00:00,2026-01-15 13:00:00,1,14,2,2026-01-13 20:00:00+00:00,0.01,0.09984524069630117,0.3736853865525423
2026-01-14 18:00:00+00:00,2026-01-15 09:00:00+00:00,2026-01-15 14:00:00,1,15,2,2026-01-13 21:00:00+00:00,0.01,0.08356546809287704,0.3736853865525423
2026-01-14 18:00:00+00:00,2026-01-15 10:00:00+00:00,2026-01-15 15:00:00,1,16,2,2026-01-13 22:00:00+00:00,0.02,0.11258789947242873,0.3736853865525423
2026-01-14 18:00:00+00:00,2026-01-15 11:00:00+00:00,2026-01-15 16:00:00,1,17,2,2026-01-13 23:00:00+00:00,0.04,0.07699994369937313,0.3736853865525423
2026-01-14 18:00:00+00:00,2026-01-15 12:00:00+00:00,2026-01-15 17:00:00,1,18,2,2026-01-14 00:00:00+00:00,0.08333333333333333,0.24766100590389625,0.3736853865525423
2026-01-14 18:00:00+00:00,2026-01-15 13:00:00+00:00,2026-01-15 18:00:00,1,19,2,2026-01-14 01:00:00+00:00,0.09166666666666667,0.39319758547176337,0.3736853865525423
2026-01-14 18:00:00+00:00,2026-01-15 14:00:00+00:00,2026-01-15 19:00:00,1,20,2,2026-01-14 02:00:00+00:00,0.06333333333333334,0.31356876768952074,0.3736853865525423
2026-01-14 18:00:00+00:00,2026-01-15 15:00:00+00:00,2026-01-15 20:00:00,1,21,2,2026-01-14 03:00:00+00:00,0.11333333333333334,0.18234449159977142,0.3736853865525423
2026-01-14 18:00:00+00:00,2026-01-15 16:00:00+00:00,2026-01-15 21:00:00,1,22,2,2026-01-14 04:00:00+00:00,0.20833333333333334,0.048103177355924155,0.3736853865525423
2026-01-14 18:00:00+00:00,2026-01-15 17:00:00+00:00,2026-01-15 22:00:00,1,23,2,2026-01-14 05:00:00+00:00,0.045000000000000005,0.015206499943048686,0.3736853865525423
2026-01-14 18:00:00+00:00,2026-01-15 18:00:00+00:00,2026-01-15 23:00:00,1,24,2,2026-01-14 06:00:00+00:00,0.01,0.07091740682475499,0.3736853865525423
2026-01-14 18:00:00+00:00,2026-01-15 19:00:00+00:00,2026-01-16 00:00:00,1,25,2,2026-01-14 07:00:00+00:00,0.09500000000000001,0.02797179998097001,0.3736853865525423
2026-01-14 18:00:00+00:00,2026-01-15 20:00:00+00:00,2026-01-16 01:00:00,1,26,2,2026-01-14 08:00:00+00:00,0.13833333333333334,0.04313906865792136,0.3736853865525423
2026-01-14 18:00:00+00:00,2026-01-15 21:00:00+00:00,2026-01-16 02:00:00,1,27,2,2026-01-14 09:00:00+00:00,0.07333333333333333,0.04816648260026759,0.3736853865525423
2026-01-14 18:00:00+00:00,2026-01-15 22:00:00+00:00,2026-01-16 03:00:00,1,28,2,2026-01-14 10:00:00+00:00,0.049999999999999996,0.06082153393374298,0.3736853865525423
2026-01-14 18:00:00+00:00,2026-01-15 23:00:00+00:00,2026-01-16 04:00:00,1,29,2,2026-01-14 11:00:00+00:00,0.04,0.1911955805848916,0.3736853865525423
2026-01-14 18:00:00+00:00,2026-01-16 00:00:00+00:00,2026-01-16 05:00:00,1,30,2,2026-01-14 12:00:00+00:00,0.013333333333333334,0.21462636531877732,0.3736853865525423
2026-01-14 18:00:00+00:00,2026-01-16 01:00:00+00:00,2026-01-16 06:00:00,1,31,2,2026-01-14 13:00:00+00:00,0.03166666666666667,0.25264066985173467,0.3736853865525423
2026-01-14 18:00:00+00:00,2026-01-16 02:00:00+00:00,2026-01-16 07:00:00,1,32,2,2026-01-14 14:00:00+00:00,0.02,0.47665411839547706,0.3736853865525423
2026-01-14 18:00:00+00:00,2026-01-16 03:00:00+00:00,2026-01-16 08:00:00,1,33,2,2026-01-14 15:00:00+00:00,0.03,0.48250078009509695,0.3736853865525423
2026-01-14 18:00:00+00:00,2026-01-16 04:00:00+00:00,2026-01-16 09:00:00,1,34,2,2026-01-14 16:00:00+00:00,0.07166666666666667,0.5635263960013657,0.3736853865525423
2026-01-14 18:00:00+00:00,2026-01-16 05:00:00+00:00,2026-01-16 10:00:00,1,35,2,2026-01-14 17:00:00+00:00,0.016666666666666666,0.47883000676068616,0.3736853865525423
2026-01-14 18:00:00+00:00,2026-01-16 06:00:00+00:00,2026-01-16 11:00:00,1,36,2,2026-01-14 18:00:00+00:00,0.04833333333333333,0.40657229319836913,0.3736853865525423
2026-01-14 18:00:00+00:00,2026-01-16 07:00:00+00:00,2026-01-16 12:00:00,1,37,3,2026-01-13 19:00:00+00:00,0.04,0.4745459876249902,0.3736853865525423
2026-01-14 18:00:00+00:00,2026-01-16 08:00:00+00:00,2026-01-16 13:00:00,1,38,3,2026-01-13 20:00:00+00:00,0.09000000000000001,0.4670861780223637,0.3736853865525423
2026-01-14 18:00:00+00:00,2026-01-16 09:00:00+00:00,2026-01-16 14:00:00,1,39,3,2026-01-13 21:00:00+00:00,0.22999999999999998,0.5621343213817082,0.3736853865525423
2026-01-14 18:00:00+00:00,2026-01-16 10:00:00+00:00,2026-01-16 15:00:00,1,40,3,2026-01-13 22:00:00+00:00,0.3833333333333333,0.5521490157730081,0.3736853865525423
2026-01-14 18:00:00+00:00,2026-01-16 11:00:00+00:00,2026-01-16 16:00:00,1,41,3,2026-01-13 23:00:00+00:00,0.375,0.7076318158345339,0.3736853865525423
2026-01-14 18:00:00+00:00,2026-01-16 12:00:00+00:00,2026-01-16 17:00:00,1,42,3,2026-01-14 00:00:00+00:00,0.4466666666666667,0.7650362183959484,0.3736853865525423
2026-01-14 18:00:00+00:00,2026-01-16 13:00:00+00:00,2026-01-16 18:00:00,1,43,3,2026-01-14 01:00:00+00:00,0.605,0.8676982350601459,0.3736853865525423
2026-01-14 18:00:00+00:00,2026-01-16 14:00:00+00:00,2026-01-16 19:00:00,1,44,3,2026-01-14 02:00:00+00:00,0.7666666666666666,0.879961453925634,0.3736853865525423
2026-01-14 18:00:00+00:00,2026-01-16 15:00:00+00:00,2026-01-16 20:00:00,1,45,3,2026-01-14 03:00:00+00:00,0.9716666666666667,0.8277384185282305,0.3736853865525423
2026-01-14 18:00:00+00:00,2026-01-16 16:00:00+00:00,2026-01-16 21:00:00,1,46,3,2026-01-14 04:00:00+00:00,0.9283333333333333,0.8902131502874752,0.3736853865525423
2026-01-14 18:00:00+00:00,2026-01-16 17:00:00+00:00,2026-01-16 22:00:00,1,47,3,2026-01-14 05:00:00+00:00,0.8766666666666666,0.8338982096396346,0.3736853865525423
2026-01-14 18:00:00+00:00,2026-01-16 18:00:00+00:00,2026-01-16 23:00:00,1,48,3,2026-01-14 06:00:00+00:00,0.85,0.8455702545483889,0.3736853865525423
2026-01-14 18:00:00+00:00,2026-01-14 19:00:00+00:00,2026-01-15 00:00:00,2,1,1,2026-01-14 07:00:00+00:00,0.06,0.28529442788205245,0.36829703959695215
2026-01-14 18:00:00+00:00,2026-01-14 20:00:00+00:00,2026-01-15 01:00:00,2,2,1,2026-01-14 08:00:00+00:00,0.02,0.13124693618978384,0.36829703959695215
2026-01-14 18:00:00+00:00,2026-01-14 21:00:00+00:00,2026-01-15 02:00:00,2,3,1,2026-01-14 09:00:00+00:00,0.011666666666666667,0.1345419865715595,0.36829703959695215
2026-01-14 18:00:00+00:00,2026-01-14 22:00:00+00:00,2026-01-15 03:00:00,2,4,1,2026-01-14 10:00:00+00:00,0.011666666666666667,0.12308160070915312,0.36829703959695215
2026-01-14 18:00:00+00:00,2026-01-14 23:00:00+00:00,2026-01-15 04:00:00,2,5,1,2026-01-14 11:00:00+00:00,0.01,0.09380771085011856,0.36829703959695215
2026-01-14 18:00:00+00:00,2026-01-15 00:00:00+00:00,2026-01-15 05:00:00,2,6,1,2026-01-14 12:00:00+00:00,0.01,0.013683398181358719,0.36829703959695215
2026-01-14 18:00:00+00:00,2026-01-15 01:00:00+00:00,2026-01-15 06:00:00,2,7,1,2026-01-14 13:00:00+00:00,0.01,0.013499978130510851,0.36829703959695215
2026-01-14 18:00:00+00:00,2026-01-15 02:00:00+00:00,2026-01-15 07:00:00,2,8,1,2026-01-14 14:00:00+00:00,0.01,0.012843190031418835,0.36829703959695215
2026-01-14 18:00:00+00:00,2026-01-15 03:00:00+00:00,2026-01-15 08:00:00,2,9,1,2026-01-14 15:00:00+00:00,0.01,0.005368095452273737,0.36829703959695215
2026-01-14 18:00:00+00:00,2026-01-15 04:00:00+00:00,2026-01-15 09:00:00,2,10,1,2026-01-14 16:00:00+00:00,0.01,0.016943732876078203,0.36829703959695215
2026-01-14 18:00:00+00:00,2026-01-15 05:00:00+00:00,2026-01-15 10:00:00,2,11,1,2026-01-14 17:00:00+00:00,0.01,0.05247229586845245,0.36829703959695215
2026-01-14 18:00:00+00:00,2026-01-15 06:00:00+00:00,2026-01-15 11:00:00,2,12,1,2026-01-14 18:00:00+00:00,0.01,0.032437780206629394,0.36829703959695215
2026-01-14 18:00:00+00:00,2026-01-15 07:00:00+00:00,2026-01-15 12:00:00,2,13,2,2026-01-13 19:00:00+00:00,0.01,0.045581198257294564,0.36829703959695215
2026-01-14 18:00:00+00:00,2026-01-15 08:00:00+00:00,2026-01-15 13:00:00,2,14,2,2026-01-13 20:00:00+00:00,0.01,0.10162678796011924,0.36829703959695215
2026-01-14 18:00:00+00:00,2026-01-15 09:00:00+00:00,2026-01-15 14:00:00,2,15,2,2026-01-13 21:00:00+00:00,0.005,0.08343963129208679,0.36829703959695215
2026-01-14 18:00:00+00:00,2026-01-15 10:00:00+00:00,2026-01-15 15:00:00,2,16,2,2026-01-13 22:00:00+00:00,0.024999999999999998,0.11246206267163847,0.36829703959695215
2026-01-14 18:00:00+00:00,2026-01-15 11:00:00+00:00,2026-01-15 16:00:00,2,17,2,2026-01-13 23:00:00+00:00,0.04833333333333334,0.07524878515071196,0.36829703959695215
2026-01-14 18:00:00+00:00,2026-01-15 12:00:00+00:00,2026-01-15 17:00:00,2,18,2,2026-01-14 00:00:00+00:00,0.08666666666666667,0.247535169103106,0.36829703959695215
2026-01-14 18:00:00+00:00,2026-01-15 13:00:00+00:00,2026-01-15 18:00:00,2,19,2,2026-01-14 01:00:00+00:00,0.10333333333333333,0.3922877378384015,0.36829703959695215
2026-01-14 18:00:00+00:00,2026-01-15 14:00:00+00:00,2026-01-15 19:00:00,2,20,2,2026-01-14 02:00:00+00:00,0.05666666666666667,0.31265892005615875,0.36829703959695215
2026-01-14 18:00:00+00:00,2026-01-15 15:00:00+00:00,2026-01-15 20:00:00,2,21,2,2026-01-14 03:00:00+00:00,0.11166666666666665,0.18143464396640951,0.36829703959695215
2026-01-14 18:00:00+00:00,2026-01-15 16:00:00+00:00,2026-01-15 21:00:00,2,22,2,2026-01-14 04:00:00+00:00,0.28833333333333333,0.047193329722562245,0.36829703959695215
2026-01-14 18:00:00+00:00,2026-01-15 17:00:00+00:00,2026-01-15 22:00:00,2,23,2,2026-01-14 05:00:00+00:00,0.056666666666666664,0.012925807302630269,0.36829703959695215
2026-01-14 18:00:00+00:00,2026-01-15 18:00:00+00:00,2026-01-15 23:00:00,2,24,2,2026-01-14 06:00:00+00:00,0.006666666666666667,0.06947002328455078,0.36829703959695215
2026-01-14 18:00:00+00:00,2026-01-15 19:00:00+00:00,2026-01-16 00:00:00,2,25,2,2026-01-14 07:00:00+00:00,0.09833333333333334,0.026491709233950413,0.36829703959695215
2026-01-14 18:00:00+00:00,2026-01-15 20:00:00+00:00,2026-01-16 01:00:00,2,26,2,2026-01-14 08:00:00+00:00,0.14,0.04215871027736831,0.36829703959695215
2026-01-14 18:00:00+00:00,2026-01-15 21:00:00+00:00,2026-01-16 02:00:00,2,27,2,2026-01-14 09:00:00+00:00,0.08333333333333333,0.04741972801026927,0.36829703959695215
2026-01-14 18:00:00+00:00,2026-01-15 22:00:00+00:00,2026-01-16 03:00:00,2,28,2,2026-01-14 10:00:00+00:00,0.04833333333333333,0.059559715838253216,0.36829703959695215
2026-01-14 18:00:00+00:00,2026-01-15 23:00:00+00:00,2026-01-16 04:00:00,2,29,2,2026-01-14 11:00:00+00:00,0.03666666666666667,0.18996239102324664,0.36829703959695215
2026-01-14 18:00:00+00:00,2026-01-16 00:00:00+00:00,2026-01-16 05:00:00,2,30,2,2026-01-14 12:00:00+00:00,0.013333333333333334,0.21621247874055807,0.36829703959695215
2026-01-14 18:00:00+00:00,2026-01-16 01:00:00+00:00,2026-01-16 06:00:00,2,31,2,2026-01-14 13:00:00+00:00,0.041666666666666664,0.25115043919646035,0.36829703959695215
2026-01-14 18:00:00+00:00,2026-01-16 02:00:00+00:00,2026-01-16 07:00:00,2,32,2,2026-01-14 14:00:00+00:00,0.02666666666666667,0.4782402318172578,0.36829703959695215
2026-01-14 18:00:00+00:00,2026-01-16 03:00:00+00:00,2026-01-16 08:00:00,2,33,2,2026-01-14 15:00:00+00:00,0.018333333333333333,0.48408689351687756,0.36829703959695215
2026-01-14 18:00:00+00:00,2026-01-16 04:00:00+00:00,2026-01-16 09:00:00,2,34,2,2026-01-14 16:00:00+00:00,0.02666666666666667,0.5663618315382253,0.36829703959695215
2026-01-14 18:00:00+00:00,2026-01-16 05:00:00+00:00,2026-01-16 10:00:00,2,35,2,2026-01-14 17:00:00+00:00,0.02666666666666667,0.48166544229754577,0.36829703959695215
2026-01-14 18:00:00+00:00,2026-01-16 06:00:00+00:00,2026-01-16 11:00:00,2,36,2,2026-01-14 18:00:00+00:00,0.024999999999999998,0.4071075679302651,0.36829703959695215
2026-01-14 18:00:00+00:00,2026-01-16 07:00:00+00:00,2026-01-16 12:00:00,2,37,3,2026-01-13 19:00:00+00:00,0.03666666666666667,0.47845243896299267,0.36829703959695215
2026-01-14 18:00:00+00:00,2026-01-16 08:00:00+00:00,2026-01-16 13:00:00,2,38,3,2026-01-13 20:00:00+00:00,0.105,0.46769060274852,0.36829703959695215
2026-01-14 18:00:00+00:00,2026-01-16 09:00:00+00:00,2026-01-16 14:00:00,2,39,3,2026-01-13 21:00:00+00:00,0.215,0.5654830118131503,0.36829703959695215
2026-01-14 18:00:00+00:00,2026-01-16 10:00:00+00:00,2026-01-16 15:00:00,2,40,3,2026-01-13 22:00:00+00:00,0.4283333333333333,0.5533005700161043,0.36829703959695215
2026-01-14 18:00:00+00:00,2026-01-16 11:00:00+00:00,2026-01-16 16:00:00,2,41,3,2026-01-13 23:00:00+00:00,0.455,0.7109805062659761,0.36829703959695215
2026-01-14 18:00:00+00:00,2026-01-16 12:00:00+00:00,2026-01-16 17:00:00,2,42,3,2026-01-14 00:00:00+00:00,0.45,0.7653085647503354,0.36829703959695215
2026-01-14 18:00:00+00:00,2026-01-16 13:00:00+00:00,2026-01-16 18:00:00,2,43,3,2026-01-14 01:00:00+00:00,0.6716666666666667,0.866268133254986,0.36829703959695215
2026-01-14 18:00:00+00:00,2026-01-16 14:00:00+00:00,2026-01-16 19:00:00,2,44,3,2026-01-14 02:00:00+00:00,0.7916666666666666,0.8764372514199381,0.36829703959695215
2026-01-14 18:00:00+00:00,2026-01-16 15:00:00+00:00,2026-01-16 20:00:00,2,45,3,2026-01-14 03:00:00+00:00,0.91,0.8310871089596726,0.36829703959695215
2026-01-14 18:00:00+00:00,2026-01-16 16:00:00+00:00,2026-01-16 21:00:00,2,46,3,2026-01-14 04:00:00+00:00,0.8883333333333333,0.8932509887785888,0.36829703959695215
2026-01-14 18:00:00+00:00,2026-01-16 17:00:00+00:00,2026-01-16 22:00:00,2,47,3,2026-01-14 05:00:00+00:00,0.9233333333333333,0.8361341956850075,0.36829703959695215
2026-01-14 18:00:00+00:00,2026-01-16 18:00:00+00:00,2026-01-16 23:00:00,2,48,3,2026-01-14 06:00:00+00:00,0.7833333333333333,0.8492059638024497,0.36829703959695215
2026-01-15 18:00:00+00:00,2026-01-15 19:00:00+00:00,2026-01-16 00:00:00,1,1,1,2026-01-15 07:00:00+00:00,0.09500000000000001,0.20999718273923734,0.3736853865525423
2026-01-15 18:00:00+00:00,2026-01-15 20:00:00+00:00,2026-01-16 01:00:00,1,2,1,2026-01-15 08:00:00+00:00,0.13833333333333334,0.18269147519430487,0.3736853865525423
2026-01-15 18:00:00+00:00,2026-01-15 21:00:00+00:00,2026-01-16 02:00:00,1,3,1,2026-01-15 09:00:00+00:00,0.07333333333333333,0.1496147562484004,0.3736853865525423
2026-01-15 18:00:00+00:00,2026-01-15 22:00:00+00:00,2026-01-16 03:00:00,1,4,1,2026-01-15 10:00:00+00:00,0.049999999999999996,0.17255023190728788,0.3736853865525423
2026-01-15 18:00:00+00:00,2026-01-15 23:00:00+00:00,2026-01-16 04:00:00,1,5,1,2026-01-15 11:00:00+00:00,0.04,0.19246855370800758,0.3736853865525423
2026-01-15 18:00:00+00:00,2026-01-16 00:00:00+00:00,2026-01-16 05:00:00,1,6,1,2026-01-15 12:00:00+00:00,0.013333333333333334,0.06320838173197484,0.3736853865525423
2026-01-15 18:00:00+00:00,2026-01-16 01:00:00+00:00,2026-01-16 06:00:00,1,7,1,2026-01-15 13:00:00+00:00,0.03166666666666667,0.0667904554271477,0.3736853865525423
2026-01-15 18:00:00+00:00,2026-01-16 02:00:00+00:00,2026-01-16 07:00:00,1,8,1,2026-01-15 14:00:00+00:00,0.02,0.06164241795899293,0.3736853865525423
2026-01-15 18:00:00+00:00,2026-01-16 03:00:00+00:00,2026-01-16 08:00:00,1,9,1,2026-01-15 15:00:00+00:00,0.03,0.10515464585497539,0.3736853865525423
2026-01-15 18:00:00+00:00,2026-01-16 04:00:00+00:00,2026-01-16 09:00:00,1,10,1,2026-01-15 16:00:00+00:00,0.07166666666666667,0.0815499549869592,0.3736853865525423
2026-01-15 18:00:00+00:00,2026-01-16 05:00:00+00:00,2026-01-16 10:00:00,1,11,1,2026-01-15 17:00:00+00:00,0.016666666666666666,0.22671126583682177,0.3736853865525423
2026-01-15 18:00:00+00:00,2026-01-16 06:00:00+00:00,2026-01-16 11:00:00,1,12,1,2026-01-15 18:00:00+00:00,0.04833333333333333,0.1225320706086586,0.3736853865525423
2026-01-15 18:00:00+00:00,2026-01-16 07:00:00+00:00,2026-01-16 12:00:00,1,13,2,2026-01-14 19:00:00+00:00,0.04,0.3966852017308276,0.3736853865525423
2026-01-15 18:00:00+00:00,2026-01-16 08:00:00+00:00,2026-01-16 13:00:00,1,14,2,2026-01-14 20:00:00+00:00,0.09000000000000001,0.5346495399158661,0.3736853865525423
2026-01-15 18:00:00+00:00,2026-01-16 09:00:00+00:00,2026-01-16 14:00:00,1,15,2,2026-01-14 21:00:00+00:00,0.22999999999999998,0.6170502689225322,0.3736853865525423
2026-01-15 18:00:00+00:00,2026-01-16 10:00:00+00:00,2026-01-16 15:00:00,1,16,2,2026-01-14 22:00:00+00:00,0.3833333333333333,0.8096113395179582,0.3736853865525423
2026-01-15 18:00:00+00:00,2026-01-16 11:00:00+00:00,2026-01-16 16:00:00,1,17,2,2026-01-14 23:00:00+00:00,0.375,0.8557659635360283,0.3736853865525423
2026-01-15 18:00:00+00:00,2026-01-16 12:00:00+00:00,2026-01-16 17:00:00,1,18,2,2026-01-15 00:00:00+00:00,0.4466666666666667,0.9538144058847519,0.3736853865525423
2026-01-15 18:00:00+00:00,2026-01-16 13:00:00+00:00,2026-01-16 18:00:00,1,19,2,2026-01-15 01:00:00+00:00,0.605,0.9685979816176818,0.3736853865525423
2026-01-15 18:00:00+00:00,2026-01-16 14:00:00+00:00,2026-01-16 19:00:00,1,20,2,2026-01-15 02:00:00+00:00,0.7666666666666666,0.949284270645388,0.3736853865525423
2026-01-15 18:00:00+00:00,2026-01-16 15:00:00+00:00,2026-01-16 20:00:00,1,21,2,2026-01-15 03:00:00+00:00,0.9716666666666667,0.9572151727434025,0.3736853865525423
2026-01-15 18:00:00+00:00,2026-01-16 16:00:00+00:00,2026-01-16 21:00:00,1,22,2,2026-01-15 04:00:00+00:00,0.9283333333333333,0.9472554047710856,0.3736853865525423
2026-01-15 18:00:00+00:00,2026-01-16 17:00:00+00:00,2026-01-16 22:00:00,1,23,2,2026-01-15 05:00:00+00:00,0.8766666666666666,0.963052328045012,0.3736853865525423
2026-01-15 18:00:00+00:00,2026-01-16 18:00:00+00:00,2026-01-16 23:00:00,1,24,2,2026-01-15 06:00:00+00:00,0.85,0.955277674864638,0.3736853865525423
2026-01-15 18:00:00+00:00,2026-01-16 19:00:00+00:00,2026-01-17 00:00:00,1,25,2,2026-01-15 07:00:00+00:00,0.9683333333333334,0.9714352906782077,0.3736853865525423
2026-01-15 18:00:00+00:00,2026-01-16 20:00:00+00:00,2026-01-17 01:00:00,1,26,2,2026-01-15 08:00:00+00:00,0.96,0.969589621935136,0.3736853865525423
2026-01-15 18:00:00+00:00,2026-01-16 21:00:00+00:00,2026-01-17 02:00:00,1,27,2,2026-01-15 09:00:00+00:00,0.895,0.9740365812600664,0.3736853865525423
2026-01-15 18:00:00+00:00,2026-01-16 22:00:00+00:00,2026-01-17 03:00:00,1,28,2,2026-01-15 10:00:00+00:00,0.8250000000000001,0.9939574301081769,0.3736853865525423
2026-01-15 18:00:00+00:00,2026-01-16 23:00:00+00:00,2026-01-17 04:00:00,1,29,2,2026-01-15 11:00:00+00:00,0.8166666666666665,0.9887204108769913,0.3736853865525423
2026-01-15 18:00:00+00:00,2026-01-17 00:00:00+00:00,2026-01-17 05:00:00,1,30,2,2026-01-15 12:00:00+00:00,0.9033333333333333,0.9840256264991968,0.3736853865525423
2026-01-15 18:00:00+00:00,2026-01-17 01:00:00+00:00,2026-01-17 06:00:00,1,31,2,2026-01-15 13:00:00+00:00,0.7000000000000001,0.984606534323253,0.3736853865525423
2026-01-15 18:00:00+00:00,2026-01-17 02:00:00+00:00,2026-01-17 07:00:00,1,32,2,2026-01-15 14:00:00+00:00,0.62,0.9877286864040188,0.3736853865525423
2026-01-15 18:00:00+00:00,2026-01-17 03:00:00+00:00,2026-01-17 08:00:00,1,33,2,2026-01-15 15:00:00+00:00,0.4083333333333334,0.9870848905040647,0.3736853865525423
2026-01-15 18:00:00+00:00,2026-01-17 04:00:00+00:00,2026-01-17 09:00:00,1,34,2,2026-01-15 16:00:00+00:00,0.4183333333333333,0.9814030880241368,0.3736853865525423
2026-01-15 18:00:00+00:00,2026-01-17 05:00:00+00:00,2026-01-17 10:00:00,1,35,2,2026-01-15 17:00:00+00:00,0.2833333333333333,0.960024478334031,0.3736853865525423
2026-01-15 18:00:00+00:00,2026-01-17 06:00:00+00:00,2026-01-17 11:00:00,1,36,2,2026-01-15 18:00:00+00:00,0.13166666666666668,0.6853811801998353,0.3736853865525423
2026-01-15 18:00:00+00:00,2026-01-17 07:00:00+00:00,2026-01-17 12:00:00,1,37,3,2026-01-14 19:00:00+00:00,0.051666666666666666,0.6121593498491844,0.3736853865525423
2026-01-15 18:00:00+00:00,2026-01-17 08:00:00+00:00,2026-01-17 13:00:00,1,38,3,2026-01-14 20:00:00+00:00,0.06333333333333334,0.4687177264527574,0.3736853865525423
2026-01-15 18:00:00+00:00,2026-01-17 09:00:00+00:00,2026-01-17 14:00:00,1,39,3,2026-01-14 21:00:00+00:00,0.08833333333333333,0.40259583437027907,0.3736853865525423
2026-01-15 18:00:00+00:00,2026-01-17 10:00:00+00:00,2026-01-17 15:00:00,1,40,3,2026-01-14 22:00:00+00:00,0.05333333333333334,0.2977479419217763,0.3736853865525423
2026-01-15 18:00:00+00:00,2026-01-17 11:00:00+00:00,2026-01-17 16:00:00,1,41,3,2026-01-14 23:00:00+00:00,0.03333333333333333,0.1929748822884563,0.3736853865525423
2026-01-15 18:00:00+00:00,2026-01-17 12:00:00+00:00,2026-01-17 17:00:00,1,42,3,2026-01-15 00:00:00+00:00,0.01,0.050426159763051676,0.3736853865525423
2026-01-15 18:00:00+00:00,2026-01-17 13:00:00+00:00,2026-01-17 18:00:00,1,43,3,2026-01-15 01:00:00+00:00,0.01,0.036958815973133184,0.3736853865525423
2026-01-15 18:00:00+00:00,2026-01-17 14:00:00+00:00,2026-01-17 19:00:00,1,44,3,2026-01-15 02:00:00+00:00,0.028333333333333332,0.020532115294049313,0.3736853865525423
2026-01-15 18:00:00+00:00,2026-01-17 15:00:00+00:00,2026-01-17 20:00:00,1,45,3,2026-01-15 03:00:00+00:00,0.013333333333333334,0.0230072689378517,0.3736853865525423
2026-01-15 18:00:00+00:00,2026-01-17 16:00:00+00:00,2026-01-17 21:00:00,1,46,3,2026-01-15 04:00:00+00:00,0.01,0.011816600295297653,0.3736853865525423
2026-01-15 18:00:00+00:00,2026-01-17 17:00:00+00:00,2026-01-17 22:00:00,1,47,3,2026-01-15 05:00:00+00:00,0.01,0.007787960838074667,0.3736853865525423
2026-01-15 18:00:00+00:00,2026-01-17 18:00:00+00:00,2026-01-17 23:00:00,1,48,3,2026-01-15 06:00:00+00:00,0.01,0.013921776997015183,0.3736853865525423
2026-01-15 18:00:00+00:00,2026-01-15 19:00:00+00:00,2026-01-16 00:00:00,2,1,1,2026-01-15 07:00:00+00:00,0.09833333333333334,0.20777361592694163,0.36829703959695215
2026-01-15 18:00:00+00:00,2026-01-15 20:00:00+00:00,2026-01-16 01:00:00,2,2,1,2026-01-15 08:00:00+00:00,0.14,0.18046790838200916,0.36829703959695215
2026-01-15 18:00:00+00:00,2026-01-15 21:00:00+00:00,2026-01-16 02:00:00,2,3,1,2026-01-15 09:00:00+00:00,0.08333333333333333,0.15440360282559826,0.36829703959695215
2026-01-15 18:00:00+00:00,2026-01-15 22:00:00+00:00,2026-01-16 03:00:00,2,4,1,2026-01-15 10:00:00+00:00,0.04833333333333333,0.17413634532906866,0.36829703959695215
2026-01-15 18:00:00+00:00,2026-01-15 23:00:00+00:00,2026-01-16 04:00:00,2,5,1,2026-01-15 11:00:00+00:00,0.03666666666666667,0.19405466712978833,0.36829703959695215
2026-01-15 18:00:00+00:00,2026-01-16 00:00:00+00:00,2026-01-16 05:00:00,2,6,1,2026-01-15 12:00:00+00:00,0.013333333333333334,0.06098481491967911,0.36829703959695215
2026-01-15 18:00:00+00:00,2026-01-16 01:00:00+00:00,2026-01-16 06:00:00,2,7,1,2026-01-15 13:00:00+00:00,0.041666666666666664,0.06456688861485202,0.36829703959695215
2026-01-15 18:00:00+00:00,2026-01-16 02:00:00+00:00,2026-01-16 07:00:00,2,8,1,2026-01-15 14:00:00+00:00,0.02666666666666667,0.06643126453619083,0.36829703959695215
2026-01-15 18:00:00+00:00,2026-01-16 03:00:00+00:00,2026-01-16 08:00:00,2,9,1,2026-01-15 15:00:00+00:00,0.018333333333333333,0.10311664448739415,0.36829703959695215
2026-01-15 18:00:00+00:00,2026-01-16 04:00:00+00:00,2026-01-16 09:00:00,2,10,1,2026-01-15 16:00:00+00:00,0.02666666666666667,0.08156608754039317,0.36829703959695215
2026-01-15 18:00:00+00:00,2026-01-16 05:00:00+00:00,2026-01-16 10:00:00,2,11,1,2026-01-15 17:00:00+00:00,0.02666666666666667,0.22691296383497003,0.36829703959695215
2026-01-15 18:00:00+00:00,2026-01-16 06:00:00+00:00,2026-01-16 11:00:00,2,12,1,2026-01-15 18:00:00+00:00,0.024999999999999998,0.12306734534055457,0.36829703959695215
2026-01-15 18:00:00+00:00,2026-01-16 07:00:00+00:00,2026-01-16 12:00:00,2,13,2,2026-01-14 19:00:00+00:00,0.03666666666666667,0.39722047646272357,0.36829703959695215
2026-01-15 18:00:00+00:00,2026-01-16 08:00:00+00:00,2026-01-16 13:00:00,2,14,2,2026-01-14 20:00:00+00:00,0.105,0.534046365174213,0.36829703959695215
2026-01-15 18:00:00+00:00,2026-01-16 09:00:00+00:00,2026-01-16 14:00:00,2,15,2,2026-01-14 21:00:00+00:00,0.215,0.6144513772566388,0.36829703959695215
2026-01-15 18:00:00+00:00,2026-01-16 10:00:00+00:00,2026-01-16 15:00:00,2,16,2,2026-01-14 22:00:00+00:00,0.4283333333333333,0.8066842239530415,0.36829703959695215
2026-01-15 18:00:00+00:00,2026-01-16 11:00:00+00:00,2026-01-16 16:00:00,2,17,2,2026-01-14 23:00:00+00:00,0.455,0.8537180558598209,0.36829703959695215
2026-01-15 18:00:00+00:00,2026-01-16 12:00:00+00:00,2026-01-16 17:00:00,2,18,2,2026-01-15 00:00:00+00:00,0.45,0.9508839632793237,0.36829703959695215
2026-01-15 18:00:00+00:00,2026-01-16 13:00:00+00:00,2026-01-16 18:00:00,2,19,2,2026-01-15 01:00:00+00:00,0.6716666666666667,0.9661413743023851,0.36829703959695215
2026-01-15 18:00:00+00:00,2026-01-16 14:00:00+00:00,2026-01-16 19:00:00,2,20,2,2026-01-15 02:00:00+00:00,0.7916666666666666,0.9484966580855166,0.36829703959695215
2026-01-15 18:00:00+00:00,2026-01-16 15:00:00+00:00,2026-01-16 20:00:00,2,21,2,2026-01-15 03:00:00+00:00,0.91,0.9567187302695114,0.36829703959695215
2026-01-15 18:00:00+00:00,2026-01-16 16:00:00+00:00,2026-01-16 21:00:00,2,22,2,2026-01-15 04:00:00+00:00,0.8883333333333333,0.9437491440472588,0.36829703959695215
2026-01-15 18:00:00+00:00,2026-01-16 17:00:00+00:00,2026-01-16 22:00:00,2,23,2,2026-01-15 05:00:00+00:00,0.9233333333333333,0.9616591552778225,0.36829703959695215
2026-01-15 18:00:00+00:00,2026-01-16 18:00:00+00:00,2026-01-16 23:00:00,2,24,2,2026-01-15 06:00:00+00:00,0.7833333333333333,0.9542635976402593,0.36829703959695215
2026-01-15 18:00:00+00:00,2026-01-16 19:00:00+00:00,2026-01-17 00:00:00,2,25,2,2026-01-15 07:00:00+00:00,0.9199999999999999,0.9697287995711626,0.36829703959695215
2026-01-15 18:00:00+00:00,2026-01-16 20:00:00+00:00,2026-01-17 01:00:00,2,26,2,2026-01-15 08:00:00+00:00,0.9683333333333333,0.9673426240181214,0.36829703959695215
2026-01-15 18:00:00+00:00,2026-01-16 21:00:00+00:00,2026-01-17 02:00:00,2,27,2,2026-01-15 09:00:00+00:00,0.8966666666666666,0.9714159094807531,0.36829703959695215
2026-01-15 18:00:00+00:00,2026-01-16 22:00:00+00:00,2026-01-17 03:00:00,2,28,2,2026-01-15 10:00:00+00:00,0.7949999999999999,0.9904519123584973,0.36829703959695215
2026-01-15 18:00:00+00:00,2026-01-16 23:00:00+00:00,2026-01-17 04:00:00,2,29,2,2026-01-15 11:00:00+00:00,0.7400000000000001,0.9853984662367784,0.36829703959695215
2026-01-15 18:00:00+00:00,2026-01-17 00:00:00+00:00,2026-01-17 05:00:00,2,30,2,2026-01-15 12:00:00+00:00,0.9349999999999999,0.9807036818589837,0.36829703959695215
2026-01-15 18:00:00+00:00,2026-01-17 01:00:00+00:00,2026-01-17 06:00:00,2,31,2,2026-01-15 13:00:00+00:00,0.7983333333333333,0.9812845896830397,0.36829703959695215
2026-01-15 18:00:00+00:00,2026-01-17 02:00:00+00:00,2026-01-17 07:00:00,2,32,2,2026-01-15 14:00:00+00:00,0.535,0.9845718548989332,0.36829703959695215
2026-01-15 18:00:00+00:00,2026-01-17 03:00:00+00:00,2026-01-17 08:00:00,2,33,2,2026-01-15 15:00:00+00:00,0.38833333333333336,0.9843520194782139,0.36829703959695215
2026-01-15 18:00:00+00:00,2026-01-17 04:00:00+00:00,2026-01-17 09:00:00,2,34,2,2026-01-15 16:00:00+00:00,0.36333333333333334,0.9785439286154926,0.36829703959695215
2026-01-15 18:00:00+00:00,2026-01-17 05:00:00+00:00,2026-01-17 10:00:00,2,35,2,2026-01-15 17:00:00+00:00,0.225,0.9606010910874865,0.36829703959695215
2026-01-15 18:00:00+00:00,2026-01-17 06:00:00+00:00,2026-01-17 11:00:00,2,36,2,2026-01-15 18:00:00+00:00,0.11833333333333333,0.6846407532129053,0.36829703959695215
2026-01-15 18:00:00+00:00,2026-01-17 07:00:00+00:00,2026-01-17 12:00:00,2,37,3,2026-01-14 19:00:00+00:00,0.018333333333333333,0.612578209130626,0.36829703959695215
2026-01-15 18:00:00+00:00,2026-01-17 08:00:00+00:00,2026-01-17 13:00:00,2,38,3,2026-01-14 20:00:00+00:00,0.05333333333333334,0.47013220907336245,0.36829703959695215
2026-01-15 18:00:00+00:00,2026-01-17 09:00:00+00:00,2026-01-17 14:00:00,2,39,3,2026-01-14 21:00:00+00:00,0.08666666666666667,0.4012237250375666,0.36829703959695215
2026-01-15 18:00:00+00:00,2026-01-17 10:00:00+00:00,2026-01-17 15:00:00,2,40,3,2026-01-14 22:00:00+00:00,0.05333333333333334,0.2963758325890639,0.36829703959695215
2026-01-15 18:00:00+00:00,2026-01-17 11:00:00+00:00,2026-01-17 16:00:00,2,41,3,2026-01-14 23:00:00+00:00,0.04,0.191602772955744,0.36829703959695215
2026-01-15 18:00:00+00:00,2026-01-17 12:00:00+00:00,2026-01-17 17:00:00,2,42,3,2026-01-15 00:00:00+00:00,0.01,0.04940833737141176,0.36829703959695215
2026-01-15 18:00:00+00:00,2026-01-17 13:00:00+00:00,2026-01-17 18:00:00,2,43,3,2026-01-15 01:00:00+00:00,0.013333333333333334,0.03577209121427361,0.36829703959695215
2026-01-15 18:00:00+00:00,2026-01-17 14:00:00+00:00,2026-01-17 19:00:00,2,44,3,2026-01-15 02:00:00+00:00,0.03,0.019345390535189747,0.36829703959695215
2026-01-15 18:00:00+00:00,2026-01-17 15:00:00+00:00,2026-01-17 20:00:00,2,45,3,2026-01-15 03:00:00+00:00,0.011666666666666667,0.021272773466685258,0.36829703959695215
2026-01-15 18:00:00+00:00,2026-01-17 16:00:00+00:00,2026-01-17 21:00:00,2,46,3,2026-01-15 04:00:00+00:00,0.01,0.009678447598748642,0.36829703959695215
2026-01-15 18:00:00+00:00,2026-01-17 17:00:00+00:00,2026-01-17 22:00:00,2,47,3,2026-01-15 05:00:00+00:00,0.01,0.006307870091055051,0.36829703959695215
2026-01-15 18:00:00+00:00,2026-01-17 18:00:00+00:00,2026-01-17 23:00:00,2,48,3,2026-01-15 06:00:00+00:00,0.01,0.012441686249995573,0.36829703959695215
2026-01-16 18:00:00+00:00,2026-01-16 19:00:00+00:00,2026-01-17 00:00:00,1,1,1,2026-01-16 07:00:00+00:00,0.9683333333333334,0.9856673889094874,0.3736853865525423
2026-01-16 18:00:00+00:00,2026-01-16 20:00:00+00:00,2026-01-17 01:00:00,1,2,1,2026-01-16 08:00:00+00:00,0.96,1.0,0.3736853865525423
2026-01-16 18:00:00+00:00,2026-01-16 21:00:00+00:00,2026-01-17 02:00:00,1,3,1,2026-01-16 09:00:00+00:00,0.895,1.0,0.3736853865525423
2026-01-16 18:00:00+00:00,2026-01-16 22:00:00+00:00,2026-01-17 03:00:00,1,4,1,2026-01-16 10:00:00+00:00,0.8250000000000001,0.9899090920161392,0.3736853865525423
2026-01-16 18:00:00+00:00,2026-01-16 23:00:00+00:00,2026-01-17 04:00:00,1,5,1,2026-01-16 11:00:00+00:00,0.8166666666666665,0.9857374403994063,0.3736853865525423
2026-01-16 18:00:00+00:00,2026-01-17 00:00:00+00:00,2026-01-17 05:00:00,1,6,1,2026-01-16 12:00:00+00:00,0.9033333333333333,0.9837181863024357,0.3736853865525423
2026-01-16 18:00:00+00:00,2026-01-17 01:00:00+00:00,2026-01-17 06:00:00,1,7,1,2026-01-16 13:00:00+00:00,0.7000000000000001,0.9873221875122921,0.3736853865525423
2026-01-16 18:00:00+00:00,2026-01-17 02:00:00+00:00,2026-01-17 07:00:00,1,8,1,2026-01-16 14:00:00+00:00,0.62,0.9876931234233067,0.3736853865525423
2026-01-16 18:00:00+00:00,2026-01-17 03:00:00+00:00,2026-01-17 08:00:00,1,9,1,2026-01-16 15:00:00+00:00,0.4083333333333334,0.9846093452469707,0.3736853865525423
2026-01-16 18:00:00+00:00,2026-01-17 04:00:00+00:00,2026-01-17 09:00:00,1,10,1,2026-01-16 16:00:00+00:00,0.4183333333333333,0.9560604293900392,0.3736853865525423
2026-01-16 18:00:00+00:00,2026-01-17 05:00:00+00:00,2026-01-17 10:00:00,1,11,1,2026-01-16 17:00:00+00:00,0.2833333333333333,0.9387469479494992,0.3736853865525423
2026-01-16 18:00:00+00:00,2026-01-17 06:00:00+00:00,2026-01-17 11:00:00,1,12,1,2026-01-16 18:00:00+00:00,0.13166666666666668,0.8605218136121449,0.3736853865525423
2026-01-16 18:00:00+00:00,2026-01-17 07:00:00+00:00,2026-01-17 12:00:00,1,13,2,2026-01-15 19:00:00+00:00,0.051666666666666666,0.25482128525715747,0.3736853865525423
2026-01-16 18:00:00+00:00,2026-01-17 08:00:00+00:00,2026-01-17 13:00:00,1,14,2,2026-01-15 20:00:00+00:00,0.06333333333333334,0.07671550968279033,0.3736853865525423
2026-01-16 18:00:00+00:00,2026-01-17 09:00:00+00:00,2026-01-17 14:00:00,1,15,2,2026-01-15 21:00:00+00:00,0.08833333333333333,0.06395560190815536,0.3736853865525423
2026-01-16 18:00:00+00:00,2026-01-17 10:00:00+00:00,2026-01-17 15:00:00,1,16,2,2026-01-15 22:00:00+00:00,0.05333333333333334,0.05245711788271568,0.3736853865525423
2026-01-16 18:00:00+00:00,2026-01-17 11:00:00+00:00,2026-01-17 16:00:00,1,17,2,2026-01-15 23:00:00+00:00,0.03333333333333333,0.053085156813777436,0.3736853865525423
2026-01-16 18:00:00+00:00,2026-01-17 12:00:00+00:00,2026-01-17 17:00:00,1,18,2,2026-01-16 00:00:00+00:00,0.01,0.06741401369721978,0.3736853865525423
2026-01-16 18:00:00+00:00,2026-01-17 13:00:00+00:00,2026-01-17 18:00:00,1,19,2,2026-01-16 01:00:00+00:00,0.01,0.0514013112385477,0.3736853865525423
2026-01-16 18:00:00+00:00,2026-01-17 14:00:00+00:00,2026-01-17 19:00:00,1,20,2,2026-01-16 02:00:00+00:00,0.028333333333333332,0.058897427151336904,0.3736853865525423
2026-01-16 18:00:00+00:00,2026-01-17 15:00:00+00:00,2026-01-17 20:00:00,1,21,2,2026-01-16 03:00:00+00:00,0.013333333333333334,0.03282182489473601,0.3736853865525423
2026-01-16 18:00:00+00:00,2026-01-17 16:00:00+00:00,2026-01-17 21:00:00,1,22,2,2026-01-16 04:00:00+00:00,0.01,0.029486169176553535,0.3736853865525423
2026-01-16 18:00:00+00:00,2026-01-17 17:00:00+00:00,2026-01-17 22:00:00,1,23,2,2026-01-16 05:00:00+00:00,0.01,0.014360466371545665,0.3736853865525423
2026-01-16 18:00:00+00:00,2026-01-17 18:00:00+00:00,2026-01-17 23:00:00,1,24,2,2026-01-16 06:00:00+00:00,0.01,0.02042205296600679,0.3736853865525423
2026-01-16 18:00:00+00:00,2026-01-17 19:00:00+00:00,2026-01-18 00:00:00,1,25,2,2026-01-16 07:00:00+00:00,0.01,0.024572530559467037,0.3736853865525423
2026-01-16 18:00:00+00:00,2026-01-17 20:00:00+00:00,2026-01-18 01:00:00,1,26,2,2026-01-16 08:00:00+00:00,0.01,0.023543039515157578,0.3736853865525423
2026-01-16 18:00:00+00:00,2026-01-17 21:00:00+00:00,2026-01-18 02:00:00,1,27,2,2026-01-16 09:00:00+00:00,0.01,0.018221613160712528,0.3736853865525423
2026-01-16 18:00:00+00:00,2026-01-17 22:00:00+00:00,2026-01-18 03:00:00,1,28,2,2026-01-16 10:00:00+00:00,0.01,0.00493969896541916,0.3736853865525423
2026-01-16 18:00:00+00:00,2026-01-17 23:00:00+00:00,2026-01-18 04:00:00,1,29,2,2026-01-16 11:00:00+00:00,0.01,0.009597633535382441,0.3736853865525423
2026-01-16 18:00:00+00:00,2026-01-18 00:00:00+00:00,2026-01-18 05:00:00,1,30,2,2026-01-16 12:00:00+00:00,0.01,0.004328806754461176,0.3736853865525423
2026-01-16 18:00:00+00:00,2026-01-18 01:00:00+00:00,2026-01-18 06:00:00,1,31,2,2026-01-16 13:00:00+00:00,0.013333333333333334,0.005895802266135285,0.3736853865525423
2026-01-16 18:00:00+00:00,2026-01-18 02:00:00+00:00,2026-01-18 07:00:00,1,32,2,2026-01-16 14:00:00+00:00,0.01,0.007504873634547925,0.3736853865525423
2026-01-16 18:00:00+00:00,2026-01-18 03:00:00+00:00,2026-01-18 08:00:00,1,33,2,2026-01-16 15:00:00+00:00,0.011666666666666667,0.02237461909542799,0.3736853865525423
2026-01-16 18:00:00+00:00,2026-01-18 04:00:00+00:00,2026-01-18 09:00:00,1,34,2,2026-01-16 16:00:00+00:00,0.09666666666666668,0.03193786618528627,0.3736853865525423
2026-01-16 18:00:00+00:00,2026-01-18 05:00:00+00:00,2026-01-18 10:00:00,1,35,2,2026-01-16 17:00:00+00:00,0.051666666666666666,0.02493436392452085,0.3736853865525423
2026-01-16 18:00:00+00:00,2026-01-18 06:00:00+00:00,2026-01-18 11:00:00,1,36,2,2026-01-16 18:00:00+00:00,0.15333333333333335,0.041250808652129795,0.3736853865525423
2026-01-16 18:00:00+00:00,2026-01-18 07:00:00+00:00,2026-01-18 12:00:00,1,37,3,2026-01-15 19:00:00+00:00,0.2333333333333333,0.03487825660712143,0.3736853865525423
2026-01-16 18:00:00+00:00,2026-01-18 08:00:00+00:00,2026-01-18 13:00:00,1,38,3,2026-01-15 20:00:00+00:00,0.3516666666666666,0.06055340460199284,0.3736853865525423
2026-01-16 18:00:00+00:00,2026-01-18 09:00:00+00:00,2026-01-18 14:00:00,1,39,3,2026-01-15 21:00:00+00:00,0.375,0.03865213397220073,0.3736853865525423
2026-01-16 18:00:00+00:00,2026-01-18 10:00:00+00:00,2026-01-18 15:00:00,1,40,3,2026-01-15 22:00:00+00:00,0.23166666666666666,0.04622358987972509,0.3736853865525423
2026-01-16 18:00:00+00:00,2026-01-18 11:00:00+00:00,2026-01-18 16:00:00,1,41,3,2026-01-15 23:00:00+00:00,0.16833333333333333,0.0469916845553777,0.3736853865525423
2026-01-16 18:00:00+00:00,2026-01-18 12:00:00+00:00,2026-01-18 17:00:00,1,42,3,2026-01-16 00:00:00+00:00,0.12,0.1312205146682106,0.3736853865525423
2026-01-16 18:00:00+00:00,2026-01-18 13:00:00+00:00,2026-01-18 18:00:00,1,43,3,2026-01-16 01:00:00+00:00,0.19166666666666665,0.16217075916904466,0.3736853865525423
2026-01-16 18:00:00+00:00,2026-01-18 14:00:00+00:00,2026-01-18 19:00:00,1,44,3,2026-01-16 02:00:00+00:00,0.20333333333333334,0.23068914602215737,0.3736853865525423
2026-01-16 18:00:00+00:00,2026-01-18 15:00:00+00:00,2026-01-18 20:00:00,1,45,3,2026-01-16 03:00:00+00:00,0.2916666666666667,0.35307721530293196,0.3736853865525423
2026-01-16 18:00:00+00:00,2026-01-18 16:00:00+00:00,2026-01-18 21:00:00,1,46,3,2026-01-16 04:00:00+00:00,0.3066666666666667,0.37971521936581126,0.3736853865525423
2026-01-16 18:00:00+00:00,2026-01-18 17:00:00+00:00,2026-01-18 22:00:00,1,47,3,2026-01-16 05:00:00+00:00,0.31666666666666665,0.38270787945451096,0.3736853865525423
2026-01-16 18:00:00+00:00,2026-01-18 18:00:00+00:00,2026-01-18 23:00:00,1,48,3,2026-01-16 06:00:00+00:00,0.225,0.411669435465527,0.3736853865525423
2026-01-16 18:00:00+00:00,2026-01-16 19:00:00+00:00,2026-01-17 00:00:00,2,1,1,2026-01-16 07:00:00+00:00,0.9199999999999999,0.9825155839637345,0.36829703959695215
2026-01-16 18:00:00+00:00,2026-01-16 20:00:00+00:00,2026-01-17 01:00:00,2,2,1,2026-01-16 08:00:00+00:00,0.9683333333333333,1.0,0.36829703959695215
2026-01-16 18:00:00+00:00,2026-01-16 21:00:00+00:00,2026-01-17 02:00:00,2,3,1,2026-01-16 09:00:00+00:00,0.8966666666666666,1.0,0.36829703959695215
2026-01-16 18:00:00+00:00,2026-01-16 22:00:00+00:00,2026-01-17 03:00:00,2,4,1,2026-01-16 10:00:00+00:00,0.7949999999999999,0.9864035742664591,0.36829703959695215
2026-01-16 18:00:00+00:00,2026-01-16 23:00:00+00:00,2026-01-17 04:00:00,2,5,1,2026-01-16 11:00:00+00:00,0.7400000000000001,0.982415495759193,0.36829703959695215
2026-01-16 18:00:00+00:00,2026-01-17 00:00:00+00:00,2026-01-17 05:00:00,2,6,1,2026-01-16 12:00:00+00:00,0.9349999999999999,0.9806298197744668,0.36829703959695215
2026-01-16 18:00:00+00:00,2026-01-17 01:00:00+00:00,2026-01-17 06:00:00,2,7,1,2026-01-16 13:00:00+00:00,0.7983333333333333,0.9840002428720794,0.36829703959695215
2026-01-16 18:00:00+00:00,2026-01-17 02:00:00+00:00,2026-01-17 07:00:00,2,8,1,2026-01-16 14:00:00+00:00,0.535,0.9845362919182211,0.36829703959695215
2026-01-16 18:00:00+00:00,2026-01-17 03:00:00+00:00,2026-01-17 08:00:00,2,9,1,2026-01-16 15:00:00+00:00,0.38833333333333336,0.9811293138412832,0.36829703959695215
2026-01-16 18:00:00+00:00,2026-01-17 04:00:00+00:00,2026-01-17 09:00:00,2,10,1,2026-01-16 16:00:00+00:00,0.36333333333333334,0.9557961484569122,0.36829703959695215
2026-01-16 18:00:00+00:00,2026-01-17 05:00:00+00:00,2026-01-17 10:00:00,2,11,1,2026-01-16 17:00:00+00:00,0.225,0.9390900427824669,0.36829703959695215
2026-01-16 18:00:00+00:00,2026-01-17 06:00:00+00:00,2026-01-17 11:00:00,2,12,1,2026-01-16 18:00:00+00:00,0.11833333333333333,0.8606383310941752,0.36829703959695215
2026-01-16 18:00:00+00:00,2026-01-17 07:00:00+00:00,2026-01-17 12:00:00,2,13,2,2026-01-15 19:00:00+00:00,0.018333333333333333,0.25408085827022736,0.36829703959695215
2026-01-16 18:00:00+00:00,2026-01-17 08:00:00+00:00,2026-01-17 13:00:00,2,14,2,2026-01-15 20:00:00+00:00,0.05333333333333334,0.07760507135575877,0.36829703959695215
2026-01-16 18:00:00+00:00,2026-01-17 09:00:00+00:00,2026-01-17 14:00:00,2,15,2,2026-01-15 21:00:00+00:00,0.08666666666666667,0.06293777951651547,0.36829703959695215
2026-01-16 18:00:00+00:00,2026-01-17 10:00:00+00:00,2026-01-17 15:00:00,2,16,2,2026-01-15 22:00:00+00:00,0.05333333333333334,0.051439295491075766,0.36829703959695215
2026-01-16 18:00:00+00:00,2026-01-17 11:00:00+00:00,2026-01-17 16:00:00,2,17,2,2026-01-15 23:00:00+00:00,0.04,0.05206733442213751,0.36829703959695215
2026-01-16 18:00:00+00:00,2026-01-17 12:00:00+00:00,2026-01-17 17:00:00,2,18,2,2026-01-16 00:00:00+00:00,0.01,0.06639619130557989,0.36829703959695215
2026-01-16 18:00:00+00:00,2026-01-17 13:00:00+00:00,2026-01-17 18:00:00,2,19,2,2026-01-16 01:00:00+00:00,0.013333333333333334,0.049933126764751354,0.36829703959695215
2026-01-16 18:00:00+00:00,2026-01-17 14:00:00+00:00,2026-01-17 19:00:00,2,20,2,2026-01-16 02:00:00+00:00,0.03,0.05742924267754054,0.36829703959695215
2026-01-16 18:00:00+00:00,2026-01-17 15:00:00+00:00,2026-01-17 20:00:00,2,21,2,2026-01-16 03:00:00+00:00,0.011666666666666667,0.03163510013587644,0.36829703959695215
2026-01-16 18:00:00+00:00,2026-01-17 16:00:00+00:00,2026-01-17 21:00:00,2,22,2,2026-01-16 04:00:00+00:00,0.01,0.02734801648000454,0.36829703959695215
2026-01-16 18:00:00+00:00,2026-01-17 17:00:00+00:00,2026-01-17 22:00:00,2,23,2,2026-01-16 05:00:00+00:00,0.01,0.012880375624526055,0.36829703959695215
2026-01-16 18:00:00+00:00,2026-01-17 18:00:00+00:00,2026-01-17 23:00:00,2,24,2,2026-01-16 06:00:00+00:00,0.01,0.018941962218987186,0.36829703959695215
2026-01-16 18:00:00+00:00,2026-01-17 19:00:00+00:00,2026-01-18 00:00:00,2,25,2,2026-01-16 07:00:00+00:00,0.01,0.023278005257161876,0.36829703959695215
2026-01-16 18:00:00+00:00,2026-01-17 20:00:00+00:00,2026-01-18 01:00:00,2,26,2,2026-01-16 08:00:00+00:00,0.01,0.02206294876813798,0.36829703959695215
2026-01-16 18:00:00+00:00,2026-01-17 21:00:00+00:00,2026-01-18 02:00:00,2,27,2,2026-01-16 09:00:00+00:00,0.01,0.016741522413692908,0.36829703959695215
2026-01-16 18:00:00+00:00,2026-01-17 22:00:00+00:00,2026-01-18 03:00:00,2,28,2,2026-01-16 10:00:00+00:00,0.01,0.0034596082183995483,0.36829703959695215
2026-01-16 18:00:00+00:00,2026-01-17 23:00:00+00:00,2026-01-18 04:00:00,2,29,2,2026-01-16 11:00:00+00:00,0.01,0.008117542788362834,0.36829703959695215
2026-01-16 18:00:00+00:00,2026-01-18 00:00:00+00:00,2026-01-18 05:00:00,2,30,2,2026-01-16 12:00:00+00:00,0.01,0.002848716007441565,0.36829703959695215
2026-01-16 18:00:00+00:00,2026-01-18 01:00:00+00:00,2026-01-18 06:00:00,2,31,2,2026-01-16 13:00:00+00:00,0.01,0.00480270566700349,0.36829703959695215
2026-01-16 18:00:00+00:00,2026-01-18 02:00:00+00:00,2026-01-18 07:00:00,2,32,2,2026-01-16 14:00:00+00:00,0.016666666666666666,0.00641177703541612,0.36829703959695215
2026-01-16 18:00:00+00:00,2026-01-18 03:00:00+00:00,2026-01-18 08:00:00,2,33,2,2026-01-16 15:00:00+00:00,0.011666666666666667,0.021281522496296203,0.36829703959695215
2026-01-16 18:00:00+00:00,2026-01-18 04:00:00+00:00,2026-01-18 09:00:00,2,34,2,2026-01-16 16:00:00+00:00,0.085,0.03209409170123337,0.36829703959695215
2026-01-16 18:00:00+00:00,2026-01-18 05:00:00+00:00,2026-01-18 10:00:00,2,35,2,2026-01-16 17:00:00+00:00,0.04666666666666667,0.025090589440467978,0.36829703959695215
2026-01-16 18:00:00+00:00,2026-01-18 06:00:00+00:00,2026-01-18 11:00:00,2,36,2,2026-01-16 18:00:00+00:00,0.14333333333333334,0.04303235591594784,0.36829703959695215
2026-01-16 18:00:00+00:00,2026-01-18 07:00:00+00:00,2026-01-18 12:00:00,2,37,3,2026-01-15 19:00:00+00:00,0.2383333333333333,0.03503448212306854,0.36829703959695215
2026-01-16 18:00:00+00:00,2026-01-18 08:00:00+00:00,2026-01-18 13:00:00,2,38,3,2026-01-15 20:00:00+00:00,0.38999999999999996,0.060709630117939985,0.36829703959695215
2026-01-16 18:00:00+00:00,2026-01-18 09:00:00+00:00,2026-01-18 14:00:00,2,39,3,2026-01-15 21:00:00+00:00,0.4383333333333333,0.036900975423539505,0.36829703959695215
2026-01-16 18:00:00+00:00,2026-01-18 10:00:00+00:00,2026-01-18 15:00:00,2,40,3,2026-01-15 22:00:00+00:00,0.25666666666666665,0.044472431331063864,0.36829703959695215
2026-01-16 18:00:00+00:00,2026-01-18 11:00:00+00:00,2026-01-18 16:00:00,2,41,3,2026-01-15 23:00:00+00:00,0.19499999999999998,0.04524052600671648,0.36829703959695215
2026-01-16 18:00:00+00:00,2026-01-18 12:00:00+00:00,2026-01-18 17:00:00,2,42,3,2026-01-16 00:00:00+00:00,0.12833333333333333,0.12967751041230874,0.36829703959695215
2026-01-16 18:00:00+00:00,2026-01-18 13:00:00+00:00,2026-01-18 18:00:00,2,43,3,2026-01-16 01:00:00+00:00,0.18666666666666668,0.1606277549131428,0.36829703959695215
2026-01-16 18:00:00+00:00,2026-01-18 14:00:00+00:00,2026-01-18 19:00:00,2,44,3,2026-01-16 02:00:00+00:00,0.18166666666666667,0.22914614176625533,0.36829703959695215
2026-01-16 18:00:00+00:00,2026-01-18 15:00:00+00:00,2026-01-18 20:00:00,2,45,3,2026-01-16 03:00:00+00:00,0.24166666666666667,0.35153421104703014,0.36829703959695215
2026-01-16 18:00:00+00:00,2026-01-18 16:00:00+00:00,2026-01-18 21:00:00,2,46,3,2026-01-16 04:00:00+00:00,0.25333333333333335,0.37817221510990934,0.36829703959695215
2026-01-16 18:00:00+00:00,2026-01-18 17:00:00+00:00,2026-01-18 22:00:00,2,47,3,2026-01-16 05:00:00+00:00,0.2916666666666667,0.38102108470239754,0.36829703959695215
2026-01-16 18:00:00+00:00,2026-01-18 18:00:00+00:00,2026-01-18 23:00:00,2,48,3,2026-01-16 06:00:00+00:00,0.2333333333333333,0.40998264071341367,0.36829703959695215
2026-01-17 18:00:00+00:00,2026-01-17 19:00:00+00:00,2026-01-18 00:00:00,1,1,1,2026-01-17 07:00:00+00:00,0.01,0.0047881769746145626,0.3736853865525423
2026-01-17 18:00:00+00:00,2026-01-17 20:00:00+00:00,2026-01-18 01:00:00,1,2,1,2026-01-17 08:00:00+00:00,0.01,0.00444864581915452,0.3736853865525423
2026-01-17 18:00:00+00:00,2026-01-17 21:00:00+00:00,2026-01-18 02:00:00,1,3,1,2026-01-17 09:00:00+00:00,0.01,0.01315575728301839,0.3736853865525423
2026-01-17 18:00:00+00:00,2026-01-17 22:00:00+00:00,2026-01-18 03:00:00,1,4,1,2026-01-17 10:00:00+00:00,0.01,0.009591626839639511,0.3736853865525423
2026-01-17 18:00:00+00:00,2026-01-17 23:00:00+00:00,2026-01-18 04:00:00,1,5,1,2026-01-17 11:00:00+00:00,0.01,0.009660985133025138,0.3736853865525423
2026-01-17 18:00:00+00:00,2026-01-18 00:00:00+00:00,2026-01-18 05:00:00,1,6,1,2026-01-17 12:00:00+00:00,0.01,0.007865854738934247,0.3736853865525423
2026-01-17 18:00:00+00:00,2026-01-18 01:00:00+00:00,2026-01-18 06:00:00,1,7,1,2026-01-17 13:00:00+00:00,0.013333333333333334,0.0026472707430693137,0.3736853865525423
2026-01-17 18:00:00+00:00,2026-01-18 02:00:00+00:00,2026-01-18 07:00:00,1,8,1,2026-01-17 14:00:00+00:00,0.01,0.01106435693765714,0.3736853865525423
2026-01-17 18:00:00+00:00,2026-01-18 03:00:00+00:00,2026-01-18 08:00:00,1,9,1,2026-01-17 15:00:00+00:00,0.011666666666666667,0.015812363959459647,0.3736853865525423
2026-01-17 18:00:00+00:00,2026-01-18 04:00:00+00:00,2026-01-18 09:00:00,1,10,1,2026-01-17 16:00:00+00:00,0.09666666666666668,0.017965229596416388,0.3736853865525423
2026-01-17 18:00:00+00:00,2026-01-18 05:00:00+00:00,2026-01-18 10:00:00,1,11,1,2026-01-17 17:00:00+00:00,0.051666666666666666,0.012585027449452429,0.3736853865525423
2026-01-17 18:00:00+00:00,2026-01-18 06:00:00+00:00,2026-01-18 11:00:00,1,12,1,2026-01-17 18:00:00+00:00,0.15333333333333335,0.025545815665956775,0.3736853865525423
2026-01-17 18:00:00+00:00,2026-01-18 07:00:00+00:00,2026-01-18 12:00:00,1,13,2,2026-01-16 19:00:00+00:00,0.2333333333333333,0.049103391836227944,0.3736853865525423
2026-01-17 18:00:00+00:00,2026-01-18 08:00:00+00:00,2026-01-18 13:00:00,1,14,2,2026-01-16 20:00:00+00:00,0.3516666666666666,0.12402003606294988,0.3736853865525423
2026-01-17 18:00:00+00:00,2026-01-18 09:00:00+00:00,2026-01-18 14:00:00,1,15,2,2026-01-16 21:00:00+00:00,0.375,0.054506345048791656,0.3736853865525423
2026-01-17 18:00:00+00:00,2026-01-18 10:00:00+00:00,2026-01-18 15:00:00,1,16,2,2026-01-16 22:00:00+00:00,0.23166666666666666,0.13285724850662517,0.3736853865525423
2026-01-17 18:00:00+00:00,2026-01-18 11:00:00+00:00,2026-01-18 16:00:00,1,17,2,2026-01-16 23:00:00+00:00,0.16833333333333333,0.19020462291028095,0.3736853865525423
2026-01-17 18:00:00+00:00,2026-01-18 12:00:00+00:00,2026-01-18 17:00:00,1,18,2,2026-01-17 00:00:00+00:00,0.12,0.22530599063603876,0.3736853865525423
2026-01-17 18:00:00+00:00,2026-01-18 13:00:00+00:00,2026-01-18 18:00:00,1,19,2,2026-01-17 01:00:00+00:00,0.19166666666666665,0.2431285693143602,0.3736853865525423
2026-01-17 18:00:00+00:00,2026-01-18 14:00:00+00:00,2026-01-18 19:00:00,1,20,2,2026-01-17 02:00:00+00:00,0.20333333333333334,0.22174480602341948,0.3736853865525423
2026-01-17 18:00:00+00:00,2026-01-18 15:00:00+00:00,2026-01-18 20:00:00,1,21,2,2026-01-17 03:00:00+00:00,0.2916666666666667,0.16429886336850288,0.3736853865525423
2026-01-17 18:00:00+00:00,2026-01-18 16:00:00+00:00,2026-01-18 21:00:00,1,22,2,2026-01-17 04:00:00+00:00,0.3066666666666667,0.19681175206501775,0.3736853865525423
2026-01-17 18:00:00+00:00,2026-01-18 17:00:00+00:00,2026-01-18 22:00:00,1,23,2,2026-01-17 05:00:00+00:00,0.31666666666666665,0.2285264011610826,0.3736853865525423
2026-01-17 18:00:00+00:00,2026-01-18 18:00:00+00:00,2026-01-18 23:00:00,1,24,2,2026-01-17 06:00:00+00:00,0.225,0.2739337464124085,0.3736853865525423
2026-01-17 18:00:00+00:00,2026-01-18 19:00:00+00:00,2026-01-19 00:00:00,1,25,2,2026-01-17 07:00:00+00:00,0.3566666666666667,0.38987704404467577,0.3736853865525423
2026-01-17 18:00:00+00:00,2026-01-18 20:00:00+00:00,2026-01-19 01:00:00,1,26,2,2026-01-17 08:00:00+00:00,0.6150000000000001,0.5047197791790526,0.3736853865525423
2026-01-17 18:00:00+00:00,2026-01-18 21:00:00+00:00,2026-01-19 02:00:00,1,27,2,2026-01-17 09:00:00+00:00,0.535,0.7042619293531469,0.3736853865525423
2026-01-17 18:00:00+00:00,2026-01-18 22:00:00+00:00,2026-01-19 03:00:00,1,28,2,2026-01-17 10:00:00+00:00,0.39166666666666666,0.7893813071684612,0.3736853865525423
2026-01-17 18:00:00+00:00,2026-01-18 23:00:00+00:00,2026-01-19 04:00:00,1,29,2,2026-01-17 11:00:00+00:00,0.3383333333333333,0.8050135828259484,0.3736853865525423
2026-01-17 18:00:00+00:00,2026-01-19 00:00:00+00:00,2026-01-19 05:00:00,1,30,2,2026-01-17 12:00:00+00:00,0.47,0.6946754623034275,0.3736853865525423
2026-01-17 18:00:00+00:00,2026-01-19 01:00:00+00:00,2026-01-19 06:00:00,1,31,2,2026-01-17 13:00:00+00:00,0.34833333333333333,0.7493878496347521,0.3736853865525423
2026-01-17 18:00:00+00:00,2026-01-19 02:00:00+00:00,2026-01-19 07:00:00,1,32,2,2026-01-17 14:00:00+00:00,0.135,0.7681524119758351,0.3736853865525423
2026-01-17 18:00:00+00:00,2026-01-19 03:00:00+00:00,2026-01-19 08:00:00,1,33,2,2026-01-17 15:00:00+00:00,0.26666666666666666,0.7878082580245439,0.3736853865525423
2026-01-17 18:00:00+00:00,2026-01-19 04:00:00+00:00,2026-01-19 09:00:00,1,34,2,2026-01-17 16:00:00+00:00,0.315,0.7943023803649357,0.3736853865525423
2026-01-17 18:00:00+00:00,2026-01-19 05:00:00+00:00,2026-01-19 10:00:00,1,35,2,2026-01-17 17:00:00+00:00,0.33166666666666667,0.7870261889153678,0.3736853865525423
2026-01-17 18:00:00+00:00,2026-01-19 06:00:00+00:00,2026-01-19 11:00:00,1,36,2,2026-01-17 18:00:00+00:00,0.2866666666666667,0.6849703142160664,0.3736853865525423
2026-01-17 18:00:00+00:00,2026-01-19 07:00:00+00:00,2026-01-19 12:00:00,1,37,3,2026-01-16 19:00:00+00:00,0.36999999999999994,0.82605709281048,0.3736853865525423
2026-01-17 18:00:00+00:00,2026-01-19 08:00:00+00:00,2026-01-19 13:00:00,1,38,3,2026-01-16 20:00:00+00:00,0.3566666666666667,0.732599868473073,0.3736853865525423
2026-01-17 18:00:00+00:00,2026-01-19 09:00:00+00:00,2026-01-19 14:00:00,1,39,3,2026-01-16 21:00:00+00:00,0.3133333333333333,0.5404273683480219,0.3736853865525423
2026-01-17 18:00:00+00:00,2026-01-19 10:00:00+00:00,2026-01-19 15:00:00,1,40,3,2026-01-16 22:00:00+00:00,0.28833333333333333,0.4616997356662775,0.3736853865525423
2026-01-17 18:00:00+00:00,2026-01-19 11:00:00+00:00,2026-01-19 16:00:00,1,41,3,2026-01-16 23:00:00+00:00,0.2633333333333333,0.3710228447706015,0.3736853865525423
2026-01-17 18:00:00+00:00,2026-01-19 12:00:00+00:00,2026-01-19 17:00:00,1,42,3,2026-01-17 00:00:00+00:00,0.22833333333333336,0.27625926821947416,0.3736853865525423
2026-01-17 18:00:00+00:00,2026-01-19 13:00:00+00:00,2026-01-19 18:00:00,1,43,3,2026-01-17 01:00:00+00:00,0.4216666666666667,0.0946561436684629,0.3736853865525423
2026-01-17 18:00:00+00:00,2026-01-19 14:00:00+00:00,2026-01-19 19:00:00,1,44,3,2026-01-17 02:00:00+00:00,0.36166666666666664,0.06473437903651116,0.3736853865525423
2026-01-17 18:00:00+00:00,2026-01-19 15:00:00+00:00,2026-01-19 20:00:00,1,45,3,2026-01-17 03:00:00+00:00,0.32666666666666666,0.0683177295833626,0.3736853865525423
2026-01-17 18:00:00+00:00,2026-01-19 16:00:00+00:00,2026-01-19 21:00:00,1,46,3,2026-01-17 04:00:00+00:00,0.03333333333333333,0.05612525810229288,0.3736853865525423
2026-01-17 18:00:00+00:00,2026-01-19 17:00:00+00:00,2026-01-19 22:00:00,1,47,3,2026-01-17 05:00:00+00:00,0.07,0.02961404068409887,0.3736853865525423
2026-01-17 18:00:00+00:00,2026-01-19 18:00:00+00:00,2026-01-19 23:00:00,1,48,3,2026-01-17 06:00:00+00:00,0.015,0.01769163394884828,0.3736853865525423
2026-01-17 18:00:00+00:00,2026-01-17 19:00:00+00:00,2026-01-18 00:00:00,2,1,1,2026-01-17 07:00:00+00:00,0.01,0.00330808622759495,0.36829703959695215
2026-01-17 18:00:00+00:00,2026-01-17 20:00:00+00:00,2026-01-18 01:00:00,2,2,1,2026-01-17 08:00:00+00:00,0.01,0.002968555072134907,0.36829703959695215
2026-01-17 18:00:00+00:00,2026-01-17 21:00:00+00:00,2026-01-18 02:00:00,2,3,1,2026-01-17 09:00:00+00:00,0.01,0.011675666535998774,0.36829703959695215
2026-01-17 18:00:00+00:00,2026-01-17 22:00:00+00:00,2026-01-18 03:00:00,2,4,1,2026-01-17 10:00:00+00:00,0.01,0.008111536092619897,0.36829703959695215
2026-01-17 18:00:00+00:00,2026-01-17 23:00:00+00:00,2026-01-18 04:00:00,2,5,1,2026-01-17 11:00:00+00:00,0.01,0.00818089438600552,0.36829703959695215
2026-01-17 18:00:00+00:00,2026-01-18 00:00:00+00:00,2026-01-18 05:00:00,2,6,1,2026-01-17 12:00:00+00:00,0.01,0.006385763991914642,0.36829703959695215
2026-01-17 18:00:00+00:00,2026-01-18 01:00:00+00:00,2026-01-18 06:00:00,2,7,1,2026-01-17 13:00:00+00:00,0.01,0.001167179996049702,0.36829703959695215
2026-01-17 18:00:00+00:00,2026-01-18 02:00:00+00:00,2026-01-18 07:00:00,2,8,1,2026-01-17 14:00:00+00:00,0.016666666666666666,0.009971260338525339,0.36829703959695215
2026-01-17 18:00:00+00:00,2026-01-18 03:00:00+00:00,2026-01-18 08:00:00,2,9,1,2026-01-17 15:00:00+00:00,0.011666666666666667,0.014479856148418756,0.36829703959695215
2026-01-17 18:00:00+00:00,2026-01-18 04:00:00+00:00,2026-01-18 09:00:00,2,10,1,2026-01-17 16:00:00+00:00,0.085,0.01724802599282905,0.36829703959695215
2026-01-17 18:00:00+00:00,2026-01-18 05:00:00+00:00,2026-01-18 10:00:00,2,11,1,2026-01-17 17:00:00+00:00,0.04666666666666667,0.014720861654342918,0.36829703959695215
2026-01-17 18:00:00+00:00,2026-01-18 06:00:00+00:00,2026-01-18 11:00:00,2,12,1,2026-01-17 18:00:00+00:00,0.14333333333333334,0.025702041181903904,0.36829703959695215
2026-01-17 18:00:00+00:00,2026-01-18 07:00:00+00:00,2026-01-18 12:00:00,2,13,2,2026-01-16 19:00:00+00:00,0.2383333333333333,0.05088493910004599,0.36829703959695215
2026-01-17 18:00:00+00:00,2026-01-18 08:00:00+00:00,2026-01-18 13:00:00,2,14,2,2026-01-16 20:00:00+00:00,0.38999999999999996,0.12580158332676797,0.36829703959695215
2026-01-17 18:00:00+00:00,2026-01-18 09:00:00+00:00,2026-01-18 14:00:00,2,15,2,2026-01-16 21:00:00+00:00,0.4383333333333333,0.054380508248001384,0.36829703959695215
2026-01-17 18:00:00+00:00,2026-01-18 10:00:00+00:00,2026-01-18 15:00:00,2,16,2,2026-01-16 22:00:00+00:00,0.25666666666666665,0.1327314117058349,0.36829703959695215
2026-01-17 18:00:00+00:00,2026-01-18 11:00:00+00:00,2026-01-18 16:00:00,2,17,2,2026-01-16 23:00:00+00:00,0.19499999999999998,0.1900787861094907,0.36829703959695215
2026-01-17 18:00:00+00:00,2026-01-18 12:00:00+00:00,2026-01-18 17:00:00,2,18,2,2026-01-17 00:00:00+00:00,0.12833333333333333,0.2237629863801369,0.36829703959695215
2026-01-17 18:00:00+00:00,2026-01-18 13:00:00+00:00,2026-01-18 18:00:00,2,19,2,2026-01-17 01:00:00+00:00,0.18666666666666668,0.24158556505845827,0.36829703959695215
2026-01-17 18:00:00+00:00,2026-01-18 14:00:00+00:00,2026-01-18 19:00:00,2,20,2,2026-01-17 02:00:00+00:00,0.18166666666666667,0.2202018017675176,0.36829703959695215
2026-01-17 18:00:00+00:00,2026-01-18 15:00:00+00:00,2026-01-18 20:00:00,2,21,2,2026-01-17 03:00:00+00:00,0.24166666666666667,0.16275585911260101,0.36829703959695215
2026-01-17 18:00:00+00:00,2026-01-18 16:00:00+00:00,2026-01-18 21:00:00,2,22,2,2026-01-17 04:00:00+00:00,0.25333333333333335,0.19526874780911588,0.36829703959695215
2026-01-17 18:00:00+00:00,2026-01-18 17:00:00+00:00,2026-01-18 22:00:00,2,23,2,2026-01-17 05:00:00+00:00,0.2916666666666667,0.22683960640896908,0.36829703959695215
2026-01-17 18:00:00+00:00,2026-01-18 18:00:00+00:00,2026-01-18 23:00:00,2,24,2,2026-01-17 06:00:00+00:00,0.2333333333333333,0.27224695166029506,0.36829703959695215
2026-01-17 18:00:00+00:00,2026-01-18 19:00:00+00:00,2026-01-19 00:00:00,2,25,2,2026-01-17 07:00:00+00:00,0.35000000000000003,0.38819024929256235,0.36829703959695215
2026-01-17 18:00:00+00:00,2026-01-18 20:00:00+00:00,2026-01-19 01:00:00,2,26,2,2026-01-17 08:00:00+00:00,0.505,0.5030329844269393,0.36829703959695215
2026-01-17 18:00:00+00:00,2026-01-18 21:00:00+00:00,2026-01-19 02:00:00,2,27,2,2026-01-17 09:00:00+00:00,0.5033333333333333,0.7024378823557569,0.36829703959695215
2026-01-17 18:00:00+00:00,2026-01-18 22:00:00+00:00,2026-01-19 03:00:00,2,28,2,2026-01-17 10:00:00+00:00,0.36999999999999994,0.787557260171071,0.36829703959695215
2026-01-17 18:00:00+00:00,2026-01-18 23:00:00+00:00,2026-01-19 04:00:00,2,29,2,2026-01-17 11:00:00+00:00,0.345,0.8031895358285581,0.36829703959695215
2026-01-17 18:00:00+00:00,2026-01-19 00:00:00+00:00,2026-01-19 05:00:00,2,30,2,2026-01-17 12:00:00+00:00,0.5033333333333333,0.6929886675513142,0.36829703959695215
2026-01-17 18:00:00+00:00,2026-01-19 01:00:00+00:00,2026-01-19 06:00:00,2,31,2,2026-01-17 13:00:00+00:00,0.33666666666666667,0.7477010548826388,0.36829703959695215
2026-01-17 18:00:00+00:00,2026-01-19 02:00:00+00:00,2026-01-19 07:00:00,2,32,2,2026-01-17 14:00:00+00:00,0.13666666666666666,0.766465617223722,0.36829703959695215
2026-01-17 18:00:00+00:00,2026-01-19 03:00:00+00:00,2026-01-19 08:00:00,2,33,2,2026-01-17 15:00:00+00:00,0.21333333333333335,0.7861214632724308,0.36829703959695215
2026-01-17 18:00:00+00:00,2026-01-19 04:00:00+00:00,2026-01-19 09:00:00,2,34,2,2026-01-17 16:00:00+00:00,0.3116666666666667,0.7938649077279015,0.36829703959695215
2026-01-17 18:00:00+00:00,2026-01-19 05:00:00+00:00,2026-01-19 10:00:00,2,35,2,2026-01-17 17:00:00+00:00,0.22666666666666668,0.7865887162783336,0.36829703959695215
2026-01-17 18:00:00+00:00,2026-01-19 06:00:00+00:00,2026-01-19 11:00:00,2,36,2,2026-01-17 18:00:00+00:00,0.3016666666666667,0.6842531106124792,0.36829703959695215
2026-01-17 18:00:00+00:00,2026-01-19 07:00:00+00:00,2026-01-19 12:00:00,2,37,3,2026-01-16 19:00:00+00:00,0.3333333333333333,0.8252687064014992,0.36829703959695215
2026-01-17 18:00:00+00:00,2026-01-19 08:00:00+00:00,2026-01-19 13:00:00,2,38,3,2026-01-16 20:00:00+00:00,0.2916666666666667,0.7318826648694856,0.36829703959695215
2026-01-17 18:00:00+00:00,2026-01-19 09:00:00+00:00,2026-01-19 14:00:00,2,39,3,2026-01-16 21:00:00+00:00,0.305,0.538604633125567,0.36829703959695215
2026-01-17 18:00:00+00:00,2026-01-19 10:00:00+00:00,2026-01-19 15:00:00,2,40,3,2026-01-16 22:00:00+00:00,0.27999999999999997,0.4607898880329156,0.36829703959695215
2026-01-17 18:00:00+00:00,2026-01-19 11:00:00+00:00,2026-01-19 16:00:00,2,41,3,2026-01-16 23:00:00+00:00,0.16833333333333333,0.3701129971372395,0.36829703959695215
2026-01-17 18:00:00+00:00,2026-01-19 12:00:00+00:00,2026-01-19 17:00:00,2,42,3,2026-01-17 00:00:00+00:00,0.30666666666666664,0.27534942058611217,0.36829703959695215
2026-01-17 18:00:00+00:00,2026-01-19 13:00:00+00:00,2026-01-19 18:00:00,2,43,3,2026-01-17 01:00:00+00:00,0.4816666666666667,0.09257636735237865,0.36829703959695215
2026-01-17 18:00:00+00:00,2026-01-19 14:00:00+00:00,2026-01-19 19:00:00,2,44,3,2026-01-17 02:00:00+00:00,0.295,0.05217695360554827,0.36829703959695215
2026-01-17 18:00:00+00:00,2026-01-19 15:00:00+00:00,2026-01-19 20:00:00,2,45,3,2026-01-17 03:00:00+00:00,0.24833333333333332,0.06490712273164095,0.36829703959695215
2026-01-17 18:00:00+00:00,2026-01-19 16:00:00+00:00,2026-01-19 21:00:00,2,46,3,2026-01-17 04:00:00+00:00,0.018333333333333333,0.05271465125057124,0.36829703959695215
2026-01-17 18:00:00+00:00,2026-01-19 17:00:00+00:00,2026-01-19 22:00:00,2,47,3,2026-01-17 05:00:00+00:00,0.06,0.028520944084967075,0.36829703959695215
2026-01-17 18:00:00+00:00,2026-01-19 18:00:00+00:00,2026-01-19 23:00:00,2,48,3,2026-01-17 06:00:00+00:00,0.02,0.016598537349716485,0.36829703959695215
2026-01-18 18:00:00+00:00,2026-01-18 19:00:00+00:00,2026-01-19 00:00:00,1,1,1,2026-01-18 07:00:00+00:00,0.3566666666666667,0.5104182557392782,0.3736853865525423
2026-01-18 18:00:00+00:00,2026-01-18 20:00:00+00:00,2026-01-19 01:00:00,1,2,1,2026-01-18 08:00:00+00:00,0.6150000000000001,0.563974782925128,0.3736853865525423
2026-01-18 18:00:00+00:00,2026-01-18 21:00:00+00:00,2026-01-19 02:00:00,1,3,1,2026-01-18 09:00:00+00:00,0.535,0.6887830326514335,0.3736853865525423
2026-01-18 18:00:00+00:00,2026-01-18 22:00:00+00:00,2026-01-19 03:00:00,1,4,1,2026-01-18 10:00:00+00:00,0.39166666666666666,0.6991382770764143,0.3736853865525423
2026-01-18 18:00:00+00:00,2026-01-18 23:00:00+00:00,2026-01-19 04:00:00,1,5,1,2026-01-18 11:00:00+00:00,0.3383333333333333,0.7834138060461694,0.3736853865525423
2026-01-18 18:00:00+00:00,2026-01-19 00:00:00+00:00,2026-01-19 05:00:00,1,6,1,2026-01-18 12:00:00+00:00,0.47,0.7852382950075678,0.3736853865525423
2026-01-18 18:00:00+00:00,2026-01-19 01:00:00+00:00,2026-01-19 06:00:00,1,7,1,2026-01-18 13:00:00+00:00,0.34833333333333333,0.784844501441152,0.3736853865525423
2026-01-18 18:00:00+00:00,2026-01-19 02:00:00+00:00,2026-01-19 07:00:00,1,8,1,2026-01-18 14:00:00+00:00,0.135,0.7845028550458086,0.3736853865525423
2026-01-18 18:00:00+00:00,2026-01-19 03:00:00+00:00,2026-01-19 08:00:00,1,9,1,2026-01-18 15:00:00+00:00,0.26666666666666666,0.7009806253472226,0.3736853865525423
2026-01-18 18:00:00+00:00,2026-01-19 04:00:00+00:00,2026-01-19 09:00:00,1,10,1,2026-01-18 16:00:00+00:00,0.315,0.7188874247919341,0.3736853865525423
2026-01-18 18:00:00+00:00,2026-01-19 05:00:00+00:00,2026-01-19 10:00:00,1,11,1,2026-01-18 17:00:00+00:00,0.33166666666666667,0.767335461984843,0.3736853865525423
2026-01-18 18:00:00+00:00,2026-01-19 06:00:00+00:00,2026-01-19 11:00:00,1,12,1,2026-01-18 18:00:00+00:00,0.2866666666666667,0.8455306891802281,0.3736853865525423
2026-01-18 18:00:00+00:00,2026-01-19 07:00:00+00:00,2026-01-19 12:00:00,1,13,2,2026-01-17 19:00:00+00:00,0.36999999999999994,0.6784234516327955,0.3736853865525423
2026-01-18 18:00:00+00:00,2026-01-19 08:00:00+00:00,2026-01-19 13:00:00,1,14,2,2026-01-17 20:00:00+00:00,0.3566666666666667,0.6081542489473216,0.3736853865525423
2026-01-18 18:00:00+00:00,2026-01-19 09:00:00+00:00,2026-01-19 14:00:00,1,15,2,2026-01-17 21:00:00+00:00,0.3133333333333333,0.48309935740035254,0.3736853865525423
2026-01-18 18:00:00+00:00,2026-01-19 10:00:00+00:00,2026-01-19 15:00:00,1,16,2,2026-01-17 22:00:00+00:00,0.28833333333333333,0.447735130246493,0.3736853865525423
2026-01-18 18:00:00+00:00,2026-01-19 11:00:00+00:00,2026-01-19 16:00:00,1,17,2,2026-01-17 23:00:00+00:00,0.2633333333333333,0.354033425361113,0.3736853865525423
2026-01-18 18:00:00+00:00,2026-01-19 12:00:00+00:00,2026-01-19 17:00:00,1,18,2,2026-01-18 00:00:00+00:00,0.22833333333333336,0.3183800671126585,0.3736853865525423
2026-01-18 18:00:00+00:00,2026-01-19 13:00:00+00:00,2026-01-19 18:00:00,1,19,2,2026-01-18 01:00:00+00:00,0.4216666666666667,0.07601891761478374,0.3736853865525423
2026-01-18 18:00:00+00:00,2026-01-19 14:00:00+00:00,2026-01-19 19:00:00,1,20,2,2026-01-18 02:00:00+00:00,0.36166666666666664,0.06929853603776967,0.3736853865525423
2026-01-18 18:00:00+00:00,2026-01-19 15:00:00+00:00,2026-01-19 20:00:00,1,21,2,2026-01-18 03:00:00+00:00,0.32666666666666666,0.03768309709650478,0.3736853865525423
2026-01-18 18:00:00+00:00,2026-01-19 16:00:00+00:00,2026-01-19 21:00:00,1,22,2,2026-01-18 04:00:00+00:00,0.03333333333333333,0.034087157883708356,0.3736853865525423
2026-01-18 18:00:00+00:00,2026-01-19 17:00:00+00:00,2026-01-19 22:00:00,1,23,2,2026-01-18 05:00:00+00:00,0.07,0.023917652769471248,0.3736853865525423
2026-01-18 18:00:00+00:00,2026-01-19 18:00:00+00:00,2026-01-19 23:00:00,1,24,2,2026-01-18 06:00:00+00:00,0.015,0.02719843692246237,0.3736853865525423
2026-01-18 18:00:00+00:00,2026-01-19 19:00:00+00:00,2026-01-20 00:00:00,1,25,2,2026-01-18 07:00:00+00:00,0.01,0.05622082794380765,0.3736853865525423
2026-01-18 18:00:00+00:00,2026-01-19 20:00:00+00:00,2026-01-20 01:00:00,1,26,2,2026-01-18 08:00:00+00:00,0.01,0.06044142521161639,0.3736853865525423
2026-01-18 18:00:00+00:00,2026-01-19 21:00:00+00:00,2026-01-20 02:00:00,1,27,2,2026-01-18 09:00:00+00:00,0.01,0.07453333356819936,0.3736853865525423
2026-01-18 18:00:00+00:00,2026-01-19 22:00:00+00:00,2026-01-20 03:00:00,1,28,2,2026-01-18 10:00:00+00:00,0.01,0.07853851781706107,0.3736853865525423
2026-01-18 18:00:00+00:00,2026-01-19 23:00:00+00:00,2026-01-20 04:00:00,1,29,2,2026-01-18 11:00:00+00:00,0.013333333333333334,0.06399799555629641,0.3736853865525423
2026-01-18 18:00:00+00:00,2026-01-20 00:00:00+00:00,2026-01-20 05:00:00,1,30,2,2026-01-18 12:00:00+00:00,0.10833333333333334,0.016238403724276165,0.3736853865525423
2026-01-18 18:00:00+00:00,2026-01-20 01:00:00+00:00,2026-01-20 06:00:00,1,31,2,2026-01-18 13:00:00+00:00,0.034999999999999996,0.023525039984269455,0.3736853865525423
2026-01-18 18:00:00+00:00,2026-01-20 02:00:00+00:00,2026-01-20 07:00:00,1,32,2,2026-01-18 14:00:00+00:00,0.01,0.002999981178030037,0.3736853865525423
2026-01-18 18:00:00+00:00,2026-01-20 03:00:00+00:00,2026-01-20 08:00:00,1,33,2,2026-01-18 15:00:00+00:00,0.01,0.004745091743457684,0.3736853865525423
2026-01-18 18:00:00+00:00,2026-01-20 04:00:00+00:00,2026-01-20 09:00:00,1,34,2,2026-01-18 16:00:00+00:00,0.01,0.07434413916041639,0.3736853865525423
2026-01-18 18:00:00+00:00,2026-01-20 05:00:00+00:00,2026-01-20 10:00:00,1,35,2,2026-01-18 17:00:00+00:00,0.018333333333333333,0.11110127102521057,0.3736853865525423
2026-01-18 18:00:00+00:00,2026-01-20 06:00:00+00:00,2026-01-20 11:00:00,1,36,2,2026-01-18 18:00:00+00:00,0.051666666666666666,0.021415094807793075,0.3736853865525423
2026-01-18 18:00:00+00:00,2026-01-20 07:00:00+00:00,2026-01-20 12:00:00,1,37,3,2026-01-17 19:00:00+00:00,0.018333333333333333,0.33656751545559577,0.3736853865525423
2026-01-18 18:00:00+00:00,2026-01-20 08:00:00+00:00,2026-01-20 13:00:00,1,38,3,2026-01-17 20:00:00+00:00,0.03,0.19455612959165966,0.3736853865525423
2026-01-18 18:00:00+00:00,2026-01-20 09:00:00+00:00,2026-01-20 14:00:00,1,39,3,2026-01-17 21:00:00+00:00,0.09333333333333334,0.05526966869925538,0.3736853865525423
2026-01-18 18:00:00+00:00,2026-01-20 10:00:00+00:00,2026-01-20 15:00:00,1,40,3,2026-01-17 22:00:00+00:00,0.034999999999999996,0.06924974859072239,0.3736853865525423
2026-01-18 18:00:00+00:00,2026-01-20 11:00:00+00:00,2026-01-20 16:00:00,1,41,3,2026-01-17 23:00:00+00:00,0.013333333333333334,0.08319780053702758,0.3736853865525423
2026-01-18 18:00:00+00:00,2026-01-20 12:00:00+00:00,2026-01-20 17:00:00,1,42,3,2026-01-18 00:00:00+00:00,0.01,0.04806876963980558,0.3736853865525423
2026-01-18 18:00:00+00:00,2026-01-20 13:00:00+00:00,2026-01-20 18:00:00,1,43,3,2026-01-18 01:00:00+00:00,0.01,0.03636086139145923,0.3736853865525423
2026-01-18 18:00:00+00:00,2026-01-20 14:00:00+00:00,2026-01-20 19:00:00,1,44,3,2026-01-18 02:00:00+00:00,0.01,0.037266757567285855,0.3736853865525423
2026-01-18 18:00:00+00:00,2026-01-20 15:00:00+00:00,2026-01-20 20:00:00,1,45,3,2026-01-18 03:00:00+00:00,0.01,0.04667862352720705,0.3736853865525423
2026-01-18 18:00:00+00:00,2026-01-20 16:00:00+00:00,2026-01-20 21:00:00,1,46,3,2026-01-18 04:00:00+00:00,0.01,0.09072203676813112,0.3736853865525423
2026-01-18 18:00:00+00:00,2026-01-20 17:00:00+00:00,2026-01-20 22:00:00,1,47,3,2026-01-18 05:00:00+00:00,0.041666666666666664,0.09716751442288242,0.3736853865525423
2026-01-18 18:00:00+00:00,2026-01-20 18:00:00+00:00,2026-01-20 23:00:00,1,48,3,2026-01-18 06:00:00+00:00,0.18333333333333335,0.05350003842698817,0.3736853865525423
2026-01-18 18:00:00+00:00,2026-01-18 19:00:00+00:00,2026-01-19 00:00:00,2,1,1,2026-01-18 07:00:00+00:00,0.35000000000000003,0.5087314609871649,0.36829703959695215
2026-01-18 18:00:00+00:00,2026-01-18 20:00:00+00:00,2026-01-19 01:00:00,2,2,1,2026-01-18 08:00:00+00:00,0.505,0.5622879881730147,0.36829703959695215
2026-01-18 18:00:00+00:00,2026-01-18 21:00:00+00:00,2026-01-19 02:00:00,2,3,1,2026-01-18 09:00:00+00:00,0.5033333333333333,0.6870962378993202,0.36829703959695215
2026-01-18 18:00:00+00:00,2026-01-18 22:00:00+00:00,2026-01-19 03:00:00,2,4,1,2026-01-18 10:00:00+00:00,0.36999999999999994,0.697451482324301,0.36829703959695215
2026-01-18 18:00:00+00:00,2026-01-18 23:00:00+00:00,2026-01-19 04:00:00,2,5,1,2026-01-18 11:00:00+00:00,0.345,0.7817270112940561,0.36829703959695215
2026-01-18 18:00:00+00:00,2026-01-19 00:00:00+00:00,2026-01-19 05:00:00,2,6,1,2026-01-18 12:00:00+00:00,0.5033333333333333,0.7835515002554545,0.36829703959695215
2026-01-18 18:00:00+00:00,2026-01-19 01:00:00+00:00,2026-01-19 06:00:00,2,7,1,2026-01-18 13:00:00+00:00,0.33666666666666667,0.7830204544437618,0.36829703959695215
2026-01-18 18:00:00+00:00,2026-01-19 02:00:00+00:00,2026-01-19 07:00:00,2,8,1,2026-01-18 14:00:00+00:00,0.13666666666666666,0.7826788080484186,0.36829703959695215
2026-01-18 18:00:00+00:00,2026-01-19 03:00:00+00:00,2026-01-19 08:00:00,2,9,1,2026-01-18 15:00:00+00:00,0.21333333333333335,0.6992938305951095,0.36829703959695215
2026-01-18 18:00:00+00:00,2026-01-19 04:00:00+00:00,2026-01-19 09:00:00,2,10,1,2026-01-18 16:00:00+00:00,0.3116666666666667,0.7184499521548999,0.36829703959695215
2026-01-18 18:00:00+00:00,2026-01-19 05:00:00+00:00,2026-01-19 10:00:00,2,11,1,2026-01-18 17:00:00+00:00,0.22666666666666668,0.7668979893478088,0.36829703959695215
2026-01-18 18:00:00+00:00,2026-01-19 06:00:00+00:00,2026-01-19 11:00:00,2,12,1,2026-01-18 18:00:00+00:00,0.3016666666666667,0.844676233331364,0.36829703959695215
2026-01-18 18:00:00+00:00,2026-01-19 07:00:00+00:00,2026-01-19 12:00:00,2,13,2,2026-01-17 19:00:00+00:00,0.3333333333333333,0.6777062480292083,0.36829703959695215
2026-01-18 18:00:00+00:00,2026-01-19 08:00:00+00:00,2026-01-19 13:00:00,2,14,2,2026-01-17 20:00:00+00:00,0.2916666666666667,0.6074370453437344,0.36829703959695215
2026-01-18 18:00:00+00:00,2026-01-19 09:00:00+00:00,2026-01-19 14:00:00,2,15,2,2026-01-17 21:00:00+00:00,0.305,0.4829735205995626,0.36829703959695215
2026-01-18 18:00:00+00:00,2026-01-19 10:00:00+00:00,2026-01-19 15:00:00,2,16,2,2026-01-17 22:00:00+00:00,0.27999999999999997,0.4459123950240382,0.36829703959695215
2026-01-18 18:00:00+00:00,2026-01-19 11:00:00+00:00,2026-01-19 16:00:00,2,17,2,2026-01-17 23:00:00+00:00,0.16833333333333333,0.3531235777277511,0.36829703959695215
2026-01-18 18:00:00+00:00,2026-01-19 12:00:00+00:00,2026-01-19 17:00:00,2,18,2,2026-01-18 00:00:00+00:00,0.30666666666666664,0.3174702194792966,0.36829703959695215
2026-01-18 18:00:00+00:00,2026-01-19 13:00:00+00:00,2026-01-19 18:00:00,2,19,2,2026-01-18 01:00:00+00:00,0.4816666666666667,0.07510906998142183,0.36829703959695215
2026-01-18 18:00:00+00:00,2026-01-19 14:00:00+00:00,2026-01-19 19:00:00,2,20,2,2026-01-18 02:00:00+00:00,0.295,0.0567411106068068,0.36829703959695215
2026-01-18 18:00:00+00:00,2026-01-19 15:00:00+00:00,2026-01-19 20:00:00,2,21,2,2026-01-18 03:00:00+00:00,0.24833333333333332,0.03593193854784356,0.36829703959695215
2026-01-18 18:00:00+00:00,2026-01-19 16:00:00+00:00,2026-01-19 21:00:00,2,22,2,2026-01-18 04:00:00+00:00,0.018333333333333333,0.032335999335047154,0.36829703959695215
2026-01-18 18:00:00+00:00,2026-01-19 17:00:00+00:00,2026-01-19 22:00:00,2,23,2,2026-01-18 05:00:00+00:00,0.06,0.022824556170339447,0.36829703959695215
2026-01-18 18:00:00+00:00,2026-01-19 18:00:00+00:00,2026-01-19 23:00:00,2,24,2,2026-01-18 06:00:00+00:00,0.02,0.02610534032333057,0.36829703959695215
2026-01-18 18:00:00+00:00,2026-01-19 19:00:00+00:00,2026-01-20 00:00:00,2,25,2,2026-01-18 07:00:00+00:00,0.01,0.05512773134467586,0.36829703959695215
2026-01-18 18:00:00+00:00,2026-01-19 20:00:00+00:00,2026-01-20 01:00:00,2,26,2,2026-01-18 08:00:00+00:00,0.01,0.05934832861248458,0.36829703959695215
2026-01-18 18:00:00+00:00,2026-01-19 21:00:00+00:00,2026-01-20 02:00:00,2,27,2,2026-01-18 09:00:00+00:00,0.008333333333333333,0.07149807839872835,0.36829703959695215
2026-01-18 18:00:00+00:00,2026-01-19 22:00:00+00:00,2026-01-20 03:00:00,2,28,2,2026-01-18 10:00:00+00:00,0.01,0.07550326264759004,0.36829703959695215
2026-01-18 18:00:00+00:00,2026-01-19 23:00:00+00:00,2026-01-20 04:00:00,2,29,2,2026-01-18 11:00:00+00:00,0.011666666666666667,0.06096274038682532,0.36829703959695215
2026-01-18 18:00:00+00:00,2026-01-20 00:00:00+00:00,2026-01-20 05:00:00,2,30,2,2026-01-18 12:00:00+00:00,0.075,0.012684006376343078,0.36829703959695215
2026-01-18 18:00:00+00:00,2026-01-20 01:00:00+00:00,2026-01-20 06:00:00,2,31,2,2026-01-18 13:00:00+00:00,0.02,0.019970642636336362,0.36829703959695215
2026-01-18 18:00:00+00:00,2026-01-20 02:00:00+00:00,2026-01-20 07:00:00,2,32,2,2026-01-18 14:00:00+00:00,0.01,0.0,0.36829703959695215
2026-01-18 18:00:00+00:00,2026-01-20 03:00:00+00:00,2026-01-20 08:00:00,2,33,2,2026-01-18 15:00:00+00:00,0.008333333333333333,0.003377286692132156,0.36829703959695215
2026-01-18 18:00:00+00:00,2026-01-20 04:00:00+00:00,2026-01-20 09:00:00,2,34,2,2026-01-18 16:00:00+00:00,0.008333333333333333,0.07453982314592196,0.36829703959695215
2026-01-18 18:00:00+00:00,2026-01-20 05:00:00+00:00,2026-01-20 10:00:00,2,35,2,2026-01-18 17:00:00+00:00,0.02,0.1103840674216232,0.36829703959695215
2026-01-18 18:00:00+00:00,2026-01-20 06:00:00+00:00,2026-01-20 11:00:00,2,36,2,2026-01-18 18:00:00+00:00,0.06,0.023550929012683557,0.36829703959695215
2026-01-18 18:00:00+00:00,2026-01-20 07:00:00+00:00,2026-01-20 12:00:00,2,37,3,2026-01-17 19:00:00+00:00,0.011666666666666667,0.33834906271941373,0.36829703959695215
2026-01-18 18:00:00+00:00,2026-01-20 08:00:00+00:00,2026-01-20 13:00:00,2,38,3,2026-01-17 20:00:00+00:00,0.03333333333333333,0.1963376768554777,0.36829703959695215
2026-01-18 18:00:00+00:00,2026-01-20 09:00:00+00:00,2026-01-20 14:00:00,2,39,3,2026-01-17 21:00:00+00:00,0.08333333333333333,0.055498118839537515,0.36829703959695215
2026-01-18 18:00:00+00:00,2026-01-20 10:00:00+00:00,2026-01-20 15:00:00,2,40,3,2026-01-17 22:00:00+00:00,0.04,0.06947819873100455,0.36829703959695215
2026-01-18 18:00:00+00:00,2026-01-20 11:00:00+00:00,2026-01-20 16:00:00,2,41,3,2026-01-17 23:00:00+00:00,0.016666666666666666,0.07513735459545018,0.36829703959695215
2026-01-18 18:00:00+00:00,2026-01-20 12:00:00+00:00,2026-01-20 17:00:00,2,42,3,2026-01-18 00:00:00+00:00,0.008333333333333333,0.04028978341316489,0.36829703959695215
2026-01-18 18:00:00+00:00,2026-01-20 13:00:00+00:00,2026-01-20 18:00:00,2,43,3,2026-01-18 01:00:00+00:00,0.01,0.028581875164818575,0.36829703959695215
2026-01-18 18:00:00+00:00,2026-01-20 14:00:00+00:00,2026-01-20 19:00:00,2,44,3,2026-01-18 02:00:00+00:00,0.01,0.03534794720374703,0.36829703959695215
2026-01-18 18:00:00+00:00,2026-01-20 15:00:00+00:00,2026-01-20 20:00:00,2,45,3,2026-01-18 03:00:00+00:00,0.01,0.045672700752761114,0.36829703959695215
2026-01-18 18:00:00+00:00,2026-01-20 16:00:00+00:00,2026-01-20 21:00:00,2,46,3,2026-01-18 04:00:00+00:00,0.01,0.08981218913476921,0.36829703959695215
2026-01-18 18:00:00+00:00,2026-01-20 17:00:00+00:00,2026-01-20 22:00:00,2,47,3,2026-01-18 05:00:00+00:00,0.034999999999999996,0.09611387629330904,0.36829703959695215
2026-01-18 18:00:00+00:00,2026-01-20 18:00:00+00:00,2026-01-20 23:00:00,2,48,3,2026-01-18 06:00:00+00:00,0.16,0.052446400297414764,0.36829703959695215
2026-01-19 18:00:00+00:00,2026-01-19 19:00:00+00:00,2026-01-20 00:00:00,1,1,1,2026-01-19 07:00:00+00:00,0.01,0.014409294957907923,0.3736853865525423
2026-01-19 18:00:00+00:00,2026-01-19 20:00:00+00:00,2026-01-20 01:00:00,1,2,1,2026-01-19 08:00:00+00:00,0.01,0.02309561060539638,0.3736853865525423
2026-01-19 18:00:00+00:00,2026-01-19 21:00:00+00:00,2026-01-20 02:00:00,1,3,1,2026-01-19 09:00:00+00:00,0.01,0.01843831408669592,0.3736853865525423
2026-01-19 18:00:00+00:00,2026-01-19 22:00:00+00:00,2026-01-20 03:00:00,1,4,1,2026-01-19 10:00:00+00:00,0.01,0.02165449697827724,0.3736853865525423
2026-01-19 18:00:00+00:00,2026-01-19 23:00:00+00:00,2026-01-20 04:00:00,1,5,1,2026-01-19 11:00:00+00:00,0.013333333333333334,0.08596964477638004,0.3736853865525423
2026-01-19 18:00:00+00:00,2026-01-20 00:00:00+00:00,2026-01-20 05:00:00,1,6,1,2026-01-19 12:00:00+00:00,0.10833333333333334,0.010607539705142796,0.3736853865525423
2026-01-19 18:00:00+00:00,2026-01-20 01:00:00+00:00,2026-01-20 06:00:00,1,7,1,2026-01-19 13:00:00+00:00,0.034999999999999996,0.0030986179921772277,0.3736853865525423
2026-01-19 18:00:00+00:00,2026-01-20 02:00:00+00:00,2026-01-20 07:00:00,1,8,1,2026-01-19 14:00:00+00:00,0.01,0.025937355594363536,0.3736853865525423
2026-01-19 18:00:00+00:00,2026-01-20 03:00:00+00:00,2026-01-20 08:00:00,1,9,1,2026-01-19 15:00:00+00:00,0.01,0.04476075358257893,0.3736853865525423
2026-01-19 18:00:00+00:00,2026-01-20 04:00:00+00:00,2026-01-20 09:00:00,1,10,1,2026-01-19 16:00:00+00:00,0.01,0.034716445944003846,0.3736853865525423
2026-01-19 18:00:00+00:00,2026-01-20 05:00:00+00:00,2026-01-20 10:00:00,1,11,1,2026-01-19 17:00:00+00:00,0.018333333333333333,0.0036121821391944505,0.3736853865525423
2026-01-19 18:00:00+00:00,2026-01-20 06:00:00+00:00,2026-01-20 11:00:00,1,12,1,2026-01-19 18:00:00+00:00,0.051666666666666666,0.013827379531467635,0.3736853865525423
2026-01-19 18:00:00+00:00,2026-01-20 07:00:00+00:00,2026-01-20 12:00:00,1,13,2,2026-01-18 19:00:00+00:00,0.018333333333333333,0.030567643085735032,0.3736853865525423
2026-01-19 18:00:00+00:00,2026-01-20 08:00:00+00:00,2026-01-20 13:00:00,1,14,2,2026-01-18 20:00:00+00:00,0.03,0.013423704012373762,0.3736853865525423
2026-01-19 18:00:00+00:00,2026-01-20 09:00:00+00:00,2026-01-20 14:00:00,1,15,2,2026-01-18 21:00:00+00:00,0.09333333333333334,0.017895896084919833,0.3736853865525423
2026-01-19 18:00:00+00:00,2026-01-20 10:00:00+00:00,2026-01-20 15:00:00,1,16,2,2026-01-18 22:00:00+00:00,0.034999999999999996,0.02049282244933045,0.3736853865525423
2026-01-19 18:00:00+00:00,2026-01-20 11:00:00+00:00,2026-01-20 16:00:00,1,17,2,2026-01-18 23:00:00+00:00,0.013333333333333334,0.033340684688792525,0.3736853865525423
2026-01-19 18:00:00+00:00,2026-01-20 12:00:00+00:00,2026-01-20 17:00:00,1,18,2,2026-01-19 00:00:00+00:00,0.01,0.03407166475385426,0.3736853865525423
2026-01-19 18:00:00+00:00,2026-01-20 13:00:00+00:00,2026-01-20 18:00:00,1,19,2,2026-01-19 01:00:00+00:00,0.01,0.019921605960883017,0.3736853865525423
2026-01-19 18:00:00+00:00,2026-01-20 14:00:00+00:00,2026-01-20 19:00:00,1,20,2,2026-01-19 02:00:00+00:00,0.01,0.023471504826484624,0.3736853865525423
2026-01-19 18:00:00+00:00,2026-01-20 15:00:00+00:00,2026-01-20 20:00:00,1,21,2,2026-01-19 03:00:00+00:00,0.01,0.027259135284730857,0.3736853865525423
2026-01-19 18:00:00+00:00,2026-01-20 16:00:00+00:00,2026-01-20 21:00:00,1,22,2,2026-01-19 04:00:00+00:00,0.01,0.045350745064278886,0.3736853865525423
2026-01-19 18:00:00+00:00,2026-01-20 17:00:00+00:00,2026-01-20 22:00:00,1,23,2,2026-01-19 05:00:00+00:00,0.041666666666666664,0.05548052579635355,0.3736853865525423
2026-01-19 18:00:00+00:00,2026-01-20 18:00:00+00:00,2026-01-20 23:00:00,1,24,2,2026-01-19 06:00:00+00:00,0.18333333333333335,0.349442386191343,0.3736853865525423
2026-01-19 18:00:00+00:00,2026-01-20 19:00:00+00:00,2026-01-21 00:00:00,1,25,2,2026-01-19 07:00:00+00:00,0.2733333333333333,0.4512193046036446,0.3736853865525423
2026-01-19 18:00:00+00:00,2026-01-20 20:00:00+00:00,2026-01-21 01:00:00,1,26,2,2026-01-19 08:00:00+00:00,0.26,0.603419570360573,0.3736853865525423
2026-01-19 18:00:00+00:00,2026-01-20 21:00:00+00:00,2026-01-21 02:00:00,1,27,2,2026-01-19 09:00:00+00:00,0.39166666666666666,0.7784535075399002,0.3736853865525423
2026-01-19 18:00:00+00:00,2026-01-20 22:00:00+00:00,2026-01-21 03:00:00,1,28,2,2026-01-19 10:00:00+00:00,0.6733333333333333,0.8387001056828105,0.3736853865525423
2026-01-19 18:00:00+00:00,2026-01-20 23:00:00+00:00,2026-01-21 04:00:00,1,29,2,2026-01-19 11:00:00+00:00,0.8016666666666667,0.8253013178309515,0.3736853865525423
2026-01-19 18:00:00+00:00,2026-01-21 00:00:00+00:00,2026-01-21 05:00:00,1,30,2,2026-01-19 12:00:00+00:00,0.9466666666666667,0.8169506887965141,0.3736853865525423
2026-01-19 18:00:00+00:00,2026-01-21 01:00:00+00:00,2026-01-21 06:00:00,1,31,2,2026-01-19 13:00:00+00:00,0.8866666666666667,0.8478183836859137,0.3736853865525423
2026-01-19 18:00:00+00:00,2026-01-21 02:00:00+00:00,2026-01-21 07:00:00,1,32,2,2026-01-19 14:00:00+00:00,0.9933333333333333,0.8478177183231776,0.3736853865525423
2026-01-19 18:00:00+00:00,2026-01-21 03:00:00+00:00,2026-01-21 08:00:00,1,33,2,2026-01-19 15:00:00+00:00,0.9899999999999999,0.8423504606755086,0.3736853865525423
2026-01-19 18:00:00+00:00,2026-01-21 04:00:00+00:00,2026-01-21 09:00:00,1,34,2,2026-01-19 16:00:00+00:00,0.9899999999999999,0.8148246362318046,0.3736853865525423
2026-01-19 18:00:00+00:00,2026-01-21 05:00:00+00:00,2026-01-21 10:00:00,1,35,2,2026-01-19 17:00:00+00:00,0.9466666666666667,0.8201646312051314,0.3736853865525423
2026-01-19 18:00:00+00:00,2026-01-21 06:00:00+00:00,2026-01-21 11:00:00,1,36,2,2026-01-19 18:00:00+00:00,0.9899999999999999,0.849707055580224,0.3736853865525423
2026-01-19 18:00:00+00:00,2026-01-21 07:00:00+00:00,2026-01-21 12:00:00,1,37,3,2026-01-18 19:00:00+00:00,0.9899999999999999,0.9537830454424829,0.3736853865525423
2026-01-19 18:00:00+00:00,2026-01-21 08:00:00+00:00,2026-01-21 13:00:00,1,38,3,2026-01-18 20:00:00+00:00,0.9883333333333333,0.9897369701296053,0.3736853865525423
2026-01-19 18:00:00+00:00,2026-01-21 09:00:00+00:00,2026-01-21 14:00:00,1,39,3,2026-01-18 21:00:00+00:00,0.9883333333333333,0.9381141767097022,0.3736853865525423
2026-01-19 18:00:00+00:00,2026-01-21 10:00:00+00:00,2026-01-21 15:00:00,1,40,3,2026-01-18 22:00:00+00:00,0.9583333333333334,0.9181681190073133,0.3736853865525423
2026-01-19 18:00:00+00:00,2026-01-21 11:00:00+00:00,2026-01-21 16:00:00,1,41,3,2026-01-18 23:00:00+00:00,0.9883333333333333,0.8758672111553183,0.3736853865525423
2026-01-19 18:00:00+00:00,2026-01-21 12:00:00+00:00,2026-01-21 17:00:00,1,42,3,2026-01-19 00:00:00+00:00,0.98,0.8551741672085482,0.3736853865525423
2026-01-19 18:00:00+00:00,2026-01-21 13:00:00+00:00,2026-01-21 18:00:00,1,43,3,2026-01-19 01:00:00+00:00,0.36166666666666664,0.8187896299186599,0.3736853865525423
2026-01-19 18:00:00+00:00,2026-01-21 14:00:00+00:00,2026-01-21 19:00:00,1,44,3,2026-01-19 02:00:00+00:00,0.06,0.8024839811300182,0.3736853865525423
2026-01-19 18:00:00+00:00,2026-01-21 15:00:00+00:00,2026-01-21 20:00:00,1,45,3,2026-01-19 03:00:00+00:00,0.21666666666666667,0.7897829938558738,0.3736853865525423
2026-01-19 18:00:00+00:00,2026-01-21 16:00:00+00:00,2026-01-21 21:00:00,1,46,3,2026-01-19 04:00:00+00:00,0.18666666666666668,0.7954632407303145,0.3736853865525423
2026-01-19 18:00:00+00:00,2026-01-21 17:00:00+00:00,2026-01-21 22:00:00,1,47,3,2026-01-19 05:00:00+00:00,0.17833333333333334,0.8514496727013573,0.3736853865525423
2026-01-19 18:00:00+00:00,2026-01-21 18:00:00+00:00,2026-01-21 23:00:00,1,48,3,2026-01-19 06:00:00+00:00,0.3283333333333333,0.8379757073522366,0.3736853865525423
2026-01-19 18:00:00+00:00,2026-01-19 19:00:00+00:00,2026-01-20 00:00:00,2,1,1,2026-01-19 07:00:00+00:00,0.01,0.013316198358776142,0.36829703959695215
2026-01-19 18:00:00+00:00,2026-01-19 20:00:00+00:00,2026-01-20 01:00:00,2,2,1,2026-01-19 08:00:00+00:00,0.01,0.022002514006264594,0.36829703959695215
2026-01-19 18:00:00+00:00,2026-01-19 21:00:00+00:00,2026-01-20 02:00:00,2,3,1,2026-01-19 09:00:00+00:00,0.008333333333333333,0.017345217487564117,0.36829703959695215
2026-01-19 18:00:00+00:00,2026-01-19 22:00:00+00:00,2026-01-20 03:00:00,2,4,1,2026-01-19 10:00:00+00:00,0.01,0.02056140037914545,0.36829703959695215
2026-01-19 18:00:00+00:00,2026-01-19 23:00:00+00:00,2026-01-20 04:00:00,2,5,1,2026-01-19 11:00:00+00:00,0.011666666666666667,0.08487654817724825,0.36829703959695215
2026-01-19 18:00:00+00:00,2026-01-20 00:00:00+00:00,2026-01-20 05:00:00,2,6,1,2026-01-19 12:00:00+00:00,0.075,0.007053142357209703,0.36829703959695215
2026-01-19 18:00:00+00:00,2026-01-20 01:00:00+00:00,2026-01-20 06:00:00,2,7,1,2026-01-19 13:00:00+00:00,0.02,0.0017308129408516993,0.36829703959695215
2026-01-19 18:00:00+00:00,2026-01-20 02:00:00+00:00,2026-01-20 07:00:00,2,8,1,2026-01-19 14:00:00+00:00,0.01,0.024883717464790147,0.36829703959695215
2026-01-19 18:00:00+00:00,2026-01-20 03:00:00+00:00,2026-01-20 08:00:00,2,9,1,2026-01-19 15:00:00+00:00,0.008333333333333333,0.042254422178681084,0.36829703959695215
2026-01-19 18:00:00+00:00,2026-01-20 04:00:00+00:00,2026-01-20 09:00:00,2,10,1,2026-01-19 16:00:00+00:00,0.008333333333333333,0.03215432961752024,0.36829703959695215
2026-01-19 18:00:00+00:00,2026-01-20 05:00:00+00:00,2026-01-20 10:00:00,2,11,1,2026-01-19 17:00:00+00:00,0.02,0.0008264984853722992,0.36829703959695215
2026-01-19 18:00:00+00:00,2026-01-20 06:00:00+00:00,2026-01-20 11:00:00,2,12,1,2026-01-19 18:00:00+00:00,0.06,0.012315400585160168,0.36829703959695215
2026-01-19 18:00:00+00:00,2026-01-20 07:00:00+00:00,2026-01-20 12:00:00,2,13,2,2026-01-18 19:00:00+00:00,0.011666666666666667,0.030723868601682146,0.36829703959695215
2026-01-19 18:00:00+00:00,2026-01-20 08:00:00+00:00,2026-01-20 13:00:00,2,14,2,2026-01-18 20:00:00+00:00,0.03333333333333333,0.012911475665496329,0.36829703959695215
2026-01-19 18:00:00+00:00,2026-01-20 09:00:00+00:00,2026-01-20 14:00:00,2,15,2,2026-01-18 21:00:00+00:00,0.08333333333333333,0.015975835169038947,0.36829703959695215
2026-01-19 18:00:00+00:00,2026-01-20 10:00:00+00:00,2026-01-20 15:00:00,2,16,2,2026-01-18 22:00:00+00:00,0.04,0.01857276153344958,0.36829703959695215
2026-01-19 18:00:00+00:00,2026-01-20 11:00:00+00:00,2026-01-20 16:00:00,2,17,2,2026-01-18 23:00:00+00:00,0.016666666666666666,0.03232286229715261,0.36829703959695215
2026-01-19 18:00:00+00:00,2026-01-20 12:00:00+00:00,2026-01-20 17:00:00,2,18,2,2026-01-19 00:00:00+00:00,0.008333333333333333,0.026011218812276887,0.36829703959695215
2026-01-19 18:00:00+00:00,2026-01-20 13:00:00+00:00,2026-01-20 18:00:00,2,19,2,2026-01-19 01:00:00+00:00,0.01,0.018001545045002145,0.36829703959695215
2026-01-19 18:00:00+00:00,2026-01-20 14:00:00+00:00,2026-01-20 19:00:00,2,20,2,2026-01-19 02:00:00+00:00,0.01,0.021737009355318197,0.36829703959695215
2026-01-19 18:00:00+00:00,2026-01-20 15:00:00+00:00,2026-01-20 20:00:00,2,21,2,2026-01-19 03:00:00+00:00,0.01,0.02533907436884997,0.36829703959695215
2026-01-19 18:00:00+00:00,2026-01-20 16:00:00+00:00,2026-01-20 21:00:00,2,22,2,2026-01-19 04:00:00+00:00,0.01,0.04321259236772987,0.36829703959695215
2026-01-19 18:00:00+00:00,2026-01-20 17:00:00+00:00,2026-01-20 22:00:00,2,23,2,2026-01-19 05:00:00+00:00,0.034999999999999996,0.05319983315593512,0.36829703959695215
2026-01-19 18:00:00+00:00,2026-01-20 18:00:00+00:00,2026-01-20 23:00:00,2,24,2,2026-01-19 06:00:00+00:00,0.16,0.3483887480617696,0.36829703959695215
2026-01-19 18:00:00+00:00,2026-01-20 19:00:00+00:00,2026-01-21 00:00:00,2,25,2,2026-01-19 07:00:00+00:00,0.26333333333333336,0.45016566647407125,0.36829703959695215
2026-01-19 18:00:00+00:00,2026-01-20 20:00:00+00:00,2026-01-21 01:00:00,2,26,2,2026-01-19 08:00:00+00:00,0.2966666666666667,0.6023659322309999,0.36829703959695215
2026-01-19 18:00:00+00:00,2026-01-20 21:00:00+00:00,2026-01-21 02:00:00,2,27,2,2026-01-19 09:00:00+00:00,0.44,0.7754594810297304,0.36829703959695215
2026-01-19 18:00:00+00:00,2026-01-20 22:00:00+00:00,2026-01-21 03:00:00,2,28,2,2026-01-19 10:00:00+00:00,0.6516666666666667,0.8345999130375059,0.36829703959695215
2026-01-19 18:00:00+00:00,2026-01-20 23:00:00+00:00,2026-01-21 04:00:00,2,29,2,2026-01-19 11:00:00+00:00,0.835,0.8212011251856469,0.36829703959695215
2026-01-19 18:00:00+00:00,2026-01-21 00:00:00+00:00,2026-01-21 05:00:00,2,30,2,2026-01-19 12:00:00+00:00,0.945,0.8131218869946228,0.36829703959695215
2026-01-19 18:00:00+00:00,2026-01-21 01:00:00+00:00,2026-01-21 06:00:00,2,31,2,2026-01-19 13:00:00+00:00,0.8866666666666667,0.8440556513239057,0.36829703959695215
2026-01-19 18:00:00+00:00,2026-01-21 02:00:00+00:00,2026-01-21 07:00:00,2,32,2,2026-01-19 14:00:00+00:00,0.9816666666666666,0.8437835951177564,0.36829703959695215
2026-01-19 18:00:00+00:00,2026-01-21 03:00:00+00:00,2026-01-21 08:00:00,2,33,2,2026-01-19 15:00:00+00:00,0.9866666666666667,0.838316337470087,0.36829703959695215
2026-01-19 18:00:00+00:00,2026-01-21 04:00:00+00:00,2026-01-21 09:00:00,2,34,2,2026-01-19 16:00:00+00:00,0.9899999999999999,0.810790513026383,0.36829703959695215
2026-01-19 18:00:00+00:00,2026-01-21 05:00:00+00:00,2026-01-21 10:00:00,2,35,2,2026-01-19 17:00:00+00:00,0.9333333333333332,0.8164018988431232,0.36829703959695215
2026-01-19 18:00:00+00:00,2026-01-21 06:00:00+00:00,2026-01-21 11:00:00,2,36,2,2026-01-19 18:00:00+00:00,0.9883333333333333,0.8459443232182158,0.36829703959695215
2026-01-19 18:00:00+00:00,2026-01-21 07:00:00+00:00,2026-01-21 12:00:00,2,37,3,2026-01-18 19:00:00+00:00,0.9899999999999999,0.9471387126180837,0.36829703959695215
2026-01-19 18:00:00+00:00,2026-01-21 08:00:00+00:00,2026-01-21 13:00:00,2,38,3,2026-01-18 20:00:00+00:00,0.9899999999999999,0.9822091994050941,0.36829703959695215
2026-01-19 18:00:00+00:00,2026-01-21 09:00:00+00:00,2026-01-21 14:00:00,2,39,3,2026-01-18 21:00:00+00:00,0.9866666666666667,0.9351927578903502,0.36829703959695215
2026-01-19 18:00:00+00:00,2026-01-21 10:00:00+00:00,2026-01-21 15:00:00,2,40,3,2026-01-18 22:00:00+00:00,0.975,0.9171870885685577,0.36829703959695215
2026-01-19 18:00:00+00:00,2026-01-21 11:00:00+00:00,2026-01-21 16:00:00,2,41,3,2026-01-18 23:00:00+00:00,0.985,0.872879722896083,0.36829703959695215
2026-01-19 18:00:00+00:00,2026-01-21 12:00:00+00:00,2026-01-21 17:00:00,2,42,3,2026-01-19 00:00:00+00:00,0.9866666666666667,0.8541270673299095,0.36829703959695215
2026-01-19 18:00:00+00:00,2026-01-21 13:00:00+00:00,2026-01-21 18:00:00,2,43,3,2026-01-19 01:00:00+00:00,0.2816666666666667,0.8177425300400212,0.36829703959695215
2026-01-19 18:00:00+00:00,2026-01-21 14:00:00+00:00,2026-01-21 19:00:00,2,44,3,2026-01-19 02:00:00+00:00,0.05333333333333334,0.7994964928707828,0.36829703959695215
2026-01-19 18:00:00+00:00,2026-01-21 15:00:00+00:00,2026-01-21 20:00:00,2,45,3,2026-01-19 03:00:00+00:00,0.17166666666666666,0.7867955055966382,0.36829703959695215
2026-01-19 18:00:00+00:00,2026-01-21 16:00:00+00:00,2026-01-21 21:00:00,2,46,3,2026-01-19 04:00:00+00:00,0.19999999999999998,0.7924757524710789,0.36829703959695215
2026-01-19 18:00:00+00:00,2026-01-21 17:00:00+00:00,2026-01-21 22:00:00,2,47,3,2026-01-19 05:00:00+00:00,0.15833333333333333,0.8483183939459106,0.36829703959695215
2026-01-19 18:00:00+00:00,2026-01-21 18:00:00+00:00,2026-01-21 23:00:00,2,48,3,2026-01-19 06:00:00+00:00,0.315,0.8367848169773865,0.36829703959695215
2026-01-20 18:00:00+00:00,2026-01-20 19:00:00+00:00,2026-01-21 00:00:00,1,1,1,2026-01-20 07:00:00+00:00,0.2733333333333333,0.6614837247106545,0.3736853865525423
2026-01-20 18:00:00+00:00,2026-01-20 20:00:00+00:00,2026-01-21 01:00:00,1,2,1,2026-01-20 08:00:00+00:00,0.26,0.6727662726570091,0.3736853865525423
2026-01-20 18:00:00+00:00,2026-01-20 21:00:00+00:00,2026-01-21 02:00:00,1,3,1,2026-01-20 09:00:00+00:00,0.39166666666666666,0.7448543099631897,0.3736853865525423
2026-01-20 18:00:00+00:00,2026-01-20 22:00:00+00:00,2026-01-21 03:00:00,1,4,1,2026-01-20 10:00:00+00:00,0.6733333333333333,0.7651382619188564,0.3736853865525423
2026-01-20 18:00:00+00:00,2026-01-20 23:00:00+00:00,2026-01-21 04:00:00,1,5,1,2026-01-20 11:00:00+00:00,0.8016666666666667,0.771780794965285,0.3736853865525423
2026-01-20 18:00:00+00:00,2026-01-21 00:00:00+00:00,2026-01-21 05:00:00,1,6,1,2026-01-20 12:00:00+00:00,0.9466666666666667,0.8325661273797877,0.3736853865525423
2026-01-20 18:00:00+00:00,2026-01-21 01:00:00+00:00,2026-01-21 06:00:00,1,7,1,2026-01-20 13:00:00+00:00,0.8866666666666667,0.8337577537485013,0.3736853865525423
2026-01-20 18:00:00+00:00,2026-01-21 02:00:00+00:00,2026-01-21 07:00:00,1,8,1,2026-01-20 14:00:00+00:00,0.9933333333333333,0.8388817103774011,0.3736853865525423
2026-01-20 18:00:00+00:00,2026-01-21 03:00:00+00:00,2026-01-21 08:00:00,1,9,1,2026-01-20 15:00:00+00:00,0.9899999999999999,0.8355700840126623,0.3736853865525423
2026-01-20 18:00:00+00:00,2026-01-21 04:00:00+00:00,2026-01-21 09:00:00,1,10,1,2026-01-20 16:00:00+00:00,0.9899999999999999,0.8153199287274027,0.3736853865525423
2026-01-20 18:00:00+00:00,2026-01-21 05:00:00+00:00,2026-01-21 10:00:00,1,11,1,2026-01-20 17:00:00+00:00,0.9466666666666667,0.8279478317418396,0.3736853865525423
2026-01-20 18:00:00+00:00,2026-01-21 06:00:00+00:00,2026-01-21 11:00:00,1,12,1,2026-01-20 18:00:00+00:00,0.9899999999999999,0.8556234046440592,0.3736853865525423
2026-01-20 18:00:00+00:00,2026-01-21 07:00:00+00:00,2026-01-21 12:00:00,1,13,2,2026-01-19 19:00:00+00:00,0.9899999999999999,0.8598207418195036,0.3736853865525423
2026-01-20 18:00:00+00:00,2026-01-21 08:00:00+00:00,2026-01-21 13:00:00,1,14,2,2026-01-19 20:00:00+00:00,0.9883333333333333,0.8665488856698789,0.3736853865525423
2026-01-20 18:00:00+00:00,2026-01-21 09:00:00+00:00,2026-01-21 14:00:00,1,15,2,2026-01-19 21:00:00+00:00,0.9883333333333333,0.8851226355972714,0.3736853865525423
2026-01-20 18:00:00+00:00,2026-01-21 10:00:00+00:00,2026-01-21 15:00:00,1,16,2,2026-01-19 22:00:00+00:00,0.9583333333333334,0.8428727217965115,0.3736853865525423
2026-01-20 18:00:00+00:00,2026-01-21 11:00:00+00:00,2026-01-21 16:00:00,1,17,2,2026-01-19 23:00:00+00:00,0.9883333333333333,0.8202780222192508,0.3736853865525423
2026-01-20 18:00:00+00:00,2026-01-21 12:00:00+00:00,2026-01-21 17:00:00,1,18,2,2026-01-20 00:00:00+00:00,0.98,0.8324344270319697,0.3736853865525423
2026-01-20 18:00:00+00:00,2026-01-21 13:00:00+00:00,2026-01-21 18:00:00,1,19,2,2026-01-20 01:00:00+00:00,0.36166666666666664,0.7154479013089869,0.3736853865525423
2026-01-20 18:00:00+00:00,2026-01-21 14:00:00+00:00,2026-01-21 19:00:00,1,20,2,2026-01-20 02:00:00+00:00,0.06,0.7899052073870468,0.3736853865525423
2026-01-20 18:00:00+00:00,2026-01-21 15:00:00+00:00,2026-01-21 20:00:00,1,21,2,2026-01-20 03:00:00+00:00,0.21666666666666667,0.8052024221098931,0.3736853865525423
2026-01-20 18:00:00+00:00,2026-01-21 16:00:00+00:00,2026-01-21 21:00:00,1,22,2,2026-01-20 04:00:00+00:00,0.18666666666666668,0.8048201503572919,0.3736853865525423
2026-01-20 18:00:00+00:00,2026-01-21 17:00:00+00:00,2026-01-21 22:00:00,1,23,2,2026-01-20 05:00:00+00:00,0.17833333333333334,0.8029613176489928,0.3736853865525423
2026-01-20 18:00:00+00:00,2026-01-21 18:00:00+00:00,2026-01-21 23:00:00,1,24,2,2026-01-20 06:00:00+00:00,0.3283333333333333,0.8259076063724039,0.3736853865525423
2026-01-20 18:00:00+00:00,2026-01-21 19:00:00+00:00,2026-01-22 00:00:00,1,25,2,2026-01-20 07:00:00+00:00,0.44,0.8289887186681711,0.3736853865525423
2026-01-20 18:00:00+00:00,2026-01-21 20:00:00+00:00,2026-01-22 01:00:00,1,26,2,2026-01-20 08:00:00+00:00,0.5483333333333333,0.8162686410160763,0.3736853865525423
2026-01-20 18:00:00+00:00,2026-01-21 21:00:00+00:00,2026-01-22 02:00:00,1,27,2,2026-01-20 09:00:00+00:00,0.3983333333333334,0.759630656258823,0.3736853865525423
2026-01-20 18:00:00+00:00,2026-01-21 22:00:00+00:00,2026-01-22 03:00:00,1,28,2,2026-01-20 10:00:00+00:00,0.4566666666666667,0.12082550369527327,0.3736853865525423
2026-01-20 18:00:00+00:00,2026-01-21 23:00:00+00:00,2026-01-22 04:00:00,1,29,2,2026-01-20 11:00:00+00:00,0.27499999999999997,0.04064160813949929,0.3736853865525423
2026-01-20 18:00:00+00:00,2026-01-22 00:00:00+00:00,2026-01-22 05:00:00,1,30,2,2026-01-20 12:00:00+00:00,0.43166666666666664,0.14599125261830895,0.3736853865525423
2026-01-20 18:00:00+00:00,2026-01-22 01:00:00+00:00,2026-01-22 06:00:00,1,31,2,2026-01-20 13:00:00+00:00,0.09499999999999999,0.016037275664989553,0.3736853865525423
2026-01-20 18:00:00+00:00,2026-01-22 02:00:00+00:00,2026-01-22 07:00:00,1,32,2,2026-01-20 14:00:00+00:00,0.03333333333333333,0.0032615455020037136,0.3736853865525423
2026-01-20 18:00:00+00:00,2026-01-22 03:00:00+00:00,2026-01-22 08:00:00,1,33,2,2026-01-20 15:00:00+00:00,0.01,0.29722817157502984,0.3736853865525423
2026-01-20 18:00:00+00:00,2026-01-22 04:00:00+00:00,2026-01-22 09:00:00,1,34,2,2026-01-20 16:00:00+00:00,0.03333333333333333,0.4891980579578398,0.3736853865525423
2026-01-20 18:00:00+00:00,2026-01-22 05:00:00+00:00,2026-01-22 10:00:00,1,35,2,2026-01-20 17:00:00+00:00,0.016666666666666666,0.10034381511576669,0.3736853865525423
2026-01-20 18:00:00+00:00,2026-01-22 06:00:00+00:00,2026-01-22 11:00:00,1,36,2,2026-01-20 18:00:00+00:00,0.011666666666666667,0.4688058474288785,0.3736853865525423
2026-01-20 18:00:00+00:00,2026-01-22 07:00:00+00:00,2026-01-22 12:00:00,1,37,3,2026-01-19 19:00:00+00:00,0.01,0.21105028653536445,0.3736853865525423
2026-01-20 18:00:00+00:00,2026-01-22 08:00:00+00:00,2026-01-22 13:00:00,1,38,3,2026-01-19 20:00:00+00:00,0.15666666666666665,0.20079546816278596,0.3736853865525423
2026-01-20 18:00:00+00:00,2026-01-22 09:00:00+00:00,2026-01-22 14:00:00,1,39,3,2026-01-19 21:00:00+00:00,0.32,0.1798885622348878,0.3736853865525423
2026-01-20 18:00:00+00:00,2026-01-22 10:00:00+00:00,2026-01-22 15:00:00,1,40,3,2026-01-19 22:00:00+00:00,0.3016666666666667,0.24382868444596642,0.3736853865525423
2026-01-20 18:00:00+00:00,2026-01-22 11:00:00+00:00,2026-01-22 16:00:00,1,41,3,2026-01-19 23:00:00+00:00,0.5083333333333333,0.6195679099005793,0.3736853865525423
2026-01-20 18:00:00+00:00,2026-01-22 12:00:00+00:00,2026-01-22 17:00:00,1,42,3,2026-01-20 00:00:00+00:00,0.4716666666666667,0.5331480392455715,0.3736853865525423
2026-01-20 18:00:00+00:00,2026-01-22 13:00:00+00:00,2026-01-22 18:00:00,1,43,3,2026-01-20 01:00:00+00:00,0.45166666666666666,0.7497158656903036,0.3736853865525423
2026-01-20 18:00:00+00:00,2026-01-22 14:00:00+00:00,2026-01-22 19:00:00,1,44,3,2026-01-20 02:00:00+00:00,0.7066666666666667,0.8949279728126975,0.3736853865525423
2026-01-20 18:00:00+00:00,2026-01-22 15:00:00+00:00,2026-01-22 20:00:00,1,45,3,2026-01-20 03:00:00+00:00,0.7583333333333333,0.8991935356098408,0.3736853865525423
2026-01-20 18:00:00+00:00,2026-01-22 16:00:00+00:00,2026-01-22 21:00:00,1,46,3,2026-01-20 04:00:00+00:00,0.6983333333333333,0.9136627935785709,0.3736853865525423
2026-01-20 18:00:00+00:00,2026-01-22 17:00:00+00:00,2026-01-22 22:00:00,1,47,3,2026-01-20 05:00:00+00:00,0.9700000000000001,0.9071253278333126,0.3736853865525423
2026-01-20 18:00:00+00:00,2026-01-22 18:00:00+00:00,2026-01-22 23:00:00,1,48,3,2026-01-20 06:00:00+00:00,0.9883333333333333,0.8546941747224873,0.3736853865525423
2026-01-20 18:00:00+00:00,2026-01-20 19:00:00+00:00,2026-01-21 00:00:00,2,1,1,2026-01-20 07:00:00+00:00,0.26333333333333336,0.6604300865810814,0.36829703959695215
2026-01-20 18:00:00+00:00,2026-01-20 20:00:00+00:00,2026-01-21 01:00:00,2,2,1,2026-01-20 08:00:00+00:00,0.2966666666666667,0.6697722461468393,0.36829703959695215
2026-01-20 18:00:00+00:00,2026-01-20 21:00:00+00:00,2026-01-21 02:00:00,2,3,1,2026-01-20 09:00:00+00:00,0.44,0.7417230312077427,0.36829703959695215
2026-01-20 18:00:00+00:00,2026-01-20 22:00:00+00:00,2026-01-21 03:00:00,2,4,1,2026-01-20 10:00:00+00:00,0.6516666666666667,0.7610380692735518,0.36829703959695215
2026-01-20 18:00:00+00:00,2026-01-20 23:00:00+00:00,2026-01-21 04:00:00,2,5,1,2026-01-20 11:00:00+00:00,0.835,0.7676806023199804,0.36829703959695215
2026-01-20 18:00:00+00:00,2026-01-21 00:00:00+00:00,2026-01-21 05:00:00,2,6,1,2026-01-20 12:00:00+00:00,0.945,0.8284659347344832,0.36829703959695215
2026-01-20 18:00:00+00:00,2026-01-21 01:00:00+00:00,2026-01-21 06:00:00,2,7,1,2026-01-20 13:00:00+00:00,0.8866666666666667,0.8299950213864933,0.36829703959695215
2026-01-20 18:00:00+00:00,2026-01-21 02:00:00+00:00,2026-01-21 07:00:00,2,8,1,2026-01-20 14:00:00+00:00,0.9816666666666666,0.8351189780153931,0.36829703959695215
2026-01-20 18:00:00+00:00,2026-01-21 03:00:00+00:00,2026-01-21 08:00:00,2,9,1,2026-01-20 15:00:00+00:00,0.9866666666666667,0.8318073516506539,0.36829703959695215
2026-01-20 18:00:00+00:00,2026-01-21 04:00:00+00:00,2026-01-21 09:00:00,2,10,1,2026-01-20 16:00:00+00:00,0.9899999999999999,0.8115571963653945,0.36829703959695215
2026-01-20 18:00:00+00:00,2026-01-21 05:00:00+00:00,2026-01-21 10:00:00,2,11,1,2026-01-20 17:00:00+00:00,0.9333333333333332,0.8241850993798314,0.36829703959695215
2026-01-20 18:00:00+00:00,2026-01-21 06:00:00+00:00,2026-01-21 11:00:00,2,12,1,2026-01-20 18:00:00+00:00,0.9883333333333333,0.851975400606626,0.36829703959695215
2026-01-20 18:00:00+00:00,2026-01-21 07:00:00+00:00,2026-01-21 12:00:00,2,13,2,2026-01-19 19:00:00+00:00,0.9899999999999999,0.8582762454624322,0.36829703959695215
2026-01-20 18:00:00+00:00,2026-01-21 08:00:00+00:00,2026-01-21 13:00:00,2,14,2,2026-01-19 20:00:00+00:00,0.9899999999999999,0.8650043893128074,0.36829703959695215
2026-01-20 18:00:00+00:00,2026-01-21 09:00:00+00:00,2026-01-21 14:00:00,2,15,2,2026-01-19 21:00:00+00:00,0.9866666666666667,0.8824726076213325,0.36829703959695215
2026-01-20 18:00:00+00:00,2026-01-21 10:00:00+00:00,2026-01-21 15:00:00,2,16,2,2026-01-19 22:00:00+00:00,0.975,0.8421630822011692,0.36829703959695215
2026-01-20 18:00:00+00:00,2026-01-21 11:00:00+00:00,2026-01-21 16:00:00,2,17,2,2026-01-19 23:00:00+00:00,0.985,0.8192309223406119,0.36829703959695215
2026-01-20 18:00:00+00:00,2026-01-21 12:00:00+00:00,2026-01-21 17:00:00,2,18,2,2026-01-20 00:00:00+00:00,0.9866666666666667,0.8292443235264078,0.36829703959695215
2026-01-20 18:00:00+00:00,2026-01-21 13:00:00+00:00,2026-01-21 18:00:00,2,19,2,2026-01-20 01:00:00+00:00,0.2816666666666667,0.7125976652950283,0.36829703959695215
2026-01-20 18:00:00+00:00,2026-01-21 14:00:00+00:00,2026-01-21 19:00:00,2,20,2,2026-01-20 02:00:00+00:00,0.05333333333333334,0.7869177191278115,0.36829703959695215
2026-01-20 18:00:00+00:00,2026-01-21 15:00:00+00:00,2026-01-21 20:00:00,2,21,2,2026-01-20 03:00:00+00:00,0.17166666666666666,0.8022149338506578,0.36829703959695215
2026-01-20 18:00:00+00:00,2026-01-21 16:00:00+00:00,2026-01-21 21:00:00,2,22,2,2026-01-20 04:00:00+00:00,0.19999999999999998,0.8018326620980568,0.36829703959695215
2026-01-20 18:00:00+00:00,2026-01-21 17:00:00+00:00,2026-01-21 22:00:00,2,23,2,2026-01-20 05:00:00+00:00,0.15833333333333333,0.7998300388935459,0.36829703959695215
2026-01-20 18:00:00+00:00,2026-01-21 18:00:00+00:00,2026-01-21 23:00:00,2,24,2,2026-01-20 06:00:00+00:00,0.315,0.8276471939199425,0.36829703959695215
2026-01-20 18:00:00+00:00,2026-01-21 19:00:00+00:00,2026-01-22 00:00:00,2,25,2,2026-01-20 07:00:00+00:00,0.4749999999999999,0.8392730932713234,0.36829703959695215
2026-01-20 18:00:00+00:00,2026-01-21 20:00:00+00:00,2026-01-22 01:00:00,2,26,2,2026-01-20 08:00:00+00:00,0.52,0.8274136928150843,0.36829703959695215
2026-01-20 18:00:00+00:00,2026-01-21 21:00:00+00:00,2026-01-22 02:00:00,2,27,2,2026-01-20 09:00:00+00:00,0.385,0.7727160964384278,0.36829703959695215
2026-01-20 18:00:00+00:00,2026-01-21 22:00:00+00:00,2026-01-22 03:00:00,2,28,2,2026-01-20 10:00:00+00:00,0.4283333333333334,0.13391094387487798,0.36829703959695215
2026-01-20 18:00:00+00:00,2026-01-21 23:00:00+00:00,2026-01-22 04:00:00,2,29,2,2026-01-20 11:00:00+00:00,0.15166666666666667,0.052767227246860504,0.36829703959695215
2026-01-20 18:00:00+00:00,2026-01-22 00:00:00+00:00,2026-01-22 05:00:00,2,30,2,2026-01-20 12:00:00+00:00,0.29833333333333334,0.1592139450431906,0.36829703959695215
2026-01-20 18:00:00+00:00,2026-01-22 01:00:00+00:00,2026-01-22 06:00:00,2,31,2,2026-01-20 13:00:00+00:00,0.09000000000000001,0.02855075088082276,0.36829703959695215
2026-01-20 18:00:00+00:00,2026-01-22 02:00:00+00:00,2026-01-22 07:00:00,2,32,2,2026-01-20 14:00:00+00:00,0.02666666666666667,0.014717377730808702,0.36829703959695215
2026-01-20 18:00:00+00:00,2026-01-22 03:00:00+00:00,2026-01-22 08:00:00,2,33,2,2026-01-20 15:00:00+00:00,0.01,0.31045086399991134,0.36829703959695215
2026-01-20 18:00:00+00:00,2026-01-22 04:00:00+00:00,2026-01-22 09:00:00,2,34,2,2026-01-20 16:00:00+00:00,0.028333333333333335,0.5036700724978002,0.36829703959695215
2026-01-20 18:00:00+00:00,2026-01-22 05:00:00+00:00,2026-01-22 10:00:00,2,35,2,2026-01-20 17:00:00+00:00,0.016666666666666666,0.11358150409292996,0.36829703959695215
2026-01-20 18:00:00+00:00,2026-01-22 06:00:00+00:00,2026-01-22 11:00:00,2,36,2,2026-01-20 18:00:00+00:00,0.01,0.4659341686547059,0.36829703959695215
2026-01-20 18:00:00+00:00,2026-01-22 07:00:00+00:00,2026-01-22 12:00:00,2,37,3,2026-01-19 19:00:00+00:00,0.008333333333333333,0.21085222511023913,0.36829703959695215
2026-01-20 18:00:00+00:00,2026-01-22 08:00:00+00:00,2026-01-22 13:00:00,2,38,3,2026-01-19 20:00:00+00:00,0.14833333333333334,0.20059740673766063,0.36829703959695215
2026-01-20 18:00:00+00:00,2026-01-22 09:00:00+00:00,2026-01-22 14:00:00,2,39,3,2026-01-19 21:00:00+00:00,0.3283333333333333,0.1755777751081002,0.36829703959695215
2026-01-20 18:00:00+00:00,2026-01-22 10:00:00+00:00,2026-01-22 15:00:00,2,40,3,2026-01-19 22:00:00+00:00,0.32166666666666666,0.251259315921535,0.36829703959695215
2026-01-20 18:00:00+00:00,2026-01-22 11:00:00+00:00,2026-01-22 16:00:00,2,41,3,2026-01-19 23:00:00+00:00,0.49499999999999994,0.6227139850856951,0.36829703959695215
2026-01-20 18:00:00+00:00,2026-01-22 12:00:00+00:00,2026-01-22 17:00:00,2,42,3,2026-01-20 00:00:00+00:00,0.5116666666666666,0.5414948970528276,0.36829703959695215
2026-01-20 18:00:00+00:00,2026-01-22 13:00:00+00:00,2026-01-22 18:00:00,2,43,3,2026-01-20 01:00:00+00:00,0.4683333333333333,0.7510503101080658,0.36829703959695215
2026-01-20 18:00:00+00:00,2026-01-22 14:00:00+00:00,2026-01-22 19:00:00,2,44,3,2026-01-20 02:00:00+00:00,0.7733333333333333,0.8962624172304601,0.36829703959695215
2026-01-20 18:00:00+00:00,2026-01-22 15:00:00+00:00,2026-01-22 20:00:00,2,45,3,2026-01-20 03:00:00+00:00,0.8183333333333334,0.9005279800276031,0.36829703959695215
2026-01-20 18:00:00+00:00,2026-01-22 16:00:00+00:00,2026-01-22 21:00:00,2,46,3,2026-01-20 04:00:00+00:00,0.6983333333333334,0.9116573956237045,0.36829703959695215
2026-01-20 18:00:00+00:00,2026-01-22 17:00:00+00:00,2026-01-22 22:00:00,2,47,3,2026-01-20 05:00:00+00:00,0.965,0.9039991957270149,0.36829703959695215
2026-01-20 18:00:00+00:00,2026-01-22 18:00:00+00:00,2026-01-22 23:00:00,2,48,3,2026-01-20 06:00:00+00:00,0.9783333333333334,0.8515680426161895,0.36829703959695215
2026-01-21 18:00:00+00:00,2026-01-21 19:00:00+00:00,2026-01-22 00:00:00,1,1,1,2026-01-21 07:00:00+00:00,0.44,0.8616535559879986,0.3736853865525423
2026-01-21 18:00:00+00:00,2026-01-21 20:00:00+00:00,2026-01-22 01:00:00,1,2,1,2026-01-21 08:00:00+00:00,0.5483333333333333,0.7645552824977461,0.3736853865525423
2026-01-21 18:00:00+00:00,2026-01-21 21:00:00+00:00,2026-01-22 02:00:00,1,3,1,2026-01-21 09:00:00+00:00,0.3983333333333334,0.1293781952668747,0.3736853865525423
2026-01-21 18:00:00+00:00,2026-01-21 22:00:00+00:00,2026-01-22 03:00:00,1,4,1,2026-01-21 10:00:00+00:00,0.4566666666666667,0.027093720821905126,0.3736853865525423
2026-01-21 18:00:00+00:00,2026-01-21 23:00:00+00:00,2026-01-22 04:00:00,1,5,1,2026-01-21 11:00:00+00:00,0.27499999999999997,0.1570686071633893,0.3736853865525423
2026-01-21 18:00:00+00:00,2026-01-22 00:00:00+00:00,2026-01-22 05:00:00,1,6,1,2026-01-21 12:00:00+00:00,0.43166666666666664,0.20762226780061743,0.3736853865525423
2026-01-21 18:00:00+00:00,2026-01-22 01:00:00+00:00,2026-01-22 06:00:00,1,7,1,2026-01-21 13:00:00+00:00,0.09499999999999999,0.08882606792105661,0.3736853865525423
2026-01-21 18:00:00+00:00,2026-01-22 02:00:00+00:00,2026-01-22 07:00:00,1,8,1,2026-01-21 14:00:00+00:00,0.03333333333333333,0.008821572940644638,0.3736853865525423
2026-01-21 18:00:00+00:00,2026-01-22 03:00:00+00:00,2026-01-22 08:00:00,1,9,1,2026-01-21 15:00:00+00:00,0.01,0.019078724458797606,0.3736853865525423
2026-01-21 18:00:00+00:00,2026-01-22 04:00:00+00:00,2026-01-22 09:00:00,1,10,1,2026-01-21 16:00:00+00:00,0.03333333333333333,0.3195976443461141,0.3736853865525423
2026-01-21 18:00:00+00:00,2026-01-22 05:00:00+00:00,2026-01-22 10:00:00,1,11,1,2026-01-21 17:00:00+00:00,0.016666666666666666,0.18178157708212284,0.3736853865525423
2026-01-21 18:00:00+00:00,2026-01-22 06:00:00+00:00,2026-01-22 11:00:00,1,12,1,2026-01-21 18:00:00+00:00,0.011666666666666667,0.09924337174175962,0.3736853865525423
2026-01-21 18:00:00+00:00,2026-01-22 07:00:00+00:00,2026-01-22 12:00:00,1,13,2,2026-01-20 19:00:00+00:00,0.01,0.35928061622325064,0.3736853865525423
2026-01-21 18:00:00+00:00,2026-01-22 08:00:00+00:00,2026-01-22 13:00:00,1,14,2,2026-01-20 20:00:00+00:00,0.15666666666666665,0.20913175137351298,0.3736853865525423
2026-01-21 18:00:00+00:00,2026-01-22 09:00:00+00:00,2026-01-22 14:00:00,1,15,2,2026-01-20 21:00:00+00:00,0.32,0.2456443128185504,0.3736853865525423
2026-01-21 18:00:00+00:00,2026-01-22 10:00:00+00:00,2026-01-22 15:00:00,1,16,2,2026-01-20 22:00:00+00:00,0.3016666666666667,0.26578682960768557,0.3736853865525423
2026-01-21 18:00:00+00:00,2026-01-22 11:00:00+00:00,2026-01-22 16:00:00,1,17,2,2026-01-20 23:00:00+00:00,0.5083333333333333,0.7559163328583596,0.3736853865525423
2026-01-21 18:00:00+00:00,2026-01-22 12:00:00+00:00,2026-01-22 17:00:00,1,18,2,2026-01-21 00:00:00+00:00,0.4716666666666667,0.7849310724330028,0.3736853865525423
2026-01-21 18:00:00+00:00,2026-01-22 13:00:00+00:00,2026-01-22 18:00:00,1,19,2,2026-01-21 01:00:00+00:00,0.45166666666666666,0.8155077717388982,0.3736853865525423
2026-01-21 18:00:00+00:00,2026-01-22 14:00:00+00:00,2026-01-22 19:00:00,1,20,2,2026-01-21 02:00:00+00:00,0.7066666666666667,0.8827354336642312,0.3736853865525423
2026-01-21 18:00:00+00:00,2026-01-22 15:00:00+00:00,2026-01-22 20:00:00,1,21,2,2026-01-21 03:00:00+00:00,0.7583333333333333,0.9136966203870331,0.3736853865525423
2026-01-21 18:00:00+00:00,2026-01-22 16:00:00+00:00,2026-01-22 21:00:00,1,22,2,2026-01-21 04:00:00+00:00,0.6983333333333333,0.9255038527679296,0.3736853865525423
2026-01-21 18:00:00+00:00,2026-01-22 17:00:00+00:00,2026-01-22 22:00:00,1,23,2,2026-01-21 05:00:00+00:00,0.9700000000000001,0.9198236411833779,0.3736853865525423
2026-01-21 18:00:00+00:00,2026-01-22 18:00:00+00:00,2026-01-22 23:00:00,1,24,2,2026-01-21 06:00:00+00:00,0.9883333333333333,0.9387792690221183,0.3736853865525423
2026-01-21 18:00:00+00:00,2026-01-22 19:00:00+00:00,2026-01-23 00:00:00,1,25,2,2026-01-21 07:00:00+00:00,0.9899999999999999,0.9105166036036975,0.3736853865525423
2026-01-21 18:00:00+00:00,2026-01-22 20:00:00+00:00,2026-01-23 01:00:00,1,26,2,2026-01-21 08:00:00+00:00,0.9899999999999999,0.9278573289586339,0.3736853865525423
2026-01-21 18:00:00+00:00,2026-01-22 21:00:00+00:00,2026-01-23 02:00:00,1,27,2,2026-01-21 09:00:00+00:00,0.985,0.8326283269177118,0.3736853865525423
2026-01-21 18:00:00+00:00,2026-01-22 22:00:00+00:00,2026-01-23 03:00:00,1,28,2,2026-01-21 10:00:00+00:00,0.8333333333333334,0.6424387761390706,0.3736853865525423
2026-01-21 18:00:00+00:00,2026-01-22 23:00:00+00:00,2026-01-23 04:00:00,1,29,2,2026-01-21 11:00:00+00:00,0.4566666666666667,0.6176913123012207,0.3736853865525423
2026-01-21 18:00:00+00:00,2026-01-23 00:00:00+00:00,2026-01-23 05:00:00,1,30,2,2026-01-21 12:00:00+00:00,0.42333333333333334,0.6351921776731965,0.3736853865525423
2026-01-21 18:00:00+00:00,2026-01-23 01:00:00+00:00,2026-01-23 06:00:00,1,31,2,2026-01-21 13:00:00+00:00,0.4566666666666667,0.38684564562671714,0.3736853865525423
2026-01-21 18:00:00+00:00,2026-01-23 02:00:00+00:00,2026-01-23 07:00:00,1,32,2,2026-01-21 14:00:00+00:00,0.3,0.34321322292352574,0.3736853865525423
2026-01-21 18:00:00+00:00,2026-01-23 03:00:00+00:00,2026-01-23 08:00:00,1,33,2,2026-01-21 15:00:00+00:00,0.7200000000000001,0.25209801008467275,0.3736853865525423
2026-01-21 18:00:00+00:00,2026-01-23 04:00:00+00:00,2026-01-23 09:00:00,1,34,2,2026-01-21 16:00:00+00:00,0.8333333333333334,0.2187853002188205,0.3736853865525423
2026-01-21 18:00:00+00:00,2026-01-23 05:00:00+00:00,2026-01-23 10:00:00,1,35,2,2026-01-21 17:00:00+00:00,0.9049999999999999,0.06720264390836168,0.3736853865525423
2026-01-21 18:00:00+00:00,2026-01-23 06:00:00+00:00,2026-01-23 11:00:00,1,36,2,2026-01-21 18:00:00+00:00,0.5033333333333333,0.0,0.3736853865525423
2026-01-21 18:00:00+00:00,2026-01-23 07:00:00+00:00,2026-01-23 12:00:00,1,37,3,2026-01-20 19:00:00+00:00,0.23333333333333336,0.019861037958050557,0.3736853865525423
2026-01-21 18:00:00+00:00,2026-01-23 08:00:00+00:00,2026-01-23 13:00:00,1,38,3,2026-01-20 20:00:00+00:00,0.125,0.02369987114339405,0.3736853865525423
2026-01-21 18:00:00+00:00,2026-01-23 09:00:00+00:00,2026-01-23 14:00:00,1,39,3,2026-01-20 21:00:00+00:00,0.17166666666666666,0.04757216450121903,0.3736853865525423
2026-01-21 18:00:00+00:00,2026-01-23 10:00:00+00:00,2026-01-23 15:00:00,1,40,3,2026-01-20 22:00:00+00:00,0.3016666666666667,0.051891956201177245,0.3736853865525423
2026-01-21 18:00:00+00:00,2026-01-23 11:00:00+00:00,2026-01-23 16:00:00,1,41,3,2026-01-20 23:00:00+00:00,0.65,0.12781898863956728,0.3736853865525423
2026-01-21 18:00:00+00:00,2026-01-23 12:00:00+00:00,2026-01-23 17:00:00,1,42,3,2026-01-21 00:00:00+00:00,0.5233333333333333,0.24056867436442875,0.3736853865525423
2026-01-21 18:00:00+00:00,2026-01-23 13:00:00+00:00,2026-01-23 18:00:00,1,43,3,2026-01-21 01:00:00+00:00,0.36333333333333334,0.2655818312140739,0.3736853865525423
2026-01-21 18:00:00+00:00,2026-01-23 14:00:00+00:00,2026-01-23 19:00:00,1,44,3,2026-01-21 02:00:00+00:00,0.15166666666666667,0.19761924345606963,0.3736853865525423
2026-01-21 18:00:00+00:00,2026-01-23 15:00:00+00:00,2026-01-23 20:00:00,1,45,3,2026-01-21 03:00:00+00:00,0.07333333333333333,0.1835882727047282,0.3736853865525423
2026-01-21 18:00:00+00:00,2026-01-23 16:00:00+00:00,2026-01-23 21:00:00,1,46,3,2026-01-21 04:00:00+00:00,0.023333333333333334,0.18765357779246547,0.3736853865525423
2026-01-21 18:00:00+00:00,2026-01-23 17:00:00+00:00,2026-01-23 22:00:00,1,47,3,2026-01-21 05:00:00+00:00,0.03833333333333334,0.09516725103610206,0.3736853865525423
2026-01-21 18:00:00+00:00,2026-01-23 18:00:00+00:00,2026-01-23 23:00:00,1,48,3,2026-01-21 06:00:00+00:00,0.01,0.1683120359055083,0.3736853865525423
2026-01-21 18:00:00+00:00,2026-01-21 19:00:00+00:00,2026-01-22 00:00:00,2,1,1,2026-01-21 07:00:00+00:00,0.4749999999999999,0.8666130266604449,0.36829703959695215
2026-01-21 18:00:00+00:00,2026-01-21 20:00:00+00:00,2026-01-22 01:00:00,2,2,1,2026-01-21 08:00:00+00:00,0.52,0.7776407226773506,0.36829703959695215
2026-01-21 18:00:00+00:00,2026-01-21 21:00:00+00:00,2026-01-22 02:00:00,2,3,1,2026-01-21 09:00:00+00:00,0.385,0.13416433733014435,0.36829703959695215
2026-01-21 18:00:00+00:00,2026-01-21 22:00:00+00:00,2026-01-22 03:00:00,2,4,1,2026-01-21 10:00:00+00:00,0.4283333333333334,0.031453410267728556,0.36829703959695215
2026-01-21 18:00:00+00:00,2026-01-21 23:00:00+00:00,2026-01-22 04:00:00,2,5,1,2026-01-21 11:00:00+00:00,0.15166666666666667,0.1609418616375661,0.36829703959695215
2026-01-21 18:00:00+00:00,2026-01-22 00:00:00+00:00,2026-01-22 05:00:00,2,6,1,2026-01-21 12:00:00+00:00,0.29833333333333334,0.20539870098832166,0.36829703959695215
2026-01-21 18:00:00+00:00,2026-01-22 01:00:00+00:00,2026-01-22 06:00:00,2,7,1,2026-01-21 13:00:00+00:00,0.09000000000000001,0.08660250110876093,0.36829703959695215
2026-01-21 18:00:00+00:00,2026-01-22 02:00:00+00:00,2026-01-22 07:00:00,2,8,1,2026-01-21 14:00:00+00:00,0.02666666666666667,0.007341482193625034,0.36829703959695215
2026-01-21 18:00:00+00:00,2026-01-22 03:00:00+00:00,2026-01-22 08:00:00,2,9,1,2026-01-21 15:00:00+00:00,0.01,0.022767793204546954,0.36829703959695215
2026-01-21 18:00:00+00:00,2026-01-22 04:00:00+00:00,2026-01-22 09:00:00,2,10,1,2026-01-21 16:00:00+00:00,0.028333333333333335,0.33393240664079765,0.36829703959695215
2026-01-21 18:00:00+00:00,2026-01-22 05:00:00+00:00,2026-01-22 10:00:00,2,11,1,2026-01-21 17:00:00+00:00,0.016666666666666666,0.19611633937680645,0.36829703959695215
2026-01-21 18:00:00+00:00,2026-01-22 06:00:00+00:00,2026-01-22 11:00:00,2,12,1,2026-01-21 18:00:00+00:00,0.01,0.11261831296419983,0.36829703959695215
2026-01-21 18:00:00+00:00,2026-01-22 07:00:00+00:00,2026-01-22 12:00:00,2,13,2,2026-01-20 19:00:00+00:00,0.008333333333333333,0.35856341261966324,0.36829703959695215
2026-01-21 18:00:00+00:00,2026-01-22 08:00:00+00:00,2026-01-22 13:00:00,2,14,2,2026-01-20 20:00:00+00:00,0.14833333333333334,0.20789521526052585,0.36829703959695215
2026-01-21 18:00:00+00:00,2026-01-22 09:00:00+00:00,2026-01-22 14:00:00,2,15,2,2026-01-20 21:00:00+00:00,0.3283333333333333,0.25307494429411903,0.36829703959695215
2026-01-21 18:00:00+00:00,2026-01-22 10:00:00+00:00,2026-01-22 15:00:00,2,16,2,2026-01-20 22:00:00+00:00,0.32166666666666666,0.2734030265279685,0.36829703959695215
2026-01-21 18:00:00+00:00,2026-01-22 11:00:00+00:00,2026-01-22 16:00:00,2,17,2,2026-01-20 23:00:00+00:00,0.49499999999999994,0.7568652718551294,0.36829703959695215
2026-01-21 18:00:00+00:00,2026-01-22 12:00:00+00:00,2026-01-22 17:00:00,2,18,2,2026-01-21 00:00:00+00:00,0.5116666666666666,0.7862655168507651,0.36829703959695215
2026-01-21 18:00:00+00:00,2026-01-22 13:00:00+00:00,2026-01-22 18:00:00,2,19,2,2026-01-21 01:00:00+00:00,0.4683333333333333,0.8260517657345,0.36829703959695215
2026-01-21 18:00:00+00:00,2026-01-22 14:00:00+00:00,2026-01-22 19:00:00,2,20,2,2026-01-21 02:00:00+00:00,0.7733333333333333,0.8862670142703396,0.36829703959695215
2026-01-21 18:00:00+00:00,2026-01-22 15:00:00+00:00,2026-01-22 20:00:00,2,21,2,2026-01-21 03:00:00+00:00,0.8183333333333334,0.909471114831458,0.36829703959695215
2026-01-21 18:00:00+00:00,2026-01-22 16:00:00+00:00,2026-01-22 21:00:00,2,22,2,2026-01-21 04:00:00+00:00,0.6983333333333334,0.9252444603781086,0.36829703959695215
2026-01-21 18:00:00+00:00,2026-01-22 17:00:00+00:00,2026-01-22 22:00:00,2,23,2,2026-01-21 05:00:00+00:00,0.965,0.9191384693407413,0.36829703959695215
2026-01-21 18:00:00+00:00,2026-01-22 18:00:00+00:00,2026-01-22 23:00:00,2,24,2,2026-01-21 06:00:00+00:00,0.9783333333333334,0.9415089971824859,0.36829703959695215
2026-01-21 18:00:00+00:00,2026-01-22 19:00:00+00:00,2026-01-23 00:00:00,2,25,2,2026-01-21 07:00:00+00:00,0.9816666666666666,0.9118302495919134,0.36829703959695215
2026-01-21 18:00:00+00:00,2026-01-22 20:00:00+00:00,2026-01-23 01:00:00,2,26,2,2026-01-21 08:00:00+00:00,0.985,0.9300933150040068,0.36829703959695215
2026-01-21 18:00:00+00:00,2026-01-22 21:00:00+00:00,2026-01-23 02:00:00,2,27,2,2026-01-21 09:00:00+00:00,0.9816666666666666,0.8333537631436366,0.36829703959695215
2026-01-21 18:00:00+00:00,2026-01-22 22:00:00+00:00,2026-01-23 03:00:00,2,28,2,2026-01-21 10:00:00+00:00,0.8316666666666667,0.6440248895608514,0.36829703959695215
2026-01-21 18:00:00+00:00,2026-01-22 23:00:00+00:00,2026-01-23 04:00:00,2,29,2,2026-01-21 11:00:00+00:00,0.4666666666666666,0.6192774257230014,0.36829703959695215
2026-01-21 18:00:00+00:00,2026-01-23 00:00:00+00:00,2026-01-23 05:00:00,2,30,2,2026-01-21 12:00:00+00:00,0.43333333333333335,0.6411183965212616,0.36829703959695215
2026-01-21 18:00:00+00:00,2026-01-23 01:00:00+00:00,2026-01-23 06:00:00,2,31,2,2026-01-21 13:00:00+00:00,0.4666666666666666,0.39277186447478246,0.36829703959695215
2026-01-21 18:00:00+00:00,2026-01-23 02:00:00+00:00,2026-01-23 07:00:00,2,32,2,2026-01-21 14:00:00+00:00,0.3116666666666667,0.34840610561456986,0.36829703959695215
2026-01-21 18:00:00+00:00,2026-01-23 03:00:00+00:00,2026-01-23 08:00:00,2,33,2,2026-01-21 15:00:00+00:00,0.71,0.25688685666187056,0.36829703959695215
2026-01-21 18:00:00+00:00,2026-01-23 04:00:00+00:00,2026-01-23 09:00:00,2,34,2,2026-01-21 16:00:00+00:00,0.8483333333333333,0.22430413640169752,0.36829703959695215
2026-01-21 18:00:00+00:00,2026-01-23 05:00:00+00:00,2026-01-23 10:00:00,2,35,2,2026-01-21 17:00:00+00:00,0.9199999999999999,0.06570906670174513,0.36829703959695215
2026-01-21 18:00:00+00:00,2026-01-23 06:00:00+00:00,2026-01-23 11:00:00,2,36,2,2026-01-21 18:00:00+00:00,0.47666666666666674,0.0,0.36829703959695215
2026-01-21 18:00:00+00:00,2026-01-23 07:00:00+00:00,2026-01-23 12:00:00,2,37,3,2026-01-20 19:00:00+00:00,0.25,0.020017263473997706,0.36829703959695215
2026-01-21 18:00:00+00:00,2026-01-23 08:00:00+00:00,2026-01-23 13:00:00,2,38,3,2026-01-20 20:00:00+00:00,0.12833333333333333,0.023187642796516625,0.36829703959695215
2026-01-21 18:00:00+00:00,2026-01-23 09:00:00+00:00,2026-01-23 14:00:00,2,39,3,2026-01-20 21:00:00+00:00,0.16833333333333333,0.04574817872642215,0.36829703959695215
2026-01-21 18:00:00+00:00,2026-01-23 10:00:00+00:00,2026-01-23 15:00:00,2,40,3,2026-01-20 22:00:00+00:00,0.315,0.05006922097872242,0.36829703959695215
2026-01-21 18:00:00+00:00,2026-01-23 11:00:00+00:00,2026-01-23 16:00:00,2,41,3,2026-01-20 23:00:00+00:00,0.6533333333333333,0.125739212323483,0.36829703959695215
2026-01-21 18:00:00+00:00,2026-01-23 12:00:00+00:00,2026-01-23 17:00:00,2,42,3,2026-01-21 00:00:00+00:00,0.5433333333333333,0.23965882673106684,0.36829703959695215
2026-01-21 18:00:00+00:00,2026-01-23 13:00:00+00:00,2026-01-23 18:00:00,2,43,3,2026-01-21 01:00:00+00:00,0.3833333333333333,0.26350205489798967,0.36829703959695215
2026-01-21 18:00:00+00:00,2026-01-23 14:00:00+00:00,2026-01-23 19:00:00,2,44,3,2026-01-21 02:00:00+00:00,0.15333333333333335,0.19553946713998538,0.36829703959695215
2026-01-21 18:00:00+00:00,2026-01-23 15:00:00+00:00,2026-01-23 20:00:00,2,45,3,2026-01-21 03:00:00+00:00,0.07166666666666667,0.18150849638864394,0.36829703959695215
2026-01-21 18:00:00+00:00,2026-01-23 16:00:00+00:00,2026-01-23 21:00:00,2,46,3,2026-01-21 04:00:00+00:00,0.023333333333333334,0.18557380147638122,0.36829703959695215
2026-01-21 18:00:00+00:00,2026-01-23 17:00:00+00:00,2026-01-23 22:00:00,2,47,3,2026-01-21 05:00:00+00:00,0.03833333333333334,0.0938228921125155,0.36829703959695215
2026-01-21 18:00:00+00:00,2026-01-23 18:00:00+00:00,2026-01-23 23:00:00,2,48,3,2026-01-21 06:00:00+00:00,0.01,0.16696767698192178,0.36829703959695215
2026-01-22 18:00:00+00:00,2026-01-22 19:00:00+00:00,2026-01-23 00:00:00,1,1,1,2026-01-22 07:00:00+00:00,0.9899999999999999,0.8589926027482182,0.3736853865525423
2026-01-22 18:00:00+00:00,2026-01-22 20:00:00+00:00,2026-01-23 01:00:00,1,2,1,2026-01-22 08:00:00+00:00,0.9899999999999999,0.7632267712974188,0.3736853865525423
2026-01-22 18:00:00+00:00,2026-01-22 21:00:00+00:00,2026-01-23 02:00:00,1,3,1,2026-01-22 09:00:00+00:00,0.985,0.7082475677651281,0.3736853865525423
2026-01-22 18:00:00+00:00,2026-01-22 22:00:00+00:00,2026-01-23 03:00:00,1,4,1,2026-01-22 10:00:00+00:00,0.8333333333333334,0.8141972099354366,0.3736853865525423
2026-01-22 18:00:00+00:00,2026-01-22 23:00:00+00:00,2026-01-23 04:00:00,1,5,1,2026-01-22 11:00:00+00:00,0.4566666666666667,0.7542651116179896,0.3736853865525423
2026-01-22 18:00:00+00:00,2026-01-23 00:00:00+00:00,2026-01-23 05:00:00,1,6,1,2026-01-22 12:00:00+00:00,0.42333333333333334,0.5358407485611828,0.3736853865525423
2026-01-22 18:00:00+00:00,2026-01-23 01:00:00+00:00,2026-01-23 06:00:00,1,7,1,2026-01-22 13:00:00+00:00,0.4566666666666667,0.40008889068587433,0.3736853865525423
2026-01-22 18:00:00+00:00,2026-01-23 02:00:00+00:00,2026-01-23 07:00:00,1,8,1,2026-01-22 14:00:00+00:00,0.3,0.34814451225083176,0.3736853865525423
2026-01-22 18:00:00+00:00,2026-01-23 03:00:00+00:00,2026-01-23 08:00:00,1,9,1,2026-01-22 15:00:00+00:00,0.7200000000000001,0.3426614432700348,0.3736853865525423
2026-01-22 18:00:00+00:00,2026-01-23 04:00:00+00:00,2026-01-23 09:00:00,1,10,1,2026-01-22 16:00:00+00:00,0.8333333333333334,0.3337814468680923,0.3736853865525423
2026-01-22 18:00:00+00:00,2026-01-23 05:00:00+00:00,2026-01-23 10:00:00,1,11,1,2026-01-22 17:00:00+00:00,0.9049999999999999,0.1911903298602838,0.3736853865525423
2026-01-22 18:00:00+00:00,2026-01-23 06:00:00+00:00,2026-01-23 11:00:00,1,12,1,2026-01-22 18:00:00+00:00,0.5033333333333333,0.49587703959355717,0.3736853865525423
2026-01-22 18:00:00+00:00,2026-01-23 07:00:00+00:00,2026-01-23 12:00:00,1,13,2,2026-01-21 19:00:00+00:00,0.23333333333333336,0.02783531606876384,0.3736853865525423
2026-01-22 18:00:00+00:00,2026-01-23 08:00:00+00:00,2026-01-23 13:00:00,1,14,2,2026-01-21 20:00:00+00:00,0.125,0.1816655988530447,0.3736853865525423
2026-01-22 18:00:00+00:00,2026-01-23 09:00:00+00:00,2026-01-23 14:00:00,1,15,2,2026-01-21 21:00:00+00:00,0.17166666666666666,0.2480316541291297,0.3736853865525423
2026-01-22 18:00:00+00:00,2026-01-23 10:00:00+00:00,2026-01-23 15:00:00,1,16,2,2026-01-21 22:00:00+00:00,0.3016666666666667,0.23858266726065253,0.3736853865525423
2026-01-22 18:00:00+00:00,2026-01-23 11:00:00+00:00,2026-01-23 16:00:00,1,17,2,2026-01-21 23:00:00+00:00,0.65,0.3254248049212554,0.3736853865525423
2026-01-22 18:00:00+00:00,2026-01-23 12:00:00+00:00,2026-01-23 17:00:00,1,18,2,2026-01-22 00:00:00+00:00,0.5233333333333333,0.40252948290749996,0.3736853865525423
2026-01-22 18:00:00+00:00,2026-01-23 13:00:00+00:00,2026-01-23 18:00:00,1,19,2,2026-01-22 01:00:00+00:00,0.36333333333333334,0.4566873464831423,0.3736853865525423
2026-01-22 18:00:00+00:00,2026-01-23 14:00:00+00:00,2026-01-23 19:00:00,1,20,2,2026-01-22 02:00:00+00:00,0.15166666666666667,0.49852799076904103,0.3736853865525423
2026-01-22 18:00:00+00:00,2026-01-23 15:00:00+00:00,2026-01-23 20:00:00,1,21,2,2026-01-22 03:00:00+00:00,0.07333333333333333,0.4870195715388282,0.3736853865525423
2026-01-22 18:00:00+00:00,2026-01-23 16:00:00+00:00,2026-01-23 21:00:00,1,22,2,2026-01-22 04:00:00+00:00,0.023333333333333334,0.3030152929105679,0.3736853865525423
2026-01-22 18:00:00+00:00,2026-01-23 17:00:00+00:00,2026-01-23 22:00:00,1,23,2,2026-01-22 05:00:00+00:00,0.03833333333333334,0.21673376858861768,0.3736853865525423
2026-01-22 18:00:00+00:00,2026-01-23 18:00:00+00:00,2026-01-23 23:00:00,1,24,2,2026-01-22 06:00:00+00:00,0.01,0.2907727156045857,0.3736853865525423
2026-01-22 18:00:00+00:00,2026-01-23 19:00:00+00:00,2026-01-24 00:00:00,1,25,2,2026-01-22 07:00:00+00:00,0.01,0.23360794816621608,0.3736853865525423
2026-01-22 18:00:00+00:00,2026-01-23 20:00:00+00:00,2026-01-24 01:00:00,1,26,2,2026-01-22 08:00:00+00:00,0.01,0.06406433843270491,0.3736853865525423
2026-01-22 18:00:00+00:00,2026-01-23 21:00:00+00:00,2026-01-24 02:00:00,1,27,2,2026-01-22 09:00:00+00:00,0.01,0.024589297724486807,0.3736853865525423
2026-01-22 18:00:00+00:00,2026-01-23 22:00:00+00:00,2026-01-24 03:00:00,1,28,2,2026-01-22 10:00:00+00:00,0.01,0.019246061451115706,0.3736853865525423
2026-01-22 18:00:00+00:00,2026-01-23 23:00:00+00:00,2026-01-24 04:00:00,1,29,2,2026-01-22 11:00:00+00:00,0.01,0.07465188563060642,0.3736853865525423
2026-01-22 18:00:00+00:00,2026-01-24 00:00:00+00:00,2026-01-24 05:00:00,1,30,2,2026-01-22 12:00:00+00:00,0.01,0.5714817288625438,0.3736853865525423
2026-01-22 18:00:00+00:00,2026-01-24 01:00:00+00:00,2026-01-24 06:00:00,1,31,2,2026-01-22 13:00:00+00:00,0.03333333333333333,0.8205299035527509,0.3736853865525423
2026-01-22 18:00:00+00:00,2026-01-24 02:00:00+00:00,2026-01-24 07:00:00,1,32,2,2026-01-22 14:00:00+00:00,0.10833333333333332,0.8271480343987634,0.3736853865525423
2026-01-22 18:00:00+00:00,2026-01-24 03:00:00+00:00,2026-01-24 08:00:00,1,33,2,2026-01-22 15:00:00+00:00,0.71,0.8690401527960205,0.3736853865525423
2026-01-22 18:00:00+00:00,2026-01-24 04:00:00+00:00,2026-01-24 09:00:00,1,34,2,2026-01-22 16:00:00+00:00,0.9716666666666667,0.9610126227777712,0.3736853865525423
2026-01-22 18:00:00+00:00,2026-01-24 05:00:00+00:00,2026-01-24 10:00:00,1,35,2,2026-01-22 17:00:00+00:00,0.9899999999999999,0.9623983980946804,0.3736853865525423
2026-01-22 18:00:00+00:00,2026-01-24 06:00:00+00:00,2026-01-24 11:00:00,1,36,2,2026-01-22 18:00:00+00:00,0.9899999999999999,0.9632499067986409,0.3736853865525423
2026-01-22 18:00:00+00:00,2026-01-24 07:00:00+00:00,2026-01-24 12:00:00,1,37,3,2026-01-21 19:00:00+00:00,0.8533333333333334,0.9612990946417799,0.3736853865525423
2026-01-22 18:00:00+00:00,2026-01-24 08:00:00+00:00,2026-01-24 13:00:00,1,38,3,2026-01-21 20:00:00+00:00,0.9899999999999999,0.9701479454627382,0.3736853865525423
2026-01-22 18:00:00+00:00,2026-01-24 09:00:00+00:00,2026-01-24 14:00:00,1,39,3,2026-01-21 21:00:00+00:00,0.9899999999999999,0.9798247185692495,0.3736853865525423
2026-01-22 18:00:00+00:00,2026-01-24 10:00:00+00:00,2026-01-24 15:00:00,1,40,3,2026-01-21 22:00:00+00:00,0.9866666666666667,0.9345871957543448,0.3736853865525423
2026-01-22 18:00:00+00:00,2026-01-24 11:00:00+00:00,2026-01-24 16:00:00,1,41,3,2026-01-21 23:00:00+00:00,0.9883333333333333,0.9364261927031128,0.3736853865525423
2026-01-22 18:00:00+00:00,2026-01-24 12:00:00+00:00,2026-01-24 17:00:00,1,42,3,2026-01-22 00:00:00+00:00,0.9899999999999999,0.8589205849729286,0.3736853865525423
2026-01-22 18:00:00+00:00,2026-01-24 13:00:00+00:00,2026-01-24 18:00:00,1,43,3,2026-01-22 01:00:00+00:00,0.9899999999999999,0.827884760228283,0.3736853865525423
2026-01-22 18:00:00+00:00,2026-01-24 14:00:00+00:00,2026-01-24 19:00:00,1,44,3,2026-01-22 02:00:00+00:00,0.9483333333333333,0.8128023628963447,0.3736853865525423
2026-01-22 18:00:00+00:00,2026-01-24 15:00:00+00:00,2026-01-24 20:00:00,1,45,3,2026-01-22 03:00:00+00:00,0.9700000000000001,0.807688574052404,0.3736853865525423
2026-01-22 18:00:00+00:00,2026-01-24 16:00:00+00:00,2026-01-24 21:00:00,1,46,3,2026-01-22 04:00:00+00:00,0.9899999999999999,0.7833957633228067,0.3736853865525423
2026-01-22 18:00:00+00:00,2026-01-24 17:00:00+00:00,2026-01-24 22:00:00,1,47,3,2026-01-22 05:00:00+00:00,0.96,0.7746205070680271,0.3736853865525423
2026-01-22 18:00:00+00:00,2026-01-24 18:00:00+00:00,2026-01-24 23:00:00,1,48,3,2026-01-22 06:00:00+00:00,0.9716666666666667,0.7688898462840954,0.3736853865525423
2026-01-22 18:00:00+00:00,2026-01-22 19:00:00+00:00,2026-01-23 00:00:00,2,1,1,2026-01-22 07:00:00+00:00,0.9816666666666666,0.8575209027857973,0.36829703959695215
2026-01-22 18:00:00+00:00,2026-01-22 20:00:00+00:00,2026-01-23 01:00:00,2,2,1,2026-01-22 08:00:00+00:00,0.985,0.7621673499609747,0.36829703959695215
2026-01-22 18:00:00+00:00,2026-01-22 21:00:00+00:00,2026-01-23 02:00:00,2,3,1,2026-01-22 09:00:00+00:00,0.9816666666666666,0.7067573371098539,0.36829703959695215
2026-01-22 18:00:00+00:00,2026-01-22 22:00:00+00:00,2026-01-23 03:00:00,2,4,1,2026-01-22 10:00:00+00:00,0.8316666666666667,0.8116949332218568,0.36829703959695215
2026-01-22 18:00:00+00:00,2026-01-22 23:00:00+00:00,2026-01-23 04:00:00,2,5,1,2026-01-22 11:00:00+00:00,0.4666666666666666,0.7531789170765611,0.36829703959695215
2026-01-22 18:00:00+00:00,2026-01-23 00:00:00+00:00,2026-01-23 05:00:00,2,6,1,2026-01-22 12:00:00+00:00,0.43333333333333335,0.5343505179059084,0.36829703959695215
2026-01-22 18:00:00+00:00,2026-01-23 01:00:00+00:00,2026-01-23 06:00:00,2,7,1,2026-01-22 13:00:00+00:00,0.4666666666666666,0.40401706006721655,0.36829703959695215
2026-01-22 18:00:00+00:00,2026-01-23 02:00:00+00:00,2026-01-23 07:00:00,2,8,1,2026-01-22 14:00:00+00:00,0.3116666666666667,0.3533373949418759,0.36829703959695215
2026-01-22 18:00:00+00:00,2026-01-23 03:00:00+00:00,2026-01-23 08:00:00,2,9,1,2026-01-22 15:00:00+00:00,0.71,0.3478543259610787,0.36829703959695215
2026-01-22 18:00:00+00:00,2026-01-23 04:00:00+00:00,2026-01-23 09:00:00,2,10,1,2026-01-22 16:00:00+00:00,0.8483333333333333,0.3427902522609322,0.36829703959695215
2026-01-22 18:00:00+00:00,2026-01-23 05:00:00+00:00,2026-01-23 10:00:00,2,11,1,2026-01-22 17:00:00+00:00,0.9199999999999999,0.2014042966336659,0.36829703959695215
2026-01-22 18:00:00+00:00,2026-01-23 06:00:00+00:00,2026-01-23 11:00:00,2,12,1,2026-01-22 18:00:00+00:00,0.47666666666666674,0.495519169659885,0.36829703959695215
2026-01-22 18:00:00+00:00,2026-01-23 07:00:00+00:00,2026-01-23 12:00:00,2,13,2,2026-01-21 19:00:00+00:00,0.25,0.02739938184917552,0.36829703959695215
2026-01-22 18:00:00+00:00,2026-01-23 08:00:00+00:00,2026-01-23 13:00:00,2,14,2,2026-01-21 20:00:00+00:00,0.12833333333333333,0.18113396069417176,0.36829703959695215
2026-01-22 18:00:00+00:00,2026-01-23 09:00:00+00:00,2026-01-23 14:00:00,2,15,2,2026-01-21 21:00:00+00:00,0.16833333333333333,0.24613744325775982,0.36829703959695215
2026-01-22 18:00:00+00:00,2026-01-23 10:00:00+00:00,2026-01-23 15:00:00,2,16,2,2026-01-21 22:00:00+00:00,0.315,0.23785838507200502,0.36829703959695215
2026-01-22 18:00:00+00:00,2026-01-23 11:00:00+00:00,2026-01-23 16:00:00,2,17,2,2026-01-21 23:00:00+00:00,0.6533333333333333,0.32353059404988554,0.36829703959695215
2026-01-22 18:00:00+00:00,2026-01-23 12:00:00+00:00,2026-01-23 17:00:00,2,18,2,2026-01-22 00:00:00+00:00,0.5433333333333333,0.4013686081931515,0.36829703959695215
2026-01-22 18:00:00+00:00,2026-01-23 13:00:00+00:00,2026-01-23 18:00:00,2,19,2,2026-01-22 01:00:00+00:00,0.3833333333333333,0.4547931356117724,0.36829703959695215
2026-01-22 18:00:00+00:00,2026-01-23 14:00:00+00:00,2026-01-23 19:00:00,2,20,2,2026-01-22 02:00:00+00:00,0.15333333333333335,0.4973671160546927,0.36829703959695215
2026-01-22 18:00:00+00:00,2026-01-23 15:00:00+00:00,2026-01-23 20:00:00,2,21,2,2026-01-22 03:00:00+00:00,0.07166666666666667,0.48567313137976525,0.36829703959695215
2026-01-22 18:00:00+00:00,2026-01-23 16:00:00+00:00,2026-01-23 21:00:00,2,22,2,2026-01-22 04:00:00+00:00,0.023333333333333334,0.30166885275150496,0.36829703959695215
2026-01-22 18:00:00+00:00,2026-01-23 17:00:00+00:00,2026-01-23 22:00:00,2,23,2,2026-01-22 05:00:00+00:00,0.03833333333333334,0.21524353793334328,0.36829703959695215
2026-01-22 18:00:00+00:00,2026-01-23 18:00:00+00:00,2026-01-23 23:00:00,2,24,2,2026-01-22 06:00:00+00:00,0.01,0.29016169283802046,0.36829703959695215
2026-01-22 18:00:00+00:00,2026-01-23 19:00:00+00:00,2026-01-24 00:00:00,2,25,2,2026-01-22 07:00:00+00:00,0.01,0.23211771751094168,0.36829703959695215
2026-01-22 18:00:00+00:00,2026-01-23 20:00:00+00:00,2026-01-24 01:00:00,2,26,2,2026-01-22 08:00:00+00:00,0.011666666666666667,0.06184077162040921,0.36829703959695215
2026-01-22 18:00:00+00:00,2026-01-23 21:00:00+00:00,2026-01-24 02:00:00,2,27,2,2026-01-22 09:00:00+00:00,0.01,0.02297705894689297,0.36829703959695215
2026-01-22 18:00:00+00:00,2026-01-23 22:00:00+00:00,2026-01-24 03:00:00,2,28,2,2026-01-22 10:00:00+00:00,0.01,0.016210806281644657,0.36829703959695215
2026-01-22 18:00:00+00:00,2026-01-23 23:00:00+00:00,2026-01-24 04:00:00,2,29,2,2026-01-22 11:00:00+00:00,0.01,0.07268535991194013,0.36829703959695215
2026-01-22 18:00:00+00:00,2026-01-24 00:00:00+00:00,2026-01-24 05:00:00,2,30,2,2026-01-22 12:00:00+00:00,0.01,0.5704280907329704,0.36829703959695215
2026-01-22 18:00:00+00:00,2026-01-24 01:00:00+00:00,2026-01-24 06:00:00,2,31,2,2026-01-22 13:00:00+00:00,0.018333333333333333,0.8186540916729663,0.36829703959695215
2026-01-22 18:00:00+00:00,2026-01-24 02:00:00+00:00,2026-01-24 07:00:00,2,32,2,2026-01-22 14:00:00+00:00,0.03666666666666667,0.8233318341383822,0.36829703959695215
2026-01-22 18:00:00+00:00,2026-01-24 03:00:00+00:00,2026-01-24 08:00:00,2,33,2,2026-01-22 15:00:00+00:00,0.115,0.8652239525356396,0.36829703959695215
2026-01-22 18:00:00+00:00,2026-01-24 04:00:00+00:00,2026-01-24 09:00:00,2,34,2,2026-01-22 16:00:00+00:00,0.01,0.953131953343702,0.36829703959695215
2026-01-22 18:00:00+00:00,2026-01-24 05:00:00+00:00,2026-01-24 10:00:00,2,35,2,2026-01-22 17:00:00+00:00,0.44,0.9536033097498333,0.36829703959695215
2026-01-22 18:00:00+00:00,2026-01-24 06:00:00+00:00,2026-01-24 11:00:00,2,36,2,2026-01-22 18:00:00+00:00,0.98,0.9542846779338778,0.36829703959695215
2026-01-22 18:00:00+00:00,2026-01-24 07:00:00+00:00,2026-01-24 12:00:00,2,37,3,2026-01-21 19:00:00+00:00,0.6233333333333334,0.9523338657770166,0.36829703959695215
2026-01-22 18:00:00+00:00,2026-01-24 08:00:00+00:00,2026-01-24 13:00:00,2,38,3,2026-01-21 20:00:00+00:00,0.98,0.9611827165979752,0.36829703959695215
2026-01-22 18:00:00+00:00,2026-01-24 09:00:00+00:00,2026-01-24 14:00:00,2,39,3,2026-01-21 21:00:00+00:00,0.9816666666666666,0.9715131096126775,0.36829703959695215
2026-01-22 18:00:00+00:00,2026-01-24 10:00:00+00:00,2026-01-24 15:00:00,2,40,3,2026-01-21 22:00:00+00:00,0.9899999999999999,0.9307931617955931,0.36829703959695215
2026-01-22 18:00:00+00:00,2026-01-24 11:00:00+00:00,2026-01-24 16:00:00,2,41,3,2026-01-21 23:00:00+00:00,0.985,0.9327803912819113,0.36829703959695215
2026-01-22 18:00:00+00:00,2026-01-24 12:00:00+00:00,2026-01-24 17:00:00,2,42,3,2026-01-22 00:00:00+00:00,0.9899999999999999,0.855274783551727,0.36829703959695215
2026-01-22 18:00:00+00:00,2026-01-24 13:00:00+00:00,2026-01-24 18:00:00,2,43,3,2026-01-22 01:00:00+00:00,0.9899999999999999,0.8263424587874458,0.36829703959695215
2026-01-22 18:00:00+00:00,2026-01-24 14:00:00+00:00,2026-01-24 19:00:00,2,44,3,2026-01-22 02:00:00+00:00,0.9899999999999999,0.8112600614555078,0.36829703959695215
2026-01-22 18:00:00+00:00,2026-01-24 15:00:00+00:00,2026-01-24 20:00:00,2,45,3,2026-01-22 03:00:00+00:00,0.955,0.8061462726115671,0.36829703959695215
2026-01-22 18:00:00+00:00,2026-01-24 16:00:00+00:00,2026-01-24 21:00:00,2,46,3,2026-01-22 04:00:00+00:00,0.9899999999999999,0.78023467536852,0.36829703959695215
2026-01-22 18:00:00+00:00,2026-01-24 17:00:00+00:00,2026-01-24 22:00:00,2,47,3,2026-01-22 05:00:00+00:00,0.9899999999999999,0.7706575666679994,0.36829703959695215
2026-01-22 18:00:00+00:00,2026-01-24 18:00:00+00:00,2026-01-24 23:00:00,2,48,3,2026-01-22 06:00:00+00:00,0.9883333333333333,0.7665456923975174,0.36829703959695215
2026-01-23 18:00:00+00:00,2026-01-23 19:00:00+00:00,2026-01-24 00:00:00,1,1,1,2026-01-23 07:00:00+00:00,0.01,0.02716816976897848,0.3736853865525423
2026-01-23 18:00:00+00:00,2026-01-23 20:00:00+00:00,2026-01-24 01:00:00,1,2,1,2026-01-23 08:00:00+00:00,0.01,0.0023562987479485175,0.3736853865525423
2026-01-23 18:00:00+00:00,2026-01-23 21:00:00+00:00,2026-01-24 02:00:00,1,3,1,2026-01-23 09:00:00+00:00,0.01,0.016797746871238996,0.3736853865525423
2026-01-23 18:00:00+00:00,2026-01-23 22:00:00+00:00,2026-01-24 03:00:00,1,4,1,2026-01-23 10:00:00+00:00,0.01,0.05812511687359688,0.3736853865525423
2026-01-23 18:00:00+00:00,2026-01-23 23:00:00+00:00,2026-01-24 04:00:00,1,5,1,2026-01-23 11:00:00+00:00,0.01,0.31114201713646744,0.3736853865525423
2026-01-23 18:00:00+00:00,2026-01-24 00:00:00+00:00,2026-01-24 05:00:00,1,6,1,2026-01-23 12:00:00+00:00,0.01,0.5270301450352921,0.3736853865525423
2026-01-23 18:00:00+00:00,2026-01-24 01:00:00+00:00,2026-01-24 06:00:00,1,7,1,2026-01-23 13:00:00+00:00,0.03333333333333333,0.7095304570778356,0.3736853865525423
2026-01-23 18:00:00+00:00,2026-01-24 02:00:00+00:00,2026-01-24 07:00:00,1,8,1,2026-01-23 14:00:00+00:00,0.10833333333333332,0.7841948861502566,0.3736853865525423
2026-01-23 18:00:00+00:00,2026-01-24 03:00:00+00:00,2026-01-24 08:00:00,1,9,1,2026-01-23 15:00:00+00:00,0.71,0.8640853436009905,0.3736853865525423
2026-01-23 18:00:00+00:00,2026-01-24 04:00:00+00:00,2026-01-24 09:00:00,1,10,1,2026-01-23 16:00:00+00:00,0.9716666666666667,0.8857133529617526,0.3736853865525423
2026-01-23 18:00:00+00:00,2026-01-24 05:00:00+00:00,2026-01-24 10:00:00,1,11,1,2026-01-23 17:00:00+00:00,0.9899999999999999,0.9548184665982584,0.3736853865525423
2026-01-23 18:00:00+00:00,2026-01-24 06:00:00+00:00,2026-01-24 11:00:00,1,12,1,2026-01-23 18:00:00+00:00,0.9899999999999999,0.9599996628149781,0.3736853865525423
2026-01-23 18:00:00+00:00,2026-01-24 07:00:00+00:00,2026-01-24 12:00:00,1,13,2,2026-01-22 19:00:00+00:00,0.8533333333333334,0.9677392898373582,0.3736853865525423
2026-01-23 18:00:00+00:00,2026-01-24 08:00:00+00:00,2026-01-24 13:00:00,1,14,2,2026-01-22 20:00:00+00:00,0.9899999999999999,0.9700180962679816,0.3736853865525423
2026-01-23 18:00:00+00:00,2026-01-24 09:00:00+00:00,2026-01-24 14:00:00,1,15,2,2026-01-22 21:00:00+00:00,0.9899999999999999,0.97926823574822,0.3736853865525423
2026-01-23 18:00:00+00:00,2026-01-24 10:00:00+00:00,2026-01-24 15:00:00,1,16,2,2026-01-22 22:00:00+00:00,0.9866666666666667,0.9298973717024733,0.3736853865525423
2026-01-23 18:00:00+00:00,2026-01-24 11:00:00+00:00,2026-01-24 16:00:00,1,17,2,2026-01-22 23:00:00+00:00,0.9883333333333333,0.9087695066979055,0.3736853865525423
2026-01-23 18:00:00+00:00,2026-01-24 12:00:00+00:00,2026-01-24 17:00:00,1,18,2,2026-01-23 00:00:00+00:00,0.9899999999999999,0.8511099470409627,0.3736853865525423
2026-01-23 18:00:00+00:00,2026-01-24 13:00:00+00:00,2026-01-24 18:00:00,1,19,2,2026-01-23 01:00:00+00:00,0.9899999999999999,0.8202412796600608,0.3736853865525423
2026-01-23 18:00:00+00:00,2026-01-24 14:00:00+00:00,2026-01-24 19:00:00,1,20,2,2026-01-23 02:00:00+00:00,0.9483333333333333,0.8113798803539957,0.3736853865525423
2026-01-23 18:00:00+00:00,2026-01-24 15:00:00+00:00,2026-01-24 20:00:00,1,21,2,2026-01-23 03:00:00+00:00,0.9700000000000001,0.7867421766683027,0.3736853865525423
2026-01-23 18:00:00+00:00,2026-01-24 16:00:00+00:00,2026-01-24 21:00:00,1,22,2,2026-01-23 04:00:00+00:00,0.9899999999999999,0.7959673270495764,0.3736853865525423
2026-01-23 18:00:00+00:00,2026-01-24 17:00:00+00:00,2026-01-24 22:00:00,1,23,2,2026-01-23 05:00:00+00:00,0.96,0.7323198507025971,0.3736853865525423
2026-01-23 18:00:00+00:00,2026-01-24 18:00:00+00:00,2026-01-24 23:00:00,1,24,2,2026-01-23 06:00:00+00:00,0.9716666666666667,0.7528799421091311,0.3736853865525423
2026-01-23 18:00:00+00:00,2026-01-24 19:00:00+00:00,2026-01-25 00:00:00,1,25,2,2026-01-23 07:00:00+00:00,0.9766666666666666,0.7068954427910041,0.3736853865525423
2026-01-23 18:00:00+00:00,2026-01-24 20:00:00+00:00,2026-01-25 01:00:00,1,26,2,2026-01-23 08:00:00+00:00,0.6383333333333333,0.6194299558600149,0.3736853865525423
2026-01-23 18:00:00+00:00,2026-01-24 21:00:00+00:00,2026-01-25 02:00:00,1,27,2,2026-01-23 09:00:00+00:00,0.295,0.6441599685923998,0.3736853865525423
2026-01-23 18:00:00+00:00,2026-01-24 22:00:00+00:00,2026-01-25 03:00:00,1,28,2,2026-01-23 10:00:00+00:00,0.49500000000000005,0.7196571873635709,0.3736853865525423
2026-01-23 18:00:00+00:00,2026-01-24 23:00:00+00:00,2026-01-25 04:00:00,1,29,2,2026-01-23 11:00:00+00:00,0.5533333333333333,0.7013231818456327,0.3736853865525423
2026-01-23 18:00:00+00:00,2026-01-25 00:00:00+00:00,2026-01-25 05:00:00,1,30,2,2026-01-23 12:00:00+00:00,0.13166666666666668,0.41399536976588375,0.3736853865525423
2026-01-23 18:00:00+00:00,2026-01-25 01:00:00+00:00,2026-01-25 06:00:00,1,31,2,2026-01-23 13:00:00+00:00,0.023333333333333334,0.04414883704415869,0.3736853865525423
2026-01-23 18:00:00+00:00,2026-01-25 02:00:00+00:00,2026-01-25 07:00:00,1,32,2,2026-01-23 14:00:00+00:00,0.35833333333333334,0.015697075420620262,0.3736853865525423
2026-01-23 18:00:00+00:00,2026-01-25 03:00:00+00:00,2026-01-25 08:00:00,1,33,2,2026-01-23 15:00:00+00:00,0.35333333333333333,0.01204367461163601,0.3736853865525423
2026-01-23 18:00:00+00:00,2026-01-25 04:00:00+00:00,2026-01-25 09:00:00,1,34,2,2026-01-23 16:00:00+00:00,0.14666666666666667,0.008187708556846654,0.3736853865525423
2026-01-23 18:00:00+00:00,2026-01-25 05:00:00+00:00,2026-01-25 10:00:00,1,35,2,2026-01-23 17:00:00+00:00,0.06666666666666667,0.008582027358143963,0.3736853865525423
2026-01-23 18:00:00+00:00,2026-01-25 06:00:00+00:00,2026-01-25 11:00:00,1,36,2,2026-01-23 18:00:00+00:00,0.008333333333333333,0.01059193999203565,0.3736853865525423
2026-01-23 18:00:00+00:00,2026-01-25 07:00:00+00:00,2026-01-25 12:00:00,1,37,3,2026-01-22 19:00:00+00:00,0.01,0.05859018868157487,0.3736853865525423
2026-01-23 18:00:00+00:00,2026-01-25 08:00:00+00:00,2026-01-25 13:00:00,1,38,3,2026-01-22 20:00:00+00:00,0.01,0.0341195564761756,0.3736853865525423
2026-01-23 18:00:00+00:00,2026-01-25 09:00:00+00:00,2026-01-25 14:00:00,1,39,3,2026-01-22 21:00:00+00:00,0.01,0.04893791161265067,0.3736853865525423
2026-01-23 18:00:00+00:00,2026-01-25 10:00:00+00:00,2026-01-25 15:00:00,1,40,3,2026-01-22 22:00:00+00:00,0.01,0.06291097521444888,0.3736853865525423
2026-01-23 18:00:00+00:00,2026-01-25 11:00:00+00:00,2026-01-25 16:00:00,1,41,3,2026-01-22 23:00:00+00:00,0.01,0.2823507883159036,0.3736853865525423
2026-01-23 18:00:00+00:00,2026-01-25 12:00:00+00:00,2026-01-25 17:00:00,1,42,3,2026-01-23 00:00:00+00:00,0.01,0.3031018900976589,0.3736853865525423
2026-01-23 18:00:00+00:00,2026-01-25 13:00:00+00:00,2026-01-25 18:00:00,1,43,3,2026-01-23 01:00:00+00:00,0.01,0.30491002623379376,0.3736853865525423
2026-01-23 18:00:00+00:00,2026-01-25 14:00:00+00:00,2026-01-25 19:00:00,1,44,3,2026-01-23 02:00:00+00:00,0.03666666666666667,0.32502616194285355,0.3736853865525423
2026-01-23 18:00:00+00:00,2026-01-25 15:00:00+00:00,2026-01-25 20:00:00,1,45,3,2026-01-23 03:00:00+00:00,0.14833333333333334,0.31075121121916766,0.3736853865525423
2026-01-23 18:00:00+00:00,2026-01-25 16:00:00+00:00,2026-01-25 21:00:00,1,46,3,2026-01-23 04:00:00+00:00,0.20166666666666666,0.17309654056424081,0.3736853865525423
2026-01-23 18:00:00+00:00,2026-01-25 17:00:00+00:00,2026-01-25 22:00:00,1,47,3,2026-01-23 05:00:00+00:00,0.33666666666666667,0.05689437039180033,0.3736853865525423
2026-01-23 18:00:00+00:00,2026-01-25 18:00:00+00:00,2026-01-25 23:00:00,1,48,3,2026-01-23 06:00:00+00:00,0.61,0.021457712938383396,0.3736853865525423
2026-01-23 18:00:00+00:00,2026-01-23 19:00:00+00:00,2026-01-24 00:00:00,2,1,1,2026-01-23 07:00:00+00:00,0.01,0.025688079021958885,0.36829703959695215
2026-01-23 18:00:00+00:00,2026-01-23 20:00:00+00:00,2026-01-24 01:00:00,2,2,1,2026-01-23 08:00:00+00:00,0.011666666666666667,0.0005947482859921482,0.36829703959695215
2026-01-23 18:00:00+00:00,2026-01-23 21:00:00+00:00,2026-01-24 02:00:00,2,3,1,2026-01-23 09:00:00+00:00,0.01,0.015704650272107202,0.36829703959695215
2026-01-23 18:00:00+00:00,2026-01-23 22:00:00+00:00,2026-01-24 03:00:00,2,4,1,2026-01-23 10:00:00+00:00,0.01,0.05707147874402349,0.36829703959695215
2026-01-23 18:00:00+00:00,2026-01-23 23:00:00+00:00,2026-01-24 04:00:00,2,5,1,2026-01-23 11:00:00+00:00,0.01,0.31008837900689395,0.36829703959695215
2026-01-23 18:00:00+00:00,2026-01-24 00:00:00+00:00,2026-01-24 05:00:00,2,6,1,2026-01-23 12:00:00+00:00,0.01,0.5259765069057187,0.36829703959695215
2026-01-23 18:00:00+00:00,2026-01-24 01:00:00+00:00,2026-01-24 06:00:00,2,7,1,2026-01-23 13:00:00+00:00,0.018333333333333333,0.7084768189482622,0.36829703959695215
2026-01-23 18:00:00+00:00,2026-01-24 02:00:00+00:00,2026-01-24 07:00:00,2,8,1,2026-01-23 14:00:00+00:00,0.03666666666666667,0.7803786858898754,0.36829703959695215
2026-01-23 18:00:00+00:00,2026-01-24 03:00:00+00:00,2026-01-24 08:00:00,2,9,1,2026-01-23 15:00:00+00:00,0.115,0.8593002294507517,0.36829703959695215
2026-01-23 18:00:00+00:00,2026-01-24 04:00:00+00:00,2026-01-24 09:00:00,2,10,1,2026-01-23 16:00:00+00:00,0.01,0.8809943082513968,0.36829703959695215
2026-01-23 18:00:00+00:00,2026-01-24 05:00:00+00:00,2026-01-24 10:00:00,2,11,1,2026-01-23 17:00:00+00:00,0.44,0.9451062620661796,0.36829703959695215
2026-01-23 18:00:00+00:00,2026-01-24 06:00:00+00:00,2026-01-24 11:00:00,2,12,1,2026-01-23 18:00:00+00:00,0.98,0.951034433950215,0.36829703959695215
2026-01-23 18:00:00+00:00,2026-01-24 07:00:00+00:00,2026-01-24 12:00:00,2,13,2,2026-01-22 19:00:00+00:00,0.6233333333333334,0.9587740609725952,0.36829703959695215
2026-01-23 18:00:00+00:00,2026-01-24 08:00:00+00:00,2026-01-24 13:00:00,2,14,2,2026-01-22 20:00:00+00:00,0.98,0.9610528674032186,0.36829703959695215
2026-01-23 18:00:00+00:00,2026-01-24 09:00:00+00:00,2026-01-24 14:00:00,2,15,2,2026-01-22 21:00:00+00:00,0.9816666666666666,0.9709566267916477,0.36829703959695215
2026-01-23 18:00:00+00:00,2026-01-24 10:00:00+00:00,2026-01-24 15:00:00,2,16,2,2026-01-22 22:00:00+00:00,0.9899999999999999,0.926251570281272,0.36829703959695215
2026-01-23 18:00:00+00:00,2026-01-24 11:00:00+00:00,2026-01-24 16:00:00,2,17,2,2026-01-22 23:00:00+00:00,0.985,0.9051237052767039,0.36829703959695215
2026-01-23 18:00:00+00:00,2026-01-24 12:00:00+00:00,2026-01-24 17:00:00,2,18,2,2026-01-23 00:00:00+00:00,0.9899999999999999,0.8499353623105064,0.36829703959695215
2026-01-23 18:00:00+00:00,2026-01-24 13:00:00+00:00,2026-01-24 18:00:00,2,19,2,2026-01-23 01:00:00+00:00,0.9899999999999999,0.8188331168173603,0.36829703959695215
2026-01-23 18:00:00+00:00,2026-01-24 14:00:00+00:00,2026-01-24 19:00:00,2,20,2,2026-01-23 02:00:00+00:00,0.9899999999999999,0.8098375789131586,0.36829703959695215
2026-01-23 18:00:00+00:00,2026-01-24 15:00:00+00:00,2026-01-24 20:00:00,2,21,2,2026-01-23 03:00:00+00:00,0.955,0.7851998752274658,0.36829703959695215
2026-01-23 18:00:00+00:00,2026-01-24 16:00:00+00:00,2026-01-24 21:00:00,2,22,2,2026-01-23 04:00:00+00:00,0.9899999999999999,0.7944250256087395,0.36829703959695215
2026-01-23 18:00:00+00:00,2026-01-24 17:00:00+00:00,2026-01-24 22:00:00,2,23,2,2026-01-23 05:00:00+00:00,0.9899999999999999,0.7283569103025694,0.36829703959695215
2026-01-23 18:00:00+00:00,2026-01-24 18:00:00+00:00,2026-01-24 23:00:00,2,24,2,2026-01-23 06:00:00+00:00,0.9883333333333333,0.7489170017091035,0.36829703959695215
2026-01-23 18:00:00+00:00,2026-01-24 19:00:00+00:00,2026-01-25 00:00:00,2,25,2,2026-01-23 07:00:00+00:00,0.965,0.7029325023909763,0.36829703959695215
2026-01-23 18:00:00+00:00,2026-01-24 20:00:00+00:00,2026-01-25 01:00:00,2,26,2,2026-01-23 08:00:00+00:00,0.5499999999999999,0.6164359293498451,0.36829703959695215
2026-01-23 18:00:00+00:00,2026-01-24 21:00:00+00:00,2026-01-25 02:00:00,2,27,2,2026-01-23 09:00:00+00:00,0.23833333333333337,0.6431063304628266,0.36829703959695215
2026-01-23 18:00:00+00:00,2026-01-24 22:00:00+00:00,2026-01-25 03:00:00,2,28,2,2026-01-23 10:00:00+00:00,0.49,0.7186035492339977,0.36829703959695215
2026-01-23 18:00:00+00:00,2026-01-24 23:00:00+00:00,2026-01-25 04:00:00,2,29,2,2026-01-23 11:00:00+00:00,0.595,0.7002695437160595,0.36829703959695215
2026-01-23 18:00:00+00:00,2026-01-25 00:00:00+00:00,2026-01-25 05:00:00,2,30,2,2026-01-23 12:00:00+00:00,0.1416666666666667,0.4128044793910333,0.36829703959695215
2026-01-23 18:00:00+00:00,2026-01-25 01:00:00+00:00,2026-01-25 06:00:00,2,31,2,2026-01-23 13:00:00+00:00,0.023333333333333334,0.043095198914585325,0.36829703959695215
2026-01-23 18:00:00+00:00,2026-01-25 02:00:00+00:00,2026-01-25 07:00:00,2,32,2,2026-01-23 14:00:00+00:00,0.37333333333333335,0.014216984673600653,0.36829703959695215
2026-01-23 18:00:00+00:00,2026-01-25 03:00:00+00:00,2026-01-25 08:00:00,2,33,2,2026-01-23 15:00:00+00:00,0.37000000000000005,0.010563583864616408,0.36829703959695215
2026-01-23 18:00:00+00:00,2026-01-25 04:00:00+00:00,2026-01-25 09:00:00,2,34,2,2026-01-23 16:00:00+00:00,0.13166666666666668,0.006675729610539182,0.36829703959695215
2026-01-23 18:00:00+00:00,2026-01-25 05:00:00+00:00,2026-01-25 10:00:00,2,35,2,2026-01-23 17:00:00+00:00,0.06999999999999999,0.007070048411836491,0.36829703959695215
2026-01-23 18:00:00+00:00,2026-01-25 06:00:00+00:00,2026-01-25 11:00:00,2,36,2,2026-01-23 18:00:00+00:00,0.005,0.00907996104572817,0.36829703959695215
2026-01-23 18:00:00+00:00,2026-01-25 07:00:00+00:00,2026-01-25 12:00:00,2,37,3,2026-01-22 19:00:00+00:00,0.01,0.058746414197522,0.36829703959695215
2026-01-23 18:00:00+00:00,2026-01-25 08:00:00+00:00,2026-01-25 13:00:00,2,38,3,2026-01-22 20:00:00+00:00,0.008333333333333333,0.03427578199212271,0.36829703959695215
2026-01-23 18:00:00+00:00,2026-01-25 09:00:00+00:00,2026-01-25 14:00:00,2,39,3,2026-01-22 21:00:00+00:00,0.01,0.04683246612291703,0.36829703959695215
2026-01-23 18:00:00+00:00,2026-01-25 10:00:00+00:00,2026-01-25 15:00:00,2,40,3,2026-01-22 22:00:00+00:00,0.01,0.060805529724715215,0.36829703959695215
2026-01-23 18:00:00+00:00,2026-01-25 11:00:00+00:00,2026-01-25 16:00:00,2,41,3,2026-01-22 23:00:00+00:00,0.01,0.28027101199981924,0.36829703959695215
2026-01-23 18:00:00+00:00,2026-01-25 12:00:00+00:00,2026-01-25 17:00:00,2,42,3,2026-01-23 00:00:00+00:00,0.01,0.3080345271710681,0.36829703959695215
2026-01-23 18:00:00+00:00,2026-01-25 13:00:00+00:00,2026-01-25 18:00:00,2,43,3,2026-01-23 01:00:00+00:00,0.01,0.30984266330720306,0.36829703959695215
2026-01-23 18:00:00+00:00,2026-01-25 14:00:00+00:00,2026-01-25 19:00:00,2,44,3,2026-01-23 02:00:00+00:00,0.03333333333333333,0.333035143093318,0.36829703959695215
2026-01-23 18:00:00+00:00,2026-01-25 15:00:00+00:00,2026-01-25 20:00:00,2,45,3,2026-01-23 03:00:00+00:00,0.13333333333333333,0.31174777898013867,0.36829703959695215
2026-01-23 18:00:00+00:00,2026-01-25 16:00:00+00:00,2026-01-25 21:00:00,2,46,3,2026-01-23 04:00:00+00:00,0.215,0.17189597213686572,0.36829703959695215
2026-01-23 18:00:00+00:00,2026-01-25 17:00:00+00:00,2026-01-25 22:00:00,2,47,3,2026-01-23 05:00:00+00:00,0.32666666666666666,0.05540413973652593,0.36829703959695215
2026-01-23 18:00:00+00:00,2026-01-25 18:00:00+00:00,2026-01-25 23:00:00,2,48,3,2026-01-23 06:00:00+00:00,0.5416666666666666,0.01969616247642704,0.36829703959695215
2026-01-24 18:00:00+00:00,2026-01-24 19:00:00+00:00,2026-01-25 00:00:00,1,1,1,2026-01-24 07:00:00+00:00,0.9766666666666666,0.6325026614544503,0.3736853865525423
2026-01-24 18:00:00+00:00,2026-01-24 20:00:00+00:00,2026-01-25 01:00:00,1,2,1,2026-01-24 08:00:00+00:00,0.6383333333333333,0.6224682974893156,0.3736853865525423
2026-01-24 18:00:00+00:00,2026-01-24 21:00:00+00:00,2026-01-25 02:00:00,1,3,1,2026-01-24 09:00:00+00:00,0.295,0.5500691061618583,0.3736853865525423
2026-01-24 18:00:00+00:00,2026-01-24 22:00:00+00:00,2026-01-25 03:00:00,1,4,1,2026-01-24 10:00:00+00:00,0.49500000000000005,0.48493362008354407,0.3736853865525423
2026-01-24 18:00:00+00:00,2026-01-24 23:00:00+00:00,2026-01-25 04:00:00,1,5,1,2026-01-24 11:00:00+00:00,0.5533333333333333,0.08226639697082629,0.3736853865525423
2026-01-24 18:00:00+00:00,2026-01-25 00:00:00+00:00,2026-01-25 05:00:00,1,6,1,2026-01-24 12:00:00+00:00,0.13166666666666668,0.008935142734972413,0.3736853865525423
2026-01-24 18:00:00+00:00,2026-01-25 01:00:00+00:00,2026-01-25 06:00:00,1,7,1,2026-01-24 13:00:00+00:00,0.023333333333333334,0.0128895988643687,0.3736853865525423
2026-01-24 18:00:00+00:00,2026-01-25 02:00:00+00:00,2026-01-25 07:00:00,1,8,1,2026-01-24 14:00:00+00:00,0.35833333333333334,0.013601958419552203,0.3736853865525423
2026-01-24 18:00:00+00:00,2026-01-25 03:00:00+00:00,2026-01-25 08:00:00,1,9,1,2026-01-24 15:00:00+00:00,0.35333333333333333,0.014476544075022756,0.3736853865525423
2026-01-24 18:00:00+00:00,2026-01-25 04:00:00+00:00,2026-01-25 09:00:00,1,10,1,2026-01-24 16:00:00+00:00,0.14666666666666667,0.007630047283410513,0.3736853865525423
2026-01-24 18:00:00+00:00,2026-01-25 05:00:00+00:00,2026-01-25 10:00:00,1,11,1,2026-01-24 17:00:00+00:00,0.06666666666666667,0.013925519937279938,0.3736853865525423
2026-01-24 18:00:00+00:00,2026-01-25 06:00:00+00:00,2026-01-25 11:00:00,1,12,1,2026-01-24 18:00:00+00:00,0.008333333333333333,0.011163946799054612,0.3736853865525423
2026-01-24 18:00:00+00:00,2026-01-25 07:00:00+00:00,2026-01-25 12:00:00,1,13,2,2026-01-23 19:00:00+00:00,0.01,0.00914445899990009,0.3736853865525423
2026-01-24 18:00:00+00:00,2026-01-25 08:00:00+00:00,2026-01-25 13:00:00,1,14,2,2026-01-23 20:00:00+00:00,0.01,0.0,0.3736853865525423
2026-01-24 18:00:00+00:00,2026-01-25 09:00:00+00:00,2026-01-25 14:00:00,1,15,2,2026-01-23 21:00:00+00:00,0.01,0.03090987303054636,0.3736853865525423
2026-01-24 18:00:00+00:00,2026-01-25 10:00:00+00:00,2026-01-25 15:00:00,1,16,2,2026-01-23 22:00:00+00:00,0.01,0.03705436346681183,0.3736853865525423
2026-01-24 18:00:00+00:00,2026-01-25 11:00:00+00:00,2026-01-25 16:00:00,1,17,2,2026-01-23 23:00:00+00:00,0.01,0.11161408167555079,0.3736853865525423
2026-01-24 18:00:00+00:00,2026-01-25 12:00:00+00:00,2026-01-25 17:00:00,1,18,2,2026-01-24 00:00:00+00:00,0.01,0.24968375058272232,0.3736853865525423
2026-01-24 18:00:00+00:00,2026-01-25 13:00:00+00:00,2026-01-25 18:00:00,1,19,2,2026-01-24 01:00:00+00:00,0.01,0.17511861379879004,0.3736853865525423
2026-01-24 18:00:00+00:00,2026-01-25 14:00:00+00:00,2026-01-25 19:00:00,1,20,2,2026-01-24 02:00:00+00:00,0.03666666666666667,0.09051597689066933,0.3736853865525423
2026-01-24 18:00:00+00:00,2026-01-25 15:00:00+00:00,2026-01-25 20:00:00,1,21,2,2026-01-24 03:00:00+00:00,0.14833333333333334,0.04541170166988243,0.3736853865525423
2026-01-24 18:00:00+00:00,2026-01-25 16:00:00+00:00,2026-01-25 21:00:00,1,22,2,2026-01-24 04:00:00+00:00,0.20166666666666666,0.020415622301107116,0.3736853865525423
2026-01-24 18:00:00+00:00,2026-01-25 17:00:00+00:00,2026-01-25 22:00:00,1,23,2,2026-01-24 05:00:00+00:00,0.33666666666666667,0.027972529603868423,0.3736853865525423
2026-01-24 18:00:00+00:00,2026-01-25 18:00:00+00:00,2026-01-25 23:00:00,1,24,2,2026-01-24 06:00:00+00:00,0.61,0.035191914294749424,0.3736853865525423
2026-01-24 18:00:00+00:00,2026-01-25 19:00:00+00:00,2026-01-26 00:00:00,1,25,2,2026-01-24 07:00:00+00:00,0.26833333333333337,0.16001428503973864,0.3736853865525423
2026-01-24 18:00:00+00:00,2026-01-25 20:00:00+00:00,2026-01-26 01:00:00,1,26,2,2026-01-24 08:00:00+00:00,0.22833333333333336,0.3324413728292,0.3736853865525423
2026-01-24 18:00:00+00:00,2026-01-25 21:00:00+00:00,2026-01-26 02:00:00,1,27,2,2026-01-24 09:00:00+00:00,0.295,0.4301351032543737,0.3736853865525423
2026-01-24 18:00:00+00:00,2026-01-25 22:00:00+00:00,2026-01-26 03:00:00,1,28,2,2026-01-24 10:00:00+00:00,0.30666666666666664,0.7920890404024938,0.3736853865525423
2026-01-24 18:00:00+00:00,2026-01-25 23:00:00+00:00,2026-01-26 04:00:00,1,29,2,2026-01-24 11:00:00+00:00,0.27666666666666667,0.7362360768000444,0.3736853865525423
2026-01-24 18:00:00+00:00,2026-01-26 00:00:00+00:00,2026-01-26 05:00:00,1,30,2,2026-01-24 12:00:00+00:00,0.6033333333333334,0.47674703107999655,0.3736853865525423
2026-01-24 18:00:00+00:00,2026-01-26 01:00:00+00:00,2026-01-26 06:00:00,1,31,2,2026-01-24 13:00:00+00:00,0.2916666666666667,0.6541031856549455,0.3736853865525423
2026-01-24 18:00:00+00:00,2026-01-26 02:00:00+00:00,2026-01-26 07:00:00,1,32,2,2026-01-24 14:00:00+00:00,0.2733333333333334,0.6316633770794498,0.3736853865525423
2026-01-24 18:00:00+00:00,2026-01-26 03:00:00+00:00,2026-01-26 08:00:00,1,33,2,2026-01-24 15:00:00+00:00,0.3133333333333333,0.7376994970105073,0.3736853865525423
2026-01-24 18:00:00+00:00,2026-01-26 04:00:00+00:00,2026-01-26 09:00:00,1,34,2,2026-01-24 16:00:00+00:00,0.2383333333333333,0.7882383203299645,0.3736853865525423
2026-01-24 18:00:00+00:00,2026-01-26 05:00:00+00:00,2026-01-26 10:00:00,1,35,2,2026-01-24 17:00:00+00:00,0.24333333333333332,0.7348649657596934,0.3736853865525423
2026-01-24 18:00:00+00:00,2026-01-26 06:00:00+00:00,2026-01-26 11:00:00,1,36,2,2026-01-24 18:00:00+00:00,0.4766666666666666,0.623501996327655,0.3736853865525423
2026-01-24 18:00:00+00:00,2026-01-26 07:00:00+00:00,2026-01-26 12:00:00,1,37,3,2026-01-23 19:00:00+00:00,0.7983333333333333,0.9591095839438615,0.3736853865525423
2026-01-24 18:00:00+00:00,2026-01-26 08:00:00+00:00,2026-01-26 13:00:00,1,38,3,2026-01-23 20:00:00+00:00,0.7933333333333333,0.9606043950364351,0.3736853865525423
2026-01-24 18:00:00+00:00,2026-01-26 09:00:00+00:00,2026-01-26 14:00:00,1,39,3,2026-01-23 21:00:00+00:00,0.7600000000000001,0.9618704408891442,0.3736853865525423
2026-01-24 18:00:00+00:00,2026-01-26 10:00:00+00:00,2026-01-26 15:00:00,1,40,3,2026-01-23 22:00:00+00:00,0.6716666666666667,0.9288015207908157,0.3736853865525423
2026-01-24 18:00:00+00:00,2026-01-26 11:00:00+00:00,2026-01-26 16:00:00,1,41,3,2026-01-23 23:00:00+00:00,0.6133333333333333,0.9155312511041491,0.3736853865525423
2026-01-24 18:00:00+00:00,2026-01-26 12:00:00+00:00,2026-01-26 17:00:00,1,42,3,2026-01-24 00:00:00+00:00,0.39999999999999997,0.5707063513340886,0.3736853865525423
2026-01-24 18:00:00+00:00,2026-01-26 13:00:00+00:00,2026-01-26 18:00:00,1,43,3,2026-01-24 01:00:00+00:00,0.5,0.5194131167265195,0.3736853865525423
2026-01-24 18:00:00+00:00,2026-01-26 14:00:00+00:00,2026-01-26 19:00:00,1,44,3,2026-01-24 02:00:00+00:00,0.775,0.3831678800249417,0.3736853865525423
2026-01-24 18:00:00+00:00,2026-01-26 15:00:00+00:00,2026-01-26 20:00:00,1,45,3,2026-01-24 03:00:00+00:00,0.29833333333333334,0.3612637080779207,0.3736853865525423
2026-01-24 18:00:00+00:00,2026-01-26 16:00:00+00:00,2026-01-26 21:00:00,1,46,3,2026-01-24 04:00:00+00:00,0.16833333333333333,0.36513371755378027,0.3736853865525423
2026-01-24 18:00:00+00:00,2026-01-26 17:00:00+00:00,2026-01-26 22:00:00,1,47,3,2026-01-24 05:00:00+00:00,0.6983333333333333,0.28546558813953365,0.3736853865525423
2026-01-24 18:00:00+00:00,2026-01-26 18:00:00+00:00,2026-01-26 23:00:00,1,48,3,2026-01-24 06:00:00+00:00,0.9,0.15675699603554696,0.3736853865525423
2026-01-24 18:00:00+00:00,2026-01-24 19:00:00+00:00,2026-01-25 00:00:00,2,1,1,2026-01-24 07:00:00+00:00,0.965,0.6285397210544227,0.36829703959695215
2026-01-24 18:00:00+00:00,2026-01-24 20:00:00+00:00,2026-01-25 01:00:00,2,2,1,2026-01-24 08:00:00+00:00,0.5499999999999999,0.618505357089288,0.36829703959695215
2026-01-24 18:00:00+00:00,2026-01-24 21:00:00+00:00,2026-01-25 02:00:00,2,3,1,2026-01-24 09:00:00+00:00,0.23833333333333337,0.5490154680322852,0.36829703959695215
2026-01-24 18:00:00+00:00,2026-01-24 22:00:00+00:00,2026-01-25 03:00:00,2,4,1,2026-01-24 10:00:00+00:00,0.49,0.4838799819539707,0.36829703959695215
2026-01-24 18:00:00+00:00,2026-01-24 23:00:00+00:00,2026-01-25 04:00:00,2,5,1,2026-01-24 11:00:00+00:00,0.595,0.08065415819323245,0.36829703959695215
2026-01-24 18:00:00+00:00,2026-01-25 00:00:00+00:00,2026-01-25 05:00:00,2,6,1,2026-01-24 12:00:00+00:00,0.1416666666666667,0.007455051987952799,0.36829703959695215
2026-01-24 18:00:00+00:00,2026-01-25 01:00:00+00:00,2026-01-25 06:00:00,2,7,1,2026-01-24 13:00:00+00:00,0.023333333333333334,0.011409508117349094,0.36829703959695215
2026-01-24 18:00:00+00:00,2026-01-25 02:00:00+00:00,2026-01-25 07:00:00,2,8,1,2026-01-24 14:00:00+00:00,0.37333333333333335,0.012121867672532594,0.36829703959695215
2026-01-24 18:00:00+00:00,2026-01-25 03:00:00+00:00,2026-01-25 08:00:00,2,9,1,2026-01-24 15:00:00+00:00,0.37000000000000005,0.01299645332800315,0.36829703959695215
2026-01-24 18:00:00+00:00,2026-01-25 04:00:00+00:00,2026-01-25 09:00:00,2,10,1,2026-01-24 16:00:00+00:00,0.13166666666666668,0.004844363629588358,0.36829703959695215
2026-01-24 18:00:00+00:00,2026-01-25 05:00:00+00:00,2026-01-25 10:00:00,2,11,1,2026-01-24 17:00:00+00:00,0.06999999999999999,0.012413540990972468,0.36829703959695215
2026-01-24 18:00:00+00:00,2026-01-25 06:00:00+00:00,2026-01-25 11:00:00,2,12,1,2026-01-24 18:00:00+00:00,0.005,0.009651967852747127,0.36829703959695215
2026-01-24 18:00:00+00:00,2026-01-25 07:00:00+00:00,2026-01-25 12:00:00,2,13,2,2026-01-23 19:00:00+00:00,0.01,0.008632230653022646,0.36829703959695215
2026-01-24 18:00:00+00:00,2026-01-25 08:00:00+00:00,2026-01-25 13:00:00,2,14,2,2026-01-23 20:00:00+00:00,0.008333333333333333,0.0,0.36829703959695215
2026-01-24 18:00:00+00:00,2026-01-25 09:00:00+00:00,2026-01-25 14:00:00,2,15,2,2026-01-23 21:00:00+00:00,0.01,0.029819223412770806,0.36829703959695215
2026-01-24 18:00:00+00:00,2026-01-25 10:00:00+00:00,2026-01-25 15:00:00,2,16,2,2026-01-23 22:00:00+00:00,0.01,0.03523037769201495,0.36829703959695215
2026-01-24 18:00:00+00:00,2026-01-25 11:00:00+00:00,2026-01-25 16:00:00,2,17,2,2026-01-23 23:00:00+00:00,0.01,0.11962306282601526,0.36829703959695215
2026-01-24 18:00:00+00:00,2026-01-25 12:00:00+00:00,2026-01-25 17:00:00,2,18,2,2026-01-24 00:00:00+00:00,0.01,0.25461638765613165,0.36829703959695215
2026-01-24 18:00:00+00:00,2026-01-25 13:00:00+00:00,2026-01-25 18:00:00,2,19,2,2026-01-24 01:00:00+00:00,0.01,0.18023681631691377,0.36829703959695215
2026-01-24 18:00:00+00:00,2026-01-25 14:00:00+00:00,2026-01-25 19:00:00,2,20,2,2026-01-24 02:00:00+00:00,0.03333333333333333,0.08843620057458511,0.36829703959695215
2026-01-24 18:00:00+00:00,2026-01-25 15:00:00+00:00,2026-01-25 20:00:00,2,21,2,2026-01-24 03:00:00+00:00,0.13333333333333333,0.04421113324250734,0.36829703959695215
2026-01-24 18:00:00+00:00,2026-01-25 16:00:00+00:00,2026-01-25 21:00:00,2,22,2,2026-01-24 04:00:00+00:00,0.215,0.01827746960455812,0.36829703959695215
2026-01-24 18:00:00+00:00,2026-01-25 17:00:00+00:00,2026-01-25 22:00:00,2,23,2,2026-01-24 05:00:00+00:00,0.32666666666666666,0.026492438856848835,0.36829703959695215
2026-01-24 18:00:00+00:00,2026-01-25 18:00:00+00:00,2026-01-25 23:00:00,2,24,2,2026-01-24 06:00:00+00:00,0.5416666666666666,0.0340988176956176,0.36829703959695215
2026-01-24 18:00:00+00:00,2026-01-25 19:00:00+00:00,2026-01-26 00:00:00,2,25,2,2026-01-24 07:00:00+00:00,0.22,0.16033126459356706,0.36829703959695215
2026-01-24 18:00:00+00:00,2026-01-25 20:00:00+00:00,2026-01-26 01:00:00,2,26,2,2026-01-24 08:00:00+00:00,0.18166666666666667,0.3286299343876375,0.36829703959695215
2026-01-24 18:00:00+00:00,2026-01-25 21:00:00+00:00,2026-01-26 02:00:00,2,27,2,2026-01-24 09:00:00+00:00,0.30666666666666664,0.42749359349553356,0.36829703959695215
2026-01-24 18:00:00+00:00,2026-01-25 22:00:00+00:00,2026-01-26 03:00:00,2,28,2,2026-01-24 10:00:00+00:00,0.31833333333333336,0.7910354022729207,0.36829703959695215
2026-01-24 18:00:00+00:00,2026-01-25 23:00:00+00:00,2026-01-26 04:00:00,2,29,2,2026-01-24 11:00:00+00:00,0.22,0.7351824386704711,0.36829703959695215
2026-01-24 18:00:00+00:00,2026-01-26 00:00:00+00:00,2026-01-26 05:00:00,2,30,2,2026-01-24 12:00:00+00:00,0.5299999999999999,0.4756933929504233,0.36829703959695215
2026-01-24 18:00:00+00:00,2026-01-26 01:00:00+00:00,2026-01-26 06:00:00,2,31,2,2026-01-24 13:00:00+00:00,0.27,0.6530495475253724,0.36829703959695215
2026-01-24 18:00:00+00:00,2026-01-26 02:00:00+00:00,2026-01-26 07:00:00,2,32,2,2026-01-24 14:00:00+00:00,0.20166666666666666,0.6306097389498766,0.36829703959695215
2026-01-24 18:00:00+00:00,2026-01-26 03:00:00+00:00,2026-01-26 08:00:00,2,33,2,2026-01-24 15:00:00+00:00,0.18666666666666668,0.7358236851307229,0.36829703959695215
2026-01-24 18:00:00+00:00,2026-01-26 04:00:00+00:00,2026-01-26 09:00:00,2,34,2,2026-01-24 16:00:00+00:00,0.24,0.7876118305652591,0.36829703959695215
2026-01-24 18:00:00+00:00,2026-01-26 05:00:00+00:00,2026-01-26 10:00:00,2,35,2,2026-01-24 17:00:00+00:00,0.245,0.7350606497451991,0.36829703959695215
2026-01-24 18:00:00+00:00,2026-01-26 06:00:00+00:00,2026-01-26 11:00:00,2,36,2,2026-01-24 18:00:00+00:00,0.5083333333333333,0.6219626189738566,0.36829703959695215
2026-01-24 18:00:00+00:00,2026-01-26 07:00:00+00:00,2026-01-26 12:00:00,2,37,3,2026-01-23 19:00:00+00:00,0.8466666666666667,0.9545136975393689,0.36829703959695215
2026-01-24 18:00:00+00:00,2026-01-26 08:00:00+00:00,2026-01-26 13:00:00,2,38,3,2026-01-23 20:00:00+00:00,0.7966666666666667,0.9560085086319425,0.36829703959695215
2026-01-24 18:00:00+00:00,2026-01-26 09:00:00+00:00,2026-01-26 14:00:00,2,39,3,2026-01-23 21:00:00+00:00,0.75,0.9581846436243947,0.36829703959695215
2026-01-24 18:00:00+00:00,2026-01-26 10:00:00+00:00,2026-01-26 15:00:00,2,40,3,2026-01-23 22:00:00+00:00,0.7383333333333333,0.9251951804665294,0.36829703959695215
2026-01-24 18:00:00+00:00,2026-01-26 11:00:00+00:00,2026-01-26 16:00:00,2,41,3,2026-01-23 23:00:00+00:00,0.7016666666666667,0.9121251454541446,0.36829703959695215
2026-01-24 18:00:00+00:00,2026-01-26 12:00:00+00:00,2026-01-26 17:00:00,2,42,3,2026-01-24 00:00:00+00:00,0.48333333333333334,0.5697965037007267,0.36829703959695215
2026-01-24 18:00:00+00:00,2026-01-26 13:00:00+00:00,2026-01-26 18:00:00,2,43,3,2026-01-24 01:00:00+00:00,0.62,0.5185032690931575,0.36829703959695215
2026-01-24 18:00:00+00:00,2026-01-26 14:00:00+00:00,2026-01-26 19:00:00,2,44,3,2026-01-24 02:00:00+00:00,0.8716666666666667,0.3822580323915797,0.36829703959695215
2026-01-24 18:00:00+00:00,2026-01-26 15:00:00+00:00,2026-01-26 20:00:00,2,45,3,2026-01-24 03:00:00+00:00,0.3666666666666667,0.3603538604445588,0.36829703959695215
2026-01-24 18:00:00+00:00,2026-01-26 16:00:00+00:00,2026-01-26 21:00:00,2,46,3,2026-01-24 04:00:00+00:00,0.16666666666666666,0.3642238699204184,0.36829703959695215
2026-01-24 18:00:00+00:00,2026-01-26 17:00:00+00:00,2026-01-26 22:00:00,2,47,3,2026-01-24 05:00:00+00:00,0.6766666666666666,0.28441195000996017,0.36829703959695215
2026-01-24 18:00:00+00:00,2026-01-26 18:00:00+00:00,2026-01-26 23:00:00,2,48,3,2026-01-24 06:00:00+00:00,0.9266666666666666,0.1557033579059736,0.36829703959695215
2026-01-25 18:00:00+00:00,2026-01-25 19:00:00+00:00,2026-01-26 00:00:00,1,1,1,2026-01-25 07:00:00+00:00,0.26833333333333337,0.04434841152174049,0.3736853865525423
2026-01-25 18:00:00+00:00,2026-01-25 20:00:00+00:00,2026-01-26 01:00:00,1,2,1,2026-01-25 08:00:00+00:00,0.22833333333333336,0.5126734607000273,0.3736853865525423
2026-01-25 18:00:00+00:00,2026-01-25 21:00:00+00:00,2026-01-26 02:00:00,1,3,1,2026-01-25 09:00:00+00:00,0.295,0.5928842657024207,0.3736853865525423
2026-01-25 18:00:00+00:00,2026-01-25 22:00:00+00:00,2026-01-26 03:00:00,1,4,1,2026-01-25 10:00:00+00:00,0.30666666666666664,0.6343527038740624,0.3736853865525423
2026-01-25 18:00:00+00:00,2026-01-25 23:00:00+00:00,2026-01-26 04:00:00,1,5,1,2026-01-25 11:00:00+00:00,0.27666666666666667,0.7839771281126056,0.3736853865525423
2026-01-25 18:00:00+00:00,2026-01-26 00:00:00+00:00,2026-01-26 05:00:00,1,6,1,2026-01-25 12:00:00+00:00,0.6033333333333334,0.8404799869123614,0.3736853865525423
2026-01-25 18:00:00+00:00,2026-01-26 01:00:00+00:00,2026-01-26 06:00:00,1,7,1,2026-01-25 13:00:00+00:00,0.2916666666666667,0.5971211493053017,0.3736853865525423
2026-01-25 18:00:00+00:00,2026-01-26 02:00:00+00:00,2026-01-26 07:00:00,1,8,1,2026-01-25 14:00:00+00:00,0.2733333333333334,0.6621166912264786,0.3736853865525423
2026-01-25 18:00:00+00:00,2026-01-26 03:00:00+00:00,2026-01-26 08:00:00,1,9,1,2026-01-25 15:00:00+00:00,0.3133333333333333,0.6386658711286647,0.3736853865525423
2026-01-25 18:00:00+00:00,2026-01-26 04:00:00+00:00,2026-01-26 09:00:00,1,10,1,2026-01-25 16:00:00+00:00,0.2383333333333333,0.720245630776704,0.3736853865525423
2026-01-25 18:00:00+00:00,2026-01-26 05:00:00+00:00,2026-01-26 10:00:00,1,11,1,2026-01-25 17:00:00+00:00,0.24333333333333332,0.8209799358029557,0.3736853865525423
2026-01-25 18:00:00+00:00,2026-01-26 06:00:00+00:00,2026-01-26 11:00:00,1,12,1,2026-01-25 18:00:00+00:00,0.4766666666666666,0.7720133267280068,0.3736853865525423
2026-01-25 18:00:00+00:00,2026-01-26 07:00:00+00:00,2026-01-26 12:00:00,1,13,2,2026-01-24 19:00:00+00:00,0.7983333333333333,0.6914095258317617,0.3736853865525423
2026-01-25 18:00:00+00:00,2026-01-26 08:00:00+00:00,2026-01-26 13:00:00,1,14,2,2026-01-24 20:00:00+00:00,0.7933333333333333,0.7621533476614102,0.3736853865525423
2026-01-25 18:00:00+00:00,2026-01-26 09:00:00+00:00,2026-01-26 14:00:00,1,15,2,2026-01-24 21:00:00+00:00,0.7600000000000001,0.7587337862932843,0.3736853865525423
2026-01-25 18:00:00+00:00,2026-01-26 10:00:00+00:00,2026-01-26 15:00:00,1,16,2,2026-01-24 22:00:00+00:00,0.6716666666666667,0.7785638700946386,0.3736853865525423
2026-01-25 18:00:00+00:00,2026-01-26 11:00:00+00:00,2026-01-26 16:00:00,1,17,2,2026-01-24 23:00:00+00:00,0.6133333333333333,0.8188283447755119,0.3736853865525423
2026-01-25 18:00:00+00:00,2026-01-26 12:00:00+00:00,2026-01-26 17:00:00,1,18,2,2026-01-25 00:00:00+00:00,0.39999999999999997,0.5746383321459495,0.3736853865525423
2026-01-25 18:00:00+00:00,2026-01-26 13:00:00+00:00,2026-01-26 18:00:00,1,19,2,2026-01-25 01:00:00+00:00,0.5,0.5657923693783701,0.3736853865525423
2026-01-25 18:00:00+00:00,2026-01-26 14:00:00+00:00,2026-01-26 19:00:00,1,20,2,2026-01-25 02:00:00+00:00,0.775,0.5717247697248485,0.3736853865525423
2026-01-25 18:00:00+00:00,2026-01-26 15:00:00+00:00,2026-01-26 20:00:00,1,21,2,2026-01-25 03:00:00+00:00,0.29833333333333334,0.4759742594389362,0.3736853865525423
2026-01-25 18:00:00+00:00,2026-01-26 16:00:00+00:00,2026-01-26 21:00:00,1,22,2,2026-01-25 04:00:00+00:00,0.16833333333333333,0.4759742594389362,0.3736853865525423
2026-01-25 18:00:00+00:00,2026-01-26 17:00:00+00:00,2026-01-26 22:00:00,1,23,2,2026-01-25 05:00:00+00:00,0.6983333333333333,0.332736960291453,0.3736853865525423
2026-01-25 18:00:00+00:00,2026-01-26 18:00:00+00:00,2026-01-26 23:00:00,1,24,2,2026-01-25 06:00:00+00:00,0.9,0.3715165720270988,0.3736853865525423
2026-01-25 18:00:00+00:00,2026-01-26 19:00:00+00:00,2026-01-27 00:00:00,1,25,2,2026-01-25 07:00:00+00:00,0.65,0.47889574945125674,0.3736853865525423
2026-01-25 18:00:00+00:00,2026-01-26 20:00:00+00:00,2026-01-27 01:00:00,1,26,2,2026-01-25 08:00:00+00:00,0.6233333333333334,0.5498213409839634,0.3736853865525423
2026-01-25 18:00:00+00:00,2026-01-26 21:00:00+00:00,2026-01-27 02:00:00,1,27,2,2026-01-25 09:00:00+00:00,0.48,0.5734078966114038,0.3736853865525423
2026-01-25 18:00:00+00:00,2026-01-26 22:00:00+00:00,2026-01-27 03:00:00,1,28,2,2026-01-25 10:00:00+00:00,0.935,0.5033076760615398,0.3736853865525423
2026-01-25 18:00:00+00:00,2026-01-26 23:00:00+00:00,2026-01-27 04:00:00,1,29,2,2026-01-25 11:00:00+00:00,0.6849999999999999,0.5260428108651289,0.3736853865525423
2026-01-25 18:00:00+00:00,2026-01-27 00:00:00+00:00,2026-01-27 05:00:00,1,30,2,2026-01-25 12:00:00+00:00,0.4066666666666667,0.33156934291182555,0.3736853865525423
2026-01-25 18:00:00+00:00,2026-01-27 01:00:00+00:00,2026-01-27 06:00:00,1,31,2,2026-01-25 13:00:00+00:00,0.03166666666666667,0.1368567736257847,0.3736853865525423
2026-01-25 18:00:00+00:00,2026-01-27 02:00:00+00:00,2026-01-27 07:00:00,1,32,2,2026-01-25 14:00:00+00:00,0.013333333333333334,0.030973503661553888,0.3736853865525423
2026-01-25 18:00:00+00:00,2026-01-27 03:00:00+00:00,2026-01-27 08:00:00,1,33,2,2026-01-25 15:00:00+00:00,0.01,0.010132013656154801,0.3736853865525423
2026-01-25 18:00:00+00:00,2026-01-27 04:00:00+00:00,2026-01-27 09:00:00,1,34,2,2026-01-25 16:00:00+00:00,0.01,0.01106021722089622,0.3736853865525423
2026-01-25 18:00:00+00:00,2026-01-27 05:00:00+00:00,2026-01-27 10:00:00,1,35,2,2026-01-25 17:00:00+00:00,0.01,0.021697155308454136,0.3736853865525423
2026-01-25 18:00:00+00:00,2026-01-27 06:00:00+00:00,2026-01-27 11:00:00,1,36,2,2026-01-25 18:00:00+00:00,0.01,0.05742212893754254,0.3736853865525423
2026-01-25 18:00:00+00:00,2026-01-27 07:00:00+00:00,2026-01-27 12:00:00,1,37,3,2026-01-24 19:00:00+00:00,0.01,0.076645451322478,0.3736853865525423
2026-01-25 18:00:00+00:00,2026-01-27 08:00:00+00:00,2026-01-27 13:00:00,1,38,3,2026-01-24 20:00:00+00:00,0.01,0.06266702803969516,0.3736853865525423
2026-01-25 18:00:00+00:00,2026-01-27 09:00:00+00:00,2026-01-27 14:00:00,1,39,3,2026-01-24 21:00:00+00:00,0.01,0.07193907083050216,0.3736853865525423
2026-01-25 18:00:00+00:00,2026-01-27 10:00:00+00:00,2026-01-27 15:00:00,1,40,3,2026-01-24 22:00:00+00:00,0.01,0.06451598484289287,0.3736853865525423
2026-01-25 18:00:00+00:00,2026-01-27 11:00:00+00:00,2026-01-27 16:00:00,1,41,3,2026-01-24 23:00:00+00:00,0.01,0.051096836538612744,0.3736853865525423
2026-01-25 18:00:00+00:00,2026-01-27 12:00:00+00:00,2026-01-27 17:00:00,1,42,3,2026-01-25 00:00:00+00:00,0.01,0.032946304540576024,0.3736853865525423
2026-01-25 18:00:00+00:00,2026-01-27 13:00:00+00:00,2026-01-27 18:00:00,1,43,3,2026-01-25 01:00:00+00:00,0.01,0.032477343033607387,0.3736853865525423
2026-01-25 18:00:00+00:00,2026-01-27 14:00:00+00:00,2026-01-27 19:00:00,1,44,3,2026-01-25 02:00:00+00:00,0.01,0.03524405597090596,0.3736853865525423
2026-01-25 18:00:00+00:00,2026-01-27 15:00:00+00:00,2026-01-27 20:00:00,1,45,3,2026-01-25 03:00:00+00:00,0.016666666666666666,0.0336810315402443,0.3736853865525423
2026-01-25 18:00:00+00:00,2026-01-27 16:00:00+00:00,2026-01-27 21:00:00,1,46,3,2026-01-25 04:00:00+00:00,0.008333333333333333,0.02793591735521127,0.3736853865525423
2026-01-25 18:00:00+00:00,2026-01-27 17:00:00+00:00,2026-01-27 22:00:00,1,47,3,2026-01-25 05:00:00+00:00,0.01,0.02497106711435387,0.3736853865525423
2026-01-25 18:00:00+00:00,2026-01-27 18:00:00+00:00,2026-01-27 23:00:00,1,48,3,2026-01-25 06:00:00+00:00,0.01,0.04066234587170068,0.3736853865525423
2026-01-25 18:00:00+00:00,2026-01-25 19:00:00+00:00,2026-01-26 00:00:00,2,1,1,2026-01-25 07:00:00+00:00,0.22,0.04523492361155203,0.36829703959695215
2026-01-25 18:00:00+00:00,2026-01-25 20:00:00+00:00,2026-01-26 01:00:00,2,2,1,2026-01-25 08:00:00+00:00,0.18166666666666667,0.5088620222584647,0.36829703959695215
2026-01-25 18:00:00+00:00,2026-01-25 21:00:00+00:00,2026-01-26 02:00:00,2,3,1,2026-01-25 09:00:00+00:00,0.30666666666666664,0.5918306275728475,0.36829703959695215
2026-01-25 18:00:00+00:00,2026-01-25 22:00:00+00:00,2026-01-26 03:00:00,2,4,1,2026-01-25 10:00:00+00:00,0.31833333333333336,0.6313586773638924,0.36829703959695215
2026-01-25 18:00:00+00:00,2026-01-25 23:00:00+00:00,2026-01-26 04:00:00,2,5,1,2026-01-25 11:00:00+00:00,0.22,0.7809831016024356,0.36829703959695215
2026-01-25 18:00:00+00:00,2026-01-26 00:00:00+00:00,2026-01-26 05:00:00,2,6,1,2026-01-25 12:00:00+00:00,0.5299999999999999,0.839426348782788,0.36829703959695215
2026-01-25 18:00:00+00:00,2026-01-26 01:00:00+00:00,2026-01-26 06:00:00,2,7,1,2026-01-25 13:00:00+00:00,0.27,0.5960675111757283,0.36829703959695215
2026-01-25 18:00:00+00:00,2026-01-26 02:00:00+00:00,2026-01-26 07:00:00,2,8,1,2026-01-25 14:00:00+00:00,0.20166666666666666,0.6610630530969055,0.36829703959695215
2026-01-25 18:00:00+00:00,2026-01-26 03:00:00+00:00,2026-01-26 08:00:00,2,9,1,2026-01-25 15:00:00+00:00,0.18666666666666668,0.6376122329990915,0.36829703959695215
2026-01-25 18:00:00+00:00,2026-01-26 04:00:00+00:00,2026-01-26 09:00:00,2,10,1,2026-01-25 16:00:00+00:00,0.24,0.7204413147622097,0.36829703959695215
2026-01-25 18:00:00+00:00,2026-01-26 05:00:00+00:00,2026-01-26 10:00:00,2,11,1,2026-01-25 17:00:00+00:00,0.245,0.82035344603825,0.36829703959695215
2026-01-25 18:00:00+00:00,2026-01-26 06:00:00+00:00,2026-01-26 11:00:00,2,12,1,2026-01-25 18:00:00+00:00,0.5083333333333333,0.7704739493742084,0.36829703959695215
2026-01-25 18:00:00+00:00,2026-01-26 07:00:00+00:00,2026-01-26 12:00:00,2,13,2,2026-01-24 19:00:00+00:00,0.8466666666666667,0.6923688993453688,0.36829703959695215
2026-01-25 18:00:00+00:00,2026-01-26 08:00:00+00:00,2026-01-26 13:00:00,2,14,2,2026-01-24 20:00:00+00:00,0.7966666666666667,0.763112721175017,0.36829703959695215
2026-01-25 18:00:00+00:00,2026-01-26 09:00:00+00:00,2026-01-26 14:00:00,2,15,2,2026-01-24 21:00:00+00:00,0.75,0.7560888773206186,0.36829703959695215
2026-01-25 18:00:00+00:00,2026-01-26 10:00:00+00:00,2026-01-26 15:00:00,2,16,2,2026-01-24 22:00:00+00:00,0.7383333333333333,0.7768318487110656,0.36829703959695215
2026-01-25 18:00:00+00:00,2026-01-26 11:00:00+00:00,2026-01-26 16:00:00,2,17,2,2026-01-24 23:00:00+00:00,0.7016666666666667,0.8170963233919387,0.36829703959695215
2026-01-25 18:00:00+00:00,2026-01-26 12:00:00+00:00,2026-01-26 17:00:00,2,18,2,2026-01-25 00:00:00+00:00,0.48333333333333334,0.5737284845125877,0.36829703959695215
2026-01-25 18:00:00+00:00,2026-01-26 13:00:00+00:00,2026-01-26 18:00:00,2,19,2,2026-01-25 01:00:00+00:00,0.62,0.5648825217450083,0.36829703959695215
2026-01-25 18:00:00+00:00,2026-01-26 14:00:00+00:00,2026-01-26 19:00:00,2,20,2,2026-01-25 02:00:00+00:00,0.8716666666666667,0.5706776698462098,0.36829703959695215
2026-01-25 18:00:00+00:00,2026-01-26 15:00:00+00:00,2026-01-26 20:00:00,2,21,2,2026-01-25 03:00:00+00:00,0.3666666666666667,0.4750644118055743,0.36829703959695215
2026-01-25 18:00:00+00:00,2026-01-26 16:00:00+00:00,2026-01-26 21:00:00,2,22,2,2026-01-25 04:00:00+00:00,0.16666666666666666,0.4750644118055743,0.36829703959695215
2026-01-25 18:00:00+00:00,2026-01-26 17:00:00+00:00,2026-01-26 22:00:00,2,23,2,2026-01-25 05:00:00+00:00,0.6766666666666666,0.3316833221618796,0.36829703959695215
2026-01-25 18:00:00+00:00,2026-01-26 18:00:00+00:00,2026-01-26 23:00:00,2,24,2,2026-01-25 06:00:00+00:00,0.9266666666666666,0.37046293389752544,0.36829703959695215
2026-01-25 18:00:00+00:00,2026-01-26 19:00:00+00:00,2026-01-27 00:00:00,2,25,2,2026-01-25 07:00:00+00:00,0.7050000000000001,0.47784211132168325,0.36829703959695215
2026-01-25 18:00:00+00:00,2026-01-26 20:00:00+00:00,2026-01-27 01:00:00,2,26,2,2026-01-25 08:00:00+00:00,0.6266666666666666,0.5486304506091131,0.36829703959695215
2026-01-25 18:00:00+00:00,2026-01-26 21:00:00+00:00,2026-01-27 02:00:00,2,27,2,2026-01-25 09:00:00+00:00,0.49,0.5722170062365537,0.36829703959695215
2026-01-25 18:00:00+00:00,2026-01-26 22:00:00+00:00,2026-01-27 03:00:00,2,28,2,2026-01-25 10:00:00+00:00,0.935,0.5014318641817552,0.36829703959695215
2026-01-25 18:00:00+00:00,2026-01-26 23:00:00+00:00,2026-01-27 04:00:00,2,29,2,2026-01-25 11:00:00+00:00,0.6733333333333333,0.5249891727355556,0.36829703959695215
2026-01-25 18:00:00+00:00,2026-01-27 00:00:00+00:00,2026-01-27 05:00:00,2,30,2,2026-01-25 12:00:00+00:00,0.28833333333333333,0.32775790447026315,0.36829703959695215
2026-01-25 18:00:00+00:00,2026-01-27 01:00:00+00:00,2026-01-27 06:00:00,2,31,2,2026-01-25 13:00:00+00:00,0.028333333333333332,0.13304533518422215,0.36829703959695215
2026-01-25 18:00:00+00:00,2026-01-27 02:00:00+00:00,2026-01-27 07:00:00,2,32,2,2026-01-25 14:00:00+00:00,0.013333333333333334,0.027040514646281027,0.36829703959695215
2026-01-25 18:00:00+00:00,2026-01-27 03:00:00+00:00,2026-01-27 08:00:00,2,33,2,2026-01-25 15:00:00+00:00,0.01,0.009038917057023,0.36829703959695215
2026-01-25 18:00:00+00:00,2026-01-27 04:00:00+00:00,2026-01-27 09:00:00,2,34,2,2026-01-25 16:00:00+00:00,0.008333333333333333,0.009274284166504098,0.36829703959695215
2026-01-25 18:00:00+00:00,2026-01-27 05:00:00+00:00,2026-01-27 10:00:00,2,35,2,2026-01-25 17:00:00+00:00,0.01,0.02185338082440128,0.36829703959695215
2026-01-25 18:00:00+00:00,2026-01-27 06:00:00+00:00,2026-01-27 11:00:00,2,36,2,2026-01-25 18:00:00+00:00,0.01,0.05761580457209376,0.36829703959695215
2026-01-25 18:00:00+00:00,2026-01-27 07:00:00+00:00,2026-01-27 12:00:00,2,37,3,2026-01-24 19:00:00+00:00,0.01,0.07680167683842516,0.36829703959695215
2026-01-25 18:00:00+00:00,2026-01-27 08:00:00+00:00,2026-01-27 13:00:00,2,38,3,2026-01-24 20:00:00+00:00,0.01,0.06282325355564229,0.36829703959695215
2026-01-25 18:00:00+00:00,2026-01-27 09:00:00+00:00,2026-01-27 14:00:00,2,39,3,2026-01-24 21:00:00+00:00,0.01,0.07018791228184099,0.36829703959695215
2026-01-25 18:00:00+00:00,2026-01-27 10:00:00+00:00,2026-01-27 15:00:00,2,40,3,2026-01-24 22:00:00+00:00,0.01,0.06276482629423163,0.36829703959695215
2026-01-25 18:00:00+00:00,2026-01-27 11:00:00+00:00,2026-01-27 16:00:00,2,41,3,2026-01-24 23:00:00+00:00,0.01,0.04917677562273183,0.36829703959695215
2026-01-25 18:00:00+00:00,2026-01-27 12:00:00+00:00,2026-01-27 17:00:00,2,42,3,2026-01-25 00:00:00+00:00,0.01,0.03102624362469516,0.36829703959695215
2026-01-25 18:00:00+00:00,2026-01-27 13:00:00+00:00,2026-01-27 18:00:00,2,43,3,2026-01-25 01:00:00+00:00,0.01,0.030557282117726514,0.36829703959695215
2026-01-25 18:00:00+00:00,2026-01-27 14:00:00+00:00,2026-01-27 19:00:00,2,44,3,2026-01-25 02:00:00+00:00,0.01,0.03332399505502506,0.36829703959695215
2026-01-25 18:00:00+00:00,2026-01-27 15:00:00+00:00,2026-01-27 20:00:00,2,45,3,2026-01-25 03:00:00+00:00,0.013333333333333334,0.03176097062436343,0.36829703959695215
2026-01-25 18:00:00+00:00,2026-01-27 16:00:00+00:00,2026-01-27 21:00:00,2,46,3,2026-01-25 04:00:00+00:00,0.006666666666666667,0.025797764658662275,0.36829703959695215
2026-01-25 18:00:00+00:00,2026-01-27 17:00:00+00:00,2026-01-27 22:00:00,2,47,3,2026-01-25 05:00:00+00:00,0.008333333333333333,0.02221727165981958,0.36829703959695215
2026-01-25 18:00:00+00:00,2026-01-27 18:00:00+00:00,2026-01-27 23:00:00,2,48,3,2026-01-25 06:00:00+00:00,0.01,0.03710794852376756,0.36829703959695215
2026-01-26 18:00:00+00:00,2026-01-26 19:00:00+00:00,2026-01-27 00:00:00,1,1,1,2026-01-26 07:00:00+00:00,0.65,0.49370990580822754,0.3736853865525423
2026-01-26 18:00:00+00:00,2026-01-26 20:00:00+00:00,2026-01-27 01:00:00,1,2,1,2026-01-26 08:00:00+00:00,0.6233333333333334,0.5244461245015981,0.3736853865525423
2026-01-26 18:00:00+00:00,2026-01-26 21:00:00+00:00,2026-01-27 02:00:00,1,3,1,2026-01-26 09:00:00+00:00,0.48,0.5724777675598927,0.3736853865525423
2026-01-26 18:00:00+00:00,2026-01-26 22:00:00+00:00,2026-01-27 03:00:00,1,4,1,2026-01-26 10:00:00+00:00,0.935,0.5200344500140879,0.3736853865525423
2026-01-26 18:00:00+00:00,2026-01-26 23:00:00+00:00,2026-01-27 04:00:00,1,5,1,2026-01-26 11:00:00+00:00,0.6849999999999999,0.36113535921950163,0.3736853865525423
2026-01-26 18:00:00+00:00,2026-01-27 00:00:00+00:00,2026-01-27 05:00:00,1,6,1,2026-01-26 12:00:00+00:00,0.4066666666666667,0.052419819476153144,0.3736853865525423
2026-01-26 18:00:00+00:00,2026-01-27 01:00:00+00:00,2026-01-27 06:00:00,1,7,1,2026-01-26 13:00:00+00:00,0.03166666666666667,0.03534548905882488,0.3736853865525423
2026-01-26 18:00:00+00:00,2026-01-27 02:00:00+00:00,2026-01-27 07:00:00,1,8,1,2026-01-26 14:00:00+00:00,0.013333333333333334,0.0144053919125919,0.3736853865525423
2026-01-26 18:00:00+00:00,2026-01-27 03:00:00+00:00,2026-01-27 08:00:00,1,9,1,2026-01-26 15:00:00+00:00,0.01,0.009082197628879666,0.3736853865525423
2026-01-26 18:00:00+00:00,2026-01-27 04:00:00+00:00,2026-01-27 09:00:00,1,10,1,2026-01-26 16:00:00+00:00,0.01,0.012778188450799253,0.3736853865525423
2026-01-26 18:00:00+00:00,2026-01-27 05:00:00+00:00,2026-01-27 10:00:00,1,11,1,2026-01-26 17:00:00+00:00,0.01,0.017312406245704633,0.3736853865525423
2026-01-26 18:00:00+00:00,2026-01-27 06:00:00+00:00,2026-01-27 11:00:00,1,12,1,2026-01-26 18:00:00+00:00,0.01,0.009843542577386266,0.3736853865525423
2026-01-26 18:00:00+00:00,2026-01-27 07:00:00+00:00,2026-01-27 12:00:00,1,13,2,2026-01-25 19:00:00+00:00,0.01,0.03922398792587237,0.3736853865525423
2026-01-26 18:00:00+00:00,2026-01-27 08:00:00+00:00,2026-01-27 13:00:00,1,14,2,2026-01-25 20:00:00+00:00,0.01,0.051337663641909594,0.3736853865525423
2026-01-26 18:00:00+00:00,2026-01-27 09:00:00+00:00,2026-01-27 14:00:00,1,15,2,2026-01-25 21:00:00+00:00,0.01,0.05725645812410828,0.3736853865525423
2026-01-26 18:00:00+00:00,2026-01-27 10:00:00+00:00,2026-01-27 15:00:00,1,16,2,2026-01-25 22:00:00+00:00,0.01,0.0731263022185076,0.3736853865525423
2026-01-26 18:00:00+00:00,2026-01-27 11:00:00+00:00,2026-01-27 16:00:00,1,17,2,2026-01-25 23:00:00+00:00,0.01,0.10845048706777069,0.3736853865525423
2026-01-26 18:00:00+00:00,2026-01-27 12:00:00+00:00,2026-01-27 17:00:00,1,18,2,2026-01-26 00:00:00+00:00,0.01,0.08691212844344057,0.3736853865525423
2026-01-26 18:00:00+00:00,2026-01-27 13:00:00+00:00,2026-01-27 18:00:00,1,19,2,2026-01-26 01:00:00+00:00,0.01,0.06000418826237842,0.3736853865525423
2026-01-26 18:00:00+00:00,2026-01-27 14:00:00+00:00,2026-01-27 19:00:00,1,20,2,2026-01-26 02:00:00+00:00,0.01,0.04473401017563779,0.3736853865525423
2026-01-26 18:00:00+00:00,2026-01-27 15:00:00+00:00,2026-01-27 20:00:00,1,21,2,2026-01-26 03:00:00+00:00,0.016666666666666666,0.034721314962699125,0.3736853865525423
2026-01-26 18:00:00+00:00,2026-01-27 16:00:00+00:00,2026-01-27 21:00:00,1,22,2,2026-01-26 04:00:00+00:00,0.008333333333333333,0.04173343904813148,0.3736853865525423
2026-01-26 18:00:00+00:00,2026-01-27 17:00:00+00:00,2026-01-27 22:00:00,1,23,2,2026-01-26 05:00:00+00:00,0.01,0.03269595184750985,0.3736853865525423
2026-01-26 18:00:00+00:00,2026-01-27 18:00:00+00:00,2026-01-27 23:00:00,1,24,2,2026-01-26 06:00:00+00:00,0.01,0.06278590453639081,0.3736853865525423
2026-01-26 18:00:00+00:00,2026-01-27 19:00:00+00:00,2026-01-28 00:00:00,1,25,2,2026-01-26 07:00:00+00:00,0.01,0.05075981284853079,0.3736853865525423
2026-01-26 18:00:00+00:00,2026-01-27 20:00:00+00:00,2026-01-28 01:00:00,1,26,2,2026-01-26 08:00:00+00:00,0.01,0.02559018837117664,0.3736853865525423
2026-01-26 18:00:00+00:00,2026-01-27 21:00:00+00:00,2026-01-28 02:00:00,1,27,2,2026-01-26 09:00:00+00:00,0.01,0.013403503555790775,0.3736853865525423
2026-01-26 18:00:00+00:00,2026-01-27 22:00:00+00:00,2026-01-28 03:00:00,1,28,2,2026-01-26 10:00:00+00:00,0.01,0.01156777575064329,0.3736853865525423
2026-01-26 18:00:00+00:00,2026-01-27 23:00:00+00:00,2026-01-28 04:00:00,1,29,2,2026-01-26 11:00:00+00:00,0.01,0.010039881961045279,0.3736853865525423
2026-01-26 18:00:00+00:00,2026-01-28 00:00:00+00:00,2026-01-28 05:00:00,1,30,2,2026-01-26 12:00:00+00:00,0.01,0.019038840377467028,0.3736853865525423
2026-01-26 18:00:00+00:00,2026-01-28 01:00:00+00:00,2026-01-28 06:00:00,1,31,2,2026-01-26 13:00:00+00:00,0.01,0.035669919832061914,0.3736853865525423
2026-01-26 18:00:00+00:00,2026-01-28 02:00:00+00:00,2026-01-28 07:00:00,1,32,2,2026-01-26 14:00:00+00:00,0.03666666666666667,0.022718381419986434,0.3736853865525423
2026-01-26 18:00:00+00:00,2026-01-28 03:00:00+00:00,2026-01-28 08:00:00,1,33,2,2026-01-26 15:00:00+00:00,0.04,0.0006594727430056737,0.3736853865525423
2026-01-26 18:00:00+00:00,2026-01-28 04:00:00+00:00,2026-01-28 09:00:00,1,34,2,2026-01-26 16:00:00+00:00,0.01,0.002129143871096729,0.3736853865525423
2026-01-26 18:00:00+00:00,2026-01-28 05:00:00+00:00,2026-01-28 10:00:00,1,35,2,2026-01-26 17:00:00+00:00,0.01,0.01553544015032051,0.3736853865525423
2026-01-26 18:00:00+00:00,2026-01-28 06:00:00+00:00,2026-01-28 11:00:00,1,36,2,2026-01-26 18:00:00+00:00,0.01,0.007902461494973216,0.3736853865525423
2026-01-26 18:00:00+00:00,2026-01-28 07:00:00+00:00,2026-01-28 12:00:00,1,37,3,2026-01-25 19:00:00+00:00,0.01,0.022573305761247116,0.3736853865525423
2026-01-26 18:00:00+00:00,2026-01-28 08:00:00+00:00,2026-01-28 13:00:00,1,38,3,2026-01-25 20:00:00+00:00,0.01,0.03672391430327321,0.3736853865525423
2026-01-26 18:00:00+00:00,2026-01-28 09:00:00+00:00,2026-01-28 14:00:00,1,39,3,2026-01-25 21:00:00+00:00,0.01,0.08588626528273269,0.3736853865525423
2026-01-26 18:00:00+00:00,2026-01-28 10:00:00+00:00,2026-01-28 15:00:00,1,40,3,2026-01-25 22:00:00+00:00,0.01,0.16026881908643997,0.3736853865525423
2026-01-26 18:00:00+00:00,2026-01-28 11:00:00+00:00,2026-01-28 16:00:00,1,41,3,2026-01-25 23:00:00+00:00,0.01,0.2758116175887559,0.3736853865525423
2026-01-26 18:00:00+00:00,2026-01-28 12:00:00+00:00,2026-01-28 17:00:00,1,42,3,2026-01-26 00:00:00+00:00,0.07833333333333334,0.3244301668245844,0.3736853865525423
2026-01-26 18:00:00+00:00,2026-01-28 13:00:00+00:00,2026-01-28 18:00:00,1,43,3,2026-01-26 01:00:00+00:00,0.17166666666666666,0.3362670966030345,0.3736853865525423
2026-01-26 18:00:00+00:00,2026-01-28 14:00:00+00:00,2026-01-28 19:00:00,1,44,3,2026-01-26 02:00:00+00:00,0.49500000000000005,0.4838635374221382,0.3736853865525423
2026-01-26 18:00:00+00:00,2026-01-28 15:00:00+00:00,2026-01-28 20:00:00,1,45,3,2026-01-26 03:00:00+00:00,0.7183333333333333,0.4915745437088814,0.3736853865525423
2026-01-26 18:00:00+00:00,2026-01-28 16:00:00+00:00,2026-01-28 21:00:00,1,46,3,2026-01-26 04:00:00+00:00,0.4583333333333333,0.5163896397240063,0.3736853865525423
2026-01-26 18:00:00+00:00,2026-01-28 17:00:00+00:00,2026-01-28 22:00:00,1,47,3,2026-01-26 05:00:00+00:00,0.3183333333333333,0.45753381807419874,0.3736853865525423
2026-01-26 18:00:00+00:00,2026-01-28 18:00:00+00:00,2026-01-28 23:00:00,1,48,3,2026-01-26 06:00:00+00:00,0.2283333333333333,0.4476106739625883,0.3736853865525423
2026-01-26 18:00:00+00:00,2026-01-26 19:00:00+00:00,2026-01-27 00:00:00,2,1,1,2026-01-26 07:00:00+00:00,0.7050000000000001,0.49265626767865406,0.36829703959695215
2026-01-26 18:00:00+00:00,2026-01-26 20:00:00+00:00,2026-01-27 01:00:00,2,2,1,2026-01-26 08:00:00+00:00,0.6266666666666666,0.5233924863720247,0.36829703959695215
2026-01-26 18:00:00+00:00,2026-01-26 21:00:00+00:00,2026-01-27 02:00:00,2,3,1,2026-01-26 09:00:00+00:00,0.49,0.5714241294303195,0.36829703959695215
2026-01-26 18:00:00+00:00,2026-01-26 22:00:00+00:00,2026-01-27 03:00:00,2,4,1,2026-01-26 10:00:00+00:00,0.935,0.5189808118845145,0.36829703959695215
2026-01-26 18:00:00+00:00,2026-01-26 23:00:00+00:00,2026-01-27 04:00:00,2,5,1,2026-01-26 11:00:00+00:00,0.6733333333333333,0.36008172108992825,0.36829703959695215
2026-01-26 18:00:00+00:00,2026-01-27 00:00:00+00:00,2026-01-27 05:00:00,2,6,1,2026-01-26 12:00:00+00:00,0.28833333333333333,0.04886542212822004,0.36829703959695215
2026-01-26 18:00:00+00:00,2026-01-27 01:00:00+00:00,2026-01-27 06:00:00,2,7,1,2026-01-26 13:00:00+00:00,0.028333333333333332,0.03231023388935385,0.36829703959695215
2026-01-26 18:00:00+00:00,2026-01-27 02:00:00+00:00,2026-01-27 07:00:00,2,8,1,2026-01-26 14:00:00+00:00,0.013333333333333334,0.012643841450635534,0.36829703959695215
2026-01-26 18:00:00+00:00,2026-01-27 03:00:00+00:00,2026-01-27 08:00:00,2,9,1,2026-01-26 15:00:00+00:00,0.01,0.007320647166923289,0.36829703959695215
2026-01-26 18:00:00+00:00,2026-01-27 04:00:00+00:00,2026-01-27 09:00:00,2,10,1,2026-01-26 16:00:00+00:00,0.008333333333333333,0.012934413966746374,0.36829703959695215
2026-01-26 18:00:00+00:00,2026-01-27 05:00:00+00:00,2026-01-27 10:00:00,2,11,1,2026-01-26 17:00:00+00:00,0.01,0.017468631761651775,0.36829703959695215
2026-01-26 18:00:00+00:00,2026-01-27 06:00:00+00:00,2026-01-27 11:00:00,2,12,1,2026-01-26 18:00:00+00:00,0.01,0.009999768093333394,0.36829703959695215
2026-01-26 18:00:00+00:00,2026-01-27 07:00:00+00:00,2026-01-27 12:00:00,2,13,2,2026-01-25 19:00:00+00:00,0.01,0.03743805487148023,0.36829703959695215
2026-01-26 18:00:00+00:00,2026-01-27 08:00:00+00:00,2026-01-27 13:00:00,2,14,2,2026-01-25 20:00:00+00:00,0.01,0.049551730587517454,0.36829703959695215
2026-01-26 18:00:00+00:00,2026-01-27 09:00:00+00:00,2026-01-27 14:00:00,2,15,2,2026-01-25 21:00:00+00:00,0.01,0.05550529957544706,0.36829703959695215
2026-01-26 18:00:00+00:00,2026-01-27 10:00:00+00:00,2026-01-27 15:00:00,2,16,2,2026-01-25 22:00:00+00:00,0.01,0.07137514366984643,0.36829703959695215
2026-01-26 18:00:00+00:00,2026-01-27 11:00:00+00:00,2026-01-27 16:00:00,2,17,2,2026-01-25 23:00:00+00:00,0.01,0.10867893720805286,0.36829703959695215
2026-01-26 18:00:00+00:00,2026-01-27 12:00:00+00:00,2026-01-27 17:00:00,2,18,2,2026-01-26 00:00:00+00:00,0.01,0.07885168250186317,0.36829703959695215
2026-01-26 18:00:00+00:00,2026-01-27 13:00:00+00:00,2026-01-27 18:00:00,2,19,2,2026-01-26 01:00:00+00:00,0.01,0.05194374232080098,0.36829703959695215
2026-01-26 18:00:00+00:00,2026-01-27 14:00:00+00:00,2026-01-27 19:00:00,2,20,2,2026-01-26 02:00:00+00:00,0.01,0.04281394925975689,0.36829703959695215
2026-01-26 18:00:00+00:00,2026-01-27 15:00:00+00:00,2026-01-27 20:00:00,2,21,2,2026-01-26 03:00:00+00:00,0.013333333333333334,0.03280125404681821,0.36829703959695215
2026-01-26 18:00:00+00:00,2026-01-27 16:00:00+00:00,2026-01-27 21:00:00,2,22,2,2026-01-26 04:00:00+00:00,0.006666666666666667,0.03959528635158244,0.36829703959695215
2026-01-26 18:00:00+00:00,2026-01-27 17:00:00+00:00,2026-01-27 22:00:00,2,23,2,2026-01-26 05:00:00+00:00,0.008333333333333333,0.031215861100490246,0.36829703959695215
2026-01-26 18:00:00+00:00,2026-01-27 18:00:00+00:00,2026-01-27 23:00:00,2,24,2,2026-01-26 06:00:00+00:00,0.01,0.060562337724095056,0.36829703959695215
2026-01-26 18:00:00+00:00,2026-01-27 19:00:00+00:00,2026-01-28 00:00:00,2,25,2,2026-01-26 07:00:00+00:00,0.01,0.04853624603623509,0.36829703959695215
2026-01-26 18:00:00+00:00,2026-01-27 20:00:00+00:00,2026-01-28 01:00:00,2,26,2,2026-01-26 08:00:00+00:00,0.01,0.02305245463712881,0.36829703959695215
2026-01-26 18:00:00+00:00,2026-01-27 21:00:00+00:00,2026-01-28 02:00:00,2,27,2,2026-01-26 09:00:00+00:00,0.01,0.011122810915372355,0.36829703959695215
2026-01-26 18:00:00+00:00,2026-01-27 22:00:00+00:00,2026-01-28 03:00:00,2,28,2,2026-01-26 10:00:00+00:00,0.01,0.010087685003623677,0.36829703959695215
2026-01-26 18:00:00+00:00,2026-01-27 23:00:00+00:00,2026-01-28 04:00:00,2,29,2,2026-01-26 11:00:00+00:00,0.01,0.008559791214025666,0.36829703959695215
2026-01-26 18:00:00+00:00,2026-01-28 00:00:00+00:00,2026-01-28 05:00:00,2,30,2,2026-01-26 12:00:00+00:00,0.01,0.01650110664341919,0.36829703959695215
2026-01-26 18:00:00+00:00,2026-01-28 01:00:00+00:00,2026-01-28 06:00:00,2,31,2,2026-01-26 13:00:00+00:00,0.008333333333333333,0.0334463530197662,0.36829703959695215
2026-01-26 18:00:00+00:00,2026-01-28 02:00:00+00:00,2026-01-28 07:00:00,2,32,2,2026-01-26 14:00:00+00:00,0.03,0.020680380052405193,0.36829703959695215
2026-01-26 18:00:00+00:00,2026-01-28 03:00:00+00:00,2026-01-28 08:00:00,2,33,2,2026-01-26 15:00:00+00:00,0.03166666666666667,0.0,0.36829703959695215
2026-01-26 18:00:00+00:00,2026-01-28 04:00:00+00:00,2026-01-28 09:00:00,2,34,2,2026-01-26 16:00:00+00:00,0.01,0.003018705544065156,0.36829703959695215
2026-01-26 18:00:00+00:00,2026-01-28 05:00:00+00:00,2026-01-28 10:00:00,2,35,2,2026-01-26 17:00:00+00:00,0.01,0.016425001823288963,0.36829703959695215
2026-01-26 18:00:00+00:00,2026-01-28 06:00:00+00:00,2026-01-28 11:00:00,2,36,2,2026-01-26 18:00:00+00:00,0.01,0.006390482548665748,0.36829703959695215
2026-01-26 18:00:00+00:00,2026-01-28 07:00:00+00:00,2026-01-28 12:00:00,2,37,3,2026-01-25 19:00:00+00:00,0.01,0.021061326814939663,0.36829703959695215
2026-01-26 18:00:00+00:00,2026-01-28 08:00:00+00:00,2026-01-28 13:00:00,2,38,3,2026-01-25 20:00:00+00:00,0.01,0.03688013981922033,0.36829703959695215
2026-01-26 18:00:00+00:00,2026-01-28 09:00:00+00:00,2026-01-28 14:00:00,2,39,3,2026-01-25 21:00:00+00:00,0.01,0.08413510673407149,0.36829703959695215
2026-01-26 18:00:00+00:00,2026-01-28 10:00:00+00:00,2026-01-28 15:00:00,2,40,3,2026-01-25 22:00:00+00:00,0.051666666666666666,0.16014298228564972,0.36829703959695215
2026-01-26 18:00:00+00:00,2026-01-28 11:00:00+00:00,2026-01-28 16:00:00,2,41,3,2026-01-25 23:00:00+00:00,0.125,0.2756857807879655,0.36829703959695215
2026-01-26 18:00:00+00:00,2026-01-28 12:00:00+00:00,2026-01-28 17:00:00,2,42,3,2026-01-26 00:00:00+00:00,0.20833333333333334,0.3186370549740984,0.36829703959695215
2026-01-26 18:00:00+00:00,2026-01-28 13:00:00+00:00,2026-01-28 18:00:00,2,43,3,2026-01-26 01:00:00+00:00,0.14833333333333334,0.3353572489696726,0.36829703959695215
2026-01-26 18:00:00+00:00,2026-01-28 14:00:00+00:00,2026-01-28 19:00:00,2,44,3,2026-01-26 02:00:00+00:00,0.47833333333333333,0.48295368978877634,0.36829703959695215
2026-01-26 18:00:00+00:00,2026-01-28 15:00:00+00:00,2026-01-28 20:00:00,2,45,3,2026-01-26 03:00:00+00:00,0.7033333333333333,0.4906646960755195,0.36829703959695215
2026-01-26 18:00:00+00:00,2026-01-28 16:00:00+00:00,2026-01-28 21:00:00,2,46,3,2026-01-26 04:00:00+00:00,0.49333333333333335,0.5154797920906445,0.36829703959695215
2026-01-26 18:00:00+00:00,2026-01-28 17:00:00+00:00,2026-01-28 22:00:00,2,47,3,2026-01-26 05:00:00+00:00,0.34,0.45648017994462525,0.36829703959695215
2026-01-26 18:00:00+00:00,2026-01-28 18:00:00+00:00,2026-01-28 23:00:00,2,48,3,2026-01-26 06:00:00+00:00,0.20333333333333334,0.4465570358330149,0.36829703959695215
2026-01-27 18:00:00+00:00,2026-01-27 19:00:00+00:00,2026-01-28 00:00:00,1,1,1,2026-01-27 07:00:00+00:00,0.01,0.017753859610846013,0.3736853865525423
2026-01-27 18:00:00+00:00,2026-01-27 20:00:00+00:00,2026-01-28 01:00:00,1,2,1,2026-01-27 08:00:00+00:00,0.01,0.015844843055548855,0.3736853865525423
2026-01-27 18:00:00+00:00,2026-01-27 21:00:00+00:00,2026-01-28 02:00:00,1,3,1,2026-01-27 09:00:00+00:00,0.01,0.013693244691070347,0.3736853865525423
2026-01-27 18:00:00+00:00,2026-01-27 22:00:00+00:00,2026-01-28 03:00:00,1,4,1,2026-01-27 10:00:00+00:00,0.01,0.010881416649644326,0.3736853865525423
2026-01-27 18:00:00+00:00,2026-01-27 23:00:00+00:00,2026-01-28 04:00:00,1,5,1,2026-01-27 11:00:00+00:00,0.01,0.019432043724159003,0.3736853865525423
2026-01-27 18:00:00+00:00,2026-01-28 00:00:00+00:00,2026-01-28 05:00:00,1,6,1,2026-01-27 12:00:00+00:00,0.01,0.23162351993250124,0.3736853865525423
2026-01-27 18:00:00+00:00,2026-01-28 01:00:00+00:00,2026-01-28 06:00:00,1,7,1,2026-01-27 13:00:00+00:00,0.01,0.2702842422038742,0.3736853865525423
2026-01-27 18:00:00+00:00,2026-01-28 02:00:00+00:00,2026-01-28 07:00:00,1,8,1,2026-01-27 14:00:00+00:00,0.03666666666666667,0.3000170178678488,0.3736853865525423
2026-01-27 18:00:00+00:00,2026-01-28 03:00:00+00:00,2026-01-28 08:00:00,1,9,1,2026-01-27 15:00:00+00:00,0.04,0.2660306129989987,0.3736853865525423
2026-01-27 18:00:00+00:00,2026-01-28 04:00:00+00:00,2026-01-28 09:00:00,1,10,1,2026-01-27 16:00:00+00:00,0.01,0.23659515914062945,0.3736853865525423
2026-01-27 18:00:00+00:00,2026-01-28 05:00:00+00:00,2026-01-28 10:00:00,1,11,1,2026-01-27 17:00:00+00:00,0.01,0.2326298631534602,0.3736853865525423
2026-01-27 18:00:00+00:00,2026-01-28 06:00:00+00:00,2026-01-28 11:00:00,1,12,1,2026-01-27 18:00:00+00:00,0.01,0.04130423000333269,0.3736853865525423
2026-01-27 18:00:00+00:00,2026-01-28 07:00:00+00:00,2026-01-28 12:00:00,1,13,2,2026-01-26 19:00:00+00:00,0.01,0.013308244620256697,0.3736853865525423
2026-01-27 18:00:00+00:00,2026-01-28 08:00:00+00:00,2026-01-28 13:00:00,1,14,2,2026-01-26 20:00:00+00:00,0.01,0.0344225857495892,0.3736853865525423
2026-01-27 18:00:00+00:00,2026-01-28 09:00:00+00:00,2026-01-28 14:00:00,1,15,2,2026-01-26 21:00:00+00:00,0.01,0.05444186717673699,0.3736853865525423
2026-01-27 18:00:00+00:00,2026-01-28 10:00:00+00:00,2026-01-28 15:00:00,1,16,2,2026-01-26 22:00:00+00:00,0.01,0.11805412483323596,0.3736853865525423
2026-01-27 18:00:00+00:00,2026-01-28 11:00:00+00:00,2026-01-28 16:00:00,1,17,2,2026-01-26 23:00:00+00:00,0.01,0.15926806127392834,0.3736853865525423
2026-01-27 18:00:00+00:00,2026-01-28 12:00:00+00:00,2026-01-28 17:00:00,1,18,2,2026-01-27 00:00:00+00:00,0.07833333333333334,0.25144673109936583,0.3736853865525423
2026-01-27 18:00:00+00:00,2026-01-28 13:00:00+00:00,2026-01-28 18:00:00,1,19,2,2026-01-27 01:00:00+00:00,0.17166666666666666,0.13153209278679626,0.3736853865525423
2026-01-27 18:00:00+00:00,2026-01-28 14:00:00+00:00,2026-01-28 19:00:00,1,20,2,2026-01-27 02:00:00+00:00,0.49500000000000005,0.13769722054789796,0.3736853865525423
2026-01-27 18:00:00+00:00,2026-01-28 15:00:00+00:00,2026-01-28 20:00:00,1,21,2,2026-01-27 03:00:00+00:00,0.7183333333333333,0.18955614687997052,0.3736853865525423
2026-01-27 18:00:00+00:00,2026-01-28 16:00:00+00:00,2026-01-28 21:00:00,1,22,2,2026-01-27 04:00:00+00:00,0.4583333333333333,0.28800787339323847,0.3736853865525423
2026-01-27 18:00:00+00:00,2026-01-28 17:00:00+00:00,2026-01-28 22:00:00,1,23,2,2026-01-27 05:00:00+00:00,0.3183333333333333,0.3184630663767875,0.3736853865525423
2026-01-27 18:00:00+00:00,2026-01-28 18:00:00+00:00,2026-01-28 23:00:00,1,24,2,2026-01-27 06:00:00+00:00,0.2283333333333333,0.13748586363264148,0.3736853865525423
2026-01-27 18:00:00+00:00,2026-01-28 19:00:00+00:00,2026-01-29 00:00:00,1,25,2,2026-01-27 07:00:00+00:00,0.27166666666666667,0.1316108226823398,0.3736853865525423
2026-01-27 18:00:00+00:00,2026-01-28 20:00:00+00:00,2026-01-29 01:00:00,1,26,2,2026-01-27 08:00:00+00:00,0.13999999999999999,0.23318605284347835,0.3736853865525423
2026-01-27 18:00:00+00:00,2026-01-28 21:00:00+00:00,2026-01-29 02:00:00,1,27,2,2026-01-27 09:00:00+00:00,0.19999999999999998,0.2443723562192065,0.3736853865525423
2026-01-27 18:00:00+00:00,2026-01-28 22:00:00+00:00,2026-01-29 03:00:00,1,28,2,2026-01-27 10:00:00+00:00,0.23666666666666666,0.2570270853043842,0.3736853865525423
2026-01-27 18:00:00+00:00,2026-01-28 23:00:00+00:00,2026-01-29 04:00:00,1,29,2,2026-01-27 11:00:00+00:00,0.17,0.29504735980986946,0.3736853865525423
2026-01-27 18:00:00+00:00,2026-01-29 00:00:00+00:00,2026-01-29 05:00:00,1,30,2,2026-01-27 12:00:00+00:00,0.043333333333333335,0.3061062872577274,0.3736853865525423
2026-01-27 18:00:00+00:00,2026-01-29 01:00:00+00:00,2026-01-29 06:00:00,1,31,2,2026-01-27 13:00:00+00:00,0.015,0.2652676328258687,0.3736853865525423
2026-01-27 18:00:00+00:00,2026-01-29 02:00:00+00:00,2026-01-29 07:00:00,1,32,2,2026-01-27 14:00:00+00:00,0.011666666666666667,0.26785489861301787,0.3736853865525423
2026-01-27 18:00:00+00:00,2026-01-29 03:00:00+00:00,2026-01-29 08:00:00,1,33,2,2026-01-27 15:00:00+00:00,0.01,0.2932749344532228,0.3736853865525423
2026-01-27 18:00:00+00:00,2026-01-29 04:00:00+00:00,2026-01-29 09:00:00,1,34,2,2026-01-27 16:00:00+00:00,0.024999999999999998,0.37615450135834655,0.3736853865525423
2026-01-27 18:00:00+00:00,2026-01-29 05:00:00+00:00,2026-01-29 10:00:00,1,35,2,2026-01-27 17:00:00+00:00,0.03833333333333334,0.46487245979801267,0.3736853865525423
2026-01-27 18:00:00+00:00,2026-01-29 06:00:00+00:00,2026-01-29 11:00:00,1,36,2,2026-01-27 18:00:00+00:00,0.016666666666666666,0.6863595261643478,0.3736853865525423
2026-01-27 18:00:00+00:00,2026-01-29 07:00:00+00:00,2026-01-29 12:00:00,1,37,3,2026-01-26 19:00:00+00:00,0.2133333333333333,0.3895797775012935,0.3736853865525423
2026-01-27 18:00:00+00:00,2026-01-29 08:00:00+00:00,2026-01-29 13:00:00,1,38,3,2026-01-26 20:00:00+00:00,0.655,0.43494772641077933,0.3736853865525423
2026-01-27 18:00:00+00:00,2026-01-29 09:00:00+00:00,2026-01-29 14:00:00,1,39,3,2026-01-26 21:00:00+00:00,0.8666666666666667,0.4504392131730854,0.3736853865525423
2026-01-27 18:00:00+00:00,2026-01-29 10:00:00+00:00,2026-01-29 15:00:00,1,40,3,2026-01-26 22:00:00+00:00,0.8333333333333334,0.4519630154648127,0.3736853865525423
2026-01-27 18:00:00+00:00,2026-01-29 11:00:00+00:00,2026-01-29 16:00:00,1,41,3,2026-01-26 23:00:00+00:00,0.9366666666666666,0.39414857388600094,0.3736853865525423
2026-01-27 18:00:00+00:00,2026-01-29 12:00:00+00:00,2026-01-29 17:00:00,1,42,3,2026-01-27 00:00:00+00:00,0.9583333333333334,0.561145314706943,0.3736853865525423
2026-01-27 18:00:00+00:00,2026-01-29 13:00:00+00:00,2026-01-29 18:00:00,1,43,3,2026-01-27 01:00:00+00:00,0.8883333333333333,0.5793982984644748,0.3736853865525423
2026-01-27 18:00:00+00:00,2026-01-29 14:00:00+00:00,2026-01-29 19:00:00,1,44,3,2026-01-27 02:00:00+00:00,0.9116666666666666,0.5524006224431819,0.3736853865525423
2026-01-27 18:00:00+00:00,2026-01-29 15:00:00+00:00,2026-01-29 20:00:00,1,45,3,2026-01-27 03:00:00+00:00,0.9816666666666666,0.6960369635461052,0.3736853865525423
2026-01-27 18:00:00+00:00,2026-01-29 16:00:00+00:00,2026-01-29 21:00:00,1,46,3,2026-01-27 04:00:00+00:00,0.9899999999999999,0.8448011162967226,0.3736853865525423
2026-01-27 18:00:00+00:00,2026-01-29 17:00:00+00:00,2026-01-29 22:00:00,1,47,3,2026-01-27 05:00:00+00:00,0.9899999999999999,0.7789349141181084,0.3736853865525423
2026-01-27 18:00:00+00:00,2026-01-29 18:00:00+00:00,2026-01-29 23:00:00,1,48,3,2026-01-27 06:00:00+00:00,0.9899999999999999,0.7466322285993583,0.3736853865525423
2026-01-27 18:00:00+00:00,2026-01-27 19:00:00+00:00,2026-01-28 00:00:00,2,1,1,2026-01-27 07:00:00+00:00,0.01,0.01627376886382641,0.36829703959695215
2026-01-27 18:00:00+00:00,2026-01-27 20:00:00+00:00,2026-01-28 01:00:00,2,2,1,2026-01-27 08:00:00+00:00,0.01,0.014364752308529235,0.36829703959695215
2026-01-27 18:00:00+00:00,2026-01-27 21:00:00+00:00,2026-01-28 02:00:00,2,3,1,2026-01-27 09:00:00+00:00,0.01,0.012213153944050734,0.36829703959695215
2026-01-27 18:00:00+00:00,2026-01-27 22:00:00+00:00,2026-01-28 03:00:00,2,4,1,2026-01-27 10:00:00+00:00,0.01,0.009401325902624713,0.36829703959695215
2026-01-27 18:00:00+00:00,2026-01-27 23:00:00+00:00,2026-01-28 04:00:00,2,5,1,2026-01-27 11:00:00+00:00,0.01,0.017151351083740596,0.36829703959695215
2026-01-27 18:00:00+00:00,2026-01-28 00:00:00+00:00,2026-01-28 05:00:00,2,6,1,2026-01-27 12:00:00+00:00,0.01,0.2364123665096991,0.36829703959695215
2026-01-27 18:00:00+00:00,2026-01-28 01:00:00+00:00,2026-01-28 06:00:00,2,7,1,2026-01-27 13:00:00+00:00,0.008333333333333333,0.26824624083629295,0.36829703959695215
2026-01-27 18:00:00+00:00,2026-01-28 02:00:00+00:00,2026-01-28 07:00:00,2,8,1,2026-01-27 14:00:00+00:00,0.03,0.29797901650026754,0.36829703959695215
2026-01-27 18:00:00+00:00,2026-01-28 03:00:00+00:00,2026-01-28 08:00:00,2,9,1,2026-01-27 15:00:00+00:00,0.03166666666666667,0.27155279573321783,0.36829703959695215
2026-01-27 18:00:00+00:00,2026-01-28 04:00:00+00:00,2026-01-28 09:00:00,2,10,1,2026-01-27 16:00:00+00:00,0.01,0.24281889327762066,0.36829703959695215
2026-01-27 18:00:00+00:00,2026-01-28 05:00:00+00:00,2026-01-28 10:00:00,2,11,1,2026-01-27 17:00:00+00:00,0.01,0.23866803184573698,0.36829703959695215
2026-01-27 18:00:00+00:00,2026-01-28 06:00:00+00:00,2026-01-28 11:00:00,2,12,1,2026-01-27 18:00:00+00:00,0.01,0.04086829578374436,0.36829703959695215
2026-01-27 18:00:00+00:00,2026-01-28 07:00:00+00:00,2026-01-28 12:00:00,2,13,2,2026-01-26 19:00:00+00:00,0.01,0.011796265673949223,0.36829703959695215
2026-01-27 18:00:00+00:00,2026-01-28 08:00:00+00:00,2026-01-28 13:00:00,2,14,2,2026-01-26 20:00:00+00:00,0.01,0.03262784221167959,0.36829703959695215
2026-01-27 18:00:00+00:00,2026-01-28 09:00:00+00:00,2026-01-28 14:00:00,2,15,2,2026-01-26 21:00:00+00:00,0.01,0.054219955234862685,0.36829703959695215
2026-01-27 18:00:00+00:00,2026-01-28 10:00:00+00:00,2026-01-28 15:00:00,2,16,2,2026-01-26 22:00:00+00:00,0.051666666666666666,0.1179282880324457,0.36829703959695215
2026-01-27 18:00:00+00:00,2026-01-28 11:00:00+00:00,2026-01-28 16:00:00,2,17,2,2026-01-26 23:00:00+00:00,0.125,0.15744532605147352,0.36829703959695215
2026-01-27 18:00:00+00:00,2026-01-28 12:00:00+00:00,2026-01-28 17:00:00,2,18,2,2026-01-27 00:00:00+00:00,0.20833333333333334,0.24936695478328127,0.36829703959695215
2026-01-27 18:00:00+00:00,2026-01-28 13:00:00+00:00,2026-01-28 18:00:00,2,19,2,2026-01-27 01:00:00+00:00,0.14833333333333334,0.12980660341178446,0.36829703959695215
2026-01-27 18:00:00+00:00,2026-01-28 14:00:00+00:00,2026-01-28 19:00:00,2,20,2,2026-01-27 02:00:00+00:00,0.47833333333333333,0.13594606199923678,0.36829703959695215
2026-01-27 18:00:00+00:00,2026-01-28 15:00:00+00:00,2026-01-28 20:00:00,2,21,2,2026-01-27 03:00:00+00:00,0.7033333333333333,0.1886462992466086,0.36829703959695215
2026-01-27 18:00:00+00:00,2026-01-28 16:00:00+00:00,2026-01-28 21:00:00,2,22,2,2026-01-27 04:00:00+00:00,0.49333333333333335,0.2870980257598765,0.36829703959695215
2026-01-27 18:00:00+00:00,2026-01-28 17:00:00+00:00,2026-01-28 22:00:00,2,23,2,2026-01-27 05:00:00+00:00,0.34,0.31740942824721413,0.36829703959695215
2026-01-27 18:00:00+00:00,2026-01-28 18:00:00+00:00,2026-01-28 23:00:00,2,24,2,2026-01-27 06:00:00+00:00,0.20333333333333334,0.1364322255030681,0.36829703959695215
2026-01-27 18:00:00+00:00,2026-01-28 19:00:00+00:00,2026-01-29 00:00:00,2,25,2,2026-01-27 07:00:00+00:00,0.26499999999999996,0.13055718455276644,0.36829703959695215
2026-01-27 18:00:00+00:00,2026-01-28 20:00:00+00:00,2026-01-29 01:00:00,2,26,2,2026-01-27 08:00:00+00:00,0.14,0.23213241471390483,0.36829703959695215
2026-01-27 18:00:00+00:00,2026-01-28 21:00:00+00:00,2026-01-29 02:00:00,2,27,2,2026-01-27 09:00:00+00:00,0.19499999999999998,0.24331871808963315,0.36829703959695215
2026-01-27 18:00:00+00:00,2026-01-28 22:00:00+00:00,2026-01-29 03:00:00,2,28,2,2026-01-27 10:00:00+00:00,0.20833333333333334,0.2559734471748108,0.36829703959695215
2026-01-27 18:00:00+00:00,2026-01-28 23:00:00+00:00,2026-01-29 04:00:00,2,29,2,2026-01-27 11:00:00+00:00,0.15666666666666665,0.29399372168029597,0.36829703959695215
2026-01-27 18:00:00+00:00,2026-01-29 00:00:00+00:00,2026-01-29 05:00:00,2,30,2,2026-01-27 12:00:00+00:00,0.03,0.304419492505614,0.36829703959695215
2026-01-27 18:00:00+00:00,2026-01-29 01:00:00+00:00,2026-01-29 06:00:00,2,31,2,2026-01-27 13:00:00+00:00,0.01,0.2635808380737554,0.36829703959695215
2026-01-27 18:00:00+00:00,2026-01-29 02:00:00+00:00,2026-01-29 07:00:00,2,32,2,2026-01-27 14:00:00+00:00,0.011666666666666667,0.26616810386090456,0.36829703959695215
2026-01-27 18:00:00+00:00,2026-01-29 03:00:00+00:00,2026-01-29 08:00:00,2,33,2,2026-01-27 15:00:00+00:00,0.01,0.29158813970110947,0.36829703959695215
2026-01-27 18:00:00+00:00,2026-01-29 04:00:00+00:00,2026-01-29 09:00:00,2,34,2,2026-01-27 16:00:00+00:00,0.02,0.375717028721312,0.36829703959695215
2026-01-27 18:00:00+00:00,2026-01-29 05:00:00+00:00,2026-01-29 10:00:00,2,35,2,2026-01-27 17:00:00+00:00,0.04,0.46415525619442527,0.36829703959695215
2026-01-27 18:00:00+00:00,2026-01-29 06:00:00+00:00,2026-01-29 11:00:00,2,36,2,2026-01-27 18:00:00+00:00,0.011666666666666667,0.682968705211713,0.36829703959695215
2026-01-27 18:00:00+00:00,2026-01-29 07:00:00+00:00,2026-01-29 12:00:00,2,37,3,2026-01-26 19:00:00+00:00,0.20166666666666666,0.3913613247651115,0.36829703959695215
2026-01-27 18:00:00+00:00,2026-01-29 08:00:00+00:00,2026-01-29 13:00:00,2,38,3,2026-01-26 20:00:00+00:00,0.725,0.4367292736745973,0.36829703959695215
2026-01-27 18:00:00+00:00,2026-01-29 09:00:00+00:00,2026-01-29 14:00:00,2,39,3,2026-01-26 21:00:00+00:00,0.8516666666666667,0.450313376372295,0.36829703959695215
2026-01-27 18:00:00+00:00,2026-01-29 10:00:00+00:00,2026-01-29 15:00:00,2,40,3,2026-01-26 22:00:00+00:00,0.8766666666666666,0.4501402802423578,0.36829703959695215
2026-01-27 18:00:00+00:00,2026-01-29 11:00:00+00:00,2026-01-29 16:00:00,2,41,3,2026-01-26 23:00:00+00:00,0.9616666666666666,0.3926055696300991,0.36829703959695215
2026-01-27 18:00:00+00:00,2026-01-29 12:00:00+00:00,2026-01-29 17:00:00,2,42,3,2026-01-27 00:00:00+00:00,0.9700000000000001,0.5596023104510413,0.36829703959695215
2026-01-27 18:00:00+00:00,2026-01-29 13:00:00+00:00,2026-01-29 18:00:00,2,43,3,2026-01-27 01:00:00+00:00,0.9183333333333333,0.5778552942085731,0.36829703959695215
2026-01-27 18:00:00+00:00,2026-01-29 14:00:00+00:00,2026-01-29 19:00:00,2,44,3,2026-01-27 02:00:00+00:00,0.9333333333333332,0.55085761818728,0.36829703959695215
2026-01-27 18:00:00+00:00,2026-01-29 15:00:00+00:00,2026-01-29 20:00:00,2,45,3,2026-01-27 03:00:00+00:00,0.9833333333333334,0.6944939592902035,0.36829703959695215
2026-01-27 18:00:00+00:00,2026-01-29 16:00:00+00:00,2026-01-29 21:00:00,2,46,3,2026-01-27 04:00:00+00:00,0.9899999999999999,0.8430554967944945,0.36829703959695215
2026-01-27 18:00:00+00:00,2026-01-29 17:00:00+00:00,2026-01-29 22:00:00,2,47,3,2026-01-27 05:00:00+00:00,0.9899999999999999,0.7762792054761375,0.36829703959695215
2026-01-27 18:00:00+00:00,2026-01-29 18:00:00+00:00,2026-01-29 23:00:00,2,48,3,2026-01-27 06:00:00+00:00,0.9899999999999999,0.7436382020891883,0.36829703959695215
2026-01-28 18:00:00+00:00,2026-01-28 19:00:00+00:00,2026-01-29 00:00:00,1,1,1,2026-01-28 07:00:00+00:00,0.27166666666666667,0.2850869427931689,0.3736853865525423
2026-01-28 18:00:00+00:00,2026-01-28 20:00:00+00:00,2026-01-29 01:00:00,1,2,1,2026-01-28 08:00:00+00:00,0.13999999999999999,0.2686226766005078,0.3736853865525423
2026-01-28 18:00:00+00:00,2026-01-28 21:00:00+00:00,2026-01-29 02:00:00,1,3,1,2026-01-28 09:00:00+00:00,0.19999999999999998,0.21185451847252246,0.3736853865525423
2026-01-28 18:00:00+00:00,2026-01-28 22:00:00+00:00,2026-01-29 03:00:00,1,4,1,2026-01-28 10:00:00+00:00,0.23666666666666666,0.1900140669943846,0.3736853865525423
2026-01-28 18:00:00+00:00,2026-01-28 23:00:00+00:00,2026-01-29 04:00:00,1,5,1,2026-01-28 11:00:00+00:00,0.17,0.19270061923769027,0.3736853865525423
2026-01-28 18:00:00+00:00,2026-01-29 00:00:00+00:00,2026-01-29 05:00:00,1,6,1,2026-01-28 12:00:00+00:00,0.043333333333333335,0.15486045471562387,0.3736853865525423
2026-01-28 18:00:00+00:00,2026-01-29 01:00:00+00:00,2026-01-29 06:00:00,1,7,1,2026-01-28 13:00:00+00:00,0.015,0.16731239796077244,0.3736853865525423
2026-01-28 18:00:00+00:00,2026-01-29 02:00:00+00:00,2026-01-29 07:00:00,1,8,1,2026-01-28 14:00:00+00:00,0.011666666666666667,0.2076582860143846,0.3736853865525423
2026-01-28 18:00:00+00:00,2026-01-29 03:00:00+00:00,2026-01-29 08:00:00,1,9,1,2026-01-28 15:00:00+00:00,0.01,0.2556856743034572,0.3736853865525423
2026-01-28 18:00:00+00:00,2026-01-29 04:00:00+00:00,2026-01-29 09:00:00,1,10,1,2026-01-28 16:00:00+00:00,0.024999999999999998,0.4490942667196867,0.3736853865525423
2026-01-28 18:00:00+00:00,2026-01-29 05:00:00+00:00,2026-01-29 10:00:00,1,11,1,2026-01-28 17:00:00+00:00,0.03833333333333334,0.6497847810259497,0.3736853865525423
2026-01-28 18:00:00+00:00,2026-01-29 06:00:00+00:00,2026-01-29 11:00:00,1,12,1,2026-01-28 18:00:00+00:00,0.016666666666666666,0.6046235268051076,0.3736853865525423
2026-01-28 18:00:00+00:00,2026-01-29 07:00:00+00:00,2026-01-29 12:00:00,1,13,2,2026-01-27 19:00:00+00:00,0.2133333333333333,0.8631222343045633,0.3736853865525423
2026-01-28 18:00:00+00:00,2026-01-29 08:00:00+00:00,2026-01-29 13:00:00,1,14,2,2026-01-27 20:00:00+00:00,0.655,0.8669602476961777,0.3736853865525423
2026-01-28 18:00:00+00:00,2026-01-29 09:00:00+00:00,2026-01-29 14:00:00,1,15,2,2026-01-27 21:00:00+00:00,0.8666666666666667,0.8264311898215838,0.3736853865525423
2026-01-28 18:00:00+00:00,2026-01-29 10:00:00+00:00,2026-01-29 15:00:00,1,16,2,2026-01-27 22:00:00+00:00,0.8333333333333334,0.8134234768824345,0.3736853865525423
2026-01-28 18:00:00+00:00,2026-01-29 11:00:00+00:00,2026-01-29 16:00:00,1,17,2,2026-01-27 23:00:00+00:00,0.9366666666666666,0.693945417030191,0.3736853865525423
2026-01-28 18:00:00+00:00,2026-01-29 12:00:00+00:00,2026-01-29 17:00:00,1,18,2,2026-01-28 00:00:00+00:00,0.9583333333333334,0.6104194095557277,0.3736853865525423
2026-01-28 18:00:00+00:00,2026-01-29 13:00:00+00:00,2026-01-29 18:00:00,1,19,2,2026-01-28 01:00:00+00:00,0.8883333333333333,0.6478649107475393,0.3736853865525423
2026-01-28 18:00:00+00:00,2026-01-29 14:00:00+00:00,2026-01-29 19:00:00,1,20,2,2026-01-28 02:00:00+00:00,0.9116666666666666,0.652121470026818,0.3736853865525423
2026-01-28 18:00:00+00:00,2026-01-29 15:00:00+00:00,2026-01-29 20:00:00,1,21,2,2026-01-28 03:00:00+00:00,0.9816666666666666,0.6483747635048779,0.3736853865525423
2026-01-28 18:00:00+00:00,2026-01-29 16:00:00+00:00,2026-01-29 21:00:00,1,22,2,2026-01-28 04:00:00+00:00,0.9899999999999999,0.755501811940371,0.3736853865525423
2026-01-28 18:00:00+00:00,2026-01-29 17:00:00+00:00,2026-01-29 22:00:00,1,23,2,2026-01-28 05:00:00+00:00,0.9899999999999999,0.7164484559881383,0.3736853865525423
2026-01-28 18:00:00+00:00,2026-01-29 18:00:00+00:00,2026-01-29 23:00:00,1,24,2,2026-01-28 06:00:00+00:00,0.9899999999999999,0.7630699995589113,0.3736853865525423
2026-01-28 18:00:00+00:00,2026-01-29 19:00:00+00:00,2026-01-30 00:00:00,1,25,2,2026-01-28 07:00:00+00:00,0.8466666666666667,0.7969663075872919,0.3736853865525423
2026-01-28 18:00:00+00:00,2026-01-29 20:00:00+00:00,2026-01-30 01:00:00,1,26,2,2026-01-28 08:00:00+00:00,0.6749999999999999,0.8262693848334465,0.3736853865525423
2026-01-28 18:00:00+00:00,2026-01-29 21:00:00+00:00,2026-01-30 02:00:00,1,27,2,2026-01-28 09:00:00+00:00,0.6966666666666667,0.8350720733202327,0.3736853865525423
2026-01-28 18:00:00+00:00,2026-01-29 22:00:00+00:00,2026-01-30 03:00:00,1,28,2,2026-01-28 10:00:00+00:00,0.4666666666666666,0.859215499934492,0.3736853865525423
2026-01-28 18:00:00+00:00,2026-01-29 23:00:00+00:00,2026-01-30 04:00:00,1,29,2,2026-01-28 11:00:00+00:00,0.40166666666666667,0.8505366665736275,0.3736853865525423
2026-01-28 18:00:00+00:00,2026-01-30 00:00:00+00:00,2026-01-30 05:00:00,1,30,2,2026-01-28 12:00:00+00:00,0.7016666666666667,0.7788156900761439,0.3736853865525423
2026-01-28 18:00:00+00:00,2026-01-30 01:00:00+00:00,2026-01-30 06:00:00,1,31,2,2026-01-28 13:00:00+00:00,0.7133333333333334,0.8419996648913634,0.3736853865525423
2026-01-28 18:00:00+00:00,2026-01-30 02:00:00+00:00,2026-01-30 07:00:00,1,32,2,2026-01-28 14:00:00+00:00,0.5516666666666666,0.8470480922257829,0.3736853865525423
2026-01-28 18:00:00+00:00,2026-01-30 03:00:00+00:00,2026-01-30 08:00:00,1,33,2,2026-01-28 15:00:00+00:00,0.5716666666666667,0.9243970272077408,0.3736853865525423
2026-01-28 18:00:00+00:00,2026-01-30 04:00:00+00:00,2026-01-30 09:00:00,1,34,2,2026-01-28 16:00:00+00:00,0.7983333333333333,0.8495282604343276,0.3736853865525423
2026-01-28 18:00:00+00:00,2026-01-30 05:00:00+00:00,2026-01-30 10:00:00,1,35,2,2026-01-28 17:00:00+00:00,0.9416666666666668,0.9723929540358429,0.3736853865525423
2026-01-28 18:00:00+00:00,2026-01-30 06:00:00+00:00,2026-01-30 11:00:00,1,36,2,2026-01-28 18:00:00+00:00,0.96,0.9814974332262737,0.3736853865525423
2026-01-28 18:00:00+00:00,2026-01-30 07:00:00+00:00,2026-01-30 12:00:00,1,37,3,2026-01-27 19:00:00+00:00,0.975,0.9856191300712294,0.3736853865525423
2026-01-28 18:00:00+00:00,2026-01-30 08:00:00+00:00,2026-01-30 13:00:00,1,38,3,2026-01-27 20:00:00+00:00,0.9833333333333334,0.9942268741153468,0.3736853865525423
2026-01-28 18:00:00+00:00,2026-01-30 09:00:00+00:00,2026-01-30 14:00:00,1,39,3,2026-01-27 21:00:00+00:00,0.945,0.997251473215467,0.3736853865525423
2026-01-28 18:00:00+00:00,2026-01-30 10:00:00+00:00,2026-01-30 15:00:00,1,40,3,2026-01-27 22:00:00+00:00,0.9633333333333334,0.9821097445130701,0.3736853865525423
2026-01-28 18:00:00+00:00,2026-01-30 11:00:00+00:00,2026-01-30 16:00:00,1,41,3,2026-01-27 23:00:00+00:00,0.93,0.9494510755595356,0.3736853865525423
2026-01-28 18:00:00+00:00,2026-01-30 12:00:00+00:00,2026-01-30 17:00:00,1,42,3,2026-01-28 00:00:00+00:00,0.9616666666666666,0.9885697438622101,0.3736853865525423
2026-01-28 18:00:00+00:00,2026-01-30 13:00:00+00:00,2026-01-30 18:00:00,1,43,3,2026-01-28 01:00:00+00:00,0.7466666666666667,0.9505738589353281,0.3736853865525423
2026-01-28 18:00:00+00:00,2026-01-30 14:00:00+00:00,2026-01-30 19:00:00,1,44,3,2026-01-28 02:00:00+00:00,0.75,0.9498648961226013,0.3736853865525423
2026-01-28 18:00:00+00:00,2026-01-30 15:00:00+00:00,2026-01-30 20:00:00,1,45,3,2026-01-28 03:00:00+00:00,0.5399999999999999,0.9329821411361767,0.3736853865525423
2026-01-28 18:00:00+00:00,2026-01-30 16:00:00+00:00,2026-01-30 21:00:00,1,46,3,2026-01-28 04:00:00+00:00,0.46166666666666667,0.8987078973573239,0.3736853865525423
2026-01-28 18:00:00+00:00,2026-01-30 17:00:00+00:00,2026-01-30 22:00:00,1,47,3,2026-01-28 05:00:00+00:00,0.29,0.8690617398811836,0.3736853865525423
2026-01-28 18:00:00+00:00,2026-01-30 18:00:00+00:00,2026-01-30 23:00:00,1,48,3,2026-01-28 06:00:00+00:00,0.155,0.734828319654805,0.3736853865525423
2026-01-28 18:00:00+00:00,2026-01-28 19:00:00+00:00,2026-01-29 00:00:00,2,1,1,2026-01-28 07:00:00+00:00,0.26499999999999996,0.2840333046635955,0.36829703959695215
2026-01-28 18:00:00+00:00,2026-01-28 20:00:00+00:00,2026-01-29 01:00:00,2,2,1,2026-01-28 08:00:00+00:00,0.14,0.2669358818483944,0.36829703959695215
2026-01-28 18:00:00+00:00,2026-01-28 21:00:00+00:00,2026-01-29 02:00:00,2,3,1,2026-01-28 09:00:00+00:00,0.19499999999999998,0.2101677237204091,0.36829703959695215
2026-01-28 18:00:00+00:00,2026-01-28 22:00:00+00:00,2026-01-29 03:00:00,2,4,1,2026-01-28 10:00:00+00:00,0.20833333333333334,0.18832727224227125,0.36829703959695215
2026-01-28 18:00:00+00:00,2026-01-28 23:00:00+00:00,2026-01-29 04:00:00,2,5,1,2026-01-28 11:00:00+00:00,0.15666666666666665,0.1910138244855769,0.36829703959695215
2026-01-28 18:00:00+00:00,2026-01-29 00:00:00+00:00,2026-01-29 05:00:00,2,6,1,2026-01-28 12:00:00+00:00,0.03,0.1531736599635105,0.36829703959695215
2026-01-28 18:00:00+00:00,2026-01-29 01:00:00+00:00,2026-01-29 06:00:00,2,7,1,2026-01-28 13:00:00+00:00,0.01,0.16562560320865907,0.36829703959695215
2026-01-28 18:00:00+00:00,2026-01-29 02:00:00+00:00,2026-01-29 07:00:00,2,8,1,2026-01-28 14:00:00+00:00,0.011666666666666667,0.20597149126227124,0.36829703959695215
2026-01-28 18:00:00+00:00,2026-01-29 03:00:00+00:00,2026-01-29 08:00:00,2,9,1,2026-01-28 15:00:00+00:00,0.01,0.25399887955134376,0.36829703959695215
2026-01-28 18:00:00+00:00,2026-01-29 04:00:00+00:00,2026-01-29 09:00:00,2,10,1,2026-01-28 16:00:00+00:00,0.02,0.4486567940826523,0.36829703959695215
2026-01-28 18:00:00+00:00,2026-01-29 05:00:00+00:00,2026-01-29 10:00:00,2,11,1,2026-01-28 17:00:00+00:00,0.04,0.6493473083889155,0.36829703959695215
2026-01-28 18:00:00+00:00,2026-01-29 06:00:00+00:00,2026-01-29 11:00:00,2,12,1,2026-01-28 18:00:00+00:00,0.011666666666666667,0.6064050740689256,0.36829703959695215
2026-01-28 18:00:00+00:00,2026-01-29 07:00:00+00:00,2026-01-29 12:00:00,2,13,2,2026-01-27 19:00:00+00:00,0.20166666666666666,0.8597314133519285,0.36829703959695215
2026-01-28 18:00:00+00:00,2026-01-29 08:00:00+00:00,2026-01-29 13:00:00,2,14,2,2026-01-27 20:00:00+00:00,0.725,0.8635694267435432,0.36829703959695215
2026-01-28 18:00:00+00:00,2026-01-29 09:00:00+00:00,2026-01-29 14:00:00,2,15,2,2026-01-27 21:00:00+00:00,0.8516666666666667,0.8219348372500818,0.36829703959695215
2026-01-28 18:00:00+00:00,2026-01-29 10:00:00+00:00,2026-01-29 15:00:00,2,16,2,2026-01-27 22:00:00+00:00,0.8766666666666666,0.8092068552774855,0.36829703959695215
2026-01-28 18:00:00+00:00,2026-01-29 11:00:00+00:00,2026-01-29 16:00:00,2,17,2,2026-01-27 23:00:00+00:00,0.9616666666666666,0.6924024127742893,0.36829703959695215
2026-01-28 18:00:00+00:00,2026-01-29 12:00:00+00:00,2026-01-29 17:00:00,2,18,2,2026-01-28 00:00:00+00:00,0.9700000000000001,0.608876405299826,0.36829703959695215
2026-01-28 18:00:00+00:00,2026-01-29 13:00:00+00:00,2026-01-29 18:00:00,2,19,2,2026-01-28 01:00:00+00:00,0.9183333333333333,0.6463219064916376,0.36829703959695215
2026-01-28 18:00:00+00:00,2026-01-29 14:00:00+00:00,2026-01-29 19:00:00,2,20,2,2026-01-28 02:00:00+00:00,0.9333333333333332,0.6505784657709163,0.36829703959695215
2026-01-28 18:00:00+00:00,2026-01-29 15:00:00+00:00,2026-01-29 20:00:00,2,21,2,2026-01-28 03:00:00+00:00,0.9833333333333334,0.6474649158715161,0.36829703959695215
2026-01-28 18:00:00+00:00,2026-01-29 16:00:00+00:00,2026-01-29 21:00:00,2,22,2,2026-01-28 04:00:00+00:00,0.9899999999999999,0.7545919643070093,0.36829703959695215
2026-01-28 18:00:00+00:00,2026-01-29 17:00:00+00:00,2026-01-29 22:00:00,2,23,2,2026-01-28 05:00:00+00:00,0.9899999999999999,0.7134544294779683,0.36829703959695215
2026-01-28 18:00:00+00:00,2026-01-29 18:00:00+00:00,2026-01-29 23:00:00,2,24,2,2026-01-28 06:00:00+00:00,0.9899999999999999,0.7600759730487415,0.36829703959695215
2026-01-28 18:00:00+00:00,2026-01-29 19:00:00+00:00,2026-01-30 00:00:00,2,25,2,2026-01-28 07:00:00+00:00,0.8383333333333334,0.7927424702284149,0.36829703959695215
2026-01-28 18:00:00+00:00,2026-01-29 20:00:00+00:00,2026-01-30 01:00:00,2,26,2,2026-01-28 08:00:00+00:00,0.6833333333333332,0.8220455474745695,0.36829703959695215
2026-01-28 18:00:00+00:00,2026-01-29 21:00:00+00:00,2026-01-30 02:00:00,2,27,2,2026-01-28 09:00:00+00:00,0.665,0.8302869591699938,0.36829703959695215
2026-01-28 18:00:00+00:00,2026-01-29 22:00:00+00:00,2026-01-30 03:00:00,2,28,2,2026-01-28 10:00:00+00:00,0.5016666666666666,0.8544303857842531,0.36829703959695215
2026-01-28 18:00:00+00:00,2026-01-29 23:00:00+00:00,2026-01-30 04:00:00,2,29,2,2026-01-28 11:00:00+00:00,0.4166666666666667,0.8457515524233886,0.36829703959695215
2026-01-28 18:00:00+00:00,2026-01-30 00:00:00+00:00,2026-01-30 05:00:00,2,30,2,2026-01-28 12:00:00+00:00,0.7599999999999999,0.7749994898157627,0.36829703959695215
2026-01-28 18:00:00+00:00,2026-01-30 01:00:00+00:00,2026-01-30 06:00:00,2,31,2,2026-01-28 13:00:00+00:00,0.685,0.8381834646309821,0.36829703959695215
2026-01-28 18:00:00+00:00,2026-01-30 02:00:00+00:00,2026-01-30 07:00:00,2,32,2,2026-01-28 14:00:00+00:00,0.49500000000000005,0.8432318919654017,0.36829703959695215
2026-01-28 18:00:00+00:00,2026-01-30 03:00:00+00:00,2026-01-30 08:00:00,2,33,2,2026-01-28 15:00:00+00:00,0.5233333333333333,0.9155062946633624,0.36829703959695215
2026-01-28 18:00:00+00:00,2026-01-30 04:00:00+00:00,2026-01-30 09:00:00,2,34,2,2026-01-28 16:00:00+00:00,0.7983333333333333,0.8469613822890255,0.36829703959695215
2026-01-28 18:00:00+00:00,2026-01-30 05:00:00+00:00,2026-01-30 10:00:00,2,35,2,2026-01-28 17:00:00+00:00,0.9466666666666667,0.9665627475345675,0.36829703959695215
2026-01-28 18:00:00+00:00,2026-01-30 06:00:00+00:00,2026-01-30 11:00:00,2,36,2,2026-01-28 18:00:00+00:00,0.9716666666666667,0.974573611385562,0.36829703959695215
2026-01-28 18:00:00+00:00,2026-01-30 07:00:00+00:00,2026-01-30 12:00:00,2,37,3,2026-01-27 19:00:00+00:00,0.9766666666666666,0.9786978976823237,0.36829703959695215
2026-01-28 18:00:00+00:00,2026-01-30 08:00:00+00:00,2026-01-30 13:00:00,2,38,3,2026-01-27 20:00:00+00:00,0.985,0.9874343207512333,0.36829703959695215
2026-01-28 18:00:00+00:00,2026-01-30 09:00:00+00:00,2026-01-30 14:00:00,2,39,3,2026-01-27 21:00:00+00:00,0.9733333333333333,0.9902951474932916,0.36829703959695215
2026-01-28 18:00:00+00:00,2026-01-30 10:00:00+00:00,2026-01-30 15:00:00,2,40,3,2026-01-27 22:00:00+00:00,0.9666666666666667,0.9775266244854691,0.36829703959695215
2026-01-28 18:00:00+00:00,2026-01-30 11:00:00+00:00,2026-01-30 16:00:00,2,41,3,2026-01-27 23:00:00+00:00,0.9683333333333333,0.9457786657953662,0.36829703959695215
2026-01-28 18:00:00+00:00,2026-01-30 12:00:00+00:00,2026-01-30 17:00:00,2,42,3,2026-01-28 00:00:00+00:00,0.985,0.9806725261547455,0.36829703959695215
2026-01-28 18:00:00+00:00,2026-01-30 13:00:00+00:00,2026-01-30 18:00:00,2,43,3,2026-01-28 01:00:00+00:00,0.7883333333333334,0.9431640986417473,0.36829703959695215
2026-01-28 18:00:00+00:00,2026-01-30 14:00:00+00:00,2026-01-30 19:00:00,2,44,3,2026-01-28 02:00:00+00:00,0.82,0.9429196669588455,0.36829703959695215
2026-01-28 18:00:00+00:00,2026-01-30 15:00:00+00:00,2026-01-30 20:00:00,2,45,3,2026-01-28 03:00:00+00:00,0.6033333333333334,0.9242351990880098,0.36829703959695215
2026-01-28 18:00:00+00:00,2026-01-30 16:00:00+00:00,2026-01-30 21:00:00,2,46,3,2026-01-28 04:00:00+00:00,0.5783333333333333,0.896975875973751,0.36829703959695215
2026-01-28 18:00:00+00:00,2026-01-30 17:00:00+00:00,2026-01-30 22:00:00,2,47,3,2026-01-28 05:00:00+00:00,0.26333333333333336,0.8671859280013993,0.36829703959695215
2026-01-28 18:00:00+00:00,2026-01-30 18:00:00+00:00,2026-01-30 23:00:00,2,48,3,2026-01-28 06:00:00+00:00,0.145,0.7329525077750206,0.36829703959695215
2026-01-29 18:00:00+00:00,2026-01-29 19:00:00+00:00,2026-01-30 00:00:00,1,1,1,2026-01-29 07:00:00+00:00,0.8466666666666667,0.8942312298561295,0.3736853865525423
2026-01-29 18:00:00+00:00,2026-01-29 20:00:00+00:00,2026-01-30 01:00:00,1,2,1,2026-01-29 08:00:00+00:00,0.6749999999999999,0.9213363652125122,0.3736853865525423
2026-01-29 18:00:00+00:00,2026-01-29 21:00:00+00:00,2026-01-30 02:00:00,1,3,1,2026-01-29 09:00:00+00:00,0.6966666666666667,0.9274428130011454,0.3736853865525423
2026-01-29 18:00:00+00:00,2026-01-29 22:00:00+00:00,2026-01-30 03:00:00,1,4,1,2026-01-29 10:00:00+00:00,0.4666666666666666,0.838780030053876,0.3736853865525423
2026-01-29 18:00:00+00:00,2026-01-29 23:00:00+00:00,2026-01-30 04:00:00,1,5,1,2026-01-29 11:00:00+00:00,0.40166666666666667,0.793264528403432,0.3736853865525423
2026-01-29 18:00:00+00:00,2026-01-30 00:00:00+00:00,2026-01-30 05:00:00,1,6,1,2026-01-29 12:00:00+00:00,0.7016666666666667,0.819772054132302,0.3736853865525423
2026-01-29 18:00:00+00:00,2026-01-30 01:00:00+00:00,2026-01-30 06:00:00,1,7,1,2026-01-29 13:00:00+00:00,0.7133333333333334,0.8511825167364478,0.3736853865525423
2026-01-29 18:00:00+00:00,2026-01-30 02:00:00+00:00,2026-01-30 07:00:00,1,8,1,2026-01-29 14:00:00+00:00,0.5516666666666666,0.9216258458562475,0.3736853865525423
2026-01-29 18:00:00+00:00,2026-01-30 03:00:00+00:00,2026-01-30 08:00:00,1,9,1,2026-01-29 15:00:00+00:00,0.5716666666666667,0.9370580701865062,0.3736853865525423
2026-01-29 18:00:00+00:00,2026-01-30 04:00:00+00:00,2026-01-30 09:00:00,1,10,1,2026-01-29 16:00:00+00:00,0.7983333333333333,0.9398690968001365,0.3736853865525423
2026-01-29 18:00:00+00:00,2026-01-30 05:00:00+00:00,2026-01-30 10:00:00,1,11,1,2026-01-29 17:00:00+00:00,0.9416666666666668,0.9663172266635824,0.3736853865525423
2026-01-29 18:00:00+00:00,2026-01-30 06:00:00+00:00,2026-01-30 11:00:00,1,12,1,2026-01-29 18:00:00+00:00,0.96,0.9762640573075994,0.3736853865525423
2026-01-29 18:00:00+00:00,2026-01-30 07:00:00+00:00,2026-01-30 12:00:00,1,13,2,2026-01-28 19:00:00+00:00,0.975,1.0,0.3736853865525423
2026-01-29 18:00:00+00:00,2026-01-30 08:00:00+00:00,2026-01-30 13:00:00,1,14,2,2026-01-28 20:00:00+00:00,0.9833333333333334,0.9986594232616354,0.3736853865525423
2026-01-29 18:00:00+00:00,2026-01-30 09:00:00+00:00,2026-01-30 14:00:00,1,15,2,2026-01-28 21:00:00+00:00,0.945,1.0,0.3736853865525423
2026-01-29 18:00:00+00:00,2026-01-30 10:00:00+00:00,2026-01-30 15:00:00,1,16,2,2026-01-28 22:00:00+00:00,0.9633333333333334,1.0,0.3736853865525423
2026-01-29 18:00:00+00:00,2026-01-30 11:00:00+00:00,2026-01-30 16:00:00,1,17,2,2026-01-28 23:00:00+00:00,0.93,0.9969415814709089,0.3736853865525423
2026-01-29 18:00:00+00:00,2026-01-30 12:00:00+00:00,2026-01-30 17:00:00,1,18,2,2026-01-29 00:00:00+00:00,0.9616666666666666,0.5768110400127849,0.3736853865525423
2026-01-29 18:00:00+00:00,2026-01-30 13:00:00+00:00,2026-01-30 18:00:00,1,19,2,2026-01-29 01:00:00+00:00,0.7466666666666667,0.28573620849573395,0.3736853865525423
2026-01-29 18:00:00+00:00,2026-01-30 14:00:00+00:00,2026-01-30 19:00:00,1,20,2,2026-01-29 02:00:00+00:00,0.75,0.18792768133213406,0.3736853865525423
2026-01-29 18:00:00+00:00,2026-01-30 15:00:00+00:00,2026-01-30 20:00:00,1,21,2,2026-01-29 03:00:00+00:00,0.5399999999999999,0.09226444938476851,0.3736853865525423
2026-01-29 18:00:00+00:00,2026-01-30 16:00:00+00:00,2026-01-30 21:00:00,1,22,2,2026-01-29 04:00:00+00:00,0.46166666666666667,0.07446249838079849,0.3736853865525423
2026-01-29 18:00:00+00:00,2026-01-30 17:00:00+00:00,2026-01-30 22:00:00,1,23,2,2026-01-29 05:00:00+00:00,0.29,0.06888461550508766,0.3736853865525423
2026-01-29 18:00:00+00:00,2026-01-30 18:00:00+00:00,2026-01-30 23:00:00,1,24,2,2026-01-29 06:00:00+00:00,0.155,0.07491317924620126,0.3736853865525423
2026-01-29 18:00:00+00:00,2026-01-30 19:00:00+00:00,2026-01-31 00:00:00,1,25,2,2026-01-29 07:00:00+00:00,0.13833333333333334,0.13938041397622059,0.3736853865525423
2026-01-29 18:00:00+00:00,2026-01-30 20:00:00+00:00,2026-01-31 01:00:00,1,26,2,2026-01-29 08:00:00+00:00,0.14333333333333334,0.18620268979067803,0.3736853865525423
2026-01-29 18:00:00+00:00,2026-01-30 21:00:00+00:00,2026-01-31 02:00:00,1,27,2,2026-01-29 09:00:00+00:00,0.18666666666666668,0.14802408650261586,0.3736853865525423
2026-01-29 18:00:00+00:00,2026-01-30 22:00:00+00:00,2026-01-31 03:00:00,1,28,2,2026-01-29 10:00:00+00:00,0.13,0.1170856042681019,0.3736853865525423
2026-01-29 18:00:00+00:00,2026-01-30 23:00:00+00:00,2026-01-31 04:00:00,1,29,2,2026-01-29 11:00:00+00:00,0.07833333333333334,0.15617825783041248,0.3736853865525423
2026-01-29 18:00:00+00:00,2026-01-31 00:00:00+00:00,2026-01-31 05:00:00,1,30,2,2026-01-29 12:00:00+00:00,0.11166666666666668,0.5769224069153991,0.3736853865525423
2026-01-29 18:00:00+00:00,2026-01-31 01:00:00+00:00,2026-01-31 06:00:00,1,31,2,2026-01-29 13:00:00+00:00,0.145,0.7056068770197491,0.3736853865525423
2026-01-29 18:00:00+00:00,2026-01-31 02:00:00+00:00,2026-01-31 07:00:00,1,32,2,2026-01-29 14:00:00+00:00,0.48,0.6976016780153257,0.3736853865525423
2026-01-29 18:00:00+00:00,2026-01-31 03:00:00+00:00,2026-01-31 08:00:00,1,33,2,2026-01-29 15:00:00+00:00,0.5016666666666666,0.7568035578868589,0.3736853865525423
2026-01-29 18:00:00+00:00,2026-01-31 04:00:00+00:00,2026-01-31 09:00:00,1,34,2,2026-01-29 16:00:00+00:00,0.5216666666666666,0.8021140694555241,0.3736853865525423
2026-01-29 18:00:00+00:00,2026-01-31 05:00:00+00:00,2026-01-31 10:00:00,1,35,2,2026-01-29 17:00:00+00:00,0.9500000000000001,0.9257773191739741,0.3736853865525423
2026-01-29 18:00:00+00:00,2026-01-31 06:00:00+00:00,2026-01-31 11:00:00,1,36,2,2026-01-29 18:00:00+00:00,0.9583333333333334,0.8421511462856789,0.3736853865525423
2026-01-29 18:00:00+00:00,2026-01-31 07:00:00+00:00,2026-01-31 12:00:00,1,37,3,2026-01-28 19:00:00+00:00,0.9266666666666666,0.9583873206855542,0.3736853865525423
2026-01-29 18:00:00+00:00,2026-01-31 08:00:00+00:00,2026-01-31 13:00:00,1,38,3,2026-01-28 20:00:00+00:00,0.945,0.9629278180695315,0.3736853865525423
2026-01-29 18:00:00+00:00,2026-01-31 09:00:00+00:00,2026-01-31 14:00:00,1,39,3,2026-01-28 21:00:00+00:00,0.8783333333333333,0.9758017955492998,0.3736853865525423
2026-01-29 18:00:00+00:00,2026-01-31 10:00:00+00:00,2026-01-31 15:00:00,1,40,3,2026-01-28 22:00:00+00:00,0.875,0.9312133003510557,0.3736853865525423
2026-01-29 18:00:00+00:00,2026-01-31 11:00:00+00:00,2026-01-31 16:00:00,1,41,3,2026-01-28 23:00:00+00:00,0.8450000000000001,0.9029647131514874,0.3736853865525423
2026-01-29 18:00:00+00:00,2026-01-31 12:00:00+00:00,2026-01-31 17:00:00,1,42,3,2026-01-29 00:00:00+00:00,0.7983333333333333,0.38383879760657574,0.3736853865525423
2026-01-29 18:00:00+00:00,2026-01-31 13:00:00+00:00,2026-01-31 18:00:00,1,43,3,2026-01-29 01:00:00+00:00,0.81,0.23038107492772028,0.3736853865525423
2026-01-29 18:00:00+00:00,2026-01-31 14:00:00+00:00,2026-01-31 19:00:00,1,44,3,2026-01-29 02:00:00+00:00,0.8216666666666667,0.07721547880791821,0.3736853865525423
2026-01-29 18:00:00+00:00,2026-01-31 15:00:00+00:00,2026-01-31 20:00:00,1,45,3,2026-01-29 03:00:00+00:00,0.3383333333333334,0.04852465949274617,0.3736853865525423
2026-01-29 18:00:00+00:00,2026-01-31 16:00:00+00:00,2026-01-31 21:00:00,1,46,3,2026-01-29 04:00:00+00:00,0.03,0.051780397221004325,0.3736853865525423
2026-01-29 18:00:00+00:00,2026-01-31 17:00:00+00:00,2026-01-31 22:00:00,1,47,3,2026-01-29 05:00:00+00:00,0.016666666666666666,0.02597615408900653,0.3736853865525423
2026-01-29 18:00:00+00:00,2026-01-31 18:00:00+00:00,2026-01-31 23:00:00,1,48,3,2026-01-29 06:00:00+00:00,0.19999999999999998,0.03314462152018609,0.3736853865525423
2026-01-29 18:00:00+00:00,2026-01-29 19:00:00+00:00,2026-01-30 00:00:00,2,1,1,2026-01-29 07:00:00+00:00,0.8383333333333334,0.8923554179763451,0.36829703959695215
2026-01-29 18:00:00+00:00,2026-01-29 20:00:00+00:00,2026-01-30 01:00:00,2,2,1,2026-01-29 08:00:00+00:00,0.6833333333333332,0.917520164952131,0.36829703959695215
2026-01-29 18:00:00+00:00,2026-01-29 21:00:00+00:00,2026-01-30 02:00:00,2,3,1,2026-01-29 09:00:00+00:00,0.665,0.9236266127407642,0.36829703959695215
2026-01-29 18:00:00+00:00,2026-01-29 22:00:00+00:00,2026-01-30 03:00:00,2,4,1,2026-01-29 10:00:00+00:00,0.5016666666666666,0.8349638297934948,0.36829703959695215
2026-01-29 18:00:00+00:00,2026-01-29 23:00:00+00:00,2026-01-30 04:00:00,2,5,1,2026-01-29 11:00:00+00:00,0.4166666666666667,0.7894483281430508,0.36829703959695215
2026-01-29 18:00:00+00:00,2026-01-30 00:00:00+00:00,2026-01-30 05:00:00,2,6,1,2026-01-29 12:00:00+00:00,0.7599999999999999,0.815955853871921,0.36829703959695215
2026-01-29 18:00:00+00:00,2026-01-30 01:00:00+00:00,2026-01-30 06:00:00,2,7,1,2026-01-29 13:00:00+00:00,0.685,0.8473663164760669,0.36829703959695215
2026-01-29 18:00:00+00:00,2026-01-30 02:00:00+00:00,2026-01-30 07:00:00,2,8,1,2026-01-29 14:00:00+00:00,0.49500000000000005,0.9127351133118694,0.36829703959695215
2026-01-29 18:00:00+00:00,2026-01-30 03:00:00+00:00,2026-01-30 08:00:00,2,9,1,2026-01-29 15:00:00+00:00,0.5233333333333333,0.9281673376421279,0.36829703959695215
2026-01-29 18:00:00+00:00,2026-01-30 04:00:00+00:00,2026-01-30 09:00:00,2,10,1,2026-01-29 16:00:00+00:00,0.7983333333333333,0.9340074713705372,0.36829703959695215
2026-01-29 18:00:00+00:00,2026-01-30 05:00:00+00:00,2026-01-30 10:00:00,2,11,1,2026-01-29 17:00:00+00:00,0.9466666666666667,0.960230500587886,0.36829703959695215
2026-01-29 18:00:00+00:00,2026-01-30 06:00:00+00:00,2026-01-30 11:00:00,2,12,1,2026-01-29 18:00:00+00:00,0.9716666666666667,0.9714698031354301,0.36829703959695215
2026-01-29 18:00:00+00:00,2026-01-30 07:00:00+00:00,2026-01-30 12:00:00,2,13,2,2026-01-28 19:00:00+00:00,0.9766666666666666,0.9915765951665886,0.36829703959695215
2026-01-29 18:00:00+00:00,2026-01-30 08:00:00+00:00,2026-01-30 13:00:00,2,14,2,2026-01-28 20:00:00+00:00,0.985,0.9901202330800133,0.36829703959695215
2026-01-29 18:00:00+00:00,2026-01-30 09:00:00+00:00,2026-01-30 14:00:00,2,15,2,2026-01-28 21:00:00+00:00,0.9733333333333333,0.9958973470507119,0.36829703959695215
2026-01-29 18:00:00+00:00,2026-01-30 10:00:00+00:00,2026-01-30 15:00:00,2,16,2,2026-01-28 22:00:00+00:00,0.9666666666666667,0.9945568840498572,0.36829703959695215
2026-01-29 18:00:00+00:00,2026-01-30 11:00:00+00:00,2026-01-30 16:00:00,2,17,2,2026-01-28 23:00:00+00:00,0.9683333333333333,0.9878016243847466,0.36829703959695215
2026-01-29 18:00:00+00:00,2026-01-30 12:00:00+00:00,2026-01-30 17:00:00,2,18,2,2026-01-29 00:00:00+00:00,0.985,0.5757639401341462,0.36829703959695215
2026-01-29 18:00:00+00:00,2026-01-30 13:00:00+00:00,2026-01-30 18:00:00,2,19,2,2026-01-29 01:00:00+00:00,0.7883333333333334,0.28351917993437287,0.36829703959695215
2026-01-29 18:00:00+00:00,2026-01-30 14:00:00+00:00,2026-01-30 19:00:00,2,20,2,2026-01-29 02:00:00+00:00,0.82,0.1860392705381959,0.36829703959695215
2026-01-29 18:00:00+00:00,2026-01-30 15:00:00+00:00,2026-01-30 20:00:00,2,21,2,2026-01-29 03:00:00+00:00,0.6033333333333334,0.09051329083610733,0.36829703959695215
2026-01-29 18:00:00+00:00,2026-01-30 16:00:00+00:00,2026-01-30 21:00:00,2,22,2,2026-01-29 04:00:00+00:00,0.5783333333333333,0.07271133983213732,0.36829703959695215
2026-01-29 18:00:00+00:00,2026-01-30 17:00:00+00:00,2026-01-30 22:00:00,2,23,2,2026-01-29 05:00:00+00:00,0.26333333333333336,0.0677915189059559,0.36829703959695215
2026-01-29 18:00:00+00:00,2026-01-30 18:00:00+00:00,2026-01-30 23:00:00,2,24,2,2026-01-29 06:00:00+00:00,0.145,0.07368283040179256,0.36829703959695215
2026-01-29 18:00:00+00:00,2026-01-30 19:00:00+00:00,2026-01-31 00:00:00,2,25,2,2026-01-29 07:00:00+00:00,0.15333333333333335,0.13815006513181183,0.36829703959695215
2026-01-29 18:00:00+00:00,2026-01-30 20:00:00+00:00,2026-01-31 01:00:00,2,26,2,2026-01-29 08:00:00+00:00,0.11666666666666665,0.18497234094626927,0.36829703959695215
2026-01-29 18:00:00+00:00,2026-01-30 21:00:00+00:00,2026-01-31 02:00:00,2,27,2,2026-01-29 09:00:00+00:00,0.16,0.14679373765820716,0.36829703959695215
2026-01-29 18:00:00+00:00,2026-01-30 22:00:00+00:00,2026-01-31 03:00:00,2,28,2,2026-01-29 10:00:00+00:00,0.12166666666666666,0.11585525542369311,0.36829703959695215
2026-01-29 18:00:00+00:00,2026-01-30 23:00:00+00:00,2026-01-31 04:00:00,2,29,2,2026-01-29 11:00:00+00:00,0.07166666666666667,0.1549479089860037,0.36829703959695215
2026-01-29 18:00:00+00:00,2026-01-31 00:00:00+00:00,2026-01-31 05:00:00,2,30,2,2026-01-29 12:00:00+00:00,0.10666666666666667,0.5739918746764303,0.36829703959695215
2026-01-29 18:00:00+00:00,2026-01-31 01:00:00+00:00,2026-01-31 06:00:00,2,31,2,2026-01-29 13:00:00+00:00,0.10333333333333333,0.7049096989710654,0.36829703959695215
2026-01-29 18:00:00+00:00,2026-01-31 02:00:00+00:00,2026-01-31 07:00:00,2,32,2,2026-01-29 14:00:00+00:00,0.4716666666666667,0.6967124315620153,0.36829703959695215
2026-01-29 18:00:00+00:00,2026-01-31 03:00:00+00:00,2026-01-31 08:00:00,2,33,2,2026-01-29 15:00:00+00:00,0.48,0.7557113275556088,0.36829703959695215
2026-01-29 18:00:00+00:00,2026-01-31 04:00:00+00:00,2026-01-31 09:00:00,2,34,2,2026-01-29 16:00:00+00:00,0.6583333333333333,0.8022711612393528,0.36829703959695215
2026-01-29 18:00:00+00:00,2026-01-31 05:00:00+00:00,2026-01-31 10:00:00,2,35,2,2026-01-29 17:00:00+00:00,0.9383333333333334,0.9256085903602632,0.36829703959695215
2026-01-29 18:00:00+00:00,2026-01-31 06:00:00+00:00,2026-01-31 11:00:00,2,36,2,2026-01-29 18:00:00+00:00,0.9766666666666666,0.8439801570578828,0.36829703959695215
2026-01-29 18:00:00+00:00,2026-01-31 07:00:00+00:00,2026-01-31 12:00:00,2,37,3,2026-01-28 19:00:00+00:00,0.9683333333333333,0.9573522307918914,0.36829703959695215
2026-01-29 18:00:00+00:00,2026-01-31 08:00:00+00:00,2026-01-31 13:00:00,2,38,3,2026-01-28 20:00:00+00:00,0.9766666666666666,0.9595992428953037,0.36829703959695215
2026-01-29 18:00:00+00:00,2026-01-31 09:00:00+00:00,2026-01-31 14:00:00,2,39,3,2026-01-28 21:00:00+00:00,0.8933333333333332,0.9730868349360383,0.36829703959695215
2026-01-29 18:00:00+00:00,2026-01-31 10:00:00+00:00,2026-01-31 15:00:00,2,40,3,2026-01-28 22:00:00+00:00,0.9,0.9285683913783895,0.36829703959695215
2026-01-29 18:00:00+00:00,2026-01-31 11:00:00+00:00,2026-01-31 16:00:00,2,41,3,2026-01-28 23:00:00+00:00,0.94,0.9012326917679142,0.36829703959695215
2026-01-29 18:00:00+00:00,2026-01-31 12:00:00+00:00,2026-01-31 17:00:00,2,42,3,2026-01-29 00:00:00+00:00,0.8566666666666666,0.38292894997321375,0.36829703959695215
2026-01-29 18:00:00+00:00,2026-01-31 13:00:00+00:00,2026-01-31 18:00:00,2,43,3,2026-01-29 01:00:00+00:00,0.8250000000000001,0.22947122729435837,0.36829703959695215
2026-01-29 18:00:00+00:00,2026-01-31 14:00:00+00:00,2026-01-31 19:00:00,2,44,3,2026-01-29 02:00:00+00:00,0.8833333333333333,0.0643753431096766,0.36829703959695215
2026-01-29 18:00:00+00:00,2026-01-31 15:00:00+00:00,2026-01-31 20:00:00,2,45,3,2026-01-29 03:00:00+00:00,0.3516666666666666,0.04660459857686527,0.36829703959695215
2026-01-29 18:00:00+00:00,2026-01-31 16:00:00+00:00,2026-01-31 21:00:00,2,46,3,2026-01-29 04:00:00+00:00,0.02666666666666667,0.049642244524455294,0.36829703959695215
2026-01-29 18:00:00+00:00,2026-01-31 17:00:00+00:00,2026-01-31 22:00:00,2,47,3,2026-01-29 05:00:00+00:00,0.02,0.024496063341986937,0.36829703959695215
2026-01-29 18:00:00+00:00,2026-01-31 18:00:00+00:00,2026-01-31 23:00:00,2,48,3,2026-01-29 06:00:00+00:00,0.19999999999999998,0.030390826065651827,0.36829703959695215
2026-01-30 18:00:00+00:00,2026-01-30 19:00:00+00:00,2026-01-31 00:00:00,1,1,1,2026-01-30 07:00:00+00:00,0.13833333333333334,0.07354248643973764,0.3736853865525423
2026-01-30 18:00:00+00:00,2026-01-30 20:00:00+00:00,2026-01-31 01:00:00,1,2,1,2026-01-30 08:00:00+00:00,0.14333333333333334,0.1643844395987831,0.3736853865525423
2026-01-30 18:00:00+00:00,2026-01-30 21:00:00+00:00,2026-01-31 02:00:00,1,3,1,2026-01-30 09:00:00+00:00,0.18666666666666668,0.2784528785244233,0.3736853865525423
2026-01-30 18:00:00+00:00,2026-01-30 22:00:00+00:00,2026-01-31 03:00:00,1,4,1,2026-01-30 10:00:00+00:00,0.13,0.5058000659627411,0.3736853865525423
2026-01-30 18:00:00+00:00,2026-01-30 23:00:00+00:00,2026-01-31 04:00:00,1,5,1,2026-01-30 11:00:00+00:00,0.07833333333333334,0.7241806194342577,0.3736853865525423
2026-01-30 18:00:00+00:00,2026-01-31 00:00:00+00:00,2026-01-31 05:00:00,1,6,1,2026-01-30 12:00:00+00:00,0.11166666666666668,0.8742377936033182,0.3736853865525423
2026-01-30 18:00:00+00:00,2026-01-31 01:00:00+00:00,2026-01-31 06:00:00,1,7,1,2026-01-30 13:00:00+00:00,0.145,0.9114417252717079,0.3736853865525423
2026-01-30 18:00:00+00:00,2026-01-31 02:00:00+00:00,2026-01-31 07:00:00,1,8,1,2026-01-30 14:00:00+00:00,0.48,0.8847847068991238,0.3736853865525423
2026-01-30 18:00:00+00:00,2026-01-31 03:00:00+00:00,2026-01-31 08:00:00,1,9,1,2026-01-30 15:00:00+00:00,0.5016666666666666,0.8765796478927602,0.3736853865525423
2026-01-30 18:00:00+00:00,2026-01-31 04:00:00+00:00,2026-01-31 09:00:00,1,10,1,2026-01-30 16:00:00+00:00,0.5216666666666666,0.9525714982955776,0.3736853865525423
2026-01-30 18:00:00+00:00,2026-01-31 05:00:00+00:00,2026-01-31 10:00:00,1,11,1,2026-01-30 17:00:00+00:00,0.9500000000000001,0.9652784932085909,0.3736853865525423
2026-01-30 18:00:00+00:00,2026-01-31 06:00:00+00:00,2026-01-31 11:00:00,1,12,1,2026-01-30 18:00:00+00:00,0.9583333333333334,0.982246695638627,0.3736853865525423
2026-01-30 18:00:00+00:00,2026-01-31 07:00:00+00:00,2026-01-31 12:00:00,1,13,2,2026-01-29 19:00:00+00:00,0.9266666666666666,0.8208001416747258,0.3736853865525423
2026-01-30 18:00:00+00:00,2026-01-31 08:00:00+00:00,2026-01-31 13:00:00,1,14,2,2026-01-29 20:00:00+00:00,0.945,0.8922695880622061,0.3736853865525423
2026-01-30 18:00:00+00:00,2026-01-31 09:00:00+00:00,2026-01-31 14:00:00,1,15,2,2026-01-29 21:00:00+00:00,0.8783333333333333,0.8780336796488668,0.3736853865525423
2026-01-30 18:00:00+00:00,2026-01-31 10:00:00+00:00,2026-01-31 15:00:00,1,16,2,2026-01-29 22:00:00+00:00,0.875,0.6740145993965264,0.3736853865525423
2026-01-30 18:00:00+00:00,2026-01-31 11:00:00+00:00,2026-01-31 16:00:00,1,17,2,2026-01-29 23:00:00+00:00,0.8450000000000001,0.4063499139551779,0.3736853865525423
2026-01-30 18:00:00+00:00,2026-01-31 12:00:00+00:00,2026-01-31 17:00:00,1,18,2,2026-01-30 00:00:00+00:00,0.7983333333333333,0.774863939853608,0.3736853865525423
2026-01-30 18:00:00+00:00,2026-01-31 13:00:00+00:00,2026-01-31 18:00:00,1,19,2,2026-01-30 01:00:00+00:00,0.81,0.6826722988415556,0.3736853865525423
2026-01-30 18:00:00+00:00,2026-01-31 14:00:00+00:00,2026-01-31 19:00:00,1,20,2,2026-01-30 02:00:00+00:00,0.8216666666666667,0.434615285835333,0.3736853865525423
2026-01-30 18:00:00+00:00,2026-01-31 15:00:00+00:00,2026-01-31 20:00:00,1,21,2,2026-01-30 03:00:00+00:00,0.3383333333333334,0.28681149676294754,0.3736853865525423
2026-01-30 18:00:00+00:00,2026-01-31 16:00:00+00:00,2026-01-31 21:00:00,1,22,2,2026-01-30 04:00:00+00:00,0.03,0.05843897143614249,0.3736853865525423
2026-01-30 18:00:00+00:00,2026-01-31 17:00:00+00:00,2026-01-31 22:00:00,1,23,2,2026-01-30 05:00:00+00:00,0.016666666666666666,0.04185229544524212,0.3736853865525423
2026-01-30 18:00:00+00:00,2026-01-31 18:00:00+00:00,2026-01-31 23:00:00,1,24,2,2026-01-30 06:00:00+00:00,0.19999999999999998,0.037343212518825095,0.3736853865525423
2026-01-30 18:00:00+00:00,2026-01-30 19:00:00+00:00,2026-01-31 00:00:00,2,1,1,2026-01-30 07:00:00+00:00,0.15333333333333335,0.07248884831016424,0.36829703959695215
2026-01-30 18:00:00+00:00,2026-01-30 20:00:00+00:00,2026-01-31 01:00:00,2,2,1,2026-01-30 08:00:00+00:00,0.11666666666666665,0.16333080146920972,0.36829703959695215
2026-01-30 18:00:00+00:00,2026-01-30 21:00:00+00:00,2026-01-31 02:00:00,2,3,1,2026-01-30 09:00:00+00:00,0.16,0.2773992403948499,0.36829703959695215
2026-01-30 18:00:00+00:00,2026-01-30 22:00:00+00:00,2026-01-31 03:00:00,2,4,1,2026-01-30 10:00:00+00:00,0.12166666666666666,0.5046091755878908,0.36829703959695215
2026-01-30 18:00:00+00:00,2026-01-30 23:00:00+00:00,2026-01-31 04:00:00,2,5,1,2026-01-30 11:00:00+00:00,0.07166666666666667,0.7229897290594076,0.36829703959695215
2026-01-30 18:00:00+00:00,2026-01-31 00:00:00+00:00,2026-01-31 05:00:00,2,6,1,2026-01-30 12:00:00+00:00,0.10666666666666667,0.8735212047861617,0.36829703959695215
2026-01-30 18:00:00+00:00,2026-01-31 01:00:00+00:00,2026-01-31 06:00:00,2,7,1,2026-01-30 13:00:00+00:00,0.10333333333333333,0.9087847480739545,0.36829703959695215
2026-01-30 18:00:00+00:00,2026-01-31 02:00:00+00:00,2026-01-31 07:00:00,2,8,1,2026-01-30 14:00:00+00:00,0.4716666666666667,0.8819356612967436,0.36829703959695215
2026-01-30 18:00:00+00:00,2026-01-31 03:00:00+00:00,2026-01-31 08:00:00,2,9,1,2026-01-30 15:00:00+00:00,0.48,0.8734885122728951,0.36829703959695215
2026-01-30 18:00:00+00:00,2026-01-31 04:00:00+00:00,2026-01-31 09:00:00,2,10,1,2026-01-30 16:00:00+00:00,0.6583333333333333,0.9507296847907912,0.36829703959695215
2026-01-30 18:00:00+00:00,2026-01-31 05:00:00+00:00,2026-01-31 10:00:00,2,11,1,2026-01-30 17:00:00+00:00,0.9383333333333334,0.9631769285461484,0.36829703959695215
2026-01-30 18:00:00+00:00,2026-01-31 06:00:00+00:00,2026-01-31 11:00:00,2,12,1,2026-01-30 18:00:00+00:00,0.9766666666666666,0.9736282173205318,0.36829703959695215
2026-01-30 18:00:00+00:00,2026-01-31 07:00:00+00:00,2026-01-31 12:00:00,2,13,2,2026-01-29 19:00:00+00:00,0.9683333333333333,0.8224348678627756,0.36829703959695215
2026-01-30 18:00:00+00:00,2026-01-31 08:00:00+00:00,2026-01-31 13:00:00,2,14,2,2026-01-29 20:00:00+00:00,0.9766666666666666,0.8940404353307346,0.36829703959695215
2026-01-30 18:00:00+00:00,2026-01-31 09:00:00+00:00,2026-01-31 14:00:00,2,15,2,2026-01-29 21:00:00+00:00,0.8933333333333332,0.8778971428527871,0.36829703959695215
2026-01-30 18:00:00+00:00,2026-01-31 10:00:00+00:00,2026-01-31 15:00:00,2,16,2,2026-01-29 22:00:00+00:00,0.9,0.6730665888455253,0.36829703959695215
2026-01-30 18:00:00+00:00,2026-01-31 11:00:00+00:00,2026-01-31 16:00:00,2,17,2,2026-01-29 23:00:00+00:00,0.94,0.4037050049825119,0.36829703959695215
2026-01-30 18:00:00+00:00,2026-01-31 12:00:00+00:00,2026-01-31 17:00:00,2,18,2,2026-01-30 00:00:00+00:00,0.8566666666666666,0.7739540922202462,0.36829703959695215
2026-01-30 18:00:00+00:00,2026-01-31 13:00:00+00:00,2026-01-31 18:00:00,2,19,2,2026-01-30 01:00:00+00:00,0.8250000000000001,0.681762451208194,0.36829703959695215
2026-01-30 18:00:00+00:00,2026-01-31 14:00:00+00:00,2026-01-31 19:00:00,2,20,2,2026-01-30 02:00:00+00:00,0.8833333333333333,0.4337054382019711,0.36829703959695215
2026-01-30 18:00:00+00:00,2026-01-31 15:00:00+00:00,2026-01-31 20:00:00,2,21,2,2026-01-30 03:00:00+00:00,0.3516666666666666,0.28590164912958566,0.36829703959695215
2026-01-30 18:00:00+00:00,2026-01-31 16:00:00+00:00,2026-01-31 21:00:00,2,22,2,2026-01-30 04:00:00+00:00,0.02666666666666667,0.05799896771360005,0.36829703959695215
2026-01-30 18:00:00+00:00,2026-01-31 17:00:00+00:00,2026-01-31 22:00:00,2,23,2,2026-01-30 05:00:00+00:00,0.02,0.040759198846110296,0.36829703959695215
2026-01-30 18:00:00+00:00,2026-01-31 18:00:00+00:00,2026-01-31 23:00:00,2,24,2,2026-01-30 06:00:00+00:00,0.19999999999999998,0.035863121771805465,0.36829703959695215
