hour,turbine_id,power,wind_speed,temperature,predicted_power
2026-01-01 00:00:00,1,0.015,3.08,3.7899999999999996,0.020285505801439285
2026-01-01 00:00:00,2,0.015,2.7466666666666666,3.3166666666666664,0.013020588085055351
2026-01-01 01:00:00,1,0.16,5.6049999999999995,3.9066666666666663,0.1649356633424759
2026-01-01 01:00:00,2,0.16333333333333333,5.7250000000000005,3.5733333333333337,0.168821319937706
2026-01-01 02:00:00,1,0.6366666666666667,9.161666666666667,3.5833333333333335,0.7092638611793518
2026-01-01 02:00:00,2,0.63,9.265,3.125,0.6935253739356995
2026-01-01 03:00:00,1,0.9883333333333333,12.395000000000001,4.316666666666666,0.9756056070327759
2026-01-01 03:00:00,2,0.9766666666666666,12.115,3.891666666666667,0.9635694026947021
2026-01-01 04:00:00,1,0.9899999999999999,12.31,4.711666666666667,0.9742465019226074
2026-01-01 04:00:00,2,0.98,11.950000000000001,4.638333333333333,0.9596066474914551
2026-01-01 05:00:00,1,0.9883333333333333,11.378333333333332,4.656666666666666,0.9583559036254883
2026-01-01 05:00:00,2,0.975,11.24,4.648333333333333,0.9386144876480103
2026-01-01 06:00:00,1,0.9566666666666667,11.146666666666667,4.3533333333333335,0.9483153820037842
2026-01-01 06:00:00,2,0.9566666666666667,11.075000000000001,4.331666666666667,0.9290485382080078
2026-01-01 07:00:00,1,0.8266666666666667,9.891666666666667,3.7716666666666665,0.8308043479919434
2026-01-01 07:00:00,2,0.815,9.901666666666666,3.783333333333333,0.7956359386444092
2026-01-01 08:00:00,1,0.5716666666666667,8.200000000000001,3.486666666666667,0.558506965637207
2026-01-01 08:00:00,2,0.585,8.428333333333333,3.5233333333333334,0.5734423398971558
2026-01-01 09:00:00,1,0.4083333333333334,7.38,3.3233333333333337,0.41757485270500183
2026-01-01 09:00:00,2,0.435,7.593333333333334,3.353333333333333,0.426893949508667
2026-01-01 10:00:00,1,0.33666666666666667,6.945,3.4299999999999997,0.3463243246078491
2026-01-01 10:00:00,2,0.3333333333333333,6.946666666666666,3.3866666666666667,0.32935187220573425
2026-01-01 11:00:00,1,0.115,5.251666666666667,3.8683333333333336,0.1265532672405243
2026-01-01 11:00:00,2,0.11166666666666668,5.28,3.7283333333333335,0.12344374507665634
2026-01-01 12:00:00,1,0.045000000000000005,4.1000000000000005,4.4816666666666665,0.04916316643357277
2026-01-01 12:00:00,2,0.05666666666666667,4.5633333333333335,4.316666666666666,0.0637587308883667
2026-01-01 13:00:00,1,0.065,4.405,4.836666666666667,0.06464028358459473
2026-01-01 13:00:00,2,0.06833333333333334,4.7250000000000005,4.6883333333333335,0.07581467181444168
2026-01-01 14:00:00,1,0.018333333333333333,2.8016666666666663,5.1433333333333335,0.01691889390349388
2026-01-01 14:00:00,2,0.021666666666666667,3.4416666666666664,4.985,0.02425539679825306
2026-01-01 15:00:00,1,0.01,2.5883333333333334,4.91,0.014053084887564182
2026-01-01 15:00:00,2,0.008333333333333333,2.6233333333333335,4.738333333333333,0.012848716229200363
2026-01-01 16:00:00,1,0.01,1.7516666666666667,4.735,0.007094224449247122
2026-01-01 16:00:00,2,0.01,1.905,4.446666666666666,0.007672094739973545
2026-01-01 17:00:00,1,0.011666666666666667,2.4,4.261666666666667,0.011726362630724907
2026-01-01 17:00:00,2,0.011666666666666667,2.703333333333333,3.9599999999999995,0.013053190894424915
2026-01-01 18:00:00,1,0.023333333333333334,3.981666666666667,3.606666666666667,0.043112609535455704
2026-01-01 18:00:00,2,0.023333333333333334,3.9066666666666663,3.401666666666667,0.03317323327064514
2026-01-01 19:00:00,1,0.02,3.5750000000000006,3.6666666666666665,0.03073585219681263
2026-01-01 19:00:00,2,0.018333333333333333,3.765,3.4616666666666664,0.029223600402474403
2026-01-01 20:00:00,1,0.07333333333333333,4.538333333333333,2.441666666666667,0.06749658286571503
2026-01-01 20:00:00,2,0.07666666666666667,4.828333333333333,2.215,0.07460904866456985
2026-01-01 21:00:00,1,0.07666666666666667,4.0616666666666665,1.7766666666666666,0.043934959918260574
2026-01-01 21:00:00,2,0.065,4.2,1.59,0.04014439135789871
2026-01-01 22:00:00,1,0.043333333333333335,3.1133333333333333,1.9016666666666666,0.01942029595375061
2026-01-01 22:00:00,2,0.04,3.0749999999999997,1.71,0.015322426334023476
2026-01-01 23:00:00,1,0.01,1.6433333333333333,2.1733333333333333,0.005723029840737581
2026-01-01 23:00:00,2,0.008333333333333333,1.5183333333333333,1.9333333333333333,0.005063122604042292
2026-01-02 00:00:00,1,0.011666666666666667,3.4716666666666662,1.99,0.026459189131855965
2026-01-02 00:00:00,2,0.008333333333333333,3.285,1.7733333333333334,0.01808582991361618
2026-01-02 01:00:00,1,0.01,2.231666666666667,1.9616666666666667,0.009237488731741905
2026-01-02 01:00:00,2,0.008333333333333333,1.91,1.7516666666666667,0.006552803795784712
2026-01-02 02:00:00,1,0.01,1.6450000000000002,2.015,0.00568934204056859
2026-01-02 02:00:00,2,0.01,1.5816666666666668,1.8416666666666668,0.005259030964225531
2026-01-02 03:00:00,1,0.011666666666666667,3.4266666666666663,1.656666666666667,0.025156302377581596
2026-01-02 03:00:00,2,0.008333333333333333,3.578333333333333,1.3866666666666667,0.0224396213889122
2026-01-02 04:00:00,1,0.01,2.8166666666666664,1.6933333333333334,0.014930006116628647
2026-01-02 04:00:00,2,0.005,3.0883333333333334,1.3916666666666666,0.015226283110678196
2026-01-02 05:00:00,1,0.01,1.4566666666666668,1.7683333333333333,0.004792965017259121
2026-01-02 05:00:00,2,0.01,1.4349999999999998,1.485,0.004650759976357222
2026-01-02 06:00:00,1,0.01,0.61,2.0766666666666667,0.0023843450471758842
2026-01-02 06:00:00,2,0.01,0.5,1.8583333333333334,0.002464422956109047
2026-01-02 07:00:00,1,0.01,0.5850000000000001,2.2433333333333336,0.002354230498895049
2026-01-02 07:00:00,2,0.01,0.47000000000000003,1.8916666666666666,0.0024141049943864346
2026-01-02 08:00:00,1,0.01,2.0083333333333333,1.745,0.007650908548384905
2026-01-02 08:00:00,2,0.01,1.6483333333333334,1.33,0.005334686953574419
2026-01-02 09:00:00,1,0.075,4.65,1.4649999999999999,0.07203719764947891
2026-01-02 09:00:00,2,0.07666666666666667,4.833333333333333,1.2316666666666667,0.07183618098497391
2026-01-02 10:00:00,1,0.27999999999999997,6.756666666666667,1.3516666666666666,0.3131011724472046
2026-01-02 10:00:00,2,0.26666666666666666,6.753333333333333,1.1483333333333334,0.2928348481655121
2026-01-02 11:00:00,1,0.40499999999999997,7.401666666666666,1.8283333333333331,0.4181073307991028
2026-01-02 11:00:00,2,0.37666666666666665,7.376666666666668,1.6983333333333333,0.38805216550827026
2026-01-02 12:00:00,1,0.6466666666666666,8.693333333333333,2.473333333333333,0.6375028491020203
2026-01-02 12:00:00,2,0.6766666666666667,9.09,2.4899999999999998,0.6709758043289185
2026-01-02 13:00:00,1,0.8433333333333334,9.959999999999999,3.5733333333333337,0.840641975402832
2026-01-02 13:00:00,2,0.8849999999999999,10.511666666666667,3.498333333333333,0.8794851899147034
2026-01-02 14:00:00,1,0.71,9.303333333333333,4.066666666666667,0.7306528091430664
2026-01-02 14:00:00,2,0.7450000000000001,9.59,4.085,0.7446673512458801
2026-01-02 15:00:00,1,0.5750000000000001,8.391666666666667,4.095,0.5896132588386536
2026-01-02 15:00:00,2,0.5816666666666667,8.436666666666667,4.3116666666666665,0.5753639340400696
2026-01-02 16:00:00,1,0.42333333333333334,7.5249999999999995,3.9183333333333334,0.44370347261428833
2026-01-02 16:00:00,2,0.43333333333333335,7.616666666666667,3.9583333333333335,0.43161603808403015
2026-01-02 17:00:00,1,0.35833333333333334,7.006666666666667,3.5933333333333333,0.3565853536128998
2026-01-02 17:00:00,2,0.38000000000000006,7.203333333333333,3.5583333333333336,0.3661213517189026
2026-01-02 18:00:00,1,0.425,7.348333333333334,3.3983333333333334,0.41240403056144714
2026-01-02 18:00:00,2,0.4466666666666666,7.5249999999999995,3.4416666666666664,0.4154432713985443
2026-01-02 19:00:00,1,0.445,7.521666666666667,3.2066666666666666,0.44144096970558167
2026-01-02 19:00:00,2,0.47,7.656666666666666,3.1783333333333332,0.4375098943710327
2026-01-02 20:00:00,1,0.6083333333333333,8.608333333333333,3.0683333333333334,0.6241989135742188
2026-01-02 20:00:00,2,0.66,8.813333333333334,3.1483333333333334,0.632708728313446
2026-01-02 21:00:00,1,0.875,10.035,2.9566666666666666,0.8509230017662048
2026-01-02 21:00:00,2,0.8850000000000001,10.231666666666667,3.0083333333333333,0.8452668190002441
2026-01-02 22:00:00,1,0.605,8.31,2.94,0.5766119956970215
2026-01-02 22:00:00,2,0.6649999999999999,8.731666666666667,3.0500000000000003,0.6203635334968567
2026-01-02 23:00:00,1,0.31666666666666665,6.546666666666667,2.28,0.2835251986980438
2026-01-02 23:00:00,2,0.295,6.528333333333333,2.4566666666666666,0.26487642526626587
2026-01-03 00:00:00,1,0.26166666666666666,6.166666666666667,1.87,0.22814452648162842
2026-01-03 00:00:00,2,0.21166666666666667,5.925,1.8133333333333332,0.1830667108297348
2026-01-03 01:00:00,1,0.22166666666666668,6.001666666666666,1.3866666666666667,0.20270280539989471
2026-01-03 01:00:00,2,0.19833333333333333,5.984999999999999,1.3316666666666668,0.18795521557331085
2026-01-03 02:00:00,1,0.36166666666666664,6.79,1.2183333333333335,0.3179764449596405
2026-01-03 02:00:00,2,0.31,6.638333333333333,1.0233333333333334,0.2751816213130951
2026-01-03 03:00:00,1,0.17833333333333334,5.646666666666667,0.55,0.15437500178813934
2026-01-03 03:00:00,2,0.15833333333333333,5.596666666666667,0.4216666666666667,0.14231830835342407
2026-01-03 04:00:00,1,0.21,6.033333333333334,-0.39333333333333337,0.19975101947784424
2026-01-03 04:00:00,2,0.18999999999999997,5.935,-0.4916666666666667,0.17467588186264038
2026-01-03 05:00:00,1,0.255,6.665,-0.7516666666666666,0.2956236004829407
2026-01-03 05:00:00,2,0.25166666666666665,6.708333333333333,-0.815,0.2750033736228943
2026-01-03 06:00:00,1,0.16,5.636666666666667,-1.1733333333333333,0.1444830447435379
2026-01-03 06:00:00,2,0.14666666666666667,5.863333333333333,-1.445,0.162680983543396
2026-01-03 07:00:00,1,0.26,6.419999999999999,-0.8566666666666666,0.2544819712638855
2026-01-03 07:00:00,2,0.26,6.601666666666667,-0.9333333333333332,0.25943994522094727
2026-01-03 08:00:00,1,0.22833333333333336,6.118333333333333,-1.6916666666666667,0.2056577503681183
2026-01-03 08:00:00,2,0.22,6.2250000000000005,-1.765,0.20470626652240753
2026-01-03 09:00:00,1,0.165,5.503333333333334,-0.7566666666666667,0.13207988440990448
2026-01-03 09:00:00,2,0.11833333333333333,5.288333333333333,-0.9933333333333333,0.09957099705934525
2026-01-03 10:00:00,1,0.15166666666666667,5.326666666666667,-0.89,0.11431743949651718
2026-01-03 10:00:00,2,0.135,5.391666666666667,-1.03,0.10916446894407272
2026-01-03 11:00:00,1,0.07333333333333333,4.468333333333333,0.625,0.060514938086271286
2026-01-03 11:00:00,2,0.06666666666666667,4.691666666666666,0.375,0.06084676831960678
2026-01-03 12:00:00,1,0.13333333333333333,5.2683333333333335,3.125,0.12521249055862427
2026-01-03 12:00:00,2,0.14333333333333334,5.603333333333333,2.9266666666666663,0.1535777896642685
2026-01-03 13:00:00,1,0.17666666666666667,5.8183333333333325,4.6883333333333335,0.19317811727523804
2026-01-03 13:00:00,2,0.16166666666666665,5.78,4.523333333333333,0.17852388322353363
2026-01-03 14:00:00,1,0.17166666666666666,5.765,5.878333333333334,0.19107042253017426
2026-01-03 14:00:00,2,0.15833333333333333,5.873333333333334,5.763333333333333,0.19377045333385468
2026-01-03 15:00:00,1,0.19666666666666666,5.971666666666667,6.401666666666666,0.21863119304180145
2026-01-03 15:00:00,2,0.19666666666666666,6.073333333333333,6.196666666666666,0.2194739282131195
2026-01-03 16:00:00,1,0.24333333333333332,6.326666666666667,5.665,0.25985050201416016
2026-01-03 16:00:00,2,0.20666666666666667,6.206666666666667,5.565,0.23423954844474792
2026-01-03 17:00:00,1,0.255,6.31,4.076666666666667,0.25328174233436584
2026-01-03 17:00:00,2,0.2783333333333333,6.468333333333334,3.965,0.2633337378501892
2026-01-03 18:00:00,1,0.5216666666666666,7.6499999999999995,3.2183333333333333,0.46358251571655273
2026-01-03 18:00:00,2,0.5066666666666667,7.73,3.106666666666667,0.45013371109962463
2026-01-03 19:00:00,1,0.215,5.885000000000001,2.4633333333333334,0.19245222210884094
2026-01-03 19:00:00,2,0.245,6.2683333333333335,2.361666666666667,0.22876428067684174
2026-01-03 20:00:00,1,0.5683333333333334,8.013333333333334,2.6016666666666666,0.5259369015693665
2026-01-03 20:00:00,2,0.48833333333333334,7.47,2.2733333333333334,0.4048478305339813
2026-01-03 21:00:00,1,0.29833333333333334,6.623333333333334,1.905,0.2940601706504822
2026-01-03 21:00:00,2,0.285,6.588333333333334,1.8150000000000002,0.27116256952285767
2026-01-03 22:00:00,1,0.19000000000000003,5.8116666666666665,1.43,0.17926760017871857
2026-01-03 22:00:00,2,0.15833333333333335,5.668333333333333,1.16,0.1525283008813858
2026-01-03 23:00:00,1,0.30833333333333335,6.52,1.0999999999999999,0.27774035930633545
2026-01-03 23:00:00,2,0.265,6.463333333333334,0.9383333333333334,0.2493666410446167
2026-01-04 00:00:00,1,0.23166666666666666,6.18,0.36000000000000004,0.22337745130062103
2026-01-04 00:00:00,2,0.18333333333333335,5.831666666666667,0.075,0.16508974134922028
2026-01-04 01:00:00,1,0.2866666666666667,6.461666666666666,-0.8583333333333334,0.26116469502449036
2026-01-04 01:00:00,2,0.26666666666666666,6.528333333333333,-0.9700000000000001,0.24937951564788818
2026-01-04 02:00:00,1,0.28,6.010000000000001,-0.4083333333333334,0.19658160209655762
2026-01-04 02:00:00,2,0.18999999999999997,5.476666666666667,-0.5766666666666667,0.12093639373779297
2026-01-04 03:00:00,1,0.19000000000000003,5.913333333333333,-1.4233333333333331,0.17764639854431152
2026-01-04 03:00:00,2,0.16833333333333333,5.86,-1.405,0.1624600887298584
2026-01-04 04:00:00,1,0.2733333333333334,6.396666666666667,-1.6633333333333333,0.247078537940979
2026-01-04 04:00:00,2,0.23333333333333336,6.38,-1.9416666666666664,0.22376614809036255
2026-01-04 05:00:00,1,0.26666666666666666,6.206666666666667,-1.1466666666666667,0.22079528868198395
2026-01-04 05:00:00,2,0.2283333333333333,6.109999999999999,-1.4633333333333332,0.19195601344108582
2026-01-04 06:00:00,1,0.39166666666666666,7.329999999999999,-0.7316666666666666,0.4014102816581726
2026-01-04 06:00:00,2,0.37000000000000005,7.376666666666666,-0.9899999999999999,0.3789825737476349
2026-01-04 07:00:00,1,0.30833333333333335,6.635000000000001,-0.8666666666666667,0.2901478111743927
2026-01-04 07:00:00,2,0.295,6.706666666666667,-1.2766666666666666,0.27301815152168274
2026-01-04 08:00:00,1,0.5016666666666666,7.698333333333333,-0.8450000000000001,0.4634419083595276
2026-01-04 08:00:00,2,0.41,7.2683333333333335,-0.9916666666666667,0.36102059483528137
2026-01-04 09:00:00,1,0.07166666666666667,3.73,0.4566666666666667,0.031246323138475418
2026-01-04 09:00:00,2,0.04833333333333333,3.658333333333333,0.25,0.02282925695180893
2026-01-04 10:00:00,1,0.07166666666666667,4.288333333333333,1.5233333333333334,0.053428925573825836
2026-01-04 10:00:00,2,0.07666666666666667,4.721666666666667,1.3933333333333333,0.06523358821868896
2026-01-04 11:00:00,1,0.07333333333333333,4.626666666666667,1.3383333333333332,0.07040051370859146
2026-01-04 11:00:00,2,0.06833333333333333,4.6466666666666665,1.2266666666666668,0.060434889048337936
2026-01-04 12:00:00,1,0.01,1.9816666666666667,4.456666666666667,0.00851622223854065
2026-01-04 12:00:00,2,0.01,1.875,4.4783333333333335,0.0075301844626665115
2026-01-04 13:00:00,1,0.01,0.71,7.1433333333333335,0.003340743947774172
2026-01-04 13:00:00,2,0.01,0.7516666666666666,6.963333333333334,0.003997887019068003
2026-01-04 14:00:00,1,0.01,1.4916666666666665,7.118333333333333,0.00640070578083396
2026-01-04 14:00:00,2,0.01,1.3716666666666668,6.966666666666666,0.006193195469677448
2026-01-04 15:00:00,1,0.03333333333333333,3.966666666666667,6.37,0.04730770364403725
2026-01-04 15:00:00,2,0.03166666666666667,4.091666666666667,6.185,0.045015837997198105
2026-01-04 16:00:00,1,0.25333333333333335,6.173333333333333,5.17,0.239554762840271
2026-01-04 16:00:00,2,0.265,6.276666666666666,4.951666666666667,0.2410663664340973
2026-01-04 17:00:00,1,0.6166666666666666,8.555,4.381666666666667,0.6155740022659302
2026-01-04 17:00:00,2,0.5816666666666667,8.446666666666667,4.216666666666667,0.5768734812736511
2026-01-04 18:00:00,1,0.6016666666666667,8.483333333333333,5.135,0.6040898561477661
2026-01-04 18:00:00,2,0.62,8.603333333333333,5.166666666666667,0.6015240550041199
2026-01-04 19:00:00,1,0.6366666666666667,8.615,5.1499999999999995,0.6247713565826416
2026-01-04 19:00:00,2,0.6566666666666666,8.868333333333334,5.153333333333333,0.6384729743003845
2026-01-04 20:00:00,1,0.47500000000000003,7.741666666666667,5.6499999999999995,0.4808061122894287
2026-01-04 20:00:00,2,0.48666666666666664,7.831666666666667,5.738333333333333,0.4715615212917328
2026-01-04 21:00:00,1,0.3233333333333333,6.878333333333334,5.388333333333333,0.3386324942111969
2026-01-04 21:00:00,2,0.3466666666666667,6.988333333333333,5.413333333333333,0.3403426706790924
2026-01-04 22:00:00,1,0.4683333333333333,7.651666666666666,4.776666666666666,0.464780330657959
2026-01-04 22:00:00,2,0.48500000000000004,7.781666666666666,4.7299999999999995,0.46191108226776123
2026-01-04 23:00:00,1,0.7666666666666666,9.388333333333334,4.598333333333334,0.7458370923995972
2026-01-04 23:00:00,2,0.8316666666666667,9.953333333333333,4.7283333333333335,0.8018715977668762
2026-01-05 00:00:00,1,0.2866666666666667,6.41,4.335,0.26666879653930664
2026-01-05 00:00:00,2,0.27666666666666667,6.420000000000001,4.493333333333333,0.25836181640625
2026-01-05 01:00:00,1,0.32666666666666666,6.691666666666666,3.966666666666667,0.307759165763855
2026-01-05 01:00:00,2,0.33,6.733333333333333,3.94,0.3011079728603363
2026-01-05 02:00:00,1,0.3416666666666666,6.718333333333334,3.283333333333333,0.31065064668655396
2026-01-05 02:00:00,2,0.34500000000000003,6.855,3.2550000000000003,0.31622618436813354
2026-01-05 03:00:00,1,0.2783333333333334,6.38,3.1366666666666667,0.26117461919784546
2026-01-05 03:00:00,2,0.27666666666666667,6.401666666666666,3.045,0.2501705586910248
2026-01-05 04:00:00,1,0.17,5.73,3.1833333333333336,0.1757824867963791
2026-01-05 04:00:00,2,0.16,5.6883333333333335,3.1166666666666667,0.16297660768032074
2026-01-05 05:00:00,1,0.12333333333333334,5.271666666666667,3.391666666666667,0.12662535905838013
2026-01-05 05:00:00,2,0.12666666666666668,5.43,3.23,0.13809272646903992
2026-01-05 06:00:00,1,0.045000000000000005,3.7899999999999996,2.9466666666666668,0.0358576625585556
2026-01-05 06:00:00,2,0.04833333333333333,4.21,2.8333333333333335,0.042563796043395996
2026-01-05 07:00:00,1,0.01,1.8483333333333334,2.5066666666666664,0.006934617646038532
2026-01-05 07:00:00,2,0.01,2.09,2.33,0.007677850779145956
2026-01-05 08:00:00,1,0.01,1.43,1.2266666666666668,0.004568988457322121
2026-01-05 08:00:00,2,0.01,1.5566666666666666,1.2483333333333333,0.004983128048479557
2026-01-05 09:00:00,1,0.01,2.0316666666666667,1.6483333333333334,0.007760461885482073
2026-01-05 09:00:00,2,0.01,1.8033333333333335,1.2033333333333334,0.00588888768106699
2026-01-05 10:00:00,1,0.01,1.915,1.9433333333333334,0.007158863358199596
2026-01-05 10:00:00,2,0.006666666666666667,2.0116666666666667,1.6833333333333333,0.006998133379966021
2026-01-05 11:00:00,1,0.01,1.6383333333333334,2.1033333333333335,0.0056799896992743015
2026-01-05 11:00:00,2,0.008333333333333333,1.655,1.8549999999999998,0.00553479976952076
2026-01-05 12:00:00,1,0.018333333333333333,2.91,1.7916666666666667,0.016239533200860023
2026-01-05 12:00:00,2,0.013333333333333334,3.061666666666667,1.5833333333333333,0.015067588537931442
2026-01-05 13:00:00,1,0.03166666666666667,4.075,1.9083333333333332,0.04462048038840294
2026-01-05 13:00:00,2,0.03333333333333333,4.58,1.6500000000000001,0.05770368501543999
2026-01-05 14:00:00,1,0.01,2.856666666666667,2.1883333333333335,0.01574065536260605
2026-01-05 14:00:00,2,0.008333333333333333,3.3833333333333333,1.9083333333333332,0.019644927233457565
2026-01-05 15:00:00,1,0.01,2.4916666666666667,2.558333333333333,0.011697331443428993
2026-01-05 15:00:00,2,0.006666666666666667,2.5383333333333336,2.283333333333333,0.01054122019559145
2026-01-05 16:00:00,1,0.02,3.39,2.545,0.025192078202962875
2026-01-05 16:00:00,2,0.018333333333333333,3.0966666666666662,2.388333333333333,0.016141608357429504
2026-01-05 17:00:00,1,0.03666666666666667,4.111666666666667,1.7433333333333334,0.04594925418496132
2026-01-05 17:00:00,2,0.03333333333333333,3.9416666666666664,1.5483333333333331,0.03141719102859497
2026-01-05 18:00:00,1,0.06833333333333334,4.68,1.4033333333333333,0.07365578413009644
2026-01-05 18:00:00,2,0.07333333333333333,4.926666666666667,1.1683333333333332,0.07774879783391953
2026-01-05 19:00:00,1,0.08333333333333333,4.755,1.17,0.07765237987041473
2026-01-05 19:00:00,2,0.07166666666666667,4.825,0.9433333333333334,0.0703543871641159
2026-01-05 20:00:00,1,0.13166666666666668,5.2283333333333335,1.2916666666666667,0.11428436636924744
2026-01-05 20:00:00,2,0.12166666666666666,5.343333333333334,1.0966666666666667,0.11585653573274612
2026-01-05 21:00:00,1,0.18833333333333332,5.8183333333333325,0.9166666666666666,0.1778438687324524
2026-01-05 21:00:00,2,0.15166666666666664,5.695,0.6466666666666666,0.15313896536827087
2026-01-05 22:00:00,1,0.37666666666666665,6.82,0.2683333333333333,0.32084980607032776
2026-01-05 22:00:00,2,0.34833333333333333,6.715,0.08166666666666667,0.2814449071884155
2026-01-05 23:00:00,1,0.4216666666666667,7.151666666666667,0.3833333333333333,0.3738919198513031
2026-01-05 23:00:00,2,0.37166666666666665,6.941666666666666,0.13833333333333334,0.31389740109443665
2026-01-06 00:00:00,1,0.375,6.8950000000000005,0.5616666666666666,0.3330205976963043
2026-01-06 00:00:00,2,0.3466666666666667,6.836666666666666,0.5166666666666667,0.3004598021507263
2026-01-06 01:00:00,1,0.31833333333333336,6.723333333333334,0.765,0.30701780319213867
2026-01-06 01:00:00,2,0.2966666666666667,6.6883333333333335,0.545,0.2808012366294861
2026-01-06 02:00:00,1,0.8166666666666668,9.946666666666667,0.245,0.8380804657936096
2026-01-06 02:00:00,2,0.7400000000000001,9.55,0.19833333333333333,0.7419262528419495
2026-01-06 03:00:00,1,0.9866666666666667,13.041666666666666,1.9683333333333335,0.9834274053573608
2026-01-06 03:00:00,2,0.9566666666666667,12.844999999999999,1.915,0.9758266806602478
2026-01-06 04:00:00,1,0.8433333333333333,10.468333333333334,2.473333333333333,0.900787889957428
2026-01-06 04:00:00,2,0.7999999999999999,10.253333333333332,2.5416666666666665,0.8484787940979004
2026-01-06 05:00:00,1,0.9700000000000001,10.806666666666667,0.9016666666666667,0.9287225008010864
2026-01-06 05:00:00,2,0.9683333333333333,10.995,1.3233333333333333,0.9252250790596008
2026-01-06 06:00:00,1,0.8766666666666666,10.026666666666667,-0.5433333333333333,0.8490106463432312
2026-01-06 06:00:00,2,0.8783333333333333,9.966666666666667,-0.3866666666666667,0.8072742819786072
2026-01-06 07:00:00,1,0.9733333333333333,11.51,-1.5199999999999998,0.964744508266449
2026-01-06 07:00:00,2,0.9733333333333333,11.556666666666667,-1.5383333333333333,0.9548866748809814
2026-01-06 08:00:00,1,0.9899999999999999,12.325000000000001,-1.7216666666666667,0.979877769947052
2026-01-06 08:00:00,2,0.9683333333333333,12.604999999999999,-1.5733333333333333,0.9751701951026917
2026-01-06 09:00:00,1,0.9783333333333334,12.238333333333335,-0.8316666666666667,0.9783053994178772
2026-01-06 09:00:00,2,0.965,12.636666666666665,-1.655,0.9756079912185669
2026-01-06 10:00:00,1,0.9683333333333333,12.82,-1.6033333333333335,0.9841051697731018
2026-01-06 10:00:00,2,0.9133333333333334,12.808333333333332,-1.3516666666666666,0.9774147272109985
2026-01-06 11:00:00,1,0.9866666666666667,13.106666666666667,-1.2216666666666667,0.9858836531639099
2026-01-06 11:00:00,2,0.975,13.781666666666666,-1.2366666666666666,0.986011266708374
2026-01-06 12:00:00,1,0.9766666666666666,12.13,0.21166666666666667,0.9762313961982727
2026-01-06 12:00:00,2,0.9733333333333333,12.803333333333335,0.21166666666666667,0.976408064365387
2026-01-06 13:00:00,1,0.9683333333333333,11.373333333333333,3.9966666666666666,0.9584712982177734
2026-01-06 13:00:00,2,0.9666666666666667,11.803333333333333,4.4799999999999995,0.9565722942352295
2026-01-06 14:00:00,1,0.9866666666666667,12.123333333333333,6.8116666666666665,0.969720721244812
2026-01-06 14:00:00,2,0.9700000000000001,12.475,7.043333333333333,0.9667284488677979
2026-01-06 15:00:00,1,0.9899999999999999,12.086666666666666,7.203333333333333,0.9687785506248474
2026-01-06 15:00:00,2,0.965,12.18,7.395,0.961201548576355
2026-01-06 16:00:00,1,0.9883333333333333,12.583333333333334,6.948333333333333,0.975326657295227
2026-01-06 16:00:00,2,0.9700000000000001,12.358333333333334,7.1499999999999995,0.9646760821342468
2026-01-06 17:00:00,1,0.9883333333333333,11.39,4.0249999999999995,0.959087073802948
2026-01-06 17:00:00,2,0.9700000000000001,11.683333333333332,4.37,0.9537039399147034
2026-01-06 18:00:00,1,0.9899999999999999,11.575000000000001,3.2916666666666665,0.964734673500061
2026-01-06 18:00:00,2,0.9700000000000001,11.808333333333332,3.5716666666666668,0.9576027989387512
2026-01-06 19:00:00,1,0.855,10.22,2.1416666666666666,0.8742046356201172
2026-01-06 19:00:00,2,0.8916666666666666,10.346666666666666,2.2733333333333334,0.8606853485107422
2026-01-06 20:00:00,1,0.6966666666666667,8.935,1.5716666666666665,0.675678551197052
2026-01-06 20:00:00,2,0.635,8.568333333333333,1.7850000000000001,0.5941999554634094
2026-01-06 21:00:00,1,0.4633333333333333,7.411666666666666,0.8883333333333333,0.4180481731891632
2026-01-06 21:00:00,2,0.48500000000000004,7.718333333333334,1.1066666666666667,0.44388800859451294
2026-01-06 22:00:00,1,0.22999999999999998,5.796666666666667,-0.515,0.16698727011680603
2026-01-06 22:00:00,2,0.165,5.543333333333333,-0.5066666666666667,0.1292351931333542
2026-01-06 23:00:00,1,0.02,2.6533333333333333,-0.7833333333333333,0.011834342032670975
2026-01-06 23:00:00,2,0.021666666666666667,2.671666666666667,-0.895,0.009837072342634201
2026-01-07 00:00:00,1,0.01,2.8733333333333335,-0.6233333333333333,0.014396300539374352
2026-01-07 00:00:00,2,0.008333333333333333,2.901666666666667,-0.89,0.011630301363766193
2026-01-07 01:00:00,1,0.028333333333333335,3.8049999999999997,-1.1483333333333332,0.03231225907802582
2026-01-07 01:00:00,2,0.02,3.625,-1.4349999999999998,0.020561765879392624
2026-01-07 02:00:00,1,0.028333333333333332,3.1983333333333337,0.6033333333333334,0.019912242889404297
2026-01-07 02:00:00,2,0.028333333333333332,3.2883333333333336,0.38833333333333336,0.016720790416002274
2026-01-07 03:00:00,1,0.01,2.2083333333333335,0.9333333333333332,0.008698632009327412
2026-01-07 03:00:00,2,0.008333333333333333,2.723333333333333,0.725,0.011154139414429665
2026-01-07 04:00:00,1,0.01,1.2783333333333333,0.43333333333333335,0.0038725389167666435
2026-01-07 04:00:00,2,0.01,1.2416666666666665,0.21166666666666667,0.003755513345822692
2026-01-07 05:00:00,1,0.01,0.9633333333333334,-0.09833333333333334,0.002899955725297332
2026-01-07 05:00:00,2,0.01,0.895,-0.2683333333333333,0.0028633836191147566
2026-01-07 06:00:00,1,0.01,0.7383333333333333,-0.21666666666666667,0.0023761766497045755
2026-01-07 06:00:00,2,0.01,0.6883333333333334,-0.4183333333333333,0.0024566492065787315
2026-01-07 07:00:00,1,0.01,0.8866666666666667,-1.0783333333333334,0.002594520803540945
2026-01-07 07:00:00,2,0.01,0.87,-1.3633333333333333,0.002625036519020796
2026-01-07 08:00:00,1,0.01,1.415,-0.85,0.004098660312592983
2026-01-07 08:00:00,2,0.01,1.3733333333333333,-1.1033333333333333,0.003785502165555954
2026-01-07 09:00:00,1,0.01,1.0733333333333335,-0.4266666666666667,0.0031300694681704044
2026-01-07 09:00:00,2,0.01,1.1183333333333334,-0.6833333333333332,0.0032572948839515448
2026-01-07 10:00:00,1,0.01,0.585,0.7600000000000001,0.0021873239893466234
2026-01-07 10:00:00,2,0.01,0.5466666666666666,0.5750000000000001,0.002360900165513158
2026-01-07 11:00:00,1,0.01,1.3683333333333334,1.7233333333333334,0.004440725315362215
2026-01-07 11:00:00,2,0.01,1.2266666666666668,1.4716666666666667,0.0040250313468277454
2026-01-07 12:00:00,1,0.01,1.0866666666666667,4.596666666666667,0.004028821364045143
2026-01-07 12:00:00,2,0.01,1.2766666666666666,3.5833333333333335,0.0047356318682432175
2026-01-07 13:00:00,1,0.01,1.0716666666666665,5.416666666666667,0.004135837312787771
2026-01-07 13:00:00,2,0.01,1.1883333333333332,4.871666666666667,0.004816149827092886
2026-01-07 14:00:00,1,0.01,0.7466666666666667,5.59,0.0031834987457841635
2026-01-07 14:00:00,2,0.01,0.7883333333333332,5.1433333333333335,0.0036986260674893856
2026-01-07 15:00:00,1,0.01,1.2383333333333333,5.053333333333334,0.004684040788561106
2026-01-07 15:00:00,2,0.01,1.1833333333333333,4.818333333333333,0.004784279502928257
2026-01-07 16:00:00,1,0.011666666666666667,2.763333333333333,2.7566666666666664,0.014844746328890324
2026-01-07 16:00:00,2,0.008333333333333333,2.5383333333333336,2.605,0.010724585503339767
2026-01-07 17:00:00,1,0.028333333333333332,4.408333333333334,-0.9700000000000001,0.05472380667924881
2026-01-07 17:00:00,2,0.021666666666666667,4.321666666666666,-1.51,0.03973744809627533
2026-01-07 18:00:00,1,0.02,4.121666666666667,-3.026666666666667,0.04077337309718132
2026-01-07 18:00:00,2,0.02,4.256666666666667,-3.3333333333333335,0.03467410430312157
2026-01-07 19:00:00,1,0.011666666666666667,2.861666666666667,-3.09,0.013049101456999779
2026-01-07 19:00:00,2,0.008333333333333333,3.205,-3.388333333333333,0.013132278807461262
2026-01-07 20:00:00,1,0.01,1.4316666666666666,-2.893333333333333,0.003820376005023718
2026-01-07 20:00:00,2,0.01,1.535,-3.2483333333333335,0.003719666972756386
2026-01-07 21:00:00,1,0.01,1.0883333333333334,-3.0683333333333334,0.002808747813105583
2026-01-07 21:00:00,2,0.01,1.11,-3.44,0.0027130418457090855
2026-01-07 22:00:00,1,0.01,1.16,-3.0366666666666666,0.002992187160998583
2026-01-07 22:00:00,2,0.01,0.7783333333333333,-3.34,0.0021682768128812313
2026-01-07 23:00:00,1,0.01,1.3233333333333335,-3.311666666666667,0.0034122357610613108
2026-01-07 23:00:00,2,0.01,1.5066666666666666,-3.7616666666666667,0.0035378639586269855
2026-01-08 00:00:00,1,0.01,0.7933333333333333,-3.686666666666667,0.002121192868798971
2026-01-08 00:00:00,2,0.01,1.0433333333333332,-4.2299999999999995,0.0024667002726346254
2026-01-08 01:00:00,1,0.01,1.5566666666666666,-4.321666666666666,0.004034962505102158
2026-01-08 01:00:00,2,0.01,1.5916666666666668,-4.733333333333333,0.0035640732385218143
2026-01-08 02:00:00,1,0.01,1.3549999999999998,-4.795,0.00330512598156929
2026-01-08 02:00:00,2,0.01,1.205,-5.216666666666667,0.0026115979999303818
2026-01-08 03:00:00,1,0.01,2.49,-5.071666666666666,0.008817615918815136
2026-01-08 03:00:00,2,0.01,2.4983333333333335,-5.2299999999999995,0.006726846564561129
2026-01-08 04:00:00,1,0.01,2.1216666666666666,-5.704999999999999,0.0062965997494757175
2026-01-08 04:00:00,2,0.01,2.311666666666667,-5.848333333333334,0.005653508938848972
2026-01-08 05:00:00,1,0.01,1.365,-5.915,0.003187862690538168
2026-01-08 05:00:00,2,0.01,1.4583333333333333,-6.245,0.0029668628703802824
2026-01-08 06:00:00,1,0.01,2.158333333333333,-6.64,0.006274351850152016
2026-01-08 06:00:00,2,0.01,2.143333333333333,-6.88,0.004699646029621363
2026-01-08 07:00:00,1,0.01,1.78,-6.54,0.004568522796034813
2026-01-08 07:00:00,2,0.01,1.4866666666666666,-6.765000000000001,0.0029414112213999033
2026-01-08 08:00:00,1,0.01,1.1566666666666667,-6.971666666666667,0.0025408018846064806
2026-01-08 08:00:00,2,0.01,1.0883333333333332,-7.2316666666666665,0.0021374484058469534
2026-01-08 09:00:00,1,0.01,1.3933333333333333,-6.631666666666667,0.0031855967827141285
2026-01-08 09:00:00,2,0.01,1.655,-6.821666666666666,0.003318068105727434
2026-01-08 10:00:00,1,0.01,1.7233333333333334,-5.363333333333333,0.004520380403846502
2026-01-08 10:00:00,2,0.01,1.8099999999999998,-5.57,0.0039901589043438435
2026-01-08 11:00:00,1,0.01,2.315,-2.893333333333333,0.008186505176126957
2026-01-08 11:00:00,2,0.01,2.0316666666666667,-3.221666666666667,0.005357268266379833
2026-01-08 12:00:00,1,0.01,3.0100000000000002,-1.455,0.015715520828962326
2026-01-08 12:00:00,2,0.006666666666666667,3.2466666666666666,-1.8033333333333335,0.01458002906292677
2026-01-08 13:00:00,1,0.008333333333333333,3.3633333333333333,0.5083333333333333,0.022848868742585182
2026-01-08 13:00:00,2,0.008333333333333333,3.4766666666666666,0.31833333333333336,0.01950875297188759
2026-01-08 14:00:00,1,0.01,2.75,2.811666666666667,0.01470809057354927
2026-01-08 14:00:00,2,0.013333333333333334,2.8000000000000003,2.801666666666667,0.013192574493587017
2026-01-08 15:00:00,1,0.18333333333333335,5.9383333333333335,3.9250000000000003,0.20547184348106384
2026-01-08 15:00:00,2,0.18666666666666668,5.988333333333333,3.805,0.1996835619211197
2026-01-08 16:00:00,1,0.13833333333333334,5.701666666666667,3.2583333333333333,0.17290079593658447
2026-01-08 16:00:00,2,0.135,5.78,3.108333333333333,0.17266260087490082
2026-01-08 17:00:00,1,0.135,5.598333333333334,1.6983333333333333,0.1541147381067276
2026-01-08 17:00:00,2,0.12666666666666668,5.5683333333333325,1.4933333333333334,0.1441052109003067
2026-01-08 18:00:00,1,0.12,4.735,0.5566666666666666,0.07496240735054016
2026-01-08 18:00:00,2,0.09999999999999999,4.258333333333334,0.3066666666666667,0.0403573140501976
2026-01-08 19:00:00,1,0.01,2.045,0.205,0.007404604461044073
2026-01-08 19:00:00,2,0.01,1.7883333333333333,-0.045000000000000005,0.005396663211286068
2026-01-08 20:00:00,1,0.013333333333333334,3.1133333333333333,-1.2016666666666667,0.01733354851603508
2026-01-08 20:00:00,2,0.008333333333333333,2.435,-1.2633333333333334,0.00806538574397564
2026-01-08 21:00:00,1,0.013333333333333334,1.4116666666666668,-1.3733333333333333,0.003995415288954973
2026-01-08 21:00:00,2,0.011666666666666667,1.325,-1.4116666666666668,0.003588590072467923
2026-01-08 22:00:00,1,0.01,1.6816666666666666,-1.3499999999999999,0.005074744578450918
2026-01-08 22:00:00,2,0.008333333333333333,1.795,-1.5899999999999999,0.004942035768181086
2026-01-08 23:00:00,1,0.01,1.9816666666666667,-1.3,0.006634767632931471
2026-01-08 23:00:00,2,0.008333333333333333,2.2983333333333333,-2.2216666666666667,0.006909106858074665
2026-01-09 00:00:00,1,0.011666666666666667,3.251666666666667,-1.8466666666666667,0.019080230966210365
2026-01-09 00:00:00,2,0.01,2.2083333333333335,-2.506666666666667,0.00635548634454608
2026-01-09 01:00:00,1,0.01,1.78,-2.5100000000000002,0.005302662029862404
2026-01-09 01:00:00,2,0.008333333333333333,1.2516666666666667,-2.8466666666666662,0.0031110146082937717
2026-01-09 02:00:00,1,0.013333333333333334,2.638333333333333,-3.355,0.010647271759808064
2026-01-09 02:00:00,2,0.01,2.651666666666667,-3.651666666666667,0.00824547465890646
2026-01-09 03:00:00,1,0.01,2.9800000000000004,-4.655,0.013707955367863178
2026-01-09 03:00:00,2,0.011666666666666667,3.0566666666666666,-4.786666666666666,0.010893585160374641
2026-01-09 04:00:00,1,0.01,2.276666666666667,-5.663333333333333,0.007170720957219601
2026-01-09 04:00:00,2,0.01,2.23,-5.8500000000000005,0.005324969068169594
2026-01-09 05:00:00,1,0.01,1.3533333333333333,-5.75,0.003175431629642844
2026-01-09 05:00:00,2,0.01,1.9183333333333332,-6.1499999999999995,0.004179931245744228
2026-01-09 06:00:00,1,0.01,3.3533333333333335,-6.141666666666667,0.018981091678142548
2026-01-09 06:00:00,2,0.008333333333333333,3.611666666666667,-6.403333333333333,0.016887784004211426
2026-01-09 07:00:00,1,0.01,2.131666666666667,-7.038333333333334,0.006050761789083481
2026-01-09 07:00:00,2,0.01,2.17,-7.296666666666667,0.004674721974879503
2026-01-09 08:00:00,1,0.01,1.345,-7.558333333333334,0.0029457537457346916
2026-01-09 08:00:00,2,0.008333333333333333,1.9649999999999999,-7.908333333333334,0.0038776409346610308
2026-01-09 09:00:00,1,0.01,2.125,-7.010000000000001,0.0060238041914999485
2026-01-09 09:00:00,2,0.008333333333333333,2.263333333333333,-7.29,0.005010579712688923
2026-01-09 10:00:00,1,0.01,0.9316666666666666,-5.34,0.002224226947873831
2026-01-09 10:00:00,2,0.01,1.2033333333333334,-5.961666666666666,0.002499874448403716
2026-01-09 11:00:00,1,0.01,0.8916666666666666,-3.7300000000000004,0.002302571665495634
2026-01-09 11:00:00,2,0.01,1.4233333333333331,-4.298333333333333,0.003228542860597372
2026-01-09 12:00:00,1,0.01,1.7666666666666666,-1.9133333333333333,0.005359428934752941
2026-01-09 12:00:00,2,0.01,2.066666666666667,-1.9433333333333334,0.0059014237485826015
2026-01-09 13:00:00,1,0.011666666666666667,2.98,0.16166666666666665,0.016237378120422363
2026-01-09 13:00:00,2,0.006666666666666667,3.0383333333333336,-0.13833333333333334,0.01341343019157648
2026-01-09 14:00:00,1,0.01,1.37,1.5599999999999998,0.004412498790770769
2026-01-09 14:00:00,2,0.01,1.39,1.295,0.004455766174942255
2026-01-09 15:00:00,1,0.01,1.4066666666666665,2.8049999999999997,0.0048292544670403
2026-01-09 15:00:00,2,0.01,1.5116666666666667,2.59,0.005242642480880022
2026-01-09 16:00:00,1,0.02666666666666667,3.878333333333334,1.46,0.03678024932742119
2026-01-09 16:00:00,2,0.016666666666666666,3.776666666666667,1.3166666666666667,0.026743382215499878
2026-01-09 17:00:00,1,0.03,4.163333333333333,-0.855,0.04505593329668045
2026-01-09 17:00:00,2,0.013333333333333334,3.5116666666666667,-1.0233333333333334,0.018898963928222656
2026-01-09 18:00:00,1,0.011666666666666667,3.638333333333333,-1.6816666666666666,0.0272723026573658
2026-01-09 18:00:00,2,0.01,3.67,-1.7149999999999999,0.021254656836390495
2026-01-09 19:00:00,1,0.008333333333333333,2.7066666666666666,-2.5183333333333335,0.011635943315923214
2026-01-09 19:00:00,2,0.008333333333333333,2.855,-2.856666666666667,0.010045480914413929
2026-01-09 20:00:00,1,0.01,2.6350000000000002,-3.155,0.010689089074730873
2026-01-09 20:00:00,2,0.008333333333333333,2.935,-3.3966666666666665,0.010467061772942543
2026-01-09 21:00:00,1,0.01,1.965,-4.9783333333333335,0.005682952702045441
2026-01-09 21:00:00,2,0.01,1.9966666666666668,-5.185,0.004677931312471628
2026-01-09 22:00:00,1,0.01,2.2283333333333335,-5.538333333333334,0.0069151450879871845
2026-01-09 22:00:00,2,0.01,2.4266666666666663,-5.881666666666667,0.00614144979044795
2026-01-09 23:00:00,1,0.01,1.19,-5.318333333333333,0.002794793574139476
2026-01-09 23:00:00,2,0.01,1.2816666666666665,-5.648333333333333,0.0026953520718961954
2026-01-10 00:00:00,1,0.01,0.89,-5.3116666666666665,0.0021478331182152033
2026-01-10 00:00:00,2,0.01,0.8466666666666667,-5.6000000000000005,0.0019736229442059994
2026-01-10 01:00:00,1,0.01,1.2533333333333332,-5.678333333333334,0.0029138540849089622
2026-01-10 01:00:00,2,0.01,1.1283333333333332,-5.956666666666667,0.0023667318746447563
2026-01-10 02:00:00,1,0.01,0.8516666666666666,-5.87,0.002028376329690218
2026-01-10 02:00:00,2,0.01,0.8566666666666668,-6.196666666666666,0.0019178130896762013
2026-01-10 03:00:00,1,0.01,0.88,-6.491666666666667,0.0020242128521203995
2026-01-10 03:00:00,2,0.01,0.7966666666666667,-6.88,0.0017631606897339225
2026-01-10 04:00:00,1,0.01,0.89,-6.838333333333334,0.002012243028730154
2026-01-10 04:00:00,2,0.01,0.7833333333333333,-7.1883333333333335,0.001714307814836502
2026-01-10 05:00:00,1,0.028333333333333332,4.185,-6.396666666666667,0.03701958432793617
2026-01-10 05:00:00,2,0.016666666666666666,3.9600000000000004,-6.626666666666666,0.023110773414373398
2026-01-10 06:00:00,1,0.06166666666666667,4.871666666666667,-4.87,0.06779352575540543
2026-01-10 06:00:00,2,0.043333333333333335,4.566666666666666,-5.008333333333334,0.04301641136407852
2026-01-10 07:00:00,1,0.05833333333333334,4.305,-4.38,0.04458240419626236
2026-01-10 07:00:00,2,0.034999999999999996,4.0616666666666665,-4.591666666666667,0.027566051110625267
2026-01-10 08:00:00,1,0.051666666666666666,4.085,-4.596666666666667,0.03731667250394821
2026-01-10 08:00:00,2,0.03166666666666667,3.8200000000000003,-4.841666666666667,0.02185157872736454
2026-01-10 09:00:00,1,0.11499999999999999,5.2683333333333335,-4.583333333333333,0.09606954455375671
2026-01-10 09:00:00,2,0.08,4.793333333333334,-4.75,0.05342293158173561
2026-01-10 10:00:00,1,0.07,4.378333333333333,-2.8816666666666664,0.05010635033249855
2026-01-10 10:00:00,2,0.034999999999999996,3.7216666666666662,-2.9583333333333335,0.02139878459274769
2026-01-10 11:00:00,1,0.09000000000000001,4.746666666666667,-1.035,0.07180234044790268
2026-01-10 11:00:00,2,0.09000000000000001,4.908333333333333,-1.0616666666666668,0.06894178688526154
2026-01-10 12:00:00,1,0.05333333333333334,4.303333333333334,2.1783333333333332,0.0551130548119545
2026-01-10 12:00:00,2,0.049999999999999996,4.206666666666667,2.0416666666666665,0.04112674668431282
2026-01-10 13:00:00,1,0.21333333333333335,5.966666666666666,5.956666666666667,0.2169065624475479
2026-01-10 13:00:00,2,0.24333333333333332,6.433333333333334,5.75,0.2641073167324066
2026-01-10 14:00:00,1,0.19166666666666665,5.915,7.053333333333334,0.21392956376075745
2026-01-10 14:00:00,2,0.18833333333333335,6.046666666666667,6.855,0.2187258005142212
2026-01-10 15:00:00,1,0.18833333333333332,5.953333333333333,7.363333333333333,0.21905875205993652
2026-01-10 15:00:00,2,0.21,6.364999999999999,7.080000000000001,0.2592010200023651
2026-01-10 16:00:00,1,0.18000000000000002,5.9433333333333325,6.888333333333333,0.21668751537799835
2026-01-10 16:00:00,2,0.16666666666666666,5.921666666666667,6.666666666666667,0.20284198224544525
2026-01-10 17:00:00,1,0.15166666666666667,5.538333333333334,4.798333333333333,0.1603946089744568
2026-01-10 17:00:00,2,0.16166666666666668,5.821666666666666,4.54,0.1832464337348938
2026-01-10 18:00:00,1,0.4166666666666667,7.561666666666667,2.486666666666667,0.44660401344299316
2026-01-10 18:00:00,2,0.4466666666666666,7.696666666666666,2.353333333333333,0.44326773285865784
2026-01-10 19:00:00,1,0.38833333333333336,7.251666666666666,1.4316666666666666,0.39253273606300354
2026-01-10 19:00:00,2,0.39166666666666666,7.435,1.335,0.396329402923584
2026-01-10 20:00:00,1,0.54,7.571666666666666,1.1833333333333333,0.4455808401107788
2026-01-10 20:00:00,2,0.49833333333333335,7.585,1.1500000000000001,0.42102929949760437
2026-01-10 21:00:00,1,0.5750000000000001,7.94,1.2066666666666668,0.5101891756057739
2026-01-10 21:00:00,2,0.5366666666666667,7.816666666666666,1.1266666666666667,0.4610510468482971
2026-01-10 22:00:00,1,0.345,6.631666666666667,-0.445,0.29126858711242676
2026-01-10 22:00:00,2,0.3066666666666667,6.463333333333334,-0.635,0.24247245490550995
2026-01-10 23:00:00,1,0.4083333333333334,7.006666666666667,-1.5683333333333334,0.3463658392429352
2026-01-10 23:00:00,2,0.45166666666666666,7.446666666666666,-1.6566666666666665,0.38850346207618713
2026-01-11 00:00:00,1,0.84,9.924999999999999,-2.3266666666666667,0.834911584854126
2026-01-11 00:00:00,2,0.8716666666666667,10.226666666666667,-2.391666666666667,0.8421923518180847
2026-01-11 01:00:00,1,0.8983333333333333,10.176666666666668,-1.5983333333333334,0.8679580688476562
2026-01-11 01:00:00,2,0.9183333333333333,10.446666666666667,-1.3933333333333333,0.8710150122642517
2026-01-11 02:00:00,1,0.7116666666666666,8.641666666666667,-1.4866666666666666,0.6295182704925537
2026-01-11 02:00:00,2,0.6933333333333334,8.785,-1.3583333333333334,0.6254350543022156
2026-01-11 03:00:00,1,0.7716666666666666,9.095,-0.6583333333333333,0.7013981938362122
2026-01-11 03:00:00,2,0.6866666666666666,8.758333333333333,-0.5083333333333333,0.6212190389633179
2026-01-11 04:00:00,1,0.85,9.885,-0.61,0.8289197087287903
2026-01-11 04:00:00,2,0.8233333333333334,9.911666666666667,-0.40166666666666667,0.7988290190696716
2026-01-11 05:00:00,1,0.4683333333333333,7.343333333333334,-0.8833333333333333,0.40333911776542664
2026-01-11 05:00:00,2,0.48,7.585,-0.8033333333333333,0.41566428542137146
2026-01-11 06:00:00,1,0.5533333333333333,7.673333333333333,-1.3483333333333334,0.4582141637802124
2026-01-11 06:00:00,2,0.5533333333333333,7.921666666666667,-1.3266666666666664,0.4726031720638275
2026-01-11 07:00:00,1,0.48666666666666664,7.56,-1.3533333333333335,0.438892662525177
2026-01-11 07:00:00,2,0.445,7.3566666666666665,-1.3533333333333335,0.374107301235199
2026-01-11 08:00:00,1,0.21,5.84,-2.6133333333333333,0.16212429106235504
2026-01-11 08:00:00,2,0.21666666666666667,6.010000000000001,-2.691666666666667,0.1729867160320282
2026-01-11 09:00:00,1,0.325,6.4366666666666665,-1.8333333333333333,0.2525911033153534
2026-01-11 09:00:00,2,0.3233333333333333,6.670000000000001,-2.0883333333333334,0.2647433578968048
2026-01-11 10:00:00,1,0.27999999999999997,6.473333333333334,-0.5766666666666667,0.26440054178237915
2026-01-11 10:00:00,2,0.26333333333333336,6.3066666666666675,-0.5933333333333334,0.22115376591682434
2026-01-11 11:00:00,1,0.4033333333333333,7.211666666666666,2.9250000000000003,0.38871514797210693
2026-01-11 11:00:00,2,0.39666666666666667,7.285,2.893333333333333,0.3757361173629761
2026-01-11 12:00:00,1,0.5966666666666667,8.523333333333333,5.598333333333333,0.6101361513137817
2026-01-11 12:00:00,2,0.6766666666666666,9.125,5.505,0.6730535626411438
2026-01-11 13:00:00,1,0.6,8.459999999999999,6.881666666666667,0.5992999076843262
2026-01-11 13:00:00,2,0.6016666666666667,8.6,7.04,0.5971068739891052
2026-01-11 14:00:00,1,0.31333333333333335,6.536666666666666,6.735,0.2907385230064392
2026-01-11 14:00:00,2,0.27499999999999997,6.531666666666666,6.836666666666667,0.28081002831459045
2026-01-11 15:00:00,1,0.21833333333333335,5.9383333333333335,6.04,0.21393419802188873
2026-01-11 15:00:00,2,0.22999999999999998,6.204999999999999,6.038333333333333,0.23563148081302643
2026-01-11 16:00:00,1,0.27999999999999997,6.321666666666666,5.635000000000001,0.2591295838356018
2026-01-11 16:00:00,2,0.2283333333333333,6.098333333333334,5.495,0.22005194425582886
2026-01-11 17:00:00,1,0.2316666666666667,5.815,5.016666666666667,0.1940930336713791
2026-01-11 17:00:00,2,0.19000000000000003,5.81,4.8,0.18297669291496277
2026-01-11 18:00:00,1,0.445,7.29,5.855,0.4076177179813385
2026-01-11 18:00:00,2,0.4583333333333333,7.493333333333333,5.670000000000001,0.4166066348552704
2026-01-11 19:00:00,1,0.45166666666666666,7.0566666666666675,5.631666666666667,0.3684500455856323
2026-01-11 19:00:00,2,0.46166666666666667,7.301666666666667,5.596666666666667,0.38790324330329895
2026-01-11 20:00:00,1,0.27499999999999997,5.901666666666666,3.861666666666667,0.20019537210464478
2026-01-11 20:00:00,2,0.2866666666666667,6.241666666666667,3.813333333333334,0.23198014497756958
2026-01-11 21:00:00,1,0.6066666666666667,8.008333333333333,4.008333333333334,0.5258982181549072
2026-01-11 21:00:00,2,0.4916666666666667,7.503333333333333,3.875,0.41189199686050415
2026-01-11 22:00:00,1,0.5499999999999999,8.653333333333332,3.8166666666666664,0.6310465931892395
2026-01-11 22:00:00,2,0.5183333333333334,8.218333333333334,3.408333333333333,0.5372065901756287
2026-01-11 23:00:00,1,0.33166666666666667,7.06,1.7566666666666666,0.36165669560432434
2026-01-11 23:00:00,2,0.33,7.003333333333333,1.445,0.3297426700592041
2026-01-12 00:00:00,1,0.58,8.19,2.23,0.556132435798645
2026-01-12 00:00:00,2,0.49,7.636666666666667,1.955,0.4321271479129791
2026-01-12 01:00:00,1,0.4033333333333333,6.984999999999999,2.078333333333333,0.35021424293518066
2026-01-12 01:00:00,2,0.3933333333333333,7.218333333333334,2.1133333333333333,0.3642522692680359
2026-01-12 02:00:00,1,0.06833333333333334,3.831666666666667,2.145,0.03607890382409096
2026-01-12 02:00:00,2,0.04666666666666667,3.716666666666667,2.0733333333333333,0.026218313723802567
2026-01-12 03:00:00,1,0.015,1.8766666666666667,1.36,0.006741826888173819
2026-01-12 03:00:00,2,0.01,1.4116666666666664,1.235,0.004505870398133993
2026-01-12 04:00:00,1,0.023333333333333334,3.225,-0.24833333333333332,0.019743477925658226
2026-01-12 04:00:00,2,0.011666666666666667,3.22,-0.5466666666666666,0.015076727606356144
2026-01-12 05:00:00,1,0.01,1.2216666666666667,0.5616666666666666,0.003716014325618744
2026-01-12 05:00:00,2,0.01,1.0283333333333333,0.10166666666666664,0.003215937176719308
2026-01-12 06:00:00,1,0.01,0.735,0.6749999999999999,0.0024707785341888666
2026-01-12 06:00:00,2,0.01,1.0433333333333332,0.33,0.003296999493613839
2026-01-12 07:00:00,1,0.01,1.27,1.7416666666666665,0.0040940940380096436
2026-01-12 07:00:00,2,0.01,1.3583333333333334,1.095,0.0043055894784629345
2026-01-12 08:00:00,1,0.01,2.5883333333333334,0.5783333333333333,0.011757365427911282
2026-01-12 08:00:00,2,0.01,2.3216666666666668,0.2916666666666667,0.008043632842600346
2026-01-12 09:00:00,1,0.01,1.1183333333333334,2.183333333333333,0.0036884888540953398
2026-01-12 09:00:00,2,0.01,1.0516666666666667,1.9666666666666668,0.003677974222227931
2026-01-12 10:00:00,1,0.01,1.8116666666666668,3.59,0.007077678106725216
2026-01-12 10:00:00,2,0.01,1.625,3.1,0.005842671729624271
2026-01-12 11:00:00,1,0.01,1.5283333333333333,4.835,0.00590175436809659
2026-01-12 11:00:00,2,0.01,1.4466666666666665,4.923333333333333,0.0057673403061926365
2026-01-12 12:00:00,1,0.011666666666666667,2.1766666666666663,5.988333333333333,0.010658323764801025
2026-01-12 12:00:00,2,0.008333333333333333,2.1283333333333334,5.913333333333333,0.009755566716194153
2026-01-12 13:00:00,1,0.09666666666666668,4.905,6.971666666666667,0.10372266918420792
2026-01-12 13:00:00,2,0.10333333333333333,5.18,6.918333333333333,0.12455636262893677
2026-01-12 14:00:00,1,0.16333333333333333,5.663333333333334,6.118333333333333,0.17946109175682068
2026-01-12 14:00:00,2,0.19000000000000003,6.026666666666667,5.903333333333333,0.21249453723430634
2026-01-12 15:00:00,1,0.05666666666666667,3.8000000000000003,7.288333333333334,0.04267182573676109
2026-01-12 15:00:00,2,0.06666666666666667,4.181666666666667,7.163333333333334,0.05162571370601654
2026-01-12 16:00:00,1,0.15333333333333332,4.805,9.366666666666667,0.10289055109024048
2026-01-12 16:00:00,2,0.13666666666666666,4.523333333333333,9.153333333333334,0.0768725797533989
2026-01-12 17:00:00,1,0.545,8.23,10.238333333333333,0.5596897006034851
2026-01-12 17:00:00,2,0.5816666666666667,8.391666666666667,10.215,0.5553755164146423
2026-01-12 18:00:00,1,0.615,8.358333333333333,8.035,0.5823118090629578
2026-01-12 18:00:00,2,0.6233333333333334,8.556666666666667,8.063333333333334,0.5864787697792053
2026-01-12 19:00:00,1,0.58,8.315,7.913333333333334,0.5753955841064453
2026-01-12 19:00:00,2,0.59,8.488333333333333,7.9316666666666675,0.5769847631454468
2026-01-12 20:00:00,1,0.5633333333333334,8.209999999999999,8.48,0.557987630367279
2026-01-12 20:00:00,2,0.5683333333333334,8.354999999999999,8.48,0.5546976923942566
2026-01-12 21:00:00,1,0.285,6.473333333333334,9.093333333333334,0.2890414595603943
2026-01-12 21:00:00,2,0.285,6.5249999999999995,9.031666666666666,0.28869932889938354
2026-01-12 22:00:00,1,0.26333333333333336,6.373333333333334,9.006666666666666,0.275402307510376
2026-01-12 22:00:00,2,0.26666666666666666,6.4433333333333325,8.923333333333334,0.27674588561058044
2026-01-12 23:00:00,1,0.11833333333333333,5.041666666666667,8.948333333333332,0.12083590030670166
2026-01-12 23:00:00,2,0.115,5.113333333333333,8.818333333333333,0.12405849248170853
2026-01-13 00:00:00,1,0.2233333333333333,5.965,9.365,0.22519806027412415
2026-01-13 00:00:00,2,0.22166666666666668,6.086666666666666,9.258333333333333,0.22896787524223328
2026-01-13 01:00:00,1,0.13833333333333334,5.171666666666667,9.549999999999999,0.1346380114555359
2026-01-13 01:00:00,2,0.13833333333333334,5.218333333333334,9.53,0.1337171047925949
2026-01-13 02:00:00,1,0.14833333333333334,5.306666666666667,9.586666666666666,0.1486799567937851
2026-01-13 02:00:00,2,0.145,5.391666666666667,9.391666666666667,0.14842146635055542
2026-01-13 03:00:00,1,0.22833333333333336,6.011666666666667,9.81,0.23187847435474396
2026-01-13 03:00:00,2,0.22333333333333336,6.171666666666667,9.771666666666667,0.24144309759140015
2026-01-13 04:00:00,1,0.17666666666666667,5.621666666666666,9.790000000000001,0.1859101951122284
2026-01-13 04:00:00,2,0.17166666666666666,5.633333333333333,9.713333333333333,0.1736191213130951
2026-01-13 05:00:00,1,0.045000000000000005,3.7099999999999995,7.471666666666667,0.03986513242125511
2026-01-13 05:00:00,2,0.04833333333333334,3.9333333333333336,7.41,0.04198271781206131
2026-01-13 06:00:00,1,0.01,1.6966666666666665,5.003333333333333,0.006852868013083935
2026-01-13 06:00:00,2,0.008333333333333333,1.9266666666666665,4.846666666666667,0.007974996231496334
2026-01-13 07:00:00,1,0.021666666666666667,3.391666666666667,2.6999999999999997,0.025371594354510307
2026-01-13 07:00:00,2,0.021666666666666667,3.615,2.44,0.02435448206961155
2026-01-13 08:00:00,1,0.11333333333333334,5.1866666666666665,1.5666666666666667,0.11176558583974838
2026-01-13 08:00:00,2,0.11,5.201666666666667,1.28,0.10213732719421387
2026-01-13 09:00:00,1,0.14833333333333334,5.358333333333333,1.7666666666666666,0.12858448922634125
2026-01-13 09:00:00,2,0.11166666666666668,5.1499999999999995,1.6483333333333334,0.09904351085424423
2026-01-13 10:00:00,1,0.18000000000000002,5.56,1.6316666666666666,0.14926286041736603
2026-01-13 10:00:00,2,0.16833333333333333,5.533333333333334,1.4983333333333333,0.14081349968910217
2026-01-13 11:00:00,1,0.2333333333333333,6.0683333333333325,4.361666666666667,0.22505706548690796
2026-01-13 11:00:00,2,0.2333333333333333,6.3500000000000005,4.316666666666666,0.24831508100032806
2026-01-13 12:00:00,1,0.515,7.901666666666667,6.276666666666666,0.508553147315979
2026-01-13 12:00:00,2,0.5033333333333333,8.023333333333333,6.245,0.5068833827972412
2026-01-13 13:00:00,1,0.64,8.68,7.866666666666666,0.6331146955490112
2026-01-13 13:00:00,2,0.7066666666666667,9.063333333333334,7.773333333333333,0.6633837223052979
2026-01-13 14:00:00,1,0.7833333333333333,9.741666666666667,8.766666666666667,0.8059320449829102
2026-01-13 14:00:00,2,0.8166666666666668,10.23,8.791666666666666,0.8416943550109863
2026-01-13 15:00:00,1,0.985,11.83,9.418333333333335,0.9619519710540771
2026-01-13 15:00:00,2,0.9833333333333334,12.17,9.413333333333334,0.9587412476539612
2026-01-13 16:00:00,1,0.9899999999999999,12.063333333333333,9.49,0.9658164978027344
2026-01-13 16:00:00,2,0.9883333333333333,11.895000000000001,9.556666666666667,0.9525885581970215
2026-01-13 17:00:00,1,0.9899999999999999,12.775,8.263333333333334,0.9761763215065002
2026-01-13 17:00:00,2,0.9899999999999999,12.696666666666665,8.366666666666665,0.9689943194389343
2026-01-13 18:00:00,1,0.9899999999999999,12.621666666666668,7.405,0.9753205180168152
2026-01-13 18:00:00,2,0.9899999999999999,12.895000000000001,7.575,0.9724652767181396
2026-01-13 19:00:00,1,0.9899999999999999,13.648333333333333,7.043333333333333,0.9845859408378601
2026-01-13 19:00:00,2,0.9916666666666667,13.85,7.261666666666667,0.9827787280082703
2026-01-13 20:00:00,1,0.9899999999999999,13.770000000000001,6.853333333333334,0.9855090975761414
2026-01-13 20:00:00,2,0.995,13.753333333333332,7.051666666666667,0.9820739030838013
2026-01-13 21:00:00,1,0.9266666666666666,11.815,6.191666666666666,0.9657315611839294
2026-01-13 21:00:00,2,0.9700000000000001,12.151666666666666,6.536666666666666,0.9615893363952637
2026-01-13 22:00:00,1,0.9516666666666667,10.836666666666666,6.015000000000001,0.9293123483657837
2026-01-13 22:00:00,2,0.9733333333333333,11.056666666666667,6.533333333333334,0.9259116053581238
2026-01-13 23:00:00,1,0.9183333333333333,10.536666666666667,6.621666666666667,0.9056383967399597
2026-01-13 23:00:00,2,0.8450000000000001,9.729999999999999,6.925,0.7680597305297852
2026-01-14 00:00:00,1,0.7583333333333333,9.146666666666667,6.586666666666666,0.7067158222198486
2026-01-14 00:00:00,2,0.7000000000000001,8.756666666666666,6.868333333333333,0.619448721408844
2026-01-14 01:00:00,1,0.8383333333333334,10.331666666666665,5.321666666666666,0.8865570425987244
2026-01-14 01:00:00,2,0.79,10.001666666666667,5.33,0.8091592192649841
2026-01-14 02:00:00,1,0.935,11.463333333333333,3.596666666666667,0.9618158936500549
2026-01-14 02:00:00,2,0.9133333333333332,11.073333333333332,3.611666666666667,0.929332435131073
2026-01-14 03:00:00,1,0.8633333333333333,10.416666666666666,2.0483333333333333,0.8956864476203918
2026-01-14 03:00:00,2,0.7583333333333333,9.658333333333333,1.7216666666666667,0.7567257881164551
2026-01-14 04:00:00,1,0.57,8.426666666666668,0.9899999999999999,0.5952219367027283
2026-01-14 04:00:00,2,0.5,8.098333333333333,1.0833333333333333,0.5104958415031433
2026-01-14 05:00:00,1,0.36000000000000004,6.711666666666666,0.11166666666666668,0.30413076281547546
2026-01-14 05:00:00,2,0.3,6.733333333333333,-0.05333333333333334,0.2829224765300751
2026-01-14 06:00:00,1,0.09166666666666667,3.8066666666666666,0.12333333333333334,0.03327464684844017
2026-01-14 06:00:00,2,0.06333333333333334,3.25,0.12666666666666668,0.015984371304512024
2026-01-14 07:00:00,1,0.036666666666666674,2.0633333333333335,0.8066666666666666,0.007692599203437567
2026-01-14 07:00:00,2,0.03166666666666667,2.191666666666667,0.7933333333333333,0.007533185184001923
2026-01-14 08:00:00,1,0.31666666666666665,7.171666666666667,0.004999999999999986,0.37643003463745117
2026-01-14 08:00:00,2,0.34833333333333333,7.6433333333333335,-0.18333333333333332,0.4273661673069
2026-01-14 09:00:00,1,0.26,6.866666666666667,-1.3583333333333334,0.3248033821582794
2026-01-14 09:00:00,2,0.26333333333333336,6.866666666666667,-2.0366666666666666,0.2933925986289978
2026-01-14 10:00:00,1,0.045000000000000005,4.3950000000000005,-1.5016666666666667,0.053301192820072174
2026-01-14 10:00:00,2,0.05666666666666667,4.863333333333333,-1.5283333333333333,0.06477835029363632
2026-01-14 11:00:00,1,0.015,3.643333333333333,-0.685,0.027995003387331963
2026-01-14 11:00:00,2,0.028333333333333332,4.364999999999999,-0.8333333333333334,0.042724087834358215
2026-01-14 12:00:00,1,0.06333333333333334,4.723333333333334,-0.2733333333333334,0.07251820713281631
2026-01-14 12:00:00,2,0.07,5.095,-0.49333333333333335,0.08461714535951614
2026-01-14 13:00:00,1,0.11333333333333334,5.536666666666666,-0.24166666666666667,0.13816824555397034
2026-01-14 13:00:00,2,0.125,5.73,-0.45999999999999996,0.15185976028442383
2026-01-14 14:00:00,1,0.1366666666666667,5.718333333333334,0.3016666666666667,0.1618792563676834
2026-01-14 14:00:00,2,0.1366666666666667,5.803333333333334,0.25333333333333335,0.162808358669281
2026-01-14 15:00:00,1,0.17,5.993333333333333,0.5066666666666667,0.197979137301445
2026-01-14 15:00:00,2,0.14833333333333334,5.984999999999999,0.3,0.1835417002439499
2026-01-14 16:00:00,1,0.11499999999999999,5.41,0.4216666666666667,0.12753485143184662
2026-01-14 16:00:00,2,0.12,5.5249999999999995,0.3666666666666667,0.13288287818431854
2026-01-14 17:00:00,1,0.155,5.765000000000001,0.375,0.16785745322704315
2026-01-14 17:00:00,2,0.16833333333333333,6.048333333333333,0.21,0.19092021882534027
2026-01-14 18:00:00,1,0.14,5.7,0.37833333333333335,0.1600460410118103
2026-01-14 18:00:00,2,0.13333333333333333,5.805,0.24333333333333332,0.16294389963150024
2026-01-14 19:00:00,1,0.13333333333333333,5.5249999999999995,0.09833333333333333,0.13836219906806946
2026-01-14 19:00:00,2,0.1366666666666667,5.763333333333333,-0.08166666666666667,0.15706148743629456
2026-01-14 20:00:00,1,0.20000000000000004,6.198333333333333,-0.47833333333333333,0.222435861825943
2026-01-14 20:00:00,2,0.205,6.396666666666667,-0.6266666666666666,0.23333126306533813
2026-01-14 21:00:00,1,0.36166666666666664,7.385000000000001,-1.3933333333333333,0.40931063890457153
2026-01-14 21:00:00,2,0.3666666666666667,7.593333333333334,-1.5466666666666666,0.4147096276283264
2026-01-14 22:00:00,1,0.24,6.9799999999999995,-1.415,0.3424406349658966
2026-01-14 22:00:00,2,0.27666666666666667,7.426666666666667,-1.7266666666666666,0.3847366273403168
2026-01-14 23:00:00,1,0.10833333333333334,5.855,-2.445,0.16482165455818176
2026-01-14 23:00:00,2,0.13333333333333333,6.515000000000001,-2.796666666666667,0.23800529539585114
2026-01-15 00:00:00,1,0.04666666666666667,4.995,-2.8433333333333337,0.08112733066082001
2026-01-15 00:00:00,2,0.06,5.433333333333334,-3.205,0.10268271714448929
2026-01-15 01:00:00,1,0.02,4.41,-2.9516666666666667,0.0512477308511734
2026-01-15 01:00:00,2,0.02,4.648333333333333,-3.248333333333333,0.0495452918112278
2026-01-15 02:00:00,1,0.02,4.681666666666667,-3.2483333333333335,0.06271659582853317
2026-01-15 02:00:00,2,0.011666666666666667,4.681666666666667,-3.5,0.050562784075737
2026-01-15 03:00:00,1,0.011666666666666667,4.358333333333333,-3.42,0.04830966517329216
2026-01-15 03:00:00,2,0.011666666666666667,4.638333333333334,-3.69,0.04827370494604111
2026-01-15 04:00:00,1,0.01,3.6799999999999997,-3.401666666666667,0.0273852851241827
2026-01-15 04:00:00,2,0.01,3.9899999999999998,-3.645,0.026842374354600906
2026-01-15 05:00:00,1,0.01,3.1333333333333333,-3.2566666666666664,0.01642150618135929
2026-01-15 05:00:00,2,0.01,2.7783333333333338,-3.513333333333333,0.009142650291323662
2026-01-15 06:00:00,1,0.01,1.8816666666666666,-3.0483333333333333,0.00570240244269371
2026-01-15 06:00:00,2,0.01,1.741666666666667,-3.358333333333333,0.004299481865018606
2026-01-15 07:00:00,1,0.01,1.6283333333333332,-3.188333333333333,0.00450044684112072
2026-01-15 07:00:00,2,0.01,1.735,-3.456666666666667,0.0042548696510493755
2026-01-15 08:00:00,1,0.01,2.2100000000000004,-3.3466666666666662,0.0073849838227033615
2026-01-15 08:00:00,2,0.01,2.231666666666667,-3.645,0.006086425855755806
2026-01-15 09:00:00,1,0.01,2.245,-3.3966666666666665,0.007584179285913706
2026-01-15 09:00:00,2,0.01,2.235,-3.6933333333333334,0.006086080335080624
2026-01-15 10:00:00,1,0.01,2.3333333333333335,-2.965,0.008286823518574238
2026-01-15 10:00:00,2,0.01,2.36,-3.2733333333333334,0.00684402696788311
2026-01-15 11:00:00,1,0.01,1.2416666666666667,-2.0416666666666665,0.003352321684360504
2026-01-15 11:00:00,2,0.01,1.1116666666666666,-2.4133333333333336,0.0029011541046202183
2026-01-15 12:00:00,1,0.01,1.5966666666666667,-1.8566666666666667,0.004610477946698666
2026-01-15 12:00:00,2,0.01,1.695,-1.8633333333333333,0.004527118522673845
2026-01-15 13:00:00,1,0.01,2.7083333333333335,-1.7066666666666668,0.012001639232039452
2026-01-15 13:00:00,2,0.01,2.9033333333333338,-0.9916666666666667,0.01157346647232771
2026-01-15 14:00:00,1,0.01,3.0533333333333332,-1.5766666666666669,0.01624041050672531
2026-01-15 14:00:00,2,0.005,3.31,-1.3583333333333334,0.015675807371735573
2026-01-15 15:00:00,1,0.02,4.558333333333334,-1.2833333333333334,0.06138461083173752
2026-01-15 15:00:00,2,0.024999999999999998,4.721666666666667,-1.555,0.05699485167860985
2026-01-15 16:00:00,1,0.04,4.963333333333334,-1.2866666666666668,0.08409962058067322
2026-01-15 16:00:00,2,0.04833333333333334,5.19,-1.5083333333333335,0.0886448547244072
2026-01-15 17:00:00,1,0.08333333333333333,5.878333333333334,-1.1849999999999998,0.1742139458656311
2026-01-15 17:00:00,2,0.08666666666666667,5.888333333333333,-1.385,0.16574470698833466
2026-01-15 18:00:00,1,0.09166666666666667,5.6883333333333335,-1.115,0.15074479579925537
2026-01-15 18:00:00,2,0.10333333333333333,5.983333333333333,-1.3366666666666667,0.1770460605621338
2026-01-15 19:00:00,1,0.06333333333333334,5.091666666666667,-1.3,0.09306907653808594
2026-01-15 19:00:00,2,0.05666666666666667,5.091666666666667,-1.5683333333333334,0.08034369349479675
2026-01-15 20:00:00,1,0.11333333333333334,5.621666666666666,-1.43,0.1416449099779129
2026-01-15 20:00:00,2,0.11166666666666665,5.871666666666666,-1.695,0.16263996064662933
2026-01-15 21:00:00,1,0.20833333333333334,6.683333333333334,-1.6716666666666666,0.2943010926246643
2026-01-15 21:00:00,2,0.28833333333333333,7.255,-1.675,0.3557208776473999
2026-01-15 22:00:00,1,0.045000000000000005,4.4383333333333335,-1.87,0.054615240544080734
2026-01-15 22:00:00,2,0.056666666666666664,4.98,-2.09,0.07031632959842682
2026-01-15 23:00:00,1,0.01,1.4749999999999999,-1.6333333333333335,0.004177337512373924
2026-01-15 23:00:00,2,0.006666666666666667,1.5983333333333334,-1.1066666666666667,0.004424375016242266
2026-01-16 00:00:00,1,0.09500000000000001,4.626666666666666,-2.645,0.061537161469459534
2026-01-16 00:00:00,2,0.09833333333333334,4.7299999999999995,-2.8683333333333336,0.05409768596291542
2026-01-16 01:00:00,1,0.13833333333333334,5.991666666666667,-3.373333333333333,0.17814140021800995
2026-01-16 01:00:00,2,0.14,6.19,-3.6316666666666664,0.18827299773693085
2026-01-16 02:00:00,1,0.07333333333333333,5.41,-3.4783333333333335,0.11205651611089706
2026-01-16 02:00:00,2,0.08333333333333333,5.609999999999999,-3.7383333333333333,0.11788653582334518
2026-01-16 03:00:00,1,0.049999999999999996,4.993333333333333,-3.763333333333333,0.07807599008083344
2026-01-16 03:00:00,2,0.04833333333333333,5.05,-3.875,0.0701228603720665
2026-01-16 04:00:00,1,0.04,5.016666666666667,-3.703333333333333,0.07977764308452606
2026-01-16 04:00:00,2,0.03666666666666667,5.083333333333333,-3.9150000000000005,0.07222689688205719
2026-01-16 05:00:00,1,0.013333333333333334,4.446666666666666,-3.5849999999999995,0.051496896892786026
2026-01-16 05:00:00,2,0.013333333333333334,4.5183333333333335,-3.8000000000000003,0.043126076459884644
2026-01-16 06:00:00,1,0.03166666666666667,4.766666666666667,-3.598333333333333,0.06581898778676987
2026-01-16 06:00:00,2,0.041666666666666664,5.125,-3.811666666666667,0.0753769800066948
2026-01-16 07:00:00,1,0.02,4.758333333333334,-3.763333333333333,0.06490027159452438
2026-01-16 07:00:00,2,0.02666666666666667,5.010000000000001,-3.9916666666666667,0.06715642660856247
2026-01-16 08:00:00,1,0.03,4.79,-3.7133333333333334,0.06660910695791245
2026-01-16 08:00:00,2,0.018333333333333333,4.963333333333334,-3.9483333333333337,0.06421136856079102
2026-01-16 09:00:00,1,0.07166666666666667,5.675,-3.69,0.13794372975826263
2026-01-16 09:00:00,2,0.02666666666666667,5.328333333333333,-3.9,0.09060085564851761
2026-01-16 10:00:00,1,0.016666666666666666,3.9316666666666666,-2.768333333333333,0.034959692507982254
2026-01-16 10:00:00,2,0.02666666666666667,4.506666666666667,-2.9250000000000003,0.04418621212244034
2026-01-16 11:00:00,1,0.04833333333333333,4.6883333333333335,-2.725,0.06437522917985916
2026-01-16 11:00:00,2,0.024999999999999998,4.333333333333333,-2.85,0.03790782392024994
2026-01-16 12:00:00,1,0.04,4.6466666666666665,-3.5549999999999997,0.06028779596090317
2026-01-16 12:00:00,2,0.03666666666666667,4.4383333333333335,-3.731666666666667,0.04021614417433739
2026-01-16 13:00:00,1,0.09000000000000001,5.571666666666666,-4.041666666666667,0.1256246417760849
2026-01-16 13:00:00,2,0.105,5.8183333333333325,-4.4,0.13681235909461975
2026-01-16 14:00:00,1,0.22999999999999998,6.866666666666667,-4.7250000000000005,0.31079789996147156
2026-01-16 14:00:00,2,0.215,6.778333333333333,-4.9816666666666665,0.26588690280914307
2026-01-16 15:00:00,1,0.3833333333333333,7.668333333333333,-5.898333333333333,0.4475794732570648
2026-01-16 15:00:00,2,0.4283333333333333,8.005,-6.141666666666667,0.4742748439311981
2026-01-16 16:00:00,1,0.375,7.636666666666667,-7.093333333333334,0.439011812210083
2026-01-16 16:00:00,2,0.455,8.19,-7.216666666666666,0.507724940776825
2026-01-16 17:00:00,1,0.4466666666666667,7.8933333333333335,-8.233333333333333,0.4812908172607422
2026-01-16 17:00:00,2,0.45,8.106666666666667,-8.391666666666667,0.48852527141571045
2026-01-16 18:00:00,1,0.605,8.546666666666667,-8.951666666666666,0.5969030261039734
2026-01-16 18:00:00,2,0.6716666666666667,9.200000000000001,-8.998333333333333,0.6943904161453247
2026-01-16 19:00:00,1,0.7666666666666666,9.708333333333334,-9.805,0.8001236915588379
2026-01-16 19:00:00,2,0.7916666666666666,9.9,-9.785,0.803008496761322
2026-01-16 20:00:00,1,0.9716666666666667,10.956666666666669,-10.196666666666667,0.9319996237754822
2026-01-16 20:00:00,2,0.91,10.871666666666668,-10.161666666666667,0.9055377244949341
2026-01-16 21:00:00,1,0.9283333333333333,10.65,-10.12,0.9094300270080566
2026-01-16 21:00:00,2,0.8883333333333333,10.523333333333333,-10.061666666666666,0.8757282495498657
2026-01-16 22:00:00,1,0.8766666666666666,10.276666666666666,-10.135,0.8741726279258728
2026-01-16 22:00:00,2,0.9233333333333333,10.955,-10.063333333333333,0.9124187231063843
2026-01-16 23:00:00,1,0.85,10.213333333333333,-10.893333333333333,0.8668326139450073
2026-01-16 23:00:00,2,0.7833333333333333,9.695,-10.773333333333333,0.7749516367912292
2026-01-17 00:00:00,1,0.9683333333333334,11.29,-11.835,0.9505854845046997
2026-01-17 00:00:00,2,0.9199999999999999,10.891666666666666,-11.729999999999999,0.9071620106697083
2026-01-17 01:00:00,1,0.96,11.388333333333334,-12.448333333333332,0.9549850821495056
2026-01-17 01:00:00,2,0.9683333333333333,11.92,-12.376666666666667,0.9657716155052185
2026-01-17 02:00:00,1,0.895,10.448333333333332,-13.06,0.8904075622558594
2026-01-17 02:00:00,2,0.8966666666666666,10.64,-12.908333333333333,0.8874061107635498
2026-01-17 03:00:00,1,0.8250000000000001,9.971666666666666,-13.69,0.8319054245948792
2026-01-17 03:00:00,2,0.7949999999999999,9.895,-13.5,0.8043815493583679
2026-01-17 04:00:00,1,0.8166666666666665,9.94,-13.94,0.8266578316688538
2026-01-17 04:00:00,2,0.7400000000000001,9.584999999999999,-13.856666666666667,0.7571811079978943
2026-01-17 05:00:00,1,0.9033333333333333,10.743333333333334,-14.236666666666666,0.9152873754501343
2026-01-17 05:00:00,2,0.9349999999999999,11.275,-14.159999999999998,0.9342073798179626
2026-01-17 06:00:00,1,0.7000000000000001,9.36,-14.836666666666666,0.7270870208740234
2026-01-17 06:00:00,2,0.7983333333333333,9.993333333333334,-14.68,0.8180639147758484
2026-01-17 07:00:00,1,0.62,8.691666666666668,-15.506666666666668,0.6100326776504517
2026-01-17 07:00:00,2,0.535,8.321666666666667,-15.443333333333333,0.516453206539154
2026-01-17 08:00:00,1,0.4083333333333334,7.598333333333333,-15.526666666666666,0.38642576336860657
2026-01-17 08:00:00,2,0.38833333333333336,7.611666666666667,-15.531666666666666,0.3718315064907074
2026-01-17 09:00:00,1,0.4183333333333333,7.771666666666667,-15.188333333333333,0.429293155670166
2026-01-17 09:00:00,2,0.36333333333333334,7.528333333333333,-15.243333333333334,0.3564833998680115
2026-01-17 10:00:00,1,0.2833333333333333,7.086666666666666,-14.405000000000001,0.2889842092990875
2026-01-17 10:00:00,2,0.225,6.845,-14.288333333333334,0.23477382957935333
2026-01-17 11:00:00,1,0.13166666666666668,6.035,-12.823333333333332,0.1390867680311203
2026-01-17 11:00:00,2,0.11833333333333333,6.166666666666667,-12.821666666666667,0.13835345208644867
2026-01-17 12:00:00,1,0.051666666666666666,5.176666666666667,-11.235,0.07183165103197098
2026-01-17 12:00:00,2,0.018333333333333333,4.985,-11.12,0.04713498428463936
2026-01-17 13:00:00,1,0.06333333333333334,5.216666666666667,-10.786666666666667,0.07543666660785675
2026-01-17 13:00:00,2,0.05333333333333334,5.126666666666667,-10.753333333333332,0.0541536882519722
2026-01-17 14:00:00,1,0.08833333333333333,5.31,-10.811666666666667,0.08163421601057053
2026-01-17 14:00:00,2,0.08666666666666667,5.531666666666666,-10.964999999999998,0.07999435067176819
2026-01-17 15:00:00,1,0.05333333333333334,5.056666666666667,-11.566666666666668,0.06405016779899597
2026-01-17 15:00:00,2,0.05333333333333334,5.26,-11.753333333333332,0.05938023701310158
2026-01-17 16:00:00,1,0.03333333333333333,4.61,-12.111666666666666,0.0430019274353981
2026-01-17 16:00:00,2,0.04,4.836666666666667,-12.351666666666667,0.039109013974666595
2026-01-17 17:00:00,1,0.01,3.5366666666666666,-12.573333333333332,0.016674183309078217
2026-01-17 17:00:00,2,0.01,2.981666666666667,-12.746666666666668,0.007222745567560196
2026-01-17 18:00:00,1,0.01,3.5400000000000005,-13.181666666666667,0.016210930421948433
2026-01-17 18:00:00,2,0.013333333333333334,3.7383333333333333,-13.445,0.014043423347175121
2026-01-17 19:00:00,1,0.028333333333333332,4.72,-13.846666666666666,0.044750384986400604
2026-01-17 19:00:00,2,0.03,4.963333333333334,-14.106666666666667,0.041009094566106796
2026-01-17 20:00:00,1,0.013333333333333334,4.663333333333333,-14.256666666666666,0.04206567630171776
2026-01-17 20:00:00,2,0.011666666666666667,4.510000000000001,-14.518333333333333,0.026546193286776543
2026-01-17 21:00:00,1,0.01,5.16,-14.729999999999999,0.06307419389486313
2026-01-17 21:00:00,2,0.01,4.773333333333333,-14.973333333333334,0.033285919576883316
2026-01-17 22:00:00,1,0.01,3.733333333333333,-14.798333333333332,0.01806587167084217
2026-01-17 22:00:00,2,0.01,3.768333333333333,-15.098333333333334,0.013309583067893982
2026-01-17 23:00:00,1,0.01,3.045,-14.604999999999999,0.010183206759393215
2026-01-17 23:00:00,2,0.01,3.188333333333333,-14.856666666666667,0.007906581275165081
2026-01-18 00:00:00,1,0.01,0.7883333333333334,-13.851666666666667,0.0014051245525479317
2026-01-18 00:00:00,2,0.01,0.7966666666666667,-14.188333333333333,0.0011512920027598739
2026-01-18 01:00:00,1,0.01,0.8683333333333333,-13.676666666666668,0.001523053040727973
2026-01-18 01:00:00,2,0.01,0.8783333333333333,-13.945,0.0012378955725580454
2026-01-18 02:00:00,1,0.01,0.7083333333333334,-13.593333333333334,0.0013190065510571003
2026-01-18 02:00:00,2,0.01,0.66,-13.728333333333333,0.0010764622129499912
2026-01-18 03:00:00,1,0.01,1.22,-13.731666666666667,0.0021083010360598564
2026-01-18 03:00:00,2,0.01,1.1300000000000001,-13.981666666666667,0.0014736609300598502
2026-01-18 04:00:00,1,0.01,1.445,-13.935,0.0025906232185661793
2026-01-18 04:00:00,2,0.01,1.4749999999999999,-14.268333333333333,0.001850910484790802
2026-01-18 05:00:00,1,0.01,2.0,-14.468333333333334,0.004231199622154236
2026-01-18 05:00:00,2,0.01,2.4966666666666666,-14.905000000000001,0.004205216187983751
2026-01-18 06:00:00,1,0.013333333333333334,4.251666666666666,-15.458333333333334,0.02815106324851513
2026-01-18 06:00:00,2,0.01,4.185,-15.655000000000001,0.0188889317214489
2026-01-18 07:00:00,1,0.01,5.706666666666667,-15.693333333333333,0.09726011753082275
2026-01-18 07:00:00,2,0.016666666666666666,5.885000000000001,-15.938333333333333,0.0958072617650032
2026-01-18 08:00:00,1,0.011666666666666667,5.001666666666667,-15.506666666666666,0.053700271993875504
2026-01-18 08:00:00,2,0.011666666666666667,4.961666666666667,-15.715000000000002,0.03857572376728058
2026-01-18 09:00:00,1,0.09666666666666668,5.543333333333333,-15.481666666666667,0.0853869840502739
2026-01-18 09:00:00,2,0.085,5.426666666666667,-15.705,0.06099308282136917
2026-01-18 10:00:00,1,0.051666666666666666,4.905,-15.04,0.05029734596610069
2026-01-18 10:00:00,2,0.04666666666666667,4.925,-15.229999999999999,0.03790941461920738
2026-01-18 11:00:00,1,0.15333333333333335,6.075,-13.31,0.14146219193935394
2026-01-18 11:00:00,2,0.14333333333333334,6.243333333333333,-13.501666666666665,0.14523200690746307
2026-01-18 12:00:00,1,0.2333333333333333,6.633333333333333,-11.408333333333333,0.2284243106842041
2026-01-18 12:00:00,2,0.2383333333333333,7.010000000000001,-11.576666666666668,0.2738130986690521
2026-01-18 13:00:00,1,0.3516666666666666,7.373333333333332,-10.093333333333334,0.37740424275398254
2026-01-18 13:00:00,2,0.38999999999999996,7.72,-10.33,0.40718698501586914
2026-01-18 14:00:00,1,0.375,7.441666666666666,-9.51,0.39420852065086365
2026-01-18 14:00:00,2,0.4383333333333333,7.988333333333333,-9.826666666666666,0.4619966447353363
2026-01-18 15:00:00,1,0.23166666666666666,6.581666666666667,-9.011666666666667,0.23495163023471832
2026-01-18 15:00:00,2,0.25666666666666665,7.036666666666666,-9.231666666666667,0.2867293655872345
2026-01-18 16:00:00,1,0.16833333333333333,6.276666666666666,-8.768333333333333,0.18923106789588928
2026-01-18 16:00:00,2,0.19499999999999998,6.691666666666666,-8.97,0.23399177193641663
2026-01-18 17:00:00,1,0.12,5.91,-9.476666666666667,0.13952352106571198
2026-01-18 17:00:00,2,0.12833333333333333,6.175,-9.671666666666667,0.15404705703258514
2026-01-18 18:00:00,1,0.19166666666666665,6.53,-10.396666666666667,0.21796785295009613
2026-01-18 18:00:00,2,0.18666666666666668,6.658333333333334,-10.423333333333334,0.22429178655147552
2026-01-18 19:00:00,1,0.20333333333333334,6.47,-11.075000000000001,0.20467787981033325
2026-01-18 19:00:00,2,0.18166666666666667,6.498333333333334,-11.178333333333335,0.1957235485315323
2026-01-18 20:00:00,1,0.2916666666666667,6.8133333333333335,-11.718333333333334,0.25716397166252136
2026-01-18 20:00:00,2,0.24166666666666667,6.696666666666666,-11.94,0.2239629328250885
2026-01-18 21:00:00,1,0.3066666666666667,6.75,-11.966666666666667,0.2444602996110916
2026-01-18 21:00:00,2,0.25333333333333335,6.616666666666667,-12.313333333333333,0.20844456553459167
2026-01-18 22:00:00,1,0.31666666666666665,6.875,-12.37,0.2638106346130371
2026-01-18 22:00:00,2,0.2916666666666667,6.783333333333334,-12.555,0.23474626243114471
2026-01-18 23:00:00,1,0.225,6.376666666666666,-13.341666666666667,0.17884260416030884
2026-01-18 23:00:00,2,0.2333333333333333,6.543333333333333,-13.475,0.19013409316539764
2026-01-19 00:00:00,1,0.3566666666666667,7.148333333333333,-13.601666666666667,0.30684858560562134
2026-01-19 00:00:00,2,0.35000000000000003,7.2749999999999995,-13.775,0.31311795115470886
2026-01-19 01:00:00,1,0.6150000000000001,8.673333333333334,-13.508333333333333,0.6105099320411682
2026-01-19 01:00:00,2,0.505,7.84,-13.893333333333333,0.42112863063812256
2026-01-19 02:00:00,1,0.535,8.101666666666667,-13.761666666666665,0.5070050358772278
2026-01-19 02:00:00,2,0.5033333333333333,7.878333333333334,-13.901666666666666,0.4288746416568756
2026-01-19 03:00:00,1,0.39166666666666666,7.203333333333333,-13.923333333333332,0.31542497873306274
2026-01-19 03:00:00,2,0.36999999999999994,7.321666666666666,-13.991666666666667,0.3210377097129822
2026-01-19 04:00:00,1,0.3383333333333333,6.971666666666667,-14.315,0.26809415221214294
2026-01-19 04:00:00,2,0.345,7.21,-14.575000000000001,0.29882609844207764
2026-01-19 05:00:00,1,0.47,7.623333333333334,-15.5,0.3921857178211212
2026-01-19 05:00:00,2,0.5033333333333333,7.991666666666667,-15.729999999999999,0.4474566578865051
2026-01-19 06:00:00,1,0.34833333333333333,7.111666666666667,-16.24833333333333,0.2806544899940491
2026-01-19 06:00:00,2,0.33666666666666667,7.308333333333334,-16.46,0.31069260835647583
2026-01-19 07:00:00,1,0.135,5.425,-16.05666666666667,0.07579900324344635
2026-01-19 07:00:00,2,0.13666666666666666,5.666666666666667,-16.13,0.07660955935716629
2026-01-19 08:00:00,1,0.26666666666666666,6.48,-14.835,0.18532826006412506
2026-01-19 08:00:00,2,0.21333333333333335,6.211666666666667,-15.07,0.13422216475009918
2026-01-19 09:00:00,1,0.315,6.945,-13.235,0.27063652873039246
2026-01-19 09:00:00,2,0.3116666666666667,7.123333333333334,-13.46,0.28696319460868835
2026-01-19 10:00:00,1,0.33166666666666667,7.196666666666666,-11.303333333333333,0.33407044410705566
2026-01-19 10:00:00,2,0.22666666666666668,6.805,-11.428333333333333,0.24199560284614563
2026-01-19 11:00:00,1,0.2866666666666667,7.048333333333333,-8.636666666666667,0.3234308063983917
2026-01-19 11:00:00,2,0.3016666666666667,7.233333333333333,-8.808333333333334,0.32147854566574097
2026-01-19 12:00:00,1,0.36999999999999994,7.316666666666666,-6.403333333333333,0.38586753606796265
2026-01-19 12:00:00,2,0.3333333333333333,7.418333333333333,-6.541666666666667,0.36185264587402344
2026-01-19 13:00:00,1,0.3566666666666667,7.258333333333333,-4.526666666666666,0.3807545006275177
2026-01-19 13:00:00,2,0.2916666666666667,7.136666666666667,-4.558333333333334,0.3220759928226471
2026-01-19 14:00:00,1,0.3133333333333333,7.041666666666667,-3.108333333333333,0.3487478494644165
2026-01-19 14:00:00,2,0.305,7.2316666666666665,-3.23,0.34441933035850525
2026-01-19 15:00:00,1,0.28833333333333333,6.891666666666667,-2.6950000000000003,0.32593604922294617
2026-01-19 15:00:00,2,0.27999999999999997,7.1866666666666665,-2.9133333333333336,0.33886510133743286
2026-01-19 16:00:00,1,0.2633333333333333,6.760000000000001,-3.285,0.29927918314933777
2026-01-19 16:00:00,2,0.16833333333333333,6.43,-3.313333333333334,0.222681924700737
2026-01-19 17:00:00,1,0.22833333333333336,6.585,-5.133333333333334,0.2609277069568634
2026-01-19 17:00:00,2,0.30666666666666664,7.185,-5.345,0.3256649971008301
2026-01-19 18:00:00,1,0.4216666666666667,7.343333333333334,-6.316666666666666,0.39056792855262756
2026-01-19 18:00:00,2,0.4816666666666667,7.756666666666667,-6.324999999999999,0.42556318640708923
2026-01-19 19:00:00,1,0.36166666666666664,7.056666666666666,-6.273333333333333,0.33741384744644165
2026-01-19 19:00:00,2,0.295,6.796666666666667,-6.48,0.2603816092014313
2026-01-19 20:00:00,1,0.32666666666666666,6.738333333333333,-6.223333333333334,0.28101781010627747
2026-01-19 20:00:00,2,0.24833333333333332,6.375,-6.413333333333333,0.20021916925907135
2026-01-19 21:00:00,1,0.03333333333333333,3.5700000000000003,-6.971666666666667,0.022370940074324608
2026-01-19 21:00:00,2,0.018333333333333333,2.9716666666666662,-7.1933333333333325,0.00918385200202465
2026-01-19 22:00:00,1,0.07,5.385000000000001,-8.155,0.09471314400434494
2026-01-19 22:00:00,2,0.06,5.235,-8.383333333333333,0.06706355512142181
2026-01-19 23:00:00,1,0.015,2.5816666666666666,-8.58,0.00851356890052557
2026-01-19 23:00:00,2,0.02,3.171666666666667,-8.723333333333334,0.010176091454923153
2026-01-20 00:00:00,1,0.01,2.48,-10.451666666666666,0.007437741383910179
2026-01-20 00:00:00,2,0.01,2.17,-10.635,0.003950188402086496
2026-01-20 01:00:00,1,0.01,1.3716666666666668,-10.133333333333333,0.0027534477412700653
2026-01-20 01:00:00,2,0.01,1.2,-10.455,0.001932145212776959
2026-01-20 02:00:00,1,0.01,2.183333333333333,-10.748333333333333,0.005568134132772684
2026-01-20 02:00:00,2,0.008333333333333333,2.2833333333333337,-11.096666666666666,0.0042522503063082695
2026-01-20 03:00:00,1,0.01,0.9833333333333333,-10.776666666666666,0.0018798528471961617
2026-01-20 03:00:00,2,0.01,1.0233333333333332,-10.978333333333333,0.0016463451320305467
2026-01-20 04:00:00,1,0.013333333333333334,1.7833333333333332,-10.923333333333334,0.003921202849596739
2026-01-20 04:00:00,2,0.011666666666666667,1.6716666666666666,-11.271666666666667,0.0025544939562678337
2026-01-20 05:00:00,1,0.10833333333333334,5.308333333333334,-11.270000000000001,0.08032280951738358
2026-01-20 05:00:00,2,0.075,4.998333333333334,-11.533333333333333,0.04677782952785492
2026-01-20 06:00:00,1,0.034999999999999996,3.035,-10.863333333333332,0.012057486921548843
2026-01-20 06:00:00,2,0.02,2.538333333333333,-11.128333333333332,0.005251789465546608
2026-01-20 07:00:00,1,0.01,1.2183333333333335,-10.876666666666667,0.0023267893120646477
2026-01-20 07:00:00,2,0.01,1.2666666666666666,-11.245,0.0019252341007813811
2026-01-20 08:00:00,1,0.01,2.266666666666667,-10.020000000000001,0.00613010348752141
2026-01-20 08:00:00,2,0.008333333333333333,3.0666666666666664,-10.486666666666666,0.008552339859306812
2026-01-20 09:00:00,1,0.01,1.6533333333333333,-9.971666666666666,0.003596594789996743
2026-01-20 09:00:00,2,0.008333333333333333,1.9433333333333334,-10.631666666666666,0.0032607612665742636
2026-01-20 10:00:00,1,0.018333333333333333,2.905,-9.44,0.01144646480679512
2026-01-20 10:00:00,2,0.02,2.9116666666666666,-10.101666666666667,0.007582205813378096
2026-01-20 11:00:00,1,0.051666666666666666,4.8950000000000005,-6.9750000000000005,0.06452079862356186
2026-01-20 11:00:00,2,0.06,5.1433333333333335,-7.095,0.06600727885961533
2026-01-20 12:00:00,1,0.018333333333333333,3.9683333333333333,-3.985,0.034919623285532
2026-01-20 12:00:00,2,0.011666666666666667,3.763333333333333,-4.22,0.02128344587981701
2026-01-20 13:00:00,1,0.03,4.126666666666666,-2.2483333333333335,0.0418974868953228
2026-01-20 13:00:00,2,0.03333333333333333,4.405,-2.5016666666666665,0.04101773351430893
2026-01-20 14:00:00,1,0.09333333333333334,5.183333333333334,-1.125,0.10084627568721771
2026-01-20 14:00:00,2,0.08333333333333333,5.266666666666667,-1.51,0.09525815397500992
2026-01-20 15:00:00,1,0.034999999999999996,4.413333333333333,-1.7266666666666666,0.05375593155622482
2026-01-20 15:00:00,2,0.04,4.58,-1.5583333333333333,0.05015335604548454
2026-01-20 16:00:00,1,0.013333333333333334,2.8466666666666662,-1.4933333333333332,0.013632461428642273
2026-01-20 16:00:00,2,0.016666666666666666,3.025,-1.74,0.012151644565165043
2026-01-20 17:00:00,1,0.01,2.5683333333333334,-3.013333333333333,0.010135835967957973
2026-01-20 17:00:00,2,0.008333333333333333,2.215,-3.19,0.006158146541565657
2026-01-20 18:00:00,1,0.01,1.7316666666666667,-4.575,0.00468930508941412
2026-01-20 18:00:00,2,0.01,1.125,-5.053333333333334,0.0024891840294003487
2026-01-20 19:00:00,1,0.01,0.9583333333333334,-5.348333333333334,0.002275492763146758
2026-01-20 19:00:00,2,0.01,0.52,-5.736666666666667,0.0015505331102758646
2026-01-20 20:00:00,1,0.01,0.7966666666666667,-5.581666666666667,0.0019579781219363213
2026-01-20 20:00:00,2,0.01,0.6066666666666666,-5.84,0.001638014568015933
2026-01-20 21:00:00,1,0.01,2.0616666666666665,-5.541666666666667,0.006029016803950071
2026-01-20 21:00:00,2,0.01,1.3383333333333336,-5.671666666666667,0.002806199248880148
2026-01-20 22:00:00,1,0.041666666666666664,4.476666666666667,-5.826666666666667,0.047524262219667435
2026-01-20 22:00:00,2,0.034999999999999996,4.6033333333333335,-6.066666666666666,0.04284823313355446
2026-01-20 23:00:00,1,0.18333333333333335,6.405,-6.6883333333333335,0.22062437236309052
2026-01-20 23:00:00,2,0.16,6.285,-6.953333333333333,0.1861458122730255
2026-01-21 00:00:00,1,0.2733333333333333,6.823333333333333,-9.555,0.2738102376461029
2026-01-21 00:00:00,2,0.26333333333333336,6.88,-9.61,0.2599233388900757
2026-01-21 01:00:00,1,0.26,6.716666666666666,-11.618333333333334,0.2410123348236084
2026-01-21 01:00:00,2,0.2966666666666667,7.07,-11.81,0.2830444276332855
2026-01-21 02:00:00,1,0.39166666666666666,7.266666666666667,-12.131666666666666,0.3421814441680908
2026-01-21 02:00:00,2,0.44,7.68,-12.315,0.39358675479888916
2026-01-21 03:00:00,1,0.6733333333333333,8.885,-12.128333333333332,0.6510768532752991
2026-01-21 03:00:00,2,0.6516666666666667,8.881666666666666,-12.091666666666667,0.6351748108863831
2026-01-21 04:00:00,1,0.8016666666666667,9.678333333333333,-11.388333333333334,0.7913123965263367
2026-01-21 04:00:00,2,0.835,10.095,-11.486666666666666,0.8292621970176697
2026-01-21 05:00:00,1,0.9466666666666667,10.386666666666667,-11.201666666666666,0.8851620554924011
2026-01-21 05:00:00,2,0.945,10.601666666666667,-11.391666666666666,0.8836386799812317
2026-01-21 06:00:00,1,0.8866666666666667,11.138333333333334,-11.148333333333333,0.9427595138549805
2026-01-21 06:00:00,2,0.8866666666666667,11.245,-11.275,0.9331918358802795
2026-01-21 07:00:00,1,0.9933333333333333,13.01,-9.575,0.9893561005592346
2026-01-21 07:00:00,2,0.9816666666666666,13.366666666666667,-9.653333333333334,0.9866216778755188
2026-01-21 08:00:00,1,0.9899999999999999,12.323333333333332,-9.635,0.9833242893218994
2026-01-21 08:00:00,2,0.9866666666666667,12.635,-9.658333333333333,0.9797977209091187
2026-01-21 09:00:00,1,0.9899999999999999,12.515,-8.788333333333334,0.9857401251792908
2026-01-21 09:00:00,2,0.9899999999999999,12.593333333333334,-8.845,0.9789633750915527
2026-01-21 10:00:00,1,0.9466666666666667,10.963333333333333,-6.38,0.9361741542816162
2026-01-21 10:00:00,2,0.9333333333333332,11.121666666666668,-6.405,0.929560661315918
2026-01-21 11:00:00,1,0.9899999999999999,12.649999999999999,-3.8633333333333333,0.9841587543487549
2026-01-21 11:00:00,2,0.9883333333333333,13.011666666666665,-4.031666666666667,0.9810851812362671
2026-01-21 12:00:00,1,0.9899999999999999,12.601666666666667,-1.5083333333333335,0.9823085069656372
2026-01-21 12:00:00,2,0.9899999999999999,13.086666666666666,-1.595,0.980451762676239
2026-01-21 13:00:00,1,0.9883333333333333,12.428333333333333,0.09666666666666666,0.97954922914505
2026-01-21 13:00:00,2,0.9899999999999999,12.656666666666666,0.12000000000000001,0.974697470664978
2026-01-21 14:00:00,1,0.9883333333333333,11.888333333333334,1.39,0.9720579981803894
2026-01-21 14:00:00,2,0.9866666666666667,12.186666666666667,1.4866666666666666,0.9668967723846436
2026-01-21 15:00:00,1,0.9583333333333334,11.121666666666668,1.6833333333333333,0.9478989243507385
2026-01-21 15:00:00,2,0.975,11.556666666666667,1.8716666666666668,0.9524268507957458
2026-01-21 16:00:00,1,0.9883333333333333,11.678333333333333,1.125,0.96881502866745
2026-01-21 16:00:00,2,0.985,11.831666666666665,1.3233333333333333,0.9600031971931458
2026-01-21 17:00:00,1,0.98,11.733333333333334,0.3,0.9705309867858887
2026-01-21 17:00:00,2,0.9866666666666667,11.775,0.4483333333333333,0.9592565894126892
2026-01-21 18:00:00,1,0.36166666666666664,6.636666666666667,-1.6016666666666666,0.28665244579315186
2026-01-21 18:00:00,2,0.2816666666666667,6.234999999999999,-1.4833333333333334,0.20755168795585632
2026-01-21 19:00:00,1,0.06,4.088333333333334,-3.4466666666666668,0.03917572647333145
2026-01-21 19:00:00,2,0.05333333333333334,4.341666666666666,-3.6133333333333333,0.037027839571237564
2026-01-21 20:00:00,1,0.21666666666666667,6.185,-4.826666666666667,0.19788379967212677
2026-01-21 20:00:00,2,0.17166666666666666,5.873333333333334,-4.973333333333334,0.1395861655473709
2026-01-21 21:00:00,1,0.18666666666666668,6.101666666666667,-5.96,0.1798837035894394
2026-01-21 21:00:00,2,0.19999999999999998,6.07,-5.98,0.15973776578903198
2026-01-21 22:00:00,1,0.17833333333333334,5.8133333333333335,-6.711666666666667,0.14058426022529602
2026-01-21 22:00:00,2,0.15833333333333333,5.691666666666666,-6.881666666666667,0.10874542593955994
2026-01-21 23:00:00,1,0.3283333333333333,7.1433333333333335,-6.156666666666666,0.35441046953201294
2026-01-21 23:00:00,2,0.315,7.145,-6.251666666666666,0.31489044427871704
2026-01-22 00:00:00,1,0.44,7.455000000000001,-6.273333333333333,0.4096548855304718
2026-01-22 00:00:00,2,0.4749999999999999,7.721666666666667,-6.146666666666667,0.41949769854545593
2026-01-22 01:00:00,1,0.5483333333333333,7.773333333333333,-6.109999999999999,0.4654848277568817
2026-01-22 01:00:00,2,0.52,7.838333333333334,-6.173333333333333,0.44179126620292664
2026-01-22 02:00:00,1,0.3983333333333334,6.883333333333333,-7.695,0.2985561490058899
2026-01-22 02:00:00,2,0.385,6.916666666666667,-7.57,0.2733535170555115
2026-01-22 03:00:00,1,0.4566666666666667,7.258333333333333,-7.271666666666667,0.37048882246017456
2026-01-22 03:00:00,2,0.4283333333333334,7.343333333333334,-7.3933333333333335,0.34600546956062317
2026-01-22 04:00:00,1,0.27499999999999997,6.576666666666667,-7.32,0.2450277954339981
2026-01-22 04:00:00,2,0.15166666666666667,5.801666666666667,-7.461666666666667,0.1182464063167572
2026-01-22 05:00:00,1,0.43166666666666664,7.513333333333333,-7.330000000000001,0.4170216917991638
2026-01-22 05:00:00,2,0.29833333333333334,6.976666666666667,-7.631666666666667,0.2825736999511719
2026-01-22 06:00:00,1,0.09499999999999999,3.5133333333333336,-7.605,0.020818229764699936
2026-01-22 06:00:00,2,0.09000000000000001,4.361666666666666,-8.023333333333333,0.03187188878655434
2026-01-22 07:00:00,1,0.03333333333333333,3.73,-7.583333333333333,0.024844160303473473
2026-01-22 07:00:00,2,0.02666666666666667,3.841666666666667,-8.103333333333333,0.019548267126083374
2026-01-22 08:00:00,1,0.01,2.3249999999999997,-8.450000000000001,0.006793174427002668
2026-01-22 08:00:00,2,0.01,2.123333333333333,-8.733333333333333,0.00415183138102293
2026-01-22 09:00:00,1,0.03333333333333333,3.0583333333333336,-8.133333333333333,0.013701831921935081
2026-01-22 09:00:00,2,0.028333333333333335,2.973333333333333,-8.528333333333334,0.008641505613923073
2026-01-22 10:00:00,1,0.016666666666666666,2.9466666666666668,-7.6066666666666665,0.012407846748828888
2026-01-22 10:00:00,2,0.016666666666666666,2.9966666666666666,-7.890000000000001,0.009097747504711151
2026-01-22 11:00:00,1,0.011666666666666667,2.7983333333333333,-6.238333333333333,0.011085336096584797
2026-01-22 11:00:00,2,0.01,2.9283333333333332,-6.471666666666667,0.009082217700779438
2026-01-22 12:00:00,1,0.01,1.5666666666666667,-5.158333333333333,0.003942012321203947
2026-01-22 12:00:00,2,0.008333333333333333,1.6483333333333334,-5.465,0.0035648944322019815
2026-01-22 13:00:00,1,0.15666666666666665,5.455000000000001,-4.864999999999999,0.1113620325922966
2026-01-22 13:00:00,2,0.14833333333333334,5.361666666666667,-5.04,0.08873666077852249
2026-01-22 14:00:00,1,0.32,7.255,-5.523333333333333,0.37773624062538147
2026-01-22 14:00:00,2,0.3283333333333333,7.515000000000001,-5.763333333333333,0.3819926679134369
2026-01-22 15:00:00,1,0.3016666666666667,7.071666666666666,-5.7,0.3432914614677429
2026-01-22 15:00:00,2,0.32166666666666666,7.291666666666667,-5.925,0.3411431610584259
2026-01-22 16:00:00,1,0.5083333333333333,8.275,-5.016666666666667,0.5548598170280457
2026-01-22 16:00:00,2,0.49499999999999994,8.231666666666667,-5.08,0.5216535329818726
2026-01-22 17:00:00,1,0.4716666666666667,7.96,-4.416666666666667,0.5015239715576172
2026-01-22 17:00:00,2,0.5116666666666666,8.196666666666667,-4.4366666666666665,0.516625165939331
2026-01-22 18:00:00,1,0.45166666666666666,7.831666666666667,-5.036666666666666,0.477983683347702
2026-01-22 18:00:00,2,0.4683333333333333,7.978333333333334,-5.1049999999999995,0.47272124886512756
2026-01-22 19:00:00,1,0.7066666666666667,9.031666666666666,-5.858333333333333,0.689586341381073
2026-01-22 19:00:00,2,0.7733333333333333,9.531666666666666,-5.785,0.7472563982009888
2026-01-22 20:00:00,1,0.7583333333333333,9.448333333333332,-5.995,0.7613747119903564
2026-01-22 20:00:00,2,0.8183333333333334,9.866666666666667,-5.8933333333333335,0.7969599962234497
2026-01-22 21:00:00,1,0.6983333333333333,9.104999999999999,-6.711666666666666,0.699963390827179
2026-01-22 21:00:00,2,0.6983333333333334,9.228333333333333,-6.598333333333334,0.6998762488365173
2026-01-22 22:00:00,1,0.9700000000000001,10.908333333333333,-6.390000000000001,0.9324855208396912
2026-01-22 22:00:00,2,0.965,10.89,-6.261666666666667,0.911229133605957
2026-01-22 23:00:00,1,0.9883333333333333,11.393333333333333,-6.353333333333333,0.9590757489204407
2026-01-22 23:00:00,2,0.9783333333333334,11.385,-6.131666666666667,0.9464802145957947
2026-01-23 00:00:00,1,0.9899999999999999,11.988333333333335,-5.41,0.9774801135063171
2026-01-23 00:00:00,2,0.9816666666666666,12.086666666666666,-5.196666666666666,0.9694634079933167
2026-01-23 01:00:00,1,0.9899999999999999,12.641666666666666,-6.09,0.9853608012199402
2026-01-23 01:00:00,2,0.985,12.805,-5.895,0.9800614714622498
2026-01-23 02:00:00,1,0.985,11.281666666666666,-5.941666666666666,0.9542605876922607
2026-01-23 02:00:00,2,0.9816666666666666,11.343333333333334,-5.786666666666666,0.9444677829742432
2026-01-23 03:00:00,1,0.8333333333333334,9.790000000000001,-5.873333333333334,0.8157446980476379
2026-01-23 03:00:00,2,0.8316666666666667,9.871666666666666,-5.748333333333334,0.7976571917533875
2026-01-23 04:00:00,1,0.4566666666666667,7.803333333333334,-5.78,0.471456378698349
2026-01-23 04:00:00,2,0.4666666666666666,7.9316666666666675,-5.673333333333333,0.4616333842277527
2026-01-23 05:00:00,1,0.42333333333333334,7.636666666666667,-5.53,0.4429790675640106
2026-01-23 05:00:00,2,0.43333333333333335,7.888333333333333,-5.5,0.45382675528526306
2026-01-23 06:00:00,1,0.4566666666666667,7.738333333333333,-4.79,0.46244877576828003
2026-01-23 06:00:00,2,0.4666666666666666,7.805,-4.778333333333333,0.4402470290660858
2026-01-23 07:00:00,1,0.3,6.7683333333333335,-4.193333333333333,0.2961650490760803
2026-01-23 07:00:00,2,0.3116666666666667,6.995,-4.1883333333333335,0.3021124601364136
2026-01-23 08:00:00,1,0.7200000000000001,9.086666666666666,-3.391666666666667,0.7000939846038818
2026-01-23 08:00:00,2,0.71,9.043333333333333,-3.4299999999999997,0.6690053343772888
2026-01-23 09:00:00,1,0.8333333333333334,9.776666666666666,-1.8766666666666667,0.8138473629951477
2026-01-23 09:00:00,2,0.8483333333333333,9.941666666666666,-1.7816666666666665,0.8036860227584839
2026-01-23 10:00:00,1,0.9049999999999999,10.296666666666667,-0.6833333333333332,0.8822081685066223
2026-01-23 10:00:00,2,0.9199999999999999,10.59,-0.6216666666666667,0.8882402181625366
2026-01-23 11:00:00,1,0.5033333333333333,8.123333333333333,0.15833333333333333,0.5410930514335632
2026-01-23 11:00:00,2,0.47666666666666674,7.84,0.28833333333333333,0.4627930819988251
2026-01-23 12:00:00,1,0.23333333333333336,6.498333333333334,-0.325,0.2697146236896515
2026-01-23 12:00:00,2,0.25,6.829999999999999,-0.33,0.2948991358280182
2026-01-23 13:00:00,1,0.125,5.579999999999999,0.42333333333333334,0.14596830308437347
2026-01-23 13:00:00,2,0.12833333333333333,5.815,0.5316666666666666,0.16526997089385986
2026-01-23 14:00:00,1,0.17166666666666666,5.945,-0.19333333333333336,0.18870221078395844
2026-01-23 14:00:00,2,0.16833333333333333,6.183333333333334,-0.3416666666666666,0.20600958168506622
2026-01-23 15:00:00,1,0.3016666666666667,6.91,-0.9550000000000001,0.33236274123191833
2026-01-23 15:00:00,2,0.315,7.163333333333334,-1.0616666666666668,0.3435766398906708
2026-01-23 16:00:00,1,0.65,8.733333333333333,-1.2366666666666666,0.6449007391929626
2026-01-23 16:00:00,2,0.6533333333333333,8.938333333333333,-1.1983333333333333,0.6498345136642456
2026-01-23 17:00:00,1,0.5233333333333333,8.168333333333333,-1.2916666666666667,0.5452818274497986
2026-01-23 17:00:00,2,0.5433333333333333,8.253333333333332,-1.2550000000000001,0.5310524106025696
2026-01-23 18:00:00,1,0.36333333333333334,7.28,-1.4566666666666668,0.39141029119491577
2026-01-23 18:00:00,2,0.3833333333333333,7.496666666666667,-1.505,0.39782091975212097
2026-01-23 19:00:00,1,0.15166666666666667,5.915,-1.5783333333333334,0.17705410718917847
2026-01-23 19:00:00,2,0.15333333333333335,6.07,-1.5616666666666668,0.1865062117576599
2026-01-23 20:00:00,1,0.07333333333333333,4.4816666666666665,-1.0516666666666667,0.05800945311784744
2026-01-23 20:00:00,2,0.07166666666666667,4.753333333333333,-1.1500000000000001,0.05979498103260994
2026-01-23 21:00:00,1,0.023333333333333334,3.025,-1.5250000000000001,0.015879200771450996
2026-01-23 21:00:00,2,0.023333333333333334,2.8816666666666664,-1.6233333333333333,0.010972848162055016
2026-01-23 22:00:00,1,0.03833333333333334,4.1866666666666665,-2.7883333333333336,0.04331153258681297
2026-01-23 22:00:00,2,0.03833333333333334,4.3933333333333335,-2.9516666666666667,0.03985593095421791
2026-01-23 23:00:00,1,0.01,1.2133333333333334,-2.57,0.003197231562808156
2026-01-23 23:00:00,2,0.01,1.035,-2.75,0.0026915783528238535
2026-01-24 00:00:00,1,0.01,2.31,-3.2133333333333334,0.0080534927546978
2026-01-24 00:00:00,2,0.01,2.3033333333333332,-3.42,0.006504697725176811
2026-01-24 01:00:00,1,0.01,5.341666666666666,-5.05,0.10082259029150009
2026-01-24 01:00:00,2,0.011666666666666667,5.48,-5.323333333333333,0.09720795601606369
2026-01-24 02:00:00,1,0.01,5.995,-5.328333333333333,0.1687895655632019
2026-01-24 02:00:00,2,0.01,6.383333333333333,-5.5566666666666675,0.2050115317106247
2026-01-24 03:00:00,1,0.01,6.448333333333333,-6.2299999999999995,0.23048199713230133
2026-01-24 03:00:00,2,0.01,6.233333333333333,-6.586666666666666,0.18049462139606476
2026-01-24 04:00:00,1,0.01,6.005,-6.833333333333333,0.16278555989265442
2026-01-24 04:00:00,2,0.01,6.1000000000000005,-7.0249999999999995,0.15814627707004547
2026-01-24 05:00:00,1,0.01,6.551666666666667,-7.966666666666666,0.23660199344158173
2026-01-24 05:00:00,2,0.01,6.398333333333333,-8.345,0.19515690207481384
2026-01-24 06:00:00,1,0.03333333333333333,7.523333333333333,-8.018333333333333,0.41701704263687134
2026-01-24 06:00:00,2,0.018333333333333333,7.079999999999999,-8.366666666666667,0.29678094387054443
2026-01-24 07:00:00,1,0.10833333333333332,10.438333333333333,-7.158333333333334,0.8921594619750977
2026-01-24 07:00:00,2,0.03666666666666667,10.121666666666668,-7.335,0.8314189314842224
2026-01-24 08:00:00,1,0.71,13.125,-6.915,0.9888353943824768
2026-01-24 08:00:00,2,0.115,10.616666666666665,-7.091666666666666,0.8827332854270935
2026-01-24 09:00:00,1,0.9716666666666667,12.876666666666665,-6.511666666666667,0.9871785640716553
2026-01-24 09:00:00,2,0.01,9.415,-6.948333333333333,0.7300242781639099
2026-01-24 10:00:00,1,0.9899999999999999,12.963333333333333,-4.833333333333333,0.9869065284729004
2026-01-24 10:00:00,2,0.44,11.525,-5.56,0.9536397457122803
2026-01-24 11:00:00,1,0.9899999999999999,13.76,-1.9416666666666667,0.9898356795310974
2026-01-24 11:00:00,2,0.98,14.068333333333333,-3.0533333333333332,0.9884489178657532
2026-01-24 12:00:00,1,0.8533333333333334,14.285000000000002,-1.4800000000000002,0.9917908906936646
2026-01-24 12:00:00,2,0.6233333333333334,13.891666666666666,-1.9166666666666667,0.9869945645332336
2026-01-24 13:00:00,1,0.9899999999999999,14.540000000000001,-0.54,0.9923596978187561
2026-01-24 13:00:00,2,0.98,15.525,-0.9,0.9940001964569092
2026-01-24 14:00:00,1,0.9899999999999999,14.606666666666667,-0.36166666666666664,0.992527961730957
2026-01-24 14:00:00,2,0.9816666666666666,14.915,-0.5633333333333334,0.9918326139450073
2026-01-24 15:00:00,1,0.9866666666666667,13.791666666666666,0.21,0.988993227481842
2026-01-24 15:00:00,2,0.9899999999999999,13.868333333333334,0.12333333333333334,0.9860796332359314
2026-01-24 16:00:00,1,0.9883333333333333,13.54,0.43,0.9875682592391968
2026-01-24 16:00:00,2,0.985,13.511666666666665,0.35000000000000003,0.9833170771598816
2026-01-24 17:00:00,1,0.9899999999999999,14.531666666666666,0.10333333333333333,0.9921223521232605
2026-01-24 17:00:00,2,0.9899999999999999,14.280000000000001,0.18333333333333335,0.9886029958724976
2026-01-24 18:00:00,1,0.9899999999999999,13.651666666666666,0.075,0.9883514046669006
2026-01-24 18:00:00,2,0.9899999999999999,13.335,0.22666666666666668,0.981857419013977
2026-01-24 19:00:00,1,0.9483333333333333,12.034999999999998,-0.165,0.975421667098999
2026-01-24 19:00:00,2,0.9899999999999999,13.163333333333334,0.28,0.9802205562591553
2026-01-24 20:00:00,1,0.9700000000000001,10.931666666666667,-1.1316666666666666,0.9367037415504456
2026-01-24 20:00:00,2,0.955,10.811666666666667,-0.8183333333333334,0.9099098443984985
2026-01-24 21:00:00,1,0.9899999999999999,12.658333333333333,-1.2183333333333335,0.9825824499130249
2026-01-24 21:00:00,2,0.9899999999999999,12.585,-0.8866666666666667,0.9744686484336853
2026-01-24 22:00:00,1,0.96,11.251666666666667,-1.9283333333333335,0.9540305137634277
2026-01-24 22:00:00,2,0.9899999999999999,12.008333333333333,-1.5099999999999998,0.9656965136528015
2026-01-24 23:00:00,1,0.9716666666666667,10.41,-3.1983333333333337,0.893521249294281
2026-01-24 23:00:00,2,0.9883333333333333,11.221666666666666,-2.4916666666666667,0.9394285082817078
2026-01-25 00:00:00,1,0.9766666666666666,11.616666666666667,-1.9349999999999998,0.968142569065094
2026-01-25 00:00:00,2,0.965,11.410000000000002,-1.6349999999999998,0.9495570063591003
2026-01-25 01:00:00,1,0.6383333333333333,8.868333333333334,-4.931666666666667,0.6638000011444092
2026-01-25 01:00:00,2,0.5499999999999999,8.526666666666666,-4.836666666666667,0.5773074626922607
2026-01-25 02:00:00,1,0.295,6.371666666666667,-5.845,0.22047004103660583
2026-01-25 02:00:00,2,0.23833333333333337,6.103333333333333,-5.948333333333333,0.16471119225025177
2026-01-25 03:00:00,1,0.49500000000000005,7.826666666666667,-5.3500000000000005,0.4764295816421509
2026-01-25 03:00:00,2,0.49,8.09,-5.308333333333334,0.4936927556991577
2026-01-25 04:00:00,1,0.5533333333333333,8.193333333333333,-4.028333333333333,0.542728066444397
2026-01-25 04:00:00,2,0.595,8.495,-3.84,0.572486162185669
2026-01-25 05:00:00,1,0.13166666666666668,5.253333333333333,-4.141666666666667,0.09605222940444946
2026-01-25 05:00:00,2,0.1416666666666667,5.614999999999999,-4.205,0.1157589852809906
2026-01-25 06:00:00,1,0.023333333333333334,3.02,-3.5483333333333333,0.014738546684384346
2026-01-25 06:00:00,2,0.023333333333333334,2.9,-3.6616666666666666,0.010044784285128117
2026-01-25 07:00:00,1,0.35833333333333334,7.31,-3.59,0.3917468190193176
2026-01-25 07:00:00,2,0.37333333333333335,7.510000000000001,-3.716666666666667,0.38995450735092163
2026-01-25 08:00:00,1,0.35333333333333333,7.208333333333333,-4.733333333333333,0.3719429075717926
2026-01-25 08:00:00,2,0.37000000000000005,7.4433333333333325,-4.743333333333333,0.3726690709590912
2026-01-25 09:00:00,1,0.14666666666666667,6.0683333333333325,-3.8200000000000003,0.18646028637886047
2026-01-25 09:00:00,2,0.13166666666666668,6.02,-3.9933333333333336,0.16569088399410248
2026-01-25 10:00:00,1,0.06666666666666667,4.72,-2.5833333333333335,0.06634578853845596
2026-01-25 10:00:00,2,0.06999999999999999,5.34,-2.8866666666666667,0.0954611524939537
2026-01-25 11:00:00,1,0.008333333333333333,2.625,-0.9700000000000001,0.011469407938420773
2026-01-25 11:00:00,2,0.005,3.5549999999999997,-1.1233333333333333,0.01954665780067444
2026-01-25 12:00:00,1,0.01,3.098333333333333,0.07833333333333332,0.01792399026453495
2026-01-25 12:00:00,2,0.01,3.6383333333333336,-0.12166666666666666,0.02202484756708145
2026-01-25 13:00:00,1,0.01,2.6166666666666667,1.23,0.012346580624580383
2026-01-25 13:00:00,2,0.008333333333333333,2.7883333333333336,1.135,0.011974573135375977
2026-01-25 14:00:00,1,0.01,1.8533333333333335,2.435,0.006940622813999653
2026-01-25 14:00:00,2,0.01,1.9483333333333333,2.375,0.006983304396271706
2026-01-25 15:00:00,1,0.01,2.901666666666667,1.99,0.016242528334259987
2026-01-25 15:00:00,2,0.01,3.3066666666666666,1.7616666666666667,0.01837307959794998
2026-01-25 16:00:00,1,0.01,1.8983333333333334,1.82,0.007015691138803959
2026-01-25 16:00:00,2,0.01,1.8983333333333334,1.67,0.006468780804425478
2026-01-25 17:00:00,1,0.01,2.1366666666666667,1.4649999999999999,0.00838392972946167
2026-01-25 17:00:00,2,0.01,1.635,1.2366666666666666,0.0052553750574588776
2026-01-25 18:00:00,1,0.01,2.1133333333333333,0.25333333333333335,0.00784249510616064
2026-01-25 18:00:00,2,0.01,1.9833333333333334,-0.023333333333333334,0.0061963340267539024
2026-01-25 19:00:00,1,0.03666666666666667,3.361666666666667,-0.44,0.022038625553250313
2026-01-25 19:00:00,2,0.03333333333333333,3.5933333333333333,-0.6316666666666667,0.02065402641892433
2026-01-25 20:00:00,1,0.14833333333333334,5.835,-0.7050000000000001,0.17098528146743774
2026-01-25 20:00:00,2,0.13333333333333333,5.736666666666667,-0.9716666666666667,0.15064388513565063
2026-01-25 21:00:00,1,0.20166666666666666,6.1866666666666665,-3.105,0.20786124467849731
2026-01-25 21:00:00,2,0.215,6.25,-3.3366666666666664,0.1975567638874054
2026-01-25 22:00:00,1,0.33666666666666667,6.8500000000000005,-4.255,0.31023478507995605
2026-01-25 22:00:00,2,0.32666666666666666,6.968333333333334,-4.441666666666666,0.2967918813228607
2026-01-25 23:00:00,1,0.61,8.146666666666667,-3.776666666666667,0.5350823402404785
2026-01-25 23:00:00,2,0.5416666666666666,7.871666666666667,-3.895,0.4560548961162567
2026-01-26 00:00:00,1,0.26833333333333337,6.398333333333333,-3.945,0.23674114048480988
2026-01-26 00:00:00,2,0.22,6.22,-4.068333333333333,0.1896975189447403
2026-01-26 01:00:00,1,0.22833333333333336,6.141666666666667,-4.995,0.1906360536813736
2026-01-26 01:00:00,2,0.18166666666666667,6.051666666666667,-5.185,0.16149649024009705
2026-01-26 02:00:00,1,0.295,6.653333333333333,-4.765,0.27383026480674744
2026-01-26 02:00:00,2,0.30666666666666664,6.7749999999999995,-4.895,0.2658878564834595
2026-01-26 03:00:00,1,0.30666666666666664,6.5566666666666675,-4.998333333333334,0.25701624155044556
2026-01-26 03:00:00,2,0.31833333333333336,6.6933333333333325,-5.056666666666667,0.25297731161117554
2026-01-26 04:00:00,1,0.27666666666666667,6.611666666666667,-5.875,0.26082509756088257
2026-01-26 04:00:00,2,0.22,6.3116666666666665,-6.145,0.19288988411426544
2026-01-26 05:00:00,1,0.6033333333333334,8.241666666666667,-5.4383333333333335,0.547853410243988
2026-01-26 05:00:00,2,0.5299999999999999,8.048333333333334,-5.5183333333333335,0.48493093252182007
2026-01-26 06:00:00,1,0.2916666666666667,6.488333333333333,-5.493333333333333,0.24188432097434998
2026-01-26 06:00:00,2,0.27,6.421666666666667,-5.614999999999999,0.2100820094347
2026-01-26 07:00:00,1,0.2733333333333334,6.378333333333334,-4.648333333333333,0.22896364331245422
2026-01-26 07:00:00,2,0.20166666666666666,6.165,-4.898333333333333,0.17914465069770813
2026-01-26 08:00:00,1,0.3133333333333333,6.666666666666667,-3.8049999999999997,0.28069254755973816
2026-01-26 08:00:00,2,0.18666666666666668,6.028333333333333,-4.133333333333334,0.16560892760753632
2026-01-26 09:00:00,1,0.2383333333333333,6.341666666666666,-3.5766666666666667,0.22971375286579132
2026-01-26 09:00:00,2,0.24,6.4799999999999995,-3.7283333333333335,0.22792281210422516
2026-01-26 10:00:00,1,0.24333333333333332,6.3500000000000005,-1.6216666666666668,0.24004846811294556
2026-01-26 10:00:00,2,0.245,6.473333333333334,-1.8833333333333335,0.23648002743721008
2026-01-26 11:00:00,1,0.4766666666666666,7.658333333333334,1.2366666666666666,0.46044474840164185
2026-01-26 11:00:00,2,0.5083333333333333,8.045,1.0999999999999999,0.5011099576950073
2026-01-26 12:00:00,1,0.7983333333333333,9.691666666666666,2.6533333333333333,0.7992784380912781
2026-01-26 12:00:00,2,0.8466666666666667,10.23,2.658333333333333,0.8452682495117188
2026-01-26 13:00:00,1,0.7933333333333333,9.578333333333333,3.655,0.7804185152053833
2026-01-26 13:00:00,2,0.7966666666666667,9.866666666666665,3.6916666666666664,0.7903214693069458
2026-01-26 14:00:00,1,0.7600000000000001,9.436666666666667,4.375,0.7549901604652405
2026-01-26 14:00:00,2,0.75,9.61,4.468333333333334,0.7483534216880798
2026-01-26 15:00:00,1,0.6716666666666667,9.006666666666666,4.86,0.6845760941505432
2026-01-26 15:00:00,2,0.7383333333333333,9.523333333333333,4.83,0.7343116998672485
2026-01-26 16:00:00,1,0.6133333333333333,8.663333333333332,4.455,0.6324650645256042
2026-01-26 16:00:00,2,0.7016666666666667,9.195,4.571666666666666,0.6836801171302795
2026-01-26 17:00:00,1,0.39999999999999997,7.071666666666666,2.8633333333333333,0.36576923727989197
2026-01-26 17:00:00,2,0.48333333333333334,7.989999999999999,3.1199999999999997,0.4961349368095398
2026-01-26 18:00:00,1,0.5,7.585,1.3483333333333334,0.4481523036956787
2026-01-26 18:00:00,2,0.62,8.526666666666666,1.5716666666666665,0.5871865153312683
2026-01-26 19:00:00,1,0.775,9.248333333333333,1.17,0.7234985828399658
2026-01-26 19:00:00,2,0.8716666666666667,10.468333333333334,1.3316666666666668,0.8755267262458801
2026-01-26 20:00:00,1,0.29833333333333334,6.1433333333333335,0.2916666666666667,0.21778878569602966
2026-01-26 20:00:00,2,0.3666666666666667,6.916666666666667,0.67,0.31241169571876526
2026-01-26 21:00:00,1,0.16833333333333333,4.911666666666666,-1.6600000000000001,0.0796961709856987
2026-01-26 21:00:00,2,0.16666666666666666,5.043333333333333,-1.5933333333333335,0.07654435187578201
2026-01-26 22:00:00,1,0.6983333333333333,8.488333333333333,-0.7216666666666667,0.6038904786109924
2026-01-26 22:00:00,2,0.6766666666666666,8.626666666666667,-0.745,0.5981014966964722
2026-01-26 23:00:00,1,0.9,9.941666666666668,-0.5083333333333333,0.837215006351471
2026-01-26 23:00:00,2,0.9266666666666666,10.450000000000001,-0.09333333333333334,0.8727017045021057
2026-01-27 00:00:00,1,0.65,8.461666666666666,-1.2583333333333333,0.5987862944602966
2026-01-27 00:00:00,2,0.7050000000000001,8.961666666666666,-0.8516666666666666,0.6536134481430054
2026-01-27 01:00:00,1,0.6233333333333334,8.306666666666667,-3.1783333333333332,0.5656830668449402
2026-01-27 01:00:00,2,0.6266666666666666,8.581666666666667,-2.7216666666666662,0.5888463854789734
2026-01-27 02:00:00,1,0.48,7.666666666666667,-3.035,0.4538725018501282
2026-01-27 02:00:00,2,0.49,7.836666666666667,-2.8833333333333333,0.45309293270111084
2026-01-27 03:00:00,1,0.935,10.598333333333333,-1.5200000000000002,0.9118871092796326
2026-01-27 03:00:00,2,0.935,11.051666666666668,-1.6116666666666666,0.9287185668945312
2026-01-27 04:00:00,1,0.6849999999999999,8.873333333333333,-3.8550000000000004,0.6667503118515015
2026-01-27 04:00:00,2,0.6733333333333333,8.993333333333334,-3.5933333333333333,0.6613032817840576
2026-01-27 05:00:00,1,0.4066666666666667,7.111666666666667,-3.936666666666667,0.3580467402935028
2026-01-27 05:00:00,2,0.28833333333333333,6.376666666666666,-4.118333333333333,0.21082459390163422
2026-01-27 06:00:00,1,0.03166666666666667,3.408333333333333,-3.126666666666667,0.021231533959507942
2026-01-27 06:00:00,2,0.028333333333333332,3.6799999999999997,-3.2583333333333333,0.020360415801405907
2026-01-27 07:00:00,1,0.013333333333333334,2.155,-4.485,0.006764305289834738
2026-01-27 07:00:00,2,0.013333333333333334,2.2600000000000002,-4.535,0.005902030970901251
2026-01-27 08:00:00,1,0.01,0.785,-5.605,0.0019364237086847425
2026-01-27 08:00:00,2,0.01,0.815,-5.796666666666667,0.0019066879758611321
2026-01-27 09:00:00,1,0.01,2.21,-4.653333333333333,0.007033927831798792
2026-01-27 09:00:00,2,0.008333333333333333,1.7933333333333337,-5.44,0.003970677498728037
2026-01-27 10:00:00,1,0.01,1.8033333333333335,-2.4783333333333335,0.005423753056675196
2026-01-27 10:00:00,2,0.01,1.79,-2.9250000000000003,0.004564553499221802
2026-01-27 11:00:00,1,0.01,1.49,0.9933333333333333,0.004755118396133184
2026-01-27 11:00:00,2,0.01,1.3966666666666665,1.0083333333333333,0.004396986681967974
2026-01-27 12:00:00,1,0.01,2.0883333333333334,1.6083333333333334,0.008110538125038147
2026-01-27 12:00:00,2,0.01,1.8933333333333333,1.4316666666666666,0.006354706361889839
2026-01-27 13:00:00,1,0.01,1.5899999999999999,3.0283333333333338,0.0056952424347400665
2026-01-27 13:00:00,2,0.01,1.5966666666666667,2.9333333333333336,0.005673245061188936
2026-01-27 14:00:00,1,0.01,1.0066666666666666,4.2716666666666665,0.0037055767606943846
2026-01-27 14:00:00,2,0.01,0.915,4.406666666666666,0.0038812709972262383
2026-01-27 15:00:00,1,0.01,1.085,4.488333333333333,0.004002617206424475
2026-01-27 15:00:00,2,0.01,0.89,4.8999999999999995,0.0039253695867955685
2026-01-27 16:00:00,1,0.01,0.9383333333333335,3.5533333333333332,0.0033751907758414745
2026-01-27 16:00:00,2,0.01,0.945,3.795,0.0038192023057490587
2026-01-27 17:00:00,1,0.01,0.685,2.6799999999999997,0.0026145270094275475
2026-01-27 17:00:00,2,0.01,0.73,2.7883333333333336,0.0030880928970873356
2026-01-27 18:00:00,1,0.01,0.555,2.1033333333333335,0.0022802534513175488
2026-01-27 18:00:00,2,0.01,0.6749999999999999,2.098333333333333,0.002846338553354144
2026-01-27 19:00:00,1,0.01,1.3499999999999999,1.2616666666666667,0.004278005566447973
2026-01-27 19:00:00,2,0.01,1.4799999999999998,1.1816666666666666,0.004707322455942631
2026-01-27 20:00:00,1,0.016666666666666666,4.111666666666667,1.1166666666666667,0.04522331804037094
2026-01-27 20:00:00,2,0.013333333333333334,4.295,0.9833333333333334,0.042924072593450546
2026-01-27 21:00:00,1,0.008333333333333333,3.24,0.9233333333333333,0.020880745723843575
2026-01-27 21:00:00,2,0.006666666666666667,2.7883333333333336,0.7016666666666667,0.011701157316565514
2026-01-27 22:00:00,1,0.01,3.185,0.2866666666666667,0.019456619396805763
2026-01-27 22:00:00,2,0.008333333333333333,3.1166666666666667,0.21,0.014513220638036728
2026-01-27 23:00:00,1,0.01,1.2416666666666667,0.19333333333333336,0.003712607081979513
2026-01-27 23:00:00,2,0.01,1.2783333333333333,0.03833333333333333,0.0038103212136775255
2026-01-28 00:00:00,1,0.01,1.2983333333333333,0.09666666666666668,0.0038765619974583387
2026-01-28 00:00:00,2,0.01,1.2416666666666667,-0.115,0.0036786869168281555
2026-01-28 01:00:00,1,0.01,1.2616666666666667,-0.315,0.0036862134002149105
2026-01-28 01:00:00,2,0.01,1.3766666666666667,-0.5333333333333333,0.003934739623218775
2026-01-28 02:00:00,1,0.01,0.5783333333333333,-0.5966666666666667,0.0020341752097010612
2026-01-28 02:00:00,2,0.01,0.8850000000000001,-0.8233333333333334,0.002745099365711212
2026-01-28 03:00:00,1,0.01,1.0316666666666665,-0.4816666666666667,0.0030147244688123465
2026-01-28 03:00:00,2,0.01,0.9400000000000001,-0.715,0.0028717864770442247
2026-01-28 04:00:00,1,0.01,0.7966666666666667,-0.9633333333333334,0.002412567613646388
2026-01-28 04:00:00,2,0.01,0.86,-1.2833333333333334,0.002620118670165539
2026-01-28 05:00:00,1,0.01,1.1966666666666665,-1.3716666666666668,0.0033200557809323072
2026-01-28 05:00:00,2,0.01,1.14,-1.6866666666666668,0.0031019654124975204
2026-01-28 06:00:00,1,0.01,2.478333333333333,-0.6983333333333333,0.01020133402198553
2026-01-28 06:00:00,2,0.008333333333333333,2.6983333333333337,-1.0133333333333334,0.009974290616810322
2026-01-28 07:00:00,1,0.03666666666666667,4.235,-0.34,0.04854418709874153
2026-01-28 07:00:00,2,0.03,4.833333333333333,-0.6016666666666667,0.06591985374689102
2026-01-28 08:00:00,1,0.04,3.9916666666666667,-0.5966666666666667,0.038882818073034286
2026-01-28 08:00:00,2,0.03166666666666667,3.4950000000000006,-0.8366666666666666,0.018770286813378334
2026-01-28 09:00:00,1,0.01,1.5250000000000001,-0.8083333333333335,0.00451800087466836
2026-01-28 09:00:00,2,0.01,1.24,-1.2383333333333333,0.0034223005641251802
2026-01-28 10:00:00,1,0.01,0.81,-0.7283333333333334,0.002467544050887227
2026-01-28 10:00:00,2,0.01,0.9483333333333333,-0.9700000000000001,0.002842108253389597
2026-01-28 11:00:00,1,0.01,1.0333333333333334,0.11666666666666665,0.003107000607997179
2026-01-28 11:00:00,2,0.01,1.025,0.235,0.0032357387244701385
2026-01-28 12:00:00,1,0.01,1.1816666666666666,1.3,0.003723222529515624
2026-01-28 12:00:00,2,0.01,1.1816666666666666,1.145,0.003821530845016241
2026-01-28 13:00:00,1,0.01,2.37,0.41,0.009719504974782467
2026-01-28 13:00:00,2,0.01,2.3866666666666667,0.05833333333333333,0.008344193920493126
2026-01-28 14:00:00,1,0.01,1.7149999999999999,1.0716666666666665,0.005784755572676659
2026-01-28 14:00:00,2,0.01,1.6199999999999999,1.2533333333333334,0.0052067916840314865
2026-01-28 15:00:00,1,0.01,4.428333333333334,0.04833333333333332,0.0574907585978508
2026-01-28 15:00:00,2,0.051666666666666666,4.816666666666666,0.3983333333333334,0.06807617098093033
2026-01-28 16:00:00,1,0.01,5.96,-0.42166666666666663,0.189573273062706
2026-01-28 16:00:00,2,0.125,5.895,-0.36000000000000004,0.17051884531974792
2026-01-28 17:00:00,1,0.07833333333333334,6.066666666666666,-0.2733333333333334,0.2047424018383026
2026-01-28 17:00:00,2,0.20833333333333334,6.616666666666667,-0.465,0.26443207263946533
2026-01-28 18:00:00,1,0.17166666666666666,6.13,-0.7783333333333333,0.21143807470798492
2026-01-28 18:00:00,2,0.14833333333333334,5.913333333333334,-0.9349999999999999,0.17040245234966278
2026-01-28 19:00:00,1,0.49500000000000005,8.16,-1.0433333333333332,0.5443863868713379
2026-01-28 19:00:00,2,0.47833333333333333,8.108333333333333,-1.2249999999999999,0.5056794881820679
2026-01-28 20:00:00,1,0.7183333333333333,9.228333333333333,-0.93,0.7222030162811279
2026-01-28 20:00:00,2,0.7033333333333333,9.365,-0.6933333333333334,0.715393602848053
2026-01-28 21:00:00,1,0.4583333333333333,7.648333333333333,-0.995,0.45461398363113403
2026-01-28 21:00:00,2,0.49333333333333335,8.113333333333333,-1.005,0.5071655511856079
2026-01-28 22:00:00,1,0.3183333333333333,6.848333333333334,-1.7916666666666667,0.3211005926132202
2026-01-28 22:00:00,2,0.34,7.216666666666666,-2.0366666666666666,0.3478368818759918
2026-01-28 23:00:00,1,0.2283333333333333,6.05,-2.38,0.19157421588897705
2026-01-28 23:00:00,2,0.20333333333333334,6.206666666666667,-2.4466666666666668,0.19802884757518768
2026-01-29 00:00:00,1,0.27166666666666667,6.596666666666667,-2.191666666666667,0.2769046723842621
2026-01-29 00:00:00,2,0.26499999999999996,6.696666666666666,-2.3133333333333335,0.26769939064979553
2026-01-29 01:00:00,1,0.13999999999999999,5.653333333333333,-1.3683333333333334,0.14551201462745667
2026-01-29 01:00:00,2,0.14,5.698333333333333,-2.361666666666667,0.1365092694759369
2026-01-29 02:00:00,1,0.19999999999999998,6.303333333333334,-0.7666666666666666,0.23675766587257385
2026-01-29 02:00:00,2,0.19499999999999998,6.260000000000001,-1.335,0.21158450841903687
2026-01-29 03:00:00,1,0.23666666666666666,6.3,-1.7716666666666667,0.231815367937088
2026-01-29 03:00:00,2,0.20833333333333334,6.138333333333333,-1.1166666666666667,0.1969956010580063
2026-01-29 04:00:00,1,0.17,5.971666666666667,-1.6199999999999999,0.18461591005325317
2026-01-29 04:00:00,2,0.15666666666666665,5.84,-1.8816666666666666,0.15828970074653625
2026-01-29 05:00:00,1,0.043333333333333335,4.123333333333334,-2.4833333333333334,0.04149283468723297
2026-01-29 05:00:00,2,0.03,3.685,-2.811666666666667,0.020770320668816566
2026-01-29 06:00:00,1,0.015,3.356666666666667,-2.335,0.020583653822541237
2026-01-29 06:00:00,2,0.01,3.078333333333333,-2.566666666666667,0.012246199883520603
2026-01-29 07:00:00,1,0.011666666666666667,2.4583333333333335,-2.1233333333333335,0.009516955353319645
2026-01-29 07:00:00,2,0.011666666666666667,2.435,-2.188333333333333,0.007676825392991304
2026-01-29 08:00:00,1,0.01,1.64,-2.4366666666666665,0.004684011917561293
2026-01-29 08:00:00,2,0.01,1.5633333333333332,-2.735,0.0039121657609939575
2026-01-29 09:00:00,1,0.024999999999999998,3.955,-1.3033333333333335,0.03699518367648125
2026-01-29 09:00:00,2,0.02,3.775,-1.4183333333333332,0.023713435977697372
2026-01-29 10:00:00,1,0.03833333333333334,4.206666666666667,-0.11166666666666668,0.047685593366622925
2026-01-29 10:00:00,2,0.04,4.233333333333333,-0.22833333333333336,0.03857948258519173
2026-01-29 11:00:00,1,0.016666666666666666,2.6733333333333333,1.4000000000000001,0.013049070723354816
2026-01-29 11:00:00,2,0.011666666666666667,2.686666666666667,1.155,0.01110227033495903
2026-01-29 12:00:00,1,0.2133333333333333,4.66,3.0766666666666667,0.07606887817382812
2026-01-29 12:00:00,2,0.20166666666666666,4.823333333333333,2.8716666666666666,0.07655330002307892
2026-01-29 13:00:00,1,0.655,8.746666666666668,4.001666666666666,0.6453476548194885
2026-01-29 13:00:00,2,0.725,9.346666666666666,3.8049999999999997,0.70457524061203
2026-01-29 14:00:00,1,0.8666666666666667,10.14,4.491666666666666,0.8646215200424194
2026-01-29 14:00:00,2,0.8516666666666667,10.185,4.45,0.8373569846153259
2026-01-29 15:00:00,1,0.8333333333333334,10.015,4.798333333333333,0.8482462167739868
2026-01-29 15:00:00,2,0.8766666666666666,10.28,4.715,0.8499816060066223
2026-01-29 16:00:00,1,0.9366666666666666,10.741666666666667,4.265,0.9235067367553711
2026-01-29 16:00:00,2,0.9616666666666666,11.01,4.386666666666667,0.924580991268158
2026-01-29 17:00:00,1,0.9583333333333334,10.921666666666667,3.421666666666667,0.936056911945343
2026-01-29 17:00:00,2,0.9700000000000001,10.94,3.595,0.9197987914085388
2026-01-29 18:00:00,1,0.8883333333333333,10.283333333333333,2.631666666666667,0.8816582560539246
2026-01-29 18:00:00,2,0.9183333333333333,10.563333333333334,2.9433333333333334,0.8855786919593811
2026-01-29 19:00:00,1,0.9116666666666666,10.553333333333333,2.236666666666667,0.9085978865623474
2026-01-29 19:00:00,2,0.9333333333333332,10.853333333333333,2.4899999999999998,0.9134520888328552
2026-01-29 20:00:00,1,0.9816666666666666,11.225,2.0500000000000003,0.9529314637184143
2026-01-29 20:00:00,2,0.9833333333333334,11.108333333333334,2.2516666666666665,0.9323352575302124
2026-01-29 21:00:00,1,0.9899999999999999,12.216666666666667,1.2433333333333334,0.9763409495353699
2026-01-29 21:00:00,2,0.9899999999999999,12.555,1.3833333333333335,0.9725053906440735
2026-01-29 22:00:00,1,0.9899999999999999,12.343333333333334,0.8366666666666668,0.9780820608139038
2026-01-29 22:00:00,2,0.9899999999999999,12.549999999999999,0.8783333333333333,0.9727982878684998
2026-01-29 23:00:00,1,0.9899999999999999,12.038333333333334,0.5566666666666666,0.9748184084892273
2026-01-29 23:00:00,2,0.9899999999999999,11.961666666666666,0.7733333333333333,0.9632384777069092
2026-01-30 00:00:00,1,0.8466666666666667,10.046666666666667,0.25833333333333336,0.8518261313438416
2026-01-30 00:00:00,2,0.8383333333333334,10.058333333333334,0.515,0.8209319114685059
2026-01-30 01:00:00,1,0.6749999999999999,8.726666666666667,0.03666666666666666,0.6436523795127869
2026-01-30 01:00:00,2,0.6833333333333332,8.998333333333333,0.25333333333333335,0.6597321033477783
2026-01-30 02:00:00,1,0.6966666666666667,8.841666666666667,-0.28,0.6620720624923706
2026-01-30 02:00:00,2,0.665,8.856666666666667,-0.06666666666666667,0.6373143196105957
2026-01-30 03:00:00,1,0.4666666666666666,7.726666666666667,-0.7733333333333333,0.46842822432518005
2026-01-30 03:00:00,2,0.5016666666666666,8.158333333333333,-0.735,0.5158160924911499
2026-01-30 04:00:00,1,0.40166666666666667,7.323333333333333,-1.29,0.3990701735019684
2026-01-30 04:00:00,2,0.4166666666666667,7.449999999999999,-1.3166666666666667,0.3904072046279907
2026-01-30 05:00:00,1,0.7016666666666667,8.89,-1.1733333333333333,0.6697868704795837
2026-01-30 05:00:00,2,0.7599999999999999,9.276666666666666,-1.14,0.7023789882659912
2026-01-30 06:00:00,1,0.7133333333333334,9.02,-1.335,0.6897778511047363
2026-01-30 06:00:00,2,0.685,9.02,-1.1616666666666668,0.6628060936927795
2026-01-30 07:00:00,1,0.5516666666666666,7.881666666666667,-1.5416666666666667,0.4936356842517853
2026-01-30 07:00:00,2,0.49500000000000005,7.645,-1.5633333333333335,0.42384469509124756
2026-01-30 08:00:00,1,0.5716666666666667,8.131666666666666,-1.6666666666666667,0.5375730991363525
2026-01-30 08:00:00,2,0.5233333333333333,8.061666666666667,-1.4783333333333335,0.49677392840385437
2026-01-30 09:00:00,1,0.7983333333333333,9.643333333333333,-1.19,0.7932168245315552
2026-01-30 09:00:00,2,0.7983333333333333,9.743333333333334,-1.2216666666666667,0.7741557955741882
2026-01-30 10:00:00,1,0.9416666666666668,10.716666666666667,-0.5933333333333334,0.9217832088470459
2026-01-30 10:00:00,2,0.9466666666666667,10.961666666666666,-0.42166666666666663,0.9226371645927429
2026-01-30 11:00:00,1,0.96,11.553333333333333,0.6366666666666667,0.9657692313194275
2026-01-30 11:00:00,2,0.9716666666666667,11.950000000000001,0.6866666666666666,0.9630526900291443
2026-01-30 12:00:00,1,0.975,11.766666666666666,1.8766666666666667,0.9697391390800476
2026-01-30 12:00:00,2,0.9766666666666666,12.081666666666665,1.9816666666666667,0.9646182656288147
2026-01-30 13:00:00,1,0.9833333333333334,12.433333333333332,3.0666666666666664,0.9771130084991455
2026-01-30 13:00:00,2,0.985,12.506666666666668,3.1283333333333334,0.9705297350883484
2026-01-30 14:00:00,1,0.945,11.431666666666667,4.58,0.960090160369873
2026-01-30 14:00:00,2,0.9733333333333333,11.816666666666665,4.69,0.9566631317138672
2026-01-30 15:00:00,1,0.9633333333333334,11.25,5.576666666666667,0.9527075290679932
2026-01-30 15:00:00,2,0.9666666666666667,11.508333333333333,5.71,0.9472060203552246
2026-01-30 16:00:00,1,0.93,11.008333333333333,5.508333333333333,0.9403400421142578
2026-01-30 16:00:00,2,0.9683333333333333,11.703333333333333,5.551666666666667,0.9529640674591064
2026-01-30 17:00:00,1,0.9616666666666666,11.281666666666666,4.286666666666666,0.9546909928321838
2026-01-30 17:00:00,2,0.985,11.530000000000001,4.435,0.9493600726127625
2026-01-30 18:00:00,1,0.7466666666666667,9.478333333333333,3.0883333333333334,0.7625398635864258
2026-01-30 18:00:00,2,0.7883333333333334,9.891666666666667,3.315,0.7947919964790344
2026-01-30 19:00:00,1,0.75,9.25,2.1766666666666667,0.7231637239456177
2026-01-30 19:00:00,2,0.82,9.87,2.4116666666666666,0.7921591401100159
2026-01-30 20:00:00,1,0.5399999999999999,8.048333333333334,1.7933333333333332,0.5311541557312012
2026-01-30 20:00:00,2,0.6033333333333334,8.536666666666667,2.0966666666666667,0.5894657373428345
2026-01-30 21:00:00,1,0.46166666666666667,7.3933333333333335,0.4816666666666667,0.4142368733882904
2026-01-30 21:00:00,2,0.5783333333333333,8.205,0.9666666666666667,0.5289722681045532
2026-01-30 22:00:00,1,0.29,6.62,-0.7516666666666666,0.2881384789943695
2026-01-30 22:00:00,2,0.26333333333333336,6.493333333333333,-0.6216666666666667,0.24660275876522064
2026-01-30 23:00:00,1,0.155,5.596666666666667,-1.3866666666666667,0.1390521377325058
2026-01-30 23:00:00,2,0.145,5.523333333333333,-1.4749999999999999,0.12082567811012268
2026-01-31 00:00:00,1,0.13833333333333334,5.5633333333333335,-1.4933333333333334,0.13489121198654175
2026-01-31 00:00:00,2,0.15333333333333335,5.6933333333333325,-1.3316666666666668,0.1427132487297058
2026-01-31 01:00:00,1,0.14333333333333334,5.216666666666666,-1.5183333333333333,0.10230260342359543
2026-01-31 01:00:00,2,0.11666666666666665,5.053333333333334,-2.063333333333333,0.07565208524465561
2026-01-31 02:00:00,1,0.18666666666666668,5.7316666666666665,-1.54,0.15391778945922852
2026-01-31 02:00:00,2,0.16,5.595,-1.5933333333333335,0.12843316793441772
2026-01-31 03:00:00,1,0.13,5.151666666666666,-2.876666666666667,0.09203142672777176
2026-01-31 03:00:00,2,0.12166666666666666,5.085,-3.0716666666666668,0.07461228966712952
2026-01-31 04:00:00,1,0.07833333333333334,4.608333333333333,-3.3783333333333334,0.05893164873123169
2026-01-31 04:00:00,2,0.07166666666666667,4.428333333333334,-3.6666666666666665,0.039959799498319626
2026-01-31 05:00:00,1,0.11166666666666668,5.031666666666666,-3.6033333333333335,0.08108877390623093
2026-01-31 05:00:00,2,0.10666666666666667,5.258333333333334,-3.831666666666667,0.08519136905670166
2026-01-31 06:00:00,1,0.145,5.27,-3.9133333333333336,0.09810172766447067
2026-01-31 06:00:00,2,0.10333333333333333,5.153333333333333,-4.113333333333333,0.07650389522314072
2026-01-31 07:00:00,1,0.48,7.44,-3.873333333333333,0.4131321907043457
2026-01-31 07:00:00,2,0.4716666666666667,7.661666666666666,-3.7916666666666665,0.41682758927345276
2026-01-31 08:00:00,1,0.5016666666666666,7.671666666666667,-4.365,0.4519486427307129
2026-01-31 08:00:00,2,0.48,7.698333333333333,-4.18,0.4218875467777252
2026-01-31 09:00:00,1,0.5216666666666666,7.661666666666666,-2.2216666666666667,0.4545595943927765
2026-01-31 09:00:00,2,0.6583333333333333,8.666666666666666,-2.1750000000000003,0.6042460799217224
2026-01-31 10:00:00,1,0.9500000000000001,10.761666666666668,0.71,0.9254267811775208
2026-01-31 10:00:00,2,0.9383333333333334,10.933333333333332,0.8133333333333334,0.9207499027252197
2026-01-31 11:00:00,1,0.9583333333333334,11.12,2.8716666666666666,0.9475158452987671
2026-01-31 11:00:00,2,0.9766666666666666,11.653333333333334,2.9633333333333334,0.9542386531829834
2026-01-31 12:00:00,1,0.9266666666666666,11.118333333333332,4.595,0.9467655420303345
2026-01-31 12:00:00,2,0.9683333333333333,11.58,4.598333333333334,0.950640082359314
2026-01-31 13:00:00,1,0.945,10.805,5.853333333333333,0.9272162318229675
2026-01-31 13:00:00,2,0.9766666666666666,11.200000000000001,6.015000000000001,0.9353157877922058
2026-01-31 14:00:00,1,0.8783333333333333,10.18,6.746666666666666,0.8689820766448975
2026-01-31 14:00:00,2,0.8933333333333332,10.49,6.993333333333333,0.8737072348594666
2026-01-31 15:00:00,1,0.875,10.38,8.271666666666667,0.8896391987800598
2026-01-31 15:00:00,2,0.9,10.733333333333334,8.345,0.8970991969108582
2026-01-31 16:00:00,1,0.8450000000000001,10.368333333333334,7.105,0.889333188533783
2026-01-31 16:00:00,2,0.94,10.969999999999999,7.37,0.9187018871307373
2026-01-31 17:00:00,1,0.7983333333333333,9.813333333333334,6.323333333333333,0.8182305097579956
2026-01-31 17:00:00,2,0.8566666666666666,10.25,6.683333333333334,0.8446659445762634
2026-01-31 18:00:00,1,0.81,9.781666666666666,5.831666666666667,0.8135312795639038
2026-01-31 18:00:00,2,0.8250000000000001,9.85,6.076666666666667,0.7862440943717957
2026-01-31 19:00:00,1,0.8216666666666667,9.83,5.9316666666666675,0.8209430575370789
2026-01-31 19:00:00,2,0.8833333333333333,10.348333333333334,6.335,0.857435405254364
2026-01-31 20:00:00,1,0.3383333333333334,6.463333333333334,5.8933333333333335,0.2781611680984497
2026-01-31 20:00:00,2,0.3516666666666666,6.833333333333333,6.241666666666667,0.32127490639686584
2026-01-31 21:00:00,1,0.03,3.078333333333333,4.7749999999999995,0.02105707675218582
2026-01-31 21:00:00,2,0.02666666666666667,3.1833333333333336,4.7283333333333335,0.01947665400803089
2026-01-31 22:00:00,1,0.016666666666666666,2.4416666666666664,3.591666666666667,0.011745740659534931
2026-01-31 22:00:00,2,0.02,2.591666666666667,3.47,0.011700727045536041
2026-01-31 23:00:00,1,0.19999999999999998,6.359999999999999,1.6233333333333333,0.2563721239566803
2026-01-31 23:00:00,2,0.19999999999999998,6.376666666666666,1.5166666666666666,0.2395118623971939
