as_of,valid_time,target_source_clock,turbine_id,lead_hour,predicted_power,initialization_time,available_at,in_february
2026-01-31 18:00:00+00:00,2026-01-31 19:00:00+00:00,2026-02-01 00:00:00,1,1,0.02757047787308693,2026-01-31 12:00:00+00:00,2026-01-31 15:58:34+00:00,True
2026-01-31 18:00:00+00:00,2026-01-31 20:00:00+00:00,2026-02-01 01:00:00,1,2,0.029526835307478905,2026-01-31 12:00:00+00:00,2026-01-31 15:58:34+00:00,True
2026-01-31 18:00:00+00:00,2026-01-31 21:00:00+00:00,2026-02-01 02:00:00,1,3,0.032423585280776025,2026-01-31 12:00:00+00:00,2026-01-31 15:58:34+00:00,True
2026-01-31 18:00:00+00:00,2026-01-31 22:00:00+00:00,2026-02-01 03:00:00,1,4,0.041791355982422826,2026-01-31 12:00:00+00:00,2026-01-31 15:58:34+00:00,True
2026-01-31 18:00:00+00:00,2026-01-31 23:00:00+00:00,2026-02-01 04:00:00,1,5,0.06043959781527519,2026-01-31 12:00:00+00:00,2026-01-31 15:58:34+00:00,True
2026-01-31 18:00:00+00:00,2026-02-01 00:00:00+00:00,2026-02-01 05:00:00,1,6,0.09403527081012726,2026-01-31 12:00:00+00:00,2026-01-31 15:58:34+00:00,True
2026-01-31 18:00:00+00:00,2026-02-01 01:00:00+00:00,2026-02-01 06:00:00,1,7,0.061823056638240816,2026-01-31 12:00:00+00:00,2026-01-31 15:58:34+00:00,True
2026-01-31 18:00:00+00:00,2026-02-01 02:00:00+00:00,2026-02-01 07:00:00,1,8,0.044416438415646554,2026-01-31 12:00:00+00:00,2026-01-31 15:58:34+00:00,True
2026-01-31 18:00:00+00:00,2026-02-01 03:00:00+00:00,2026-02-01 08:00:00,1,9,0.03560016676783562,2026-01-31 12:00:00+00:00,2026-01-31 15:58:34+00:00,True
2026-01-31 18:00:00+00:00,2026-02-01 04:00:00+00:00,2026-02-01 09:00:00,1,10,0.04481223747134209,2026-01-31 12:00:00+00:00,2026-01-31 15:58:34+00:00,True
2026-01-31 18:00:00+00:00,2026-02-01 05:00:00+00:00,2026-02-01 10:00:00,1,11,0.06086315810680389,2026-01-31 12:00:00+00:00,2026-01-31 15:58:34+00:00,True
2026-01-31 18:00:00+00:00,2026-02-01 06:00:00+00:00,2026-02-01 11:00:00,1,12,0.08621693924069404,2026-01-31 12:00:00+00:00,2026-01-31 15:58:34+00:00,True
2026-01-31 18:00:00+00:00,2026-02-01 07:00:00+00:00,2026-02-01 12:00:00,1,13,0.08489976078271866,2026-01-31 12:00:00+00:00,2026-01-31 15:58:34+00:00,True
2026-01-31 18:00:00+00:00,2026-02-01 08:00:00+00:00,2026-02-01 13:00:00,1,14,0.09088296145200729,2026-01-31 12:00:00+00:00,2026-01-31 15:58:34+00:00,True
2026-01-31 18:00:00+00:00,2026-02-01 09:00:00+00:00,2026-02-01 14:00:00,1,15,0.10384538769721985,2026-01-31 12:00:00+00:00,2026-01-31 15:58:34+00:00,True
2026-01-31 18:00:00+00:00,2026-02-01 10:00:00+00:00,2026-02-01 15:00:00,1,16,0.11236093491315842,2026-01-31 12:00:00+00:00,2026-01-31 15:58:34+00:00,True
2026-01-31 18:00:00+00:00,2026-02-01 11:00:00+00:00,2026-02-01 16:00:00,1,17,0.125704850256443,2026-01-31 12:00:00+00:00,2026-01-31 15:58:34+00:00,True
2026-01-31 18:00:00+00:00,2026-02-01 12:00:00+00:00,2026-02-01 17:00:00,1,18,0.13887207061052323,2026-01-31 12:00:00+00:00,2026-01-31 15:58:34+00:00,True
2026-01-31 18:00:00+00:00,2026-02-01 13:00:00+00:00,2026-02-01 18:00:00,1,19,0.162627774477005,2026-01-31 12:00:00+00:00,2026-01-31 15:58:34+00:00,True
2026-01-31 18:00:00+00:00,2026-02-01 14:00:00+00:00,2026-02-01 19:00:00,1,20,0.1842799574136734,2026-01-31 12:00:00+00:00,2026-01-31 15:58:34+00:00,True
2026-01-31 18:00:00+00:00,2026-02-01 15:00:00+00:00,2026-02-01 20:00:00,1,21,0.20315167903900147,2026-01-31 12:00:00+00:00,2026-01-31 15:58:34+00:00,True
2026-01-31 18:00:00+00:00,2026-02-01 16:00:00+00:00,2026-02-01 21:00:00,1,22,0.22791262567043305,2026-01-31 12:00:00+00:00,2026-01-31 15:58:34+00:00,True
2026-01-31 18:00:00+00:00,2026-02-01 17:00:00+00:00,2026-02-01 22:00:00,1,23,0.24639008343219757,2026-01-31 12:00:00+00:00,2026-01-31 15:58:34+00:00,True
2026-01-31 18:00:00+00:00,2026-02-01 18:00:00+00:00,2026-02-01 23:00:00,1,24,0.2702600657939911,2026-01-31 12:00:00+00:00,2026-01-31 15:58:34+00:00,True
2026-01-31 18:00:00+00:00,2026-02-01 19:00:00+00:00,2026-02-02 00:00:00,1,25,0.3369448661804199,2026-01-31 12:00:00+00:00,2026-01-31 15:58:34+00:00,True
2026-01-31 18:00:00+00:00,2026-02-01 20:00:00+00:00,2026-02-02 01:00:00,1,26,0.4104569971561432,2026-01-31 12:00:00+00:00,2026-01-31 15:58:34+00:00,True
2026-01-31 18:00:00+00:00,2026-02-01 21:00:00+00:00,2026-02-02 02:00:00,1,27,0.4849938750267029,2026-01-31 12:00:00+00:00,2026-01-31 15:58:34+00:00,True
2026-01-31 18:00:00+00:00,2026-02-01 22:00:00+00:00,2026-02-02 03:00:00,1,28,0.5341975510120391,2026-01-31 12:00:00+00:00,2026-01-31 15:58:34+00:00,True
2026-01-31 18:00:00+00:00,2026-02-01 23:00:00+00:00,2026-02-02 04:00:00,1,29,0.5657816290855407,2026-01-31 12:00:00+00:00,2026-01-31 15:58:34+00:00,True
2026-01-31 18:00:00+00:00,2026-02-02 00:00:00+00:00,2026-02-02 05:00:00,1,30,0.5798989593982696,2026-01-31 12:00:00+00:00,2026-01-31 15:58:34+00:00,True
2026-01-31 18:00:00+00:00,2026-02-02 01:00:00+00:00,2026-02-02 06:00:00,1,31,0.553065824508667,2026-01-31 12:00:00+00:00,2026-01-31 15:58:34+00:00,True
2026-01-31 18:00:00+00:00,2026-02-02 02:00:00+00:00,2026-02-02 07:00:00,1,32,0.5261478960514069,2026-01-31 12:00:00+00:00,2026-01-31 15:58:34+00:00,True
2026-01-31 18:00:00+00:00,2026-02-02 03:00:00+00:00,2026-02-02 08:00:00,1,33,0.5108255028724671,2026-01-31 12:00:00+00:00,2026-01-31 15:58:34+00:00,True
2026-01-31 18:00:00+00:00,2026-02-02 04:00:00+00:00,2026-02-02 09:00:00,1,34,0.5899525582790375,2026-01-31 12:00:00+00:00,2026-01-31 15:58:34+00:00,True
2026-01-31 18:00:00+00:00,2026-02-02 05:00:00+00:00,2026-02-02 10:00:00,1,35,0.6936967611312866,2026-01-31 12:00:00+00:00,2026-01-31 15:58:34+00:00,True
2026-01-31 18:00:00+00:00,2026-02-02 06:00:00+00:00,2026-02-02 11:00:00,1,36,0.8347153306007385,2026-01-31 12:00:00+00:00,2026-01-31 15:58:34+00:00,True
2026-01-31 18:00:00+00:00,2026-02-02 07:00:00+00:00,2026-02-02 12:00:00,1,37,0.8671029090881348,2026-01-31 12:00:00+00:00,2026-01-31 15:58:34+00:00,True
2026-01-31 18:00:00+00:00,2026-02-02 08:00:00+00:00,2026-02-02 13:00:00,1,38,0.9016623258590698,2026-01-31 12:00:00+00:00,2026-01-31 15:58:34+00:00,True
2026-01-31 18:00:00+00:00,2026-02-02 09:00:00+00:00,2026-02-02 14:00:00,1,39,0.9249541163444519,2026-01-31 12:00:00+00:00,2026-01-31 15:58:34+00:00,True
2026-01-31 18:00:00+00:00,2026-02-02 10:00:00+00:00,2026-02-02 15:00:00,1,40,0.8282946586608887,2026-01-31 12:00:00+00:00,2026-01-31 15:58:34+00:00,True
2026-01-31 18:00:00+00:00,2026-02-02 11:00:00+00:00,2026-02-02 16:00:00,1,41,0.5753189623355865,2026-01-31 12:00:00+00:00,2026-01-31 15:58:34+00:00,True
2026-01-31 18:00:00+00:00,2026-02-02 12:00:00+00:00,2026-02-02 17:00:00,1,42,0.335512113571167,2026-01-31 12:00:00+00:00,2026-01-31 15:58:34+00:00,True
2026-01-31 18:00:00+00:00,2026-02-02 13:00:00+00:00,2026-02-02 18:00:00,1,43,0.24614315927028657,2026-01-31 12:00:00+00:00,2026-01-31 15:58:34+00:00,True
2026-01-31 18:00:00+00:00,2026-02-02 14:00:00+00:00,2026-02-02 19:00:00,1,44,0.17869829386472702,2026-01-31 12:00:00+00:00,2026-01-31 15:58:34+00:00,True
2026-01-31 18:00:00+00:00,2026-02-02 15:00:00+00:00,2026-02-02 20:00:00,1,45,0.13460570126771926,2026-01-31 12:00:00+00:00,2026-01-31 15:58:34+00:00,True
2026-01-31 18:00:00+00:00,2026-02-02 16:00:00+00:00,2026-02-02 21:00:00,1,46,0.14008524864912034,2026-01-31 12:00:00+00:00,2026-01-31 15:58:34+00:00,True
2026-01-31 18:00:00+00:00,2026-02-02 17:00:00+00:00,2026-02-02 22:00:00,1,47,0.14372058510780333,2026-01-31 12:00:00+00:00,2026-01-31 15:58:34+00:00,True
2026-01-31 18:00:00+00:00,2026-02-02 18:00:00+00:00,2026-02-02 23:00:00,1,48,0.14571433812379836,2026-01-31 12:00:00+00:00,2026-01-31 15:58:34+00:00,True
2026-01-31 18:00:00+00:00,2026-01-31 19:00:00+00:00,2026-02-01 00:00:00,2,1,0.023463372513651846,2026-01-31 12:00:00+00:00,2026-01-31 15:58:34+00:00,True
2026-01-31 18:00:00+00:00,2026-01-31 20:00:00+00:00,2026-02-01 01:00:00,2,2,0.024922643974423408,2026-01-31 12:00:00+00:00,2026-01-31 15:58:34+00:00,True
2026-01-31 18:00:00+00:00,2026-01-31 21:00:00+00:00,2026-02-01 02:00:00,2,3,0.026812071911990643,2026-01-31 12:00:00+00:00,2026-01-31 15:58:34+00:00,True
2026-01-31 18:00:00+00:00,2026-01-31 22:00:00+00:00,2026-02-01 03:00:00,2,4,0.03410869613289833,2026-01-31 12:00:00+00:00,2026-01-31 15:58:34+00:00,True
2026-01-31 18:00:00+00:00,2026-01-31 23:00:00+00:00,2026-02-01 04:00:00,2,5,0.04971688091754913,2026-01-31 12:00:00+00:00,2026-01-31 15:58:34+00:00,True
2026-01-31 18:00:00+00:00,2026-02-01 00:00:00+00:00,2026-02-01 05:00:00,2,6,0.0784620188176632,2026-01-31 12:00:00+00:00,2026-01-31 15:58:34+00:00,True
2026-01-31 18:00:00+00:00,2026-02-01 01:00:00+00:00,2026-02-01 06:00:00,2,7,0.051894867420196535,2026-01-31 12:00:00+00:00,2026-01-31 15:58:34+00:00,True
2026-01-31 18:00:00+00:00,2026-02-01 02:00:00+00:00,2026-02-01 07:00:00,2,8,0.0386333204805851,2026-01-31 12:00:00+00:00,2026-01-31 15:58:34+00:00,True
2026-01-31 18:00:00+00:00,2026-02-01 03:00:00+00:00,2026-02-01 08:00:00,2,9,0.032374865189194676,2026-01-31 12:00:00+00:00,2026-01-31 15:58:34+00:00,True
2026-01-31 18:00:00+00:00,2026-02-01 04:00:00+00:00,2026-02-01 09:00:00,2,10,0.04194203317165375,2026-01-31 12:00:00+00:00,2026-01-31 15:58:34+00:00,True
2026-01-31 18:00:00+00:00,2026-02-01 05:00:00+00:00,2026-02-01 10:00:00,2,11,0.058244595676660536,2026-01-31 12:00:00+00:00,2026-01-31 15:58:34+00:00,True
2026-01-31 18:00:00+00:00,2026-02-01 06:00:00+00:00,2026-02-01 11:00:00,2,12,0.08653077632188796,2026-01-31 12:00:00+00:00,2026-01-31 15:58:34+00:00,True
2026-01-31 18:00:00+00:00,2026-02-01 07:00:00+00:00,2026-02-01 12:00:00,2,13,0.08622374460101127,2026-01-31 12:00:00+00:00,2026-01-31 15:58:34+00:00,True
2026-01-31 18:00:00+00:00,2026-02-01 08:00:00+00:00,2026-02-01 13:00:00,2,14,0.09354332834482193,2026-01-31 12:00:00+00:00,2026-01-31 15:58:34+00:00,True
2026-01-31 18:00:00+00:00,2026-02-01 09:00:00+00:00,2026-02-01 14:00:00,2,15,0.10846407264471054,2026-01-31 12:00:00+00:00,2026-01-31 15:58:34+00:00,True
2026-01-31 18:00:00+00:00,2026-02-01 10:00:00+00:00,2026-02-01 15:00:00,2,16,0.11316265165805817,2026-01-31 12:00:00+00:00,2026-01-31 15:58:34+00:00,True
2026-01-31 18:00:00+00:00,2026-02-01 11:00:00+00:00,2026-02-01 16:00:00,2,17,0.12206353694200515,2026-01-31 12:00:00+00:00,2026-01-31 15:58:34+00:00,True
2026-01-31 18:00:00+00:00,2026-02-01 12:00:00+00:00,2026-02-01 17:00:00,2,18,0.1302448555827141,2026-01-31 12:00:00+00:00,2026-01-31 15:58:34+00:00,True
2026-01-31 18:00:00+00:00,2026-02-01 13:00:00+00:00,2026-02-01 18:00:00,2,19,0.1512406960129738,2026-01-31 12:00:00+00:00,2026-01-31 15:58:34+00:00,True
2026-01-31 18:00:00+00:00,2026-02-01 14:00:00+00:00,2026-02-01 19:00:00,2,20,0.1689403235912323,2026-01-31 12:00:00+00:00,2026-01-31 15:58:34+00:00,True
2026-01-31 18:00:00+00:00,2026-02-01 15:00:00+00:00,2026-02-01 20:00:00,2,21,0.18238375186920167,2026-01-31 12:00:00+00:00,2026-01-31 15:58:34+00:00,True
2026-01-31 18:00:00+00:00,2026-02-01 16:00:00+00:00,2026-02-01 21:00:00,2,22,0.20018423199653626,2026-01-31 12:00:00+00:00,2026-01-31 15:58:34+00:00,True
2026-01-31 18:00:00+00:00,2026-02-01 17:00:00+00:00,2026-02-01 22:00:00,2,23,0.21657508313655854,2026-01-31 12:00:00+00:00,2026-01-31 15:58:34+00:00,True
2026-01-31 18:00:00+00:00,2026-02-01 18:00:00+00:00,2026-02-01 23:00:00,2,24,0.234309783577919,2026-01-31 12:00:00+00:00,2026-01-31 15:58:34+00:00,True
2026-01-31 18:00:00+00:00,2026-02-01 19:00:00+00:00,2026-02-02 00:00:00,2,25,0.29268413186073305,2026-01-31 12:00:00+00:00,2026-01-31 15:58:34+00:00,True
2026-01-31 18:00:00+00:00,2026-02-01 20:00:00+00:00,2026-02-02 01:00:00,2,26,0.3601564228534698,2026-01-31 12:00:00+00:00,2026-01-31 15:58:34+00:00,True
2026-01-31 18:00:00+00:00,2026-02-01 21:00:00+00:00,2026-02-02 02:00:00,2,27,0.435153067111969,2026-01-31 12:00:00+00:00,2026-01-31 15:58:34+00:00,True
2026-01-31 18:00:00+00:00,2026-02-01 22:00:00+00:00,2026-02-02 03:00:00,2,28,0.48664364218711853,2026-01-31 12:00:00+00:00,2026-01-31 15:58:34+00:00,True
2026-01-31 18:00:00+00:00,2026-02-01 23:00:00+00:00,2026-02-02 04:00:00,2,29,0.5182060778141022,2026-01-31 12:00:00+00:00,2026-01-31 15:58:34+00:00,True
2026-01-31 18:00:00+00:00,2026-02-02 00:00:00+00:00,2026-02-02 05:00:00,2,30,0.5337298095226288,2026-01-31 12:00:00+00:00,2026-01-31 15:58:34+00:00,True
2026-01-31 18:00:00+00:00,2026-02-02 01:00:00+00:00,2026-02-02 06:00:00,2,31,0.5140588104724884,2026-01-31 12:00:00+00:00,2026-01-31 15:58:34+00:00,True
2026-01-31 18:00:00+00:00,2026-02-02 02:00:00+00:00,2026-02-02 07:00:00,2,32,0.49719882011413574,2026-01-31 12:00:00+00:00,2026-01-31 15:58:34+00:00,True
2026-01-31 18:00:00+00:00,2026-02-02 03:00:00+00:00,2026-02-02 08:00:00,2,33,0.48991440534591674,2026-01-31 12:00:00+00:00,2026-01-31 15:58:34+00:00,True
2026-01-31 18:00:00+00:00,2026-02-02 04:00:00+00:00,2026-02-02 09:00:00,2,34,0.5757134854793549,2026-01-31 12:00:00+00:00,2026-01-31 15:58:34+00:00,True
2026-01-31 18:00:00+00:00,2026-02-02 05:00:00+00:00,2026-02-02 10:00:00,2,35,0.6869523644447326,2026-01-31 12:00:00+00:00,2026-01-31 15:58:34+00:00,True
2026-01-31 18:00:00+00:00,2026-02-02 06:00:00+00:00,2026-02-02 11:00:00,2,36,0.832283616065979,2026-01-31 12:00:00+00:00,2026-01-31 15:58:34+00:00,True
2026-01-31 18:00:00+00:00,2026-02-02 07:00:00+00:00,2026-02-02 12:00:00,2,37,0.8690619230270386,2026-01-31 12:00:00+00:00,2026-01-31 15:58:34+00:00,True
2026-01-31 18:00:00+00:00,2026-02-02 08:00:00+00:00,2026-02-02 13:00:00,2,38,0.9033770084381103,2026-01-31 12:00:00+00:00,2026-01-31 15:58:34+00:00,True
2026-01-31 18:00:00+00:00,2026-02-02 09:00:00+00:00,2026-02-02 14:00:00,2,39,0.9251222968101501,2026-01-31 12:00:00+00:00,2026-01-31 15:58:34+00:00,True
2026-01-31 18:00:00+00:00,2026-02-02 10:00:00+00:00,2026-02-02 15:00:00,2,40,0.8367843270301819,2026-01-31 12:00:00+00:00,2026-01-31 15:58:34+00:00,True
2026-01-31 18:00:00+00:00,2026-02-02 11:00:00+00:00,2026-02-02 16:00:00,2,41,0.6006012916564941,2026-01-31 12:00:00+00:00,2026-01-31 15:58:34+00:00,True
2026-01-31 18:00:00+00:00,2026-02-02 12:00:00+00:00,2026-02-02 17:00:00,2,42,0.3272903084754944,2026-01-31 12:00:00+00:00,2026-01-31 15:58:34+00:00,True
2026-01-31 18:00:00+00:00,2026-02-02 13:00:00+00:00,2026-02-02 18:00:00,2,43,0.2279053658246994,2026-01-31 12:00:00+00:00,2026-01-31 15:58:34+00:00,True
2026-01-31 18:00:00+00:00,2026-02-02 14:00:00+00:00,2026-02-02 19:00:00,2,44,0.16465302407741547,2026-01-31 12:00:00+00:00,2026-01-31 15:58:34+00:00,True
2026-01-31 18:00:00+00:00,2026-02-02 15:00:00+00:00,2026-02-02 20:00:00,2,45,0.12083421051502227,2026-01-31 12:00:00+00:00,2026-01-31 15:58:34+00:00,True
2026-01-31 18:00:00+00:00,2026-02-02 16:00:00+00:00,2026-02-02 21:00:00,2,46,0.12249531149864197,2026-01-31 12:00:00+00:00,2026-01-31 15:58:34+00:00,True
2026-01-31 18:00:00+00:00,2026-02-02 17:00:00+00:00,2026-02-02 22:00:00,2,47,0.12290978878736496,2026-01-31 12:00:00+00:00,2026-01-31 15:58:34+00:00,True
2026-01-31 18:00:00+00:00,2026-02-02 18:00:00+00:00,2026-02-02 23:00:00,2,48,0.12297807484865189,2026-01-31 12:00:00+00:00,2026-01-31 15:58:34+00:00,True
2026-02-01 18:00:00+00:00,2026-02-01 19:00:00+00:00,2026-02-02 00:00:00,1,1,0.1688713625073433,2026-02-01 12:00:00+00:00,2026-02-01 15:59:06+00:00,True
2026-02-01 18:00:00+00:00,2026-02-01 20:00:00+00:00,2026-02-02 01:00:00,1,2,0.24800585806369782,2026-02-01 12:00:00+00:00,2026-02-01 15:59:06+00:00,True
2026-02-01 18:00:00+00:00,2026-02-01 21:00:00+00:00,2026-02-02 02:00:00,1,3,0.3540943324565887,2026-02-01 12:00:00+00:00,2026-02-01 15:59:06+00:00,True
2026-02-01 18:00:00+00:00,2026-02-01 22:00:00+00:00,2026-02-02 03:00:00,1,4,0.3828511297702789,2026-02-01 12:00:00+00:00,2026-02-01 15:59:06+00:00,True
2026-02-01 18:00:00+00:00,2026-02-01 23:00:00+00:00,2026-02-02 04:00:00,1,5,0.4533816397190094,2026-02-01 12:00:00+00:00,2026-02-01 15:59:06+00:00,True
2026-02-01 18:00:00+00:00,2026-02-02 00:00:00+00:00,2026-02-02 05:00:00,1,6,0.5137347400188446,2026-02-01 12:00:00+00:00,2026-02-01 15:59:06+00:00,True
2026-02-01 18:00:00+00:00,2026-02-02 01:00:00+00:00,2026-02-02 06:00:00,1,7,0.47400166988372805,2026-02-01 12:00:00+00:00,2026-02-01 15:59:06+00:00,True
2026-02-01 18:00:00+00:00,2026-02-02 02:00:00+00:00,2026-02-02 07:00:00,1,8,0.45604329109191893,2026-02-01 12:00:00+00:00,2026-02-01 15:59:06+00:00,True
2026-02-01 18:00:00+00:00,2026-02-02 03:00:00+00:00,2026-02-02 08:00:00,1,9,0.44277760982513426,2026-02-01 12:00:00+00:00,2026-02-01 15:59:06+00:00,True
2026-02-01 18:00:00+00:00,2026-02-02 04:00:00+00:00,2026-02-02 09:00:00,1,10,0.5295423090457916,2026-02-01 12:00:00+00:00,2026-02-01 15:59:06+00:00,True
2026-02-01 18:00:00+00:00,2026-02-02 05:00:00+00:00,2026-02-02 10:00:00,1,11,0.6453277468681335,2026-02-01 12:00:00+00:00,2026-02-01 15:59:06+00:00,True
2026-02-01 18:00:00+00:00,2026-02-02 06:00:00+00:00,2026-02-02 11:00:00,1,12,0.8226993680000305,2026-02-01 12:00:00+00:00,2026-02-01 15:59:06+00:00,True
2026-02-01 18:00:00+00:00,2026-02-02 07:00:00+00:00,2026-02-02 12:00:00,1,13,0.9029668211936951,2026-02-01 12:00:00+00:00,2026-02-01 15:59:06+00:00,True
2026-02-01 18:00:00+00:00,2026-02-02 08:00:00+00:00,2026-02-02 13:00:00,1,14,0.9474560856819153,2026-02-01 12:00:00+00:00,2026-02-01 15:59:06+00:00,True
2026-02-01 18:00:00+00:00,2026-02-02 09:00:00+00:00,2026-02-02 14:00:00,1,15,0.9669729113578797,2026-02-01 12:00:00+00:00,2026-02-01 15:59:06+00:00,True
2026-02-01 18:00:00+00:00,2026-02-02 10:00:00+00:00,2026-02-02 15:00:00,1,16,0.9311116576194763,2026-02-01 12:00:00+00:00,2026-02-01 15:59:06+00:00,True
2026-02-01 18:00:00+00:00,2026-02-02 11:00:00+00:00,2026-02-02 16:00:00,1,17,0.8186521172523499,2026-02-01 12:00:00+00:00,2026-02-01 15:59:06+00:00,True
2026-02-01 18:00:00+00:00,2026-02-02 12:00:00+00:00,2026-02-02 17:00:00,1,18,0.5017682492733002,2026-02-01 12:00:00+00:00,2026-02-01 15:59:06+00:00,True
2026-02-01 18:00:00+00:00,2026-02-02 13:00:00+00:00,2026-02-02 18:00:00,1,19,0.3508964508771896,2026-02-01 12:00:00+00:00,2026-02-01 15:59:06+00:00,True
2026-02-01 18:00:00+00:00,2026-02-02 14:00:00+00:00,2026-02-02 19:00:00,1,20,0.2375691145658493,2026-02-01 12:00:00+00:00,2026-02-01 15:59:06+00:00,True
2026-02-01 18:00:00+00:00,2026-02-02 15:00:00+00:00,2026-02-02 20:00:00,1,21,0.1610265590250492,2026-02-01 12:00:00+00:00,2026-02-01 15:59:06+00:00,True
2026-02-01 18:00:00+00:00,2026-02-02 16:00:00+00:00,2026-02-02 21:00:00,1,22,0.15099925696849822,2026-02-01 12:00:00+00:00,2026-02-01 15:59:06+00:00,True
2026-02-01 18:00:00+00:00,2026-02-02 17:00:00+00:00,2026-02-02 22:00:00,1,23,0.14133885204792024,2026-02-01 12:00:00+00:00,2026-02-01 15:59:06+00:00,True
2026-02-01 18:00:00+00:00,2026-02-02 18:00:00+00:00,2026-02-02 23:00:00,1,24,0.13265445977449417,2026-02-01 12:00:00+00:00,2026-02-01 15:59:06+00:00,True
2026-02-01 18:00:00+00:00,2026-02-02 19:00:00+00:00,2026-02-03 00:00:00,1,25,0.16727701872587203,2026-02-01 12:00:00+00:00,2026-02-01 15:59:06+00:00,True
2026-02-01 18:00:00+00:00,2026-02-02 20:00:00+00:00,2026-02-03 01:00:00,1,26,0.21925159096717833,2026-02-01 12:00:00+00:00,2026-02-01 15:59:06+00:00,True
2026-02-01 18:00:00+00:00,2026-02-02 21:00:00+00:00,2026-02-03 02:00:00,1,27,0.2802612602710724,2026-02-01 12:00:00+00:00,2026-02-01 15:59:06+00:00,True
2026-02-01 18:00:00+00:00,2026-02-02 22:00:00+00:00,2026-02-03 03:00:00,1,28,0.34851084351539613,2026-02-01 12:00:00+00:00,2026-02-01 15:59:06+00:00,True
2026-02-01 18:00:00+00:00,2026-02-02 23:00:00+00:00,2026-02-03 04:00:00,1,29,0.4119406580924988,2026-02-01 12:00:00+00:00,2026-02-01 15:59:06+00:00,True
2026-02-01 18:00:00+00:00,2026-02-03 00:00:00+00:00,2026-02-03 05:00:00,1,30,0.4723390698432922,2026-02-01 12:00:00+00:00,2026-02-01 15:59:06+00:00,True
2026-02-01 18:00:00+00:00,2026-02-03 01:00:00+00:00,2026-02-03 06:00:00,1,31,0.3339480459690094,2026-02-01 12:00:00+00:00,2026-02-01 15:59:06+00:00,True
2026-02-01 18:00:00+00:00,2026-02-03 02:00:00+00:00,2026-02-03 07:00:00,1,32,0.22227316200733185,2026-02-01 12:00:00+00:00,2026-02-01 15:59:06+00:00,True
2026-02-01 18:00:00+00:00,2026-02-03 03:00:00+00:00,2026-02-03 08:00:00,1,33,0.15400972068309784,2026-02-01 12:00:00+00:00,2026-02-01 15:59:06+00:00,True
2026-02-01 18:00:00+00:00,2026-02-03 04:00:00+00:00,2026-02-03 09:00:00,1,34,0.11795865446329117,2026-02-01 12:00:00+00:00,2026-02-01 15:59:06+00:00,True
2026-02-01 18:00:00+00:00,2026-02-03 05:00:00+00:00,2026-02-03 10:00:00,1,35,0.09124443680047989,2026-02-01 12:00:00+00:00,2026-02-01 15:59:06+00:00,True
2026-02-01 18:00:00+00:00,2026-02-03 06:00:00+00:00,2026-02-03 11:00:00,1,36,0.07654785439372062,2026-02-01 12:00:00+00:00,2026-02-01 15:59:06+00:00,True
2026-02-01 18:00:00+00:00,2026-02-03 07:00:00+00:00,2026-02-03 12:00:00,1,37,0.06007212325930596,2026-02-01 12:00:00+00:00,2026-02-01 15:59:06+00:00,True
2026-02-01 18:00:00+00:00,2026-02-03 08:00:00+00:00,2026-02-03 13:00:00,1,38,0.051978152990341184,2026-02-01 12:00:00+00:00,2026-02-01 15:59:06+00:00,True
2026-02-01 18:00:00+00:00,2026-02-03 09:00:00+00:00,2026-02-03 14:00:00,1,39,0.049357082694768906,2026-02-01 12:00:00+00:00,2026-02-01 15:59:06+00:00,True
2026-02-01 18:00:00+00:00,2026-02-03 10:00:00+00:00,2026-02-03 15:00:00,1,40,0.04557209797203541,2026-02-01 12:00:00+00:00,2026-02-01 15:59:06+00:00,True
2026-02-01 18:00:00+00:00,2026-02-03 11:00:00+00:00,2026-02-03 16:00:00,1,41,0.04533518180251121,2026-02-01 12:00:00+00:00,2026-02-01 15:59:06+00:00,True
2026-02-01 18:00:00+00:00,2026-02-03 12:00:00+00:00,2026-02-03 17:00:00,1,42,0.048381302133202554,2026-02-01 12:00:00+00:00,2026-02-01 15:59:06+00:00,True
2026-02-01 18:00:00+00:00,2026-02-03 13:00:00+00:00,2026-02-03 18:00:00,1,43,0.051203685253858565,2026-02-01 12:00:00+00:00,2026-02-01 15:59:06+00:00,True
2026-02-01 18:00:00+00:00,2026-02-03 14:00:00+00:00,2026-02-03 19:00:00,1,44,0.07080519646406173,2026-02-01 12:00:00+00:00,2026-02-01 15:59:06+00:00,True
2026-02-01 18:00:00+00:00,2026-02-03 15:00:00+00:00,2026-02-03 20:00:00,1,45,0.09485290497541428,2026-02-01 12:00:00+00:00,2026-02-01 15:59:06+00:00,True
2026-02-01 18:00:00+00:00,2026-02-03 16:00:00+00:00,2026-02-03 21:00:00,1,46,0.0867774173617363,2026-02-01 12:00:00+00:00,2026-02-01 15:59:06+00:00,True
2026-02-01 18:00:00+00:00,2026-02-03 17:00:00+00:00,2026-02-03 22:00:00,1,47,0.08236005008220673,2026-02-01 12:00:00+00:00,2026-02-01 15:59:06+00:00,True
2026-02-01 18:00:00+00:00,2026-02-03 18:00:00+00:00,2026-02-03 23:00:00,1,48,0.07898868471384049,2026-02-01 12:00:00+00:00,2026-02-01 15:59:06+00:00,True
2026-02-01 18:00:00+00:00,2026-02-01 19:00:00+00:00,2026-02-02 00:00:00,2,1,0.1492778852581978,2026-02-01 12:00:00+00:00,2026-02-01 15:59:06+00:00,True
2026-02-01 18:00:00+00:00,2026-02-01 20:00:00+00:00,2026-02-02 01:00:00,2,2,0.22215061485767365,2026-02-01 12:00:00+00:00,2026-02-01 15:59:06+00:00,True
2026-02-01 18:00:00+00:00,2026-02-01 21:00:00+00:00,2026-02-02 02:00:00,2,3,0.31740095317363737,2026-02-01 12:00:00+00:00,2026-02-01 15:59:06+00:00,True
2026-02-01 18:00:00+00:00,2026-02-01 22:00:00+00:00,2026-02-02 03:00:00,2,4,0.3401880294084549,2026-02-01 12:00:00+00:00,2026-02-01 15:59:06+00:00,True
2026-02-01 18:00:00+00:00,2026-02-01 23:00:00+00:00,2026-02-02 04:00:00,2,5,0.41299393177032473,2026-02-01 12:00:00+00:00,2026-02-01 15:59:06+00:00,True
2026-02-01 18:00:00+00:00,2026-02-02 00:00:00+00:00,2026-02-02 05:00:00,2,6,0.4785170257091522,2026-02-01 12:00:00+00:00,2026-02-01 15:59:06+00:00,True
2026-02-01 18:00:00+00:00,2026-02-02 01:00:00+00:00,2026-02-02 06:00:00,2,7,0.4443264126777649,2026-02-01 12:00:00+00:00,2026-02-01 15:59:06+00:00,True
2026-02-01 18:00:00+00:00,2026-02-02 02:00:00+00:00,2026-02-02 07:00:00,2,8,0.43154223561286925,2026-02-01 12:00:00+00:00,2026-02-01 15:59:06+00:00,True
2026-02-01 18:00:00+00:00,2026-02-02 03:00:00+00:00,2026-02-02 08:00:00,2,9,0.4283653795719147,2026-02-01 12:00:00+00:00,2026-02-01 15:59:06+00:00,True
2026-02-01 18:00:00+00:00,2026-02-02 04:00:00+00:00,2026-02-02 09:00:00,2,10,0.5309231162071228,2026-02-01 12:00:00+00:00,2026-02-01 15:59:06+00:00,True
2026-02-01 18:00:00+00:00,2026-02-02 05:00:00+00:00,2026-02-02 10:00:00,2,11,0.659509289264679,2026-02-01 12:00:00+00:00,2026-02-01 15:59:06+00:00,True
2026-02-01 18:00:00+00:00,2026-02-02 06:00:00+00:00,2026-02-02 11:00:00,2,12,0.8304818034172058,2026-02-01 12:00:00+00:00,2026-02-01 15:59:06+00:00,True
2026-02-01 18:00:00+00:00,2026-02-02 07:00:00+00:00,2026-02-02 12:00:00,2,13,0.9049841165542603,2026-02-01 12:00:00+00:00,2026-02-01 15:59:06+00:00,True
2026-02-01 18:00:00+00:00,2026-02-02 08:00:00+00:00,2026-02-02 13:00:00,2,14,0.9460947155952454,2026-02-01 12:00:00+00:00,2026-02-01 15:59:06+00:00,True
2026-02-01 18:00:00+00:00,2026-02-02 09:00:00+00:00,2026-02-02 14:00:00,2,15,0.9654120206832886,2026-02-01 12:00:00+00:00,2026-02-01 15:59:06+00:00,True
2026-02-01 18:00:00+00:00,2026-02-02 10:00:00+00:00,2026-02-02 15:00:00,2,16,0.9292906761169434,2026-02-01 12:00:00+00:00,2026-02-01 15:59:06+00:00,True
2026-02-01 18:00:00+00:00,2026-02-02 11:00:00+00:00,2026-02-02 16:00:00,2,17,0.827952253818512,2026-02-01 12:00:00+00:00,2026-02-01 15:59:06+00:00,True
2026-02-01 18:00:00+00:00,2026-02-02 12:00:00+00:00,2026-02-02 17:00:00,2,18,0.5109348773956299,2026-02-01 12:00:00+00:00,2026-02-01 15:59:06+00:00,True
2026-02-01 18:00:00+00:00,2026-02-02 13:00:00+00:00,2026-02-02 18:00:00,2,19,0.34671980440616607,2026-02-01 12:00:00+00:00,2026-02-01 15:59:06+00:00,True
2026-02-01 18:00:00+00:00,2026-02-02 14:00:00+00:00,2026-02-02 19:00:00,2,20,0.22859037220478057,2026-02-01 12:00:00+00:00,2026-02-01 15:59:06+00:00,True
2026-02-01 18:00:00+00:00,2026-02-02 15:00:00+00:00,2026-02-02 20:00:00,2,21,0.1481652170419693,2026-02-01 12:00:00+00:00,2026-02-01 15:59:06+00:00,True
2026-02-01 18:00:00+00:00,2026-02-02 16:00:00+00:00,2026-02-02 21:00:00,2,22,0.1361330360174179,2026-02-01 12:00:00+00:00,2026-02-01 15:59:06+00:00,True
2026-02-01 18:00:00+00:00,2026-02-02 17:00:00+00:00,2026-02-02 22:00:00,2,23,0.12452155724167824,2026-02-01 12:00:00+00:00,2026-02-01 15:59:06+00:00,True
2026-02-01 18:00:00+00:00,2026-02-02 18:00:00+00:00,2026-02-02 23:00:00,2,24,0.11698051691055297,2026-02-01 12:00:00+00:00,2026-02-01 15:59:06+00:00,True
2026-02-01 18:00:00+00:00,2026-02-02 19:00:00+00:00,2026-02-03 00:00:00,2,25,0.14314528405666352,2026-02-01 12:00:00+00:00,2026-02-01 15:59:06+00:00,True
2026-02-01 18:00:00+00:00,2026-02-02 20:00:00+00:00,2026-02-03 01:00:00,2,26,0.180905482172966,2026-02-01 12:00:00+00:00,2026-02-01 15:59:06+00:00,True
2026-02-01 18:00:00+00:00,2026-02-02 21:00:00+00:00,2026-02-03 02:00:00,2,27,0.2300925225019455,2026-02-01 12:00:00+00:00,2026-02-01 15:59:06+00:00,True
2026-02-01 18:00:00+00:00,2026-02-02 22:00:00+00:00,2026-02-03 03:00:00,2,28,0.2940182417631149,2026-02-01 12:00:00+00:00,2026-02-01 15:59:06+00:00,True
2026-02-01 18:00:00+00:00,2026-02-02 23:00:00+00:00,2026-02-03 04:00:00,2,29,0.36180504262447355,2026-02-01 12:00:00+00:00,2026-02-01 15:59:06+00:00,True
2026-02-01 18:00:00+00:00,2026-02-03 00:00:00+00:00,2026-02-03 05:00:00,2,30,0.42660191655158997,2026-02-01 12:00:00+00:00,2026-02-01 15:59:06+00:00,True
2026-02-01 18:00:00+00:00,2026-02-03 01:00:00+00:00,2026-02-03 06:00:00,2,31,0.2964430034160614,2026-02-01 12:00:00+00:00,2026-02-01 15:59:06+00:00,True
2026-02-01 18:00:00+00:00,2026-02-03 02:00:00+00:00,2026-02-03 07:00:00,2,32,0.1975993126630783,2026-02-01 12:00:00+00:00,2026-02-01 15:59:06+00:00,True
2026-02-01 18:00:00+00:00,2026-02-03 03:00:00+00:00,2026-02-03 08:00:00,2,33,0.14218643307685852,2026-02-01 12:00:00+00:00,2026-02-01 15:59:06+00:00,True
2026-02-01 18:00:00+00:00,2026-02-03 04:00:00+00:00,2026-02-03 09:00:00,2,34,0.11322668492794037,2026-02-01 12:00:00+00:00,2026-02-01 15:59:06+00:00,True
2026-02-01 18:00:00+00:00,2026-02-03 05:00:00+00:00,2026-02-03 10:00:00,2,35,0.08934229910373688,2026-02-01 12:00:00+00:00,2026-02-01 15:59:06+00:00,True
2026-02-01 18:00:00+00:00,2026-02-03 06:00:00+00:00,2026-02-03 11:00:00,2,36,0.0765244297683239,2026-02-01 12:00:00+00:00,2026-02-01 15:59:06+00:00,True
2026-02-01 18:00:00+00:00,2026-02-03 07:00:00+00:00,2026-02-03 12:00:00,2,37,0.059675534069538114,2026-02-01 12:00:00+00:00,2026-02-01 15:59:06+00:00,True
2026-02-01 18:00:00+00:00,2026-02-03 08:00:00+00:00,2026-02-03 13:00:00,2,38,0.05198012888431549,2026-02-01 12:00:00+00:00,2026-02-01 15:59:06+00:00,True
2026-02-01 18:00:00+00:00,2026-02-03 09:00:00+00:00,2026-02-03 14:00:00,2,39,0.04909771978855133,2026-02-01 12:00:00+00:00,2026-02-01 15:59:06+00:00,True
2026-02-01 18:00:00+00:00,2026-02-03 10:00:00+00:00,2026-02-03 15:00:00,2,40,0.044771365076303485,2026-02-01 12:00:00+00:00,2026-02-01 15:59:06+00:00,True
2026-02-01 18:00:00+00:00,2026-02-03 11:00:00+00:00,2026-02-03 16:00:00,2,41,0.04316544644534588,2026-02-01 12:00:00+00:00,2026-02-01 15:59:06+00:00,True
2026-02-01 18:00:00+00:00,2026-02-03 12:00:00+00:00,2026-02-03 17:00:00,2,42,0.04500463828444481,2026-02-01 12:00:00+00:00,2026-02-01 15:59:06+00:00,True
2026-02-01 18:00:00+00:00,2026-02-03 13:00:00+00:00,2026-02-03 18:00:00,2,43,0.04707286059856415,2026-02-01 12:00:00+00:00,2026-02-01 15:59:06+00:00,True
2026-02-01 18:00:00+00:00,2026-02-03 14:00:00+00:00,2026-02-03 19:00:00,2,44,0.06598380655050277,2026-02-01 12:00:00+00:00,2026-02-01 15:59:06+00:00,True
2026-02-01 18:00:00+00:00,2026-02-03 15:00:00+00:00,2026-02-03 20:00:00,2,45,0.0863498792052269,2026-02-01 12:00:00+00:00,2026-02-01 15:59:06+00:00,True
2026-02-01 18:00:00+00:00,2026-02-03 16:00:00+00:00,2026-02-03 21:00:00,2,46,0.07706723958253861,2026-02-01 12:00:00+00:00,2026-02-01 15:59:06+00:00,True
2026-02-01 18:00:00+00:00,2026-02-03 17:00:00+00:00,2026-02-03 22:00:00,2,47,0.07090101316571236,2026-02-01 12:00:00+00:00,2026-02-01 15:59:06+00:00,True
2026-02-01 18:00:00+00:00,2026-02-03 18:00:00+00:00,2026-02-03 23:00:00,2,48,0.06845162063837051,2026-02-01 12:00:00+00:00,2026-02-01 15:59:06+00:00,True
2026-02-02 18:00:00+00:00,2026-02-02 19:00:00+00:00,2026-02-03 00:00:00,1,1,0.1889706164598465,2026-02-02 12:00:00+00:00,2026-02-02 15:58:42+00:00,True
2026-02-02 18:00:00+00:00,2026-02-02 20:00:00+00:00,2026-02-03 01:00:00,1,2,0.2492775797843933,2026-02-02 12:00:00+00:00,2026-02-02 15:58:42+00:00,True
2026-02-02 18:00:00+00:00,2026-02-02 21:00:00+00:00,2026-02-03 02:00:00,1,3,0.3279056042432785,2026-02-02 12:00:00+00:00,2026-02-02 15:58:42+00:00,True
2026-02-02 18:00:00+00:00,2026-02-02 22:00:00+00:00,2026-02-03 03:00:00,1,4,0.32276615798473357,2026-02-02 12:00:00+00:00,2026-02-02 15:58:42+00:00,True
2026-02-02 18:00:00+00:00,2026-02-02 23:00:00+00:00,2026-02-03 04:00:00,1,5,0.3366272211074829,2026-02-02 12:00:00+00:00,2026-02-02 15:58:42+00:00,True
2026-02-02 18:00:00+00:00,2026-02-03 00:00:00+00:00,2026-02-03 05:00:00,1,6,0.3383226454257965,2026-02-02 12:00:00+00:00,2026-02-02 15:58:42+00:00,True
2026-02-02 18:00:00+00:00,2026-02-03 01:00:00+00:00,2026-02-03 06:00:00,1,7,0.2262273907661438,2026-02-02 12:00:00+00:00,2026-02-02 15:58:42+00:00,True
2026-02-02 18:00:00+00:00,2026-02-03 02:00:00+00:00,2026-02-03 07:00:00,1,8,0.14847997725009918,2026-02-02 12:00:00+00:00,2026-02-02 15:58:42+00:00,True
2026-02-02 18:00:00+00:00,2026-02-03 03:00:00+00:00,2026-02-03 08:00:00,1,9,0.10149271488189697,2026-02-02 12:00:00+00:00,2026-02-02 15:58:42+00:00,True
2026-02-02 18:00:00+00:00,2026-02-03 04:00:00+00:00,2026-02-03 09:00:00,1,10,0.06840572953224182,2026-02-02 12:00:00+00:00,2026-02-02 15:58:42+00:00,True
2026-02-02 18:00:00+00:00,2026-02-03 05:00:00+00:00,2026-02-03 10:00:00,1,11,0.04979721680283546,2026-02-02 12:00:00+00:00,2026-02-02 15:58:42+00:00,True
2026-02-02 18:00:00+00:00,2026-02-03 06:00:00+00:00,2026-02-03 11:00:00,1,12,0.04379401467740536,2026-02-02 12:00:00+00:00,2026-02-02 15:58:42+00:00,True
2026-02-02 18:00:00+00:00,2026-02-03 07:00:00+00:00,2026-02-03 12:00:00,1,13,0.03450307473540306,2026-02-02 12:00:00+00:00,2026-02-02 15:58:42+00:00,True
2026-02-02 18:00:00+00:00,2026-02-03 08:00:00+00:00,2026-02-03 13:00:00,1,14,0.03034503310918808,2026-02-02 12:00:00+00:00,2026-02-02 15:58:42+00:00,True
2026-02-02 18:00:00+00:00,2026-02-03 09:00:00+00:00,2026-02-03 14:00:00,1,15,0.030555091425776483,2026-02-02 12:00:00+00:00,2026-02-02 15:58:42+00:00,True
2026-02-02 18:00:00+00:00,2026-02-03 10:00:00+00:00,2026-02-03 15:00:00,1,16,0.02636658325791359,2026-02-02 12:00:00+00:00,2026-02-02 15:58:42+00:00,True
2026-02-02 18:00:00+00:00,2026-02-03 11:00:00+00:00,2026-02-03 16:00:00,1,17,0.04326949417591095,2026-02-02 12:00:00+00:00,2026-02-02 15:58:42+00:00,True
2026-02-02 18:00:00+00:00,2026-02-03 12:00:00+00:00,2026-02-03 17:00:00,1,18,0.09490349292755126,2026-02-02 12:00:00+00:00,2026-02-02 15:58:42+00:00,True
2026-02-02 18:00:00+00:00,2026-02-03 13:00:00+00:00,2026-02-03 18:00:00,1,19,0.19758991301059722,2026-02-02 12:00:00+00:00,2026-02-02 15:58:42+00:00,True
2026-02-02 18:00:00+00:00,2026-02-03 14:00:00+00:00,2026-02-03 19:00:00,1,20,0.34216654896736143,2026-02-02 12:00:00+00:00,2026-02-02 15:58:42+00:00,True
2026-02-02 18:00:00+00:00,2026-02-03 15:00:00+00:00,2026-02-03 20:00:00,1,21,0.5209021031856537,2026-02-02 12:00:00+00:00,2026-02-02 15:58:42+00:00,True
2026-02-02 18:00:00+00:00,2026-02-03 16:00:00+00:00,2026-02-03 21:00:00,1,22,0.56357142329216,2026-02-02 12:00:00+00:00,2026-02-02 15:58:42+00:00,True
2026-02-02 18:00:00+00:00,2026-02-03 17:00:00+00:00,2026-02-03 22:00:00,1,23,0.6005873203277587,2026-02-02 12:00:00+00:00,2026-02-02 15:58:42+00:00,True
2026-02-02 18:00:00+00:00,2026-02-03 18:00:00+00:00,2026-02-03 23:00:00,1,24,0.6348253011703491,2026-02-02 12:00:00+00:00,2026-02-02 15:58:42+00:00,True
2026-02-02 18:00:00+00:00,2026-02-03 19:00:00+00:00,2026-02-04 00:00:00,1,25,0.5846586108207703,2026-02-02 12:00:00+00:00,2026-02-02 15:58:42+00:00,True
2026-02-02 18:00:00+00:00,2026-02-03 20:00:00+00:00,2026-02-04 01:00:00,1,26,0.5266806006431579,2026-02-02 12:00:00+00:00,2026-02-02 15:58:42+00:00,True
2026-02-02 18:00:00+00:00,2026-02-03 21:00:00+00:00,2026-02-04 02:00:00,1,27,0.45220527052879333,2026-02-02 12:00:00+00:00,2026-02-02 15:58:42+00:00,True
2026-02-02 18:00:00+00:00,2026-02-03 22:00:00+00:00,2026-02-04 03:00:00,1,28,0.3492851197719574,2026-02-02 12:00:00+00:00,2026-02-02 15:58:42+00:00,True
2026-02-02 18:00:00+00:00,2026-02-03 23:00:00+00:00,2026-02-04 04:00:00,1,29,0.2525194317102432,2026-02-02 12:00:00+00:00,2026-02-02 15:58:42+00:00,True
2026-02-02 18:00:00+00:00,2026-02-04 00:00:00+00:00,2026-02-04 05:00:00,1,30,0.17638723850250243,2026-02-02 12:00:00+00:00,2026-02-02 15:58:42+00:00,True
2026-02-02 18:00:00+00:00,2026-02-04 01:00:00+00:00,2026-02-04 06:00:00,1,31,0.16946772933006288,2026-02-02 12:00:00+00:00,2026-02-02 15:58:42+00:00,True
2026-02-02 18:00:00+00:00,2026-02-04 02:00:00+00:00,2026-02-04 07:00:00,1,32,0.16310908496379853,2026-02-02 12:00:00+00:00,2026-02-02 15:58:42+00:00,True
2026-02-02 18:00:00+00:00,2026-02-04 03:00:00+00:00,2026-02-04 08:00:00,1,33,0.16004230678081513,2026-02-02 12:00:00+00:00,2026-02-02 15:58:42+00:00,True
2026-02-02 18:00:00+00:00,2026-02-04 04:00:00+00:00,2026-02-04 09:00:00,1,34,0.09992162883281708,2026-02-02 12:00:00+00:00,2026-02-02 15:58:42+00:00,True
2026-02-02 18:00:00+00:00,2026-02-04 05:00:00+00:00,2026-02-04 10:00:00,1,35,0.06535163372755051,2026-02-02 12:00:00+00:00,2026-02-02 15:58:42+00:00,True
2026-02-02 18:00:00+00:00,2026-02-04 06:00:00+00:00,2026-02-04 11:00:00,1,36,0.04514262601733208,2026-02-02 12:00:00+00:00,2026-02-02 15:58:42+00:00,True
2026-02-02 18:00:00+00:00,2026-02-04 07:00:00+00:00,2026-02-04 12:00:00,1,37,0.03468366116285324,2026-02-02 12:00:00+00:00,2026-02-02 15:58:42+00:00,True
2026-02-02 18:00:00+00:00,2026-02-04 08:00:00+00:00,2026-02-04 13:00:00,1,38,0.029311854019761087,2026-02-02 12:00:00+00:00,2026-02-02 15:58:42+00:00,True
2026-02-02 18:00:00+00:00,2026-02-04 09:00:00+00:00,2026-02-04 14:00:00,1,39,0.025027741491794587,2026-02-02 12:00:00+00:00,2026-02-02 15:58:42+00:00,True
2026-02-02 18:00:00+00:00,2026-02-04 10:00:00+00:00,2026-02-04 15:00:00,1,40,0.016705331020057203,2026-02-02 12:00:00+00:00,2026-02-02 15:58:42+00:00,True
2026-02-02 18:00:00+00:00,2026-02-04 11:00:00+00:00,2026-02-04 16:00:00,1,41,0.020971924439072608,2026-02-02 12:00:00+00:00,2026-02-02 15:58:42+00:00,True
2026-02-02 18:00:00+00:00,2026-02-04 12:00:00+00:00,2026-02-04 17:00:00,1,42,0.033442884869873526,2026-02-02 12:00:00+00:00,2026-02-02 15:58:42+00:00,True
2026-02-02 18:00:00+00:00,2026-02-04 13:00:00+00:00,2026-02-04 18:00:00,1,43,0.05135439038276672,2026-02-02 12:00:00+00:00,2026-02-02 15:58:42+00:00,True
2026-02-02 18:00:00+00:00,2026-02-04 14:00:00+00:00,2026-02-04 19:00:00,1,44,0.09432762190699577,2026-02-02 12:00:00+00:00,2026-02-02 15:58:42+00:00,True
2026-02-02 18:00:00+00:00,2026-02-04 15:00:00+00:00,2026-02-04 20:00:00,1,45,0.1929370015859604,2026-02-02 12:00:00+00:00,2026-02-02 15:58:42+00:00,True
2026-02-02 18:00:00+00:00,2026-02-04 16:00:00+00:00,2026-02-04 21:00:00,1,46,0.28614520132541654,2026-02-02 12:00:00+00:00,2026-02-02 15:58:42+00:00,True
2026-02-02 18:00:00+00:00,2026-02-04 17:00:00+00:00,2026-02-04 22:00:00,1,47,0.40215237736701964,2026-02-02 12:00:00+00:00,2026-02-02 15:58:42+00:00,True
2026-02-02 18:00:00+00:00,2026-02-04 18:00:00+00:00,2026-02-04 23:00:00,1,48,0.5535078763961792,2026-02-02 12:00:00+00:00,2026-02-02 15:58:42+00:00,True
2026-02-02 18:00:00+00:00,2026-02-02 19:00:00+00:00,2026-02-03 00:00:00,2,1,0.16433722972869874,2026-02-02 12:00:00+00:00,2026-02-02 15:58:42+00:00,True
2026-02-02 18:00:00+00:00,2026-02-02 20:00:00+00:00,2026-02-03 01:00:00,2,2,0.21908737421035768,2026-02-02 12:00:00+00:00,2026-02-02 15:58:42+00:00,True
2026-02-02 18:00:00+00:00,2026-02-02 21:00:00+00:00,2026-02-03 02:00:00,2,3,0.2890466690063477,2026-02-02 12:00:00+00:00,2026-02-02 15:58:42+00:00,True
2026-02-02 18:00:00+00:00,2026-02-02 22:00:00+00:00,2026-02-03 03:00:00,2,4,0.2818545252084732,2026-02-02 12:00:00+00:00,2026-02-02 15:58:42+00:00,True
2026-02-02 18:00:00+00:00,2026-02-02 23:00:00+00:00,2026-02-03 04:00:00,2,5,0.29458855986595156,2026-02-02 12:00:00+00:00,2026-02-02 15:58:42+00:00,True
2026-02-02 18:00:00+00:00,2026-02-03 00:00:00+00:00,2026-02-03 05:00:00,2,6,0.2949281245470047,2026-02-02 12:00:00+00:00,2026-02-02 15:58:42+00:00,True
2026-02-02 18:00:00+00:00,2026-02-03 01:00:00+00:00,2026-02-03 06:00:00,2,7,0.19400712251663207,2026-02-02 12:00:00+00:00,2026-02-02 15:58:42+00:00,True
2026-02-02 18:00:00+00:00,2026-02-03 02:00:00+00:00,2026-02-03 07:00:00,2,8,0.1311139538884163,2026-02-02 12:00:00+00:00,2026-02-02 15:58:42+00:00,True
2026-02-02 18:00:00+00:00,2026-02-03 03:00:00+00:00,2026-02-03 08:00:00,2,9,0.09303923845291137,2026-02-02 12:00:00+00:00,2026-02-02 15:58:42+00:00,True
2026-02-02 18:00:00+00:00,2026-02-03 04:00:00+00:00,2026-02-03 09:00:00,2,10,0.06465697959065438,2026-02-02 12:00:00+00:00,2026-02-02 15:58:42+00:00,True
2026-02-02 18:00:00+00:00,2026-02-03 05:00:00+00:00,2026-02-03 10:00:00,2,11,0.04947285801172256,2026-02-02 12:00:00+00:00,2026-02-02 15:58:42+00:00,True
2026-02-02 18:00:00+00:00,2026-02-03 06:00:00+00:00,2026-02-03 11:00:00,2,12,0.04370025284588337,2026-02-02 12:00:00+00:00,2026-02-02 15:58:42+00:00,True
2026-02-02 18:00:00+00:00,2026-02-03 07:00:00+00:00,2026-02-03 12:00:00,2,13,0.03340348713099957,2026-02-02 12:00:00+00:00,2026-02-02 15:58:42+00:00,True
2026-02-02 18:00:00+00:00,2026-02-03 08:00:00+00:00,2026-02-03 13:00:00,2,14,0.028658554330468176,2026-02-02 12:00:00+00:00,2026-02-02 15:58:42+00:00,True
2026-02-02 18:00:00+00:00,2026-02-03 09:00:00+00:00,2026-02-03 14:00:00,2,15,0.028527172282338142,2026-02-02 12:00:00+00:00,2026-02-02 15:58:42+00:00,True
2026-02-02 18:00:00+00:00,2026-02-03 10:00:00+00:00,2026-02-03 15:00:00,2,16,0.024345630779862404,2026-02-02 12:00:00+00:00,2026-02-02 15:58:42+00:00,True
2026-02-02 18:00:00+00:00,2026-02-03 11:00:00+00:00,2026-02-03 16:00:00,2,17,0.041011962667107583,2026-02-02 12:00:00+00:00,2026-02-02 15:58:42+00:00,True
2026-02-02 18:00:00+00:00,2026-02-03 12:00:00+00:00,2026-02-03 17:00:00,2,18,0.0907053679227829,2026-02-02 12:00:00+00:00,2026-02-02 15:58:42+00:00,True
2026-02-02 18:00:00+00:00,2026-02-03 13:00:00+00:00,2026-02-03 18:00:00,2,19,0.1907060444355011,2026-02-02 12:00:00+00:00,2026-02-02 15:58:42+00:00,True
2026-02-02 18:00:00+00:00,2026-02-03 14:00:00+00:00,2026-02-03 19:00:00,2,20,0.3306282103061676,2026-02-02 12:00:00+00:00,2026-02-02 15:58:42+00:00,True
2026-02-02 18:00:00+00:00,2026-02-03 15:00:00+00:00,2026-02-03 20:00:00,2,21,0.512848961353302,2026-02-02 12:00:00+00:00,2026-02-02 15:58:42+00:00,True
2026-02-02 18:00:00+00:00,2026-02-03 16:00:00+00:00,2026-02-03 21:00:00,2,22,0.5525420665740967,2026-02-02 12:00:00+00:00,2026-02-02 15:58:42+00:00,True
2026-02-02 18:00:00+00:00,2026-02-03 17:00:00+00:00,2026-02-03 22:00:00,2,23,0.5891778945922852,2026-02-02 12:00:00+00:00,2026-02-02 15:58:42+00:00,True
2026-02-02 18:00:00+00:00,2026-02-03 18:00:00+00:00,2026-02-03 23:00:00,2,24,0.6209518790245057,2026-02-02 12:00:00+00:00,2026-02-02 15:58:42+00:00,True
2026-02-02 18:00:00+00:00,2026-02-03 19:00:00+00:00,2026-02-04 00:00:00,2,25,0.5663073062896729,2026-02-02 12:00:00+00:00,2026-02-02 15:58:42+00:00,True
2026-02-02 18:00:00+00:00,2026-02-03 20:00:00+00:00,2026-02-04 01:00:00,2,26,0.5090079545974732,2026-02-02 12:00:00+00:00,2026-02-02 15:58:42+00:00,True
2026-02-02 18:00:00+00:00,2026-02-03 21:00:00+00:00,2026-02-04 02:00:00,2,27,0.4358570516109467,2026-02-02 12:00:00+00:00,2026-02-02 15:58:42+00:00,True
2026-02-02 18:00:00+00:00,2026-02-03 22:00:00+00:00,2026-02-04 03:00:00,2,28,0.33352566659450533,2026-02-02 12:00:00+00:00,2026-02-02 15:58:42+00:00,True
2026-02-02 18:00:00+00:00,2026-02-03 23:00:00+00:00,2026-02-04 04:00:00,2,29,0.23592642247676848,2026-02-02 12:00:00+00:00,2026-02-02 15:58:42+00:00,True
2026-02-02 18:00:00+00:00,2026-02-04 00:00:00+00:00,2026-02-04 05:00:00,2,30,0.16359713971614837,2026-02-02 12:00:00+00:00,2026-02-02 15:58:42+00:00,True
2026-02-02 18:00:00+00:00,2026-02-04 01:00:00+00:00,2026-02-04 06:00:00,2,31,0.15892224609851838,2026-02-02 12:00:00+00:00,2026-02-02 15:58:42+00:00,True
2026-02-02 18:00:00+00:00,2026-02-04 02:00:00+00:00,2026-02-04 07:00:00,2,32,0.15601545572280884,2026-02-02 12:00:00+00:00,2026-02-02 15:58:42+00:00,True
2026-02-02 18:00:00+00:00,2026-02-04 03:00:00+00:00,2026-02-04 08:00:00,2,33,0.15298890620470046,2026-02-02 12:00:00+00:00,2026-02-02 15:58:42+00:00,True
2026-02-02 18:00:00+00:00,2026-02-04 04:00:00+00:00,2026-02-04 09:00:00,2,34,0.09571889489889145,2026-02-02 12:00:00+00:00,2026-02-02 15:58:42+00:00,True
2026-02-02 18:00:00+00:00,2026-02-04 05:00:00+00:00,2026-02-04 10:00:00,2,35,0.0640714280307293,2026-02-02 12:00:00+00:00,2026-02-02 15:58:42+00:00,True
2026-02-02 18:00:00+00:00,2026-02-04 06:00:00+00:00,2026-02-04 11:00:00,2,36,0.04367122650146484,2026-02-02 12:00:00+00:00,2026-02-02 15:58:42+00:00,True
2026-02-02 18:00:00+00:00,2026-02-04 07:00:00+00:00,2026-02-04 12:00:00,2,37,0.0333161748945713,2026-02-02 12:00:00+00:00,2026-02-02 15:58:42+00:00,True
2026-02-02 18:00:00+00:00,2026-02-04 08:00:00+00:00,2026-02-04 13:00:00,2,38,0.02808721922338009,2026-02-02 12:00:00+00:00,2026-02-02 15:58:42+00:00,True
2026-02-02 18:00:00+00:00,2026-02-04 09:00:00+00:00,2026-02-04 14:00:00,2,39,0.02368536703288555,2026-02-02 12:00:00+00:00,2026-02-02 15:58:42+00:00,True
2026-02-02 18:00:00+00:00,2026-02-04 10:00:00+00:00,2026-02-04 15:00:00,2,40,0.014632317796349525,2026-02-02 12:00:00+00:00,2026-02-02 15:58:42+00:00,True
2026-02-02 18:00:00+00:00,2026-02-04 11:00:00+00:00,2026-02-04 16:00:00,2,41,0.018507158756256102,2026-02-02 12:00:00+00:00,2026-02-02 15:58:42+00:00,True
2026-02-02 18:00:00+00:00,2026-02-04 12:00:00+00:00,2026-02-04 17:00:00,2,42,0.031023553758859634,2026-02-02 12:00:00+00:00,2026-02-02 15:58:42+00:00,True
2026-02-02 18:00:00+00:00,2026-02-04 13:00:00+00:00,2026-02-04 18:00:00,2,43,0.04620531052350998,2026-02-02 12:00:00+00:00,2026-02-02 15:58:42+00:00,True
2026-02-02 18:00:00+00:00,2026-02-04 14:00:00+00:00,2026-02-04 19:00:00,2,44,0.0856306754052639,2026-02-02 12:00:00+00:00,2026-02-02 15:58:42+00:00,True
2026-02-02 18:00:00+00:00,2026-02-04 15:00:00+00:00,2026-02-04 20:00:00,2,45,0.17123538702726365,2026-02-02 12:00:00+00:00,2026-02-02 15:58:42+00:00,True
2026-02-02 18:00:00+00:00,2026-02-04 16:00:00+00:00,2026-02-04 21:00:00,2,46,0.2552480220794678,2026-02-02 12:00:00+00:00,2026-02-02 15:58:42+00:00,True
2026-02-02 18:00:00+00:00,2026-02-04 17:00:00+00:00,2026-02-04 22:00:00,2,47,0.3623112618923187,2026-02-02 12:00:00+00:00,2026-02-02 15:58:42+00:00,True
2026-02-02 18:00:00+00:00,2026-02-04 18:00:00+00:00,2026-02-04 23:00:00,2,48,0.5131067395210266,2026-02-02 12:00:00+00:00,2026-02-02 15:58:42+00:00,True
2026-02-03 18:00:00+00:00,2026-02-03 19:00:00+00:00,2026-02-04 00:00:00,1,1,0.577019864320755,2026-02-03 12:00:00+00:00,2026-02-03 16:00:46+00:00,True
2026-02-03 18:00:00+00:00,2026-02-03 20:00:00+00:00,2026-02-04 01:00:00,1,2,0.5177419066429139,2026-02-03 12:00:00+00:00,2026-02-03 16:00:46+00:00,True
2026-02-03 18:00:00+00:00,2026-02-03 21:00:00+00:00,2026-02-04 02:00:00,1,3,0.4592024266719818,2026-02-03 12:00:00+00:00,2026-02-03 16:00:46+00:00,True
2026-02-03 18:00:00+00:00,2026-02-03 22:00:00+00:00,2026-02-04 03:00:00,1,4,0.4427168548107147,2026-02-03 12:00:00+00:00,2026-02-03 16:00:46+00:00,True
2026-02-03 18:00:00+00:00,2026-02-03 23:00:00+00:00,2026-02-04 04:00:00,1,5,0.4112952172756195,2026-02-03 12:00:00+00:00,2026-02-03 16:00:46+00:00,True
2026-02-03 18:00:00+00:00,2026-02-04 00:00:00+00:00,2026-02-04 05:00:00,1,6,0.38123424649238585,2026-02-03 12:00:00+00:00,2026-02-03 16:00:46+00:00,True
2026-02-03 18:00:00+00:00,2026-02-04 01:00:00+00:00,2026-02-04 06:00:00,1,7,0.26909000277519224,2026-02-03 12:00:00+00:00,2026-02-03 16:00:46+00:00,True
2026-02-03 18:00:00+00:00,2026-02-04 02:00:00+00:00,2026-02-04 07:00:00,1,8,0.17161156982183456,2026-02-03 12:00:00+00:00,2026-02-03 16:00:46+00:00,True
2026-02-03 18:00:00+00:00,2026-02-04 03:00:00+00:00,2026-02-04 08:00:00,1,9,0.11127750873565674,2026-02-03 12:00:00+00:00,2026-02-03 16:00:46+00:00,True
2026-02-03 18:00:00+00:00,2026-02-04 04:00:00+00:00,2026-02-04 09:00:00,1,10,0.09349830597639083,2026-02-03 12:00:00+00:00,2026-02-03 16:00:46+00:00,True
2026-02-03 18:00:00+00:00,2026-02-04 05:00:00+00:00,2026-02-04 10:00:00,1,11,0.08311914056539535,2026-02-03 12:00:00+00:00,2026-02-03 16:00:46+00:00,True
2026-02-03 18:00:00+00:00,2026-02-04 06:00:00+00:00,2026-02-04 11:00:00,1,12,0.07738006711006165,2026-02-03 12:00:00+00:00,2026-02-03 16:00:46+00:00,True
2026-02-03 18:00:00+00:00,2026-02-04 07:00:00+00:00,2026-02-04 12:00:00,1,13,0.056820403784513474,2026-02-03 12:00:00+00:00,2026-02-03 16:00:46+00:00,True
2026-02-03 18:00:00+00:00,2026-02-04 08:00:00+00:00,2026-02-04 13:00:00,1,14,0.04996392279863358,2026-02-03 12:00:00+00:00,2026-02-03 16:00:46+00:00,True
2026-02-03 18:00:00+00:00,2026-02-04 09:00:00+00:00,2026-02-04 14:00:00,1,15,0.044580189138650896,2026-02-03 12:00:00+00:00,2026-02-03 16:00:46+00:00,True
2026-02-03 18:00:00+00:00,2026-02-04 10:00:00+00:00,2026-02-04 15:00:00,1,16,0.017373236082494258,2026-02-03 12:00:00+00:00,2026-02-03 16:00:46+00:00,True
2026-02-03 18:00:00+00:00,2026-02-04 11:00:00+00:00,2026-02-04 16:00:00,1,17,0.023952233977615832,2026-02-03 12:00:00+00:00,2026-02-03 16:00:46+00:00,True
2026-02-03 18:00:00+00:00,2026-02-04 12:00:00+00:00,2026-02-04 17:00:00,1,18,0.06926313415169716,2026-02-03 12:00:00+00:00,2026-02-03 16:00:46+00:00,True
2026-02-03 18:00:00+00:00,2026-02-04 13:00:00+00:00,2026-02-04 18:00:00,1,19,0.14742854982614517,2026-02-03 12:00:00+00:00,2026-02-03 16:00:46+00:00,True
2026-02-03 18:00:00+00:00,2026-02-04 14:00:00+00:00,2026-02-04 19:00:00,1,20,0.4212947964668274,2026-02-03 12:00:00+00:00,2026-02-03 16:00:46+00:00,True
2026-02-03 18:00:00+00:00,2026-02-04 15:00:00+00:00,2026-02-04 20:00:00,1,21,0.7807814717292786,2026-02-03 12:00:00+00:00,2026-02-03 16:00:46+00:00,True
2026-02-03 18:00:00+00:00,2026-02-04 16:00:00+00:00,2026-02-04 21:00:00,1,22,0.8206989645957947,2026-02-03 12:00:00+00:00,2026-02-03 16:00:46+00:00,True
2026-02-03 18:00:00+00:00,2026-02-04 17:00:00+00:00,2026-02-04 22:00:00,1,23,0.8538713693618775,2026-02-03 12:00:00+00:00,2026-02-03 16:00:46+00:00,True
2026-02-03 18:00:00+00:00,2026-02-04 18:00:00+00:00,2026-02-04 23:00:00,1,24,0.8823827624320983,2026-02-03 12:00:00+00:00,2026-02-03 16:00:46+00:00,True
2026-02-03 18:00:00+00:00,2026-02-04 19:00:00+00:00,2026-02-05 00:00:00,1,25,0.9164127707481384,2026-02-03 12:00:00+00:00,2026-02-03 16:00:46+00:00,True
2026-02-03 18:00:00+00:00,2026-02-04 20:00:00+00:00,2026-02-05 01:00:00,1,26,0.9410484671592713,2026-02-03 12:00:00+00:00,2026-02-03 16:00:46+00:00,True
2026-02-03 18:00:00+00:00,2026-02-04 21:00:00+00:00,2026-02-05 02:00:00,1,27,0.9574693322181702,2026-02-03 12:00:00+00:00,2026-02-03 16:00:46+00:00,True
2026-02-03 18:00:00+00:00,2026-02-04 22:00:00+00:00,2026-02-05 03:00:00,1,28,0.9671950817108155,2026-02-03 12:00:00+00:00,2026-02-03 16:00:46+00:00,True
2026-02-03 18:00:00+00:00,2026-02-04 23:00:00+00:00,2026-02-05 04:00:00,1,29,0.973897123336792,2026-02-03 12:00:00+00:00,2026-02-03 16:00:46+00:00,True
2026-02-03 18:00:00+00:00,2026-02-05 00:00:00+00:00,2026-02-05 05:00:00,1,30,0.9794418573379516,2026-02-03 12:00:00+00:00,2026-02-03 16:00:46+00:00,True
2026-02-03 18:00:00+00:00,2026-02-05 01:00:00+00:00,2026-02-05 06:00:00,1,31,0.9809545159339905,2026-02-03 12:00:00+00:00,2026-02-03 16:00:46+00:00,True
2026-02-03 18:00:00+00:00,2026-02-05 02:00:00+00:00,2026-02-05 07:00:00,1,32,0.9828951954841614,2026-02-03 12:00:00+00:00,2026-02-03 16:00:46+00:00,True
2026-02-03 18:00:00+00:00,2026-02-05 03:00:00+00:00,2026-02-05 08:00:00,1,33,0.9852200865745544,2026-02-03 12:00:00+00:00,2026-02-03 16:00:46+00:00,True
2026-02-03 18:00:00+00:00,2026-02-05 04:00:00+00:00,2026-02-05 09:00:00,1,34,0.9871930718421936,2026-02-03 12:00:00+00:00,2026-02-03 16:00:46+00:00,True
2026-02-03 18:00:00+00:00,2026-02-05 05:00:00+00:00,2026-02-05 10:00:00,1,35,0.9895592927932739,2026-02-03 12:00:00+00:00,2026-02-03 16:00:46+00:00,True
2026-02-03 18:00:00+00:00,2026-02-05 06:00:00+00:00,2026-02-05 11:00:00,1,36,0.99228595495224,2026-02-03 12:00:00+00:00,2026-02-03 16:00:46+00:00,True
2026-02-03 18:00:00+00:00,2026-02-05 07:00:00+00:00,2026-02-05 12:00:00,1,37,0.9924402713775635,2026-02-03 12:00:00+00:00,2026-02-03 16:00:46+00:00,True
2026-02-03 18:00:00+00:00,2026-02-05 08:00:00+00:00,2026-02-05 13:00:00,1,38,0.992737066745758,2026-02-03 12:00:00+00:00,2026-02-03 16:00:46+00:00,True
2026-02-03 18:00:00+00:00,2026-02-05 09:00:00+00:00,2026-02-05 14:00:00,1,39,0.9930182218551635,2026-02-03 12:00:00+00:00,2026-02-03 16:00:46+00:00,True
2026-02-03 18:00:00+00:00,2026-02-05 10:00:00+00:00,2026-02-05 15:00:00,1,40,0.9876833200454712,2026-02-03 12:00:00+00:00,2026-02-03 16:00:46+00:00,True
2026-02-03 18:00:00+00:00,2026-02-05 11:00:00+00:00,2026-02-05 16:00:00,1,41,0.9784015059471131,2026-02-03 12:00:00+00:00,2026-02-03 16:00:46+00:00,True
2026-02-03 18:00:00+00:00,2026-02-05 12:00:00+00:00,2026-02-05 17:00:00,1,42,0.9614249348640442,2026-02-03 12:00:00+00:00,2026-02-03 16:00:46+00:00,True
2026-02-03 18:00:00+00:00,2026-02-05 13:00:00+00:00,2026-02-05 18:00:00,1,43,0.9506538867950439,2026-02-03 12:00:00+00:00,2026-02-03 16:00:46+00:00,True
2026-02-03 18:00:00+00:00,2026-02-05 14:00:00+00:00,2026-02-05 19:00:00,1,44,0.9313407659530639,2026-02-03 12:00:00+00:00,2026-02-03 16:00:46+00:00,True
2026-02-03 18:00:00+00:00,2026-02-05 15:00:00+00:00,2026-02-05 20:00:00,1,45,0.8991711139678955,2026-02-03 12:00:00+00:00,2026-02-03 16:00:46+00:00,True
2026-02-03 18:00:00+00:00,2026-02-05 16:00:00+00:00,2026-02-05 21:00:00,1,46,0.770540976524353,2026-02-03 12:00:00+00:00,2026-02-03 16:00:46+00:00,True
2026-02-03 18:00:00+00:00,2026-02-05 17:00:00+00:00,2026-02-05 22:00:00,1,47,0.6312747538089752,2026-02-03 12:00:00+00:00,2026-02-03 16:00:46+00:00,True
2026-02-03 18:00:00+00:00,2026-02-05 18:00:00+00:00,2026-02-05 23:00:00,1,48,0.5249302446842193,2026-02-03 12:00:00+00:00,2026-02-03 16:00:46+00:00,True
2026-02-03 18:00:00+00:00,2026-02-03 19:00:00+00:00,2026-02-04 00:00:00,2,1,0.5750397324562073,2026-02-03 12:00:00+00:00,2026-02-03 16:00:46+00:00,True
2026-02-03 18:00:00+00:00,2026-02-03 20:00:00+00:00,2026-02-04 01:00:00,2,2,0.5164549469947814,2026-02-03 12:00:00+00:00,2026-02-03 16:00:46+00:00,True
2026-02-03 18:00:00+00:00,2026-02-03 21:00:00+00:00,2026-02-04 02:00:00,2,3,0.45755119919776915,2026-02-03 12:00:00+00:00,2026-02-03 16:00:46+00:00,True
2026-02-03 18:00:00+00:00,2026-02-03 22:00:00+00:00,2026-02-04 03:00:00,2,4,0.4429679811000824,2026-02-03 12:00:00+00:00,2026-02-03 16:00:46+00:00,True
2026-02-03 18:00:00+00:00,2026-02-03 23:00:00+00:00,2026-02-04 04:00:00,2,5,0.4140022397041321,2026-02-03 12:00:00+00:00,2026-02-03 16:00:46+00:00,True
2026-02-03 18:00:00+00:00,2026-02-04 00:00:00+00:00,2026-02-04 05:00:00,2,6,0.3859518766403198,2026-02-03 12:00:00+00:00,2026-02-03 16:00:46+00:00,True
2026-02-03 18:00:00+00:00,2026-02-04 01:00:00+00:00,2026-02-04 06:00:00,2,7,0.26944332718849184,2026-02-03 12:00:00+00:00,2026-02-03 16:00:46+00:00,True
2026-02-03 18:00:00+00:00,2026-02-04 02:00:00+00:00,2026-02-04 07:00:00,2,8,0.17021007239818572,2026-02-03 12:00:00+00:00,2026-02-03 16:00:46+00:00,True
2026-02-03 18:00:00+00:00,2026-02-04 03:00:00+00:00,2026-02-04 08:00:00,2,9,0.10862170681357383,2026-02-03 12:00:00+00:00,2026-02-03 16:00:46+00:00,True
2026-02-03 18:00:00+00:00,2026-02-04 04:00:00+00:00,2026-02-04 09:00:00,2,10,0.09080729857087136,2026-02-03 12:00:00+00:00,2026-02-03 16:00:46+00:00,True
2026-02-03 18:00:00+00:00,2026-02-04 05:00:00+00:00,2026-02-04 10:00:00,2,11,0.08191463574767113,2026-02-03 12:00:00+00:00,2026-02-03 16:00:46+00:00,True
2026-02-03 18:00:00+00:00,2026-02-04 06:00:00+00:00,2026-02-04 11:00:00,2,12,0.0765863187611103,2026-02-03 12:00:00+00:00,2026-02-03 16:00:46+00:00,True
2026-02-03 18:00:00+00:00,2026-02-04 07:00:00+00:00,2026-02-04 12:00:00,2,13,0.0557391382753849,2026-02-03 12:00:00+00:00,2026-02-03 16:00:46+00:00,True
2026-02-03 18:00:00+00:00,2026-02-04 08:00:00+00:00,2026-02-04 13:00:00,2,14,0.04818813055753708,2026-02-03 12:00:00+00:00,2026-02-03 16:00:46+00:00,True
2026-02-03 18:00:00+00:00,2026-02-04 09:00:00+00:00,2026-02-04 14:00:00,2,15,0.04275574423372745,2026-02-03 12:00:00+00:00,2026-02-03 16:00:46+00:00,True
2026-02-03 18:00:00+00:00,2026-02-04 10:00:00+00:00,2026-02-04 15:00:00,2,16,0.01653061881661415,2026-02-03 12:00:00+00:00,2026-02-03 16:00:46+00:00,True
2026-02-03 18:00:00+00:00,2026-02-04 11:00:00+00:00,2026-02-04 16:00:00,2,17,0.02291023712605238,2026-02-03 12:00:00+00:00,2026-02-03 16:00:46+00:00,True
2026-02-03 18:00:00+00:00,2026-02-04 12:00:00+00:00,2026-02-04 17:00:00,2,18,0.06740261986851692,2026-02-03 12:00:00+00:00,2026-02-03 16:00:46+00:00,True
2026-02-03 18:00:00+00:00,2026-02-04 13:00:00+00:00,2026-02-04 18:00:00,2,19,0.1406671553850174,2026-02-03 12:00:00+00:00,2026-02-03 16:00:46+00:00,True
2026-02-03 18:00:00+00:00,2026-02-04 14:00:00+00:00,2026-02-04 19:00:00,2,20,0.41434143483638763,2026-02-03 12:00:00+00:00,2026-02-03 16:00:46+00:00,True
2026-02-03 18:00:00+00:00,2026-02-04 15:00:00+00:00,2026-02-04 20:00:00,2,21,0.7714150905609131,2026-02-03 12:00:00+00:00,2026-02-03 16:00:46+00:00,True
2026-02-03 18:00:00+00:00,2026-02-04 16:00:00+00:00,2026-02-04 21:00:00,2,22,0.8052635431289673,2026-02-03 12:00:00+00:00,2026-02-03 16:00:46+00:00,True
2026-02-03 18:00:00+00:00,2026-02-04 17:00:00+00:00,2026-02-04 22:00:00,2,23,0.8331363797187805,2026-02-03 12:00:00+00:00,2026-02-03 16:00:46+00:00,True
2026-02-03 18:00:00+00:00,2026-02-04 18:00:00+00:00,2026-02-04 23:00:00,2,24,0.8596311211585999,2026-02-03 12:00:00+00:00,2026-02-03 16:00:46+00:00,True
2026-02-03 18:00:00+00:00,2026-02-04 19:00:00+00:00,2026-02-05 00:00:00,2,25,0.8994429707527161,2026-02-03 12:00:00+00:00,2026-02-03 16:00:46+00:00,True
2026-02-03 18:00:00+00:00,2026-02-04 20:00:00+00:00,2026-02-05 01:00:00,2,26,0.9285226106643677,2026-02-03 12:00:00+00:00,2026-02-03 16:00:46+00:00,True
2026-02-03 18:00:00+00:00,2026-02-04 21:00:00+00:00,2026-02-05 02:00:00,2,27,0.9488893985748291,2026-02-03 12:00:00+00:00,2026-02-03 16:00:46+00:00,True
2026-02-03 18:00:00+00:00,2026-02-04 22:00:00+00:00,2026-02-05 03:00:00,2,28,0.9609857678413392,2026-02-03 12:00:00+00:00,2026-02-03 16:00:46+00:00,True
2026-02-03 18:00:00+00:00,2026-02-04 23:00:00+00:00,2026-02-05 04:00:00,2,29,0.9696833372116089,2026-02-03 12:00:00+00:00,2026-02-03 16:00:46+00:00,True
2026-02-03 18:00:00+00:00,2026-02-05 00:00:00+00:00,2026-02-05 05:00:00,2,30,0.9766367316246033,2026-02-03 12:00:00+00:00,2026-02-03 16:00:46+00:00,True
2026-02-03 18:00:00+00:00,2026-02-05 01:00:00+00:00,2026-02-05 06:00:00,2,31,0.9783583879470825,2026-02-03 12:00:00+00:00,2026-02-03 16:00:46+00:00,True
2026-02-03 18:00:00+00:00,2026-02-05 02:00:00+00:00,2026-02-05 07:00:00,2,32,0.980713176727295,2026-02-03 12:00:00+00:00,2026-02-03 16:00:46+00:00,True
2026-02-03 18:00:00+00:00,2026-02-05 03:00:00+00:00,2026-02-05 08:00:00,2,33,0.9835873484611511,2026-02-03 12:00:00+00:00,2026-02-03 16:00:46+00:00,True
2026-02-03 18:00:00+00:00,2026-02-05 04:00:00+00:00,2026-02-05 09:00:00,2,34,0.9855979084968567,2026-02-03 12:00:00+00:00,2026-02-03 16:00:46+00:00,True
2026-02-03 18:00:00+00:00,2026-02-05 05:00:00+00:00,2026-02-05 10:00:00,2,35,0.9883456349372863,2026-02-03 12:00:00+00:00,2026-02-03 16:00:46+00:00,True
2026-02-03 18:00:00+00:00,2026-02-05 06:00:00+00:00,2026-02-05 11:00:00,2,36,0.9913573503494263,2026-02-03 12:00:00+00:00,2026-02-03 16:00:46+00:00,True
2026-02-03 18:00:00+00:00,2026-02-05 07:00:00+00:00,2026-02-05 12:00:00,2,37,0.9915801048278808,2026-02-03 12:00:00+00:00,2026-02-03 16:00:46+00:00,True
2026-02-03 18:00:00+00:00,2026-02-05 08:00:00+00:00,2026-02-05 13:00:00,2,38,0.9919286847114563,2026-02-03 12:00:00+00:00,2026-02-03 16:00:46+00:00,True
2026-02-03 18:00:00+00:00,2026-02-05 09:00:00+00:00,2026-02-05 14:00:00,2,39,0.9921971917152405,2026-02-03 12:00:00+00:00,2026-02-03 16:00:46+00:00,True
2026-02-03 18:00:00+00:00,2026-02-05 10:00:00+00:00,2026-02-05 15:00:00,2,40,0.986421012878418,2026-02-03 12:00:00+00:00,2026-02-03 16:00:46+00:00,True
2026-02-03 18:00:00+00:00,2026-02-05 11:00:00+00:00,2026-02-05 16:00:00,2,41,0.9762424945831298,2026-02-03 12:00:00+00:00,2026-02-03 16:00:46+00:00,True
2026-02-03 18:00:00+00:00,2026-02-05 12:00:00+00:00,2026-02-05 17:00:00,2,42,0.9581238031387329,2026-02-03 12:00:00+00:00,2026-02-03 16:00:46+00:00,True
2026-02-03 18:00:00+00:00,2026-02-05 13:00:00+00:00,2026-02-05 18:00:00,2,43,0.9462903022766114,2026-02-03 12:00:00+00:00,2026-02-03 16:00:46+00:00,True
2026-02-03 18:00:00+00:00,2026-02-05 14:00:00+00:00,2026-02-05 19:00:00,2,44,0.9258941769599914,2026-02-03 12:00:00+00:00,2026-02-03 16:00:46+00:00,True
2026-02-03 18:00:00+00:00,2026-02-05 15:00:00+00:00,2026-02-05 20:00:00,2,45,0.8911178112030029,2026-02-03 12:00:00+00:00,2026-02-03 16:00:46+00:00,True
2026-02-03 18:00:00+00:00,2026-02-05 16:00:00+00:00,2026-02-05 21:00:00,2,46,0.7509591817855835,2026-02-03 12:00:00+00:00,2026-02-03 16:00:46+00:00,True
2026-02-03 18:00:00+00:00,2026-02-05 17:00:00+00:00,2026-02-05 22:00:00,2,47,0.6092174410820007,2026-02-03 12:00:00+00:00,2026-02-03 16:00:46+00:00,True
2026-02-03 18:00:00+00:00,2026-02-05 18:00:00+00:00,2026-02-05 23:00:00,2,48,0.49615166783332826,2026-02-03 12:00:00+00:00,2026-02-03 16:00:46+00:00,True
2026-02-04 18:00:00+00:00,2026-02-04 19:00:00+00:00,2026-02-05 00:00:00,1,1,0.9566803097724914,2026-02-04 12:00:00+00:00,2026-02-04 16:00:37+00:00,True
2026-02-04 18:00:00+00:00,2026-02-04 20:00:00+00:00,2026-02-05 01:00:00,1,2,0.9670587420463562,2026-02-04 12:00:00+00:00,2026-02-04 16:00:37+00:00,True
2026-02-04 18:00:00+00:00,2026-02-04 21:00:00+00:00,2026-02-05 02:00:00,1,3,0.9742670059204102,2026-02-04 12:00:00+00:00,2026-02-04 16:00:37+00:00,True
2026-02-04 18:00:00+00:00,2026-02-04 22:00:00+00:00,2026-02-05 03:00:00,1,4,0.9758038401603699,2026-02-04 12:00:00+00:00,2026-02-04 16:00:37+00:00,True
2026-02-04 18:00:00+00:00,2026-02-04 23:00:00+00:00,2026-02-05 04:00:00,1,5,0.9792798638343811,2026-02-04 12:00:00+00:00,2026-02-04 16:00:37+00:00,True
2026-02-04 18:00:00+00:00,2026-02-05 00:00:00+00:00,2026-02-05 05:00:00,1,6,0.9822377562522888,2026-02-04 12:00:00+00:00,2026-02-04 16:00:37+00:00,True
2026-02-04 18:00:00+00:00,2026-02-05 01:00:00+00:00,2026-02-05 06:00:00,1,7,0.9815277814865112,2026-02-04 12:00:00+00:00,2026-02-04 16:00:37+00:00,True
2026-02-04 18:00:00+00:00,2026-02-05 02:00:00+00:00,2026-02-05 07:00:00,1,8,0.9816941857337952,2026-02-04 12:00:00+00:00,2026-02-04 16:00:37+00:00,True
2026-02-04 18:00:00+00:00,2026-02-05 03:00:00+00:00,2026-02-05 08:00:00,1,9,0.9826719999313355,2026-02-04 12:00:00+00:00,2026-02-04 16:00:37+00:00,True
2026-02-04 18:00:00+00:00,2026-02-05 04:00:00+00:00,2026-02-05 09:00:00,1,10,0.9798426747322082,2026-02-04 12:00:00+00:00,2026-02-04 16:00:37+00:00,True
2026-02-04 18:00:00+00:00,2026-02-05 05:00:00+00:00,2026-02-05 10:00:00,1,11,0.9790150403976441,2026-02-04 12:00:00+00:00,2026-02-04 16:00:37+00:00,True
2026-02-04 18:00:00+00:00,2026-02-05 06:00:00+00:00,2026-02-05 11:00:00,1,12,0.980210542678833,2026-02-04 12:00:00+00:00,2026-02-04 16:00:37+00:00,True
2026-02-04 18:00:00+00:00,2026-02-05 07:00:00+00:00,2026-02-05 12:00:00,1,13,0.9797884821891785,2026-02-04 12:00:00+00:00,2026-02-04 16:00:37+00:00,True
2026-02-04 18:00:00+00:00,2026-02-05 08:00:00+00:00,2026-02-05 13:00:00,1,14,0.9801119804382324,2026-02-04 12:00:00+00:00,2026-02-04 16:00:37+00:00,True
2026-02-04 18:00:00+00:00,2026-02-05 09:00:00+00:00,2026-02-05 14:00:00,1,15,0.9805416464805603,2026-02-04 12:00:00+00:00,2026-02-04 16:00:37+00:00,True
2026-02-04 18:00:00+00:00,2026-02-05 10:00:00+00:00,2026-02-05 15:00:00,1,16,0.9681997776031495,2026-02-04 12:00:00+00:00,2026-02-04 16:00:37+00:00,True
2026-02-04 18:00:00+00:00,2026-02-05 11:00:00+00:00,2026-02-05 16:00:00,1,17,0.9471596360206604,2026-02-04 12:00:00+00:00,2026-02-04 16:00:37+00:00,True
2026-02-04 18:00:00+00:00,2026-02-05 12:00:00+00:00,2026-02-05 17:00:00,1,18,0.905567216873169,2026-02-04 12:00:00+00:00,2026-02-04 16:00:37+00:00,True
2026-02-04 18:00:00+00:00,2026-02-05 13:00:00+00:00,2026-02-05 18:00:00,1,19,0.8648943543434143,2026-02-04 12:00:00+00:00,2026-02-04 16:00:37+00:00,True
2026-02-04 18:00:00+00:00,2026-02-05 14:00:00+00:00,2026-02-05 19:00:00,1,20,0.7847218990325928,2026-02-04 12:00:00+00:00,2026-02-04 16:00:37+00:00,True
2026-02-04 18:00:00+00:00,2026-02-05 15:00:00+00:00,2026-02-05 20:00:00,1,21,0.6580395579338074,2026-02-04 12:00:00+00:00,2026-02-04 16:00:37+00:00,True
2026-02-04 18:00:00+00:00,2026-02-05 16:00:00+00:00,2026-02-05 21:00:00,1,22,0.6005094289779663,2026-02-04 12:00:00+00:00,2026-02-04 16:00:37+00:00,True
2026-02-04 18:00:00+00:00,2026-02-05 17:00:00+00:00,2026-02-05 22:00:00,1,23,0.5678968250751495,2026-02-04 12:00:00+00:00,2026-02-04 16:00:37+00:00,True
2026-02-04 18:00:00+00:00,2026-02-05 18:00:00+00:00,2026-02-05 23:00:00,1,24,0.541464501619339,2026-02-04 12:00:00+00:00,2026-02-04 16:00:37+00:00,True
2026-02-04 18:00:00+00:00,2026-02-05 19:00:00+00:00,2026-02-06 00:00:00,1,25,0.5107618391513824,2026-02-04 12:00:00+00:00,2026-02-04 16:00:37+00:00,True
2026-02-04 18:00:00+00:00,2026-02-05 20:00:00+00:00,2026-02-06 01:00:00,1,26,0.4727446436882019,2026-02-04 12:00:00+00:00,2026-02-04 16:00:37+00:00,True
2026-02-04 18:00:00+00:00,2026-02-05 21:00:00+00:00,2026-02-06 02:00:00,1,27,0.4264571189880371,2026-02-04 12:00:00+00:00,2026-02-04 16:00:37+00:00,True
2026-02-04 18:00:00+00:00,2026-02-05 22:00:00+00:00,2026-02-06 03:00:00,1,28,0.34441339075565336,2026-02-04 12:00:00+00:00,2026-02-04 16:00:37+00:00,True
2026-02-04 18:00:00+00:00,2026-02-05 23:00:00+00:00,2026-02-06 04:00:00,1,29,0.2546251118183136,2026-02-04 12:00:00+00:00,2026-02-04 16:00:37+00:00,True
2026-02-04 18:00:00+00:00,2026-02-06 00:00:00+00:00,2026-02-06 05:00:00,1,30,0.18273876756429672,2026-02-04 12:00:00+00:00,2026-02-04 16:00:37+00:00,True
2026-02-04 18:00:00+00:00,2026-02-06 01:00:00+00:00,2026-02-06 06:00:00,1,31,0.09251197278499604,2026-02-04 12:00:00+00:00,2026-02-04 16:00:37+00:00,True
2026-02-04 18:00:00+00:00,2026-02-06 02:00:00+00:00,2026-02-06 07:00:00,1,32,0.05641441009938717,2026-02-04 12:00:00+00:00,2026-02-04 16:00:37+00:00,True
2026-02-04 18:00:00+00:00,2026-02-06 03:00:00+00:00,2026-02-06 08:00:00,1,33,0.040743360109627244,2026-02-04 12:00:00+00:00,2026-02-04 16:00:37+00:00,True
2026-02-04 18:00:00+00:00,2026-02-06 04:00:00+00:00,2026-02-06 09:00:00,1,34,0.030864811129868032,2026-02-04 12:00:00+00:00,2026-02-04 16:00:37+00:00,True
2026-02-04 18:00:00+00:00,2026-02-06 05:00:00+00:00,2026-02-06 10:00:00,1,35,0.047148605436086656,2026-02-04 12:00:00+00:00,2026-02-04 16:00:37+00:00,True
2026-02-04 18:00:00+00:00,2026-02-06 06:00:00+00:00,2026-02-06 11:00:00,1,36,0.07594887726008892,2026-02-04 12:00:00+00:00,2026-02-04 16:00:37+00:00,True
2026-02-04 18:00:00+00:00,2026-02-06 07:00:00+00:00,2026-02-06 12:00:00,1,37,0.20788439065217973,2026-02-04 12:00:00+00:00,2026-02-04 16:00:37+00:00,True
2026-02-04 18:00:00+00:00,2026-02-06 08:00:00+00:00,2026-02-06 13:00:00,1,38,0.39510862827301024,2026-02-04 12:00:00+00:00,2026-02-04 16:00:37+00:00,True
2026-02-04 18:00:00+00:00,2026-02-06 09:00:00+00:00,2026-02-06 14:00:00,1,39,0.6190414607524872,2026-02-04 12:00:00+00:00,2026-02-04 16:00:37+00:00,True
2026-02-04 18:00:00+00:00,2026-02-06 10:00:00+00:00,2026-02-06 15:00:00,1,40,0.8494702935218811,2026-02-04 12:00:00+00:00,2026-02-04 16:00:37+00:00,True
2026-02-04 18:00:00+00:00,2026-02-06 11:00:00+00:00,2026-02-06 16:00:00,1,41,0.9512344479560852,2026-02-04 12:00:00+00:00,2026-02-04 16:00:37+00:00,True
2026-02-04 18:00:00+00:00,2026-02-06 12:00:00+00:00,2026-02-06 17:00:00,1,42,0.9786665201187134,2026-02-04 12:00:00+00:00,2026-02-04 16:00:37+00:00,True
2026-02-04 18:00:00+00:00,2026-02-06 13:00:00+00:00,2026-02-06 18:00:00,1,43,0.9723459839820862,2026-02-04 12:00:00+00:00,2026-02-04 16:00:37+00:00,True
2026-02-04 18:00:00+00:00,2026-02-06 14:00:00+00:00,2026-02-06 19:00:00,1,44,0.963879406452179,2026-02-04 12:00:00+00:00,2026-02-04 16:00:37+00:00,True
2026-02-04 18:00:00+00:00,2026-02-06 15:00:00+00:00,2026-02-06 20:00:00,1,45,0.9526332259178162,2026-02-04 12:00:00+00:00,2026-02-04 16:00:37+00:00,True
2026-02-04 18:00:00+00:00,2026-02-06 16:00:00+00:00,2026-02-06 21:00:00,1,46,0.9522419929504394,2026-02-04 12:00:00+00:00,2026-02-04 16:00:37+00:00,True
2026-02-04 18:00:00+00:00,2026-02-06 17:00:00+00:00,2026-02-06 22:00:00,1,47,0.9519566774368287,2026-02-04 12:00:00+00:00,2026-02-04 16:00:37+00:00,True
2026-02-04 18:00:00+00:00,2026-02-06 18:00:00+00:00,2026-02-06 23:00:00,1,48,0.9517939567565918,2026-02-04 12:00:00+00:00,2026-02-04 16:00:37+00:00,True
2026-02-04 18:00:00+00:00,2026-02-04 19:00:00+00:00,2026-02-05 00:00:00,2,1,0.9500286340713501,2026-02-04 12:00:00+00:00,2026-02-04 16:00:37+00:00,True
2026-02-04 18:00:00+00:00,2026-02-04 20:00:00+00:00,2026-02-05 01:00:00,2,2,0.9617627143859864,2026-02-04 12:00:00+00:00,2026-02-04 16:00:37+00:00,True
2026-02-04 18:00:00+00:00,2026-02-04 21:00:00+00:00,2026-02-05 02:00:00,2,3,0.9704960703849792,2026-02-04 12:00:00+00:00,2026-02-04 16:00:37+00:00,True
2026-02-04 18:00:00+00:00,2026-02-04 22:00:00+00:00,2026-02-05 03:00:00,2,4,0.9727390527725219,2026-02-04 12:00:00+00:00,2026-02-04 16:00:37+00:00,True
2026-02-04 18:00:00+00:00,2026-02-04 23:00:00+00:00,2026-02-05 04:00:00,2,5,0.9768801212310791,2026-02-04 12:00:00+00:00,2026-02-04 16:00:37+00:00,True
2026-02-04 18:00:00+00:00,2026-02-05 00:00:00+00:00,2026-02-05 05:00:00,2,6,0.9804065227508545,2026-02-04 12:00:00+00:00,2026-02-04 16:00:37+00:00,True
2026-02-04 18:00:00+00:00,2026-02-05 01:00:00+00:00,2026-02-05 06:00:00,2,7,0.9795897483825684,2026-02-04 12:00:00+00:00,2026-02-04 16:00:37+00:00,True
2026-02-04 18:00:00+00:00,2026-02-05 02:00:00+00:00,2026-02-05 07:00:00,2,8,0.9795901894569397,2026-02-04 12:00:00+00:00,2026-02-04 16:00:37+00:00,True
2026-02-04 18:00:00+00:00,2026-02-05 03:00:00+00:00,2026-02-05 08:00:00,2,9,0.9806643128395081,2026-02-04 12:00:00+00:00,2026-02-04 16:00:37+00:00,True
2026-02-04 18:00:00+00:00,2026-02-05 04:00:00+00:00,2026-02-05 09:00:00,2,10,0.977498197555542,2026-02-04 12:00:00+00:00,2026-02-04 16:00:37+00:00,True
2026-02-04 18:00:00+00:00,2026-02-05 05:00:00+00:00,2026-02-05 10:00:00,2,11,0.9767664670944214,2026-02-04 12:00:00+00:00,2026-02-04 16:00:37+00:00,True
2026-02-04 18:00:00+00:00,2026-02-05 06:00:00+00:00,2026-02-05 11:00:00,2,12,0.9784091591835022,2026-02-04 12:00:00+00:00,2026-02-04 16:00:37+00:00,True
2026-02-04 18:00:00+00:00,2026-02-05 07:00:00+00:00,2026-02-05 12:00:00,2,13,0.9783372044563293,2026-02-04 12:00:00+00:00,2026-02-04 16:00:37+00:00,True
2026-02-04 18:00:00+00:00,2026-02-05 08:00:00+00:00,2026-02-05 13:00:00,2,14,0.9786449074745178,2026-02-04 12:00:00+00:00,2026-02-04 16:00:37+00:00,True
2026-02-04 18:00:00+00:00,2026-02-05 09:00:00+00:00,2026-02-05 14:00:00,2,15,0.9790285944938659,2026-02-04 12:00:00+00:00,2026-02-04 16:00:37+00:00,True
2026-02-04 18:00:00+00:00,2026-02-05 10:00:00+00:00,2026-02-05 15:00:00,2,16,0.9660359501838685,2026-02-04 12:00:00+00:00,2026-02-04 16:00:37+00:00,True
2026-02-04 18:00:00+00:00,2026-02-05 11:00:00+00:00,2026-02-05 16:00:00,2,17,0.9438246965408326,2026-02-04 12:00:00+00:00,2026-02-04 16:00:37+00:00,True
2026-02-04 18:00:00+00:00,2026-02-05 12:00:00+00:00,2026-02-05 17:00:00,2,18,0.90153489112854,2026-02-04 12:00:00+00:00,2026-02-04 16:00:37+00:00,True
2026-02-04 18:00:00+00:00,2026-02-05 13:00:00+00:00,2026-02-05 18:00:00,2,19,0.8627272725105286,2026-02-04 12:00:00+00:00,2026-02-04 16:00:37+00:00,True
2026-02-04 18:00:00+00:00,2026-02-05 14:00:00+00:00,2026-02-05 19:00:00,2,20,0.7813610792160034,2026-02-04 12:00:00+00:00,2026-02-04 16:00:37+00:00,True
2026-02-04 18:00:00+00:00,2026-02-05 15:00:00+00:00,2026-02-05 20:00:00,2,21,0.641161048412323,2026-02-04 12:00:00+00:00,2026-02-04 16:00:37+00:00,True
2026-02-04 18:00:00+00:00,2026-02-05 16:00:00+00:00,2026-02-05 21:00:00,2,22,0.57724449634552,2026-02-04 12:00:00+00:00,2026-02-04 16:00:37+00:00,True
2026-02-04 18:00:00+00:00,2026-02-05 17:00:00+00:00,2026-02-05 22:00:00,2,23,0.5366982400417328,2026-02-04 12:00:00+00:00,2026-02-04 16:00:37+00:00,True
2026-02-04 18:00:00+00:00,2026-02-05 18:00:00+00:00,2026-02-05 23:00:00,2,24,0.4973272442817688,2026-02-04 12:00:00+00:00,2026-02-04 16:00:37+00:00,True
2026-02-04 18:00:00+00:00,2026-02-05 19:00:00+00:00,2026-02-06 00:00:00,2,25,0.45657790899276735,2026-02-04 12:00:00+00:00,2026-02-04 16:00:37+00:00,True
2026-02-04 18:00:00+00:00,2026-02-05 20:00:00+00:00,2026-02-06 01:00:00,2,26,0.4190054416656494,2026-02-04 12:00:00+00:00,2026-02-04 16:00:37+00:00,True
2026-02-04 18:00:00+00:00,2026-02-05 21:00:00+00:00,2026-02-06 02:00:00,2,27,0.3768724620342255,2026-02-04 12:00:00+00:00,2026-02-04 16:00:37+00:00,True
2026-02-04 18:00:00+00:00,2026-02-05 22:00:00+00:00,2026-02-06 03:00:00,2,28,0.2977417200803757,2026-02-04 12:00:00+00:00,2026-02-04 16:00:37+00:00,True
2026-02-04 18:00:00+00:00,2026-02-05 23:00:00+00:00,2026-02-06 04:00:00,2,29,0.21575033962726592,2026-02-04 12:00:00+00:00,2026-02-04 16:00:37+00:00,True
2026-02-04 18:00:00+00:00,2026-02-06 00:00:00+00:00,2026-02-06 05:00:00,2,30,0.156496861577034,2026-02-04 12:00:00+00:00,2026-02-04 16:00:37+00:00,True
2026-02-04 18:00:00+00:00,2026-02-06 01:00:00+00:00,2026-02-06 06:00:00,2,31,0.08141222521662712,2026-02-04 12:00:00+00:00,2026-02-04 16:00:37+00:00,True
2026-02-04 18:00:00+00:00,2026-02-06 02:00:00+00:00,2026-02-06 07:00:00,2,32,0.05145575292408466,2026-02-04 12:00:00+00:00,2026-02-04 16:00:37+00:00,True
2026-02-04 18:00:00+00:00,2026-02-06 03:00:00+00:00,2026-02-06 08:00:00,2,33,0.037130330316722394,2026-02-04 12:00:00+00:00,2026-02-04 16:00:37+00:00,True
2026-02-04 18:00:00+00:00,2026-02-06 04:00:00+00:00,2026-02-06 09:00:00,2,34,0.028401741199195384,2026-02-04 12:00:00+00:00,2026-02-04 16:00:37+00:00,True
2026-02-04 18:00:00+00:00,2026-02-06 05:00:00+00:00,2026-02-06 10:00:00,2,35,0.04566902332007885,2026-02-04 12:00:00+00:00,2026-02-04 16:00:37+00:00,True
2026-02-04 18:00:00+00:00,2026-02-06 06:00:00+00:00,2026-02-06 11:00:00,2,36,0.0769380796700716,2026-02-04 12:00:00+00:00,2026-02-04 16:00:37+00:00,True
2026-02-04 18:00:00+00:00,2026-02-06 07:00:00+00:00,2026-02-06 12:00:00,2,37,0.2123172789812088,2026-02-04 12:00:00+00:00,2026-02-04 16:00:37+00:00,True
2026-02-04 18:00:00+00:00,2026-02-06 08:00:00+00:00,2026-02-06 13:00:00,2,38,0.4004237025976181,2026-02-04 12:00:00+00:00,2026-02-04 16:00:37+00:00,True
2026-02-04 18:00:00+00:00,2026-02-06 09:00:00+00:00,2026-02-06 14:00:00,2,39,0.6083500266075135,2026-02-04 12:00:00+00:00,2026-02-04 16:00:37+00:00,True
2026-02-04 18:00:00+00:00,2026-02-06 10:00:00+00:00,2026-02-06 15:00:00,2,40,0.8323019027709961,2026-02-04 12:00:00+00:00,2026-02-04 16:00:37+00:00,True
2026-02-04 18:00:00+00:00,2026-02-06 11:00:00+00:00,2026-02-06 16:00:00,2,41,0.9441002368927002,2026-02-04 12:00:00+00:00,2026-02-04 16:00:37+00:00,True
2026-02-04 18:00:00+00:00,2026-02-06 12:00:00+00:00,2026-02-06 17:00:00,2,42,0.9755957722663879,2026-02-04 12:00:00+00:00,2026-02-04 16:00:37+00:00,True
2026-02-04 18:00:00+00:00,2026-02-06 13:00:00+00:00,2026-02-06 18:00:00,2,43,0.9678428292274475,2026-02-04 12:00:00+00:00,2026-02-04 16:00:37+00:00,True
2026-02-04 18:00:00+00:00,2026-02-06 14:00:00+00:00,2026-02-06 19:00:00,2,44,0.9583602905273437,2026-02-04 12:00:00+00:00,2026-02-04 16:00:37+00:00,True
2026-02-04 18:00:00+00:00,2026-02-06 15:00:00+00:00,2026-02-06 20:00:00,2,45,0.9468467473983765,2026-02-04 12:00:00+00:00,2026-02-04 16:00:37+00:00,True
2026-02-04 18:00:00+00:00,2026-02-06 16:00:00+00:00,2026-02-06 21:00:00,2,46,0.9468471765518188,2026-02-04 12:00:00+00:00,2026-02-04 16:00:37+00:00,True
2026-02-04 18:00:00+00:00,2026-02-06 17:00:00+00:00,2026-02-06 22:00:00,2,47,0.9464428305625916,2026-02-04 12:00:00+00:00,2026-02-04 16:00:37+00:00,True
2026-02-04 18:00:00+00:00,2026-02-06 18:00:00+00:00,2026-02-06 23:00:00,2,48,0.9458590388298035,2026-02-04 12:00:00+00:00,2026-02-04 16:00:37+00:00,True
2026-02-05 18:00:00+00:00,2026-02-05 19:00:00+00:00,2026-02-06 00:00:00,1,1,0.550337165594101,2026-02-05 12:00:00+00:00,2026-02-05 16:00:27+00:00,True
2026-02-05 18:00:00+00:00,2026-02-05 20:00:00+00:00,2026-02-06 01:00:00,1,2,0.48314415812492373,2026-02-05 12:00:00+00:00,2026-02-05 16:00:27+00:00,True
2026-02-05 18:00:00+00:00,2026-02-05 21:00:00+00:00,2026-02-06 02:00:00,1,3,0.41011043787002566,2026-02-05 12:00:00+00:00,2026-02-05 16:00:27+00:00,True
2026-02-05 18:00:00+00:00,2026-02-05 22:00:00+00:00,2026-02-06 03:00:00,1,4,0.35208985209465027,2026-02-05 12:00:00+00:00,2026-02-05 16:00:27+00:00,True
2026-02-05 18:00:00+00:00,2026-02-05 23:00:00+00:00,2026-02-06 04:00:00,1,5,0.26345810294151306,2026-02-05 12:00:00+00:00,2026-02-05 16:00:27+00:00,True
2026-02-05 18:00:00+00:00,2026-02-06 00:00:00+00:00,2026-02-06 05:00:00,1,6,0.18152473866939545,2026-02-05 12:00:00+00:00,2026-02-05 16:00:27+00:00,True
2026-02-05 18:00:00+00:00,2026-02-06 01:00:00+00:00,2026-02-06 06:00:00,1,7,0.08022965267300605,2026-02-05 12:00:00+00:00,2026-02-05 16:00:27+00:00,True
2026-02-05 18:00:00+00:00,2026-02-06 02:00:00+00:00,2026-02-06 07:00:00,1,8,0.04617990478873253,2026-02-05 12:00:00+00:00,2026-02-05 16:00:27+00:00,True
2026-02-05 18:00:00+00:00,2026-02-06 03:00:00+00:00,2026-02-06 08:00:00,1,9,0.02695396412163973,2026-02-05 12:00:00+00:00,2026-02-05 16:00:27+00:00,True
2026-02-05 18:00:00+00:00,2026-02-06 04:00:00+00:00,2026-02-06 09:00:00,1,10,0.06365859732031823,2026-02-05 12:00:00+00:00,2026-02-05 16:00:27+00:00,True
2026-02-05 18:00:00+00:00,2026-02-06 05:00:00+00:00,2026-02-06 10:00:00,1,11,0.16896683871746063,2026-02-05 12:00:00+00:00,2026-02-05 16:00:27+00:00,True
2026-02-05 18:00:00+00:00,2026-02-06 06:00:00+00:00,2026-02-06 11:00:00,1,12,0.3497779846191406,2026-02-05 12:00:00+00:00,2026-02-05 16:00:27+00:00,True
2026-02-05 18:00:00+00:00,2026-02-06 07:00:00+00:00,2026-02-06 12:00:00,1,13,0.5212268173694611,2026-02-05 12:00:00+00:00,2026-02-05 16:00:27+00:00,True
2026-02-05 18:00:00+00:00,2026-02-06 08:00:00+00:00,2026-02-06 13:00:00,1,14,0.8171387553215027,2026-02-05 12:00:00+00:00,2026-02-05 16:00:27+00:00,True
2026-02-05 18:00:00+00:00,2026-02-06 09:00:00+00:00,2026-02-06 14:00:00,1,15,0.9665370225906372,2026-02-05 12:00:00+00:00,2026-02-05 16:00:27+00:00,True
2026-02-05 18:00:00+00:00,2026-02-06 10:00:00+00:00,2026-02-06 15:00:00,1,16,0.977573812007904,2026-02-05 12:00:00+00:00,2026-02-05 16:00:27+00:00,True
2026-02-05 18:00:00+00:00,2026-02-06 11:00:00+00:00,2026-02-06 16:00:00,1,17,0.9854471802711486,2026-02-05 12:00:00+00:00,2026-02-05 16:00:27+00:00,True
2026-02-05 18:00:00+00:00,2026-02-06 12:00:00+00:00,2026-02-06 17:00:00,1,18,0.9907289624214173,2026-02-05 12:00:00+00:00,2026-02-05 16:00:27+00:00,True
2026-02-05 18:00:00+00:00,2026-02-06 13:00:00+00:00,2026-02-06 18:00:00,1,19,0.9894379258155823,2026-02-05 12:00:00+00:00,2026-02-05 16:00:27+00:00,True
2026-02-05 18:00:00+00:00,2026-02-06 14:00:00+00:00,2026-02-06 19:00:00,1,20,0.9876536965370178,2026-02-05 12:00:00+00:00,2026-02-05 16:00:27+00:00,True
2026-02-05 18:00:00+00:00,2026-02-06 15:00:00+00:00,2026-02-06 20:00:00,1,21,0.9852950692176818,2026-02-05 12:00:00+00:00,2026-02-05 16:00:27+00:00,True
2026-02-05 18:00:00+00:00,2026-02-06 16:00:00+00:00,2026-02-06 21:00:00,1,22,0.9726719856262207,2026-02-05 12:00:00+00:00,2026-02-05 16:00:27+00:00,True
2026-02-05 18:00:00+00:00,2026-02-06 17:00:00+00:00,2026-02-06 22:00:00,1,23,0.9512905716896057,2026-02-05 12:00:00+00:00,2026-02-05 16:00:27+00:00,True
2026-02-05 18:00:00+00:00,2026-02-06 18:00:00+00:00,2026-02-06 23:00:00,1,24,0.9190631151199341,2026-02-05 12:00:00+00:00,2026-02-05 16:00:27+00:00,True
2026-02-05 18:00:00+00:00,2026-02-06 19:00:00+00:00,2026-02-07 00:00:00,1,25,0.8805199265480042,2026-02-05 12:00:00+00:00,2026-02-05 16:00:27+00:00,True
2026-02-05 18:00:00+00:00,2026-02-06 20:00:00+00:00,2026-02-07 01:00:00,1,26,0.8246654391288757,2026-02-05 12:00:00+00:00,2026-02-05 16:00:27+00:00,True
2026-02-05 18:00:00+00:00,2026-02-06 21:00:00+00:00,2026-02-07 02:00:00,1,27,0.7636699557304383,2026-02-05 12:00:00+00:00,2026-02-05 16:00:27+00:00,True
2026-02-05 18:00:00+00:00,2026-02-06 22:00:00+00:00,2026-02-07 03:00:00,1,28,0.5618450939655304,2026-02-05 12:00:00+00:00,2026-02-05 16:00:27+00:00,True
2026-02-05 18:00:00+00:00,2026-02-06 23:00:00+00:00,2026-02-07 04:00:00,1,29,0.31567866206169126,2026-02-05 12:00:00+00:00,2026-02-05 16:00:27+00:00,True
2026-02-05 18:00:00+00:00,2026-02-07 00:00:00+00:00,2026-02-07 05:00:00,1,30,0.14709434956312178,2026-02-05 12:00:00+00:00,2026-02-05 16:00:27+00:00,True
2026-02-05 18:00:00+00:00,2026-02-07 01:00:00+00:00,2026-02-07 06:00:00,1,31,0.03564993068575859,2026-02-05 12:00:00+00:00,2026-02-05 16:00:27+00:00,True
2026-02-05 18:00:00+00:00,2026-02-07 02:00:00+00:00,2026-02-07 07:00:00,1,32,0.012971992138773203,2026-02-05 12:00:00+00:00,2026-02-05 16:00:27+00:00,True
2026-02-05 18:00:00+00:00,2026-02-07 03:00:00+00:00,2026-02-07 08:00:00,1,33,0.025334198959171772,2026-02-05 12:00:00+00:00,2026-02-05 16:00:27+00:00,True
2026-02-05 18:00:00+00:00,2026-02-07 04:00:00+00:00,2026-02-07 09:00:00,1,34,0.045832935534417626,2026-02-05 12:00:00+00:00,2026-02-05 16:00:27+00:00,True
2026-02-05 18:00:00+00:00,2026-02-07 05:00:00+00:00,2026-02-07 10:00:00,1,35,0.11188792884349823,2026-02-05 12:00:00+00:00,2026-02-05 16:00:27+00:00,True
2026-02-05 18:00:00+00:00,2026-02-07 06:00:00+00:00,2026-02-07 11:00:00,1,36,0.5034146308898926,2026-02-05 12:00:00+00:00,2026-02-05 16:00:27+00:00,True
2026-02-05 18:00:00+00:00,2026-02-07 07:00:00+00:00,2026-02-07 12:00:00,1,37,0.4082480728626251,2026-02-05 12:00:00+00:00,2026-02-05 16:00:27+00:00,True
2026-02-05 18:00:00+00:00,2026-02-07 08:00:00+00:00,2026-02-07 13:00:00,1,38,0.35252922773361206,2026-02-05 12:00:00+00:00,2026-02-05 16:00:27+00:00,True
2026-02-05 18:00:00+00:00,2026-02-07 09:00:00+00:00,2026-02-07 14:00:00,1,39,0.31914921700954435,2026-02-05 12:00:00+00:00,2026-02-05 16:00:27+00:00,True
2026-02-05 18:00:00+00:00,2026-02-07 10:00:00+00:00,2026-02-07 15:00:00,1,40,0.15576771944761275,2026-02-05 12:00:00+00:00,2026-02-05 16:00:27+00:00,True
2026-02-05 18:00:00+00:00,2026-02-07 11:00:00+00:00,2026-02-07 16:00:00,1,41,0.09947259873151779,2026-02-05 12:00:00+00:00,2026-02-05 16:00:27+00:00,True
2026-02-05 18:00:00+00:00,2026-02-07 12:00:00+00:00,2026-02-07 17:00:00,1,42,0.08894671611487866,2026-02-05 12:00:00+00:00,2026-02-05 16:00:27+00:00,True
2026-02-05 18:00:00+00:00,2026-02-07 13:00:00+00:00,2026-02-07 18:00:00,1,43,0.04224819503724575,2026-02-05 12:00:00+00:00,2026-02-05 16:00:27+00:00,True
2026-02-05 18:00:00+00:00,2026-02-07 14:00:00+00:00,2026-02-07 19:00:00,1,44,0.10517724975943565,2026-02-05 12:00:00+00:00,2026-02-05 16:00:27+00:00,True
2026-02-05 18:00:00+00:00,2026-02-07 15:00:00+00:00,2026-02-07 20:00:00,1,45,0.33813661336898804,2026-02-05 12:00:00+00:00,2026-02-05 16:00:27+00:00,True
2026-02-05 18:00:00+00:00,2026-02-07 16:00:00+00:00,2026-02-07 21:00:00,1,46,0.3512726604938507,2026-02-05 12:00:00+00:00,2026-02-05 16:00:27+00:00,True
2026-02-05 18:00:00+00:00,2026-02-07 17:00:00+00:00,2026-02-07 22:00:00,1,47,0.4029314875602722,2026-02-05 12:00:00+00:00,2026-02-05 16:00:27+00:00,True
2026-02-05 18:00:00+00:00,2026-02-07 18:00:00+00:00,2026-02-07 23:00:00,1,48,0.46692733764648436,2026-02-05 12:00:00+00:00,2026-02-05 16:00:27+00:00,True
2026-02-05 18:00:00+00:00,2026-02-05 19:00:00+00:00,2026-02-06 00:00:00,2,1,0.5163402378559112,2026-02-05 12:00:00+00:00,2026-02-05 16:00:27+00:00,True
2026-02-05 18:00:00+00:00,2026-02-05 20:00:00+00:00,2026-02-06 01:00:00,2,2,0.44350462555885317,2026-02-05 12:00:00+00:00,2026-02-05 16:00:27+00:00,True
2026-02-05 18:00:00+00:00,2026-02-05 21:00:00+00:00,2026-02-06 02:00:00,2,3,0.3690890848636627,2026-02-05 12:00:00+00:00,2026-02-05 16:00:27+00:00,True
2026-02-05 18:00:00+00:00,2026-02-05 22:00:00+00:00,2026-02-06 03:00:00,2,4,0.31472998559474946,2026-02-05 12:00:00+00:00,2026-02-05 16:00:27+00:00,True
2026-02-05 18:00:00+00:00,2026-02-05 23:00:00+00:00,2026-02-06 04:00:00,2,5,0.23597039878368378,2026-02-05 12:00:00+00:00,2026-02-05 16:00:27+00:00,True
2026-02-05 18:00:00+00:00,2026-02-06 00:00:00+00:00,2026-02-06 05:00:00,2,6,0.16101156324148178,2026-02-05 12:00:00+00:00,2026-02-05 16:00:27+00:00,True
2026-02-05 18:00:00+00:00,2026-02-06 01:00:00+00:00,2026-02-06 06:00:00,2,7,0.07189162857830525,2026-02-05 12:00:00+00:00,2026-02-05 16:00:27+00:00,True
2026-02-05 18:00:00+00:00,2026-02-06 02:00:00+00:00,2026-02-06 07:00:00,2,8,0.04170672781765461,2026-02-05 12:00:00+00:00,2026-02-05 16:00:27+00:00,True
2026-02-05 18:00:00+00:00,2026-02-06 03:00:00+00:00,2026-02-06 08:00:00,2,9,0.023988144099712373,2026-02-05 12:00:00+00:00,2026-02-05 16:00:27+00:00,True
2026-02-05 18:00:00+00:00,2026-02-06 04:00:00+00:00,2026-02-06 09:00:00,2,10,0.059856314212083817,2026-02-05 12:00:00+00:00,2026-02-05 16:00:27+00:00,True
2026-02-05 18:00:00+00:00,2026-02-06 05:00:00+00:00,2026-02-06 10:00:00,2,11,0.1658697858452797,2026-02-05 12:00:00+00:00,2026-02-05 16:00:27+00:00,True
2026-02-05 18:00:00+00:00,2026-02-06 06:00:00+00:00,2026-02-06 11:00:00,2,12,0.3513532102108002,2026-02-05 12:00:00+00:00,2026-02-05 16:00:27+00:00,True
2026-02-05 18:00:00+00:00,2026-02-06 07:00:00+00:00,2026-02-06 12:00:00,2,13,0.5216099381446838,2026-02-05 12:00:00+00:00,2026-02-05 16:00:27+00:00,True
2026-02-05 18:00:00+00:00,2026-02-06 08:00:00+00:00,2026-02-06 13:00:00,2,14,0.7992955923080445,2026-02-05 12:00:00+00:00,2026-02-05 16:00:27+00:00,True
2026-02-05 18:00:00+00:00,2026-02-06 09:00:00+00:00,2026-02-06 14:00:00,2,15,0.9629557728767395,2026-02-05 12:00:00+00:00,2026-02-05 16:00:27+00:00,True
2026-02-05 18:00:00+00:00,2026-02-06 10:00:00+00:00,2026-02-06 15:00:00,2,16,0.9748605728149414,2026-02-05 12:00:00+00:00,2026-02-05 16:00:27+00:00,True
2026-02-05 18:00:00+00:00,2026-02-06 11:00:00+00:00,2026-02-06 16:00:00,2,17,0.9835325479507446,2026-02-05 12:00:00+00:00,2026-02-05 16:00:27+00:00,True
2026-02-05 18:00:00+00:00,2026-02-06 12:00:00+00:00,2026-02-06 17:00:00,2,18,0.9893912672996521,2026-02-05 12:00:00+00:00,2026-02-05 16:00:27+00:00,True
2026-02-05 18:00:00+00:00,2026-02-06 13:00:00+00:00,2026-02-06 18:00:00,2,19,0.9877668142318725,2026-02-05 12:00:00+00:00,2026-02-05 16:00:27+00:00,True
2026-02-05 18:00:00+00:00,2026-02-06 14:00:00+00:00,2026-02-06 19:00:00,2,20,0.9856966853141784,2026-02-05 12:00:00+00:00,2026-02-05 16:00:27+00:00,True
2026-02-05 18:00:00+00:00,2026-02-06 15:00:00+00:00,2026-02-06 20:00:00,2,21,0.9829102277755737,2026-02-05 12:00:00+00:00,2026-02-05 16:00:27+00:00,True
2026-02-05 18:00:00+00:00,2026-02-06 16:00:00+00:00,2026-02-06 21:00:00,2,22,0.9687411546707153,2026-02-05 12:00:00+00:00,2026-02-05 16:00:27+00:00,True
2026-02-05 18:00:00+00:00,2026-02-06 17:00:00+00:00,2026-02-06 22:00:00,2,23,0.9459069848060608,2026-02-05 12:00:00+00:00,2026-02-05 16:00:27+00:00,True
2026-02-05 18:00:00+00:00,2026-02-06 18:00:00+00:00,2026-02-06 23:00:00,2,24,0.9116737723350525,2026-02-05 12:00:00+00:00,2026-02-05 16:00:27+00:00,True
2026-02-05 18:00:00+00:00,2026-02-06 19:00:00+00:00,2026-02-07 00:00:00,2,25,0.8711927890777588,2026-02-05 12:00:00+00:00,2026-02-05 16:00:27+00:00,True
2026-02-05 18:00:00+00:00,2026-02-06 20:00:00+00:00,2026-02-07 01:00:00,2,26,0.8125501036643982,2026-02-05 12:00:00+00:00,2026-02-05 16:00:27+00:00,True
2026-02-05 18:00:00+00:00,2026-02-06 21:00:00+00:00,2026-02-07 02:00:00,2,27,0.7506369590759278,2026-02-05 12:00:00+00:00,2026-02-05 16:00:27+00:00,True
2026-02-05 18:00:00+00:00,2026-02-06 22:00:00+00:00,2026-02-07 03:00:00,2,28,0.5506907939910889,2026-02-05 12:00:00+00:00,2026-02-05 16:00:27+00:00,True
2026-02-05 18:00:00+00:00,2026-02-06 23:00:00+00:00,2026-02-07 04:00:00,2,29,0.29987172186374667,2026-02-05 12:00:00+00:00,2026-02-05 16:00:27+00:00,True
2026-02-05 18:00:00+00:00,2026-02-07 00:00:00+00:00,2026-02-07 05:00:00,2,30,0.13170652687549592,2026-02-05 12:00:00+00:00,2026-02-05 16:00:27+00:00,True
2026-02-05 18:00:00+00:00,2026-02-07 01:00:00+00:00,2026-02-07 06:00:00,2,31,0.031104709021747112,2026-02-05 12:00:00+00:00,2026-02-05 16:00:27+00:00,True
2026-02-05 18:00:00+00:00,2026-02-07 02:00:00+00:00,2026-02-07 07:00:00,2,32,0.011351794376969338,2026-02-05 12:00:00+00:00,2026-02-05 16:00:27+00:00,True
2026-02-05 18:00:00+00:00,2026-02-07 03:00:00+00:00,2026-02-07 08:00:00,2,33,0.022251866292208433,2026-02-05 12:00:00+00:00,2026-02-05 16:00:27+00:00,True
2026-02-05 18:00:00+00:00,2026-02-07 04:00:00+00:00,2026-02-07 09:00:00,2,34,0.04112140815705061,2026-02-05 12:00:00+00:00,2026-02-05 16:00:27+00:00,True
2026-02-05 18:00:00+00:00,2026-02-07 05:00:00+00:00,2026-02-07 10:00:00,2,35,0.10509372651576995,2026-02-05 12:00:00+00:00,2026-02-05 16:00:27+00:00,True
2026-02-05 18:00:00+00:00,2026-02-07 06:00:00+00:00,2026-02-07 11:00:00,2,36,0.48657544851303103,2026-02-05 12:00:00+00:00,2026-02-05 16:00:27+00:00,True
2026-02-05 18:00:00+00:00,2026-02-07 07:00:00+00:00,2026-02-07 12:00:00,2,37,0.3988122820854187,2026-02-05 12:00:00+00:00,2026-02-05 16:00:27+00:00,True
2026-02-05 18:00:00+00:00,2026-02-07 08:00:00+00:00,2026-02-07 13:00:00,2,38,0.3498100101947784,2026-02-05 12:00:00+00:00,2026-02-05 16:00:27+00:00,True
2026-02-05 18:00:00+00:00,2026-02-07 09:00:00+00:00,2026-02-07 14:00:00,2,39,0.313279515504837,2026-02-05 12:00:00+00:00,2026-02-05 16:00:27+00:00,True
2026-02-05 18:00:00+00:00,2026-02-07 10:00:00+00:00,2026-02-07 15:00:00,2,40,0.15957867130637168,2026-02-05 12:00:00+00:00,2026-02-05 16:00:27+00:00,True
2026-02-05 18:00:00+00:00,2026-02-07 11:00:00+00:00,2026-02-07 16:00:00,2,41,0.09934253096580506,2026-02-05 12:00:00+00:00,2026-02-05 16:00:27+00:00,True
2026-02-05 18:00:00+00:00,2026-02-07 12:00:00+00:00,2026-02-07 17:00:00,2,42,0.08597994334995747,2026-02-05 12:00:00+00:00,2026-02-05 16:00:27+00:00,True
2026-02-05 18:00:00+00:00,2026-02-07 13:00:00+00:00,2026-02-07 18:00:00,2,43,0.039458186365664005,2026-02-05 12:00:00+00:00,2026-02-05 16:00:27+00:00,True
2026-02-05 18:00:00+00:00,2026-02-07 14:00:00+00:00,2026-02-07 19:00:00,2,44,0.09540085941553116,2026-02-05 12:00:00+00:00,2026-02-05 16:00:27+00:00,True
2026-02-05 18:00:00+00:00,2026-02-07 15:00:00+00:00,2026-02-07 20:00:00,2,45,0.32080481946468353,2026-02-05 12:00:00+00:00,2026-02-05 16:00:27+00:00,True
2026-02-05 18:00:00+00:00,2026-02-07 16:00:00+00:00,2026-02-07 21:00:00,2,46,0.3351926028728485,2026-02-05 12:00:00+00:00,2026-02-05 16:00:27+00:00,True
2026-02-05 18:00:00+00:00,2026-02-07 17:00:00+00:00,2026-02-07 22:00:00,2,47,0.3866970300674438,2026-02-05 12:00:00+00:00,2026-02-05 16:00:27+00:00,True
2026-02-05 18:00:00+00:00,2026-02-07 18:00:00+00:00,2026-02-07 23:00:00,2,48,0.4518136203289032,2026-02-05 12:00:00+00:00,2026-02-05 16:00:27+00:00,True
2026-02-06 18:00:00+00:00,2026-02-06 19:00:00+00:00,2026-02-07 00:00:00,1,1,0.9634864807128907,2026-02-06 12:00:00+00:00,2026-02-06 16:00:46+00:00,True
2026-02-06 18:00:00+00:00,2026-02-06 20:00:00+00:00,2026-02-07 01:00:00,1,2,0.925567090511322,2026-02-06 12:00:00+00:00,2026-02-06 16:00:46+00:00,True
2026-02-06 18:00:00+00:00,2026-02-06 21:00:00+00:00,2026-02-07 02:00:00,1,3,0.8521025657653809,2026-02-06 12:00:00+00:00,2026-02-06 16:00:46+00:00,True
2026-02-06 18:00:00+00:00,2026-02-06 22:00:00+00:00,2026-02-07 03:00:00,1,4,0.6037846207618713,2026-02-06 12:00:00+00:00,2026-02-06 16:00:46+00:00,True
2026-02-06 18:00:00+00:00,2026-02-06 23:00:00+00:00,2026-02-07 04:00:00,1,5,0.22208404541015625,2026-02-06 12:00:00+00:00,2026-02-06 16:00:46+00:00,True
2026-02-06 18:00:00+00:00,2026-02-07 00:00:00+00:00,2026-02-07 05:00:00,1,6,0.058415487408638,2026-02-06 12:00:00+00:00,2026-02-06 16:00:46+00:00,True
2026-02-06 18:00:00+00:00,2026-02-07 01:00:00+00:00,2026-02-07 06:00:00,1,7,0.02173009542748332,2026-02-06 12:00:00+00:00,2026-02-06 16:00:46+00:00,True
2026-02-06 18:00:00+00:00,2026-02-07 02:00:00+00:00,2026-02-07 07:00:00,1,8,0.013508058618754148,2026-02-06 12:00:00+00:00,2026-02-06 16:00:46+00:00,True
2026-02-06 18:00:00+00:00,2026-02-07 03:00:00+00:00,2026-02-07 08:00:00,1,9,0.020459496043622495,2026-02-06 12:00:00+00:00,2026-02-06 16:00:46+00:00,True
2026-02-06 18:00:00+00:00,2026-02-07 04:00:00+00:00,2026-02-07 09:00:00,1,10,0.028228402696549894,2026-02-06 12:00:00+00:00,2026-02-06 16:00:46+00:00,True
2026-02-06 18:00:00+00:00,2026-02-07 05:00:00+00:00,2026-02-07 10:00:00,1,11,0.05280020534992218,2026-02-06 12:00:00+00:00,2026-02-06 16:00:46+00:00,True
2026-02-06 18:00:00+00:00,2026-02-07 06:00:00+00:00,2026-02-07 11:00:00,1,12,0.15178016275167466,2026-02-06 12:00:00+00:00,2026-02-06 16:00:46+00:00,True
2026-02-06 18:00:00+00:00,2026-02-07 07:00:00+00:00,2026-02-07 12:00:00,1,13,0.12209355980157852,2026-02-06 12:00:00+00:00,2026-02-06 16:00:46+00:00,True
2026-02-06 18:00:00+00:00,2026-02-07 08:00:00+00:00,2026-02-07 13:00:00,1,14,0.10890300869941712,2026-02-06 12:00:00+00:00,2026-02-06 16:00:46+00:00,True
2026-02-06 18:00:00+00:00,2026-02-07 09:00:00+00:00,2026-02-07 14:00:00,1,15,0.10144221372902393,2026-02-06 12:00:00+00:00,2026-02-06 16:00:46+00:00,True
2026-02-06 18:00:00+00:00,2026-02-07 10:00:00+00:00,2026-02-07 15:00:00,1,16,0.042767705768346785,2026-02-06 12:00:00+00:00,2026-02-06 16:00:46+00:00,True
2026-02-06 18:00:00+00:00,2026-02-07 11:00:00+00:00,2026-02-07 16:00:00,1,17,0.03322407640516758,2026-02-06 12:00:00+00:00,2026-02-06 16:00:46+00:00,True
2026-02-06 18:00:00+00:00,2026-02-07 12:00:00+00:00,2026-02-07 17:00:00,1,18,0.0729714073240757,2026-02-06 12:00:00+00:00,2026-02-06 16:00:46+00:00,True
2026-02-06 18:00:00+00:00,2026-02-07 13:00:00+00:00,2026-02-07 18:00:00,1,19,0.12317796498537063,2026-02-06 12:00:00+00:00,2026-02-06 16:00:46+00:00,True
2026-02-06 18:00:00+00:00,2026-02-07 14:00:00+00:00,2026-02-07 19:00:00,1,20,0.24872223734855653,2026-02-06 12:00:00+00:00,2026-02-06 16:00:46+00:00,True
2026-02-06 18:00:00+00:00,2026-02-07 15:00:00+00:00,2026-02-07 20:00:00,1,21,0.3826159954071045,2026-02-06 12:00:00+00:00,2026-02-06 16:00:46+00:00,True
2026-02-06 18:00:00+00:00,2026-02-07 16:00:00+00:00,2026-02-07 21:00:00,1,22,0.49748175144195556,2026-02-06 12:00:00+00:00,2026-02-06 16:00:46+00:00,True
2026-02-06 18:00:00+00:00,2026-02-07 17:00:00+00:00,2026-02-07 22:00:00,1,23,0.6409072160720826,2026-02-06 12:00:00+00:00,2026-02-06 16:00:46+00:00,True
2026-02-06 18:00:00+00:00,2026-02-07 18:00:00+00:00,2026-02-07 23:00:00,1,24,0.7771300196647644,2026-02-06 12:00:00+00:00,2026-02-06 16:00:46+00:00,True
2026-02-06 18:00:00+00:00,2026-02-07 19:00:00+00:00,2026-02-08 00:00:00,1,25,0.8401700377464294,2026-02-06 12:00:00+00:00,2026-02-06 16:00:46+00:00,True
2026-02-06 18:00:00+00:00,2026-02-07 20:00:00+00:00,2026-02-08 01:00:00,1,26,0.8826168060302735,2026-02-06 12:00:00+00:00,2026-02-06 16:00:46+00:00,True
2026-02-06 18:00:00+00:00,2026-02-07 21:00:00+00:00,2026-02-08 02:00:00,1,27,0.9107414960861206,2026-02-06 12:00:00+00:00,2026-02-06 16:00:46+00:00,True
2026-02-06 18:00:00+00:00,2026-02-07 22:00:00+00:00,2026-02-08 03:00:00,1,28,0.8632055401802063,2026-02-06 12:00:00+00:00,2026-02-06 16:00:46+00:00,True
2026-02-06 18:00:00+00:00,2026-02-07 23:00:00+00:00,2026-02-08 04:00:00,1,29,0.7811366081237793,2026-02-06 12:00:00+00:00,2026-02-06 16:00:46+00:00,True
2026-02-06 18:00:00+00:00,2026-02-08 00:00:00+00:00,2026-02-08 05:00:00,1,30,0.6598198771476745,2026-02-06 12:00:00+00:00,2026-02-06 16:00:46+00:00,True
2026-02-06 18:00:00+00:00,2026-02-08 01:00:00+00:00,2026-02-08 06:00:00,1,31,0.5107119500637054,2026-02-06 12:00:00+00:00,2026-02-06 16:00:46+00:00,True
2026-02-06 18:00:00+00:00,2026-02-08 02:00:00+00:00,2026-02-08 07:00:00,1,32,0.3670432150363922,2026-02-06 12:00:00+00:00,2026-02-06 16:00:46+00:00,True
2026-02-06 18:00:00+00:00,2026-02-08 03:00:00+00:00,2026-02-08 08:00:00,1,33,0.23873777389526368,2026-02-06 12:00:00+00:00,2026-02-06 16:00:46+00:00,True
2026-02-06 18:00:00+00:00,2026-02-08 04:00:00+00:00,2026-02-08 09:00:00,1,34,0.09996207505464554,2026-02-06 12:00:00+00:00,2026-02-06 16:00:46+00:00,True
2026-02-06 18:00:00+00:00,2026-02-08 05:00:00+00:00,2026-02-08 10:00:00,1,35,0.04802883341908455,2026-02-06 12:00:00+00:00,2026-02-06 16:00:46+00:00,True
2026-02-06 18:00:00+00:00,2026-02-08 06:00:00+00:00,2026-02-08 11:00:00,1,36,0.027436069026589394,2026-02-06 12:00:00+00:00,2026-02-06 16:00:46+00:00,True
2026-02-06 18:00:00+00:00,2026-02-08 07:00:00+00:00,2026-02-08 12:00:00,1,37,0.014436515048146248,2026-02-06 12:00:00+00:00,2026-02-06 16:00:46+00:00,True
2026-02-06 18:00:00+00:00,2026-02-08 08:00:00+00:00,2026-02-08 13:00:00,1,38,0.02240970227867365,2026-02-06 12:00:00+00:00,2026-02-06 16:00:46+00:00,True
2026-02-06 18:00:00+00:00,2026-02-08 09:00:00+00:00,2026-02-08 14:00:00,1,39,0.06078926846385002,2026-02-06 12:00:00+00:00,2026-02-06 16:00:46+00:00,True
2026-02-06 18:00:00+00:00,2026-02-08 10:00:00+00:00,2026-02-08 15:00:00,1,40,0.3364516496658325,2026-02-06 12:00:00+00:00,2026-02-06 16:00:46+00:00,True
2026-02-06 18:00:00+00:00,2026-02-08 11:00:00+00:00,2026-02-08 16:00:00,1,41,0.906924593448639,2026-02-06 12:00:00+00:00,2026-02-06 16:00:46+00:00,True
2026-02-06 18:00:00+00:00,2026-02-08 12:00:00+00:00,2026-02-08 17:00:00,1,42,0.9833019733428955,2026-02-06 12:00:00+00:00,2026-02-06 16:00:46+00:00,True
2026-02-06 18:00:00+00:00,2026-02-08 13:00:00+00:00,2026-02-08 18:00:00,1,43,0.9897632360458374,2026-02-06 12:00:00+00:00,2026-02-06 16:00:46+00:00,True
2026-02-06 18:00:00+00:00,2026-02-08 14:00:00+00:00,2026-02-08 19:00:00,1,44,0.9934230208396911,2026-02-06 12:00:00+00:00,2026-02-06 16:00:46+00:00,True
2026-02-06 18:00:00+00:00,2026-02-08 15:00:00+00:00,2026-02-08 20:00:00,1,45,0.995593523979187,2026-02-06 12:00:00+00:00,2026-02-06 16:00:46+00:00,True
2026-02-06 18:00:00+00:00,2026-02-08 16:00:00+00:00,2026-02-08 21:00:00,1,46,0.9953576803207398,2026-02-06 12:00:00+00:00,2026-02-06 16:00:46+00:00,True
2026-02-06 18:00:00+00:00,2026-02-08 17:00:00+00:00,2026-02-08 22:00:00,1,47,0.9949685215950013,2026-02-06 12:00:00+00:00,2026-02-06 16:00:46+00:00,True
2026-02-06 18:00:00+00:00,2026-02-08 18:00:00+00:00,2026-02-08 23:00:00,1,48,0.9944988846778869,2026-02-06 12:00:00+00:00,2026-02-06 16:00:46+00:00,True
2026-02-06 18:00:00+00:00,2026-02-06 19:00:00+00:00,2026-02-07 00:00:00,2,1,0.960323691368103,2026-02-06 12:00:00+00:00,2026-02-06 16:00:46+00:00,True
2026-02-06 18:00:00+00:00,2026-02-06 20:00:00+00:00,2026-02-07 01:00:00,2,2,0.9218148708343505,2026-02-06 12:00:00+00:00,2026-02-06 16:00:46+00:00,True
2026-02-06 18:00:00+00:00,2026-02-06 21:00:00+00:00,2026-02-07 02:00:00,2,3,0.8434272527694702,2026-02-06 12:00:00+00:00,2026-02-06 16:00:46+00:00,True
2026-02-06 18:00:00+00:00,2026-02-06 22:00:00+00:00,2026-02-07 03:00:00,2,4,0.5968080818653106,2026-02-06 12:00:00+00:00,2026-02-06 16:00:46+00:00,True
2026-02-06 18:00:00+00:00,2026-02-06 23:00:00+00:00,2026-02-07 04:00:00,2,5,0.2110861837863922,2026-02-06 12:00:00+00:00,2026-02-06 16:00:46+00:00,True
2026-02-06 18:00:00+00:00,2026-02-07 00:00:00+00:00,2026-02-07 05:00:00,2,6,0.052241431176662446,2026-02-06 12:00:00+00:00,2026-02-06 16:00:46+00:00,True
2026-02-06 18:00:00+00:00,2026-02-07 01:00:00+00:00,2026-02-07 06:00:00,2,7,0.019052973296493293,2026-02-06 12:00:00+00:00,2026-02-06 16:00:46+00:00,True
2026-02-06 18:00:00+00:00,2026-02-07 02:00:00+00:00,2026-02-07 07:00:00,2,8,0.011919880658388138,2026-02-06 12:00:00+00:00,2026-02-06 16:00:46+00:00,True
2026-02-06 18:00:00+00:00,2026-02-07 03:00:00+00:00,2026-02-07 08:00:00,2,9,0.017896134220063687,2026-02-06 12:00:00+00:00,2026-02-06 16:00:46+00:00,True
2026-02-06 18:00:00+00:00,2026-02-07 04:00:00+00:00,2026-02-07 09:00:00,2,10,0.024442464113235474,2026-02-06 12:00:00+00:00,2026-02-06 16:00:46+00:00,True
2026-02-06 18:00:00+00:00,2026-02-07 05:00:00+00:00,2026-02-07 10:00:00,2,11,0.04665916860103607,2026-02-06 12:00:00+00:00,2026-02-06 16:00:46+00:00,True
2026-02-06 18:00:00+00:00,2026-02-07 06:00:00+00:00,2026-02-07 11:00:00,2,12,0.13855496644973755,2026-02-06 12:00:00+00:00,2026-02-06 16:00:46+00:00,True
2026-02-06 18:00:00+00:00,2026-02-07 07:00:00+00:00,2026-02-07 12:00:00,2,13,0.11455751657485962,2026-02-06 12:00:00+00:00,2026-02-06 16:00:46+00:00,True
2026-02-06 18:00:00+00:00,2026-02-07 08:00:00+00:00,2026-02-07 13:00:00,2,14,0.105292209982872,2026-02-06 12:00:00+00:00,2026-02-06 16:00:46+00:00,True
2026-02-06 18:00:00+00:00,2026-02-07 09:00:00+00:00,2026-02-07 14:00:00,2,15,0.09971944689750671,2026-02-06 12:00:00+00:00,2026-02-06 16:00:46+00:00,True
2026-02-06 18:00:00+00:00,2026-02-07 10:00:00+00:00,2026-02-07 15:00:00,2,16,0.04302440229803324,2026-02-06 12:00:00+00:00,2026-02-06 16:00:46+00:00,True
2026-02-06 18:00:00+00:00,2026-02-07 11:00:00+00:00,2026-02-07 16:00:00,2,17,0.03204575031995773,2026-02-06 12:00:00+00:00,2026-02-06 16:00:46+00:00,True
2026-02-06 18:00:00+00:00,2026-02-07 12:00:00+00:00,2026-02-07 17:00:00,2,18,0.06733682826161384,2026-02-06 12:00:00+00:00,2026-02-06 16:00:46+00:00,True
2026-02-06 18:00:00+00:00,2026-02-07 13:00:00+00:00,2026-02-07 18:00:00,2,19,0.11625135242938996,2026-02-06 12:00:00+00:00,2026-02-06 16:00:46+00:00,True
2026-02-06 18:00:00+00:00,2026-02-07 14:00:00+00:00,2026-02-07 19:00:00,2,20,0.24630723595619203,2026-02-06 12:00:00+00:00,2026-02-06 16:00:46+00:00,True
2026-02-06 18:00:00+00:00,2026-02-07 15:00:00+00:00,2026-02-07 20:00:00,2,21,0.38550726175308225,2026-02-06 12:00:00+00:00,2026-02-06 16:00:46+00:00,True
2026-02-06 18:00:00+00:00,2026-02-07 16:00:00+00:00,2026-02-07 21:00:00,2,22,0.49756900072097776,2026-02-06 12:00:00+00:00,2026-02-06 16:00:46+00:00,True
2026-02-06 18:00:00+00:00,2026-02-07 17:00:00+00:00,2026-02-07 22:00:00,2,23,0.6360162496566772,2026-02-06 12:00:00+00:00,2026-02-06 16:00:46+00:00,True
2026-02-06 18:00:00+00:00,2026-02-07 18:00:00+00:00,2026-02-07 23:00:00,2,24,0.7704841375350953,2026-02-06 12:00:00+00:00,2026-02-06 16:00:46+00:00,True
2026-02-06 18:00:00+00:00,2026-02-07 19:00:00+00:00,2026-02-08 00:00:00,2,25,0.8321102380752563,2026-02-06 12:00:00+00:00,2026-02-06 16:00:46+00:00,True
2026-02-06 18:00:00+00:00,2026-02-07 20:00:00+00:00,2026-02-08 01:00:00,2,26,0.8735074043273926,2026-02-06 12:00:00+00:00,2026-02-06 16:00:46+00:00,True
2026-02-06 18:00:00+00:00,2026-02-07 21:00:00+00:00,2026-02-08 02:00:00,2,27,0.9029672145843506,2026-02-06 12:00:00+00:00,2026-02-06 16:00:46+00:00,True
2026-02-06 18:00:00+00:00,2026-02-07 22:00:00+00:00,2026-02-08 03:00:00,2,28,0.8516200304031372,2026-02-06 12:00:00+00:00,2026-02-06 16:00:46+00:00,True
2026-02-06 18:00:00+00:00,2026-02-07 23:00:00+00:00,2026-02-08 04:00:00,2,29,0.7655391693115234,2026-02-06 12:00:00+00:00,2026-02-06 16:00:46+00:00,True
2026-02-06 18:00:00+00:00,2026-02-08 00:00:00+00:00,2026-02-08 05:00:00,2,30,0.6448832511901855,2026-02-06 12:00:00+00:00,2026-02-06 16:00:46+00:00,True
2026-02-06 18:00:00+00:00,2026-02-08 01:00:00+00:00,2026-02-08 06:00:00,2,31,0.4997915744781494,2026-02-06 12:00:00+00:00,2026-02-06 16:00:46+00:00,True
2026-02-06 18:00:00+00:00,2026-02-08 02:00:00+00:00,2026-02-08 07:00:00,2,32,0.35438955426216123,2026-02-06 12:00:00+00:00,2026-02-06 16:00:46+00:00,True
2026-02-06 18:00:00+00:00,2026-02-08 03:00:00+00:00,2026-02-08 08:00:00,2,33,0.22579774558544158,2026-02-06 12:00:00+00:00,2026-02-06 16:00:46+00:00,True
2026-02-06 18:00:00+00:00,2026-02-08 04:00:00+00:00,2026-02-08 09:00:00,2,34,0.0934208407998085,2026-02-06 12:00:00+00:00,2026-02-06 16:00:46+00:00,True
2026-02-06 18:00:00+00:00,2026-02-08 05:00:00+00:00,2026-02-08 10:00:00,2,35,0.045295315235853194,2026-02-06 12:00:00+00:00,2026-02-06 16:00:46+00:00,True
2026-02-06 18:00:00+00:00,2026-02-08 06:00:00+00:00,2026-02-08 11:00:00,2,36,0.026102364435791968,2026-02-06 12:00:00+00:00,2026-02-06 16:00:46+00:00,True
2026-02-06 18:00:00+00:00,2026-02-08 07:00:00+00:00,2026-02-08 12:00:00,2,37,0.013158689439296722,2026-02-06 12:00:00+00:00,2026-02-06 16:00:46+00:00,True
2026-02-06 18:00:00+00:00,2026-02-08 08:00:00+00:00,2026-02-08 13:00:00,2,38,0.020929410681128503,2026-02-06 12:00:00+00:00,2026-02-06 16:00:46+00:00,True
2026-02-06 18:00:00+00:00,2026-02-08 09:00:00+00:00,2026-02-08 14:00:00,2,39,0.0587715283036232,2026-02-06 12:00:00+00:00,2026-02-06 16:00:46+00:00,True
2026-02-06 18:00:00+00:00,2026-02-08 10:00:00+00:00,2026-02-08 15:00:00,2,40,0.3392310947179794,2026-02-06 12:00:00+00:00,2026-02-06 16:00:46+00:00,True
2026-02-06 18:00:00+00:00,2026-02-08 11:00:00+00:00,2026-02-08 16:00:00,2,41,0.902371621131897,2026-02-06 12:00:00+00:00,2026-02-06 16:00:46+00:00,True
2026-02-06 18:00:00+00:00,2026-02-08 12:00:00+00:00,2026-02-08 17:00:00,2,42,0.9826901316642761,2026-02-06 12:00:00+00:00,2026-02-06 16:00:46+00:00,True
2026-02-06 18:00:00+00:00,2026-02-08 13:00:00+00:00,2026-02-08 18:00:00,2,43,0.9893330574035645,2026-02-06 12:00:00+00:00,2026-02-06 16:00:46+00:00,True
2026-02-06 18:00:00+00:00,2026-02-08 14:00:00+00:00,2026-02-08 19:00:00,2,44,0.992956030368805,2026-02-06 12:00:00+00:00,2026-02-06 16:00:46+00:00,True
2026-02-06 18:00:00+00:00,2026-02-08 15:00:00+00:00,2026-02-08 20:00:00,2,45,0.9951121926307678,2026-02-06 12:00:00+00:00,2026-02-06 16:00:46+00:00,True
2026-02-06 18:00:00+00:00,2026-02-08 16:00:00+00:00,2026-02-08 21:00:00,2,46,0.9948135733604431,2026-02-06 12:00:00+00:00,2026-02-06 16:00:46+00:00,True
2026-02-06 18:00:00+00:00,2026-02-08 17:00:00+00:00,2026-02-08 22:00:00,2,47,0.9942036747932435,2026-02-06 12:00:00+00:00,2026-02-06 16:00:46+00:00,True
2026-02-06 18:00:00+00:00,2026-02-08 18:00:00+00:00,2026-02-08 23:00:00,2,48,0.9935093760490418,2026-02-06 12:00:00+00:00,2026-02-06 16:00:46+00:00,True
2026-02-07 18:00:00+00:00,2026-02-07 19:00:00+00:00,2026-02-08 00:00:00,1,1,0.9632951855659485,2026-02-07 12:00:00+00:00,2026-02-07 16:00:57+00:00,True
2026-02-07 18:00:00+00:00,2026-02-07 20:00:00+00:00,2026-02-08 01:00:00,1,2,0.9529733538627625,2026-02-07 12:00:00+00:00,2026-02-07 16:00:57+00:00,True
2026-02-07 18:00:00+00:00,2026-02-07 21:00:00+00:00,2026-02-08 02:00:00,1,3,0.9383123517036438,2026-02-07 12:00:00+00:00,2026-02-07 16:00:57+00:00,True
2026-02-07 18:00:00+00:00,2026-02-07 22:00:00+00:00,2026-02-08 03:00:00,1,4,0.8701643228530884,2026-02-07 12:00:00+00:00,2026-02-07 16:00:57+00:00,True
2026-02-07 18:00:00+00:00,2026-02-07 23:00:00+00:00,2026-02-08 04:00:00,1,5,0.7312142729759217,2026-02-07 12:00:00+00:00,2026-02-07 16:00:57+00:00,True
2026-02-07 18:00:00+00:00,2026-02-08 00:00:00+00:00,2026-02-08 05:00:00,1,6,0.5523094534873962,2026-02-07 12:00:00+00:00,2026-02-07 16:00:57+00:00,True
2026-02-07 18:00:00+00:00,2026-02-08 01:00:00+00:00,2026-02-08 06:00:00,1,7,0.3736958742141724,2026-02-07 12:00:00+00:00,2026-02-07 16:00:57+00:00,True
2026-02-07 18:00:00+00:00,2026-02-08 02:00:00+00:00,2026-02-08 07:00:00,1,8,0.21272512376308442,2026-02-07 12:00:00+00:00,2026-02-07 16:00:57+00:00,True
2026-02-07 18:00:00+00:00,2026-02-08 03:00:00+00:00,2026-02-08 08:00:00,1,9,0.10730318427085876,2026-02-07 12:00:00+00:00,2026-02-07 16:00:57+00:00,True
2026-02-07 18:00:00+00:00,2026-02-08 04:00:00+00:00,2026-02-08 09:00:00,1,10,0.05029973387718201,2026-02-07 12:00:00+00:00,2026-02-07 16:00:57+00:00,True
2026-02-07 18:00:00+00:00,2026-02-08 05:00:00+00:00,2026-02-08 10:00:00,1,11,0.025654709339141844,2026-02-07 12:00:00+00:00,2026-02-07 16:00:57+00:00,True
2026-02-07 18:00:00+00:00,2026-02-08 06:00:00+00:00,2026-02-08 11:00:00,1,12,0.015446755290031432,2026-02-07 12:00:00+00:00,2026-02-07 16:00:57+00:00,True
2026-02-07 18:00:00+00:00,2026-02-08 07:00:00+00:00,2026-02-08 12:00:00,1,13,0.012058963254094123,2026-02-07 12:00:00+00:00,2026-02-07 16:00:57+00:00,True
2026-02-07 18:00:00+00:00,2026-02-08 08:00:00+00:00,2026-02-08 13:00:00,1,14,0.03486175276339054,2026-02-07 12:00:00+00:00,2026-02-07 16:00:57+00:00,True
2026-02-07 18:00:00+00:00,2026-02-08 09:00:00+00:00,2026-02-08 14:00:00,1,15,0.2743382632732391,2026-02-07 12:00:00+00:00,2026-02-07 16:00:57+00:00,True
2026-02-07 18:00:00+00:00,2026-02-08 10:00:00+00:00,2026-02-08 15:00:00,1,16,0.7409896790981293,2026-02-07 12:00:00+00:00,2026-02-07 16:00:57+00:00,True
2026-02-07 18:00:00+00:00,2026-02-08 11:00:00+00:00,2026-02-08 16:00:00,1,17,0.9395378708839417,2026-02-07 12:00:00+00:00,2026-02-07 16:00:57+00:00,True
2026-02-07 18:00:00+00:00,2026-02-08 12:00:00+00:00,2026-02-08 17:00:00,1,18,0.9864826679229737,2026-02-07 12:00:00+00:00,2026-02-07 16:00:57+00:00,True
2026-02-07 18:00:00+00:00,2026-02-08 13:00:00+00:00,2026-02-08 18:00:00,1,19,0.9902338147163391,2026-02-07 12:00:00+00:00,2026-02-07 16:00:57+00:00,True
2026-02-07 18:00:00+00:00,2026-02-08 14:00:00+00:00,2026-02-08 19:00:00,1,20,0.9926862478256225,2026-02-07 12:00:00+00:00,2026-02-07 16:00:57+00:00,True
2026-02-07 18:00:00+00:00,2026-02-08 15:00:00+00:00,2026-02-08 20:00:00,1,21,0.9944764971733093,2026-02-07 12:00:00+00:00,2026-02-07 16:00:57+00:00,True
2026-02-07 18:00:00+00:00,2026-02-08 16:00:00+00:00,2026-02-08 21:00:00,1,22,0.9948329329490662,2026-02-07 12:00:00+00:00,2026-02-07 16:00:57+00:00,True
2026-02-07 18:00:00+00:00,2026-02-08 17:00:00+00:00,2026-02-08 22:00:00,1,23,0.995082426071167,2026-02-07 12:00:00+00:00,2026-02-07 16:00:57+00:00,True
2026-02-07 18:00:00+00:00,2026-02-08 18:00:00+00:00,2026-02-08 23:00:00,1,24,0.9952709197998046,2026-02-07 12:00:00+00:00,2026-02-07 16:00:57+00:00,True
2026-02-07 18:00:00+00:00,2026-02-08 19:00:00+00:00,2026-02-09 00:00:00,1,25,0.9956965446472168,2026-02-07 12:00:00+00:00,2026-02-07 16:00:57+00:00,True
2026-02-07 18:00:00+00:00,2026-02-08 20:00:00+00:00,2026-02-09 01:00:00,1,26,0.9961135029792786,2026-02-07 12:00:00+00:00,2026-02-07 16:00:57+00:00,True
2026-02-07 18:00:00+00:00,2026-02-08 21:00:00+00:00,2026-02-09 02:00:00,1,27,0.9965415716171264,2026-02-07 12:00:00+00:00,2026-02-07 16:00:57+00:00,True
2026-02-07 18:00:00+00:00,2026-02-08 22:00:00+00:00,2026-02-09 03:00:00,1,28,0.9967507362365723,2026-02-07 12:00:00+00:00,2026-02-07 16:00:57+00:00,True
2026-02-07 18:00:00+00:00,2026-02-08 23:00:00+00:00,2026-02-09 04:00:00,1,29,0.9970740437507629,2026-02-07 12:00:00+00:00,2026-02-07 16:00:57+00:00,True
2026-02-07 18:00:00+00:00,2026-02-09 00:00:00+00:00,2026-02-09 05:00:00,1,30,0.9974412322044373,2026-02-07 12:00:00+00:00,2026-02-07 16:00:57+00:00,True
2026-02-07 18:00:00+00:00,2026-02-09 01:00:00+00:00,2026-02-09 06:00:00,1,31,0.996477472782135,2026-02-07 12:00:00+00:00,2026-02-07 16:00:57+00:00,True
2026-02-07 18:00:00+00:00,2026-02-09 02:00:00+00:00,2026-02-09 07:00:00,1,32,0.9953677177429199,2026-02-07 12:00:00+00:00,2026-02-07 16:00:57+00:00,True
2026-02-07 18:00:00+00:00,2026-02-09 03:00:00+00:00,2026-02-09 08:00:00,1,33,0.9940372705459595,2026-02-07 12:00:00+00:00,2026-02-07 16:00:57+00:00,True
2026-02-07 18:00:00+00:00,2026-02-09 04:00:00+00:00,2026-02-09 09:00:00,1,34,0.9951065182685852,2026-02-07 12:00:00+00:00,2026-02-07 16:00:57+00:00,True
2026-02-07 18:00:00+00:00,2026-02-09 05:00:00+00:00,2026-02-09 10:00:00,1,35,0.9960625886917114,2026-02-07 12:00:00+00:00,2026-02-07 16:00:57+00:00,True
2026-02-07 18:00:00+00:00,2026-02-09 06:00:00+00:00,2026-02-09 11:00:00,1,36,0.9968850612640381,2026-02-07 12:00:00+00:00,2026-02-07 16:00:57+00:00,True
2026-02-07 18:00:00+00:00,2026-02-09 07:00:00+00:00,2026-02-09 12:00:00,1,37,0.9952885985374451,2026-02-07 12:00:00+00:00,2026-02-07 16:00:57+00:00,True
2026-02-07 18:00:00+00:00,2026-02-09 08:00:00+00:00,2026-02-09 13:00:00,1,38,0.993189537525177,2026-02-07 12:00:00+00:00,2026-02-07 16:00:57+00:00,True
2026-02-07 18:00:00+00:00,2026-02-09 09:00:00+00:00,2026-02-09 14:00:00,1,39,0.9904883980751038,2026-02-07 12:00:00+00:00,2026-02-07 16:00:57+00:00,True
2026-02-07 18:00:00+00:00,2026-02-09 10:00:00+00:00,2026-02-09 15:00:00,1,40,0.9697937965393066,2026-02-07 12:00:00+00:00,2026-02-07 16:00:57+00:00,True
2026-02-07 18:00:00+00:00,2026-02-09 11:00:00+00:00,2026-02-09 16:00:00,1,41,0.9034849047660828,2026-02-07 12:00:00+00:00,2026-02-07 16:00:57+00:00,True
2026-02-07 18:00:00+00:00,2026-02-09 12:00:00+00:00,2026-02-09 17:00:00,1,42,0.6944560289382935,2026-02-07 12:00:00+00:00,2026-02-07 16:00:57+00:00,True
2026-02-07 18:00:00+00:00,2026-02-09 13:00:00+00:00,2026-02-09 18:00:00,1,43,0.6093985617160798,2026-02-07 12:00:00+00:00,2026-02-07 16:00:57+00:00,True
2026-02-07 18:00:00+00:00,2026-02-09 14:00:00+00:00,2026-02-09 19:00:00,1,44,0.4786145329475403,2026-02-07 12:00:00+00:00,2026-02-07 16:00:57+00:00,True
2026-02-07 18:00:00+00:00,2026-02-09 15:00:00+00:00,2026-02-09 20:00:00,1,45,0.3476773381233215,2026-02-07 12:00:00+00:00,2026-02-07 16:00:57+00:00,True
2026-02-07 18:00:00+00:00,2026-02-09 16:00:00+00:00,2026-02-09 21:00:00,1,46,0.320596182346344,2026-02-07 12:00:00+00:00,2026-02-07 16:00:57+00:00,True
2026-02-07 18:00:00+00:00,2026-02-09 17:00:00+00:00,2026-02-09 22:00:00,1,47,0.2906017035245895,2026-02-07 12:00:00+00:00,2026-02-07 16:00:57+00:00,True
2026-02-07 18:00:00+00:00,2026-02-09 18:00:00+00:00,2026-02-09 23:00:00,1,48,0.2569857805967331,2026-02-07 12:00:00+00:00,2026-02-07 16:00:57+00:00,True
2026-02-07 18:00:00+00:00,2026-02-07 19:00:00+00:00,2026-02-08 00:00:00,2,1,0.9599730134010315,2026-02-07 12:00:00+00:00,2026-02-07 16:00:57+00:00,True
2026-02-07 18:00:00+00:00,2026-02-07 20:00:00+00:00,2026-02-08 01:00:00,2,2,0.9485190749168396,2026-02-07 12:00:00+00:00,2026-02-07 16:00:57+00:00,True
2026-02-07 18:00:00+00:00,2026-02-07 21:00:00+00:00,2026-02-08 02:00:00,2,3,0.9336247324943543,2026-02-07 12:00:00+00:00,2026-02-07 16:00:57+00:00,True
2026-02-07 18:00:00+00:00,2026-02-07 22:00:00+00:00,2026-02-08 03:00:00,2,4,0.8643529295921326,2026-02-07 12:00:00+00:00,2026-02-07 16:00:57+00:00,True
2026-02-07 18:00:00+00:00,2026-02-07 23:00:00+00:00,2026-02-08 04:00:00,2,5,0.7252625107765198,2026-02-07 12:00:00+00:00,2026-02-07 16:00:57+00:00,True
2026-02-07 18:00:00+00:00,2026-02-08 00:00:00+00:00,2026-02-08 05:00:00,2,6,0.5505126774311065,2026-02-07 12:00:00+00:00,2026-02-07 16:00:57+00:00,True
2026-02-07 18:00:00+00:00,2026-02-08 01:00:00+00:00,2026-02-08 06:00:00,2,7,0.3762134999036789,2026-02-07 12:00:00+00:00,2026-02-07 16:00:57+00:00,True
2026-02-07 18:00:00+00:00,2026-02-08 02:00:00+00:00,2026-02-08 07:00:00,2,8,0.20647521317005157,2026-02-07 12:00:00+00:00,2026-02-07 16:00:57+00:00,True
2026-02-07 18:00:00+00:00,2026-02-08 03:00:00+00:00,2026-02-08 08:00:00,2,9,0.1011127158999443,2026-02-07 12:00:00+00:00,2026-02-07 16:00:57+00:00,True
2026-02-07 18:00:00+00:00,2026-02-08 04:00:00+00:00,2026-02-08 09:00:00,2,10,0.045825984328985214,2026-02-07 12:00:00+00:00,2026-02-07 16:00:57+00:00,True
2026-02-07 18:00:00+00:00,2026-02-08 05:00:00+00:00,2026-02-08 10:00:00,2,11,0.02329288087785244,2026-02-07 12:00:00+00:00,2026-02-07 16:00:57+00:00,True
2026-02-07 18:00:00+00:00,2026-02-08 06:00:00+00:00,2026-02-08 11:00:00,2,12,0.01408438105136156,2026-02-07 12:00:00+00:00,2026-02-07 16:00:57+00:00,True
2026-02-07 18:00:00+00:00,2026-02-08 07:00:00+00:00,2026-02-08 12:00:00,2,13,0.01116144834086299,2026-02-07 12:00:00+00:00,2026-02-07 16:00:57+00:00,True
2026-02-07 18:00:00+00:00,2026-02-08 08:00:00+00:00,2026-02-08 13:00:00,2,14,0.03328661322593689,2026-02-07 12:00:00+00:00,2026-02-07 16:00:57+00:00,True
2026-02-07 18:00:00+00:00,2026-02-08 09:00:00+00:00,2026-02-08 14:00:00,2,15,0.27216432243585587,2026-02-07 12:00:00+00:00,2026-02-07 16:00:57+00:00,True
2026-02-07 18:00:00+00:00,2026-02-08 10:00:00+00:00,2026-02-08 15:00:00,2,16,0.7461512982845306,2026-02-07 12:00:00+00:00,2026-02-07 16:00:57+00:00,True
2026-02-07 18:00:00+00:00,2026-02-08 11:00:00+00:00,2026-02-08 16:00:00,2,17,0.9388347029685974,2026-02-07 12:00:00+00:00,2026-02-07 16:00:57+00:00,True
2026-02-07 18:00:00+00:00,2026-02-08 12:00:00+00:00,2026-02-08 17:00:00,2,18,0.985974383354187,2026-02-07 12:00:00+00:00,2026-02-07 16:00:57+00:00,True
2026-02-07 18:00:00+00:00,2026-02-08 13:00:00+00:00,2026-02-08 18:00:00,2,19,0.9896545529365539,2026-02-07 12:00:00+00:00,2026-02-07 16:00:57+00:00,True
2026-02-07 18:00:00+00:00,2026-02-08 14:00:00+00:00,2026-02-08 19:00:00,2,20,0.9921273827552796,2026-02-07 12:00:00+00:00,2026-02-07 16:00:57+00:00,True
2026-02-07 18:00:00+00:00,2026-02-08 15:00:00+00:00,2026-02-08 20:00:00,2,21,0.9937949657440186,2026-02-07 12:00:00+00:00,2026-02-07 16:00:57+00:00,True
2026-02-07 18:00:00+00:00,2026-02-08 16:00:00+00:00,2026-02-08 21:00:00,2,22,0.9940927505493165,2026-02-07 12:00:00+00:00,2026-02-07 16:00:57+00:00,True
2026-02-07 18:00:00+00:00,2026-02-08 17:00:00+00:00,2026-02-08 22:00:00,2,23,0.9942923665046692,2026-02-07 12:00:00+00:00,2026-02-07 16:00:57+00:00,True
2026-02-07 18:00:00+00:00,2026-02-08 18:00:00+00:00,2026-02-08 23:00:00,2,24,0.9944651961326599,2026-02-07 12:00:00+00:00,2026-02-07 16:00:57+00:00,True
2026-02-07 18:00:00+00:00,2026-02-08 19:00:00+00:00,2026-02-09 00:00:00,2,25,0.994973647594452,2026-02-07 12:00:00+00:00,2026-02-07 16:00:57+00:00,True
2026-02-07 18:00:00+00:00,2026-02-08 20:00:00+00:00,2026-02-09 01:00:00,2,26,0.9954666018486023,2026-02-07 12:00:00+00:00,2026-02-07 16:00:57+00:00,True
2026-02-07 18:00:00+00:00,2026-02-08 21:00:00+00:00,2026-02-09 02:00:00,2,27,0.9959975838661194,2026-02-07 12:00:00+00:00,2026-02-07 16:00:57+00:00,True
2026-02-07 18:00:00+00:00,2026-02-08 22:00:00+00:00,2026-02-09 03:00:00,2,28,0.9962811946868897,2026-02-07 12:00:00+00:00,2026-02-07 16:00:57+00:00,True
2026-02-07 18:00:00+00:00,2026-02-08 23:00:00+00:00,2026-02-09 04:00:00,2,29,0.996674633026123,2026-02-07 12:00:00+00:00,2026-02-07 16:00:57+00:00,True
2026-02-07 18:00:00+00:00,2026-02-09 00:00:00+00:00,2026-02-09 05:00:00,2,30,0.9971055746078491,2026-02-07 12:00:00+00:00,2026-02-07 16:00:57+00:00,True
2026-02-07 18:00:00+00:00,2026-02-09 01:00:00+00:00,2026-02-09 06:00:00,2,31,0.9960347533226013,2026-02-07 12:00:00+00:00,2026-02-07 16:00:57+00:00,True
2026-02-07 18:00:00+00:00,2026-02-09 02:00:00+00:00,2026-02-09 07:00:00,2,32,0.9947854161262513,2026-02-07 12:00:00+00:00,2026-02-07 16:00:57+00:00,True
2026-02-07 18:00:00+00:00,2026-02-09 03:00:00+00:00,2026-02-09 08:00:00,2,33,0.9933682203292846,2026-02-07 12:00:00+00:00,2026-02-07 16:00:57+00:00,True
2026-02-07 18:00:00+00:00,2026-02-09 04:00:00+00:00,2026-02-09 09:00:00,2,34,0.994618046283722,2026-02-07 12:00:00+00:00,2026-02-07 16:00:57+00:00,True
2026-02-07 18:00:00+00:00,2026-02-09 05:00:00+00:00,2026-02-09 10:00:00,2,35,0.9957374215126038,2026-02-07 12:00:00+00:00,2026-02-07 16:00:57+00:00,True
2026-02-07 18:00:00+00:00,2026-02-09 06:00:00+00:00,2026-02-09 11:00:00,2,36,0.9966288685798645,2026-02-07 12:00:00+00:00,2026-02-07 16:00:57+00:00,True
2026-02-07 18:00:00+00:00,2026-02-09 07:00:00+00:00,2026-02-09 12:00:00,2,37,0.9948983907699585,2026-02-07 12:00:00+00:00,2026-02-07 16:00:57+00:00,True
2026-02-07 18:00:00+00:00,2026-02-09 08:00:00+00:00,2026-02-09 13:00:00,2,38,0.9926790833473206,2026-02-07 12:00:00+00:00,2026-02-07 16:00:57+00:00,True
2026-02-07 18:00:00+00:00,2026-02-09 09:00:00+00:00,2026-02-09 14:00:00,2,39,0.989661705493927,2026-02-07 12:00:00+00:00,2026-02-07 16:00:57+00:00,True
2026-02-07 18:00:00+00:00,2026-02-09 10:00:00+00:00,2026-02-09 15:00:00,2,40,0.9680376648902893,2026-02-07 12:00:00+00:00,2026-02-07 16:00:57+00:00,True
2026-02-07 18:00:00+00:00,2026-02-09 11:00:00+00:00,2026-02-09 16:00:00,2,41,0.9073889970779419,2026-02-07 12:00:00+00:00,2026-02-07 16:00:57+00:00,True
2026-02-07 18:00:00+00:00,2026-02-09 12:00:00+00:00,2026-02-09 17:00:00,2,42,0.6979764878749848,2026-02-07 12:00:00+00:00,2026-02-07 16:00:57+00:00,True
2026-02-07 18:00:00+00:00,2026-02-09 13:00:00+00:00,2026-02-09 18:00:00,2,43,0.6193920612335205,2026-02-07 12:00:00+00:00,2026-02-07 16:00:57+00:00,True
2026-02-07 18:00:00+00:00,2026-02-09 14:00:00+00:00,2026-02-09 19:00:00,2,44,0.47857163548469545,2026-02-07 12:00:00+00:00,2026-02-07 16:00:57+00:00,True
2026-02-07 18:00:00+00:00,2026-02-09 15:00:00+00:00,2026-02-09 20:00:00,2,45,0.33163633942604065,2026-02-07 12:00:00+00:00,2026-02-07 16:00:57+00:00,True
2026-02-07 18:00:00+00:00,2026-02-09 16:00:00+00:00,2026-02-09 21:00:00,2,46,0.30514621138572695,2026-02-07 12:00:00+00:00,2026-02-07 16:00:57+00:00,True
2026-02-07 18:00:00+00:00,2026-02-09 17:00:00+00:00,2026-02-09 22:00:00,2,47,0.26954773962497713,2026-02-07 12:00:00+00:00,2026-02-07 16:00:57+00:00,True
2026-02-07 18:00:00+00:00,2026-02-09 18:00:00+00:00,2026-02-09 23:00:00,2,48,0.23318392634391785,2026-02-07 12:00:00+00:00,2026-02-07 16:00:57+00:00,True
2026-02-08 18:00:00+00:00,2026-02-08 19:00:00+00:00,2026-02-09 00:00:00,1,1,0.9968028783798217,2026-02-08 12:00:00+00:00,2026-02-08 16:01:41+00:00,True
2026-02-08 18:00:00+00:00,2026-02-08 20:00:00+00:00,2026-02-09 01:00:00,1,2,0.9971779823303223,2026-02-08 12:00:00+00:00,2026-02-08 16:01:41+00:00,True
2026-02-08 18:00:00+00:00,2026-02-08 21:00:00+00:00,2026-02-09 02:00:00,1,3,0.9975160717964172,2026-02-08 12:00:00+00:00,2026-02-08 16:01:41+00:00,True
2026-02-08 18:00:00+00:00,2026-02-08 22:00:00+00:00,2026-02-09 03:00:00,1,4,0.9965453267097473,2026-02-08 12:00:00+00:00,2026-02-08 16:01:41+00:00,True
2026-02-08 18:00:00+00:00,2026-02-08 23:00:00+00:00,2026-02-09 04:00:00,1,5,0.9956730008125305,2026-02-08 12:00:00+00:00,2026-02-08 16:01:41+00:00,True
2026-02-08 18:00:00+00:00,2026-02-09 00:00:00+00:00,2026-02-09 05:00:00,1,6,0.9945948004722596,2026-02-08 12:00:00+00:00,2026-02-08 16:01:41+00:00,True
2026-02-08 18:00:00+00:00,2026-02-09 01:00:00+00:00,2026-02-09 06:00:00,1,7,0.9926312804222107,2026-02-08 12:00:00+00:00,2026-02-08 16:01:41+00:00,True
2026-02-08 18:00:00+00:00,2026-02-09 02:00:00+00:00,2026-02-09 07:00:00,1,8,0.9897040247917175,2026-02-08 12:00:00+00:00,2026-02-08 16:01:41+00:00,True
2026-02-08 18:00:00+00:00,2026-02-09 03:00:00+00:00,2026-02-09 08:00:00,1,9,0.9862130284309387,2026-02-08 12:00:00+00:00,2026-02-08 16:01:41+00:00,True
2026-02-08 18:00:00+00:00,2026-02-09 04:00:00+00:00,2026-02-09 09:00:00,1,10,0.9894792914390564,2026-02-08 12:00:00+00:00,2026-02-08 16:01:41+00:00,True
2026-02-08 18:00:00+00:00,2026-02-09 05:00:00+00:00,2026-02-09 10:00:00,1,11,0.992246663570404,2026-02-08 12:00:00+00:00,2026-02-08 16:01:41+00:00,True
2026-02-08 18:00:00+00:00,2026-02-09 06:00:00+00:00,2026-02-09 11:00:00,1,12,0.9943365812301636,2026-02-08 12:00:00+00:00,2026-02-08 16:01:41+00:00,True
2026-02-08 18:00:00+00:00,2026-02-09 07:00:00+00:00,2026-02-09 12:00:00,1,13,0.9923617959022522,2026-02-08 12:00:00+00:00,2026-02-08 16:01:41+00:00,True
2026-02-08 18:00:00+00:00,2026-02-09 08:00:00+00:00,2026-02-09 13:00:00,1,14,0.9902495861053466,2026-02-08 12:00:00+00:00,2026-02-08 16:01:41+00:00,True
2026-02-08 18:00:00+00:00,2026-02-09 09:00:00+00:00,2026-02-09 14:00:00,1,15,0.9879950165748597,2026-02-08 12:00:00+00:00,2026-02-08 16:01:41+00:00,True
2026-02-08 18:00:00+00:00,2026-02-09 10:00:00+00:00,2026-02-09 15:00:00,1,16,0.9627033352851868,2026-02-08 12:00:00+00:00,2026-02-08 16:01:41+00:00,True
2026-02-08 18:00:00+00:00,2026-02-09 11:00:00+00:00,2026-02-09 16:00:00,1,17,0.8765511512756348,2026-02-08 12:00:00+00:00,2026-02-08 16:01:41+00:00,True
2026-02-08 18:00:00+00:00,2026-02-09 12:00:00+00:00,2026-02-09 17:00:00,1,18,0.6554066061973571,2026-02-08 12:00:00+00:00,2026-02-08 16:01:41+00:00,True
2026-02-08 18:00:00+00:00,2026-02-09 13:00:00+00:00,2026-02-09 18:00:00,1,19,0.5626862168312072,2026-02-08 12:00:00+00:00,2026-02-08 16:01:41+00:00,True
2026-02-08 18:00:00+00:00,2026-02-09 14:00:00+00:00,2026-02-09 19:00:00,1,20,0.44369478821754454,2026-02-08 12:00:00+00:00,2026-02-08 16:01:41+00:00,True
2026-02-08 18:00:00+00:00,2026-02-09 15:00:00+00:00,2026-02-09 20:00:00,1,21,0.342340949177742,2026-02-08 12:00:00+00:00,2026-02-08 16:01:41+00:00,True
2026-02-08 18:00:00+00:00,2026-02-09 16:00:00+00:00,2026-02-09 21:00:00,1,22,0.2695086747407913,2026-02-08 12:00:00+00:00,2026-02-08 16:01:41+00:00,True
2026-02-08 18:00:00+00:00,2026-02-09 17:00:00+00:00,2026-02-09 22:00:00,1,23,0.19958983063697816,2026-02-08 12:00:00+00:00,2026-02-08 16:01:41+00:00,True
2026-02-08 18:00:00+00:00,2026-02-09 18:00:00+00:00,2026-02-09 23:00:00,1,24,0.14112041592597963,2026-02-08 12:00:00+00:00,2026-02-08 16:01:41+00:00,True
2026-02-08 18:00:00+00:00,2026-02-09 19:00:00+00:00,2026-02-10 00:00:00,1,25,0.13980471342802048,2026-02-08 12:00:00+00:00,2026-02-08 16:01:41+00:00,True
2026-02-08 18:00:00+00:00,2026-02-09 20:00:00+00:00,2026-02-10 01:00:00,1,26,0.13928070217370986,2026-02-08 12:00:00+00:00,2026-02-08 16:01:41+00:00,True
2026-02-08 18:00:00+00:00,2026-02-09 21:00:00+00:00,2026-02-10 02:00:00,1,27,0.14118500798940659,2026-02-08 12:00:00+00:00,2026-02-08 16:01:41+00:00,True
2026-02-08 18:00:00+00:00,2026-02-09 22:00:00+00:00,2026-02-10 03:00:00,1,28,0.1749579593539238,2026-02-08 12:00:00+00:00,2026-02-08 16:01:41+00:00,True
2026-02-08 18:00:00+00:00,2026-02-09 23:00:00+00:00,2026-02-10 04:00:00,1,29,0.21741043478250505,2026-02-08 12:00:00+00:00,2026-02-08 16:01:41+00:00,True
2026-02-08 18:00:00+00:00,2026-02-10 00:00:00+00:00,2026-02-10 05:00:00,1,30,0.2551774814724922,2026-02-08 12:00:00+00:00,2026-02-08 16:01:41+00:00,True
2026-02-08 18:00:00+00:00,2026-02-10 01:00:00+00:00,2026-02-10 06:00:00,1,31,0.2401982992887497,2026-02-08 12:00:00+00:00,2026-02-08 16:01:41+00:00,True
2026-02-08 18:00:00+00:00,2026-02-10 02:00:00+00:00,2026-02-10 07:00:00,1,32,0.22621994018554686,2026-02-08 12:00:00+00:00,2026-02-08 16:01:41+00:00,True
2026-02-08 18:00:00+00:00,2026-02-10 03:00:00+00:00,2026-02-10 08:00:00,1,33,0.22148749828338624,2026-02-08 12:00:00+00:00,2026-02-08 16:01:41+00:00,True
2026-02-08 18:00:00+00:00,2026-02-10 04:00:00+00:00,2026-02-10 09:00:00,1,34,0.16499612778425216,2026-02-08 12:00:00+00:00,2026-02-08 16:01:41+00:00,True
2026-02-08 18:00:00+00:00,2026-02-10 05:00:00+00:00,2026-02-10 10:00:00,1,35,0.12822445929050447,2026-02-08 12:00:00+00:00,2026-02-08 16:01:41+00:00,True
2026-02-08 18:00:00+00:00,2026-02-10 06:00:00+00:00,2026-02-10 11:00:00,1,36,0.106345234811306,2026-02-08 12:00:00+00:00,2026-02-08 16:01:41+00:00,True
2026-02-08 18:00:00+00:00,2026-02-10 07:00:00+00:00,2026-02-10 12:00:00,1,37,0.07991221994161606,2026-02-08 12:00:00+00:00,2026-02-08 16:01:41+00:00,True
2026-02-08 18:00:00+00:00,2026-02-10 08:00:00+00:00,2026-02-10 13:00:00,1,38,0.06981534734368325,2026-02-08 12:00:00+00:00,2026-02-08 16:01:41+00:00,True
2026-02-08 18:00:00+00:00,2026-02-10 09:00:00+00:00,2026-02-10 14:00:00,1,39,0.07874597534537316,2026-02-08 12:00:00+00:00,2026-02-08 16:01:41+00:00,True
2026-02-08 18:00:00+00:00,2026-02-10 10:00:00+00:00,2026-02-10 15:00:00,1,40,0.08388693556189537,2026-02-08 12:00:00+00:00,2026-02-08 16:01:41+00:00,True
2026-02-08 18:00:00+00:00,2026-02-10 11:00:00+00:00,2026-02-10 16:00:00,1,41,0.09446080476045608,2026-02-08 12:00:00+00:00,2026-02-08 16:01:41+00:00,True
2026-02-08 18:00:00+00:00,2026-02-10 12:00:00+00:00,2026-02-10 17:00:00,1,42,0.1119728997349739,2026-02-08 12:00:00+00:00,2026-02-08 16:01:41+00:00,True
2026-02-08 18:00:00+00:00,2026-02-10 13:00:00+00:00,2026-02-10 18:00:00,1,43,0.1262593537569046,2026-02-08 12:00:00+00:00,2026-02-08 16:01:41+00:00,True
2026-02-08 18:00:00+00:00,2026-02-10 14:00:00+00:00,2026-02-10 19:00:00,1,44,0.17423040717840194,2026-02-08 12:00:00+00:00,2026-02-08 16:01:41+00:00,True
2026-02-08 18:00:00+00:00,2026-02-10 15:00:00+00:00,2026-02-10 20:00:00,1,45,0.25064928233623507,2026-02-08 12:00:00+00:00,2026-02-08 16:01:41+00:00,True
2026-02-08 18:00:00+00:00,2026-02-10 16:00:00+00:00,2026-02-10 21:00:00,1,46,0.3708759188652039,2026-02-08 12:00:00+00:00,2026-02-08 16:01:41+00:00,True
2026-02-08 18:00:00+00:00,2026-02-10 17:00:00+00:00,2026-02-10 22:00:00,1,47,0.5371447563171386,2026-02-08 12:00:00+00:00,2026-02-08 16:01:41+00:00,True
2026-02-08 18:00:00+00:00,2026-02-10 18:00:00+00:00,2026-02-10 23:00:00,1,48,0.7463116884231568,2026-02-08 12:00:00+00:00,2026-02-08 16:01:41+00:00,True
2026-02-08 18:00:00+00:00,2026-02-08 19:00:00+00:00,2026-02-09 00:00:00,2,1,0.9963124752044678,2026-02-08 12:00:00+00:00,2026-02-08 16:01:41+00:00,True
2026-02-08 18:00:00+00:00,2026-02-08 20:00:00+00:00,2026-02-09 01:00:00,2,2,0.9967251300811768,2026-02-08 12:00:00+00:00,2026-02-08 16:01:41+00:00,True
2026-02-08 18:00:00+00:00,2026-02-08 21:00:00+00:00,2026-02-09 02:00:00,2,3,0.9971331834793091,2026-02-08 12:00:00+00:00,2026-02-08 16:01:41+00:00,True
2026-02-08 18:00:00+00:00,2026-02-08 22:00:00+00:00,2026-02-09 03:00:00,2,4,0.9960564136505127,2026-02-08 12:00:00+00:00,2026-02-08 16:01:41+00:00,True
2026-02-08 18:00:00+00:00,2026-02-08 23:00:00+00:00,2026-02-09 04:00:00,2,5,0.995065712928772,2026-02-08 12:00:00+00:00,2026-02-08 16:01:41+00:00,True
2026-02-08 18:00:00+00:00,2026-02-09 00:00:00+00:00,2026-02-09 05:00:00,2,6,0.9939223527908325,2026-02-08 12:00:00+00:00,2026-02-08 16:01:41+00:00,True
2026-02-08 18:00:00+00:00,2026-02-09 01:00:00+00:00,2026-02-09 06:00:00,2,7,0.9917922377586365,2026-02-08 12:00:00+00:00,2026-02-08 16:01:41+00:00,True
2026-02-08 18:00:00+00:00,2026-02-09 02:00:00+00:00,2026-02-09 07:00:00,2,8,0.9885550379753113,2026-02-08 12:00:00+00:00,2026-02-08 16:01:41+00:00,True
2026-02-08 18:00:00+00:00,2026-02-09 03:00:00+00:00,2026-02-09 08:00:00,2,9,0.9848118424415588,2026-02-08 12:00:00+00:00,2026-02-08 16:01:41+00:00,True
2026-02-08 18:00:00+00:00,2026-02-09 04:00:00+00:00,2026-02-09 09:00:00,2,10,0.9886043190956115,2026-02-08 12:00:00+00:00,2026-02-08 16:01:41+00:00,True
2026-02-08 18:00:00+00:00,2026-02-09 05:00:00+00:00,2026-02-09 10:00:00,2,11,0.9917042255401611,2026-02-08 12:00:00+00:00,2026-02-08 16:01:41+00:00,True
2026-02-08 18:00:00+00:00,2026-02-09 06:00:00+00:00,2026-02-09 11:00:00,2,12,0.9940351128578186,2026-02-08 12:00:00+00:00,2026-02-08 16:01:41+00:00,True
2026-02-08 18:00:00+00:00,2026-02-09 07:00:00+00:00,2026-02-09 12:00:00,2,13,0.9920157790184021,2026-02-08 12:00:00+00:00,2026-02-08 16:01:41+00:00,True
2026-02-08 18:00:00+00:00,2026-02-09 08:00:00+00:00,2026-02-09 13:00:00,2,14,0.989732539653778,2026-02-08 12:00:00+00:00,2026-02-08 16:01:41+00:00,True
2026-02-08 18:00:00+00:00,2026-02-09 09:00:00+00:00,2026-02-09 14:00:00,2,15,0.9872079372406006,2026-02-08 12:00:00+00:00,2026-02-08 16:01:41+00:00,True
2026-02-08 18:00:00+00:00,2026-02-09 10:00:00+00:00,2026-02-09 15:00:00,2,16,0.9604949355125427,2026-02-08 12:00:00+00:00,2026-02-08 16:01:41+00:00,True
2026-02-08 18:00:00+00:00,2026-02-09 11:00:00+00:00,2026-02-09 16:00:00,2,17,0.875877070426941,2026-02-08 12:00:00+00:00,2026-02-08 16:01:41+00:00,True
2026-02-08 18:00:00+00:00,2026-02-09 12:00:00+00:00,2026-02-09 17:00:00,2,18,0.6617196321487426,2026-02-08 12:00:00+00:00,2026-02-08 16:01:41+00:00,True
2026-02-08 18:00:00+00:00,2026-02-09 13:00:00+00:00,2026-02-09 18:00:00,2,19,0.5694549679756165,2026-02-08 12:00:00+00:00,2026-02-08 16:01:41+00:00,True
2026-02-08 18:00:00+00:00,2026-02-09 14:00:00+00:00,2026-02-09 19:00:00,2,20,0.43860097527503966,2026-02-08 12:00:00+00:00,2026-02-08 16:01:41+00:00,True
2026-02-08 18:00:00+00:00,2026-02-09 15:00:00+00:00,2026-02-09 20:00:00,2,21,0.32872761487960817,2026-02-08 12:00:00+00:00,2026-02-08 16:01:41+00:00,True
2026-02-08 18:00:00+00:00,2026-02-09 16:00:00+00:00,2026-02-09 21:00:00,2,22,0.25483070909976957,2026-02-08 12:00:00+00:00,2026-02-08 16:01:41+00:00,True
2026-02-08 18:00:00+00:00,2026-02-09 17:00:00+00:00,2026-02-09 22:00:00,2,23,0.18082045912742614,2026-02-08 12:00:00+00:00,2026-02-08 16:01:41+00:00,True
2026-02-08 18:00:00+00:00,2026-02-09 18:00:00+00:00,2026-02-09 23:00:00,2,24,0.12434262037277222,2026-02-08 12:00:00+00:00,2026-02-08 16:01:41+00:00,True
2026-02-08 18:00:00+00:00,2026-02-09 19:00:00+00:00,2026-02-10 00:00:00,2,25,0.12336929738521576,2026-02-08 12:00:00+00:00,2026-02-08 16:01:41+00:00,True
2026-02-08 18:00:00+00:00,2026-02-09 20:00:00+00:00,2026-02-10 01:00:00,2,26,0.1222084105014801,2026-02-08 12:00:00+00:00,2026-02-08 16:01:41+00:00,True
2026-02-08 18:00:00+00:00,2026-02-09 21:00:00+00:00,2026-02-10 02:00:00,2,27,0.12235737144947052,2026-02-08 12:00:00+00:00,2026-02-08 16:01:41+00:00,True
2026-02-08 18:00:00+00:00,2026-02-09 22:00:00+00:00,2026-02-10 03:00:00,2,28,0.14767946302890778,2026-02-08 12:00:00+00:00,2026-02-08 16:01:41+00:00,True
2026-02-08 18:00:00+00:00,2026-02-09 23:00:00+00:00,2026-02-10 04:00:00,2,29,0.1804515540599823,2026-02-08 12:00:00+00:00,2026-02-08 16:01:41+00:00,True
2026-02-08 18:00:00+00:00,2026-02-10 00:00:00+00:00,2026-02-10 05:00:00,2,30,0.21092456132173537,2026-02-08 12:00:00+00:00,2026-02-08 16:01:41+00:00,True
2026-02-08 18:00:00+00:00,2026-02-10 01:00:00+00:00,2026-02-10 06:00:00,2,31,0.20368437021970748,2026-02-08 12:00:00+00:00,2026-02-08 16:01:41+00:00,True
2026-02-08 18:00:00+00:00,2026-02-10 02:00:00+00:00,2026-02-10 07:00:00,2,32,0.1959005117416382,2026-02-08 12:00:00+00:00,2026-02-08 16:01:41+00:00,True
2026-02-08 18:00:00+00:00,2026-02-10 03:00:00+00:00,2026-02-10 08:00:00,2,33,0.19619491696357727,2026-02-08 12:00:00+00:00,2026-02-08 16:01:41+00:00,True
2026-02-08 18:00:00+00:00,2026-02-10 04:00:00+00:00,2026-02-10 09:00:00,2,34,0.1536711797118187,2026-02-08 12:00:00+00:00,2026-02-08 16:01:41+00:00,True
2026-02-08 18:00:00+00:00,2026-02-10 05:00:00+00:00,2026-02-10 10:00:00,2,35,0.12495403736829758,2026-02-08 12:00:00+00:00,2026-02-08 16:01:41+00:00,True
2026-02-08 18:00:00+00:00,2026-02-10 06:00:00+00:00,2026-02-10 11:00:00,2,36,0.10569221824407578,2026-02-08 12:00:00+00:00,2026-02-08 16:01:41+00:00,True
2026-02-08 18:00:00+00:00,2026-02-10 07:00:00+00:00,2026-02-10 12:00:00,2,37,0.07852132022380828,2026-02-08 12:00:00+00:00,2026-02-08 16:01:41+00:00,True
2026-02-08 18:00:00+00:00,2026-02-10 08:00:00+00:00,2026-02-10 13:00:00,2,38,0.06914608478546143,2026-02-08 12:00:00+00:00,2026-02-08 16:01:41+00:00,True
2026-02-08 18:00:00+00:00,2026-02-10 09:00:00+00:00,2026-02-10 14:00:00,2,39,0.07701448649168015,2026-02-08 12:00:00+00:00,2026-02-08 16:01:41+00:00,True
2026-02-08 18:00:00+00:00,2026-02-10 10:00:00+00:00,2026-02-10 15:00:00,2,40,0.08062831982970238,2026-02-08 12:00:00+00:00,2026-02-08 16:01:41+00:00,True
2026-02-08 18:00:00+00:00,2026-02-10 11:00:00+00:00,2026-02-10 16:00:00,2,41,0.08946830034255981,2026-02-08 12:00:00+00:00,2026-02-08 16:01:41+00:00,True
2026-02-08 18:00:00+00:00,2026-02-10 12:00:00+00:00,2026-02-10 17:00:00,2,42,0.10757095068693161,2026-02-08 12:00:00+00:00,2026-02-08 16:01:41+00:00,True
2026-02-08 18:00:00+00:00,2026-02-10 13:00:00+00:00,2026-02-10 18:00:00,2,43,0.12303138077259064,2026-02-08 12:00:00+00:00,2026-02-08 16:01:41+00:00,True
2026-02-08 18:00:00+00:00,2026-02-10 14:00:00+00:00,2026-02-10 19:00:00,2,44,0.1675812318921089,2026-02-08 12:00:00+00:00,2026-02-08 16:01:41+00:00,True
2026-02-08 18:00:00+00:00,2026-02-10 15:00:00+00:00,2026-02-10 20:00:00,2,45,0.2419108271598816,2026-02-08 12:00:00+00:00,2026-02-08 16:01:41+00:00,True
2026-02-08 18:00:00+00:00,2026-02-10 16:00:00+00:00,2026-02-10 21:00:00,2,46,0.34908836185932157,2026-02-08 12:00:00+00:00,2026-02-08 16:01:41+00:00,True
2026-02-08 18:00:00+00:00,2026-02-10 17:00:00+00:00,2026-02-10 22:00:00,2,47,0.5055351793766022,2026-02-08 12:00:00+00:00,2026-02-08 16:01:41+00:00,True
2026-02-08 18:00:00+00:00,2026-02-10 18:00:00+00:00,2026-02-10 23:00:00,2,48,0.7145150303840637,2026-02-08 12:00:00+00:00,2026-02-08 16:01:41+00:00,True
2026-02-09 18:00:00+00:00,2026-02-09 19:00:00+00:00,2026-02-10 00:00:00,1,1,0.06247386708855629,2026-02-09 12:00:00+00:00,2026-02-09 16:01:22+00:00,True
2026-02-09 18:00:00+00:00,2026-02-09 20:00:00+00:00,2026-02-10 01:00:00,1,2,0.03785465508699417,2026-02-09 12:00:00+00:00,2026-02-09 16:01:22+00:00,True
2026-02-09 18:00:00+00:00,2026-02-09 21:00:00+00:00,2026-02-10 02:00:00,1,3,0.025932234711945057,2026-02-09 12:00:00+00:00,2026-02-09 16:01:22+00:00,True
2026-02-09 18:00:00+00:00,2026-02-09 22:00:00+00:00,2026-02-10 03:00:00,1,4,0.031321441382169725,2026-02-09 12:00:00+00:00,2026-02-09 16:01:22+00:00,True
2026-02-09 18:00:00+00:00,2026-02-09 23:00:00+00:00,2026-02-10 04:00:00,1,5,0.03844783306121826,2026-02-09 12:00:00+00:00,2026-02-09 16:01:22+00:00,True
2026-02-09 18:00:00+00:00,2026-02-10 00:00:00+00:00,2026-02-10 05:00:00,1,6,0.048476210236549376,2026-02-09 12:00:00+00:00,2026-02-09 16:01:22+00:00,True
2026-02-09 18:00:00+00:00,2026-02-10 01:00:00+00:00,2026-02-10 06:00:00,1,7,0.06334122344851494,2026-02-09 12:00:00+00:00,2026-02-09 16:01:22+00:00,True
2026-02-09 18:00:00+00:00,2026-02-10 02:00:00+00:00,2026-02-10 07:00:00,1,8,0.08150171190500259,2026-02-09 12:00:00+00:00,2026-02-09 16:01:22+00:00,True
2026-02-09 18:00:00+00:00,2026-02-10 03:00:00+00:00,2026-02-10 08:00:00,1,9,0.09624765962362289,2026-02-09 12:00:00+00:00,2026-02-09 16:01:22+00:00,True
2026-02-09 18:00:00+00:00,2026-02-10 04:00:00+00:00,2026-02-10 09:00:00,1,10,0.09518930539488793,2026-02-09 12:00:00+00:00,2026-02-09 16:01:22+00:00,True
2026-02-09 18:00:00+00:00,2026-02-10 05:00:00+00:00,2026-02-10 10:00:00,1,11,0.09470419138669968,2026-02-09 12:00:00+00:00,2026-02-09 16:01:22+00:00,True
2026-02-09 18:00:00+00:00,2026-02-10 06:00:00+00:00,2026-02-10 11:00:00,1,12,0.10342135578393936,2026-02-09 12:00:00+00:00,2026-02-09 16:01:22+00:00,True
2026-02-09 18:00:00+00:00,2026-02-10 07:00:00+00:00,2026-02-10 12:00:00,1,13,0.05963896177709103,2026-02-09 12:00:00+00:00,2026-02-09 16:01:22+00:00,True
2026-02-09 18:00:00+00:00,2026-02-10 08:00:00+00:00,2026-02-10 13:00:00,1,14,0.04647245146334171,2026-02-09 12:00:00+00:00,2026-02-09 16:01:22+00:00,True
2026-02-09 18:00:00+00:00,2026-02-10 09:00:00+00:00,2026-02-10 14:00:00,1,15,0.08320740610361099,2026-02-09 12:00:00+00:00,2026-02-09 16:01:22+00:00,True
2026-02-09 18:00:00+00:00,2026-02-10 10:00:00+00:00,2026-02-10 15:00:00,1,16,0.055641702562570575,2026-02-09 12:00:00+00:00,2026-02-09 16:01:22+00:00,True
2026-02-09 18:00:00+00:00,2026-02-10 11:00:00+00:00,2026-02-10 16:00:00,1,17,0.028582049906253813,2026-02-09 12:00:00+00:00,2026-02-09 16:01:22+00:00,True
2026-02-09 18:00:00+00:00,2026-02-10 12:00:00+00:00,2026-02-10 17:00:00,1,18,0.032892179861664775,2026-02-09 12:00:00+00:00,2026-02-09 16:01:22+00:00,True
2026-02-09 18:00:00+00:00,2026-02-10 13:00:00+00:00,2026-02-10 18:00:00,1,19,0.0535443514585495,2026-02-09 12:00:00+00:00,2026-02-09 16:01:22+00:00,True
2026-02-09 18:00:00+00:00,2026-02-10 14:00:00+00:00,2026-02-10 19:00:00,1,20,0.0942330613732338,2026-02-09 12:00:00+00:00,2026-02-09 16:01:22+00:00,True
2026-02-09 18:00:00+00:00,2026-02-10 15:00:00+00:00,2026-02-10 20:00:00,1,21,0.20691296458244324,2026-02-09 12:00:00+00:00,2026-02-09 16:01:22+00:00,True
2026-02-09 18:00:00+00:00,2026-02-10 16:00:00+00:00,2026-02-10 21:00:00,1,22,0.4096024572849274,2026-02-09 12:00:00+00:00,2026-02-09 16:01:22+00:00,True
2026-02-09 18:00:00+00:00,2026-02-10 17:00:00+00:00,2026-02-10 22:00:00,1,23,0.6713092803955079,2026-02-09 12:00:00+00:00,2026-02-09 16:01:22+00:00,True
2026-02-09 18:00:00+00:00,2026-02-10 18:00:00+00:00,2026-02-10 23:00:00,1,24,0.8472919225692749,2026-02-09 12:00:00+00:00,2026-02-09 16:01:22+00:00,True
2026-02-09 18:00:00+00:00,2026-02-10 19:00:00+00:00,2026-02-11 00:00:00,1,25,0.9075647711753845,2026-02-09 12:00:00+00:00,2026-02-09 16:01:22+00:00,True
2026-02-09 18:00:00+00:00,2026-02-10 20:00:00+00:00,2026-02-11 01:00:00,1,26,0.9421400547027587,2026-02-09 12:00:00+00:00,2026-02-09 16:01:22+00:00,True
2026-02-09 18:00:00+00:00,2026-02-10 21:00:00+00:00,2026-02-11 02:00:00,1,27,0.9616766691207885,2026-02-09 12:00:00+00:00,2026-02-09 16:01:22+00:00,True
2026-02-09 18:00:00+00:00,2026-02-10 22:00:00+00:00,2026-02-11 03:00:00,1,28,0.9113515973091125,2026-02-09 12:00:00+00:00,2026-02-09 16:01:22+00:00,True
2026-02-09 18:00:00+00:00,2026-02-10 23:00:00+00:00,2026-02-11 04:00:00,1,29,0.7442545294761658,2026-02-09 12:00:00+00:00,2026-02-09 16:01:22+00:00,True
2026-02-09 18:00:00+00:00,2026-02-11 00:00:00+00:00,2026-02-11 05:00:00,1,30,0.4609319806098938,2026-02-09 12:00:00+00:00,2026-02-09 16:01:22+00:00,True
2026-02-09 18:00:00+00:00,2026-02-11 01:00:00+00:00,2026-02-11 06:00:00,1,31,0.29661220461130144,2026-02-09 12:00:00+00:00,2026-02-09 16:01:22+00:00,True
2026-02-09 18:00:00+00:00,2026-02-11 02:00:00+00:00,2026-02-11 07:00:00,1,32,0.22822067514061928,2026-02-09 12:00:00+00:00,2026-02-09 16:01:22+00:00,True
2026-02-09 18:00:00+00:00,2026-02-11 03:00:00+00:00,2026-02-11 08:00:00,1,33,0.23060302734375,2026-02-09 12:00:00+00:00,2026-02-09 16:01:22+00:00,True
2026-02-09 18:00:00+00:00,2026-02-11 04:00:00+00:00,2026-02-11 09:00:00,1,34,0.16584920585155488,2026-02-09 12:00:00+00:00,2026-02-09 16:01:22+00:00,True
2026-02-09 18:00:00+00:00,2026-02-11 05:00:00+00:00,2026-02-11 10:00:00,1,35,0.20349414944648742,2026-02-09 12:00:00+00:00,2026-02-09 16:01:22+00:00,True
2026-02-09 18:00:00+00:00,2026-02-11 06:00:00+00:00,2026-02-11 11:00:00,1,36,0.39322863817214965,2026-02-09 12:00:00+00:00,2026-02-09 16:01:22+00:00,True
2026-02-09 18:00:00+00:00,2026-02-11 07:00:00+00:00,2026-02-11 12:00:00,1,37,0.5735611319541931,2026-02-09 12:00:00+00:00,2026-02-09 16:01:22+00:00,True
2026-02-09 18:00:00+00:00,2026-02-11 08:00:00+00:00,2026-02-11 13:00:00,1,38,0.780515480041504,2026-02-09 12:00:00+00:00,2026-02-09 16:01:22+00:00,True
2026-02-09 18:00:00+00:00,2026-02-11 09:00:00+00:00,2026-02-11 14:00:00,1,39,0.9268528342247009,2026-02-09 12:00:00+00:00,2026-02-09 16:01:22+00:00,True
2026-02-09 18:00:00+00:00,2026-02-11 10:00:00+00:00,2026-02-11 15:00:00,1,40,0.2665103867650032,2026-02-09 12:00:00+00:00,2026-02-09 16:01:22+00:00,True
2026-02-09 18:00:00+00:00,2026-02-11 11:00:00+00:00,2026-02-11 16:00:00,1,41,0.19320936799049376,2026-02-09 12:00:00+00:00,2026-02-09 16:01:22+00:00,True
2026-02-09 18:00:00+00:00,2026-02-11 12:00:00+00:00,2026-02-11 17:00:00,1,42,0.6649091243743896,2026-02-09 12:00:00+00:00,2026-02-09 16:01:22+00:00,True
2026-02-09 18:00:00+00:00,2026-02-11 13:00:00+00:00,2026-02-11 18:00:00,1,43,0.7667050719261169,2026-02-09 12:00:00+00:00,2026-02-09 16:01:22+00:00,True
2026-02-09 18:00:00+00:00,2026-02-11 14:00:00+00:00,2026-02-11 19:00:00,1,44,0.8674840688705444,2026-02-09 12:00:00+00:00,2026-02-09 16:01:22+00:00,True
2026-02-09 18:00:00+00:00,2026-02-11 15:00:00+00:00,2026-02-11 20:00:00,1,45,0.9428890943527222,2026-02-09 12:00:00+00:00,2026-02-09 16:01:22+00:00,True
2026-02-09 18:00:00+00:00,2026-02-11 16:00:00+00:00,2026-02-11 21:00:00,1,46,0.9384764552116394,2026-02-09 12:00:00+00:00,2026-02-09 16:01:22+00:00,True
2026-02-09 18:00:00+00:00,2026-02-11 17:00:00+00:00,2026-02-11 22:00:00,1,47,0.9356673359870911,2026-02-09 12:00:00+00:00,2026-02-09 16:01:22+00:00,True
2026-02-09 18:00:00+00:00,2026-02-11 18:00:00+00:00,2026-02-11 23:00:00,1,48,0.9387143850326538,2026-02-09 12:00:00+00:00,2026-02-09 16:01:22+00:00,True
2026-02-09 18:00:00+00:00,2026-02-09 19:00:00+00:00,2026-02-10 00:00:00,2,1,0.054630407691001893,2026-02-09 12:00:00+00:00,2026-02-09 16:01:22+00:00,True
2026-02-09 18:00:00+00:00,2026-02-09 20:00:00+00:00,2026-02-10 01:00:00,2,2,0.033353664353489874,2026-02-09 12:00:00+00:00,2026-02-09 16:01:22+00:00,True
2026-02-09 18:00:00+00:00,2026-02-09 21:00:00+00:00,2026-02-10 02:00:00,2,3,0.023003010638058187,2026-02-09 12:00:00+00:00,2026-02-09 16:01:22+00:00,True
2026-02-09 18:00:00+00:00,2026-02-09 22:00:00+00:00,2026-02-10 03:00:00,2,4,0.02730909865349531,2026-02-09 12:00:00+00:00,2026-02-09 16:01:22+00:00,True
2026-02-09 18:00:00+00:00,2026-02-09 23:00:00+00:00,2026-02-10 04:00:00,2,5,0.032433258928358556,2026-02-09 12:00:00+00:00,2026-02-09 16:01:22+00:00,True
2026-02-09 18:00:00+00:00,2026-02-10 00:00:00+00:00,2026-02-10 05:00:00,2,6,0.041291190311312675,2026-02-09 12:00:00+00:00,2026-02-09 16:01:22+00:00,True
2026-02-09 18:00:00+00:00,2026-02-10 01:00:00+00:00,2026-02-10 06:00:00,2,7,0.05466083660721779,2026-02-09 12:00:00+00:00,2026-02-09 16:01:22+00:00,True
2026-02-09 18:00:00+00:00,2026-02-10 02:00:00+00:00,2026-02-10 07:00:00,2,8,0.0718915469944477,2026-02-09 12:00:00+00:00,2026-02-09 16:01:22+00:00,True
2026-02-09 18:00:00+00:00,2026-02-10 03:00:00+00:00,2026-02-10 08:00:00,2,9,0.08822930902242661,2026-02-09 12:00:00+00:00,2026-02-09 16:01:22+00:00,True
2026-02-09 18:00:00+00:00,2026-02-10 04:00:00+00:00,2026-02-10 09:00:00,2,10,0.08971412777900696,2026-02-09 12:00:00+00:00,2026-02-09 16:01:22+00:00,True
2026-02-09 18:00:00+00:00,2026-02-10 05:00:00+00:00,2026-02-10 10:00:00,2,11,0.09053584784269333,2026-02-09 12:00:00+00:00,2026-02-09 16:01:22+00:00,True
2026-02-09 18:00:00+00:00,2026-02-10 06:00:00+00:00,2026-02-10 11:00:00,2,12,0.09918939545750619,2026-02-09 12:00:00+00:00,2026-02-09 16:01:22+00:00,True
2026-02-09 18:00:00+00:00,2026-02-10 07:00:00+00:00,2026-02-10 12:00:00,2,13,0.05552665069699288,2026-02-09 12:00:00+00:00,2026-02-09 16:01:22+00:00,True
2026-02-09 18:00:00+00:00,2026-02-10 08:00:00+00:00,2026-02-10 13:00:00,2,14,0.04304322563111782,2026-02-09 12:00:00+00:00,2026-02-09 16:01:22+00:00,True
2026-02-09 18:00:00+00:00,2026-02-10 09:00:00+00:00,2026-02-10 14:00:00,2,15,0.07793895304203033,2026-02-09 12:00:00+00:00,2026-02-09 16:01:22+00:00,True
2026-02-09 18:00:00+00:00,2026-02-10 10:00:00+00:00,2026-02-10 15:00:00,2,16,0.051539769023656846,2026-02-09 12:00:00+00:00,2026-02-09 16:01:22+00:00,True
2026-02-09 18:00:00+00:00,2026-02-10 11:00:00+00:00,2026-02-10 16:00:00,2,17,0.02588244006037712,2026-02-09 12:00:00+00:00,2026-02-09 16:01:22+00:00,True
2026-02-09 18:00:00+00:00,2026-02-10 12:00:00+00:00,2026-02-10 17:00:00,2,18,0.029998857527971268,2026-02-09 12:00:00+00:00,2026-02-09 16:01:22+00:00,True
2026-02-09 18:00:00+00:00,2026-02-10 13:00:00+00:00,2026-02-10 18:00:00,2,19,0.05031662136316299,2026-02-09 12:00:00+00:00,2026-02-09 16:01:22+00:00,True
2026-02-09 18:00:00+00:00,2026-02-10 14:00:00+00:00,2026-02-10 19:00:00,2,20,0.09267494902014732,2026-02-09 12:00:00+00:00,2026-02-09 16:01:22+00:00,True
2026-02-09 18:00:00+00:00,2026-02-10 15:00:00+00:00,2026-02-10 20:00:00,2,21,0.20048394352197646,2026-02-09 12:00:00+00:00,2026-02-09 16:01:22+00:00,True
2026-02-09 18:00:00+00:00,2026-02-10 16:00:00+00:00,2026-02-10 21:00:00,2,22,0.38824584782123567,2026-02-09 12:00:00+00:00,2026-02-09 16:01:22+00:00,True
2026-02-09 18:00:00+00:00,2026-02-10 17:00:00+00:00,2026-02-10 22:00:00,2,23,0.6530327916145324,2026-02-09 12:00:00+00:00,2026-02-09 16:01:22+00:00,True
2026-02-09 18:00:00+00:00,2026-02-10 18:00:00+00:00,2026-02-10 23:00:00,2,24,0.8336630225181579,2026-02-09 12:00:00+00:00,2026-02-09 16:01:22+00:00,True
2026-02-09 18:00:00+00:00,2026-02-10 19:00:00+00:00,2026-02-11 00:00:00,2,25,0.8997599124908447,2026-02-09 12:00:00+00:00,2026-02-09 16:01:22+00:00,True
2026-02-09 18:00:00+00:00,2026-02-10 20:00:00+00:00,2026-02-11 01:00:00,2,26,0.9364794850349426,2026-02-09 12:00:00+00:00,2026-02-09 16:01:22+00:00,True
2026-02-09 18:00:00+00:00,2026-02-10 21:00:00+00:00,2026-02-11 02:00:00,2,27,0.9573113083839416,2026-02-09 12:00:00+00:00,2026-02-09 16:01:22+00:00,True
2026-02-09 18:00:00+00:00,2026-02-10 22:00:00+00:00,2026-02-11 03:00:00,2,28,0.8974592685699463,2026-02-09 12:00:00+00:00,2026-02-09 16:01:22+00:00,True
2026-02-09 18:00:00+00:00,2026-02-10 23:00:00+00:00,2026-02-11 04:00:00,2,29,0.7068572402000427,2026-02-09 12:00:00+00:00,2026-02-09 16:01:22+00:00,True
2026-02-09 18:00:00+00:00,2026-02-11 00:00:00+00:00,2026-02-11 05:00:00,2,30,0.42891992926597594,2026-02-09 12:00:00+00:00,2026-02-09 16:01:22+00:00,True
2026-02-09 18:00:00+00:00,2026-02-11 01:00:00+00:00,2026-02-11 06:00:00,2,31,0.27526131495833395,2026-02-09 12:00:00+00:00,2026-02-09 16:01:22+00:00,True
2026-02-09 18:00:00+00:00,2026-02-11 02:00:00+00:00,2026-02-11 07:00:00,2,32,0.2096126191318035,2026-02-09 12:00:00+00:00,2026-02-09 16:01:22+00:00,True
2026-02-09 18:00:00+00:00,2026-02-11 03:00:00+00:00,2026-02-11 08:00:00,2,33,0.2071697823703289,2026-02-09 12:00:00+00:00,2026-02-09 16:01:22+00:00,True
2026-02-09 18:00:00+00:00,2026-02-11 04:00:00+00:00,2026-02-11 09:00:00,2,34,0.1518894799053669,2026-02-09 12:00:00+00:00,2026-02-09 16:01:22+00:00,True
2026-02-09 18:00:00+00:00,2026-02-11 05:00:00+00:00,2026-02-11 10:00:00,2,35,0.19611270129680633,2026-02-09 12:00:00+00:00,2026-02-09 16:01:22+00:00,True
2026-02-09 18:00:00+00:00,2026-02-11 06:00:00+00:00,2026-02-11 11:00:00,2,36,0.40556437969207765,2026-02-09 12:00:00+00:00,2026-02-09 16:01:22+00:00,True
2026-02-09 18:00:00+00:00,2026-02-11 07:00:00+00:00,2026-02-11 12:00:00,2,37,0.5975456893444061,2026-02-09 12:00:00+00:00,2026-02-09 16:01:22+00:00,True
2026-02-09 18:00:00+00:00,2026-02-11 08:00:00+00:00,2026-02-11 13:00:00,2,38,0.7966550350189209,2026-02-09 12:00:00+00:00,2026-02-09 16:01:22+00:00,True
2026-02-09 18:00:00+00:00,2026-02-11 09:00:00+00:00,2026-02-11 14:00:00,2,39,0.9309682607650757,2026-02-09 12:00:00+00:00,2026-02-09 16:01:22+00:00,True
2026-02-09 18:00:00+00:00,2026-02-11 10:00:00+00:00,2026-02-11 15:00:00,2,40,0.28410927653312684,2026-02-09 12:00:00+00:00,2026-02-09 16:01:22+00:00,True
2026-02-09 18:00:00+00:00,2026-02-11 11:00:00+00:00,2026-02-11 16:00:00,2,41,0.19300559535622597,2026-02-09 12:00:00+00:00,2026-02-09 16:01:22+00:00,True
2026-02-09 18:00:00+00:00,2026-02-11 12:00:00+00:00,2026-02-11 17:00:00,2,42,0.6617615699768067,2026-02-09 12:00:00+00:00,2026-02-09 16:01:22+00:00,True
2026-02-09 18:00:00+00:00,2026-02-11 13:00:00+00:00,2026-02-11 18:00:00,2,43,0.7548385620117187,2026-02-09 12:00:00+00:00,2026-02-09 16:01:22+00:00,True
2026-02-09 18:00:00+00:00,2026-02-11 14:00:00+00:00,2026-02-11 19:00:00,2,44,0.8575674414634704,2026-02-09 12:00:00+00:00,2026-02-09 16:01:22+00:00,True
2026-02-09 18:00:00+00:00,2026-02-11 15:00:00+00:00,2026-02-11 20:00:00,2,45,0.935230302810669,2026-02-09 12:00:00+00:00,2026-02-09 16:01:22+00:00,True
2026-02-09 18:00:00+00:00,2026-02-11 16:00:00+00:00,2026-02-11 21:00:00,2,46,0.9306048274040222,2026-02-09 12:00:00+00:00,2026-02-09 16:01:22+00:00,True
2026-02-09 18:00:00+00:00,2026-02-11 17:00:00+00:00,2026-02-11 22:00:00,2,47,0.9279203534126281,2026-02-09 12:00:00+00:00,2026-02-09 16:01:22+00:00,True
2026-02-09 18:00:00+00:00,2026-02-11 18:00:00+00:00,2026-02-11 23:00:00,2,48,0.9309839129447937,2026-02-09 12:00:00+00:00,2026-02-09 16:01:22+00:00,True
2026-02-10 18:00:00+00:00,2026-02-10 19:00:00+00:00,2026-02-11 00:00:00,1,1,0.9629618048667907,2026-02-10 12:00:00+00:00,2026-02-10 16:01:28+00:00,True
2026-02-10 18:00:00+00:00,2026-02-10 20:00:00+00:00,2026-02-11 01:00:00,1,2,0.9370989918708801,2026-02-10 12:00:00+00:00,2026-02-10 16:01:28+00:00,True
2026-02-10 18:00:00+00:00,2026-02-10 21:00:00+00:00,2026-02-11 02:00:00,1,3,0.8928771018981934,2026-02-10 12:00:00+00:00,2026-02-10 16:01:28+00:00,True
2026-02-10 18:00:00+00:00,2026-02-10 22:00:00+00:00,2026-02-11 03:00:00,1,4,0.6129097461700439,2026-02-10 12:00:00+00:00,2026-02-10 16:01:28+00:00,True
2026-02-10 18:00:00+00:00,2026-02-10 23:00:00+00:00,2026-02-11 04:00:00,1,5,0.17611753642559053,2026-02-10 12:00:00+00:00,2026-02-10 16:01:28+00:00,True
2026-02-10 18:00:00+00:00,2026-02-11 00:00:00+00:00,2026-02-11 05:00:00,1,6,0.0460456982254982,2026-02-10 12:00:00+00:00,2026-02-10 16:01:28+00:00,True
2026-02-10 18:00:00+00:00,2026-02-11 01:00:00+00:00,2026-02-11 06:00:00,1,7,0.06003352478146553,2026-02-10 12:00:00+00:00,2026-02-10 16:01:28+00:00,True
2026-02-10 18:00:00+00:00,2026-02-11 02:00:00+00:00,2026-02-11 07:00:00,1,8,0.054614638537168504,2026-02-10 12:00:00+00:00,2026-02-10 16:01:28+00:00,True
2026-02-10 18:00:00+00:00,2026-02-11 03:00:00+00:00,2026-02-11 08:00:00,1,9,0.060750693827867505,2026-02-10 12:00:00+00:00,2026-02-10 16:01:28+00:00,True
2026-02-10 18:00:00+00:00,2026-02-11 04:00:00+00:00,2026-02-11 09:00:00,1,10,0.10762649029493332,2026-02-10 12:00:00+00:00,2026-02-10 16:01:28+00:00,True
2026-02-10 18:00:00+00:00,2026-02-11 05:00:00+00:00,2026-02-11 10:00:00,1,11,0.2224690705537796,2026-02-10 12:00:00+00:00,2026-02-10 16:01:28+00:00,True
2026-02-10 18:00:00+00:00,2026-02-11 06:00:00+00:00,2026-02-11 11:00:00,1,12,0.5023271024227143,2026-02-10 12:00:00+00:00,2026-02-10 16:01:28+00:00,True
2026-02-10 18:00:00+00:00,2026-02-11 07:00:00+00:00,2026-02-11 12:00:00,1,13,0.5402815222740174,2026-02-10 12:00:00+00:00,2026-02-10 16:01:28+00:00,True
2026-02-10 18:00:00+00:00,2026-02-11 08:00:00+00:00,2026-02-11 13:00:00,1,14,0.5729978561401368,2026-02-10 12:00:00+00:00,2026-02-10 16:01:28+00:00,True
2026-02-10 18:00:00+00:00,2026-02-11 09:00:00+00:00,2026-02-11 14:00:00,1,15,0.6634686231613159,2026-02-10 12:00:00+00:00,2026-02-10 16:01:28+00:00,True
2026-02-10 18:00:00+00:00,2026-02-11 10:00:00+00:00,2026-02-11 15:00:00,1,16,0.14826298877596855,2026-02-10 12:00:00+00:00,2026-02-10 16:01:28+00:00,True
2026-02-10 18:00:00+00:00,2026-02-11 11:00:00+00:00,2026-02-11 16:00:00,1,17,0.06129978820681572,2026-02-10 12:00:00+00:00,2026-02-10 16:01:28+00:00,True
2026-02-10 18:00:00+00:00,2026-02-11 12:00:00+00:00,2026-02-11 17:00:00,1,18,0.43092173635959624,2026-02-10 12:00:00+00:00,2026-02-10 16:01:28+00:00,True
2026-02-10 18:00:00+00:00,2026-02-11 13:00:00+00:00,2026-02-11 18:00:00,1,19,0.5879788219928741,2026-02-10 12:00:00+00:00,2026-02-10 16:01:28+00:00,True
2026-02-10 18:00:00+00:00,2026-02-11 14:00:00+00:00,2026-02-11 19:00:00,1,20,0.807278287410736,2026-02-10 12:00:00+00:00,2026-02-10 16:01:28+00:00,True
2026-02-10 18:00:00+00:00,2026-02-11 15:00:00+00:00,2026-02-11 20:00:00,1,21,0.9501869559288025,2026-02-10 12:00:00+00:00,2026-02-10 16:01:28+00:00,True
2026-02-10 18:00:00+00:00,2026-02-11 16:00:00+00:00,2026-02-11 21:00:00,1,22,0.9213996767997742,2026-02-10 12:00:00+00:00,2026-02-10 16:01:28+00:00,True
2026-02-10 18:00:00+00:00,2026-02-11 17:00:00+00:00,2026-02-11 22:00:00,1,23,0.8857787489891052,2026-02-10 12:00:00+00:00,2026-02-10 16:01:28+00:00,True
2026-02-10 18:00:00+00:00,2026-02-11 18:00:00+00:00,2026-02-11 23:00:00,1,24,0.8478832006454468,2026-02-10 12:00:00+00:00,2026-02-10 16:01:28+00:00,True
2026-02-10 18:00:00+00:00,2026-02-11 19:00:00+00:00,2026-02-12 00:00:00,1,25,0.8597290873527527,2026-02-10 12:00:00+00:00,2026-02-10 16:01:28+00:00,True
2026-02-10 18:00:00+00:00,2026-02-11 20:00:00+00:00,2026-02-12 01:00:00,1,26,0.8683111071586609,2026-02-10 12:00:00+00:00,2026-02-10 16:01:28+00:00,True
2026-02-10 18:00:00+00:00,2026-02-11 21:00:00+00:00,2026-02-12 02:00:00,1,27,0.8732684493064881,2026-02-10 12:00:00+00:00,2026-02-10 16:01:28+00:00,True
2026-02-10 18:00:00+00:00,2026-02-11 22:00:00+00:00,2026-02-12 03:00:00,1,28,0.8142412066459656,2026-02-10 12:00:00+00:00,2026-02-10 16:01:28+00:00,True
2026-02-10 18:00:00+00:00,2026-02-11 23:00:00+00:00,2026-02-12 04:00:00,1,29,0.7412620306015014,2026-02-10 12:00:00+00:00,2026-02-10 16:01:28+00:00,True
2026-02-10 18:00:00+00:00,2026-02-12 00:00:00+00:00,2026-02-12 05:00:00,1,30,0.6441693425178527,2026-02-10 12:00:00+00:00,2026-02-10 16:01:28+00:00,True
2026-02-10 18:00:00+00:00,2026-02-12 01:00:00+00:00,2026-02-12 06:00:00,1,31,0.4756016254425049,2026-02-10 12:00:00+00:00,2026-02-10 16:01:28+00:00,True
2026-02-10 18:00:00+00:00,2026-02-12 02:00:00+00:00,2026-02-12 07:00:00,1,32,0.30259734988212583,2026-02-10 12:00:00+00:00,2026-02-10 16:01:28+00:00,True
2026-02-10 18:00:00+00:00,2026-02-12 03:00:00+00:00,2026-02-12 08:00:00,1,33,0.1706933170557022,2026-02-10 12:00:00+00:00,2026-02-10 16:01:28+00:00,True
2026-02-10 18:00:00+00:00,2026-02-12 04:00:00+00:00,2026-02-12 09:00:00,1,34,0.12424309104681015,2026-02-10 12:00:00+00:00,2026-02-10 16:01:28+00:00,True
2026-02-10 18:00:00+00:00,2026-02-12 05:00:00+00:00,2026-02-12 10:00:00,1,35,0.09358176440000535,2026-02-10 12:00:00+00:00,2026-02-10 16:01:28+00:00,True
2026-02-10 18:00:00+00:00,2026-02-12 06:00:00+00:00,2026-02-12 11:00:00,1,36,0.07638712078332902,2026-02-10 12:00:00+00:00,2026-02-10 16:01:28+00:00,True
2026-02-10 18:00:00+00:00,2026-02-12 07:00:00+00:00,2026-02-12 12:00:00,1,37,0.06308896020054817,2026-02-10 12:00:00+00:00,2026-02-10 16:01:28+00:00,True
2026-02-10 18:00:00+00:00,2026-02-12 08:00:00+00:00,2026-02-12 13:00:00,1,38,0.05579474493861199,2026-02-10 12:00:00+00:00,2026-02-10 16:01:28+00:00,True
2026-02-10 18:00:00+00:00,2026-02-12 09:00:00+00:00,2026-02-12 14:00:00,1,39,0.05089969485998154,2026-02-10 12:00:00+00:00,2026-02-10 16:01:28+00:00,True
2026-02-10 18:00:00+00:00,2026-02-12 10:00:00+00:00,2026-02-12 15:00:00,1,40,0.09220143258571625,2026-02-10 12:00:00+00:00,2026-02-10 16:01:28+00:00,True
2026-02-10 18:00:00+00:00,2026-02-12 11:00:00+00:00,2026-02-12 16:00:00,1,41,0.16543066948652269,2026-02-10 12:00:00+00:00,2026-02-10 16:01:28+00:00,True
2026-02-10 18:00:00+00:00,2026-02-12 12:00:00+00:00,2026-02-12 17:00:00,1,42,0.27573050558567047,2026-02-10 12:00:00+00:00,2026-02-10 16:01:28+00:00,True
2026-02-10 18:00:00+00:00,2026-02-12 13:00:00+00:00,2026-02-12 18:00:00,1,43,0.38446101546287537,2026-02-10 12:00:00+00:00,2026-02-10 16:01:28+00:00,True
2026-02-10 18:00:00+00:00,2026-02-12 14:00:00+00:00,2026-02-12 19:00:00,1,44,0.48111980557441714,2026-02-10 12:00:00+00:00,2026-02-10 16:01:28+00:00,True
2026-02-10 18:00:00+00:00,2026-02-12 15:00:00+00:00,2026-02-12 20:00:00,1,45,0.5629182159900665,2026-02-10 12:00:00+00:00,2026-02-10 16:01:28+00:00,True
2026-02-10 18:00:00+00:00,2026-02-12 16:00:00+00:00,2026-02-12 21:00:00,1,46,0.541174566745758,2026-02-10 12:00:00+00:00,2026-02-10 16:01:28+00:00,True
2026-02-10 18:00:00+00:00,2026-02-12 17:00:00+00:00,2026-02-12 22:00:00,1,47,0.45514715909957887,2026-02-10 12:00:00+00:00,2026-02-10 16:01:28+00:00,True
2026-02-10 18:00:00+00:00,2026-02-12 18:00:00+00:00,2026-02-12 23:00:00,1,48,0.34331352114677427,2026-02-10 12:00:00+00:00,2026-02-10 16:01:28+00:00,True
2026-02-10 18:00:00+00:00,2026-02-10 19:00:00+00:00,2026-02-11 00:00:00,2,1,0.9582267165184021,2026-02-10 12:00:00+00:00,2026-02-10 16:01:28+00:00,True
2026-02-10 18:00:00+00:00,2026-02-10 20:00:00+00:00,2026-02-11 01:00:00,2,2,0.9306219816207886,2026-02-10 12:00:00+00:00,2026-02-10 16:01:28+00:00,True
2026-02-10 18:00:00+00:00,2026-02-10 21:00:00+00:00,2026-02-11 02:00:00,2,3,0.8826277732849122,2026-02-10 12:00:00+00:00,2026-02-10 16:01:28+00:00,True
2026-02-10 18:00:00+00:00,2026-02-10 22:00:00+00:00,2026-02-11 03:00:00,2,4,0.5850801587104797,2026-02-10 12:00:00+00:00,2026-02-10 16:01:28+00:00,True
2026-02-10 18:00:00+00:00,2026-02-10 23:00:00+00:00,2026-02-11 04:00:00,2,5,0.15644078701734543,2026-02-10 12:00:00+00:00,2026-02-10 16:01:28+00:00,True
2026-02-10 18:00:00+00:00,2026-02-11 00:00:00+00:00,2026-02-11 05:00:00,2,6,0.040121538937091826,2026-02-10 12:00:00+00:00,2026-02-10 16:01:28+00:00,True
2026-02-10 18:00:00+00:00,2026-02-11 01:00:00+00:00,2026-02-11 06:00:00,2,7,0.05214720536023378,2026-02-10 12:00:00+00:00,2026-02-10 16:01:28+00:00,True
2026-02-10 18:00:00+00:00,2026-02-11 02:00:00+00:00,2026-02-11 07:00:00,2,8,0.04707471989095211,2026-02-10 12:00:00+00:00,2026-02-10 16:01:28+00:00,True
2026-02-10 18:00:00+00:00,2026-02-11 03:00:00+00:00,2026-02-11 08:00:00,2,9,0.053207460790872574,2026-02-10 12:00:00+00:00,2026-02-10 16:01:28+00:00,True
2026-02-10 18:00:00+00:00,2026-02-11 04:00:00+00:00,2026-02-11 09:00:00,2,10,0.0996891513466835,2026-02-10 12:00:00+00:00,2026-02-10 16:01:28+00:00,True
2026-02-10 18:00:00+00:00,2026-02-11 05:00:00+00:00,2026-02-11 10:00:00,2,11,0.22539967000484468,2026-02-10 12:00:00+00:00,2026-02-10 16:01:28+00:00,True
2026-02-10 18:00:00+00:00,2026-02-11 06:00:00+00:00,2026-02-11 11:00:00,2,12,0.5118452668190002,2026-02-10 12:00:00+00:00,2026-02-10 16:01:28+00:00,True
2026-02-10 18:00:00+00:00,2026-02-11 07:00:00+00:00,2026-02-11 12:00:00,2,13,0.5583512306213378,2026-02-10 12:00:00+00:00,2026-02-10 16:01:28+00:00,True
2026-02-10 18:00:00+00:00,2026-02-11 08:00:00+00:00,2026-02-11 13:00:00,2,14,0.5908966064453125,2026-02-10 12:00:00+00:00,2026-02-10 16:01:28+00:00,True
2026-02-10 18:00:00+00:00,2026-02-11 09:00:00+00:00,2026-02-11 14:00:00,2,15,0.6863072276115417,2026-02-10 12:00:00+00:00,2026-02-10 16:01:28+00:00,True
2026-02-10 18:00:00+00:00,2026-02-11 10:00:00+00:00,2026-02-11 15:00:00,2,16,0.15221420601010321,2026-02-10 12:00:00+00:00,2026-02-10 16:01:28+00:00,True
2026-02-10 18:00:00+00:00,2026-02-11 11:00:00+00:00,2026-02-11 16:00:00,2,17,0.05886425003409386,2026-02-10 12:00:00+00:00,2026-02-10 16:01:28+00:00,True
2026-02-10 18:00:00+00:00,2026-02-11 12:00:00+00:00,2026-02-11 17:00:00,2,18,0.4378742307424545,2026-02-10 12:00:00+00:00,2026-02-10 16:01:28+00:00,True
2026-02-10 18:00:00+00:00,2026-02-11 13:00:00+00:00,2026-02-11 18:00:00,2,19,0.5941507399082184,2026-02-10 12:00:00+00:00,2026-02-10 16:01:28+00:00,True
2026-02-10 18:00:00+00:00,2026-02-11 14:00:00+00:00,2026-02-11 19:00:00,2,20,0.8019784092903137,2026-02-10 12:00:00+00:00,2026-02-10 16:01:28+00:00,True
2026-02-10 18:00:00+00:00,2026-02-11 15:00:00+00:00,2026-02-11 20:00:00,2,21,0.9457226872444153,2026-02-10 12:00:00+00:00,2026-02-10 16:01:28+00:00,True
2026-02-10 18:00:00+00:00,2026-02-11 16:00:00+00:00,2026-02-11 21:00:00,2,22,0.9139967799186707,2026-02-10 12:00:00+00:00,2026-02-10 16:01:28+00:00,True
2026-02-10 18:00:00+00:00,2026-02-11 17:00:00+00:00,2026-02-11 22:00:00,2,23,0.8755527973175049,2026-02-10 12:00:00+00:00,2026-02-10 16:01:28+00:00,True
2026-02-10 18:00:00+00:00,2026-02-11 18:00:00+00:00,2026-02-11 23:00:00,2,24,0.8379970550537109,2026-02-10 12:00:00+00:00,2026-02-10 16:01:28+00:00,True
2026-02-10 18:00:00+00:00,2026-02-11 19:00:00+00:00,2026-02-12 00:00:00,2,25,0.8489354968070983,2026-02-10 12:00:00+00:00,2026-02-10 16:01:28+00:00,True
2026-02-10 18:00:00+00:00,2026-02-11 20:00:00+00:00,2026-02-12 01:00:00,2,26,0.8579860091209411,2026-02-10 12:00:00+00:00,2026-02-10 16:01:28+00:00,True
2026-02-10 18:00:00+00:00,2026-02-11 21:00:00+00:00,2026-02-12 02:00:00,2,27,0.8613606214523315,2026-02-10 12:00:00+00:00,2026-02-10 16:01:28+00:00,True
2026-02-10 18:00:00+00:00,2026-02-11 22:00:00+00:00,2026-02-12 03:00:00,2,28,0.800492787361145,2026-02-10 12:00:00+00:00,2026-02-10 16:01:28+00:00,True
2026-02-10 18:00:00+00:00,2026-02-11 23:00:00+00:00,2026-02-12 04:00:00,2,29,0.7238144874572754,2026-02-10 12:00:00+00:00,2026-02-10 16:01:28+00:00,True
2026-02-10 18:00:00+00:00,2026-02-12 00:00:00+00:00,2026-02-12 05:00:00,2,30,0.6244001865386963,2026-02-10 12:00:00+00:00,2026-02-10 16:01:28+00:00,True
2026-02-10 18:00:00+00:00,2026-02-12 01:00:00+00:00,2026-02-12 06:00:00,2,31,0.45428183674812317,2026-02-10 12:00:00+00:00,2026-02-10 16:01:28+00:00,True
2026-02-10 18:00:00+00:00,2026-02-12 02:00:00+00:00,2026-02-12 07:00:00,2,32,0.2809930443763733,2026-02-10 12:00:00+00:00,2026-02-10 16:01:28+00:00,True
2026-02-10 18:00:00+00:00,2026-02-12 03:00:00+00:00,2026-02-12 08:00:00,2,33,0.15777977406978608,2026-02-10 12:00:00+00:00,2026-02-10 16:01:28+00:00,True
2026-02-10 18:00:00+00:00,2026-02-12 04:00:00+00:00,2026-02-12 09:00:00,2,34,0.11434245109558105,2026-02-10 12:00:00+00:00,2026-02-10 16:01:28+00:00,True
2026-02-10 18:00:00+00:00,2026-02-12 05:00:00+00:00,2026-02-12 10:00:00,2,35,0.08759820908308029,2026-02-10 12:00:00+00:00,2026-02-10 16:01:28+00:00,True
2026-02-10 18:00:00+00:00,2026-02-12 06:00:00+00:00,2026-02-12 11:00:00,2,36,0.07251320928335189,2026-02-10 12:00:00+00:00,2026-02-10 16:01:28+00:00,True
2026-02-10 18:00:00+00:00,2026-02-12 07:00:00+00:00,2026-02-12 12:00:00,2,37,0.06050465628504753,2026-02-10 12:00:00+00:00,2026-02-10 16:01:28+00:00,True
2026-02-10 18:00:00+00:00,2026-02-12 08:00:00+00:00,2026-02-12 13:00:00,2,38,0.0540771521627903,2026-02-10 12:00:00+00:00,2026-02-10 16:01:28+00:00,True
2026-02-10 18:00:00+00:00,2026-02-12 09:00:00+00:00,2026-02-12 14:00:00,2,39,0.04924508891999722,2026-02-10 12:00:00+00:00,2026-02-10 16:01:28+00:00,True
2026-02-10 18:00:00+00:00,2026-02-12 10:00:00+00:00,2026-02-12 15:00:00,2,40,0.08990366607904435,2026-02-10 12:00:00+00:00,2026-02-10 16:01:28+00:00,True
2026-02-10 18:00:00+00:00,2026-02-12 11:00:00+00:00,2026-02-12 16:00:00,2,41,0.15970738381147384,2026-02-10 12:00:00+00:00,2026-02-10 16:01:28+00:00,True
2026-02-10 18:00:00+00:00,2026-02-12 12:00:00+00:00,2026-02-12 17:00:00,2,42,0.26799885630607606,2026-02-10 12:00:00+00:00,2026-02-10 16:01:28+00:00,True
2026-02-10 18:00:00+00:00,2026-02-12 13:00:00+00:00,2026-02-12 18:00:00,2,43,0.37889822125434874,2026-02-10 12:00:00+00:00,2026-02-10 16:01:28+00:00,True
2026-02-10 18:00:00+00:00,2026-02-12 14:00:00+00:00,2026-02-12 19:00:00,2,44,0.47817065715789797,2026-02-10 12:00:00+00:00,2026-02-10 16:01:28+00:00,True
2026-02-10 18:00:00+00:00,2026-02-12 15:00:00+00:00,2026-02-12 20:00:00,2,45,0.5603103280067444,2026-02-10 12:00:00+00:00,2026-02-10 16:01:28+00:00,True
2026-02-10 18:00:00+00:00,2026-02-12 16:00:00+00:00,2026-02-12 21:00:00,2,46,0.5342405200004577,2026-02-10 12:00:00+00:00,2026-02-10 16:01:28+00:00,True
2026-02-10 18:00:00+00:00,2026-02-12 17:00:00+00:00,2026-02-12 22:00:00,2,47,0.4459355652332306,2026-02-10 12:00:00+00:00,2026-02-10 16:01:28+00:00,True
2026-02-10 18:00:00+00:00,2026-02-12 18:00:00+00:00,2026-02-12 23:00:00,2,48,0.3264238744974136,2026-02-10 12:00:00+00:00,2026-02-10 16:01:28+00:00,True
2026-02-11 18:00:00+00:00,2026-02-11 19:00:00+00:00,2026-02-12 00:00:00,1,1,0.6434227228164673,2026-02-11 12:00:00+00:00,2026-02-11 16:00:54+00:00,True
2026-02-11 18:00:00+00:00,2026-02-11 20:00:00+00:00,2026-02-12 01:00:00,1,2,0.6604003190994263,2026-02-11 12:00:00+00:00,2026-02-11 16:00:54+00:00,True
2026-02-11 18:00:00+00:00,2026-02-11 21:00:00+00:00,2026-02-12 02:00:00,1,3,0.6677244424819946,2026-02-11 12:00:00+00:00,2026-02-11 16:00:54+00:00,True
2026-02-11 18:00:00+00:00,2026-02-11 22:00:00+00:00,2026-02-12 03:00:00,1,4,0.49483489990234375,2026-02-11 12:00:00+00:00,2026-02-11 16:00:54+00:00,True
2026-02-11 18:00:00+00:00,2026-02-11 23:00:00+00:00,2026-02-12 04:00:00,1,5,0.30611321032047273,2026-02-11 12:00:00+00:00,2026-02-11 16:00:54+00:00,True
2026-02-11 18:00:00+00:00,2026-02-12 00:00:00+00:00,2026-02-12 05:00:00,1,6,0.16121096909046173,2026-02-11 12:00:00+00:00,2026-02-11 16:00:54+00:00,True
2026-02-11 18:00:00+00:00,2026-02-12 01:00:00+00:00,2026-02-12 06:00:00,1,7,0.09218441024422645,2026-02-11 12:00:00+00:00,2026-02-11 16:00:54+00:00,True
2026-02-11 18:00:00+00:00,2026-02-12 02:00:00+00:00,2026-02-12 07:00:00,1,8,0.05708584040403366,2026-02-11 12:00:00+00:00,2026-02-11 16:00:54+00:00,True
2026-02-11 18:00:00+00:00,2026-02-12 03:00:00+00:00,2026-02-12 08:00:00,1,9,0.04141472838819027,2026-02-11 12:00:00+00:00,2026-02-11 16:00:54+00:00,True
2026-02-11 18:00:00+00:00,2026-02-12 04:00:00+00:00,2026-02-12 09:00:00,1,10,0.017348367534577847,2026-02-11 12:00:00+00:00,2026-02-11 16:00:54+00:00,True
2026-02-11 18:00:00+00:00,2026-02-12 05:00:00+00:00,2026-02-12 10:00:00,1,11,0.012042987160384655,2026-02-11 12:00:00+00:00,2026-02-11 16:00:54+00:00,True
2026-02-11 18:00:00+00:00,2026-02-12 06:00:00+00:00,2026-02-12 11:00:00,1,12,0.019815216585993767,2026-02-11 12:00:00+00:00,2026-02-11 16:00:54+00:00,True
2026-02-11 18:00:00+00:00,2026-02-12 07:00:00+00:00,2026-02-12 12:00:00,1,13,0.025268218852579592,2026-02-11 12:00:00+00:00,2026-02-11 16:00:54+00:00,True
2026-02-11 18:00:00+00:00,2026-02-12 08:00:00+00:00,2026-02-12 13:00:00,1,14,0.03702562674880028,2026-02-11 12:00:00+00:00,2026-02-11 16:00:54+00:00,True
2026-02-11 18:00:00+00:00,2026-02-12 09:00:00+00:00,2026-02-12 14:00:00,1,15,0.06608187779784203,2026-02-11 12:00:00+00:00,2026-02-11 16:00:54+00:00,True
2026-02-11 18:00:00+00:00,2026-02-12 10:00:00+00:00,2026-02-12 15:00:00,1,16,0.04915849603712559,2026-02-11 12:00:00+00:00,2026-02-11 16:00:54+00:00,True
2026-02-11 18:00:00+00:00,2026-02-12 11:00:00+00:00,2026-02-12 16:00:00,1,17,0.04237296544015408,2026-02-11 12:00:00+00:00,2026-02-11 16:00:54+00:00,True
2026-02-11 18:00:00+00:00,2026-02-12 12:00:00+00:00,2026-02-12 17:00:00,1,18,0.036754224076867105,2026-02-11 12:00:00+00:00,2026-02-11 16:00:54+00:00,True
2026-02-11 18:00:00+00:00,2026-02-12 13:00:00+00:00,2026-02-12 18:00:00,1,19,0.037053870782256124,2026-02-11 12:00:00+00:00,2026-02-11 16:00:54+00:00,True
2026-02-11 18:00:00+00:00,2026-02-12 14:00:00+00:00,2026-02-12 19:00:00,1,20,0.09666034877300263,2026-02-11 12:00:00+00:00,2026-02-11 16:00:54+00:00,True
2026-02-11 18:00:00+00:00,2026-02-12 15:00:00+00:00,2026-02-12 20:00:00,1,21,0.24645086228847504,2026-02-11 12:00:00+00:00,2026-02-11 16:00:54+00:00,True
2026-02-11 18:00:00+00:00,2026-02-12 16:00:00+00:00,2026-02-12 21:00:00,1,22,0.17799167186021805,2026-02-11 12:00:00+00:00,2026-02-11 16:00:54+00:00,True
2026-02-11 18:00:00+00:00,2026-02-12 17:00:00+00:00,2026-02-12 22:00:00,1,23,0.13196063935756683,2026-02-11 12:00:00+00:00,2026-02-11 16:00:54+00:00,True
2026-02-11 18:00:00+00:00,2026-02-12 18:00:00+00:00,2026-02-12 23:00:00,1,24,0.09490685686469078,2026-02-11 12:00:00+00:00,2026-02-11 16:00:54+00:00,True
2026-02-11 18:00:00+00:00,2026-02-12 19:00:00+00:00,2026-02-13 00:00:00,1,25,0.06557453349232674,2026-02-11 12:00:00+00:00,2026-02-11 16:00:54+00:00,True
2026-02-11 18:00:00+00:00,2026-02-12 20:00:00+00:00,2026-02-13 01:00:00,1,26,0.04865339547395706,2026-02-11 12:00:00+00:00,2026-02-11 16:00:54+00:00,True
2026-02-11 18:00:00+00:00,2026-02-12 21:00:00+00:00,2026-02-13 02:00:00,1,27,0.03916594982147217,2026-02-11 12:00:00+00:00,2026-02-11 16:00:54+00:00,True
2026-02-11 18:00:00+00:00,2026-02-12 22:00:00+00:00,2026-02-13 03:00:00,1,28,0.021906220726668833,2026-02-11 12:00:00+00:00,2026-02-11 16:00:54+00:00,True
2026-02-11 18:00:00+00:00,2026-02-12 23:00:00+00:00,2026-02-13 04:00:00,1,29,0.02093585077673197,2026-02-11 12:00:00+00:00,2026-02-11 16:00:54+00:00,True
2026-02-11 18:00:00+00:00,2026-02-13 00:00:00+00:00,2026-02-13 05:00:00,1,30,0.031718654185533525,2026-02-11 12:00:00+00:00,2026-02-11 16:00:54+00:00,True
2026-02-11 18:00:00+00:00,2026-02-13 01:00:00+00:00,2026-02-13 06:00:00,1,31,0.030606454983353616,2026-02-11 12:00:00+00:00,2026-02-11 16:00:54+00:00,True
2026-02-11 18:00:00+00:00,2026-02-13 02:00:00+00:00,2026-02-13 07:00:00,1,32,0.031088179722428323,2026-02-11 12:00:00+00:00,2026-02-11 16:00:54+00:00,True
2026-02-11 18:00:00+00:00,2026-02-13 03:00:00+00:00,2026-02-13 08:00:00,1,33,0.03147900775074959,2026-02-11 12:00:00+00:00,2026-02-11 16:00:54+00:00,True
2026-02-11 18:00:00+00:00,2026-02-13 04:00:00+00:00,2026-02-13 09:00:00,1,34,0.030404217541217804,2026-02-11 12:00:00+00:00,2026-02-11 16:00:54+00:00,True
2026-02-11 18:00:00+00:00,2026-02-13 05:00:00+00:00,2026-02-13 10:00:00,1,35,0.029959754273295402,2026-02-11 12:00:00+00:00,2026-02-11 16:00:54+00:00,True
2026-02-11 18:00:00+00:00,2026-02-13 06:00:00+00:00,2026-02-13 11:00:00,1,36,0.03162434510886669,2026-02-11 12:00:00+00:00,2026-02-11 16:00:54+00:00,True
2026-02-11 18:00:00+00:00,2026-02-13 07:00:00+00:00,2026-02-13 12:00:00,1,37,0.024233725666999818,2026-02-11 12:00:00+00:00,2026-02-11 16:00:54+00:00,True
2026-02-11 18:00:00+00:00,2026-02-13 08:00:00+00:00,2026-02-13 13:00:00,1,38,0.01988059189170599,2026-02-11 12:00:00+00:00,2026-02-11 16:00:54+00:00,True
2026-02-11 18:00:00+00:00,2026-02-13 09:00:00+00:00,2026-02-13 14:00:00,1,39,0.017629066854715346,2026-02-11 12:00:00+00:00,2026-02-11 16:00:54+00:00,True
2026-02-11 18:00:00+00:00,2026-02-13 10:00:00+00:00,2026-02-13 15:00:00,1,40,0.017053171060979366,2026-02-11 12:00:00+00:00,2026-02-11 16:00:54+00:00,True
2026-02-11 18:00:00+00:00,2026-02-13 11:00:00+00:00,2026-02-13 16:00:00,1,41,0.01643135603517294,2026-02-11 12:00:00+00:00,2026-02-11 16:00:54+00:00,True
2026-02-11 18:00:00+00:00,2026-02-13 12:00:00+00:00,2026-02-13 17:00:00,1,42,0.037479471415281296,2026-02-11 12:00:00+00:00,2026-02-11 16:00:54+00:00,True
2026-02-11 18:00:00+00:00,2026-02-13 13:00:00+00:00,2026-02-13 18:00:00,1,43,0.021464145742356777,2026-02-11 12:00:00+00:00,2026-02-11 16:00:54+00:00,True
2026-02-11 18:00:00+00:00,2026-02-13 14:00:00+00:00,2026-02-13 19:00:00,1,44,0.02455488555133343,2026-02-11 12:00:00+00:00,2026-02-11 16:00:54+00:00,True
2026-02-11 18:00:00+00:00,2026-02-13 15:00:00+00:00,2026-02-13 20:00:00,1,45,0.028863252326846122,2026-02-11 12:00:00+00:00,2026-02-11 16:00:54+00:00,True
2026-02-11 18:00:00+00:00,2026-02-13 16:00:00+00:00,2026-02-13 21:00:00,1,46,0.039050649479031564,2026-02-11 12:00:00+00:00,2026-02-11 16:00:54+00:00,True
2026-02-11 18:00:00+00:00,2026-02-13 17:00:00+00:00,2026-02-13 22:00:00,1,47,0.06938891857862473,2026-02-11 12:00:00+00:00,2026-02-11 16:00:54+00:00,True
2026-02-11 18:00:00+00:00,2026-02-13 18:00:00+00:00,2026-02-13 23:00:00,1,48,0.12867968082427977,2026-02-11 12:00:00+00:00,2026-02-11 16:00:54+00:00,True
2026-02-11 18:00:00+00:00,2026-02-11 19:00:00+00:00,2026-02-12 00:00:00,2,1,0.6233684182167053,2026-02-11 12:00:00+00:00,2026-02-11 16:00:54+00:00,True
2026-02-11 18:00:00+00:00,2026-02-11 20:00:00+00:00,2026-02-12 01:00:00,2,2,0.6393530368804932,2026-02-11 12:00:00+00:00,2026-02-11 16:00:54+00:00,True
2026-02-11 18:00:00+00:00,2026-02-11 21:00:00+00:00,2026-02-12 02:00:00,2,3,0.6502653777599334,2026-02-11 12:00:00+00:00,2026-02-11 16:00:54+00:00,True
2026-02-11 18:00:00+00:00,2026-02-11 22:00:00+00:00,2026-02-12 03:00:00,2,4,0.4795990586280823,2026-02-11 12:00:00+00:00,2026-02-11 16:00:54+00:00,True
2026-02-11 18:00:00+00:00,2026-02-11 23:00:00+00:00,2026-02-12 04:00:00,2,5,0.29415970146656034,2026-02-11 12:00:00+00:00,2026-02-11 16:00:54+00:00,True
2026-02-11 18:00:00+00:00,2026-02-12 00:00:00+00:00,2026-02-12 05:00:00,2,6,0.1494565188884735,2026-02-11 12:00:00+00:00,2026-02-11 16:00:54+00:00,True
2026-02-11 18:00:00+00:00,2026-02-12 01:00:00+00:00,2026-02-12 06:00:00,2,7,0.08489766195416451,2026-02-11 12:00:00+00:00,2026-02-11 16:00:54+00:00,True
2026-02-11 18:00:00+00:00,2026-02-12 02:00:00+00:00,2026-02-12 07:00:00,2,8,0.052762562036514284,2026-02-11 12:00:00+00:00,2026-02-11 16:00:54+00:00,True
2026-02-11 18:00:00+00:00,2026-02-12 03:00:00+00:00,2026-02-12 08:00:00,2,9,0.03916659653186798,2026-02-11 12:00:00+00:00,2026-02-11 16:00:54+00:00,True
2026-02-11 18:00:00+00:00,2026-02-12 04:00:00+00:00,2026-02-12 09:00:00,2,10,0.016126945801079273,2026-02-11 12:00:00+00:00,2026-02-11 16:00:54+00:00,True
2026-02-11 18:00:00+00:00,2026-02-12 05:00:00+00:00,2026-02-12 10:00:00,2,11,0.010379350185394287,2026-02-11 12:00:00+00:00,2026-02-11 16:00:54+00:00,True
2026-02-11 18:00:00+00:00,2026-02-12 06:00:00+00:00,2026-02-12 11:00:00,2,12,0.01811431497335434,2026-02-11 12:00:00+00:00,2026-02-11 16:00:54+00:00,True
2026-02-11 18:00:00+00:00,2026-02-12 07:00:00+00:00,2026-02-12 12:00:00,2,13,0.02274959459900856,2026-02-11 12:00:00+00:00,2026-02-11 16:00:54+00:00,True
2026-02-11 18:00:00+00:00,2026-02-12 08:00:00+00:00,2026-02-12 13:00:00,2,14,0.033679894357919696,2026-02-11 12:00:00+00:00,2026-02-11 16:00:54+00:00,True
2026-02-11 18:00:00+00:00,2026-02-12 09:00:00+00:00,2026-02-12 14:00:00,2,15,0.06208333820104599,2026-02-11 12:00:00+00:00,2026-02-11 16:00:54+00:00,True
2026-02-11 18:00:00+00:00,2026-02-12 10:00:00+00:00,2026-02-12 15:00:00,2,16,0.04666905999183655,2026-02-11 12:00:00+00:00,2026-02-11 16:00:54+00:00,True
2026-02-11 18:00:00+00:00,2026-02-12 11:00:00+00:00,2026-02-12 16:00:00,2,17,0.039890246093273164,2026-02-11 12:00:00+00:00,2026-02-11 16:00:54+00:00,True
2026-02-11 18:00:00+00:00,2026-02-12 12:00:00+00:00,2026-02-12 17:00:00,2,18,0.03404074981808662,2026-02-11 12:00:00+00:00,2026-02-11 16:00:54+00:00,True
2026-02-11 18:00:00+00:00,2026-02-12 13:00:00+00:00,2026-02-12 18:00:00,2,19,0.03223318234086037,2026-02-11 12:00:00+00:00,2026-02-11 16:00:54+00:00,True
2026-02-11 18:00:00+00:00,2026-02-12 14:00:00+00:00,2026-02-12 19:00:00,2,20,0.08820205703377723,2026-02-11 12:00:00+00:00,2026-02-11 16:00:54+00:00,True
2026-02-11 18:00:00+00:00,2026-02-12 15:00:00+00:00,2026-02-12 20:00:00,2,21,0.23552593141794204,2026-02-11 12:00:00+00:00,2026-02-11 16:00:54+00:00,True
2026-02-11 18:00:00+00:00,2026-02-12 16:00:00+00:00,2026-02-12 21:00:00,2,22,0.16705929785966872,2026-02-11 12:00:00+00:00,2026-02-11 16:00:54+00:00,True
2026-02-11 18:00:00+00:00,2026-02-12 17:00:00+00:00,2026-02-12 22:00:00,2,23,0.11742952913045883,2026-02-11 12:00:00+00:00,2026-02-11 16:00:54+00:00,True
2026-02-11 18:00:00+00:00,2026-02-12 18:00:00+00:00,2026-02-12 23:00:00,2,24,0.08103850707411767,2026-02-11 12:00:00+00:00,2026-02-11 16:00:54+00:00,True
2026-02-11 18:00:00+00:00,2026-02-12 19:00:00+00:00,2026-02-13 00:00:00,2,25,0.05461238548159599,2026-02-11 12:00:00+00:00,2026-02-11 16:00:54+00:00,True
2026-02-11 18:00:00+00:00,2026-02-12 20:00:00+00:00,2026-02-13 01:00:00,2,26,0.04041710756719112,2026-02-11 12:00:00+00:00,2026-02-11 16:00:54+00:00,True
2026-02-11 18:00:00+00:00,2026-02-12 21:00:00+00:00,2026-02-13 02:00:00,2,27,0.031578445434570314,2026-02-11 12:00:00+00:00,2026-02-11 16:00:54+00:00,True
2026-02-11 18:00:00+00:00,2026-02-12 22:00:00+00:00,2026-02-13 03:00:00,2,28,0.018612402491271496,2026-02-11 12:00:00+00:00,2026-02-11 16:00:54+00:00,True
2026-02-11 18:00:00+00:00,2026-02-12 23:00:00+00:00,2026-02-13 04:00:00,2,29,0.016931303218007086,2026-02-11 12:00:00+00:00,2026-02-11 16:00:54+00:00,True
2026-02-11 18:00:00+00:00,2026-02-13 00:00:00+00:00,2026-02-13 05:00:00,2,30,0.02534192018210888,2026-02-11 12:00:00+00:00,2026-02-11 16:00:54+00:00,True
2026-02-11 18:00:00+00:00,2026-02-13 01:00:00+00:00,2026-02-13 06:00:00,2,31,0.02476123794913292,2026-02-11 12:00:00+00:00,2026-02-11 16:00:54+00:00,True
2026-02-11 18:00:00+00:00,2026-02-13 02:00:00+00:00,2026-02-13 07:00:00,2,32,0.02549959421157837,2026-02-11 12:00:00+00:00,2026-02-11 16:00:54+00:00,True
2026-02-11 18:00:00+00:00,2026-02-13 03:00:00+00:00,2026-02-13 08:00:00,2,33,0.02721382789313793,2026-02-11 12:00:00+00:00,2026-02-11 16:00:54+00:00,True
2026-02-11 18:00:00+00:00,2026-02-13 04:00:00+00:00,2026-02-13 09:00:00,2,34,0.027017099410295488,2026-02-11 12:00:00+00:00,2026-02-11 16:00:54+00:00,True
2026-02-11 18:00:00+00:00,2026-02-13 05:00:00+00:00,2026-02-13 10:00:00,2,35,0.027256105095148087,2026-02-11 12:00:00+00:00,2026-02-11 16:00:54+00:00,True
2026-02-11 18:00:00+00:00,2026-02-13 06:00:00+00:00,2026-02-13 11:00:00,2,36,0.029349039867520334,2026-02-11 12:00:00+00:00,2026-02-11 16:00:54+00:00,True
2026-02-11 18:00:00+00:00,2026-02-13 07:00:00+00:00,2026-02-13 12:00:00,2,37,0.021679291874170302,2026-02-11 12:00:00+00:00,2026-02-11 16:00:54+00:00,True
2026-02-11 18:00:00+00:00,2026-02-13 08:00:00+00:00,2026-02-13 13:00:00,2,38,0.017627311684191228,2026-02-11 12:00:00+00:00,2026-02-11 16:00:54+00:00,True
2026-02-11 18:00:00+00:00,2026-02-13 09:00:00+00:00,2026-02-13 14:00:00,2,39,0.015520939789712428,2026-02-11 12:00:00+00:00,2026-02-11 16:00:54+00:00,True
2026-02-11 18:00:00+00:00,2026-02-13 10:00:00+00:00,2026-02-13 15:00:00,2,40,0.01492625530809164,2026-02-11 12:00:00+00:00,2026-02-11 16:00:54+00:00,True
2026-02-11 18:00:00+00:00,2026-02-13 11:00:00+00:00,2026-02-13 16:00:00,2,41,0.014333000592887401,2026-02-11 12:00:00+00:00,2026-02-11 16:00:54+00:00,True
2026-02-11 18:00:00+00:00,2026-02-13 12:00:00+00:00,2026-02-13 17:00:00,2,42,0.03472342230379581,2026-02-11 12:00:00+00:00,2026-02-11 16:00:54+00:00,True
2026-02-11 18:00:00+00:00,2026-02-13 13:00:00+00:00,2026-02-13 18:00:00,2,43,0.01784983342513442,2026-02-11 12:00:00+00:00,2026-02-11 16:00:54+00:00,True
2026-02-11 18:00:00+00:00,2026-02-13 14:00:00+00:00,2026-02-13 19:00:00,2,44,0.020327158831059934,2026-02-11 12:00:00+00:00,2026-02-11 16:00:54+00:00,True
2026-02-11 18:00:00+00:00,2026-02-13 15:00:00+00:00,2026-02-13 20:00:00,2,45,0.02384169176220894,2026-02-11 12:00:00+00:00,2026-02-11 16:00:54+00:00,True
2026-02-11 18:00:00+00:00,2026-02-13 16:00:00+00:00,2026-02-13 21:00:00,2,46,0.03163168355822563,2026-02-11 12:00:00+00:00,2026-02-11 16:00:54+00:00,True
2026-02-11 18:00:00+00:00,2026-02-13 17:00:00+00:00,2026-02-13 22:00:00,2,47,0.0568595752120018,2026-02-11 12:00:00+00:00,2026-02-11 16:00:54+00:00,True
2026-02-11 18:00:00+00:00,2026-02-13 18:00:00+00:00,2026-02-13 23:00:00,2,48,0.10550232529640198,2026-02-11 12:00:00+00:00,2026-02-11 16:00:54+00:00,True
2026-02-12 18:00:00+00:00,2026-02-12 19:00:00+00:00,2026-02-13 00:00:00,1,1,0.018202303536236288,2026-02-12 12:00:00+00:00,2026-02-12 16:01:43+00:00,True
2026-02-12 18:00:00+00:00,2026-02-12 20:00:00+00:00,2026-02-13 01:00:00,1,2,0.017904958222061396,2026-02-12 12:00:00+00:00,2026-02-12 16:01:43+00:00,True
2026-02-12 18:00:00+00:00,2026-02-12 21:00:00+00:00,2026-02-13 02:00:00,1,3,0.01752253295853734,2026-02-12 12:00:00+00:00,2026-02-12 16:01:43+00:00,True
2026-02-12 18:00:00+00:00,2026-02-12 22:00:00+00:00,2026-02-13 03:00:00,1,4,0.015285553969442844,2026-02-12 12:00:00+00:00,2026-02-12 16:01:43+00:00,True
2026-02-12 18:00:00+00:00,2026-02-12 23:00:00+00:00,2026-02-13 04:00:00,1,5,0.016380752250552178,2026-02-12 12:00:00+00:00,2026-02-12 16:01:43+00:00,True
2026-02-12 18:00:00+00:00,2026-02-13 00:00:00+00:00,2026-02-13 05:00:00,1,6,0.019758809357881546,2026-02-12 12:00:00+00:00,2026-02-12 16:01:43+00:00,True
2026-02-12 18:00:00+00:00,2026-02-13 01:00:00+00:00,2026-02-13 06:00:00,1,7,0.015258454717695713,2026-02-12 12:00:00+00:00,2026-02-12 16:01:43+00:00,True
2026-02-12 18:00:00+00:00,2026-02-13 02:00:00+00:00,2026-02-13 07:00:00,1,8,0.014083530940115451,2026-02-12 12:00:00+00:00,2026-02-12 16:01:43+00:00,True
2026-02-12 18:00:00+00:00,2026-02-13 03:00:00+00:00,2026-02-13 08:00:00,1,9,0.017198014259338378,2026-02-12 12:00:00+00:00,2026-02-12 16:01:43+00:00,True
2026-02-12 18:00:00+00:00,2026-02-13 04:00:00+00:00,2026-02-13 09:00:00,1,10,0.016980450972914694,2026-02-12 12:00:00+00:00,2026-02-12 16:01:43+00:00,True
2026-02-12 18:00:00+00:00,2026-02-13 05:00:00+00:00,2026-02-13 10:00:00,1,11,0.020354796200990677,2026-02-12 12:00:00+00:00,2026-02-12 16:01:43+00:00,True
2026-02-12 18:00:00+00:00,2026-02-13 06:00:00+00:00,2026-02-13 11:00:00,1,12,0.02719840854406357,2026-02-12 12:00:00+00:00,2026-02-12 16:01:43+00:00,True
2026-02-12 18:00:00+00:00,2026-02-13 07:00:00+00:00,2026-02-13 12:00:00,1,13,0.02549024671316147,2026-02-12 12:00:00+00:00,2026-02-12 16:01:43+00:00,True
2026-02-12 18:00:00+00:00,2026-02-13 08:00:00+00:00,2026-02-13 13:00:00,1,14,0.02672596015036106,2026-02-12 12:00:00+00:00,2026-02-12 16:01:43+00:00,True
2026-02-12 18:00:00+00:00,2026-02-13 09:00:00+00:00,2026-02-13 14:00:00,1,15,0.0283246211707592,2026-02-12 12:00:00+00:00,2026-02-12 16:01:43+00:00,True
2026-02-12 18:00:00+00:00,2026-02-13 10:00:00+00:00,2026-02-13 15:00:00,1,16,0.016696597263216973,2026-02-12 12:00:00+00:00,2026-02-12 16:01:43+00:00,True
2026-02-12 18:00:00+00:00,2026-02-13 11:00:00+00:00,2026-02-13 16:00:00,1,17,0.025012765452265738,2026-02-12 12:00:00+00:00,2026-02-12 16:01:43+00:00,True
2026-02-12 18:00:00+00:00,2026-02-13 12:00:00+00:00,2026-02-13 17:00:00,1,18,0.03740628436207771,2026-02-12 12:00:00+00:00,2026-02-12 16:01:43+00:00,True
2026-02-12 18:00:00+00:00,2026-02-13 13:00:00+00:00,2026-02-13 18:00:00,1,19,0.051368726044893266,2026-02-12 12:00:00+00:00,2026-02-12 16:01:43+00:00,True
2026-02-12 18:00:00+00:00,2026-02-13 14:00:00+00:00,2026-02-13 19:00:00,1,20,0.07520810663700103,2026-02-12 12:00:00+00:00,2026-02-12 16:01:43+00:00,True
2026-02-12 18:00:00+00:00,2026-02-13 15:00:00+00:00,2026-02-13 20:00:00,1,21,0.11305425316095352,2026-02-12 12:00:00+00:00,2026-02-12 16:01:43+00:00,True
2026-02-12 18:00:00+00:00,2026-02-13 16:00:00+00:00,2026-02-13 21:00:00,1,22,0.16738157272338866,2026-02-12 12:00:00+00:00,2026-02-12 16:01:43+00:00,True
2026-02-12 18:00:00+00:00,2026-02-13 17:00:00+00:00,2026-02-13 22:00:00,1,23,0.25427292585372924,2026-02-12 12:00:00+00:00,2026-02-12 16:01:43+00:00,True
2026-02-12 18:00:00+00:00,2026-02-13 18:00:00+00:00,2026-02-13 23:00:00,1,24,0.3918808400630951,2026-02-12 12:00:00+00:00,2026-02-12 16:01:43+00:00,True
2026-02-12 18:00:00+00:00,2026-02-13 19:00:00+00:00,2026-02-14 00:00:00,1,25,0.5546063125133515,2026-02-12 12:00:00+00:00,2026-02-12 16:01:43+00:00,True
2026-02-12 18:00:00+00:00,2026-02-13 20:00:00+00:00,2026-02-14 01:00:00,1,26,0.7219762563705444,2026-02-12 12:00:00+00:00,2026-02-12 16:01:43+00:00,True
2026-02-12 18:00:00+00:00,2026-02-13 21:00:00+00:00,2026-02-14 02:00:00,1,27,0.828855013847351,2026-02-12 12:00:00+00:00,2026-02-12 16:01:43+00:00,True
2026-02-12 18:00:00+00:00,2026-02-13 22:00:00+00:00,2026-02-14 03:00:00,1,28,0.732230281829834,2026-02-12 12:00:00+00:00,2026-02-12 16:01:43+00:00,True
2026-02-12 18:00:00+00:00,2026-02-13 23:00:00+00:00,2026-02-14 04:00:00,1,29,0.5895389556884766,2026-02-12 12:00:00+00:00,2026-02-12 16:01:43+00:00,True
2026-02-12 18:00:00+00:00,2026-02-14 00:00:00+00:00,2026-02-14 05:00:00,1,30,0.43118247389793396,2026-02-12 12:00:00+00:00,2026-02-12 16:01:43+00:00,True
2026-02-12 18:00:00+00:00,2026-02-14 01:00:00+00:00,2026-02-14 06:00:00,1,31,0.285879185795784,2026-02-12 12:00:00+00:00,2026-02-12 16:01:43+00:00,True
2026-02-12 18:00:00+00:00,2026-02-14 02:00:00+00:00,2026-02-14 07:00:00,1,32,0.17966548651456832,2026-02-12 12:00:00+00:00,2026-02-12 16:01:43+00:00,True
2026-02-12 18:00:00+00:00,2026-02-14 03:00:00+00:00,2026-02-14 08:00:00,1,33,0.11389722973108292,2026-02-12 12:00:00+00:00,2026-02-12 16:01:43+00:00,True
2026-02-12 18:00:00+00:00,2026-02-14 04:00:00+00:00,2026-02-14 09:00:00,1,34,0.12697914764285087,2026-02-12 12:00:00+00:00,2026-02-12 16:01:43+00:00,True
2026-02-12 18:00:00+00:00,2026-02-14 05:00:00+00:00,2026-02-14 10:00:00,1,35,0.15460595041513442,2026-02-12 12:00:00+00:00,2026-02-12 16:01:43+00:00,True
2026-02-12 18:00:00+00:00,2026-02-14 06:00:00+00:00,2026-02-14 11:00:00,1,36,0.2135932669043541,2026-02-12 12:00:00+00:00,2026-02-12 16:01:43+00:00,True
2026-02-12 18:00:00+00:00,2026-02-14 07:00:00+00:00,2026-02-14 12:00:00,1,37,0.12898447066545488,2026-02-12 12:00:00+00:00,2026-02-12 16:01:43+00:00,True
2026-02-12 18:00:00+00:00,2026-02-14 08:00:00+00:00,2026-02-14 13:00:00,1,38,0.08646325990557671,2026-02-12 12:00:00+00:00,2026-02-12 16:01:43+00:00,True
2026-02-12 18:00:00+00:00,2026-02-14 09:00:00+00:00,2026-02-14 14:00:00,1,39,0.0654344417154789,2026-02-12 12:00:00+00:00,2026-02-12 16:01:43+00:00,True
2026-02-12 18:00:00+00:00,2026-02-14 10:00:00+00:00,2026-02-14 15:00:00,1,40,0.06563905999064445,2026-02-12 12:00:00+00:00,2026-02-12 16:01:43+00:00,True
2026-02-12 18:00:00+00:00,2026-02-14 11:00:00+00:00,2026-02-14 16:00:00,1,41,0.06688261032104492,2026-02-12 12:00:00+00:00,2026-02-12 16:01:43+00:00,True
2026-02-12 18:00:00+00:00,2026-02-14 12:00:00+00:00,2026-02-14 17:00:00,1,42,0.069765105843544,2026-02-12 12:00:00+00:00,2026-02-12 16:01:43+00:00,True
2026-02-12 18:00:00+00:00,2026-02-14 13:00:00+00:00,2026-02-14 18:00:00,1,43,0.05951243378221989,2026-02-12 12:00:00+00:00,2026-02-12 16:01:43+00:00,True
2026-02-12 18:00:00+00:00,2026-02-14 14:00:00+00:00,2026-02-14 19:00:00,1,44,0.048917310684919356,2026-02-12 12:00:00+00:00,2026-02-12 16:01:43+00:00,True
2026-02-12 18:00:00+00:00,2026-02-14 15:00:00+00:00,2026-02-14 20:00:00,1,45,0.07210178524255753,2026-02-12 12:00:00+00:00,2026-02-12 16:01:43+00:00,True
2026-02-12 18:00:00+00:00,2026-02-14 16:00:00+00:00,2026-02-14 21:00:00,1,46,0.08284119367599488,2026-02-12 12:00:00+00:00,2026-02-12 16:01:43+00:00,True
2026-02-12 18:00:00+00:00,2026-02-14 17:00:00+00:00,2026-02-14 22:00:00,1,47,0.11469620913267135,2026-02-12 12:00:00+00:00,2026-02-12 16:01:43+00:00,True
2026-02-12 18:00:00+00:00,2026-02-14 18:00:00+00:00,2026-02-14 23:00:00,1,48,0.1543555349111557,2026-02-12 12:00:00+00:00,2026-02-12 16:01:43+00:00,True
2026-02-12 18:00:00+00:00,2026-02-12 19:00:00+00:00,2026-02-13 00:00:00,2,1,0.015106700919568538,2026-02-12 12:00:00+00:00,2026-02-12 16:01:43+00:00,True
2026-02-12 18:00:00+00:00,2026-02-12 20:00:00+00:00,2026-02-13 01:00:00,2,2,0.01494617024436593,2026-02-12 12:00:00+00:00,2026-02-12 16:01:43+00:00,True
2026-02-12 18:00:00+00:00,2026-02-12 21:00:00+00:00,2026-02-13 02:00:00,2,3,0.014486299268901348,2026-02-12 12:00:00+00:00,2026-02-12 16:01:43+00:00,True
2026-02-12 18:00:00+00:00,2026-02-12 22:00:00+00:00,2026-02-13 03:00:00,2,4,0.012967020086944104,2026-02-12 12:00:00+00:00,2026-02-12 16:01:43+00:00,True
2026-02-12 18:00:00+00:00,2026-02-12 23:00:00+00:00,2026-02-13 04:00:00,2,5,0.013964210264384746,2026-02-12 12:00:00+00:00,2026-02-12 16:01:43+00:00,True
2026-02-12 18:00:00+00:00,2026-02-13 00:00:00+00:00,2026-02-13 05:00:00,2,6,0.016732479631900787,2026-02-12 12:00:00+00:00,2026-02-12 16:01:43+00:00,True
2026-02-12 18:00:00+00:00,2026-02-13 01:00:00+00:00,2026-02-13 06:00:00,2,7,0.013280782848596573,2026-02-12 12:00:00+00:00,2026-02-12 16:01:43+00:00,True
2026-02-12 18:00:00+00:00,2026-02-13 02:00:00+00:00,2026-02-13 07:00:00,2,8,0.012356402445584535,2026-02-12 12:00:00+00:00,2026-02-12 16:01:43+00:00,True
2026-02-12 18:00:00+00:00,2026-02-13 03:00:00+00:00,2026-02-13 08:00:00,2,9,0.015226144064217805,2026-02-12 12:00:00+00:00,2026-02-12 16:01:43+00:00,True
2026-02-12 18:00:00+00:00,2026-02-13 04:00:00+00:00,2026-02-13 09:00:00,2,10,0.015207017585635186,2026-02-12 12:00:00+00:00,2026-02-12 16:01:43+00:00,True
2026-02-12 18:00:00+00:00,2026-02-13 05:00:00+00:00,2026-02-13 10:00:00,2,11,0.018738637305796148,2026-02-12 12:00:00+00:00,2026-02-12 16:01:43+00:00,True
2026-02-12 18:00:00+00:00,2026-02-13 06:00:00+00:00,2026-02-13 11:00:00,2,12,0.025446301326155663,2026-02-12 12:00:00+00:00,2026-02-12 16:01:43+00:00,True
2026-02-12 18:00:00+00:00,2026-02-13 07:00:00+00:00,2026-02-13 12:00:00,2,13,0.023792989552021027,2026-02-12 12:00:00+00:00,2026-02-12 16:01:43+00:00,True
2026-02-12 18:00:00+00:00,2026-02-13 08:00:00+00:00,2026-02-13 13:00:00,2,14,0.024709103628993034,2026-02-12 12:00:00+00:00,2026-02-12 16:01:43+00:00,True
2026-02-12 18:00:00+00:00,2026-02-13 09:00:00+00:00,2026-02-13 14:00:00,2,15,0.025778480619192124,2026-02-12 12:00:00+00:00,2026-02-12 16:01:43+00:00,True
2026-02-12 18:00:00+00:00,2026-02-13 10:00:00+00:00,2026-02-13 15:00:00,2,16,0.014455287717282772,2026-02-12 12:00:00+00:00,2026-02-12 16:01:43+00:00,True
2026-02-12 18:00:00+00:00,2026-02-13 11:00:00+00:00,2026-02-13 16:00:00,2,17,0.022165963798761366,2026-02-12 12:00:00+00:00,2026-02-12 16:01:43+00:00,True
2026-02-12 18:00:00+00:00,2026-02-13 12:00:00+00:00,2026-02-13 17:00:00,2,18,0.033930481597781184,2026-02-12 12:00:00+00:00,2026-02-12 16:01:43+00:00,True
2026-02-12 18:00:00+00:00,2026-02-13 13:00:00+00:00,2026-02-13 18:00:00,2,19,0.04760633781552315,2026-02-12 12:00:00+00:00,2026-02-12 16:01:43+00:00,True
2026-02-12 18:00:00+00:00,2026-02-13 14:00:00+00:00,2026-02-13 19:00:00,2,20,0.07046231999993324,2026-02-12 12:00:00+00:00,2026-02-12 16:01:43+00:00,True
2026-02-12 18:00:00+00:00,2026-02-13 15:00:00+00:00,2026-02-13 20:00:00,2,21,0.10802670568227768,2026-02-12 12:00:00+00:00,2026-02-12 16:01:43+00:00,True
2026-02-12 18:00:00+00:00,2026-02-13 16:00:00+00:00,2026-02-13 21:00:00,2,22,0.15630202293395995,2026-02-12 12:00:00+00:00,2026-02-12 16:01:43+00:00,True
2026-02-12 18:00:00+00:00,2026-02-13 17:00:00+00:00,2026-02-13 22:00:00,2,23,0.23122850060462952,2026-02-12 12:00:00+00:00,2026-02-12 16:01:43+00:00,True
2026-02-12 18:00:00+00:00,2026-02-13 18:00:00+00:00,2026-02-13 23:00:00,2,24,0.3509151577949524,2026-02-12 12:00:00+00:00,2026-02-12 16:01:43+00:00,True
2026-02-12 18:00:00+00:00,2026-02-13 19:00:00+00:00,2026-02-14 00:00:00,2,25,0.49475021958351134,2026-02-12 12:00:00+00:00,2026-02-12 16:01:43+00:00,True
2026-02-12 18:00:00+00:00,2026-02-13 20:00:00+00:00,2026-02-14 01:00:00,2,26,0.6631537914276123,2026-02-12 12:00:00+00:00,2026-02-12 16:01:43+00:00,True
2026-02-12 18:00:00+00:00,2026-02-13 21:00:00+00:00,2026-02-14 02:00:00,2,27,0.7906734108924866,2026-02-12 12:00:00+00:00,2026-02-12 16:01:43+00:00,True
2026-02-12 18:00:00+00:00,2026-02-13 22:00:00+00:00,2026-02-14 03:00:00,2,28,0.6826364159584045,2026-02-12 12:00:00+00:00,2026-02-12 16:01:43+00:00,True
2026-02-12 18:00:00+00:00,2026-02-13 23:00:00+00:00,2026-02-14 04:00:00,2,29,0.542913556098938,2026-02-12 12:00:00+00:00,2026-02-12 16:01:43+00:00,True
2026-02-12 18:00:00+00:00,2026-02-14 00:00:00+00:00,2026-02-14 05:00:00,2,30,0.3911971479654312,2026-02-12 12:00:00+00:00,2026-02-12 16:01:43+00:00,True
2026-02-12 18:00:00+00:00,2026-02-14 01:00:00+00:00,2026-02-14 06:00:00,2,31,0.2566216394305229,2026-02-12 12:00:00+00:00,2026-02-12 16:01:43+00:00,True
2026-02-12 18:00:00+00:00,2026-02-14 02:00:00+00:00,2026-02-14 07:00:00,2,32,0.1624613419175148,2026-02-12 12:00:00+00:00,2026-02-12 16:01:43+00:00,True
2026-02-12 18:00:00+00:00,2026-02-14 03:00:00+00:00,2026-02-14 08:00:00,2,33,0.10485674515366554,2026-02-12 12:00:00+00:00,2026-02-12 16:01:43+00:00,True
2026-02-12 18:00:00+00:00,2026-02-14 04:00:00+00:00,2026-02-14 09:00:00,2,34,0.11922880187630654,2026-02-12 12:00:00+00:00,2026-02-12 16:01:43+00:00,True
2026-02-12 18:00:00+00:00,2026-02-14 05:00:00+00:00,2026-02-14 10:00:00,2,35,0.14776241332292556,2026-02-12 12:00:00+00:00,2026-02-12 16:01:43+00:00,True
2026-02-12 18:00:00+00:00,2026-02-14 06:00:00+00:00,2026-02-14 11:00:00,2,36,0.20755705386400222,2026-02-12 12:00:00+00:00,2026-02-12 16:01:43+00:00,True
2026-02-12 18:00:00+00:00,2026-02-14 07:00:00+00:00,2026-02-14 12:00:00,2,37,0.13003910183906556,2026-02-12 12:00:00+00:00,2026-02-12 16:01:43+00:00,True
2026-02-12 18:00:00+00:00,2026-02-14 08:00:00+00:00,2026-02-14 13:00:00,2,38,0.08756297975778579,2026-02-12 12:00:00+00:00,2026-02-12 16:01:43+00:00,True
2026-02-12 18:00:00+00:00,2026-02-14 09:00:00+00:00,2026-02-14 14:00:00,2,39,0.06529648378491401,2026-02-12 12:00:00+00:00,2026-02-12 16:01:43+00:00,True
2026-02-12 18:00:00+00:00,2026-02-14 10:00:00+00:00,2026-02-14 15:00:00,2,40,0.0664260596036911,2026-02-12 12:00:00+00:00,2026-02-12 16:01:43+00:00,True
2026-02-12 18:00:00+00:00,2026-02-14 11:00:00+00:00,2026-02-14 16:00:00,2,41,0.06776321604847908,2026-02-12 12:00:00+00:00,2026-02-12 16:01:43+00:00,True
2026-02-12 18:00:00+00:00,2026-02-14 12:00:00+00:00,2026-02-14 17:00:00,2,42,0.06916120648384094,2026-02-12 12:00:00+00:00,2026-02-12 16:01:43+00:00,True
2026-02-12 18:00:00+00:00,2026-02-14 13:00:00+00:00,2026-02-14 18:00:00,2,43,0.05335141681134701,2026-02-12 12:00:00+00:00,2026-02-12 16:01:43+00:00,True
2026-02-12 18:00:00+00:00,2026-02-14 14:00:00+00:00,2026-02-14 19:00:00,2,44,0.04344090037047863,2026-02-12 12:00:00+00:00,2026-02-12 16:01:43+00:00,True
2026-02-12 18:00:00+00:00,2026-02-14 15:00:00+00:00,2026-02-14 20:00:00,2,45,0.06750482507050037,2026-02-12 12:00:00+00:00,2026-02-12 16:01:43+00:00,True
2026-02-12 18:00:00+00:00,2026-02-14 16:00:00+00:00,2026-02-14 21:00:00,2,46,0.07862332463264465,2026-02-12 12:00:00+00:00,2026-02-12 16:01:43+00:00,True
2026-02-12 18:00:00+00:00,2026-02-14 17:00:00+00:00,2026-02-14 22:00:00,2,47,0.1083365723490715,2026-02-12 12:00:00+00:00,2026-02-12 16:01:43+00:00,True
2026-02-12 18:00:00+00:00,2026-02-14 18:00:00+00:00,2026-02-14 23:00:00,2,48,0.14389661103487014,2026-02-12 12:00:00+00:00,2026-02-12 16:01:43+00:00,True
2026-02-13 18:00:00+00:00,2026-02-13 19:00:00+00:00,2026-02-14 00:00:00,1,1,0.696379566192627,2026-02-13 12:00:00+00:00,2026-02-13 15:59:35+00:00,True
2026-02-13 18:00:00+00:00,2026-02-13 20:00:00+00:00,2026-02-14 01:00:00,1,2,0.8257827639579773,2026-02-13 12:00:00+00:00,2026-02-13 15:59:35+00:00,True
2026-02-13 18:00:00+00:00,2026-02-13 21:00:00+00:00,2026-02-14 02:00:00,1,3,0.8902196168899537,2026-02-13 12:00:00+00:00,2026-02-13 15:59:35+00:00,True
2026-02-13 18:00:00+00:00,2026-02-13 22:00:00+00:00,2026-02-14 03:00:00,1,4,0.7250498175621033,2026-02-13 12:00:00+00:00,2026-02-13 15:59:35+00:00,True
2026-02-13 18:00:00+00:00,2026-02-13 23:00:00+00:00,2026-02-14 04:00:00,1,5,0.483514666557312,2026-02-13 12:00:00+00:00,2026-02-13 15:59:35+00:00,True
2026-02-13 18:00:00+00:00,2026-02-14 00:00:00+00:00,2026-02-14 05:00:00,1,6,0.25824735760688783,2026-02-13 12:00:00+00:00,2026-02-13 15:59:35+00:00,True
2026-02-13 18:00:00+00:00,2026-02-14 01:00:00+00:00,2026-02-14 06:00:00,1,7,0.16961081326007843,2026-02-13 12:00:00+00:00,2026-02-13 15:59:35+00:00,True
2026-02-13 18:00:00+00:00,2026-02-14 02:00:00+00:00,2026-02-14 07:00:00,1,8,0.10487426742911339,2026-02-13 12:00:00+00:00,2026-02-13 15:59:35+00:00,True
2026-02-13 18:00:00+00:00,2026-02-14 03:00:00+00:00,2026-02-14 08:00:00,1,9,0.066112594678998,2026-02-13 12:00:00+00:00,2026-02-13 15:59:35+00:00,True
2026-02-13 18:00:00+00:00,2026-02-14 04:00:00+00:00,2026-02-14 09:00:00,1,10,0.0612114317715168,2026-02-13 12:00:00+00:00,2026-02-13 15:59:35+00:00,True
2026-02-13 18:00:00+00:00,2026-02-14 05:00:00+00:00,2026-02-14 10:00:00,1,11,0.061216157674789426,2026-02-13 12:00:00+00:00,2026-02-13 15:59:35+00:00,True
2026-02-13 18:00:00+00:00,2026-02-14 06:00:00+00:00,2026-02-14 11:00:00,1,12,0.06793646067380905,2026-02-13 12:00:00+00:00,2026-02-13 15:59:35+00:00,True
2026-02-13 18:00:00+00:00,2026-02-14 07:00:00+00:00,2026-02-14 12:00:00,1,13,0.044509018585085866,2026-02-13 12:00:00+00:00,2026-02-13 15:59:35+00:00,True
2026-02-13 18:00:00+00:00,2026-02-14 08:00:00+00:00,2026-02-14 13:00:00,1,14,0.033212566003203395,2026-02-13 12:00:00+00:00,2026-02-13 15:59:35+00:00,True
2026-02-13 18:00:00+00:00,2026-02-14 09:00:00+00:00,2026-02-14 14:00:00,1,15,0.027256531827151775,2026-02-13 12:00:00+00:00,2026-02-13 15:59:35+00:00,True
2026-02-13 18:00:00+00:00,2026-02-14 10:00:00+00:00,2026-02-14 15:00:00,1,16,0.02688756063580513,2026-02-13 12:00:00+00:00,2026-02-13 15:59:35+00:00,True
2026-02-13 18:00:00+00:00,2026-02-14 11:00:00+00:00,2026-02-14 16:00:00,1,17,0.027455416321754456,2026-02-13 12:00:00+00:00,2026-02-13 15:59:35+00:00,True
2026-02-13 18:00:00+00:00,2026-02-14 12:00:00+00:00,2026-02-14 17:00:00,1,18,0.029312191158533098,2026-02-13 12:00:00+00:00,2026-02-13 15:59:35+00:00,True
2026-02-13 18:00:00+00:00,2026-02-14 13:00:00+00:00,2026-02-14 18:00:00,1,19,0.02310659419745207,2026-02-13 12:00:00+00:00,2026-02-13 15:59:35+00:00,True
2026-02-13 18:00:00+00:00,2026-02-14 14:00:00+00:00,2026-02-14 19:00:00,1,20,0.021623067557811737,2026-02-13 12:00:00+00:00,2026-02-13 15:59:35+00:00,True
2026-02-13 18:00:00+00:00,2026-02-14 15:00:00+00:00,2026-02-14 20:00:00,1,21,0.05622505620121956,2026-02-13 12:00:00+00:00,2026-02-13 15:59:35+00:00,True
2026-02-13 18:00:00+00:00,2026-02-14 16:00:00+00:00,2026-02-14 21:00:00,1,22,0.03412954583764076,2026-02-13 12:00:00+00:00,2026-02-13 15:59:35+00:00,True
2026-02-13 18:00:00+00:00,2026-02-14 17:00:00+00:00,2026-02-14 22:00:00,1,23,0.0281204242259264,2026-02-13 12:00:00+00:00,2026-02-13 15:59:35+00:00,True
2026-02-13 18:00:00+00:00,2026-02-14 18:00:00+00:00,2026-02-14 23:00:00,1,24,0.03243468664586544,2026-02-13 12:00:00+00:00,2026-02-13 15:59:35+00:00,True
2026-02-13 18:00:00+00:00,2026-02-14 19:00:00+00:00,2026-02-15 00:00:00,1,25,0.034705820679664615,2026-02-13 12:00:00+00:00,2026-02-13 15:59:35+00:00,True
2026-02-13 18:00:00+00:00,2026-02-14 20:00:00+00:00,2026-02-15 01:00:00,1,26,0.04232390485703945,2026-02-13 12:00:00+00:00,2026-02-13 15:59:35+00:00,True
2026-02-13 18:00:00+00:00,2026-02-14 21:00:00+00:00,2026-02-15 02:00:00,1,27,0.055507723987102506,2026-02-13 12:00:00+00:00,2026-02-13 15:59:35+00:00,True
2026-02-13 18:00:00+00:00,2026-02-14 22:00:00+00:00,2026-02-15 03:00:00,1,28,0.059101448953151704,2026-02-13 12:00:00+00:00,2026-02-13 15:59:35+00:00,True
2026-02-13 18:00:00+00:00,2026-02-14 23:00:00+00:00,2026-02-15 04:00:00,1,29,0.06320617273449898,2026-02-13 12:00:00+00:00,2026-02-13 15:59:35+00:00,True
2026-02-13 18:00:00+00:00,2026-02-15 00:00:00+00:00,2026-02-15 05:00:00,1,30,0.0680863656103611,2026-02-13 12:00:00+00:00,2026-02-13 15:59:35+00:00,True
2026-02-13 18:00:00+00:00,2026-02-15 01:00:00+00:00,2026-02-15 06:00:00,1,31,0.06277964562177658,2026-02-13 12:00:00+00:00,2026-02-13 15:59:35+00:00,True
2026-02-13 18:00:00+00:00,2026-02-15 02:00:00+00:00,2026-02-15 07:00:00,1,32,0.05896900556981564,2026-02-13 12:00:00+00:00,2026-02-13 15:59:35+00:00,True
2026-02-13 18:00:00+00:00,2026-02-15 03:00:00+00:00,2026-02-15 08:00:00,1,33,0.05750896409153938,2026-02-13 12:00:00+00:00,2026-02-13 15:59:35+00:00,True
2026-02-13 18:00:00+00:00,2026-02-15 04:00:00+00:00,2026-02-15 09:00:00,1,34,0.08028001859784126,2026-02-13 12:00:00+00:00,2026-02-13 15:59:35+00:00,True
2026-02-13 18:00:00+00:00,2026-02-15 05:00:00+00:00,2026-02-15 10:00:00,1,35,0.12440762817859649,2026-02-13 12:00:00+00:00,2026-02-13 15:59:35+00:00,True
2026-02-13 18:00:00+00:00,2026-02-15 06:00:00+00:00,2026-02-15 11:00:00,1,36,0.21088058352470399,2026-02-13 12:00:00+00:00,2026-02-13 15:59:35+00:00,True
2026-02-13 18:00:00+00:00,2026-02-15 07:00:00+00:00,2026-02-15 12:00:00,1,37,0.4190623849630356,2026-02-13 12:00:00+00:00,2026-02-13 15:59:35+00:00,True
2026-02-13 18:00:00+00:00,2026-02-15 08:00:00+00:00,2026-02-15 13:00:00,1,38,0.757529616355896,2026-02-13 12:00:00+00:00,2026-02-13 15:59:35+00:00,True
2026-02-13 18:00:00+00:00,2026-02-15 09:00:00+00:00,2026-02-15 14:00:00,1,39,0.9195354819297791,2026-02-13 12:00:00+00:00,2026-02-13 15:59:35+00:00,True
2026-02-13 18:00:00+00:00,2026-02-15 10:00:00+00:00,2026-02-15 15:00:00,1,40,0.9312078595161438,2026-02-13 12:00:00+00:00,2026-02-13 15:59:35+00:00,True
2026-02-13 18:00:00+00:00,2026-02-15 11:00:00+00:00,2026-02-15 16:00:00,1,41,0.9391351699829101,2026-02-13 12:00:00+00:00,2026-02-13 15:59:35+00:00,True
2026-02-13 18:00:00+00:00,2026-02-15 12:00:00+00:00,2026-02-15 17:00:00,1,42,0.9440195441246033,2026-02-13 12:00:00+00:00,2026-02-13 15:59:35+00:00,True
2026-02-13 18:00:00+00:00,2026-02-15 13:00:00+00:00,2026-02-15 18:00:00,1,43,0.9501253247261048,2026-02-13 12:00:00+00:00,2026-02-13 15:59:35+00:00,True
2026-02-13 18:00:00+00:00,2026-02-15 14:00:00+00:00,2026-02-15 19:00:00,1,44,0.9531365990638733,2026-02-13 12:00:00+00:00,2026-02-13 15:59:35+00:00,True
2026-02-13 18:00:00+00:00,2026-02-15 15:00:00+00:00,2026-02-15 20:00:00,1,45,0.9540526628494262,2026-02-13 12:00:00+00:00,2026-02-13 15:59:35+00:00,True
2026-02-13 18:00:00+00:00,2026-02-15 16:00:00+00:00,2026-02-15 21:00:00,1,46,0.9489109873771667,2026-02-13 12:00:00+00:00,2026-02-13 15:59:35+00:00,True
2026-02-13 18:00:00+00:00,2026-02-15 17:00:00+00:00,2026-02-15 22:00:00,1,47,0.9433495998382568,2026-02-13 12:00:00+00:00,2026-02-13 15:59:35+00:00,True
2026-02-13 18:00:00+00:00,2026-02-15 18:00:00+00:00,2026-02-15 23:00:00,1,48,0.9398877739906311,2026-02-13 12:00:00+00:00,2026-02-13 15:59:35+00:00,True
2026-02-13 18:00:00+00:00,2026-02-13 19:00:00+00:00,2026-02-14 00:00:00,2,1,0.6714297533035278,2026-02-13 12:00:00+00:00,2026-02-13 15:59:35+00:00,True
2026-02-13 18:00:00+00:00,2026-02-13 20:00:00+00:00,2026-02-14 01:00:00,2,2,0.8084530591964721,2026-02-13 12:00:00+00:00,2026-02-13 15:59:35+00:00,True
2026-02-13 18:00:00+00:00,2026-02-13 21:00:00+00:00,2026-02-14 02:00:00,2,3,0.8762272357940674,2026-02-13 12:00:00+00:00,2026-02-13 15:59:35+00:00,True
2026-02-13 18:00:00+00:00,2026-02-13 22:00:00+00:00,2026-02-14 03:00:00,2,4,0.6981585860252381,2026-02-13 12:00:00+00:00,2026-02-13 15:59:35+00:00,True
2026-02-13 18:00:00+00:00,2026-02-13 23:00:00+00:00,2026-02-14 04:00:00,2,5,0.4412441372871399,2026-02-13 12:00:00+00:00,2026-02-13 15:59:35+00:00,True
2026-02-13 18:00:00+00:00,2026-02-14 00:00:00+00:00,2026-02-14 05:00:00,2,6,0.22677474617958068,2026-02-13 12:00:00+00:00,2026-02-13 15:59:35+00:00,True
2026-02-13 18:00:00+00:00,2026-02-14 01:00:00+00:00,2026-02-14 06:00:00,2,7,0.15107032507658005,2026-02-13 12:00:00+00:00,2026-02-13 15:59:35+00:00,True
2026-02-13 18:00:00+00:00,2026-02-14 02:00:00+00:00,2026-02-14 07:00:00,2,8,0.09385396093130112,2026-02-13 12:00:00+00:00,2026-02-13 15:59:35+00:00,True
2026-02-13 18:00:00+00:00,2026-02-14 03:00:00+00:00,2026-02-14 08:00:00,2,9,0.06083613261580467,2026-02-13 12:00:00+00:00,2026-02-13 15:59:35+00:00,True
2026-02-13 18:00:00+00:00,2026-02-14 04:00:00+00:00,2026-02-14 09:00:00,2,10,0.05740735940635204,2026-02-13 12:00:00+00:00,2026-02-13 15:59:35+00:00,True
2026-02-13 18:00:00+00:00,2026-02-14 05:00:00+00:00,2026-02-14 10:00:00,2,11,0.05806065201759338,2026-02-13 12:00:00+00:00,2026-02-13 15:59:35+00:00,True
2026-02-13 18:00:00+00:00,2026-02-14 06:00:00+00:00,2026-02-14 11:00:00,2,12,0.06589162498712539,2026-02-13 12:00:00+00:00,2026-02-13 15:59:35+00:00,True
2026-02-13 18:00:00+00:00,2026-02-14 07:00:00+00:00,2026-02-14 12:00:00,2,13,0.044010049849748614,2026-02-13 12:00:00+00:00,2026-02-13 15:59:35+00:00,True
2026-02-13 18:00:00+00:00,2026-02-14 08:00:00+00:00,2026-02-14 13:00:00,2,14,0.03294319398701191,2026-02-13 12:00:00+00:00,2026-02-13 15:59:35+00:00,True
2026-02-13 18:00:00+00:00,2026-02-14 09:00:00+00:00,2026-02-14 14:00:00,2,15,0.02664623949676752,2026-02-13 12:00:00+00:00,2026-02-13 15:59:35+00:00,True
2026-02-13 18:00:00+00:00,2026-02-14 10:00:00+00:00,2026-02-14 15:00:00,2,16,0.02612520083785057,2026-02-13 12:00:00+00:00,2026-02-13 15:59:35+00:00,True
2026-02-13 18:00:00+00:00,2026-02-14 11:00:00+00:00,2026-02-14 16:00:00,2,17,0.0265237208455801,2026-02-13 12:00:00+00:00,2026-02-13 15:59:35+00:00,True
2026-02-13 18:00:00+00:00,2026-02-14 12:00:00+00:00,2026-02-14 17:00:00,2,18,0.027955060452222825,2026-02-13 12:00:00+00:00,2026-02-13 15:59:35+00:00,True
2026-02-13 18:00:00+00:00,2026-02-14 13:00:00+00:00,2026-02-14 18:00:00,2,19,0.021500503830611705,2026-02-13 12:00:00+00:00,2026-02-13 15:59:35+00:00,True
2026-02-13 18:00:00+00:00,2026-02-14 14:00:00+00:00,2026-02-14 19:00:00,2,20,0.01983364075422287,2026-02-13 12:00:00+00:00,2026-02-13 15:59:35+00:00,True
2026-02-13 18:00:00+00:00,2026-02-14 15:00:00+00:00,2026-02-14 20:00:00,2,21,0.05173979997634888,2026-02-13 12:00:00+00:00,2026-02-13 15:59:35+00:00,True
2026-02-13 18:00:00+00:00,2026-02-14 16:00:00+00:00,2026-02-14 21:00:00,2,22,0.030501914024353028,2026-02-13 12:00:00+00:00,2026-02-13 15:59:35+00:00,True
2026-02-13 18:00:00+00:00,2026-02-14 17:00:00+00:00,2026-02-14 22:00:00,2,23,0.024730193987488748,2026-02-13 12:00:00+00:00,2026-02-13 15:59:35+00:00,True
2026-02-13 18:00:00+00:00,2026-02-14 18:00:00+00:00,2026-02-14 23:00:00,2,24,0.027876605466008186,2026-02-13 12:00:00+00:00,2026-02-13 15:59:35+00:00,True
2026-02-13 18:00:00+00:00,2026-02-14 19:00:00+00:00,2026-02-15 00:00:00,2,25,0.029020128399133684,2026-02-13 12:00:00+00:00,2026-02-13 15:59:35+00:00,True
2026-02-13 18:00:00+00:00,2026-02-14 20:00:00+00:00,2026-02-15 01:00:00,2,26,0.03512894734740257,2026-02-13 12:00:00+00:00,2026-02-13 15:59:35+00:00,True
2026-02-13 18:00:00+00:00,2026-02-14 21:00:00+00:00,2026-02-15 02:00:00,2,27,0.04511890262365341,2026-02-13 12:00:00+00:00,2026-02-13 15:59:35+00:00,True
2026-02-13 18:00:00+00:00,2026-02-14 22:00:00+00:00,2026-02-15 03:00:00,2,28,0.047625481709837915,2026-02-13 12:00:00+00:00,2026-02-13 15:59:35+00:00,True
2026-02-13 18:00:00+00:00,2026-02-14 23:00:00+00:00,2026-02-15 04:00:00,2,29,0.05054198838770389,2026-02-13 12:00:00+00:00,2026-02-13 15:59:35+00:00,True
2026-02-13 18:00:00+00:00,2026-02-15 00:00:00+00:00,2026-02-15 05:00:00,2,30,0.053834450989961626,2026-02-13 12:00:00+00:00,2026-02-13 15:59:35+00:00,True
2026-02-13 18:00:00+00:00,2026-02-15 01:00:00+00:00,2026-02-15 06:00:00,2,31,0.05176570266485214,2026-02-13 12:00:00+00:00,2026-02-13 15:59:35+00:00,True
2026-02-13 18:00:00+00:00,2026-02-15 02:00:00+00:00,2026-02-15 07:00:00,2,32,0.050959878414869306,2026-02-13 12:00:00+00:00,2026-02-13 15:59:35+00:00,True
2026-02-13 18:00:00+00:00,2026-02-15 03:00:00+00:00,2026-02-15 08:00:00,2,33,0.05154362246394158,2026-02-13 12:00:00+00:00,2026-02-13 15:59:35+00:00,True
2026-02-13 18:00:00+00:00,2026-02-15 04:00:00+00:00,2026-02-15 09:00:00,2,34,0.07604401260614395,2026-02-13 12:00:00+00:00,2026-02-13 15:59:35+00:00,True
2026-02-13 18:00:00+00:00,2026-02-15 05:00:00+00:00,2026-02-15 10:00:00,2,35,0.12115204110741615,2026-02-13 12:00:00+00:00,2026-02-13 15:59:35+00:00,True
2026-02-13 18:00:00+00:00,2026-02-15 06:00:00+00:00,2026-02-15 11:00:00,2,36,0.21194158643484115,2026-02-13 12:00:00+00:00,2026-02-13 15:59:35+00:00,True
2026-02-13 18:00:00+00:00,2026-02-15 07:00:00+00:00,2026-02-15 12:00:00,2,37,0.4228165000677109,2026-02-13 12:00:00+00:00,2026-02-13 15:59:35+00:00,True
2026-02-13 18:00:00+00:00,2026-02-15 08:00:00+00:00,2026-02-15 13:00:00,2,38,0.7600563049316407,2026-02-13 12:00:00+00:00,2026-02-13 15:59:35+00:00,True
2026-02-13 18:00:00+00:00,2026-02-15 09:00:00+00:00,2026-02-15 14:00:00,2,39,0.9190309524536133,2026-02-13 12:00:00+00:00,2026-02-13 15:59:35+00:00,True
2026-02-13 18:00:00+00:00,2026-02-15 10:00:00+00:00,2026-02-15 15:00:00,2,40,0.9297772645950317,2026-02-13 12:00:00+00:00,2026-02-13 15:59:35+00:00,True
2026-02-13 18:00:00+00:00,2026-02-15 11:00:00+00:00,2026-02-15 16:00:00,2,41,0.9370339155197144,2026-02-13 12:00:00+00:00,2026-02-13 15:59:35+00:00,True
2026-02-13 18:00:00+00:00,2026-02-15 12:00:00+00:00,2026-02-15 17:00:00,2,42,0.9410657405853271,2026-02-13 12:00:00+00:00,2026-02-13 15:59:35+00:00,True
2026-02-13 18:00:00+00:00,2026-02-15 13:00:00+00:00,2026-02-15 18:00:00,2,43,0.9469902873039245,2026-02-13 12:00:00+00:00,2026-02-13 15:59:35+00:00,True
2026-02-13 18:00:00+00:00,2026-02-15 14:00:00+00:00,2026-02-15 19:00:00,2,44,0.9494809865951538,2026-02-13 12:00:00+00:00,2026-02-13 15:59:35+00:00,True
2026-02-13 18:00:00+00:00,2026-02-15 15:00:00+00:00,2026-02-15 20:00:00,2,45,0.9497133016586303,2026-02-13 12:00:00+00:00,2026-02-13 15:59:35+00:00,True
2026-02-13 18:00:00+00:00,2026-02-15 16:00:00+00:00,2026-02-15 21:00:00,2,46,0.9427154064178467,2026-02-13 12:00:00+00:00,2026-02-13 15:59:35+00:00,True
2026-02-13 18:00:00+00:00,2026-02-15 17:00:00+00:00,2026-02-15 22:00:00,2,47,0.9352532148361206,2026-02-13 12:00:00+00:00,2026-02-13 15:59:35+00:00,True
2026-02-13 18:00:00+00:00,2026-02-15 18:00:00+00:00,2026-02-15 23:00:00,2,48,0.9305907845497131,2026-02-13 12:00:00+00:00,2026-02-13 15:59:35+00:00,True
2026-02-14 18:00:00+00:00,2026-02-14 19:00:00+00:00,2026-02-15 00:00:00,1,1,0.017999898828566074,2026-02-14 12:00:00+00:00,2026-02-14 15:58:31+00:00,True
2026-02-14 18:00:00+00:00,2026-02-14 20:00:00+00:00,2026-02-15 01:00:00,1,2,0.026796750165522097,2026-02-14 12:00:00+00:00,2026-02-14 15:58:31+00:00,True
2026-02-14 18:00:00+00:00,2026-02-14 21:00:00+00:00,2026-02-15 02:00:00,1,3,0.03471932653337717,2026-02-14 12:00:00+00:00,2026-02-14 15:58:31+00:00,True
2026-02-14 18:00:00+00:00,2026-02-14 22:00:00+00:00,2026-02-15 03:00:00,1,4,0.020704959519207478,2026-02-14 12:00:00+00:00,2026-02-14 15:58:31+00:00,True
2026-02-14 18:00:00+00:00,2026-02-14 23:00:00+00:00,2026-02-15 04:00:00,1,5,0.03240544870495796,2026-02-14 12:00:00+00:00,2026-02-14 15:58:31+00:00,True
2026-02-14 18:00:00+00:00,2026-02-15 00:00:00+00:00,2026-02-15 05:00:00,1,6,0.08181095495820045,2026-02-14 12:00:00+00:00,2026-02-14 15:58:31+00:00,True
2026-02-14 18:00:00+00:00,2026-02-15 01:00:00+00:00,2026-02-15 06:00:00,1,7,0.09380584061145783,2026-02-14 12:00:00+00:00,2026-02-14 15:58:31+00:00,True
2026-02-14 18:00:00+00:00,2026-02-15 02:00:00+00:00,2026-02-15 07:00:00,1,8,0.11577706038951874,2026-02-14 12:00:00+00:00,2026-02-14 15:58:31+00:00,True
2026-02-14 18:00:00+00:00,2026-02-15 03:00:00+00:00,2026-02-15 08:00:00,1,9,0.15747104585170746,2026-02-14 12:00:00+00:00,2026-02-14 15:58:31+00:00,True
2026-02-14 18:00:00+00:00,2026-02-15 04:00:00+00:00,2026-02-15 09:00:00,1,10,0.32803543508052824,2026-02-14 12:00:00+00:00,2026-02-14 15:58:31+00:00,True
2026-02-14 18:00:00+00:00,2026-02-15 05:00:00+00:00,2026-02-15 10:00:00,1,11,0.7160120606422424,2026-02-14 12:00:00+00:00,2026-02-14 15:58:31+00:00,True
2026-02-14 18:00:00+00:00,2026-02-15 06:00:00+00:00,2026-02-15 11:00:00,1,12,0.9276592850685119,2026-02-14 12:00:00+00:00,2026-02-14 15:58:31+00:00,True
2026-02-14 18:00:00+00:00,2026-02-15 07:00:00+00:00,2026-02-15 12:00:00,1,13,0.9523914337158204,2026-02-14 12:00:00+00:00,2026-02-14 15:58:31+00:00,True
2026-02-14 18:00:00+00:00,2026-02-15 08:00:00+00:00,2026-02-15 13:00:00,1,14,0.9679150462150574,2026-02-14 12:00:00+00:00,2026-02-14 15:58:31+00:00,True
2026-02-14 18:00:00+00:00,2026-02-15 09:00:00+00:00,2026-02-15 14:00:00,1,15,0.9769554734230042,2026-02-14 12:00:00+00:00,2026-02-14 15:58:31+00:00,True
2026-02-14 18:00:00+00:00,2026-02-15 10:00:00+00:00,2026-02-15 15:00:00,1,16,0.970012104511261,2026-02-14 12:00:00+00:00,2026-02-14 15:58:31+00:00,True
2026-02-14 18:00:00+00:00,2026-02-15 11:00:00+00:00,2026-02-15 16:00:00,1,17,0.9604414701461792,2026-02-14 12:00:00+00:00,2026-02-14 15:58:31+00:00,True
2026-02-14 18:00:00+00:00,2026-02-15 12:00:00+00:00,2026-02-15 17:00:00,1,18,0.9464762568473816,2026-02-14 12:00:00+00:00,2026-02-14 15:58:31+00:00,True
2026-02-14 18:00:00+00:00,2026-02-15 13:00:00+00:00,2026-02-15 18:00:00,1,19,0.9364871859550477,2026-02-14 12:00:00+00:00,2026-02-14 15:58:31+00:00,True
2026-02-14 18:00:00+00:00,2026-02-15 14:00:00+00:00,2026-02-15 19:00:00,1,20,0.9219722986221314,2026-02-14 12:00:00+00:00,2026-02-14 15:58:31+00:00,True
2026-02-14 18:00:00+00:00,2026-02-15 15:00:00+00:00,2026-02-15 20:00:00,1,21,0.9017239809036255,2026-02-14 12:00:00+00:00,2026-02-14 15:58:31+00:00,True
2026-02-14 18:00:00+00:00,2026-02-15 16:00:00+00:00,2026-02-15 21:00:00,1,22,0.8569403529167176,2026-02-14 12:00:00+00:00,2026-02-14 15:58:31+00:00,True
2026-02-14 18:00:00+00:00,2026-02-15 17:00:00+00:00,2026-02-15 22:00:00,1,23,0.7789637207984924,2026-02-14 12:00:00+00:00,2026-02-14 15:58:31+00:00,True
2026-02-14 18:00:00+00:00,2026-02-15 18:00:00+00:00,2026-02-15 23:00:00,1,24,0.7372180223464966,2026-02-14 12:00:00+00:00,2026-02-14 15:58:31+00:00,True
2026-02-14 18:00:00+00:00,2026-02-15 19:00:00+00:00,2026-02-16 00:00:00,1,25,0.8052586436271667,2026-02-14 12:00:00+00:00,2026-02-14 15:58:31+00:00,True
2026-02-14 18:00:00+00:00,2026-02-15 20:00:00+00:00,2026-02-16 01:00:00,1,26,0.8450398206710815,2026-02-14 12:00:00+00:00,2026-02-14 15:58:31+00:00,True
2026-02-14 18:00:00+00:00,2026-02-15 21:00:00+00:00,2026-02-16 02:00:00,1,27,0.8639137625694275,2026-02-14 12:00:00+00:00,2026-02-14 15:58:31+00:00,True
2026-02-14 18:00:00+00:00,2026-02-15 22:00:00+00:00,2026-02-16 03:00:00,1,28,0.8543085575103759,2026-02-14 12:00:00+00:00,2026-02-14 15:58:31+00:00,True
2026-02-14 18:00:00+00:00,2026-02-15 23:00:00+00:00,2026-02-16 04:00:00,1,29,0.8366509795188903,2026-02-14 12:00:00+00:00,2026-02-14 15:58:31+00:00,True
2026-02-14 18:00:00+00:00,2026-02-16 00:00:00+00:00,2026-02-16 05:00:00,1,30,0.8055486440658569,2026-02-14 12:00:00+00:00,2026-02-14 15:58:31+00:00,True
2026-02-14 18:00:00+00:00,2026-02-16 01:00:00+00:00,2026-02-16 06:00:00,1,31,0.6966651797294616,2026-02-14 12:00:00+00:00,2026-02-14 15:58:31+00:00,True
2026-02-14 18:00:00+00:00,2026-02-16 02:00:00+00:00,2026-02-16 07:00:00,1,32,0.5665977358818054,2026-02-14 12:00:00+00:00,2026-02-14 15:58:31+00:00,True
2026-02-14 18:00:00+00:00,2026-02-16 03:00:00+00:00,2026-02-16 08:00:00,1,33,0.4396832585334778,2026-02-14 12:00:00+00:00,2026-02-14 15:58:31+00:00,True
2026-02-14 18:00:00+00:00,2026-02-16 04:00:00+00:00,2026-02-16 09:00:00,1,34,0.3614700436592102,2026-02-14 12:00:00+00:00,2026-02-14 15:58:31+00:00,True
2026-02-14 18:00:00+00:00,2026-02-16 05:00:00+00:00,2026-02-16 10:00:00,1,35,0.3107166588306427,2026-02-14 12:00:00+00:00,2026-02-14 15:58:31+00:00,True
2026-02-14 18:00:00+00:00,2026-02-16 06:00:00+00:00,2026-02-16 11:00:00,1,36,0.28149608373641966,2026-02-14 12:00:00+00:00,2026-02-14 15:58:31+00:00,True
2026-02-14 18:00:00+00:00,2026-02-16 07:00:00+00:00,2026-02-16 12:00:00,1,37,0.3906011700630188,2026-02-14 12:00:00+00:00,2026-02-14 15:58:31+00:00,True
2026-02-14 18:00:00+00:00,2026-02-16 08:00:00+00:00,2026-02-16 13:00:00,1,38,0.5919341146945953,2026-02-14 12:00:00+00:00,2026-02-14 15:58:31+00:00,True
2026-02-14 18:00:00+00:00,2026-02-16 09:00:00+00:00,2026-02-16 14:00:00,1,39,0.7891075015068054,2026-02-14 12:00:00+00:00,2026-02-14 15:58:31+00:00,True
2026-02-14 18:00:00+00:00,2026-02-16 10:00:00+00:00,2026-02-16 15:00:00,1,40,0.8450806617736817,2026-02-14 12:00:00+00:00,2026-02-14 15:58:31+00:00,True
2026-02-14 18:00:00+00:00,2026-02-16 11:00:00+00:00,2026-02-16 16:00:00,1,41,0.8762069821357727,2026-02-14 12:00:00+00:00,2026-02-14 15:58:31+00:00,True
2026-02-14 18:00:00+00:00,2026-02-16 12:00:00+00:00,2026-02-16 17:00:00,1,42,0.8933496475219727,2026-02-14 12:00:00+00:00,2026-02-14 15:58:31+00:00,True
2026-02-14 18:00:00+00:00,2026-02-16 13:00:00+00:00,2026-02-16 18:00:00,1,43,0.9258665800094604,2026-02-14 12:00:00+00:00,2026-02-14 15:58:31+00:00,True
2026-02-14 18:00:00+00:00,2026-02-16 14:00:00+00:00,2026-02-16 19:00:00,1,44,0.9443687558174133,2026-02-14 12:00:00+00:00,2026-02-14 15:58:31+00:00,True
2026-02-14 18:00:00+00:00,2026-02-16 15:00:00+00:00,2026-02-16 20:00:00,1,45,0.9571136713027955,2026-02-14 12:00:00+00:00,2026-02-14 15:58:31+00:00,True
2026-02-14 18:00:00+00:00,2026-02-16 16:00:00+00:00,2026-02-16 21:00:00,1,46,0.94688321352005,2026-02-14 12:00:00+00:00,2026-02-14 15:58:31+00:00,True
2026-02-14 18:00:00+00:00,2026-02-16 17:00:00+00:00,2026-02-16 22:00:00,1,47,0.9333162307739258,2026-02-14 12:00:00+00:00,2026-02-14 15:58:31+00:00,True
2026-02-14 18:00:00+00:00,2026-02-16 18:00:00+00:00,2026-02-16 23:00:00,1,48,0.9141920208930969,2026-02-14 12:00:00+00:00,2026-02-14 15:58:31+00:00,True
2026-02-14 18:00:00+00:00,2026-02-14 19:00:00+00:00,2026-02-15 00:00:00,2,1,0.015583222918212413,2026-02-14 12:00:00+00:00,2026-02-14 15:58:31+00:00,True
2026-02-14 18:00:00+00:00,2026-02-14 20:00:00+00:00,2026-02-15 01:00:00,2,2,0.023486955277621745,2026-02-14 12:00:00+00:00,2026-02-14 15:58:31+00:00,True
2026-02-14 18:00:00+00:00,2026-02-14 21:00:00+00:00,2026-02-15 02:00:00,2,3,0.03061819598078728,2026-02-14 12:00:00+00:00,2026-02-14 15:58:31+00:00,True
2026-02-14 18:00:00+00:00,2026-02-14 22:00:00+00:00,2026-02-15 03:00:00,2,4,0.017491738311946392,2026-02-14 12:00:00+00:00,2026-02-14 15:58:31+00:00,True
2026-02-14 18:00:00+00:00,2026-02-14 23:00:00+00:00,2026-02-15 04:00:00,2,5,0.026854636520147322,2026-02-14 12:00:00+00:00,2026-02-14 15:58:31+00:00,True
2026-02-14 18:00:00+00:00,2026-02-15 00:00:00+00:00,2026-02-15 05:00:00,2,6,0.0655338205397129,2026-02-14 12:00:00+00:00,2026-02-14 15:58:31+00:00,True
2026-02-14 18:00:00+00:00,2026-02-15 01:00:00+00:00,2026-02-15 06:00:00,2,7,0.07822026312351227,2026-02-14 12:00:00+00:00,2026-02-14 15:58:31+00:00,True
2026-02-14 18:00:00+00:00,2026-02-15 02:00:00+00:00,2026-02-15 07:00:00,2,8,0.10130060166120529,2026-02-14 12:00:00+00:00,2026-02-14 15:58:31+00:00,True
2026-02-14 18:00:00+00:00,2026-02-15 03:00:00+00:00,2026-02-15 08:00:00,2,9,0.1447864942252636,2026-02-14 12:00:00+00:00,2026-02-14 15:58:31+00:00,True
2026-02-14 18:00:00+00:00,2026-02-15 04:00:00+00:00,2026-02-15 09:00:00,2,10,0.3255483776330948,2026-02-14 12:00:00+00:00,2026-02-14 15:58:31+00:00,True
2026-02-14 18:00:00+00:00,2026-02-15 05:00:00+00:00,2026-02-15 10:00:00,2,11,0.713733184337616,2026-02-14 12:00:00+00:00,2026-02-14 15:58:31+00:00,True
2026-02-14 18:00:00+00:00,2026-02-15 06:00:00+00:00,2026-02-15 11:00:00,2,12,0.92293621301651,2026-02-14 12:00:00+00:00,2026-02-14 15:58:31+00:00,True
2026-02-14 18:00:00+00:00,2026-02-15 07:00:00+00:00,2026-02-15 12:00:00,2,13,0.9496547102928161,2026-02-14 12:00:00+00:00,2026-02-14 15:58:31+00:00,True
2026-02-14 18:00:00+00:00,2026-02-15 08:00:00+00:00,2026-02-15 13:00:00,2,14,0.9658123850822449,2026-02-14 12:00:00+00:00,2026-02-14 15:58:31+00:00,True
2026-02-14 18:00:00+00:00,2026-02-15 09:00:00+00:00,2026-02-15 14:00:00,2,15,0.97529057264328,2026-02-14 12:00:00+00:00,2026-02-14 15:58:31+00:00,True
2026-02-14 18:00:00+00:00,2026-02-15 10:00:00+00:00,2026-02-15 15:00:00,2,16,0.9681602358818054,2026-02-14 12:00:00+00:00,2026-02-14 15:58:31+00:00,True
2026-02-14 18:00:00+00:00,2026-02-15 11:00:00+00:00,2026-02-15 16:00:00,2,17,0.9582876443862915,2026-02-14 12:00:00+00:00,2026-02-14 15:58:31+00:00,True
2026-02-14 18:00:00+00:00,2026-02-15 12:00:00+00:00,2026-02-15 17:00:00,2,18,0.9436011672019958,2026-02-14 12:00:00+00:00,2026-02-14 15:58:31+00:00,True
2026-02-14 18:00:00+00:00,2026-02-15 13:00:00+00:00,2026-02-15 18:00:00,2,19,0.9327865242958069,2026-02-14 12:00:00+00:00,2026-02-14 15:58:31+00:00,True
2026-02-14 18:00:00+00:00,2026-02-15 14:00:00+00:00,2026-02-15 19:00:00,2,20,0.9160547852516174,2026-02-14 12:00:00+00:00,2026-02-14 15:58:31+00:00,True
2026-02-14 18:00:00+00:00,2026-02-15 15:00:00+00:00,2026-02-15 20:00:00,2,21,0.8928707480430603,2026-02-14 12:00:00+00:00,2026-02-14 15:58:31+00:00,True
2026-02-14 18:00:00+00:00,2026-02-15 16:00:00+00:00,2026-02-15 21:00:00,2,22,0.8425326824188233,2026-02-14 12:00:00+00:00,2026-02-14 15:58:31+00:00,True
2026-02-14 18:00:00+00:00,2026-02-15 17:00:00+00:00,2026-02-15 22:00:00,2,23,0.7549649596214294,2026-02-14 12:00:00+00:00,2026-02-14 15:58:31+00:00,True
2026-02-14 18:00:00+00:00,2026-02-15 18:00:00+00:00,2026-02-15 23:00:00,2,24,0.7061862945556641,2026-02-14 12:00:00+00:00,2026-02-14 15:58:31+00:00,True
2026-02-14 18:00:00+00:00,2026-02-15 19:00:00+00:00,2026-02-16 00:00:00,2,25,0.7732805252075196,2026-02-14 12:00:00+00:00,2026-02-14 15:58:31+00:00,True
2026-02-14 18:00:00+00:00,2026-02-15 20:00:00+00:00,2026-02-16 01:00:00,2,26,0.815928053855896,2026-02-14 12:00:00+00:00,2026-02-14 15:58:31+00:00,True
2026-02-14 18:00:00+00:00,2026-02-15 21:00:00+00:00,2026-02-16 02:00:00,2,27,0.8395718932151794,2026-02-14 12:00:00+00:00,2026-02-14 15:58:31+00:00,True
2026-02-14 18:00:00+00:00,2026-02-15 22:00:00+00:00,2026-02-16 03:00:00,2,28,0.83050057888031,2026-02-14 12:00:00+00:00,2026-02-14 15:58:31+00:00,True
2026-02-14 18:00:00+00:00,2026-02-15 23:00:00+00:00,2026-02-16 04:00:00,2,29,0.8112248063087464,2026-02-14 12:00:00+00:00,2026-02-14 15:58:31+00:00,True
2026-02-14 18:00:00+00:00,2026-02-16 00:00:00+00:00,2026-02-16 05:00:00,2,30,0.776777696609497,2026-02-14 12:00:00+00:00,2026-02-14 15:58:31+00:00,True
2026-02-14 18:00:00+00:00,2026-02-16 01:00:00+00:00,2026-02-16 06:00:00,2,31,0.6644206404685974,2026-02-14 12:00:00+00:00,2026-02-14 15:58:31+00:00,True
2026-02-14 18:00:00+00:00,2026-02-16 02:00:00+00:00,2026-02-16 07:00:00,2,32,0.5378266632556915,2026-02-14 12:00:00+00:00,2026-02-14 15:58:31+00:00,True
2026-02-14 18:00:00+00:00,2026-02-16 03:00:00+00:00,2026-02-16 08:00:00,2,33,0.41737319231033326,2026-02-14 12:00:00+00:00,2026-02-14 15:58:31+00:00,True
2026-02-14 18:00:00+00:00,2026-02-16 04:00:00+00:00,2026-02-16 09:00:00,2,34,0.353451207280159,2026-02-14 12:00:00+00:00,2026-02-14 15:58:31+00:00,True
2026-02-14 18:00:00+00:00,2026-02-16 05:00:00+00:00,2026-02-16 10:00:00,2,35,0.3087826132774353,2026-02-14 12:00:00+00:00,2026-02-14 15:58:31+00:00,True
2026-02-14 18:00:00+00:00,2026-02-16 06:00:00+00:00,2026-02-16 11:00:00,2,36,0.28140788376331327,2026-02-14 12:00:00+00:00,2026-02-14 15:58:31+00:00,True
2026-02-14 18:00:00+00:00,2026-02-16 07:00:00+00:00,2026-02-16 12:00:00,2,37,0.40302366614341734,2026-02-14 12:00:00+00:00,2026-02-14 15:58:31+00:00,True
2026-02-14 18:00:00+00:00,2026-02-16 08:00:00+00:00,2026-02-16 13:00:00,2,38,0.6074636042118072,2026-02-14 12:00:00+00:00,2026-02-14 15:58:31+00:00,True
2026-02-14 18:00:00+00:00,2026-02-16 09:00:00+00:00,2026-02-16 14:00:00,2,39,0.7952564716339111,2026-02-14 12:00:00+00:00,2026-02-14 15:58:31+00:00,True
2026-02-14 18:00:00+00:00,2026-02-16 10:00:00+00:00,2026-02-16 15:00:00,2,40,0.8461319804191589,2026-02-14 12:00:00+00:00,2026-02-14 15:58:31+00:00,True
2026-02-14 18:00:00+00:00,2026-02-16 11:00:00+00:00,2026-02-16 16:00:00,2,41,0.8736310124397277,2026-02-14 12:00:00+00:00,2026-02-14 15:58:31+00:00,True
2026-02-14 18:00:00+00:00,2026-02-16 12:00:00+00:00,2026-02-16 17:00:00,2,42,0.8888067722320556,2026-02-14 12:00:00+00:00,2026-02-14 15:58:31+00:00,True
2026-02-14 18:00:00+00:00,2026-02-16 13:00:00+00:00,2026-02-16 18:00:00,2,43,0.9201464295387268,2026-02-14 12:00:00+00:00,2026-02-14 15:58:31+00:00,True
2026-02-14 18:00:00+00:00,2026-02-16 14:00:00+00:00,2026-02-16 19:00:00,2,44,0.9393358707427979,2026-02-14 12:00:00+00:00,2026-02-14 15:58:31+00:00,True
2026-02-14 18:00:00+00:00,2026-02-16 15:00:00+00:00,2026-02-16 20:00:00,2,45,0.9527771353721619,2026-02-14 12:00:00+00:00,2026-02-14 15:58:31+00:00,True
2026-02-14 18:00:00+00:00,2026-02-16 16:00:00+00:00,2026-02-16 21:00:00,2,46,0.9408236384391785,2026-02-14 12:00:00+00:00,2026-02-14 15:58:31+00:00,True
2026-02-14 18:00:00+00:00,2026-02-16 17:00:00+00:00,2026-02-16 22:00:00,2,47,0.9253795981407166,2026-02-14 12:00:00+00:00,2026-02-14 15:58:31+00:00,True
2026-02-14 18:00:00+00:00,2026-02-16 18:00:00+00:00,2026-02-16 23:00:00,2,48,0.9021474480628967,2026-02-14 12:00:00+00:00,2026-02-14 15:58:31+00:00,True
2026-02-15 18:00:00+00:00,2026-02-15 19:00:00+00:00,2026-02-16 00:00:00,1,1,0.5078038990497589,2026-02-15 12:00:00+00:00,2026-02-15 16:02:13+00:00,True
2026-02-15 18:00:00+00:00,2026-02-15 20:00:00+00:00,2026-02-16 01:00:00,1,2,0.6410953462123871,2026-02-15 12:00:00+00:00,2026-02-15 16:02:13+00:00,True
2026-02-15 18:00:00+00:00,2026-02-15 21:00:00+00:00,2026-02-16 02:00:00,1,3,0.7536656856536865,2026-02-15 12:00:00+00:00,2026-02-15 16:02:13+00:00,True
2026-02-15 18:00:00+00:00,2026-02-15 22:00:00+00:00,2026-02-16 03:00:00,1,4,0.6028013467788697,2026-02-15 12:00:00+00:00,2026-02-15 16:02:13+00:00,True
2026-02-15 18:00:00+00:00,2026-02-15 23:00:00+00:00,2026-02-16 04:00:00,1,5,0.47762407660484313,2026-02-15 12:00:00+00:00,2026-02-15 16:02:13+00:00,True
2026-02-15 18:00:00+00:00,2026-02-16 00:00:00+00:00,2026-02-16 05:00:00,1,6,0.34405953884124757,2026-02-15 12:00:00+00:00,2026-02-15 16:02:13+00:00,True
2026-02-15 18:00:00+00:00,2026-02-16 01:00:00+00:00,2026-02-16 06:00:00,1,7,0.20150188207626343,2026-02-15 12:00:00+00:00,2026-02-15 16:02:13+00:00,True
2026-02-15 18:00:00+00:00,2026-02-16 02:00:00+00:00,2026-02-16 07:00:00,1,8,0.10738084316253663,2026-02-15 12:00:00+00:00,2026-02-15 16:02:13+00:00,True
2026-02-15 18:00:00+00:00,2026-02-16 03:00:00+00:00,2026-02-16 08:00:00,1,9,0.061509419977664945,2026-02-15 12:00:00+00:00,2026-02-15 16:02:13+00:00,True
2026-02-15 18:00:00+00:00,2026-02-16 04:00:00+00:00,2026-02-16 09:00:00,1,10,0.04597181528806686,2026-02-15 12:00:00+00:00,2026-02-15 16:02:13+00:00,True
2026-02-15 18:00:00+00:00,2026-02-16 05:00:00+00:00,2026-02-16 10:00:00,1,11,0.03784289322793484,2026-02-15 12:00:00+00:00,2026-02-15 16:02:13+00:00,True
2026-02-15 18:00:00+00:00,2026-02-16 06:00:00+00:00,2026-02-16 11:00:00,1,12,0.03511035740375519,2026-02-15 12:00:00+00:00,2026-02-15 16:02:13+00:00,True
2026-02-15 18:00:00+00:00,2026-02-16 07:00:00+00:00,2026-02-16 12:00:00,1,13,0.04140253812074661,2026-02-15 12:00:00+00:00,2026-02-15 16:02:13+00:00,True
2026-02-15 18:00:00+00:00,2026-02-16 08:00:00+00:00,2026-02-16 13:00:00,1,14,0.05280711501836777,2026-02-15 12:00:00+00:00,2026-02-15 16:02:13+00:00,True
2026-02-15 18:00:00+00:00,2026-02-16 09:00:00+00:00,2026-02-16 14:00:00,1,15,0.07809193432331085,2026-02-15 12:00:00+00:00,2026-02-15 16:02:13+00:00,True
2026-02-15 18:00:00+00:00,2026-02-16 10:00:00+00:00,2026-02-16 15:00:00,1,16,0.12077145129442216,2026-02-15 12:00:00+00:00,2026-02-15 16:02:13+00:00,True
2026-02-15 18:00:00+00:00,2026-02-16 11:00:00+00:00,2026-02-16 16:00:00,1,17,0.1906772583723068,2026-02-15 12:00:00+00:00,2026-02-15 16:02:13+00:00,True
2026-02-15 18:00:00+00:00,2026-02-16 12:00:00+00:00,2026-02-16 17:00:00,1,18,0.28523987233638765,2026-02-15 12:00:00+00:00,2026-02-15 16:02:13+00:00,True
2026-02-15 18:00:00+00:00,2026-02-16 13:00:00+00:00,2026-02-16 18:00:00,1,19,0.48336910605430605,2026-02-15 12:00:00+00:00,2026-02-15 16:02:13+00:00,True
2026-02-15 18:00:00+00:00,2026-02-16 14:00:00+00:00,2026-02-16 19:00:00,1,20,0.6425762295722961,2026-02-15 12:00:00+00:00,2026-02-15 16:02:13+00:00,True
2026-02-15 18:00:00+00:00,2026-02-16 15:00:00+00:00,2026-02-16 20:00:00,1,21,0.7499955773353577,2026-02-15 12:00:00+00:00,2026-02-15 16:02:13+00:00,True
2026-02-15 18:00:00+00:00,2026-02-16 16:00:00+00:00,2026-02-16 21:00:00,1,22,0.779715621471405,2026-02-15 12:00:00+00:00,2026-02-15 16:02:13+00:00,True
2026-02-15 18:00:00+00:00,2026-02-16 17:00:00+00:00,2026-02-16 22:00:00,1,23,0.8032162666320801,2026-02-15 12:00:00+00:00,2026-02-15 16:02:13+00:00,True
2026-02-15 18:00:00+00:00,2026-02-16 18:00:00+00:00,2026-02-16 23:00:00,1,24,0.8228653311729431,2026-02-15 12:00:00+00:00,2026-02-15 16:02:13+00:00,True
2026-02-15 18:00:00+00:00,2026-02-16 19:00:00+00:00,2026-02-17 00:00:00,1,25,0.7967431783676148,2026-02-15 12:00:00+00:00,2026-02-15 16:02:13+00:00,True
2026-02-15 18:00:00+00:00,2026-02-16 20:00:00+00:00,2026-02-17 01:00:00,1,26,0.7666174888610839,2026-02-15 12:00:00+00:00,2026-02-15 16:02:13+00:00,True
2026-02-15 18:00:00+00:00,2026-02-16 21:00:00+00:00,2026-02-17 02:00:00,1,27,0.7286430954933166,2026-02-15 12:00:00+00:00,2026-02-15 16:02:13+00:00,True
2026-02-15 18:00:00+00:00,2026-02-16 22:00:00+00:00,2026-02-17 03:00:00,1,28,0.5945626974105835,2026-02-15 12:00:00+00:00,2026-02-15 16:02:13+00:00,True
2026-02-15 18:00:00+00:00,2026-02-16 23:00:00+00:00,2026-02-17 04:00:00,1,29,0.4424794435501099,2026-02-15 12:00:00+00:00,2026-02-15 16:02:13+00:00,True
2026-02-15 18:00:00+00:00,2026-02-17 00:00:00+00:00,2026-02-17 05:00:00,1,30,0.2926861852407455,2026-02-15 12:00:00+00:00,2026-02-15 16:02:13+00:00,True
2026-02-15 18:00:00+00:00,2026-02-17 01:00:00+00:00,2026-02-17 06:00:00,1,31,0.14134297966957093,2026-02-15 12:00:00+00:00,2026-02-15 16:02:13+00:00,True
2026-02-15 18:00:00+00:00,2026-02-17 02:00:00+00:00,2026-02-17 07:00:00,1,32,0.06687213405966759,2026-02-15 12:00:00+00:00,2026-02-15 16:02:13+00:00,True
2026-02-15 18:00:00+00:00,2026-02-17 03:00:00+00:00,2026-02-17 08:00:00,1,33,0.0352187417447567,2026-02-15 12:00:00+00:00,2026-02-15 16:02:13+00:00,True
2026-02-15 18:00:00+00:00,2026-02-17 04:00:00+00:00,2026-02-17 09:00:00,1,34,0.034979290887713434,2026-02-15 12:00:00+00:00,2026-02-15 16:02:13+00:00,True
2026-02-15 18:00:00+00:00,2026-02-17 05:00:00+00:00,2026-02-17 10:00:00,1,35,0.038030652701854704,2026-02-15 12:00:00+00:00,2026-02-15 16:02:13+00:00,True
2026-02-15 18:00:00+00:00,2026-02-17 06:00:00+00:00,2026-02-17 11:00:00,1,36,0.048374046385288236,2026-02-15 12:00:00+00:00,2026-02-15 16:02:13+00:00,True
2026-02-15 18:00:00+00:00,2026-02-17 07:00:00+00:00,2026-02-17 12:00:00,1,37,0.05128674954175949,2026-02-15 12:00:00+00:00,2026-02-15 16:02:13+00:00,True
2026-02-15 18:00:00+00:00,2026-02-17 08:00:00+00:00,2026-02-17 13:00:00,1,38,0.06301159039139748,2026-02-15 12:00:00+00:00,2026-02-15 16:02:13+00:00,True
2026-02-15 18:00:00+00:00,2026-02-17 09:00:00+00:00,2026-02-17 14:00:00,1,39,0.08644475638866425,2026-02-15 12:00:00+00:00,2026-02-15 16:02:13+00:00,True
2026-02-15 18:00:00+00:00,2026-02-17 10:00:00+00:00,2026-02-17 15:00:00,1,40,0.06548594981431961,2026-02-15 12:00:00+00:00,2026-02-15 16:02:13+00:00,True
2026-02-15 18:00:00+00:00,2026-02-17 11:00:00+00:00,2026-02-17 16:00:00,1,41,0.05611240714788437,2026-02-15 12:00:00+00:00,2026-02-15 16:02:13+00:00,True
2026-02-15 18:00:00+00:00,2026-02-17 12:00:00+00:00,2026-02-17 17:00:00,1,42,0.055054348707199094,2026-02-15 12:00:00+00:00,2026-02-15 16:02:13+00:00,True
2026-02-15 18:00:00+00:00,2026-02-17 13:00:00+00:00,2026-02-17 18:00:00,1,43,0.11077360212802886,2026-02-15 12:00:00+00:00,2026-02-15 16:02:13+00:00,True
2026-02-15 18:00:00+00:00,2026-02-17 14:00:00+00:00,2026-02-17 19:00:00,1,44,0.24040620774030685,2026-02-15 12:00:00+00:00,2026-02-15 16:02:13+00:00,True
2026-02-15 18:00:00+00:00,2026-02-17 15:00:00+00:00,2026-02-17 20:00:00,1,45,0.4359051138162613,2026-02-15 12:00:00+00:00,2026-02-15 16:02:13+00:00,True
2026-02-15 18:00:00+00:00,2026-02-17 16:00:00+00:00,2026-02-17 21:00:00,1,46,0.4250004291534424,2026-02-15 12:00:00+00:00,2026-02-15 16:02:13+00:00,True
2026-02-15 18:00:00+00:00,2026-02-17 17:00:00+00:00,2026-02-17 22:00:00,1,47,0.42625637352466583,2026-02-15 12:00:00+00:00,2026-02-15 16:02:13+00:00,True
2026-02-15 18:00:00+00:00,2026-02-17 18:00:00+00:00,2026-02-17 23:00:00,1,48,0.45454845428466795,2026-02-15 12:00:00+00:00,2026-02-15 16:02:13+00:00,True
2026-02-15 18:00:00+00:00,2026-02-15 19:00:00+00:00,2026-02-16 00:00:00,2,1,0.48005551695823667,2026-02-15 12:00:00+00:00,2026-02-15 16:02:13+00:00,True
2026-02-15 18:00:00+00:00,2026-02-15 20:00:00+00:00,2026-02-16 01:00:00,2,2,0.6111009120941162,2026-02-15 12:00:00+00:00,2026-02-15 16:02:13+00:00,True
2026-02-15 18:00:00+00:00,2026-02-15 21:00:00+00:00,2026-02-16 02:00:00,2,3,0.723632562160492,2026-02-15 12:00:00+00:00,2026-02-15 16:02:13+00:00,True
2026-02-15 18:00:00+00:00,2026-02-15 22:00:00+00:00,2026-02-16 03:00:00,2,4,0.572497820854187,2026-02-15 12:00:00+00:00,2026-02-15 16:02:13+00:00,True
2026-02-15 18:00:00+00:00,2026-02-15 23:00:00+00:00,2026-02-16 04:00:00,2,5,0.44765443205833433,2026-02-15 12:00:00+00:00,2026-02-15 16:02:13+00:00,True
2026-02-15 18:00:00+00:00,2026-02-16 00:00:00+00:00,2026-02-16 05:00:00,2,6,0.3136070013046265,2026-02-15 12:00:00+00:00,2026-02-15 16:02:13+00:00,True
2026-02-15 18:00:00+00:00,2026-02-16 01:00:00+00:00,2026-02-16 06:00:00,2,7,0.17974528670310974,2026-02-15 12:00:00+00:00,2026-02-15 16:02:13+00:00,True
2026-02-15 18:00:00+00:00,2026-02-16 02:00:00+00:00,2026-02-16 07:00:00,2,8,0.09542114585638047,2026-02-15 12:00:00+00:00,2026-02-15 16:02:13+00:00,True
2026-02-15 18:00:00+00:00,2026-02-16 03:00:00+00:00,2026-02-16 08:00:00,2,9,0.05494042932987213,2026-02-15 12:00:00+00:00,2026-02-15 16:02:13+00:00,True
2026-02-15 18:00:00+00:00,2026-02-16 04:00:00+00:00,2026-02-16 09:00:00,2,10,0.04196541495621205,2026-02-15 12:00:00+00:00,2026-02-15 16:02:13+00:00,True
2026-02-15 18:00:00+00:00,2026-02-16 05:00:00+00:00,2026-02-16 10:00:00,2,11,0.03522843047976494,2026-02-15 12:00:00+00:00,2026-02-15 16:02:13+00:00,True
2026-02-15 18:00:00+00:00,2026-02-16 06:00:00+00:00,2026-02-16 11:00:00,2,12,0.03278490714728832,2026-02-15 12:00:00+00:00,2026-02-15 16:02:13+00:00,True
2026-02-15 18:00:00+00:00,2026-02-16 07:00:00+00:00,2026-02-16 12:00:00,2,13,0.03931042551994324,2026-02-15 12:00:00+00:00,2026-02-15 16:02:13+00:00,True
2026-02-15 18:00:00+00:00,2026-02-16 08:00:00+00:00,2026-02-16 13:00:00,2,14,0.05178273245692253,2026-02-15 12:00:00+00:00,2026-02-15 16:02:13+00:00,True
2026-02-15 18:00:00+00:00,2026-02-16 09:00:00+00:00,2026-02-16 14:00:00,2,15,0.07910344153642654,2026-02-15 12:00:00+00:00,2026-02-15 16:02:13+00:00,True
2026-02-15 18:00:00+00:00,2026-02-16 10:00:00+00:00,2026-02-16 15:00:00,2,16,0.12214811071753502,2026-02-15 12:00:00+00:00,2026-02-15 16:02:13+00:00,True
2026-02-15 18:00:00+00:00,2026-02-16 11:00:00+00:00,2026-02-16 16:00:00,2,17,0.19565462023019792,2026-02-15 12:00:00+00:00,2026-02-15 16:02:13+00:00,True
2026-02-15 18:00:00+00:00,2026-02-16 12:00:00+00:00,2026-02-16 17:00:00,2,18,0.29254126101732253,2026-02-15 12:00:00+00:00,2026-02-15 16:02:13+00:00,True
2026-02-15 18:00:00+00:00,2026-02-16 13:00:00+00:00,2026-02-16 18:00:00,2,19,0.4783078104257584,2026-02-15 12:00:00+00:00,2026-02-15 16:02:13+00:00,True
2026-02-15 18:00:00+00:00,2026-02-16 14:00:00+00:00,2026-02-16 19:00:00,2,20,0.6231978595256805,2026-02-15 12:00:00+00:00,2026-02-15 16:02:13+00:00,True
2026-02-15 18:00:00+00:00,2026-02-16 15:00:00+00:00,2026-02-16 20:00:00,2,21,0.7212081611156463,2026-02-15 12:00:00+00:00,2026-02-15 16:02:13+00:00,True
2026-02-15 18:00:00+00:00,2026-02-16 16:00:00+00:00,2026-02-16 21:00:00,2,22,0.7480780839920044,2026-02-15 12:00:00+00:00,2026-02-15 16:02:13+00:00,True
2026-02-15 18:00:00+00:00,2026-02-16 17:00:00+00:00,2026-02-16 22:00:00,2,23,0.7694725155830383,2026-02-15 12:00:00+00:00,2026-02-15 16:02:13+00:00,True
2026-02-15 18:00:00+00:00,2026-02-16 18:00:00+00:00,2026-02-16 23:00:00,2,24,0.7899425506591797,2026-02-15 12:00:00+00:00,2026-02-15 16:02:13+00:00,True
2026-02-15 18:00:00+00:00,2026-02-16 19:00:00+00:00,2026-02-17 00:00:00,2,25,0.7570629239082336,2026-02-15 12:00:00+00:00,2026-02-15 16:02:13+00:00,True
2026-02-15 18:00:00+00:00,2026-02-16 20:00:00+00:00,2026-02-17 01:00:00,2,26,0.7222465515136719,2026-02-15 12:00:00+00:00,2026-02-15 16:02:13+00:00,True
2026-02-15 18:00:00+00:00,2026-02-16 21:00:00+00:00,2026-02-17 02:00:00,2,27,0.6796342372894287,2026-02-15 12:00:00+00:00,2026-02-15 16:02:13+00:00,True
2026-02-15 18:00:00+00:00,2026-02-16 22:00:00+00:00,2026-02-17 03:00:00,2,28,0.542099517583847,2026-02-15 12:00:00+00:00,2026-02-15 16:02:13+00:00,True
2026-02-15 18:00:00+00:00,2026-02-16 23:00:00+00:00,2026-02-17 04:00:00,2,29,0.39365401268005373,2026-02-15 12:00:00+00:00,2026-02-15 16:02:13+00:00,True
2026-02-15 18:00:00+00:00,2026-02-17 00:00:00+00:00,2026-02-17 05:00:00,2,30,0.24969256520271302,2026-02-15 12:00:00+00:00,2026-02-15 16:02:13+00:00,True
2026-02-15 18:00:00+00:00,2026-02-17 01:00:00+00:00,2026-02-17 06:00:00,2,31,0.11887050718069077,2026-02-15 12:00:00+00:00,2026-02-15 16:02:13+00:00,True
2026-02-15 18:00:00+00:00,2026-02-17 02:00:00+00:00,2026-02-17 07:00:00,2,32,0.05712123215198517,2026-02-15 12:00:00+00:00,2026-02-15 16:02:13+00:00,True
2026-02-15 18:00:00+00:00,2026-02-17 03:00:00+00:00,2026-02-17 08:00:00,2,33,0.030301610007882118,2026-02-15 12:00:00+00:00,2026-02-15 16:02:13+00:00,True
2026-02-15 18:00:00+00:00,2026-02-17 04:00:00+00:00,2026-02-17 09:00:00,2,34,0.031496443599462506,2026-02-15 12:00:00+00:00,2026-02-15 16:02:13+00:00,True
2026-02-15 18:00:00+00:00,2026-02-17 05:00:00+00:00,2026-02-17 10:00:00,2,35,0.035560916364192965,2026-02-15 12:00:00+00:00,2026-02-15 16:02:13+00:00,True
2026-02-15 18:00:00+00:00,2026-02-17 06:00:00+00:00,2026-02-17 11:00:00,2,36,0.046134427562355994,2026-02-15 12:00:00+00:00,2026-02-15 16:02:13+00:00,True
2026-02-15 18:00:00+00:00,2026-02-17 07:00:00+00:00,2026-02-17 12:00:00,2,37,0.04966950118541717,2026-02-15 12:00:00+00:00,2026-02-15 16:02:13+00:00,True
2026-02-15 18:00:00+00:00,2026-02-17 08:00:00+00:00,2026-02-17 13:00:00,2,38,0.06182727850973606,2026-02-15 12:00:00+00:00,2026-02-15 16:02:13+00:00,True
2026-02-15 18:00:00+00:00,2026-02-17 09:00:00+00:00,2026-02-17 14:00:00,2,39,0.08564135544002056,2026-02-15 12:00:00+00:00,2026-02-15 16:02:13+00:00,True
2026-02-15 18:00:00+00:00,2026-02-17 10:00:00+00:00,2026-02-17 15:00:00,2,40,0.06656601764261723,2026-02-15 12:00:00+00:00,2026-02-15 16:02:13+00:00,True
2026-02-15 18:00:00+00:00,2026-02-17 11:00:00+00:00,2026-02-17 16:00:00,2,41,0.057440031319856644,2026-02-15 12:00:00+00:00,2026-02-15 16:02:13+00:00,True
2026-02-15 18:00:00+00:00,2026-02-17 12:00:00+00:00,2026-02-17 17:00:00,2,42,0.05390189774334431,2026-02-15 12:00:00+00:00,2026-02-15 16:02:13+00:00,True
2026-02-15 18:00:00+00:00,2026-02-17 13:00:00+00:00,2026-02-17 18:00:00,2,43,0.10900184139609337,2026-02-15 12:00:00+00:00,2026-02-15 16:02:13+00:00,True
2026-02-15 18:00:00+00:00,2026-02-17 14:00:00+00:00,2026-02-17 19:00:00,2,44,0.23408579528331758,2026-02-15 12:00:00+00:00,2026-02-15 16:02:13+00:00,True
2026-02-15 18:00:00+00:00,2026-02-17 15:00:00+00:00,2026-02-17 20:00:00,2,45,0.4143912121653557,2026-02-15 12:00:00+00:00,2026-02-15 16:02:13+00:00,True
2026-02-15 18:00:00+00:00,2026-02-17 16:00:00+00:00,2026-02-17 21:00:00,2,46,0.39580119848251344,2026-02-15 12:00:00+00:00,2026-02-15 16:02:13+00:00,True
2026-02-15 18:00:00+00:00,2026-02-17 17:00:00+00:00,2026-02-17 22:00:00,2,47,0.3934550076723099,2026-02-15 12:00:00+00:00,2026-02-15 16:02:13+00:00,True
2026-02-15 18:00:00+00:00,2026-02-17 18:00:00+00:00,2026-02-17 23:00:00,2,48,0.41472532153129577,2026-02-15 12:00:00+00:00,2026-02-15 16:02:13+00:00,True
2026-02-16 18:00:00+00:00,2026-02-16 19:00:00+00:00,2026-02-17 00:00:00,1,1,0.4829474985599518,2026-02-16 12:00:00+00:00,2026-02-16 16:00:43+00:00,True
2026-02-16 18:00:00+00:00,2026-02-16 20:00:00+00:00,2026-02-17 01:00:00,1,2,0.4226039946079254,2026-02-16 12:00:00+00:00,2026-02-16 16:00:43+00:00,True
2026-02-16 18:00:00+00:00,2026-02-16 21:00:00+00:00,2026-02-17 02:00:00,1,3,0.3570230484008789,2026-02-16 12:00:00+00:00,2026-02-16 16:00:43+00:00,True
2026-02-16 18:00:00+00:00,2026-02-16 22:00:00+00:00,2026-02-17 03:00:00,1,4,0.25844141840934753,2026-02-16 12:00:00+00:00,2026-02-16 16:00:43+00:00,True
2026-02-16 18:00:00+00:00,2026-02-16 23:00:00+00:00,2026-02-17 04:00:00,1,5,0.16165468692779542,2026-02-16 12:00:00+00:00,2026-02-16 16:00:43+00:00,True
2026-02-16 18:00:00+00:00,2026-02-17 00:00:00+00:00,2026-02-17 05:00:00,1,6,0.09383320212364196,2026-02-16 12:00:00+00:00,2026-02-16 16:00:43+00:00,True
2026-02-16 18:00:00+00:00,2026-02-17 01:00:00+00:00,2026-02-17 06:00:00,1,7,0.048502739518880844,2026-02-16 12:00:00+00:00,2026-02-16 16:00:43+00:00,True
2026-02-16 18:00:00+00:00,2026-02-17 02:00:00+00:00,2026-02-17 07:00:00,1,8,0.026197738759219647,2026-02-16 12:00:00+00:00,2026-02-16 16:00:43+00:00,True
2026-02-16 18:00:00+00:00,2026-02-17 03:00:00+00:00,2026-02-17 08:00:00,1,9,0.016232518851757048,2026-02-16 12:00:00+00:00,2026-02-16 16:00:43+00:00,True
2026-02-16 18:00:00+00:00,2026-02-17 04:00:00+00:00,2026-02-17 09:00:00,1,10,0.014893768914043903,2026-02-16 12:00:00+00:00,2026-02-16 16:00:43+00:00,True
2026-02-16 18:00:00+00:00,2026-02-17 05:00:00+00:00,2026-02-17 10:00:00,1,11,0.014824658446013928,2026-02-16 12:00:00+00:00,2026-02-16 16:00:43+00:00,True
2026-02-16 18:00:00+00:00,2026-02-17 06:00:00+00:00,2026-02-17 11:00:00,1,12,0.016224811039865016,2026-02-16 12:00:00+00:00,2026-02-16 16:00:43+00:00,True
2026-02-16 18:00:00+00:00,2026-02-17 07:00:00+00:00,2026-02-17 12:00:00,1,13,0.017793498747050763,2026-02-16 12:00:00+00:00,2026-02-16 16:00:43+00:00,True
2026-02-16 18:00:00+00:00,2026-02-17 08:00:00+00:00,2026-02-17 13:00:00,1,14,0.02131930850446224,2026-02-16 12:00:00+00:00,2026-02-16 16:00:43+00:00,True
2026-02-16 18:00:00+00:00,2026-02-17 09:00:00+00:00,2026-02-17 14:00:00,1,15,0.028064898587763308,2026-02-16 12:00:00+00:00,2026-02-16 16:00:43+00:00,True
2026-02-16 18:00:00+00:00,2026-02-17 10:00:00+00:00,2026-02-17 15:00:00,1,16,0.04823491089046002,2026-02-16 12:00:00+00:00,2026-02-16 16:00:43+00:00,True
2026-02-16 18:00:00+00:00,2026-02-17 11:00:00+00:00,2026-02-17 16:00:00,1,17,0.09564098119735717,2026-02-16 12:00:00+00:00,2026-02-16 16:00:43+00:00,True
2026-02-16 18:00:00+00:00,2026-02-17 12:00:00+00:00,2026-02-17 17:00:00,1,18,0.20623427778482437,2026-02-16 12:00:00+00:00,2026-02-16 16:00:43+00:00,True
2026-02-16 18:00:00+00:00,2026-02-17 13:00:00+00:00,2026-02-17 18:00:00,1,19,0.4721091866493225,2026-02-16 12:00:00+00:00,2026-02-16 16:00:43+00:00,True
2026-02-16 18:00:00+00:00,2026-02-17 14:00:00+00:00,2026-02-17 19:00:00,1,20,0.7290012896060943,2026-02-16 12:00:00+00:00,2026-02-16 16:00:43+00:00,True
2026-02-16 18:00:00+00:00,2026-02-17 15:00:00+00:00,2026-02-17 20:00:00,1,21,0.8682615160942078,2026-02-16 12:00:00+00:00,2026-02-16 16:00:43+00:00,True
2026-02-16 18:00:00+00:00,2026-02-17 16:00:00+00:00,2026-02-17 21:00:00,1,22,0.8786839246749878,2026-02-16 12:00:00+00:00,2026-02-16 16:00:43+00:00,True
2026-02-16 18:00:00+00:00,2026-02-17 17:00:00+00:00,2026-02-17 22:00:00,1,23,0.8834850788116455,2026-02-16 12:00:00+00:00,2026-02-16 16:00:43+00:00,True
2026-02-16 18:00:00+00:00,2026-02-17 18:00:00+00:00,2026-02-17 23:00:00,1,24,0.8800409197807312,2026-02-16 12:00:00+00:00,2026-02-16 16:00:43+00:00,True
2026-02-16 18:00:00+00:00,2026-02-17 19:00:00+00:00,2026-02-18 00:00:00,1,25,0.8803655743598938,2026-02-16 12:00:00+00:00,2026-02-16 16:00:43+00:00,True
2026-02-16 18:00:00+00:00,2026-02-17 20:00:00+00:00,2026-02-18 01:00:00,1,26,0.8829712271690369,2026-02-16 12:00:00+00:00,2026-02-16 16:00:43+00:00,True
2026-02-16 18:00:00+00:00,2026-02-17 21:00:00+00:00,2026-02-18 02:00:00,1,27,0.8838636159896851,2026-02-16 12:00:00+00:00,2026-02-16 16:00:43+00:00,True
2026-02-16 18:00:00+00:00,2026-02-17 22:00:00+00:00,2026-02-18 03:00:00,1,28,0.8572182536125184,2026-02-16 12:00:00+00:00,2026-02-16 16:00:43+00:00,True
2026-02-16 18:00:00+00:00,2026-02-17 23:00:00+00:00,2026-02-18 04:00:00,1,29,0.8112727642059326,2026-02-16 12:00:00+00:00,2026-02-16 16:00:43+00:00,True
2026-02-16 18:00:00+00:00,2026-02-18 00:00:00+00:00,2026-02-18 05:00:00,1,30,0.7450474619865417,2026-02-16 12:00:00+00:00,2026-02-16 16:00:43+00:00,True
2026-02-16 18:00:00+00:00,2026-02-18 01:00:00+00:00,2026-02-18 06:00:00,1,31,0.6540635704994202,2026-02-16 12:00:00+00:00,2026-02-16 16:00:43+00:00,True
2026-02-16 18:00:00+00:00,2026-02-18 02:00:00+00:00,2026-02-18 07:00:00,1,32,0.5595834255218506,2026-02-16 12:00:00+00:00,2026-02-16 16:00:43+00:00,True
2026-02-16 18:00:00+00:00,2026-02-18 03:00:00+00:00,2026-02-18 08:00:00,1,33,0.4673064827919006,2026-02-16 12:00:00+00:00,2026-02-16 16:00:43+00:00,True
2026-02-16 18:00:00+00:00,2026-02-18 04:00:00+00:00,2026-02-18 09:00:00,1,34,0.572377371788025,2026-02-16 12:00:00+00:00,2026-02-16 16:00:43+00:00,True
2026-02-16 18:00:00+00:00,2026-02-18 05:00:00+00:00,2026-02-18 10:00:00,1,35,0.743510901927948,2026-02-16 12:00:00+00:00,2026-02-16 16:00:43+00:00,True
2026-02-16 18:00:00+00:00,2026-02-18 06:00:00+00:00,2026-02-18 11:00:00,1,36,0.9167468667030334,2026-02-16 12:00:00+00:00,2026-02-16 16:00:43+00:00,True
2026-02-16 18:00:00+00:00,2026-02-18 07:00:00+00:00,2026-02-18 12:00:00,1,37,0.939393413066864,2026-02-16 12:00:00+00:00,2026-02-16 16:00:43+00:00,True
2026-02-16 18:00:00+00:00,2026-02-18 08:00:00+00:00,2026-02-18 13:00:00,1,38,0.9561359643936157,2026-02-16 12:00:00+00:00,2026-02-16 16:00:43+00:00,True
2026-02-16 18:00:00+00:00,2026-02-18 09:00:00+00:00,2026-02-18 14:00:00,1,39,0.9676306366920471,2026-02-16 12:00:00+00:00,2026-02-16 16:00:43+00:00,True
2026-02-16 18:00:00+00:00,2026-02-18 10:00:00+00:00,2026-02-18 15:00:00,1,40,0.9636270046234131,2026-02-16 12:00:00+00:00,2026-02-16 16:00:43+00:00,True
2026-02-16 18:00:00+00:00,2026-02-18 11:00:00+00:00,2026-02-18 16:00:00,1,41,0.9593172788619995,2026-02-16 12:00:00+00:00,2026-02-16 16:00:43+00:00,True
2026-02-16 18:00:00+00:00,2026-02-18 12:00:00+00:00,2026-02-18 17:00:00,1,42,0.9541331171989441,2026-02-16 12:00:00+00:00,2026-02-16 16:00:43+00:00,True
2026-02-16 18:00:00+00:00,2026-02-18 13:00:00+00:00,2026-02-18 18:00:00,1,43,0.9327328920364379,2026-02-16 12:00:00+00:00,2026-02-16 16:00:43+00:00,True
2026-02-16 18:00:00+00:00,2026-02-18 14:00:00+00:00,2026-02-18 19:00:00,1,44,0.8888132929801941,2026-02-16 12:00:00+00:00,2026-02-16 16:00:43+00:00,True
2026-02-16 18:00:00+00:00,2026-02-18 15:00:00+00:00,2026-02-18 20:00:00,1,45,0.7706388115882874,2026-02-16 12:00:00+00:00,2026-02-16 16:00:43+00:00,True
2026-02-16 18:00:00+00:00,2026-02-18 16:00:00+00:00,2026-02-18 21:00:00,1,46,0.667973256111145,2026-02-16 12:00:00+00:00,2026-02-16 16:00:43+00:00,True
2026-02-16 18:00:00+00:00,2026-02-18 17:00:00+00:00,2026-02-18 22:00:00,1,47,0.6059964001178741,2026-02-16 12:00:00+00:00,2026-02-16 16:00:43+00:00,True
2026-02-16 18:00:00+00:00,2026-02-18 18:00:00+00:00,2026-02-18 23:00:00,1,48,0.570881724357605,2026-02-16 12:00:00+00:00,2026-02-16 16:00:43+00:00,True
2026-02-16 18:00:00+00:00,2026-02-16 19:00:00+00:00,2026-02-17 00:00:00,2,1,0.45672956109046936,2026-02-16 12:00:00+00:00,2026-02-16 16:00:43+00:00,True
2026-02-16 18:00:00+00:00,2026-02-16 20:00:00+00:00,2026-02-17 01:00:00,2,2,0.3931661069393158,2026-02-16 12:00:00+00:00,2026-02-16 16:00:43+00:00,True
2026-02-16 18:00:00+00:00,2026-02-16 21:00:00+00:00,2026-02-17 02:00:00,2,3,0.3256892442703247,2026-02-16 12:00:00+00:00,2026-02-16 16:00:43+00:00,True
2026-02-16 18:00:00+00:00,2026-02-16 22:00:00+00:00,2026-02-17 03:00:00,2,4,0.2258046090602875,2026-02-16 12:00:00+00:00,2026-02-16 16:00:43+00:00,True
2026-02-16 18:00:00+00:00,2026-02-16 23:00:00+00:00,2026-02-17 04:00:00,2,5,0.13523957282304763,2026-02-16 12:00:00+00:00,2026-02-16 16:00:43+00:00,True
2026-02-16 18:00:00+00:00,2026-02-17 00:00:00+00:00,2026-02-17 05:00:00,2,6,0.07888663113117218,2026-02-16 12:00:00+00:00,2026-02-16 16:00:43+00:00,True
2026-02-16 18:00:00+00:00,2026-02-17 01:00:00+00:00,2026-02-17 06:00:00,2,7,0.04102960750460625,2026-02-16 12:00:00+00:00,2026-02-16 16:00:43+00:00,True
2026-02-16 18:00:00+00:00,2026-02-17 02:00:00+00:00,2026-02-17 07:00:00,2,8,0.023166339844465256,2026-02-16 12:00:00+00:00,2026-02-16 16:00:43+00:00,True
2026-02-16 18:00:00+00:00,2026-02-17 03:00:00+00:00,2026-02-17 08:00:00,2,9,0.014450385980308057,2026-02-16 12:00:00+00:00,2026-02-16 16:00:43+00:00,True
2026-02-16 18:00:00+00:00,2026-02-17 04:00:00+00:00,2026-02-17 09:00:00,2,10,0.013453764095902442,2026-02-16 12:00:00+00:00,2026-02-16 16:00:43+00:00,True
2026-02-16 18:00:00+00:00,2026-02-17 05:00:00+00:00,2026-02-17 10:00:00,2,11,0.013586168549954892,2026-02-16 12:00:00+00:00,2026-02-16 16:00:43+00:00,True
2026-02-16 18:00:00+00:00,2026-02-17 06:00:00+00:00,2026-02-17 11:00:00,2,12,0.0151396993547678,2026-02-16 12:00:00+00:00,2026-02-16 16:00:43+00:00,True
2026-02-16 18:00:00+00:00,2026-02-17 07:00:00+00:00,2026-02-17 12:00:00,2,13,0.0169167622923851,2026-02-16 12:00:00+00:00,2026-02-16 16:00:43+00:00,True
2026-02-16 18:00:00+00:00,2026-02-17 08:00:00+00:00,2026-02-17 13:00:00,2,14,0.020399283990263938,2026-02-16 12:00:00+00:00,2026-02-16 16:00:43+00:00,True
2026-02-16 18:00:00+00:00,2026-02-17 09:00:00+00:00,2026-02-17 14:00:00,2,15,0.02645224705338478,2026-02-16 12:00:00+00:00,2026-02-16 16:00:43+00:00,True
2026-02-16 18:00:00+00:00,2026-02-17 10:00:00+00:00,2026-02-17 15:00:00,2,16,0.04589092507958412,2026-02-16 12:00:00+00:00,2026-02-16 16:00:43+00:00,True
2026-02-16 18:00:00+00:00,2026-02-17 11:00:00+00:00,2026-02-17 16:00:00,2,17,0.09495457410812377,2026-02-16 12:00:00+00:00,2026-02-16 16:00:43+00:00,True
2026-02-16 18:00:00+00:00,2026-02-17 12:00:00+00:00,2026-02-17 17:00:00,2,18,0.2092486649751663,2026-02-16 12:00:00+00:00,2026-02-16 16:00:43+00:00,True
2026-02-16 18:00:00+00:00,2026-02-17 13:00:00+00:00,2026-02-17 18:00:00,2,19,0.48029490411281583,2026-02-16 12:00:00+00:00,2026-02-16 16:00:43+00:00,True
2026-02-16 18:00:00+00:00,2026-02-17 14:00:00+00:00,2026-02-17 19:00:00,2,20,0.7141485333442688,2026-02-16 12:00:00+00:00,2026-02-16 16:00:43+00:00,True
2026-02-16 18:00:00+00:00,2026-02-17 15:00:00+00:00,2026-02-17 20:00:00,2,21,0.852964210510254,2026-02-16 12:00:00+00:00,2026-02-16 16:00:43+00:00,True
2026-02-16 18:00:00+00:00,2026-02-17 16:00:00+00:00,2026-02-17 21:00:00,2,22,0.8615812659263611,2026-02-16 12:00:00+00:00,2026-02-16 16:00:43+00:00,True
2026-02-16 18:00:00+00:00,2026-02-17 17:00:00+00:00,2026-02-17 22:00:00,2,23,0.8641615033149719,2026-02-16 12:00:00+00:00,2026-02-16 16:00:43+00:00,True
2026-02-16 18:00:00+00:00,2026-02-17 18:00:00+00:00,2026-02-17 23:00:00,2,24,0.8581131100654602,2026-02-16 12:00:00+00:00,2026-02-16 16:00:43+00:00,True
2026-02-16 18:00:00+00:00,2026-02-17 19:00:00+00:00,2026-02-18 00:00:00,2,25,0.8551900386810303,2026-02-16 12:00:00+00:00,2026-02-16 16:00:43+00:00,True
2026-02-16 18:00:00+00:00,2026-02-17 20:00:00+00:00,2026-02-18 01:00:00,2,26,0.8572114825248718,2026-02-16 12:00:00+00:00,2026-02-16 16:00:43+00:00,True
2026-02-16 18:00:00+00:00,2026-02-17 21:00:00+00:00,2026-02-18 02:00:00,2,27,0.8558847665786743,2026-02-16 12:00:00+00:00,2026-02-16 16:00:43+00:00,True
2026-02-16 18:00:00+00:00,2026-02-17 22:00:00+00:00,2026-02-18 03:00:00,2,28,0.8244998335838318,2026-02-16 12:00:00+00:00,2026-02-16 16:00:43+00:00,True
2026-02-16 18:00:00+00:00,2026-02-17 23:00:00+00:00,2026-02-18 04:00:00,2,29,0.7767397880554199,2026-02-16 12:00:00+00:00,2026-02-16 16:00:43+00:00,True
2026-02-16 18:00:00+00:00,2026-02-18 00:00:00+00:00,2026-02-18 05:00:00,2,30,0.7087958335876465,2026-02-16 12:00:00+00:00,2026-02-16 16:00:43+00:00,True
2026-02-16 18:00:00+00:00,2026-02-18 01:00:00+00:00,2026-02-18 06:00:00,2,31,0.6175939321517945,2026-02-16 12:00:00+00:00,2026-02-16 16:00:43+00:00,True
2026-02-16 18:00:00+00:00,2026-02-18 02:00:00+00:00,2026-02-18 07:00:00,2,32,0.5325301468372345,2026-02-16 12:00:00+00:00,2026-02-16 16:00:43+00:00,True
2026-02-16 18:00:00+00:00,2026-02-18 03:00:00+00:00,2026-02-18 08:00:00,2,33,0.4578360140323639,2026-02-16 12:00:00+00:00,2026-02-16 16:00:43+00:00,True
2026-02-16 18:00:00+00:00,2026-02-18 04:00:00+00:00,2026-02-18 09:00:00,2,34,0.5709280669689178,2026-02-16 12:00:00+00:00,2026-02-16 16:00:43+00:00,True
2026-02-16 18:00:00+00:00,2026-02-18 05:00:00+00:00,2026-02-18 10:00:00,2,35,0.7511473774909974,2026-02-16 12:00:00+00:00,2026-02-16 16:00:43+00:00,True
2026-02-16 18:00:00+00:00,2026-02-18 06:00:00+00:00,2026-02-18 11:00:00,2,36,0.9140602588653565,2026-02-16 12:00:00+00:00,2026-02-16 16:00:43+00:00,True
2026-02-16 18:00:00+00:00,2026-02-18 07:00:00+00:00,2026-02-18 12:00:00,2,37,0.9355371952056885,2026-02-16 12:00:00+00:00,2026-02-16 16:00:43+00:00,True
2026-02-16 18:00:00+00:00,2026-02-18 08:00:00+00:00,2026-02-18 13:00:00,2,38,0.9532887458801269,2026-02-16 12:00:00+00:00,2026-02-16 16:00:43+00:00,True
2026-02-16 18:00:00+00:00,2026-02-18 09:00:00+00:00,2026-02-18 14:00:00,2,39,0.9652222633361817,2026-02-16 12:00:00+00:00,2026-02-16 16:00:43+00:00,True
2026-02-16 18:00:00+00:00,2026-02-18 10:00:00+00:00,2026-02-18 15:00:00,2,40,0.9608261227607727,2026-02-16 12:00:00+00:00,2026-02-16 16:00:43+00:00,True
2026-02-16 18:00:00+00:00,2026-02-18 11:00:00+00:00,2026-02-18 16:00:00,2,41,0.9560288310050964,2026-02-16 12:00:00+00:00,2026-02-16 16:00:43+00:00,True
2026-02-16 18:00:00+00:00,2026-02-18 12:00:00+00:00,2026-02-18 17:00:00,2,42,0.950204074382782,2026-02-16 12:00:00+00:00,2026-02-16 16:00:43+00:00,True
2026-02-16 18:00:00+00:00,2026-02-18 13:00:00+00:00,2026-02-18 18:00:00,2,43,0.9256628751754761,2026-02-16 12:00:00+00:00,2026-02-16 16:00:43+00:00,True
2026-02-16 18:00:00+00:00,2026-02-18 14:00:00+00:00,2026-02-18 19:00:00,2,44,0.8758920431137085,2026-02-16 12:00:00+00:00,2026-02-16 16:00:43+00:00,True
2026-02-16 18:00:00+00:00,2026-02-18 15:00:00+00:00,2026-02-18 20:00:00,2,45,0.7449822902679444,2026-02-16 12:00:00+00:00,2026-02-16 16:00:43+00:00,True
2026-02-16 18:00:00+00:00,2026-02-18 16:00:00+00:00,2026-02-18 21:00:00,2,46,0.6394511580467224,2026-02-16 12:00:00+00:00,2026-02-16 16:00:43+00:00,True
2026-02-16 18:00:00+00:00,2026-02-18 17:00:00+00:00,2026-02-18 22:00:00,2,47,0.5709722459316253,2026-02-16 12:00:00+00:00,2026-02-16 16:00:43+00:00,True
2026-02-16 18:00:00+00:00,2026-02-18 18:00:00+00:00,2026-02-18 23:00:00,2,48,0.5333111763000489,2026-02-16 12:00:00+00:00,2026-02-16 16:00:43+00:00,True
2026-02-17 18:00:00+00:00,2026-02-17 19:00:00+00:00,2026-02-18 00:00:00,1,1,0.793272852897644,2026-02-17 12:00:00+00:00,2026-02-17 16:01:33+00:00,True
2026-02-17 18:00:00+00:00,2026-02-17 20:00:00+00:00,2026-02-18 01:00:00,1,2,0.8076284766197205,2026-02-17 12:00:00+00:00,2026-02-17 16:01:33+00:00,True
2026-02-17 18:00:00+00:00,2026-02-17 21:00:00+00:00,2026-02-18 02:00:00,1,3,0.8109418630599976,2026-02-17 12:00:00+00:00,2026-02-17 16:01:33+00:00,True
2026-02-17 18:00:00+00:00,2026-02-17 22:00:00+00:00,2026-02-18 03:00:00,1,4,0.8347060918807984,2026-02-17 12:00:00+00:00,2026-02-17 16:01:33+00:00,True
2026-02-17 18:00:00+00:00,2026-02-17 23:00:00+00:00,2026-02-18 04:00:00,1,5,0.8475136399269104,2026-02-17 12:00:00+00:00,2026-02-17 16:01:33+00:00,True
2026-02-17 18:00:00+00:00,2026-02-18 00:00:00+00:00,2026-02-18 05:00:00,1,6,0.8526070237159729,2026-02-17 12:00:00+00:00,2026-02-17 16:01:33+00:00,True
2026-02-17 18:00:00+00:00,2026-02-18 01:00:00+00:00,2026-02-18 06:00:00,1,7,0.7846177220344543,2026-02-17 12:00:00+00:00,2026-02-17 16:01:33+00:00,True
2026-02-17 18:00:00+00:00,2026-02-18 02:00:00+00:00,2026-02-18 07:00:00,1,8,0.6962010979652404,2026-02-17 12:00:00+00:00,2026-02-17 16:01:33+00:00,True
2026-02-17 18:00:00+00:00,2026-02-18 03:00:00+00:00,2026-02-18 08:00:00,1,9,0.6051802039146423,2026-02-17 12:00:00+00:00,2026-02-17 16:01:33+00:00,True
2026-02-17 18:00:00+00:00,2026-02-18 04:00:00+00:00,2026-02-18 09:00:00,1,10,0.6432010531425476,2026-02-17 12:00:00+00:00,2026-02-17 16:01:33+00:00,True
2026-02-17 18:00:00+00:00,2026-02-18 05:00:00+00:00,2026-02-18 10:00:00,1,11,0.7517068028450012,2026-02-17 12:00:00+00:00,2026-02-17 16:01:33+00:00,True
2026-02-17 18:00:00+00:00,2026-02-18 06:00:00+00:00,2026-02-18 11:00:00,1,12,0.8936794519424438,2026-02-17 12:00:00+00:00,2026-02-17 16:01:33+00:00,True
2026-02-17 18:00:00+00:00,2026-02-18 07:00:00+00:00,2026-02-18 12:00:00,1,13,0.9279919505119324,2026-02-17 12:00:00+00:00,2026-02-17 16:01:33+00:00,True
2026-02-17 18:00:00+00:00,2026-02-18 08:00:00+00:00,2026-02-18 13:00:00,1,14,0.9513344645500184,2026-02-17 12:00:00+00:00,2026-02-17 16:01:33+00:00,True
2026-02-17 18:00:00+00:00,2026-02-18 09:00:00+00:00,2026-02-18 14:00:00,1,15,0.9671245217323303,2026-02-17 12:00:00+00:00,2026-02-17 16:01:33+00:00,True
2026-02-17 18:00:00+00:00,2026-02-18 10:00:00+00:00,2026-02-18 15:00:00,1,16,0.9598459005355835,2026-02-17 12:00:00+00:00,2026-02-17 16:01:33+00:00,True
2026-02-17 18:00:00+00:00,2026-02-18 11:00:00+00:00,2026-02-18 16:00:00,1,17,0.949966835975647,2026-02-17 12:00:00+00:00,2026-02-17 16:01:33+00:00,True
2026-02-17 18:00:00+00:00,2026-02-18 12:00:00+00:00,2026-02-18 17:00:00,1,18,0.9359849333763123,2026-02-17 12:00:00+00:00,2026-02-17 16:01:33+00:00,True
2026-02-17 18:00:00+00:00,2026-02-18 13:00:00+00:00,2026-02-18 18:00:00,1,19,0.9068845272064209,2026-02-17 12:00:00+00:00,2026-02-17 16:01:33+00:00,True
2026-02-17 18:00:00+00:00,2026-02-18 14:00:00+00:00,2026-02-18 19:00:00,1,20,0.8605370163917542,2026-02-17 12:00:00+00:00,2026-02-17 16:01:33+00:00,True
2026-02-17 18:00:00+00:00,2026-02-18 15:00:00+00:00,2026-02-18 20:00:00,1,21,0.7659351348876953,2026-02-17 12:00:00+00:00,2026-02-17 16:01:33+00:00,True
2026-02-17 18:00:00+00:00,2026-02-18 16:00:00+00:00,2026-02-18 21:00:00,1,22,0.766061544418335,2026-02-17 12:00:00+00:00,2026-02-17 16:01:33+00:00,True
2026-02-17 18:00:00+00:00,2026-02-18 17:00:00+00:00,2026-02-18 22:00:00,1,23,0.77220219373703,2026-02-17 12:00:00+00:00,2026-02-17 16:01:33+00:00,True
2026-02-17 18:00:00+00:00,2026-02-18 18:00:00+00:00,2026-02-18 23:00:00,1,24,0.7898401618003845,2026-02-17 12:00:00+00:00,2026-02-17 16:01:33+00:00,True
2026-02-17 18:00:00+00:00,2026-02-18 19:00:00+00:00,2026-02-19 00:00:00,1,25,0.8128966212272644,2026-02-17 12:00:00+00:00,2026-02-17 16:01:33+00:00,True
2026-02-17 18:00:00+00:00,2026-02-18 20:00:00+00:00,2026-02-19 01:00:00,1,26,0.8271628737449646,2026-02-17 12:00:00+00:00,2026-02-17 16:01:33+00:00,True
2026-02-17 18:00:00+00:00,2026-02-18 21:00:00+00:00,2026-02-19 02:00:00,1,27,0.832896375656128,2026-02-17 12:00:00+00:00,2026-02-17 16:01:33+00:00,True
2026-02-17 18:00:00+00:00,2026-02-18 22:00:00+00:00,2026-02-19 03:00:00,1,28,0.8015635848045349,2026-02-17 12:00:00+00:00,2026-02-17 16:01:33+00:00,True
2026-02-17 18:00:00+00:00,2026-02-18 23:00:00+00:00,2026-02-19 04:00:00,1,29,0.7514595866203309,2026-02-17 12:00:00+00:00,2026-02-17 16:01:33+00:00,True
2026-02-17 18:00:00+00:00,2026-02-19 00:00:00+00:00,2026-02-19 05:00:00,1,30,0.6852251768112183,2026-02-17 12:00:00+00:00,2026-02-17 16:01:33+00:00,True
2026-02-17 18:00:00+00:00,2026-02-19 01:00:00+00:00,2026-02-19 06:00:00,1,31,0.5614986479282379,2026-02-17 12:00:00+00:00,2026-02-17 16:01:33+00:00,True
2026-02-17 18:00:00+00:00,2026-02-19 02:00:00+00:00,2026-02-19 07:00:00,1,32,0.43812309503555297,2026-02-17 12:00:00+00:00,2026-02-17 16:01:33+00:00,True
2026-02-17 18:00:00+00:00,2026-02-19 03:00:00+00:00,2026-02-19 08:00:00,1,33,0.3253096044063568,2026-02-17 12:00:00+00:00,2026-02-17 16:01:33+00:00,True
2026-02-17 18:00:00+00:00,2026-02-19 04:00:00+00:00,2026-02-19 09:00:00,1,34,0.2846564561128616,2026-02-17 12:00:00+00:00,2026-02-17 16:01:33+00:00,True
2026-02-17 18:00:00+00:00,2026-02-19 05:00:00+00:00,2026-02-19 10:00:00,1,35,0.26045951843261717,2026-02-17 12:00:00+00:00,2026-02-17 16:01:33+00:00,True
2026-02-17 18:00:00+00:00,2026-02-19 06:00:00+00:00,2026-02-19 11:00:00,1,36,0.2706116080284119,2026-02-17 12:00:00+00:00,2026-02-17 16:01:33+00:00,True
2026-02-17 18:00:00+00:00,2026-02-19 07:00:00+00:00,2026-02-19 12:00:00,1,37,0.1968886822462082,2026-02-17 12:00:00+00:00,2026-02-17 16:01:33+00:00,True
2026-02-17 18:00:00+00:00,2026-02-19 08:00:00+00:00,2026-02-19 13:00:00,1,38,0.14767560064792634,2026-02-17 12:00:00+00:00,2026-02-17 16:01:33+00:00,True
2026-02-17 18:00:00+00:00,2026-02-19 09:00:00+00:00,2026-02-19 14:00:00,1,39,0.11489965915679931,2026-02-17 12:00:00+00:00,2026-02-17 16:01:33+00:00,True
2026-02-17 18:00:00+00:00,2026-02-19 10:00:00+00:00,2026-02-19 15:00:00,1,40,0.09488098472356796,2026-02-17 12:00:00+00:00,2026-02-17 16:01:33+00:00,True
2026-02-17 18:00:00+00:00,2026-02-19 11:00:00+00:00,2026-02-19 16:00:00,1,41,0.08534184768795967,2026-02-17 12:00:00+00:00,2026-02-17 16:01:33+00:00,True
2026-02-17 18:00:00+00:00,2026-02-19 12:00:00+00:00,2026-02-19 17:00:00,1,42,0.0786778524518013,2026-02-17 12:00:00+00:00,2026-02-17 16:01:33+00:00,True
2026-02-17 18:00:00+00:00,2026-02-19 13:00:00+00:00,2026-02-19 18:00:00,1,43,0.09067460298538207,2026-02-17 12:00:00+00:00,2026-02-17 16:01:33+00:00,True
2026-02-17 18:00:00+00:00,2026-02-19 14:00:00+00:00,2026-02-19 19:00:00,1,44,0.10196134224534034,2026-02-17 12:00:00+00:00,2026-02-17 16:01:33+00:00,True
2026-02-17 18:00:00+00:00,2026-02-19 15:00:00+00:00,2026-02-19 20:00:00,1,45,0.11067596077919006,2026-02-17 12:00:00+00:00,2026-02-17 16:01:33+00:00,True
2026-02-17 18:00:00+00:00,2026-02-19 16:00:00+00:00,2026-02-19 21:00:00,1,46,0.09857546016573906,2026-02-17 12:00:00+00:00,2026-02-17 16:01:33+00:00,True
2026-02-17 18:00:00+00:00,2026-02-19 17:00:00+00:00,2026-02-19 22:00:00,1,47,0.0859271839261055,2026-02-17 12:00:00+00:00,2026-02-17 16:01:33+00:00,True
2026-02-17 18:00:00+00:00,2026-02-19 18:00:00+00:00,2026-02-19 23:00:00,1,48,0.07282807752490043,2026-02-17 12:00:00+00:00,2026-02-17 16:01:33+00:00,True
2026-02-17 18:00:00+00:00,2026-02-17 19:00:00+00:00,2026-02-18 00:00:00,2,1,0.7726740002632141,2026-02-17 12:00:00+00:00,2026-02-17 16:01:33+00:00,True
2026-02-17 18:00:00+00:00,2026-02-17 20:00:00+00:00,2026-02-18 01:00:00,2,2,0.7822693705558776,2026-02-17 12:00:00+00:00,2026-02-17 16:01:33+00:00,True
2026-02-17 18:00:00+00:00,2026-02-17 21:00:00+00:00,2026-02-18 02:00:00,2,3,0.7855410218238831,2026-02-17 12:00:00+00:00,2026-02-17 16:01:33+00:00,True
2026-02-17 18:00:00+00:00,2026-02-17 22:00:00+00:00,2026-02-18 03:00:00,2,4,0.8138244032859803,2026-02-17 12:00:00+00:00,2026-02-17 16:01:33+00:00,True
2026-02-17 18:00:00+00:00,2026-02-17 23:00:00+00:00,2026-02-18 04:00:00,2,5,0.8315690636634827,2026-02-17 12:00:00+00:00,2026-02-17 16:01:33+00:00,True
2026-02-17 18:00:00+00:00,2026-02-18 00:00:00+00:00,2026-02-18 05:00:00,2,6,0.840796971321106,2026-02-17 12:00:00+00:00,2026-02-17 16:01:33+00:00,True
2026-02-17 18:00:00+00:00,2026-02-18 01:00:00+00:00,2026-02-18 06:00:00,2,7,0.7723210573196411,2026-02-17 12:00:00+00:00,2026-02-17 16:01:33+00:00,True
2026-02-17 18:00:00+00:00,2026-02-18 02:00:00+00:00,2026-02-18 07:00:00,2,8,0.6882917523384094,2026-02-17 12:00:00+00:00,2026-02-17 16:01:33+00:00,True
2026-02-17 18:00:00+00:00,2026-02-18 03:00:00+00:00,2026-02-18 08:00:00,2,9,0.6027015924453736,2026-02-17 12:00:00+00:00,2026-02-17 16:01:33+00:00,True
2026-02-17 18:00:00+00:00,2026-02-18 04:00:00+00:00,2026-02-18 09:00:00,2,10,0.6455639481544495,2026-02-17 12:00:00+00:00,2026-02-17 16:01:33+00:00,True
2026-02-17 18:00:00+00:00,2026-02-18 05:00:00+00:00,2026-02-18 10:00:00,2,11,0.7561175465583801,2026-02-17 12:00:00+00:00,2026-02-17 16:01:33+00:00,True
2026-02-17 18:00:00+00:00,2026-02-18 06:00:00+00:00,2026-02-18 11:00:00,2,12,0.8956483483314515,2026-02-17 12:00:00+00:00,2026-02-17 16:01:33+00:00,True
2026-02-17 18:00:00+00:00,2026-02-18 07:00:00+00:00,2026-02-18 12:00:00,2,13,0.9257848501205445,2026-02-17 12:00:00+00:00,2026-02-17 16:01:33+00:00,True
2026-02-17 18:00:00+00:00,2026-02-18 08:00:00+00:00,2026-02-18 13:00:00,2,14,0.9492125511169434,2026-02-17 12:00:00+00:00,2026-02-17 16:01:33+00:00,True
2026-02-17 18:00:00+00:00,2026-02-18 09:00:00+00:00,2026-02-18 14:00:00,2,15,0.9652403831481934,2026-02-17 12:00:00+00:00,2026-02-17 16:01:33+00:00,True
2026-02-17 18:00:00+00:00,2026-02-18 10:00:00+00:00,2026-02-18 15:00:00,2,16,0.9570240378379822,2026-02-17 12:00:00+00:00,2026-02-17 16:01:33+00:00,True
2026-02-17 18:00:00+00:00,2026-02-18 11:00:00+00:00,2026-02-18 16:00:00,2,17,0.9459202647209167,2026-02-17 12:00:00+00:00,2026-02-17 16:01:33+00:00,True
2026-02-17 18:00:00+00:00,2026-02-18 12:00:00+00:00,2026-02-18 17:00:00,2,18,0.9298698306083679,2026-02-17 12:00:00+00:00,2026-02-17 16:01:33+00:00,True
2026-02-17 18:00:00+00:00,2026-02-18 13:00:00+00:00,2026-02-18 18:00:00,2,19,0.8960208535194397,2026-02-17 12:00:00+00:00,2026-02-17 16:01:33+00:00,True
2026-02-17 18:00:00+00:00,2026-02-18 14:00:00+00:00,2026-02-18 19:00:00,2,20,0.841337776184082,2026-02-17 12:00:00+00:00,2026-02-17 16:01:33+00:00,True
2026-02-17 18:00:00+00:00,2026-02-18 15:00:00+00:00,2026-02-18 20:00:00,2,21,0.7363489508628845,2026-02-17 12:00:00+00:00,2026-02-17 16:01:33+00:00,True
2026-02-17 18:00:00+00:00,2026-02-18 16:00:00+00:00,2026-02-18 21:00:00,2,22,0.7390344023704529,2026-02-17 12:00:00+00:00,2026-02-17 16:01:33+00:00,True
2026-02-17 18:00:00+00:00,2026-02-18 17:00:00+00:00,2026-02-18 22:00:00,2,23,0.7447315812110901,2026-02-17 12:00:00+00:00,2026-02-17 16:01:33+00:00,True
2026-02-17 18:00:00+00:00,2026-02-18 18:00:00+00:00,2026-02-18 23:00:00,2,24,0.7616297841072083,2026-02-17 12:00:00+00:00,2026-02-17 16:01:33+00:00,True
2026-02-17 18:00:00+00:00,2026-02-18 19:00:00+00:00,2026-02-19 00:00:00,2,25,0.783432948589325,2026-02-17 12:00:00+00:00,2026-02-17 16:01:33+00:00,True
2026-02-17 18:00:00+00:00,2026-02-18 20:00:00+00:00,2026-02-19 01:00:00,2,26,0.7964565515518188,2026-02-17 12:00:00+00:00,2026-02-17 16:01:33+00:00,True
2026-02-17 18:00:00+00:00,2026-02-18 21:00:00+00:00,2026-02-19 02:00:00,2,27,0.8024639964103699,2026-02-17 12:00:00+00:00,2026-02-17 16:01:33+00:00,True
2026-02-17 18:00:00+00:00,2026-02-18 22:00:00+00:00,2026-02-19 03:00:00,2,28,0.768131673336029,2026-02-17 12:00:00+00:00,2026-02-17 16:01:33+00:00,True
2026-02-17 18:00:00+00:00,2026-02-18 23:00:00+00:00,2026-02-19 04:00:00,2,29,0.7137135028839111,2026-02-17 12:00:00+00:00,2026-02-17 16:01:33+00:00,True
2026-02-17 18:00:00+00:00,2026-02-19 00:00:00+00:00,2026-02-19 05:00:00,2,30,0.6479877352714538,2026-02-17 12:00:00+00:00,2026-02-17 16:01:33+00:00,True
2026-02-17 18:00:00+00:00,2026-02-19 01:00:00+00:00,2026-02-19 06:00:00,2,31,0.5215557098388672,2026-02-17 12:00:00+00:00,2026-02-17 16:01:33+00:00,True
2026-02-17 18:00:00+00:00,2026-02-19 02:00:00+00:00,2026-02-19 07:00:00,2,32,0.39863895773887636,2026-02-17 12:00:00+00:00,2026-02-17 16:01:33+00:00,True
2026-02-17 18:00:00+00:00,2026-02-19 03:00:00+00:00,2026-02-19 08:00:00,2,33,0.2928533315658569,2026-02-17 12:00:00+00:00,2026-02-17 16:01:33+00:00,True
2026-02-17 18:00:00+00:00,2026-02-19 04:00:00+00:00,2026-02-19 09:00:00,2,34,0.2629996746778488,2026-02-17 12:00:00+00:00,2026-02-17 16:01:33+00:00,True
2026-02-17 18:00:00+00:00,2026-02-19 05:00:00+00:00,2026-02-19 10:00:00,2,35,0.2505951315164566,2026-02-17 12:00:00+00:00,2026-02-17 16:01:33+00:00,True
2026-02-17 18:00:00+00:00,2026-02-19 06:00:00+00:00,2026-02-19 11:00:00,2,36,0.27011669278144834,2026-02-17 12:00:00+00:00,2026-02-17 16:01:33+00:00,True
2026-02-17 18:00:00+00:00,2026-02-19 07:00:00+00:00,2026-02-19 12:00:00,2,37,0.19754766821861267,2026-02-17 12:00:00+00:00,2026-02-17 16:01:33+00:00,True
2026-02-17 18:00:00+00:00,2026-02-19 08:00:00+00:00,2026-02-19 13:00:00,2,38,0.14933155924081803,2026-02-17 12:00:00+00:00,2026-02-17 16:01:33+00:00,True
2026-02-17 18:00:00+00:00,2026-02-19 09:00:00+00:00,2026-02-19 14:00:00,2,39,0.11465586572885514,2026-02-17 12:00:00+00:00,2026-02-17 16:01:33+00:00,True
2026-02-17 18:00:00+00:00,2026-02-19 10:00:00+00:00,2026-02-19 15:00:00,2,40,0.0968359425663948,2026-02-17 12:00:00+00:00,2026-02-17 16:01:33+00:00,True
2026-02-17 18:00:00+00:00,2026-02-19 11:00:00+00:00,2026-02-19 16:00:00,2,41,0.08493508324027062,2026-02-17 12:00:00+00:00,2026-02-17 16:01:33+00:00,True
2026-02-17 18:00:00+00:00,2026-02-19 12:00:00+00:00,2026-02-19 17:00:00,2,42,0.0769727386534214,2026-02-17 12:00:00+00:00,2026-02-17 16:01:33+00:00,True
2026-02-17 18:00:00+00:00,2026-02-19 13:00:00+00:00,2026-02-19 18:00:00,2,43,0.08747616484761238,2026-02-17 12:00:00+00:00,2026-02-17 16:01:33+00:00,True
2026-02-17 18:00:00+00:00,2026-02-19 14:00:00+00:00,2026-02-19 19:00:00,2,44,0.09568571224808693,2026-02-17 12:00:00+00:00,2026-02-17 16:01:33+00:00,True
2026-02-17 18:00:00+00:00,2026-02-19 15:00:00+00:00,2026-02-19 20:00:00,2,45,0.10132407695055008,2026-02-17 12:00:00+00:00,2026-02-17 16:01:33+00:00,True
2026-02-17 18:00:00+00:00,2026-02-19 16:00:00+00:00,2026-02-19 21:00:00,2,46,0.08804372176527978,2026-02-17 12:00:00+00:00,2026-02-17 16:01:33+00:00,True
2026-02-17 18:00:00+00:00,2026-02-19 17:00:00+00:00,2026-02-19 22:00:00,2,47,0.07347677573561669,2026-02-17 12:00:00+00:00,2026-02-17 16:01:33+00:00,True
2026-02-17 18:00:00+00:00,2026-02-19 18:00:00+00:00,2026-02-19 23:00:00,2,48,0.06066206991672516,2026-02-17 12:00:00+00:00,2026-02-17 16:01:33+00:00,True
2026-02-18 18:00:00+00:00,2026-02-18 19:00:00+00:00,2026-02-19 00:00:00,1,1,0.6862790584564209,2026-02-18 12:00:00+00:00,2026-02-18 15:59:51+00:00,True
2026-02-18 18:00:00+00:00,2026-02-18 20:00:00+00:00,2026-02-19 01:00:00,1,2,0.6940566182136536,2026-02-18 12:00:00+00:00,2026-02-18 15:59:51+00:00,True
2026-02-18 18:00:00+00:00,2026-02-18 21:00:00+00:00,2026-02-19 02:00:00,1,3,0.687661635875702,2026-02-18 12:00:00+00:00,2026-02-18 15:59:51+00:00,True
2026-02-18 18:00:00+00:00,2026-02-18 22:00:00+00:00,2026-02-19 03:00:00,1,4,0.587593936920166,2026-02-18 12:00:00+00:00,2026-02-18 15:59:51+00:00,True
2026-02-18 18:00:00+00:00,2026-02-18 23:00:00+00:00,2026-02-19 04:00:00,1,5,0.47333331108093263,2026-02-18 12:00:00+00:00,2026-02-18 15:59:51+00:00,True
2026-02-18 18:00:00+00:00,2026-02-19 00:00:00+00:00,2026-02-19 05:00:00,1,6,0.3546149551868439,2026-02-18 12:00:00+00:00,2026-02-18 15:59:51+00:00,True
2026-02-18 18:00:00+00:00,2026-02-19 01:00:00+00:00,2026-02-19 06:00:00,1,7,0.3025836646556854,2026-02-18 12:00:00+00:00,2026-02-18 15:59:51+00:00,True
2026-02-18 18:00:00+00:00,2026-02-19 02:00:00+00:00,2026-02-19 07:00:00,1,8,0.23905002176761628,2026-02-18 12:00:00+00:00,2026-02-18 15:59:51+00:00,True
2026-02-18 18:00:00+00:00,2026-02-19 03:00:00+00:00,2026-02-19 08:00:00,1,9,0.18646075427532197,2026-02-18 12:00:00+00:00,2026-02-18 15:59:51+00:00,True
2026-02-18 18:00:00+00:00,2026-02-19 04:00:00+00:00,2026-02-19 09:00:00,1,10,0.17192621082067489,2026-02-18 12:00:00+00:00,2026-02-18 15:59:51+00:00,True
2026-02-18 18:00:00+00:00,2026-02-19 05:00:00+00:00,2026-02-19 10:00:00,1,11,0.1757871299982071,2026-02-18 12:00:00+00:00,2026-02-18 15:59:51+00:00,True
2026-02-18 18:00:00+00:00,2026-02-19 06:00:00+00:00,2026-02-19 11:00:00,1,12,0.2047373831272125,2026-02-18 12:00:00+00:00,2026-02-18 15:59:51+00:00,True
2026-02-18 18:00:00+00:00,2026-02-19 07:00:00+00:00,2026-02-19 12:00:00,1,13,0.18463160693645478,2026-02-18 12:00:00+00:00,2026-02-18 15:59:51+00:00,True
2026-02-18 18:00:00+00:00,2026-02-19 08:00:00+00:00,2026-02-19 13:00:00,1,14,0.17691314369440078,2026-02-18 12:00:00+00:00,2026-02-18 15:59:51+00:00,True
2026-02-18 18:00:00+00:00,2026-02-19 09:00:00+00:00,2026-02-19 14:00:00,1,15,0.17318855971097946,2026-02-18 12:00:00+00:00,2026-02-18 15:59:51+00:00,True
2026-02-18 18:00:00+00:00,2026-02-19 10:00:00+00:00,2026-02-19 15:00:00,1,16,0.12176772132515908,2026-02-18 12:00:00+00:00,2026-02-18 15:59:51+00:00,True
2026-02-18 18:00:00+00:00,2026-02-19 11:00:00+00:00,2026-02-19 16:00:00,1,17,0.09244888871908188,2026-02-18 12:00:00+00:00,2026-02-18 15:59:51+00:00,True
2026-02-18 18:00:00+00:00,2026-02-19 12:00:00+00:00,2026-02-19 17:00:00,1,18,0.07731323912739754,2026-02-18 12:00:00+00:00,2026-02-18 15:59:51+00:00,True
2026-02-18 18:00:00+00:00,2026-02-19 13:00:00+00:00,2026-02-19 18:00:00,1,19,0.0852768711745739,2026-02-18 12:00:00+00:00,2026-02-18 15:59:51+00:00,True
2026-02-18 18:00:00+00:00,2026-02-19 14:00:00+00:00,2026-02-19 19:00:00,1,20,0.09500332027673722,2026-02-18 12:00:00+00:00,2026-02-18 15:59:51+00:00,True
2026-02-18 18:00:00+00:00,2026-02-19 15:00:00+00:00,2026-02-19 20:00:00,1,21,0.10972998738288879,2026-02-18 12:00:00+00:00,2026-02-18 15:59:51+00:00,True
2026-02-18 18:00:00+00:00,2026-02-19 16:00:00+00:00,2026-02-19 21:00:00,1,22,0.10605353266000747,2026-02-18 12:00:00+00:00,2026-02-18 15:59:51+00:00,True
2026-02-18 18:00:00+00:00,2026-02-19 17:00:00+00:00,2026-02-19 22:00:00,1,23,0.09940486699342728,2026-02-18 12:00:00+00:00,2026-02-18 15:59:51+00:00,True
2026-02-18 18:00:00+00:00,2026-02-19 18:00:00+00:00,2026-02-19 23:00:00,1,24,0.09254270792007446,2026-02-18 12:00:00+00:00,2026-02-18 15:59:51+00:00,True
2026-02-18 18:00:00+00:00,2026-02-19 19:00:00+00:00,2026-02-20 00:00:00,1,25,0.06058919206261635,2026-02-18 12:00:00+00:00,2026-02-18 15:59:51+00:00,True
2026-02-18 18:00:00+00:00,2026-02-19 20:00:00+00:00,2026-02-20 01:00:00,1,26,0.03993456661701202,2026-02-18 12:00:00+00:00,2026-02-18 15:59:51+00:00,True
2026-02-18 18:00:00+00:00,2026-02-19 21:00:00+00:00,2026-02-20 02:00:00,1,27,0.04057370461523533,2026-02-18 12:00:00+00:00,2026-02-18 15:59:51+00:00,True
2026-02-18 18:00:00+00:00,2026-02-19 22:00:00+00:00,2026-02-20 03:00:00,1,28,0.04673699289560318,2026-02-18 12:00:00+00:00,2026-02-18 15:59:51+00:00,True
2026-02-18 18:00:00+00:00,2026-02-19 23:00:00+00:00,2026-02-20 04:00:00,1,29,0.06509561389684677,2026-02-18 12:00:00+00:00,2026-02-18 15:59:51+00:00,True
2026-02-18 18:00:00+00:00,2026-02-20 00:00:00+00:00,2026-02-20 05:00:00,1,30,0.10382105261087418,2026-02-18 12:00:00+00:00,2026-02-18 15:59:51+00:00,True
2026-02-18 18:00:00+00:00,2026-02-20 01:00:00+00:00,2026-02-20 06:00:00,1,31,0.13140164464712142,2026-02-18 12:00:00+00:00,2026-02-18 15:59:51+00:00,True
2026-02-18 18:00:00+00:00,2026-02-20 02:00:00+00:00,2026-02-20 07:00:00,1,32,0.1661563992500305,2026-02-18 12:00:00+00:00,2026-02-18 15:59:51+00:00,True
2026-02-18 18:00:00+00:00,2026-02-20 03:00:00+00:00,2026-02-20 08:00:00,1,33,0.20236960649490357,2026-02-18 12:00:00+00:00,2026-02-18 15:59:51+00:00,True
2026-02-18 18:00:00+00:00,2026-02-20 04:00:00+00:00,2026-02-20 09:00:00,1,34,0.14456940591335296,2026-02-18 12:00:00+00:00,2026-02-18 15:59:51+00:00,True
2026-02-18 18:00:00+00:00,2026-02-20 05:00:00+00:00,2026-02-20 10:00:00,1,35,0.10552961081266403,2026-02-18 12:00:00+00:00,2026-02-18 15:59:51+00:00,True
2026-02-18 18:00:00+00:00,2026-02-20 06:00:00+00:00,2026-02-20 11:00:00,1,36,0.07706067934632302,2026-02-18 12:00:00+00:00,2026-02-18 15:59:51+00:00,True
2026-02-18 18:00:00+00:00,2026-02-20 07:00:00+00:00,2026-02-20 12:00:00,1,37,0.05203155428171158,2026-02-18 12:00:00+00:00,2026-02-18 15:59:51+00:00,True
2026-02-18 18:00:00+00:00,2026-02-20 08:00:00+00:00,2026-02-20 13:00:00,1,38,0.03959802277386189,2026-02-18 12:00:00+00:00,2026-02-18 15:59:51+00:00,True
2026-02-18 18:00:00+00:00,2026-02-20 09:00:00+00:00,2026-02-20 14:00:00,1,39,0.03533213883638382,2026-02-18 12:00:00+00:00,2026-02-18 15:59:51+00:00,True
2026-02-18 18:00:00+00:00,2026-02-20 10:00:00+00:00,2026-02-20 15:00:00,1,40,0.02863357849419117,2026-02-18 12:00:00+00:00,2026-02-18 15:59:51+00:00,True
2026-02-18 18:00:00+00:00,2026-02-20 11:00:00+00:00,2026-02-20 16:00:00,1,41,0.026533038541674613,2026-02-18 12:00:00+00:00,2026-02-18 15:59:51+00:00,True
2026-02-18 18:00:00+00:00,2026-02-20 12:00:00+00:00,2026-02-20 17:00:00,1,42,0.042017634771764276,2026-02-18 12:00:00+00:00,2026-02-18 15:59:51+00:00,True
2026-02-18 18:00:00+00:00,2026-02-20 13:00:00+00:00,2026-02-20 18:00:00,1,43,0.10123059824109078,2026-02-18 12:00:00+00:00,2026-02-18 15:59:51+00:00,True
2026-02-18 18:00:00+00:00,2026-02-20 14:00:00+00:00,2026-02-20 19:00:00,1,44,0.4584431231021881,2026-02-18 12:00:00+00:00,2026-02-18 15:59:51+00:00,True
2026-02-18 18:00:00+00:00,2026-02-20 15:00:00+00:00,2026-02-20 20:00:00,1,45,0.8785725593566894,2026-02-18 12:00:00+00:00,2026-02-18 15:59:51+00:00,True
2026-02-18 18:00:00+00:00,2026-02-20 16:00:00+00:00,2026-02-20 21:00:00,1,46,0.897675096988678,2026-02-18 12:00:00+00:00,2026-02-18 15:59:51+00:00,True
2026-02-18 18:00:00+00:00,2026-02-20 17:00:00+00:00,2026-02-20 22:00:00,1,47,0.9079765796661377,2026-02-18 12:00:00+00:00,2026-02-18 15:59:51+00:00,True
2026-02-18 18:00:00+00:00,2026-02-20 18:00:00+00:00,2026-02-20 23:00:00,1,48,0.9087911605834961,2026-02-18 12:00:00+00:00,2026-02-18 15:59:51+00:00,True
2026-02-18 18:00:00+00:00,2026-02-18 19:00:00+00:00,2026-02-19 00:00:00,2,1,0.6634399771690369,2026-02-18 12:00:00+00:00,2026-02-18 15:59:51+00:00,True
2026-02-18 18:00:00+00:00,2026-02-18 20:00:00+00:00,2026-02-19 01:00:00,2,2,0.6657260298728943,2026-02-18 12:00:00+00:00,2026-02-18 15:59:51+00:00,True
2026-02-18 18:00:00+00:00,2026-02-18 21:00:00+00:00,2026-02-19 02:00:00,2,3,0.6570209264755249,2026-02-18 12:00:00+00:00,2026-02-18 15:59:51+00:00,True
2026-02-18 18:00:00+00:00,2026-02-18 22:00:00+00:00,2026-02-19 03:00:00,2,4,0.5491565048694611,2026-02-18 12:00:00+00:00,2026-02-18 15:59:51+00:00,True
2026-02-18 18:00:00+00:00,2026-02-18 23:00:00+00:00,2026-02-19 04:00:00,2,5,0.4316969156265259,2026-02-18 12:00:00+00:00,2026-02-18 15:59:51+00:00,True
2026-02-18 18:00:00+00:00,2026-02-19 00:00:00+00:00,2026-02-19 05:00:00,2,6,0.3144582986831665,2026-02-18 12:00:00+00:00,2026-02-18 15:59:51+00:00,True
2026-02-18 18:00:00+00:00,2026-02-19 01:00:00+00:00,2026-02-19 06:00:00,2,7,0.2711941510438919,2026-02-18 12:00:00+00:00,2026-02-18 15:59:51+00:00,True
2026-02-18 18:00:00+00:00,2026-02-19 02:00:00+00:00,2026-02-19 07:00:00,2,8,0.21817103922367095,2026-02-18 12:00:00+00:00,2026-02-18 15:59:51+00:00,True
2026-02-18 18:00:00+00:00,2026-02-19 03:00:00+00:00,2026-02-19 08:00:00,2,9,0.17345927208662032,2026-02-18 12:00:00+00:00,2026-02-18 15:59:51+00:00,True
2026-02-18 18:00:00+00:00,2026-02-19 04:00:00+00:00,2026-02-19 09:00:00,2,10,0.16298509985208512,2026-02-18 12:00:00+00:00,2026-02-18 15:59:51+00:00,True
2026-02-18 18:00:00+00:00,2026-02-19 05:00:00+00:00,2026-02-19 10:00:00,2,11,0.16911565363407136,2026-02-18 12:00:00+00:00,2026-02-18 15:59:51+00:00,True
2026-02-18 18:00:00+00:00,2026-02-19 06:00:00+00:00,2026-02-19 11:00:00,2,12,0.20399074703454972,2026-02-18 12:00:00+00:00,2026-02-18 15:59:51+00:00,True
2026-02-18 18:00:00+00:00,2026-02-19 07:00:00+00:00,2026-02-19 12:00:00,2,13,0.1874142035841942,2026-02-18 12:00:00+00:00,2026-02-18 15:59:51+00:00,True
2026-02-18 18:00:00+00:00,2026-02-19 08:00:00+00:00,2026-02-19 13:00:00,2,14,0.18213895261287688,2026-02-18 12:00:00+00:00,2026-02-18 15:59:51+00:00,True
2026-02-18 18:00:00+00:00,2026-02-19 09:00:00+00:00,2026-02-19 14:00:00,2,15,0.1828860193490982,2026-02-18 12:00:00+00:00,2026-02-18 15:59:51+00:00,True
2026-02-18 18:00:00+00:00,2026-02-19 10:00:00+00:00,2026-02-19 15:00:00,2,16,0.12600860893726348,2026-02-18 12:00:00+00:00,2026-02-18 15:59:51+00:00,True
2026-02-18 18:00:00+00:00,2026-02-19 11:00:00+00:00,2026-02-19 16:00:00,2,17,0.09473623111844062,2026-02-18 12:00:00+00:00,2026-02-18 15:59:51+00:00,True
2026-02-18 18:00:00+00:00,2026-02-19 12:00:00+00:00,2026-02-19 17:00:00,2,18,0.07673973441123963,2026-02-18 12:00:00+00:00,2026-02-18 15:59:51+00:00,True
2026-02-18 18:00:00+00:00,2026-02-19 13:00:00+00:00,2026-02-19 18:00:00,2,19,0.08248260840773583,2026-02-18 12:00:00+00:00,2026-02-18 15:59:51+00:00,True
2026-02-18 18:00:00+00:00,2026-02-19 14:00:00+00:00,2026-02-19 19:00:00,2,20,0.0905192255973816,2026-02-18 12:00:00+00:00,2026-02-18 15:59:51+00:00,True
2026-02-18 18:00:00+00:00,2026-02-19 15:00:00+00:00,2026-02-19 20:00:00,2,21,0.10099352300167083,2026-02-18 12:00:00+00:00,2026-02-18 15:59:51+00:00,True
2026-02-18 18:00:00+00:00,2026-02-19 16:00:00+00:00,2026-02-19 21:00:00,2,22,0.09372580349445343,2026-02-18 12:00:00+00:00,2026-02-18 15:59:51+00:00,True
2026-02-18 18:00:00+00:00,2026-02-19 17:00:00+00:00,2026-02-19 22:00:00,2,23,0.08494099602103233,2026-02-18 12:00:00+00:00,2026-02-18 15:59:51+00:00,True
2026-02-18 18:00:00+00:00,2026-02-19 18:00:00+00:00,2026-02-19 23:00:00,2,24,0.0771950900554657,2026-02-18 12:00:00+00:00,2026-02-18 15:59:51+00:00,True
2026-02-18 18:00:00+00:00,2026-02-19 19:00:00+00:00,2026-02-20 00:00:00,2,25,0.05094391107559204,2026-02-18 12:00:00+00:00,2026-02-18 15:59:51+00:00,True
2026-02-18 18:00:00+00:00,2026-02-19 20:00:00+00:00,2026-02-20 01:00:00,2,26,0.03455011881887913,2026-02-18 12:00:00+00:00,2026-02-18 15:59:51+00:00,True
2026-02-18 18:00:00+00:00,2026-02-19 21:00:00+00:00,2026-02-20 02:00:00,2,27,0.034703281987458465,2026-02-18 12:00:00+00:00,2026-02-18 15:59:51+00:00,True
2026-02-18 18:00:00+00:00,2026-02-19 22:00:00+00:00,2026-02-20 03:00:00,2,28,0.040274365805089474,2026-02-18 12:00:00+00:00,2026-02-18 15:59:51+00:00,True
2026-02-18 18:00:00+00:00,2026-02-19 23:00:00+00:00,2026-02-20 04:00:00,2,29,0.0551602341234684,2026-02-18 12:00:00+00:00,2026-02-18 15:59:51+00:00,True
2026-02-18 18:00:00+00:00,2026-02-20 00:00:00+00:00,2026-02-20 05:00:00,2,30,0.08831925615668297,2026-02-18 12:00:00+00:00,2026-02-18 15:59:51+00:00,True
2026-02-18 18:00:00+00:00,2026-02-20 01:00:00+00:00,2026-02-20 06:00:00,2,31,0.11708866357803345,2026-02-18 12:00:00+00:00,2026-02-18 15:59:51+00:00,True
2026-02-18 18:00:00+00:00,2026-02-20 02:00:00+00:00,2026-02-20 07:00:00,2,32,0.15133266299962997,2026-02-18 12:00:00+00:00,2026-02-18 15:59:51+00:00,True
2026-02-18 18:00:00+00:00,2026-02-20 03:00:00+00:00,2026-02-20 08:00:00,2,33,0.18901307880878448,2026-02-18 12:00:00+00:00,2026-02-18 15:59:51+00:00,True
2026-02-18 18:00:00+00:00,2026-02-20 04:00:00+00:00,2026-02-20 09:00:00,2,34,0.14070730805397033,2026-02-18 12:00:00+00:00,2026-02-18 15:59:51+00:00,True
2026-02-18 18:00:00+00:00,2026-02-20 05:00:00+00:00,2026-02-20 10:00:00,2,35,0.10253103077411652,2026-02-18 12:00:00+00:00,2026-02-18 15:59:51+00:00,True
2026-02-18 18:00:00+00:00,2026-02-20 06:00:00+00:00,2026-02-20 11:00:00,2,36,0.07601706609129906,2026-02-18 12:00:00+00:00,2026-02-18 15:59:51+00:00,True
2026-02-18 18:00:00+00:00,2026-02-20 07:00:00+00:00,2026-02-20 12:00:00,2,37,0.05066221207380295,2026-02-18 12:00:00+00:00,2026-02-18 15:59:51+00:00,True
2026-02-18 18:00:00+00:00,2026-02-20 08:00:00+00:00,2026-02-20 13:00:00,2,38,0.03817612379789352,2026-02-18 12:00:00+00:00,2026-02-18 15:59:51+00:00,True
2026-02-18 18:00:00+00:00,2026-02-20 09:00:00+00:00,2026-02-20 14:00:00,2,39,0.03428960330784321,2026-02-18 12:00:00+00:00,2026-02-18 15:59:51+00:00,True
2026-02-18 18:00:00+00:00,2026-02-20 10:00:00+00:00,2026-02-20 15:00:00,2,40,0.026282983645796777,2026-02-18 12:00:00+00:00,2026-02-18 15:59:51+00:00,True
2026-02-18 18:00:00+00:00,2026-02-20 11:00:00+00:00,2026-02-20 16:00:00,2,41,0.023700081557035447,2026-02-18 12:00:00+00:00,2026-02-18 15:59:51+00:00,True
2026-02-18 18:00:00+00:00,2026-02-20 12:00:00+00:00,2026-02-20 17:00:00,2,42,0.03950481098145246,2026-02-18 12:00:00+00:00,2026-02-18 15:59:51+00:00,True
2026-02-18 18:00:00+00:00,2026-02-20 13:00:00+00:00,2026-02-20 18:00:00,2,43,0.09930871427059174,2026-02-18 12:00:00+00:00,2026-02-18 15:59:51+00:00,True
2026-02-18 18:00:00+00:00,2026-02-20 14:00:00+00:00,2026-02-20 19:00:00,2,44,0.4445541322231293,2026-02-18 12:00:00+00:00,2026-02-18 15:59:51+00:00,True
2026-02-18 18:00:00+00:00,2026-02-20 15:00:00+00:00,2026-02-20 20:00:00,2,45,0.8701297640800476,2026-02-18 12:00:00+00:00,2026-02-18 15:59:51+00:00,True
2026-02-18 18:00:00+00:00,2026-02-20 16:00:00+00:00,2026-02-20 21:00:00,2,46,0.8888897180557251,2026-02-18 12:00:00+00:00,2026-02-18 15:59:51+00:00,True
2026-02-18 18:00:00+00:00,2026-02-20 17:00:00+00:00,2026-02-20 22:00:00,2,47,0.8978269457817077,2026-02-18 12:00:00+00:00,2026-02-18 15:59:51+00:00,True
2026-02-18 18:00:00+00:00,2026-02-20 18:00:00+00:00,2026-02-20 23:00:00,2,48,0.8949715852737427,2026-02-18 12:00:00+00:00,2026-02-18 15:59:51+00:00,True
2026-02-19 18:00:00+00:00,2026-02-19 19:00:00+00:00,2026-02-20 00:00:00,1,1,0.13626638799905777,2026-02-19 12:00:00+00:00,2026-02-19 15:59:40+00:00,True
2026-02-19 18:00:00+00:00,2026-02-19 20:00:00+00:00,2026-02-20 01:00:00,1,2,0.2552756696939468,2026-02-19 12:00:00+00:00,2026-02-19 15:59:40+00:00,True
2026-02-19 18:00:00+00:00,2026-02-19 21:00:00+00:00,2026-02-20 02:00:00,1,3,0.4825202226638794,2026-02-19 12:00:00+00:00,2026-02-19 15:59:40+00:00,True
2026-02-19 18:00:00+00:00,2026-02-19 22:00:00+00:00,2026-02-20 03:00:00,1,4,0.5884806156158447,2026-02-19 12:00:00+00:00,2026-02-19 15:59:40+00:00,True
2026-02-19 18:00:00+00:00,2026-02-19 23:00:00+00:00,2026-02-20 04:00:00,1,5,0.6985389947891235,2026-02-19 12:00:00+00:00,2026-02-19 15:59:40+00:00,True
2026-02-19 18:00:00+00:00,2026-02-20 00:00:00+00:00,2026-02-20 05:00:00,1,6,0.7588980674743653,2026-02-19 12:00:00+00:00,2026-02-19 15:59:40+00:00,True
2026-02-19 18:00:00+00:00,2026-02-20 01:00:00+00:00,2026-02-20 06:00:00,1,7,0.6699106454849243,2026-02-19 12:00:00+00:00,2026-02-19 15:59:40+00:00,True
2026-02-19 18:00:00+00:00,2026-02-20 02:00:00+00:00,2026-02-20 07:00:00,1,8,0.5848272383213043,2026-02-19 12:00:00+00:00,2026-02-19 15:59:40+00:00,True
2026-02-19 18:00:00+00:00,2026-02-20 03:00:00+00:00,2026-02-20 08:00:00,1,9,0.48291430473327634,2026-02-19 12:00:00+00:00,2026-02-19 15:59:40+00:00,True
2026-02-19 18:00:00+00:00,2026-02-20 04:00:00+00:00,2026-02-20 09:00:00,1,10,0.32280069291591645,2026-02-19 12:00:00+00:00,2026-02-19 15:59:40+00:00,True
2026-02-19 18:00:00+00:00,2026-02-20 05:00:00+00:00,2026-02-20 10:00:00,1,11,0.19788244366645813,2026-02-19 12:00:00+00:00,2026-02-19 15:59:40+00:00,True
2026-02-19 18:00:00+00:00,2026-02-20 06:00:00+00:00,2026-02-20 11:00:00,1,12,0.12478684037923812,2026-02-19 12:00:00+00:00,2026-02-19 15:59:40+00:00,True
2026-02-19 18:00:00+00:00,2026-02-20 07:00:00+00:00,2026-02-20 12:00:00,1,13,0.08841864466667175,2026-02-19 12:00:00+00:00,2026-02-19 15:59:40+00:00,True
2026-02-19 18:00:00+00:00,2026-02-20 08:00:00+00:00,2026-02-20 13:00:00,1,14,0.0660294197499752,2026-02-19 12:00:00+00:00,2026-02-19 15:59:40+00:00,True
2026-02-19 18:00:00+00:00,2026-02-20 09:00:00+00:00,2026-02-20 14:00:00,1,15,0.051803965121507645,2026-02-19 12:00:00+00:00,2026-02-19 15:59:40+00:00,True
2026-02-19 18:00:00+00:00,2026-02-20 10:00:00+00:00,2026-02-20 15:00:00,1,16,0.04260847419500351,2026-02-19 12:00:00+00:00,2026-02-19 15:59:40+00:00,True
2026-02-19 18:00:00+00:00,2026-02-20 11:00:00+00:00,2026-02-20 16:00:00,1,17,0.0421677365899086,2026-02-19 12:00:00+00:00,2026-02-19 15:59:40+00:00,True
2026-02-19 18:00:00+00:00,2026-02-20 12:00:00+00:00,2026-02-20 17:00:00,1,18,0.044769355282187465,2026-02-19 12:00:00+00:00,2026-02-19 15:59:40+00:00,True
2026-02-19 18:00:00+00:00,2026-02-20 13:00:00+00:00,2026-02-20 18:00:00,1,19,0.034600835666060446,2026-02-19 12:00:00+00:00,2026-02-19 15:59:40+00:00,True
2026-02-19 18:00:00+00:00,2026-02-20 14:00:00+00:00,2026-02-20 19:00:00,1,20,0.07680534720420837,2026-02-19 12:00:00+00:00,2026-02-19 15:59:40+00:00,True
2026-02-19 18:00:00+00:00,2026-02-20 15:00:00+00:00,2026-02-20 20:00:00,1,21,0.41527808606624605,2026-02-19 12:00:00+00:00,2026-02-19 15:59:40+00:00,True
2026-02-19 18:00:00+00:00,2026-02-20 16:00:00+00:00,2026-02-20 21:00:00,1,22,0.6083480656147003,2026-02-19 12:00:00+00:00,2026-02-19 15:59:40+00:00,True
2026-02-19 18:00:00+00:00,2026-02-20 17:00:00+00:00,2026-02-20 22:00:00,1,23,0.7955642223358155,2026-02-19 12:00:00+00:00,2026-02-19 15:59:40+00:00,True
2026-02-19 18:00:00+00:00,2026-02-20 18:00:00+00:00,2026-02-20 23:00:00,1,24,0.9077972054481507,2026-02-19 12:00:00+00:00,2026-02-19 15:59:40+00:00,True
2026-02-19 18:00:00+00:00,2026-02-20 19:00:00+00:00,2026-02-21 00:00:00,1,25,0.8853081464767456,2026-02-19 12:00:00+00:00,2026-02-19 15:59:40+00:00,True
2026-02-19 18:00:00+00:00,2026-02-20 20:00:00+00:00,2026-02-21 01:00:00,1,26,0.877979826927185,2026-02-19 12:00:00+00:00,2026-02-19 15:59:40+00:00,True
2026-02-19 18:00:00+00:00,2026-02-20 21:00:00+00:00,2026-02-21 02:00:00,1,27,0.8700246095657349,2026-02-19 12:00:00+00:00,2026-02-19 15:59:40+00:00,True
2026-02-19 18:00:00+00:00,2026-02-20 22:00:00+00:00,2026-02-21 03:00:00,1,28,0.7894837141036988,2026-02-19 12:00:00+00:00,2026-02-19 15:59:40+00:00,True
2026-02-19 18:00:00+00:00,2026-02-20 23:00:00+00:00,2026-02-21 04:00:00,1,29,0.6480290412902832,2026-02-19 12:00:00+00:00,2026-02-19 15:59:40+00:00,True
2026-02-19 18:00:00+00:00,2026-02-21 00:00:00+00:00,2026-02-21 05:00:00,1,30,0.4769128441810608,2026-02-19 12:00:00+00:00,2026-02-19 15:59:40+00:00,True
2026-02-19 18:00:00+00:00,2026-02-21 01:00:00+00:00,2026-02-21 06:00:00,1,31,0.3825895428657532,2026-02-19 12:00:00+00:00,2026-02-19 15:59:40+00:00,True
2026-02-19 18:00:00+00:00,2026-02-21 02:00:00+00:00,2026-02-21 07:00:00,1,32,0.28364245891571044,2026-02-19 12:00:00+00:00,2026-02-19 15:59:40+00:00,True
2026-02-19 18:00:00+00:00,2026-02-21 03:00:00+00:00,2026-02-21 08:00:00,1,33,0.222044175863266,2026-02-19 12:00:00+00:00,2026-02-19 15:59:40+00:00,True
2026-02-19 18:00:00+00:00,2026-02-21 04:00:00+00:00,2026-02-21 09:00:00,1,34,0.0692037757486105,2026-02-19 12:00:00+00:00,2026-02-19 15:59:40+00:00,True
2026-02-19 18:00:00+00:00,2026-02-21 05:00:00+00:00,2026-02-21 10:00:00,1,35,0.048450793325901034,2026-02-19 12:00:00+00:00,2026-02-19 15:59:40+00:00,True
2026-02-19 18:00:00+00:00,2026-02-21 06:00:00+00:00,2026-02-21 11:00:00,1,36,0.1706476781517267,2026-02-19 12:00:00+00:00,2026-02-19 15:59:40+00:00,True
2026-02-19 18:00:00+00:00,2026-02-21 07:00:00+00:00,2026-02-21 12:00:00,1,37,0.20433564633131027,2026-02-19 12:00:00+00:00,2026-02-19 15:59:40+00:00,True
2026-02-19 18:00:00+00:00,2026-02-21 08:00:00+00:00,2026-02-21 13:00:00,1,38,0.45834300518035886,2026-02-19 12:00:00+00:00,2026-02-19 15:59:40+00:00,True
2026-02-19 18:00:00+00:00,2026-02-21 09:00:00+00:00,2026-02-21 14:00:00,1,39,0.8202733993530273,2026-02-19 12:00:00+00:00,2026-02-19 15:59:40+00:00,True
2026-02-19 18:00:00+00:00,2026-02-21 10:00:00+00:00,2026-02-21 15:00:00,1,40,0.7531875729560852,2026-02-19 12:00:00+00:00,2026-02-19 15:59:40+00:00,True
2026-02-19 18:00:00+00:00,2026-02-21 11:00:00+00:00,2026-02-21 16:00:00,1,41,0.6366145849227905,2026-02-19 12:00:00+00:00,2026-02-19 15:59:40+00:00,True
2026-02-19 18:00:00+00:00,2026-02-21 12:00:00+00:00,2026-02-21 17:00:00,1,42,0.5374611556529999,2026-02-19 12:00:00+00:00,2026-02-19 15:59:40+00:00,True
2026-02-19 18:00:00+00:00,2026-02-21 13:00:00+00:00,2026-02-21 18:00:00,1,43,0.5809893906116486,2026-02-19 12:00:00+00:00,2026-02-19 15:59:40+00:00,True
2026-02-19 18:00:00+00:00,2026-02-21 14:00:00+00:00,2026-02-21 19:00:00,1,44,0.6197907567024231,2026-02-19 12:00:00+00:00,2026-02-19 15:59:40+00:00,True
2026-02-19 18:00:00+00:00,2026-02-21 15:00:00+00:00,2026-02-21 20:00:00,1,45,0.6370521545410156,2026-02-19 12:00:00+00:00,2026-02-19 15:59:40+00:00,True
2026-02-19 18:00:00+00:00,2026-02-21 16:00:00+00:00,2026-02-21 21:00:00,1,46,0.593962675333023,2026-02-19 12:00:00+00:00,2026-02-19 15:59:40+00:00,True
2026-02-19 18:00:00+00:00,2026-02-21 17:00:00+00:00,2026-02-21 22:00:00,1,47,0.4522841453552246,2026-02-19 12:00:00+00:00,2026-02-19 15:59:40+00:00,True
2026-02-19 18:00:00+00:00,2026-02-21 18:00:00+00:00,2026-02-21 23:00:00,1,48,0.2855455964803696,2026-02-19 12:00:00+00:00,2026-02-19 15:59:40+00:00,True
2026-02-19 18:00:00+00:00,2026-02-19 19:00:00+00:00,2026-02-20 00:00:00,2,1,0.12707596346735955,2026-02-19 12:00:00+00:00,2026-02-19 15:59:40+00:00,True
2026-02-19 18:00:00+00:00,2026-02-19 20:00:00+00:00,2026-02-20 01:00:00,2,2,0.23908644765615464,2026-02-19 12:00:00+00:00,2026-02-19 15:59:40+00:00,True
2026-02-19 18:00:00+00:00,2026-02-19 21:00:00+00:00,2026-02-20 02:00:00,2,3,0.46575425267219545,2026-02-19 12:00:00+00:00,2026-02-19 15:59:40+00:00,True
2026-02-19 18:00:00+00:00,2026-02-19 22:00:00+00:00,2026-02-20 03:00:00,2,4,0.5687005877494812,2026-02-19 12:00:00+00:00,2026-02-19 15:59:40+00:00,True
2026-02-19 18:00:00+00:00,2026-02-19 23:00:00+00:00,2026-02-20 04:00:00,2,5,0.6745750427246093,2026-02-19 12:00:00+00:00,2026-02-19 15:59:40+00:00,True
2026-02-19 18:00:00+00:00,2026-02-20 00:00:00+00:00,2026-02-20 05:00:00,2,6,0.7463686347007752,2026-02-19 12:00:00+00:00,2026-02-19 15:59:40+00:00,True
2026-02-19 18:00:00+00:00,2026-02-20 01:00:00+00:00,2026-02-20 06:00:00,2,7,0.65938241481781,2026-02-19 12:00:00+00:00,2026-02-19 15:59:40+00:00,True
2026-02-19 18:00:00+00:00,2026-02-20 02:00:00+00:00,2026-02-20 07:00:00,2,8,0.5750926196575165,2026-02-19 12:00:00+00:00,2026-02-19 15:59:40+00:00,True
2026-02-19 18:00:00+00:00,2026-02-20 03:00:00+00:00,2026-02-20 08:00:00,2,9,0.478994619846344,2026-02-19 12:00:00+00:00,2026-02-19 15:59:40+00:00,True
2026-02-19 18:00:00+00:00,2026-02-20 04:00:00+00:00,2026-02-20 09:00:00,2,10,0.32320632934570315,2026-02-19 12:00:00+00:00,2026-02-19 15:59:40+00:00,True
2026-02-19 18:00:00+00:00,2026-02-20 05:00:00+00:00,2026-02-20 10:00:00,2,11,0.19469777941703797,2026-02-19 12:00:00+00:00,2026-02-19 15:59:40+00:00,True
2026-02-19 18:00:00+00:00,2026-02-20 06:00:00+00:00,2026-02-20 11:00:00,2,12,0.12395360022783279,2026-02-19 12:00:00+00:00,2026-02-19 15:59:40+00:00,True
2026-02-19 18:00:00+00:00,2026-02-20 07:00:00+00:00,2026-02-20 12:00:00,2,13,0.08579537346959114,2026-02-19 12:00:00+00:00,2026-02-19 15:59:40+00:00,True
2026-02-19 18:00:00+00:00,2026-02-20 08:00:00+00:00,2026-02-20 13:00:00,2,14,0.06316138729453087,2026-02-19 12:00:00+00:00,2026-02-19 15:59:40+00:00,True
2026-02-19 18:00:00+00:00,2026-02-20 09:00:00+00:00,2026-02-20 14:00:00,2,15,0.049772534891963004,2026-02-19 12:00:00+00:00,2026-02-19 15:59:40+00:00,True
2026-02-19 18:00:00+00:00,2026-02-20 10:00:00+00:00,2026-02-20 15:00:00,2,16,0.040312615036964414,2026-02-19 12:00:00+00:00,2026-02-19 15:59:40+00:00,True
2026-02-19 18:00:00+00:00,2026-02-20 11:00:00+00:00,2026-02-20 16:00:00,2,17,0.03902571015059948,2026-02-19 12:00:00+00:00,2026-02-19 15:59:40+00:00,True
2026-02-19 18:00:00+00:00,2026-02-20 12:00:00+00:00,2026-02-20 17:00:00,2,18,0.03972112573683262,2026-02-19 12:00:00+00:00,2026-02-19 15:59:40+00:00,True
2026-02-19 18:00:00+00:00,2026-02-20 13:00:00+00:00,2026-02-20 18:00:00,2,19,0.03186994716525078,2026-02-19 12:00:00+00:00,2026-02-19 15:59:40+00:00,True
2026-02-19 18:00:00+00:00,2026-02-20 14:00:00+00:00,2026-02-20 19:00:00,2,20,0.07627753093838692,2026-02-19 12:00:00+00:00,2026-02-19 15:59:40+00:00,True
2026-02-19 18:00:00+00:00,2026-02-20 15:00:00+00:00,2026-02-20 20:00:00,2,21,0.39367198050022123,2026-02-19 12:00:00+00:00,2026-02-19 15:59:40+00:00,True
2026-02-19 18:00:00+00:00,2026-02-20 16:00:00+00:00,2026-02-20 21:00:00,2,22,0.5764676749706268,2026-02-19 12:00:00+00:00,2026-02-19 15:59:40+00:00,True
2026-02-19 18:00:00+00:00,2026-02-20 17:00:00+00:00,2026-02-20 22:00:00,2,23,0.7707450270652771,2026-02-19 12:00:00+00:00,2026-02-19 15:59:40+00:00,True
2026-02-19 18:00:00+00:00,2026-02-20 18:00:00+00:00,2026-02-20 23:00:00,2,24,0.8950996637344361,2026-02-19 12:00:00+00:00,2026-02-19 15:59:40+00:00,True
2026-02-19 18:00:00+00:00,2026-02-20 19:00:00+00:00,2026-02-21 00:00:00,2,25,0.8679895877838135,2026-02-19 12:00:00+00:00,2026-02-19 15:59:40+00:00,True
2026-02-19 18:00:00+00:00,2026-02-20 20:00:00+00:00,2026-02-21 01:00:00,2,26,0.855130922794342,2026-02-19 12:00:00+00:00,2026-02-19 15:59:40+00:00,True
2026-02-19 18:00:00+00:00,2026-02-20 21:00:00+00:00,2026-02-21 02:00:00,2,27,0.8440365195274353,2026-02-19 12:00:00+00:00,2026-02-19 15:59:40+00:00,True
2026-02-19 18:00:00+00:00,2026-02-20 22:00:00+00:00,2026-02-21 03:00:00,2,28,0.7530830025672912,2026-02-19 12:00:00+00:00,2026-02-19 15:59:40+00:00,True
2026-02-19 18:00:00+00:00,2026-02-20 23:00:00+00:00,2026-02-21 04:00:00,2,29,0.6026320219039917,2026-02-19 12:00:00+00:00,2026-02-19 15:59:40+00:00,True
2026-02-19 18:00:00+00:00,2026-02-21 00:00:00+00:00,2026-02-21 05:00:00,2,30,0.4373479962348938,2026-02-19 12:00:00+00:00,2026-02-19 15:59:40+00:00,True
2026-02-19 18:00:00+00:00,2026-02-21 01:00:00+00:00,2026-02-21 06:00:00,2,31,0.3476435363292694,2026-02-19 12:00:00+00:00,2026-02-19 15:59:40+00:00,True
2026-02-19 18:00:00+00:00,2026-02-21 02:00:00+00:00,2026-02-21 07:00:00,2,32,0.2597902148962021,2026-02-19 12:00:00+00:00,2026-02-19 15:59:40+00:00,True
2026-02-19 18:00:00+00:00,2026-02-21 03:00:00+00:00,2026-02-21 08:00:00,2,33,0.20620097517967223,2026-02-19 12:00:00+00:00,2026-02-19 15:59:40+00:00,True
2026-02-19 18:00:00+00:00,2026-02-21 04:00:00+00:00,2026-02-21 09:00:00,2,34,0.06447868570685386,2026-02-19 12:00:00+00:00,2026-02-19 15:59:40+00:00,True
2026-02-19 18:00:00+00:00,2026-02-21 05:00:00+00:00,2026-02-21 10:00:00,2,35,0.04479485508054495,2026-02-19 12:00:00+00:00,2026-02-19 15:59:40+00:00,True
2026-02-19 18:00:00+00:00,2026-02-21 06:00:00+00:00,2026-02-21 11:00:00,2,36,0.16648870445787906,2026-02-19 12:00:00+00:00,2026-02-19 15:59:40+00:00,True
2026-02-19 18:00:00+00:00,2026-02-21 07:00:00+00:00,2026-02-21 12:00:00,2,37,0.20258028656244279,2026-02-19 12:00:00+00:00,2026-02-19 15:59:40+00:00,True
2026-02-19 18:00:00+00:00,2026-02-21 08:00:00+00:00,2026-02-21 13:00:00,2,38,0.45923796892166135,2026-02-19 12:00:00+00:00,2026-02-19 15:59:40+00:00,True
2026-02-19 18:00:00+00:00,2026-02-21 09:00:00+00:00,2026-02-21 14:00:00,2,39,0.8200826287269593,2026-02-19 12:00:00+00:00,2026-02-19 15:59:40+00:00,True
2026-02-19 18:00:00+00:00,2026-02-21 10:00:00+00:00,2026-02-21 15:00:00,2,40,0.7429436922073365,2026-02-19 12:00:00+00:00,2026-02-19 15:59:40+00:00,True
2026-02-19 18:00:00+00:00,2026-02-21 11:00:00+00:00,2026-02-21 16:00:00,2,41,0.6212993741035462,2026-02-19 12:00:00+00:00,2026-02-19 15:59:40+00:00,True
2026-02-19 18:00:00+00:00,2026-02-21 12:00:00+00:00,2026-02-21 17:00:00,2,42,0.538169926404953,2026-02-19 12:00:00+00:00,2026-02-19 15:59:40+00:00,True
2026-02-19 18:00:00+00:00,2026-02-21 13:00:00+00:00,2026-02-21 18:00:00,2,43,0.5752985656261445,2026-02-19 12:00:00+00:00,2026-02-19 15:59:40+00:00,True
2026-02-19 18:00:00+00:00,2026-02-21 14:00:00+00:00,2026-02-21 19:00:00,2,44,0.6113988518714905,2026-02-19 12:00:00+00:00,2026-02-19 15:59:40+00:00,True
2026-02-19 18:00:00+00:00,2026-02-21 15:00:00+00:00,2026-02-21 20:00:00,2,45,0.6271898329257966,2026-02-19 12:00:00+00:00,2026-02-19 15:59:40+00:00,True
2026-02-19 18:00:00+00:00,2026-02-21 16:00:00+00:00,2026-02-21 21:00:00,2,46,0.5734775066375732,2026-02-19 12:00:00+00:00,2026-02-19 15:59:40+00:00,True
2026-02-19 18:00:00+00:00,2026-02-21 17:00:00+00:00,2026-02-21 22:00:00,2,47,0.4224870204925537,2026-02-19 12:00:00+00:00,2026-02-19 15:59:40+00:00,True
2026-02-19 18:00:00+00:00,2026-02-21 18:00:00+00:00,2026-02-21 23:00:00,2,48,0.24530455470085144,2026-02-19 12:00:00+00:00,2026-02-19 15:59:40+00:00,True
2026-02-20 18:00:00+00:00,2026-02-20 19:00:00+00:00,2026-02-21 00:00:00,1,1,0.8560729384422302,2026-02-20 12:00:00+00:00,2026-02-20 16:00:52+00:00,True
2026-02-20 18:00:00+00:00,2026-02-20 20:00:00+00:00,2026-02-21 01:00:00,1,2,0.8436355829238892,2026-02-20 12:00:00+00:00,2026-02-20 16:00:52+00:00,True
2026-02-20 18:00:00+00:00,2026-02-20 21:00:00+00:00,2026-02-21 02:00:00,1,3,0.8239275574684143,2026-02-20 12:00:00+00:00,2026-02-20 16:00:52+00:00,True
2026-02-20 18:00:00+00:00,2026-02-20 22:00:00+00:00,2026-02-21 03:00:00,1,4,0.7078622817993164,2026-02-20 12:00:00+00:00,2026-02-20 16:00:52+00:00,True
2026-02-20 18:00:00+00:00,2026-02-20 23:00:00+00:00,2026-02-21 04:00:00,1,5,0.511115950345993,2026-02-20 12:00:00+00:00,2026-02-20 16:00:52+00:00,True
2026-02-20 18:00:00+00:00,2026-02-21 00:00:00+00:00,2026-02-21 05:00:00,1,6,0.3426258504390717,2026-02-20 12:00:00+00:00,2026-02-20 16:00:52+00:00,True
2026-02-20 18:00:00+00:00,2026-02-21 01:00:00+00:00,2026-02-21 06:00:00,1,7,0.34376777410507203,2026-02-20 12:00:00+00:00,2026-02-20 16:00:52+00:00,True
2026-02-20 18:00:00+00:00,2026-02-21 02:00:00+00:00,2026-02-21 07:00:00,1,8,0.33211882710456847,2026-02-20 12:00:00+00:00,2026-02-20 16:00:52+00:00,True
2026-02-20 18:00:00+00:00,2026-02-21 03:00:00+00:00,2026-02-21 08:00:00,1,9,0.3867219269275665,2026-02-20 12:00:00+00:00,2026-02-20 16:00:52+00:00,True
2026-02-20 18:00:00+00:00,2026-02-21 04:00:00+00:00,2026-02-21 09:00:00,1,10,0.09973715282976628,2026-02-20 12:00:00+00:00,2026-02-20 16:00:52+00:00,True
2026-02-20 18:00:00+00:00,2026-02-21 05:00:00+00:00,2026-02-21 10:00:00,1,11,0.05166657231748104,2026-02-20 12:00:00+00:00,2026-02-20 16:00:52+00:00,True
2026-02-20 18:00:00+00:00,2026-02-21 06:00:00+00:00,2026-02-21 11:00:00,1,12,0.2568535067141056,2026-02-20 12:00:00+00:00,2026-02-20 16:00:52+00:00,True
2026-02-20 18:00:00+00:00,2026-02-21 07:00:00+00:00,2026-02-21 12:00:00,1,13,0.4210947662591934,2026-02-20 12:00:00+00:00,2026-02-20 16:00:52+00:00,True
2026-02-20 18:00:00+00:00,2026-02-21 08:00:00+00:00,2026-02-21 13:00:00,1,14,0.7242590427398682,2026-02-20 12:00:00+00:00,2026-02-20 16:00:52+00:00,True
2026-02-20 18:00:00+00:00,2026-02-21 09:00:00+00:00,2026-02-21 14:00:00,1,15,0.9597109198570252,2026-02-20 12:00:00+00:00,2026-02-20 16:00:52+00:00,True
2026-02-20 18:00:00+00:00,2026-02-21 10:00:00+00:00,2026-02-21 15:00:00,1,16,0.9203224539756775,2026-02-20 12:00:00+00:00,2026-02-20 16:00:52+00:00,True
2026-02-20 18:00:00+00:00,2026-02-21 11:00:00+00:00,2026-02-21 16:00:00,1,17,0.8233340501785278,2026-02-20 12:00:00+00:00,2026-02-20 16:00:52+00:00,True
2026-02-20 18:00:00+00:00,2026-02-21 12:00:00+00:00,2026-02-21 17:00:00,1,18,0.7060450434684753,2026-02-20 12:00:00+00:00,2026-02-20 16:00:52+00:00,True
2026-02-20 18:00:00+00:00,2026-02-21 13:00:00+00:00,2026-02-21 18:00:00,1,19,0.7221057295799256,2026-02-20 12:00:00+00:00,2026-02-20 16:00:52+00:00,True
2026-02-20 18:00:00+00:00,2026-02-21 14:00:00+00:00,2026-02-21 19:00:00,1,20,0.728901207447052,2026-02-20 12:00:00+00:00,2026-02-20 16:00:52+00:00,True
2026-02-20 18:00:00+00:00,2026-02-21 15:00:00+00:00,2026-02-21 20:00:00,1,21,0.7347074031829834,2026-02-20 12:00:00+00:00,2026-02-20 16:00:52+00:00,True
2026-02-20 18:00:00+00:00,2026-02-21 16:00:00+00:00,2026-02-21 21:00:00,1,22,0.6159219741821289,2026-02-20 12:00:00+00:00,2026-02-20 16:00:52+00:00,True
2026-02-20 18:00:00+00:00,2026-02-21 17:00:00+00:00,2026-02-21 22:00:00,1,23,0.4807420909404755,2026-02-20 12:00:00+00:00,2026-02-20 16:00:52+00:00,True
2026-02-20 18:00:00+00:00,2026-02-21 18:00:00+00:00,2026-02-21 23:00:00,1,24,0.3161943942308426,2026-02-20 12:00:00+00:00,2026-02-20 16:00:52+00:00,True
2026-02-20 18:00:00+00:00,2026-02-21 19:00:00+00:00,2026-02-22 00:00:00,1,25,0.1641431048512459,2026-02-20 12:00:00+00:00,2026-02-20 16:00:52+00:00,True
2026-02-20 18:00:00+00:00,2026-02-21 20:00:00+00:00,2026-02-22 01:00:00,1,26,0.07803923040628433,2026-02-20 12:00:00+00:00,2026-02-20 16:00:52+00:00,True
2026-02-20 18:00:00+00:00,2026-02-21 21:00:00+00:00,2026-02-22 02:00:00,1,27,0.046401004493236545,2026-02-20 12:00:00+00:00,2026-02-20 16:00:52+00:00,True
2026-02-20 18:00:00+00:00,2026-02-21 22:00:00+00:00,2026-02-22 03:00:00,1,28,0.022932511195540427,2026-02-20 12:00:00+00:00,2026-02-20 16:00:52+00:00,True
2026-02-20 18:00:00+00:00,2026-02-21 23:00:00+00:00,2026-02-22 04:00:00,1,29,0.014543510787189007,2026-02-20 12:00:00+00:00,2026-02-20 16:00:52+00:00,True
2026-02-20 18:00:00+00:00,2026-02-22 00:00:00+00:00,2026-02-22 05:00:00,1,30,0.02694391515105963,2026-02-20 12:00:00+00:00,2026-02-20 16:00:52+00:00,True
2026-02-20 18:00:00+00:00,2026-02-22 01:00:00+00:00,2026-02-22 06:00:00,1,31,0.04877266511321068,2026-02-20 12:00:00+00:00,2026-02-20 16:00:52+00:00,True
2026-02-20 18:00:00+00:00,2026-02-22 02:00:00+00:00,2026-02-22 07:00:00,1,32,0.11380783095955849,2026-02-20 12:00:00+00:00,2026-02-20 16:00:52+00:00,True
2026-02-20 18:00:00+00:00,2026-02-22 03:00:00+00:00,2026-02-22 08:00:00,1,33,0.3790354073047638,2026-02-20 12:00:00+00:00,2026-02-20 16:00:52+00:00,True
2026-02-20 18:00:00+00:00,2026-02-22 04:00:00+00:00,2026-02-22 09:00:00,1,34,0.6042819738388061,2026-02-20 12:00:00+00:00,2026-02-20 16:00:52+00:00,True
2026-02-20 18:00:00+00:00,2026-02-22 05:00:00+00:00,2026-02-22 10:00:00,1,35,0.8542707920074463,2026-02-20 12:00:00+00:00,2026-02-20 16:00:52+00:00,True
2026-02-20 18:00:00+00:00,2026-02-22 06:00:00+00:00,2026-02-22 11:00:00,1,36,0.9547868013381958,2026-02-20 12:00:00+00:00,2026-02-20 16:00:52+00:00,True
2026-02-20 18:00:00+00:00,2026-02-22 07:00:00+00:00,2026-02-22 12:00:00,1,37,0.9555988073348999,2026-02-20 12:00:00+00:00,2026-02-20 16:00:52+00:00,True
2026-02-20 18:00:00+00:00,2026-02-22 08:00:00+00:00,2026-02-22 13:00:00,1,38,0.9572542309761047,2026-02-20 12:00:00+00:00,2026-02-20 16:00:52+00:00,True
2026-02-20 18:00:00+00:00,2026-02-22 09:00:00+00:00,2026-02-22 14:00:00,1,39,0.9587931036949158,2026-02-20 12:00:00+00:00,2026-02-20 16:00:52+00:00,True
2026-02-20 18:00:00+00:00,2026-02-22 10:00:00+00:00,2026-02-22 15:00:00,1,40,0.9507457494735718,2026-02-20 12:00:00+00:00,2026-02-20 16:00:52+00:00,True
2026-02-20 18:00:00+00:00,2026-02-22 11:00:00+00:00,2026-02-22 16:00:00,1,41,0.9395664453506469,2026-02-20 12:00:00+00:00,2026-02-20 16:00:52+00:00,True
2026-02-20 18:00:00+00:00,2026-02-22 12:00:00+00:00,2026-02-22 17:00:00,1,42,0.924150538444519,2026-02-20 12:00:00+00:00,2026-02-20 16:00:52+00:00,True
2026-02-20 18:00:00+00:00,2026-02-22 13:00:00+00:00,2026-02-22 18:00:00,1,43,0.8781563639640808,2026-02-20 12:00:00+00:00,2026-02-20 16:00:52+00:00,True
2026-02-20 18:00:00+00:00,2026-02-22 14:00:00+00:00,2026-02-22 19:00:00,1,44,0.7497976183891296,2026-02-20 12:00:00+00:00,2026-02-20 16:00:52+00:00,True
2026-02-20 18:00:00+00:00,2026-02-22 15:00:00+00:00,2026-02-22 20:00:00,1,45,0.5634644567966461,2026-02-20 12:00:00+00:00,2026-02-20 16:00:52+00:00,True
2026-02-20 18:00:00+00:00,2026-02-22 16:00:00+00:00,2026-02-22 21:00:00,1,46,0.47511533498764036,2026-02-20 12:00:00+00:00,2026-02-20 16:00:52+00:00,True
2026-02-20 18:00:00+00:00,2026-02-22 17:00:00+00:00,2026-02-22 22:00:00,1,47,0.4116154372692108,2026-02-20 12:00:00+00:00,2026-02-20 16:00:52+00:00,True
2026-02-20 18:00:00+00:00,2026-02-22 18:00:00+00:00,2026-02-22 23:00:00,1,48,0.3564631223678589,2026-02-20 12:00:00+00:00,2026-02-20 16:00:52+00:00,True
2026-02-20 18:00:00+00:00,2026-02-20 19:00:00+00:00,2026-02-21 00:00:00,2,1,0.8445793986320496,2026-02-20 12:00:00+00:00,2026-02-20 16:00:52+00:00,True
2026-02-20 18:00:00+00:00,2026-02-20 20:00:00+00:00,2026-02-21 01:00:00,2,2,0.8301128625869751,2026-02-20 12:00:00+00:00,2026-02-20 16:00:52+00:00,True
2026-02-20 18:00:00+00:00,2026-02-20 21:00:00+00:00,2026-02-21 02:00:00,2,3,0.8081910252571106,2026-02-20 12:00:00+00:00,2026-02-20 16:00:52+00:00,True
2026-02-20 18:00:00+00:00,2026-02-20 22:00:00+00:00,2026-02-21 03:00:00,2,4,0.6888654232025146,2026-02-20 12:00:00+00:00,2026-02-20 16:00:52+00:00,True
2026-02-20 18:00:00+00:00,2026-02-20 23:00:00+00:00,2026-02-21 04:00:00,2,5,0.48746711015701294,2026-02-20 12:00:00+00:00,2026-02-20 16:00:52+00:00,True
2026-02-20 18:00:00+00:00,2026-02-21 00:00:00+00:00,2026-02-21 05:00:00,2,6,0.317035037279129,2026-02-20 12:00:00+00:00,2026-02-20 16:00:52+00:00,True
2026-02-20 18:00:00+00:00,2026-02-21 01:00:00+00:00,2026-02-21 06:00:00,2,7,0.32604746222496034,2026-02-20 12:00:00+00:00,2026-02-20 16:00:52+00:00,True
2026-02-20 18:00:00+00:00,2026-02-21 02:00:00+00:00,2026-02-21 07:00:00,2,8,0.31303582191467283,2026-02-20 12:00:00+00:00,2026-02-20 16:00:52+00:00,True
2026-02-20 18:00:00+00:00,2026-02-21 03:00:00+00:00,2026-02-21 08:00:00,2,9,0.3696378171443939,2026-02-20 12:00:00+00:00,2026-02-20 16:00:52+00:00,True
2026-02-20 18:00:00+00:00,2026-02-21 04:00:00+00:00,2026-02-21 09:00:00,2,10,0.09666906557977199,2026-02-20 12:00:00+00:00,2026-02-20 16:00:52+00:00,True
2026-02-20 18:00:00+00:00,2026-02-21 05:00:00+00:00,2026-02-21 10:00:00,2,11,0.04758542738854885,2026-02-20 12:00:00+00:00,2026-02-20 16:00:52+00:00,True
2026-02-20 18:00:00+00:00,2026-02-21 06:00:00+00:00,2026-02-21 11:00:00,2,12,0.25912412256002426,2026-02-20 12:00:00+00:00,2026-02-20 16:00:52+00:00,True
2026-02-20 18:00:00+00:00,2026-02-21 07:00:00+00:00,2026-02-21 12:00:00,2,13,0.42108740508556364,2026-02-20 12:00:00+00:00,2026-02-20 16:00:52+00:00,True
2026-02-20 18:00:00+00:00,2026-02-21 08:00:00+00:00,2026-02-21 13:00:00,2,14,0.7208934545516967,2026-02-20 12:00:00+00:00,2026-02-20 16:00:52+00:00,True
2026-02-20 18:00:00+00:00,2026-02-21 09:00:00+00:00,2026-02-21 14:00:00,2,15,0.9573818922042847,2026-02-20 12:00:00+00:00,2026-02-20 16:00:52+00:00,True
2026-02-20 18:00:00+00:00,2026-02-21 10:00:00+00:00,2026-02-21 15:00:00,2,16,0.9146846413612366,2026-02-20 12:00:00+00:00,2026-02-20 16:00:52+00:00,True
2026-02-20 18:00:00+00:00,2026-02-21 11:00:00+00:00,2026-02-21 16:00:00,2,17,0.821482491493225,2026-02-20 12:00:00+00:00,2026-02-20 16:00:52+00:00,True
2026-02-20 18:00:00+00:00,2026-02-21 12:00:00+00:00,2026-02-21 17:00:00,2,18,0.721713387966156,2026-02-20 12:00:00+00:00,2026-02-20 16:00:52+00:00,True
2026-02-20 18:00:00+00:00,2026-02-21 13:00:00+00:00,2026-02-21 18:00:00,2,19,0.7282270312309265,2026-02-20 12:00:00+00:00,2026-02-20 16:00:52+00:00,True
2026-02-20 18:00:00+00:00,2026-02-21 14:00:00+00:00,2026-02-21 19:00:00,2,20,0.7285252451896668,2026-02-20 12:00:00+00:00,2026-02-20 16:00:52+00:00,True
2026-02-20 18:00:00+00:00,2026-02-21 15:00:00+00:00,2026-02-21 20:00:00,2,21,0.7284416556358337,2026-02-20 12:00:00+00:00,2026-02-20 16:00:52+00:00,True
2026-02-20 18:00:00+00:00,2026-02-21 16:00:00+00:00,2026-02-21 21:00:00,2,22,0.6135439515113831,2026-02-20 12:00:00+00:00,2026-02-20 16:00:52+00:00,True
2026-02-20 18:00:00+00:00,2026-02-21 17:00:00+00:00,2026-02-21 22:00:00,2,23,0.47779588103294374,2026-02-20 12:00:00+00:00,2026-02-20 16:00:52+00:00,True
2026-02-20 18:00:00+00:00,2026-02-21 18:00:00+00:00,2026-02-21 23:00:00,2,24,0.30140597820281984,2026-02-20 12:00:00+00:00,2026-02-20 16:00:52+00:00,True
2026-02-20 18:00:00+00:00,2026-02-21 19:00:00+00:00,2026-02-22 00:00:00,2,25,0.14332938194274902,2026-02-20 12:00:00+00:00,2026-02-20 16:00:52+00:00,True
2026-02-20 18:00:00+00:00,2026-02-21 20:00:00+00:00,2026-02-22 01:00:00,2,26,0.06406211107969284,2026-02-20 12:00:00+00:00,2026-02-20 16:00:52+00:00,True
2026-02-20 18:00:00+00:00,2026-02-21 21:00:00+00:00,2026-02-22 02:00:00,2,27,0.037554411217570305,2026-02-20 12:00:00+00:00,2026-02-20 16:00:52+00:00,True
2026-02-20 18:00:00+00:00,2026-02-21 22:00:00+00:00,2026-02-22 03:00:00,2,28,0.01913243029266596,2026-02-20 12:00:00+00:00,2026-02-20 16:00:52+00:00,True
2026-02-20 18:00:00+00:00,2026-02-21 23:00:00+00:00,2026-02-22 04:00:00,2,29,0.012140839919447899,2026-02-20 12:00:00+00:00,2026-02-20 16:00:52+00:00,True
2026-02-20 18:00:00+00:00,2026-02-22 00:00:00+00:00,2026-02-22 05:00:00,2,30,0.02248059306293726,2026-02-20 12:00:00+00:00,2026-02-20 16:00:52+00:00,True
2026-02-20 18:00:00+00:00,2026-02-22 01:00:00+00:00,2026-02-22 06:00:00,2,31,0.040909494087100026,2026-02-20 12:00:00+00:00,2026-02-20 16:00:52+00:00,True
2026-02-20 18:00:00+00:00,2026-02-22 02:00:00+00:00,2026-02-22 07:00:00,2,32,0.09674802795052528,2026-02-20 12:00:00+00:00,2026-02-20 16:00:52+00:00,True
2026-02-20 18:00:00+00:00,2026-02-22 03:00:00+00:00,2026-02-22 08:00:00,2,33,0.3464053809642792,2026-02-20 12:00:00+00:00,2026-02-20 16:00:52+00:00,True
2026-02-20 18:00:00+00:00,2026-02-22 04:00:00+00:00,2026-02-22 09:00:00,2,34,0.5790671944618225,2026-02-20 12:00:00+00:00,2026-02-20 16:00:52+00:00,True
2026-02-20 18:00:00+00:00,2026-02-22 05:00:00+00:00,2026-02-22 10:00:00,2,35,0.8449049115180969,2026-02-20 12:00:00+00:00,2026-02-20 16:00:52+00:00,True
2026-02-20 18:00:00+00:00,2026-02-22 06:00:00+00:00,2026-02-22 11:00:00,2,36,0.9515892863273621,2026-02-20 12:00:00+00:00,2026-02-20 16:00:52+00:00,True
2026-02-20 18:00:00+00:00,2026-02-22 07:00:00+00:00,2026-02-22 12:00:00,2,37,0.9530855059623718,2026-02-20 12:00:00+00:00,2026-02-20 16:00:52+00:00,True
2026-02-20 18:00:00+00:00,2026-02-22 08:00:00+00:00,2026-02-22 13:00:00,2,38,0.9550679206848145,2026-02-20 12:00:00+00:00,2026-02-20 16:00:52+00:00,True
2026-02-20 18:00:00+00:00,2026-02-22 09:00:00+00:00,2026-02-22 14:00:00,2,39,0.9566968679428101,2026-02-20 12:00:00+00:00,2026-02-20 16:00:52+00:00,True
2026-02-20 18:00:00+00:00,2026-02-22 10:00:00+00:00,2026-02-22 15:00:00,2,40,0.9484883785247803,2026-02-20 12:00:00+00:00,2026-02-20 16:00:52+00:00,True
2026-02-20 18:00:00+00:00,2026-02-22 11:00:00+00:00,2026-02-22 16:00:00,2,41,0.9371362805366517,2026-02-20 12:00:00+00:00,2026-02-20 16:00:52+00:00,True
2026-02-20 18:00:00+00:00,2026-02-22 12:00:00+00:00,2026-02-22 17:00:00,2,42,0.9206726670265197,2026-02-20 12:00:00+00:00,2026-02-20 16:00:52+00:00,True
2026-02-20 18:00:00+00:00,2026-02-22 13:00:00+00:00,2026-02-22 18:00:00,2,43,0.8715068459510803,2026-02-20 12:00:00+00:00,2026-02-20 16:00:52+00:00,True
2026-02-20 18:00:00+00:00,2026-02-22 14:00:00+00:00,2026-02-22 19:00:00,2,44,0.7408265352249146,2026-02-20 12:00:00+00:00,2026-02-20 16:00:52+00:00,True
2026-02-20 18:00:00+00:00,2026-02-22 15:00:00+00:00,2026-02-22 20:00:00,2,45,0.5470467805862427,2026-02-20 12:00:00+00:00,2026-02-20 16:00:52+00:00,True
2026-02-20 18:00:00+00:00,2026-02-22 16:00:00+00:00,2026-02-22 21:00:00,2,46,0.4527637302875519,2026-02-20 12:00:00+00:00,2026-02-20 16:00:52+00:00,True
2026-02-20 18:00:00+00:00,2026-02-22 17:00:00+00:00,2026-02-22 22:00:00,2,47,0.378978031873703,2026-02-20 12:00:00+00:00,2026-02-20 16:00:52+00:00,True
2026-02-20 18:00:00+00:00,2026-02-22 18:00:00+00:00,2026-02-22 23:00:00,2,48,0.3210482209920883,2026-02-20 12:00:00+00:00,2026-02-20 16:00:52+00:00,True
2026-02-21 18:00:00+00:00,2026-02-21 19:00:00+00:00,2026-02-22 00:00:00,1,1,0.038325995579361914,2026-02-21 12:00:00+00:00,2026-02-21 15:51:31+00:00,True
2026-02-21 18:00:00+00:00,2026-02-21 20:00:00+00:00,2026-02-22 01:00:00,1,2,0.028916616551578046,2026-02-21 12:00:00+00:00,2026-02-21 15:51:31+00:00,True
2026-02-21 18:00:00+00:00,2026-02-21 21:00:00+00:00,2026-02-22 02:00:00,1,3,0.023794072680175304,2026-02-21 12:00:00+00:00,2026-02-21 15:51:31+00:00,True
2026-02-21 18:00:00+00:00,2026-02-21 22:00:00+00:00,2026-02-22 03:00:00,1,4,0.015663168765604495,2026-02-21 12:00:00+00:00,2026-02-21 15:51:31+00:00,True
2026-02-21 18:00:00+00:00,2026-02-21 23:00:00+00:00,2026-02-22 04:00:00,1,5,0.01178969731554389,2026-02-21 12:00:00+00:00,2026-02-21 15:51:31+00:00,True
2026-02-21 18:00:00+00:00,2026-02-22 00:00:00+00:00,2026-02-22 05:00:00,1,6,0.013475887198001146,2026-02-21 12:00:00+00:00,2026-02-21 15:51:31+00:00,True
2026-02-21 18:00:00+00:00,2026-02-22 01:00:00+00:00,2026-02-22 06:00:00,1,7,0.03008208852261305,2026-02-21 12:00:00+00:00,2026-02-21 15:51:31+00:00,True
2026-02-21 18:00:00+00:00,2026-02-22 02:00:00+00:00,2026-02-22 07:00:00,1,8,0.06186441816389561,2026-02-21 12:00:00+00:00,2026-02-21 15:51:31+00:00,True
2026-02-21 18:00:00+00:00,2026-02-22 03:00:00+00:00,2026-02-22 08:00:00,1,9,0.15692819505929947,2026-02-21 12:00:00+00:00,2026-02-21 15:51:31+00:00,True
2026-02-21 18:00:00+00:00,2026-02-22 04:00:00+00:00,2026-02-22 09:00:00,1,10,0.3181541085243225,2026-02-21 12:00:00+00:00,2026-02-21 15:51:31+00:00,True
2026-02-21 18:00:00+00:00,2026-02-22 05:00:00+00:00,2026-02-22 10:00:00,1,11,0.6669719636440277,2026-02-21 12:00:00+00:00,2026-02-21 15:51:31+00:00,True
2026-02-21 18:00:00+00:00,2026-02-22 06:00:00+00:00,2026-02-22 11:00:00,1,12,0.9169885635375976,2026-02-21 12:00:00+00:00,2026-02-21 15:51:31+00:00,True
2026-02-21 18:00:00+00:00,2026-02-22 07:00:00+00:00,2026-02-22 12:00:00,1,13,0.9292192339897156,2026-02-21 12:00:00+00:00,2026-02-21 15:51:31+00:00,True
2026-02-21 18:00:00+00:00,2026-02-22 08:00:00+00:00,2026-02-22 13:00:00,1,14,0.9410415291786194,2026-02-21 12:00:00+00:00,2026-02-21 15:51:31+00:00,True
2026-02-21 18:00:00+00:00,2026-02-22 09:00:00+00:00,2026-02-22 14:00:00,1,15,0.9494723916053772,2026-02-21 12:00:00+00:00,2026-02-21 15:51:31+00:00,True
2026-02-21 18:00:00+00:00,2026-02-22 10:00:00+00:00,2026-02-22 15:00:00,1,16,0.9361265063285827,2026-02-21 12:00:00+00:00,2026-02-21 15:51:31+00:00,True
2026-02-21 18:00:00+00:00,2026-02-22 11:00:00+00:00,2026-02-22 16:00:00,1,17,0.9183101296424866,2026-02-21 12:00:00+00:00,2026-02-21 15:51:31+00:00,True
2026-02-21 18:00:00+00:00,2026-02-22 12:00:00+00:00,2026-02-22 17:00:00,1,18,0.8941531777381897,2026-02-21 12:00:00+00:00,2026-02-21 15:51:31+00:00,True
2026-02-21 18:00:00+00:00,2026-02-22 13:00:00+00:00,2026-02-22 18:00:00,1,19,0.8431682705879211,2026-02-21 12:00:00+00:00,2026-02-21 15:51:31+00:00,True
2026-02-21 18:00:00+00:00,2026-02-22 14:00:00+00:00,2026-02-22 19:00:00,1,20,0.742481529712677,2026-02-21 12:00:00+00:00,2026-02-21 15:51:31+00:00,True
2026-02-21 18:00:00+00:00,2026-02-22 15:00:00+00:00,2026-02-22 20:00:00,1,21,0.6011998057365417,2026-02-21 12:00:00+00:00,2026-02-21 15:51:31+00:00,True
2026-02-21 18:00:00+00:00,2026-02-22 16:00:00+00:00,2026-02-22 21:00:00,1,22,0.4124473512172699,2026-02-21 12:00:00+00:00,2026-02-21 15:51:31+00:00,True
2026-02-21 18:00:00+00:00,2026-02-22 17:00:00+00:00,2026-02-22 22:00:00,1,23,0.29733854830265044,2026-02-21 12:00:00+00:00,2026-02-21 15:51:31+00:00,True
2026-02-21 18:00:00+00:00,2026-02-22 18:00:00+00:00,2026-02-22 23:00:00,1,24,0.21192905008792878,2026-02-21 12:00:00+00:00,2026-02-21 15:51:31+00:00,True
2026-02-21 18:00:00+00:00,2026-02-22 19:00:00+00:00,2026-02-23 00:00:00,1,25,0.17232615649700164,2026-02-21 12:00:00+00:00,2026-02-21 15:51:31+00:00,True
2026-02-21 18:00:00+00:00,2026-02-22 20:00:00+00:00,2026-02-23 01:00:00,1,26,0.13751850724220277,2026-02-21 12:00:00+00:00,2026-02-21 15:51:31+00:00,True
2026-02-21 18:00:00+00:00,2026-02-22 21:00:00+00:00,2026-02-23 02:00:00,1,27,0.10815673917531968,2026-02-21 12:00:00+00:00,2026-02-21 15:51:31+00:00,True
2026-02-21 18:00:00+00:00,2026-02-22 22:00:00+00:00,2026-02-23 03:00:00,1,28,0.08421576768159866,2026-02-21 12:00:00+00:00,2026-02-21 15:51:31+00:00,True
2026-02-21 18:00:00+00:00,2026-02-22 23:00:00+00:00,2026-02-23 04:00:00,1,29,0.06538827270269394,2026-02-21 12:00:00+00:00,2026-02-21 15:51:31+00:00,True
2026-02-21 18:00:00+00:00,2026-02-23 00:00:00+00:00,2026-02-23 05:00:00,1,30,0.052120263874530795,2026-02-21 12:00:00+00:00,2026-02-21 15:51:31+00:00,True
2026-02-21 18:00:00+00:00,2026-02-23 01:00:00+00:00,2026-02-23 06:00:00,1,31,0.03939312994480133,2026-02-21 12:00:00+00:00,2026-02-21 15:51:31+00:00,True
2026-02-21 18:00:00+00:00,2026-02-23 02:00:00+00:00,2026-02-23 07:00:00,1,32,0.03266255669295788,2026-02-21 12:00:00+00:00,2026-02-21 15:51:31+00:00,True
2026-02-21 18:00:00+00:00,2026-02-23 03:00:00+00:00,2026-02-23 08:00:00,1,33,0.03705572411417961,2026-02-21 12:00:00+00:00,2026-02-21 15:51:31+00:00,True
2026-02-21 18:00:00+00:00,2026-02-23 04:00:00+00:00,2026-02-23 09:00:00,1,34,0.042661475390195845,2026-02-21 12:00:00+00:00,2026-02-21 15:51:31+00:00,True
2026-02-21 18:00:00+00:00,2026-02-23 05:00:00+00:00,2026-02-23 10:00:00,1,35,0.07352740243077278,2026-02-21 12:00:00+00:00,2026-02-21 15:51:31+00:00,True
2026-02-21 18:00:00+00:00,2026-02-23 06:00:00+00:00,2026-02-23 11:00:00,1,36,0.12753541320562362,2026-02-21 12:00:00+00:00,2026-02-21 15:51:31+00:00,True
2026-02-21 18:00:00+00:00,2026-02-23 07:00:00+00:00,2026-02-23 12:00:00,1,37,0.24669026136398314,2026-02-21 12:00:00+00:00,2026-02-21 15:51:31+00:00,True
2026-02-21 18:00:00+00:00,2026-02-23 08:00:00+00:00,2026-02-23 13:00:00,1,38,0.4305215895175934,2026-02-21 12:00:00+00:00,2026-02-21 15:51:31+00:00,True
2026-02-21 18:00:00+00:00,2026-02-23 09:00:00+00:00,2026-02-23 14:00:00,1,39,0.6337225317955018,2026-02-21 12:00:00+00:00,2026-02-21 15:51:31+00:00,True
2026-02-21 18:00:00+00:00,2026-02-23 10:00:00+00:00,2026-02-23 15:00:00,1,40,0.668183159828186,2026-02-21 12:00:00+00:00,2026-02-21 15:51:31+00:00,True
2026-02-21 18:00:00+00:00,2026-02-23 11:00:00+00:00,2026-02-23 16:00:00,1,41,0.7009711742401123,2026-02-21 12:00:00+00:00,2026-02-21 15:51:31+00:00,True
2026-02-21 18:00:00+00:00,2026-02-23 12:00:00+00:00,2026-02-23 17:00:00,1,42,0.7311618685722351,2026-02-21 12:00:00+00:00,2026-02-21 15:51:31+00:00,True
2026-02-21 18:00:00+00:00,2026-02-23 13:00:00+00:00,2026-02-23 18:00:00,1,43,0.7395784974098205,2026-02-21 12:00:00+00:00,2026-02-21 15:51:31+00:00,True
2026-02-21 18:00:00+00:00,2026-02-23 14:00:00+00:00,2026-02-23 19:00:00,1,44,0.7393685936927795,2026-02-21 12:00:00+00:00,2026-02-21 15:51:31+00:00,True
2026-02-21 18:00:00+00:00,2026-02-23 15:00:00+00:00,2026-02-23 20:00:00,1,45,0.739664888381958,2026-02-21 12:00:00+00:00,2026-02-21 15:51:31+00:00,True
2026-02-21 18:00:00+00:00,2026-02-23 16:00:00+00:00,2026-02-23 21:00:00,1,46,0.7745880722999573,2026-02-21 12:00:00+00:00,2026-02-21 15:51:31+00:00,True
2026-02-21 18:00:00+00:00,2026-02-23 17:00:00+00:00,2026-02-23 22:00:00,1,47,0.8221040844917298,2026-02-21 12:00:00+00:00,2026-02-21 15:51:31+00:00,True
2026-02-21 18:00:00+00:00,2026-02-23 18:00:00+00:00,2026-02-23 23:00:00,1,48,0.862098777294159,2026-02-21 12:00:00+00:00,2026-02-21 15:51:31+00:00,True
2026-02-21 18:00:00+00:00,2026-02-21 19:00:00+00:00,2026-02-22 00:00:00,2,1,0.0332603495568037,2026-02-21 12:00:00+00:00,2026-02-21 15:51:31+00:00,True
2026-02-21 18:00:00+00:00,2026-02-21 20:00:00+00:00,2026-02-22 01:00:00,2,2,0.02459673248231411,2026-02-21 12:00:00+00:00,2026-02-21 15:51:31+00:00,True
2026-02-21 18:00:00+00:00,2026-02-21 21:00:00+00:00,2026-02-22 02:00:00,2,3,0.019715684466063976,2026-02-21 12:00:00+00:00,2026-02-21 15:51:31+00:00,True
2026-02-21 18:00:00+00:00,2026-02-21 22:00:00+00:00,2026-02-22 03:00:00,2,4,0.013331442791968583,2026-02-21 12:00:00+00:00,2026-02-21 15:51:31+00:00,True
2026-02-21 18:00:00+00:00,2026-02-21 23:00:00+00:00,2026-02-22 04:00:00,2,5,0.010097096115350724,2026-02-21 12:00:00+00:00,2026-02-21 15:51:31+00:00,True
2026-02-21 18:00:00+00:00,2026-02-22 00:00:00+00:00,2026-02-22 05:00:00,2,6,0.011766040325164795,2026-02-21 12:00:00+00:00,2026-02-21 15:51:31+00:00,True
2026-02-21 18:00:00+00:00,2026-02-22 01:00:00+00:00,2026-02-22 06:00:00,2,7,0.0252316202968359,2026-02-21 12:00:00+00:00,2026-02-21 15:51:31+00:00,True
2026-02-21 18:00:00+00:00,2026-02-22 02:00:00+00:00,2026-02-22 07:00:00,2,8,0.05230466015636921,2026-02-21 12:00:00+00:00,2026-02-21 15:51:31+00:00,True
2026-02-21 18:00:00+00:00,2026-02-22 03:00:00+00:00,2026-02-22 08:00:00,2,9,0.13939547687768936,2026-02-21 12:00:00+00:00,2026-02-21 15:51:31+00:00,True
2026-02-21 18:00:00+00:00,2026-02-22 04:00:00+00:00,2026-02-22 09:00:00,2,10,0.30272844433784485,2026-02-21 12:00:00+00:00,2026-02-21 15:51:31+00:00,True
2026-02-21 18:00:00+00:00,2026-02-22 05:00:00+00:00,2026-02-22 10:00:00,2,11,0.655429482460022,2026-02-21 12:00:00+00:00,2026-02-21 15:51:31+00:00,True
2026-02-21 18:00:00+00:00,2026-02-22 06:00:00+00:00,2026-02-22 11:00:00,2,12,0.9125386118888855,2026-02-21 12:00:00+00:00,2026-02-21 15:51:31+00:00,True
2026-02-21 18:00:00+00:00,2026-02-22 07:00:00+00:00,2026-02-22 12:00:00,2,13,0.9271711349487305,2026-02-21 12:00:00+00:00,2026-02-21 15:51:31+00:00,True
2026-02-21 18:00:00+00:00,2026-02-22 08:00:00+00:00,2026-02-22 13:00:00,2,14,0.9391130805015564,2026-02-21 12:00:00+00:00,2026-02-21 15:51:31+00:00,True
2026-02-21 18:00:00+00:00,2026-02-22 09:00:00+00:00,2026-02-22 14:00:00,2,15,0.9476655960083008,2026-02-21 12:00:00+00:00,2026-02-21 15:51:31+00:00,True
2026-02-21 18:00:00+00:00,2026-02-22 10:00:00+00:00,2026-02-22 15:00:00,2,16,0.9340085029602051,2026-02-21 12:00:00+00:00,2026-02-21 15:51:31+00:00,True
2026-02-21 18:00:00+00:00,2026-02-22 11:00:00+00:00,2026-02-22 16:00:00,2,17,0.916417145729065,2026-02-21 12:00:00+00:00,2026-02-21 15:51:31+00:00,True
2026-02-21 18:00:00+00:00,2026-02-22 12:00:00+00:00,2026-02-22 17:00:00,2,18,0.8912717580795289,2026-02-21 12:00:00+00:00,2026-02-21 15:51:31+00:00,True
2026-02-21 18:00:00+00:00,2026-02-22 13:00:00+00:00,2026-02-22 18:00:00,2,19,0.8394116401672364,2026-02-21 12:00:00+00:00,2026-02-21 15:51:31+00:00,True
2026-02-21 18:00:00+00:00,2026-02-22 14:00:00+00:00,2026-02-22 19:00:00,2,20,0.741291618347168,2026-02-21 12:00:00+00:00,2026-02-21 15:51:31+00:00,True
2026-02-21 18:00:00+00:00,2026-02-22 15:00:00+00:00,2026-02-22 20:00:00,2,21,0.5935210764408112,2026-02-21 12:00:00+00:00,2026-02-21 15:51:31+00:00,True
2026-02-21 18:00:00+00:00,2026-02-22 16:00:00+00:00,2026-02-22 21:00:00,2,22,0.3976189613342285,2026-02-21 12:00:00+00:00,2026-02-21 15:51:31+00:00,True
2026-02-21 18:00:00+00:00,2026-02-22 17:00:00+00:00,2026-02-22 22:00:00,2,23,0.2762045174837112,2026-02-21 12:00:00+00:00,2026-02-21 15:51:31+00:00,True
2026-02-21 18:00:00+00:00,2026-02-22 18:00:00+00:00,2026-02-22 23:00:00,2,24,0.18778764307498932,2026-02-21 12:00:00+00:00,2026-02-21 15:51:31+00:00,True
2026-02-21 18:00:00+00:00,2026-02-22 19:00:00+00:00,2026-02-23 00:00:00,2,25,0.14931910187005998,2026-02-21 12:00:00+00:00,2026-02-21 15:51:31+00:00,True
2026-02-21 18:00:00+00:00,2026-02-22 20:00:00+00:00,2026-02-23 01:00:00,2,26,0.11559009701013565,2026-02-21 12:00:00+00:00,2026-02-21 15:51:31+00:00,True
2026-02-21 18:00:00+00:00,2026-02-22 21:00:00+00:00,2026-02-23 02:00:00,2,27,0.08926743417978286,2026-02-21 12:00:00+00:00,2026-02-21 15:51:31+00:00,True
2026-02-21 18:00:00+00:00,2026-02-22 22:00:00+00:00,2026-02-23 03:00:00,2,28,0.06909983530640602,2026-02-21 12:00:00+00:00,2026-02-21 15:51:31+00:00,True
2026-02-21 18:00:00+00:00,2026-02-22 23:00:00+00:00,2026-02-23 04:00:00,2,29,0.05408263653516769,2026-02-21 12:00:00+00:00,2026-02-21 15:51:31+00:00,True
2026-02-21 18:00:00+00:00,2026-02-23 00:00:00+00:00,2026-02-23 05:00:00,2,30,0.043200930953025816,2026-02-21 12:00:00+00:00,2026-02-21 15:51:31+00:00,True
2026-02-21 18:00:00+00:00,2026-02-23 01:00:00+00:00,2026-02-23 06:00:00,2,31,0.03301285691559315,2026-02-21 12:00:00+00:00,2026-02-21 15:51:31+00:00,True
2026-02-21 18:00:00+00:00,2026-02-23 02:00:00+00:00,2026-02-23 07:00:00,2,32,0.027508447878062725,2026-02-21 12:00:00+00:00,2026-02-21 15:51:31+00:00,True
2026-02-21 18:00:00+00:00,2026-02-23 03:00:00+00:00,2026-02-23 08:00:00,2,33,0.03333030343055725,2026-02-21 12:00:00+00:00,2026-02-21 15:51:31+00:00,True
2026-02-21 18:00:00+00:00,2026-02-23 04:00:00+00:00,2026-02-23 09:00:00,2,34,0.03809977285563946,2026-02-21 12:00:00+00:00,2026-02-21 15:51:31+00:00,True
2026-02-21 18:00:00+00:00,2026-02-23 05:00:00+00:00,2026-02-23 10:00:00,2,35,0.0673456646502018,2026-02-21 12:00:00+00:00,2026-02-21 15:51:31+00:00,True
2026-02-21 18:00:00+00:00,2026-02-23 06:00:00+00:00,2026-02-23 11:00:00,2,36,0.12087700963020324,2026-02-21 12:00:00+00:00,2026-02-21 15:51:31+00:00,True
2026-02-21 18:00:00+00:00,2026-02-23 07:00:00+00:00,2026-02-23 12:00:00,2,37,0.23796691000461578,2026-02-21 12:00:00+00:00,2026-02-21 15:51:31+00:00,True
2026-02-21 18:00:00+00:00,2026-02-23 08:00:00+00:00,2026-02-23 13:00:00,2,38,0.43364129066467283,2026-02-21 12:00:00+00:00,2026-02-21 15:51:31+00:00,True
2026-02-21 18:00:00+00:00,2026-02-23 09:00:00+00:00,2026-02-23 14:00:00,2,39,0.6247931003570557,2026-02-21 12:00:00+00:00,2026-02-21 15:51:31+00:00,True
2026-02-21 18:00:00+00:00,2026-02-23 10:00:00+00:00,2026-02-23 15:00:00,2,40,0.6598540902137756,2026-02-21 12:00:00+00:00,2026-02-21 15:51:31+00:00,True
2026-02-21 18:00:00+00:00,2026-02-23 11:00:00+00:00,2026-02-23 16:00:00,2,41,0.6887629389762878,2026-02-21 12:00:00+00:00,2026-02-21 15:51:31+00:00,True
2026-02-21 18:00:00+00:00,2026-02-23 12:00:00+00:00,2026-02-23 17:00:00,2,42,0.7197066068649292,2026-02-21 12:00:00+00:00,2026-02-21 15:51:31+00:00,True
2026-02-21 18:00:00+00:00,2026-02-23 13:00:00+00:00,2026-02-23 18:00:00,2,43,0.727428424358368,2026-02-21 12:00:00+00:00,2026-02-21 15:51:31+00:00,True
2026-02-21 18:00:00+00:00,2026-02-23 14:00:00+00:00,2026-02-23 19:00:00,2,44,0.7299157023429871,2026-02-21 12:00:00+00:00,2026-02-21 15:51:31+00:00,True
2026-02-21 18:00:00+00:00,2026-02-23 15:00:00+00:00,2026-02-23 20:00:00,2,45,0.7304206490516663,2026-02-21 12:00:00+00:00,2026-02-21 15:51:31+00:00,True
2026-02-21 18:00:00+00:00,2026-02-23 16:00:00+00:00,2026-02-23 21:00:00,2,46,0.7642004609107971,2026-02-21 12:00:00+00:00,2026-02-21 15:51:31+00:00,True
2026-02-21 18:00:00+00:00,2026-02-23 17:00:00+00:00,2026-02-23 22:00:00,2,47,0.8105932712554932,2026-02-21 12:00:00+00:00,2026-02-21 15:51:31+00:00,True
2026-02-21 18:00:00+00:00,2026-02-23 18:00:00+00:00,2026-02-23 23:00:00,2,48,0.850019383430481,2026-02-21 12:00:00+00:00,2026-02-21 15:51:31+00:00,True
2026-02-22 18:00:00+00:00,2026-02-22 19:00:00+00:00,2026-02-23 00:00:00,1,1,0.07106716856360436,2026-02-22 12:00:00+00:00,2026-02-22 15:55:11+00:00,True
2026-02-22 18:00:00+00:00,2026-02-22 20:00:00+00:00,2026-02-23 01:00:00,1,2,0.06684756278991699,2026-02-22 12:00:00+00:00,2026-02-22 15:55:11+00:00,True
2026-02-22 18:00:00+00:00,2026-02-22 21:00:00+00:00,2026-02-23 02:00:00,1,3,0.06165689900517464,2026-02-22 12:00:00+00:00,2026-02-22 15:55:11+00:00,True
2026-02-22 18:00:00+00:00,2026-02-22 22:00:00+00:00,2026-02-23 03:00:00,1,4,0.051264270395040515,2026-02-22 12:00:00+00:00,2026-02-22 15:55:11+00:00,True
2026-02-22 18:00:00+00:00,2026-02-22 23:00:00+00:00,2026-02-23 04:00:00,1,5,0.043668559193611144,2026-02-22 12:00:00+00:00,2026-02-22 15:55:11+00:00,True
2026-02-22 18:00:00+00:00,2026-02-23 00:00:00+00:00,2026-02-23 05:00:00,1,6,0.038718314841389656,2026-02-22 12:00:00+00:00,2026-02-22 15:55:11+00:00,True
2026-02-22 18:00:00+00:00,2026-02-23 01:00:00+00:00,2026-02-23 06:00:00,1,7,0.030318746343255043,2026-02-22 12:00:00+00:00,2026-02-22 15:55:11+00:00,True
2026-02-22 18:00:00+00:00,2026-02-23 02:00:00+00:00,2026-02-23 07:00:00,1,8,0.026745085977017878,2026-02-22 12:00:00+00:00,2026-02-22 15:55:11+00:00,True
2026-02-22 18:00:00+00:00,2026-02-23 03:00:00+00:00,2026-02-23 08:00:00,1,9,0.02613805253058672,2026-02-22 12:00:00+00:00,2026-02-22 15:55:11+00:00,True
2026-02-22 18:00:00+00:00,2026-02-23 04:00:00+00:00,2026-02-23 09:00:00,1,10,0.02069028578698635,2026-02-22 12:00:00+00:00,2026-02-22 15:55:11+00:00,True
2026-02-22 18:00:00+00:00,2026-02-23 05:00:00+00:00,2026-02-23 10:00:00,1,11,0.027472266182303428,2026-02-22 12:00:00+00:00,2026-02-22 15:55:11+00:00,True
2026-02-22 18:00:00+00:00,2026-02-23 06:00:00+00:00,2026-02-23 11:00:00,1,12,0.05050332620739937,2026-02-22 12:00:00+00:00,2026-02-22 15:55:11+00:00,True
2026-02-22 18:00:00+00:00,2026-02-23 07:00:00+00:00,2026-02-23 12:00:00,1,13,0.12573964893817902,2026-02-22 12:00:00+00:00,2026-02-22 15:55:11+00:00,True
2026-02-22 18:00:00+00:00,2026-02-23 08:00:00+00:00,2026-02-23 13:00:00,1,14,0.28699544370174407,2026-02-22 12:00:00+00:00,2026-02-22 15:55:11+00:00,True
2026-02-22 18:00:00+00:00,2026-02-23 09:00:00+00:00,2026-02-23 14:00:00,1,15,0.5114292204380035,2026-02-22 12:00:00+00:00,2026-02-22 15:55:11+00:00,True
2026-02-22 18:00:00+00:00,2026-02-23 10:00:00+00:00,2026-02-23 15:00:00,1,16,0.5983188033103943,2026-02-22 12:00:00+00:00,2026-02-22 15:55:11+00:00,True
2026-02-22 18:00:00+00:00,2026-02-23 11:00:00+00:00,2026-02-23 16:00:00,1,17,0.699234127998352,2026-02-22 12:00:00+00:00,2026-02-22 15:55:11+00:00,True
2026-02-22 18:00:00+00:00,2026-02-23 12:00:00+00:00,2026-02-23 17:00:00,1,18,0.7982622742652893,2026-02-22 12:00:00+00:00,2026-02-22 15:55:11+00:00,True
2026-02-22 18:00:00+00:00,2026-02-23 13:00:00+00:00,2026-02-23 18:00:00,1,19,0.7780179858207703,2026-02-22 12:00:00+00:00,2026-02-22 15:55:11+00:00,True
2026-02-22 18:00:00+00:00,2026-02-23 14:00:00+00:00,2026-02-23 19:00:00,1,20,0.7671740412712097,2026-02-22 12:00:00+00:00,2026-02-22 15:55:11+00:00,True
2026-02-22 18:00:00+00:00,2026-02-23 15:00:00+00:00,2026-02-23 20:00:00,1,21,0.7627413630485534,2026-02-22 12:00:00+00:00,2026-02-22 15:55:11+00:00,True
2026-02-22 18:00:00+00:00,2026-02-23 16:00:00+00:00,2026-02-23 21:00:00,1,22,0.8036450505256653,2026-02-22 12:00:00+00:00,2026-02-22 15:55:11+00:00,True
2026-02-22 18:00:00+00:00,2026-02-23 17:00:00+00:00,2026-02-23 22:00:00,1,23,0.8419172286987304,2026-02-22 12:00:00+00:00,2026-02-22 15:55:11+00:00,True
2026-02-22 18:00:00+00:00,2026-02-23 18:00:00+00:00,2026-02-23 23:00:00,1,24,0.8744815945625305,2026-02-22 12:00:00+00:00,2026-02-22 15:55:11+00:00,True
2026-02-22 18:00:00+00:00,2026-02-23 19:00:00+00:00,2026-02-24 00:00:00,1,25,0.870907187461853,2026-02-22 12:00:00+00:00,2026-02-22 15:55:11+00:00,True
2026-02-22 18:00:00+00:00,2026-02-23 20:00:00+00:00,2026-02-24 01:00:00,1,26,0.8635185956954956,2026-02-22 12:00:00+00:00,2026-02-22 15:55:11+00:00,True
2026-02-22 18:00:00+00:00,2026-02-23 21:00:00+00:00,2026-02-24 02:00:00,1,27,0.8496281385421753,2026-02-22 12:00:00+00:00,2026-02-22 15:55:11+00:00,True
2026-02-22 18:00:00+00:00,2026-02-23 22:00:00+00:00,2026-02-24 03:00:00,1,28,0.8477920174598694,2026-02-22 12:00:00+00:00,2026-02-22 15:55:11+00:00,True
2026-02-22 18:00:00+00:00,2026-02-23 23:00:00+00:00,2026-02-24 04:00:00,1,29,0.8408917307853698,2026-02-22 12:00:00+00:00,2026-02-22 15:55:11+00:00,True
2026-02-22 18:00:00+00:00,2026-02-24 00:00:00+00:00,2026-02-24 05:00:00,1,30,0.8308940172195435,2026-02-22 12:00:00+00:00,2026-02-22 15:55:11+00:00,True
2026-02-22 18:00:00+00:00,2026-02-24 01:00:00+00:00,2026-02-24 06:00:00,1,31,0.7771760702133179,2026-02-22 12:00:00+00:00,2026-02-22 15:55:11+00:00,True
2026-02-22 18:00:00+00:00,2026-02-24 02:00:00+00:00,2026-02-24 07:00:00,1,32,0.7053149819374085,2026-02-22 12:00:00+00:00,2026-02-22 15:55:11+00:00,True
2026-02-22 18:00:00+00:00,2026-02-24 03:00:00+00:00,2026-02-24 08:00:00,1,33,0.6181846022605896,2026-02-22 12:00:00+00:00,2026-02-22 15:55:11+00:00,True
2026-02-22 18:00:00+00:00,2026-02-24 04:00:00+00:00,2026-02-24 09:00:00,1,34,0.49863225817680357,2026-02-22 12:00:00+00:00,2026-02-22 15:55:11+00:00,True
2026-02-22 18:00:00+00:00,2026-02-24 05:00:00+00:00,2026-02-24 10:00:00,1,35,0.39960610270500185,2026-02-22 12:00:00+00:00,2026-02-22 15:55:11+00:00,True
2026-02-22 18:00:00+00:00,2026-02-24 06:00:00+00:00,2026-02-24 11:00:00,1,36,0.3386544167995453,2026-02-22 12:00:00+00:00,2026-02-22 15:55:11+00:00,True
2026-02-22 18:00:00+00:00,2026-02-24 07:00:00+00:00,2026-02-24 12:00:00,1,37,0.32348309755325316,2026-02-22 12:00:00+00:00,2026-02-22 15:55:11+00:00,True
2026-02-22 18:00:00+00:00,2026-02-24 08:00:00+00:00,2026-02-24 13:00:00,1,38,0.3266646772623062,2026-02-22 12:00:00+00:00,2026-02-22 15:55:11+00:00,True
2026-02-22 18:00:00+00:00,2026-02-24 09:00:00+00:00,2026-02-24 14:00:00,1,39,0.3432131469249725,2026-02-22 12:00:00+00:00,2026-02-22 15:55:11+00:00,True
2026-02-22 18:00:00+00:00,2026-02-24 10:00:00+00:00,2026-02-24 15:00:00,1,40,0.38694100379943847,2026-02-22 12:00:00+00:00,2026-02-22 15:55:11+00:00,True
2026-02-22 18:00:00+00:00,2026-02-24 11:00:00+00:00,2026-02-24 16:00:00,1,41,0.4399365961551666,2026-02-22 12:00:00+00:00,2026-02-22 15:55:11+00:00,True
2026-02-22 18:00:00+00:00,2026-02-24 12:00:00+00:00,2026-02-24 17:00:00,1,42,0.4996480643749237,2026-02-22 12:00:00+00:00,2026-02-22 15:55:11+00:00,True
2026-02-22 18:00:00+00:00,2026-02-24 13:00:00+00:00,2026-02-24 18:00:00,1,43,0.4795041084289551,2026-02-22 12:00:00+00:00,2026-02-22 15:55:11+00:00,True
2026-02-22 18:00:00+00:00,2026-02-24 14:00:00+00:00,2026-02-24 19:00:00,1,44,0.4522773206233978,2026-02-22 12:00:00+00:00,2026-02-22 15:55:11+00:00,True
2026-02-22 18:00:00+00:00,2026-02-24 15:00:00+00:00,2026-02-24 20:00:00,1,45,0.4112354040145874,2026-02-22 12:00:00+00:00,2026-02-22 15:55:11+00:00,True
2026-02-22 18:00:00+00:00,2026-02-24 16:00:00+00:00,2026-02-24 21:00:00,1,46,0.3566562294960022,2026-02-22 12:00:00+00:00,2026-02-22 15:55:11+00:00,True
2026-02-22 18:00:00+00:00,2026-02-24 17:00:00+00:00,2026-02-24 22:00:00,1,47,0.24722050428390502,2026-02-22 12:00:00+00:00,2026-02-22 15:55:11+00:00,True
2026-02-22 18:00:00+00:00,2026-02-24 18:00:00+00:00,2026-02-24 23:00:00,1,48,0.14628857374191284,2026-02-22 12:00:00+00:00,2026-02-22 15:55:11+00:00,True
2026-02-22 18:00:00+00:00,2026-02-22 19:00:00+00:00,2026-02-23 00:00:00,2,1,0.060516617447137835,2026-02-22 12:00:00+00:00,2026-02-22 15:55:11+00:00,True
2026-02-22 18:00:00+00:00,2026-02-22 20:00:00+00:00,2026-02-23 01:00:00,2,2,0.05553421676158905,2026-02-22 12:00:00+00:00,2026-02-22 15:55:11+00:00,True
2026-02-22 18:00:00+00:00,2026-02-22 21:00:00+00:00,2026-02-23 02:00:00,2,3,0.0514192171394825,2026-02-22 12:00:00+00:00,2026-02-22 15:55:11+00:00,True
2026-02-22 18:00:00+00:00,2026-02-22 22:00:00+00:00,2026-02-23 03:00:00,2,4,0.04271264933049679,2026-02-22 12:00:00+00:00,2026-02-22 15:55:11+00:00,True
2026-02-22 18:00:00+00:00,2026-02-22 23:00:00+00:00,2026-02-23 04:00:00,2,5,0.03667185343801975,2026-02-22 12:00:00+00:00,2026-02-22 15:55:11+00:00,True
2026-02-22 18:00:00+00:00,2026-02-23 00:00:00+00:00,2026-02-23 05:00:00,2,6,0.03281485624611378,2026-02-22 12:00:00+00:00,2026-02-22 15:55:11+00:00,True
2026-02-22 18:00:00+00:00,2026-02-23 01:00:00+00:00,2026-02-23 06:00:00,2,7,0.025321236439049245,2026-02-22 12:00:00+00:00,2026-02-22 15:55:11+00:00,True
2026-02-22 18:00:00+00:00,2026-02-23 02:00:00+00:00,2026-02-23 07:00:00,2,8,0.022668118216097356,2026-02-22 12:00:00+00:00,2026-02-22 15:55:11+00:00,True
2026-02-22 18:00:00+00:00,2026-02-23 03:00:00+00:00,2026-02-23 08:00:00,2,9,0.0225966215133667,2026-02-22 12:00:00+00:00,2026-02-22 15:55:11+00:00,True
2026-02-22 18:00:00+00:00,2026-02-23 04:00:00+00:00,2026-02-23 09:00:00,2,10,0.018930967524647714,2026-02-22 12:00:00+00:00,2026-02-22 15:55:11+00:00,True
2026-02-22 18:00:00+00:00,2026-02-23 05:00:00+00:00,2026-02-23 10:00:00,2,11,0.02497001998126507,2026-02-22 12:00:00+00:00,2026-02-22 15:55:11+00:00,True
2026-02-22 18:00:00+00:00,2026-02-23 06:00:00+00:00,2026-02-23 11:00:00,2,12,0.04556959830224514,2026-02-22 12:00:00+00:00,2026-02-22 15:55:11+00:00,True
2026-02-22 18:00:00+00:00,2026-02-23 07:00:00+00:00,2026-02-23 12:00:00,2,13,0.12126712799072266,2026-02-22 12:00:00+00:00,2026-02-22 15:55:11+00:00,True
2026-02-22 18:00:00+00:00,2026-02-23 08:00:00+00:00,2026-02-23 13:00:00,2,14,0.2920520454645157,2026-02-22 12:00:00+00:00,2026-02-22 15:55:11+00:00,True
2026-02-22 18:00:00+00:00,2026-02-23 09:00:00+00:00,2026-02-23 14:00:00,2,15,0.5210127890110016,2026-02-22 12:00:00+00:00,2026-02-22 15:55:11+00:00,True
2026-02-22 18:00:00+00:00,2026-02-23 10:00:00+00:00,2026-02-23 15:00:00,2,16,0.6070236086845398,2026-02-22 12:00:00+00:00,2026-02-22 15:55:11+00:00,True
2026-02-22 18:00:00+00:00,2026-02-23 11:00:00+00:00,2026-02-23 16:00:00,2,17,0.7003646731376648,2026-02-22 12:00:00+00:00,2026-02-22 15:55:11+00:00,True
2026-02-22 18:00:00+00:00,2026-02-23 12:00:00+00:00,2026-02-23 17:00:00,2,18,0.7878193974494934,2026-02-22 12:00:00+00:00,2026-02-22 15:55:11+00:00,True
2026-02-22 18:00:00+00:00,2026-02-23 13:00:00+00:00,2026-02-23 18:00:00,2,19,0.7685638070106506,2026-02-22 12:00:00+00:00,2026-02-22 15:55:11+00:00,True
2026-02-22 18:00:00+00:00,2026-02-23 14:00:00+00:00,2026-02-23 19:00:00,2,20,0.7574517965316773,2026-02-22 12:00:00+00:00,2026-02-22 15:55:11+00:00,True
2026-02-22 18:00:00+00:00,2026-02-23 15:00:00+00:00,2026-02-23 20:00:00,2,21,0.7523775815963745,2026-02-22 12:00:00+00:00,2026-02-22 15:55:11+00:00,True
2026-02-22 18:00:00+00:00,2026-02-23 16:00:00+00:00,2026-02-23 21:00:00,2,22,0.7943352937698365,2026-02-22 12:00:00+00:00,2026-02-22 15:55:11+00:00,True
2026-02-22 18:00:00+00:00,2026-02-23 17:00:00+00:00,2026-02-23 22:00:00,2,23,0.8352438092231751,2026-02-22 12:00:00+00:00,2026-02-22 15:55:11+00:00,True
2026-02-22 18:00:00+00:00,2026-02-23 18:00:00+00:00,2026-02-23 23:00:00,2,24,0.868192982673645,2026-02-22 12:00:00+00:00,2026-02-22 15:55:11+00:00,True
2026-02-22 18:00:00+00:00,2026-02-23 19:00:00+00:00,2026-02-24 00:00:00,2,25,0.8629576444625855,2026-02-22 12:00:00+00:00,2026-02-22 15:55:11+00:00,True
2026-02-22 18:00:00+00:00,2026-02-23 20:00:00+00:00,2026-02-24 01:00:00,2,26,0.8533504366874695,2026-02-22 12:00:00+00:00,2026-02-22 15:55:11+00:00,True
2026-02-22 18:00:00+00:00,2026-02-23 21:00:00+00:00,2026-02-24 02:00:00,2,27,0.8375085949897766,2026-02-22 12:00:00+00:00,2026-02-22 15:55:11+00:00,True
2026-02-22 18:00:00+00:00,2026-02-23 22:00:00+00:00,2026-02-24 03:00:00,2,28,0.8345565319061279,2026-02-22 12:00:00+00:00,2026-02-22 15:55:11+00:00,True
2026-02-22 18:00:00+00:00,2026-02-23 23:00:00+00:00,2026-02-24 04:00:00,2,29,0.8264576911926269,2026-02-22 12:00:00+00:00,2026-02-22 15:55:11+00:00,True
2026-02-22 18:00:00+00:00,2026-02-24 00:00:00+00:00,2026-02-24 05:00:00,2,30,0.8147749066352844,2026-02-22 12:00:00+00:00,2026-02-22 15:55:11+00:00,True
2026-02-22 18:00:00+00:00,2026-02-24 01:00:00+00:00,2026-02-24 06:00:00,2,31,0.7568716049194336,2026-02-22 12:00:00+00:00,2026-02-22 15:55:11+00:00,True
2026-02-22 18:00:00+00:00,2026-02-24 02:00:00+00:00,2026-02-24 07:00:00,2,32,0.6813555002212525,2026-02-22 12:00:00+00:00,2026-02-22 15:55:11+00:00,True
2026-02-22 18:00:00+00:00,2026-02-24 03:00:00+00:00,2026-02-24 08:00:00,2,33,0.5934756517410278,2026-02-22 12:00:00+00:00,2026-02-22 15:55:11+00:00,True
2026-02-22 18:00:00+00:00,2026-02-24 04:00:00+00:00,2026-02-24 09:00:00,2,34,0.47871227860450744,2026-02-22 12:00:00+00:00,2026-02-22 15:55:11+00:00,True
2026-02-22 18:00:00+00:00,2026-02-24 05:00:00+00:00,2026-02-24 10:00:00,2,35,0.38904411196708677,2026-02-22 12:00:00+00:00,2026-02-22 15:55:11+00:00,True
2026-02-22 18:00:00+00:00,2026-02-24 06:00:00+00:00,2026-02-24 11:00:00,2,36,0.33259577453136446,2026-02-22 12:00:00+00:00,2026-02-22 15:55:11+00:00,True
2026-02-22 18:00:00+00:00,2026-02-24 07:00:00+00:00,2026-02-24 12:00:00,2,37,0.3201445728540421,2026-02-22 12:00:00+00:00,2026-02-22 15:55:11+00:00,True
2026-02-22 18:00:00+00:00,2026-02-24 08:00:00+00:00,2026-02-24 13:00:00,2,38,0.3237076967954636,2026-02-22 12:00:00+00:00,2026-02-22 15:55:11+00:00,True
2026-02-22 18:00:00+00:00,2026-02-24 09:00:00+00:00,2026-02-24 14:00:00,2,39,0.339750674366951,2026-02-22 12:00:00+00:00,2026-02-22 15:55:11+00:00,True
2026-02-22 18:00:00+00:00,2026-02-24 10:00:00+00:00,2026-02-24 15:00:00,2,40,0.3813082456588745,2026-02-22 12:00:00+00:00,2026-02-22 15:55:11+00:00,True
2026-02-22 18:00:00+00:00,2026-02-24 11:00:00+00:00,2026-02-24 16:00:00,2,41,0.4337382137775421,2026-02-22 12:00:00+00:00,2026-02-22 15:55:11+00:00,True
2026-02-22 18:00:00+00:00,2026-02-24 12:00:00+00:00,2026-02-24 17:00:00,2,42,0.4911962807178497,2026-02-22 12:00:00+00:00,2026-02-22 15:55:11+00:00,True
2026-02-22 18:00:00+00:00,2026-02-24 13:00:00+00:00,2026-02-24 18:00:00,2,43,0.47162835001945497,2026-02-22 12:00:00+00:00,2026-02-22 15:55:11+00:00,True
2026-02-22 18:00:00+00:00,2026-02-24 14:00:00+00:00,2026-02-24 19:00:00,2,44,0.4429644227027893,2026-02-22 12:00:00+00:00,2026-02-22 15:55:11+00:00,True
2026-02-22 18:00:00+00:00,2026-02-24 15:00:00+00:00,2026-02-24 20:00:00,2,45,0.4027552783489227,2026-02-22 12:00:00+00:00,2026-02-22 15:55:11+00:00,True
2026-02-22 18:00:00+00:00,2026-02-24 16:00:00+00:00,2026-02-24 21:00:00,2,46,0.3470194101333618,2026-02-22 12:00:00+00:00,2026-02-22 15:55:11+00:00,True
2026-02-22 18:00:00+00:00,2026-02-24 17:00:00+00:00,2026-02-24 22:00:00,2,47,0.2375908076763153,2026-02-22 12:00:00+00:00,2026-02-22 15:55:11+00:00,True
2026-02-22 18:00:00+00:00,2026-02-24 18:00:00+00:00,2026-02-24 23:00:00,2,48,0.1350703090429306,2026-02-22 12:00:00+00:00,2026-02-22 15:55:11+00:00,True
2026-02-23 18:00:00+00:00,2026-02-23 19:00:00+00:00,2026-02-24 00:00:00,1,1,0.8672505378723144,2026-02-23 12:00:00+00:00,2026-02-23 16:01:30+00:00,True
2026-02-23 18:00:00+00:00,2026-02-23 20:00:00+00:00,2026-02-24 01:00:00,1,2,0.843763017654419,2026-02-23 12:00:00+00:00,2026-02-23 16:01:30+00:00,True
2026-02-23 18:00:00+00:00,2026-02-23 21:00:00+00:00,2026-02-24 02:00:00,1,3,0.81356840133667,2026-02-23 12:00:00+00:00,2026-02-23 16:01:30+00:00,True
2026-02-23 18:00:00+00:00,2026-02-23 22:00:00+00:00,2026-02-24 03:00:00,1,4,0.7788305044174194,2026-02-23 12:00:00+00:00,2026-02-23 16:01:30+00:00,True
2026-02-23 18:00:00+00:00,2026-02-23 23:00:00+00:00,2026-02-24 04:00:00,1,5,0.7296495556831359,2026-02-23 12:00:00+00:00,2026-02-23 16:01:30+00:00,True
2026-02-23 18:00:00+00:00,2026-02-24 00:00:00+00:00,2026-02-24 05:00:00,1,6,0.6692347049713134,2026-02-23 12:00:00+00:00,2026-02-23 16:01:30+00:00,True
2026-02-23 18:00:00+00:00,2026-02-24 01:00:00+00:00,2026-02-24 06:00:00,1,7,0.6241907596588134,2026-02-23 12:00:00+00:00,2026-02-23 16:01:30+00:00,True
2026-02-23 18:00:00+00:00,2026-02-24 02:00:00+00:00,2026-02-24 07:00:00,1,8,0.5422356843948364,2026-02-23 12:00:00+00:00,2026-02-23 16:01:30+00:00,True
2026-02-23 18:00:00+00:00,2026-02-24 03:00:00+00:00,2026-02-24 08:00:00,1,9,0.4565667986869812,2026-02-23 12:00:00+00:00,2026-02-23 16:01:30+00:00,True
2026-02-23 18:00:00+00:00,2026-02-24 04:00:00+00:00,2026-02-24 09:00:00,1,10,0.33790382742881775,2026-02-23 12:00:00+00:00,2026-02-23 16:01:30+00:00,True
2026-02-23 18:00:00+00:00,2026-02-24 05:00:00+00:00,2026-02-24 10:00:00,1,11,0.2477695107460022,2026-02-23 12:00:00+00:00,2026-02-23 16:01:30+00:00,True
2026-02-23 18:00:00+00:00,2026-02-24 06:00:00+00:00,2026-02-24 11:00:00,1,12,0.1884994238615036,2026-02-23 12:00:00+00:00,2026-02-23 16:01:30+00:00,True
2026-02-23 18:00:00+00:00,2026-02-24 07:00:00+00:00,2026-02-24 12:00:00,1,13,0.18275402784347533,2026-02-23 12:00:00+00:00,2026-02-23 16:01:30+00:00,True
2026-02-23 18:00:00+00:00,2026-02-24 08:00:00+00:00,2026-02-24 13:00:00,1,14,0.1865263968706131,2026-02-23 12:00:00+00:00,2026-02-23 16:01:30+00:00,True
2026-02-23 18:00:00+00:00,2026-02-24 09:00:00+00:00,2026-02-24 14:00:00,1,15,0.19658464193344116,2026-02-23 12:00:00+00:00,2026-02-23 16:01:30+00:00,True
2026-02-23 18:00:00+00:00,2026-02-24 10:00:00+00:00,2026-02-24 15:00:00,1,16,0.22959757447242737,2026-02-23 12:00:00+00:00,2026-02-23 16:01:30+00:00,True
2026-02-23 18:00:00+00:00,2026-02-24 11:00:00+00:00,2026-02-24 16:00:00,1,17,0.2679132252931595,2026-02-23 12:00:00+00:00,2026-02-23 16:01:30+00:00,True
2026-02-23 18:00:00+00:00,2026-02-24 12:00:00+00:00,2026-02-24 17:00:00,1,18,0.3109272360801697,2026-02-23 12:00:00+00:00,2026-02-23 16:01:30+00:00,True
2026-02-23 18:00:00+00:00,2026-02-24 13:00:00+00:00,2026-02-24 18:00:00,1,19,0.2939470410346985,2026-02-23 12:00:00+00:00,2026-02-23 16:01:30+00:00,True
2026-02-23 18:00:00+00:00,2026-02-24 14:00:00+00:00,2026-02-24 19:00:00,1,20,0.2691790461540222,2026-02-23 12:00:00+00:00,2026-02-23 16:01:30+00:00,True
2026-02-23 18:00:00+00:00,2026-02-24 15:00:00+00:00,2026-02-24 20:00:00,1,21,0.23575526773929595,2026-02-23 12:00:00+00:00,2026-02-23 16:01:30+00:00,True
2026-02-23 18:00:00+00:00,2026-02-24 16:00:00+00:00,2026-02-24 21:00:00,1,22,0.16616680920124055,2026-02-23 12:00:00+00:00,2026-02-23 16:01:30+00:00,True
2026-02-23 18:00:00+00:00,2026-02-24 17:00:00+00:00,2026-02-24 22:00:00,1,23,0.10455169230699539,2026-02-23 12:00:00+00:00,2026-02-23 16:01:30+00:00,True
2026-02-23 18:00:00+00:00,2026-02-24 18:00:00+00:00,2026-02-24 23:00:00,1,24,0.06474110186100006,2026-02-23 12:00:00+00:00,2026-02-23 16:01:30+00:00,True
2026-02-23 18:00:00+00:00,2026-02-24 19:00:00+00:00,2026-02-25 00:00:00,1,25,0.03846792913973331,2026-02-23 12:00:00+00:00,2026-02-23 16:01:30+00:00,True
2026-02-23 18:00:00+00:00,2026-02-24 20:00:00+00:00,2026-02-25 01:00:00,1,26,0.027054404467344285,2026-02-23 12:00:00+00:00,2026-02-23 16:01:30+00:00,True
2026-02-23 18:00:00+00:00,2026-02-24 21:00:00+00:00,2026-02-25 02:00:00,1,27,0.016309420205652715,2026-02-23 12:00:00+00:00,2026-02-23 16:01:30+00:00,True
2026-02-23 18:00:00+00:00,2026-02-24 22:00:00+00:00,2026-02-25 03:00:00,1,28,0.019347347132861615,2026-02-23 12:00:00+00:00,2026-02-23 16:01:30+00:00,True
2026-02-23 18:00:00+00:00,2026-02-24 23:00:00+00:00,2026-02-25 04:00:00,1,29,0.02249347772449255,2026-02-23 12:00:00+00:00,2026-02-23 16:01:30+00:00,True
2026-02-23 18:00:00+00:00,2026-02-25 00:00:00+00:00,2026-02-25 05:00:00,1,30,0.0278046403080225,2026-02-23 12:00:00+00:00,2026-02-23 16:01:30+00:00,True
2026-02-23 18:00:00+00:00,2026-02-25 01:00:00+00:00,2026-02-25 06:00:00,1,31,0.03660469129681587,2026-02-23 12:00:00+00:00,2026-02-23 16:01:30+00:00,True
2026-02-23 18:00:00+00:00,2026-02-25 02:00:00+00:00,2026-02-25 07:00:00,1,32,0.049415357783436774,2026-02-23 12:00:00+00:00,2026-02-23 16:01:30+00:00,True
2026-02-23 18:00:00+00:00,2026-02-25 03:00:00+00:00,2026-02-25 08:00:00,1,33,0.06890749931335449,2026-02-23 12:00:00+00:00,2026-02-23 16:01:30+00:00,True
2026-02-23 18:00:00+00:00,2026-02-25 04:00:00+00:00,2026-02-25 09:00:00,1,34,0.07529210895299912,2026-02-23 12:00:00+00:00,2026-02-23 16:01:30+00:00,True
2026-02-23 18:00:00+00:00,2026-02-25 05:00:00+00:00,2026-02-25 10:00:00,1,35,0.09005617275834084,2026-02-23 12:00:00+00:00,2026-02-23 16:01:30+00:00,True
2026-02-23 18:00:00+00:00,2026-02-25 06:00:00+00:00,2026-02-25 11:00:00,1,36,0.11862994134426116,2026-02-23 12:00:00+00:00,2026-02-23 16:01:30+00:00,True
2026-02-23 18:00:00+00:00,2026-02-25 07:00:00+00:00,2026-02-25 12:00:00,1,37,0.12330589070916176,2026-02-23 12:00:00+00:00,2026-02-23 16:01:30+00:00,True
2026-02-23 18:00:00+00:00,2026-02-25 08:00:00+00:00,2026-02-25 13:00:00,1,38,0.13486822694540024,2026-02-23 12:00:00+00:00,2026-02-23 16:01:30+00:00,True
2026-02-23 18:00:00+00:00,2026-02-25 09:00:00+00:00,2026-02-25 14:00:00,1,39,0.15234478414058686,2026-02-23 12:00:00+00:00,2026-02-23 16:01:30+00:00,True
2026-02-23 18:00:00+00:00,2026-02-25 10:00:00+00:00,2026-02-25 15:00:00,1,40,0.16612515449523926,2026-02-23 12:00:00+00:00,2026-02-23 16:01:30+00:00,True
2026-02-23 18:00:00+00:00,2026-02-25 11:00:00+00:00,2026-02-25 16:00:00,1,41,0.1879575788974762,2026-02-23 12:00:00+00:00,2026-02-23 16:01:30+00:00,True
2026-02-23 18:00:00+00:00,2026-02-25 12:00:00+00:00,2026-02-25 17:00:00,1,42,0.2165799170732498,2026-02-23 12:00:00+00:00,2026-02-23 16:01:30+00:00,True
2026-02-23 18:00:00+00:00,2026-02-25 13:00:00+00:00,2026-02-25 18:00:00,1,43,0.23384720981121063,2026-02-23 12:00:00+00:00,2026-02-23 16:01:30+00:00,True
2026-02-23 18:00:00+00:00,2026-02-25 14:00:00+00:00,2026-02-25 19:00:00,1,44,0.25301527976989746,2026-02-23 12:00:00+00:00,2026-02-23 16:01:30+00:00,True
2026-02-23 18:00:00+00:00,2026-02-25 15:00:00+00:00,2026-02-25 20:00:00,1,45,0.2607681453227997,2026-02-23 12:00:00+00:00,2026-02-23 16:01:30+00:00,True
2026-02-23 18:00:00+00:00,2026-02-25 16:00:00+00:00,2026-02-25 21:00:00,1,46,0.3254521906375885,2026-02-23 12:00:00+00:00,2026-02-23 16:01:30+00:00,True
2026-02-23 18:00:00+00:00,2026-02-25 17:00:00+00:00,2026-02-25 22:00:00,1,47,0.39292078614234927,2026-02-23 12:00:00+00:00,2026-02-23 16:01:30+00:00,True
2026-02-23 18:00:00+00:00,2026-02-25 18:00:00+00:00,2026-02-25 23:00:00,1,48,0.47355961203575136,2026-02-23 12:00:00+00:00,2026-02-23 16:01:30+00:00,True
2026-02-23 18:00:00+00:00,2026-02-23 19:00:00+00:00,2026-02-24 00:00:00,2,1,0.8587065696716308,2026-02-23 12:00:00+00:00,2026-02-23 16:01:30+00:00,True
2026-02-23 18:00:00+00:00,2026-02-23 20:00:00+00:00,2026-02-24 01:00:00,2,2,0.8320337653160095,2026-02-23 12:00:00+00:00,2026-02-23 16:01:30+00:00,True
2026-02-23 18:00:00+00:00,2026-02-23 21:00:00+00:00,2026-02-24 02:00:00,2,3,0.8008148312568665,2026-02-23 12:00:00+00:00,2026-02-23 16:01:30+00:00,True
2026-02-23 18:00:00+00:00,2026-02-23 22:00:00+00:00,2026-02-24 03:00:00,2,4,0.764865231513977,2026-02-23 12:00:00+00:00,2026-02-23 16:01:30+00:00,True
2026-02-23 18:00:00+00:00,2026-02-23 23:00:00+00:00,2026-02-24 04:00:00,2,5,0.7096639394760131,2026-02-23 12:00:00+00:00,2026-02-23 16:01:30+00:00,True
2026-02-23 18:00:00+00:00,2026-02-24 00:00:00+00:00,2026-02-24 05:00:00,2,6,0.6463093519210815,2026-02-23 12:00:00+00:00,2026-02-23 16:01:30+00:00,True
2026-02-23 18:00:00+00:00,2026-02-24 01:00:00+00:00,2026-02-24 06:00:00,2,7,0.6039733231067658,2026-02-23 12:00:00+00:00,2026-02-23 16:01:30+00:00,True
2026-02-23 18:00:00+00:00,2026-02-24 02:00:00+00:00,2026-02-24 07:00:00,2,8,0.5197545468807221,2026-02-23 12:00:00+00:00,2026-02-23 16:01:30+00:00,True
2026-02-23 18:00:00+00:00,2026-02-24 03:00:00+00:00,2026-02-24 08:00:00,2,9,0.43405684232711794,2026-02-23 12:00:00+00:00,2026-02-23 16:01:30+00:00,True
2026-02-23 18:00:00+00:00,2026-02-24 04:00:00+00:00,2026-02-24 09:00:00,2,10,0.31878826916217806,2026-02-23 12:00:00+00:00,2026-02-23 16:01:30+00:00,True
2026-02-23 18:00:00+00:00,2026-02-24 05:00:00+00:00,2026-02-24 10:00:00,2,11,0.23632746040821076,2026-02-23 12:00:00+00:00,2026-02-23 16:01:30+00:00,True
2026-02-23 18:00:00+00:00,2026-02-24 06:00:00+00:00,2026-02-24 11:00:00,2,12,0.18268002569675446,2026-02-23 12:00:00+00:00,2026-02-23 16:01:30+00:00,True
2026-02-23 18:00:00+00:00,2026-02-24 07:00:00+00:00,2026-02-24 12:00:00,2,13,0.1801384150981903,2026-02-23 12:00:00+00:00,2026-02-23 16:01:30+00:00,True
2026-02-23 18:00:00+00:00,2026-02-24 08:00:00+00:00,2026-02-24 13:00:00,2,14,0.18553764820098878,2026-02-23 12:00:00+00:00,2026-02-23 16:01:30+00:00,True
2026-02-23 18:00:00+00:00,2026-02-24 09:00:00+00:00,2026-02-24 14:00:00,2,15,0.1968126952648163,2026-02-23 12:00:00+00:00,2026-02-23 16:01:30+00:00,True
2026-02-23 18:00:00+00:00,2026-02-24 10:00:00+00:00,2026-02-24 15:00:00,2,16,0.2291329473257065,2026-02-23 12:00:00+00:00,2026-02-23 16:01:30+00:00,True
2026-02-23 18:00:00+00:00,2026-02-24 11:00:00+00:00,2026-02-24 16:00:00,2,17,0.2681380420923233,2026-02-23 12:00:00+00:00,2026-02-23 16:01:30+00:00,True
2026-02-23 18:00:00+00:00,2026-02-24 12:00:00+00:00,2026-02-24 17:00:00,2,18,0.31081861853599546,2026-02-23 12:00:00+00:00,2026-02-23 16:01:30+00:00,True
2026-02-23 18:00:00+00:00,2026-02-24 13:00:00+00:00,2026-02-24 18:00:00,2,19,0.29400301575660703,2026-02-23 12:00:00+00:00,2026-02-23 16:01:30+00:00,True
2026-02-23 18:00:00+00:00,2026-02-24 14:00:00+00:00,2026-02-24 19:00:00,2,20,0.26903277039527895,2026-02-23 12:00:00+00:00,2026-02-23 16:01:30+00:00,True
2026-02-23 18:00:00+00:00,2026-02-24 15:00:00+00:00,2026-02-24 20:00:00,2,21,0.2360799342393875,2026-02-23 12:00:00+00:00,2026-02-23 16:01:30+00:00,True
2026-02-23 18:00:00+00:00,2026-02-24 16:00:00+00:00,2026-02-24 21:00:00,2,22,0.16299894452095032,2026-02-23 12:00:00+00:00,2026-02-23 16:01:30+00:00,True
2026-02-23 18:00:00+00:00,2026-02-24 17:00:00+00:00,2026-02-24 22:00:00,2,23,0.0972482293844223,2026-02-23 12:00:00+00:00,2026-02-23 16:01:30+00:00,True
2026-02-23 18:00:00+00:00,2026-02-24 18:00:00+00:00,2026-02-24 23:00:00,2,24,0.05725631043314934,2026-02-23 12:00:00+00:00,2026-02-23 16:01:30+00:00,True
2026-02-23 18:00:00+00:00,2026-02-24 19:00:00+00:00,2026-02-25 00:00:00,2,25,0.03288933373987675,2026-02-23 12:00:00+00:00,2026-02-23 16:01:30+00:00,True
2026-02-23 18:00:00+00:00,2026-02-24 20:00:00+00:00,2026-02-25 01:00:00,2,26,0.023041520453989505,2026-02-23 12:00:00+00:00,2026-02-23 16:01:30+00:00,True
2026-02-23 18:00:00+00:00,2026-02-24 21:00:00+00:00,2026-02-25 02:00:00,2,27,0.0134175019338727,2026-02-23 12:00:00+00:00,2026-02-23 16:01:30+00:00,True
2026-02-23 18:00:00+00:00,2026-02-24 22:00:00+00:00,2026-02-25 03:00:00,2,28,0.015636762790381908,2026-02-23 12:00:00+00:00,2026-02-23 16:01:30+00:00,True
2026-02-23 18:00:00+00:00,2026-02-24 23:00:00+00:00,2026-02-25 04:00:00,2,29,0.018087407387793065,2026-02-23 12:00:00+00:00,2026-02-23 16:01:30+00:00,True
2026-02-23 18:00:00+00:00,2026-02-25 00:00:00+00:00,2026-02-25 05:00:00,2,30,0.02251844238489866,2026-02-23 12:00:00+00:00,2026-02-23 16:01:30+00:00,True
2026-02-23 18:00:00+00:00,2026-02-25 01:00:00+00:00,2026-02-25 06:00:00,2,31,0.029725159518420696,2026-02-23 12:00:00+00:00,2026-02-23 16:01:30+00:00,True
2026-02-23 18:00:00+00:00,2026-02-25 02:00:00+00:00,2026-02-25 07:00:00,2,32,0.0409839041531086,2026-02-23 12:00:00+00:00,2026-02-23 16:01:30+00:00,True
2026-02-23 18:00:00+00:00,2026-02-25 03:00:00+00:00,2026-02-25 08:00:00,2,33,0.06057031974196434,2026-02-23 12:00:00+00:00,2026-02-23 16:01:30+00:00,True
2026-02-23 18:00:00+00:00,2026-02-25 04:00:00+00:00,2026-02-25 09:00:00,2,34,0.06924891099333763,2026-02-23 12:00:00+00:00,2026-02-23 16:01:30+00:00,True
2026-02-23 18:00:00+00:00,2026-02-25 05:00:00+00:00,2026-02-25 10:00:00,2,35,0.08530950099229813,2026-02-23 12:00:00+00:00,2026-02-23 16:01:30+00:00,True
2026-02-23 18:00:00+00:00,2026-02-25 06:00:00+00:00,2026-02-25 11:00:00,2,36,0.11630799025297164,2026-02-23 12:00:00+00:00,2026-02-23 16:01:30+00:00,True
2026-02-23 18:00:00+00:00,2026-02-25 07:00:00+00:00,2026-02-25 12:00:00,2,37,0.12058181092143058,2026-02-23 12:00:00+00:00,2026-02-23 16:01:30+00:00,True
2026-02-23 18:00:00+00:00,2026-02-25 08:00:00+00:00,2026-02-25 13:00:00,2,38,0.1315597802400589,2026-02-23 12:00:00+00:00,2026-02-23 16:01:30+00:00,True
2026-02-23 18:00:00+00:00,2026-02-25 09:00:00+00:00,2026-02-25 14:00:00,2,39,0.1513204887509346,2026-02-23 12:00:00+00:00,2026-02-23 16:01:30+00:00,True
2026-02-23 18:00:00+00:00,2026-02-25 10:00:00+00:00,2026-02-25 15:00:00,2,40,0.16864756047725676,2026-02-23 12:00:00+00:00,2026-02-23 16:01:30+00:00,True
2026-02-23 18:00:00+00:00,2026-02-25 11:00:00+00:00,2026-02-25 16:00:00,2,41,0.1900627464056015,2026-02-23 12:00:00+00:00,2026-02-23 16:01:30+00:00,True
2026-02-23 18:00:00+00:00,2026-02-25 12:00:00+00:00,2026-02-25 17:00:00,2,42,0.22079814970493317,2026-02-23 12:00:00+00:00,2026-02-23 16:01:30+00:00,True
2026-02-23 18:00:00+00:00,2026-02-25 13:00:00+00:00,2026-02-25 18:00:00,2,43,0.2238120585680008,2026-02-23 12:00:00+00:00,2026-02-23 16:01:30+00:00,True
2026-02-23 18:00:00+00:00,2026-02-25 14:00:00+00:00,2026-02-25 19:00:00,2,44,0.22533037662506103,2026-02-23 12:00:00+00:00,2026-02-23 16:01:30+00:00,True
2026-02-23 18:00:00+00:00,2026-02-25 15:00:00+00:00,2026-02-25 20:00:00,2,45,0.22797203361988067,2026-02-23 12:00:00+00:00,2026-02-23 16:01:30+00:00,True
2026-02-23 18:00:00+00:00,2026-02-25 16:00:00+00:00,2026-02-25 21:00:00,2,46,0.2770262897014618,2026-02-23 12:00:00+00:00,2026-02-23 16:01:30+00:00,True
2026-02-23 18:00:00+00:00,2026-02-25 17:00:00+00:00,2026-02-25 22:00:00,2,47,0.34655871987342834,2026-02-23 12:00:00+00:00,2026-02-23 16:01:30+00:00,True
2026-02-23 18:00:00+00:00,2026-02-25 18:00:00+00:00,2026-02-25 23:00:00,2,48,0.43281144499778745,2026-02-23 12:00:00+00:00,2026-02-23 16:01:30+00:00,True
2026-02-24 18:00:00+00:00,2026-02-24 19:00:00+00:00,2026-02-25 00:00:00,1,1,0.018215920589864255,2026-02-24 12:00:00+00:00,2026-02-24 15:52:06+00:00,True
2026-02-24 18:00:00+00:00,2026-02-24 20:00:00+00:00,2026-02-25 01:00:00,1,2,0.016916491463780402,2026-02-24 12:00:00+00:00,2026-02-24 15:52:06+00:00,True
2026-02-24 18:00:00+00:00,2026-02-24 21:00:00+00:00,2026-02-25 02:00:00,1,3,0.015907775703817607,2026-02-24 12:00:00+00:00,2026-02-24 15:52:06+00:00,True
2026-02-24 18:00:00+00:00,2026-02-24 22:00:00+00:00,2026-02-25 03:00:00,1,4,0.015201954543590546,2026-02-24 12:00:00+00:00,2026-02-24 15:52:06+00:00,True
2026-02-24 18:00:00+00:00,2026-02-24 23:00:00+00:00,2026-02-25 04:00:00,1,5,0.014806833118200302,2026-02-24 12:00:00+00:00,2026-02-24 15:52:06+00:00,True
2026-02-24 18:00:00+00:00,2026-02-25 00:00:00+00:00,2026-02-25 05:00:00,1,6,0.015020477958023548,2026-02-24 12:00:00+00:00,2026-02-24 15:52:06+00:00,True
2026-02-24 18:00:00+00:00,2026-02-25 01:00:00+00:00,2026-02-25 06:00:00,1,7,0.019443942978978158,2026-02-24 12:00:00+00:00,2026-02-24 15:52:06+00:00,True
2026-02-24 18:00:00+00:00,2026-02-25 02:00:00+00:00,2026-02-25 07:00:00,1,8,0.027621930092573167,2026-02-24 12:00:00+00:00,2026-02-24 15:52:06+00:00,True
2026-02-24 18:00:00+00:00,2026-02-25 03:00:00+00:00,2026-02-25 08:00:00,1,9,0.040768326818943025,2026-02-24 12:00:00+00:00,2026-02-24 15:52:06+00:00,True
2026-02-24 18:00:00+00:00,2026-02-25 04:00:00+00:00,2026-02-25 09:00:00,1,10,0.0394476693123579,2026-02-24 12:00:00+00:00,2026-02-24 15:52:06+00:00,True
2026-02-24 18:00:00+00:00,2026-02-25 05:00:00+00:00,2026-02-25 10:00:00,1,11,0.04048061780631542,2026-02-24 12:00:00+00:00,2026-02-24 15:52:06+00:00,True
2026-02-24 18:00:00+00:00,2026-02-25 06:00:00+00:00,2026-02-25 11:00:00,1,12,0.04320560358464718,2026-02-24 12:00:00+00:00,2026-02-24 15:52:06+00:00,True
2026-02-24 18:00:00+00:00,2026-02-25 07:00:00+00:00,2026-02-25 12:00:00,1,13,0.03887205757200718,2026-02-24 12:00:00+00:00,2026-02-24 15:52:06+00:00,True
2026-02-24 18:00:00+00:00,2026-02-25 08:00:00+00:00,2026-02-25 13:00:00,1,14,0.03583674877882004,2026-02-24 12:00:00+00:00,2026-02-24 15:52:06+00:00,True
2026-02-24 18:00:00+00:00,2026-02-25 09:00:00+00:00,2026-02-25 14:00:00,1,15,0.03347601853311062,2026-02-24 12:00:00+00:00,2026-02-24 15:52:06+00:00,True
2026-02-24 18:00:00+00:00,2026-02-25 10:00:00+00:00,2026-02-25 15:00:00,1,16,0.0399102620780468,2026-02-24 12:00:00+00:00,2026-02-24 15:52:06+00:00,True
2026-02-24 18:00:00+00:00,2026-02-25 11:00:00+00:00,2026-02-25 16:00:00,1,17,0.04802556112408638,2026-02-24 12:00:00+00:00,2026-02-24 15:52:06+00:00,True
2026-02-24 18:00:00+00:00,2026-02-25 12:00:00+00:00,2026-02-25 17:00:00,1,18,0.058636659383773805,2026-02-24 12:00:00+00:00,2026-02-24 15:52:06+00:00,True
2026-02-24 18:00:00+00:00,2026-02-25 13:00:00+00:00,2026-02-25 18:00:00,1,19,0.10350316017866135,2026-02-24 12:00:00+00:00,2026-02-24 15:52:06+00:00,True
2026-02-24 18:00:00+00:00,2026-02-25 14:00:00+00:00,2026-02-25 19:00:00,1,20,0.18938354253768921,2026-02-24 12:00:00+00:00,2026-02-24 15:52:06+00:00,True
2026-02-24 18:00:00+00:00,2026-02-25 15:00:00+00:00,2026-02-25 20:00:00,1,21,0.33847669064998626,2026-02-24 12:00:00+00:00,2026-02-24 15:52:06+00:00,True
2026-02-24 18:00:00+00:00,2026-02-25 16:00:00+00:00,2026-02-25 21:00:00,1,22,0.4967674195766449,2026-02-24 12:00:00+00:00,2026-02-24 15:52:06+00:00,True
2026-02-24 18:00:00+00:00,2026-02-25 17:00:00+00:00,2026-02-25 22:00:00,1,23,0.6559379637241364,2026-02-24 12:00:00+00:00,2026-02-24 15:52:06+00:00,True
2026-02-24 18:00:00+00:00,2026-02-25 18:00:00+00:00,2026-02-25 23:00:00,1,24,0.7840617299079895,2026-02-24 12:00:00+00:00,2026-02-24 15:52:06+00:00,True
2026-02-24 18:00:00+00:00,2026-02-25 19:00:00+00:00,2026-02-26 00:00:00,1,25,0.8150483012199402,2026-02-24 12:00:00+00:00,2026-02-24 15:52:06+00:00,True
2026-02-24 18:00:00+00:00,2026-02-25 20:00:00+00:00,2026-02-26 01:00:00,1,26,0.8385150551795959,2026-02-24 12:00:00+00:00,2026-02-24 15:52:06+00:00,True
2026-02-24 18:00:00+00:00,2026-02-25 21:00:00+00:00,2026-02-26 02:00:00,1,27,0.8539296746253967,2026-02-24 12:00:00+00:00,2026-02-24 15:52:06+00:00,True
2026-02-24 18:00:00+00:00,2026-02-25 22:00:00+00:00,2026-02-26 03:00:00,1,28,0.7744786500930786,2026-02-24 12:00:00+00:00,2026-02-24 15:52:06+00:00,True
2026-02-24 18:00:00+00:00,2026-02-25 23:00:00+00:00,2026-02-26 04:00:00,1,29,0.6407177090644837,2026-02-24 12:00:00+00:00,2026-02-24 15:52:06+00:00,True
2026-02-24 18:00:00+00:00,2026-02-26 00:00:00+00:00,2026-02-26 05:00:00,1,30,0.4790967881679535,2026-02-24 12:00:00+00:00,2026-02-24 15:52:06+00:00,True
2026-02-24 18:00:00+00:00,2026-02-26 01:00:00+00:00,2026-02-26 06:00:00,1,31,0.4082340717315674,2026-02-24 12:00:00+00:00,2026-02-24 15:52:06+00:00,True
2026-02-24 18:00:00+00:00,2026-02-26 02:00:00+00:00,2026-02-26 07:00:00,1,32,0.33851915001869204,2026-02-24 12:00:00+00:00,2026-02-24 15:52:06+00:00,True
2026-02-24 18:00:00+00:00,2026-02-26 03:00:00+00:00,2026-02-26 08:00:00,1,33,0.2813753426074982,2026-02-24 12:00:00+00:00,2026-02-24 15:52:06+00:00,True
2026-02-24 18:00:00+00:00,2026-02-26 04:00:00+00:00,2026-02-26 09:00:00,1,34,0.16130380630493163,2026-02-24 12:00:00+00:00,2026-02-24 15:52:06+00:00,True
2026-02-24 18:00:00+00:00,2026-02-26 05:00:00+00:00,2026-02-26 10:00:00,1,35,0.13257850259542464,2026-02-24 12:00:00+00:00,2026-02-24 15:52:06+00:00,True
2026-02-24 18:00:00+00:00,2026-02-26 06:00:00+00:00,2026-02-26 11:00:00,1,36,0.12408000230789185,2026-02-24 12:00:00+00:00,2026-02-24 15:52:06+00:00,True
2026-02-24 18:00:00+00:00,2026-02-26 07:00:00+00:00,2026-02-26 12:00:00,1,37,0.08545938655734062,2026-02-24 12:00:00+00:00,2026-02-24 15:52:06+00:00,True
2026-02-24 18:00:00+00:00,2026-02-26 08:00:00+00:00,2026-02-26 13:00:00,1,38,0.31907392144203184,2026-02-24 12:00:00+00:00,2026-02-24 15:52:06+00:00,True
2026-02-24 18:00:00+00:00,2026-02-26 09:00:00+00:00,2026-02-26 14:00:00,1,39,0.6376447796821594,2026-02-24 12:00:00+00:00,2026-02-24 15:52:06+00:00,True
2026-02-24 18:00:00+00:00,2026-02-26 10:00:00+00:00,2026-02-26 15:00:00,1,40,0.6044113457202911,2026-02-24 12:00:00+00:00,2026-02-24 15:52:06+00:00,True
2026-02-24 18:00:00+00:00,2026-02-26 11:00:00+00:00,2026-02-26 16:00:00,1,41,0.627938425540924,2026-02-24 12:00:00+00:00,2026-02-24 15:52:06+00:00,True
2026-02-24 18:00:00+00:00,2026-02-26 12:00:00+00:00,2026-02-26 17:00:00,1,42,0.6538458585739135,2026-02-24 12:00:00+00:00,2026-02-24 15:52:06+00:00,True
2026-02-24 18:00:00+00:00,2026-02-26 13:00:00+00:00,2026-02-26 18:00:00,1,43,0.7341998934745788,2026-02-24 12:00:00+00:00,2026-02-24 15:52:06+00:00,True
2026-02-24 18:00:00+00:00,2026-02-26 14:00:00+00:00,2026-02-26 19:00:00,1,44,0.8007150411605835,2026-02-24 12:00:00+00:00,2026-02-24 15:52:06+00:00,True
2026-02-24 18:00:00+00:00,2026-02-26 15:00:00+00:00,2026-02-26 20:00:00,1,45,0.8557162880897522,2026-02-24 12:00:00+00:00,2026-02-24 15:52:06+00:00,True
2026-02-24 18:00:00+00:00,2026-02-26 16:00:00+00:00,2026-02-26 21:00:00,1,46,0.8831838965415955,2026-02-24 12:00:00+00:00,2026-02-24 15:52:06+00:00,True
2026-02-24 18:00:00+00:00,2026-02-26 17:00:00+00:00,2026-02-26 22:00:00,1,47,0.9113025069236755,2026-02-24 12:00:00+00:00,2026-02-24 15:52:06+00:00,True
2026-02-24 18:00:00+00:00,2026-02-26 18:00:00+00:00,2026-02-26 23:00:00,1,48,0.9333024501800538,2026-02-24 12:00:00+00:00,2026-02-24 15:52:06+00:00,True
2026-02-24 18:00:00+00:00,2026-02-24 19:00:00+00:00,2026-02-25 00:00:00,2,1,0.01552841542288661,2026-02-24 12:00:00+00:00,2026-02-24 15:52:06+00:00,True
2026-02-24 18:00:00+00:00,2026-02-24 20:00:00+00:00,2026-02-25 01:00:00,2,2,0.014215983916074038,2026-02-24 12:00:00+00:00,2026-02-24 15:52:06+00:00,True
2026-02-24 18:00:00+00:00,2026-02-24 21:00:00+00:00,2026-02-25 02:00:00,2,3,0.013273980561643839,2026-02-24 12:00:00+00:00,2026-02-24 15:52:06+00:00,True
2026-02-24 18:00:00+00:00,2026-02-24 22:00:00+00:00,2026-02-25 03:00:00,2,4,0.012651211116462946,2026-02-24 12:00:00+00:00,2026-02-24 15:52:06+00:00,True
2026-02-24 18:00:00+00:00,2026-02-24 23:00:00+00:00,2026-02-25 04:00:00,2,5,0.012374877277761698,2026-02-24 12:00:00+00:00,2026-02-24 15:52:06+00:00,True
2026-02-24 18:00:00+00:00,2026-02-25 00:00:00+00:00,2026-02-25 05:00:00,2,6,0.012645063549280166,2026-02-24 12:00:00+00:00,2026-02-24 15:52:06+00:00,True
2026-02-24 18:00:00+00:00,2026-02-25 01:00:00+00:00,2026-02-25 06:00:00,2,7,0.016406006924808026,2026-02-24 12:00:00+00:00,2026-02-24 15:52:06+00:00,True
2026-02-24 18:00:00+00:00,2026-02-25 02:00:00+00:00,2026-02-25 07:00:00,2,8,0.02313017435371876,2026-02-24 12:00:00+00:00,2026-02-24 15:52:06+00:00,True
2026-02-24 18:00:00+00:00,2026-02-25 03:00:00+00:00,2026-02-25 08:00:00,2,9,0.03428543359041214,2026-02-24 12:00:00+00:00,2026-02-24 15:52:06+00:00,True
2026-02-24 18:00:00+00:00,2026-02-25 04:00:00+00:00,2026-02-25 09:00:00,2,10,0.034207803383469584,2026-02-24 12:00:00+00:00,2026-02-24 15:52:06+00:00,True
2026-02-24 18:00:00+00:00,2026-02-25 05:00:00+00:00,2026-02-25 10:00:00,2,11,0.03611533492803574,2026-02-24 12:00:00+00:00,2026-02-24 15:52:06+00:00,True
2026-02-24 18:00:00+00:00,2026-02-25 06:00:00+00:00,2026-02-25 11:00:00,2,12,0.03986452668905258,2026-02-24 12:00:00+00:00,2026-02-24 15:52:06+00:00,True
2026-02-24 18:00:00+00:00,2026-02-25 07:00:00+00:00,2026-02-25 12:00:00,2,13,0.035903424769639966,2026-02-24 12:00:00+00:00,2026-02-24 15:52:06+00:00,True
2026-02-24 18:00:00+00:00,2026-02-25 08:00:00+00:00,2026-02-25 13:00:00,2,14,0.03288428373634815,2026-02-24 12:00:00+00:00,2026-02-24 15:52:06+00:00,True
2026-02-24 18:00:00+00:00,2026-02-25 09:00:00+00:00,2026-02-25 14:00:00,2,15,0.031332265585660934,2026-02-24 12:00:00+00:00,2026-02-24 15:52:06+00:00,True
2026-02-24 18:00:00+00:00,2026-02-25 10:00:00+00:00,2026-02-25 15:00:00,2,16,0.03745770491659641,2026-02-24 12:00:00+00:00,2026-02-24 15:52:06+00:00,True
2026-02-24 18:00:00+00:00,2026-02-25 11:00:00+00:00,2026-02-25 16:00:00,2,17,0.04611418098211288,2026-02-24 12:00:00+00:00,2026-02-24 15:52:06+00:00,True
2026-02-24 18:00:00+00:00,2026-02-25 12:00:00+00:00,2026-02-25 17:00:00,2,18,0.056955688446760175,2026-02-24 12:00:00+00:00,2026-02-24 15:52:06+00:00,True
2026-02-24 18:00:00+00:00,2026-02-25 13:00:00+00:00,2026-02-25 18:00:00,2,19,0.10281034260988235,2026-02-24 12:00:00+00:00,2026-02-24 15:52:06+00:00,True
2026-02-24 18:00:00+00:00,2026-02-25 14:00:00+00:00,2026-02-25 19:00:00,2,20,0.1852089062333107,2026-02-24 12:00:00+00:00,2026-02-24 15:52:06+00:00,True
2026-02-24 18:00:00+00:00,2026-02-25 15:00:00+00:00,2026-02-25 20:00:00,2,21,0.330219104886055,2026-02-24 12:00:00+00:00,2026-02-24 15:52:06+00:00,True
2026-02-24 18:00:00+00:00,2026-02-25 16:00:00+00:00,2026-02-25 21:00:00,2,22,0.4754034221172333,2026-02-24 12:00:00+00:00,2026-02-24 15:52:06+00:00,True
2026-02-24 18:00:00+00:00,2026-02-25 17:00:00+00:00,2026-02-25 22:00:00,2,23,0.6247379243373871,2026-02-24 12:00:00+00:00,2026-02-24 15:52:06+00:00,True
2026-02-24 18:00:00+00:00,2026-02-25 18:00:00+00:00,2026-02-25 23:00:00,2,24,0.7554890036582946,2026-02-24 12:00:00+00:00,2026-02-24 15:52:06+00:00,True
2026-02-24 18:00:00+00:00,2026-02-25 19:00:00+00:00,2026-02-26 00:00:00,2,25,0.7874973893165589,2026-02-24 12:00:00+00:00,2026-02-24 15:52:06+00:00,True
2026-02-24 18:00:00+00:00,2026-02-25 20:00:00+00:00,2026-02-26 01:00:00,2,26,0.8137295603752136,2026-02-24 12:00:00+00:00,2026-02-24 15:52:06+00:00,True
2026-02-24 18:00:00+00:00,2026-02-25 21:00:00+00:00,2026-02-26 02:00:00,2,27,0.8321799755096435,2026-02-24 12:00:00+00:00,2026-02-24 15:52:06+00:00,True
2026-02-24 18:00:00+00:00,2026-02-25 22:00:00+00:00,2026-02-26 03:00:00,2,28,0.7362859606742859,2026-02-24 12:00:00+00:00,2026-02-24 15:52:06+00:00,True
2026-02-24 18:00:00+00:00,2026-02-25 23:00:00+00:00,2026-02-26 04:00:00,2,29,0.5857760906219482,2026-02-24 12:00:00+00:00,2026-02-24 15:52:06+00:00,True
2026-02-24 18:00:00+00:00,2026-02-26 00:00:00+00:00,2026-02-26 05:00:00,2,30,0.4173856496810913,2026-02-24 12:00:00+00:00,2026-02-24 15:52:06+00:00,True
2026-02-24 18:00:00+00:00,2026-02-26 01:00:00+00:00,2026-02-26 06:00:00,2,31,0.35649120807647705,2026-02-24 12:00:00+00:00,2026-02-24 15:52:06+00:00,True
2026-02-24 18:00:00+00:00,2026-02-26 02:00:00+00:00,2026-02-26 07:00:00,2,32,0.30664041340351106,2026-02-24 12:00:00+00:00,2026-02-24 15:52:06+00:00,True
2026-02-24 18:00:00+00:00,2026-02-26 03:00:00+00:00,2026-02-26 08:00:00,2,33,0.25742913484573365,2026-02-24 12:00:00+00:00,2026-02-24 15:52:06+00:00,True
2026-02-24 18:00:00+00:00,2026-02-26 04:00:00+00:00,2026-02-26 09:00:00,2,34,0.15013930946588516,2026-02-24 12:00:00+00:00,2026-02-24 15:52:06+00:00,True
2026-02-24 18:00:00+00:00,2026-02-26 05:00:00+00:00,2026-02-26 10:00:00,2,35,0.12487432360649109,2026-02-24 12:00:00+00:00,2026-02-24 15:52:06+00:00,True
2026-02-24 18:00:00+00:00,2026-02-26 06:00:00+00:00,2026-02-26 11:00:00,2,36,0.11726009920239448,2026-02-24 12:00:00+00:00,2026-02-24 15:52:06+00:00,True
2026-02-24 18:00:00+00:00,2026-02-26 07:00:00+00:00,2026-02-26 12:00:00,2,37,0.07503044828772545,2026-02-24 12:00:00+00:00,2026-02-24 15:52:06+00:00,True
2026-02-24 18:00:00+00:00,2026-02-26 08:00:00+00:00,2026-02-26 13:00:00,2,38,0.30766838788986206,2026-02-24 12:00:00+00:00,2026-02-24 15:52:06+00:00,True
2026-02-24 18:00:00+00:00,2026-02-26 09:00:00+00:00,2026-02-26 14:00:00,2,39,0.6230979919433594,2026-02-24 12:00:00+00:00,2026-02-24 15:52:06+00:00,True
2026-02-24 18:00:00+00:00,2026-02-26 10:00:00+00:00,2026-02-26 15:00:00,2,40,0.5896289348602295,2026-02-24 12:00:00+00:00,2026-02-24 15:52:06+00:00,True
2026-02-24 18:00:00+00:00,2026-02-26 11:00:00+00:00,2026-02-26 16:00:00,2,41,0.6188344240188599,2026-02-24 12:00:00+00:00,2026-02-24 15:52:06+00:00,True
2026-02-24 18:00:00+00:00,2026-02-26 12:00:00+00:00,2026-02-26 17:00:00,2,42,0.6491522789001465,2026-02-24 12:00:00+00:00,2026-02-24 15:52:06+00:00,True
2026-02-24 18:00:00+00:00,2026-02-26 13:00:00+00:00,2026-02-26 18:00:00,2,43,0.7230026125907898,2026-02-24 12:00:00+00:00,2026-02-24 15:52:06+00:00,True
2026-02-24 18:00:00+00:00,2026-02-26 14:00:00+00:00,2026-02-26 19:00:00,2,44,0.7886289834976197,2026-02-24 12:00:00+00:00,2026-02-24 15:52:06+00:00,True
2026-02-24 18:00:00+00:00,2026-02-26 15:00:00+00:00,2026-02-26 20:00:00,2,45,0.8447887897491455,2026-02-24 12:00:00+00:00,2026-02-24 15:52:06+00:00,True
2026-02-24 18:00:00+00:00,2026-02-26 16:00:00+00:00,2026-02-26 21:00:00,2,46,0.8737284660339355,2026-02-24 12:00:00+00:00,2026-02-24 15:52:06+00:00,True
2026-02-24 18:00:00+00:00,2026-02-26 17:00:00+00:00,2026-02-26 22:00:00,2,47,0.9024691462516785,2026-02-24 12:00:00+00:00,2026-02-24 15:52:06+00:00,True
2026-02-24 18:00:00+00:00,2026-02-26 18:00:00+00:00,2026-02-26 23:00:00,2,48,0.9263367176055908,2026-02-24 12:00:00+00:00,2026-02-24 15:52:06+00:00,True
2026-02-25 18:00:00+00:00,2026-02-25 19:00:00+00:00,2026-02-26 00:00:00,1,1,0.8842904090881347,2026-02-25 12:00:00+00:00,2026-02-25 15:53:13+00:00,True
2026-02-25 18:00:00+00:00,2026-02-25 20:00:00+00:00,2026-02-26 01:00:00,1,2,0.8930863380432129,2026-02-25 12:00:00+00:00,2026-02-25 15:53:13+00:00,True
2026-02-25 18:00:00+00:00,2026-02-25 21:00:00+00:00,2026-02-26 02:00:00,1,3,0.8987821102142334,2026-02-25 12:00:00+00:00,2026-02-25 15:53:13+00:00,True
2026-02-25 18:00:00+00:00,2026-02-25 22:00:00+00:00,2026-02-26 03:00:00,1,4,0.8244351744651794,2026-02-25 12:00:00+00:00,2026-02-25 15:53:13+00:00,True
2026-02-25 18:00:00+00:00,2026-02-25 23:00:00+00:00,2026-02-26 04:00:00,1,5,0.7033686995506286,2026-02-25 12:00:00+00:00,2026-02-25 15:53:13+00:00,True
2026-02-25 18:00:00+00:00,2026-02-26 00:00:00+00:00,2026-02-26 05:00:00,1,6,0.5358289241790771,2026-02-25 12:00:00+00:00,2026-02-25 15:53:13+00:00,True
2026-02-25 18:00:00+00:00,2026-02-26 01:00:00+00:00,2026-02-26 06:00:00,1,7,0.32985785603523254,2026-02-25 12:00:00+00:00,2026-02-25 15:53:13+00:00,True
2026-02-25 18:00:00+00:00,2026-02-26 02:00:00+00:00,2026-02-26 07:00:00,1,8,0.17679885923862457,2026-02-25 12:00:00+00:00,2026-02-25 15:53:13+00:00,True
2026-02-25 18:00:00+00:00,2026-02-26 03:00:00+00:00,2026-02-26 08:00:00,1,9,0.1210105448961258,2026-02-25 12:00:00+00:00,2026-02-25 15:53:13+00:00,True
2026-02-25 18:00:00+00:00,2026-02-26 04:00:00+00:00,2026-02-26 09:00:00,1,10,0.038132553175091746,2026-02-25 12:00:00+00:00,2026-02-25 15:53:13+00:00,True
2026-02-25 18:00:00+00:00,2026-02-26 05:00:00+00:00,2026-02-26 10:00:00,1,11,0.07274320684373378,2026-02-25 12:00:00+00:00,2026-02-25 15:53:13+00:00,True
2026-02-25 18:00:00+00:00,2026-02-26 06:00:00+00:00,2026-02-26 11:00:00,1,12,0.2145734816789627,2026-02-25 12:00:00+00:00,2026-02-25 15:53:13+00:00,True
2026-02-25 18:00:00+00:00,2026-02-26 07:00:00+00:00,2026-02-26 12:00:00,1,13,0.19811374843120574,2026-02-25 12:00:00+00:00,2026-02-25 15:53:13+00:00,True
2026-02-25 18:00:00+00:00,2026-02-26 08:00:00+00:00,2026-02-26 13:00:00,1,14,0.2497856557369232,2026-02-25 12:00:00+00:00,2026-02-25 15:53:13+00:00,True
2026-02-25 18:00:00+00:00,2026-02-26 09:00:00+00:00,2026-02-26 14:00:00,1,15,0.3678824305534363,2026-02-25 12:00:00+00:00,2026-02-25 15:53:13+00:00,True
2026-02-25 18:00:00+00:00,2026-02-26 10:00:00+00:00,2026-02-26 15:00:00,1,16,0.4213369131088257,2026-02-25 12:00:00+00:00,2026-02-25 15:53:13+00:00,True
2026-02-25 18:00:00+00:00,2026-02-26 11:00:00+00:00,2026-02-26 16:00:00,1,17,0.4714159846305847,2026-02-25 12:00:00+00:00,2026-02-25 15:53:13+00:00,True
2026-02-25 18:00:00+00:00,2026-02-26 12:00:00+00:00,2026-02-26 17:00:00,1,18,0.5192925155162811,2026-02-25 12:00:00+00:00,2026-02-25 15:53:13+00:00,True
2026-02-25 18:00:00+00:00,2026-02-26 13:00:00+00:00,2026-02-26 18:00:00,1,19,0.6439253926277161,2026-02-25 12:00:00+00:00,2026-02-25 15:53:13+00:00,True
2026-02-25 18:00:00+00:00,2026-02-26 14:00:00+00:00,2026-02-26 19:00:00,1,20,0.7648423433303833,2026-02-25 12:00:00+00:00,2026-02-25 15:53:13+00:00,True
2026-02-25 18:00:00+00:00,2026-02-26 15:00:00+00:00,2026-02-26 20:00:00,1,21,0.8287779450416565,2026-02-25 12:00:00+00:00,2026-02-25 15:53:13+00:00,True
2026-02-25 18:00:00+00:00,2026-02-26 16:00:00+00:00,2026-02-26 21:00:00,1,22,0.8607484579086304,2026-02-25 12:00:00+00:00,2026-02-25 15:53:13+00:00,True
2026-02-25 18:00:00+00:00,2026-02-26 17:00:00+00:00,2026-02-26 22:00:00,1,23,0.8852861881256103,2026-02-25 12:00:00+00:00,2026-02-25 15:53:13+00:00,True
2026-02-25 18:00:00+00:00,2026-02-26 18:00:00+00:00,2026-02-26 23:00:00,1,24,0.9060180425643921,2026-02-25 12:00:00+00:00,2026-02-25 15:53:13+00:00,True
2026-02-25 18:00:00+00:00,2026-02-26 19:00:00+00:00,2026-02-27 00:00:00,1,25,0.8846798777580261,2026-02-25 12:00:00+00:00,2026-02-25 15:53:13+00:00,True
2026-02-25 18:00:00+00:00,2026-02-26 20:00:00+00:00,2026-02-27 01:00:00,1,26,0.8596306443214417,2026-02-25 12:00:00+00:00,2026-02-25 15:53:13+00:00,True
2026-02-25 18:00:00+00:00,2026-02-26 21:00:00+00:00,2026-02-27 02:00:00,1,27,0.8215030312538147,2026-02-25 12:00:00+00:00,2026-02-25 15:53:13+00:00,True
2026-02-25 18:00:00+00:00,2026-02-26 22:00:00+00:00,2026-02-27 03:00:00,1,28,0.771547818183899,2026-02-25 12:00:00+00:00,2026-02-25 15:53:13+00:00,True
2026-02-25 18:00:00+00:00,2026-02-26 23:00:00+00:00,2026-02-27 04:00:00,1,29,0.6951067447662354,2026-02-25 12:00:00+00:00,2026-02-25 15:53:13+00:00,True
2026-02-25 18:00:00+00:00,2026-02-27 00:00:00+00:00,2026-02-27 05:00:00,1,30,0.5814634680747985,2026-02-25 12:00:00+00:00,2026-02-25 15:53:13+00:00,True
2026-02-25 18:00:00+00:00,2026-02-27 01:00:00+00:00,2026-02-27 06:00:00,1,31,0.4861052632331848,2026-02-25 12:00:00+00:00,2026-02-25 15:53:13+00:00,True
2026-02-25 18:00:00+00:00,2026-02-27 02:00:00+00:00,2026-02-27 07:00:00,1,32,0.39356288909912107,2026-02-25 12:00:00+00:00,2026-02-25 15:53:13+00:00,True
2026-02-25 18:00:00+00:00,2026-02-27 03:00:00+00:00,2026-02-27 08:00:00,1,33,0.31120664477348325,2026-02-25 12:00:00+00:00,2026-02-25 15:53:13+00:00,True
2026-02-25 18:00:00+00:00,2026-02-27 04:00:00+00:00,2026-02-27 09:00:00,1,34,0.30411235988140106,2026-02-25 12:00:00+00:00,2026-02-25 15:53:13+00:00,True
2026-02-25 18:00:00+00:00,2026-02-27 05:00:00+00:00,2026-02-27 10:00:00,1,35,0.3058479160070419,2026-02-25 12:00:00+00:00,2026-02-25 15:53:13+00:00,True
2026-02-25 18:00:00+00:00,2026-02-27 06:00:00+00:00,2026-02-27 11:00:00,1,36,0.3200352072715759,2026-02-25 12:00:00+00:00,2026-02-25 15:53:13+00:00,True
2026-02-25 18:00:00+00:00,2026-02-27 07:00:00+00:00,2026-02-27 12:00:00,1,37,0.3952606201171875,2026-02-25 12:00:00+00:00,2026-02-25 15:53:13+00:00,True
2026-02-25 18:00:00+00:00,2026-02-27 08:00:00+00:00,2026-02-27 13:00:00,1,38,0.4966875910758972,2026-02-25 12:00:00+00:00,2026-02-25 15:53:13+00:00,True
2026-02-25 18:00:00+00:00,2026-02-27 09:00:00+00:00,2026-02-27 14:00:00,1,39,0.6708091259002685,2026-02-25 12:00:00+00:00,2026-02-25 15:53:13+00:00,True
2026-02-25 18:00:00+00:00,2026-02-27 10:00:00+00:00,2026-02-27 15:00:00,1,40,0.7829206228256226,2026-02-25 12:00:00+00:00,2026-02-25 15:53:13+00:00,True
2026-02-25 18:00:00+00:00,2026-02-27 11:00:00+00:00,2026-02-27 16:00:00,1,41,0.869320023059845,2026-02-25 12:00:00+00:00,2026-02-25 15:53:13+00:00,True
2026-02-25 18:00:00+00:00,2026-02-27 12:00:00+00:00,2026-02-27 17:00:00,1,42,0.9201620936393737,2026-02-25 12:00:00+00:00,2026-02-25 15:53:13+00:00,True
2026-02-25 18:00:00+00:00,2026-02-27 13:00:00+00:00,2026-02-27 18:00:00,1,43,0.9214064240455627,2026-02-25 12:00:00+00:00,2026-02-25 15:53:13+00:00,True
2026-02-25 18:00:00+00:00,2026-02-27 14:00:00+00:00,2026-02-27 19:00:00,1,44,0.919082236289978,2026-02-25 12:00:00+00:00,2026-02-25 15:53:13+00:00,True
2026-02-25 18:00:00+00:00,2026-02-27 15:00:00+00:00,2026-02-27 20:00:00,1,45,0.9153217911720276,2026-02-25 12:00:00+00:00,2026-02-25 15:53:13+00:00,True
2026-02-25 18:00:00+00:00,2026-02-27 16:00:00+00:00,2026-02-27 21:00:00,1,46,0.9139170289039612,2026-02-25 12:00:00+00:00,2026-02-25 15:53:13+00:00,True
2026-02-25 18:00:00+00:00,2026-02-27 17:00:00+00:00,2026-02-27 22:00:00,1,47,0.9097908020019532,2026-02-25 12:00:00+00:00,2026-02-25 15:53:13+00:00,True
2026-02-25 18:00:00+00:00,2026-02-27 18:00:00+00:00,2026-02-27 23:00:00,1,48,0.9034260869026184,2026-02-25 12:00:00+00:00,2026-02-25 15:53:13+00:00,True
2026-02-25 18:00:00+00:00,2026-02-25 19:00:00+00:00,2026-02-26 00:00:00,2,1,0.871311891078949,2026-02-25 12:00:00+00:00,2026-02-25 15:53:13+00:00,True
2026-02-25 18:00:00+00:00,2026-02-25 20:00:00+00:00,2026-02-26 01:00:00,2,2,0.8814589858055115,2026-02-25 12:00:00+00:00,2026-02-25 15:53:13+00:00,True
2026-02-25 18:00:00+00:00,2026-02-25 21:00:00+00:00,2026-02-26 02:00:00,2,3,0.8887114644050598,2026-02-25 12:00:00+00:00,2026-02-25 15:53:13+00:00,True
2026-02-25 18:00:00+00:00,2026-02-25 22:00:00+00:00,2026-02-26 03:00:00,2,4,0.8095427513122558,2026-02-25 12:00:00+00:00,2026-02-25 15:53:13+00:00,True
2026-02-25 18:00:00+00:00,2026-02-25 23:00:00+00:00,2026-02-26 04:00:00,2,5,0.6840117573738098,2026-02-25 12:00:00+00:00,2026-02-25 15:53:13+00:00,True
2026-02-25 18:00:00+00:00,2026-02-26 00:00:00+00:00,2026-02-26 05:00:00,2,6,0.521195650100708,2026-02-25 12:00:00+00:00,2026-02-25 15:53:13+00:00,True
2026-02-25 18:00:00+00:00,2026-02-26 01:00:00+00:00,2026-02-26 06:00:00,2,7,0.31195070743560793,2026-02-25 12:00:00+00:00,2026-02-25 15:53:13+00:00,True
2026-02-25 18:00:00+00:00,2026-02-26 02:00:00+00:00,2026-02-26 07:00:00,2,8,0.16574844866991043,2026-02-25 12:00:00+00:00,2026-02-25 15:53:13+00:00,True
2026-02-25 18:00:00+00:00,2026-02-26 03:00:00+00:00,2026-02-26 08:00:00,2,9,0.11291194260120392,2026-02-25 12:00:00+00:00,2026-02-25 15:53:13+00:00,True
2026-02-25 18:00:00+00:00,2026-02-26 04:00:00+00:00,2026-02-26 09:00:00,2,10,0.03433580417186022,2026-02-25 12:00:00+00:00,2026-02-25 15:53:13+00:00,True
2026-02-25 18:00:00+00:00,2026-02-26 05:00:00+00:00,2026-02-26 10:00:00,2,11,0.06999321244657039,2026-02-25 12:00:00+00:00,2026-02-25 15:53:13+00:00,True
2026-02-25 18:00:00+00:00,2026-02-26 06:00:00+00:00,2026-02-26 11:00:00,2,12,0.22077053636312485,2026-02-25 12:00:00+00:00,2026-02-25 15:53:13+00:00,True
2026-02-25 18:00:00+00:00,2026-02-26 07:00:00+00:00,2026-02-26 12:00:00,2,13,0.2010721117258072,2026-02-25 12:00:00+00:00,2026-02-25 15:53:13+00:00,True
2026-02-25 18:00:00+00:00,2026-02-26 08:00:00+00:00,2026-02-26 13:00:00,2,14,0.251226606965065,2026-02-25 12:00:00+00:00,2026-02-25 15:53:13+00:00,True
2026-02-25 18:00:00+00:00,2026-02-26 09:00:00+00:00,2026-02-26 14:00:00,2,15,0.3717020094394684,2026-02-25 12:00:00+00:00,2026-02-25 15:53:13+00:00,True
2026-02-25 18:00:00+00:00,2026-02-26 10:00:00+00:00,2026-02-26 15:00:00,2,16,0.42410712838172915,2026-02-25 12:00:00+00:00,2026-02-25 15:53:13+00:00,True
2026-02-25 18:00:00+00:00,2026-02-26 11:00:00+00:00,2026-02-26 16:00:00,2,17,0.4690456509590149,2026-02-25 12:00:00+00:00,2026-02-25 15:53:13+00:00,True
2026-02-25 18:00:00+00:00,2026-02-26 12:00:00+00:00,2026-02-26 17:00:00,2,18,0.5178845167160034,2026-02-25 12:00:00+00:00,2026-02-25 15:53:13+00:00,True
2026-02-25 18:00:00+00:00,2026-02-26 13:00:00+00:00,2026-02-26 18:00:00,2,19,0.6368442654609681,2026-02-25 12:00:00+00:00,2026-02-25 15:53:13+00:00,True
2026-02-25 18:00:00+00:00,2026-02-26 14:00:00+00:00,2026-02-26 19:00:00,2,20,0.748015570640564,2026-02-25 12:00:00+00:00,2026-02-25 15:53:13+00:00,True
2026-02-25 18:00:00+00:00,2026-02-26 15:00:00+00:00,2026-02-26 20:00:00,2,21,0.8150278687477112,2026-02-25 12:00:00+00:00,2026-02-25 15:53:13+00:00,True
2026-02-25 18:00:00+00:00,2026-02-26 16:00:00+00:00,2026-02-26 21:00:00,2,22,0.8488582611083985,2026-02-25 12:00:00+00:00,2026-02-25 15:53:13+00:00,True
2026-02-25 18:00:00+00:00,2026-02-26 17:00:00+00:00,2026-02-26 22:00:00,2,23,0.8751988410949707,2026-02-25 12:00:00+00:00,2026-02-25 15:53:13+00:00,True
2026-02-25 18:00:00+00:00,2026-02-26 18:00:00+00:00,2026-02-26 23:00:00,2,24,0.8980387330055237,2026-02-25 12:00:00+00:00,2026-02-25 15:53:13+00:00,True
2026-02-25 18:00:00+00:00,2026-02-26 19:00:00+00:00,2026-02-27 00:00:00,2,25,0.8745485186576843,2026-02-25 12:00:00+00:00,2026-02-25 15:53:13+00:00,True
2026-02-25 18:00:00+00:00,2026-02-26 20:00:00+00:00,2026-02-27 01:00:00,2,26,0.8468702554702758,2026-02-25 12:00:00+00:00,2026-02-25 15:53:13+00:00,True
2026-02-25 18:00:00+00:00,2026-02-26 21:00:00+00:00,2026-02-27 02:00:00,2,27,0.8059504747390747,2026-02-25 12:00:00+00:00,2026-02-25 15:53:13+00:00,True
2026-02-25 18:00:00+00:00,2026-02-26 22:00:00+00:00,2026-02-27 03:00:00,2,28,0.7519839763641357,2026-02-25 12:00:00+00:00,2026-02-25 15:53:13+00:00,True
2026-02-25 18:00:00+00:00,2026-02-26 23:00:00+00:00,2026-02-27 04:00:00,2,29,0.6691724181175231,2026-02-25 12:00:00+00:00,2026-02-25 15:53:13+00:00,True
2026-02-25 18:00:00+00:00,2026-02-27 00:00:00+00:00,2026-02-27 05:00:00,2,30,0.5512692868709564,2026-02-25 12:00:00+00:00,2026-02-25 15:53:13+00:00,True
2026-02-25 18:00:00+00:00,2026-02-27 01:00:00+00:00,2026-02-27 06:00:00,2,31,0.45480319261550906,2026-02-25 12:00:00+00:00,2026-02-25 15:53:13+00:00,True
2026-02-25 18:00:00+00:00,2026-02-27 02:00:00+00:00,2026-02-27 07:00:00,2,32,0.3667855739593506,2026-02-25 12:00:00+00:00,2026-02-25 15:53:13+00:00,True
2026-02-25 18:00:00+00:00,2026-02-27 03:00:00+00:00,2026-02-27 08:00:00,2,33,0.2905704200267792,2026-02-25 12:00:00+00:00,2026-02-25 15:53:13+00:00,True
2026-02-25 18:00:00+00:00,2026-02-27 04:00:00+00:00,2026-02-27 09:00:00,2,34,0.2864424467086792,2026-02-25 12:00:00+00:00,2026-02-25 15:53:13+00:00,True
2026-02-25 18:00:00+00:00,2026-02-27 05:00:00+00:00,2026-02-27 10:00:00,2,35,0.2918102443218231,2026-02-25 12:00:00+00:00,2026-02-25 15:53:13+00:00,True
2026-02-25 18:00:00+00:00,2026-02-27 06:00:00+00:00,2026-02-27 11:00:00,2,36,0.3093715846538544,2026-02-25 12:00:00+00:00,2026-02-25 15:53:13+00:00,True
2026-02-25 18:00:00+00:00,2026-02-27 07:00:00+00:00,2026-02-27 12:00:00,2,37,0.3838287055492401,2026-02-25 12:00:00+00:00,2026-02-25 15:53:13+00:00,True
2026-02-25 18:00:00+00:00,2026-02-27 08:00:00+00:00,2026-02-27 13:00:00,2,38,0.48081973791122434,2026-02-25 12:00:00+00:00,2026-02-25 15:53:13+00:00,True
2026-02-25 18:00:00+00:00,2026-02-27 09:00:00+00:00,2026-02-27 14:00:00,2,39,0.642983901500702,2026-02-25 12:00:00+00:00,2026-02-25 15:53:13+00:00,True
2026-02-25 18:00:00+00:00,2026-02-27 10:00:00+00:00,2026-02-27 15:00:00,2,40,0.7583901166915894,2026-02-25 12:00:00+00:00,2026-02-25 15:53:13+00:00,True
2026-02-25 18:00:00+00:00,2026-02-27 11:00:00+00:00,2026-02-27 16:00:00,2,41,0.8501406073570251,2026-02-25 12:00:00+00:00,2026-02-25 15:53:13+00:00,True
2026-02-25 18:00:00+00:00,2026-02-27 12:00:00+00:00,2026-02-27 17:00:00,2,42,0.9082408666610717,2026-02-25 12:00:00+00:00,2026-02-25 15:53:13+00:00,True
2026-02-25 18:00:00+00:00,2026-02-27 13:00:00+00:00,2026-02-27 18:00:00,2,43,0.9107028484344483,2026-02-25 12:00:00+00:00,2026-02-25 15:53:13+00:00,True
2026-02-25 18:00:00+00:00,2026-02-27 14:00:00+00:00,2026-02-27 19:00:00,2,44,0.9084959626197815,2026-02-25 12:00:00+00:00,2026-02-25 15:53:13+00:00,True
2026-02-25 18:00:00+00:00,2026-02-27 15:00:00+00:00,2026-02-27 20:00:00,2,45,0.9050637602806091,2026-02-25 12:00:00+00:00,2026-02-25 15:53:13+00:00,True
2026-02-25 18:00:00+00:00,2026-02-27 16:00:00+00:00,2026-02-27 21:00:00,2,46,0.9044528603553772,2026-02-25 12:00:00+00:00,2026-02-25 15:53:13+00:00,True
2026-02-25 18:00:00+00:00,2026-02-27 17:00:00+00:00,2026-02-27 22:00:00,2,47,0.9003618240356446,2026-02-25 12:00:00+00:00,2026-02-25 15:53:13+00:00,True
2026-02-25 18:00:00+00:00,2026-02-27 18:00:00+00:00,2026-02-27 23:00:00,2,48,0.8929490089416504,2026-02-25 12:00:00+00:00,2026-02-25 15:53:13+00:00,True
2026-02-26 18:00:00+00:00,2026-02-26 19:00:00+00:00,2026-02-27 00:00:00,1,1,0.9209142565727234,2026-02-26 12:00:00+00:00,2026-02-26 15:54:41+00:00,True
2026-02-26 18:00:00+00:00,2026-02-26 20:00:00+00:00,2026-02-27 01:00:00,1,2,0.8481605768203735,2026-02-26 12:00:00+00:00,2026-02-26 15:54:41+00:00,True
2026-02-26 18:00:00+00:00,2026-02-26 21:00:00+00:00,2026-02-27 02:00:00,1,3,0.6978253483772278,2026-02-26 12:00:00+00:00,2026-02-26 15:54:41+00:00,True
2026-02-26 18:00:00+00:00,2026-02-26 22:00:00+00:00,2026-02-27 03:00:00,1,4,0.6160422265529633,2026-02-26 12:00:00+00:00,2026-02-26 15:54:41+00:00,True
2026-02-26 18:00:00+00:00,2026-02-26 23:00:00+00:00,2026-02-27 04:00:00,1,5,0.4714145302772522,2026-02-26 12:00:00+00:00,2026-02-26 15:54:41+00:00,True
2026-02-26 18:00:00+00:00,2026-02-27 00:00:00+00:00,2026-02-27 05:00:00,1,6,0.31919569373130796,2026-02-26 12:00:00+00:00,2026-02-26 15:54:41+00:00,True
2026-02-26 18:00:00+00:00,2026-02-27 01:00:00+00:00,2026-02-27 06:00:00,1,7,0.24343189001083373,2026-02-26 12:00:00+00:00,2026-02-26 15:54:41+00:00,True
2026-02-26 18:00:00+00:00,2026-02-27 02:00:00+00:00,2026-02-27 07:00:00,1,8,0.17096422016620635,2026-02-26 12:00:00+00:00,2026-02-26 15:54:41+00:00,True
2026-02-26 18:00:00+00:00,2026-02-27 03:00:00+00:00,2026-02-27 08:00:00,1,9,0.1262907102704048,2026-02-26 12:00:00+00:00,2026-02-26 15:54:41+00:00,True
2026-02-26 18:00:00+00:00,2026-02-27 04:00:00+00:00,2026-02-27 09:00:00,1,10,0.1379164054989815,2026-02-26 12:00:00+00:00,2026-02-26 15:54:41+00:00,True
2026-02-26 18:00:00+00:00,2026-02-27 05:00:00+00:00,2026-02-27 10:00:00,1,11,0.14934076964855195,2026-02-26 12:00:00+00:00,2026-02-26 15:54:41+00:00,True
2026-02-26 18:00:00+00:00,2026-02-27 06:00:00+00:00,2026-02-27 11:00:00,1,12,0.16593507528305054,2026-02-26 12:00:00+00:00,2026-02-26 15:54:41+00:00,True
2026-02-26 18:00:00+00:00,2026-02-27 07:00:00+00:00,2026-02-27 12:00:00,1,13,0.2347934901714325,2026-02-26 12:00:00+00:00,2026-02-26 15:54:41+00:00,True
2026-02-26 18:00:00+00:00,2026-02-27 08:00:00+00:00,2026-02-27 13:00:00,1,14,0.31711344718933104,2026-02-26 12:00:00+00:00,2026-02-26 15:54:41+00:00,True
2026-02-26 18:00:00+00:00,2026-02-27 09:00:00+00:00,2026-02-27 14:00:00,1,15,0.42915387749671935,2026-02-26 12:00:00+00:00,2026-02-26 15:54:41+00:00,True
2026-02-26 18:00:00+00:00,2026-02-27 10:00:00+00:00,2026-02-27 15:00:00,1,16,0.5648417711257935,2026-02-26 12:00:00+00:00,2026-02-26 15:54:41+00:00,True
2026-02-26 18:00:00+00:00,2026-02-27 11:00:00+00:00,2026-02-27 16:00:00,1,17,0.7531018376350402,2026-02-26 12:00:00+00:00,2026-02-26 15:54:41+00:00,True
2026-02-26 18:00:00+00:00,2026-02-27 12:00:00+00:00,2026-02-27 17:00:00,1,18,0.883481228351593,2026-02-26 12:00:00+00:00,2026-02-26 15:54:41+00:00,True
2026-02-26 18:00:00+00:00,2026-02-27 13:00:00+00:00,2026-02-27 18:00:00,1,19,0.9037228107452393,2026-02-26 12:00:00+00:00,2026-02-26 15:54:41+00:00,True
2026-02-26 18:00:00+00:00,2026-02-27 14:00:00+00:00,2026-02-27 19:00:00,1,20,0.9179079055786132,2026-02-26 12:00:00+00:00,2026-02-26 15:54:41+00:00,True
2026-02-26 18:00:00+00:00,2026-02-27 15:00:00+00:00,2026-02-27 20:00:00,1,21,0.9280263185501099,2026-02-26 12:00:00+00:00,2026-02-26 15:54:41+00:00,True
2026-02-26 18:00:00+00:00,2026-02-27 16:00:00+00:00,2026-02-27 21:00:00,1,22,0.9221132397651672,2026-02-26 12:00:00+00:00,2026-02-26 15:54:41+00:00,True
2026-02-26 18:00:00+00:00,2026-02-27 17:00:00+00:00,2026-02-27 22:00:00,1,23,0.9147830128669738,2026-02-26 12:00:00+00:00,2026-02-26 15:54:41+00:00,True
2026-02-26 18:00:00+00:00,2026-02-27 18:00:00+00:00,2026-02-27 23:00:00,1,24,0.9047519087791442,2026-02-26 12:00:00+00:00,2026-02-26 15:54:41+00:00,True
2026-02-26 18:00:00+00:00,2026-02-27 19:00:00+00:00,2026-02-28 00:00:00,1,25,0.9188606977462769,2026-02-26 12:00:00+00:00,2026-02-26 15:54:41+00:00,True
2026-02-26 18:00:00+00:00,2026-02-27 20:00:00+00:00,2026-02-28 01:00:00,1,26,0.9273897647857666,2026-02-26 12:00:00+00:00,2026-02-26 15:54:41+00:00,True
2026-02-26 18:00:00+00:00,2026-02-27 21:00:00+00:00,2026-02-28 02:00:00,1,27,0.9321887493133545,2026-02-26 12:00:00+00:00,2026-02-26 15:54:41+00:00,True
2026-02-26 18:00:00+00:00,2026-02-27 22:00:00+00:00,2026-02-28 03:00:00,1,28,0.9248834609985351,2026-02-26 12:00:00+00:00,2026-02-26 15:54:41+00:00,True
2026-02-26 18:00:00+00:00,2026-02-27 23:00:00+00:00,2026-02-28 04:00:00,1,29,0.9129183053970337,2026-02-26 12:00:00+00:00,2026-02-26 15:54:41+00:00,True
2026-02-26 18:00:00+00:00,2026-02-28 00:00:00+00:00,2026-02-28 05:00:00,1,30,0.8940798282623291,2026-02-26 12:00:00+00:00,2026-02-26 15:54:41+00:00,True
2026-02-26 18:00:00+00:00,2026-02-28 01:00:00+00:00,2026-02-28 06:00:00,1,31,0.868218994140625,2026-02-26 12:00:00+00:00,2026-02-26 15:54:41+00:00,True
2026-02-26 18:00:00+00:00,2026-02-28 02:00:00+00:00,2026-02-28 07:00:00,1,32,0.8283198833465576,2026-02-26 12:00:00+00:00,2026-02-26 15:54:41+00:00,True
2026-02-26 18:00:00+00:00,2026-02-28 03:00:00+00:00,2026-02-28 08:00:00,1,33,0.7776944518089295,2026-02-26 12:00:00+00:00,2026-02-26 15:54:41+00:00,True
2026-02-26 18:00:00+00:00,2026-02-28 04:00:00+00:00,2026-02-28 09:00:00,1,34,0.718921172618866,2026-02-26 12:00:00+00:00,2026-02-26 15:54:41+00:00,True
2026-02-26 18:00:00+00:00,2026-02-28 05:00:00+00:00,2026-02-28 10:00:00,1,35,0.6703607559204101,2026-02-26 12:00:00+00:00,2026-02-26 15:54:41+00:00,True
2026-02-26 18:00:00+00:00,2026-02-28 06:00:00+00:00,2026-02-28 11:00:00,1,36,0.6375092089176178,2026-02-26 12:00:00+00:00,2026-02-26 15:54:41+00:00,True
2026-02-26 18:00:00+00:00,2026-02-28 07:00:00+00:00,2026-02-28 12:00:00,1,37,0.660027664899826,2026-02-26 12:00:00+00:00,2026-02-26 15:54:41+00:00,True
2026-02-26 18:00:00+00:00,2026-02-28 08:00:00+00:00,2026-02-28 13:00:00,1,38,0.7052083969116211,2026-02-26 12:00:00+00:00,2026-02-26 15:54:41+00:00,True
2026-02-26 18:00:00+00:00,2026-02-28 09:00:00+00:00,2026-02-28 14:00:00,1,39,0.7570095181465148,2026-02-26 12:00:00+00:00,2026-02-26 15:54:41+00:00,True
2026-02-26 18:00:00+00:00,2026-02-28 10:00:00+00:00,2026-02-28 15:00:00,1,40,0.6610196232795715,2026-02-26 12:00:00+00:00,2026-02-26 15:54:41+00:00,True
2026-02-26 18:00:00+00:00,2026-02-28 11:00:00+00:00,2026-02-28 16:00:00,1,41,0.5954934656620026,2026-02-26 12:00:00+00:00,2026-02-26 15:54:41+00:00,True
2026-02-26 18:00:00+00:00,2026-02-28 12:00:00+00:00,2026-02-28 17:00:00,1,42,0.55855792760849,2026-02-26 12:00:00+00:00,2026-02-26 15:54:41+00:00,True
2026-02-26 18:00:00+00:00,2026-02-28 13:00:00+00:00,2026-02-28 18:00:00,1,43,0.5082715392112732,2026-02-26 12:00:00+00:00,2026-02-26 15:54:41+00:00,True
2026-02-26 18:00:00+00:00,2026-02-28 14:00:00+00:00,2026-02-28 19:00:00,1,44,0.4670008897781372,2026-02-26 12:00:00+00:00,2026-02-26 15:54:41+00:00,True
2026-02-26 18:00:00+00:00,2026-02-28 15:00:00+00:00,2026-02-28 20:00:00,1,45,0.4198353707790375,2026-02-26 12:00:00+00:00,2026-02-26 15:54:41+00:00,True
2026-02-26 18:00:00+00:00,2026-02-28 16:00:00+00:00,2026-02-28 21:00:00,1,46,0.40765601992607114,2026-02-26 12:00:00+00:00,2026-02-26 15:54:41+00:00,True
2026-02-26 18:00:00+00:00,2026-02-28 17:00:00+00:00,2026-02-28 22:00:00,1,47,0.3712985157966614,2026-02-26 12:00:00+00:00,2026-02-26 15:54:41+00:00,True
2026-02-26 18:00:00+00:00,2026-02-28 18:00:00+00:00,2026-02-28 23:00:00,1,48,0.32339982986450194,2026-02-26 12:00:00+00:00,2026-02-26 15:54:41+00:00,True
2026-02-26 18:00:00+00:00,2026-02-26 19:00:00+00:00,2026-02-27 00:00:00,2,1,0.9142624735832214,2026-02-26 12:00:00+00:00,2026-02-26 15:54:41+00:00,True
2026-02-26 18:00:00+00:00,2026-02-26 20:00:00+00:00,2026-02-27 01:00:00,2,2,0.8359607100486756,2026-02-26 12:00:00+00:00,2026-02-26 15:54:41+00:00,True
2026-02-26 18:00:00+00:00,2026-02-26 21:00:00+00:00,2026-02-27 02:00:00,2,3,0.6769790768623352,2026-02-26 12:00:00+00:00,2026-02-26 15:54:41+00:00,True
2026-02-26 18:00:00+00:00,2026-02-26 22:00:00+00:00,2026-02-27 03:00:00,2,4,0.5942185342311859,2026-02-26 12:00:00+00:00,2026-02-26 15:54:41+00:00,True
2026-02-26 18:00:00+00:00,2026-02-26 23:00:00+00:00,2026-02-27 04:00:00,2,5,0.44652166962623596,2026-02-26 12:00:00+00:00,2026-02-26 15:54:41+00:00,True
2026-02-26 18:00:00+00:00,2026-02-27 00:00:00+00:00,2026-02-27 05:00:00,2,6,0.29496164321899415,2026-02-26 12:00:00+00:00,2026-02-26 15:54:41+00:00,True
2026-02-26 18:00:00+00:00,2026-02-27 01:00:00+00:00,2026-02-27 06:00:00,2,7,0.2234625518321991,2026-02-26 12:00:00+00:00,2026-02-26 15:54:41+00:00,True
2026-02-26 18:00:00+00:00,2026-02-27 02:00:00+00:00,2026-02-27 07:00:00,2,8,0.15696540027856826,2026-02-26 12:00:00+00:00,2026-02-26 15:54:41+00:00,True
2026-02-26 18:00:00+00:00,2026-02-27 03:00:00+00:00,2026-02-27 08:00:00,2,9,0.11642052531242371,2026-02-26 12:00:00+00:00,2026-02-26 15:54:41+00:00,True
2026-02-26 18:00:00+00:00,2026-02-27 04:00:00+00:00,2026-02-27 09:00:00,2,10,0.1294388324022293,2026-02-26 12:00:00+00:00,2026-02-26 15:54:41+00:00,True
2026-02-26 18:00:00+00:00,2026-02-27 05:00:00+00:00,2026-02-27 10:00:00,2,11,0.14441193342208863,2026-02-26 12:00:00+00:00,2026-02-26 15:54:41+00:00,True
2026-02-26 18:00:00+00:00,2026-02-27 06:00:00+00:00,2026-02-27 11:00:00,2,12,0.16344448029994965,2026-02-26 12:00:00+00:00,2026-02-26 15:54:41+00:00,True
2026-02-26 18:00:00+00:00,2026-02-27 07:00:00+00:00,2026-02-27 12:00:00,2,13,0.2347502052783966,2026-02-26 12:00:00+00:00,2026-02-26 15:54:41+00:00,True
2026-02-26 18:00:00+00:00,2026-02-27 08:00:00+00:00,2026-02-27 13:00:00,2,14,0.31950050592422485,2026-02-26 12:00:00+00:00,2026-02-26 15:54:41+00:00,True
2026-02-26 18:00:00+00:00,2026-02-27 09:00:00+00:00,2026-02-27 14:00:00,2,15,0.4292190670967102,2026-02-26 12:00:00+00:00,2026-02-26 15:54:41+00:00,True
2026-02-26 18:00:00+00:00,2026-02-27 10:00:00+00:00,2026-02-27 15:00:00,2,16,0.5550398468971253,2026-02-26 12:00:00+00:00,2026-02-26 15:54:41+00:00,True
2026-02-26 18:00:00+00:00,2026-02-27 11:00:00+00:00,2026-02-27 16:00:00,2,17,0.7383967638015747,2026-02-26 12:00:00+00:00,2026-02-26 15:54:41+00:00,True
2026-02-26 18:00:00+00:00,2026-02-27 12:00:00+00:00,2026-02-27 17:00:00,2,18,0.8723300576210022,2026-02-26 12:00:00+00:00,2026-02-26 15:54:41+00:00,True
2026-02-26 18:00:00+00:00,2026-02-27 13:00:00+00:00,2026-02-27 18:00:00,2,19,0.8952596306800842,2026-02-26 12:00:00+00:00,2026-02-26 15:54:41+00:00,True
2026-02-26 18:00:00+00:00,2026-02-27 14:00:00+00:00,2026-02-27 19:00:00,2,20,0.9108141779899597,2026-02-26 12:00:00+00:00,2026-02-26 15:54:41+00:00,True
2026-02-26 18:00:00+00:00,2026-02-27 15:00:00+00:00,2026-02-27 20:00:00,2,21,0.9214362502098083,2026-02-26 12:00:00+00:00,2026-02-26 15:54:41+00:00,True
2026-02-26 18:00:00+00:00,2026-02-27 16:00:00+00:00,2026-02-27 21:00:00,2,22,0.9149756312370301,2026-02-26 12:00:00+00:00,2026-02-26 15:54:41+00:00,True
2026-02-26 18:00:00+00:00,2026-02-27 17:00:00+00:00,2026-02-27 22:00:00,2,23,0.9061458230018615,2026-02-26 12:00:00+00:00,2026-02-26 15:54:41+00:00,True
2026-02-26 18:00:00+00:00,2026-02-27 18:00:00+00:00,2026-02-27 23:00:00,2,24,0.8945529818534851,2026-02-26 12:00:00+00:00,2026-02-26 15:54:41+00:00,True
2026-02-26 18:00:00+00:00,2026-02-27 19:00:00+00:00,2026-02-28 00:00:00,2,25,0.9086740851402283,2026-02-26 12:00:00+00:00,2026-02-26 15:54:41+00:00,True
2026-02-26 18:00:00+00:00,2026-02-27 20:00:00+00:00,2026-02-28 01:00:00,2,26,0.9176085710525512,2026-02-26 12:00:00+00:00,2026-02-26 15:54:41+00:00,True
2026-02-26 18:00:00+00:00,2026-02-27 21:00:00+00:00,2026-02-28 02:00:00,2,27,0.9229546189308167,2026-02-26 12:00:00+00:00,2026-02-26 15:54:41+00:00,True
2026-02-26 18:00:00+00:00,2026-02-27 22:00:00+00:00,2026-02-28 03:00:00,2,28,0.9135985493659973,2026-02-26 12:00:00+00:00,2026-02-26 15:54:41+00:00,True
2026-02-26 18:00:00+00:00,2026-02-27 23:00:00+00:00,2026-02-28 04:00:00,2,29,0.8986189126968384,2026-02-26 12:00:00+00:00,2026-02-26 15:54:41+00:00,True
2026-02-26 18:00:00+00:00,2026-02-28 00:00:00+00:00,2026-02-28 05:00:00,2,30,0.8772868156433106,2026-02-26 12:00:00+00:00,2026-02-26 15:54:41+00:00,True
2026-02-26 18:00:00+00:00,2026-02-28 01:00:00+00:00,2026-02-28 06:00:00,2,31,0.8452481031417847,2026-02-26 12:00:00+00:00,2026-02-26 15:54:41+00:00,True
2026-02-26 18:00:00+00:00,2026-02-28 02:00:00+00:00,2026-02-28 07:00:00,2,32,0.7981911182403565,2026-02-26 12:00:00+00:00,2026-02-26 15:54:41+00:00,True
2026-02-26 18:00:00+00:00,2026-02-28 03:00:00+00:00,2026-02-28 08:00:00,2,33,0.7468073844909668,2026-02-26 12:00:00+00:00,2026-02-26 15:54:41+00:00,True
2026-02-26 18:00:00+00:00,2026-02-28 04:00:00+00:00,2026-02-28 09:00:00,2,34,0.6922113716602325,2026-02-26 12:00:00+00:00,2026-02-26 15:54:41+00:00,True
2026-02-26 18:00:00+00:00,2026-02-28 05:00:00+00:00,2026-02-28 10:00:00,2,35,0.6474001824855804,2026-02-26 12:00:00+00:00,2026-02-26 15:54:41+00:00,True
2026-02-26 18:00:00+00:00,2026-02-28 06:00:00+00:00,2026-02-28 11:00:00,2,36,0.6202374935150147,2026-02-26 12:00:00+00:00,2026-02-26 15:54:41+00:00,True
2026-02-26 18:00:00+00:00,2026-02-28 07:00:00+00:00,2026-02-28 12:00:00,2,37,0.6383327841758728,2026-02-26 12:00:00+00:00,2026-02-26 15:54:41+00:00,True
2026-02-26 18:00:00+00:00,2026-02-28 08:00:00+00:00,2026-02-28 13:00:00,2,38,0.6749097585678101,2026-02-26 12:00:00+00:00,2026-02-26 15:54:41+00:00,True
2026-02-26 18:00:00+00:00,2026-02-28 09:00:00+00:00,2026-02-28 14:00:00,2,39,0.7263984322547913,2026-02-26 12:00:00+00:00,2026-02-26 15:54:41+00:00,True
2026-02-26 18:00:00+00:00,2026-02-28 10:00:00+00:00,2026-02-28 15:00:00,2,40,0.6351210713386536,2026-02-26 12:00:00+00:00,2026-02-26 15:54:41+00:00,True
2026-02-26 18:00:00+00:00,2026-02-28 11:00:00+00:00,2026-02-28 16:00:00,2,41,0.5765839993953705,2026-02-26 12:00:00+00:00,2026-02-26 15:54:41+00:00,True
2026-02-26 18:00:00+00:00,2026-02-28 12:00:00+00:00,2026-02-28 17:00:00,2,42,0.5425710678100586,2026-02-26 12:00:00+00:00,2026-02-26 15:54:41+00:00,True
2026-02-26 18:00:00+00:00,2026-02-28 13:00:00+00:00,2026-02-28 18:00:00,2,43,0.494652783870697,2026-02-26 12:00:00+00:00,2026-02-26 15:54:41+00:00,True
2026-02-26 18:00:00+00:00,2026-02-28 14:00:00+00:00,2026-02-28 19:00:00,2,44,0.4520330309867859,2026-02-26 12:00:00+00:00,2026-02-26 15:54:41+00:00,True
2026-02-26 18:00:00+00:00,2026-02-28 15:00:00+00:00,2026-02-28 20:00:00,2,45,0.4033628761768341,2026-02-26 12:00:00+00:00,2026-02-26 15:54:41+00:00,True
2026-02-26 18:00:00+00:00,2026-02-28 16:00:00+00:00,2026-02-28 21:00:00,2,46,0.38994370102882386,2026-02-26 12:00:00+00:00,2026-02-26 15:54:41+00:00,True
2026-02-26 18:00:00+00:00,2026-02-28 17:00:00+00:00,2026-02-28 22:00:00,2,47,0.35470383167266845,2026-02-26 12:00:00+00:00,2026-02-26 15:54:41+00:00,True
2026-02-26 18:00:00+00:00,2026-02-28 18:00:00+00:00,2026-02-28 23:00:00,2,48,0.3072236657142639,2026-02-26 12:00:00+00:00,2026-02-26 15:54:41+00:00,True
2026-02-27 18:00:00+00:00,2026-02-27 19:00:00+00:00,2026-02-28 00:00:00,1,1,0.8681046724319458,2026-02-27 12:00:00+00:00,2026-02-27 16:00:49+00:00,True
2026-02-27 18:00:00+00:00,2026-02-27 20:00:00+00:00,2026-02-28 01:00:00,1,2,0.8823642730712891,2026-02-27 12:00:00+00:00,2026-02-27 16:00:49+00:00,True
2026-02-27 18:00:00+00:00,2026-02-27 21:00:00+00:00,2026-02-28 02:00:00,1,3,0.8916232109069824,2026-02-27 12:00:00+00:00,2026-02-27 16:00:49+00:00,True
2026-02-27 18:00:00+00:00,2026-02-27 22:00:00+00:00,2026-02-28 03:00:00,1,4,0.8852626562118531,2026-02-27 12:00:00+00:00,2026-02-27 16:00:49+00:00,True
2026-02-27 18:00:00+00:00,2026-02-27 23:00:00+00:00,2026-02-28 04:00:00,1,5,0.8759621024131775,2026-02-27 12:00:00+00:00,2026-02-27 16:00:49+00:00,True
2026-02-27 18:00:00+00:00,2026-02-28 00:00:00+00:00,2026-02-28 05:00:00,1,6,0.8605113983154297,2026-02-27 12:00:00+00:00,2026-02-27 16:00:49+00:00,True
2026-02-27 18:00:00+00:00,2026-02-28 01:00:00+00:00,2026-02-28 06:00:00,1,7,0.8573009729385376,2026-02-27 12:00:00+00:00,2026-02-27 16:00:49+00:00,True
2026-02-27 18:00:00+00:00,2026-02-28 02:00:00+00:00,2026-02-28 07:00:00,1,8,0.8507786989212036,2026-02-27 12:00:00+00:00,2026-02-27 16:00:49+00:00,True
2026-02-27 18:00:00+00:00,2026-02-28 03:00:00+00:00,2026-02-28 08:00:00,1,9,0.8459546804428101,2026-02-27 12:00:00+00:00,2026-02-27 16:00:49+00:00,True
2026-02-27 18:00:00+00:00,2026-02-28 04:00:00+00:00,2026-02-28 09:00:00,1,10,0.8205362558364868,2026-02-27 12:00:00+00:00,2026-02-27 16:00:49+00:00,True
2026-02-27 18:00:00+00:00,2026-02-28 05:00:00+00:00,2026-02-28 10:00:00,1,11,0.8072665214538575,2026-02-27 12:00:00+00:00,2026-02-27 16:00:49+00:00,True
2026-02-27 18:00:00+00:00,2026-02-28 06:00:00+00:00,2026-02-28 11:00:00,1,12,0.809410297870636,2026-02-27 12:00:00+00:00,2026-02-27 16:00:49+00:00,True
2026-02-27 18:00:00+00:00,2026-02-28 07:00:00+00:00,2026-02-28 12:00:00,1,13,0.8384218454360962,2026-02-27 12:00:00+00:00,2026-02-27 16:00:49+00:00,True
2026-02-27 18:00:00+00:00,2026-02-28 08:00:00+00:00,2026-02-28 13:00:00,1,14,0.8775266647338867,2026-02-27 12:00:00+00:00,2026-02-27 16:00:49+00:00,True
2026-02-27 18:00:00+00:00,2026-02-28 09:00:00+00:00,2026-02-28 14:00:00,1,15,0.9102483987808228,2026-02-27 12:00:00+00:00,2026-02-27 16:00:49+00:00,True
2026-02-27 18:00:00+00:00,2026-02-28 10:00:00+00:00,2026-02-28 15:00:00,1,16,0.8732427954673767,2026-02-27 12:00:00+00:00,2026-02-27 16:00:49+00:00,True
2026-02-27 18:00:00+00:00,2026-02-28 11:00:00+00:00,2026-02-28 16:00:00,1,17,0.832137131690979,2026-02-27 12:00:00+00:00,2026-02-27 16:00:49+00:00,True
2026-02-27 18:00:00+00:00,2026-02-28 12:00:00+00:00,2026-02-28 17:00:00,1,18,0.8016361117362976,2026-02-27 12:00:00+00:00,2026-02-27 16:00:49+00:00,True
2026-02-27 18:00:00+00:00,2026-02-28 13:00:00+00:00,2026-02-28 18:00:00,1,19,0.753321397304535,2026-02-27 12:00:00+00:00,2026-02-27 16:00:49+00:00,True
2026-02-27 18:00:00+00:00,2026-02-28 14:00:00+00:00,2026-02-28 19:00:00,1,20,0.7093680739402771,2026-02-27 12:00:00+00:00,2026-02-27 16:00:49+00:00,True
2026-02-27 18:00:00+00:00,2026-02-28 15:00:00+00:00,2026-02-28 20:00:00,1,21,0.6687244057655335,2026-02-27 12:00:00+00:00,2026-02-27 16:00:49+00:00,True
2026-02-27 18:00:00+00:00,2026-02-28 16:00:00+00:00,2026-02-28 21:00:00,1,22,0.6753745913505554,2026-02-27 12:00:00+00:00,2026-02-27 16:00:49+00:00,True
2026-02-27 18:00:00+00:00,2026-02-28 17:00:00+00:00,2026-02-28 22:00:00,1,23,0.6760878443717957,2026-02-27 12:00:00+00:00,2026-02-27 16:00:49+00:00,True
2026-02-27 18:00:00+00:00,2026-02-28 18:00:00+00:00,2026-02-28 23:00:00,1,24,0.6725673675537109,2026-02-27 12:00:00+00:00,2026-02-27 16:00:49+00:00,True
2026-02-27 18:00:00+00:00,2026-02-28 19:00:00+00:00,2026-03-01 00:00:00,1,25,0.65910325050354,2026-02-27 12:00:00+00:00,2026-02-27 16:00:49+00:00,False
2026-02-27 18:00:00+00:00,2026-02-28 20:00:00+00:00,2026-03-01 01:00:00,1,26,0.6393063306808472,2026-02-27 12:00:00+00:00,2026-02-27 16:00:49+00:00,False
2026-02-27 18:00:00+00:00,2026-02-28 21:00:00+00:00,2026-03-01 02:00:00,1,27,0.6073800444602966,2026-02-27 12:00:00+00:00,2026-02-27 16:00:49+00:00,False
2026-02-27 18:00:00+00:00,2026-02-28 22:00:00+00:00,2026-03-01 03:00:00,1,28,0.5304208517074585,2026-02-27 12:00:00+00:00,2026-02-27 16:00:49+00:00,False
2026-02-27 18:00:00+00:00,2026-02-28 23:00:00+00:00,2026-03-01 04:00:00,1,29,0.438349312543869,2026-02-27 12:00:00+00:00,2026-02-27 16:00:49+00:00,False
2026-02-27 18:00:00+00:00,2026-03-01 00:00:00+00:00,2026-03-01 05:00:00,1,30,0.3438841700553894,2026-02-27 12:00:00+00:00,2026-02-27 16:00:49+00:00,False
2026-02-27 18:00:00+00:00,2026-03-01 01:00:00+00:00,2026-03-01 06:00:00,1,31,0.2348984509706497,2026-02-27 12:00:00+00:00,2026-02-27 16:00:49+00:00,False
2026-02-27 18:00:00+00:00,2026-03-01 02:00:00+00:00,2026-03-01 07:00:00,1,32,0.15007158368825912,2026-02-27 12:00:00+00:00,2026-02-27 16:00:49+00:00,False
2026-02-27 18:00:00+00:00,2026-03-01 03:00:00+00:00,2026-03-01 08:00:00,1,33,0.09519801512360573,2026-02-27 12:00:00+00:00,2026-02-27 16:00:49+00:00,False
2026-02-27 18:00:00+00:00,2026-03-01 04:00:00+00:00,2026-03-01 09:00:00,1,34,0.08117373660206795,2026-02-27 12:00:00+00:00,2026-02-27 16:00:49+00:00,False
2026-02-27 18:00:00+00:00,2026-03-01 05:00:00+00:00,2026-03-01 10:00:00,1,35,0.07325282022356987,2026-02-27 12:00:00+00:00,2026-02-27 16:00:49+00:00,False
2026-02-27 18:00:00+00:00,2026-03-01 06:00:00+00:00,2026-03-01 11:00:00,1,36,0.07201477214694023,2026-02-27 12:00:00+00:00,2026-02-27 16:00:49+00:00,False
2026-02-27 18:00:00+00:00,2026-03-01 07:00:00+00:00,2026-03-01 12:00:00,1,37,0.06960302740335464,2026-02-27 12:00:00+00:00,2026-02-27 16:00:49+00:00,False
2026-02-27 18:00:00+00:00,2026-03-01 08:00:00+00:00,2026-03-01 13:00:00,1,38,0.06984745338559151,2026-02-27 12:00:00+00:00,2026-02-27 16:00:49+00:00,False
2026-02-27 18:00:00+00:00,2026-03-01 09:00:00+00:00,2026-03-01 14:00:00,1,39,0.07129520028829575,2026-02-27 12:00:00+00:00,2026-02-27 16:00:49+00:00,False
2026-02-27 18:00:00+00:00,2026-03-01 10:00:00+00:00,2026-03-01 15:00:00,1,40,0.06802687719464302,2026-02-27 12:00:00+00:00,2026-02-27 16:00:49+00:00,False
2026-02-27 18:00:00+00:00,2026-03-01 11:00:00+00:00,2026-03-01 16:00:00,1,41,0.0678468331694603,2026-02-27 12:00:00+00:00,2026-02-27 16:00:49+00:00,False
2026-02-27 18:00:00+00:00,2026-03-01 12:00:00+00:00,2026-03-01 17:00:00,1,42,0.06906797736883163,2026-02-27 12:00:00+00:00,2026-02-27 16:00:49+00:00,False
2026-02-27 18:00:00+00:00,2026-03-01 13:00:00+00:00,2026-03-01 18:00:00,1,43,0.04461072981357574,2026-02-27 12:00:00+00:00,2026-02-27 16:00:49+00:00,False
2026-02-27 18:00:00+00:00,2026-03-01 14:00:00+00:00,2026-03-01 19:00:00,1,44,0.024556034430861472,2026-02-27 12:00:00+00:00,2026-02-27 16:00:49+00:00,False
2026-02-27 18:00:00+00:00,2026-03-01 15:00:00+00:00,2026-03-01 20:00:00,1,45,0.03866758719086647,2026-02-27 12:00:00+00:00,2026-02-27 16:00:49+00:00,False
2026-02-27 18:00:00+00:00,2026-03-01 16:00:00+00:00,2026-03-01 21:00:00,1,46,0.08905820995569229,2026-02-27 12:00:00+00:00,2026-02-27 16:00:49+00:00,False
2026-02-27 18:00:00+00:00,2026-03-01 17:00:00+00:00,2026-03-01 22:00:00,1,47,0.3019237995147705,2026-02-27 12:00:00+00:00,2026-02-27 16:00:49+00:00,False
2026-02-27 18:00:00+00:00,2026-03-01 18:00:00+00:00,2026-03-01 23:00:00,1,48,0.7139459431171418,2026-02-27 12:00:00+00:00,2026-02-27 16:00:49+00:00,False
2026-02-27 18:00:00+00:00,2026-02-27 19:00:00+00:00,2026-02-28 00:00:00,2,1,0.8552600741386414,2026-02-27 12:00:00+00:00,2026-02-27 16:00:49+00:00,True
2026-02-27 18:00:00+00:00,2026-02-27 20:00:00+00:00,2026-02-28 01:00:00,2,2,0.8713702917098999,2026-02-27 12:00:00+00:00,2026-02-27 16:00:49+00:00,True
2026-02-27 18:00:00+00:00,2026-02-27 21:00:00+00:00,2026-02-28 02:00:00,2,3,0.880565345287323,2026-02-27 12:00:00+00:00,2026-02-27 16:00:49+00:00,True
2026-02-27 18:00:00+00:00,2026-02-27 22:00:00+00:00,2026-02-28 03:00:00,2,4,0.8722471833229065,2026-02-27 12:00:00+00:00,2026-02-27 16:00:49+00:00,True
2026-02-27 18:00:00+00:00,2026-02-27 23:00:00+00:00,2026-02-28 04:00:00,2,5,0.8613043546676635,2026-02-27 12:00:00+00:00,2026-02-27 16:00:49+00:00,True
2026-02-27 18:00:00+00:00,2026-02-28 00:00:00+00:00,2026-02-28 05:00:00,2,6,0.8453797340393067,2026-02-27 12:00:00+00:00,2026-02-27 16:00:49+00:00,True
2026-02-27 18:00:00+00:00,2026-02-28 01:00:00+00:00,2026-02-28 06:00:00,2,7,0.8444525837898255,2026-02-27 12:00:00+00:00,2026-02-27 16:00:49+00:00,True
2026-02-27 18:00:00+00:00,2026-02-28 02:00:00+00:00,2026-02-28 07:00:00,2,8,0.8348518013954163,2026-02-27 12:00:00+00:00,2026-02-27 16:00:49+00:00,True
2026-02-27 18:00:00+00:00,2026-02-28 03:00:00+00:00,2026-02-28 08:00:00,2,9,0.8247709155082703,2026-02-27 12:00:00+00:00,2026-02-27 16:00:49+00:00,True
2026-02-27 18:00:00+00:00,2026-02-28 04:00:00+00:00,2026-02-28 09:00:00,2,10,0.797019612789154,2026-02-27 12:00:00+00:00,2026-02-27 16:00:49+00:00,True
2026-02-27 18:00:00+00:00,2026-02-28 05:00:00+00:00,2026-02-28 10:00:00,2,11,0.7822227120399475,2026-02-27 12:00:00+00:00,2026-02-27 16:00:49+00:00,True
2026-02-27 18:00:00+00:00,2026-02-28 06:00:00+00:00,2026-02-28 11:00:00,2,12,0.7825451612472534,2026-02-27 12:00:00+00:00,2026-02-27 16:00:49+00:00,True
2026-02-27 18:00:00+00:00,2026-02-28 07:00:00+00:00,2026-02-28 12:00:00,2,13,0.8115929007530213,2026-02-27 12:00:00+00:00,2026-02-27 16:00:49+00:00,True
2026-02-27 18:00:00+00:00,2026-02-28 08:00:00+00:00,2026-02-28 13:00:00,2,14,0.8548897504806519,2026-02-27 12:00:00+00:00,2026-02-27 16:00:49+00:00,True
2026-02-27 18:00:00+00:00,2026-02-28 09:00:00+00:00,2026-02-28 14:00:00,2,15,0.8964169144630432,2026-02-27 12:00:00+00:00,2026-02-27 16:00:49+00:00,True
2026-02-27 18:00:00+00:00,2026-02-28 10:00:00+00:00,2026-02-28 15:00:00,2,16,0.8527873396873474,2026-02-27 12:00:00+00:00,2026-02-27 16:00:49+00:00,True
2026-02-27 18:00:00+00:00,2026-02-28 11:00:00+00:00,2026-02-28 16:00:00,2,17,0.8083114862442017,2026-02-27 12:00:00+00:00,2026-02-27 16:00:49+00:00,True
2026-02-27 18:00:00+00:00,2026-02-28 12:00:00+00:00,2026-02-28 17:00:00,2,18,0.7741826415061951,2026-02-27 12:00:00+00:00,2026-02-27 16:00:49+00:00,True
2026-02-27 18:00:00+00:00,2026-02-28 13:00:00+00:00,2026-02-28 18:00:00,2,19,0.7297791004180908,2026-02-27 12:00:00+00:00,2026-02-27 16:00:49+00:00,True
2026-02-27 18:00:00+00:00,2026-02-28 14:00:00+00:00,2026-02-28 19:00:00,2,20,0.6913414716720581,2026-02-27 12:00:00+00:00,2026-02-27 16:00:49+00:00,True
2026-02-27 18:00:00+00:00,2026-02-28 15:00:00+00:00,2026-02-28 20:00:00,2,21,0.6558101773262024,2026-02-27 12:00:00+00:00,2026-02-27 16:00:49+00:00,True
2026-02-27 18:00:00+00:00,2026-02-28 16:00:00+00:00,2026-02-28 21:00:00,2,22,0.6665101528167725,2026-02-27 12:00:00+00:00,2026-02-27 16:00:49+00:00,True
2026-02-27 18:00:00+00:00,2026-02-28 17:00:00+00:00,2026-02-28 22:00:00,2,23,0.6671789288520813,2026-02-27 12:00:00+00:00,2026-02-27 16:00:49+00:00,True
2026-02-27 18:00:00+00:00,2026-02-28 18:00:00+00:00,2026-02-28 23:00:00,2,24,0.659218943119049,2026-02-27 12:00:00+00:00,2026-02-27 16:00:49+00:00,True
2026-02-27 18:00:00+00:00,2026-02-28 19:00:00+00:00,2026-03-01 00:00:00,2,25,0.6427949905395508,2026-02-27 12:00:00+00:00,2026-02-27 16:00:49+00:00,False
2026-02-27 18:00:00+00:00,2026-02-28 20:00:00+00:00,2026-03-01 01:00:00,2,26,0.6229639291763306,2026-02-27 12:00:00+00:00,2026-02-27 16:00:49+00:00,False
2026-02-27 18:00:00+00:00,2026-02-28 21:00:00+00:00,2026-03-01 02:00:00,2,27,0.5907043814659119,2026-02-27 12:00:00+00:00,2026-02-27 16:00:49+00:00,False
2026-02-27 18:00:00+00:00,2026-02-28 22:00:00+00:00,2026-03-01 03:00:00,2,28,0.5147343754768372,2026-02-27 12:00:00+00:00,2026-02-27 16:00:49+00:00,False
2026-02-27 18:00:00+00:00,2026-02-28 23:00:00+00:00,2026-03-01 04:00:00,2,29,0.424994158744812,2026-02-27 12:00:00+00:00,2026-02-27 16:00:49+00:00,False
2026-02-27 18:00:00+00:00,2026-03-01 00:00:00+00:00,2026-03-01 05:00:00,2,30,0.3335197627544403,2026-02-27 12:00:00+00:00,2026-02-27 16:00:49+00:00,False
2026-02-27 18:00:00+00:00,2026-03-01 01:00:00+00:00,2026-03-01 06:00:00,2,31,0.22758747339248658,2026-02-27 12:00:00+00:00,2026-02-27 16:00:49+00:00,False
2026-02-27 18:00:00+00:00,2026-03-01 02:00:00+00:00,2026-03-01 07:00:00,2,32,0.14464281797409057,2026-02-27 12:00:00+00:00,2026-02-27 16:00:49+00:00,False
2026-02-27 18:00:00+00:00,2026-03-01 03:00:00+00:00,2026-03-01 08:00:00,2,33,0.09338319003582,2026-02-27 12:00:00+00:00,2026-02-27 16:00:49+00:00,False
2026-02-27 18:00:00+00:00,2026-03-01 04:00:00+00:00,2026-03-01 09:00:00,2,34,0.07886003404855728,2026-02-27 12:00:00+00:00,2026-02-27 16:00:49+00:00,False
2026-02-27 18:00:00+00:00,2026-03-01 05:00:00+00:00,2026-03-01 10:00:00,2,35,0.07107999175786972,2026-02-27 12:00:00+00:00,2026-02-27 16:00:49+00:00,False
2026-02-27 18:00:00+00:00,2026-03-01 06:00:00+00:00,2026-03-01 11:00:00,2,36,0.06943701729178428,2026-02-27 12:00:00+00:00,2026-02-27 16:00:49+00:00,False
2026-02-27 18:00:00+00:00,2026-03-01 07:00:00+00:00,2026-03-01 12:00:00,2,37,0.0662720374763012,2026-02-27 12:00:00+00:00,2026-02-27 16:00:49+00:00,False
2026-02-27 18:00:00+00:00,2026-03-01 08:00:00+00:00,2026-03-01 13:00:00,2,38,0.06656247898936271,2026-02-27 12:00:00+00:00,2026-02-27 16:00:49+00:00,False
2026-02-27 18:00:00+00:00,2026-03-01 09:00:00+00:00,2026-03-01 14:00:00,2,39,0.06874829456210137,2026-02-27 12:00:00+00:00,2026-02-27 16:00:49+00:00,False
2026-02-27 18:00:00+00:00,2026-03-01 10:00:00+00:00,2026-03-01 15:00:00,2,40,0.06534263491630554,2026-02-27 12:00:00+00:00,2026-02-27 16:00:49+00:00,False
2026-02-27 18:00:00+00:00,2026-03-01 11:00:00+00:00,2026-03-01 16:00:00,2,41,0.06387283280491829,2026-02-27 12:00:00+00:00,2026-02-27 16:00:49+00:00,False
2026-02-27 18:00:00+00:00,2026-03-01 12:00:00+00:00,2026-03-01 17:00:00,2,42,0.06317092701792718,2026-02-27 12:00:00+00:00,2026-02-27 16:00:49+00:00,False
2026-02-27 18:00:00+00:00,2026-03-01 13:00:00+00:00,2026-03-01 18:00:00,2,43,0.03906812071800232,2026-02-27 12:00:00+00:00,2026-02-27 16:00:49+00:00,False
2026-02-27 18:00:00+00:00,2026-03-01 14:00:00+00:00,2026-03-01 19:00:00,2,44,0.021381892450153827,2026-02-27 12:00:00+00:00,2026-02-27 16:00:49+00:00,False
2026-02-27 18:00:00+00:00,2026-03-01 15:00:00+00:00,2026-03-01 20:00:00,2,45,0.033993156626820564,2026-02-27 12:00:00+00:00,2026-02-27 16:00:49+00:00,False
2026-02-27 18:00:00+00:00,2026-03-01 16:00:00+00:00,2026-03-01 21:00:00,2,46,0.07472319304943084,2026-02-27 12:00:00+00:00,2026-02-27 16:00:49+00:00,False
2026-02-27 18:00:00+00:00,2026-03-01 17:00:00+00:00,2026-03-01 22:00:00,2,47,0.2655648559331894,2026-02-27 12:00:00+00:00,2026-02-27 16:00:49+00:00,False
2026-02-27 18:00:00+00:00,2026-03-01 18:00:00+00:00,2026-03-01 23:00:00,2,48,0.6846784055233002,2026-02-27 12:00:00+00:00,2026-02-27 16:00:49+00:00,False
2026-02-28 18:00:00+00:00,2026-02-28 19:00:00+00:00,2026-03-01 00:00:00,1,1,0.2583493500947952,2026-02-28 12:00:00+00:00,2026-02-28 15:55:20+00:00,False
2026-02-28 18:00:00+00:00,2026-02-28 20:00:00+00:00,2026-03-01 01:00:00,1,2,0.198565074801445,2026-02-28 12:00:00+00:00,2026-02-28 15:55:20+00:00,False
2026-02-28 18:00:00+00:00,2026-02-28 21:00:00+00:00,2026-03-01 02:00:00,1,3,0.14505076333880423,2026-02-28 12:00:00+00:00,2026-02-28 15:55:20+00:00,False
2026-02-28 18:00:00+00:00,2026-02-28 22:00:00+00:00,2026-03-01 03:00:00,1,4,0.10324835181236267,2026-02-28 12:00:00+00:00,2026-02-28 15:55:20+00:00,False
2026-02-28 18:00:00+00:00,2026-02-28 23:00:00+00:00,2026-03-01 04:00:00,1,5,0.074339484795928,2026-02-28 12:00:00+00:00,2026-02-28 15:55:20+00:00,False
2026-02-28 18:00:00+00:00,2026-03-01 00:00:00+00:00,2026-03-01 05:00:00,1,6,0.05615176446735859,2026-02-28 12:00:00+00:00,2026-02-28 15:55:20+00:00,False
2026-02-28 18:00:00+00:00,2026-03-01 01:00:00+00:00,2026-03-01 06:00:00,1,7,0.04028360247611999,2026-02-28 12:00:00+00:00,2026-02-28 15:55:20+00:00,False
2026-02-28 18:00:00+00:00,2026-03-01 02:00:00+00:00,2026-03-01 07:00:00,1,8,0.029036028124392033,2026-02-28 12:00:00+00:00,2026-02-28 15:55:20+00:00,False
2026-02-28 18:00:00+00:00,2026-03-01 03:00:00+00:00,2026-03-01 08:00:00,1,9,0.021854658238589765,2026-02-28 12:00:00+00:00,2026-02-28 15:55:20+00:00,False
2026-02-28 18:00:00+00:00,2026-03-01 04:00:00+00:00,2026-03-01 09:00:00,1,10,0.01936053093522787,2026-02-28 12:00:00+00:00,2026-02-28 15:55:20+00:00,False
2026-02-28 18:00:00+00:00,2026-03-01 05:00:00+00:00,2026-03-01 10:00:00,1,11,0.017996853962540627,2026-02-28 12:00:00+00:00,2026-02-28 15:55:20+00:00,False
2026-02-28 18:00:00+00:00,2026-03-01 06:00:00+00:00,2026-03-01 11:00:00,1,12,0.01854606196284294,2026-02-28 12:00:00+00:00,2026-02-28 15:55:20+00:00,False
2026-02-28 18:00:00+00:00,2026-03-01 07:00:00+00:00,2026-03-01 12:00:00,1,13,0.024811026826500892,2026-02-28 12:00:00+00:00,2026-02-28 15:55:20+00:00,False
2026-02-28 18:00:00+00:00,2026-03-01 08:00:00+00:00,2026-03-01 13:00:00,1,14,0.034756047651171684,2026-02-28 12:00:00+00:00,2026-02-28 15:55:20+00:00,False
2026-02-28 18:00:00+00:00,2026-03-01 09:00:00+00:00,2026-03-01 14:00:00,1,15,0.047075726091861725,2026-02-28 12:00:00+00:00,2026-02-28 15:55:20+00:00,False
2026-02-28 18:00:00+00:00,2026-03-01 10:00:00+00:00,2026-03-01 15:00:00,1,16,0.04683032557368279,2026-02-28 12:00:00+00:00,2026-02-28 15:55:20+00:00,False
2026-02-28 18:00:00+00:00,2026-03-01 11:00:00+00:00,2026-03-01 16:00:00,1,17,0.050924837589263916,2026-02-28 12:00:00+00:00,2026-02-28 15:55:20+00:00,False
2026-02-28 18:00:00+00:00,2026-03-01 12:00:00+00:00,2026-03-01 17:00:00,1,18,0.05940503925085068,2026-02-28 12:00:00+00:00,2026-02-28 15:55:20+00:00,False
2026-02-28 18:00:00+00:00,2026-03-01 13:00:00+00:00,2026-03-01 18:00:00,1,19,0.03405651394277811,2026-02-28 12:00:00+00:00,2026-02-28 15:55:20+00:00,False
2026-02-28 18:00:00+00:00,2026-03-01 14:00:00+00:00,2026-03-01 19:00:00,1,20,0.0303006324917078,2026-02-28 12:00:00+00:00,2026-02-28 15:55:20+00:00,False
2026-02-28 18:00:00+00:00,2026-03-01 15:00:00+00:00,2026-03-01 20:00:00,1,21,0.05337220877408981,2026-02-28 12:00:00+00:00,2026-02-28 15:55:20+00:00,False
2026-02-28 18:00:00+00:00,2026-03-01 16:00:00+00:00,2026-03-01 21:00:00,1,22,0.16187379360198975,2026-02-28 12:00:00+00:00,2026-02-28 15:55:20+00:00,False
2026-02-28 18:00:00+00:00,2026-03-01 17:00:00+00:00,2026-03-01 22:00:00,1,23,0.6386695146560669,2026-02-28 12:00:00+00:00,2026-02-28 15:55:20+00:00,False
2026-02-28 18:00:00+00:00,2026-03-01 18:00:00+00:00,2026-03-01 23:00:00,1,24,0.8849684476852417,2026-02-28 12:00:00+00:00,2026-02-28 15:55:20+00:00,False
2026-02-28 18:00:00+00:00,2026-03-01 19:00:00+00:00,2026-03-02 00:00:00,1,25,0.9217274904251098,2026-02-28 12:00:00+00:00,2026-02-28 15:55:20+00:00,False
2026-02-28 18:00:00+00:00,2026-03-01 20:00:00+00:00,2026-03-02 01:00:00,1,26,0.9454991102218628,2026-02-28 12:00:00+00:00,2026-02-28 15:55:20+00:00,False
2026-02-28 18:00:00+00:00,2026-03-01 21:00:00+00:00,2026-03-02 02:00:00,1,27,0.9585378766059875,2026-02-28 12:00:00+00:00,2026-02-28 15:55:20+00:00,False
2026-02-28 18:00:00+00:00,2026-03-01 22:00:00+00:00,2026-03-02 03:00:00,1,28,0.9497618675231934,2026-02-28 12:00:00+00:00,2026-02-28 15:55:20+00:00,False
2026-02-28 18:00:00+00:00,2026-03-01 23:00:00+00:00,2026-03-02 04:00:00,1,29,0.9387928485870362,2026-02-28 12:00:00+00:00,2026-02-28 15:55:20+00:00,False
2026-02-28 18:00:00+00:00,2026-03-02 00:00:00+00:00,2026-03-02 05:00:00,1,30,0.9212105989456176,2026-02-28 12:00:00+00:00,2026-02-28 15:55:20+00:00,False
2026-02-28 18:00:00+00:00,2026-03-02 01:00:00+00:00,2026-03-02 06:00:00,1,31,0.8395749449729919,2026-02-28 12:00:00+00:00,2026-02-28 15:55:20+00:00,False
2026-02-28 18:00:00+00:00,2026-03-02 02:00:00+00:00,2026-03-02 07:00:00,1,32,0.6971152305603028,2026-02-28 12:00:00+00:00,2026-02-28 15:55:20+00:00,False
2026-02-28 18:00:00+00:00,2026-03-02 03:00:00+00:00,2026-03-02 08:00:00,1,33,0.5308909952640534,2026-02-28 12:00:00+00:00,2026-02-28 15:55:20+00:00,False
2026-02-28 18:00:00+00:00,2026-03-02 04:00:00+00:00,2026-03-02 09:00:00,1,34,0.6090707123279572,2026-02-28 12:00:00+00:00,2026-02-28 15:55:20+00:00,False
2026-02-28 18:00:00+00:00,2026-03-02 05:00:00+00:00,2026-03-02 10:00:00,1,35,0.7309488415718078,2026-02-28 12:00:00+00:00,2026-02-28 15:55:20+00:00,False
2026-02-28 18:00:00+00:00,2026-03-02 06:00:00+00:00,2026-03-02 11:00:00,1,36,0.8884629726409912,2026-02-28 12:00:00+00:00,2026-02-28 15:55:20+00:00,False
2026-02-28 18:00:00+00:00,2026-03-02 07:00:00+00:00,2026-03-02 12:00:00,1,37,0.7865079641342163,2026-02-28 12:00:00+00:00,2026-02-28 15:55:20+00:00,False
2026-02-28 18:00:00+00:00,2026-03-02 08:00:00+00:00,2026-03-02 13:00:00,1,38,0.6418445587158204,2026-02-28 12:00:00+00:00,2026-02-28 15:55:20+00:00,False
2026-02-28 18:00:00+00:00,2026-03-02 09:00:00+00:00,2026-03-02 14:00:00,1,39,0.4772567093372345,2026-02-28 12:00:00+00:00,2026-02-28 15:55:20+00:00,False
2026-02-28 18:00:00+00:00,2026-03-02 10:00:00+00:00,2026-03-02 15:00:00,1,40,0.1971723645925522,2026-02-28 12:00:00+00:00,2026-02-28 15:55:20+00:00,False
2026-02-28 18:00:00+00:00,2026-03-02 11:00:00+00:00,2026-03-02 16:00:00,1,41,0.10302440747618676,2026-02-28 12:00:00+00:00,2026-02-28 15:55:20+00:00,False
2026-02-28 18:00:00+00:00,2026-03-02 12:00:00+00:00,2026-03-02 17:00:00,1,42,0.06594414934515953,2026-02-28 12:00:00+00:00,2026-02-28 15:55:20+00:00,False
2026-02-28 18:00:00+00:00,2026-03-02 13:00:00+00:00,2026-03-02 18:00:00,1,43,0.05764945521950722,2026-02-28 12:00:00+00:00,2026-02-28 15:55:20+00:00,False
2026-02-28 18:00:00+00:00,2026-03-02 14:00:00+00:00,2026-03-02 19:00:00,1,44,0.05282473564147949,2026-02-28 12:00:00+00:00,2026-02-28 15:55:20+00:00,False
2026-02-28 18:00:00+00:00,2026-03-02 15:00:00+00:00,2026-03-02 20:00:00,1,45,0.049999621510505673,2026-02-28 12:00:00+00:00,2026-02-28 15:55:20+00:00,False
2026-02-28 18:00:00+00:00,2026-03-02 16:00:00+00:00,2026-03-02 21:00:00,1,46,0.05744181126356125,2026-02-28 12:00:00+00:00,2026-02-28 15:55:20+00:00,False
2026-02-28 18:00:00+00:00,2026-03-02 17:00:00+00:00,2026-03-02 22:00:00,1,47,0.06429642215371131,2026-02-28 12:00:00+00:00,2026-02-28 15:55:20+00:00,False
2026-02-28 18:00:00+00:00,2026-03-02 18:00:00+00:00,2026-03-02 23:00:00,1,48,0.06881351694464684,2026-02-28 12:00:00+00:00,2026-02-28 15:55:20+00:00,False
2026-02-28 18:00:00+00:00,2026-02-28 19:00:00+00:00,2026-03-01 00:00:00,2,1,0.24295022934675217,2026-02-28 12:00:00+00:00,2026-02-28 15:55:20+00:00,False
2026-02-28 18:00:00+00:00,2026-02-28 20:00:00+00:00,2026-03-01 01:00:00,2,2,0.18575894683599473,2026-02-28 12:00:00+00:00,2026-02-28 15:55:20+00:00,False
2026-02-28 18:00:00+00:00,2026-02-28 21:00:00+00:00,2026-03-01 02:00:00,2,3,0.13414693623781204,2026-02-28 12:00:00+00:00,2026-02-28 15:55:20+00:00,False
2026-02-28 18:00:00+00:00,2026-02-28 22:00:00+00:00,2026-03-01 03:00:00,2,4,0.09523205310106278,2026-02-28 12:00:00+00:00,2026-02-28 15:55:20+00:00,False
2026-02-28 18:00:00+00:00,2026-02-28 23:00:00+00:00,2026-03-01 04:00:00,2,5,0.06762017905712128,2026-02-28 12:00:00+00:00,2026-02-28 15:55:20+00:00,False
2026-02-28 18:00:00+00:00,2026-03-01 00:00:00+00:00,2026-03-01 05:00:00,2,6,0.05122887492179871,2026-02-28 12:00:00+00:00,2026-02-28 15:55:20+00:00,False
2026-02-28 18:00:00+00:00,2026-03-01 01:00:00+00:00,2026-03-01 06:00:00,2,7,0.036907491832971574,2026-02-28 12:00:00+00:00,2026-02-28 15:55:20+00:00,False
2026-02-28 18:00:00+00:00,2026-03-01 02:00:00+00:00,2026-03-01 07:00:00,2,8,0.026631669886410237,2026-02-28 12:00:00+00:00,2026-02-28 15:55:20+00:00,False
2026-02-28 18:00:00+00:00,2026-03-01 03:00:00+00:00,2026-03-01 08:00:00,2,9,0.019977210462093352,2026-02-28 12:00:00+00:00,2026-02-28 15:55:20+00:00,False
2026-02-28 18:00:00+00:00,2026-03-01 04:00:00+00:00,2026-03-01 09:00:00,2,10,0.017709989100694656,2026-02-28 12:00:00+00:00,2026-02-28 15:55:20+00:00,False
2026-02-28 18:00:00+00:00,2026-03-01 05:00:00+00:00,2026-03-01 10:00:00,2,11,0.01643386483192444,2026-02-28 12:00:00+00:00,2026-02-28 15:55:20+00:00,False
2026-02-28 18:00:00+00:00,2026-03-01 06:00:00+00:00,2026-03-01 11:00:00,2,12,0.016589966230094434,2026-02-28 12:00:00+00:00,2026-02-28 15:55:20+00:00,False
2026-02-28 18:00:00+00:00,2026-03-01 07:00:00+00:00,2026-03-01 12:00:00,2,13,0.022521883249282837,2026-02-28 12:00:00+00:00,2026-02-28 15:55:20+00:00,False
2026-02-28 18:00:00+00:00,2026-03-01 08:00:00+00:00,2026-03-01 13:00:00,2,14,0.03182650655508042,2026-02-28 12:00:00+00:00,2026-02-28 15:55:20+00:00,False
2026-02-28 18:00:00+00:00,2026-03-01 09:00:00+00:00,2026-03-01 14:00:00,2,15,0.04317193105816841,2026-02-28 12:00:00+00:00,2026-02-28 15:55:20+00:00,False
2026-02-28 18:00:00+00:00,2026-03-01 10:00:00+00:00,2026-03-01 15:00:00,2,16,0.04235199354588985,2026-02-28 12:00:00+00:00,2026-02-28 15:55:20+00:00,False
2026-02-28 18:00:00+00:00,2026-03-01 11:00:00+00:00,2026-03-01 16:00:00,2,17,0.046309434622526166,2026-02-28 12:00:00+00:00,2026-02-28 15:55:20+00:00,False
2026-02-28 18:00:00+00:00,2026-03-01 12:00:00+00:00,2026-03-01 17:00:00,2,18,0.05389301851391792,2026-02-28 12:00:00+00:00,2026-02-28 15:55:20+00:00,False
2026-02-28 18:00:00+00:00,2026-03-01 13:00:00+00:00,2026-03-01 18:00:00,2,19,0.02924128621816635,2026-02-28 12:00:00+00:00,2026-02-28 15:55:20+00:00,False
2026-02-28 18:00:00+00:00,2026-03-01 14:00:00+00:00,2026-03-01 19:00:00,2,20,0.02776959240436554,2026-02-28 12:00:00+00:00,2026-02-28 15:55:20+00:00,False
2026-02-28 18:00:00+00:00,2026-03-01 15:00:00+00:00,2026-03-01 20:00:00,2,21,0.04874485954642296,2026-02-28 12:00:00+00:00,2026-02-28 15:55:20+00:00,False
2026-02-28 18:00:00+00:00,2026-03-01 16:00:00+00:00,2026-03-01 21:00:00,2,22,0.14741126000881194,2026-02-28 12:00:00+00:00,2026-02-28 15:55:20+00:00,False
2026-02-28 18:00:00+00:00,2026-03-01 17:00:00+00:00,2026-03-01 22:00:00,2,23,0.6058968156576157,2026-02-28 12:00:00+00:00,2026-02-28 15:55:20+00:00,False
2026-02-28 18:00:00+00:00,2026-03-01 18:00:00+00:00,2026-03-01 23:00:00,2,24,0.8677761316299438,2026-02-28 12:00:00+00:00,2026-02-28 15:55:20+00:00,False
2026-02-28 18:00:00+00:00,2026-03-01 19:00:00+00:00,2026-03-02 00:00:00,2,25,0.9071382880210876,2026-02-28 12:00:00+00:00,2026-02-28 15:55:20+00:00,False
2026-02-28 18:00:00+00:00,2026-03-01 20:00:00+00:00,2026-03-02 01:00:00,2,26,0.9352424263954162,2026-02-28 12:00:00+00:00,2026-02-28 15:55:20+00:00,False
2026-02-28 18:00:00+00:00,2026-03-01 21:00:00+00:00,2026-03-02 02:00:00,2,27,0.9510850191116333,2026-02-28 12:00:00+00:00,2026-02-28 15:55:20+00:00,False
2026-02-28 18:00:00+00:00,2026-03-01 22:00:00+00:00,2026-03-02 03:00:00,2,28,0.9404089212417602,2026-02-28 12:00:00+00:00,2026-02-28 15:55:20+00:00,False
2026-02-28 18:00:00+00:00,2026-03-01 23:00:00+00:00,2026-03-02 04:00:00,2,29,0.9274273157119751,2026-02-28 12:00:00+00:00,2026-02-28 15:55:20+00:00,False
2026-02-28 18:00:00+00:00,2026-03-02 00:00:00+00:00,2026-03-02 05:00:00,2,30,0.906379783153534,2026-02-28 12:00:00+00:00,2026-02-28 15:55:20+00:00,False
2026-02-28 18:00:00+00:00,2026-03-02 01:00:00+00:00,2026-03-02 06:00:00,2,31,0.8156933426856995,2026-02-28 12:00:00+00:00,2026-02-28 15:55:20+00:00,False
2026-02-28 18:00:00+00:00,2026-03-02 02:00:00+00:00,2026-03-02 07:00:00,2,32,0.6749711990356445,2026-02-28 12:00:00+00:00,2026-02-28 15:55:20+00:00,False
2026-02-28 18:00:00+00:00,2026-03-02 03:00:00+00:00,2026-03-02 08:00:00,2,33,0.5187425136566162,2026-02-28 12:00:00+00:00,2026-02-28 15:55:20+00:00,False
2026-02-28 18:00:00+00:00,2026-03-02 04:00:00+00:00,2026-03-02 09:00:00,2,34,0.6048291027545929,2026-02-28 12:00:00+00:00,2026-02-28 15:55:20+00:00,False
2026-02-28 18:00:00+00:00,2026-03-02 05:00:00+00:00,2026-03-02 10:00:00,2,35,0.7338471055030823,2026-02-28 12:00:00+00:00,2026-02-28 15:55:20+00:00,False
2026-02-28 18:00:00+00:00,2026-03-02 06:00:00+00:00,2026-03-02 11:00:00,2,36,0.8832481026649475,2026-02-28 12:00:00+00:00,2026-02-28 15:55:20+00:00,False
2026-02-28 18:00:00+00:00,2026-03-02 07:00:00+00:00,2026-03-02 12:00:00,2,37,0.785732114315033,2026-02-28 12:00:00+00:00,2026-02-28 15:55:20+00:00,False
2026-02-28 18:00:00+00:00,2026-03-02 08:00:00+00:00,2026-03-02 13:00:00,2,38,0.6481875061988831,2026-02-28 12:00:00+00:00,2026-02-28 15:55:20+00:00,False
2026-02-28 18:00:00+00:00,2026-03-02 09:00:00+00:00,2026-03-02 14:00:00,2,39,0.4900652259588242,2026-02-28 12:00:00+00:00,2026-02-28 15:55:20+00:00,False
2026-02-28 18:00:00+00:00,2026-03-02 10:00:00+00:00,2026-03-02 15:00:00,2,40,0.19760265052318574,2026-02-28 12:00:00+00:00,2026-02-28 15:55:20+00:00,False
2026-02-28 18:00:00+00:00,2026-03-02 11:00:00+00:00,2026-03-02 16:00:00,2,41,0.09844480305910111,2026-02-28 12:00:00+00:00,2026-02-28 15:55:20+00:00,False
2026-02-28 18:00:00+00:00,2026-03-02 12:00:00+00:00,2026-03-02 17:00:00,2,42,0.06123408749699592,2026-02-28 12:00:00+00:00,2026-02-28 15:55:20+00:00,False
2026-02-28 18:00:00+00:00,2026-03-02 13:00:00+00:00,2026-03-02 18:00:00,2,43,0.052910133451223376,2026-02-28 12:00:00+00:00,2026-02-28 15:55:20+00:00,False
2026-02-28 18:00:00+00:00,2026-03-02 14:00:00+00:00,2026-03-02 19:00:00,2,44,0.04722161293029785,2026-02-28 12:00:00+00:00,2026-02-28 15:55:20+00:00,False
2026-02-28 18:00:00+00:00,2026-03-02 15:00:00+00:00,2026-03-02 20:00:00,2,45,0.04219718985259533,2026-02-28 12:00:00+00:00,2026-02-28 15:55:20+00:00,False
2026-02-28 18:00:00+00:00,2026-03-02 16:00:00+00:00,2026-03-02 21:00:00,2,46,0.04768526628613472,2026-02-28 12:00:00+00:00,2026-02-28 15:55:20+00:00,False
2026-02-28 18:00:00+00:00,2026-03-02 17:00:00+00:00,2026-03-02 22:00:00,2,47,0.05287888199090958,2026-02-28 12:00:00+00:00,2026-02-28 15:55:20+00:00,False
2026-02-28 18:00:00+00:00,2026-03-02 18:00:00+00:00,2026-03-02 23:00:00,2,48,0.05616946220397949,2026-02-28 12:00:00+00:00,2026-02-28 15:55:20+00:00,False
