as_of,valid_time,turbine_id,lead_hour,initialization_time,available_at,power,predicted_power
2025-12-31 18:00:00+00:00,2025-12-31 19:00:00+00:00,1,1,2025-12-31 12:00:00+00:00,2025-12-31 15:59:28+00:00,0.015,0.09497462436556817
2025-12-31 18:00:00+00:00,2025-12-31 20:00:00+00:00,1,2,2025-12-31 12:00:00+00:00,2025-12-31 15:59:28+00:00,0.16,0.2719759166240692
2025-12-31 18:00:00+00:00,2025-12-31 21:00:00+00:00,1,3,2025-12-31 12:00:00+00:00,2025-12-31 15:59:28+00:00,0.6366666666666667,0.6321202635765075
2025-12-31 18:00:00+00:00,2025-12-31 22:00:00+00:00,1,4,2025-12-31 12:00:00+00:00,2025-12-31 15:59:28+00:00,0.9883333333333333,0.7556645035743713
2025-12-31 18:00:00+00:00,2025-12-31 23:00:00+00:00,1,5,2025-12-31 12:00:00+00:00,2025-12-31 15:59:28+00:00,0.9899999999999999,0.9072465777397156
2025-12-31 18:00:00+00:00,2026-01-01 00:00:00+00:00,1,6,2025-12-31 12:00:00+00:00,2025-12-31 15:59:28+00:00,0.9883333333333333,0.9716498732566834
2025-12-31 18:00:00+00:00,2026-01-01 01:00:00+00:00,1,7,2025-12-31 12:00:00+00:00,2025-12-31 15:59:28+00:00,0.9566666666666667,0.9217150330543518
2025-12-31 18:00:00+00:00,2026-01-01 02:00:00+00:00,1,8,2025-12-31 12:00:00+00:00,2025-12-31 15:59:28+00:00,0.8266666666666667,0.7920955419540405
2025-12-31 18:00:00+00:00,2026-01-01 03:00:00+00:00,1,9,2025-12-31 12:00:00+00:00,2025-12-31 15:59:28+00:00,0.5716666666666667,0.582958322763443
2025-12-31 18:00:00+00:00,2026-01-01 04:00:00+00:00,1,10,2025-12-31 12:00:00+00:00,2025-12-31 15:59:28+00:00,0.4083333333333334,0.36078507304191587
2025-12-31 18:00:00+00:00,2026-01-01 05:00:00+00:00,1,11,2025-12-31 12:00:00+00:00,2025-12-31 15:59:28+00:00,0.33666666666666667,0.2172127991914749
2025-12-31 18:00:00+00:00,2026-01-01 06:00:00+00:00,1,12,2025-12-31 12:00:00+00:00,2025-12-31 15:59:28+00:00,0.115,0.1281580463051796
2025-12-31 18:00:00+00:00,2026-01-01 07:00:00+00:00,1,13,2025-12-31 12:00:00+00:00,2025-12-31 15:59:28+00:00,0.045000000000000005,0.06357543542981148
2025-12-31 18:00:00+00:00,2026-01-01 08:00:00+00:00,1,14,2025-12-31 12:00:00+00:00,2025-12-31 15:59:28+00:00,0.065,0.02970262635499239
2025-12-31 18:00:00+00:00,2026-01-01 09:00:00+00:00,1,15,2025-12-31 12:00:00+00:00,2025-12-31 15:59:28+00:00,0.018333333333333333,0.01418291158042848
2025-12-31 18:00:00+00:00,2026-01-01 10:00:00+00:00,1,16,2025-12-31 12:00:00+00:00,2025-12-31 15:59:28+00:00,0.01,0.019509251229465008
2025-12-31 18:00:00+00:00,2026-01-01 11:00:00+00:00,1,17,2025-12-31 12:00:00+00:00,2025-12-31 15:59:28+00:00,0.01,0.03756577186286449
2025-12-31 18:00:00+00:00,2026-01-01 12:00:00+00:00,1,18,2025-12-31 12:00:00+00:00,2025-12-31 15:59:28+00:00,0.011666666666666667,0.0839049719274044
2025-12-31 18:00:00+00:00,2026-01-01 13:00:00+00:00,1,19,2025-12-31 12:00:00+00:00,2025-12-31 15:59:28+00:00,0.023333333333333334,0.16387646794319152
2025-12-31 18:00:00+00:00,2026-01-01 14:00:00+00:00,1,20,2025-12-31 12:00:00+00:00,2025-12-31 15:59:28+00:00,0.02,0.30172966718673705
2025-12-31 18:00:00+00:00,2026-01-01 15:00:00+00:00,1,21,2025-12-31 12:00:00+00:00,2025-12-31 15:59:28+00:00,0.07333333333333333,0.4834881603717804
2025-12-31 18:00:00+00:00,2026-01-01 16:00:00+00:00,1,22,2025-12-31 12:00:00+00:00,2025-12-31 15:59:28+00:00,0.07666666666666667,0.3776195228099823
2025-12-31 18:00:00+00:00,2026-01-01 17:00:00+00:00,1,23,2025-12-31 12:00:00+00:00,2025-12-31 15:59:28+00:00,0.043333333333333335,0.2854409635066986
2025-12-31 18:00:00+00:00,2026-01-01 18:00:00+00:00,1,24,2025-12-31 12:00:00+00:00,2025-12-31 15:59:28+00:00,0.01,0.22809817194938659
2025-12-31 18:00:00+00:00,2026-01-01 19:00:00+00:00,1,25,2025-12-31 12:00:00+00:00,2025-12-31 15:59:28+00:00,0.011666666666666667,0.14159880504012107
2025-12-31 18:00:00+00:00,2026-01-01 20:00:00+00:00,1,26,2025-12-31 12:00:00+00:00,2025-12-31 15:59:28+00:00,0.01,0.09040899649262428
2025-12-31 18:00:00+00:00,2026-01-01 21:00:00+00:00,1,27,2025-12-31 12:00:00+00:00,2025-12-31 15:59:28+00:00,0.01,0.060463390126824376
2025-12-31 18:00:00+00:00,2026-01-01 22:00:00+00:00,1,28,2025-12-31 12:00:00+00:00,2025-12-31 15:59:28+00:00,0.011666666666666667,0.053608105331659314
2025-12-31 18:00:00+00:00,2026-01-01 23:00:00+00:00,1,29,2025-12-31 12:00:00+00:00,2025-12-31 15:59:28+00:00,0.01,0.047707618400454524
2025-12-31 18:00:00+00:00,2026-01-02 00:00:00+00:00,1,30,2025-12-31 12:00:00+00:00,2025-12-31 15:59:28+00:00,0.01,0.04251387435942888
2025-12-31 18:00:00+00:00,2026-01-02 01:00:00+00:00,1,31,2025-12-31 12:00:00+00:00,2025-12-31 15:59:28+00:00,0.01,0.04061427321285009
2025-12-31 18:00:00+00:00,2026-01-02 02:00:00+00:00,1,32,2025-12-31 12:00:00+00:00,2025-12-31 15:59:28+00:00,0.01,0.039378737285733226
2025-12-31 18:00:00+00:00,2026-01-02 03:00:00+00:00,1,33,2025-12-31 12:00:00+00:00,2025-12-31 15:59:28+00:00,0.01,0.03950838204473257
2025-12-31 18:00:00+00:00,2026-01-02 04:00:00+00:00,1,34,2025-12-31 12:00:00+00:00,2025-12-31 15:59:28+00:00,0.075,0.05575928725302219
2025-12-31 18:00:00+00:00,2026-01-02 05:00:00+00:00,1,35,2025-12-31 12:00:00+00:00,2025-12-31 15:59:28+00:00,0.27999999999999997,0.08482045754790306
2025-12-31 18:00:00+00:00,2026-01-02 06:00:00+00:00,1,36,2025-12-31 12:00:00+00:00,2025-12-31 15:59:28+00:00,0.40499999999999997,0.14199569523334504
2025-12-31 18:00:00+00:00,2026-01-02 07:00:00+00:00,1,37,2025-12-31 12:00:00+00:00,2025-12-31 15:59:28+00:00,0.6466666666666666,0.17616891264915466
2025-12-31 18:00:00+00:00,2026-01-02 08:00:00+00:00,1,38,2025-12-31 12:00:00+00:00,2025-12-31 15:59:28+00:00,0.8433333333333334,0.2369096726179123
2025-12-31 18:00:00+00:00,2026-01-02 09:00:00+00:00,1,39,2025-12-31 12:00:00+00:00,2025-12-31 15:59:28+00:00,0.71,0.33334678411483765
2025-12-31 18:00:00+00:00,2026-01-02 10:00:00+00:00,1,40,2025-12-31 12:00:00+00:00,2025-12-31 15:59:28+00:00,0.5750000000000001,0.2577133417129517
2025-12-31 18:00:00+00:00,2026-01-02 11:00:00+00:00,1,41,2025-12-31 12:00:00+00:00,2025-12-31 15:59:28+00:00,0.42333333333333334,0.19613996744155884
2025-12-31 18:00:00+00:00,2026-01-02 12:00:00+00:00,1,42,2025-12-31 12:00:00+00:00,2025-12-31 15:59:28+00:00,0.35833333333333334,0.15049912929534912
2025-12-31 18:00:00+00:00,2026-01-02 13:00:00+00:00,1,43,2025-12-31 12:00:00+00:00,2025-12-31 15:59:28+00:00,0.425,0.16735209077596663
2025-12-31 18:00:00+00:00,2026-01-02 14:00:00+00:00,1,44,2025-12-31 12:00:00+00:00,2025-12-31 15:59:28+00:00,0.445,0.17278726249933243
2025-12-31 18:00:00+00:00,2026-01-02 15:00:00+00:00,1,45,2025-12-31 12:00:00+00:00,2025-12-31 15:59:28+00:00,0.6083333333333333,0.165810427069664
2025-12-31 18:00:00+00:00,2026-01-02 16:00:00+00:00,1,46,2025-12-31 12:00:00+00:00,2025-12-31 15:59:28+00:00,0.875,0.1825064092874527
2025-12-31 18:00:00+00:00,2026-01-02 17:00:00+00:00,1,47,2025-12-31 12:00:00+00:00,2025-12-31 15:59:28+00:00,0.605,0.19695333689451217
2025-12-31 18:00:00+00:00,2026-01-02 18:00:00+00:00,1,48,2025-12-31 12:00:00+00:00,2025-12-31 15:59:28+00:00,0.31666666666666665,0.21996224224567412
2025-12-31 18:00:00+00:00,2025-12-31 19:00:00+00:00,2,1,2025-12-31 12:00:00+00:00,2025-12-31 15:59:28+00:00,0.015,0.08812587223947048
2025-12-31 18:00:00+00:00,2025-12-31 20:00:00+00:00,2,2,2025-12-31 12:00:00+00:00,2025-12-31 15:59:28+00:00,0.16333333333333333,0.2682792142033577
2025-12-31 18:00:00+00:00,2025-12-31 21:00:00+00:00,2,3,2025-12-31 12:00:00+00:00,2025-12-31 15:59:28+00:00,0.63,0.6319607257843017
2025-12-31 18:00:00+00:00,2025-12-31 22:00:00+00:00,2,4,2025-12-31 12:00:00+00:00,2025-12-31 15:59:28+00:00,0.9766666666666666,0.7561221480369568
2025-12-31 18:00:00+00:00,2025-12-31 23:00:00+00:00,2,5,2025-12-31 12:00:00+00:00,2025-12-31 15:59:28+00:00,0.98,0.9061852693557739
2025-12-31 18:00:00+00:00,2026-01-01 00:00:00+00:00,2,6,2025-12-31 12:00:00+00:00,2025-12-31 15:59:28+00:00,0.975,0.9700744867324829
2025-12-31 18:00:00+00:00,2026-01-01 01:00:00+00:00,2,7,2025-12-31 12:00:00+00:00,2025-12-31 15:59:28+00:00,0.9566666666666667,0.919977343082428
2025-12-31 18:00:00+00:00,2026-01-01 02:00:00+00:00,2,8,2025-12-31 12:00:00+00:00,2025-12-31 15:59:28+00:00,0.815,0.7945029377937317
2025-12-31 18:00:00+00:00,2026-01-01 03:00:00+00:00,2,9,2025-12-31 12:00:00+00:00,2025-12-31 15:59:28+00:00,0.585,0.5800573706626893
2025-12-31 18:00:00+00:00,2026-01-01 04:00:00+00:00,2,10,2025-12-31 12:00:00+00:00,2025-12-31 15:59:28+00:00,0.435,0.3620910346508026
2025-12-31 18:00:00+00:00,2026-01-01 05:00:00+00:00,2,11,2025-12-31 12:00:00+00:00,2025-12-31 15:59:28+00:00,0.3333333333333333,0.21771629452705382
2025-12-31 18:00:00+00:00,2026-01-01 06:00:00+00:00,2,12,2025-12-31 12:00:00+00:00,2025-12-31 15:59:28+00:00,0.11166666666666668,0.13013186156749726
2025-12-31 18:00:00+00:00,2026-01-01 07:00:00+00:00,2,13,2025-12-31 12:00:00+00:00,2025-12-31 15:59:28+00:00,0.05666666666666667,0.06456620767712593
2025-12-31 18:00:00+00:00,2026-01-01 08:00:00+00:00,2,14,2025-12-31 12:00:00+00:00,2025-12-31 15:59:28+00:00,0.06833333333333334,0.029742522165179253
2025-12-31 18:00:00+00:00,2026-01-01 09:00:00+00:00,2,15,2025-12-31 12:00:00+00:00,2025-12-31 15:59:28+00:00,0.021666666666666667,0.014265941642224788
2025-12-31 18:00:00+00:00,2026-01-01 10:00:00+00:00,2,16,2025-12-31 12:00:00+00:00,2025-12-31 15:59:28+00:00,0.008333333333333333,0.018549959547817706
2025-12-31 18:00:00+00:00,2026-01-01 11:00:00+00:00,2,17,2025-12-31 12:00:00+00:00,2025-12-31 15:59:28+00:00,0.01,0.03591823633760214
2025-12-31 18:00:00+00:00,2026-01-01 12:00:00+00:00,2,18,2025-12-31 12:00:00+00:00,2025-12-31 15:59:28+00:00,0.011666666666666667,0.08105791285634041
2025-12-31 18:00:00+00:00,2026-01-01 13:00:00+00:00,2,19,2025-12-31 12:00:00+00:00,2025-12-31 15:59:28+00:00,0.023333333333333334,0.16123075187206268
2025-12-31 18:00:00+00:00,2026-01-01 14:00:00+00:00,2,20,2025-12-31 12:00:00+00:00,2025-12-31 15:59:28+00:00,0.018333333333333333,0.2884454011917114
2025-12-31 18:00:00+00:00,2026-01-01 15:00:00+00:00,2,21,2025-12-31 12:00:00+00:00,2025-12-31 15:59:28+00:00,0.07666666666666667,0.45322495698928833
2025-12-31 18:00:00+00:00,2026-01-01 16:00:00+00:00,2,22,2025-12-31 12:00:00+00:00,2025-12-31 15:59:28+00:00,0.065,0.34157989025115965
2025-12-31 18:00:00+00:00,2026-01-01 17:00:00+00:00,2,23,2025-12-31 12:00:00+00:00,2025-12-31 15:59:28+00:00,0.04,0.25490418672561643
2025-12-31 18:00:00+00:00,2026-01-01 18:00:00+00:00,2,24,2025-12-31 12:00:00+00:00,2025-12-31 15:59:28+00:00,0.008333333333333333,0.19923232197761537
2025-12-31 18:00:00+00:00,2026-01-01 19:00:00+00:00,2,25,2025-12-31 12:00:00+00:00,2025-12-31 15:59:28+00:00,0.008333333333333333,0.12147713527083397
2025-12-31 18:00:00+00:00,2026-01-01 20:00:00+00:00,2,26,2025-12-31 12:00:00+00:00,2025-12-31 15:59:28+00:00,0.008333333333333333,0.07527644038200379
2025-12-31 18:00:00+00:00,2026-01-01 21:00:00+00:00,2,27,2025-12-31 12:00:00+00:00,2025-12-31 15:59:28+00:00,0.01,0.051266887411475184
2025-12-31 18:00:00+00:00,2026-01-01 22:00:00+00:00,2,28,2025-12-31 12:00:00+00:00,2025-12-31 15:59:28+00:00,0.008333333333333333,0.04427669942378998
2025-12-31 18:00:00+00:00,2026-01-01 23:00:00+00:00,2,29,2025-12-31 12:00:00+00:00,2025-12-31 15:59:28+00:00,0.005,0.03876166194677353
2025-12-31 18:00:00+00:00,2026-01-02 00:00:00+00:00,2,30,2025-12-31 12:00:00+00:00,2025-12-31 15:59:28+00:00,0.01,0.03521305117756128
2025-12-31 18:00:00+00:00,2026-01-02 01:00:00+00:00,2,31,2025-12-31 12:00:00+00:00,2025-12-31 15:59:28+00:00,0.01,0.034869461134076116
2025-12-31 18:00:00+00:00,2026-01-02 02:00:00+00:00,2,32,2025-12-31 12:00:00+00:00,2025-12-31 15:59:28+00:00,0.01,0.03535040207207203
2025-12-31 18:00:00+00:00,2026-01-02 03:00:00+00:00,2,33,2025-12-31 12:00:00+00:00,2025-12-31 15:59:28+00:00,0.01,0.03605792103335261
2025-12-31 18:00:00+00:00,2026-01-02 04:00:00+00:00,2,34,2025-12-31 12:00:00+00:00,2025-12-31 15:59:28+00:00,0.07666666666666667,0.05157090313732624
2025-12-31 18:00:00+00:00,2026-01-02 05:00:00+00:00,2,35,2025-12-31 12:00:00+00:00,2025-12-31 15:59:28+00:00,0.26666666666666666,0.08182071894407272
2025-12-31 18:00:00+00:00,2026-01-02 06:00:00+00:00,2,36,2025-12-31 12:00:00+00:00,2025-12-31 15:59:28+00:00,0.37666666666666665,0.14050650149583815
2025-12-31 18:00:00+00:00,2026-01-02 07:00:00+00:00,2,37,2025-12-31 12:00:00+00:00,2025-12-31 15:59:28+00:00,0.6766666666666667,0.17850476801395415
2025-12-31 18:00:00+00:00,2026-01-02 08:00:00+00:00,2,38,2025-12-31 12:00:00+00:00,2025-12-31 15:59:28+00:00,0.8849999999999999,0.24370477795600892
2025-12-31 18:00:00+00:00,2026-01-02 09:00:00+00:00,2,39,2025-12-31 12:00:00+00:00,2025-12-31 15:59:28+00:00,0.7450000000000001,0.34466985464096067
2025-12-31 18:00:00+00:00,2026-01-02 10:00:00+00:00,2,40,2025-12-31 12:00:00+00:00,2025-12-31 15:59:28+00:00,0.5816666666666667,0.2618415832519531
2025-12-31 18:00:00+00:00,2026-01-02 11:00:00+00:00,2,41,2025-12-31 12:00:00+00:00,2025-12-31 15:59:28+00:00,0.43333333333333335,0.19458089470863343
2025-12-31 18:00:00+00:00,2026-01-02 12:00:00+00:00,2,42,2025-12-31 12:00:00+00:00,2025-12-31 15:59:28+00:00,0.38000000000000006,0.14536837339401246
2025-12-31 18:00:00+00:00,2026-01-02 13:00:00+00:00,2,43,2025-12-31 12:00:00+00:00,2025-12-31 15:59:28+00:00,0.4466666666666666,0.15468637198209761
2025-12-31 18:00:00+00:00,2026-01-02 14:00:00+00:00,2,44,2025-12-31 12:00:00+00:00,2025-12-31 15:59:28+00:00,0.47,0.15523405820131303
2025-12-31 18:00:00+00:00,2026-01-02 15:00:00+00:00,2,45,2025-12-31 12:00:00+00:00,2025-12-31 15:59:28+00:00,0.66,0.14424400478601457
2025-12-31 18:00:00+00:00,2026-01-02 16:00:00+00:00,2,46,2025-12-31 12:00:00+00:00,2025-12-31 15:59:28+00:00,0.8850000000000001,0.15837799310684203
2025-12-31 18:00:00+00:00,2026-01-02 17:00:00+00:00,2,47,2025-12-31 12:00:00+00:00,2025-12-31 15:59:28+00:00,0.6649999999999999,0.17258820831775665
2025-12-31 18:00:00+00:00,2026-01-02 18:00:00+00:00,2,48,2025-12-31 12:00:00+00:00,2025-12-31 15:59:28+00:00,0.295,0.1910810723900795
2026-01-01 18:00:00+00:00,2026-01-01 19:00:00+00:00,1,1,2026-01-01 12:00:00+00:00,2026-01-01 16:00:43+00:00,0.011666666666666667,0.0426993440836668
2026-01-01 18:00:00+00:00,2026-01-01 20:00:00+00:00,1,2,2026-01-01 12:00:00+00:00,2026-01-01 16:00:43+00:00,0.01,0.03643576428294182
2026-01-01 18:00:00+00:00,2026-01-01 21:00:00+00:00,1,3,2026-01-01 12:00:00+00:00,2026-01-01 16:00:43+00:00,0.01,0.03071641307324171
2026-01-01 18:00:00+00:00,2026-01-01 22:00:00+00:00,1,4,2026-01-01 12:00:00+00:00,2026-01-01 16:00:43+00:00,0.011666666666666667,0.02789489608258009
2026-01-01 18:00:00+00:00,2026-01-01 23:00:00+00:00,1,5,2026-01-01 12:00:00+00:00,2026-01-01 16:00:43+00:00,0.01,0.024632120318710805
2026-01-01 18:00:00+00:00,2026-01-02 00:00:00+00:00,1,6,2026-01-01 12:00:00+00:00,2026-01-01 16:00:43+00:00,0.01,0.02191700804978609
2026-01-01 18:00:00+00:00,2026-01-02 01:00:00+00:00,1,7,2026-01-01 12:00:00+00:00,2026-01-01 16:00:43+00:00,0.01,0.02217476610094309
2026-01-01 18:00:00+00:00,2026-01-02 02:00:00+00:00,1,8,2026-01-01 12:00:00+00:00,2026-01-01 16:00:43+00:00,0.01,0.02246169913560152
2026-01-01 18:00:00+00:00,2026-01-02 03:00:00+00:00,1,9,2026-01-01 12:00:00+00:00,2026-01-01 16:00:43+00:00,0.01,0.022983110696077346
2026-01-01 18:00:00+00:00,2026-01-02 04:00:00+00:00,1,10,2026-01-01 12:00:00+00:00,2026-01-01 16:00:43+00:00,0.075,0.031798777729272844
2026-01-01 18:00:00+00:00,2026-01-02 05:00:00+00:00,1,11,2026-01-01 12:00:00+00:00,2026-01-01 16:00:43+00:00,0.27999999999999997,0.0476647675037384
2026-01-01 18:00:00+00:00,2026-01-02 06:00:00+00:00,1,12,2026-01-01 12:00:00+00:00,2026-01-01 16:00:43+00:00,0.40499999999999997,0.08182051703333855
2026-01-01 18:00:00+00:00,2026-01-02 07:00:00+00:00,1,13,2026-01-01 12:00:00+00:00,2026-01-01 16:00:43+00:00,0.6466666666666666,0.07883159890770912
2026-01-01 18:00:00+00:00,2026-01-02 08:00:00+00:00,1,14,2026-01-01 12:00:00+00:00,2026-01-01 16:00:43+00:00,0.8433333333333334,0.08165878355503083
2026-01-01 18:00:00+00:00,2026-01-02 09:00:00+00:00,1,15,2026-01-01 12:00:00+00:00,2026-01-01 16:00:43+00:00,0.71,0.09010491520166397
2026-01-01 18:00:00+00:00,2026-01-02 10:00:00+00:00,1,16,2026-01-01 12:00:00+00:00,2026-01-01 16:00:43+00:00,0.5750000000000001,0.07971807569265366
2026-01-01 18:00:00+00:00,2026-01-02 11:00:00+00:00,1,17,2026-01-01 12:00:00+00:00,2026-01-01 16:00:43+00:00,0.42333333333333334,0.0738214060664177
2026-01-01 18:00:00+00:00,2026-01-02 12:00:00+00:00,1,18,2026-01-01 12:00:00+00:00,2026-01-01 16:00:43+00:00,0.35833333333333334,0.06642609760165215
2026-01-01 18:00:00+00:00,2026-01-02 13:00:00+00:00,1,19,2026-01-01 12:00:00+00:00,2026-01-01 16:00:43+00:00,0.425,0.08560826331377029
2026-01-01 18:00:00+00:00,2026-01-02 14:00:00+00:00,1,20,2026-01-01 12:00:00+00:00,2026-01-01 16:00:43+00:00,0.445,0.10502769649028779
2026-01-01 18:00:00+00:00,2026-01-02 15:00:00+00:00,1,21,2026-01-01 12:00:00+00:00,2026-01-01 16:00:43+00:00,0.6083333333333333,0.12067798674106597
2026-01-01 18:00:00+00:00,2026-01-02 16:00:00+00:00,1,22,2026-01-01 12:00:00+00:00,2026-01-01 16:00:43+00:00,0.875,0.14093490689992905
2026-01-01 18:00:00+00:00,2026-01-02 17:00:00+00:00,1,23,2026-01-01 12:00:00+00:00,2026-01-01 16:00:43+00:00,0.605,0.1586115688085556
2026-01-01 18:00:00+00:00,2026-01-02 18:00:00+00:00,1,24,2026-01-01 12:00:00+00:00,2026-01-01 16:00:43+00:00,0.31666666666666665,0.17805615663528443
2026-01-01 18:00:00+00:00,2026-01-02 19:00:00+00:00,1,25,2026-01-01 12:00:00+00:00,2026-01-01 16:00:43+00:00,0.26166666666666666,0.1928412824869156
2026-01-01 18:00:00+00:00,2026-01-02 20:00:00+00:00,1,26,2026-01-01 12:00:00+00:00,2026-01-01 16:00:43+00:00,0.22166666666666668,0.21439526081085206
2026-01-01 18:00:00+00:00,2026-01-02 21:00:00+00:00,1,27,2026-01-01 12:00:00+00:00,2026-01-01 16:00:43+00:00,0.36166666666666664,0.23641951084136964
2026-01-01 18:00:00+00:00,2026-01-02 22:00:00+00:00,1,28,2026-01-01 12:00:00+00:00,2026-01-01 16:00:43+00:00,0.17833333333333334,0.21550213098526
2026-01-01 18:00:00+00:00,2026-01-02 23:00:00+00:00,1,29,2026-01-01 12:00:00+00:00,2026-01-01 16:00:43+00:00,0.21,0.19358802139759063
2026-01-01 18:00:00+00:00,2026-01-03 00:00:00+00:00,1,30,2026-01-01 12:00:00+00:00,2026-01-01 16:00:43+00:00,0.255,0.16935076415538788
2026-01-01 18:00:00+00:00,2026-01-03 01:00:00+00:00,1,31,2026-01-01 12:00:00+00:00,2026-01-01 16:00:43+00:00,0.16,0.1490897536277771
2026-01-01 18:00:00+00:00,2026-01-03 02:00:00+00:00,1,32,2026-01-01 12:00:00+00:00,2026-01-01 16:00:43+00:00,0.26,0.13098948150873185
2026-01-01 18:00:00+00:00,2026-01-03 03:00:00+00:00,1,33,2026-01-01 12:00:00+00:00,2026-01-01 16:00:43+00:00,0.22833333333333336,0.11529199928045272
2026-01-01 18:00:00+00:00,2026-01-03 04:00:00+00:00,1,34,2026-01-01 12:00:00+00:00,2026-01-01 16:00:43+00:00,0.165,0.13617680370807647
2026-01-01 18:00:00+00:00,2026-01-03 05:00:00+00:00,1,35,2026-01-01 12:00:00+00:00,2026-01-01 16:00:43+00:00,0.15166666666666667,0.15479836761951446
2026-01-01 18:00:00+00:00,2026-01-03 06:00:00+00:00,1,36,2026-01-01 12:00:00+00:00,2026-01-01 16:00:43+00:00,0.07333333333333333,0.18705994486808777
2026-01-01 18:00:00+00:00,2026-01-03 07:00:00+00:00,1,37,2026-01-01 12:00:00+00:00,2026-01-01 16:00:43+00:00,0.13333333333333333,0.21088621616363526
2026-01-01 18:00:00+00:00,2026-01-03 08:00:00+00:00,1,38,2026-01-01 12:00:00+00:00,2026-01-01 16:00:43+00:00,0.17666666666666667,0.26649352312088015
2026-01-01 18:00:00+00:00,2026-01-03 09:00:00+00:00,1,39,2026-01-01 12:00:00+00:00,2026-01-01 16:00:43+00:00,0.17166666666666666,0.35733993649482726
2026-01-01 18:00:00+00:00,2026-01-03 10:00:00+00:00,1,40,2026-01-01 12:00:00+00:00,2026-01-01 16:00:43+00:00,0.19666666666666666,0.3805252730846405
2026-01-01 18:00:00+00:00,2026-01-03 11:00:00+00:00,1,41,2026-01-01 12:00:00+00:00,2026-01-01 16:00:43+00:00,0.24333333333333332,0.39428704380989077
2026-01-01 18:00:00+00:00,2026-01-03 12:00:00+00:00,1,42,2026-01-01 12:00:00+00:00,2026-01-01 16:00:43+00:00,0.255,0.385822731256485
2026-01-01 18:00:00+00:00,2026-01-03 13:00:00+00:00,1,43,2026-01-01 12:00:00+00:00,2026-01-01 16:00:43+00:00,0.5216666666666666,0.38214834928512575
2026-01-01 18:00:00+00:00,2026-01-03 14:00:00+00:00,1,44,2026-01-01 12:00:00+00:00,2026-01-01 16:00:43+00:00,0.215,0.35519119501113894
2026-01-01 18:00:00+00:00,2026-01-03 15:00:00+00:00,1,45,2026-01-01 12:00:00+00:00,2026-01-01 16:00:43+00:00,0.5683333333333334,0.32446353435516356
2026-01-01 18:00:00+00:00,2026-01-03 16:00:00+00:00,1,46,2026-01-01 12:00:00+00:00,2026-01-01 16:00:43+00:00,0.29833333333333334,0.32996976375579834
2026-01-01 18:00:00+00:00,2026-01-03 17:00:00+00:00,1,47,2026-01-01 12:00:00+00:00,2026-01-01 16:00:43+00:00,0.19000000000000003,0.3326926678419113
2026-01-01 18:00:00+00:00,2026-01-03 18:00:00+00:00,1,48,2026-01-01 12:00:00+00:00,2026-01-01 16:00:43+00:00,0.30833333333333335,0.3319383651018143
2026-01-01 18:00:00+00:00,2026-01-01 19:00:00+00:00,2,1,2026-01-01 12:00:00+00:00,2026-01-01 16:00:43+00:00,0.008333333333333333,0.03619370982050896
2026-01-01 18:00:00+00:00,2026-01-01 20:00:00+00:00,2,2,2026-01-01 12:00:00+00:00,2026-01-01 16:00:43+00:00,0.008333333333333333,0.03081740755587816
2026-01-01 18:00:00+00:00,2026-01-01 21:00:00+00:00,2,3,2026-01-01 12:00:00+00:00,2026-01-01 16:00:43+00:00,0.01,0.02605772241950035
2026-01-01 18:00:00+00:00,2026-01-01 22:00:00+00:00,2,4,2026-01-01 12:00:00+00:00,2026-01-01 16:00:43+00:00,0.008333333333333333,0.02380078211426735
2026-01-01 18:00:00+00:00,2026-01-01 23:00:00+00:00,2,5,2026-01-01 12:00:00+00:00,2026-01-01 16:00:43+00:00,0.005,0.021305228769779205
2026-01-01 18:00:00+00:00,2026-01-02 00:00:00+00:00,2,6,2026-01-01 12:00:00+00:00,2026-01-01 16:00:43+00:00,0.01,0.01895857695490122
2026-01-01 18:00:00+00:00,2026-01-02 01:00:00+00:00,2,7,2026-01-01 12:00:00+00:00,2026-01-01 16:00:43+00:00,0.01,0.018808550853282213
2026-01-01 18:00:00+00:00,2026-01-02 02:00:00+00:00,2,8,2026-01-01 12:00:00+00:00,2026-01-01 16:00:43+00:00,0.01,0.019137053191661833
2026-01-01 18:00:00+00:00,2026-01-02 03:00:00+00:00,2,9,2026-01-01 12:00:00+00:00,2026-01-01 16:00:43+00:00,0.01,0.019903824850916862
2026-01-01 18:00:00+00:00,2026-01-02 04:00:00+00:00,2,10,2026-01-01 12:00:00+00:00,2026-01-01 16:00:43+00:00,0.07666666666666667,0.028667176142334938
2026-01-01 18:00:00+00:00,2026-01-02 05:00:00+00:00,2,11,2026-01-01 12:00:00+00:00,2026-01-01 16:00:43+00:00,0.26666666666666666,0.04612695574760437
2026-01-01 18:00:00+00:00,2026-01-02 06:00:00+00:00,2,12,2026-01-01 12:00:00+00:00,2026-01-01 16:00:43+00:00,0.37666666666666665,0.08264122530817986
2026-01-01 18:00:00+00:00,2026-01-02 07:00:00+00:00,2,13,2026-01-01 12:00:00+00:00,2026-01-01 16:00:43+00:00,0.6766666666666667,0.08033960908651352
2026-01-01 18:00:00+00:00,2026-01-02 08:00:00+00:00,2,14,2026-01-01 12:00:00+00:00,2026-01-01 16:00:43+00:00,0.8849999999999999,0.08418448790907859
2026-01-01 18:00:00+00:00,2026-01-02 09:00:00+00:00,2,15,2026-01-01 12:00:00+00:00,2026-01-01 16:00:43+00:00,0.7450000000000001,0.09215373247861862
2026-01-01 18:00:00+00:00,2026-01-02 10:00:00+00:00,2,16,2026-01-01 12:00:00+00:00,2026-01-01 16:00:43+00:00,0.5816666666666667,0.07864575386047364
2026-01-01 18:00:00+00:00,2026-01-02 11:00:00+00:00,2,17,2026-01-01 12:00:00+00:00,2026-01-01 16:00:43+00:00,0.43333333333333335,0.07245391085743905
2026-01-01 18:00:00+00:00,2026-01-02 12:00:00+00:00,2,18,2026-01-01 12:00:00+00:00,2026-01-01 16:00:43+00:00,0.38000000000000006,0.06508618965744972
2026-01-01 18:00:00+00:00,2026-01-02 13:00:00+00:00,2,19,2026-01-01 12:00:00+00:00,2026-01-01 16:00:43+00:00,0.4466666666666666,0.0833386480808258
2026-01-01 18:00:00+00:00,2026-01-02 14:00:00+00:00,2,20,2026-01-01 12:00:00+00:00,2026-01-01 16:00:43+00:00,0.47,0.09872925132513047
2026-01-01 18:00:00+00:00,2026-01-02 15:00:00+00:00,2,21,2026-01-01 12:00:00+00:00,2026-01-01 16:00:43+00:00,0.66,0.11000656634569168
2026-01-01 18:00:00+00:00,2026-01-02 16:00:00+00:00,2,22,2026-01-01 12:00:00+00:00,2026-01-01 16:00:43+00:00,0.8850000000000001,0.1261039361357689
2026-01-01 18:00:00+00:00,2026-01-02 17:00:00+00:00,2,23,2026-01-01 12:00:00+00:00,2026-01-01 16:00:43+00:00,0.6649999999999999,0.14126840233802795
2026-01-01 18:00:00+00:00,2026-01-02 18:00:00+00:00,2,24,2026-01-01 12:00:00+00:00,2026-01-01 16:00:43+00:00,0.295,0.15483172237873077
2026-01-01 18:00:00+00:00,2026-01-02 19:00:00+00:00,2,25,2026-01-01 12:00:00+00:00,2026-01-01 16:00:43+00:00,0.21166666666666667,0.1646138533949852
2026-01-01 18:00:00+00:00,2026-01-02 20:00:00+00:00,2,26,2026-01-01 12:00:00+00:00,2026-01-01 16:00:43+00:00,0.19833333333333333,0.18145592510700226
2026-01-01 18:00:00+00:00,2026-01-02 21:00:00+00:00,2,27,2026-01-01 12:00:00+00:00,2026-01-01 16:00:43+00:00,0.31,0.2034041166305542
2026-01-01 18:00:00+00:00,2026-01-02 22:00:00+00:00,2,28,2026-01-01 12:00:00+00:00,2026-01-01 16:00:43+00:00,0.15833333333333333,0.18634027242660522
2026-01-01 18:00:00+00:00,2026-01-02 23:00:00+00:00,2,29,2026-01-01 12:00:00+00:00,2026-01-01 16:00:43+00:00,0.18999999999999997,0.16763321161270142
2026-01-01 18:00:00+00:00,2026-01-03 00:00:00+00:00,2,30,2026-01-01 12:00:00+00:00,2026-01-01 16:00:43+00:00,0.25166666666666665,0.14693109542131425
2026-01-01 18:00:00+00:00,2026-01-03 01:00:00+00:00,2,31,2026-01-01 12:00:00+00:00,2026-01-01 16:00:43+00:00,0.14666666666666667,0.12941491305828096
2026-01-01 18:00:00+00:00,2026-01-03 02:00:00+00:00,2,32,2026-01-01 12:00:00+00:00,2026-01-01 16:00:43+00:00,0.26,0.11563253104686737
2026-01-01 18:00:00+00:00,2026-01-03 03:00:00+00:00,2,33,2026-01-01 12:00:00+00:00,2026-01-01 16:00:43+00:00,0.22,0.10510021448135376
2026-01-01 18:00:00+00:00,2026-01-03 04:00:00+00:00,2,34,2026-01-01 12:00:00+00:00,2026-01-01 16:00:43+00:00,0.11833333333333333,0.13223699182271959
2026-01-01 18:00:00+00:00,2026-01-03 05:00:00+00:00,2,35,2026-01-01 12:00:00+00:00,2026-01-01 16:00:43+00:00,0.135,0.15229768455028533
2026-01-01 18:00:00+00:00,2026-01-03 06:00:00+00:00,2,36,2026-01-01 12:00:00+00:00,2026-01-01 16:00:43+00:00,0.06666666666666667,0.18747199475765228
2026-01-01 18:00:00+00:00,2026-01-03 07:00:00+00:00,2,37,2026-01-01 12:00:00+00:00,2026-01-01 16:00:43+00:00,0.14333333333333334,0.21252555251121522
2026-01-01 18:00:00+00:00,2026-01-03 08:00:00+00:00,2,38,2026-01-01 12:00:00+00:00,2026-01-01 16:00:43+00:00,0.16166666666666665,0.2700964331626892
2026-01-01 18:00:00+00:00,2026-01-03 09:00:00+00:00,2,39,2026-01-01 12:00:00+00:00,2026-01-01 16:00:43+00:00,0.15833333333333333,0.36721535325050353
2026-01-01 18:00:00+00:00,2026-01-03 10:00:00+00:00,2,40,2026-01-01 12:00:00+00:00,2026-01-01 16:00:43+00:00,0.19666666666666666,0.3932020962238312
2026-01-01 18:00:00+00:00,2026-01-03 11:00:00+00:00,2,41,2026-01-01 12:00:00+00:00,2026-01-01 16:00:43+00:00,0.20666666666666667,0.40207746624946594
2026-01-01 18:00:00+00:00,2026-01-03 12:00:00+00:00,2,42,2026-01-01 12:00:00+00:00,2026-01-01 16:00:43+00:00,0.2783333333333333,0.37661229968070986
2026-01-01 18:00:00+00:00,2026-01-03 13:00:00+00:00,2,43,2026-01-01 12:00:00+00:00,2026-01-01 16:00:43+00:00,0.5066666666666667,0.3668788254261017
2026-01-01 18:00:00+00:00,2026-01-03 14:00:00+00:00,2,44,2026-01-01 12:00:00+00:00,2026-01-01 16:00:43+00:00,0.245,0.3353435158729553
2026-01-01 18:00:00+00:00,2026-01-03 15:00:00+00:00,2,45,2026-01-01 12:00:00+00:00,2026-01-01 16:00:43+00:00,0.48833333333333334,0.3016924560070038
2026-01-01 18:00:00+00:00,2026-01-03 16:00:00+00:00,2,46,2026-01-01 12:00:00+00:00,2026-01-01 16:00:43+00:00,0.285,0.3027621328830719
2026-01-01 18:00:00+00:00,2026-01-03 17:00:00+00:00,2,47,2026-01-01 12:00:00+00:00,2026-01-01 16:00:43+00:00,0.15833333333333335,0.30230235159397123
2026-01-01 18:00:00+00:00,2026-01-03 18:00:00+00:00,2,48,2026-01-01 12:00:00+00:00,2026-01-01 16:00:43+00:00,0.265,0.3029417753219604
2026-01-02 18:00:00+00:00,2026-01-02 19:00:00+00:00,1,1,2026-01-02 12:00:00+00:00,2026-01-02 16:01:00+00:00,0.26166666666666666,0.3306757271289825
2026-01-02 18:00:00+00:00,2026-01-02 20:00:00+00:00,1,2,2026-01-02 12:00:00+00:00,2026-01-02 16:01:00+00:00,0.22166666666666668,0.3290293276309967
2026-01-02 18:00:00+00:00,2026-01-02 21:00:00+00:00,1,3,2026-01-02 12:00:00+00:00,2026-01-02 16:01:00+00:00,0.36166666666666664,0.3242238461971283
2026-01-02 18:00:00+00:00,2026-01-02 22:00:00+00:00,1,4,2026-01-02 12:00:00+00:00,2026-01-02 16:01:00+00:00,0.17833333333333334,0.28619957268238067
2026-01-02 18:00:00+00:00,2026-01-02 23:00:00+00:00,1,5,2026-01-02 12:00:00+00:00,2026-01-02 16:01:00+00:00,0.21,0.2467770606279373
2026-01-02 18:00:00+00:00,2026-01-03 00:00:00+00:00,1,6,2026-01-02 12:00:00+00:00,2026-01-02 16:01:00+00:00,0.255,0.2035978138446808
2026-01-02 18:00:00+00:00,2026-01-03 01:00:00+00:00,1,7,2026-01-02 12:00:00+00:00,2026-01-02 16:01:00+00:00,0.16,0.18994406163692473
2026-01-02 18:00:00+00:00,2026-01-03 02:00:00+00:00,1,8,2026-01-02 12:00:00+00:00,2026-01-02 16:01:00+00:00,0.26,0.17485200464725495
2026-01-02 18:00:00+00:00,2026-01-03 03:00:00+00:00,1,9,2026-01-02 12:00:00+00:00,2026-01-02 16:01:00+00:00,0.22833333333333336,0.1576520323753357
2026-01-02 18:00:00+00:00,2026-01-03 04:00:00+00:00,1,10,2026-01-02 12:00:00+00:00,2026-01-02 16:01:00+00:00,0.165,0.18707348704338073
2026-01-02 18:00:00+00:00,2026-01-03 05:00:00+00:00,1,11,2026-01-02 12:00:00+00:00,2026-01-02 16:01:00+00:00,0.15166666666666667,0.21823075413703918
2026-01-02 18:00:00+00:00,2026-01-03 06:00:00+00:00,1,12,2026-01-02 12:00:00+00:00,2026-01-02 16:01:00+00:00,0.07333333333333333,0.2756275862455368
2026-01-02 18:00:00+00:00,2026-01-03 07:00:00+00:00,1,13,2026-01-02 12:00:00+00:00,2026-01-02 16:01:00+00:00,0.13333333333333333,0.2729537636041641
2026-01-02 18:00:00+00:00,2026-01-03 08:00:00+00:00,1,14,2026-01-02 12:00:00+00:00,2026-01-02 16:01:00+00:00,0.17666666666666667,0.296326145529747
2026-01-02 18:00:00+00:00,2026-01-03 09:00:00+00:00,1,15,2026-01-02 12:00:00+00:00,2026-01-02 16:01:00+00:00,0.17166666666666666,0.3392705351114273
2026-01-02 18:00:00+00:00,2026-01-03 10:00:00+00:00,1,16,2026-01-02 12:00:00+00:00,2026-01-02 16:01:00+00:00,0.19666666666666666,0.3672581374645233
2026-01-02 18:00:00+00:00,2026-01-03 11:00:00+00:00,1,17,2026-01-02 12:00:00+00:00,2026-01-02 16:01:00+00:00,0.24333333333333332,0.3989234805107117
2026-01-02 18:00:00+00:00,2026-01-03 12:00:00+00:00,1,18,2026-01-02 12:00:00+00:00,2026-01-02 16:01:00+00:00,0.255,0.414435476064682
2026-01-02 18:00:00+00:00,2026-01-03 13:00:00+00:00,1,19,2026-01-02 12:00:00+00:00,2026-01-02 16:01:00+00:00,0.5216666666666666,0.46744743585586546
2026-01-02 18:00:00+00:00,2026-01-03 14:00:00+00:00,1,20,2026-01-02 12:00:00+00:00,2026-01-02 16:01:00+00:00,0.215,0.4882503986358643
2026-01-02 18:00:00+00:00,2026-01-03 15:00:00+00:00,1,21,2026-01-02 12:00:00+00:00,2026-01-02 16:01:00+00:00,0.5683333333333334,0.4845796227455139
2026-01-02 18:00:00+00:00,2026-01-03 16:00:00+00:00,1,22,2026-01-02 12:00:00+00:00,2026-01-02 16:01:00+00:00,0.29833333333333334,0.4359137237071991
2026-01-02 18:00:00+00:00,2026-01-03 17:00:00+00:00,1,23,2026-01-02 12:00:00+00:00,2026-01-02 16:01:00+00:00,0.19000000000000003,0.39186387658119204
2026-01-02 18:00:00+00:00,2026-01-03 18:00:00+00:00,1,24,2026-01-02 12:00:00+00:00,2026-01-02 16:01:00+00:00,0.30833333333333335,0.3532168924808502
2026-01-02 18:00:00+00:00,2026-01-03 19:00:00+00:00,1,25,2026-01-02 12:00:00+00:00,2026-01-02 16:01:00+00:00,0.23166666666666666,0.2908533334732056
2026-01-02 18:00:00+00:00,2026-01-03 20:00:00+00:00,1,26,2026-01-02 12:00:00+00:00,2026-01-02 16:01:00+00:00,0.2866666666666667,0.23601119518280028
2026-01-02 18:00:00+00:00,2026-01-03 21:00:00+00:00,1,27,2026-01-02 12:00:00+00:00,2026-01-02 16:01:00+00:00,0.28,0.18669602274894714
2026-01-02 18:00:00+00:00,2026-01-03 22:00:00+00:00,1,28,2026-01-02 12:00:00+00:00,2026-01-02 16:01:00+00:00,0.19000000000000003,0.18606113493442536
2026-01-02 18:00:00+00:00,2026-01-03 23:00:00+00:00,1,29,2026-01-02 12:00:00+00:00,2026-01-02 16:01:00+00:00,0.2733333333333334,0.18151884973049165
2026-01-02 18:00:00+00:00,2026-01-04 00:00:00+00:00,1,30,2026-01-02 12:00:00+00:00,2026-01-02 16:01:00+00:00,0.26666666666666666,0.17261569797992707
2026-01-02 18:00:00+00:00,2026-01-04 01:00:00+00:00,1,31,2026-01-02 12:00:00+00:00,2026-01-02 16:01:00+00:00,0.39166666666666666,0.11628042459487915
2026-01-02 18:00:00+00:00,2026-01-04 02:00:00+00:00,1,32,2026-01-02 12:00:00+00:00,2026-01-02 16:01:00+00:00,0.30833333333333335,0.07924125045537948
2026-01-02 18:00:00+00:00,2026-01-04 03:00:00+00:00,1,33,2026-01-02 12:00:00+00:00,2026-01-02 16:01:00+00:00,0.5016666666666666,0.05510637164115906
2026-01-02 18:00:00+00:00,2026-01-04 04:00:00+00:00,1,34,2026-01-02 12:00:00+00:00,2026-01-02 16:01:00+00:00,0.07166666666666667,0.03786717560142279
2026-01-02 18:00:00+00:00,2026-01-04 05:00:00+00:00,1,35,2026-01-02 12:00:00+00:00,2026-01-02 16:01:00+00:00,0.07166666666666667,0.02766405688598752
2026-01-02 18:00:00+00:00,2026-01-04 06:00:00+00:00,1,36,2026-01-02 12:00:00+00:00,2026-01-02 16:01:00+00:00,0.07333333333333333,0.02500343108549714
2026-01-02 18:00:00+00:00,2026-01-04 07:00:00+00:00,1,37,2026-01-02 12:00:00+00:00,2026-01-02 16:01:00+00:00,0.01,0.01745668132789433
2026-01-02 18:00:00+00:00,2026-01-04 08:00:00+00:00,1,38,2026-01-02 12:00:00+00:00,2026-01-02 16:01:00+00:00,0.01,0.016276245238259435
2026-01-02 18:00:00+00:00,2026-01-04 09:00:00+00:00,1,39,2026-01-02 12:00:00+00:00,2026-01-02 16:01:00+00:00,0.01,0.032158180885016915
2026-01-02 18:00:00+00:00,2026-01-04 10:00:00+00:00,1,40,2026-01-02 12:00:00+00:00,2026-01-02 16:01:00+00:00,0.03333333333333333,0.03947380613535643
2026-01-02 18:00:00+00:00,2026-01-04 11:00:00+00:00,1,41,2026-01-02 12:00:00+00:00,2026-01-02 16:01:00+00:00,0.25333333333333335,0.07713551893830299
2026-01-02 18:00:00+00:00,2026-01-04 12:00:00+00:00,1,42,2026-01-02 12:00:00+00:00,2026-01-02 16:01:00+00:00,0.6166666666666666,0.17051555812358857
2026-01-02 18:00:00+00:00,2026-01-04 13:00:00+00:00,1,43,2026-01-02 12:00:00+00:00,2026-01-02 16:01:00+00:00,0.6016666666666667,0.27656913697719576
2026-01-02 18:00:00+00:00,2026-01-04 14:00:00+00:00,1,44,2026-01-02 12:00:00+00:00,2026-01-02 16:01:00+00:00,0.6366666666666667,0.3871074736118317
2026-01-02 18:00:00+00:00,2026-01-04 15:00:00+00:00,1,45,2026-01-02 12:00:00+00:00,2026-01-02 16:01:00+00:00,0.47500000000000003,0.4941420316696167
2026-01-02 18:00:00+00:00,2026-01-04 16:00:00+00:00,1,46,2026-01-02 12:00:00+00:00,2026-01-02 16:01:00+00:00,0.3233333333333333,0.5120846331119537
2026-01-02 18:00:00+00:00,2026-01-04 17:00:00+00:00,1,47,2026-01-02 12:00:00+00:00,2026-01-02 16:01:00+00:00,0.4683333333333333,0.5283952951431274
2026-01-02 18:00:00+00:00,2026-01-04 18:00:00+00:00,1,48,2026-01-02 12:00:00+00:00,2026-01-02 16:01:00+00:00,0.7666666666666666,0.5426132082939148
2026-01-02 18:00:00+00:00,2026-01-02 19:00:00+00:00,2,1,2026-01-02 12:00:00+00:00,2026-01-02 16:01:00+00:00,0.21166666666666667,0.3038226068019867
2026-01-02 18:00:00+00:00,2026-01-02 20:00:00+00:00,2,2,2026-01-02 12:00:00+00:00,2026-01-02 16:01:00+00:00,0.19833333333333333,0.29809305667877195
2026-01-02 18:00:00+00:00,2026-01-02 21:00:00+00:00,2,3,2026-01-02 12:00:00+00:00,2026-01-02 16:01:00+00:00,0.31,0.291306734085083
2026-01-02 18:00:00+00:00,2026-01-02 22:00:00+00:00,2,4,2026-01-02 12:00:00+00:00,2026-01-02 16:01:00+00:00,0.15833333333333333,0.252744323015213
2026-01-02 18:00:00+00:00,2026-01-02 23:00:00+00:00,2,5,2026-01-02 12:00:00+00:00,2026-01-02 16:01:00+00:00,0.18999999999999997,0.21504423022270203
2026-01-02 18:00:00+00:00,2026-01-03 00:00:00+00:00,2,6,2026-01-02 12:00:00+00:00,2026-01-02 16:01:00+00:00,0.25166666666666665,0.17976722121238708
2026-01-02 18:00:00+00:00,2026-01-03 01:00:00+00:00,2,7,2026-01-02 12:00:00+00:00,2026-01-02 16:01:00+00:00,0.14666666666666667,0.17217288315296173
2026-01-02 18:00:00+00:00,2026-01-03 02:00:00+00:00,2,8,2026-01-02 12:00:00+00:00,2026-01-02 16:01:00+00:00,0.26,0.16416265666484833
2026-01-02 18:00:00+00:00,2026-01-03 03:00:00+00:00,2,9,2026-01-02 12:00:00+00:00,2026-01-02 16:01:00+00:00,0.22,0.15265574902296067
2026-01-02 18:00:00+00:00,2026-01-03 04:00:00+00:00,2,10,2026-01-02 12:00:00+00:00,2026-01-02 16:01:00+00:00,0.11833333333333333,0.18738498985767366
2026-01-02 18:00:00+00:00,2026-01-03 05:00:00+00:00,2,11,2026-01-02 12:00:00+00:00,2026-01-02 16:01:00+00:00,0.135,0.22325570583343507
2026-01-02 18:00:00+00:00,2026-01-03 06:00:00+00:00,2,12,2026-01-02 12:00:00+00:00,2026-01-02 16:01:00+00:00,0.06666666666666667,0.2870009899139404
2026-01-02 18:00:00+00:00,2026-01-03 07:00:00+00:00,2,13,2026-01-02 12:00:00+00:00,2026-01-02 16:01:00+00:00,0.14333333333333334,0.2861008822917938
2026-01-02 18:00:00+00:00,2026-01-03 08:00:00+00:00,2,14,2026-01-02 12:00:00+00:00,2026-01-02 16:01:00+00:00,0.16166666666666665,0.3072088360786438
2026-01-02 18:00:00+00:00,2026-01-03 09:00:00+00:00,2,15,2026-01-02 12:00:00+00:00,2026-01-02 16:01:00+00:00,0.15833333333333333,0.3509255886077881
2026-01-02 18:00:00+00:00,2026-01-03 10:00:00+00:00,2,16,2026-01-02 12:00:00+00:00,2026-01-02 16:01:00+00:00,0.19666666666666666,0.37964059710502623
2026-01-02 18:00:00+00:00,2026-01-03 11:00:00+00:00,2,17,2026-01-02 12:00:00+00:00,2026-01-02 16:01:00+00:00,0.20666666666666667,0.41035330295562744
2026-01-02 18:00:00+00:00,2026-01-03 12:00:00+00:00,2,18,2026-01-02 12:00:00+00:00,2026-01-02 16:01:00+00:00,0.2783333333333333,0.42157716751098634
2026-01-02 18:00:00+00:00,2026-01-03 13:00:00+00:00,2,19,2026-01-02 12:00:00+00:00,2026-01-02 16:01:00+00:00,0.5066666666666667,0.45909391045570375
2026-01-02 18:00:00+00:00,2026-01-03 14:00:00+00:00,2,20,2026-01-02 12:00:00+00:00,2026-01-02 16:01:00+00:00,0.245,0.4674688339233398
2026-01-02 18:00:00+00:00,2026-01-03 15:00:00+00:00,2,21,2026-01-02 12:00:00+00:00,2026-01-02 16:01:00+00:00,0.48833333333333334,0.45752066373825073
2026-01-02 18:00:00+00:00,2026-01-03 16:00:00+00:00,2,22,2026-01-02 12:00:00+00:00,2026-01-02 16:01:00+00:00,0.285,0.40313823223114015
2026-01-02 18:00:00+00:00,2026-01-03 17:00:00+00:00,2,23,2026-01-02 12:00:00+00:00,2026-01-02 16:01:00+00:00,0.15833333333333335,0.3558472514152527
2026-01-02 18:00:00+00:00,2026-01-03 18:00:00+00:00,2,24,2026-01-02 12:00:00+00:00,2026-01-02 16:01:00+00:00,0.265,0.31556625068187716
2026-01-02 18:00:00+00:00,2026-01-03 19:00:00+00:00,2,25,2026-01-02 12:00:00+00:00,2026-01-02 16:01:00+00:00,0.18333333333333335,0.252883180975914
2026-01-02 18:00:00+00:00,2026-01-03 20:00:00+00:00,2,26,2026-01-02 12:00:00+00:00,2026-01-02 16:01:00+00:00,0.26666666666666666,0.19964739084243774
2026-01-02 18:00:00+00:00,2026-01-03 21:00:00+00:00,2,27,2026-01-02 12:00:00+00:00,2026-01-02 16:01:00+00:00,0.18999999999999997,0.15538692623376846
2026-01-02 18:00:00+00:00,2026-01-03 22:00:00+00:00,2,28,2026-01-02 12:00:00+00:00,2026-01-02 16:01:00+00:00,0.16833333333333333,0.15590014606714248
2026-01-02 18:00:00+00:00,2026-01-03 23:00:00+00:00,2,29,2026-01-02 12:00:00+00:00,2026-01-02 16:01:00+00:00,0.23333333333333336,0.15322590470314026
2026-01-02 18:00:00+00:00,2026-01-04 00:00:00+00:00,2,30,2026-01-02 12:00:00+00:00,2026-01-02 16:01:00+00:00,0.2283333333333333,0.14750379621982573
2026-01-02 18:00:00+00:00,2026-01-04 01:00:00+00:00,2,31,2026-01-02 12:00:00+00:00,2026-01-02 16:01:00+00:00,0.37000000000000005,0.09911474734544753
2026-01-02 18:00:00+00:00,2026-01-04 02:00:00+00:00,2,32,2026-01-02 12:00:00+00:00,2026-01-02 16:01:00+00:00,0.295,0.06730243787169457
2026-01-02 18:00:00+00:00,2026-01-04 03:00:00+00:00,2,33,2026-01-02 12:00:00+00:00,2026-01-02 16:01:00+00:00,0.41,0.048289373889565466
2026-01-02 18:00:00+00:00,2026-01-04 04:00:00+00:00,2,34,2026-01-02 12:00:00+00:00,2026-01-02 16:01:00+00:00,0.04833333333333333,0.03520539756864309
2026-01-02 18:00:00+00:00,2026-01-04 05:00:00+00:00,2,35,2026-01-02 12:00:00+00:00,2026-01-02 16:01:00+00:00,0.07666666666666667,0.026338786352425814
2026-01-02 18:00:00+00:00,2026-01-04 06:00:00+00:00,2,36,2026-01-02 12:00:00+00:00,2026-01-02 16:01:00+00:00,0.06833333333333333,0.023500821460038422
2026-01-02 18:00:00+00:00,2026-01-04 07:00:00+00:00,2,37,2026-01-02 12:00:00+00:00,2026-01-02 16:01:00+00:00,0.01,0.016412775637581943
2026-01-02 18:00:00+00:00,2026-01-04 08:00:00+00:00,2,38,2026-01-02 12:00:00+00:00,2026-01-02 16:01:00+00:00,0.01,0.01537763006053865
2026-01-02 18:00:00+00:00,2026-01-04 09:00:00+00:00,2,39,2026-01-02 12:00:00+00:00,2026-01-02 16:01:00+00:00,0.01,0.031533282995223996
2026-01-02 18:00:00+00:00,2026-01-04 10:00:00+00:00,2,40,2026-01-02 12:00:00+00:00,2026-01-02 16:01:00+00:00,0.03166666666666667,0.03930261712521314
2026-01-02 18:00:00+00:00,2026-01-04 11:00:00+00:00,2,41,2026-01-02 12:00:00+00:00,2026-01-02 16:01:00+00:00,0.265,0.0748392403125763
2026-01-02 18:00:00+00:00,2026-01-04 12:00:00+00:00,2,42,2026-01-02 12:00:00+00:00,2026-01-02 16:01:00+00:00,0.5816666666666667,0.16717584878206254
2026-01-02 18:00:00+00:00,2026-01-04 13:00:00+00:00,2,43,2026-01-02 12:00:00+00:00,2026-01-02 16:01:00+00:00,0.62,0.2698850780725479
2026-01-02 18:00:00+00:00,2026-01-04 14:00:00+00:00,2,44,2026-01-02 12:00:00+00:00,2026-01-02 16:01:00+00:00,0.6566666666666666,0.38260616064071656
2026-01-02 18:00:00+00:00,2026-01-04 15:00:00+00:00,2,45,2026-01-02 12:00:00+00:00,2026-01-02 16:01:00+00:00,0.48666666666666664,0.4822615087032318
2026-01-02 18:00:00+00:00,2026-01-04 16:00:00+00:00,2,46,2026-01-02 12:00:00+00:00,2026-01-02 16:01:00+00:00,0.3466666666666667,0.4980168521404266
2026-01-02 18:00:00+00:00,2026-01-04 17:00:00+00:00,2,47,2026-01-02 12:00:00+00:00,2026-01-02 16:01:00+00:00,0.48500000000000004,0.5133549213409424
2026-01-02 18:00:00+00:00,2026-01-04 18:00:00+00:00,2,48,2026-01-02 12:00:00+00:00,2026-01-02 16:01:00+00:00,0.8316666666666667,0.5284639954566955
2026-01-03 18:00:00+00:00,2026-01-03 19:00:00+00:00,1,1,2026-01-03 12:00:00+00:00,2026-01-03 15:58:14+00:00,0.23166666666666666,0.2107261210680008
2026-01-03 18:00:00+00:00,2026-01-03 20:00:00+00:00,1,2,2026-01-03 12:00:00+00:00,2026-01-03 15:58:14+00:00,0.2866666666666667,0.20297596454620362
2026-01-03 18:00:00+00:00,2026-01-03 21:00:00+00:00,1,3,2026-01-03 12:00:00+00:00,2026-01-03 15:58:14+00:00,0.28,0.19360608458518982
2026-01-03 18:00:00+00:00,2026-01-03 22:00:00+00:00,1,4,2026-01-03 12:00:00+00:00,2026-01-03 15:58:14+00:00,0.19000000000000003,0.20875684320926666
2026-01-03 18:00:00+00:00,2026-01-03 23:00:00+00:00,1,5,2026-01-03 12:00:00+00:00,2026-01-03 15:58:14+00:00,0.2733333333333334,0.2185930132865906
2026-01-03 18:00:00+00:00,2026-01-04 00:00:00+00:00,1,6,2026-01-03 12:00:00+00:00,2026-01-03 15:58:14+00:00,0.26666666666666666,0.21709466874599456
2026-01-03 18:00:00+00:00,2026-01-04 01:00:00+00:00,1,7,2026-01-03 12:00:00+00:00,2026-01-03 15:58:14+00:00,0.39166666666666666,0.12289857715368271
2026-01-03 18:00:00+00:00,2026-01-04 02:00:00+00:00,1,8,2026-01-03 12:00:00+00:00,2026-01-03 15:58:14+00:00,0.30833333333333335,0.07022397890686989
2026-01-03 18:00:00+00:00,2026-01-04 03:00:00+00:00,1,9,2026-01-03 12:00:00+00:00,2026-01-03 15:58:14+00:00,0.5016666666666666,0.044641222432255746
2026-01-03 18:00:00+00:00,2026-01-04 04:00:00+00:00,1,10,2026-01-03 12:00:00+00:00,2026-01-03 15:58:14+00:00,0.07166666666666667,0.030487756244838238
2026-01-03 18:00:00+00:00,2026-01-04 05:00:00+00:00,1,11,2026-01-03 12:00:00+00:00,2026-01-03 15:58:14+00:00,0.07166666666666667,0.022028572112321853
2026-01-03 18:00:00+00:00,2026-01-04 06:00:00+00:00,1,12,2026-01-03 12:00:00+00:00,2026-01-03 15:58:14+00:00,0.07333333333333333,0.019838943518698214
2026-01-03 18:00:00+00:00,2026-01-04 07:00:00+00:00,1,13,2026-01-03 12:00:00+00:00,2026-01-03 15:58:14+00:00,0.01,0.014869256876409054
2026-01-03 18:00:00+00:00,2026-01-04 08:00:00+00:00,1,14,2026-01-03 12:00:00+00:00,2026-01-03 15:58:14+00:00,0.01,0.016539409244433045
2026-01-03 18:00:00+00:00,2026-01-04 09:00:00+00:00,1,15,2026-01-03 12:00:00+00:00,2026-01-03 15:58:14+00:00,0.01,0.028765041194856168
2026-01-03 18:00:00+00:00,2026-01-04 10:00:00+00:00,1,16,2026-01-03 12:00:00+00:00,2026-01-03 15:58:14+00:00,0.03333333333333333,0.03665263745933771
2026-01-03 18:00:00+00:00,2026-01-04 11:00:00+00:00,1,17,2026-01-03 12:00:00+00:00,2026-01-03 15:58:14+00:00,0.25333333333333335,0.0652179192751646
2026-01-03 18:00:00+00:00,2026-01-04 12:00:00+00:00,1,18,2026-01-03 12:00:00+00:00,2026-01-03 15:58:14+00:00,0.6166666666666666,0.1357653945684433
2026-01-03 18:00:00+00:00,2026-01-04 13:00:00+00:00,1,19,2026-01-03 12:00:00+00:00,2026-01-03 15:58:14+00:00,0.6016666666666667,0.20761684477329254
2026-01-03 18:00:00+00:00,2026-01-04 14:00:00+00:00,1,20,2026-01-03 12:00:00+00:00,2026-01-03 15:58:14+00:00,0.6366666666666667,0.2949629157781601
2026-01-03 18:00:00+00:00,2026-01-04 15:00:00+00:00,1,21,2026-01-03 12:00:00+00:00,2026-01-03 15:58:14+00:00,0.47500000000000003,0.3876506268978119
2026-01-03 18:00:00+00:00,2026-01-04 16:00:00+00:00,1,22,2026-01-03 12:00:00+00:00,2026-01-03 15:58:14+00:00,0.3233333333333333,0.39084596633911134
2026-01-03 18:00:00+00:00,2026-01-04 17:00:00+00:00,1,23,2026-01-03 12:00:00+00:00,2026-01-03 15:58:14+00:00,0.4683333333333333,0.3864026129245758
2026-01-03 18:00:00+00:00,2026-01-04 18:00:00+00:00,1,24,2026-01-03 12:00:00+00:00,2026-01-03 15:58:14+00:00,0.7666666666666666,0.3760499119758606
2026-01-03 18:00:00+00:00,2026-01-04 19:00:00+00:00,1,25,2026-01-03 12:00:00+00:00,2026-01-03 15:58:14+00:00,0.2866666666666667,0.29037295579910277
2026-01-03 18:00:00+00:00,2026-01-04 20:00:00+00:00,1,26,2026-01-03 12:00:00+00:00,2026-01-03 15:58:14+00:00,0.32666666666666666,0.20941595435142518
2026-01-03 18:00:00+00:00,2026-01-04 21:00:00+00:00,1,27,2026-01-03 12:00:00+00:00,2026-01-03 15:58:14+00:00,0.3416666666666666,0.146291184425354
2026-01-03 18:00:00+00:00,2026-01-04 22:00:00+00:00,1,28,2026-01-03 12:00:00+00:00,2026-01-03 15:58:14+00:00,0.2783333333333334,0.08992282748222351
2026-01-03 18:00:00+00:00,2026-01-04 23:00:00+00:00,1,29,2026-01-03 12:00:00+00:00,2026-01-03 15:58:14+00:00,0.17,0.05607305467128754
2026-01-03 18:00:00+00:00,2026-01-05 00:00:00+00:00,1,30,2026-01-03 12:00:00+00:00,2026-01-03 15:58:14+00:00,0.12333333333333334,0.03937895856797695
2026-01-03 18:00:00+00:00,2026-01-05 01:00:00+00:00,1,31,2026-01-03 12:00:00+00:00,2026-01-03 15:58:14+00:00,0.045000000000000005,0.023933759704232217
2026-01-03 18:00:00+00:00,2026-01-05 02:00:00+00:00,1,32,2026-01-03 12:00:00+00:00,2026-01-03 15:58:14+00:00,0.01,0.018372903345152736
2026-01-03 18:00:00+00:00,2026-01-05 03:00:00+00:00,1,33,2026-01-03 12:00:00+00:00,2026-01-03 15:58:14+00:00,0.01,0.0145934306550771
2026-01-03 18:00:00+00:00,2026-01-05 04:00:00+00:00,1,34,2026-01-03 12:00:00+00:00,2026-01-03 15:58:14+00:00,0.01,0.011865943484008313
2026-01-03 18:00:00+00:00,2026-01-05 05:00:00+00:00,1,35,2026-01-03 12:00:00+00:00,2026-01-03 15:58:14+00:00,0.01,0.011353734298609197
2026-01-03 18:00:00+00:00,2026-01-05 06:00:00+00:00,1,36,2026-01-03 12:00:00+00:00,2026-01-03 15:58:14+00:00,0.01,0.013348282827064396
2026-01-03 18:00:00+00:00,2026-01-05 07:00:00+00:00,1,37,2026-01-03 12:00:00+00:00,2026-01-03 15:58:14+00:00,0.018333333333333333,0.01513582319021225
2026-01-03 18:00:00+00:00,2026-01-05 08:00:00+00:00,1,38,2026-01-03 12:00:00+00:00,2026-01-03 15:58:14+00:00,0.03166666666666667,0.01737923906184733
2026-01-03 18:00:00+00:00,2026-01-05 09:00:00+00:00,1,39,2026-01-03 12:00:00+00:00,2026-01-03 15:58:14+00:00,0.01,0.01998312110081315
2026-01-03 18:00:00+00:00,2026-01-05 10:00:00+00:00,1,40,2026-01-03 12:00:00+00:00,2026-01-03 15:58:14+00:00,0.01,0.02289938647300005
2026-01-03 18:00:00+00:00,2026-01-05 11:00:00+00:00,1,41,2026-01-03 12:00:00+00:00,2026-01-03 15:58:14+00:00,0.02,0.027904336154460908
2026-01-03 18:00:00+00:00,2026-01-05 12:00:00+00:00,1,42,2026-01-03 12:00:00+00:00,2026-01-03 15:58:14+00:00,0.03666666666666667,0.033610279113054274
2026-01-03 18:00:00+00:00,2026-01-05 13:00:00+00:00,1,43,2026-01-03 12:00:00+00:00,2026-01-03 15:58:14+00:00,0.06833333333333334,0.05732273161411285
2026-01-03 18:00:00+00:00,2026-01-05 14:00:00+00:00,1,44,2026-01-03 12:00:00+00:00,2026-01-03 15:58:14+00:00,0.08333333333333333,0.09368312135338783
2026-01-03 18:00:00+00:00,2026-01-05 15:00:00+00:00,1,45,2026-01-03 12:00:00+00:00,2026-01-03 15:58:14+00:00,0.13166666666666668,0.1429760754108429
2026-01-03 18:00:00+00:00,2026-01-05 16:00:00+00:00,1,46,2026-01-03 12:00:00+00:00,2026-01-03 15:58:14+00:00,0.18833333333333332,0.17094948142766953
2026-01-03 18:00:00+00:00,2026-01-05 17:00:00+00:00,1,47,2026-01-03 12:00:00+00:00,2026-01-03 15:58:14+00:00,0.37666666666666665,0.19357202500104903
2026-01-03 18:00:00+00:00,2026-01-05 18:00:00+00:00,1,48,2026-01-03 12:00:00+00:00,2026-01-03 15:58:14+00:00,0.4216666666666667,0.22190130352973939
2026-01-03 18:00:00+00:00,2026-01-03 19:00:00+00:00,2,1,2026-01-03 12:00:00+00:00,2026-01-03 15:58:14+00:00,0.18333333333333335,0.18710250854492189
2026-01-03 18:00:00+00:00,2026-01-03 20:00:00+00:00,2,2,2026-01-03 12:00:00+00:00,2026-01-03 15:58:14+00:00,0.26666666666666666,0.17604947388172149
2026-01-03 18:00:00+00:00,2026-01-03 21:00:00+00:00,2,3,2026-01-03 12:00:00+00:00,2026-01-03 15:58:14+00:00,0.18999999999999997,0.1634175419807434
2026-01-03 18:00:00+00:00,2026-01-03 22:00:00+00:00,2,4,2026-01-03 12:00:00+00:00,2026-01-03 15:58:14+00:00,0.16833333333333333,0.17541269361972808
2026-01-03 18:00:00+00:00,2026-01-03 23:00:00+00:00,2,5,2026-01-03 12:00:00+00:00,2026-01-03 15:58:14+00:00,0.23333333333333336,0.18329042792320252
2026-01-03 18:00:00+00:00,2026-01-04 00:00:00+00:00,2,6,2026-01-03 12:00:00+00:00,2026-01-03 15:58:14+00:00,0.2283333333333333,0.18352316319942474
2026-01-03 18:00:00+00:00,2026-01-04 01:00:00+00:00,2,7,2026-01-03 12:00:00+00:00,2026-01-03 15:58:14+00:00,0.37000000000000005,0.10117417722940444
2026-01-03 18:00:00+00:00,2026-01-04 02:00:00+00:00,2,8,2026-01-03 12:00:00+00:00,2026-01-03 15:58:14+00:00,0.295,0.058785685896873476
2026-01-03 18:00:00+00:00,2026-01-04 03:00:00+00:00,2,9,2026-01-03 12:00:00+00:00,2026-01-03 15:58:14+00:00,0.41,0.03879535868763924
2026-01-03 18:00:00+00:00,2026-01-04 04:00:00+00:00,2,10,2026-01-03 12:00:00+00:00,2026-01-03 15:58:14+00:00,0.04833333333333333,0.027188014425337314
2026-01-03 18:00:00+00:00,2026-01-04 05:00:00+00:00,2,11,2026-01-03 12:00:00+00:00,2026-01-03 15:58:14+00:00,0.07666666666666667,0.01997343935072422
2026-01-03 18:00:00+00:00,2026-01-04 06:00:00+00:00,2,12,2026-01-03 12:00:00+00:00,2026-01-03 15:58:14+00:00,0.06833333333333333,0.018030656035989523
2026-01-03 18:00:00+00:00,2026-01-04 07:00:00+00:00,2,13,2026-01-03 12:00:00+00:00,2026-01-03 15:58:14+00:00,0.01,0.0136421631090343
2026-01-03 18:00:00+00:00,2026-01-04 08:00:00+00:00,2,14,2026-01-03 12:00:00+00:00,2026-01-03 15:58:14+00:00,0.01,0.015167473116889596
2026-01-03 18:00:00+00:00,2026-01-04 09:00:00+00:00,2,15,2026-01-03 12:00:00+00:00,2026-01-03 15:58:14+00:00,0.01,0.028290244191884993
2026-01-03 18:00:00+00:00,2026-01-04 10:00:00+00:00,2,16,2026-01-03 12:00:00+00:00,2026-01-03 15:58:14+00:00,0.03166666666666667,0.035313316620886326
2026-01-03 18:00:00+00:00,2026-01-04 11:00:00+00:00,2,17,2026-01-03 12:00:00+00:00,2026-01-03 15:58:14+00:00,0.265,0.06236632540822029
2026-01-03 18:00:00+00:00,2026-01-04 12:00:00+00:00,2,18,2026-01-03 12:00:00+00:00,2026-01-03 15:58:14+00:00,0.5816666666666667,0.1328840434551239
2026-01-03 18:00:00+00:00,2026-01-04 13:00:00+00:00,2,19,2026-01-03 12:00:00+00:00,2026-01-03 15:58:14+00:00,0.62,0.204306760430336
2026-01-03 18:00:00+00:00,2026-01-04 14:00:00+00:00,2,20,2026-01-03 12:00:00+00:00,2026-01-03 15:58:14+00:00,0.6566666666666666,0.2891767382621765
2026-01-03 18:00:00+00:00,2026-01-04 15:00:00+00:00,2,21,2026-01-03 12:00:00+00:00,2026-01-03 15:58:14+00:00,0.48666666666666664,0.3812208831310272
2026-01-03 18:00:00+00:00,2026-01-04 16:00:00+00:00,2,22,2026-01-03 12:00:00+00:00,2026-01-03 15:58:14+00:00,0.3466666666666667,0.3818962812423706
2026-01-03 18:00:00+00:00,2026-01-04 17:00:00+00:00,2,23,2026-01-03 12:00:00+00:00,2026-01-03 15:58:14+00:00,0.48500000000000004,0.37484435439109803
2026-01-03 18:00:00+00:00,2026-01-04 18:00:00+00:00,2,24,2026-01-03 12:00:00+00:00,2026-01-03 15:58:14+00:00,0.8316666666666667,0.3633206427097321
2026-01-03 18:00:00+00:00,2026-01-04 19:00:00+00:00,2,25,2026-01-03 12:00:00+00:00,2026-01-03 15:58:14+00:00,0.27666666666666667,0.27831159234046937
2026-01-03 18:00:00+00:00,2026-01-04 20:00:00+00:00,2,26,2026-01-03 12:00:00+00:00,2026-01-03 15:58:14+00:00,0.33,0.1989036202430725
2026-01-03 18:00:00+00:00,2026-01-04 21:00:00+00:00,2,27,2026-01-03 12:00:00+00:00,2026-01-03 15:58:14+00:00,0.34500000000000003,0.13580738753080368
2026-01-03 18:00:00+00:00,2026-01-04 22:00:00+00:00,2,28,2026-01-03 12:00:00+00:00,2026-01-03 15:58:14+00:00,0.27666666666666667,0.08148016408085823
2026-01-03 18:00:00+00:00,2026-01-04 23:00:00+00:00,2,29,2026-01-03 12:00:00+00:00,2026-01-03 15:58:14+00:00,0.16,0.05044071860611439
2026-01-03 18:00:00+00:00,2026-01-05 00:00:00+00:00,2,30,2026-01-03 12:00:00+00:00,2026-01-03 15:58:14+00:00,0.12666666666666668,0.03540983684360981
2026-01-03 18:00:00+00:00,2026-01-05 01:00:00+00:00,2,31,2026-01-03 12:00:00+00:00,2026-01-03 15:58:14+00:00,0.04833333333333333,0.021901507675647736
2026-01-03 18:00:00+00:00,2026-01-05 02:00:00+00:00,2,32,2026-01-03 12:00:00+00:00,2026-01-03 15:58:14+00:00,0.01,0.017154177511110903
2026-01-03 18:00:00+00:00,2026-01-05 03:00:00+00:00,2,33,2026-01-03 12:00:00+00:00,2026-01-03 15:58:14+00:00,0.01,0.01333170235157013
2026-01-03 18:00:00+00:00,2026-01-05 04:00:00+00:00,2,34,2026-01-03 12:00:00+00:00,2026-01-03 15:58:14+00:00,0.01,0.010595920053310693
2026-01-03 18:00:00+00:00,2026-01-05 05:00:00+00:00,2,35,2026-01-03 12:00:00+00:00,2026-01-03 15:58:14+00:00,0.006666666666666667,0.010161260678432881
2026-01-03 18:00:00+00:00,2026-01-05 06:00:00+00:00,2,36,2026-01-03 12:00:00+00:00,2026-01-03 15:58:14+00:00,0.008333333333333333,0.012028798507526518
2026-01-03 18:00:00+00:00,2026-01-05 07:00:00+00:00,2,37,2026-01-03 12:00:00+00:00,2026-01-03 15:58:14+00:00,0.013333333333333334,0.013561738980934024
2026-01-03 18:00:00+00:00,2026-01-05 08:00:00+00:00,2,38,2026-01-03 12:00:00+00:00,2026-01-03 15:58:14+00:00,0.03333333333333333,0.01570331477560103
2026-01-03 18:00:00+00:00,2026-01-05 09:00:00+00:00,2,39,2026-01-03 12:00:00+00:00,2026-01-03 15:58:14+00:00,0.008333333333333333,0.01839494132436812
2026-01-03 18:00:00+00:00,2026-01-05 10:00:00+00:00,2,40,2026-01-03 12:00:00+00:00,2026-01-03 15:58:14+00:00,0.006666666666666667,0.020611583068966866
2026-01-03 18:00:00+00:00,2026-01-05 11:00:00+00:00,2,41,2026-01-03 12:00:00+00:00,2026-01-03 15:58:14+00:00,0.018333333333333333,0.024168767128139736
2026-01-03 18:00:00+00:00,2026-01-05 12:00:00+00:00,2,42,2026-01-03 12:00:00+00:00,2026-01-03 15:58:14+00:00,0.03333333333333333,0.02902497220784426
2026-01-03 18:00:00+00:00,2026-01-05 13:00:00+00:00,2,43,2026-01-03 12:00:00+00:00,2026-01-03 15:58:14+00:00,0.07333333333333333,0.04881605245172978
2026-01-03 18:00:00+00:00,2026-01-05 14:00:00+00:00,2,44,2026-01-03 12:00:00+00:00,2026-01-03 15:58:14+00:00,0.07166666666666667,0.08341066166758537
2026-01-03 18:00:00+00:00,2026-01-05 15:00:00+00:00,2,45,2026-01-03 12:00:00+00:00,2026-01-03 15:58:14+00:00,0.12166666666666666,0.13049827218055726
2026-01-03 18:00:00+00:00,2026-01-05 16:00:00+00:00,2,46,2026-01-03 12:00:00+00:00,2026-01-03 15:58:14+00:00,0.15166666666666664,0.1529032453894615
2026-01-03 18:00:00+00:00,2026-01-05 17:00:00+00:00,2,47,2026-01-03 12:00:00+00:00,2026-01-03 15:58:14+00:00,0.34833333333333333,0.17177508324384688
2026-01-03 18:00:00+00:00,2026-01-05 18:00:00+00:00,2,48,2026-01-03 12:00:00+00:00,2026-01-03 15:58:14+00:00,0.37166666666666665,0.19952625930309295
2026-01-04 18:00:00+00:00,2026-01-04 19:00:00+00:00,1,1,2026-01-04 12:00:00+00:00,2026-01-04 15:59:07+00:00,0.2866666666666667,0.47703580260276796
2026-01-04 18:00:00+00:00,2026-01-04 20:00:00+00:00,1,2,2026-01-04 12:00:00+00:00,2026-01-04 15:59:07+00:00,0.32666666666666666,0.4467134475708008
2026-01-04 18:00:00+00:00,2026-01-04 21:00:00+00:00,1,3,2026-01-04 12:00:00+00:00,2026-01-04 15:59:07+00:00,0.3416666666666666,0.41409397423267363
2026-01-04 18:00:00+00:00,2026-01-04 22:00:00+00:00,1,4,2026-01-04 12:00:00+00:00,2026-01-04 15:59:07+00:00,0.2783333333333334,0.29954097270965574
2026-01-04 18:00:00+00:00,2026-01-04 23:00:00+00:00,1,5,2026-01-04 12:00:00+00:00,2026-01-04 15:59:07+00:00,0.17,0.19408335983753205
2026-01-04 18:00:00+00:00,2026-01-05 00:00:00+00:00,1,6,2026-01-04 12:00:00+00:00,2026-01-04 15:59:07+00:00,0.12333333333333334,0.12433422654867173
2026-01-04 18:00:00+00:00,2026-01-05 01:00:00+00:00,1,7,2026-01-04 12:00:00+00:00,2026-01-04 15:59:07+00:00,0.045000000000000005,0.047613707929849626
2026-01-04 18:00:00+00:00,2026-01-05 02:00:00+00:00,1,8,2026-01-04 12:00:00+00:00,2026-01-04 15:59:07+00:00,0.01,0.026322120893746616
2026-01-04 18:00:00+00:00,2026-01-05 03:00:00+00:00,1,9,2026-01-04 12:00:00+00:00,2026-01-04 15:59:07+00:00,0.01,0.020056690787896514
2026-01-04 18:00:00+00:00,2026-01-05 04:00:00+00:00,1,10,2026-01-04 12:00:00+00:00,2026-01-04 15:59:07+00:00,0.01,0.015896069118753076
2026-01-04 18:00:00+00:00,2026-01-05 05:00:00+00:00,1,11,2026-01-04 12:00:00+00:00,2026-01-04 15:59:07+00:00,0.01,0.015333198616281152
2026-01-04 18:00:00+00:00,2026-01-05 06:00:00+00:00,1,12,2026-01-04 12:00:00+00:00,2026-01-04 15:59:07+00:00,0.01,0.01902954177930951
2026-01-04 18:00:00+00:00,2026-01-05 07:00:00+00:00,1,13,2026-01-04 12:00:00+00:00,2026-01-04 15:59:07+00:00,0.018333333333333333,0.021117840334773062
2026-01-04 18:00:00+00:00,2026-01-05 08:00:00+00:00,1,14,2026-01-04 12:00:00+00:00,2026-01-04 15:59:07+00:00,0.03166666666666667,0.024562498833984137
2026-01-04 18:00:00+00:00,2026-01-05 09:00:00+00:00,1,15,2026-01-04 12:00:00+00:00,2026-01-04 15:59:07+00:00,0.01,0.027708408981561662
2026-01-04 18:00:00+00:00,2026-01-05 10:00:00+00:00,1,16,2026-01-04 12:00:00+00:00,2026-01-04 15:59:07+00:00,0.01,0.03175394460558891
2026-01-04 18:00:00+00:00,2026-01-05 11:00:00+00:00,1,17,2026-01-04 12:00:00+00:00,2026-01-04 15:59:07+00:00,0.02,0.036837533488869666
2026-01-04 18:00:00+00:00,2026-01-05 12:00:00+00:00,1,18,2026-01-04 12:00:00+00:00,2026-01-04 15:59:07+00:00,0.03666666666666667,0.04318403676152229
2026-01-04 18:00:00+00:00,2026-01-05 13:00:00+00:00,1,19,2026-01-04 12:00:00+00:00,2026-01-04 15:59:07+00:00,0.06833333333333334,0.09393775016069413
2026-01-04 18:00:00+00:00,2026-01-05 14:00:00+00:00,1,20,2026-01-04 12:00:00+00:00,2026-01-04 15:59:07+00:00,0.08333333333333333,0.20124444365501404
2026-01-04 18:00:00+00:00,2026-01-05 15:00:00+00:00,1,21,2026-01-04 12:00:00+00:00,2026-01-04 15:59:07+00:00,0.13166666666666668,0.42764691114425657
2026-01-04 18:00:00+00:00,2026-01-05 16:00:00+00:00,1,22,2026-01-04 12:00:00+00:00,2026-01-04 15:59:07+00:00,0.18833333333333332,0.5249752223491668
2026-01-04 18:00:00+00:00,2026-01-05 17:00:00+00:00,1,23,2026-01-04 12:00:00+00:00,2026-01-04 15:59:07+00:00,0.37666666666666665,0.6154981017112732
2026-01-04 18:00:00+00:00,2026-01-05 18:00:00+00:00,1,24,2026-01-04 12:00:00+00:00,2026-01-04 15:59:07+00:00,0.4216666666666667,0.6825421333312989
2026-01-04 18:00:00+00:00,2026-01-05 19:00:00+00:00,1,25,2026-01-04 12:00:00+00:00,2026-01-04 15:59:07+00:00,0.375,0.709361982345581
2026-01-04 18:00:00+00:00,2026-01-05 20:00:00+00:00,1,26,2026-01-04 12:00:00+00:00,2026-01-04 15:59:07+00:00,0.31833333333333336,0.7305322766304017
2026-01-04 18:00:00+00:00,2026-01-05 21:00:00+00:00,1,27,2026-01-04 12:00:00+00:00,2026-01-04 15:59:07+00:00,0.8166666666666668,0.7473050713539123
2026-01-04 18:00:00+00:00,2026-01-05 22:00:00+00:00,1,28,2026-01-04 12:00:00+00:00,2026-01-04 15:59:07+00:00,0.9866666666666667,0.7860050678253174
2026-01-04 18:00:00+00:00,2026-01-05 23:00:00+00:00,1,29,2026-01-04 12:00:00+00:00,2026-01-04 15:59:07+00:00,0.8433333333333333,0.8169570922851562
2026-01-04 18:00:00+00:00,2026-01-06 00:00:00+00:00,1,30,2026-01-04 12:00:00+00:00,2026-01-04 15:59:07+00:00,0.9700000000000001,0.8365249514579773
2026-01-04 18:00:00+00:00,2026-01-06 01:00:00+00:00,1,31,2026-01-04 12:00:00+00:00,2026-01-04 15:59:07+00:00,0.8766666666666666,0.8358017444610596
2026-01-04 18:00:00+00:00,2026-01-06 02:00:00+00:00,1,32,2026-01-04 12:00:00+00:00,2026-01-04 15:59:07+00:00,0.9733333333333333,0.8351416110992431
2026-01-04 18:00:00+00:00,2026-01-06 03:00:00+00:00,1,33,2026-01-04 12:00:00+00:00,2026-01-04 15:59:07+00:00,0.9899999999999999,0.8400463581085205
2026-01-04 18:00:00+00:00,2026-01-06 04:00:00+00:00,1,34,2026-01-04 12:00:00+00:00,2026-01-04 15:59:07+00:00,0.9783333333333334,0.899846351146698
2026-01-04 18:00:00+00:00,2026-01-06 05:00:00+00:00,1,35,2026-01-04 12:00:00+00:00,2026-01-04 15:59:07+00:00,0.9683333333333333,0.9564079761505127
2026-01-04 18:00:00+00:00,2026-01-06 06:00:00+00:00,1,36,2026-01-04 12:00:00+00:00,2026-01-04 15:59:07+00:00,0.9866666666666667,0.9849204540252685
2026-01-04 18:00:00+00:00,2026-01-06 07:00:00+00:00,1,37,2026-01-04 12:00:00+00:00,2026-01-04 15:59:07+00:00,0.9766666666666666,0.987062644958496
2026-01-04 18:00:00+00:00,2026-01-06 08:00:00+00:00,1,38,2026-01-04 12:00:00+00:00,2026-01-04 15:59:07+00:00,0.9683333333333333,0.9890554070472717
2026-01-04 18:00:00+00:00,2026-01-06 09:00:00+00:00,1,39,2026-01-04 12:00:00+00:00,2026-01-04 15:59:07+00:00,0.9866666666666667,0.9906152844429016
2026-01-04 18:00:00+00:00,2026-01-06 10:00:00+00:00,1,40,2026-01-04 12:00:00+00:00,2026-01-04 15:59:07+00:00,0.9899999999999999,0.9844807624816895
2026-01-04 18:00:00+00:00,2026-01-06 11:00:00+00:00,1,41,2026-01-04 12:00:00+00:00,2026-01-04 15:59:07+00:00,0.9883333333333333,0.9713308572769165
2026-01-04 18:00:00+00:00,2026-01-06 12:00:00+00:00,1,42,2026-01-04 12:00:00+00:00,2026-01-04 15:59:07+00:00,0.9883333333333333,0.9387906193733215
2026-01-04 18:00:00+00:00,2026-01-06 13:00:00+00:00,1,43,2026-01-04 12:00:00+00:00,2026-01-04 15:59:07+00:00,0.9899999999999999,0.915395200252533
2026-01-04 18:00:00+00:00,2026-01-06 14:00:00+00:00,1,44,2026-01-04 12:00:00+00:00,2026-01-04 15:59:07+00:00,0.855,0.852751886844635
2026-01-04 18:00:00+00:00,2026-01-06 15:00:00+00:00,1,45,2026-01-04 12:00:00+00:00,2026-01-04 15:59:07+00:00,0.6966666666666667,0.7264690518379211
2026-01-04 18:00:00+00:00,2026-01-06 16:00:00+00:00,1,46,2026-01-04 12:00:00+00:00,2026-01-04 15:59:07+00:00,0.4633333333333333,0.5250176846981048
2026-01-04 18:00:00+00:00,2026-01-06 17:00:00+00:00,1,47,2026-01-04 12:00:00+00:00,2026-01-04 15:59:07+00:00,0.22999999999999998,0.3662313401699066
2026-01-04 18:00:00+00:00,2026-01-06 18:00:00+00:00,1,48,2026-01-04 12:00:00+00:00,2026-01-04 15:59:07+00:00,0.02,0.24488259851932526
2026-01-04 18:00:00+00:00,2026-01-04 19:00:00+00:00,2,1,2026-01-04 12:00:00+00:00,2026-01-04 15:59:07+00:00,0.27666666666666667,0.47512008547782897
2026-01-04 18:00:00+00:00,2026-01-04 20:00:00+00:00,2,2,2026-01-04 12:00:00+00:00,2026-01-04 15:59:07+00:00,0.33,0.4435626804828644
2026-01-04 18:00:00+00:00,2026-01-04 21:00:00+00:00,2,3,2026-01-04 12:00:00+00:00,2026-01-04 15:59:07+00:00,0.34500000000000003,0.4113041251897812
2026-01-04 18:00:00+00:00,2026-01-04 22:00:00+00:00,2,4,2026-01-04 12:00:00+00:00,2026-01-04 15:59:07+00:00,0.27666666666666667,0.3006695330142975
2026-01-04 18:00:00+00:00,2026-01-04 23:00:00+00:00,2,5,2026-01-04 12:00:00+00:00,2026-01-04 15:59:07+00:00,0.16,0.19436071217060089
2026-01-04 18:00:00+00:00,2026-01-05 00:00:00+00:00,2,6,2026-01-04 12:00:00+00:00,2026-01-04 15:59:07+00:00,0.12666666666666668,0.12330851554870606
2026-01-04 18:00:00+00:00,2026-01-05 01:00:00+00:00,2,7,2026-01-04 12:00:00+00:00,2026-01-04 15:59:07+00:00,0.04833333333333333,0.044895481690764426
2026-01-04 18:00:00+00:00,2026-01-05 02:00:00+00:00,2,8,2026-01-04 12:00:00+00:00,2026-01-04 15:59:07+00:00,0.01,0.024914085678756238
2026-01-04 18:00:00+00:00,2026-01-05 03:00:00+00:00,2,9,2026-01-04 12:00:00+00:00,2026-01-04 15:59:07+00:00,0.01,0.01849432331509888
2026-01-04 18:00:00+00:00,2026-01-05 04:00:00+00:00,2,10,2026-01-04 12:00:00+00:00,2026-01-04 15:59:07+00:00,0.01,0.01424927175976336
2026-01-04 18:00:00+00:00,2026-01-05 05:00:00+00:00,2,11,2026-01-04 12:00:00+00:00,2026-01-04 15:59:07+00:00,0.006666666666666667,0.014055729005485773
2026-01-04 18:00:00+00:00,2026-01-05 06:00:00+00:00,2,12,2026-01-04 12:00:00+00:00,2026-01-04 15:59:07+00:00,0.008333333333333333,0.01776036834344268
2026-01-04 18:00:00+00:00,2026-01-05 07:00:00+00:00,2,13,2026-01-04 12:00:00+00:00,2026-01-04 15:59:07+00:00,0.013333333333333334,0.019958415627479555
2026-01-04 18:00:00+00:00,2026-01-05 08:00:00+00:00,2,14,2026-01-04 12:00:00+00:00,2026-01-04 15:59:07+00:00,0.03333333333333333,0.023115282598882913
2026-01-04 18:00:00+00:00,2026-01-05 09:00:00+00:00,2,15,2026-01-04 12:00:00+00:00,2026-01-04 15:59:07+00:00,0.008333333333333333,0.026803416199982166
2026-01-04 18:00:00+00:00,2026-01-05 10:00:00+00:00,2,16,2026-01-04 12:00:00+00:00,2026-01-04 15:59:07+00:00,0.006666666666666667,0.030557866394519805
2026-01-04 18:00:00+00:00,2026-01-05 11:00:00+00:00,2,17,2026-01-04 12:00:00+00:00,2026-01-04 15:59:07+00:00,0.018333333333333333,0.03525764942169189
2026-01-04 18:00:00+00:00,2026-01-05 12:00:00+00:00,2,18,2026-01-04 12:00:00+00:00,2026-01-04 15:59:07+00:00,0.03333333333333333,0.04066166952252388
2026-01-04 18:00:00+00:00,2026-01-05 13:00:00+00:00,2,19,2026-01-04 12:00:00+00:00,2026-01-04 15:59:07+00:00,0.07333333333333333,0.09232316166162491
2026-01-04 18:00:00+00:00,2026-01-05 14:00:00+00:00,2,20,2026-01-04 12:00:00+00:00,2026-01-04 15:59:07+00:00,0.07166666666666667,0.2035812109708786
2026-01-04 18:00:00+00:00,2026-01-05 15:00:00+00:00,2,21,2026-01-04 12:00:00+00:00,2026-01-04 15:59:07+00:00,0.12166666666666666,0.41041622757911683
2026-01-04 18:00:00+00:00,2026-01-05 16:00:00+00:00,2,22,2026-01-04 12:00:00+00:00,2026-01-04 15:59:07+00:00,0.15166666666666664,0.5010008811950684
2026-01-04 18:00:00+00:00,2026-01-05 17:00:00+00:00,2,23,2026-01-04 12:00:00+00:00,2026-01-04 15:59:07+00:00,0.34833333333333333,0.5840120494365693
2026-01-04 18:00:00+00:00,2026-01-05 18:00:00+00:00,2,24,2026-01-04 12:00:00+00:00,2026-01-04 15:59:07+00:00,0.37166666666666665,0.6502963542938233
2026-01-04 18:00:00+00:00,2026-01-05 19:00:00+00:00,2,25,2026-01-04 12:00:00+00:00,2026-01-04 15:59:07+00:00,0.3466666666666667,0.6765408039093017
2026-01-04 18:00:00+00:00,2026-01-05 20:00:00+00:00,2,26,2026-01-04 12:00:00+00:00,2026-01-04 15:59:07+00:00,0.2966666666666667,0.7030304312705994
2026-01-04 18:00:00+00:00,2026-01-05 21:00:00+00:00,2,27,2026-01-04 12:00:00+00:00,2026-01-04 15:59:07+00:00,0.7400000000000001,0.7284968614578247
2026-01-04 18:00:00+00:00,2026-01-05 22:00:00+00:00,2,28,2026-01-04 12:00:00+00:00,2026-01-04 15:59:07+00:00,0.9566666666666667,0.7755418300628663
2026-01-04 18:00:00+00:00,2026-01-05 23:00:00+00:00,2,29,2026-01-04 12:00:00+00:00,2026-01-04 15:59:07+00:00,0.7999999999999999,0.8133812665939331
2026-01-04 18:00:00+00:00,2026-01-06 00:00:00+00:00,2,30,2026-01-04 12:00:00+00:00,2026-01-04 15:59:07+00:00,0.9683333333333333,0.8378804206848145
2026-01-04 18:00:00+00:00,2026-01-06 01:00:00+00:00,2,31,2026-01-04 12:00:00+00:00,2026-01-04 15:59:07+00:00,0.8783333333333333,0.8434376358985901
2026-01-04 18:00:00+00:00,2026-01-06 02:00:00+00:00,2,32,2026-01-04 12:00:00+00:00,2026-01-04 15:59:07+00:00,0.9733333333333333,0.8458989262580872
2026-01-04 18:00:00+00:00,2026-01-06 03:00:00+00:00,2,33,2026-01-04 12:00:00+00:00,2026-01-04 15:59:07+00:00,0.9683333333333333,0.8500552415847779
2026-01-04 18:00:00+00:00,2026-01-06 04:00:00+00:00,2,34,2026-01-04 12:00:00+00:00,2026-01-04 15:59:07+00:00,0.965,0.9027240514755249
2026-01-04 18:00:00+00:00,2026-01-06 05:00:00+00:00,2,35,2026-01-04 12:00:00+00:00,2026-01-04 15:59:07+00:00,0.9133333333333334,0.9573678493499755
2026-01-04 18:00:00+00:00,2026-01-06 06:00:00+00:00,2,36,2026-01-04 12:00:00+00:00,2026-01-04 15:59:07+00:00,0.975,0.9846170783042908
2026-01-04 18:00:00+00:00,2026-01-06 07:00:00+00:00,2,37,2026-01-04 12:00:00+00:00,2026-01-04 15:59:07+00:00,0.9733333333333333,0.9864412307739258
2026-01-04 18:00:00+00:00,2026-01-06 08:00:00+00:00,2,38,2026-01-04 12:00:00+00:00,2026-01-04 15:59:07+00:00,0.9666666666666667,0.9884836673736572
2026-01-04 18:00:00+00:00,2026-01-06 09:00:00+00:00,2,39,2026-01-04 12:00:00+00:00,2026-01-04 15:59:07+00:00,0.9700000000000001,0.990090525150299
2026-01-04 18:00:00+00:00,2026-01-06 10:00:00+00:00,2,40,2026-01-04 12:00:00+00:00,2026-01-04 15:59:07+00:00,0.965,0.9835091590881347
2026-01-04 18:00:00+00:00,2026-01-06 11:00:00+00:00,2,41,2026-01-04 12:00:00+00:00,2026-01-04 15:59:07+00:00,0.9700000000000001,0.9705499410629272
2026-01-04 18:00:00+00:00,2026-01-06 12:00:00+00:00,2,42,2026-01-04 12:00:00+00:00,2026-01-04 15:59:07+00:00,0.9700000000000001,0.939641809463501
2026-01-04 18:00:00+00:00,2026-01-06 13:00:00+00:00,2,43,2026-01-04 12:00:00+00:00,2026-01-04 15:59:07+00:00,0.9700000000000001,0.9148723125457764
2026-01-04 18:00:00+00:00,2026-01-06 14:00:00+00:00,2,44,2026-01-04 12:00:00+00:00,2026-01-04 15:59:07+00:00,0.8916666666666666,0.8482793569564819
2026-01-04 18:00:00+00:00,2026-01-06 15:00:00+00:00,2,45,2026-01-04 12:00:00+00:00,2026-01-04 15:59:07+00:00,0.635,0.709670090675354
2026-01-04 18:00:00+00:00,2026-01-06 16:00:00+00:00,2,46,2026-01-04 12:00:00+00:00,2026-01-04 15:59:07+00:00,0.48500000000000004,0.5005862712860107
2026-01-04 18:00:00+00:00,2026-01-06 17:00:00+00:00,2,47,2026-01-04 12:00:00+00:00,2026-01-04 15:59:07+00:00,0.165,0.3443072438240051
2026-01-04 18:00:00+00:00,2026-01-06 18:00:00+00:00,2,48,2026-01-04 12:00:00+00:00,2026-01-04 15:59:07+00:00,0.021666666666666667,0.227066583186388
2026-01-05 18:00:00+00:00,2026-01-05 19:00:00+00:00,1,1,2026-01-05 12:00:00+00:00,2026-01-05 16:00:52+00:00,0.375,0.6116099655628204
2026-01-05 18:00:00+00:00,2026-01-05 20:00:00+00:00,1,2,2026-01-05 12:00:00+00:00,2026-01-05 16:00:52+00:00,0.31833333333333336,0.7130012035369873
2026-01-05 18:00:00+00:00,2026-01-05 21:00:00+00:00,1,3,2026-01-05 12:00:00+00:00,2026-01-05 16:00:52+00:00,0.8166666666666668,0.7897178292274475
2026-01-05 18:00:00+00:00,2026-01-05 22:00:00+00:00,1,4,2026-01-05 12:00:00+00:00,2026-01-05 16:00:52+00:00,0.9866666666666667,0.810953676700592
2026-01-05 18:00:00+00:00,2026-01-05 23:00:00+00:00,1,5,2026-01-05 12:00:00+00:00,2026-01-05 16:00:52+00:00,0.8433333333333333,0.8427120447158813
2026-01-05 18:00:00+00:00,2026-01-06 00:00:00+00:00,1,6,2026-01-05 12:00:00+00:00,2026-01-05 16:00:52+00:00,0.9700000000000001,0.8600085616111756
2026-01-05 18:00:00+00:00,2026-01-06 01:00:00+00:00,1,7,2026-01-05 12:00:00+00:00,2026-01-05 16:00:52+00:00,0.8766666666666666,0.8440198302268982
2026-01-05 18:00:00+00:00,2026-01-06 02:00:00+00:00,1,8,2026-01-05 12:00:00+00:00,2026-01-05 16:00:52+00:00,0.9733333333333333,0.8351467847824097
2026-01-05 18:00:00+00:00,2026-01-06 03:00:00+00:00,1,9,2026-01-05 12:00:00+00:00,2026-01-05 16:00:52+00:00,0.9899999999999999,0.8341434717178344
2026-01-05 18:00:00+00:00,2026-01-06 04:00:00+00:00,1,10,2026-01-05 12:00:00+00:00,2026-01-05 16:00:52+00:00,0.9783333333333334,0.9184065103530884
2026-01-05 18:00:00+00:00,2026-01-06 05:00:00+00:00,1,11,2026-01-05 12:00:00+00:00,2026-01-05 16:00:52+00:00,0.9683333333333333,0.9714669942855835
2026-01-05 18:00:00+00:00,2026-01-06 06:00:00+00:00,1,12,2026-01-05 12:00:00+00:00,2026-01-05 16:00:52+00:00,0.9866666666666667,0.9899164319038392
2026-01-05 18:00:00+00:00,2026-01-06 07:00:00+00:00,1,13,2026-01-05 12:00:00+00:00,2026-01-05 16:00:52+00:00,0.9766666666666666,0.9919983744621277
2026-01-05 18:00:00+00:00,2026-01-06 08:00:00+00:00,1,14,2026-01-05 12:00:00+00:00,2026-01-05 16:00:52+00:00,0.9683333333333333,0.9937247037887573
2026-01-05 18:00:00+00:00,2026-01-06 09:00:00+00:00,1,15,2026-01-05 12:00:00+00:00,2026-01-05 16:00:52+00:00,0.9866666666666667,0.9949820518493653
2026-01-05 18:00:00+00:00,2026-01-06 10:00:00+00:00,1,16,2026-01-05 12:00:00+00:00,2026-01-05 16:00:52+00:00,0.9899999999999999,0.9909233450889587
2026-01-05 18:00:00+00:00,2026-01-06 11:00:00+00:00,1,17,2026-01-05 12:00:00+00:00,2026-01-05 16:00:52+00:00,0.9883333333333333,0.9826753497123718
2026-01-05 18:00:00+00:00,2026-01-06 12:00:00+00:00,1,18,2026-01-05 12:00:00+00:00,2026-01-05 16:00:52+00:00,0.9883333333333333,0.9607752442359925
2026-01-05 18:00:00+00:00,2026-01-06 13:00:00+00:00,1,19,2026-01-05 12:00:00+00:00,2026-01-05 16:00:52+00:00,0.9899999999999999,0.9308525204658509
2026-01-05 18:00:00+00:00,2026-01-06 14:00:00+00:00,1,20,2026-01-05 12:00:00+00:00,2026-01-05 16:00:52+00:00,0.855,0.8469563603401185
2026-01-05 18:00:00+00:00,2026-01-06 15:00:00+00:00,1,21,2026-01-05 12:00:00+00:00,2026-01-05 16:00:52+00:00,0.6966666666666667,0.6447341322898865
2026-01-05 18:00:00+00:00,2026-01-06 16:00:00+00:00,1,22,2026-01-05 12:00:00+00:00,2026-01-05 16:00:52+00:00,0.4633333333333333,0.4245758205652237
2026-01-05 18:00:00+00:00,2026-01-06 17:00:00+00:00,1,23,2026-01-05 12:00:00+00:00,2026-01-05 16:00:52+00:00,0.22999999999999998,0.26892405971884725
2026-01-05 18:00:00+00:00,2026-01-06 18:00:00+00:00,1,24,2026-01-05 12:00:00+00:00,2026-01-05 16:00:52+00:00,0.02,0.1542914744466543
2026-01-05 18:00:00+00:00,2026-01-06 19:00:00+00:00,1,25,2026-01-05 12:00:00+00:00,2026-01-05 16:00:52+00:00,0.01,0.11305662430822849
2026-01-05 18:00:00+00:00,2026-01-06 20:00:00+00:00,1,26,2026-01-05 12:00:00+00:00,2026-01-05 16:00:52+00:00,0.028333333333333335,0.0833296237513423
2026-01-05 18:00:00+00:00,2026-01-06 21:00:00+00:00,1,27,2026-01-05 12:00:00+00:00,2026-01-05 16:00:52+00:00,0.028333333333333332,0.0656634895130992
2026-01-05 18:00:00+00:00,2026-01-06 22:00:00+00:00,1,28,2026-01-05 12:00:00+00:00,2026-01-05 16:00:52+00:00,0.01,0.04764925073832273
2026-01-05 18:00:00+00:00,2026-01-06 23:00:00+00:00,1,29,2026-01-05 12:00:00+00:00,2026-01-05 16:00:52+00:00,0.01,0.034589697048068045
2026-01-05 18:00:00+00:00,2026-01-07 00:00:00+00:00,1,30,2026-01-05 12:00:00+00:00,2026-01-05 16:00:52+00:00,0.01,0.025577039923518896
2026-01-05 18:00:00+00:00,2026-01-07 01:00:00+00:00,1,31,2026-01-05 12:00:00+00:00,2026-01-05 16:00:52+00:00,0.01,0.025317715667188167
2026-01-05 18:00:00+00:00,2026-01-07 02:00:00+00:00,1,32,2026-01-05 12:00:00+00:00,2026-01-05 16:00:52+00:00,0.01,0.026663561165332795
2026-01-05 18:00:00+00:00,2026-01-07 03:00:00+00:00,1,33,2026-01-05 12:00:00+00:00,2026-01-05 16:00:52+00:00,0.01,0.029921110067516566
2026-01-05 18:00:00+00:00,2026-01-07 04:00:00+00:00,1,34,2026-01-05 12:00:00+00:00,2026-01-05 16:00:52+00:00,0.01,0.03672850839793682
2026-01-05 18:00:00+00:00,2026-01-07 05:00:00+00:00,1,35,2026-01-05 12:00:00+00:00,2026-01-05 16:00:52+00:00,0.01,0.050206987746059896
2026-01-05 18:00:00+00:00,2026-01-07 06:00:00+00:00,1,36,2026-01-05 12:00:00+00:00,2026-01-05 16:00:52+00:00,0.01,0.0782986082136631
2026-01-05 18:00:00+00:00,2026-01-07 07:00:00+00:00,1,37,2026-01-05 12:00:00+00:00,2026-01-05 16:00:52+00:00,0.01,0.0752575371414423
2026-01-05 18:00:00+00:00,2026-01-07 08:00:00+00:00,1,38,2026-01-05 12:00:00+00:00,2026-01-05 16:00:52+00:00,0.01,0.07515923976898194
2026-01-05 18:00:00+00:00,2026-01-07 09:00:00+00:00,1,39,2026-01-05 12:00:00+00:00,2026-01-05 16:00:52+00:00,0.01,0.07747685313224792
2026-01-05 18:00:00+00:00,2026-01-07 10:00:00+00:00,1,40,2026-01-05 12:00:00+00:00,2026-01-05 16:00:52+00:00,0.01,0.088044473528862
2026-01-05 18:00:00+00:00,2026-01-07 11:00:00+00:00,1,41,2026-01-05 12:00:00+00:00,2026-01-05 16:00:52+00:00,0.011666666666666667,0.09203307628631592
2026-01-05 18:00:00+00:00,2026-01-07 12:00:00+00:00,1,42,2026-01-05 12:00:00+00:00,2026-01-05 16:00:52+00:00,0.028333333333333332,0.08358258008956909
2026-01-05 18:00:00+00:00,2026-01-07 13:00:00+00:00,1,43,2026-01-05 12:00:00+00:00,2026-01-05 16:00:52+00:00,0.02,0.08916328400373459
2026-01-05 18:00:00+00:00,2026-01-07 14:00:00+00:00,1,44,2026-01-05 12:00:00+00:00,2026-01-05 16:00:52+00:00,0.011666666666666667,0.09077595695853233
2026-01-05 18:00:00+00:00,2026-01-07 15:00:00+00:00,1,45,2026-01-05 12:00:00+00:00,2026-01-05 16:00:52+00:00,0.01,0.0907247319817543
2026-01-05 18:00:00+00:00,2026-01-07 16:00:00+00:00,1,46,2026-01-05 12:00:00+00:00,2026-01-05 16:00:52+00:00,0.01,0.11676297038793564
2026-01-05 18:00:00+00:00,2026-01-07 17:00:00+00:00,1,47,2026-01-05 12:00:00+00:00,2026-01-05 16:00:52+00:00,0.01,0.1490900620818138
2026-01-05 18:00:00+00:00,2026-01-07 18:00:00+00:00,1,48,2026-01-05 12:00:00+00:00,2026-01-05 16:00:52+00:00,0.01,0.1897317260503769
2026-01-05 18:00:00+00:00,2026-01-05 19:00:00+00:00,2,1,2026-01-05 12:00:00+00:00,2026-01-05 16:00:52+00:00,0.3466666666666667,0.5817568242549896
2026-01-05 18:00:00+00:00,2026-01-05 20:00:00+00:00,2,2,2026-01-05 12:00:00+00:00,2026-01-05 16:00:52+00:00,0.2966666666666667,0.6795101642608643
2026-01-05 18:00:00+00:00,2026-01-05 21:00:00+00:00,2,3,2026-01-05 12:00:00+00:00,2026-01-05 16:00:52+00:00,0.7400000000000001,0.7623409509658814
2026-01-05 18:00:00+00:00,2026-01-05 22:00:00+00:00,2,4,2026-01-05 12:00:00+00:00,2026-01-05 16:00:52+00:00,0.9566666666666667,0.7909509301185608
2026-01-05 18:00:00+00:00,2026-01-05 23:00:00+00:00,2,5,2026-01-05 12:00:00+00:00,2026-01-05 16:00:52+00:00,0.7999999999999999,0.8296516299247741
2026-01-05 18:00:00+00:00,2026-01-06 00:00:00+00:00,2,6,2026-01-05 12:00:00+00:00,2026-01-05 16:00:52+00:00,0.9683333333333333,0.8535318851470948
2026-01-05 18:00:00+00:00,2026-01-06 01:00:00+00:00,2,7,2026-01-05 12:00:00+00:00,2026-01-05 16:00:52+00:00,0.8783333333333333,0.8468924760818481
2026-01-05 18:00:00+00:00,2026-01-06 02:00:00+00:00,2,8,2026-01-05 12:00:00+00:00,2026-01-05 16:00:52+00:00,0.9733333333333333,0.8449960231781006
2026-01-05 18:00:00+00:00,2026-01-06 03:00:00+00:00,2,9,2026-01-05 12:00:00+00:00,2026-01-05 16:00:52+00:00,0.9683333333333333,0.8444865226745606
2026-01-05 18:00:00+00:00,2026-01-06 04:00:00+00:00,2,10,2026-01-05 12:00:00+00:00,2026-01-05 16:00:52+00:00,0.965,0.9234017491340637
2026-01-05 18:00:00+00:00,2026-01-06 05:00:00+00:00,2,11,2026-01-05 12:00:00+00:00,2026-01-05 16:00:52+00:00,0.9133333333333334,0.9721086859703064
2026-01-05 18:00:00+00:00,2026-01-06 06:00:00+00:00,2,12,2026-01-05 12:00:00+00:00,2026-01-05 16:00:52+00:00,0.975,0.9896160721778869
2026-01-05 18:00:00+00:00,2026-01-06 07:00:00+00:00,2,13,2026-01-05 12:00:00+00:00,2026-01-05 16:00:52+00:00,0.9733333333333333,0.9916332721710205
2026-01-05 18:00:00+00:00,2026-01-06 08:00:00+00:00,2,14,2026-01-05 12:00:00+00:00,2026-01-05 16:00:52+00:00,0.9666666666666667,0.9932950139045715
2026-01-05 18:00:00+00:00,2026-01-06 09:00:00+00:00,2,15,2026-01-05 12:00:00+00:00,2026-01-05 16:00:52+00:00,0.9700000000000001,0.9945733666419982
2026-01-05 18:00:00+00:00,2026-01-06 10:00:00+00:00,2,16,2026-01-05 12:00:00+00:00,2026-01-05 16:00:52+00:00,0.965,0.9902448296546936
2026-01-05 18:00:00+00:00,2026-01-06 11:00:00+00:00,2,17,2026-01-05 12:00:00+00:00,2026-01-05 16:00:52+00:00,0.9700000000000001,0.9813589096069336
2026-01-05 18:00:00+00:00,2026-01-06 12:00:00+00:00,2,18,2026-01-05 12:00:00+00:00,2026-01-05 16:00:52+00:00,0.9700000000000001,0.9590648055076599
2026-01-05 18:00:00+00:00,2026-01-06 13:00:00+00:00,2,19,2026-01-05 12:00:00+00:00,2026-01-05 16:00:52+00:00,0.9700000000000001,0.9263747453689575
2026-01-05 18:00:00+00:00,2026-01-06 14:00:00+00:00,2,20,2026-01-05 12:00:00+00:00,2026-01-05 16:00:52+00:00,0.8916666666666666,0.8320739507675171
2026-01-05 18:00:00+00:00,2026-01-06 15:00:00+00:00,2,21,2026-01-05 12:00:00+00:00,2026-01-05 16:00:52+00:00,0.635,0.6193011224269866
2026-01-05 18:00:00+00:00,2026-01-06 16:00:00+00:00,2,22,2026-01-05 12:00:00+00:00,2026-01-05 16:00:52+00:00,0.48500000000000004,0.40061454474925995
2026-01-05 18:00:00+00:00,2026-01-06 17:00:00+00:00,2,23,2026-01-05 12:00:00+00:00,2026-01-05 16:00:52+00:00,0.165,0.23959825113415717
2026-01-05 18:00:00+00:00,2026-01-06 18:00:00+00:00,2,24,2026-01-05 12:00:00+00:00,2026-01-05 16:00:52+00:00,0.021666666666666667,0.13053285479545593
2026-01-05 18:00:00+00:00,2026-01-06 19:00:00+00:00,2,25,2026-01-05 12:00:00+00:00,2026-01-05 16:00:52+00:00,0.008333333333333333,0.09365319032222033
2026-01-05 18:00:00+00:00,2026-01-06 20:00:00+00:00,2,26,2026-01-05 12:00:00+00:00,2026-01-05 16:00:52+00:00,0.02,0.07081729155033827
2026-01-05 18:00:00+00:00,2026-01-06 21:00:00+00:00,2,27,2026-01-05 12:00:00+00:00,2026-01-05 16:00:52+00:00,0.028333333333333332,0.05638014506548643
2026-01-05 18:00:00+00:00,2026-01-06 22:00:00+00:00,2,28,2026-01-05 12:00:00+00:00,2026-01-05 16:00:52+00:00,0.008333333333333333,0.04148464994505048
2026-01-05 18:00:00+00:00,2026-01-06 23:00:00+00:00,2,29,2026-01-05 12:00:00+00:00,2026-01-05 16:00:52+00:00,0.01,0.030575333163142204
2026-01-05 18:00:00+00:00,2026-01-07 00:00:00+00:00,2,30,2026-01-05 12:00:00+00:00,2026-01-05 16:00:52+00:00,0.01,0.022706523817032576
2026-01-05 18:00:00+00:00,2026-01-07 01:00:00+00:00,2,31,2026-01-05 12:00:00+00:00,2026-01-05 16:00:52+00:00,0.01,0.022896751016378402
2026-01-05 18:00:00+00:00,2026-01-07 02:00:00+00:00,2,32,2026-01-05 12:00:00+00:00,2026-01-05 16:00:52+00:00,0.01,0.024250051006674767
2026-01-05 18:00:00+00:00,2026-01-07 03:00:00+00:00,2,33,2026-01-05 12:00:00+00:00,2026-01-05 16:00:52+00:00,0.01,0.027646683808416127
2026-01-05 18:00:00+00:00,2026-01-07 04:00:00+00:00,2,34,2026-01-05 12:00:00+00:00,2026-01-05 16:00:52+00:00,0.01,0.03412303142249584
2026-01-05 18:00:00+00:00,2026-01-07 05:00:00+00:00,2,35,2026-01-05 12:00:00+00:00,2026-01-05 16:00:52+00:00,0.01,0.047095767222344875
2026-01-05 18:00:00+00:00,2026-01-07 06:00:00+00:00,2,36,2026-01-05 12:00:00+00:00,2026-01-05 16:00:52+00:00,0.01,0.07385704070329666
2026-01-05 18:00:00+00:00,2026-01-07 07:00:00+00:00,2,37,2026-01-05 12:00:00+00:00,2026-01-05 16:00:52+00:00,0.01,0.07235288284718991
2026-01-05 18:00:00+00:00,2026-01-07 08:00:00+00:00,2,38,2026-01-05 12:00:00+00:00,2026-01-05 16:00:52+00:00,0.01,0.07340134531259537
2026-01-05 18:00:00+00:00,2026-01-07 09:00:00+00:00,2,39,2026-01-05 12:00:00+00:00,2026-01-05 16:00:52+00:00,0.01,0.07590844556689262
2026-01-05 18:00:00+00:00,2026-01-07 10:00:00+00:00,2,40,2026-01-05 12:00:00+00:00,2026-01-05 16:00:52+00:00,0.01,0.08646441102027894
2026-01-05 18:00:00+00:00,2026-01-07 11:00:00+00:00,2,41,2026-01-05 12:00:00+00:00,2026-01-05 16:00:52+00:00,0.008333333333333333,0.08937235921621323
2026-01-05 18:00:00+00:00,2026-01-07 12:00:00+00:00,2,42,2026-01-05 12:00:00+00:00,2026-01-05 16:00:52+00:00,0.021666666666666667,0.08071115538477898
2026-01-05 18:00:00+00:00,2026-01-07 13:00:00+00:00,2,43,2026-01-05 12:00:00+00:00,2026-01-05 16:00:52+00:00,0.02,0.08595640510320664
2026-01-05 18:00:00+00:00,2026-01-07 14:00:00+00:00,2,44,2026-01-05 12:00:00+00:00,2026-01-05 16:00:52+00:00,0.008333333333333333,0.08550641313195229
2026-01-05 18:00:00+00:00,2026-01-07 15:00:00+00:00,2,45,2026-01-05 12:00:00+00:00,2026-01-05 16:00:52+00:00,0.01,0.0839287556707859
2026-01-05 18:00:00+00:00,2026-01-07 16:00:00+00:00,2,46,2026-01-05 12:00:00+00:00,2026-01-05 16:00:52+00:00,0.01,0.10717118084430695
2026-01-05 18:00:00+00:00,2026-01-07 17:00:00+00:00,2,47,2026-01-05 12:00:00+00:00,2026-01-05 16:00:52+00:00,0.01,0.1354357749223709
2026-01-05 18:00:00+00:00,2026-01-07 18:00:00+00:00,2,48,2026-01-05 12:00:00+00:00,2026-01-05 16:00:52+00:00,0.01,0.17212799489498137
2026-01-06 18:00:00+00:00,2026-01-06 19:00:00+00:00,1,1,2026-01-06 12:00:00+00:00,2026-01-06 16:00:32+00:00,0.01,0.06419974267482757
2026-01-06 18:00:00+00:00,2026-01-06 20:00:00+00:00,1,2,2026-01-06 12:00:00+00:00,2026-01-06 16:00:32+00:00,0.028333333333333335,0.0484077874571085
2026-01-06 18:00:00+00:00,2026-01-06 21:00:00+00:00,1,3,2026-01-06 12:00:00+00:00,2026-01-06 16:00:32+00:00,0.028333333333333332,0.038331703096628186
2026-01-06 18:00:00+00:00,2026-01-06 22:00:00+00:00,1,4,2026-01-06 12:00:00+00:00,2026-01-06 16:00:32+00:00,0.01,0.03938290998339653
2026-01-06 18:00:00+00:00,2026-01-06 23:00:00+00:00,1,5,2026-01-06 12:00:00+00:00,2026-01-06 16:00:32+00:00,0.01,0.03333401996642351
2026-01-06 18:00:00+00:00,2026-01-07 00:00:00+00:00,1,6,2026-01-06 12:00:00+00:00,2026-01-06 16:00:32+00:00,0.01,0.028564265929162502
2026-01-06 18:00:00+00:00,2026-01-07 01:00:00+00:00,1,7,2026-01-06 12:00:00+00:00,2026-01-06 16:00:32+00:00,0.01,0.03194769062101841
2026-01-06 18:00:00+00:00,2026-01-07 02:00:00+00:00,1,8,2026-01-06 12:00:00+00:00,2026-01-06 16:00:32+00:00,0.01,0.03354432787746191
2026-01-06 18:00:00+00:00,2026-01-07 03:00:00+00:00,1,9,2026-01-06 12:00:00+00:00,2026-01-06 16:00:32+00:00,0.01,0.03554486073553562
2026-01-06 18:00:00+00:00,2026-01-07 04:00:00+00:00,1,10,2026-01-06 12:00:00+00:00,2026-01-06 16:00:32+00:00,0.01,0.037918920442461965
2026-01-06 18:00:00+00:00,2026-01-07 05:00:00+00:00,1,11,2026-01-06 12:00:00+00:00,2026-01-06 16:00:32+00:00,0.01,0.043381812423467635
2026-01-06 18:00:00+00:00,2026-01-07 06:00:00+00:00,1,12,2026-01-06 12:00:00+00:00,2026-01-06 16:00:32+00:00,0.01,0.05503783151507378
2026-01-06 18:00:00+00:00,2026-01-07 07:00:00+00:00,1,13,2026-01-06 12:00:00+00:00,2026-01-06 16:00:32+00:00,0.01,0.049173109233379364
2026-01-06 18:00:00+00:00,2026-01-07 08:00:00+00:00,1,14,2026-01-06 12:00:00+00:00,2026-01-06 16:00:32+00:00,0.01,0.04612277895212173
2026-01-06 18:00:00+00:00,2026-01-07 09:00:00+00:00,1,15,2026-01-06 12:00:00+00:00,2026-01-06 16:00:32+00:00,0.01,0.04434415176510811
2026-01-06 18:00:00+00:00,2026-01-07 10:00:00+00:00,1,16,2026-01-06 12:00:00+00:00,2026-01-06 16:00:32+00:00,0.01,0.04431856460869312
2026-01-06 18:00:00+00:00,2026-01-07 11:00:00+00:00,1,17,2026-01-06 12:00:00+00:00,2026-01-06 16:00:32+00:00,0.011666666666666667,0.04310265406966209
2026-01-06 18:00:00+00:00,2026-01-07 12:00:00+00:00,1,18,2026-01-06 12:00:00+00:00,2026-01-06 16:00:32+00:00,0.028333333333333332,0.0379570733755827
2026-01-06 18:00:00+00:00,2026-01-07 13:00:00+00:00,1,19,2026-01-06 12:00:00+00:00,2026-01-06 16:00:32+00:00,0.02,0.043992483615875246
2026-01-06 18:00:00+00:00,2026-01-07 14:00:00+00:00,1,20,2026-01-06 12:00:00+00:00,2026-01-06 16:00:32+00:00,0.011666666666666667,0.04924008809030056
2026-01-06 18:00:00+00:00,2026-01-07 15:00:00+00:00,1,21,2026-01-06 12:00:00+00:00,2026-01-06 16:00:32+00:00,0.01,0.052140511199831964
2026-01-06 18:00:00+00:00,2026-01-07 16:00:00+00:00,1,22,2026-01-06 12:00:00+00:00,2026-01-06 16:00:32+00:00,0.01,0.050408235564827916
2026-01-06 18:00:00+00:00,2026-01-07 17:00:00+00:00,1,23,2026-01-06 12:00:00+00:00,2026-01-06 16:00:32+00:00,0.01,0.04859114848077297
2026-01-06 18:00:00+00:00,2026-01-07 18:00:00+00:00,1,24,2026-01-06 12:00:00+00:00,2026-01-06 16:00:32+00:00,0.01,0.04689507558941841
2026-01-06 18:00:00+00:00,2026-01-07 19:00:00+00:00,1,25,2026-01-06 12:00:00+00:00,2026-01-06 16:00:32+00:00,0.01,0.04373543355613947
2026-01-06 18:00:00+00:00,2026-01-07 20:00:00+00:00,1,26,2026-01-06 12:00:00+00:00,2026-01-06 16:00:32+00:00,0.01,0.04071085210889578
2026-01-06 18:00:00+00:00,2026-01-07 21:00:00+00:00,1,27,2026-01-06 12:00:00+00:00,2026-01-06 16:00:32+00:00,0.01,0.03732527736574411
2026-01-06 18:00:00+00:00,2026-01-07 22:00:00+00:00,1,28,2026-01-06 12:00:00+00:00,2026-01-06 16:00:32+00:00,0.01,0.037976691499352455
2026-01-06 18:00:00+00:00,2026-01-07 23:00:00+00:00,1,29,2026-01-06 12:00:00+00:00,2026-01-06 16:00:32+00:00,0.01,0.03827420435845852
2026-01-06 18:00:00+00:00,2026-01-08 00:00:00+00:00,1,30,2026-01-06 12:00:00+00:00,2026-01-06 16:00:32+00:00,0.01,0.03753047790378332
2026-01-06 18:00:00+00:00,2026-01-08 01:00:00+00:00,1,31,2026-01-06 12:00:00+00:00,2026-01-06 16:00:32+00:00,0.01,0.03099345983937383
2026-01-06 18:00:00+00:00,2026-01-08 02:00:00+00:00,1,32,2026-01-06 12:00:00+00:00,2026-01-06 16:00:32+00:00,0.01,0.026196095813065767
2026-01-06 18:00:00+00:00,2026-01-08 03:00:00+00:00,1,33,2026-01-06 12:00:00+00:00,2026-01-06 16:00:32+00:00,0.01,0.02284973068162799
2026-01-06 18:00:00+00:00,2026-01-08 04:00:00+00:00,1,34,2026-01-06 12:00:00+00:00,2026-01-06 16:00:32+00:00,0.01,0.03321607653051615
2026-01-06 18:00:00+00:00,2026-01-08 05:00:00+00:00,1,35,2026-01-06 12:00:00+00:00,2026-01-06 16:00:32+00:00,0.01,0.054040002450346944
2026-01-06 18:00:00+00:00,2026-01-08 06:00:00+00:00,1,36,2026-01-06 12:00:00+00:00,2026-01-06 16:00:32+00:00,0.01,0.11234230548143387
2026-01-06 18:00:00+00:00,2026-01-08 07:00:00+00:00,1,37,2026-01-06 12:00:00+00:00,2026-01-06 16:00:32+00:00,0.01,0.13587790876626968
2026-01-06 18:00:00+00:00,2026-01-08 08:00:00+00:00,1,38,2026-01-06 12:00:00+00:00,2026-01-06 16:00:32+00:00,0.008333333333333333,0.17637041509151458
2026-01-06 18:00:00+00:00,2026-01-08 09:00:00+00:00,1,39,2026-01-06 12:00:00+00:00,2026-01-06 16:00:32+00:00,0.01,0.23502432703971862
2026-01-06 18:00:00+00:00,2026-01-08 10:00:00+00:00,1,40,2026-01-06 12:00:00+00:00,2026-01-06 16:00:32+00:00,0.18333333333333335,0.2108302593231201
2026-01-06 18:00:00+00:00,2026-01-08 11:00:00+00:00,1,41,2026-01-06 12:00:00+00:00,2026-01-06 16:00:32+00:00,0.13833333333333334,0.1940569281578064
2026-01-06 18:00:00+00:00,2026-01-08 12:00:00+00:00,1,42,2026-01-06 12:00:00+00:00,2026-01-06 16:00:32+00:00,0.135,0.17530883550643922
2026-01-06 18:00:00+00:00,2026-01-08 13:00:00+00:00,1,43,2026-01-06 12:00:00+00:00,2026-01-06 16:00:32+00:00,0.12,0.2853653013706207
2026-01-06 18:00:00+00:00,2026-01-08 14:00:00+00:00,1,44,2026-01-06 12:00:00+00:00,2026-01-06 16:00:32+00:00,0.01,0.4352597951889038
2026-01-06 18:00:00+00:00,2026-01-08 15:00:00+00:00,1,45,2026-01-06 12:00:00+00:00,2026-01-06 16:00:32+00:00,0.013333333333333334,0.5740070343017578
2026-01-06 18:00:00+00:00,2026-01-08 16:00:00+00:00,1,46,2026-01-06 12:00:00+00:00,2026-01-06 16:00:32+00:00,0.013333333333333334,0.6277526080608368
2026-01-06 18:00:00+00:00,2026-01-08 17:00:00+00:00,1,47,2026-01-06 12:00:00+00:00,2026-01-06 16:00:32+00:00,0.01,0.6704046845436096
2026-01-06 18:00:00+00:00,2026-01-08 18:00:00+00:00,1,48,2026-01-06 12:00:00+00:00,2026-01-06 16:00:32+00:00,0.01,0.7014935970306396
2026-01-06 18:00:00+00:00,2026-01-06 19:00:00+00:00,2,1,2026-01-06 12:00:00+00:00,2026-01-06 16:00:32+00:00,0.008333333333333333,0.056178198754787446
2026-01-06 18:00:00+00:00,2026-01-06 20:00:00+00:00,2,2,2026-01-06 12:00:00+00:00,2026-01-06 16:00:32+00:00,0.02,0.04232821464538574
2026-01-06 18:00:00+00:00,2026-01-06 21:00:00+00:00,2,3,2026-01-06 12:00:00+00:00,2026-01-06 16:00:32+00:00,0.028333333333333332,0.03332144282758236
2026-01-06 18:00:00+00:00,2026-01-06 22:00:00+00:00,2,4,2026-01-06 12:00:00+00:00,2026-01-06 16:00:32+00:00,0.008333333333333333,0.03445648308843374
2026-01-06 18:00:00+00:00,2026-01-06 23:00:00+00:00,2,5,2026-01-06 12:00:00+00:00,2026-01-06 16:00:32+00:00,0.01,0.02877393700182438
2026-01-06 18:00:00+00:00,2026-01-07 00:00:00+00:00,2,6,2026-01-06 12:00:00+00:00,2026-01-06 16:00:32+00:00,0.01,0.024568913131952287
2026-01-06 18:00:00+00:00,2026-01-07 01:00:00+00:00,2,7,2026-01-06 12:00:00+00:00,2026-01-06 16:00:32+00:00,0.01,0.02769209761172533
2026-01-06 18:00:00+00:00,2026-01-07 02:00:00+00:00,2,8,2026-01-06 12:00:00+00:00,2026-01-06 16:00:32+00:00,0.01,0.029593253508210182
2026-01-06 18:00:00+00:00,2026-01-07 03:00:00+00:00,2,9,2026-01-06 12:00:00+00:00,2026-01-06 16:00:32+00:00,0.01,0.03211940303444862
2026-01-06 18:00:00+00:00,2026-01-07 04:00:00+00:00,2,10,2026-01-06 12:00:00+00:00,2026-01-06 16:00:32+00:00,0.01,0.035774973779916765
2026-01-06 18:00:00+00:00,2026-01-07 05:00:00+00:00,2,11,2026-01-06 12:00:00+00:00,2026-01-06 16:00:32+00:00,0.01,0.042137771099805835
2026-01-06 18:00:00+00:00,2026-01-07 06:00:00+00:00,2,12,2026-01-06 12:00:00+00:00,2026-01-06 16:00:32+00:00,0.01,0.05463493838906288
2026-01-06 18:00:00+00:00,2026-01-07 07:00:00+00:00,2,13,2026-01-06 12:00:00+00:00,2026-01-06 16:00:32+00:00,0.01,0.04870902821421623
2026-01-06 18:00:00+00:00,2026-01-07 08:00:00+00:00,2,14,2026-01-06 12:00:00+00:00,2026-01-06 16:00:32+00:00,0.01,0.04455269128084183
2026-01-06 18:00:00+00:00,2026-01-07 09:00:00+00:00,2,15,2026-01-06 12:00:00+00:00,2026-01-06 16:00:32+00:00,0.01,0.04301720336079597
2026-01-06 18:00:00+00:00,2026-01-07 10:00:00+00:00,2,16,2026-01-06 12:00:00+00:00,2026-01-06 16:00:32+00:00,0.01,0.04304179772734642
2026-01-06 18:00:00+00:00,2026-01-07 11:00:00+00:00,2,17,2026-01-06 12:00:00+00:00,2026-01-06 16:00:32+00:00,0.008333333333333333,0.04197037220001221
2026-01-06 18:00:00+00:00,2026-01-07 12:00:00+00:00,2,18,2026-01-06 12:00:00+00:00,2026-01-06 16:00:32+00:00,0.021666666666666667,0.037213123962283136
2026-01-06 18:00:00+00:00,2026-01-07 13:00:00+00:00,2,19,2026-01-06 12:00:00+00:00,2026-01-06 16:00:32+00:00,0.02,0.04270020462572575
2026-01-06 18:00:00+00:00,2026-01-07 14:00:00+00:00,2,20,2026-01-06 12:00:00+00:00,2026-01-06 16:00:32+00:00,0.008333333333333333,0.04659636542201042
2026-01-06 18:00:00+00:00,2026-01-07 15:00:00+00:00,2,21,2026-01-06 12:00:00+00:00,2026-01-06 16:00:32+00:00,0.01,0.047735854238271716
2026-01-06 18:00:00+00:00,2026-01-07 16:00:00+00:00,2,22,2026-01-06 12:00:00+00:00,2026-01-06 16:00:32+00:00,0.01,0.045136330649256706
2026-01-06 18:00:00+00:00,2026-01-07 17:00:00+00:00,2,23,2026-01-06 12:00:00+00:00,2026-01-06 16:00:32+00:00,0.01,0.042935429513454436
2026-01-06 18:00:00+00:00,2026-01-07 18:00:00+00:00,2,24,2026-01-06 12:00:00+00:00,2026-01-06 16:00:32+00:00,0.01,0.04079878628253937
2026-01-06 18:00:00+00:00,2026-01-07 19:00:00+00:00,2,25,2026-01-06 12:00:00+00:00,2026-01-06 16:00:32+00:00,0.01,0.037528470531105994
2026-01-06 18:00:00+00:00,2026-01-07 20:00:00+00:00,2,26,2026-01-06 12:00:00+00:00,2026-01-06 16:00:32+00:00,0.01,0.034176887944340706
2026-01-06 18:00:00+00:00,2026-01-07 21:00:00+00:00,2,27,2026-01-06 12:00:00+00:00,2026-01-06 16:00:32+00:00,0.01,0.030845906864851714
2026-01-06 18:00:00+00:00,2026-01-07 22:00:00+00:00,2,28,2026-01-06 12:00:00+00:00,2026-01-06 16:00:32+00:00,0.01,0.031320557743310926
2026-01-06 18:00:00+00:00,2026-01-07 23:00:00+00:00,2,29,2026-01-06 12:00:00+00:00,2026-01-06 16:00:32+00:00,0.01,0.031765883415937425
2026-01-06 18:00:00+00:00,2026-01-08 00:00:00+00:00,2,30,2026-01-06 12:00:00+00:00,2026-01-06 16:00:32+00:00,0.01,0.03183677829802036
2026-01-06 18:00:00+00:00,2026-01-08 01:00:00+00:00,2,31,2026-01-06 12:00:00+00:00,2026-01-06 16:00:32+00:00,0.01,0.026538869924843313
2026-01-06 18:00:00+00:00,2026-01-08 02:00:00+00:00,2,32,2026-01-06 12:00:00+00:00,2026-01-06 16:00:32+00:00,0.01,0.022939151711761953
2026-01-06 18:00:00+00:00,2026-01-08 03:00:00+00:00,2,33,2026-01-06 12:00:00+00:00,2026-01-06 16:00:32+00:00,0.01,0.02062765145674348
2026-01-06 18:00:00+00:00,2026-01-08 04:00:00+00:00,2,34,2026-01-06 12:00:00+00:00,2026-01-06 16:00:32+00:00,0.01,0.031174662336707116
2026-01-06 18:00:00+00:00,2026-01-08 05:00:00+00:00,2,35,2026-01-06 12:00:00+00:00,2026-01-06 16:00:32+00:00,0.01,0.053557901084423064
2026-01-06 18:00:00+00:00,2026-01-08 06:00:00+00:00,2,36,2026-01-06 12:00:00+00:00,2026-01-06 16:00:32+00:00,0.01,0.10983496755361558
2026-01-06 18:00:00+00:00,2026-01-08 07:00:00+00:00,2,37,2026-01-06 12:00:00+00:00,2026-01-06 16:00:32+00:00,0.006666666666666667,0.13278541713953018
2026-01-06 18:00:00+00:00,2026-01-08 08:00:00+00:00,2,38,2026-01-06 12:00:00+00:00,2026-01-06 16:00:32+00:00,0.008333333333333333,0.17168914079666137
2026-01-06 18:00:00+00:00,2026-01-08 09:00:00+00:00,2,39,2026-01-06 12:00:00+00:00,2026-01-06 16:00:32+00:00,0.013333333333333334,0.23134795427322388
2026-01-06 18:00:00+00:00,2026-01-08 10:00:00+00:00,2,40,2026-01-06 12:00:00+00:00,2026-01-06 16:00:32+00:00,0.18666666666666668,0.21081808507442473
2026-01-06 18:00:00+00:00,2026-01-08 11:00:00+00:00,2,41,2026-01-06 12:00:00+00:00,2026-01-06 16:00:32+00:00,0.135,0.19274428486824036
2026-01-06 18:00:00+00:00,2026-01-08 12:00:00+00:00,2,42,2026-01-06 12:00:00+00:00,2026-01-06 16:00:32+00:00,0.12666666666666668,0.17100265324115754
2026-01-06 18:00:00+00:00,2026-01-08 13:00:00+00:00,2,43,2026-01-06 12:00:00+00:00,2026-01-06 16:00:32+00:00,0.09999999999999999,0.2814080208539963
2026-01-06 18:00:00+00:00,2026-01-08 14:00:00+00:00,2,44,2026-01-06 12:00:00+00:00,2026-01-06 16:00:32+00:00,0.01,0.4239011913537979
2026-01-06 18:00:00+00:00,2026-01-08 15:00:00+00:00,2,45,2026-01-06 12:00:00+00:00,2026-01-06 16:00:32+00:00,0.008333333333333333,0.553161758184433
2026-01-06 18:00:00+00:00,2026-01-08 16:00:00+00:00,2,46,2026-01-06 12:00:00+00:00,2026-01-06 16:00:32+00:00,0.011666666666666667,0.6002480864524842
2026-01-06 18:00:00+00:00,2026-01-08 17:00:00+00:00,2,47,2026-01-06 12:00:00+00:00,2026-01-06 16:00:32+00:00,0.008333333333333333,0.6390834808349609
2026-01-06 18:00:00+00:00,2026-01-08 18:00:00+00:00,2,48,2026-01-06 12:00:00+00:00,2026-01-06 16:00:32+00:00,0.008333333333333333,0.667285704612732
2026-01-07 18:00:00+00:00,2026-01-07 19:00:00+00:00,1,1,2026-01-07 12:00:00+00:00,2026-01-07 16:00:26+00:00,0.01,0.06565828621387482
2026-01-07 18:00:00+00:00,2026-01-07 20:00:00+00:00,1,2,2026-01-07 12:00:00+00:00,2026-01-07 16:00:26+00:00,0.01,0.056417430937290194
2026-01-07 18:00:00+00:00,2026-01-07 21:00:00+00:00,1,3,2026-01-07 12:00:00+00:00,2026-01-07 16:00:26+00:00,0.01,0.04753338880836964
2026-01-07 18:00:00+00:00,2026-01-07 22:00:00+00:00,1,4,2026-01-07 12:00:00+00:00,2026-01-07 16:00:26+00:00,0.01,0.04949759840965271
2026-01-07 18:00:00+00:00,2026-01-07 23:00:00+00:00,1,5,2026-01-07 12:00:00+00:00,2026-01-07 16:00:26+00:00,0.01,0.04719146452844143
2026-01-07 18:00:00+00:00,2026-01-08 00:00:00+00:00,1,6,2026-01-07 12:00:00+00:00,2026-01-07 16:00:26+00:00,0.01,0.043136417865753174
2026-01-07 18:00:00+00:00,2026-01-08 01:00:00+00:00,1,7,2026-01-07 12:00:00+00:00,2026-01-07 16:00:26+00:00,0.01,0.03797294832766056
2026-01-07 18:00:00+00:00,2026-01-08 02:00:00+00:00,1,8,2026-01-07 12:00:00+00:00,2026-01-07 16:00:26+00:00,0.01,0.032502063177526
2026-01-07 18:00:00+00:00,2026-01-08 03:00:00+00:00,1,9,2026-01-07 12:00:00+00:00,2026-01-07 16:00:26+00:00,0.01,0.02781832925975323
2026-01-07 18:00:00+00:00,2026-01-08 04:00:00+00:00,1,10,2026-01-07 12:00:00+00:00,2026-01-07 16:00:26+00:00,0.01,0.03645744100213051
2026-01-07 18:00:00+00:00,2026-01-08 05:00:00+00:00,1,11,2026-01-07 12:00:00+00:00,2026-01-07 16:00:26+00:00,0.01,0.050188875198364256
2026-01-07 18:00:00+00:00,2026-01-08 06:00:00+00:00,1,12,2026-01-07 12:00:00+00:00,2026-01-07 16:00:26+00:00,0.01,0.0788298599421978
2026-01-07 18:00:00+00:00,2026-01-08 07:00:00+00:00,1,13,2026-01-07 12:00:00+00:00,2026-01-07 16:00:26+00:00,0.01,0.08889969140291214
2026-01-07 18:00:00+00:00,2026-01-08 08:00:00+00:00,1,14,2026-01-07 12:00:00+00:00,2026-01-07 16:00:26+00:00,0.008333333333333333,0.10795825719833374
2026-01-07 18:00:00+00:00,2026-01-08 09:00:00+00:00,1,15,2026-01-07 12:00:00+00:00,2026-01-07 16:00:26+00:00,0.01,0.14361723363399506
2026-01-07 18:00:00+00:00,2026-01-08 10:00:00+00:00,1,16,2026-01-07 12:00:00+00:00,2026-01-07 16:00:26+00:00,0.18333333333333335,0.16330017745494843
2026-01-07 18:00:00+00:00,2026-01-08 11:00:00+00:00,1,17,2026-01-07 12:00:00+00:00,2026-01-07 16:00:26+00:00,0.13833333333333334,0.18221004903316498
2026-01-07 18:00:00+00:00,2026-01-08 12:00:00+00:00,1,18,2026-01-07 12:00:00+00:00,2026-01-07 16:00:26+00:00,0.135,0.18244855403900145
2026-01-07 18:00:00+00:00,2026-01-08 13:00:00+00:00,1,19,2026-01-07 12:00:00+00:00,2026-01-07 16:00:26+00:00,0.12,0.2317318081855774
2026-01-07 18:00:00+00:00,2026-01-08 14:00:00+00:00,1,20,2026-01-07 12:00:00+00:00,2026-01-07 16:00:26+00:00,0.01,0.27766676247119904
2026-01-07 18:00:00+00:00,2026-01-08 15:00:00+00:00,1,21,2026-01-07 12:00:00+00:00,2026-01-07 16:00:26+00:00,0.013333333333333334,0.3179380357265472
2026-01-07 18:00:00+00:00,2026-01-08 16:00:00+00:00,1,22,2026-01-07 12:00:00+00:00,2026-01-07 16:00:26+00:00,0.013333333333333334,0.3956591784954071
2026-01-07 18:00:00+00:00,2026-01-08 17:00:00+00:00,1,23,2026-01-07 12:00:00+00:00,2026-01-07 16:00:26+00:00,0.01,0.46814541816711425
2026-01-07 18:00:00+00:00,2026-01-08 18:00:00+00:00,1,24,2026-01-07 12:00:00+00:00,2026-01-07 16:00:26+00:00,0.01,0.5349312007427216
2026-01-07 18:00:00+00:00,2026-01-08 19:00:00+00:00,1,25,2026-01-07 12:00:00+00:00,2026-01-07 16:00:26+00:00,0.011666666666666667,0.5587053060531616
2026-01-07 18:00:00+00:00,2026-01-08 20:00:00+00:00,1,26,2026-01-07 12:00:00+00:00,2026-01-07 16:00:26+00:00,0.01,0.5796868920326232
2026-01-07 18:00:00+00:00,2026-01-08 21:00:00+00:00,1,27,2026-01-07 12:00:00+00:00,2026-01-07 16:00:26+00:00,0.013333333333333334,0.5994233787059784
2026-01-07 18:00:00+00:00,2026-01-08 22:00:00+00:00,1,28,2026-01-07 12:00:00+00:00,2026-01-07 16:00:26+00:00,0.01,0.5831045866012573
2026-01-07 18:00:00+00:00,2026-01-08 23:00:00+00:00,1,29,2026-01-07 12:00:00+00:00,2026-01-07 16:00:26+00:00,0.01,0.5600934982299804
2026-01-07 18:00:00+00:00,2026-01-09 00:00:00+00:00,1,30,2026-01-07 12:00:00+00:00,2026-01-07 16:00:26+00:00,0.01,0.5265275001525879
2026-01-07 18:00:00+00:00,2026-01-09 01:00:00+00:00,1,31,2026-01-07 12:00:00+00:00,2026-01-07 16:00:26+00:00,0.01,0.44892449378967286
2026-01-07 18:00:00+00:00,2026-01-09 02:00:00+00:00,1,32,2026-01-07 12:00:00+00:00,2026-01-07 16:00:26+00:00,0.01,0.3749722182750702
2026-01-07 18:00:00+00:00,2026-01-09 03:00:00+00:00,1,33,2026-01-07 12:00:00+00:00,2026-01-07 16:00:26+00:00,0.01,0.3110328644514084
2026-01-07 18:00:00+00:00,2026-01-09 04:00:00+00:00,1,34,2026-01-07 12:00:00+00:00,2026-01-07 16:00:26+00:00,0.01,0.28615841567516326
2026-01-07 18:00:00+00:00,2026-01-09 05:00:00+00:00,1,35,2026-01-07 12:00:00+00:00,2026-01-07 16:00:26+00:00,0.01,0.2778844028711319
2026-01-07 18:00:00+00:00,2026-01-09 06:00:00+00:00,1,36,2026-01-07 12:00:00+00:00,2026-01-07 16:00:26+00:00,0.01,0.2935562014579773
2026-01-07 18:00:00+00:00,2026-01-09 07:00:00+00:00,1,37,2026-01-07 12:00:00+00:00,2026-01-07 16:00:26+00:00,0.01,0.2701642394065857
2026-01-07 18:00:00+00:00,2026-01-09 08:00:00+00:00,1,38,2026-01-07 12:00:00+00:00,2026-01-07 16:00:26+00:00,0.011666666666666667,0.265969979763031
2026-01-07 18:00:00+00:00,2026-01-09 09:00:00+00:00,1,39,2026-01-07 12:00:00+00:00,2026-01-07 16:00:26+00:00,0.01,0.2766932874917984
2026-01-07 18:00:00+00:00,2026-01-09 10:00:00+00:00,1,40,2026-01-07 12:00:00+00:00,2026-01-07 16:00:26+00:00,0.01,0.23090367317199706
2026-01-07 18:00:00+00:00,2026-01-09 11:00:00+00:00,1,41,2026-01-07 12:00:00+00:00,2026-01-07 16:00:26+00:00,0.02666666666666667,0.17585667371749877
2026-01-07 18:00:00+00:00,2026-01-09 12:00:00+00:00,1,42,2026-01-07 12:00:00+00:00,2026-01-07 16:00:26+00:00,0.03,0.12220961600542068
2026-01-07 18:00:00+00:00,2026-01-09 13:00:00+00:00,1,43,2026-01-07 12:00:00+00:00,2026-01-07 16:00:26+00:00,0.011666666666666667,0.11257558912038804
2026-01-07 18:00:00+00:00,2026-01-09 14:00:00+00:00,1,44,2026-01-07 12:00:00+00:00,2026-01-07 16:00:26+00:00,0.008333333333333333,0.10027447864413261
2026-01-07 18:00:00+00:00,2026-01-09 15:00:00+00:00,1,45,2026-01-07 12:00:00+00:00,2026-01-07 16:00:26+00:00,0.01,0.08833883628249169
2026-01-07 18:00:00+00:00,2026-01-09 16:00:00+00:00,1,46,2026-01-07 12:00:00+00:00,2026-01-07 16:00:26+00:00,0.01,0.0965710423886776
2026-01-07 18:00:00+00:00,2026-01-09 17:00:00+00:00,1,47,2026-01-07 12:00:00+00:00,2026-01-07 16:00:26+00:00,0.01,0.1023024171590805
2026-01-07 18:00:00+00:00,2026-01-09 18:00:00+00:00,1,48,2026-01-07 12:00:00+00:00,2026-01-07 16:00:26+00:00,0.01,0.11088397055864334
2026-01-07 18:00:00+00:00,2026-01-07 19:00:00+00:00,2,1,2026-01-07 12:00:00+00:00,2026-01-07 16:00:26+00:00,0.01,0.05860152468085289
2026-01-07 18:00:00+00:00,2026-01-07 20:00:00+00:00,2,2,2026-01-07 12:00:00+00:00,2026-01-07 16:00:26+00:00,0.01,0.04834145568311214
2026-01-07 18:00:00+00:00,2026-01-07 21:00:00+00:00,2,3,2026-01-07 12:00:00+00:00,2026-01-07 16:00:26+00:00,0.01,0.03955078274011612
2026-01-07 18:00:00+00:00,2026-01-07 22:00:00+00:00,2,4,2026-01-07 12:00:00+00:00,2026-01-07 16:00:26+00:00,0.01,0.04053525701165199
2026-01-07 18:00:00+00:00,2026-01-07 23:00:00+00:00,2,5,2026-01-07 12:00:00+00:00,2026-01-07 16:00:26+00:00,0.01,0.038653917238116266
2026-01-07 18:00:00+00:00,2026-01-08 00:00:00+00:00,2,6,2026-01-07 12:00:00+00:00,2026-01-07 16:00:26+00:00,0.01,0.03575135469436645
2026-01-07 18:00:00+00:00,2026-01-08 01:00:00+00:00,2,7,2026-01-07 12:00:00+00:00,2026-01-07 16:00:26+00:00,0.01,0.03156801518052817
2026-01-07 18:00:00+00:00,2026-01-08 02:00:00+00:00,2,8,2026-01-07 12:00:00+00:00,2026-01-07 16:00:26+00:00,0.01,0.027582014724612237
2026-01-07 18:00:00+00:00,2026-01-08 03:00:00+00:00,2,9,2026-01-07 12:00:00+00:00,2026-01-07 16:00:26+00:00,0.01,0.024368798732757567
2026-01-07 18:00:00+00:00,2026-01-08 04:00:00+00:00,2,10,2026-01-07 12:00:00+00:00,2026-01-07 16:00:26+00:00,0.01,0.03340181931853294
2026-01-07 18:00:00+00:00,2026-01-08 05:00:00+00:00,2,11,2026-01-07 12:00:00+00:00,2026-01-07 16:00:26+00:00,0.01,0.04918408840894699
2026-01-07 18:00:00+00:00,2026-01-08 06:00:00+00:00,2,12,2026-01-07 12:00:00+00:00,2026-01-07 16:00:26+00:00,0.01,0.08067755103111267
2026-01-07 18:00:00+00:00,2026-01-08 07:00:00+00:00,2,13,2026-01-07 12:00:00+00:00,2026-01-07 16:00:26+00:00,0.006666666666666667,0.09067826569080353
2026-01-07 18:00:00+00:00,2026-01-08 08:00:00+00:00,2,14,2026-01-07 12:00:00+00:00,2026-01-07 16:00:26+00:00,0.008333333333333333,0.11011786609888077
2026-01-07 18:00:00+00:00,2026-01-08 09:00:00+00:00,2,15,2026-01-07 12:00:00+00:00,2026-01-07 16:00:26+00:00,0.013333333333333334,0.1444813758134842
2026-01-07 18:00:00+00:00,2026-01-08 10:00:00+00:00,2,16,2026-01-07 12:00:00+00:00,2026-01-07 16:00:26+00:00,0.18666666666666668,0.1604410856962204
2026-01-07 18:00:00+00:00,2026-01-08 11:00:00+00:00,2,17,2026-01-07 12:00:00+00:00,2026-01-07 16:00:26+00:00,0.135,0.17766160666942596
2026-01-07 18:00:00+00:00,2026-01-08 12:00:00+00:00,2,18,2026-01-07 12:00:00+00:00,2026-01-07 16:00:26+00:00,0.12666666666666668,0.17569712698459625
2026-01-07 18:00:00+00:00,2026-01-08 13:00:00+00:00,2,19,2026-01-07 12:00:00+00:00,2026-01-07 16:00:26+00:00,0.09999999999999999,0.2203880101442337
2026-01-07 18:00:00+00:00,2026-01-08 14:00:00+00:00,2,20,2026-01-07 12:00:00+00:00,2026-01-07 16:00:26+00:00,0.01,0.2601031631231308
2026-01-07 18:00:00+00:00,2026-01-08 15:00:00+00:00,2,21,2026-01-07 12:00:00+00:00,2026-01-07 16:00:26+00:00,0.008333333333333333,0.29101053476333616
2026-01-07 18:00:00+00:00,2026-01-08 16:00:00+00:00,2,22,2026-01-07 12:00:00+00:00,2026-01-07 16:00:26+00:00,0.011666666666666667,0.35733639597892763
2026-01-07 18:00:00+00:00,2026-01-08 17:00:00+00:00,2,23,2026-01-07 12:00:00+00:00,2026-01-07 16:00:26+00:00,0.008333333333333333,0.42253270745277405
2026-01-07 18:00:00+00:00,2026-01-08 18:00:00+00:00,2,24,2026-01-07 12:00:00+00:00,2026-01-07 16:00:26+00:00,0.008333333333333333,0.4847598135471344
2026-01-07 18:00:00+00:00,2026-01-08 19:00:00+00:00,2,25,2026-01-07 12:00:00+00:00,2026-01-07 16:00:26+00:00,0.01,0.505184018611908
2026-01-07 18:00:00+00:00,2026-01-08 20:00:00+00:00,2,26,2026-01-07 12:00:00+00:00,2026-01-07 16:00:26+00:00,0.008333333333333333,0.5342102587223053
2026-01-07 18:00:00+00:00,2026-01-08 21:00:00+00:00,2,27,2026-01-07 12:00:00+00:00,2026-01-07 16:00:26+00:00,0.01,0.5616116464138031
2026-01-07 18:00:00+00:00,2026-01-08 22:00:00+00:00,2,28,2026-01-07 12:00:00+00:00,2026-01-07 16:00:26+00:00,0.011666666666666667,0.5490136265754699
2026-01-07 18:00:00+00:00,2026-01-08 23:00:00+00:00,2,29,2026-01-07 12:00:00+00:00,2026-01-07 16:00:26+00:00,0.01,0.5292266011238098
2026-01-07 18:00:00+00:00,2026-01-09 00:00:00+00:00,2,30,2026-01-07 12:00:00+00:00,2026-01-07 16:00:26+00:00,0.01,0.5006676197052002
2026-01-07 18:00:00+00:00,2026-01-09 01:00:00+00:00,2,31,2026-01-07 12:00:00+00:00,2026-01-07 16:00:26+00:00,0.008333333333333333,0.4284757375717163
2026-01-07 18:00:00+00:00,2026-01-09 02:00:00+00:00,2,32,2026-01-07 12:00:00+00:00,2026-01-07 16:00:26+00:00,0.01,0.3587899088859558
2026-01-07 18:00:00+00:00,2026-01-09 03:00:00+00:00,2,33,2026-01-07 12:00:00+00:00,2026-01-07 16:00:26+00:00,0.008333333333333333,0.2985298126935959
2026-01-07 18:00:00+00:00,2026-01-09 04:00:00+00:00,2,34,2026-01-07 12:00:00+00:00,2026-01-07 16:00:26+00:00,0.008333333333333333,0.2854268282651901
2026-01-07 18:00:00+00:00,2026-01-09 05:00:00+00:00,2,35,2026-01-07 12:00:00+00:00,2026-01-07 16:00:26+00:00,0.01,0.27699533104896545
2026-01-07 18:00:00+00:00,2026-01-09 06:00:00+00:00,2,36,2026-01-07 12:00:00+00:00,2026-01-07 16:00:26+00:00,0.01,0.29299232065677644
2026-01-07 18:00:00+00:00,2026-01-09 07:00:00+00:00,2,37,2026-01-07 12:00:00+00:00,2026-01-07 16:00:26+00:00,0.01,0.2678394615650177
2026-01-07 18:00:00+00:00,2026-01-09 08:00:00+00:00,2,38,2026-01-07 12:00:00+00:00,2026-01-07 16:00:26+00:00,0.006666666666666667,0.26173868775367737
2026-01-07 18:00:00+00:00,2026-01-09 09:00:00+00:00,2,39,2026-01-07 12:00:00+00:00,2026-01-07 16:00:26+00:00,0.01,0.27843442261219026
2026-01-07 18:00:00+00:00,2026-01-09 10:00:00+00:00,2,40,2026-01-07 12:00:00+00:00,2026-01-07 16:00:26+00:00,0.01,0.22634845972061157
2026-01-07 18:00:00+00:00,2026-01-09 11:00:00+00:00,2,41,2026-01-07 12:00:00+00:00,2026-01-07 16:00:26+00:00,0.016666666666666666,0.16792737543582917
2026-01-07 18:00:00+00:00,2026-01-09 12:00:00+00:00,2,42,2026-01-07 12:00:00+00:00,2026-01-07 16:00:26+00:00,0.013333333333333334,0.10912687182426453
2026-01-07 18:00:00+00:00,2026-01-09 13:00:00+00:00,2,43,2026-01-07 12:00:00+00:00,2026-01-07 16:00:26+00:00,0.01,0.09965833276510239
2026-01-07 18:00:00+00:00,2026-01-09 14:00:00+00:00,2,44,2026-01-07 12:00:00+00:00,2026-01-07 16:00:26+00:00,0.008333333333333333,0.08948231711983681
2026-01-07 18:00:00+00:00,2026-01-09 15:00:00+00:00,2,45,2026-01-07 12:00:00+00:00,2026-01-07 16:00:26+00:00,0.008333333333333333,0.07729699239134788
2026-01-07 18:00:00+00:00,2026-01-09 16:00:00+00:00,2,46,2026-01-07 12:00:00+00:00,2026-01-07 16:00:26+00:00,0.01,0.08319582119584083
2026-01-07 18:00:00+00:00,2026-01-09 17:00:00+00:00,2,47,2026-01-07 12:00:00+00:00,2026-01-07 16:00:26+00:00,0.01,0.08938146159052848
2026-01-07 18:00:00+00:00,2026-01-09 18:00:00+00:00,2,48,2026-01-07 12:00:00+00:00,2026-01-07 16:00:26+00:00,0.01,0.09571655988693237
2026-01-08 18:00:00+00:00,2026-01-08 19:00:00+00:00,1,1,2026-01-08 12:00:00+00:00,2026-01-08 16:00:05+00:00,0.011666666666666667,0.36666424870491027
2026-01-08 18:00:00+00:00,2026-01-08 20:00:00+00:00,1,2,2026-01-08 12:00:00+00:00,2026-01-08 16:00:05+00:00,0.01,0.41434093117713927
2026-01-08 18:00:00+00:00,2026-01-08 21:00:00+00:00,1,3,2026-01-08 12:00:00+00:00,2026-01-08 16:00:05+00:00,0.013333333333333334,0.45658850073814394
2026-01-08 18:00:00+00:00,2026-01-08 22:00:00+00:00,1,4,2026-01-08 12:00:00+00:00,2026-01-08 16:00:05+00:00,0.01,0.44444563388824465
2026-01-08 18:00:00+00:00,2026-01-08 23:00:00+00:00,1,5,2026-01-08 12:00:00+00:00,2026-01-08 16:00:05+00:00,0.01,0.4358150362968445
2026-01-08 18:00:00+00:00,2026-01-09 00:00:00+00:00,1,6,2026-01-08 12:00:00+00:00,2026-01-08 16:00:05+00:00,0.01,0.41463645696640017
2026-01-08 18:00:00+00:00,2026-01-09 01:00:00+00:00,1,7,2026-01-08 12:00:00+00:00,2026-01-08 16:00:05+00:00,0.01,0.3157607078552246
2026-01-08 18:00:00+00:00,2026-01-09 02:00:00+00:00,1,8,2026-01-08 12:00:00+00:00,2026-01-08 16:00:05+00:00,0.01,0.23919736444950104
2026-01-08 18:00:00+00:00,2026-01-09 03:00:00+00:00,1,9,2026-01-08 12:00:00+00:00,2026-01-08 16:00:05+00:00,0.01,0.1812482640147209
2026-01-08 18:00:00+00:00,2026-01-09 04:00:00+00:00,1,10,2026-01-08 12:00:00+00:00,2026-01-08 16:00:05+00:00,0.01,0.1583767980337143
2026-01-08 18:00:00+00:00,2026-01-09 05:00:00+00:00,1,11,2026-01-08 12:00:00+00:00,2026-01-08 16:00:05+00:00,0.01,0.14664086252450942
2026-01-08 18:00:00+00:00,2026-01-09 06:00:00+00:00,1,12,2026-01-08 12:00:00+00:00,2026-01-08 16:00:05+00:00,0.01,0.14627426862716675
2026-01-08 18:00:00+00:00,2026-01-09 07:00:00+00:00,1,13,2026-01-08 12:00:00+00:00,2026-01-08 16:00:05+00:00,0.01,0.15149686634540557
2026-01-08 18:00:00+00:00,2026-01-09 08:00:00+00:00,1,14,2026-01-08 12:00:00+00:00,2026-01-08 16:00:05+00:00,0.011666666666666667,0.17036671191453934
2026-01-08 18:00:00+00:00,2026-01-09 09:00:00+00:00,1,15,2026-01-08 12:00:00+00:00,2026-01-08 16:00:05+00:00,0.01,0.21096348762512207
2026-01-08 18:00:00+00:00,2026-01-09 10:00:00+00:00,1,16,2026-01-08 12:00:00+00:00,2026-01-08 16:00:05+00:00,0.01,0.21801379919052125
2026-01-08 18:00:00+00:00,2026-01-09 11:00:00+00:00,1,17,2026-01-08 12:00:00+00:00,2026-01-08 16:00:05+00:00,0.02666666666666667,0.21657432317733766
2026-01-08 18:00:00+00:00,2026-01-09 12:00:00+00:00,1,18,2026-01-08 12:00:00+00:00,2026-01-08 16:00:05+00:00,0.03,0.18740269392728806
2026-01-08 18:00:00+00:00,2026-01-09 13:00:00+00:00,1,19,2026-01-08 12:00:00+00:00,2026-01-08 16:00:05+00:00,0.011666666666666667,0.19572180211544038
2026-01-08 18:00:00+00:00,2026-01-09 14:00:00+00:00,1,20,2026-01-08 12:00:00+00:00,2026-01-08 16:00:05+00:00,0.008333333333333333,0.19468030333518982
2026-01-08 18:00:00+00:00,2026-01-09 15:00:00+00:00,1,21,2026-01-08 12:00:00+00:00,2026-01-08 16:00:05+00:00,0.01,0.18439415693283082
2026-01-08 18:00:00+00:00,2026-01-09 16:00:00+00:00,1,22,2026-01-08 12:00:00+00:00,2026-01-08 16:00:05+00:00,0.01,0.22563433647155762
2026-01-08 18:00:00+00:00,2026-01-09 17:00:00+00:00,1,23,2026-01-08 12:00:00+00:00,2026-01-08 16:00:05+00:00,0.01,0.27155489921569825
2026-01-08 18:00:00+00:00,2026-01-09 18:00:00+00:00,1,24,2026-01-08 12:00:00+00:00,2026-01-08 16:00:05+00:00,0.01,0.3229516208171844
2026-01-08 18:00:00+00:00,2026-01-09 19:00:00+00:00,1,25,2026-01-08 12:00:00+00:00,2026-01-08 16:00:05+00:00,0.01,0.3295497357845306
2026-01-08 18:00:00+00:00,2026-01-09 20:00:00+00:00,1,26,2026-01-08 12:00:00+00:00,2026-01-08 16:00:05+00:00,0.01,0.33736642599105837
2026-01-08 18:00:00+00:00,2026-01-09 21:00:00+00:00,1,27,2026-01-08 12:00:00+00:00,2026-01-08 16:00:05+00:00,0.01,0.34143508076667783
2026-01-08 18:00:00+00:00,2026-01-09 22:00:00+00:00,1,28,2026-01-08 12:00:00+00:00,2026-01-08 16:00:05+00:00,0.01,0.3326322078704834
2026-01-08 18:00:00+00:00,2026-01-09 23:00:00+00:00,1,29,2026-01-08 12:00:00+00:00,2026-01-08 16:00:05+00:00,0.01,0.32145788669586184
2026-01-08 18:00:00+00:00,2026-01-10 00:00:00+00:00,1,30,2026-01-08 12:00:00+00:00,2026-01-08 16:00:05+00:00,0.028333333333333332,0.3029974937438965
2026-01-08 18:00:00+00:00,2026-01-10 01:00:00+00:00,1,31,2026-01-08 12:00:00+00:00,2026-01-08 16:00:05+00:00,0.06166666666666667,0.2452646851539612
2026-01-08 18:00:00+00:00,2026-01-10 02:00:00+00:00,1,32,2026-01-08 12:00:00+00:00,2026-01-08 16:00:05+00:00,0.05833333333333334,0.1942170739173889
2026-01-08 18:00:00+00:00,2026-01-10 03:00:00+00:00,1,33,2026-01-08 12:00:00+00:00,2026-01-08 16:00:05+00:00,0.051666666666666666,0.1520448923110962
2026-01-08 18:00:00+00:00,2026-01-10 04:00:00+00:00,1,34,2026-01-08 12:00:00+00:00,2026-01-08 16:00:05+00:00,0.11499999999999999,0.16808132231235504
2026-01-08 18:00:00+00:00,2026-01-10 05:00:00+00:00,1,35,2026-01-08 12:00:00+00:00,2026-01-08 16:00:05+00:00,0.07,0.19068249464035034
2026-01-08 18:00:00+00:00,2026-01-10 06:00:00+00:00,1,36,2026-01-08 12:00:00+00:00,2026-01-08 16:00:05+00:00,0.09000000000000001,0.2254612296819687
2026-01-08 18:00:00+00:00,2026-01-10 07:00:00+00:00,1,37,2026-01-08 12:00:00+00:00,2026-01-08 16:00:05+00:00,0.05333333333333334,0.23315317630767823
2026-01-08 18:00:00+00:00,2026-01-10 08:00:00+00:00,1,38,2026-01-08 12:00:00+00:00,2026-01-08 16:00:05+00:00,0.21333333333333335,0.2664235085248947
2026-01-08 18:00:00+00:00,2026-01-10 09:00:00+00:00,1,39,2026-01-08 12:00:00+00:00,2026-01-08 16:00:05+00:00,0.19166666666666665,0.32267078161239626
2026-01-08 18:00:00+00:00,2026-01-10 10:00:00+00:00,1,40,2026-01-08 12:00:00+00:00,2026-01-08 16:00:05+00:00,0.18833333333333332,0.3156856209039688
2026-01-08 18:00:00+00:00,2026-01-10 11:00:00+00:00,1,41,2026-01-08 12:00:00+00:00,2026-01-08 16:00:05+00:00,0.18000000000000002,0.29676354825496676
2026-01-08 18:00:00+00:00,2026-01-10 12:00:00+00:00,1,42,2026-01-08 12:00:00+00:00,2026-01-08 16:00:05+00:00,0.15166666666666667,0.2565233469009399
2026-01-08 18:00:00+00:00,2026-01-10 13:00:00+00:00,1,43,2026-01-08 12:00:00+00:00,2026-01-08 16:00:05+00:00,0.4166666666666667,0.311949360370636
2026-01-08 18:00:00+00:00,2026-01-10 14:00:00+00:00,1,44,2026-01-08 12:00:00+00:00,2026-01-08 16:00:05+00:00,0.38833333333333336,0.3485091865062714
2026-01-08 18:00:00+00:00,2026-01-10 15:00:00+00:00,1,45,2026-01-08 12:00:00+00:00,2026-01-08 16:00:05+00:00,0.54,0.3695499777793884
2026-01-08 18:00:00+00:00,2026-01-10 16:00:00+00:00,1,46,2026-01-08 12:00:00+00:00,2026-01-08 16:00:05+00:00,0.5750000000000001,0.40380142331123353
2026-01-08 18:00:00+00:00,2026-01-10 17:00:00+00:00,1,47,2026-01-08 12:00:00+00:00,2026-01-08 16:00:05+00:00,0.345,0.4393853425979614
2026-01-08 18:00:00+00:00,2026-01-10 18:00:00+00:00,1,48,2026-01-08 12:00:00+00:00,2026-01-08 16:00:05+00:00,0.4083333333333334,0.47437360882759094
2026-01-08 18:00:00+00:00,2026-01-08 19:00:00+00:00,2,1,2026-01-08 12:00:00+00:00,2026-01-08 16:00:05+00:00,0.01,0.32904399037361143
2026-01-08 18:00:00+00:00,2026-01-08 20:00:00+00:00,2,2,2026-01-08 12:00:00+00:00,2026-01-08 16:00:05+00:00,0.008333333333333333,0.3714815676212311
2026-01-08 18:00:00+00:00,2026-01-08 21:00:00+00:00,2,3,2026-01-08 12:00:00+00:00,2026-01-08 16:00:05+00:00,0.01,0.41062408685684204
2026-01-08 18:00:00+00:00,2026-01-08 22:00:00+00:00,2,4,2026-01-08 12:00:00+00:00,2026-01-08 16:00:05+00:00,0.011666666666666667,0.39984222054481505
2026-01-08 18:00:00+00:00,2026-01-08 23:00:00+00:00,2,5,2026-01-08 12:00:00+00:00,2026-01-08 16:00:05+00:00,0.01,0.3969042658805847
2026-01-08 18:00:00+00:00,2026-01-09 00:00:00+00:00,2,6,2026-01-08 12:00:00+00:00,2026-01-08 16:00:05+00:00,0.01,0.38257431983947754
2026-01-08 18:00:00+00:00,2026-01-09 01:00:00+00:00,2,7,2026-01-08 12:00:00+00:00,2026-01-08 16:00:05+00:00,0.008333333333333333,0.291654634475708
2026-01-08 18:00:00+00:00,2026-01-09 02:00:00+00:00,2,8,2026-01-08 12:00:00+00:00,2026-01-08 16:00:05+00:00,0.01,0.2230423390865326
2026-01-08 18:00:00+00:00,2026-01-09 03:00:00+00:00,2,9,2026-01-08 12:00:00+00:00,2026-01-08 16:00:05+00:00,0.008333333333333333,0.1692163124680519
2026-01-08 18:00:00+00:00,2026-01-09 04:00:00+00:00,2,10,2026-01-08 12:00:00+00:00,2026-01-08 16:00:05+00:00,0.008333333333333333,0.1543308138847351
2026-01-08 18:00:00+00:00,2026-01-09 05:00:00+00:00,2,11,2026-01-08 12:00:00+00:00,2026-01-08 16:00:05+00:00,0.01,0.14660183787345887
2026-01-08 18:00:00+00:00,2026-01-09 06:00:00+00:00,2,12,2026-01-08 12:00:00+00:00,2026-01-08 16:00:05+00:00,0.01,0.1482289269566536
2026-01-08 18:00:00+00:00,2026-01-09 07:00:00+00:00,2,13,2026-01-08 12:00:00+00:00,2026-01-08 16:00:05+00:00,0.01,0.15435276180505753
2026-01-08 18:00:00+00:00,2026-01-09 08:00:00+00:00,2,14,2026-01-08 12:00:00+00:00,2026-01-08 16:00:05+00:00,0.006666666666666667,0.1736997663974762
2026-01-08 18:00:00+00:00,2026-01-09 09:00:00+00:00,2,15,2026-01-08 12:00:00+00:00,2026-01-08 16:00:05+00:00,0.01,0.2136780083179474
2026-01-08 18:00:00+00:00,2026-01-09 10:00:00+00:00,2,16,2026-01-08 12:00:00+00:00,2026-01-08 16:00:05+00:00,0.01,0.21783357858657837
2026-01-08 18:00:00+00:00,2026-01-09 11:00:00+00:00,2,17,2026-01-08 12:00:00+00:00,2026-01-08 16:00:05+00:00,0.016666666666666666,0.21104160249233245
2026-01-08 18:00:00+00:00,2026-01-09 12:00:00+00:00,2,18,2026-01-08 12:00:00+00:00,2026-01-08 16:00:05+00:00,0.013333333333333334,0.18053915202617646
2026-01-08 18:00:00+00:00,2026-01-09 13:00:00+00:00,2,19,2026-01-08 12:00:00+00:00,2026-01-08 16:00:05+00:00,0.01,0.18559662401676177
2026-01-08 18:00:00+00:00,2026-01-09 14:00:00+00:00,2,20,2026-01-08 12:00:00+00:00,2026-01-08 16:00:05+00:00,0.008333333333333333,0.17895748019218444
2026-01-08 18:00:00+00:00,2026-01-09 15:00:00+00:00,2,21,2026-01-08 12:00:00+00:00,2026-01-08 16:00:05+00:00,0.008333333333333333,0.16433423161506652
2026-01-08 18:00:00+00:00,2026-01-09 16:00:00+00:00,2,22,2026-01-08 12:00:00+00:00,2026-01-08 16:00:05+00:00,0.01,0.1989670902490616
2026-01-08 18:00:00+00:00,2026-01-09 17:00:00+00:00,2,23,2026-01-08 12:00:00+00:00,2026-01-08 16:00:05+00:00,0.01,0.2388270080089569
2026-01-08 18:00:00+00:00,2026-01-09 18:00:00+00:00,2,24,2026-01-08 12:00:00+00:00,2026-01-08 16:00:05+00:00,0.01,0.2814724773168564
2026-01-08 18:00:00+00:00,2026-01-09 19:00:00+00:00,2,25,2026-01-08 12:00:00+00:00,2026-01-08 16:00:05+00:00,0.01,0.2850629806518555
2026-01-08 18:00:00+00:00,2026-01-09 20:00:00+00:00,2,26,2026-01-08 12:00:00+00:00,2026-01-08 16:00:05+00:00,0.01,0.2951048702001572
2026-01-08 18:00:00+00:00,2026-01-09 21:00:00+00:00,2,27,2026-01-08 12:00:00+00:00,2026-01-08 16:00:05+00:00,0.01,0.3046854853630066
2026-01-08 18:00:00+00:00,2026-01-09 22:00:00+00:00,2,28,2026-01-08 12:00:00+00:00,2026-01-08 16:00:05+00:00,0.01,0.29758709371089936
2026-01-08 18:00:00+00:00,2026-01-09 23:00:00+00:00,2,29,2026-01-08 12:00:00+00:00,2026-01-08 16:00:05+00:00,0.01,0.28683182001113894
2026-01-08 18:00:00+00:00,2026-01-10 00:00:00+00:00,2,30,2026-01-08 12:00:00+00:00,2026-01-08 16:00:05+00:00,0.016666666666666666,0.27265627682209015
2026-01-08 18:00:00+00:00,2026-01-10 01:00:00+00:00,2,31,2026-01-08 12:00:00+00:00,2026-01-08 16:00:05+00:00,0.043333333333333335,0.21963162422180177
2026-01-08 18:00:00+00:00,2026-01-10 02:00:00+00:00,2,32,2026-01-08 12:00:00+00:00,2026-01-08 16:00:05+00:00,0.034999999999999996,0.17324479520320893
2026-01-08 18:00:00+00:00,2026-01-10 03:00:00+00:00,2,33,2026-01-08 12:00:00+00:00,2026-01-08 16:00:05+00:00,0.03166666666666667,0.13735191822052
2026-01-08 18:00:00+00:00,2026-01-10 04:00:00+00:00,2,34,2026-01-08 12:00:00+00:00,2026-01-08 16:00:05+00:00,0.08,0.16319332718849183
2026-01-08 18:00:00+00:00,2026-01-10 05:00:00+00:00,2,35,2026-01-08 12:00:00+00:00,2026-01-08 16:00:05+00:00,0.034999999999999996,0.18905160427093506
2026-01-08 18:00:00+00:00,2026-01-10 06:00:00+00:00,2,36,2026-01-08 12:00:00+00:00,2026-01-08 16:00:05+00:00,0.09000000000000001,0.22364412248134613
2026-01-08 18:00:00+00:00,2026-01-10 07:00:00+00:00,2,37,2026-01-08 12:00:00+00:00,2026-01-08 16:00:05+00:00,0.049999999999999996,0.23532833755016327
2026-01-08 18:00:00+00:00,2026-01-10 08:00:00+00:00,2,38,2026-01-08 12:00:00+00:00,2026-01-08 16:00:05+00:00,0.24333333333333332,0.27046622335910797
2026-01-08 18:00:00+00:00,2026-01-10 09:00:00+00:00,2,39,2026-01-08 12:00:00+00:00,2026-01-08 16:00:05+00:00,0.18833333333333335,0.3311341255903244
2026-01-08 18:00:00+00:00,2026-01-10 10:00:00+00:00,2,40,2026-01-08 12:00:00+00:00,2026-01-08 16:00:05+00:00,0.21,0.322876563668251
2026-01-08 18:00:00+00:00,2026-01-10 11:00:00+00:00,2,41,2026-01-08 12:00:00+00:00,2026-01-08 16:00:05+00:00,0.16666666666666666,0.2906977891921997
2026-01-08 18:00:00+00:00,2026-01-10 12:00:00+00:00,2,42,2026-01-08 12:00:00+00:00,2026-01-08 16:00:05+00:00,0.16166666666666668,0.23962998688220977
2026-01-08 18:00:00+00:00,2026-01-10 13:00:00+00:00,2,43,2026-01-08 12:00:00+00:00,2026-01-08 16:00:05+00:00,0.4466666666666666,0.28874036073684695
2026-01-08 18:00:00+00:00,2026-01-10 14:00:00+00:00,2,44,2026-01-08 12:00:00+00:00,2026-01-08 16:00:05+00:00,0.39166666666666666,0.31822668612003324
2026-01-08 18:00:00+00:00,2026-01-10 15:00:00+00:00,2,45,2026-01-08 12:00:00+00:00,2026-01-08 16:00:05+00:00,0.49833333333333335,0.33819480538368224
2026-01-08 18:00:00+00:00,2026-01-10 16:00:00+00:00,2,46,2026-01-08 12:00:00+00:00,2026-01-08 16:00:05+00:00,0.5366666666666667,0.37043353319168093
2026-01-08 18:00:00+00:00,2026-01-10 17:00:00+00:00,2,47,2026-01-08 12:00:00+00:00,2026-01-08 16:00:05+00:00,0.3066666666666667,0.40424824953079225
2026-01-08 18:00:00+00:00,2026-01-10 18:00:00+00:00,2,48,2026-01-08 12:00:00+00:00,2026-01-08 16:00:05+00:00,0.45166666666666666,0.43877147436141967
2026-01-09 18:00:00+00:00,2026-01-09 19:00:00+00:00,1,1,2026-01-09 12:00:00+00:00,2026-01-09 15:57:56+00:00,0.01,0.2600508123636246
2026-01-09 18:00:00+00:00,2026-01-09 20:00:00+00:00,1,2,2026-01-09 12:00:00+00:00,2026-01-09 15:57:56+00:00,0.01,0.2920456945896149
2026-01-09 18:00:00+00:00,2026-01-09 21:00:00+00:00,1,3,2026-01-09 12:00:00+00:00,2026-01-09 15:57:56+00:00,0.01,0.3227330565452576
2026-01-09 18:00:00+00:00,2026-01-09 22:00:00+00:00,1,4,2026-01-09 12:00:00+00:00,2026-01-09 15:57:56+00:00,0.01,0.34178082942962645
2026-01-09 18:00:00+00:00,2026-01-09 23:00:00+00:00,1,5,2026-01-09 12:00:00+00:00,2026-01-09 15:57:56+00:00,0.01,0.35909714102745055
2026-01-09 18:00:00+00:00,2026-01-10 00:00:00+00:00,1,6,2026-01-09 12:00:00+00:00,2026-01-09 15:57:56+00:00,0.028333333333333332,0.3651729881763458
2026-01-09 18:00:00+00:00,2026-01-10 01:00:00+00:00,1,7,2026-01-09 12:00:00+00:00,2026-01-09 15:57:56+00:00,0.06166666666666667,0.2769599884748459
2026-01-09 18:00:00+00:00,2026-01-10 02:00:00+00:00,1,8,2026-01-09 12:00:00+00:00,2026-01-09 15:57:56+00:00,0.05833333333333334,0.21740651428699492
2026-01-09 18:00:00+00:00,2026-01-10 03:00:00+00:00,1,9,2026-01-09 12:00:00+00:00,2026-01-09 15:57:56+00:00,0.051666666666666666,0.17195391803979873
2026-01-09 18:00:00+00:00,2026-01-10 04:00:00+00:00,1,10,2026-01-09 12:00:00+00:00,2026-01-09 15:57:56+00:00,0.11499999999999999,0.18445129096508026
2026-01-09 18:00:00+00:00,2026-01-10 05:00:00+00:00,1,11,2026-01-09 12:00:00+00:00,2026-01-09 15:57:56+00:00,0.07,0.20157401263713837
2026-01-09 18:00:00+00:00,2026-01-10 06:00:00+00:00,1,12,2026-01-09 12:00:00+00:00,2026-01-09 15:57:56+00:00,0.09000000000000001,0.21816221475601197
2026-01-09 18:00:00+00:00,2026-01-10 07:00:00+00:00,1,13,2026-01-09 12:00:00+00:00,2026-01-09 15:57:56+00:00,0.05333333333333334,0.22922347486019135
2026-01-09 18:00:00+00:00,2026-01-10 08:00:00+00:00,1,14,2026-01-09 12:00:00+00:00,2026-01-09 15:57:56+00:00,0.21333333333333335,0.25733650624752047
2026-01-09 18:00:00+00:00,2026-01-10 09:00:00+00:00,1,15,2026-01-09 12:00:00+00:00,2026-01-09 15:57:56+00:00,0.19166666666666665,0.3074536770582199
2026-01-09 18:00:00+00:00,2026-01-10 10:00:00+00:00,1,16,2026-01-09 12:00:00+00:00,2026-01-09 15:57:56+00:00,0.18833333333333332,0.3615319848060608
2026-01-09 18:00:00+00:00,2026-01-10 11:00:00+00:00,1,17,2026-01-09 12:00:00+00:00,2026-01-09 15:57:56+00:00,0.18000000000000002,0.40795055627822874
2026-01-09 18:00:00+00:00,2026-01-10 12:00:00+00:00,1,18,2026-01-09 12:00:00+00:00,2026-01-09 15:57:56+00:00,0.15166666666666667,0.43213710784912107
2026-01-09 18:00:00+00:00,2026-01-10 13:00:00+00:00,1,19,2026-01-09 12:00:00+00:00,2026-01-09 15:57:56+00:00,0.4166666666666667,0.49892292618751527
2026-01-09 18:00:00+00:00,2026-01-10 14:00:00+00:00,1,20,2026-01-09 12:00:00+00:00,2026-01-09 15:57:56+00:00,0.38833333333333336,0.5319501698017121
2026-01-09 18:00:00+00:00,2026-01-10 15:00:00+00:00,1,21,2026-01-09 12:00:00+00:00,2026-01-09 15:57:56+00:00,0.54,0.543944925069809
2026-01-09 18:00:00+00:00,2026-01-10 16:00:00+00:00,1,22,2026-01-09 12:00:00+00:00,2026-01-09 15:57:56+00:00,0.5750000000000001,0.5999008595943451
2026-01-09 18:00:00+00:00,2026-01-10 17:00:00+00:00,1,23,2026-01-09 12:00:00+00:00,2026-01-09 15:57:56+00:00,0.345,0.6507552146911622
2026-01-09 18:00:00+00:00,2026-01-10 18:00:00+00:00,1,24,2026-01-09 12:00:00+00:00,2026-01-09 15:57:56+00:00,0.4083333333333334,0.6967226505279541
2026-01-09 18:00:00+00:00,2026-01-10 19:00:00+00:00,1,25,2026-01-09 12:00:00+00:00,2026-01-09 15:57:56+00:00,0.84,0.7207427144050598
2026-01-09 18:00:00+00:00,2026-01-10 20:00:00+00:00,1,26,2026-01-09 12:00:00+00:00,2026-01-09 15:57:56+00:00,0.8983333333333333,0.7457598090171814
2026-01-09 18:00:00+00:00,2026-01-10 21:00:00+00:00,1,27,2026-01-09 12:00:00+00:00,2026-01-09 15:57:56+00:00,0.7116666666666666,0.7637285828590393
2026-01-09 18:00:00+00:00,2026-01-10 22:00:00+00:00,1,28,2026-01-09 12:00:00+00:00,2026-01-09 15:57:56+00:00,0.7716666666666666,0.7693309187889099
2026-01-09 18:00:00+00:00,2026-01-10 23:00:00+00:00,1,29,2026-01-09 12:00:00+00:00,2026-01-09 15:57:56+00:00,0.85,0.7658069133758545
2026-01-09 18:00:00+00:00,2026-01-11 00:00:00+00:00,1,30,2026-01-09 12:00:00+00:00,2026-01-09 15:57:56+00:00,0.4683333333333333,0.7542662501335144
2026-01-09 18:00:00+00:00,2026-01-11 01:00:00+00:00,1,31,2026-01-09 12:00:00+00:00,2026-01-09 15:57:56+00:00,0.5533333333333333,0.7389524221420288
2026-01-09 18:00:00+00:00,2026-01-11 02:00:00+00:00,1,32,2026-01-09 12:00:00+00:00,2026-01-09 15:57:56+00:00,0.48666666666666664,0.7159050822257995
2026-01-09 18:00:00+00:00,2026-01-11 03:00:00+00:00,1,33,2026-01-09 12:00:00+00:00,2026-01-09 15:57:56+00:00,0.21,0.6953395724296569
2026-01-09 18:00:00+00:00,2026-01-11 04:00:00+00:00,1,34,2026-01-09 12:00:00+00:00,2026-01-09 15:57:56+00:00,0.325,0.7006846070289612
2026-01-09 18:00:00+00:00,2026-01-11 05:00:00+00:00,1,35,2026-01-09 12:00:00+00:00,2026-01-09 15:57:56+00:00,0.27999999999999997,0.7241248607635498
2026-01-09 18:00:00+00:00,2026-01-11 06:00:00+00:00,1,36,2026-01-09 12:00:00+00:00,2026-01-09 15:57:56+00:00,0.4033333333333333,0.7853222727775574
2026-01-09 18:00:00+00:00,2026-01-11 07:00:00+00:00,1,37,2026-01-09 12:00:00+00:00,2026-01-09 15:57:56+00:00,0.5966666666666667,0.7740274906158447
2026-01-09 18:00:00+00:00,2026-01-11 08:00:00+00:00,1,38,2026-01-09 12:00:00+00:00,2026-01-09 15:57:56+00:00,0.6,0.7785922288894653
2026-01-09 18:00:00+00:00,2026-01-11 09:00:00+00:00,1,39,2026-01-09 12:00:00+00:00,2026-01-09 15:57:56+00:00,0.31333333333333335,0.7873254776000976
2026-01-09 18:00:00+00:00,2026-01-11 10:00:00+00:00,1,40,2026-01-09 12:00:00+00:00,2026-01-09 15:57:56+00:00,0.21833333333333335,0.8021913290023803
2026-01-09 18:00:00+00:00,2026-01-11 11:00:00+00:00,1,41,2026-01-09 12:00:00+00:00,2026-01-09 15:57:56+00:00,0.27999999999999997,0.8068429350852966
2026-01-09 18:00:00+00:00,2026-01-11 12:00:00+00:00,1,42,2026-01-09 12:00:00+00:00,2026-01-09 15:57:56+00:00,0.2316666666666667,0.7931644082069397
2026-01-09 18:00:00+00:00,2026-01-11 13:00:00+00:00,1,43,2026-01-09 12:00:00+00:00,2026-01-09 15:57:56+00:00,0.445,0.7997523307800293
2026-01-09 18:00:00+00:00,2026-01-11 14:00:00+00:00,1,44,2026-01-09 12:00:00+00:00,2026-01-09 15:57:56+00:00,0.45166666666666666,0.7822836637496948
2026-01-09 18:00:00+00:00,2026-01-11 15:00:00+00:00,1,45,2026-01-09 12:00:00+00:00,2026-01-09 15:57:56+00:00,0.27499999999999997,0.7436254978179931
2026-01-09 18:00:00+00:00,2026-01-11 16:00:00+00:00,1,46,2026-01-09 12:00:00+00:00,2026-01-09 15:57:56+00:00,0.6066666666666667,0.5897333264350891
2026-01-09 18:00:00+00:00,2026-01-11 17:00:00+00:00,1,47,2026-01-09 12:00:00+00:00,2026-01-09 15:57:56+00:00,0.5499999999999999,0.46422322392463683
2026-01-09 18:00:00+00:00,2026-01-11 18:00:00+00:00,1,48,2026-01-09 12:00:00+00:00,2026-01-09 15:57:56+00:00,0.33166666666666667,0.35015618801116943
2026-01-09 18:00:00+00:00,2026-01-09 19:00:00+00:00,2,1,2026-01-09 12:00:00+00:00,2026-01-09 15:57:56+00:00,0.01,0.23580778241157532
2026-01-09 18:00:00+00:00,2026-01-09 20:00:00+00:00,2,2,2026-01-09 12:00:00+00:00,2026-01-09 15:57:56+00:00,0.01,0.26108954548835756
2026-01-09 18:00:00+00:00,2026-01-09 21:00:00+00:00,2,3,2026-01-09 12:00:00+00:00,2026-01-09 15:57:56+00:00,0.01,0.28740144371986387
2026-01-09 18:00:00+00:00,2026-01-09 22:00:00+00:00,2,4,2026-01-09 12:00:00+00:00,2026-01-09 15:57:56+00:00,0.01,0.3021306097507477
2026-01-09 18:00:00+00:00,2026-01-09 23:00:00+00:00,2,5,2026-01-09 12:00:00+00:00,2026-01-09 15:57:56+00:00,0.01,0.3211261391639709
2026-01-09 18:00:00+00:00,2026-01-10 00:00:00+00:00,2,6,2026-01-09 12:00:00+00:00,2026-01-09 15:57:56+00:00,0.016666666666666666,0.3332342326641083
2026-01-09 18:00:00+00:00,2026-01-10 01:00:00+00:00,2,7,2026-01-09 12:00:00+00:00,2026-01-09 15:57:56+00:00,0.043333333333333335,0.2537330210208893
2026-01-09 18:00:00+00:00,2026-01-10 02:00:00+00:00,2,8,2026-01-09 12:00:00+00:00,2026-01-09 15:57:56+00:00,0.034999999999999996,0.2007587134838104
2026-01-09 18:00:00+00:00,2026-01-10 03:00:00+00:00,2,9,2026-01-09 12:00:00+00:00,2026-01-09 15:57:56+00:00,0.03166666666666667,0.1598403349518776
2026-01-09 18:00:00+00:00,2026-01-10 04:00:00+00:00,2,10,2026-01-09 12:00:00+00:00,2026-01-09 15:57:56+00:00,0.08,0.18002043664455414
2026-01-09 18:00:00+00:00,2026-01-10 05:00:00+00:00,2,11,2026-01-09 12:00:00+00:00,2026-01-09 15:57:56+00:00,0.034999999999999996,0.20017742812633516
2026-01-09 18:00:00+00:00,2026-01-10 06:00:00+00:00,2,12,2026-01-09 12:00:00+00:00,2026-01-09 15:57:56+00:00,0.09000000000000001,0.21873113811016082
2026-01-09 18:00:00+00:00,2026-01-10 07:00:00+00:00,2,13,2026-01-09 12:00:00+00:00,2026-01-09 15:57:56+00:00,0.049999999999999996,0.2305965393781662
2026-01-09 18:00:00+00:00,2026-01-10 08:00:00+00:00,2,14,2026-01-09 12:00:00+00:00,2026-01-09 15:57:56+00:00,0.24333333333333332,0.2603312075138092
2026-01-09 18:00:00+00:00,2026-01-10 09:00:00+00:00,2,15,2026-01-09 12:00:00+00:00,2026-01-09 15:57:56+00:00,0.18833333333333335,0.31489541530609133
2026-01-09 18:00:00+00:00,2026-01-10 10:00:00+00:00,2,16,2026-01-09 12:00:00+00:00,2026-01-09 15:57:56+00:00,0.21,0.37095593214035033
2026-01-09 18:00:00+00:00,2026-01-10 11:00:00+00:00,2,17,2026-01-09 12:00:00+00:00,2026-01-09 15:57:56+00:00,0.16666666666666666,0.41635622382164
2026-01-09 18:00:00+00:00,2026-01-10 12:00:00+00:00,2,18,2026-01-09 12:00:00+00:00,2026-01-09 15:57:56+00:00,0.16166666666666668,0.4264287531375885
2026-01-09 18:00:00+00:00,2026-01-10 13:00:00+00:00,2,19,2026-01-09 12:00:00+00:00,2026-01-09 15:57:56+00:00,0.4466666666666666,0.48260260224342344
2026-01-09 18:00:00+00:00,2026-01-10 14:00:00+00:00,2,20,2026-01-09 12:00:00+00:00,2026-01-09 15:57:56+00:00,0.39166666666666666,0.5102624475955964
2026-01-09 18:00:00+00:00,2026-01-10 15:00:00+00:00,2,21,2026-01-09 12:00:00+00:00,2026-01-09 15:57:56+00:00,0.49833333333333335,0.5107127487659454
2026-01-09 18:00:00+00:00,2026-01-10 16:00:00+00:00,2,22,2026-01-09 12:00:00+00:00,2026-01-09 15:57:56+00:00,0.5366666666666667,0.5613573253154754
2026-01-09 18:00:00+00:00,2026-01-10 17:00:00+00:00,2,23,2026-01-09 12:00:00+00:00,2026-01-09 15:57:56+00:00,0.3066666666666667,0.6082262516021728
2026-01-09 18:00:00+00:00,2026-01-10 18:00:00+00:00,2,24,2026-01-09 12:00:00+00:00,2026-01-09 15:57:56+00:00,0.45166666666666666,0.6584941744804382
2026-01-09 18:00:00+00:00,2026-01-10 19:00:00+00:00,2,25,2026-01-09 12:00:00+00:00,2026-01-09 15:57:56+00:00,0.8716666666666667,0.6810381412506104
2026-01-09 18:00:00+00:00,2026-01-10 20:00:00+00:00,2,26,2026-01-09 12:00:00+00:00,2026-01-09 15:57:56+00:00,0.9183333333333333,0.7096796154975891
2026-01-09 18:00:00+00:00,2026-01-10 21:00:00+00:00,2,27,2026-01-09 12:00:00+00:00,2026-01-09 15:57:56+00:00,0.6933333333333334,0.7383236169815064
2026-01-09 18:00:00+00:00,2026-01-10 22:00:00+00:00,2,28,2026-01-09 12:00:00+00:00,2026-01-09 15:57:56+00:00,0.6866666666666666,0.7464025974273681
2026-01-09 18:00:00+00:00,2026-01-10 23:00:00+00:00,2,29,2026-01-09 12:00:00+00:00,2026-01-09 15:57:56+00:00,0.8233333333333334,0.7476470351219178
2026-01-09 18:00:00+00:00,2026-01-11 00:00:00+00:00,2,30,2026-01-09 12:00:00+00:00,2026-01-09 15:57:56+00:00,0.48,0.7385083675384522
2026-01-09 18:00:00+00:00,2026-01-11 01:00:00+00:00,2,31,2026-01-09 12:00:00+00:00,2026-01-09 15:57:56+00:00,0.5533333333333333,0.724188506603241
2026-01-09 18:00:00+00:00,2026-01-11 02:00:00+00:00,2,32,2026-01-09 12:00:00+00:00,2026-01-09 15:57:56+00:00,0.445,0.709209930896759
2026-01-09 18:00:00+00:00,2026-01-11 03:00:00+00:00,2,33,2026-01-09 12:00:00+00:00,2026-01-09 15:57:56+00:00,0.21666666666666667,0.6957858920097351
2026-01-09 18:00:00+00:00,2026-01-11 04:00:00+00:00,2,34,2026-01-09 12:00:00+00:00,2026-01-09 15:57:56+00:00,0.3233333333333333,0.7074389457702637
2026-01-09 18:00:00+00:00,2026-01-11 05:00:00+00:00,2,35,2026-01-09 12:00:00+00:00,2026-01-09 15:57:56+00:00,0.26333333333333336,0.7345632314682007
2026-01-09 18:00:00+00:00,2026-01-11 06:00:00+00:00,2,36,2026-01-09 12:00:00+00:00,2026-01-09 15:57:56+00:00,0.39666666666666667,0.7894339323043823
2026-01-09 18:00:00+00:00,2026-01-11 07:00:00+00:00,2,37,2026-01-09 12:00:00+00:00,2026-01-09 15:57:56+00:00,0.6766666666666666,0.7798116087913514
2026-01-09 18:00:00+00:00,2026-01-11 08:00:00+00:00,2,38,2026-01-09 12:00:00+00:00,2026-01-09 15:57:56+00:00,0.6016666666666667,0.7837117195129395
2026-01-09 18:00:00+00:00,2026-01-11 09:00:00+00:00,2,39,2026-01-09 12:00:00+00:00,2026-01-09 15:57:56+00:00,0.27499999999999997,0.791487205028534
2026-01-09 18:00:00+00:00,2026-01-11 10:00:00+00:00,2,40,2026-01-09 12:00:00+00:00,2026-01-09 15:57:56+00:00,0.22999999999999998,0.8007519602775574
2026-01-09 18:00:00+00:00,2026-01-11 11:00:00+00:00,2,41,2026-01-09 12:00:00+00:00,2026-01-09 15:57:56+00:00,0.2283333333333333,0.797577726840973
2026-01-09 18:00:00+00:00,2026-01-11 12:00:00+00:00,2,42,2026-01-09 12:00:00+00:00,2026-01-09 15:57:56+00:00,0.19000000000000003,0.7791967868804932
2026-01-09 18:00:00+00:00,2026-01-11 13:00:00+00:00,2,43,2026-01-09 12:00:00+00:00,2026-01-09 15:57:56+00:00,0.4583333333333333,0.7800553441047668
2026-01-09 18:00:00+00:00,2026-01-11 14:00:00+00:00,2,44,2026-01-09 12:00:00+00:00,2026-01-09 15:57:56+00:00,0.46166666666666667,0.7562674880027771
2026-01-09 18:00:00+00:00,2026-01-11 15:00:00+00:00,2,45,2026-01-09 12:00:00+00:00,2026-01-09 15:57:56+00:00,0.2866666666666667,0.712120521068573
2026-01-09 18:00:00+00:00,2026-01-11 16:00:00+00:00,2,46,2026-01-09 12:00:00+00:00,2026-01-09 15:57:56+00:00,0.4916666666666667,0.5478716194629669
2026-01-09 18:00:00+00:00,2026-01-11 17:00:00+00:00,2,47,2026-01-09 12:00:00+00:00,2026-01-09 15:57:56+00:00,0.5183333333333334,0.42888928651809693
2026-01-09 18:00:00+00:00,2026-01-11 18:00:00+00:00,2,48,2026-01-09 12:00:00+00:00,2026-01-09 15:57:56+00:00,0.33,0.3194640278816223
2026-01-10 18:00:00+00:00,2026-01-10 19:00:00+00:00,1,1,2026-01-10 12:00:00+00:00,2026-01-10 15:57:47+00:00,0.84,0.8412362575531006
2026-01-10 18:00:00+00:00,2026-01-10 20:00:00+00:00,1,2,2026-01-10 12:00:00+00:00,2026-01-10 15:57:47+00:00,0.8983333333333333,0.8804671287536621
2026-01-10 18:00:00+00:00,2026-01-10 21:00:00+00:00,1,3,2026-01-10 12:00:00+00:00,2026-01-10 15:57:47+00:00,0.7116666666666666,0.9072755694389343
2026-01-10 18:00:00+00:00,2026-01-10 22:00:00+00:00,1,4,2026-01-10 12:00:00+00:00,2026-01-10 15:57:47+00:00,0.7716666666666666,0.8904258489608765
2026-01-10 18:00:00+00:00,2026-01-10 23:00:00+00:00,1,5,2026-01-10 12:00:00+00:00,2026-01-10 15:57:47+00:00,0.85,0.8759494543075561
2026-01-10 18:00:00+00:00,2026-01-11 00:00:00+00:00,1,6,2026-01-10 12:00:00+00:00,2026-01-10 15:57:47+00:00,0.4683333333333333,0.8503839015960694
2026-01-10 18:00:00+00:00,2026-01-11 01:00:00+00:00,1,7,2026-01-10 12:00:00+00:00,2026-01-10 15:57:47+00:00,0.5533333333333333,0.8275217294692994
2026-01-10 18:00:00+00:00,2026-01-11 02:00:00+00:00,1,8,2026-01-10 12:00:00+00:00,2026-01-10 15:57:47+00:00,0.48666666666666664,0.8053229093551636
2026-01-10 18:00:00+00:00,2026-01-11 03:00:00+00:00,1,9,2026-01-10 12:00:00+00:00,2026-01-10 15:57:47+00:00,0.21,0.7826656579971314
2026-01-10 18:00:00+00:00,2026-01-11 04:00:00+00:00,1,10,2026-01-10 12:00:00+00:00,2026-01-10 15:57:47+00:00,0.325,0.7519934296607971
2026-01-10 18:00:00+00:00,2026-01-11 05:00:00+00:00,1,11,2026-01-10 12:00:00+00:00,2026-01-10 15:57:47+00:00,0.27999999999999997,0.7506717801094055
2026-01-10 18:00:00+00:00,2026-01-11 06:00:00+00:00,1,12,2026-01-10 12:00:00+00:00,2026-01-10 15:57:47+00:00,0.4033333333333333,0.7867500305175781
2026-01-10 18:00:00+00:00,2026-01-11 07:00:00+00:00,1,13,2026-01-10 12:00:00+00:00,2026-01-10 15:57:47+00:00,0.5966666666666667,0.7835254073143005
2026-01-10 18:00:00+00:00,2026-01-11 08:00:00+00:00,1,14,2026-01-10 12:00:00+00:00,2026-01-10 15:57:47+00:00,0.6,0.8065035939216614
2026-01-10 18:00:00+00:00,2026-01-11 09:00:00+00:00,1,15,2026-01-10 12:00:00+00:00,2026-01-10 15:57:47+00:00,0.31333333333333335,0.8447886109352112
2026-01-10 18:00:00+00:00,2026-01-11 10:00:00+00:00,1,16,2026-01-10 12:00:00+00:00,2026-01-10 15:57:47+00:00,0.21833333333333335,0.7912678480148315
2026-01-10 18:00:00+00:00,2026-01-11 11:00:00+00:00,1,17,2026-01-10 12:00:00+00:00,2026-01-10 15:57:47+00:00,0.27999999999999997,0.730353319644928
2026-01-10 18:00:00+00:00,2026-01-11 12:00:00+00:00,1,18,2026-01-10 12:00:00+00:00,2026-01-10 15:57:47+00:00,0.2316666666666667,0.6613801479339599
2026-01-10 18:00:00+00:00,2026-01-11 13:00:00+00:00,1,19,2026-01-10 12:00:00+00:00,2026-01-10 15:57:47+00:00,0.445,0.7307015180587768
2026-01-10 18:00:00+00:00,2026-01-11 14:00:00+00:00,1,20,2026-01-10 12:00:00+00:00,2026-01-10 15:57:47+00:00,0.45166666666666666,0.7742580652236939
2026-01-10 18:00:00+00:00,2026-01-11 15:00:00+00:00,1,21,2026-01-10 12:00:00+00:00,2026-01-10 15:57:47+00:00,0.27499999999999997,0.7941478133201599
2026-01-10 18:00:00+00:00,2026-01-11 16:00:00+00:00,1,22,2026-01-10 12:00:00+00:00,2026-01-10 15:57:47+00:00,0.6066666666666667,0.5331600725650787
2026-01-10 18:00:00+00:00,2026-01-11 17:00:00+00:00,1,23,2026-01-10 12:00:00+00:00,2026-01-10 15:57:47+00:00,0.5499999999999999,0.31890855729579926
2026-01-10 18:00:00+00:00,2026-01-11 18:00:00+00:00,1,24,2026-01-10 12:00:00+00:00,2026-01-10 15:57:47+00:00,0.33166666666666667,0.1765541449189186
2026-01-10 18:00:00+00:00,2026-01-11 19:00:00+00:00,1,25,2026-01-10 12:00:00+00:00,2026-01-10 15:57:47+00:00,0.58,0.12975690513849258
2026-01-10 18:00:00+00:00,2026-01-11 20:00:00+00:00,1,26,2026-01-10 12:00:00+00:00,2026-01-10 15:57:47+00:00,0.4033333333333333,0.09464577957987785
2026-01-10 18:00:00+00:00,2026-01-11 21:00:00+00:00,1,27,2026-01-10 12:00:00+00:00,2026-01-10 15:57:47+00:00,0.06833333333333334,0.07056071422994137
2026-01-10 18:00:00+00:00,2026-01-11 22:00:00+00:00,1,28,2026-01-10 12:00:00+00:00,2026-01-10 15:57:47+00:00,0.015,0.049103005323559046
2026-01-10 18:00:00+00:00,2026-01-11 23:00:00+00:00,1,29,2026-01-10 12:00:00+00:00,2026-01-10 15:57:47+00:00,0.023333333333333334,0.03672763546928763
2026-01-10 18:00:00+00:00,2026-01-12 00:00:00+00:00,1,30,2026-01-10 12:00:00+00:00,2026-01-10 15:57:47+00:00,0.01,0.032019087485969065
2026-01-10 18:00:00+00:00,2026-01-12 01:00:00+00:00,1,31,2026-01-10 12:00:00+00:00,2026-01-10 15:57:47+00:00,0.01,0.02766534676775336
2026-01-10 18:00:00+00:00,2026-01-12 02:00:00+00:00,1,32,2026-01-10 12:00:00+00:00,2026-01-10 15:57:47+00:00,0.01,0.03113372316583991
2026-01-10 18:00:00+00:00,2026-01-12 03:00:00+00:00,1,33,2026-01-10 12:00:00+00:00,2026-01-10 15:57:47+00:00,0.01,0.03424208415672183
2026-01-10 18:00:00+00:00,2026-01-12 04:00:00+00:00,1,34,2026-01-10 12:00:00+00:00,2026-01-10 15:57:47+00:00,0.01,0.033960639126598836
2026-01-10 18:00:00+00:00,2026-01-12 05:00:00+00:00,1,35,2026-01-10 12:00:00+00:00,2026-01-10 15:57:47+00:00,0.01,0.04589058607816696
2026-01-10 18:00:00+00:00,2026-01-12 06:00:00+00:00,1,36,2026-01-10 12:00:00+00:00,2026-01-10 15:57:47+00:00,0.01,0.06837298646569252
2026-01-10 18:00:00+00:00,2026-01-12 07:00:00+00:00,1,37,2026-01-10 12:00:00+00:00,2026-01-10 15:57:47+00:00,0.011666666666666667,0.14519209191203117
2026-01-10 18:00:00+00:00,2026-01-12 08:00:00+00:00,1,38,2026-01-10 12:00:00+00:00,2026-01-10 15:57:47+00:00,0.09666666666666668,0.2764197766780853
2026-01-10 18:00:00+00:00,2026-01-12 09:00:00+00:00,1,39,2026-01-10 12:00:00+00:00,2026-01-10 15:57:47+00:00,0.16333333333333333,0.4181643187999725
2026-01-10 18:00:00+00:00,2026-01-12 10:00:00+00:00,1,40,2026-01-10 12:00:00+00:00,2026-01-10 15:57:47+00:00,0.05666666666666667,0.3946085095405579
2026-01-10 18:00:00+00:00,2026-01-12 11:00:00+00:00,1,41,2026-01-10 12:00:00+00:00,2026-01-10 15:57:47+00:00,0.15333333333333332,0.37764504849910735
2026-01-10 18:00:00+00:00,2026-01-12 12:00:00+00:00,1,42,2026-01-10 12:00:00+00:00,2026-01-10 15:57:47+00:00,0.545,0.3796026647090912
2026-01-10 18:00:00+00:00,2026-01-12 13:00:00+00:00,1,43,2026-01-10 12:00:00+00:00,2026-01-10 15:57:47+00:00,0.615,0.3414293348789215
2026-01-10 18:00:00+00:00,2026-01-12 14:00:00+00:00,1,44,2026-01-10 12:00:00+00:00,2026-01-10 15:57:47+00:00,0.58,0.2954689204692841
2026-01-10 18:00:00+00:00,2026-01-12 15:00:00+00:00,1,45,2026-01-10 12:00:00+00:00,2026-01-10 15:57:47+00:00,0.5633333333333334,0.24710097908973694
2026-01-10 18:00:00+00:00,2026-01-12 16:00:00+00:00,1,46,2026-01-10 12:00:00+00:00,2026-01-10 15:57:47+00:00,0.285,0.27042498886585237
2026-01-10 18:00:00+00:00,2026-01-12 17:00:00+00:00,1,47,2026-01-10 12:00:00+00:00,2026-01-10 15:57:47+00:00,0.26333333333333336,0.3043517589569092
2026-01-10 18:00:00+00:00,2026-01-12 18:00:00+00:00,1,48,2026-01-10 12:00:00+00:00,2026-01-10 15:57:47+00:00,0.11833333333333333,0.331228443980217
2026-01-10 18:00:00+00:00,2026-01-10 19:00:00+00:00,2,1,2026-01-10 12:00:00+00:00,2026-01-10 15:57:47+00:00,0.8716666666666667,0.8277556419372558
2026-01-10 18:00:00+00:00,2026-01-10 20:00:00+00:00,2,2,2026-01-10 12:00:00+00:00,2026-01-10 15:57:47+00:00,0.9183333333333333,0.8698567867279052
2026-01-10 18:00:00+00:00,2026-01-10 21:00:00+00:00,2,3,2026-01-10 12:00:00+00:00,2026-01-10 15:57:47+00:00,0.6933333333333334,0.8998796701431274
2026-01-10 18:00:00+00:00,2026-01-10 22:00:00+00:00,2,4,2026-01-10 12:00:00+00:00,2026-01-10 15:57:47+00:00,0.6866666666666666,0.8845042705535888
2026-01-10 18:00:00+00:00,2026-01-10 23:00:00+00:00,2,5,2026-01-10 12:00:00+00:00,2026-01-10 15:57:47+00:00,0.8233333333333334,0.8714118003845215
2026-01-10 18:00:00+00:00,2026-01-11 00:00:00+00:00,2,6,2026-01-10 12:00:00+00:00,2026-01-10 15:57:47+00:00,0.48,0.849042534828186
2026-01-10 18:00:00+00:00,2026-01-11 01:00:00+00:00,2,7,2026-01-10 12:00:00+00:00,2026-01-10 15:57:47+00:00,0.5533333333333333,0.8290728330612183
2026-01-10 18:00:00+00:00,2026-01-11 02:00:00+00:00,2,8,2026-01-10 12:00:00+00:00,2026-01-10 15:57:47+00:00,0.445,0.8105282306671142
2026-01-10 18:00:00+00:00,2026-01-11 03:00:00+00:00,2,9,2026-01-10 12:00:00+00:00,2026-01-10 15:57:47+00:00,0.21666666666666667,0.7940761804580688
2026-01-10 18:00:00+00:00,2026-01-11 04:00:00+00:00,2,10,2026-01-10 12:00:00+00:00,2026-01-10 15:57:47+00:00,0.3233333333333333,0.7739214420318603
2026-01-10 18:00:00+00:00,2026-01-11 05:00:00+00:00,2,11,2026-01-10 12:00:00+00:00,2026-01-10 15:57:47+00:00,0.26333333333333336,0.7706168055534363
2026-01-10 18:00:00+00:00,2026-01-11 06:00:00+00:00,2,12,2026-01-10 12:00:00+00:00,2026-01-10 15:57:47+00:00,0.39666666666666667,0.8043427228927612
2026-01-10 18:00:00+00:00,2026-01-11 07:00:00+00:00,2,13,2026-01-10 12:00:00+00:00,2026-01-10 15:57:47+00:00,0.6766666666666666,0.8026194214820862
2026-01-10 18:00:00+00:00,2026-01-11 08:00:00+00:00,2,14,2026-01-10 12:00:00+00:00,2026-01-10 15:57:47+00:00,0.6016666666666667,0.8252058267593384
2026-01-10 18:00:00+00:00,2026-01-11 09:00:00+00:00,2,15,2026-01-10 12:00:00+00:00,2026-01-10 15:57:47+00:00,0.27499999999999997,0.8557995438575745
2026-01-10 18:00:00+00:00,2026-01-11 10:00:00+00:00,2,16,2026-01-10 12:00:00+00:00,2026-01-10 15:57:47+00:00,0.22999999999999998,0.8056679606437683
2026-01-10 18:00:00+00:00,2026-01-11 11:00:00+00:00,2,17,2026-01-10 12:00:00+00:00,2026-01-10 15:57:47+00:00,0.2283333333333333,0.7469594001770019
2026-01-10 18:00:00+00:00,2026-01-11 12:00:00+00:00,2,18,2026-01-10 12:00:00+00:00,2026-01-10 15:57:47+00:00,0.19000000000000003,0.6677202463150025
2026-01-10 18:00:00+00:00,2026-01-11 13:00:00+00:00,2,19,2026-01-10 12:00:00+00:00,2026-01-10 15:57:47+00:00,0.4583333333333333,0.7293250560760498
2026-01-10 18:00:00+00:00,2026-01-11 14:00:00+00:00,2,20,2026-01-10 12:00:00+00:00,2026-01-10 15:57:47+00:00,0.46166666666666667,0.7609066724777221
2026-01-10 18:00:00+00:00,2026-01-11 15:00:00+00:00,2,21,2026-01-10 12:00:00+00:00,2026-01-10 15:57:47+00:00,0.2866666666666667,0.7739234447479248
2026-01-10 18:00:00+00:00,2026-01-11 16:00:00+00:00,2,22,2026-01-10 12:00:00+00:00,2026-01-10 15:57:47+00:00,0.4916666666666667,0.505727744102478
2026-01-10 18:00:00+00:00,2026-01-11 17:00:00+00:00,2,23,2026-01-10 12:00:00+00:00,2026-01-10 15:57:47+00:00,0.5183333333333334,0.28704553842544556
2026-01-10 18:00:00+00:00,2026-01-11 18:00:00+00:00,2,24,2026-01-10 12:00:00+00:00,2026-01-10 15:57:47+00:00,0.33,0.157972115278244
2026-01-10 18:00:00+00:00,2026-01-11 19:00:00+00:00,2,25,2026-01-10 12:00:00+00:00,2026-01-10 15:57:47+00:00,0.49,0.1125396229326725
2026-01-10 18:00:00+00:00,2026-01-11 20:00:00+00:00,2,26,2026-01-10 12:00:00+00:00,2026-01-10 15:57:47+00:00,0.3933333333333333,0.0804139081388712
2026-01-10 18:00:00+00:00,2026-01-11 21:00:00+00:00,2,27,2026-01-10 12:00:00+00:00,2026-01-10 15:57:47+00:00,0.04666666666666667,0.05998890809714794
2026-01-10 18:00:00+00:00,2026-01-11 22:00:00+00:00,2,28,2026-01-10 12:00:00+00:00,2026-01-10 15:57:47+00:00,0.01,0.04224515296518803
2026-01-10 18:00:00+00:00,2026-01-11 23:00:00+00:00,2,29,2026-01-10 12:00:00+00:00,2026-01-10 15:57:47+00:00,0.011666666666666667,0.03214535638689995
2026-01-10 18:00:00+00:00,2026-01-12 00:00:00+00:00,2,30,2026-01-10 12:00:00+00:00,2026-01-10 15:57:47+00:00,0.01,0.02792006963863969
2026-01-10 18:00:00+00:00,2026-01-12 01:00:00+00:00,2,31,2026-01-10 12:00:00+00:00,2026-01-10 15:57:47+00:00,0.01,0.024389212019741535
2026-01-10 18:00:00+00:00,2026-01-12 02:00:00+00:00,2,32,2026-01-10 12:00:00+00:00,2026-01-10 15:57:47+00:00,0.01,0.02829964170232415
2026-01-10 18:00:00+00:00,2026-01-12 03:00:00+00:00,2,33,2026-01-10 12:00:00+00:00,2026-01-10 15:57:47+00:00,0.01,0.03093352746218443
2026-01-10 18:00:00+00:00,2026-01-12 04:00:00+00:00,2,34,2026-01-10 12:00:00+00:00,2026-01-10 15:57:47+00:00,0.01,0.030834198091179134
2026-01-10 18:00:00+00:00,2026-01-12 05:00:00+00:00,2,35,2026-01-10 12:00:00+00:00,2026-01-10 15:57:47+00:00,0.01,0.042919250577688216
2026-01-10 18:00:00+00:00,2026-01-12 06:00:00+00:00,2,36,2026-01-10 12:00:00+00:00,2026-01-10 15:57:47+00:00,0.01,0.06733100824058055
2026-01-10 18:00:00+00:00,2026-01-12 07:00:00+00:00,2,37,2026-01-10 12:00:00+00:00,2026-01-10 15:57:47+00:00,0.008333333333333333,0.14646093547344208
2026-01-10 18:00:00+00:00,2026-01-12 08:00:00+00:00,2,38,2026-01-10 12:00:00+00:00,2026-01-10 15:57:47+00:00,0.10333333333333333,0.2850666642189026
2026-01-10 18:00:00+00:00,2026-01-12 09:00:00+00:00,2,39,2026-01-10 12:00:00+00:00,2026-01-10 15:57:47+00:00,0.19000000000000003,0.4194552540779114
2026-01-10 18:00:00+00:00,2026-01-12 10:00:00+00:00,2,40,2026-01-10 12:00:00+00:00,2026-01-10 15:57:47+00:00,0.06666666666666667,0.3982443302869797
2026-01-10 18:00:00+00:00,2026-01-12 11:00:00+00:00,2,41,2026-01-10 12:00:00+00:00,2026-01-10 15:57:47+00:00,0.13666666666666666,0.38487025797367097
2026-01-10 18:00:00+00:00,2026-01-12 12:00:00+00:00,2,42,2026-01-10 12:00:00+00:00,2026-01-10 15:57:47+00:00,0.5816666666666667,0.3896890044212341
2026-01-10 18:00:00+00:00,2026-01-12 13:00:00+00:00,2,43,2026-01-10 12:00:00+00:00,2026-01-10 15:57:47+00:00,0.6233333333333334,0.34460610449314116
2026-01-10 18:00:00+00:00,2026-01-12 14:00:00+00:00,2,44,2026-01-10 12:00:00+00:00,2026-01-10 15:57:47+00:00,0.59,0.29422483444213865
2026-01-10 18:00:00+00:00,2026-01-12 15:00:00+00:00,2,45,2026-01-10 12:00:00+00:00,2026-01-10 15:57:47+00:00,0.5683333333333334,0.2467412382364273
2026-01-10 18:00:00+00:00,2026-01-12 16:00:00+00:00,2,46,2026-01-10 12:00:00+00:00,2026-01-10 15:57:47+00:00,0.285,0.2655749052762985
2026-01-10 18:00:00+00:00,2026-01-12 17:00:00+00:00,2,47,2026-01-10 12:00:00+00:00,2026-01-10 15:57:47+00:00,0.26666666666666666,0.2963409572839737
2026-01-10 18:00:00+00:00,2026-01-12 18:00:00+00:00,2,48,2026-01-10 12:00:00+00:00,2026-01-10 15:57:47+00:00,0.115,0.3228192120790482
2026-01-11 18:00:00+00:00,2026-01-11 19:00:00+00:00,1,1,2026-01-11 12:00:00+00:00,2026-01-11 16:00:33+00:00,0.58,0.0664511751383543
2026-01-11 18:00:00+00:00,2026-01-11 20:00:00+00:00,1,2,2026-01-11 12:00:00+00:00,2026-01-11 16:00:33+00:00,0.4033333333333333,0.0478917870670557
2026-01-11 18:00:00+00:00,2026-01-11 21:00:00+00:00,1,3,2026-01-11 12:00:00+00:00,2026-01-11 16:00:33+00:00,0.06833333333333334,0.0373555788770318
2026-01-11 18:00:00+00:00,2026-01-11 22:00:00+00:00,1,4,2026-01-11 12:00:00+00:00,2026-01-11 16:00:33+00:00,0.015,0.03560186661779881
2026-01-11 18:00:00+00:00,2026-01-11 23:00:00+00:00,1,5,2026-01-11 12:00:00+00:00,2026-01-11 16:00:33+00:00,0.023333333333333334,0.02872084006667137
2026-01-11 18:00:00+00:00,2026-01-12 00:00:00+00:00,1,6,2026-01-11 12:00:00+00:00,2026-01-11 16:00:33+00:00,0.01,0.025620818370953202
2026-01-11 18:00:00+00:00,2026-01-12 01:00:00+00:00,1,7,2026-01-11 12:00:00+00:00,2026-01-11 16:00:33+00:00,0.01,0.021442856546491383
2026-01-11 18:00:00+00:00,2026-01-12 02:00:00+00:00,1,8,2026-01-11 12:00:00+00:00,2026-01-11 16:00:33+00:00,0.01,0.02032156251370907
2026-01-11 18:00:00+00:00,2026-01-12 03:00:00+00:00,1,9,2026-01-11 12:00:00+00:00,2026-01-11 16:00:33+00:00,0.01,0.021998022589832543
2026-01-11 18:00:00+00:00,2026-01-12 04:00:00+00:00,1,10,2026-01-11 12:00:00+00:00,2026-01-11 16:00:33+00:00,0.01,0.017065784009173513
2026-01-11 18:00:00+00:00,2026-01-12 05:00:00+00:00,1,11,2026-01-11 12:00:00+00:00,2026-01-11 16:00:33+00:00,0.01,0.015008028387092054
2026-01-11 18:00:00+00:00,2026-01-12 06:00:00+00:00,1,12,2026-01-11 12:00:00+00:00,2026-01-11 16:00:33+00:00,0.01,0.0248348000459373
2026-01-11 18:00:00+00:00,2026-01-12 07:00:00+00:00,1,13,2026-01-11 12:00:00+00:00,2026-01-11 16:00:33+00:00,0.011666666666666667,0.029304914083331822
2026-01-11 18:00:00+00:00,2026-01-12 08:00:00+00:00,1,14,2026-01-11 12:00:00+00:00,2026-01-11 16:00:33+00:00,0.09666666666666668,0.048705570958554746
2026-01-11 18:00:00+00:00,2026-01-12 09:00:00+00:00,1,15,2026-01-11 12:00:00+00:00,2026-01-11 16:00:33+00:00,0.16333333333333333,0.08785303980112076
2026-01-11 18:00:00+00:00,2026-01-12 10:00:00+00:00,1,16,2026-01-11 12:00:00+00:00,2026-01-11 16:00:33+00:00,0.05666666666666667,0.16815128028392792
2026-01-11 18:00:00+00:00,2026-01-12 11:00:00+00:00,1,17,2026-01-11 12:00:00+00:00,2026-01-11 16:00:33+00:00,0.15333333333333332,0.2970209538936615
2026-01-11 18:00:00+00:00,2026-01-12 12:00:00+00:00,1,18,2026-01-11 12:00:00+00:00,2026-01-11 16:00:33+00:00,0.545,0.45185622572898865
2026-01-11 18:00:00+00:00,2026-01-12 13:00:00+00:00,1,19,2026-01-11 12:00:00+00:00,2026-01-11 16:00:33+00:00,0.615,0.3186714291572571
2026-01-11 18:00:00+00:00,2026-01-12 14:00:00+00:00,1,20,2026-01-11 12:00:00+00:00,2026-01-11 16:00:33+00:00,0.58,0.19960726499557496
2026-01-11 18:00:00+00:00,2026-01-12 15:00:00+00:00,1,21,2026-01-11 12:00:00+00:00,2026-01-11 16:00:33+00:00,0.5633333333333334,0.169657339155674
2026-01-11 18:00:00+00:00,2026-01-12 16:00:00+00:00,1,22,2026-01-11 12:00:00+00:00,2026-01-11 16:00:33+00:00,0.285,0.09851278886198997
2026-01-11 18:00:00+00:00,2026-01-12 17:00:00+00:00,1,23,2026-01-11 12:00:00+00:00,2026-01-11 16:00:33+00:00,0.26333333333333336,0.058228063955903055
2026-01-11 18:00:00+00:00,2026-01-12 18:00:00+00:00,1,24,2026-01-11 12:00:00+00:00,2026-01-11 16:00:33+00:00,0.11833333333333333,0.031893018959090115
2026-01-11 18:00:00+00:00,2026-01-12 19:00:00+00:00,1,25,2026-01-11 12:00:00+00:00,2026-01-11 16:00:33+00:00,0.2233333333333333,0.03041175752878189
2026-01-11 18:00:00+00:00,2026-01-12 20:00:00+00:00,1,26,2026-01-11 12:00:00+00:00,2026-01-11 16:00:33+00:00,0.13833333333333334,0.031239369604736566
2026-01-11 18:00:00+00:00,2026-01-12 21:00:00+00:00,1,27,2026-01-11 12:00:00+00:00,2026-01-11 16:00:33+00:00,0.14833333333333334,0.03812617771327496
2026-01-11 18:00:00+00:00,2026-01-12 22:00:00+00:00,1,28,2026-01-11 12:00:00+00:00,2026-01-11 16:00:33+00:00,0.22833333333333336,0.029204167146235704
2026-01-11 18:00:00+00:00,2026-01-12 23:00:00+00:00,1,29,2026-01-11 12:00:00+00:00,2026-01-11 16:00:33+00:00,0.17666666666666667,0.03207406336441636
2026-01-11 18:00:00+00:00,2026-01-13 00:00:00+00:00,1,30,2026-01-11 12:00:00+00:00,2026-01-11 16:00:33+00:00,0.045000000000000005,0.05789406485855579
2026-01-11 18:00:00+00:00,2026-01-13 01:00:00+00:00,1,31,2026-01-11 12:00:00+00:00,2026-01-11 16:00:33+00:00,0.01,0.045372017472982404
2026-01-11 18:00:00+00:00,2026-01-13 02:00:00+00:00,1,32,2026-01-11 12:00:00+00:00,2026-01-11 16:00:33+00:00,0.021666666666666667,0.043416698835790156
2026-01-11 18:00:00+00:00,2026-01-13 03:00:00+00:00,1,33,2026-01-11 12:00:00+00:00,2026-01-11 16:00:33+00:00,0.11333333333333334,0.0467958165332675
2026-01-11 18:00:00+00:00,2026-01-13 04:00:00+00:00,1,34,2026-01-11 12:00:00+00:00,2026-01-11 16:00:33+00:00,0.14833333333333334,0.06159528791904449
2026-01-11 18:00:00+00:00,2026-01-13 05:00:00+00:00,1,35,2026-01-11 12:00:00+00:00,2026-01-11 16:00:33+00:00,0.18000000000000002,0.08392415754497051
2026-01-11 18:00:00+00:00,2026-01-13 06:00:00+00:00,1,36,2026-01-11 12:00:00+00:00,2026-01-11 16:00:33+00:00,0.2333333333333333,0.13260502815246583
2026-01-11 18:00:00+00:00,2026-01-13 07:00:00+00:00,1,37,2026-01-11 12:00:00+00:00,2026-01-11 16:00:33+00:00,0.515,0.25133772790431974
2026-01-11 18:00:00+00:00,2026-01-13 08:00:00+00:00,1,38,2026-01-11 12:00:00+00:00,2026-01-11 16:00:33+00:00,0.64,0.4776450514793396
2026-01-11 18:00:00+00:00,2026-01-13 09:00:00+00:00,1,39,2026-01-11 12:00:00+00:00,2026-01-11 16:00:33+00:00,0.7833333333333333,0.7501353740692138
2026-01-11 18:00:00+00:00,2026-01-13 10:00:00+00:00,1,40,2026-01-11 12:00:00+00:00,2026-01-11 16:00:33+00:00,0.985,0.9163506150245666
2026-01-11 18:00:00+00:00,2026-01-13 11:00:00+00:00,1,41,2026-01-11 12:00:00+00:00,2026-01-11 16:00:33+00:00,0.9899999999999999,0.9651756882667542
2026-01-11 18:00:00+00:00,2026-01-13 12:00:00+00:00,1,42,2026-01-11 12:00:00+00:00,2026-01-11 16:00:33+00:00,0.9899999999999999,0.9813481092453002
2026-01-11 18:00:00+00:00,2026-01-13 13:00:00+00:00,1,43,2026-01-11 12:00:00+00:00,2026-01-11 16:00:33+00:00,0.9899999999999999,0.9810096859931946
2026-01-11 18:00:00+00:00,2026-01-13 14:00:00+00:00,1,44,2026-01-11 12:00:00+00:00,2026-01-11 16:00:33+00:00,0.9899999999999999,0.9784420490264892
2026-01-11 18:00:00+00:00,2026-01-13 15:00:00+00:00,1,45,2026-01-11 12:00:00+00:00,2026-01-11 16:00:33+00:00,0.9899999999999999,0.9736021876335144
2026-01-11 18:00:00+00:00,2026-01-13 16:00:00+00:00,1,46,2026-01-11 12:00:00+00:00,2026-01-11 16:00:33+00:00,0.9266666666666666,0.9372629046440124
2026-01-11 18:00:00+00:00,2026-01-13 17:00:00+00:00,1,47,2026-01-11 12:00:00+00:00,2026-01-11 16:00:33+00:00,0.9516666666666667,0.7966628670692444
2026-01-11 18:00:00+00:00,2026-01-13 18:00:00+00:00,1,48,2026-01-11 12:00:00+00:00,2026-01-11 16:00:33+00:00,0.9183333333333333,0.6159484803676605
2026-01-11 18:00:00+00:00,2026-01-11 19:00:00+00:00,2,1,2026-01-11 12:00:00+00:00,2026-01-11 16:00:33+00:00,0.49,0.05939814858138561
2026-01-11 18:00:00+00:00,2026-01-11 20:00:00+00:00,2,2,2026-01-11 12:00:00+00:00,2026-01-11 16:00:33+00:00,0.3933333333333333,0.04225059729069471
2026-01-11 18:00:00+00:00,2026-01-11 21:00:00+00:00,2,3,2026-01-11 12:00:00+00:00,2026-01-11 16:00:33+00:00,0.04666666666666667,0.033224697969853875
2026-01-11 18:00:00+00:00,2026-01-11 22:00:00+00:00,2,4,2026-01-11 12:00:00+00:00,2026-01-11 16:00:33+00:00,0.01,0.03121637925505638
2026-01-11 18:00:00+00:00,2026-01-11 23:00:00+00:00,2,5,2026-01-11 12:00:00+00:00,2026-01-11 16:00:33+00:00,0.011666666666666667,0.02521912008523941
2026-01-11 18:00:00+00:00,2026-01-12 00:00:00+00:00,2,6,2026-01-11 12:00:00+00:00,2026-01-11 16:00:33+00:00,0.01,0.022726596659049393
2026-01-11 18:00:00+00:00,2026-01-12 01:00:00+00:00,2,7,2026-01-11 12:00:00+00:00,2026-01-11 16:00:33+00:00,0.01,0.01835214886814356
2026-01-11 18:00:00+00:00,2026-01-12 02:00:00+00:00,2,8,2026-01-11 12:00:00+00:00,2026-01-11 16:00:33+00:00,0.01,0.017808059137314557
2026-01-11 18:00:00+00:00,2026-01-12 03:00:00+00:00,2,9,2026-01-11 12:00:00+00:00,2026-01-11 16:00:33+00:00,0.01,0.019382356479763985
2026-01-11 18:00:00+00:00,2026-01-12 04:00:00+00:00,2,10,2026-01-11 12:00:00+00:00,2026-01-11 16:00:33+00:00,0.01,0.01512037254869938
2026-01-11 18:00:00+00:00,2026-01-12 05:00:00+00:00,2,11,2026-01-11 12:00:00+00:00,2026-01-11 16:00:33+00:00,0.01,0.013299639523029327
2026-01-11 18:00:00+00:00,2026-01-12 06:00:00+00:00,2,12,2026-01-11 12:00:00+00:00,2026-01-11 16:00:33+00:00,0.01,0.023429227387532593
2026-01-11 18:00:00+00:00,2026-01-12 07:00:00+00:00,2,13,2026-01-11 12:00:00+00:00,2026-01-11 16:00:33+00:00,0.008333333333333333,0.02698056139051914
2026-01-11 18:00:00+00:00,2026-01-12 08:00:00+00:00,2,14,2026-01-11 12:00:00+00:00,2026-01-11 16:00:33+00:00,0.10333333333333333,0.04675195384770632
2026-01-11 18:00:00+00:00,2026-01-12 09:00:00+00:00,2,15,2026-01-11 12:00:00+00:00,2026-01-11 16:00:33+00:00,0.19000000000000003,0.08976464718580246
2026-01-11 18:00:00+00:00,2026-01-12 10:00:00+00:00,2,16,2026-01-11 12:00:00+00:00,2026-01-11 16:00:33+00:00,0.06666666666666667,0.17605825364589692
2026-01-11 18:00:00+00:00,2026-01-12 11:00:00+00:00,2,17,2026-01-11 12:00:00+00:00,2026-01-11 16:00:33+00:00,0.13666666666666666,0.31190208792686464
2026-01-11 18:00:00+00:00,2026-01-12 12:00:00+00:00,2,18,2026-01-11 12:00:00+00:00,2026-01-11 16:00:33+00:00,0.5816666666666667,0.4572480797767639
2026-01-11 18:00:00+00:00,2026-01-12 13:00:00+00:00,2,19,2026-01-11 12:00:00+00:00,2026-01-11 16:00:33+00:00,0.6233333333333334,0.3254782259464264
2026-01-11 18:00:00+00:00,2026-01-12 14:00:00+00:00,2,20,2026-01-11 12:00:00+00:00,2026-01-11 16:00:33+00:00,0.59,0.2041042685508728
2026-01-11 18:00:00+00:00,2026-01-12 15:00:00+00:00,2,21,2026-01-11 12:00:00+00:00,2026-01-11 16:00:33+00:00,0.5683333333333334,0.17162822932004929
2026-01-11 18:00:00+00:00,2026-01-12 16:00:00+00:00,2,22,2026-01-11 12:00:00+00:00,2026-01-11 16:00:33+00:00,0.285,0.09468918964266777
2026-01-11 18:00:00+00:00,2026-01-12 17:00:00+00:00,2,23,2026-01-11 12:00:00+00:00,2026-01-11 16:00:33+00:00,0.26666666666666666,0.056483476795256136
2026-01-11 18:00:00+00:00,2026-01-12 18:00:00+00:00,2,24,2026-01-11 12:00:00+00:00,2026-01-11 16:00:33+00:00,0.115,0.029959680512547493
2026-01-11 18:00:00+00:00,2026-01-12 19:00:00+00:00,2,25,2026-01-11 12:00:00+00:00,2026-01-11 16:00:33+00:00,0.22166666666666668,0.02832234976813197
2026-01-11 18:00:00+00:00,2026-01-12 20:00:00+00:00,2,26,2026-01-11 12:00:00+00:00,2026-01-11 16:00:33+00:00,0.13833333333333334,0.02886638967320323
2026-01-11 18:00:00+00:00,2026-01-12 21:00:00+00:00,2,27,2026-01-11 12:00:00+00:00,2026-01-11 16:00:33+00:00,0.145,0.03489924035966396
2026-01-11 18:00:00+00:00,2026-01-12 22:00:00+00:00,2,28,2026-01-11 12:00:00+00:00,2026-01-11 16:00:33+00:00,0.22333333333333336,0.026782402582466603
2026-01-11 18:00:00+00:00,2026-01-12 23:00:00+00:00,2,29,2026-01-11 12:00:00+00:00,2026-01-11 16:00:33+00:00,0.17166666666666666,0.02791054523549974
2026-01-11 18:00:00+00:00,2026-01-13 00:00:00+00:00,2,30,2026-01-11 12:00:00+00:00,2026-01-11 16:00:33+00:00,0.04833333333333334,0.050444808602333066
2026-01-11 18:00:00+00:00,2026-01-13 01:00:00+00:00,2,31,2026-01-11 12:00:00+00:00,2026-01-11 16:00:33+00:00,0.008333333333333333,0.03963052444159985
2026-01-11 18:00:00+00:00,2026-01-13 02:00:00+00:00,2,32,2026-01-11 12:00:00+00:00,2026-01-11 16:00:33+00:00,0.021666666666666667,0.03811935549601912
2026-01-11 18:00:00+00:00,2026-01-13 03:00:00+00:00,2,33,2026-01-11 12:00:00+00:00,2026-01-11 16:00:33+00:00,0.11,0.041392105352133515
2026-01-11 18:00:00+00:00,2026-01-13 04:00:00+00:00,2,34,2026-01-11 12:00:00+00:00,2026-01-11 16:00:33+00:00,0.11166666666666668,0.05615185908973217
2026-01-11 18:00:00+00:00,2026-01-13 05:00:00+00:00,2,35,2026-01-11 12:00:00+00:00,2026-01-11 16:00:33+00:00,0.16833333333333333,0.07882171384990215
2026-01-11 18:00:00+00:00,2026-01-13 06:00:00+00:00,2,36,2026-01-11 12:00:00+00:00,2026-01-11 16:00:33+00:00,0.2333333333333333,0.12711389288306235
2026-01-11 18:00:00+00:00,2026-01-13 07:00:00+00:00,2,37,2026-01-11 12:00:00+00:00,2026-01-11 16:00:33+00:00,0.5033333333333333,0.24608032405376434
2026-01-11 18:00:00+00:00,2026-01-13 08:00:00+00:00,2,38,2026-01-11 12:00:00+00:00,2026-01-11 16:00:33+00:00,0.7066666666666667,0.4797771453857422
2026-01-11 18:00:00+00:00,2026-01-13 09:00:00+00:00,2,39,2026-01-11 12:00:00+00:00,2026-01-11 16:00:33+00:00,0.8166666666666668,0.7623032569885254
2026-01-11 18:00:00+00:00,2026-01-13 10:00:00+00:00,2,40,2026-01-11 12:00:00+00:00,2026-01-11 16:00:33+00:00,0.9833333333333334,0.918105685710907
2026-01-11 18:00:00+00:00,2026-01-13 11:00:00+00:00,2,41,2026-01-11 12:00:00+00:00,2026-01-11 16:00:33+00:00,0.9883333333333333,0.9639150619506835
2026-01-11 18:00:00+00:00,2026-01-13 12:00:00+00:00,2,42,2026-01-11 12:00:00+00:00,2026-01-11 16:00:33+00:00,0.9899999999999999,0.9802155137062073
2026-01-11 18:00:00+00:00,2026-01-13 13:00:00+00:00,2,43,2026-01-11 12:00:00+00:00,2026-01-11 16:00:33+00:00,0.9899999999999999,0.9795418500900268
2026-01-11 18:00:00+00:00,2026-01-13 14:00:00+00:00,2,44,2026-01-11 12:00:00+00:00,2026-01-11 16:00:33+00:00,0.9916666666666667,0.9766775012016297
2026-01-11 18:00:00+00:00,2026-01-13 15:00:00+00:00,2,45,2026-01-11 12:00:00+00:00,2026-01-11 16:00:33+00:00,0.995,0.9716730237007141
2026-01-11 18:00:00+00:00,2026-01-13 16:00:00+00:00,2,46,2026-01-11 12:00:00+00:00,2026-01-11 16:00:33+00:00,0.9700000000000001,0.9329499959945678
2026-01-11 18:00:00+00:00,2026-01-13 17:00:00+00:00,2,47,2026-01-11 12:00:00+00:00,2026-01-11 16:00:33+00:00,0.9733333333333333,0.7749820947647095
2026-01-11 18:00:00+00:00,2026-01-13 18:00:00+00:00,2,48,2026-01-11 12:00:00+00:00,2026-01-11 16:00:33+00:00,0.8450000000000001,0.5930456697940827
2026-01-12 18:00:00+00:00,2026-01-12 19:00:00+00:00,1,1,2026-01-12 12:00:00+00:00,2026-01-12 16:01:04+00:00,0.2233333333333333,0.08506661057472228
2026-01-12 18:00:00+00:00,2026-01-12 20:00:00+00:00,1,2,2026-01-12 12:00:00+00:00,2026-01-12 16:01:04+00:00,0.13833333333333334,0.06259293369948864
2026-01-12 18:00:00+00:00,2026-01-12 21:00:00+00:00,1,3,2026-01-12 12:00:00+00:00,2026-01-12 16:01:04+00:00,0.14833333333333334,0.044736898690462115
2026-01-12 18:00:00+00:00,2026-01-12 22:00:00+00:00,1,4,2026-01-12 12:00:00+00:00,2026-01-12 16:01:04+00:00,0.22833333333333336,0.03019280042499304
2026-01-12 18:00:00+00:00,2026-01-12 23:00:00+00:00,1,5,2026-01-12 12:00:00+00:00,2026-01-12 16:01:04+00:00,0.17666666666666667,0.024512163642793895
2026-01-12 18:00:00+00:00,2026-01-13 00:00:00+00:00,1,6,2026-01-12 12:00:00+00:00,2026-01-12 16:01:04+00:00,0.045000000000000005,0.020966190099716186
2026-01-12 18:00:00+00:00,2026-01-13 01:00:00+00:00,1,7,2026-01-12 12:00:00+00:00,2026-01-12 16:01:04+00:00,0.01,0.009435810497961938
2026-01-12 18:00:00+00:00,2026-01-13 02:00:00+00:00,1,8,2026-01-12 12:00:00+00:00,2026-01-12 16:01:04+00:00,0.021666666666666667,0.021356203779578208
2026-01-12 18:00:00+00:00,2026-01-13 03:00:00+00:00,1,9,2026-01-12 12:00:00+00:00,2026-01-12 16:01:04+00:00,0.11333333333333334,0.04557517189532519
2026-01-12 18:00:00+00:00,2026-01-13 04:00:00+00:00,1,10,2026-01-12 12:00:00+00:00,2026-01-12 16:01:04+00:00,0.14833333333333334,0.054487989842891695
2026-01-12 18:00:00+00:00,2026-01-13 05:00:00+00:00,1,11,2026-01-12 12:00:00+00:00,2026-01-12 16:01:04+00:00,0.18000000000000002,0.09101862460374832
2026-01-12 18:00:00+00:00,2026-01-13 06:00:00+00:00,1,12,2026-01-12 12:00:00+00:00,2026-01-12 16:01:04+00:00,0.2333333333333333,0.1822899639606476
2026-01-12 18:00:00+00:00,2026-01-13 07:00:00+00:00,1,13,2026-01-12 12:00:00+00:00,2026-01-12 16:01:04+00:00,0.515,0.2783437281847
2026-01-12 18:00:00+00:00,2026-01-13 08:00:00+00:00,1,14,2026-01-12 12:00:00+00:00,2026-01-12 16:01:04+00:00,0.64,0.4308363199234009
2026-01-12 18:00:00+00:00,2026-01-13 09:00:00+00:00,1,15,2026-01-12 12:00:00+00:00,2026-01-12 16:01:04+00:00,0.7833333333333333,0.6387821793556213
2026-01-12 18:00:00+00:00,2026-01-13 10:00:00+00:00,1,16,2026-01-12 12:00:00+00:00,2026-01-12 16:01:04+00:00,0.985,0.897575855255127
2026-01-12 18:00:00+00:00,2026-01-13 11:00:00+00:00,1,17,2026-01-12 12:00:00+00:00,2026-01-12 16:01:04+00:00,0.9899999999999999,0.9651234865188598
2026-01-12 18:00:00+00:00,2026-01-13 12:00:00+00:00,1,18,2026-01-12 12:00:00+00:00,2026-01-12 16:01:04+00:00,0.9899999999999999,0.982642138004303
2026-01-12 18:00:00+00:00,2026-01-13 13:00:00+00:00,1,19,2026-01-12 12:00:00+00:00,2026-01-12 16:01:04+00:00,0.9899999999999999,0.9791492581367492
2026-01-12 18:00:00+00:00,2026-01-13 14:00:00+00:00,1,20,2026-01-12 12:00:00+00:00,2026-01-12 16:01:04+00:00,0.9899999999999999,0.9735742092132569
2026-01-12 18:00:00+00:00,2026-01-13 15:00:00+00:00,1,21,2026-01-12 12:00:00+00:00,2026-01-12 16:01:04+00:00,0.9899999999999999,0.9631918907165528
2026-01-12 18:00:00+00:00,2026-01-13 16:00:00+00:00,1,22,2026-01-12 12:00:00+00:00,2026-01-12 16:01:04+00:00,0.9266666666666666,0.8896786332130432
2026-01-12 18:00:00+00:00,2026-01-13 17:00:00+00:00,1,23,2026-01-12 12:00:00+00:00,2026-01-12 16:01:04+00:00,0.9516666666666667,0.6676213502883911
2026-01-12 18:00:00+00:00,2026-01-13 18:00:00+00:00,1,24,2026-01-12 12:00:00+00:00,2026-01-12 16:01:04+00:00,0.9183333333333333,0.48985776007175447
2026-01-12 18:00:00+00:00,2026-01-13 19:00:00+00:00,1,25,2026-01-12 12:00:00+00:00,2026-01-12 16:01:04+00:00,0.7583333333333333,0.46076693534851076
2026-01-12 18:00:00+00:00,2026-01-13 20:00:00+00:00,1,26,2026-01-12 12:00:00+00:00,2026-01-12 16:01:04+00:00,0.8383333333333334,0.4197120815515518
2026-01-12 18:00:00+00:00,2026-01-13 21:00:00+00:00,1,27,2026-01-12 12:00:00+00:00,2026-01-12 16:01:04+00:00,0.935,0.3642219424247742
2026-01-12 18:00:00+00:00,2026-01-13 22:00:00+00:00,1,28,2026-01-12 12:00:00+00:00,2026-01-12 16:01:04+00:00,0.8633333333333333,0.33949114978313444
2026-01-12 18:00:00+00:00,2026-01-13 23:00:00+00:00,1,29,2026-01-12 12:00:00+00:00,2026-01-12 16:01:04+00:00,0.57,0.31086655557155607
2026-01-12 18:00:00+00:00,2026-01-14 00:00:00+00:00,1,30,2026-01-12 12:00:00+00:00,2026-01-12 16:01:04+00:00,0.36000000000000004,0.27589229345321653
2026-01-12 18:00:00+00:00,2026-01-14 01:00:00+00:00,1,31,2026-01-12 12:00:00+00:00,2026-01-12 16:01:04+00:00,0.09166666666666667,0.21614447236061096
2026-01-12 18:00:00+00:00,2026-01-14 02:00:00+00:00,1,32,2026-01-12 12:00:00+00:00,2026-01-12 16:01:04+00:00,0.036666666666666674,0.16544718593358992
2026-01-12 18:00:00+00:00,2026-01-14 03:00:00+00:00,1,33,2026-01-12 12:00:00+00:00,2026-01-12 16:01:04+00:00,0.31666666666666665,0.12982653975486755
2026-01-12 18:00:00+00:00,2026-01-14 04:00:00+00:00,1,34,2026-01-12 12:00:00+00:00,2026-01-12 16:01:04+00:00,0.26,0.1132786937057972
2026-01-12 18:00:00+00:00,2026-01-14 05:00:00+00:00,1,35,2026-01-12 12:00:00+00:00,2026-01-12 16:01:04+00:00,0.045000000000000005,0.09563966728746891
2026-01-12 18:00:00+00:00,2026-01-14 06:00:00+00:00,1,36,2026-01-12 12:00:00+00:00,2026-01-12 16:01:04+00:00,0.015,0.08217943534255027
2026-01-12 18:00:00+00:00,2026-01-14 07:00:00+00:00,1,37,2026-01-12 12:00:00+00:00,2026-01-12 16:01:04+00:00,0.06333333333333334,0.056291700899600984
2026-01-12 18:00:00+00:00,2026-01-14 08:00:00+00:00,1,38,2026-01-12 12:00:00+00:00,2026-01-12 16:01:04+00:00,0.11333333333333334,0.04347678739577532
2026-01-12 18:00:00+00:00,2026-01-14 09:00:00+00:00,1,39,2026-01-12 12:00:00+00:00,2026-01-12 16:01:04+00:00,0.1366666666666667,0.03517631823197007
2026-01-12 18:00:00+00:00,2026-01-14 10:00:00+00:00,1,40,2026-01-12 12:00:00+00:00,2026-01-12 16:01:04+00:00,0.17,0.03388788374140859
2026-01-12 18:00:00+00:00,2026-01-14 11:00:00+00:00,1,41,2026-01-12 12:00:00+00:00,2026-01-12 16:01:04+00:00,0.11499999999999999,0.033832678385078904
2026-01-12 18:00:00+00:00,2026-01-14 12:00:00+00:00,1,42,2026-01-12 12:00:00+00:00,2026-01-12 16:01:04+00:00,0.155,0.0478394060395658
2026-01-12 18:00:00+00:00,2026-01-14 13:00:00+00:00,1,43,2026-01-12 12:00:00+00:00,2026-01-12 16:01:04+00:00,0.14,0.07416280768811703
2026-01-12 18:00:00+00:00,2026-01-14 14:00:00+00:00,1,44,2026-01-12 12:00:00+00:00,2026-01-12 16:01:04+00:00,0.13333333333333333,0.10943134054541588
2026-01-12 18:00:00+00:00,2026-01-14 15:00:00+00:00,1,45,2026-01-12 12:00:00+00:00,2026-01-12 16:01:04+00:00,0.20000000000000004,0.15246714912354947
2026-01-12 18:00:00+00:00,2026-01-14 16:00:00+00:00,1,46,2026-01-12 12:00:00+00:00,2026-01-12 16:01:04+00:00,0.36166666666666664,0.18087669536471368
2026-01-12 18:00:00+00:00,2026-01-14 17:00:00+00:00,1,47,2026-01-12 12:00:00+00:00,2026-01-12 16:01:04+00:00,0.24,0.2371675342321396
2026-01-12 18:00:00+00:00,2026-01-14 18:00:00+00:00,1,48,2026-01-12 12:00:00+00:00,2026-01-12 16:01:04+00:00,0.10833333333333334,0.2934316053986549
2026-01-12 18:00:00+00:00,2026-01-12 19:00:00+00:00,2,1,2026-01-12 12:00:00+00:00,2026-01-12 16:01:04+00:00,0.22166666666666668,0.08073704466223716
2026-01-12 18:00:00+00:00,2026-01-12 20:00:00+00:00,2,2,2026-01-12 12:00:00+00:00,2026-01-12 16:01:04+00:00,0.13833333333333334,0.05879216082394123
2026-01-12 18:00:00+00:00,2026-01-12 21:00:00+00:00,2,3,2026-01-12 12:00:00+00:00,2026-01-12 16:01:04+00:00,0.145,0.04278824459761381
2026-01-12 18:00:00+00:00,2026-01-12 22:00:00+00:00,2,4,2026-01-12 12:00:00+00:00,2026-01-12 16:01:04+00:00,0.22333333333333336,0.029053532890975474
2026-01-12 18:00:00+00:00,2026-01-12 23:00:00+00:00,2,5,2026-01-12 12:00:00+00:00,2026-01-12 16:01:04+00:00,0.17166666666666666,0.02346602166071534
2026-01-12 18:00:00+00:00,2026-01-13 00:00:00+00:00,2,6,2026-01-12 12:00:00+00:00,2026-01-12 16:01:04+00:00,0.04833333333333334,0.019311600690707566
2026-01-12 18:00:00+00:00,2026-01-13 01:00:00+00:00,2,7,2026-01-12 12:00:00+00:00,2026-01-12 16:01:04+00:00,0.008333333333333333,0.00852914972929284
2026-01-12 18:00:00+00:00,2026-01-13 02:00:00+00:00,2,8,2026-01-12 12:00:00+00:00,2026-01-12 16:01:04+00:00,0.021666666666666667,0.01889727348461747
2026-01-12 18:00:00+00:00,2026-01-13 03:00:00+00:00,2,9,2026-01-12 12:00:00+00:00,2026-01-12 16:01:04+00:00,0.11,0.040287040174007416
2026-01-12 18:00:00+00:00,2026-01-13 04:00:00+00:00,2,10,2026-01-12 12:00:00+00:00,2026-01-12 16:01:04+00:00,0.11166666666666668,0.04980387128889561
2026-01-12 18:00:00+00:00,2026-01-13 05:00:00+00:00,2,11,2026-01-12 12:00:00+00:00,2026-01-12 16:01:04+00:00,0.16833333333333333,0.08820956200361252
2026-01-12 18:00:00+00:00,2026-01-13 06:00:00+00:00,2,12,2026-01-12 12:00:00+00:00,2026-01-12 16:01:04+00:00,0.2333333333333333,0.17900046706199646
2026-01-12 18:00:00+00:00,2026-01-13 07:00:00+00:00,2,13,2026-01-12 12:00:00+00:00,2026-01-12 16:01:04+00:00,0.5033333333333333,0.27826214730739596
2026-01-12 18:00:00+00:00,2026-01-13 08:00:00+00:00,2,14,2026-01-12 12:00:00+00:00,2026-01-12 16:01:04+00:00,0.7066666666666667,0.4428008317947388
2026-01-12 18:00:00+00:00,2026-01-13 09:00:00+00:00,2,15,2026-01-12 12:00:00+00:00,2026-01-12 16:01:04+00:00,0.8166666666666668,0.65931037068367
2026-01-12 18:00:00+00:00,2026-01-13 10:00:00+00:00,2,16,2026-01-12 12:00:00+00:00,2026-01-12 16:01:04+00:00,0.9833333333333334,0.8993637442588807
2026-01-12 18:00:00+00:00,2026-01-13 11:00:00+00:00,2,17,2026-01-12 12:00:00+00:00,2026-01-12 16:01:04+00:00,0.9883333333333333,0.9637466192245483
2026-01-12 18:00:00+00:00,2026-01-13 12:00:00+00:00,2,18,2026-01-12 12:00:00+00:00,2026-01-12 16:01:04+00:00,0.9899999999999999,0.9814062595367432
2026-01-12 18:00:00+00:00,2026-01-13 13:00:00+00:00,2,19,2026-01-12 12:00:00+00:00,2026-01-12 16:01:04+00:00,0.9899999999999999,0.977435851097107
2026-01-12 18:00:00+00:00,2026-01-13 14:00:00+00:00,2,20,2026-01-12 12:00:00+00:00,2026-01-12 16:01:04+00:00,0.9916666666666667,0.9709152460098267
2026-01-12 18:00:00+00:00,2026-01-13 15:00:00+00:00,2,21,2026-01-12 12:00:00+00:00,2026-01-12 16:01:04+00:00,0.995,0.9582574486732482
2026-01-12 18:00:00+00:00,2026-01-13 16:00:00+00:00,2,22,2026-01-12 12:00:00+00:00,2026-01-12 16:01:04+00:00,0.9700000000000001,0.8730266213417053
2026-01-12 18:00:00+00:00,2026-01-13 17:00:00+00:00,2,23,2026-01-12 12:00:00+00:00,2026-01-12 16:01:04+00:00,0.9733333333333333,0.6403029084205627
2026-01-12 18:00:00+00:00,2026-01-13 18:00:00+00:00,2,24,2026-01-12 12:00:00+00:00,2026-01-12 16:01:04+00:00,0.8450000000000001,0.4633215546607971
2026-01-12 18:00:00+00:00,2026-01-13 19:00:00+00:00,2,25,2026-01-12 12:00:00+00:00,2026-01-12 16:01:04+00:00,0.7000000000000001,0.42695016860961915
2026-01-12 18:00:00+00:00,2026-01-13 20:00:00+00:00,2,26,2026-01-12 12:00:00+00:00,2026-01-12 16:01:04+00:00,0.79,0.37620083093643186
2026-01-12 18:00:00+00:00,2026-01-13 21:00:00+00:00,2,27,2026-01-12 12:00:00+00:00,2026-01-12 16:01:04+00:00,0.9133333333333332,0.3190217435359955
2026-01-12 18:00:00+00:00,2026-01-13 22:00:00+00:00,2,28,2026-01-12 12:00:00+00:00,2026-01-12 16:01:04+00:00,0.7583333333333333,0.29702280163764955
2026-01-12 18:00:00+00:00,2026-01-13 23:00:00+00:00,2,29,2026-01-12 12:00:00+00:00,2026-01-12 16:01:04+00:00,0.5,0.2711818277835846
2026-01-12 18:00:00+00:00,2026-01-14 00:00:00+00:00,2,30,2026-01-12 12:00:00+00:00,2026-01-12 16:01:04+00:00,0.3,0.24197839498519896
2026-01-12 18:00:00+00:00,2026-01-14 01:00:00+00:00,2,31,2026-01-12 12:00:00+00:00,2026-01-12 16:01:04+00:00,0.06333333333333334,0.1908038467168808
2026-01-12 18:00:00+00:00,2026-01-14 02:00:00+00:00,2,32,2026-01-12 12:00:00+00:00,2026-01-12 16:01:04+00:00,0.03166666666666667,0.14860560446977616
2026-01-12 18:00:00+00:00,2026-01-14 03:00:00+00:00,2,33,2026-01-12 12:00:00+00:00,2026-01-12 16:01:04+00:00,0.34833333333333333,0.11667608469724655
2026-01-12 18:00:00+00:00,2026-01-14 04:00:00+00:00,2,34,2026-01-12 12:00:00+00:00,2026-01-12 16:01:04+00:00,0.26333333333333336,0.10459522530436516
2026-01-12 18:00:00+00:00,2026-01-14 05:00:00+00:00,2,35,2026-01-12 12:00:00+00:00,2026-01-12 16:01:04+00:00,0.05666666666666667,0.09153037965297699
2026-01-12 18:00:00+00:00,2026-01-14 06:00:00+00:00,2,36,2026-01-12 12:00:00+00:00,2026-01-12 16:01:04+00:00,0.028333333333333332,0.07984774634242058
2026-01-12 18:00:00+00:00,2026-01-14 07:00:00+00:00,2,37,2026-01-12 12:00:00+00:00,2026-01-12 16:01:04+00:00,0.07,0.053894654102623465
2026-01-12 18:00:00+00:00,2026-01-14 08:00:00+00:00,2,38,2026-01-12 12:00:00+00:00,2026-01-12 16:01:04+00:00,0.125,0.04025445207953453
2026-01-12 18:00:00+00:00,2026-01-14 09:00:00+00:00,2,39,2026-01-12 12:00:00+00:00,2026-01-12 16:01:04+00:00,0.1366666666666667,0.03233033437281847
2026-01-12 18:00:00+00:00,2026-01-14 10:00:00+00:00,2,40,2026-01-12 12:00:00+00:00,2026-01-12 16:01:04+00:00,0.14833333333333334,0.031213327031582593
2026-01-12 18:00:00+00:00,2026-01-14 11:00:00+00:00,2,41,2026-01-12 12:00:00+00:00,2026-01-12 16:01:04+00:00,0.12,0.03074775356799364
2026-01-12 18:00:00+00:00,2026-01-14 12:00:00+00:00,2,42,2026-01-12 12:00:00+00:00,2026-01-12 16:01:04+00:00,0.16833333333333333,0.04344926131889224
2026-01-12 18:00:00+00:00,2026-01-14 13:00:00+00:00,2,43,2026-01-12 12:00:00+00:00,2026-01-12 16:01:04+00:00,0.13333333333333333,0.07034360188990832
2026-01-12 18:00:00+00:00,2026-01-14 14:00:00+00:00,2,44,2026-01-12 12:00:00+00:00,2026-01-12 16:01:04+00:00,0.1366666666666667,0.10270017571747303
2026-01-12 18:00:00+00:00,2026-01-14 15:00:00+00:00,2,45,2026-01-12 12:00:00+00:00,2026-01-12 16:01:04+00:00,0.205,0.14260307438671588
2026-01-12 18:00:00+00:00,2026-01-14 16:00:00+00:00,2,46,2026-01-12 12:00:00+00:00,2026-01-12 16:01:04+00:00,0.3666666666666667,0.1694508522748947
2026-01-12 18:00:00+00:00,2026-01-14 17:00:00+00:00,2,47,2026-01-12 12:00:00+00:00,2026-01-12 16:01:04+00:00,0.27666666666666667,0.2210405096411705
2026-01-12 18:00:00+00:00,2026-01-14 18:00:00+00:00,2,48,2026-01-12 12:00:00+00:00,2026-01-12 16:01:04+00:00,0.13333333333333333,0.2756769448518753
2026-01-13 18:00:00+00:00,2026-01-13 19:00:00+00:00,1,1,2026-01-13 12:00:00+00:00,2026-01-13 16:00:17+00:00,0.7583333333333333,0.3592910706996918
2026-01-13 18:00:00+00:00,2026-01-13 20:00:00+00:00,1,2,2026-01-13 12:00:00+00:00,2026-01-13 16:00:17+00:00,0.8383333333333334,0.359261816740036
2026-01-13 18:00:00+00:00,2026-01-13 21:00:00+00:00,1,3,2026-01-13 12:00:00+00:00,2026-01-13 16:00:17+00:00,0.935,0.3532467246055603
2026-01-13 18:00:00+00:00,2026-01-13 22:00:00+00:00,1,4,2026-01-13 12:00:00+00:00,2026-01-13 16:00:17+00:00,0.8633333333333333,0.33083011507987975
2026-01-13 18:00:00+00:00,2026-01-13 23:00:00+00:00,1,5,2026-01-13 12:00:00+00:00,2026-01-13 16:00:17+00:00,0.57,0.2999222695827484
2026-01-13 18:00:00+00:00,2026-01-14 00:00:00+00:00,1,6,2026-01-13 12:00:00+00:00,2026-01-13 16:00:17+00:00,0.36000000000000004,0.26417160630226133
2026-01-13 18:00:00+00:00,2026-01-14 01:00:00+00:00,1,7,2026-01-13 12:00:00+00:00,2026-01-13 16:00:17+00:00,0.09166666666666667,0.20808643698692322
2026-01-13 18:00:00+00:00,2026-01-14 02:00:00+00:00,1,8,2026-01-13 12:00:00+00:00,2026-01-13 16:00:17+00:00,0.036666666666666674,0.15739627182483673
2026-01-13 18:00:00+00:00,2026-01-14 03:00:00+00:00,1,9,2026-01-13 12:00:00+00:00,2026-01-13 16:00:17+00:00,0.31666666666666665,0.1166117787361145
2026-01-13 18:00:00+00:00,2026-01-14 04:00:00+00:00,1,10,2026-01-13 12:00:00+00:00,2026-01-13 16:00:17+00:00,0.26,0.07798418328166008
2026-01-13 18:00:00+00:00,2026-01-14 05:00:00+00:00,1,11,2026-01-13 12:00:00+00:00,2026-01-13 16:00:17+00:00,0.045000000000000005,0.054070285707712176
2026-01-13 18:00:00+00:00,2026-01-14 06:00:00+00:00,1,12,2026-01-13 12:00:00+00:00,2026-01-13 16:00:17+00:00,0.015,0.041773992031812666
2026-01-13 18:00:00+00:00,2026-01-14 07:00:00+00:00,1,13,2026-01-13 12:00:00+00:00,2026-01-13 16:00:17+00:00,0.06333333333333334,0.029150683991611005
2026-01-13 18:00:00+00:00,2026-01-14 08:00:00+00:00,1,14,2026-01-13 12:00:00+00:00,2026-01-13 16:00:17+00:00,0.11333333333333334,0.022985782101750375
2026-01-13 18:00:00+00:00,2026-01-14 09:00:00+00:00,1,15,2026-01-13 12:00:00+00:00,2026-01-13 16:00:17+00:00,0.1366666666666667,0.019388160109519957
2026-01-13 18:00:00+00:00,2026-01-14 10:00:00+00:00,1,16,2026-01-13 12:00:00+00:00,2026-01-13 16:00:17+00:00,0.17,0.018441138695925473
2026-01-13 18:00:00+00:00,2026-01-14 11:00:00+00:00,1,17,2026-01-13 12:00:00+00:00,2026-01-13 16:00:17+00:00,0.11499999999999999,0.026730776019394397
2026-01-13 18:00:00+00:00,2026-01-14 12:00:00+00:00,1,18,2026-01-13 12:00:00+00:00,2026-01-13 16:00:17+00:00,0.155,0.048847715556621554
2026-01-13 18:00:00+00:00,2026-01-14 13:00:00+00:00,1,19,2026-01-13 12:00:00+00:00,2026-01-13 16:00:17+00:00,0.14,0.10991956442594528
2026-01-13 18:00:00+00:00,2026-01-14 14:00:00+00:00,1,20,2026-01-13 12:00:00+00:00,2026-01-13 16:00:17+00:00,0.13333333333333333,0.2260085716843605
2026-01-13 18:00:00+00:00,2026-01-14 15:00:00+00:00,1,21,2026-01-13 12:00:00+00:00,2026-01-13 16:00:17+00:00,0.20000000000000004,0.37328748404979706
2026-01-13 18:00:00+00:00,2026-01-14 16:00:00+00:00,1,22,2026-01-13 12:00:00+00:00,2026-01-13 16:00:17+00:00,0.36166666666666664,0.4121676206588745
2026-01-13 18:00:00+00:00,2026-01-14 17:00:00+00:00,1,23,2026-01-13 12:00:00+00:00,2026-01-13 16:00:17+00:00,0.24,0.4386511743068695
2026-01-13 18:00:00+00:00,2026-01-14 18:00:00+00:00,1,24,2026-01-13 12:00:00+00:00,2026-01-13 16:00:17+00:00,0.10833333333333334,0.4524617910385132
2026-01-13 18:00:00+00:00,2026-01-14 19:00:00+00:00,1,25,2026-01-13 12:00:00+00:00,2026-01-13 16:00:17+00:00,0.04666666666666667,0.34037059247493745
2026-01-13 18:00:00+00:00,2026-01-14 20:00:00+00:00,1,26,2026-01-13 12:00:00+00:00,2026-01-13 16:00:17+00:00,0.02,0.2204791709780693
2026-01-13 18:00:00+00:00,2026-01-14 21:00:00+00:00,1,27,2026-01-13 12:00:00+00:00,2026-01-13 16:00:17+00:00,0.02,0.1267809309065342
2026-01-13 18:00:00+00:00,2026-01-14 22:00:00+00:00,1,28,2026-01-13 12:00:00+00:00,2026-01-13 16:00:17+00:00,0.011666666666666667,0.09188170284032822
2026-01-13 18:00:00+00:00,2026-01-14 23:00:00+00:00,1,29,2026-01-13 12:00:00+00:00,2026-01-13 16:00:17+00:00,0.01,0.06954852454364299
2026-01-13 18:00:00+00:00,2026-01-15 00:00:00+00:00,1,30,2026-01-13 12:00:00+00:00,2026-01-13 16:00:17+00:00,0.01,0.05565262846648693
2026-01-13 18:00:00+00:00,2026-01-15 01:00:00+00:00,1,31,2026-01-13 12:00:00+00:00,2026-01-13 16:00:17+00:00,0.01,0.03430019933730364
2026-01-13 18:00:00+00:00,2026-01-15 02:00:00+00:00,1,32,2026-01-13 12:00:00+00:00,2026-01-13 16:00:17+00:00,0.01,0.02380873989313841
2026-01-13 18:00:00+00:00,2026-01-15 03:00:00+00:00,1,33,2026-01-13 12:00:00+00:00,2026-01-13 16:00:17+00:00,0.01,0.01652132859453559
2026-01-13 18:00:00+00:00,2026-01-15 04:00:00+00:00,1,34,2026-01-13 12:00:00+00:00,2026-01-13 16:00:17+00:00,0.01,0.009566369489766658
2026-01-13 18:00:00+00:00,2026-01-15 05:00:00+00:00,1,35,2026-01-13 12:00:00+00:00,2026-01-13 16:00:17+00:00,0.01,0.013305557193234563
2026-01-13 18:00:00+00:00,2026-01-15 06:00:00+00:00,1,36,2026-01-13 12:00:00+00:00,2026-01-13 16:00:17+00:00,0.01,0.020663860999047757
2026-01-13 18:00:00+00:00,2026-01-15 07:00:00+00:00,1,37,2026-01-13 12:00:00+00:00,2026-01-13 16:00:17+00:00,0.01,0.03221868732944131
2026-01-13 18:00:00+00:00,2026-01-15 08:00:00+00:00,1,38,2026-01-13 12:00:00+00:00,2026-01-13 16:00:17+00:00,0.01,0.06401920802891255
2026-01-13 18:00:00+00:00,2026-01-15 09:00:00+00:00,1,39,2026-01-13 12:00:00+00:00,2026-01-13 16:00:17+00:00,0.01,0.16741145253181458
2026-01-13 18:00:00+00:00,2026-01-15 10:00:00+00:00,1,40,2026-01-13 12:00:00+00:00,2026-01-13 16:00:17+00:00,0.02,0.22334762215614318
2026-01-13 18:00:00+00:00,2026-01-15 11:00:00+00:00,1,41,2026-01-13 12:00:00+00:00,2026-01-13 16:00:17+00:00,0.04,0.2764976441860199
2026-01-13 18:00:00+00:00,2026-01-15 12:00:00+00:00,1,42,2026-01-13 12:00:00+00:00,2026-01-13 16:00:17+00:00,0.08333333333333333,0.31584689021110535
2026-01-13 18:00:00+00:00,2026-01-15 13:00:00+00:00,1,43,2026-01-13 12:00:00+00:00,2026-01-13 16:00:17+00:00,0.09166666666666667,0.16098621040582656
2026-01-13 18:00:00+00:00,2026-01-15 14:00:00+00:00,1,44,2026-01-13 12:00:00+00:00,2026-01-13 16:00:17+00:00,0.06333333333333334,0.08266066834330558
2026-01-13 18:00:00+00:00,2026-01-15 15:00:00+00:00,1,45,2026-01-13 12:00:00+00:00,2026-01-13 16:00:17+00:00,0.11333333333333334,0.04616028405725956
2026-01-13 18:00:00+00:00,2026-01-15 16:00:00+00:00,1,46,2026-01-13 12:00:00+00:00,2026-01-13 16:00:17+00:00,0.20833333333333334,0.0408363813534379
2026-01-13 18:00:00+00:00,2026-01-15 17:00:00+00:00,1,47,2026-01-13 12:00:00+00:00,2026-01-13 16:00:17+00:00,0.045000000000000005,0.035615237709134814
2026-01-13 18:00:00+00:00,2026-01-15 18:00:00+00:00,1,48,2026-01-13 12:00:00+00:00,2026-01-13 16:00:17+00:00,0.01,0.03024508263915777
2026-01-13 18:00:00+00:00,2026-01-13 19:00:00+00:00,2,1,2026-01-13 12:00:00+00:00,2026-01-13 16:00:17+00:00,0.7000000000000001,0.32895546555519106
2026-01-13 18:00:00+00:00,2026-01-13 20:00:00+00:00,2,2,2026-01-13 12:00:00+00:00,2026-01-13 16:00:17+00:00,0.79,0.32316102981567385
2026-01-13 18:00:00+00:00,2026-01-13 21:00:00+00:00,2,3,2026-01-13 12:00:00+00:00,2026-01-13 16:00:17+00:00,0.9133333333333332,0.31421393156051636
2026-01-13 18:00:00+00:00,2026-01-13 22:00:00+00:00,2,4,2026-01-13 12:00:00+00:00,2026-01-13 16:00:17+00:00,0.7583333333333333,0.2924125075340271
2026-01-13 18:00:00+00:00,2026-01-13 23:00:00+00:00,2,5,2026-01-13 12:00:00+00:00,2026-01-13 16:00:17+00:00,0.5,0.26362634003162383
2026-01-13 18:00:00+00:00,2026-01-14 00:00:00+00:00,2,6,2026-01-13 12:00:00+00:00,2026-01-13 16:00:17+00:00,0.3,0.23218733966350555
2026-01-13 18:00:00+00:00,2026-01-14 01:00:00+00:00,2,7,2026-01-13 12:00:00+00:00,2026-01-13 16:00:17+00:00,0.06333333333333334,0.18205443322658538
2026-01-13 18:00:00+00:00,2026-01-14 02:00:00+00:00,2,8,2026-01-13 12:00:00+00:00,2026-01-13 16:00:17+00:00,0.03166666666666667,0.13979648649692536
2026-01-13 18:00:00+00:00,2026-01-14 03:00:00+00:00,2,9,2026-01-13 12:00:00+00:00,2026-01-13 16:00:17+00:00,0.34833333333333333,0.10811911374330521
2026-01-13 18:00:00+00:00,2026-01-14 04:00:00+00:00,2,10,2026-01-13 12:00:00+00:00,2026-01-13 16:00:17+00:00,0.26333333333333336,0.07451028153300285
2026-01-13 18:00:00+00:00,2026-01-14 05:00:00+00:00,2,11,2026-01-13 12:00:00+00:00,2026-01-13 16:00:17+00:00,0.05666666666666667,0.052177231013774875
2026-01-13 18:00:00+00:00,2026-01-14 06:00:00+00:00,2,12,2026-01-13 12:00:00+00:00,2026-01-13 16:00:17+00:00,0.028333333333333332,0.04115359373390674
2026-01-13 18:00:00+00:00,2026-01-14 07:00:00+00:00,2,13,2026-01-13 12:00:00+00:00,2026-01-13 16:00:17+00:00,0.07,0.027701148949563503
2026-01-13 18:00:00+00:00,2026-01-14 08:00:00+00:00,2,14,2026-01-13 12:00:00+00:00,2026-01-13 16:00:17+00:00,0.125,0.021587058342993258
2026-01-13 18:00:00+00:00,2026-01-14 09:00:00+00:00,2,15,2026-01-13 12:00:00+00:00,2026-01-13 16:00:17+00:00,0.1366666666666667,0.017771177086979152
2026-01-13 18:00:00+00:00,2026-01-14 10:00:00+00:00,2,16,2026-01-13 12:00:00+00:00,2026-01-13 16:00:17+00:00,0.14833333333333334,0.016775573883205653
2026-01-13 18:00:00+00:00,2026-01-14 11:00:00+00:00,2,17,2026-01-13 12:00:00+00:00,2026-01-13 16:00:17+00:00,0.12,0.02458463851362467
2026-01-13 18:00:00+00:00,2026-01-14 12:00:00+00:00,2,18,2026-01-13 12:00:00+00:00,2026-01-13 16:00:17+00:00,0.16833333333333333,0.04728342927992344
2026-01-13 18:00:00+00:00,2026-01-14 13:00:00+00:00,2,19,2026-01-13 12:00:00+00:00,2026-01-13 16:00:17+00:00,0.13333333333333333,0.10494085997343064
2026-01-13 18:00:00+00:00,2026-01-14 14:00:00+00:00,2,20,2026-01-13 12:00:00+00:00,2026-01-13 16:00:17+00:00,0.1366666666666667,0.2172781392931938
2026-01-13 18:00:00+00:00,2026-01-14 15:00:00+00:00,2,21,2026-01-13 12:00:00+00:00,2026-01-13 16:00:17+00:00,0.205,0.362177649140358
2026-01-13 18:00:00+00:00,2026-01-14 16:00:00+00:00,2,22,2026-01-13 12:00:00+00:00,2026-01-13 16:00:17+00:00,0.3666666666666667,0.3975468695163727
2026-01-13 18:00:00+00:00,2026-01-14 17:00:00+00:00,2,23,2026-01-13 12:00:00+00:00,2026-01-13 16:00:17+00:00,0.27666666666666667,0.42367679476737974
2026-01-13 18:00:00+00:00,2026-01-14 18:00:00+00:00,2,24,2026-01-13 12:00:00+00:00,2026-01-13 16:00:17+00:00,0.13333333333333333,0.4373887598514557
2026-01-13 18:00:00+00:00,2026-01-14 19:00:00+00:00,2,25,2026-01-13 12:00:00+00:00,2026-01-13 16:00:17+00:00,0.06,0.3264093786478043
2026-01-13 18:00:00+00:00,2026-01-14 20:00:00+00:00,2,26,2026-01-13 12:00:00+00:00,2026-01-13 16:00:17+00:00,0.02,0.2074734166264534
2026-01-13 18:00:00+00:00,2026-01-14 21:00:00+00:00,2,27,2026-01-13 12:00:00+00:00,2026-01-13 16:00:17+00:00,0.011666666666666667,0.11709908843040466
2026-01-13 18:00:00+00:00,2026-01-14 22:00:00+00:00,2,28,2026-01-13 12:00:00+00:00,2026-01-13 16:00:17+00:00,0.011666666666666667,0.0842706523835659
2026-01-13 18:00:00+00:00,2026-01-14 23:00:00+00:00,2,29,2026-01-13 12:00:00+00:00,2026-01-13 16:00:17+00:00,0.01,0.06374390274286271
2026-01-13 18:00:00+00:00,2026-01-15 00:00:00+00:00,2,30,2026-01-13 12:00:00+00:00,2026-01-13 16:00:17+00:00,0.01,0.05197625048458576
2026-01-13 18:00:00+00:00,2026-01-15 01:00:00+00:00,2,31,2026-01-13 12:00:00+00:00,2026-01-13 16:00:17+00:00,0.01,0.0322481207549572
2026-01-13 18:00:00+00:00,2026-01-15 02:00:00+00:00,2,32,2026-01-13 12:00:00+00:00,2026-01-13 16:00:17+00:00,0.01,0.021850513108074666
2026-01-13 18:00:00+00:00,2026-01-15 03:00:00+00:00,2,33,2026-01-13 12:00:00+00:00,2026-01-13 16:00:17+00:00,0.01,0.015025653596967458
2026-01-13 18:00:00+00:00,2026-01-15 04:00:00+00:00,2,34,2026-01-13 12:00:00+00:00,2026-01-13 16:00:17+00:00,0.01,0.008341425214894116
2026-01-13 18:00:00+00:00,2026-01-15 05:00:00+00:00,2,35,2026-01-13 12:00:00+00:00,2026-01-13 16:00:17+00:00,0.01,0.011611766717396676
2026-01-13 18:00:00+00:00,2026-01-15 06:00:00+00:00,2,36,2026-01-13 12:00:00+00:00,2026-01-13 16:00:17+00:00,0.01,0.018167466716840865
2026-01-13 18:00:00+00:00,2026-01-15 07:00:00+00:00,2,37,2026-01-13 12:00:00+00:00,2026-01-13 16:00:17+00:00,0.01,0.02892319718375802
2026-01-13 18:00:00+00:00,2026-01-15 08:00:00+00:00,2,38,2026-01-13 12:00:00+00:00,2026-01-13 16:00:17+00:00,0.01,0.05986165665090084
2026-01-13 18:00:00+00:00,2026-01-15 09:00:00+00:00,2,39,2026-01-13 12:00:00+00:00,2026-01-13 16:00:17+00:00,0.005,0.16360511183738707
2026-01-13 18:00:00+00:00,2026-01-15 10:00:00+00:00,2,40,2026-01-13 12:00:00+00:00,2026-01-13 16:00:17+00:00,0.024999999999999998,0.21634791493415834
2026-01-13 18:00:00+00:00,2026-01-15 11:00:00+00:00,2,41,2026-01-13 12:00:00+00:00,2026-01-13 16:00:17+00:00,0.04833333333333334,0.26978921592235566
2026-01-13 18:00:00+00:00,2026-01-15 12:00:00+00:00,2,42,2026-01-13 12:00:00+00:00,2026-01-13 16:00:17+00:00,0.08666666666666667,0.3078882932662964
2026-01-13 18:00:00+00:00,2026-01-15 13:00:00+00:00,2,43,2026-01-13 12:00:00+00:00,2026-01-13 16:00:17+00:00,0.10333333333333333,0.1487305536866188
2026-01-13 18:00:00+00:00,2026-01-15 14:00:00+00:00,2,44,2026-01-13 12:00:00+00:00,2026-01-13 16:00:17+00:00,0.05666666666666667,0.07325688190758228
2026-01-13 18:00:00+00:00,2026-01-15 15:00:00+00:00,2,45,2026-01-13 12:00:00+00:00,2026-01-13 16:00:17+00:00,0.11166666666666665,0.040888617001473906
2026-01-13 18:00:00+00:00,2026-01-15 16:00:00+00:00,2,46,2026-01-13 12:00:00+00:00,2026-01-13 16:00:17+00:00,0.28833333333333333,0.03584809247404337
2026-01-13 18:00:00+00:00,2026-01-15 17:00:00+00:00,2,47,2026-01-13 12:00:00+00:00,2026-01-13 16:00:17+00:00,0.056666666666666664,0.03126911018043756
2026-01-13 18:00:00+00:00,2026-01-15 18:00:00+00:00,2,48,2026-01-13 12:00:00+00:00,2026-01-13 16:00:17+00:00,0.006666666666666667,0.02606415841728449
2026-01-14 18:00:00+00:00,2026-01-14 19:00:00+00:00,1,1,2026-01-14 12:00:00+00:00,2026-01-14 16:00:48+00:00,0.04666666666666667,0.272961699962616
2026-01-14 18:00:00+00:00,2026-01-14 20:00:00+00:00,1,2,2026-01-14 12:00:00+00:00,2026-01-14 16:00:48+00:00,0.02,0.19223255962133406
2026-01-14 18:00:00+00:00,2026-01-14 21:00:00+00:00,1,3,2026-01-14 12:00:00+00:00,2026-01-14 16:00:48+00:00,0.02,0.12266546785831452
2026-01-14 18:00:00+00:00,2026-01-14 22:00:00+00:00,1,4,2026-01-14 12:00:00+00:00,2026-01-14 16:00:48+00:00,0.011666666666666667,0.10129171535372734
2026-01-14 18:00:00+00:00,2026-01-14 23:00:00+00:00,1,5,2026-01-14 12:00:00+00:00,2026-01-14 16:00:48+00:00,0.01,0.0798665888607502
2026-01-14 18:00:00+00:00,2026-01-15 00:00:00+00:00,1,6,2026-01-14 12:00:00+00:00,2026-01-14 16:00:48+00:00,0.01,0.06618811041116715
2026-01-14 18:00:00+00:00,2026-01-15 01:00:00+00:00,1,7,2026-01-14 12:00:00+00:00,2026-01-14 16:00:48+00:00,0.01,0.038321036100387576
2026-01-14 18:00:00+00:00,2026-01-15 02:00:00+00:00,1,8,2026-01-14 12:00:00+00:00,2026-01-14 16:00:48+00:00,0.01,0.02523723728954792
2026-01-14 18:00:00+00:00,2026-01-15 03:00:00+00:00,1,9,2026-01-14 12:00:00+00:00,2026-01-14 16:00:48+00:00,0.01,0.017513668909668923
2026-01-14 18:00:00+00:00,2026-01-15 04:00:00+00:00,1,10,2026-01-14 12:00:00+00:00,2026-01-14 16:00:48+00:00,0.01,0.012100673606619239
2026-01-14 18:00:00+00:00,2026-01-15 05:00:00+00:00,1,11,2026-01-14 12:00:00+00:00,2026-01-14 16:00:48+00:00,0.01,0.011432572221383452
2026-01-14 18:00:00+00:00,2026-01-15 06:00:00+00:00,1,12,2026-01-14 12:00:00+00:00,2026-01-14 16:00:48+00:00,0.01,0.014526218990795314
2026-01-14 18:00:00+00:00,2026-01-15 07:00:00+00:00,1,13,2026-01-14 12:00:00+00:00,2026-01-14 16:00:48+00:00,0.01,0.021461139246821404
2026-01-14 18:00:00+00:00,2026-01-15 08:00:00+00:00,1,14,2026-01-14 12:00:00+00:00,2026-01-14 16:00:48+00:00,0.01,0.03763243593275547
2026-01-14 18:00:00+00:00,2026-01-15 09:00:00+00:00,1,15,2026-01-14 12:00:00+00:00,2026-01-14 16:00:48+00:00,0.01,0.08396554291248322
2026-01-14 18:00:00+00:00,2026-01-15 10:00:00+00:00,1,16,2026-01-14 12:00:00+00:00,2026-01-14 16:00:48+00:00,0.02,0.11071186810731888
2026-01-14 18:00:00+00:00,2026-01-15 11:00:00+00:00,1,17,2026-01-14 12:00:00+00:00,2026-01-14 16:00:48+00:00,0.04,0.14738345742225648
2026-01-14 18:00:00+00:00,2026-01-15 12:00:00+00:00,1,18,2026-01-14 12:00:00+00:00,2026-01-14 16:00:48+00:00,0.08333333333333333,0.18338712453842163
2026-01-14 18:00:00+00:00,2026-01-15 13:00:00+00:00,1,19,2026-01-14 12:00:00+00:00,2026-01-14 16:00:48+00:00,0.09166666666666667,0.2776639938354492
2026-01-14 18:00:00+00:00,2026-01-15 14:00:00+00:00,1,20,2026-01-14 12:00:00+00:00,2026-01-14 16:00:48+00:00,0.06333333333333334,0.3952743113040924
2026-01-14 18:00:00+00:00,2026-01-15 15:00:00+00:00,1,21,2026-01-14 12:00:00+00:00,2026-01-14 16:00:48+00:00,0.11333333333333334,0.5065728485584259
2026-01-14 18:00:00+00:00,2026-01-15 16:00:00+00:00,1,22,2026-01-14 12:00:00+00:00,2026-01-14 16:00:48+00:00,0.20833333333333334,0.3688611686229706
2026-01-14 18:00:00+00:00,2026-01-15 17:00:00+00:00,1,23,2026-01-14 12:00:00+00:00,2026-01-14 16:00:48+00:00,0.045000000000000005,0.24518437385559083
2026-01-14 18:00:00+00:00,2026-01-15 18:00:00+00:00,1,24,2026-01-14 12:00:00+00:00,2026-01-14 16:00:48+00:00,0.01,0.1662325829267502
2026-01-14 18:00:00+00:00,2026-01-15 19:00:00+00:00,1,25,2026-01-14 12:00:00+00:00,2026-01-14 16:00:48+00:00,0.09500000000000001,0.07747383415699005
2026-01-14 18:00:00+00:00,2026-01-15 20:00:00+00:00,1,26,2026-01-14 12:00:00+00:00,2026-01-14 16:00:48+00:00,0.13833333333333334,0.04408594155684113
2026-01-14 18:00:00+00:00,2026-01-15 21:00:00+00:00,1,27,2026-01-14 12:00:00+00:00,2026-01-14 16:00:48+00:00,0.07333333333333333,0.07616650741547346
2026-01-14 18:00:00+00:00,2026-01-15 22:00:00+00:00,1,28,2026-01-14 12:00:00+00:00,2026-01-14 16:00:48+00:00,0.049999999999999996,0.080601005256176
2026-01-14 18:00:00+00:00,2026-01-15 23:00:00+00:00,1,29,2026-01-14 12:00:00+00:00,2026-01-14 16:00:48+00:00,0.04,0.09616667069494725
2026-01-14 18:00:00+00:00,2026-01-16 00:00:00+00:00,1,30,2026-01-14 12:00:00+00:00,2026-01-14 16:00:48+00:00,0.013333333333333334,0.1294410452246666
2026-01-14 18:00:00+00:00,2026-01-16 01:00:00+00:00,1,31,2026-01-14 12:00:00+00:00,2026-01-14 16:00:48+00:00,0.03166666666666667,0.16515368297696115
2026-01-14 18:00:00+00:00,2026-01-16 02:00:00+00:00,1,32,2026-01-14 12:00:00+00:00,2026-01-14 16:00:48+00:00,0.02,0.20073394030332564
2026-01-14 18:00:00+00:00,2026-01-16 03:00:00+00:00,1,33,2026-01-14 12:00:00+00:00,2026-01-14 16:00:48+00:00,0.03,0.24142615050077437
2026-01-14 18:00:00+00:00,2026-01-16 04:00:00+00:00,1,34,2026-01-14 12:00:00+00:00,2026-01-14 16:00:48+00:00,0.07166666666666667,0.2922010511159897
2026-01-14 18:00:00+00:00,2026-01-16 05:00:00+00:00,1,35,2026-01-14 12:00:00+00:00,2026-01-14 16:00:48+00:00,0.016666666666666666,0.34822766184806825
2026-01-14 18:00:00+00:00,2026-01-16 06:00:00+00:00,1,36,2026-01-14 12:00:00+00:00,2026-01-14 16:00:48+00:00,0.04833333333333333,0.40715689957141876
2026-01-14 18:00:00+00:00,2026-01-16 07:00:00+00:00,1,37,2026-01-14 12:00:00+00:00,2026-01-14 16:00:48+00:00,0.04,0.4429460376501083
2026-01-14 18:00:00+00:00,2026-01-16 08:00:00+00:00,1,38,2026-01-14 12:00:00+00:00,2026-01-14 16:00:48+00:00,0.09000000000000001,0.4966878563165665
2026-01-14 18:00:00+00:00,2026-01-16 09:00:00+00:00,1,39,2026-01-14 12:00:00+00:00,2026-01-14 16:00:48+00:00,0.22999999999999998,0.5623926401138306
2026-01-14 18:00:00+00:00,2026-01-16 10:00:00+00:00,1,40,2026-01-14 12:00:00+00:00,2026-01-14 16:00:48+00:00,0.3833333333333333,0.678345674276352
2026-01-14 18:00:00+00:00,2026-01-16 11:00:00+00:00,1,41,2026-01-14 12:00:00+00:00,2026-01-14 16:00:48+00:00,0.375,0.821714985370636
2026-01-14 18:00:00+00:00,2026-01-16 12:00:00+00:00,1,42,2026-01-14 12:00:00+00:00,2026-01-14 16:00:48+00:00,0.4466666666666667,0.9130256056785584
2026-01-14 18:00:00+00:00,2026-01-16 13:00:00+00:00,1,43,2026-01-14 12:00:00+00:00,2026-01-14 16:00:48+00:00,0.605,0.9349067568778991
2026-01-14 18:00:00+00:00,2026-01-16 14:00:00+00:00,1,44,2026-01-14 12:00:00+00:00,2026-01-14 16:00:48+00:00,0.7666666666666666,0.9501979947090149
2026-01-14 18:00:00+00:00,2026-01-16 15:00:00+00:00,1,45,2026-01-14 12:00:00+00:00,2026-01-14 16:00:48+00:00,0.9716666666666667,0.9608023166656494
2026-01-14 18:00:00+00:00,2026-01-16 16:00:00+00:00,1,46,2026-01-14 12:00:00+00:00,2026-01-14 16:00:48+00:00,0.9283333333333333,0.962401020526886
2026-01-14 18:00:00+00:00,2026-01-16 17:00:00+00:00,1,47,2026-01-14 12:00:00+00:00,2026-01-14 16:00:48+00:00,0.8766666666666666,0.9637742161750793
2026-01-14 18:00:00+00:00,2026-01-16 18:00:00+00:00,1,48,2026-01-14 12:00:00+00:00,2026-01-14 16:00:48+00:00,0.85,0.9644548892974854
2026-01-14 18:00:00+00:00,2026-01-14 19:00:00+00:00,2,1,2026-01-14 12:00:00+00:00,2026-01-14 16:00:48+00:00,0.06,0.2694265007972717
2026-01-14 18:00:00+00:00,2026-01-14 20:00:00+00:00,2,2,2026-01-14 12:00:00+00:00,2026-01-14 16:00:48+00:00,0.02,0.18767290711402893
2026-01-14 18:00:00+00:00,2026-01-14 21:00:00+00:00,2,3,2026-01-14 12:00:00+00:00,2026-01-14 16:00:48+00:00,0.011666666666666667,0.11682549118995667
2026-01-14 18:00:00+00:00,2026-01-14 22:00:00+00:00,2,4,2026-01-14 12:00:00+00:00,2026-01-14 16:00:48+00:00,0.011666666666666667,0.09666169062256813
2026-01-14 18:00:00+00:00,2026-01-14 23:00:00+00:00,2,5,2026-01-14 12:00:00+00:00,2026-01-14 16:00:48+00:00,0.01,0.07488077394664287
2026-01-14 18:00:00+00:00,2026-01-15 00:00:00+00:00,2,6,2026-01-14 12:00:00+00:00,2026-01-14 16:00:48+00:00,0.01,0.06263158470392227
2026-01-14 18:00:00+00:00,2026-01-15 01:00:00+00:00,2,7,2026-01-14 12:00:00+00:00,2026-01-14 16:00:48+00:00,0.01,0.036592111364006995
2026-01-14 18:00:00+00:00,2026-01-15 02:00:00+00:00,2,8,2026-01-14 12:00:00+00:00,2026-01-14 16:00:48+00:00,0.01,0.023779009841382502
2026-01-14 18:00:00+00:00,2026-01-15 03:00:00+00:00,2,9,2026-01-14 12:00:00+00:00,2026-01-14 16:00:48+00:00,0.01,0.016335294116288424
2026-01-14 18:00:00+00:00,2026-01-15 04:00:00+00:00,2,10,2026-01-14 12:00:00+00:00,2026-01-14 16:00:48+00:00,0.01,0.01117710662074387
2026-01-14 18:00:00+00:00,2026-01-15 05:00:00+00:00,2,11,2026-01-14 12:00:00+00:00,2026-01-14 16:00:48+00:00,0.01,0.010526152211241424
2026-01-14 18:00:00+00:00,2026-01-15 06:00:00+00:00,2,12,2026-01-14 12:00:00+00:00,2026-01-14 16:00:48+00:00,0.01,0.013350199814885855
2026-01-14 18:00:00+00:00,2026-01-15 07:00:00+00:00,2,13,2026-01-14 12:00:00+00:00,2026-01-14 16:00:48+00:00,0.01,0.019813419412821533
2026-01-14 18:00:00+00:00,2026-01-15 08:00:00+00:00,2,14,2026-01-14 12:00:00+00:00,2026-01-14 16:00:48+00:00,0.01,0.035481388308107854
2026-01-14 18:00:00+00:00,2026-01-15 09:00:00+00:00,2,15,2026-01-14 12:00:00+00:00,2026-01-14 16:00:48+00:00,0.005,0.08462600111961364
2026-01-14 18:00:00+00:00,2026-01-15 10:00:00+00:00,2,16,2026-01-14 12:00:00+00:00,2026-01-14 16:00:48+00:00,0.024999999999999998,0.11055762767791748
2026-01-14 18:00:00+00:00,2026-01-15 11:00:00+00:00,2,17,2026-01-14 12:00:00+00:00,2026-01-14 16:00:48+00:00,0.04833333333333334,0.1456032007932663
2026-01-14 18:00:00+00:00,2026-01-15 12:00:00+00:00,2,18,2026-01-14 12:00:00+00:00,2026-01-14 16:00:48+00:00,0.08666666666666667,0.17902511954307557
2026-01-14 18:00:00+00:00,2026-01-15 13:00:00+00:00,2,19,2026-01-14 12:00:00+00:00,2026-01-14 16:00:48+00:00,0.10333333333333333,0.2696917772293091
2026-01-14 18:00:00+00:00,2026-01-15 14:00:00+00:00,2,20,2026-01-14 12:00:00+00:00,2026-01-14 16:00:48+00:00,0.05666666666666667,0.3829634368419647
2026-01-14 18:00:00+00:00,2026-01-15 15:00:00+00:00,2,21,2026-01-14 12:00:00+00:00,2026-01-14 16:00:48+00:00,0.11166666666666665,0.4931164622306824
2026-01-14 18:00:00+00:00,2026-01-15 16:00:00+00:00,2,22,2026-01-14 12:00:00+00:00,2026-01-14 16:00:48+00:00,0.28833333333333333,0.3435909867286682
2026-01-14 18:00:00+00:00,2026-01-15 17:00:00+00:00,2,23,2026-01-14 12:00:00+00:00,2026-01-14 16:00:48+00:00,0.056666666666666664,0.2192769467830658
2026-01-14 18:00:00+00:00,2026-01-15 18:00:00+00:00,2,24,2026-01-14 12:00:00+00:00,2026-01-14 16:00:48+00:00,0.006666666666666667,0.14515649378299714
2026-01-14 18:00:00+00:00,2026-01-15 19:00:00+00:00,2,25,2026-01-14 12:00:00+00:00,2026-01-14 16:00:48+00:00,0.09833333333333334,0.06561978086829186
2026-01-14 18:00:00+00:00,2026-01-15 20:00:00+00:00,2,26,2026-01-14 12:00:00+00:00,2026-01-14 16:00:48+00:00,0.14,0.037679797224700454
2026-01-14 18:00:00+00:00,2026-01-15 21:00:00+00:00,2,27,2026-01-14 12:00:00+00:00,2026-01-14 16:00:48+00:00,0.08333333333333333,0.06779444087296724
2026-01-14 18:00:00+00:00,2026-01-15 22:00:00+00:00,2,28,2026-01-14 12:00:00+00:00,2026-01-14 16:00:48+00:00,0.04833333333333333,0.07127394368872046
2026-01-14 18:00:00+00:00,2026-01-15 23:00:00+00:00,2,29,2026-01-14 12:00:00+00:00,2026-01-14 16:00:48+00:00,0.03666666666666667,0.08580956682562828
2026-01-14 18:00:00+00:00,2026-01-16 00:00:00+00:00,2,30,2026-01-14 12:00:00+00:00,2026-01-14 16:00:48+00:00,0.013333333333333334,0.11963042318820953
2026-01-14 18:00:00+00:00,2026-01-16 01:00:00+00:00,2,31,2026-01-14 12:00:00+00:00,2026-01-14 16:00:48+00:00,0.041666666666666664,0.15724222958087922
2026-01-14 18:00:00+00:00,2026-01-16 02:00:00+00:00,2,32,2026-01-14 12:00:00+00:00,2026-01-14 16:00:48+00:00,0.02666666666666667,0.2001987427473068
2026-01-14 18:00:00+00:00,2026-01-16 03:00:00+00:00,2,33,2026-01-14 12:00:00+00:00,2026-01-14 16:00:48+00:00,0.018333333333333333,0.2402949035167694
2026-01-14 18:00:00+00:00,2026-01-16 04:00:00+00:00,2,34,2026-01-14 12:00:00+00:00,2026-01-14 16:00:48+00:00,0.02666666666666667,0.29030662775039673
2026-01-14 18:00:00+00:00,2026-01-16 05:00:00+00:00,2,35,2026-01-14 12:00:00+00:00,2026-01-14 16:00:48+00:00,0.02666666666666667,0.3452503368258476
2026-01-14 18:00:00+00:00,2026-01-16 06:00:00+00:00,2,36,2026-01-14 12:00:00+00:00,2026-01-14 16:00:48+00:00,0.024999999999999998,0.4071047276258469
2026-01-14 18:00:00+00:00,2026-01-16 07:00:00+00:00,2,37,2026-01-14 12:00:00+00:00,2026-01-14 16:00:48+00:00,0.03666666666666667,0.4457642287015915
2026-01-14 18:00:00+00:00,2026-01-16 08:00:00+00:00,2,38,2026-01-14 12:00:00+00:00,2026-01-14 16:00:48+00:00,0.105,0.49714342653751376
2026-01-14 18:00:00+00:00,2026-01-16 09:00:00+00:00,2,39,2026-01-14 12:00:00+00:00,2026-01-14 16:00:48+00:00,0.215,0.5591582715511322
2026-01-14 18:00:00+00:00,2026-01-16 10:00:00+00:00,2,40,2026-01-14 12:00:00+00:00,2026-01-14 16:00:48+00:00,0.4283333333333333,0.6602815926074982
2026-01-14 18:00:00+00:00,2026-01-16 11:00:00+00:00,2,41,2026-01-14 12:00:00+00:00,2026-01-14 16:00:48+00:00,0.455,0.7851387023925781
2026-01-14 18:00:00+00:00,2026-01-16 12:00:00+00:00,2,42,2026-01-14 12:00:00+00:00,2026-01-14 16:00:48+00:00,0.45,0.8933342099189758
2026-01-14 18:00:00+00:00,2026-01-16 13:00:00+00:00,2,43,2026-01-14 12:00:00+00:00,2026-01-14 16:00:48+00:00,0.6716666666666667,0.9200387835502625
2026-01-14 18:00:00+00:00,2026-01-16 14:00:00+00:00,2,44,2026-01-14 12:00:00+00:00,2026-01-14 16:00:48+00:00,0.7916666666666666,0.9390894174575806
2026-01-14 18:00:00+00:00,2026-01-16 15:00:00+00:00,2,45,2026-01-14 12:00:00+00:00,2026-01-14 16:00:48+00:00,0.91,0.9522493362426758
2026-01-14 18:00:00+00:00,2026-01-16 16:00:00+00:00,2,46,2026-01-14 12:00:00+00:00,2026-01-14 16:00:48+00:00,0.8883333333333333,0.9552405953407288
2026-01-14 18:00:00+00:00,2026-01-16 17:00:00+00:00,2,47,2026-01-14 12:00:00+00:00,2026-01-14 16:00:48+00:00,0.9233333333333333,0.9575684070587158
2026-01-14 18:00:00+00:00,2026-01-16 18:00:00+00:00,2,48,2026-01-14 12:00:00+00:00,2026-01-14 16:00:48+00:00,0.7833333333333333,0.9586737155914307
2026-01-15 18:00:00+00:00,2026-01-15 19:00:00+00:00,1,1,2026-01-15 12:00:00+00:00,2026-01-15 16:00:43+00:00,0.09500000000000001,0.05769658833742142
2026-01-15 18:00:00+00:00,2026-01-15 20:00:00+00:00,1,2,2026-01-15 12:00:00+00:00,2026-01-15 16:00:43+00:00,0.13833333333333334,0.026469494216144085
2026-01-15 18:00:00+00:00,2026-01-15 21:00:00+00:00,1,3,2026-01-15 12:00:00+00:00,2026-01-15 16:00:43+00:00,0.07333333333333333,0.0187410389771685
2026-01-15 18:00:00+00:00,2026-01-15 22:00:00+00:00,1,4,2026-01-15 12:00:00+00:00,2026-01-15 16:00:43+00:00,0.049999999999999996,0.04712976459413767
2026-01-15 18:00:00+00:00,2026-01-15 23:00:00+00:00,1,5,2026-01-15 12:00:00+00:00,2026-01-15 16:00:43+00:00,0.04,0.05528486240655184
2026-01-15 18:00:00+00:00,2026-01-16 00:00:00+00:00,1,6,2026-01-15 12:00:00+00:00,2026-01-15 16:00:43+00:00,0.013333333333333334,0.06898021176457406
2026-01-15 18:00:00+00:00,2026-01-16 01:00:00+00:00,1,7,2026-01-15 12:00:00+00:00,2026-01-15 16:00:43+00:00,0.03166666666666667,0.09940289333462715
2026-01-15 18:00:00+00:00,2026-01-16 02:00:00+00:00,1,8,2026-01-15 12:00:00+00:00,2026-01-15 16:00:43+00:00,0.02,0.09207683950662612
2026-01-15 18:00:00+00:00,2026-01-16 03:00:00+00:00,1,9,2026-01-15 12:00:00+00:00,2026-01-15 16:00:43+00:00,0.03,0.09081392399966717
2026-01-15 18:00:00+00:00,2026-01-16 04:00:00+00:00,1,10,2026-01-15 12:00:00+00:00,2026-01-15 16:00:43+00:00,0.07166666666666667,0.1311382047832012
2026-01-15 18:00:00+00:00,2026-01-16 05:00:00+00:00,1,11,2026-01-15 12:00:00+00:00,2026-01-15 16:00:43+00:00,0.016666666666666666,0.17996556013822557
2026-01-15 18:00:00+00:00,2026-01-16 06:00:00+00:00,1,12,2026-01-15 12:00:00+00:00,2026-01-15 16:00:43+00:00,0.04833333333333333,0.23367025554180146
2026-01-15 18:00:00+00:00,2026-01-16 07:00:00+00:00,1,13,2026-01-15 12:00:00+00:00,2026-01-15 16:00:43+00:00,0.04,0.26346566826105117
2026-01-15 18:00:00+00:00,2026-01-16 08:00:00+00:00,1,14,2026-01-15 12:00:00+00:00,2026-01-15 16:00:43+00:00,0.09000000000000001,0.2980929672718048
2026-01-15 18:00:00+00:00,2026-01-16 09:00:00+00:00,1,15,2026-01-15 12:00:00+00:00,2026-01-15 16:00:43+00:00,0.22999999999999998,0.34092510789632796
2026-01-15 18:00:00+00:00,2026-01-16 10:00:00+00:00,1,16,2026-01-15 12:00:00+00:00,2026-01-15 16:00:43+00:00,0.3833333333333333,0.41255391836166383
2026-01-15 18:00:00+00:00,2026-01-16 11:00:00+00:00,1,17,2026-01-15 12:00:00+00:00,2026-01-15 16:00:43+00:00,0.375,0.4982779026031494
2026-01-15 18:00:00+00:00,2026-01-16 12:00:00+00:00,1,18,2026-01-15 12:00:00+00:00,2026-01-15 16:00:43+00:00,0.4466666666666667,0.6218752920627594
2026-01-15 18:00:00+00:00,2026-01-16 13:00:00+00:00,1,19,2026-01-15 12:00:00+00:00,2026-01-15 16:00:43+00:00,0.605,0.6997636318206787
2026-01-15 18:00:00+00:00,2026-01-16 14:00:00+00:00,1,20,2026-01-15 12:00:00+00:00,2026-01-15 16:00:43+00:00,0.7666666666666666,0.7644148111343384
2026-01-15 18:00:00+00:00,2026-01-16 15:00:00+00:00,1,21,2026-01-15 12:00:00+00:00,2026-01-15 16:00:43+00:00,0.9716666666666667,0.814328646659851
2026-01-15 18:00:00+00:00,2026-01-16 16:00:00+00:00,1,22,2026-01-15 12:00:00+00:00,2026-01-15 16:00:43+00:00,0.9283333333333333,0.9133962512016296
2026-01-15 18:00:00+00:00,2026-01-16 17:00:00+00:00,1,23,2026-01-15 12:00:00+00:00,2026-01-15 16:00:43+00:00,0.8766666666666666,0.9574310421943665
2026-01-15 18:00:00+00:00,2026-01-16 18:00:00+00:00,1,24,2026-01-15 12:00:00+00:00,2026-01-15 16:00:43+00:00,0.85,0.9764818549156189
2026-01-15 18:00:00+00:00,2026-01-16 19:00:00+00:00,1,25,2026-01-15 12:00:00+00:00,2026-01-15 16:00:43+00:00,0.9683333333333334,0.9821192383766174
2026-01-15 18:00:00+00:00,2026-01-16 20:00:00+00:00,1,26,2026-01-15 12:00:00+00:00,2026-01-15 16:00:43+00:00,0.96,0.9862423419952393
2026-01-15 18:00:00+00:00,2026-01-16 21:00:00+00:00,1,27,2026-01-15 12:00:00+00:00,2026-01-15 16:00:43+00:00,0.895,0.9894240379333497
2026-01-15 18:00:00+00:00,2026-01-16 22:00:00+00:00,1,28,2026-01-15 12:00:00+00:00,2026-01-15 16:00:43+00:00,0.8250000000000001,0.9922139644622803
2026-01-15 18:00:00+00:00,2026-01-16 23:00:00+00:00,1,29,2026-01-15 12:00:00+00:00,2026-01-15 16:00:43+00:00,0.8166666666666665,0.9941742420196533
2026-01-15 18:00:00+00:00,2026-01-17 00:00:00+00:00,1,30,2026-01-15 12:00:00+00:00,2026-01-15 16:00:43+00:00,0.9033333333333333,0.9955239176750184
2026-01-15 18:00:00+00:00,2026-01-17 01:00:00+00:00,1,31,2026-01-15 12:00:00+00:00,2026-01-15 16:00:43+00:00,0.7000000000000001,0.9906257033348084
2026-01-15 18:00:00+00:00,2026-01-17 02:00:00+00:00,1,32,2026-01-15 12:00:00+00:00,2026-01-15 16:00:43+00:00,0.62,0.9757809162139892
2026-01-15 18:00:00+00:00,2026-01-17 03:00:00+00:00,1,33,2026-01-15 12:00:00+00:00,2026-01-15 16:00:43+00:00,0.4083333333333334,0.9188023567199707
2026-01-15 18:00:00+00:00,2026-01-17 04:00:00+00:00,1,34,2026-01-15 12:00:00+00:00,2026-01-15 16:00:43+00:00,0.4183333333333333,0.8505736947059631
2026-01-15 18:00:00+00:00,2026-01-17 05:00:00+00:00,1,35,2026-01-15 12:00:00+00:00,2026-01-15 16:00:43+00:00,0.2833333333333333,0.7511026263237
2026-01-15 18:00:00+00:00,2026-01-17 06:00:00+00:00,1,36,2026-01-15 12:00:00+00:00,2026-01-15 16:00:43+00:00,0.13166666666666668,0.6423532962799072
2026-01-15 18:00:00+00:00,2026-01-17 07:00:00+00:00,1,37,2026-01-15 12:00:00+00:00,2026-01-15 16:00:43+00:00,0.051666666666666666,0.4282725065946579
2026-01-15 18:00:00+00:00,2026-01-17 08:00:00+00:00,1,38,2026-01-15 12:00:00+00:00,2026-01-15 16:00:43+00:00,0.06333333333333334,0.30819437354803086
2026-01-15 18:00:00+00:00,2026-01-17 09:00:00+00:00,1,39,2026-01-15 12:00:00+00:00,2026-01-15 16:00:43+00:00,0.08833333333333333,0.2377759411931038
2026-01-15 18:00:00+00:00,2026-01-17 10:00:00+00:00,1,40,2026-01-15 12:00:00+00:00,2026-01-15 16:00:43+00:00,0.05333333333333334,0.20587511509656906
2026-01-15 18:00:00+00:00,2026-01-17 11:00:00+00:00,1,41,2026-01-15 12:00:00+00:00,2026-01-15 16:00:43+00:00,0.03333333333333333,0.18238430470228195
2026-01-15 18:00:00+00:00,2026-01-17 12:00:00+00:00,1,42,2026-01-15 12:00:00+00:00,2026-01-15 16:00:43+00:00,0.01,0.16185222715139388
2026-01-15 18:00:00+00:00,2026-01-17 13:00:00+00:00,1,43,2026-01-15 12:00:00+00:00,2026-01-15 16:00:43+00:00,0.01,0.13531106561422349
2026-01-15 18:00:00+00:00,2026-01-17 14:00:00+00:00,1,44,2026-01-15 12:00:00+00:00,2026-01-15 16:00:43+00:00,0.028333333333333332,0.10753760039806366
2026-01-15 18:00:00+00:00,2026-01-17 15:00:00+00:00,1,45,2026-01-15 12:00:00+00:00,2026-01-15 16:00:43+00:00,0.013333333333333334,0.08327331691980362
2026-01-15 18:00:00+00:00,2026-01-17 16:00:00+00:00,1,46,2026-01-15 12:00:00+00:00,2026-01-15 16:00:43+00:00,0.01,0.06529123615473509
2026-01-15 18:00:00+00:00,2026-01-17 17:00:00+00:00,1,47,2026-01-15 12:00:00+00:00,2026-01-15 16:00:43+00:00,0.01,0.04020571187138557
2026-01-15 18:00:00+00:00,2026-01-17 18:00:00+00:00,1,48,2026-01-15 12:00:00+00:00,2026-01-15 16:00:43+00:00,0.01,0.023641371121630072
2026-01-15 18:00:00+00:00,2026-01-15 19:00:00+00:00,2,1,2026-01-15 12:00:00+00:00,2026-01-15 16:00:43+00:00,0.09833333333333334,0.050989050418138504
2026-01-15 18:00:00+00:00,2026-01-15 20:00:00+00:00,2,2,2026-01-15 12:00:00+00:00,2026-01-15 16:00:43+00:00,0.14,0.024000373855233192
2026-01-15 18:00:00+00:00,2026-01-15 21:00:00+00:00,2,3,2026-01-15 12:00:00+00:00,2026-01-15 16:00:43+00:00,0.08333333333333333,0.01653478944208473
2026-01-15 18:00:00+00:00,2026-01-15 22:00:00+00:00,2,4,2026-01-15 12:00:00+00:00,2026-01-15 16:00:43+00:00,0.04833333333333333,0.044148805923759936
2026-01-15 18:00:00+00:00,2026-01-15 23:00:00+00:00,2,5,2026-01-15 12:00:00+00:00,2026-01-15 16:00:43+00:00,0.03666666666666667,0.05199491400271654
2026-01-15 18:00:00+00:00,2026-01-16 00:00:00+00:00,2,6,2026-01-15 12:00:00+00:00,2026-01-15 16:00:43+00:00,0.013333333333333334,0.06598329544067383
2026-01-15 18:00:00+00:00,2026-01-16 01:00:00+00:00,2,7,2026-01-15 12:00:00+00:00,2026-01-15 16:00:43+00:00,0.041666666666666664,0.09451383017003537
2026-01-15 18:00:00+00:00,2026-01-16 02:00:00+00:00,2,8,2026-01-15 12:00:00+00:00,2026-01-15 16:00:43+00:00,0.02666666666666667,0.08918656893074513
2026-01-15 18:00:00+00:00,2026-01-16 03:00:00+00:00,2,9,2026-01-15 12:00:00+00:00,2026-01-15 16:00:43+00:00,0.018333333333333333,0.09047955870628357
2026-01-15 18:00:00+00:00,2026-01-16 04:00:00+00:00,2,10,2026-01-15 12:00:00+00:00,2026-01-15 16:00:43+00:00,0.02666666666666667,0.13385212123394014
2026-01-15 18:00:00+00:00,2026-01-16 05:00:00+00:00,2,11,2026-01-15 12:00:00+00:00,2026-01-15 16:00:43+00:00,0.02666666666666667,0.18498390018939972
2026-01-15 18:00:00+00:00,2026-01-16 06:00:00+00:00,2,12,2026-01-15 12:00:00+00:00,2026-01-15 16:00:43+00:00,0.024999999999999998,0.2380947455763817
2026-01-15 18:00:00+00:00,2026-01-16 07:00:00+00:00,2,13,2026-01-15 12:00:00+00:00,2026-01-15 16:00:43+00:00,0.03666666666666667,0.27002895921468734
2026-01-15 18:00:00+00:00,2026-01-16 08:00:00+00:00,2,14,2026-01-15 12:00:00+00:00,2026-01-15 16:00:43+00:00,0.105,0.3092903301119804
2026-01-15 18:00:00+00:00,2026-01-16 09:00:00+00:00,2,15,2026-01-15 12:00:00+00:00,2026-01-15 16:00:43+00:00,0.215,0.3523861825466156
2026-01-15 18:00:00+00:00,2026-01-16 10:00:00+00:00,2,16,2026-01-15 12:00:00+00:00,2026-01-15 16:00:43+00:00,0.4283333333333333,0.42100645154714583
2026-01-15 18:00:00+00:00,2026-01-16 11:00:00+00:00,2,17,2026-01-15 12:00:00+00:00,2026-01-15 16:00:43+00:00,0.455,0.5012036591768265
2026-01-15 18:00:00+00:00,2026-01-16 12:00:00+00:00,2,18,2026-01-15 12:00:00+00:00,2026-01-15 16:00:43+00:00,0.45,0.612130469083786
2026-01-15 18:00:00+00:00,2026-01-16 13:00:00+00:00,2,19,2026-01-15 12:00:00+00:00,2026-01-15 16:00:43+00:00,0.6716666666666667,0.6815222680568696
2026-01-15 18:00:00+00:00,2026-01-16 14:00:00+00:00,2,20,2026-01-15 12:00:00+00:00,2026-01-15 16:00:43+00:00,0.7916666666666666,0.7406601846218109
2026-01-15 18:00:00+00:00,2026-01-16 15:00:00+00:00,2,21,2026-01-15 12:00:00+00:00,2026-01-15 16:00:43+00:00,0.91,0.789745318889618
2026-01-15 18:00:00+00:00,2026-01-16 16:00:00+00:00,2,22,2026-01-15 12:00:00+00:00,2026-01-15 16:00:43+00:00,0.8883333333333333,0.894935953617096
2026-01-15 18:00:00+00:00,2026-01-16 17:00:00+00:00,2,23,2026-01-15 12:00:00+00:00,2026-01-15 16:00:43+00:00,0.9233333333333333,0.9499483108520508
2026-01-15 18:00:00+00:00,2026-01-16 18:00:00+00:00,2,24,2026-01-15 12:00:00+00:00,2026-01-15 16:00:43+00:00,0.7833333333333333,0.9733503460884094
2026-01-15 18:00:00+00:00,2026-01-16 19:00:00+00:00,2,25,2026-01-15 12:00:00+00:00,2026-01-15 16:00:43+00:00,0.9199999999999999,0.9797290205955506
2026-01-15 18:00:00+00:00,2026-01-16 20:00:00+00:00,2,26,2026-01-15 12:00:00+00:00,2026-01-15 16:00:43+00:00,0.9683333333333333,0.9844096660614013
2026-01-15 18:00:00+00:00,2026-01-16 21:00:00+00:00,2,27,2026-01-15 12:00:00+00:00,2026-01-15 16:00:43+00:00,0.8966666666666666,0.9879715085029602
2026-01-15 18:00:00+00:00,2026-01-16 22:00:00+00:00,2,28,2026-01-15 12:00:00+00:00,2026-01-15 16:00:43+00:00,0.7949999999999999,0.9911823153495789
2026-01-15 18:00:00+00:00,2026-01-16 23:00:00+00:00,2,29,2026-01-15 12:00:00+00:00,2026-01-15 16:00:43+00:00,0.7400000000000001,0.9935251712799072
2026-01-15 18:00:00+00:00,2026-01-17 00:00:00+00:00,2,30,2026-01-15 12:00:00+00:00,2026-01-15 16:00:43+00:00,0.9349999999999999,0.9951182007789612
2026-01-15 18:00:00+00:00,2026-01-17 01:00:00+00:00,2,31,2026-01-15 12:00:00+00:00,2026-01-15 16:00:43+00:00,0.7983333333333333,0.9897244215011597
2026-01-15 18:00:00+00:00,2026-01-17 02:00:00+00:00,2,32,2026-01-15 12:00:00+00:00,2026-01-15 16:00:43+00:00,0.535,0.972381329536438
2026-01-15 18:00:00+00:00,2026-01-17 03:00:00+00:00,2,33,2026-01-15 12:00:00+00:00,2026-01-15 16:00:43+00:00,0.38833333333333336,0.8990303158760071
2026-01-15 18:00:00+00:00,2026-01-17 04:00:00+00:00,2,34,2026-01-15 12:00:00+00:00,2026-01-15 16:00:43+00:00,0.36333333333333334,0.8153852581977844
2026-01-15 18:00:00+00:00,2026-01-17 05:00:00+00:00,2,35,2026-01-15 12:00:00+00:00,2026-01-15 16:00:43+00:00,0.225,0.7081339478492736
2026-01-15 18:00:00+00:00,2026-01-17 06:00:00+00:00,2,36,2026-01-15 12:00:00+00:00,2026-01-15 16:00:43+00:00,0.11833333333333333,0.6055204212665558
2026-01-15 18:00:00+00:00,2026-01-17 07:00:00+00:00,2,37,2026-01-15 12:00:00+00:00,2026-01-15 16:00:43+00:00,0.018333333333333333,0.4207835018634796
2026-01-15 18:00:00+00:00,2026-01-17 08:00:00+00:00,2,38,2026-01-15 12:00:00+00:00,2026-01-15 16:00:43+00:00,0.05333333333333334,0.3085715025663376
2026-01-15 18:00:00+00:00,2026-01-17 09:00:00+00:00,2,39,2026-01-15 12:00:00+00:00,2026-01-15 16:00:43+00:00,0.08666666666666667,0.24297987073659896
2026-01-15 18:00:00+00:00,2026-01-17 10:00:00+00:00,2,40,2026-01-15 12:00:00+00:00,2026-01-15 16:00:43+00:00,0.05333333333333334,0.2115793615579605
2026-01-15 18:00:00+00:00,2026-01-17 11:00:00+00:00,2,41,2026-01-15 12:00:00+00:00,2026-01-15 16:00:43+00:00,0.04,0.182244461029768
2026-01-15 18:00:00+00:00,2026-01-17 12:00:00+00:00,2,42,2026-01-15 12:00:00+00:00,2026-01-15 16:00:43+00:00,0.01,0.15787985548377037
2026-01-15 18:00:00+00:00,2026-01-17 13:00:00+00:00,2,43,2026-01-15 12:00:00+00:00,2026-01-15 16:00:43+00:00,0.013333333333333334,0.1329869769513607
2026-01-15 18:00:00+00:00,2026-01-17 14:00:00+00:00,2,44,2026-01-15 12:00:00+00:00,2026-01-15 16:00:43+00:00,0.03,0.10500775128602982
2026-01-15 18:00:00+00:00,2026-01-17 15:00:00+00:00,2,45,2026-01-15 12:00:00+00:00,2026-01-15 16:00:43+00:00,0.011666666666666667,0.07950895205140114
2026-01-15 18:00:00+00:00,2026-01-17 16:00:00+00:00,2,46,2026-01-15 12:00:00+00:00,2026-01-15 16:00:43+00:00,0.01,0.06131129469722509
2026-01-15 18:00:00+00:00,2026-01-17 17:00:00+00:00,2,47,2026-01-15 12:00:00+00:00,2026-01-15 16:00:43+00:00,0.01,0.03778794696554542
2026-01-15 18:00:00+00:00,2026-01-17 18:00:00+00:00,2,48,2026-01-15 12:00:00+00:00,2026-01-15 16:00:43+00:00,0.01,0.02153219413012266
2026-01-16 18:00:00+00:00,2026-01-16 19:00:00+00:00,1,1,2026-01-16 12:00:00+00:00,2026-01-16 16:01:17+00:00,0.9683333333333334,0.9938279628753662
2026-01-16 18:00:00+00:00,2026-01-16 20:00:00+00:00,1,2,2026-01-16 12:00:00+00:00,2026-01-16 16:01:17+00:00,0.96,0.9946873307228088
2026-01-16 18:00:00+00:00,2026-01-16 21:00:00+00:00,1,3,2026-01-16 12:00:00+00:00,2026-01-16 16:01:17+00:00,0.895,0.9954134464263916
2026-01-16 18:00:00+00:00,2026-01-16 22:00:00+00:00,1,4,2026-01-16 12:00:00+00:00,2026-01-16 16:01:17+00:00,0.8250000000000001,0.9945996284484864
2026-01-16 18:00:00+00:00,2026-01-16 23:00:00+00:00,1,5,2026-01-16 12:00:00+00:00,2026-01-16 16:01:17+00:00,0.8166666666666665,0.9936922311782836
2026-01-16 18:00:00+00:00,2026-01-17 00:00:00+00:00,1,6,2026-01-16 12:00:00+00:00,2026-01-16 16:01:17+00:00,0.9033333333333333,0.9921990752220153
2026-01-16 18:00:00+00:00,2026-01-17 01:00:00+00:00,1,7,2026-01-16 12:00:00+00:00,2026-01-16 16:01:17+00:00,0.7000000000000001,0.9865863442420959
2026-01-16 18:00:00+00:00,2026-01-17 02:00:00+00:00,1,8,2026-01-16 12:00:00+00:00,2026-01-16 16:01:17+00:00,0.62,0.9736734390258789
2026-01-16 18:00:00+00:00,2026-01-17 03:00:00+00:00,1,9,2026-01-16 12:00:00+00:00,2026-01-16 16:01:17+00:00,0.4083333333333334,0.9466564536094666
2026-01-16 18:00:00+00:00,2026-01-17 04:00:00+00:00,1,10,2026-01-16 12:00:00+00:00,2026-01-16 16:01:17+00:00,0.4183333333333333,0.8415252804756165
2026-01-16 18:00:00+00:00,2026-01-17 05:00:00+00:00,1,11,2026-01-16 12:00:00+00:00,2026-01-16 16:01:17+00:00,0.2833333333333333,0.636189603805542
2026-01-16 18:00:00+00:00,2026-01-17 06:00:00+00:00,1,12,2026-01-16 12:00:00+00:00,2026-01-16 16:01:17+00:00,0.13166666666666668,0.448248827457428
2026-01-16 18:00:00+00:00,2026-01-17 07:00:00+00:00,1,13,2026-01-16 12:00:00+00:00,2026-01-16 16:01:17+00:00,0.051666666666666666,0.2812471747398376
2026-01-16 18:00:00+00:00,2026-01-17 08:00:00+00:00,1,14,2026-01-16 12:00:00+00:00,2026-01-16 16:01:17+00:00,0.06333333333333334,0.19555478543043137
2026-01-16 18:00:00+00:00,2026-01-17 09:00:00+00:00,1,15,2026-01-16 12:00:00+00:00,2026-01-16 16:01:17+00:00,0.08833333333333333,0.13524076119065284
2026-01-16 18:00:00+00:00,2026-01-17 10:00:00+00:00,1,16,2026-01-16 12:00:00+00:00,2026-01-16 16:01:17+00:00,0.05333333333333334,0.13184331431984903
2026-01-16 18:00:00+00:00,2026-01-17 11:00:00+00:00,1,17,2026-01-16 12:00:00+00:00,2026-01-16 16:01:17+00:00,0.03333333333333333,0.1322530373930931
2026-01-16 18:00:00+00:00,2026-01-17 12:00:00+00:00,1,18,2026-01-16 12:00:00+00:00,2026-01-16 16:01:17+00:00,0.01,0.13478269279003144
2026-01-16 18:00:00+00:00,2026-01-17 13:00:00+00:00,1,19,2026-01-16 12:00:00+00:00,2026-01-16 16:01:17+00:00,0.01,0.1257639780640602
2026-01-16 18:00:00+00:00,2026-01-17 14:00:00+00:00,1,20,2026-01-16 12:00:00+00:00,2026-01-16 16:01:17+00:00,0.028333333333333332,0.11674975007772445
2026-01-16 18:00:00+00:00,2026-01-17 15:00:00+00:00,1,21,2026-01-16 12:00:00+00:00,2026-01-16 16:01:17+00:00,0.013333333333333334,0.11060114800930024
2026-01-16 18:00:00+00:00,2026-01-17 16:00:00+00:00,1,22,2026-01-16 12:00:00+00:00,2026-01-16 16:01:17+00:00,0.01,0.06880888119339942
2026-01-16 18:00:00+00:00,2026-01-17 17:00:00+00:00,1,23,2026-01-16 12:00:00+00:00,2026-01-16 16:01:17+00:00,0.01,0.0373520971275866
2026-01-16 18:00:00+00:00,2026-01-17 18:00:00+00:00,1,24,2026-01-16 12:00:00+00:00,2026-01-16 16:01:17+00:00,0.01,0.020102156861685216
2026-01-16 18:00:00+00:00,2026-01-17 19:00:00+00:00,1,25,2026-01-16 12:00:00+00:00,2026-01-16 16:01:17+00:00,0.01,0.015275137359276414
2026-01-16 18:00:00+00:00,2026-01-17 20:00:00+00:00,1,26,2026-01-16 12:00:00+00:00,2026-01-16 16:01:17+00:00,0.01,0.013848228007555008
2026-01-16 18:00:00+00:00,2026-01-17 21:00:00+00:00,1,27,2026-01-16 12:00:00+00:00,2026-01-16 16:01:17+00:00,0.01,0.016449466720223425
2026-01-16 18:00:00+00:00,2026-01-17 22:00:00+00:00,1,28,2026-01-16 12:00:00+00:00,2026-01-16 16:01:17+00:00,0.01,0.00939244240289554
2026-01-16 18:00:00+00:00,2026-01-17 23:00:00+00:00,1,29,2026-01-16 12:00:00+00:00,2026-01-16 16:01:17+00:00,0.01,0.007750437772483565
2026-01-16 18:00:00+00:00,2026-01-18 00:00:00+00:00,1,30,2026-01-16 12:00:00+00:00,2026-01-16 16:01:17+00:00,0.01,0.007398956516408361
2026-01-16 18:00:00+00:00,2026-01-18 01:00:00+00:00,1,31,2026-01-16 12:00:00+00:00,2026-01-16 16:01:17+00:00,0.013333333333333334,0.009199111582711339
2026-01-16 18:00:00+00:00,2026-01-18 02:00:00+00:00,1,32,2026-01-16 12:00:00+00:00,2026-01-16 16:01:17+00:00,0.01,0.011546847817953676
2026-01-16 18:00:00+00:00,2026-01-18 03:00:00+00:00,1,33,2026-01-16 12:00:00+00:00,2026-01-16 16:01:17+00:00,0.011666666666666667,0.01628636121749878
2026-01-16 18:00:00+00:00,2026-01-18 04:00:00+00:00,1,34,2026-01-16 12:00:00+00:00,2026-01-16 16:01:17+00:00,0.09666666666666668,0.029487949050962924
2026-01-16 18:00:00+00:00,2026-01-18 05:00:00+00:00,1,35,2026-01-16 12:00:00+00:00,2026-01-16 16:01:17+00:00,0.051666666666666666,0.06315263472497464
2026-01-16 18:00:00+00:00,2026-01-18 06:00:00+00:00,1,36,2026-01-16 12:00:00+00:00,2026-01-16 16:01:17+00:00,0.15333333333333335,0.16976336091756822
2026-01-16 18:00:00+00:00,2026-01-18 07:00:00+00:00,1,37,2026-01-16 12:00:00+00:00,2026-01-16 16:01:17+00:00,0.2333333333333333,0.1968504384160042
2026-01-16 18:00:00+00:00,2026-01-18 08:00:00+00:00,1,38,2026-01-16 12:00:00+00:00,2026-01-16 16:01:17+00:00,0.3516666666666666,0.2446066617965698
2026-01-16 18:00:00+00:00,2026-01-18 09:00:00+00:00,1,39,2026-01-16 12:00:00+00:00,2026-01-16 16:01:17+00:00,0.375,0.3061979353427887
2026-01-16 18:00:00+00:00,2026-01-18 10:00:00+00:00,1,40,2026-01-16 12:00:00+00:00,2026-01-16 16:01:17+00:00,0.23166666666666666,0.24472742825746535
2026-01-16 18:00:00+00:00,2026-01-18 11:00:00+00:00,1,41,2026-01-16 12:00:00+00:00,2026-01-16 16:01:17+00:00,0.16833333333333333,0.19019367098808287
2026-01-16 18:00:00+00:00,2026-01-18 12:00:00+00:00,1,42,2026-01-16 12:00:00+00:00,2026-01-16 16:01:17+00:00,0.12,0.14040447473526002
2026-01-16 18:00:00+00:00,2026-01-18 13:00:00+00:00,1,43,2026-01-16 12:00:00+00:00,2026-01-16 16:01:17+00:00,0.19166666666666665,0.14808353260159493
2026-01-16 18:00:00+00:00,2026-01-18 14:00:00+00:00,1,44,2026-01-16 12:00:00+00:00,2026-01-16 16:01:17+00:00,0.20333333333333334,0.14791037514805794
2026-01-16 18:00:00+00:00,2026-01-18 15:00:00+00:00,1,45,2026-01-16 12:00:00+00:00,2026-01-16 16:01:17+00:00,0.2916666666666667,0.14232782907783986
2026-01-16 18:00:00+00:00,2026-01-18 16:00:00+00:00,1,46,2026-01-16 12:00:00+00:00,2026-01-16 16:01:17+00:00,0.3066666666666667,0.16497079506516457
2026-01-16 18:00:00+00:00,2026-01-18 17:00:00+00:00,1,47,2026-01-16 12:00:00+00:00,2026-01-16 16:01:17+00:00,0.31666666666666665,0.18500050529837608
2026-01-16 18:00:00+00:00,2026-01-18 18:00:00+00:00,1,48,2026-01-16 12:00:00+00:00,2026-01-16 16:01:17+00:00,0.225,0.20282905101776122
2026-01-16 18:00:00+00:00,2026-01-16 19:00:00+00:00,2,1,2026-01-16 12:00:00+00:00,2026-01-16 16:01:17+00:00,0.9199999999999999,0.992793083190918
2026-01-16 18:00:00+00:00,2026-01-16 20:00:00+00:00,2,2,2026-01-16 12:00:00+00:00,2026-01-16 16:01:17+00:00,0.9683333333333333,0.993865704536438
2026-01-16 18:00:00+00:00,2026-01-16 21:00:00+00:00,2,3,2026-01-16 12:00:00+00:00,2026-01-16 16:01:17+00:00,0.8966666666666666,0.994798767566681
2026-01-16 18:00:00+00:00,2026-01-16 22:00:00+00:00,2,4,2026-01-16 12:00:00+00:00,2026-01-16 16:01:17+00:00,0.7949999999999999,0.9940045952796936
2026-01-16 18:00:00+00:00,2026-01-16 23:00:00+00:00,2,5,2026-01-16 12:00:00+00:00,2026-01-16 16:01:17+00:00,0.7400000000000001,0.99307621717453
2026-01-16 18:00:00+00:00,2026-01-17 00:00:00+00:00,2,6,2026-01-16 12:00:00+00:00,2026-01-16 16:01:17+00:00,0.9349999999999999,0.9916110396385193
2026-01-16 18:00:00+00:00,2026-01-17 01:00:00+00:00,2,7,2026-01-16 12:00:00+00:00,2026-01-16 16:01:17+00:00,0.7983333333333333,0.9856469631195068
2026-01-16 18:00:00+00:00,2026-01-17 02:00:00+00:00,2,8,2026-01-16 12:00:00+00:00,2026-01-16 16:01:17+00:00,0.535,0.9717817068099975
2026-01-16 18:00:00+00:00,2026-01-17 03:00:00+00:00,2,9,2026-01-16 12:00:00+00:00,2026-01-16 16:01:17+00:00,0.38833333333333336,0.9431225419044494
2026-01-16 18:00:00+00:00,2026-01-17 04:00:00+00:00,2,10,2026-01-16 12:00:00+00:00,2026-01-16 16:01:17+00:00,0.36333333333333334,0.8317834258079528
2026-01-16 18:00:00+00:00,2026-01-17 05:00:00+00:00,2,11,2026-01-16 12:00:00+00:00,2026-01-16 16:01:17+00:00,0.225,0.6246460318565369
2026-01-16 18:00:00+00:00,2026-01-17 06:00:00+00:00,2,12,2026-01-16 12:00:00+00:00,2026-01-16 16:01:17+00:00,0.11833333333333333,0.4436527729034424
2026-01-16 18:00:00+00:00,2026-01-17 07:00:00+00:00,2,13,2026-01-16 12:00:00+00:00,2026-01-16 16:01:17+00:00,0.018333333333333333,0.2809730678796768
2026-01-16 18:00:00+00:00,2026-01-17 08:00:00+00:00,2,14,2026-01-16 12:00:00+00:00,2026-01-16 16:01:17+00:00,0.05333333333333334,0.20078715085983276
2026-01-16 18:00:00+00:00,2026-01-17 09:00:00+00:00,2,15,2026-01-16 12:00:00+00:00,2026-01-16 16:01:17+00:00,0.08666666666666667,0.13981470987200736
2026-01-16 18:00:00+00:00,2026-01-17 10:00:00+00:00,2,16,2026-01-16 12:00:00+00:00,2026-01-16 16:01:17+00:00,0.05333333333333334,0.13454497009515762
2026-01-16 18:00:00+00:00,2026-01-17 11:00:00+00:00,2,17,2026-01-16 12:00:00+00:00,2026-01-16 16:01:17+00:00,0.04,0.13376403003931045
2026-01-16 18:00:00+00:00,2026-01-17 12:00:00+00:00,2,18,2026-01-16 12:00:00+00:00,2026-01-16 16:01:17+00:00,0.01,0.1336879163980484
2026-01-16 18:00:00+00:00,2026-01-17 13:00:00+00:00,2,19,2026-01-16 12:00:00+00:00,2026-01-16 16:01:17+00:00,0.013333333333333334,0.12380930334329605
2026-01-16 18:00:00+00:00,2026-01-17 14:00:00+00:00,2,20,2026-01-16 12:00:00+00:00,2026-01-16 16:01:17+00:00,0.03,0.11346393078565598
2026-01-16 18:00:00+00:00,2026-01-17 15:00:00+00:00,2,21,2026-01-16 12:00:00+00:00,2026-01-16 16:01:17+00:00,0.011666666666666667,0.1037490963935852
2026-01-16 18:00:00+00:00,2026-01-17 16:00:00+00:00,2,22,2026-01-16 12:00:00+00:00,2026-01-16 16:01:17+00:00,0.01,0.061775927990674974
2026-01-16 18:00:00+00:00,2026-01-17 17:00:00+00:00,2,23,2026-01-16 12:00:00+00:00,2026-01-16 16:01:17+00:00,0.01,0.033696976210922006
2026-01-16 18:00:00+00:00,2026-01-17 18:00:00+00:00,2,24,2026-01-16 12:00:00+00:00,2026-01-16 16:01:17+00:00,0.01,0.0178341873222962
2026-01-16 18:00:00+00:00,2026-01-17 19:00:00+00:00,2,25,2026-01-16 12:00:00+00:00,2026-01-16 16:01:17+00:00,0.01,0.013343353173695505
2026-01-16 18:00:00+00:00,2026-01-17 20:00:00+00:00,2,26,2026-01-16 12:00:00+00:00,2026-01-16 16:01:17+00:00,0.01,0.01221147128380835
2026-01-16 18:00:00+00:00,2026-01-17 21:00:00+00:00,2,27,2026-01-16 12:00:00+00:00,2026-01-16 16:01:17+00:00,0.01,0.014207997033372522
2026-01-16 18:00:00+00:00,2026-01-17 22:00:00+00:00,2,28,2026-01-16 12:00:00+00:00,2026-01-16 16:01:17+00:00,0.01,0.008138776634586975
2026-01-16 18:00:00+00:00,2026-01-17 23:00:00+00:00,2,29,2026-01-16 12:00:00+00:00,2026-01-16 16:01:17+00:00,0.01,0.006541944737546146
2026-01-16 18:00:00+00:00,2026-01-18 00:00:00+00:00,2,30,2026-01-16 12:00:00+00:00,2026-01-16 16:01:17+00:00,0.01,0.006178214412648231
2026-01-16 18:00:00+00:00,2026-01-18 01:00:00+00:00,2,31,2026-01-16 12:00:00+00:00,2026-01-16 16:01:17+00:00,0.01,0.0077564625884406265
2026-01-16 18:00:00+00:00,2026-01-18 02:00:00+00:00,2,32,2026-01-16 12:00:00+00:00,2026-01-16 16:01:17+00:00,0.016666666666666666,0.010096564143896102
2026-01-16 18:00:00+00:00,2026-01-18 03:00:00+00:00,2,33,2026-01-16 12:00:00+00:00,2026-01-16 16:01:17+00:00,0.011666666666666667,0.014655069401487707
2026-01-16 18:00:00+00:00,2026-01-18 04:00:00+00:00,2,34,2026-01-16 12:00:00+00:00,2026-01-16 16:01:17+00:00,0.085,0.027082058042287825
2026-01-16 18:00:00+00:00,2026-01-18 05:00:00+00:00,2,35,2026-01-16 12:00:00+00:00,2026-01-16 16:01:17+00:00,0.04666666666666667,0.05870905257761479
2026-01-16 18:00:00+00:00,2026-01-18 06:00:00+00:00,2,36,2026-01-16 12:00:00+00:00,2026-01-16 16:01:17+00:00,0.14333333333333334,0.16182051301002504
2026-01-16 18:00:00+00:00,2026-01-18 07:00:00+00:00,2,37,2026-01-16 12:00:00+00:00,2026-01-16 16:01:17+00:00,0.2383333333333333,0.19444037228822708
2026-01-16 18:00:00+00:00,2026-01-18 08:00:00+00:00,2,38,2026-01-16 12:00:00+00:00,2026-01-16 16:01:17+00:00,0.38999999999999996,0.24240752309560776
2026-01-16 18:00:00+00:00,2026-01-18 09:00:00+00:00,2,39,2026-01-16 12:00:00+00:00,2026-01-16 16:01:17+00:00,0.4383333333333333,0.3021847367286682
2026-01-16 18:00:00+00:00,2026-01-18 10:00:00+00:00,2,40,2026-01-16 12:00:00+00:00,2026-01-16 16:01:17+00:00,0.25666666666666665,0.24423142969608308
2026-01-16 18:00:00+00:00,2026-01-18 11:00:00+00:00,2,41,2026-01-16 12:00:00+00:00,2026-01-16 16:01:17+00:00,0.19499999999999998,0.18828762620687484
2026-01-16 18:00:00+00:00,2026-01-18 12:00:00+00:00,2,42,2026-01-16 12:00:00+00:00,2026-01-16 16:01:17+00:00,0.12833333333333333,0.1358401097357273
2026-01-16 18:00:00+00:00,2026-01-18 13:00:00+00:00,2,43,2026-01-16 12:00:00+00:00,2026-01-16 16:01:17+00:00,0.18666666666666668,0.14100122600793838
2026-01-16 18:00:00+00:00,2026-01-18 14:00:00+00:00,2,44,2026-01-16 12:00:00+00:00,2026-01-16 16:01:17+00:00,0.18166666666666667,0.14016006290912628
2026-01-16 18:00:00+00:00,2026-01-18 15:00:00+00:00,2,45,2026-01-16 12:00:00+00:00,2026-01-16 16:01:17+00:00,0.24166666666666667,0.1341152422130108
2026-01-16 18:00:00+00:00,2026-01-18 16:00:00+00:00,2,46,2026-01-16 12:00:00+00:00,2026-01-16 16:01:17+00:00,0.25333333333333335,0.15160661339759826
2026-01-16 18:00:00+00:00,2026-01-18 17:00:00+00:00,2,47,2026-01-16 12:00:00+00:00,2026-01-16 16:01:17+00:00,0.2916666666666667,0.16658431738615037
2026-01-16 18:00:00+00:00,2026-01-18 18:00:00+00:00,2,48,2026-01-16 12:00:00+00:00,2026-01-16 16:01:17+00:00,0.2333333333333333,0.18135615810751915
2026-01-17 18:00:00+00:00,2026-01-17 19:00:00+00:00,1,1,2026-01-17 12:00:00+00:00,2026-01-17 16:01:45+00:00,0.01,0.013243749272078276
2026-01-17 18:00:00+00:00,2026-01-17 20:00:00+00:00,1,2,2026-01-17 12:00:00+00:00,2026-01-17 16:01:45+00:00,0.01,0.010998664097860456
2026-01-17 18:00:00+00:00,2026-01-17 21:00:00+00:00,1,3,2026-01-17 12:00:00+00:00,2026-01-17 16:01:45+00:00,0.01,0.009092178451828659
2026-01-17 18:00:00+00:00,2026-01-17 22:00:00+00:00,1,4,2026-01-17 12:00:00+00:00,2026-01-17 16:01:45+00:00,0.01,0.0075936935842037204
2026-01-17 18:00:00+00:00,2026-01-17 23:00:00+00:00,1,5,2026-01-17 12:00:00+00:00,2026-01-17 16:01:45+00:00,0.01,0.006604504771530628
2026-01-17 18:00:00+00:00,2026-01-18 00:00:00+00:00,1,6,2026-01-17 12:00:00+00:00,2026-01-17 16:01:45+00:00,0.01,0.005700879089999944
2026-01-17 18:00:00+00:00,2026-01-18 01:00:00+00:00,1,7,2026-01-17 12:00:00+00:00,2026-01-17 16:01:45+00:00,0.013333333333333334,0.004266444605309516
2026-01-17 18:00:00+00:00,2026-01-18 02:00:00+00:00,1,8,2026-01-17 12:00:00+00:00,2026-01-17 16:01:45+00:00,0.01,0.005643721763044595
2026-01-17 18:00:00+00:00,2026-01-18 03:00:00+00:00,1,9,2026-01-17 12:00:00+00:00,2026-01-17 16:01:45+00:00,0.011666666666666667,0.0074041311396285895
2026-01-17 18:00:00+00:00,2026-01-18 04:00:00+00:00,1,10,2026-01-17 12:00:00+00:00,2026-01-17 16:01:45+00:00,0.09666666666666668,0.012014945037662983
2026-01-17 18:00:00+00:00,2026-01-18 05:00:00+00:00,1,11,2026-01-17 12:00:00+00:00,2026-01-17 16:01:45+00:00,0.051666666666666666,0.025667991302907468
2026-01-17 18:00:00+00:00,2026-01-18 06:00:00+00:00,1,12,2026-01-17 12:00:00+00:00,2026-01-17 16:01:45+00:00,0.15333333333333335,0.07889604717493057
2026-01-17 18:00:00+00:00,2026-01-18 07:00:00+00:00,1,13,2026-01-17 12:00:00+00:00,2026-01-17 16:01:45+00:00,0.2333333333333333,0.09864286631345749
2026-01-17 18:00:00+00:00,2026-01-18 08:00:00+00:00,1,14,2026-01-17 12:00:00+00:00,2026-01-17 16:01:45+00:00,0.3516666666666666,0.13494688123464585
2026-01-17 18:00:00+00:00,2026-01-18 09:00:00+00:00,1,15,2026-01-17 12:00:00+00:00,2026-01-17 16:01:45+00:00,0.375,0.19754031002521516
2026-01-17 18:00:00+00:00,2026-01-18 10:00:00+00:00,1,16,2026-01-17 12:00:00+00:00,2026-01-17 16:01:45+00:00,0.23166666666666666,0.1723264515399933
2026-01-17 18:00:00+00:00,2026-01-18 11:00:00+00:00,1,17,2026-01-17 12:00:00+00:00,2026-01-17 16:01:45+00:00,0.16833333333333333,0.14773413985967637
2026-01-17 18:00:00+00:00,2026-01-18 12:00:00+00:00,1,18,2026-01-17 12:00:00+00:00,2026-01-17 16:01:45+00:00,0.12,0.12299748063087464
2026-01-17 18:00:00+00:00,2026-01-18 13:00:00+00:00,1,19,2026-01-17 12:00:00+00:00,2026-01-17 16:01:45+00:00,0.19166666666666665,0.10966719388961792
2026-01-17 18:00:00+00:00,2026-01-18 14:00:00+00:00,1,20,2026-01-17 12:00:00+00:00,2026-01-17 16:01:45+00:00,0.20333333333333334,0.091561259329319
2026-01-17 18:00:00+00:00,2026-01-18 15:00:00+00:00,1,21,2026-01-17 12:00:00+00:00,2026-01-17 16:01:45+00:00,0.2916666666666667,0.0727414295077324
2026-01-17 18:00:00+00:00,2026-01-18 16:00:00+00:00,1,22,2026-01-17 12:00:00+00:00,2026-01-17 16:01:45+00:00,0.3066666666666667,0.07469726353883743
2026-01-17 18:00:00+00:00,2026-01-18 17:00:00+00:00,1,23,2026-01-17 12:00:00+00:00,2026-01-17 16:01:45+00:00,0.31666666666666665,0.07478458061814308
2026-01-17 18:00:00+00:00,2026-01-18 18:00:00+00:00,1,24,2026-01-17 12:00:00+00:00,2026-01-17 16:01:45+00:00,0.225,0.07420806884765625
2026-01-17 18:00:00+00:00,2026-01-18 19:00:00+00:00,1,25,2026-01-17 12:00:00+00:00,2026-01-17 16:01:45+00:00,0.3566666666666667,0.10079700201749801
2026-01-17 18:00:00+00:00,2026-01-18 20:00:00+00:00,1,26,2026-01-17 12:00:00+00:00,2026-01-17 16:01:45+00:00,0.6150000000000001,0.14209394454956054
2026-01-17 18:00:00+00:00,2026-01-18 21:00:00+00:00,1,27,2026-01-17 12:00:00+00:00,2026-01-17 16:01:45+00:00,0.535,0.2028132051229477
2026-01-17 18:00:00+00:00,2026-01-18 22:00:00+00:00,1,28,2026-01-17 12:00:00+00:00,2026-01-17 16:01:45+00:00,0.39166666666666666,0.24552206695079803
2026-01-17 18:00:00+00:00,2026-01-18 23:00:00+00:00,1,29,2026-01-17 12:00:00+00:00,2026-01-17 16:01:45+00:00,0.3383333333333333,0.2916689604520798
2026-01-17 18:00:00+00:00,2026-01-19 00:00:00+00:00,1,30,2026-01-17 12:00:00+00:00,2026-01-17 16:01:45+00:00,0.47,0.3352490305900574
2026-01-17 18:00:00+00:00,2026-01-19 01:00:00+00:00,1,31,2026-01-17 12:00:00+00:00,2026-01-17 16:01:45+00:00,0.34833333333333333,0.2792349249124527
2026-01-17 18:00:00+00:00,2026-01-19 02:00:00+00:00,1,32,2026-01-17 12:00:00+00:00,2026-01-17 16:01:45+00:00,0.135,0.23083950579166412
2026-01-17 18:00:00+00:00,2026-01-19 03:00:00+00:00,1,33,2026-01-17 12:00:00+00:00,2026-01-17 16:01:45+00:00,0.26666666666666666,0.1950520634651184
2026-01-17 18:00:00+00:00,2026-01-19 04:00:00+00:00,1,34,2026-01-17 12:00:00+00:00,2026-01-17 16:01:45+00:00,0.315,0.21184471547603606
2026-01-17 18:00:00+00:00,2026-01-19 05:00:00+00:00,1,35,2026-01-17 12:00:00+00:00,2026-01-17 16:01:45+00:00,0.33166666666666667,0.2486596316099167
2026-01-17 18:00:00+00:00,2026-01-19 06:00:00+00:00,1,36,2026-01-17 12:00:00+00:00,2026-01-17 16:01:45+00:00,0.2866666666666667,0.3301699757575989
2026-01-17 18:00:00+00:00,2026-01-19 07:00:00+00:00,1,37,2026-01-17 12:00:00+00:00,2026-01-17 16:01:45+00:00,0.36999999999999994,0.3918585777282715
2026-01-17 18:00:00+00:00,2026-01-19 08:00:00+00:00,1,38,2026-01-17 12:00:00+00:00,2026-01-17 16:01:45+00:00,0.3566666666666667,0.4928332090377808
2026-01-17 18:00:00+00:00,2026-01-19 09:00:00+00:00,1,39,2026-01-17 12:00:00+00:00,2026-01-17 16:01:45+00:00,0.3133333333333333,0.6283920764923095
2026-01-17 18:00:00+00:00,2026-01-19 10:00:00+00:00,1,40,2026-01-17 12:00:00+00:00,2026-01-17 16:01:45+00:00,0.28833333333333333,0.5310434222221374
2026-01-17 18:00:00+00:00,2026-01-19 11:00:00+00:00,1,41,2026-01-17 12:00:00+00:00,2026-01-17 16:01:45+00:00,0.2633333333333333,0.42072526216506956
2026-01-17 18:00:00+00:00,2026-01-19 12:00:00+00:00,1,42,2026-01-17 12:00:00+00:00,2026-01-17 16:01:45+00:00,0.22833333333333336,0.3011145681142807
2026-01-17 18:00:00+00:00,2026-01-19 13:00:00+00:00,1,43,2026-01-17 12:00:00+00:00,2026-01-17 16:01:45+00:00,0.4216666666666667,0.22682150304317475
2026-01-17 18:00:00+00:00,2026-01-19 14:00:00+00:00,1,44,2026-01-17 12:00:00+00:00,2026-01-17 16:01:45+00:00,0.36166666666666664,0.1636972725391388
2026-01-17 18:00:00+00:00,2026-01-19 15:00:00+00:00,1,45,2026-01-17 12:00:00+00:00,2026-01-17 16:01:45+00:00,0.32666666666666666,0.11766158789396286
2026-01-17 18:00:00+00:00,2026-01-19 16:00:00+00:00,1,46,2026-01-17 12:00:00+00:00,2026-01-17 16:01:45+00:00,0.03333333333333333,0.11201627925038338
2026-01-17 18:00:00+00:00,2026-01-19 17:00:00+00:00,1,47,2026-01-17 12:00:00+00:00,2026-01-17 16:01:45+00:00,0.07,0.10388347879052162
2026-01-17 18:00:00+00:00,2026-01-19 18:00:00+00:00,1,48,2026-01-17 12:00:00+00:00,2026-01-17 16:01:45+00:00,0.015,0.09727049097418786
2026-01-17 18:00:00+00:00,2026-01-17 19:00:00+00:00,2,1,2026-01-17 12:00:00+00:00,2026-01-17 16:01:45+00:00,0.01,0.01145757087506354
2026-01-17 18:00:00+00:00,2026-01-17 20:00:00+00:00,2,2,2026-01-17 12:00:00+00:00,2026-01-17 16:01:45+00:00,0.01,0.00959171042777598
2026-01-17 18:00:00+00:00,2026-01-17 21:00:00+00:00,2,3,2026-01-17 12:00:00+00:00,2026-01-17 16:01:45+00:00,0.01,0.007928469683974981
2026-01-17 18:00:00+00:00,2026-01-17 22:00:00+00:00,2,4,2026-01-17 12:00:00+00:00,2026-01-17 16:01:45+00:00,0.01,0.006652706698514521
2026-01-17 18:00:00+00:00,2026-01-17 23:00:00+00:00,2,5,2026-01-17 12:00:00+00:00,2026-01-17 16:01:45+00:00,0.01,0.005688582884613424
2026-01-17 18:00:00+00:00,2026-01-18 00:00:00+00:00,2,6,2026-01-17 12:00:00+00:00,2026-01-17 16:01:45+00:00,0.01,0.004913109191693366
2026-01-17 18:00:00+00:00,2026-01-18 01:00:00+00:00,2,7,2026-01-17 12:00:00+00:00,2026-01-17 16:01:45+00:00,0.01,0.003654956736136228
2026-01-17 18:00:00+00:00,2026-01-18 02:00:00+00:00,2,8,2026-01-17 12:00:00+00:00,2026-01-17 16:01:45+00:00,0.016666666666666666,0.004898654937278479
2026-01-17 18:00:00+00:00,2026-01-18 03:00:00+00:00,2,9,2026-01-17 12:00:00+00:00,2026-01-17 16:01:45+00:00,0.011666666666666667,0.006599868647754192
2026-01-17 18:00:00+00:00,2026-01-18 04:00:00+00:00,2,10,2026-01-17 12:00:00+00:00,2026-01-17 16:01:45+00:00,0.085,0.011115806736052036
2026-01-17 18:00:00+00:00,2026-01-18 05:00:00+00:00,2,11,2026-01-17 12:00:00+00:00,2026-01-17 16:01:45+00:00,0.04666666666666667,0.024576187320053577
2026-01-17 18:00:00+00:00,2026-01-18 06:00:00+00:00,2,12,2026-01-17 12:00:00+00:00,2026-01-17 16:01:45+00:00,0.14333333333333334,0.07875448018312455
2026-01-17 18:00:00+00:00,2026-01-18 07:00:00+00:00,2,13,2026-01-17 12:00:00+00:00,2026-01-17 16:01:45+00:00,0.2383333333333333,0.09555337727069854
2026-01-17 18:00:00+00:00,2026-01-18 08:00:00+00:00,2,14,2026-01-17 12:00:00+00:00,2026-01-17 16:01:45+00:00,0.38999999999999996,0.12902554273605346
2026-01-17 18:00:00+00:00,2026-01-18 09:00:00+00:00,2,15,2026-01-17 12:00:00+00:00,2026-01-17 16:01:45+00:00,0.4383333333333333,0.1887536585330963
2026-01-17 18:00:00+00:00,2026-01-18 10:00:00+00:00,2,16,2026-01-17 12:00:00+00:00,2026-01-17 16:01:45+00:00,0.25666666666666665,0.16718921065330505
2026-01-17 18:00:00+00:00,2026-01-18 11:00:00+00:00,2,17,2026-01-17 12:00:00+00:00,2026-01-17 16:01:45+00:00,0.19499999999999998,0.1455665946006775
2026-01-17 18:00:00+00:00,2026-01-18 12:00:00+00:00,2,18,2026-01-17 12:00:00+00:00,2026-01-17 16:01:45+00:00,0.12833333333333333,0.12212885320186614
2026-01-17 18:00:00+00:00,2026-01-18 13:00:00+00:00,2,19,2026-01-17 12:00:00+00:00,2026-01-17 16:01:45+00:00,0.18666666666666668,0.1078029841184616
2026-01-17 18:00:00+00:00,2026-01-18 14:00:00+00:00,2,20,2026-01-17 12:00:00+00:00,2026-01-17 16:01:45+00:00,0.18166666666666667,0.08748240619897843
2026-01-17 18:00:00+00:00,2026-01-18 15:00:00+00:00,2,21,2026-01-17 12:00:00+00:00,2026-01-17 16:01:45+00:00,0.24166666666666667,0.06753289625048638
2026-01-17 18:00:00+00:00,2026-01-18 16:00:00+00:00,2,22,2026-01-17 12:00:00+00:00,2026-01-17 16:01:45+00:00,0.25333333333333335,0.06871268004179001
2026-01-17 18:00:00+00:00,2026-01-18 17:00:00+00:00,2,23,2026-01-17 12:00:00+00:00,2026-01-17 16:01:45+00:00,0.2916666666666667,0.06819904819130898
2026-01-17 18:00:00+00:00,2026-01-18 18:00:00+00:00,2,24,2026-01-17 12:00:00+00:00,2026-01-17 16:01:45+00:00,0.2333333333333333,0.0672407291829586
2026-01-17 18:00:00+00:00,2026-01-18 19:00:00+00:00,2,25,2026-01-17 12:00:00+00:00,2026-01-17 16:01:45+00:00,0.35000000000000003,0.08950861468911171
2026-01-17 18:00:00+00:00,2026-01-18 20:00:00+00:00,2,26,2026-01-17 12:00:00+00:00,2026-01-17 16:01:45+00:00,0.505,0.12508334070444108
2026-01-17 18:00:00+00:00,2026-01-18 21:00:00+00:00,2,27,2026-01-17 12:00:00+00:00,2026-01-17 16:01:45+00:00,0.5033333333333333,0.18265827894210815
2026-01-17 18:00:00+00:00,2026-01-18 22:00:00+00:00,2,28,2026-01-17 12:00:00+00:00,2026-01-17 16:01:45+00:00,0.36999999999999994,0.22555444538593292
2026-01-17 18:00:00+00:00,2026-01-18 23:00:00+00:00,2,29,2026-01-17 12:00:00+00:00,2026-01-17 16:01:45+00:00,0.345,0.2746401160955429
2026-01-17 18:00:00+00:00,2026-01-19 00:00:00+00:00,2,30,2026-01-17 12:00:00+00:00,2026-01-17 16:01:45+00:00,0.5033333333333333,0.32190113365650175
2026-01-17 18:00:00+00:00,2026-01-19 01:00:00+00:00,2,31,2026-01-17 12:00:00+00:00,2026-01-17 16:01:45+00:00,0.33666666666666667,0.26879146695137024
2026-01-17 18:00:00+00:00,2026-01-19 02:00:00+00:00,2,32,2026-01-17 12:00:00+00:00,2026-01-17 16:01:45+00:00,0.13666666666666666,0.22365325689315796
2026-01-17 18:00:00+00:00,2026-01-19 03:00:00+00:00,2,33,2026-01-17 12:00:00+00:00,2026-01-17 16:01:45+00:00,0.21333333333333335,0.18939566910266875
2026-01-17 18:00:00+00:00,2026-01-19 04:00:00+00:00,2,34,2026-01-17 12:00:00+00:00,2026-01-17 16:01:45+00:00,0.3116666666666667,0.2137578010559082
2026-01-17 18:00:00+00:00,2026-01-19 05:00:00+00:00,2,35,2026-01-17 12:00:00+00:00,2026-01-17 16:01:45+00:00,0.22666666666666668,0.2533124327659607
2026-01-17 18:00:00+00:00,2026-01-19 06:00:00+00:00,2,36,2026-01-17 12:00:00+00:00,2026-01-17 16:01:45+00:00,0.3016666666666667,0.3339990198612213
2026-01-17 18:00:00+00:00,2026-01-19 07:00:00+00:00,2,37,2026-01-17 12:00:00+00:00,2026-01-17 16:01:45+00:00,0.3333333333333333,0.3978910446166992
2026-01-17 18:00:00+00:00,2026-01-19 08:00:00+00:00,2,38,2026-01-17 12:00:00+00:00,2026-01-17 16:01:45+00:00,0.2916666666666667,0.5026190936565399
2026-01-17 18:00:00+00:00,2026-01-19 09:00:00+00:00,2,39,2026-01-17 12:00:00+00:00,2026-01-17 16:01:45+00:00,0.305,0.6331579089164734
2026-01-17 18:00:00+00:00,2026-01-19 10:00:00+00:00,2,40,2026-01-17 12:00:00+00:00,2026-01-17 16:01:45+00:00,0.27999999999999997,0.5456159055233002
2026-01-17 18:00:00+00:00,2026-01-19 11:00:00+00:00,2,41,2026-01-17 12:00:00+00:00,2026-01-17 16:01:45+00:00,0.16833333333333333,0.43291515707969663
2026-01-17 18:00:00+00:00,2026-01-19 12:00:00+00:00,2,42,2026-01-17 12:00:00+00:00,2026-01-17 16:01:45+00:00,0.30666666666666664,0.30329324305057526
2026-01-17 18:00:00+00:00,2026-01-19 13:00:00+00:00,2,43,2026-01-17 12:00:00+00:00,2026-01-17 16:01:45+00:00,0.4816666666666667,0.21681474447250365
2026-01-17 18:00:00+00:00,2026-01-19 14:00:00+00:00,2,44,2026-01-17 12:00:00+00:00,2026-01-17 16:01:45+00:00,0.295,0.14756572097539902
2026-01-17 18:00:00+00:00,2026-01-19 15:00:00+00:00,2,45,2026-01-17 12:00:00+00:00,2026-01-17 16:01:45+00:00,0.24833333333333332,0.10192255675792694
2026-01-17 18:00:00+00:00,2026-01-19 16:00:00+00:00,2,46,2026-01-17 12:00:00+00:00,2026-01-17 16:01:45+00:00,0.018333333333333333,0.09634586721658707
2026-01-17 18:00:00+00:00,2026-01-19 17:00:00+00:00,2,47,2026-01-17 12:00:00+00:00,2026-01-17 16:01:45+00:00,0.06,0.08878775089979171
2026-01-17 18:00:00+00:00,2026-01-19 18:00:00+00:00,2,48,2026-01-17 12:00:00+00:00,2026-01-17 16:01:45+00:00,0.02,0.0819412425160408
2026-01-18 18:00:00+00:00,2026-01-18 19:00:00+00:00,1,1,2026-01-18 12:00:00+00:00,2026-01-18 16:00:50+00:00,0.3566666666666667,0.14913428872823714
2026-01-18 18:00:00+00:00,2026-01-18 20:00:00+00:00,1,2,2026-01-18 12:00:00+00:00,2026-01-18 16:00:50+00:00,0.6150000000000001,0.24842990040779114
2026-01-18 18:00:00+00:00,2026-01-18 21:00:00+00:00,1,3,2026-01-18 12:00:00+00:00,2026-01-18 16:00:50+00:00,0.535,0.3948864698410034
2026-01-18 18:00:00+00:00,2026-01-18 22:00:00+00:00,1,4,2026-01-18 12:00:00+00:00,2026-01-18 16:00:50+00:00,0.39166666666666666,0.39709343016147614
2026-01-18 18:00:00+00:00,2026-01-18 23:00:00+00:00,1,5,2026-01-18 12:00:00+00:00,2026-01-18 16:00:50+00:00,0.3383333333333333,0.42820545434951784
2026-01-18 18:00:00+00:00,2026-01-19 00:00:00+00:00,1,6,2026-01-18 12:00:00+00:00,2026-01-18 16:00:50+00:00,0.47,0.45124927163124084
2026-01-18 18:00:00+00:00,2026-01-19 01:00:00+00:00,1,7,2026-01-18 12:00:00+00:00,2026-01-18 16:00:50+00:00,0.34833333333333333,0.37386484146118165
2026-01-18 18:00:00+00:00,2026-01-19 02:00:00+00:00,1,8,2026-01-18 12:00:00+00:00,2026-01-18 16:00:50+00:00,0.135,0.3245577275753021
2026-01-18 18:00:00+00:00,2026-01-19 03:00:00+00:00,1,9,2026-01-18 12:00:00+00:00,2026-01-18 16:00:50+00:00,0.26666666666666666,0.2855615705251694
2026-01-18 18:00:00+00:00,2026-01-19 04:00:00+00:00,1,10,2026-01-18 12:00:00+00:00,2026-01-18 16:00:50+00:00,0.315,0.3178620934486389
2026-01-18 18:00:00+00:00,2026-01-19 05:00:00+00:00,1,11,2026-01-18 12:00:00+00:00,2026-01-18 16:00:50+00:00,0.33166666666666667,0.38058491945266726
2026-01-18 18:00:00+00:00,2026-01-19 06:00:00+00:00,1,12,2026-01-18 12:00:00+00:00,2026-01-18 16:00:50+00:00,0.2866666666666667,0.4928001821041107
2026-01-18 18:00:00+00:00,2026-01-19 07:00:00+00:00,1,13,2026-01-18 12:00:00+00:00,2026-01-18 16:00:50+00:00,0.36999999999999994,0.520849472284317
2026-01-18 18:00:00+00:00,2026-01-19 08:00:00+00:00,1,14,2026-01-18 12:00:00+00:00,2026-01-18 16:00:50+00:00,0.3566666666666667,0.5812815129756927
2026-01-18 18:00:00+00:00,2026-01-19 09:00:00+00:00,1,15,2026-01-18 12:00:00+00:00,2026-01-18 16:00:50+00:00,0.3133333333333333,0.6658252477645874
2026-01-18 18:00:00+00:00,2026-01-19 10:00:00+00:00,1,16,2026-01-18 12:00:00+00:00,2026-01-18 16:00:50+00:00,0.28833333333333333,0.5525926947593689
2026-01-18 18:00:00+00:00,2026-01-19 11:00:00+00:00,1,17,2026-01-18 12:00:00+00:00,2026-01-18 16:00:50+00:00,0.2633333333333333,0.42670671343803407
2026-01-18 18:00:00+00:00,2026-01-19 12:00:00+00:00,1,18,2026-01-18 12:00:00+00:00,2026-01-18 16:00:50+00:00,0.22833333333333336,0.28684271574020387
2026-01-18 18:00:00+00:00,2026-01-19 13:00:00+00:00,1,19,2026-01-18 12:00:00+00:00,2026-01-18 16:00:50+00:00,0.4216666666666667,0.22410131394863128
2026-01-18 18:00:00+00:00,2026-01-19 14:00:00+00:00,1,20,2026-01-18 12:00:00+00:00,2026-01-18 16:00:50+00:00,0.36166666666666664,0.16942476481199265
2026-01-18 18:00:00+00:00,2026-01-19 15:00:00+00:00,1,21,2026-01-18 12:00:00+00:00,2026-01-18 16:00:50+00:00,0.32666666666666666,0.1258326403796673
2026-01-18 18:00:00+00:00,2026-01-19 16:00:00+00:00,1,22,2026-01-18 12:00:00+00:00,2026-01-18 16:00:50+00:00,0.03333333333333333,0.12827903926372528
2026-01-18 18:00:00+00:00,2026-01-19 17:00:00+00:00,1,23,2026-01-18 12:00:00+00:00,2026-01-18 16:00:50+00:00,0.07,0.12864309176802635
2026-01-18 18:00:00+00:00,2026-01-19 18:00:00+00:00,1,24,2026-01-18 12:00:00+00:00,2026-01-18 16:00:50+00:00,0.015,0.1281435690820217
2026-01-18 18:00:00+00:00,2026-01-19 19:00:00+00:00,1,25,2026-01-18 12:00:00+00:00,2026-01-18 16:00:50+00:00,0.01,0.1537803128361702
2026-01-18 18:00:00+00:00,2026-01-19 20:00:00+00:00,1,26,2026-01-18 12:00:00+00:00,2026-01-18 16:00:50+00:00,0.01,0.184500353038311
2026-01-18 18:00:00+00:00,2026-01-19 21:00:00+00:00,1,27,2026-01-18 12:00:00+00:00,2026-01-18 16:00:50+00:00,0.01,0.21920979917049407
2026-01-18 18:00:00+00:00,2026-01-19 22:00:00+00:00,1,28,2026-01-18 12:00:00+00:00,2026-01-18 16:00:50+00:00,0.01,0.18913240134716033
2026-01-18 18:00:00+00:00,2026-01-19 23:00:00+00:00,1,29,2026-01-18 12:00:00+00:00,2026-01-18 16:00:50+00:00,0.013333333333333334,0.1594810664653778
2026-01-18 18:00:00+00:00,2026-01-20 00:00:00+00:00,1,30,2026-01-18 12:00:00+00:00,2026-01-18 16:00:50+00:00,0.10833333333333334,0.13204365074634553
2026-01-18 18:00:00+00:00,2026-01-20 01:00:00+00:00,1,31,2026-01-18 12:00:00+00:00,2026-01-18 16:00:50+00:00,0.034999999999999996,0.0914160966873169
2026-01-18 18:00:00+00:00,2026-01-20 02:00:00+00:00,1,32,2026-01-18 12:00:00+00:00,2026-01-18 16:00:50+00:00,0.01,0.06592364348471165
2026-01-18 18:00:00+00:00,2026-01-20 03:00:00+00:00,1,33,2026-01-18 12:00:00+00:00,2026-01-18 16:00:50+00:00,0.01,0.04865354839712381
2026-01-18 18:00:00+00:00,2026-01-20 04:00:00+00:00,1,34,2026-01-18 12:00:00+00:00,2026-01-18 16:00:50+00:00,0.01,0.040590547025203705
2026-01-18 18:00:00+00:00,2026-01-20 05:00:00+00:00,1,35,2026-01-18 12:00:00+00:00,2026-01-18 16:00:50+00:00,0.018333333333333333,0.03617798974737525
2026-01-18 18:00:00+00:00,2026-01-20 06:00:00+00:00,1,36,2026-01-18 12:00:00+00:00,2026-01-18 16:00:50+00:00,0.051666666666666666,0.03441831972450018
2026-01-18 18:00:00+00:00,2026-01-20 07:00:00+00:00,1,37,2026-01-18 12:00:00+00:00,2026-01-18 16:00:50+00:00,0.018333333333333333,0.02601589011028409
2026-01-18 18:00:00+00:00,2026-01-20 08:00:00+00:00,1,38,2026-01-18 12:00:00+00:00,2026-01-18 16:00:50+00:00,0.03,0.02287612119689584
2026-01-18 18:00:00+00:00,2026-01-20 09:00:00+00:00,1,39,2026-01-18 12:00:00+00:00,2026-01-18 16:00:50+00:00,0.09333333333333334,0.025415389612317086
2026-01-18 18:00:00+00:00,2026-01-20 10:00:00+00:00,1,40,2026-01-18 12:00:00+00:00,2026-01-18 16:00:50+00:00,0.034999999999999996,0.01715683329384774
2026-01-18 18:00:00+00:00,2026-01-20 11:00:00+00:00,1,41,2026-01-18 12:00:00+00:00,2026-01-18 16:00:50+00:00,0.013333333333333334,0.011096953856758773
2026-01-18 18:00:00+00:00,2026-01-20 12:00:00+00:00,1,42,2026-01-18 12:00:00+00:00,2026-01-18 16:00:50+00:00,0.01,0.02997422656044364
2026-01-18 18:00:00+00:00,2026-01-20 13:00:00+00:00,1,43,2026-01-18 12:00:00+00:00,2026-01-18 16:00:50+00:00,0.01,0.027043899055570364
2026-01-18 18:00:00+00:00,2026-01-20 14:00:00+00:00,1,44,2026-01-18 12:00:00+00:00,2026-01-18 16:00:50+00:00,0.01,0.022825740929692983
2026-01-18 18:00:00+00:00,2026-01-20 15:00:00+00:00,1,45,2026-01-18 12:00:00+00:00,2026-01-18 16:00:50+00:00,0.01,0.02092186873778701
2026-01-18 18:00:00+00:00,2026-01-20 16:00:00+00:00,1,46,2026-01-18 12:00:00+00:00,2026-01-18 16:00:50+00:00,0.01,0.018096137000247835
2026-01-18 18:00:00+00:00,2026-01-20 17:00:00+00:00,1,47,2026-01-18 12:00:00+00:00,2026-01-18 16:00:50+00:00,0.041666666666666664,0.023813288379460573
2026-01-18 18:00:00+00:00,2026-01-20 18:00:00+00:00,1,48,2026-01-18 12:00:00+00:00,2026-01-18 16:00:50+00:00,0.18333333333333335,0.030403741169720888
2026-01-18 18:00:00+00:00,2026-01-18 19:00:00+00:00,2,1,2026-01-18 12:00:00+00:00,2026-01-18 16:00:50+00:00,0.35000000000000003,0.1381114602088928
2026-01-18 18:00:00+00:00,2026-01-18 20:00:00+00:00,2,2,2026-01-18 12:00:00+00:00,2026-01-18 16:00:50+00:00,0.505,0.23335737586021424
2026-01-18 18:00:00+00:00,2026-01-18 21:00:00+00:00,2,3,2026-01-18 12:00:00+00:00,2026-01-18 16:00:50+00:00,0.5033333333333333,0.3781722366809845
2026-01-18 18:00:00+00:00,2026-01-18 22:00:00+00:00,2,4,2026-01-18 12:00:00+00:00,2026-01-18 16:00:50+00:00,0.36999999999999994,0.3786214977502823
2026-01-18 18:00:00+00:00,2026-01-18 23:00:00+00:00,2,5,2026-01-18 12:00:00+00:00,2026-01-18 16:00:50+00:00,0.345,0.416410094499588
2026-01-18 18:00:00+00:00,2026-01-19 00:00:00+00:00,2,6,2026-01-18 12:00:00+00:00,2026-01-18 16:00:50+00:00,0.5033333333333333,0.44624694585800173
2026-01-18 18:00:00+00:00,2026-01-19 01:00:00+00:00,2,7,2026-01-18 12:00:00+00:00,2026-01-18 16:00:50+00:00,0.33666666666666667,0.37490341663360593
2026-01-18 18:00:00+00:00,2026-01-19 02:00:00+00:00,2,8,2026-01-18 12:00:00+00:00,2026-01-18 16:00:50+00:00,0.13666666666666666,0.33009387254714967
2026-01-18 18:00:00+00:00,2026-01-19 03:00:00+00:00,2,9,2026-01-18 12:00:00+00:00,2026-01-18 16:00:50+00:00,0.21333333333333335,0.2911572217941284
2026-01-18 18:00:00+00:00,2026-01-19 04:00:00+00:00,2,10,2026-01-18 12:00:00+00:00,2026-01-18 16:00:50+00:00,0.3116666666666667,0.3308608949184418
2026-01-18 18:00:00+00:00,2026-01-19 05:00:00+00:00,2,11,2026-01-18 12:00:00+00:00,2026-01-18 16:00:50+00:00,0.22666666666666668,0.39662514328956605
2026-01-18 18:00:00+00:00,2026-01-19 06:00:00+00:00,2,12,2026-01-18 12:00:00+00:00,2026-01-18 16:00:50+00:00,0.3016666666666667,0.509917575120926
2026-01-18 18:00:00+00:00,2026-01-19 07:00:00+00:00,2,13,2026-01-18 12:00:00+00:00,2026-01-18 16:00:50+00:00,0.3333333333333333,0.5385512590408326
2026-01-18 18:00:00+00:00,2026-01-19 08:00:00+00:00,2,14,2026-01-18 12:00:00+00:00,2026-01-18 16:00:50+00:00,0.2916666666666667,0.5986602127552032
2026-01-18 18:00:00+00:00,2026-01-19 09:00:00+00:00,2,15,2026-01-18 12:00:00+00:00,2026-01-18 16:00:50+00:00,0.305,0.6823993802070618
2026-01-18 18:00:00+00:00,2026-01-19 10:00:00+00:00,2,16,2026-01-18 12:00:00+00:00,2026-01-18 16:00:50+00:00,0.27999999999999997,0.5680497050285339
2026-01-18 18:00:00+00:00,2026-01-19 11:00:00+00:00,2,17,2026-01-18 12:00:00+00:00,2026-01-18 16:00:50+00:00,0.16833333333333333,0.42967382073402405
2026-01-18 18:00:00+00:00,2026-01-19 12:00:00+00:00,2,18,2026-01-18 12:00:00+00:00,2026-01-18 16:00:50+00:00,0.30666666666666664,0.28083911538124084
2026-01-18 18:00:00+00:00,2026-01-19 13:00:00+00:00,2,19,2026-01-18 12:00:00+00:00,2026-01-18 16:00:50+00:00,0.4816666666666667,0.21066013723611832
2026-01-18 18:00:00+00:00,2026-01-19 14:00:00+00:00,2,20,2026-01-18 12:00:00+00:00,2026-01-18 16:00:50+00:00,0.295,0.15341309756040572
2026-01-18 18:00:00+00:00,2026-01-19 15:00:00+00:00,2,21,2026-01-18 12:00:00+00:00,2026-01-18 16:00:50+00:00,0.24833333333333332,0.11153152585029602
2026-01-18 18:00:00+00:00,2026-01-19 16:00:00+00:00,2,22,2026-01-18 12:00:00+00:00,2026-01-18 16:00:50+00:00,0.018333333333333333,0.11297287568449974
2026-01-18 18:00:00+00:00,2026-01-19 17:00:00+00:00,2,23,2026-01-18 12:00:00+00:00,2026-01-18 16:00:50+00:00,0.06,0.11211278438568115
2026-01-18 18:00:00+00:00,2026-01-19 18:00:00+00:00,2,24,2026-01-18 12:00:00+00:00,2026-01-18 16:00:50+00:00,0.02,0.10968768075108529
2026-01-18 18:00:00+00:00,2026-01-19 19:00:00+00:00,2,25,2026-01-18 12:00:00+00:00,2026-01-18 16:00:50+00:00,0.01,0.12994814589619635
2026-01-18 18:00:00+00:00,2026-01-19 20:00:00+00:00,2,26,2026-01-18 12:00:00+00:00,2026-01-18 16:00:50+00:00,0.01,0.1553225263953209
2026-01-18 18:00:00+00:00,2026-01-19 21:00:00+00:00,2,27,2026-01-18 12:00:00+00:00,2026-01-18 16:00:50+00:00,0.008333333333333333,0.18586270809173583
2026-01-18 18:00:00+00:00,2026-01-19 22:00:00+00:00,2,28,2026-01-18 12:00:00+00:00,2026-01-18 16:00:50+00:00,0.01,0.16023558825254441
2026-01-18 18:00:00+00:00,2026-01-19 23:00:00+00:00,2,29,2026-01-18 12:00:00+00:00,2026-01-18 16:00:50+00:00,0.011666666666666667,0.13583459258079528
2026-01-18 18:00:00+00:00,2026-01-20 00:00:00+00:00,2,30,2026-01-18 12:00:00+00:00,2026-01-18 16:00:50+00:00,0.075,0.11300648525357246
2026-01-18 18:00:00+00:00,2026-01-20 01:00:00+00:00,2,31,2026-01-18 12:00:00+00:00,2026-01-18 16:00:50+00:00,0.02,0.07797670625150203
2026-01-18 18:00:00+00:00,2026-01-20 02:00:00+00:00,2,32,2026-01-18 12:00:00+00:00,2026-01-18 16:00:50+00:00,0.01,0.055804351717233656
2026-01-18 18:00:00+00:00,2026-01-20 03:00:00+00:00,2,33,2026-01-18 12:00:00+00:00,2026-01-18 16:00:50+00:00,0.008333333333333333,0.04153161197900772
2026-01-18 18:00:00+00:00,2026-01-20 04:00:00+00:00,2,34,2026-01-18 12:00:00+00:00,2026-01-18 16:00:50+00:00,0.008333333333333333,0.0362629409879446
2026-01-18 18:00:00+00:00,2026-01-20 05:00:00+00:00,2,35,2026-01-18 12:00:00+00:00,2026-01-18 16:00:50+00:00,0.02,0.03298988090828061
2026-01-18 18:00:00+00:00,2026-01-20 06:00:00+00:00,2,36,2026-01-18 12:00:00+00:00,2026-01-18 16:00:50+00:00,0.06,0.03186764270067215
2026-01-18 18:00:00+00:00,2026-01-20 07:00:00+00:00,2,37,2026-01-18 12:00:00+00:00,2026-01-18 16:00:50+00:00,0.011666666666666667,0.024241339322179555
2026-01-18 18:00:00+00:00,2026-01-20 08:00:00+00:00,2,38,2026-01-18 12:00:00+00:00,2026-01-18 16:00:50+00:00,0.03333333333333333,0.021520625986158847
2026-01-18 18:00:00+00:00,2026-01-20 09:00:00+00:00,2,39,2026-01-18 12:00:00+00:00,2026-01-18 16:00:50+00:00,0.08333333333333333,0.024102460592985153
2026-01-18 18:00:00+00:00,2026-01-20 10:00:00+00:00,2,40,2026-01-18 12:00:00+00:00,2026-01-18 16:00:50+00:00,0.04,0.015977606480009853
2026-01-18 18:00:00+00:00,2026-01-20 11:00:00+00:00,2,41,2026-01-18 12:00:00+00:00,2026-01-18 16:00:50+00:00,0.016666666666666666,0.00991427106782794
2026-01-18 18:00:00+00:00,2026-01-20 12:00:00+00:00,2,42,2026-01-18 12:00:00+00:00,2026-01-18 16:00:50+00:00,0.008333333333333333,0.026926013734191658
2026-01-18 18:00:00+00:00,2026-01-20 13:00:00+00:00,2,43,2026-01-18 12:00:00+00:00,2026-01-18 16:00:50+00:00,0.01,0.023316147923469543
2026-01-18 18:00:00+00:00,2026-01-20 14:00:00+00:00,2,44,2026-01-18 12:00:00+00:00,2026-01-18 16:00:50+00:00,0.01,0.019674171041697264
2026-01-18 18:00:00+00:00,2026-01-20 15:00:00+00:00,2,45,2026-01-18 12:00:00+00:00,2026-01-18 16:00:50+00:00,0.01,0.018020762782543897
2026-01-18 18:00:00+00:00,2026-01-20 16:00:00+00:00,2,46,2026-01-18 12:00:00+00:00,2026-01-18 16:00:50+00:00,0.01,0.01541206669062376
2026-01-18 18:00:00+00:00,2026-01-20 17:00:00+00:00,2,47,2026-01-18 12:00:00+00:00,2026-01-18 16:00:50+00:00,0.034999999999999996,0.019411528203636407
2026-01-18 18:00:00+00:00,2026-01-20 18:00:00+00:00,2,48,2026-01-18 12:00:00+00:00,2026-01-18 16:00:50+00:00,0.16,0.024379115691408514
2026-01-19 18:00:00+00:00,2026-01-19 19:00:00+00:00,1,1,2026-01-19 12:00:00+00:00,2026-01-19 16:00:27+00:00,0.01,0.08960801959037781
2026-01-19 18:00:00+00:00,2026-01-19 20:00:00+00:00,1,2,2026-01-19 12:00:00+00:00,2026-01-19 16:00:27+00:00,0.01,0.1276569612324238
2026-01-19 18:00:00+00:00,2026-01-19 21:00:00+00:00,1,3,2026-01-19 12:00:00+00:00,2026-01-19 16:00:27+00:00,0.01,0.18625066429376602
2026-01-19 18:00:00+00:00,2026-01-19 22:00:00+00:00,1,4,2026-01-19 12:00:00+00:00,2026-01-19 16:00:27+00:00,0.01,0.1453884169459343
2026-01-19 18:00:00+00:00,2026-01-19 23:00:00+00:00,1,5,2026-01-19 12:00:00+00:00,2026-01-19 16:00:27+00:00,0.013333333333333334,0.1318809911608696
2026-01-19 18:00:00+00:00,2026-01-20 00:00:00+00:00,1,6,2026-01-19 12:00:00+00:00,2026-01-19 16:00:27+00:00,0.10833333333333334,0.11552540734410285
2026-01-19 18:00:00+00:00,2026-01-20 01:00:00+00:00,1,7,2026-01-19 12:00:00+00:00,2026-01-19 16:00:27+00:00,0.034999999999999996,0.06156438812613487
2026-01-19 18:00:00+00:00,2026-01-20 02:00:00+00:00,1,8,2026-01-19 12:00:00+00:00,2026-01-19 16:00:27+00:00,0.01,0.03810665896162391
2026-01-19 18:00:00+00:00,2026-01-20 03:00:00+00:00,1,9,2026-01-19 12:00:00+00:00,2026-01-19 16:00:27+00:00,0.01,0.026285832514986396
2026-01-19 18:00:00+00:00,2026-01-20 04:00:00+00:00,1,10,2026-01-19 12:00:00+00:00,2026-01-19 16:00:27+00:00,0.01,0.020603689085692167
2026-01-19 18:00:00+00:00,2026-01-20 05:00:00+00:00,1,11,2026-01-19 12:00:00+00:00,2026-01-19 16:00:27+00:00,0.018333333333333333,0.019274459360167383
2026-01-19 18:00:00+00:00,2026-01-20 06:00:00+00:00,1,12,2026-01-19 12:00:00+00:00,2026-01-19 16:00:27+00:00,0.051666666666666666,0.022509473841637373
2026-01-19 18:00:00+00:00,2026-01-20 07:00:00+00:00,1,13,2026-01-19 12:00:00+00:00,2026-01-19 16:00:27+00:00,0.018333333333333333,0.017777638137340547
2026-01-19 18:00:00+00:00,2026-01-20 08:00:00+00:00,1,14,2026-01-19 12:00:00+00:00,2026-01-19 16:00:27+00:00,0.03,0.01656434708274901
2026-01-19 18:00:00+00:00,2026-01-20 09:00:00+00:00,1,15,2026-01-19 12:00:00+00:00,2026-01-19 16:00:27+00:00,0.09333333333333334,0.02078130068257451
2026-01-19 18:00:00+00:00,2026-01-20 10:00:00+00:00,1,16,2026-01-19 12:00:00+00:00,2026-01-19 16:00:27+00:00,0.034999999999999996,0.016818803222849964
2026-01-19 18:00:00+00:00,2026-01-20 11:00:00+00:00,1,17,2026-01-19 12:00:00+00:00,2026-01-19 16:00:27+00:00,0.013333333333333334,0.014533022581599653
2026-01-19 18:00:00+00:00,2026-01-20 12:00:00+00:00,1,18,2026-01-19 12:00:00+00:00,2026-01-19 16:00:27+00:00,0.01,0.014310055528767407
2026-01-19 18:00:00+00:00,2026-01-20 13:00:00+00:00,1,19,2026-01-19 12:00:00+00:00,2026-01-19 16:00:27+00:00,0.01,0.013657601922750473
2026-01-19 18:00:00+00:00,2026-01-20 14:00:00+00:00,1,20,2026-01-19 12:00:00+00:00,2026-01-19 16:00:27+00:00,0.01,0.01877521057613194
2026-01-19 18:00:00+00:00,2026-01-20 15:00:00+00:00,1,21,2026-01-19 12:00:00+00:00,2026-01-19 16:00:27+00:00,0.01,0.024473339878022672
2026-01-19 18:00:00+00:00,2026-01-20 16:00:00+00:00,1,22,2026-01-19 12:00:00+00:00,2026-01-19 16:00:27+00:00,0.01,0.030009704921394587
2026-01-19 18:00:00+00:00,2026-01-20 17:00:00+00:00,1,23,2026-01-19 12:00:00+00:00,2026-01-19 16:00:27+00:00,0.041666666666666664,0.037682524509727956
2026-01-19 18:00:00+00:00,2026-01-20 18:00:00+00:00,1,24,2026-01-19 12:00:00+00:00,2026-01-19 16:00:27+00:00,0.18333333333333335,0.05487685352563858
2026-01-19 18:00:00+00:00,2026-01-20 19:00:00+00:00,1,25,2026-01-19 12:00:00+00:00,2026-01-19 16:00:27+00:00,0.2733333333333333,0.0852325901389122
2026-01-19 18:00:00+00:00,2026-01-20 20:00:00+00:00,1,26,2026-01-19 12:00:00+00:00,2026-01-19 16:00:27+00:00,0.26,0.15683897733688354
2026-01-19 18:00:00+00:00,2026-01-20 21:00:00+00:00,1,27,2026-01-19 12:00:00+00:00,2026-01-19 16:00:27+00:00,0.39166666666666666,0.2955103129148483
2026-01-19 18:00:00+00:00,2026-01-20 22:00:00+00:00,1,28,2026-01-19 12:00:00+00:00,2026-01-19 16:00:27+00:00,0.6733333333333333,0.3190516859292984
2026-01-19 18:00:00+00:00,2026-01-20 23:00:00+00:00,1,29,2026-01-19 12:00:00+00:00,2026-01-19 16:00:27+00:00,0.8016666666666667,0.3474473714828491
2026-01-19 18:00:00+00:00,2026-01-21 00:00:00+00:00,1,30,2026-01-19 12:00:00+00:00,2026-01-19 16:00:27+00:00,0.9466666666666667,0.3832891404628754
2026-01-19 18:00:00+00:00,2026-01-21 01:00:00+00:00,1,31,2026-01-19 12:00:00+00:00,2026-01-19 16:00:27+00:00,0.8866666666666667,0.3669541835784912
2026-01-19 18:00:00+00:00,2026-01-21 02:00:00+00:00,1,32,2026-01-19 12:00:00+00:00,2026-01-19 16:00:27+00:00,0.9933333333333333,0.35023156404495237
2026-01-19 18:00:00+00:00,2026-01-21 03:00:00+00:00,1,33,2026-01-19 12:00:00+00:00,2026-01-19 16:00:27+00:00,0.9899999999999999,0.3330882877111435
2026-01-19 18:00:00+00:00,2026-01-21 04:00:00+00:00,1,34,2026-01-19 12:00:00+00:00,2026-01-19 16:00:27+00:00,0.9899999999999999,0.3609910637140274
2026-01-19 18:00:00+00:00,2026-01-21 05:00:00+00:00,1,35,2026-01-19 12:00:00+00:00,2026-01-19 16:00:27+00:00,0.9466666666666667,0.40629506707191465
2026-01-19 18:00:00+00:00,2026-01-21 06:00:00+00:00,1,36,2026-01-19 12:00:00+00:00,2026-01-19 16:00:27+00:00,0.9899999999999999,0.4841622471809387
2026-01-19 18:00:00+00:00,2026-01-21 07:00:00+00:00,1,37,2026-01-19 12:00:00+00:00,2026-01-19 16:00:27+00:00,0.9899999999999999,0.5513249337673187
2026-01-19 18:00:00+00:00,2026-01-21 08:00:00+00:00,1,38,2026-01-19 12:00:00+00:00,2026-01-19 16:00:27+00:00,0.9883333333333333,0.6491765856742859
2026-01-19 18:00:00+00:00,2026-01-21 09:00:00+00:00,1,39,2026-01-19 12:00:00+00:00,2026-01-19 16:00:27+00:00,0.9883333333333333,0.7525963306427002
2026-01-19 18:00:00+00:00,2026-01-21 10:00:00+00:00,1,40,2026-01-19 12:00:00+00:00,2026-01-19 16:00:27+00:00,0.9583333333333334,0.7428347945213318
2026-01-19 18:00:00+00:00,2026-01-21 11:00:00+00:00,1,41,2026-01-19 12:00:00+00:00,2026-01-19 16:00:27+00:00,0.9883333333333333,0.7188097476959229
2026-01-19 18:00:00+00:00,2026-01-21 12:00:00+00:00,1,42,2026-01-19 12:00:00+00:00,2026-01-19 16:00:27+00:00,0.98,0.6590095520019531
2026-01-19 18:00:00+00:00,2026-01-21 13:00:00+00:00,1,43,2026-01-19 12:00:00+00:00,2026-01-19 16:00:27+00:00,0.36166666666666664,0.6365359783172607
2026-01-19 18:00:00+00:00,2026-01-21 14:00:00+00:00,1,44,2026-01-19 12:00:00+00:00,2026-01-19 16:00:27+00:00,0.06,0.5936896800994873
2026-01-19 18:00:00+00:00,2026-01-21 15:00:00+00:00,1,45,2026-01-19 12:00:00+00:00,2026-01-19 16:00:27+00:00,0.21666666666666667,0.5398166477680206
2026-01-19 18:00:00+00:00,2026-01-21 16:00:00+00:00,1,46,2026-01-19 12:00:00+00:00,2026-01-19 16:00:27+00:00,0.18666666666666668,0.5679956436157226
2026-01-19 18:00:00+00:00,2026-01-21 17:00:00+00:00,1,47,2026-01-19 12:00:00+00:00,2026-01-19 16:00:27+00:00,0.17833333333333334,0.5876324057579041
2026-01-19 18:00:00+00:00,2026-01-21 18:00:00+00:00,1,48,2026-01-19 12:00:00+00:00,2026-01-19 16:00:27+00:00,0.3283333333333333,0.6063391089439392
2026-01-19 18:00:00+00:00,2026-01-19 19:00:00+00:00,2,1,2026-01-19 12:00:00+00:00,2026-01-19 16:00:27+00:00,0.01,0.07917296811938286
2026-01-19 18:00:00+00:00,2026-01-19 20:00:00+00:00,2,2,2026-01-19 12:00:00+00:00,2026-01-19 16:00:27+00:00,0.01,0.11158849745988846
2026-01-19 18:00:00+00:00,2026-01-19 21:00:00+00:00,2,3,2026-01-19 12:00:00+00:00,2026-01-19 16:00:27+00:00,0.008333333333333333,0.16307789832353592
2026-01-19 18:00:00+00:00,2026-01-19 22:00:00+00:00,2,4,2026-01-19 12:00:00+00:00,2026-01-19 16:00:27+00:00,0.01,0.12762312591075897
2026-01-19 18:00:00+00:00,2026-01-19 23:00:00+00:00,2,5,2026-01-19 12:00:00+00:00,2026-01-19 16:00:27+00:00,0.011666666666666667,0.11566446572542191
2026-01-19 18:00:00+00:00,2026-01-20 00:00:00+00:00,2,6,2026-01-19 12:00:00+00:00,2026-01-19 16:00:27+00:00,0.075,0.10293604135513305
2026-01-19 18:00:00+00:00,2026-01-20 01:00:00+00:00,2,7,2026-01-19 12:00:00+00:00,2026-01-19 16:00:27+00:00,0.02,0.05278230495750904
2026-01-19 18:00:00+00:00,2026-01-20 02:00:00+00:00,2,8,2026-01-19 12:00:00+00:00,2026-01-19 16:00:27+00:00,0.01,0.033253869786858556
2026-01-19 18:00:00+00:00,2026-01-20 03:00:00+00:00,2,9,2026-01-19 12:00:00+00:00,2026-01-19 16:00:27+00:00,0.008333333333333333,0.024003541888669135
2026-01-19 18:00:00+00:00,2026-01-20 04:00:00+00:00,2,10,2026-01-19 12:00:00+00:00,2026-01-19 16:00:27+00:00,0.008333333333333333,0.019273291807621717
2026-01-19 18:00:00+00:00,2026-01-20 05:00:00+00:00,2,11,2026-01-19 12:00:00+00:00,2026-01-19 16:00:27+00:00,0.02,0.01824730783700943
2026-01-19 18:00:00+00:00,2026-01-20 06:00:00+00:00,2,12,2026-01-19 12:00:00+00:00,2026-01-19 16:00:27+00:00,0.06,0.021203431859612466
2026-01-19 18:00:00+00:00,2026-01-20 07:00:00+00:00,2,13,2026-01-19 12:00:00+00:00,2026-01-19 16:00:27+00:00,0.011666666666666667,0.016089965356513858
2026-01-19 18:00:00+00:00,2026-01-20 08:00:00+00:00,2,14,2026-01-19 12:00:00+00:00,2026-01-19 16:00:27+00:00,0.03333333333333333,0.014742904365994037
2026-01-19 18:00:00+00:00,2026-01-20 09:00:00+00:00,2,15,2026-01-19 12:00:00+00:00,2026-01-19 16:00:27+00:00,0.08333333333333333,0.019668749999254942
2026-01-19 18:00:00+00:00,2026-01-20 10:00:00+00:00,2,16,2026-01-19 12:00:00+00:00,2026-01-19 16:00:27+00:00,0.04,0.015231422311626375
2026-01-19 18:00:00+00:00,2026-01-20 11:00:00+00:00,2,17,2026-01-19 12:00:00+00:00,2026-01-19 16:00:27+00:00,0.016666666666666666,0.01317003071308136
2026-01-19 18:00:00+00:00,2026-01-20 12:00:00+00:00,2,18,2026-01-19 12:00:00+00:00,2026-01-19 16:00:27+00:00,0.008333333333333333,0.01311369372997433
2026-01-19 18:00:00+00:00,2026-01-20 13:00:00+00:00,2,19,2026-01-19 12:00:00+00:00,2026-01-19 16:00:27+00:00,0.01,0.01198722596745938
2026-01-19 18:00:00+00:00,2026-01-20 14:00:00+00:00,2,20,2026-01-19 12:00:00+00:00,2026-01-19 16:00:27+00:00,0.01,0.016737615619786084
2026-01-19 18:00:00+00:00,2026-01-20 15:00:00+00:00,2,21,2026-01-19 12:00:00+00:00,2026-01-19 16:00:27+00:00,0.01,0.021603364730253816
2026-01-19 18:00:00+00:00,2026-01-20 16:00:00+00:00,2,22,2026-01-19 12:00:00+00:00,2026-01-19 16:00:27+00:00,0.01,0.02640397334471345
2026-01-19 18:00:00+00:00,2026-01-20 17:00:00+00:00,2,23,2026-01-19 12:00:00+00:00,2026-01-19 16:00:27+00:00,0.034999999999999996,0.033713163994252685
2026-01-19 18:00:00+00:00,2026-01-20 18:00:00+00:00,2,24,2026-01-19 12:00:00+00:00,2026-01-19 16:00:27+00:00,0.16,0.049442635476589204
2026-01-19 18:00:00+00:00,2026-01-20 19:00:00+00:00,2,25,2026-01-19 12:00:00+00:00,2026-01-19 16:00:27+00:00,0.26333333333333336,0.07655198499560356
2026-01-19 18:00:00+00:00,2026-01-20 20:00:00+00:00,2,26,2026-01-19 12:00:00+00:00,2026-01-19 16:00:27+00:00,0.2966666666666667,0.1366865038871765
2026-01-19 18:00:00+00:00,2026-01-20 21:00:00+00:00,2,27,2026-01-19 12:00:00+00:00,2026-01-19 16:00:27+00:00,0.44,0.2619376301765442
2026-01-19 18:00:00+00:00,2026-01-20 22:00:00+00:00,2,28,2026-01-19 12:00:00+00:00,2026-01-19 16:00:27+00:00,0.6516666666666667,0.28803539276123047
2026-01-19 18:00:00+00:00,2026-01-20 23:00:00+00:00,2,29,2026-01-19 12:00:00+00:00,2026-01-19 16:00:27+00:00,0.835,0.32184436321258547
2026-01-19 18:00:00+00:00,2026-01-21 00:00:00+00:00,2,30,2026-01-19 12:00:00+00:00,2026-01-19 16:00:27+00:00,0.945,0.3601614773273468
2026-01-19 18:00:00+00:00,2026-01-21 01:00:00+00:00,2,31,2026-01-19 12:00:00+00:00,2026-01-19 16:00:27+00:00,0.8866666666666667,0.3460232257843018
2026-01-19 18:00:00+00:00,2026-01-21 02:00:00+00:00,2,32,2026-01-19 12:00:00+00:00,2026-01-19 16:00:27+00:00,0.9816666666666666,0.33660225868225097
2026-01-19 18:00:00+00:00,2026-01-21 03:00:00+00:00,2,33,2026-01-19 12:00:00+00:00,2026-01-19 16:00:27+00:00,0.9866666666666667,0.32666118144989015
2026-01-19 18:00:00+00:00,2026-01-21 04:00:00+00:00,2,34,2026-01-19 12:00:00+00:00,2026-01-19 16:00:27+00:00,0.9899999999999999,0.36228386759757997
2026-01-19 18:00:00+00:00,2026-01-21 05:00:00+00:00,2,35,2026-01-19 12:00:00+00:00,2026-01-19 16:00:27+00:00,0.9333333333333332,0.4135982871055603
2026-01-19 18:00:00+00:00,2026-01-21 06:00:00+00:00,2,36,2026-01-19 12:00:00+00:00,2026-01-19 16:00:27+00:00,0.9883333333333333,0.4925301492214203
2026-01-19 18:00:00+00:00,2026-01-21 07:00:00+00:00,2,37,2026-01-19 12:00:00+00:00,2026-01-19 16:00:27+00:00,0.9899999999999999,0.568017840385437
2026-01-19 18:00:00+00:00,2026-01-21 08:00:00+00:00,2,38,2026-01-19 12:00:00+00:00,2026-01-19 16:00:27+00:00,0.9899999999999999,0.6662883877754211
2026-01-19 18:00:00+00:00,2026-01-21 09:00:00+00:00,2,39,2026-01-19 12:00:00+00:00,2026-01-19 16:00:27+00:00,0.9866666666666667,0.7691729307174683
2026-01-19 18:00:00+00:00,2026-01-21 10:00:00+00:00,2,40,2026-01-19 12:00:00+00:00,2026-01-19 16:00:27+00:00,0.975,0.7552874207496643
2026-01-19 18:00:00+00:00,2026-01-21 11:00:00+00:00,2,41,2026-01-19 12:00:00+00:00,2026-01-19 16:00:27+00:00,0.985,0.7229236841201783
2026-01-19 18:00:00+00:00,2026-01-21 12:00:00+00:00,2,42,2026-01-19 12:00:00+00:00,2026-01-19 16:00:27+00:00,0.9866666666666667,0.6504830360412598
2026-01-19 18:00:00+00:00,2026-01-21 13:00:00+00:00,2,43,2026-01-19 12:00:00+00:00,2026-01-19 16:00:27+00:00,0.2816666666666667,0.6190092325210571
2026-01-19 18:00:00+00:00,2026-01-21 14:00:00+00:00,2,44,2026-01-19 12:00:00+00:00,2026-01-19 16:00:27+00:00,0.05333333333333334,0.5725802958011628
2026-01-19 18:00:00+00:00,2026-01-21 15:00:00+00:00,2,45,2026-01-19 12:00:00+00:00,2026-01-19 16:00:27+00:00,0.17166666666666666,0.5122377514839173
2026-01-19 18:00:00+00:00,2026-01-21 16:00:00+00:00,2,46,2026-01-19 12:00:00+00:00,2026-01-19 16:00:27+00:00,0.19999999999999998,0.5392279326915741
2026-01-19 18:00:00+00:00,2026-01-21 17:00:00+00:00,2,47,2026-01-19 12:00:00+00:00,2026-01-19 16:00:27+00:00,0.15833333333333333,0.5639215886592865
2026-01-19 18:00:00+00:00,2026-01-21 18:00:00+00:00,2,48,2026-01-19 12:00:00+00:00,2026-01-19 16:00:27+00:00,0.315,0.5856616377830506
2026-01-20 18:00:00+00:00,2026-01-20 19:00:00+00:00,1,1,2026-01-20 12:00:00+00:00,2026-01-20 16:00:16+00:00,0.2733333333333333,0.2787994652986526
2026-01-20 18:00:00+00:00,2026-01-20 20:00:00+00:00,1,2,2026-01-20 12:00:00+00:00,2026-01-20 16:00:16+00:00,0.26,0.39083691239356994
2026-01-20 18:00:00+00:00,2026-01-20 21:00:00+00:00,1,3,2026-01-20 12:00:00+00:00,2026-01-20 16:00:16+00:00,0.39166666666666666,0.5296069562435151
2026-01-20 18:00:00+00:00,2026-01-20 22:00:00+00:00,1,4,2026-01-20 12:00:00+00:00,2026-01-20 16:00:16+00:00,0.6733333333333333,0.5342292666435242
2026-01-20 18:00:00+00:00,2026-01-20 23:00:00+00:00,1,5,2026-01-20 12:00:00+00:00,2026-01-20 16:00:16+00:00,0.8016666666666667,0.5686069667339325
2026-01-20 18:00:00+00:00,2026-01-21 00:00:00+00:00,1,6,2026-01-20 12:00:00+00:00,2026-01-20 16:00:16+00:00,0.9466666666666667,0.5942374706268311
2026-01-20 18:00:00+00:00,2026-01-21 01:00:00+00:00,1,7,2026-01-20 12:00:00+00:00,2026-01-20 16:00:16+00:00,0.8866666666666667,0.568199771642685
2026-01-20 18:00:00+00:00,2026-01-21 02:00:00+00:00,1,8,2026-01-20 12:00:00+00:00,2026-01-20 16:00:16+00:00,0.9933333333333333,0.56819669008255
2026-01-20 18:00:00+00:00,2026-01-21 03:00:00+00:00,1,9,2026-01-20 12:00:00+00:00,2026-01-20 16:00:16+00:00,0.9899999999999999,0.5780729115009308
2026-01-20 18:00:00+00:00,2026-01-21 04:00:00+00:00,1,10,2026-01-20 12:00:00+00:00,2026-01-20 16:00:16+00:00,0.9899999999999999,0.582033634185791
2026-01-20 18:00:00+00:00,2026-01-21 05:00:00+00:00,1,11,2026-01-20 12:00:00+00:00,2026-01-20 16:00:16+00:00,0.9466666666666667,0.6051524341106415
2026-01-20 18:00:00+00:00,2026-01-21 06:00:00+00:00,1,12,2026-01-20 12:00:00+00:00,2026-01-20 16:00:16+00:00,0.9899999999999999,0.6574111104011535
2026-01-20 18:00:00+00:00,2026-01-21 07:00:00+00:00,1,13,2026-01-20 12:00:00+00:00,2026-01-20 16:00:16+00:00,0.9899999999999999,0.733941662311554
2026-01-20 18:00:00+00:00,2026-01-21 08:00:00+00:00,1,14,2026-01-20 12:00:00+00:00,2026-01-20 16:00:16+00:00,0.9883333333333333,0.8174142599105835
2026-01-20 18:00:00+00:00,2026-01-21 09:00:00+00:00,1,15,2026-01-20 12:00:00+00:00,2026-01-20 16:00:16+00:00,0.9883333333333333,0.8850207567214966
2026-01-20 18:00:00+00:00,2026-01-21 10:00:00+00:00,1,16,2026-01-20 12:00:00+00:00,2026-01-20 16:00:16+00:00,0.9583333333333334,0.826719319820404
2026-01-20 18:00:00+00:00,2026-01-21 11:00:00+00:00,1,17,2026-01-20 12:00:00+00:00,2026-01-20 16:00:16+00:00,0.9883333333333333,0.7520224928855896
2026-01-20 18:00:00+00:00,2026-01-21 12:00:00+00:00,1,18,2026-01-20 12:00:00+00:00,2026-01-20 16:00:16+00:00,0.98,0.6261492133140564
2026-01-20 18:00:00+00:00,2026-01-21 13:00:00+00:00,1,19,2026-01-20 12:00:00+00:00,2026-01-20 16:00:16+00:00,0.36166666666666664,0.5625568628311157
2026-01-20 18:00:00+00:00,2026-01-21 14:00:00+00:00,1,20,2026-01-20 12:00:00+00:00,2026-01-20 16:00:16+00:00,0.06,0.47187258005142213
2026-01-20 18:00:00+00:00,2026-01-21 15:00:00+00:00,1,21,2026-01-20 12:00:00+00:00,2026-01-20 16:00:16+00:00,0.21666666666666667,0.37732786536216734
2026-01-20 18:00:00+00:00,2026-01-21 16:00:00+00:00,1,22,2026-01-20 12:00:00+00:00,2026-01-20 16:00:16+00:00,0.18666666666666668,0.4404634892940521
2026-01-20 18:00:00+00:00,2026-01-21 17:00:00+00:00,1,23,2026-01-20 12:00:00+00:00,2026-01-20 16:00:16+00:00,0.17833333333333334,0.5104886770248414
2026-01-20 18:00:00+00:00,2026-01-21 18:00:00+00:00,1,24,2026-01-20 12:00:00+00:00,2026-01-20 16:00:16+00:00,0.3283333333333333,0.5731463015079499
2026-01-20 18:00:00+00:00,2026-01-21 19:00:00+00:00,1,25,2026-01-20 12:00:00+00:00,2026-01-20 16:00:16+00:00,0.44,0.5242086052894592
2026-01-20 18:00:00+00:00,2026-01-21 20:00:00+00:00,1,26,2026-01-20 12:00:00+00:00,2026-01-20 16:00:16+00:00,0.5483333333333333,0.4831522762775421
2026-01-20 18:00:00+00:00,2026-01-21 21:00:00+00:00,1,27,2026-01-20 12:00:00+00:00,2026-01-20 16:00:16+00:00,0.3983333333333334,0.4442406415939331
2026-01-20 18:00:00+00:00,2026-01-21 22:00:00+00:00,1,28,2026-01-20 12:00:00+00:00,2026-01-20 16:00:16+00:00,0.4566666666666667,0.20065572261810302
2026-01-20 18:00:00+00:00,2026-01-21 23:00:00+00:00,1,29,2026-01-20 12:00:00+00:00,2026-01-20 16:00:16+00:00,0.27499999999999997,0.09243156537413597
2026-01-20 18:00:00+00:00,2026-01-22 00:00:00+00:00,1,30,2026-01-20 12:00:00+00:00,2026-01-20 16:00:16+00:00,0.43166666666666664,0.049221485294401644
2026-01-20 18:00:00+00:00,2026-01-22 01:00:00+00:00,1,31,2026-01-20 12:00:00+00:00,2026-01-20 16:00:16+00:00,0.09499999999999999,0.05031795874238014
2026-01-20 18:00:00+00:00,2026-01-22 02:00:00+00:00,1,32,2026-01-20 12:00:00+00:00,2026-01-20 16:00:16+00:00,0.03333333333333333,0.054246478155255316
2026-01-20 18:00:00+00:00,2026-01-22 03:00:00+00:00,1,33,2026-01-20 12:00:00+00:00,2026-01-20 16:00:16+00:00,0.01,0.0649244099855423
2026-01-20 18:00:00+00:00,2026-01-22 04:00:00+00:00,1,34,2026-01-20 12:00:00+00:00,2026-01-20 16:00:16+00:00,0.03333333333333333,0.09460674077272416
2026-01-20 18:00:00+00:00,2026-01-22 05:00:00+00:00,1,35,2026-01-20 12:00:00+00:00,2026-01-20 16:00:16+00:00,0.016666666666666666,0.1473360165953636
2026-01-20 18:00:00+00:00,2026-01-22 06:00:00+00:00,1,36,2026-01-20 12:00:00+00:00,2026-01-20 16:00:16+00:00,0.011666666666666667,0.2250249981880188
2026-01-20 18:00:00+00:00,2026-01-22 07:00:00+00:00,1,37,2026-01-20 12:00:00+00:00,2026-01-20 16:00:16+00:00,0.01,0.08520339578390121
2026-01-20 18:00:00+00:00,2026-01-22 08:00:00+00:00,1,38,2026-01-20 12:00:00+00:00,2026-01-20 16:00:16+00:00,0.15666666666666665,0.04899544958025217
2026-01-20 18:00:00+00:00,2026-01-22 09:00:00+00:00,1,39,2026-01-20 12:00:00+00:00,2026-01-20 16:00:16+00:00,0.32,0.08311586789786815
2026-01-20 18:00:00+00:00,2026-01-22 10:00:00+00:00,1,40,2026-01-20 12:00:00+00:00,2026-01-20 16:00:16+00:00,0.3016666666666667,0.17586726620793341
2026-01-20 18:00:00+00:00,2026-01-22 11:00:00+00:00,1,41,2026-01-20 12:00:00+00:00,2026-01-20 16:00:16+00:00,0.5083333333333333,0.3271729812026024
2026-01-20 18:00:00+00:00,2026-01-22 12:00:00+00:00,1,42,2026-01-20 12:00:00+00:00,2026-01-20 16:00:16+00:00,0.4716666666666667,0.4871459901332855
2026-01-20 18:00:00+00:00,2026-01-22 13:00:00+00:00,1,43,2026-01-20 12:00:00+00:00,2026-01-20 16:00:16+00:00,0.45166666666666666,0.5622963309288025
2026-01-20 18:00:00+00:00,2026-01-22 14:00:00+00:00,1,44,2026-01-20 12:00:00+00:00,2026-01-20 16:00:16+00:00,0.7066666666666667,0.6371076583862305
2026-01-20 18:00:00+00:00,2026-01-22 15:00:00+00:00,1,45,2026-01-20 12:00:00+00:00,2026-01-20 16:00:16+00:00,0.7583333333333333,0.7242359638214111
2026-01-20 18:00:00+00:00,2026-01-22 16:00:00+00:00,1,46,2026-01-20 12:00:00+00:00,2026-01-20 16:00:16+00:00,0.6983333333333333,0.7220180749893188
2026-01-20 18:00:00+00:00,2026-01-22 17:00:00+00:00,1,47,2026-01-20 12:00:00+00:00,2026-01-20 16:00:16+00:00,0.9700000000000001,0.7177305102348328
2026-01-20 18:00:00+00:00,2026-01-22 18:00:00+00:00,1,48,2026-01-20 12:00:00+00:00,2026-01-20 16:00:16+00:00,0.9883333333333333,0.717474389076233
2026-01-20 18:00:00+00:00,2026-01-20 19:00:00+00:00,2,1,2026-01-20 12:00:00+00:00,2026-01-20 16:00:16+00:00,0.26333333333333336,0.26049794554710387
2026-01-20 18:00:00+00:00,2026-01-20 20:00:00+00:00,2,2,2026-01-20 12:00:00+00:00,2026-01-20 16:00:16+00:00,0.2966666666666667,0.3679781794548035
2026-01-20 18:00:00+00:00,2026-01-20 21:00:00+00:00,2,3,2026-01-20 12:00:00+00:00,2026-01-20 16:00:16+00:00,0.44,0.5086142659187317
2026-01-20 18:00:00+00:00,2026-01-20 22:00:00+00:00,2,4,2026-01-20 12:00:00+00:00,2026-01-20 16:00:16+00:00,0.6516666666666667,0.5156090736389161
2026-01-20 18:00:00+00:00,2026-01-20 23:00:00+00:00,2,5,2026-01-20 12:00:00+00:00,2026-01-20 16:00:16+00:00,0.835,0.5587126076221466
2026-01-20 18:00:00+00:00,2026-01-21 00:00:00+00:00,2,6,2026-01-20 12:00:00+00:00,2026-01-20 16:00:16+00:00,0.945,0.5899699807167054
2026-01-20 18:00:00+00:00,2026-01-21 01:00:00+00:00,2,7,2026-01-20 12:00:00+00:00,2026-01-20 16:00:16+00:00,0.8866666666666667,0.5676732778549194
2026-01-20 18:00:00+00:00,2026-01-21 02:00:00+00:00,2,8,2026-01-20 12:00:00+00:00,2026-01-20 16:00:16+00:00,0.9816666666666666,0.570041275024414
2026-01-20 18:00:00+00:00,2026-01-21 03:00:00+00:00,2,9,2026-01-20 12:00:00+00:00,2026-01-20 16:00:16+00:00,0.9866666666666667,0.5845295429229737
2026-01-20 18:00:00+00:00,2026-01-21 04:00:00+00:00,2,10,2026-01-20 12:00:00+00:00,2026-01-20 16:00:16+00:00,0.9899999999999999,0.5949959039688111
2026-01-20 18:00:00+00:00,2026-01-21 05:00:00+00:00,2,11,2026-01-20 12:00:00+00:00,2026-01-20 16:00:16+00:00,0.9333333333333332,0.6269873261451722
2026-01-20 18:00:00+00:00,2026-01-21 06:00:00+00:00,2,12,2026-01-20 12:00:00+00:00,2026-01-20 16:00:16+00:00,0.9883333333333333,0.6789321780204773
2026-01-20 18:00:00+00:00,2026-01-21 07:00:00+00:00,2,13,2026-01-20 12:00:00+00:00,2026-01-20 16:00:16+00:00,0.9899999999999999,0.7526636004447937
2026-01-20 18:00:00+00:00,2026-01-21 08:00:00+00:00,2,14,2026-01-20 12:00:00+00:00,2026-01-20 16:00:16+00:00,0.9899999999999999,0.830932331085205
2026-01-20 18:00:00+00:00,2026-01-21 09:00:00+00:00,2,15,2026-01-20 12:00:00+00:00,2026-01-20 16:00:16+00:00,0.9866666666666667,0.8953368186950683
2026-01-20 18:00:00+00:00,2026-01-21 10:00:00+00:00,2,16,2026-01-20 12:00:00+00:00,2026-01-20 16:00:16+00:00,0.975,0.839757776260376
2026-01-20 18:00:00+00:00,2026-01-21 11:00:00+00:00,2,17,2026-01-20 12:00:00+00:00,2026-01-20 16:00:16+00:00,0.985,0.7563286423683167
2026-01-20 18:00:00+00:00,2026-01-21 12:00:00+00:00,2,18,2026-01-20 12:00:00+00:00,2026-01-20 16:00:16+00:00,0.9866666666666667,0.6313334763050079
2026-01-20 18:00:00+00:00,2026-01-21 13:00:00+00:00,2,19,2026-01-20 12:00:00+00:00,2026-01-20 16:00:16+00:00,0.2816666666666667,0.5642691373825073
2026-01-20 18:00:00+00:00,2026-01-21 14:00:00+00:00,2,20,2026-01-20 12:00:00+00:00,2026-01-20 16:00:16+00:00,0.05333333333333334,0.46299049258232117
2026-01-20 18:00:00+00:00,2026-01-21 15:00:00+00:00,2,21,2026-01-20 12:00:00+00:00,2026-01-20 16:00:16+00:00,0.17166666666666666,0.35761578381061554
2026-01-20 18:00:00+00:00,2026-01-21 16:00:00+00:00,2,22,2026-01-20 12:00:00+00:00,2026-01-20 16:00:16+00:00,0.19999999999999998,0.41360589265823366
2026-01-20 18:00:00+00:00,2026-01-21 17:00:00+00:00,2,23,2026-01-20 12:00:00+00:00,2026-01-20 16:00:16+00:00,0.15833333333333333,0.4781710147857666
2026-01-20 18:00:00+00:00,2026-01-21 18:00:00+00:00,2,24,2026-01-20 12:00:00+00:00,2026-01-20 16:00:16+00:00,0.315,0.5395153164863586
2026-01-20 18:00:00+00:00,2026-01-21 19:00:00+00:00,2,25,2026-01-20 12:00:00+00:00,2026-01-20 16:00:16+00:00,0.4749999999999999,0.48983379602432253
2026-01-20 18:00:00+00:00,2026-01-21 20:00:00+00:00,2,26,2026-01-20 12:00:00+00:00,2026-01-20 16:00:16+00:00,0.52,0.4511785924434662
2026-01-20 18:00:00+00:00,2026-01-21 21:00:00+00:00,2,27,2026-01-20 12:00:00+00:00,2026-01-20 16:00:16+00:00,0.385,0.41704028844833374
2026-01-20 18:00:00+00:00,2026-01-21 22:00:00+00:00,2,28,2026-01-20 12:00:00+00:00,2026-01-20 16:00:16+00:00,0.4283333333333334,0.1794912949204445
2026-01-20 18:00:00+00:00,2026-01-21 23:00:00+00:00,2,29,2026-01-20 12:00:00+00:00,2026-01-20 16:00:16+00:00,0.15166666666666667,0.07856304123997689
2026-01-20 18:00:00+00:00,2026-01-22 00:00:00+00:00,2,30,2026-01-20 12:00:00+00:00,2026-01-20 16:00:16+00:00,0.29833333333333334,0.04173238081857562
2026-01-20 18:00:00+00:00,2026-01-22 01:00:00+00:00,2,31,2026-01-20 12:00:00+00:00,2026-01-20 16:00:16+00:00,0.09000000000000001,0.04339178325608373
2026-01-20 18:00:00+00:00,2026-01-22 02:00:00+00:00,2,32,2026-01-20 12:00:00+00:00,2026-01-20 16:00:16+00:00,0.02666666666666667,0.04818309787660837
2026-01-20 18:00:00+00:00,2026-01-22 03:00:00+00:00,2,33,2026-01-20 12:00:00+00:00,2026-01-20 16:00:16+00:00,0.01,0.058357852324843404
2026-01-20 18:00:00+00:00,2026-01-22 04:00:00+00:00,2,34,2026-01-20 12:00:00+00:00,2026-01-20 16:00:16+00:00,0.028333333333333335,0.08933168798685073
2026-01-20 18:00:00+00:00,2026-01-22 05:00:00+00:00,2,35,2026-01-20 12:00:00+00:00,2026-01-20 16:00:16+00:00,0.016666666666666666,0.14950911253690718
2026-01-20 18:00:00+00:00,2026-01-22 06:00:00+00:00,2,36,2026-01-20 12:00:00+00:00,2026-01-20 16:00:16+00:00,0.01,0.2377060979604721
2026-01-20 18:00:00+00:00,2026-01-22 07:00:00+00:00,2,37,2026-01-20 12:00:00+00:00,2026-01-20 16:00:16+00:00,0.008333333333333333,0.08525550216436387
2026-01-20 18:00:00+00:00,2026-01-22 08:00:00+00:00,2,38,2026-01-20 12:00:00+00:00,2026-01-20 16:00:16+00:00,0.14833333333333334,0.04720782544463873
2026-01-20 18:00:00+00:00,2026-01-22 09:00:00+00:00,2,39,2026-01-20 12:00:00+00:00,2026-01-20 16:00:16+00:00,0.3283333333333333,0.08287282371893526
2026-01-20 18:00:00+00:00,2026-01-22 10:00:00+00:00,2,40,2026-01-20 12:00:00+00:00,2026-01-20 16:00:16+00:00,0.32166666666666666,0.17704802192747593
2026-01-20 18:00:00+00:00,2026-01-22 11:00:00+00:00,2,41,2026-01-20 12:00:00+00:00,2026-01-20 16:00:16+00:00,0.49499999999999994,0.3271361514925957
2026-01-20 18:00:00+00:00,2026-01-22 12:00:00+00:00,2,42,2026-01-20 12:00:00+00:00,2026-01-20 16:00:16+00:00,0.5116666666666666,0.48508245348930357
2026-01-20 18:00:00+00:00,2026-01-22 13:00:00+00:00,2,43,2026-01-20 12:00:00+00:00,2026-01-20 16:00:16+00:00,0.4683333333333333,0.5560589462518692
2026-01-20 18:00:00+00:00,2026-01-22 14:00:00+00:00,2,44,2026-01-20 12:00:00+00:00,2026-01-20 16:00:16+00:00,0.7733333333333333,0.6294811427593231
2026-01-20 18:00:00+00:00,2026-01-22 15:00:00+00:00,2,45,2026-01-20 12:00:00+00:00,2026-01-20 16:00:16+00:00,0.8183333333333334,0.7073347568511963
2026-01-20 18:00:00+00:00,2026-01-22 16:00:00+00:00,2,46,2026-01-20 12:00:00+00:00,2026-01-20 16:00:16+00:00,0.6983333333333334,0.7062966525554657
2026-01-20 18:00:00+00:00,2026-01-22 17:00:00+00:00,2,47,2026-01-20 12:00:00+00:00,2026-01-20 16:00:16+00:00,0.965,0.7035914659500122
2026-01-20 18:00:00+00:00,2026-01-22 18:00:00+00:00,2,48,2026-01-20 12:00:00+00:00,2026-01-20 16:00:16+00:00,0.9783333333333334,0.7019997835159302
2026-01-21 18:00:00+00:00,2026-01-21 19:00:00+00:00,1,1,2026-01-21 12:00:00+00:00,2026-01-21 16:00:30+00:00,0.44,0.6293100953102112
2026-01-21 18:00:00+00:00,2026-01-21 20:00:00+00:00,1,2,2026-01-21 12:00:00+00:00,2026-01-21 16:00:30+00:00,0.5483333333333333,0.6245490193367005
2026-01-21 18:00:00+00:00,2026-01-21 21:00:00+00:00,1,3,2026-01-21 12:00:00+00:00,2026-01-21 16:00:30+00:00,0.3983333333333334,0.6187376141548157
2026-01-21 18:00:00+00:00,2026-01-21 22:00:00+00:00,1,4,2026-01-21 12:00:00+00:00,2026-01-21 16:00:30+00:00,0.4566666666666667,0.2978231072425842
2026-01-21 18:00:00+00:00,2026-01-21 23:00:00+00:00,1,5,2026-01-21 12:00:00+00:00,2026-01-21 16:00:30+00:00,0.27499999999999997,0.10718927979469299
2026-01-21 18:00:00+00:00,2026-01-22 00:00:00+00:00,1,6,2026-01-21 12:00:00+00:00,2026-01-21 16:00:30+00:00,0.43166666666666664,0.043522856943309304
2026-01-21 18:00:00+00:00,2026-01-22 01:00:00+00:00,1,7,2026-01-21 12:00:00+00:00,2026-01-21 16:00:30+00:00,0.09499999999999999,0.043984524346888064
2026-01-21 18:00:00+00:00,2026-01-22 02:00:00+00:00,1,8,2026-01-21 12:00:00+00:00,2026-01-21 16:00:30+00:00,0.03333333333333333,0.039863788336515424
2026-01-21 18:00:00+00:00,2026-01-22 03:00:00+00:00,1,9,2026-01-21 12:00:00+00:00,2026-01-21 16:00:30+00:00,0.01,0.035913771111518146
2026-01-21 18:00:00+00:00,2026-01-22 04:00:00+00:00,1,10,2026-01-21 12:00:00+00:00,2026-01-21 16:00:30+00:00,0.03333333333333333,0.0502660971134901
2026-01-21 18:00:00+00:00,2026-01-22 05:00:00+00:00,1,11,2026-01-21 12:00:00+00:00,2026-01-21 16:00:30+00:00,0.016666666666666666,0.11253840625286102
2026-01-21 18:00:00+00:00,2026-01-22 06:00:00+00:00,1,12,2026-01-21 12:00:00+00:00,2026-01-21 16:00:30+00:00,0.011666666666666667,0.2643045261502266
2026-01-21 18:00:00+00:00,2026-01-22 07:00:00+00:00,1,13,2026-01-21 12:00:00+00:00,2026-01-21 16:00:30+00:00,0.01,0.07741173729300499
2026-01-21 18:00:00+00:00,2026-01-22 08:00:00+00:00,1,14,2026-01-21 12:00:00+00:00,2026-01-21 16:00:30+00:00,0.15666666666666665,0.043675671890378
2026-01-21 18:00:00+00:00,2026-01-22 09:00:00+00:00,1,15,2026-01-21 12:00:00+00:00,2026-01-21 16:00:30+00:00,0.32,0.146029594540596
2026-01-21 18:00:00+00:00,2026-01-22 10:00:00+00:00,1,16,2026-01-21 12:00:00+00:00,2026-01-21 16:00:30+00:00,0.3016666666666667,0.21439764350652696
2026-01-21 18:00:00+00:00,2026-01-22 11:00:00+00:00,1,17,2026-01-21 12:00:00+00:00,2026-01-21 16:00:30+00:00,0.5083333333333333,0.29979462921619415
2026-01-21 18:00:00+00:00,2026-01-22 12:00:00+00:00,1,18,2026-01-21 12:00:00+00:00,2026-01-21 16:00:30+00:00,0.4716666666666667,0.435062900185585
2026-01-21 18:00:00+00:00,2026-01-22 13:00:00+00:00,1,19,2026-01-21 12:00:00+00:00,2026-01-21 16:00:30+00:00,0.45166666666666666,0.48236911594867704
2026-01-21 18:00:00+00:00,2026-01-22 14:00:00+00:00,1,20,2026-01-21 12:00:00+00:00,2026-01-21 16:00:30+00:00,0.7066666666666667,0.5331187546253204
2026-01-21 18:00:00+00:00,2026-01-22 15:00:00+00:00,1,21,2026-01-21 12:00:00+00:00,2026-01-21 16:00:30+00:00,0.7583333333333333,0.58002268075943
2026-01-21 18:00:00+00:00,2026-01-22 16:00:00+00:00,1,22,2026-01-21 12:00:00+00:00,2026-01-21 16:00:30+00:00,0.6983333333333333,0.6577749252319336
2026-01-21 18:00:00+00:00,2026-01-22 17:00:00+00:00,1,23,2026-01-21 12:00:00+00:00,2026-01-21 16:00:30+00:00,0.9700000000000001,0.746821928024292
2026-01-21 18:00:00+00:00,2026-01-22 18:00:00+00:00,1,24,2026-01-21 12:00:00+00:00,2026-01-21 16:00:30+00:00,0.9883333333333333,0.8236900448799134
2026-01-21 18:00:00+00:00,2026-01-22 19:00:00+00:00,1,25,2026-01-21 12:00:00+00:00,2026-01-21 16:00:30+00:00,0.9899999999999999,0.7601052165031433
2026-01-21 18:00:00+00:00,2026-01-22 20:00:00+00:00,1,26,2026-01-21 12:00:00+00:00,2026-01-21 16:00:30+00:00,0.9899999999999999,0.6903813123703003
2026-01-21 18:00:00+00:00,2026-01-22 21:00:00+00:00,1,27,2026-01-21 12:00:00+00:00,2026-01-21 16:00:30+00:00,0.985,0.6142477989196777
2026-01-21 18:00:00+00:00,2026-01-22 22:00:00+00:00,1,28,2026-01-21 12:00:00+00:00,2026-01-21 16:00:30+00:00,0.8333333333333334,0.4635467231273651
2026-01-21 18:00:00+00:00,2026-01-22 23:00:00+00:00,1,29,2026-01-21 12:00:00+00:00,2026-01-21 16:00:30+00:00,0.4566666666666667,0.3152425706386566
2026-01-21 18:00:00+00:00,2026-01-23 00:00:00+00:00,1,30,2026-01-21 12:00:00+00:00,2026-01-21 16:00:30+00:00,0.42333333333333334,0.17988093793392182
2026-01-21 18:00:00+00:00,2026-01-23 01:00:00+00:00,1,31,2026-01-21 12:00:00+00:00,2026-01-21 16:00:30+00:00,0.4566666666666667,0.06303861178457737
2026-01-21 18:00:00+00:00,2026-01-23 02:00:00+00:00,1,32,2026-01-21 12:00:00+00:00,2026-01-21 16:00:30+00:00,0.3,0.024024271592497825
2026-01-21 18:00:00+00:00,2026-01-23 03:00:00+00:00,1,33,2026-01-21 12:00:00+00:00,2026-01-21 16:00:30+00:00,0.7200000000000001,0.01553003778681159
2026-01-21 18:00:00+00:00,2026-01-23 04:00:00+00:00,1,34,2026-01-21 12:00:00+00:00,2026-01-21 16:00:30+00:00,0.8333333333333334,0.01496167159639299
2026-01-21 18:00:00+00:00,2026-01-23 05:00:00+00:00,1,35,2026-01-21 12:00:00+00:00,2026-01-21 16:00:30+00:00,0.9049999999999999,0.016208187351003288
2026-01-21 18:00:00+00:00,2026-01-23 06:00:00+00:00,1,36,2026-01-21 12:00:00+00:00,2026-01-21 16:00:30+00:00,0.5033333333333333,0.02682176111266017
2026-01-21 18:00:00+00:00,2026-01-23 07:00:00+00:00,1,37,2026-01-21 12:00:00+00:00,2026-01-21 16:00:30+00:00,0.23333333333333336,0.058242068812251094
2026-01-21 18:00:00+00:00,2026-01-23 08:00:00+00:00,1,38,2026-01-21 12:00:00+00:00,2026-01-21 16:00:30+00:00,0.125,0.1388825446367264
2026-01-21 18:00:00+00:00,2026-01-23 09:00:00+00:00,1,39,2026-01-21 12:00:00+00:00,2026-01-21 16:00:30+00:00,0.17166666666666666,0.2870589032769203
2026-01-21 18:00:00+00:00,2026-01-23 10:00:00+00:00,1,40,2026-01-21 12:00:00+00:00,2026-01-21 16:00:30+00:00,0.3016666666666667,0.34750013053417206
2026-01-21 18:00:00+00:00,2026-01-23 11:00:00+00:00,1,41,2026-01-21 12:00:00+00:00,2026-01-21 16:00:30+00:00,0.65,0.40872750580310824
2026-01-21 18:00:00+00:00,2026-01-23 12:00:00+00:00,1,42,2026-01-21 12:00:00+00:00,2026-01-21 16:00:30+00:00,0.5233333333333333,0.4660157561302185
2026-01-21 18:00:00+00:00,2026-01-23 13:00:00+00:00,1,43,2026-01-21 12:00:00+00:00,2026-01-21 16:00:30+00:00,0.36333333333333334,0.4534153461456299
2026-01-21 18:00:00+00:00,2026-01-23 14:00:00+00:00,1,44,2026-01-21 12:00:00+00:00,2026-01-21 16:00:30+00:00,0.15166666666666667,0.42796151638031005
2026-01-21 18:00:00+00:00,2026-01-23 15:00:00+00:00,1,45,2026-01-21 12:00:00+00:00,2026-01-21 16:00:30+00:00,0.07333333333333333,0.388619539141655
2026-01-21 18:00:00+00:00,2026-01-23 16:00:00+00:00,1,46,2026-01-21 12:00:00+00:00,2026-01-21 16:00:30+00:00,0.023333333333333334,0.35311655402183534
2026-01-21 18:00:00+00:00,2026-01-23 17:00:00+00:00,1,47,2026-01-21 12:00:00+00:00,2026-01-21 16:00:30+00:00,0.03833333333333334,0.2862402141094208
2026-01-21 18:00:00+00:00,2026-01-23 18:00:00+00:00,1,48,2026-01-21 12:00:00+00:00,2026-01-21 16:00:30+00:00,0.01,0.2176083043217659
2026-01-21 18:00:00+00:00,2026-01-21 19:00:00+00:00,2,1,2026-01-21 12:00:00+00:00,2026-01-21 16:00:30+00:00,0.4749999999999999,0.6100996851921081
2026-01-21 18:00:00+00:00,2026-01-21 20:00:00+00:00,2,2,2026-01-21 12:00:00+00:00,2026-01-21 16:00:30+00:00,0.52,0.5997287034988403
2026-01-21 18:00:00+00:00,2026-01-21 21:00:00+00:00,2,3,2026-01-21 12:00:00+00:00,2026-01-21 16:00:30+00:00,0.385,0.5918273806571961
2026-01-21 18:00:00+00:00,2026-01-21 22:00:00+00:00,2,4,2026-01-21 12:00:00+00:00,2026-01-21 16:00:30+00:00,0.4283333333333334,0.26902765929698946
2026-01-21 18:00:00+00:00,2026-01-21 23:00:00+00:00,2,5,2026-01-21 12:00:00+00:00,2026-01-21 16:00:30+00:00,0.15166666666666667,0.09293035194277763
2026-01-21 18:00:00+00:00,2026-01-22 00:00:00+00:00,2,6,2026-01-21 12:00:00+00:00,2026-01-21 16:00:30+00:00,0.29833333333333334,0.03790212292224169
2026-01-21 18:00:00+00:00,2026-01-22 01:00:00+00:00,2,7,2026-01-21 12:00:00+00:00,2026-01-21 16:00:30+00:00,0.09000000000000001,0.03890780648216605
2026-01-21 18:00:00+00:00,2026-01-22 02:00:00+00:00,2,8,2026-01-21 12:00:00+00:00,2026-01-21 16:00:30+00:00,0.02666666666666667,0.03460633857175708
2026-01-21 18:00:00+00:00,2026-01-22 03:00:00+00:00,2,9,2026-01-21 12:00:00+00:00,2026-01-21 16:00:30+00:00,0.01,0.0326932679861784
2026-01-21 18:00:00+00:00,2026-01-22 04:00:00+00:00,2,10,2026-01-21 12:00:00+00:00,2026-01-21 16:00:30+00:00,0.028333333333333335,0.04757284298539162
2026-01-21 18:00:00+00:00,2026-01-22 05:00:00+00:00,2,11,2026-01-21 12:00:00+00:00,2026-01-21 16:00:30+00:00,0.016666666666666666,0.11368638724088669
2026-01-21 18:00:00+00:00,2026-01-22 06:00:00+00:00,2,12,2026-01-21 12:00:00+00:00,2026-01-21 16:00:30+00:00,0.01,0.275090380012989
2026-01-21 18:00:00+00:00,2026-01-22 07:00:00+00:00,2,13,2026-01-21 12:00:00+00:00,2026-01-21 16:00:30+00:00,0.008333333333333333,0.07853981778025627
2026-01-21 18:00:00+00:00,2026-01-22 08:00:00+00:00,2,14,2026-01-21 12:00:00+00:00,2026-01-21 16:00:30+00:00,0.14833333333333334,0.04032177850604057
2026-01-21 18:00:00+00:00,2026-01-22 09:00:00+00:00,2,15,2026-01-21 12:00:00+00:00,2026-01-21 16:00:30+00:00,0.3283333333333333,0.1456288702785969
2026-01-21 18:00:00+00:00,2026-01-22 10:00:00+00:00,2,16,2026-01-21 12:00:00+00:00,2026-01-21 16:00:30+00:00,0.32166666666666666,0.21877762377262117
2026-01-21 18:00:00+00:00,2026-01-22 11:00:00+00:00,2,17,2026-01-21 12:00:00+00:00,2026-01-21 16:00:30+00:00,0.49499999999999994,0.30127657651901246
2026-01-21 18:00:00+00:00,2026-01-22 12:00:00+00:00,2,18,2026-01-21 12:00:00+00:00,2026-01-21 16:00:30+00:00,0.5116666666666666,0.44416874647140503
2026-01-21 18:00:00+00:00,2026-01-22 13:00:00+00:00,2,19,2026-01-21 12:00:00+00:00,2026-01-21 16:00:30+00:00,0.4683333333333333,0.48613752126693727
2026-01-21 18:00:00+00:00,2026-01-22 14:00:00+00:00,2,20,2026-01-21 12:00:00+00:00,2026-01-21 16:00:30+00:00,0.7733333333333333,0.530767410993576
2026-01-21 18:00:00+00:00,2026-01-22 15:00:00+00:00,2,21,2026-01-21 12:00:00+00:00,2026-01-21 16:00:30+00:00,0.8183333333333334,0.5699861645698547
2026-01-21 18:00:00+00:00,2026-01-22 16:00:00+00:00,2,22,2026-01-21 12:00:00+00:00,2026-01-21 16:00:30+00:00,0.6983333333333334,0.6420839428901672
2026-01-21 18:00:00+00:00,2026-01-22 17:00:00+00:00,2,23,2026-01-21 12:00:00+00:00,2026-01-21 16:00:30+00:00,0.965,0.7242315769195556
2026-01-21 18:00:00+00:00,2026-01-22 18:00:00+00:00,2,24,2026-01-21 12:00:00+00:00,2026-01-21 16:00:30+00:00,0.9783333333333334,0.8104592323303222
2026-01-21 18:00:00+00:00,2026-01-22 19:00:00+00:00,2,25,2026-01-21 12:00:00+00:00,2026-01-21 16:00:30+00:00,0.9816666666666666,0.7452367782592774
2026-01-21 18:00:00+00:00,2026-01-22 20:00:00+00:00,2,26,2026-01-21 12:00:00+00:00,2026-01-21 16:00:30+00:00,0.985,0.6758210182189941
2026-01-21 18:00:00+00:00,2026-01-22 21:00:00+00:00,2,27,2026-01-21 12:00:00+00:00,2026-01-21 16:00:30+00:00,0.9816666666666666,0.6009119272232055
2026-01-21 18:00:00+00:00,2026-01-22 22:00:00+00:00,2,28,2026-01-21 12:00:00+00:00,2026-01-21 16:00:30+00:00,0.8316666666666667,0.44784719347953794
2026-01-21 18:00:00+00:00,2026-01-22 23:00:00+00:00,2,29,2026-01-21 12:00:00+00:00,2026-01-21 16:00:30+00:00,0.4666666666666666,0.30198403000831603
2026-01-21 18:00:00+00:00,2026-01-23 00:00:00+00:00,2,30,2026-01-21 12:00:00+00:00,2026-01-21 16:00:30+00:00,0.43333333333333335,0.1735963299870491
2026-01-21 18:00:00+00:00,2026-01-23 01:00:00+00:00,2,31,2026-01-21 12:00:00+00:00,2026-01-21 16:00:30+00:00,0.4666666666666666,0.058930201828479765
2026-01-21 18:00:00+00:00,2026-01-23 02:00:00+00:00,2,32,2026-01-21 12:00:00+00:00,2026-01-21 16:00:30+00:00,0.3116666666666667,0.023177245724946262
2026-01-21 18:00:00+00:00,2026-01-23 03:00:00+00:00,2,33,2026-01-21 12:00:00+00:00,2026-01-21 16:00:30+00:00,0.71,0.014995322655886411
2026-01-21 18:00:00+00:00,2026-01-23 04:00:00+00:00,2,34,2026-01-21 12:00:00+00:00,2026-01-21 16:00:30+00:00,0.8483333333333333,0.014317309320904314
2026-01-21 18:00:00+00:00,2026-01-23 05:00:00+00:00,2,35,2026-01-21 12:00:00+00:00,2026-01-21 16:00:30+00:00,0.9199999999999999,0.015300966566428542
2026-01-21 18:00:00+00:00,2026-01-23 06:00:00+00:00,2,36,2026-01-21 12:00:00+00:00,2026-01-21 16:00:30+00:00,0.47666666666666674,0.02654738528653979
2026-01-21 18:00:00+00:00,2026-01-23 07:00:00+00:00,2,37,2026-01-21 12:00:00+00:00,2026-01-21 16:00:30+00:00,0.25,0.05746844504028559
2026-01-21 18:00:00+00:00,2026-01-23 08:00:00+00:00,2,38,2026-01-21 12:00:00+00:00,2026-01-21 16:00:30+00:00,0.12833333333333333,0.13910036832094191
2026-01-21 18:00:00+00:00,2026-01-23 09:00:00+00:00,2,39,2026-01-21 12:00:00+00:00,2026-01-21 16:00:30+00:00,0.16833333333333333,0.28923768997192384
2026-01-21 18:00:00+00:00,2026-01-23 10:00:00+00:00,2,40,2026-01-21 12:00:00+00:00,2026-01-21 16:00:30+00:00,0.315,0.35216564387083055
2026-01-21 18:00:00+00:00,2026-01-23 11:00:00+00:00,2,41,2026-01-21 12:00:00+00:00,2026-01-21 16:00:30+00:00,0.6533333333333333,0.41243802905082705
2026-01-21 18:00:00+00:00,2026-01-23 12:00:00+00:00,2,42,2026-01-21 12:00:00+00:00,2026-01-21 16:00:30+00:00,0.5433333333333333,0.4625922471284866
2026-01-21 18:00:00+00:00,2026-01-23 13:00:00+00:00,2,43,2026-01-21 12:00:00+00:00,2026-01-21 16:00:30+00:00,0.3833333333333333,0.4524840325117111
2026-01-21 18:00:00+00:00,2026-01-23 14:00:00+00:00,2,44,2026-01-21 12:00:00+00:00,2026-01-21 16:00:30+00:00,0.15333333333333335,0.42687652409076693
2026-01-21 18:00:00+00:00,2026-01-23 15:00:00+00:00,2,45,2026-01-21 12:00:00+00:00,2026-01-21 16:00:30+00:00,0.07166666666666667,0.38280792236328126
2026-01-21 18:00:00+00:00,2026-01-23 16:00:00+00:00,2,46,2026-01-21 12:00:00+00:00,2026-01-21 16:00:30+00:00,0.023333333333333334,0.34243800342082975
2026-01-21 18:00:00+00:00,2026-01-23 17:00:00+00:00,2,47,2026-01-21 12:00:00+00:00,2026-01-21 16:00:30+00:00,0.03833333333333334,0.27492077052593233
2026-01-21 18:00:00+00:00,2026-01-23 18:00:00+00:00,2,48,2026-01-21 12:00:00+00:00,2026-01-21 16:00:30+00:00,0.01,0.20954912900924683
2026-01-22 18:00:00+00:00,2026-01-22 19:00:00+00:00,1,1,2026-01-22 12:00:00+00:00,2026-01-22 15:59:44+00:00,0.9899999999999999,0.7929206013679504
2026-01-22 18:00:00+00:00,2026-01-22 20:00:00+00:00,1,2,2026-01-22 12:00:00+00:00,2026-01-22 15:59:44+00:00,0.9899999999999999,0.7724809765815734
2026-01-22 18:00:00+00:00,2026-01-22 21:00:00+00:00,1,3,2026-01-22 12:00:00+00:00,2026-01-22 15:59:44+00:00,0.985,0.7444119691848755
2026-01-22 18:00:00+00:00,2026-01-22 22:00:00+00:00,1,4,2026-01-22 12:00:00+00:00,2026-01-22 15:59:44+00:00,0.8333333333333334,0.6075720429420471
2026-01-22 18:00:00+00:00,2026-01-22 23:00:00+00:00,1,5,2026-01-22 12:00:00+00:00,2026-01-22 15:59:44+00:00,0.4566666666666667,0.4623125076293945
2026-01-22 18:00:00+00:00,2026-01-23 00:00:00+00:00,1,6,2026-01-22 12:00:00+00:00,2026-01-22 15:59:44+00:00,0.42333333333333334,0.33412706553936006
2026-01-22 18:00:00+00:00,2026-01-23 01:00:00+00:00,1,7,2026-01-22 12:00:00+00:00,2026-01-22 15:59:44+00:00,0.4566666666666667,0.27979612350463867
2026-01-22 18:00:00+00:00,2026-01-23 02:00:00+00:00,1,8,2026-01-22 12:00:00+00:00,2026-01-22 15:59:44+00:00,0.3,0.2470359683036804
2026-01-22 18:00:00+00:00,2026-01-23 03:00:00+00:00,1,9,2026-01-22 12:00:00+00:00,2026-01-22 15:59:44+00:00,0.7200000000000001,0.22072261869907378
2026-01-22 18:00:00+00:00,2026-01-23 04:00:00+00:00,1,10,2026-01-22 12:00:00+00:00,2026-01-22 15:59:44+00:00,0.8333333333333334,0.245778226852417
2026-01-22 18:00:00+00:00,2026-01-23 05:00:00+00:00,1,11,2026-01-22 12:00:00+00:00,2026-01-22 15:59:44+00:00,0.9049999999999999,0.272992742061615
2026-01-22 18:00:00+00:00,2026-01-23 06:00:00+00:00,1,12,2026-01-22 12:00:00+00:00,2026-01-22 15:59:44+00:00,0.5033333333333333,0.30596674382686617
2026-01-22 18:00:00+00:00,2026-01-23 07:00:00+00:00,1,13,2026-01-22 12:00:00+00:00,2026-01-22 15:59:44+00:00,0.23333333333333336,0.28755474388599395
2026-01-22 18:00:00+00:00,2026-01-23 08:00:00+00:00,1,14,2026-01-22 12:00:00+00:00,2026-01-22 15:59:44+00:00,0.125,0.2838767483830452
2026-01-22 18:00:00+00:00,2026-01-23 09:00:00+00:00,1,15,2026-01-22 12:00:00+00:00,2026-01-22 15:59:44+00:00,0.17166666666666666,0.2872821971774101
2026-01-22 18:00:00+00:00,2026-01-23 10:00:00+00:00,1,16,2026-01-22 12:00:00+00:00,2026-01-22 15:59:44+00:00,0.3016666666666667,0.3130660980939865
2026-01-22 18:00:00+00:00,2026-01-23 11:00:00+00:00,1,17,2026-01-22 12:00:00+00:00,2026-01-22 15:59:44+00:00,0.65,0.3427050173282623
2026-01-22 18:00:00+00:00,2026-01-23 12:00:00+00:00,1,18,2026-01-22 12:00:00+00:00,2026-01-22 15:59:44+00:00,0.5233333333333333,0.3830280900001526
2026-01-22 18:00:00+00:00,2026-01-23 13:00:00+00:00,1,19,2026-01-22 12:00:00+00:00,2026-01-22 15:59:44+00:00,0.36333333333333334,0.4058261036872864
2026-01-22 18:00:00+00:00,2026-01-23 14:00:00+00:00,1,20,2026-01-22 12:00:00+00:00,2026-01-22 15:59:44+00:00,0.15166666666666667,0.43383070826530457
2026-01-22 18:00:00+00:00,2026-01-23 15:00:00+00:00,1,21,2026-01-22 12:00:00+00:00,2026-01-22 15:59:44+00:00,0.07333333333333333,0.469387024641037
2026-01-22 18:00:00+00:00,2026-01-23 16:00:00+00:00,1,22,2026-01-22 12:00:00+00:00,2026-01-22 15:59:44+00:00,0.023333333333333334,0.3542308032512665
2026-01-22 18:00:00+00:00,2026-01-23 17:00:00+00:00,1,23,2026-01-22 12:00:00+00:00,2026-01-22 15:59:44+00:00,0.03833333333333334,0.24025074243545533
2026-01-22 18:00:00+00:00,2026-01-23 18:00:00+00:00,1,24,2026-01-22 12:00:00+00:00,2026-01-22 15:59:44+00:00,0.01,0.1548498421907425
2026-01-22 18:00:00+00:00,2026-01-23 19:00:00+00:00,1,25,2026-01-22 12:00:00+00:00,2026-01-22 15:59:44+00:00,0.01,0.047075642831623556
2026-01-22 18:00:00+00:00,2026-01-23 20:00:00+00:00,1,26,2026-01-22 12:00:00+00:00,2026-01-22 15:59:44+00:00,0.01,0.020219620503485202
2026-01-22 18:00:00+00:00,2026-01-23 21:00:00+00:00,1,27,2026-01-22 12:00:00+00:00,2026-01-22 15:59:44+00:00,0.01,0.026692382618784906
2026-01-22 18:00:00+00:00,2026-01-23 22:00:00+00:00,1,28,2026-01-22 12:00:00+00:00,2026-01-22 15:59:44+00:00,0.01,0.03741611335426569
2026-01-22 18:00:00+00:00,2026-01-23 23:00:00+00:00,1,29,2026-01-22 12:00:00+00:00,2026-01-22 15:59:44+00:00,0.01,0.08191940113902092
2026-01-22 18:00:00+00:00,2026-01-24 00:00:00+00:00,1,30,2026-01-22 12:00:00+00:00,2026-01-22 15:59:44+00:00,0.01,0.2771900147199631
2026-01-22 18:00:00+00:00,2026-01-24 01:00:00+00:00,1,31,2026-01-22 12:00:00+00:00,2026-01-22 15:59:44+00:00,0.03333333333333333,0.3693362683057785
2026-01-22 18:00:00+00:00,2026-01-24 02:00:00+00:00,1,32,2026-01-22 12:00:00+00:00,2026-01-22 15:59:44+00:00,0.10833333333333332,0.46946147084236145
2026-01-22 18:00:00+00:00,2026-01-24 03:00:00+00:00,1,33,2026-01-22 12:00:00+00:00,2026-01-22 15:59:44+00:00,0.71,0.6078346610069275
2026-01-22 18:00:00+00:00,2026-01-24 04:00:00+00:00,1,34,2026-01-22 12:00:00+00:00,2026-01-22 15:59:44+00:00,0.9716666666666667,0.7730364203453064
2026-01-22 18:00:00+00:00,2026-01-24 05:00:00+00:00,1,35,2026-01-22 12:00:00+00:00,2026-01-22 15:59:44+00:00,0.9899999999999999,0.9122820138931275
2026-01-22 18:00:00+00:00,2026-01-24 06:00:00+00:00,1,36,2026-01-22 12:00:00+00:00,2026-01-22 15:59:44+00:00,0.9899999999999999,0.9717076897621155
2026-01-22 18:00:00+00:00,2026-01-24 07:00:00+00:00,1,37,2026-01-22 12:00:00+00:00,2026-01-22 15:59:44+00:00,0.8533333333333334,0.9722660899162292
2026-01-22 18:00:00+00:00,2026-01-24 08:00:00+00:00,1,38,2026-01-22 12:00:00+00:00,2026-01-22 15:59:44+00:00,0.9899999999999999,0.9755127787590027
2026-01-22 18:00:00+00:00,2026-01-24 09:00:00+00:00,1,39,2026-01-22 12:00:00+00:00,2026-01-22 15:59:44+00:00,0.9899999999999999,0.9791867136955261
2026-01-22 18:00:00+00:00,2026-01-24 10:00:00+00:00,1,40,2026-01-22 12:00:00+00:00,2026-01-22 15:59:44+00:00,0.9866666666666667,0.9607738494873047
2026-01-22 18:00:00+00:00,2026-01-24 11:00:00+00:00,1,41,2026-01-22 12:00:00+00:00,2026-01-22 15:59:44+00:00,0.9883333333333333,0.911414384841919
2026-01-22 18:00:00+00:00,2026-01-24 12:00:00+00:00,1,42,2026-01-22 12:00:00+00:00,2026-01-22 15:59:44+00:00,0.9899999999999999,0.7746001601219177
2026-01-22 18:00:00+00:00,2026-01-24 13:00:00+00:00,1,43,2026-01-22 12:00:00+00:00,2026-01-22 15:59:44+00:00,0.9899999999999999,0.6687711417675019
2026-01-22 18:00:00+00:00,2026-01-24 14:00:00+00:00,1,44,2026-01-22 12:00:00+00:00,2026-01-22 15:59:44+00:00,0.9483333333333333,0.5202897012233734
2026-01-22 18:00:00+00:00,2026-01-24 15:00:00+00:00,1,45,2026-01-22 12:00:00+00:00,2026-01-22 15:59:44+00:00,0.9700000000000001,0.38010076582431795
2026-01-22 18:00:00+00:00,2026-01-24 16:00:00+00:00,1,46,2026-01-22 12:00:00+00:00,2026-01-22 15:59:44+00:00,0.9899999999999999,0.34019255340099336
2026-01-22 18:00:00+00:00,2026-01-24 17:00:00+00:00,1,47,2026-01-22 12:00:00+00:00,2026-01-22 15:59:44+00:00,0.96,0.30310546457767484
2026-01-22 18:00:00+00:00,2026-01-24 18:00:00+00:00,1,48,2026-01-22 12:00:00+00:00,2026-01-22 15:59:44+00:00,0.9716666666666667,0.2764670133590698
2026-01-22 18:00:00+00:00,2026-01-22 19:00:00+00:00,2,1,2026-01-22 12:00:00+00:00,2026-01-22 15:59:44+00:00,0.9816666666666666,0.7778853178024292
2026-01-22 18:00:00+00:00,2026-01-22 20:00:00+00:00,2,2,2026-01-22 12:00:00+00:00,2026-01-22 15:59:44+00:00,0.985,0.758866548538208
2026-01-22 18:00:00+00:00,2026-01-22 21:00:00+00:00,2,3,2026-01-22 12:00:00+00:00,2026-01-22 15:59:44+00:00,0.9816666666666666,0.732938289642334
2026-01-22 18:00:00+00:00,2026-01-22 22:00:00+00:00,2,4,2026-01-22 12:00:00+00:00,2026-01-22 15:59:44+00:00,0.8316666666666667,0.595250129699707
2026-01-22 18:00:00+00:00,2026-01-22 23:00:00+00:00,2,5,2026-01-22 12:00:00+00:00,2026-01-22 15:59:44+00:00,0.4666666666666666,0.45100097060203553
2026-01-22 18:00:00+00:00,2026-01-23 00:00:00+00:00,2,6,2026-01-22 12:00:00+00:00,2026-01-22 15:59:44+00:00,0.43333333333333335,0.3276507556438446
2026-01-22 18:00:00+00:00,2026-01-23 01:00:00+00:00,2,7,2026-01-22 12:00:00+00:00,2026-01-22 15:59:44+00:00,0.4666666666666666,0.2767095983028412
2026-01-22 18:00:00+00:00,2026-01-23 02:00:00+00:00,2,8,2026-01-22 12:00:00+00:00,2026-01-22 15:59:44+00:00,0.3116666666666667,0.2423069506883621
2026-01-22 18:00:00+00:00,2026-01-23 03:00:00+00:00,2,9,2026-01-22 12:00:00+00:00,2026-01-22 15:59:44+00:00,0.71,0.21477659344673156
2026-01-22 18:00:00+00:00,2026-01-23 04:00:00+00:00,2,10,2026-01-22 12:00:00+00:00,2026-01-22 15:59:44+00:00,0.8483333333333333,0.24121139645576478
2026-01-22 18:00:00+00:00,2026-01-23 05:00:00+00:00,2,11,2026-01-22 12:00:00+00:00,2026-01-22 15:59:44+00:00,0.9199999999999999,0.26986155211925505
2026-01-22 18:00:00+00:00,2026-01-23 06:00:00+00:00,2,12,2026-01-22 12:00:00+00:00,2026-01-22 15:59:44+00:00,0.47666666666666674,0.30660867094993594
2026-01-22 18:00:00+00:00,2026-01-23 07:00:00+00:00,2,13,2026-01-22 12:00:00+00:00,2026-01-22 15:59:44+00:00,0.25,0.2915029048919678
2026-01-22 18:00:00+00:00,2026-01-23 08:00:00+00:00,2,14,2026-01-22 12:00:00+00:00,2026-01-22 15:59:44+00:00,0.12833333333333333,0.2914407327771187
2026-01-22 18:00:00+00:00,2026-01-23 09:00:00+00:00,2,15,2026-01-22 12:00:00+00:00,2026-01-22 15:59:44+00:00,0.16833333333333333,0.2964333578944206
2026-01-22 18:00:00+00:00,2026-01-23 10:00:00+00:00,2,16,2026-01-22 12:00:00+00:00,2026-01-22 15:59:44+00:00,0.315,0.3172013878822327
2026-01-22 18:00:00+00:00,2026-01-23 11:00:00+00:00,2,17,2026-01-22 12:00:00+00:00,2026-01-22 15:59:44+00:00,0.6533333333333333,0.34614483416080477
2026-01-22 18:00:00+00:00,2026-01-23 12:00:00+00:00,2,18,2026-01-22 12:00:00+00:00,2026-01-22 15:59:44+00:00,0.5433333333333333,0.3837361454963684
2026-01-22 18:00:00+00:00,2026-01-23 13:00:00+00:00,2,19,2026-01-22 12:00:00+00:00,2026-01-22 15:59:44+00:00,0.3833333333333333,0.40327842235565187
2026-01-22 18:00:00+00:00,2026-01-23 14:00:00+00:00,2,20,2026-01-22 12:00:00+00:00,2026-01-22 15:59:44+00:00,0.15333333333333335,0.4278895318508148
2026-01-22 18:00:00+00:00,2026-01-23 15:00:00+00:00,2,21,2026-01-22 12:00:00+00:00,2026-01-22 15:59:44+00:00,0.07166666666666667,0.45738108158111573
2026-01-22 18:00:00+00:00,2026-01-23 16:00:00+00:00,2,22,2026-01-22 12:00:00+00:00,2026-01-22 15:59:44+00:00,0.023333333333333334,0.34308820962905884
2026-01-22 18:00:00+00:00,2026-01-23 17:00:00+00:00,2,23,2026-01-22 12:00:00+00:00,2026-01-22 15:59:44+00:00,0.03833333333333334,0.22652771770954133
2026-01-22 18:00:00+00:00,2026-01-23 18:00:00+00:00,2,24,2026-01-22 12:00:00+00:00,2026-01-22 15:59:44+00:00,0.01,0.14742277860641478
2026-01-22 18:00:00+00:00,2026-01-23 19:00:00+00:00,2,25,2026-01-22 12:00:00+00:00,2026-01-22 15:59:44+00:00,0.01,0.042682303488254546
2026-01-22 18:00:00+00:00,2026-01-23 20:00:00+00:00,2,26,2026-01-22 12:00:00+00:00,2026-01-22 15:59:44+00:00,0.011666666666666667,0.01773472232744098
2026-01-22 18:00:00+00:00,2026-01-23 21:00:00+00:00,2,27,2026-01-22 12:00:00+00:00,2026-01-22 15:59:44+00:00,0.01,0.023108876124024392
2026-01-22 18:00:00+00:00,2026-01-23 22:00:00+00:00,2,28,2026-01-22 12:00:00+00:00,2026-01-22 15:59:44+00:00,0.01,0.031461845990270375
2026-01-22 18:00:00+00:00,2026-01-23 23:00:00+00:00,2,29,2026-01-22 12:00:00+00:00,2026-01-22 15:59:44+00:00,0.01,0.06983443647623062
2026-01-22 18:00:00+00:00,2026-01-24 00:00:00+00:00,2,30,2026-01-22 12:00:00+00:00,2026-01-22 15:59:44+00:00,0.01,0.25435225665569305
2026-01-22 18:00:00+00:00,2026-01-24 01:00:00+00:00,2,31,2026-01-22 12:00:00+00:00,2026-01-22 15:59:44+00:00,0.018333333333333333,0.35201417803764345
2026-01-22 18:00:00+00:00,2026-01-24 02:00:00+00:00,2,32,2026-01-22 12:00:00+00:00,2026-01-22 15:59:44+00:00,0.03666666666666667,0.45738381147384644
2026-01-22 18:00:00+00:00,2026-01-24 03:00:00+00:00,2,33,2026-01-22 12:00:00+00:00,2026-01-22 15:59:44+00:00,0.115,0.6127722978591919
2026-01-22 18:00:00+00:00,2026-01-24 04:00:00+00:00,2,34,2026-01-22 12:00:00+00:00,2026-01-22 15:59:44+00:00,0.01,0.784386420249939
2026-01-22 18:00:00+00:00,2026-01-24 05:00:00+00:00,2,35,2026-01-22 12:00:00+00:00,2026-01-22 15:59:44+00:00,0.44,0.9144854545593262
2026-01-22 18:00:00+00:00,2026-01-24 06:00:00+00:00,2,36,2026-01-22 12:00:00+00:00,2026-01-22 15:59:44+00:00,0.98,0.9715752601623535
2026-01-22 18:00:00+00:00,2026-01-24 07:00:00+00:00,2,37,2026-01-22 12:00:00+00:00,2026-01-22 15:59:44+00:00,0.6233333333333334,0.9724439024925232
2026-01-22 18:00:00+00:00,2026-01-24 08:00:00+00:00,2,38,2026-01-22 12:00:00+00:00,2026-01-22 15:59:44+00:00,0.98,0.9753753185272217
2026-01-22 18:00:00+00:00,2026-01-24 09:00:00+00:00,2,39,2026-01-22 12:00:00+00:00,2026-01-22 15:59:44+00:00,0.9816666666666666,0.9781593680381775
2026-01-22 18:00:00+00:00,2026-01-24 10:00:00+00:00,2,40,2026-01-22 12:00:00+00:00,2026-01-22 15:59:44+00:00,0.9899999999999999,0.96030752658844
2026-01-22 18:00:00+00:00,2026-01-24 11:00:00+00:00,2,41,2026-01-22 12:00:00+00:00,2026-01-22 15:59:44+00:00,0.985,0.9134682178497314
2026-01-22 18:00:00+00:00,2026-01-24 12:00:00+00:00,2,42,2026-01-22 12:00:00+00:00,2026-01-22 15:59:44+00:00,0.9899999999999999,0.7705864548683167
2026-01-22 18:00:00+00:00,2026-01-24 13:00:00+00:00,2,43,2026-01-22 12:00:00+00:00,2026-01-22 15:59:44+00:00,0.9899999999999999,0.6547038674354553
2026-01-22 18:00:00+00:00,2026-01-24 14:00:00+00:00,2,44,2026-01-22 12:00:00+00:00,2026-01-22 15:59:44+00:00,0.9899999999999999,0.4936416447162628
2026-01-22 18:00:00+00:00,2026-01-24 15:00:00+00:00,2,45,2026-01-22 12:00:00+00:00,2026-01-22 15:59:44+00:00,0.955,0.350909486413002
2026-01-22 18:00:00+00:00,2026-01-24 16:00:00+00:00,2,46,2026-01-22 12:00:00+00:00,2026-01-22 15:59:44+00:00,0.9899999999999999,0.308248233795166
2026-01-22 18:00:00+00:00,2026-01-24 17:00:00+00:00,2,47,2026-01-22 12:00:00+00:00,2026-01-22 15:59:44+00:00,0.9899999999999999,0.2721612423658371
2026-01-22 18:00:00+00:00,2026-01-24 18:00:00+00:00,2,48,2026-01-22 12:00:00+00:00,2026-01-22 15:59:44+00:00,0.9883333333333333,0.24494204223155974
2026-01-23 18:00:00+00:00,2026-01-23 19:00:00+00:00,1,1,2026-01-23 12:00:00+00:00,2026-01-23 16:01:59+00:00,0.01,0.029476776346564294
2026-01-23 18:00:00+00:00,2026-01-23 20:00:00+00:00,1,2,2026-01-23 12:00:00+00:00,2026-01-23 16:01:59+00:00,0.01,0.02032828493975103
2026-01-23 18:00:00+00:00,2026-01-23 21:00:00+00:00,1,3,2026-01-23 12:00:00+00:00,2026-01-23 16:01:59+00:00,0.01,0.030568697210401296
2026-01-23 18:00:00+00:00,2026-01-23 22:00:00+00:00,1,4,2026-01-23 12:00:00+00:00,2026-01-23 16:01:59+00:00,0.01,0.03207726776599884
2026-01-23 18:00:00+00:00,2026-01-23 23:00:00+00:00,1,5,2026-01-23 12:00:00+00:00,2026-01-23 16:01:59+00:00,0.01,0.05234985575079918
2026-01-23 18:00:00+00:00,2026-01-24 00:00:00+00:00,1,6,2026-01-23 12:00:00+00:00,2026-01-23 16:01:59+00:00,0.01,0.11502092927694321
2026-01-23 18:00:00+00:00,2026-01-24 01:00:00+00:00,1,7,2026-01-23 12:00:00+00:00,2026-01-23 16:01:59+00:00,0.03333333333333333,0.13278187066316605
2026-01-23 18:00:00+00:00,2026-01-24 02:00:00+00:00,1,8,2026-01-23 12:00:00+00:00,2026-01-23 16:01:59+00:00,0.10833333333333332,0.16537444293498993
2026-01-23 18:00:00+00:00,2026-01-24 03:00:00+00:00,1,9,2026-01-23 12:00:00+00:00,2026-01-23 16:01:59+00:00,0.71,0.21166488230228425
2026-01-23 18:00:00+00:00,2026-01-24 04:00:00+00:00,1,10,2026-01-23 12:00:00+00:00,2026-01-23 16:01:59+00:00,0.9716666666666667,0.4495823264122009
2026-01-23 18:00:00+00:00,2026-01-24 05:00:00+00:00,1,11,2026-01-23 12:00:00+00:00,2026-01-23 16:01:59+00:00,0.9899999999999999,0.7859832167625427
2026-01-23 18:00:00+00:00,2026-01-24 06:00:00+00:00,1,12,2026-01-23 12:00:00+00:00,2026-01-23 16:01:59+00:00,0.9899999999999999,0.9551810503005982
2026-01-23 18:00:00+00:00,2026-01-24 07:00:00+00:00,1,13,2026-01-23 12:00:00+00:00,2026-01-23 16:01:59+00:00,0.8533333333333334,0.9653307676315308
2026-01-23 18:00:00+00:00,2026-01-24 08:00:00+00:00,1,14,2026-01-23 12:00:00+00:00,2026-01-23 16:01:59+00:00,0.9899999999999999,0.9756351470947265
2026-01-23 18:00:00+00:00,2026-01-24 09:00:00+00:00,1,15,2026-01-23 12:00:00+00:00,2026-01-23 16:01:59+00:00,0.9899999999999999,0.982752549648285
2026-01-23 18:00:00+00:00,2026-01-24 10:00:00+00:00,1,16,2026-01-23 12:00:00+00:00,2026-01-23 16:01:59+00:00,0.9866666666666667,0.9703192710876465
2026-01-23 18:00:00+00:00,2026-01-24 11:00:00+00:00,1,17,2026-01-23 12:00:00+00:00,2026-01-23 16:01:59+00:00,0.9883333333333333,0.9439034461975098
2026-01-23 18:00:00+00:00,2026-01-24 12:00:00+00:00,1,18,2026-01-23 12:00:00+00:00,2026-01-23 16:01:59+00:00,0.9899999999999999,0.8687893867492675
2026-01-23 18:00:00+00:00,2026-01-24 13:00:00+00:00,1,19,2026-01-23 12:00:00+00:00,2026-01-23 16:01:59+00:00,0.9899999999999999,0.836593496799469
2026-01-23 18:00:00+00:00,2026-01-24 14:00:00+00:00,1,20,2026-01-23 12:00:00+00:00,2026-01-23 16:01:59+00:00,0.9483333333333333,0.776299512386322
2026-01-23 18:00:00+00:00,2026-01-24 15:00:00+00:00,1,21,2026-01-23 12:00:00+00:00,2026-01-23 16:01:59+00:00,0.9700000000000001,0.6867343664169312
2026-01-23 18:00:00+00:00,2026-01-24 16:00:00+00:00,1,22,2026-01-23 12:00:00+00:00,2026-01-23 16:01:59+00:00,0.9899999999999999,0.6587809920310974
2026-01-23 18:00:00+00:00,2026-01-24 17:00:00+00:00,1,23,2026-01-23 12:00:00+00:00,2026-01-23 16:01:59+00:00,0.96,0.624012690782547
2026-01-23 18:00:00+00:00,2026-01-24 18:00:00+00:00,1,24,2026-01-23 12:00:00+00:00,2026-01-23 16:01:59+00:00,0.9716666666666667,0.5968302845954895
2026-01-23 18:00:00+00:00,2026-01-24 19:00:00+00:00,1,25,2026-01-23 12:00:00+00:00,2026-01-23 16:01:59+00:00,0.9766666666666666,0.47792433500289916
2026-01-23 18:00:00+00:00,2026-01-24 20:00:00+00:00,1,26,2026-01-23 12:00:00+00:00,2026-01-23 16:01:59+00:00,0.6383333333333333,0.384447968006134
2026-01-23 18:00:00+00:00,2026-01-24 21:00:00+00:00,1,27,2026-01-23 12:00:00+00:00,2026-01-23 16:01:59+00:00,0.295,0.29812438488006593
2026-01-23 18:00:00+00:00,2026-01-24 22:00:00+00:00,1,28,2026-01-23 12:00:00+00:00,2026-01-23 16:01:59+00:00,0.49500000000000005,0.2958215206861496
2026-01-23 18:00:00+00:00,2026-01-24 23:00:00+00:00,1,29,2026-01-23 12:00:00+00:00,2026-01-23 16:01:59+00:00,0.5533333333333333,0.28696256279945376
2026-01-23 18:00:00+00:00,2026-01-25 00:00:00+00:00,1,30,2026-01-23 12:00:00+00:00,2026-01-23 16:01:59+00:00,0.13166666666666668,0.2738729238510132
2026-01-23 18:00:00+00:00,2026-01-25 01:00:00+00:00,1,31,2026-01-23 12:00:00+00:00,2026-01-23 16:01:59+00:00,0.023333333333333334,0.09714175686240197
2026-01-23 18:00:00+00:00,2026-01-25 02:00:00+00:00,1,32,2026-01-23 12:00:00+00:00,2026-01-23 16:01:59+00:00,0.35833333333333334,0.04982729484327138
2026-01-23 18:00:00+00:00,2026-01-25 03:00:00+00:00,1,33,2026-01-23 12:00:00+00:00,2026-01-23 16:01:59+00:00,0.35333333333333333,0.029951235791668297
2026-01-23 18:00:00+00:00,2026-01-25 04:00:00+00:00,1,34,2026-01-23 12:00:00+00:00,2026-01-23 16:01:59+00:00,0.14666666666666667,0.026820332184433936
2026-01-23 18:00:00+00:00,2026-01-25 05:00:00+00:00,1,35,2026-01-23 12:00:00+00:00,2026-01-23 16:01:59+00:00,0.06666666666666667,0.025284656952135266
2026-01-23 18:00:00+00:00,2026-01-25 06:00:00+00:00,1,36,2026-01-23 12:00:00+00:00,2026-01-23 16:01:59+00:00,0.008333333333333333,0.025298897875472903
2026-01-23 18:00:00+00:00,2026-01-25 07:00:00+00:00,1,37,2026-01-23 12:00:00+00:00,2026-01-23 16:01:59+00:00,0.01,0.027150335488840938
2026-01-23 18:00:00+00:00,2026-01-25 08:00:00+00:00,1,38,2026-01-23 12:00:00+00:00,2026-01-23 16:01:59+00:00,0.01,0.03131770491600037
2026-01-23 18:00:00+00:00,2026-01-25 09:00:00+00:00,1,39,2026-01-23 12:00:00+00:00,2026-01-23 16:01:59+00:00,0.01,0.04007487595081329
2026-01-23 18:00:00+00:00,2026-01-25 10:00:00+00:00,1,40,2026-01-23 12:00:00+00:00,2026-01-23 16:01:59+00:00,0.01,0.034736435813829306
2026-01-23 18:00:00+00:00,2026-01-25 11:00:00+00:00,1,41,2026-01-23 12:00:00+00:00,2026-01-23 16:01:59+00:00,0.01,0.03377434676513076
2026-01-23 18:00:00+00:00,2026-01-25 12:00:00+00:00,1,42,2026-01-23 12:00:00+00:00,2026-01-23 16:01:59+00:00,0.01,0.04669406712055206
2026-01-23 18:00:00+00:00,2026-01-25 13:00:00+00:00,1,43,2026-01-23 12:00:00+00:00,2026-01-23 16:01:59+00:00,0.01,0.04839668720960617
2026-01-23 18:00:00+00:00,2026-01-25 14:00:00+00:00,1,44,2026-01-23 12:00:00+00:00,2026-01-23 16:01:59+00:00,0.03666666666666667,0.05469418521970511
2026-01-23 18:00:00+00:00,2026-01-25 15:00:00+00:00,1,45,2026-01-23 12:00:00+00:00,2026-01-23 16:01:59+00:00,0.14833333333333334,0.06116841174662113
2026-01-23 18:00:00+00:00,2026-01-25 16:00:00+00:00,1,46,2026-01-23 12:00:00+00:00,2026-01-23 16:01:59+00:00,0.20166666666666666,0.03436172222718596
2026-01-23 18:00:00+00:00,2026-01-25 17:00:00+00:00,1,47,2026-01-23 12:00:00+00:00,2026-01-23 16:01:59+00:00,0.33666666666666667,0.04994970429688692
2026-01-23 18:00:00+00:00,2026-01-25 18:00:00+00:00,1,48,2026-01-23 12:00:00+00:00,2026-01-23 16:01:59+00:00,0.61,0.06670478750020266
2026-01-23 18:00:00+00:00,2026-01-23 19:00:00+00:00,2,1,2026-01-23 12:00:00+00:00,2026-01-23 16:01:59+00:00,0.01,0.02718645939603448
2026-01-23 18:00:00+00:00,2026-01-23 20:00:00+00:00,2,2,2026-01-23 12:00:00+00:00,2026-01-23 16:01:59+00:00,0.011666666666666667,0.01806590836495161
2026-01-23 18:00:00+00:00,2026-01-23 21:00:00+00:00,2,3,2026-01-23 12:00:00+00:00,2026-01-23 16:01:59+00:00,0.01,0.027062992006540297
2026-01-23 18:00:00+00:00,2026-01-23 22:00:00+00:00,2,4,2026-01-23 12:00:00+00:00,2026-01-23 16:01:59+00:00,0.01,0.028530343249440194
2026-01-23 18:00:00+00:00,2026-01-23 23:00:00+00:00,2,5,2026-01-23 12:00:00+00:00,2026-01-23 16:01:59+00:00,0.01,0.045347047969698906
2026-01-23 18:00:00+00:00,2026-01-24 00:00:00+00:00,2,6,2026-01-23 12:00:00+00:00,2026-01-23 16:01:59+00:00,0.01,0.10396464094519615
2026-01-23 18:00:00+00:00,2026-01-24 01:00:00+00:00,2,7,2026-01-23 12:00:00+00:00,2026-01-23 16:01:59+00:00,0.018333333333333333,0.12490225583314896
2026-01-23 18:00:00+00:00,2026-01-24 02:00:00+00:00,2,8,2026-01-23 12:00:00+00:00,2026-01-23 16:01:59+00:00,0.03666666666666667,0.1613217607140541
2026-01-23 18:00:00+00:00,2026-01-24 03:00:00+00:00,2,9,2026-01-23 12:00:00+00:00,2026-01-23 16:01:59+00:00,0.115,0.21006141006946563
2026-01-23 18:00:00+00:00,2026-01-24 04:00:00+00:00,2,10,2026-01-23 12:00:00+00:00,2026-01-23 16:01:59+00:00,0.01,0.45640839338302613
2026-01-23 18:00:00+00:00,2026-01-24 05:00:00+00:00,2,11,2026-01-23 12:00:00+00:00,2026-01-23 16:01:59+00:00,0.44,0.7934474110603332
2026-01-23 18:00:00+00:00,2026-01-24 06:00:00+00:00,2,12,2026-01-23 12:00:00+00:00,2026-01-23 16:01:59+00:00,0.98,0.9543466448783875
2026-01-23 18:00:00+00:00,2026-01-24 07:00:00+00:00,2,13,2026-01-23 12:00:00+00:00,2026-01-23 16:01:59+00:00,0.6233333333333334,0.9648406386375428
2026-01-23 18:00:00+00:00,2026-01-24 08:00:00+00:00,2,14,2026-01-23 12:00:00+00:00,2026-01-23 16:01:59+00:00,0.98,0.9751078724861145
2026-01-23 18:00:00+00:00,2026-01-24 09:00:00+00:00,2,15,2026-01-23 12:00:00+00:00,2026-01-23 16:01:59+00:00,0.9816666666666666,0.9818904876708985
2026-01-23 18:00:00+00:00,2026-01-24 10:00:00+00:00,2,16,2026-01-23 12:00:00+00:00,2026-01-23 16:01:59+00:00,0.9899999999999999,0.9695790648460388
2026-01-23 18:00:00+00:00,2026-01-24 11:00:00+00:00,2,17,2026-01-23 12:00:00+00:00,2026-01-23 16:01:59+00:00,0.985,0.9427842974662781
2026-01-23 18:00:00+00:00,2026-01-24 12:00:00+00:00,2,18,2026-01-23 12:00:00+00:00,2026-01-23 16:01:59+00:00,0.9899999999999999,0.867391037940979
2026-01-23 18:00:00+00:00,2026-01-24 13:00:00+00:00,2,19,2026-01-23 12:00:00+00:00,2026-01-23 16:01:59+00:00,0.9899999999999999,0.8292740941047668
2026-01-23 18:00:00+00:00,2026-01-24 14:00:00+00:00,2,20,2026-01-23 12:00:00+00:00,2026-01-23 16:01:59+00:00,0.9899999999999999,0.7609695672988892
2026-01-23 18:00:00+00:00,2026-01-24 15:00:00+00:00,2,21,2026-01-23 12:00:00+00:00,2026-01-23 16:01:59+00:00,0.955,0.6640679478645325
2026-01-23 18:00:00+00:00,2026-01-24 16:00:00+00:00,2,22,2026-01-23 12:00:00+00:00,2026-01-23 16:01:59+00:00,0.9899999999999999,0.6284641444683075
2026-01-23 18:00:00+00:00,2026-01-24 17:00:00+00:00,2,23,2026-01-23 12:00:00+00:00,2026-01-23 16:01:59+00:00,0.9899999999999999,0.5895694851875305
2026-01-23 18:00:00+00:00,2026-01-24 18:00:00+00:00,2,24,2026-01-23 12:00:00+00:00,2026-01-23 16:01:59+00:00,0.9883333333333333,0.5605708539485932
2026-01-23 18:00:00+00:00,2026-01-24 19:00:00+00:00,2,25,2026-01-23 12:00:00+00:00,2026-01-23 16:01:59+00:00,0.965,0.4368518203496933
2026-01-23 18:00:00+00:00,2026-01-24 20:00:00+00:00,2,26,2026-01-23 12:00:00+00:00,2026-01-23 16:01:59+00:00,0.5499999999999999,0.34362190663814546
2026-01-23 18:00:00+00:00,2026-01-24 21:00:00+00:00,2,27,2026-01-23 12:00:00+00:00,2026-01-23 16:01:59+00:00,0.23833333333333337,0.26716563403606414
2026-01-23 18:00:00+00:00,2026-01-24 22:00:00+00:00,2,28,2026-01-23 12:00:00+00:00,2026-01-23 16:01:59+00:00,0.49,0.2623056024312973
2026-01-23 18:00:00+00:00,2026-01-24 23:00:00+00:00,2,29,2026-01-23 12:00:00+00:00,2026-01-23 16:01:59+00:00,0.595,0.2530627608299255
2026-01-23 18:00:00+00:00,2026-01-25 00:00:00+00:00,2,30,2026-01-23 12:00:00+00:00,2026-01-23 16:01:59+00:00,0.1416666666666667,0.24092090427875518
2026-01-23 18:00:00+00:00,2026-01-25 01:00:00+00:00,2,31,2026-01-23 12:00:00+00:00,2026-01-23 16:01:59+00:00,0.023333333333333334,0.08077369704842567
2026-01-23 18:00:00+00:00,2026-01-25 02:00:00+00:00,2,32,2026-01-23 12:00:00+00:00,2026-01-23 16:01:59+00:00,0.37333333333333335,0.04385557635687291
2026-01-23 18:00:00+00:00,2026-01-25 03:00:00+00:00,2,33,2026-01-23 12:00:00+00:00,2026-01-23 16:01:59+00:00,0.37000000000000005,0.028044881217647345
2026-01-23 18:00:00+00:00,2026-01-25 04:00:00+00:00,2,34,2026-01-23 12:00:00+00:00,2026-01-23 16:01:59+00:00,0.13166666666666668,0.0251391117926687
2026-01-23 18:00:00+00:00,2026-01-25 05:00:00+00:00,2,35,2026-01-23 12:00:00+00:00,2026-01-23 16:01:59+00:00,0.06999999999999999,0.023535766871646047
2026-01-23 18:00:00+00:00,2026-01-25 06:00:00+00:00,2,36,2026-01-23 12:00:00+00:00,2026-01-23 16:01:59+00:00,0.005,0.0237580849789083
2026-01-23 18:00:00+00:00,2026-01-25 07:00:00+00:00,2,37,2026-01-23 12:00:00+00:00,2026-01-23 16:01:59+00:00,0.01,0.025492209289222956
2026-01-23 18:00:00+00:00,2026-01-25 08:00:00+00:00,2,38,2026-01-23 12:00:00+00:00,2026-01-23 16:01:59+00:00,0.008333333333333333,0.029795002844184636
2026-01-23 18:00:00+00:00,2026-01-25 09:00:00+00:00,2,39,2026-01-23 12:00:00+00:00,2026-01-23 16:01:59+00:00,0.01,0.03776153204962611
2026-01-23 18:00:00+00:00,2026-01-25 10:00:00+00:00,2,40,2026-01-23 12:00:00+00:00,2026-01-23 16:01:59+00:00,0.01,0.03257903810590505
2026-01-23 18:00:00+00:00,2026-01-25 11:00:00+00:00,2,41,2026-01-23 12:00:00+00:00,2026-01-23 16:01:59+00:00,0.01,0.031510177068412304
2026-01-23 18:00:00+00:00,2026-01-25 12:00:00+00:00,2,42,2026-01-23 12:00:00+00:00,2026-01-23 16:01:59+00:00,0.01,0.044429138861596586
2026-01-23 18:00:00+00:00,2026-01-25 13:00:00+00:00,2,43,2026-01-23 12:00:00+00:00,2026-01-23 16:01:59+00:00,0.01,0.0469224002212286
2026-01-23 18:00:00+00:00,2026-01-25 14:00:00+00:00,2,44,2026-01-23 12:00:00+00:00,2026-01-23 16:01:59+00:00,0.03333333333333333,0.05291515216231346
2026-01-23 18:00:00+00:00,2026-01-25 15:00:00+00:00,2,45,2026-01-23 12:00:00+00:00,2026-01-23 16:01:59+00:00,0.13333333333333333,0.057394055835902694
2026-01-23 18:00:00+00:00,2026-01-25 16:00:00+00:00,2,46,2026-01-23 12:00:00+00:00,2026-01-23 16:01:59+00:00,0.215,0.029292773548513652
2026-01-23 18:00:00+00:00,2026-01-25 17:00:00+00:00,2,47,2026-01-23 12:00:00+00:00,2026-01-23 16:01:59+00:00,0.32666666666666666,0.04028322882950306
2026-01-23 18:00:00+00:00,2026-01-25 18:00:00+00:00,2,48,2026-01-23 12:00:00+00:00,2026-01-23 16:01:59+00:00,0.5416666666666666,0.05566258728504181
2026-01-24 18:00:00+00:00,2026-01-24 19:00:00+00:00,1,1,2026-01-24 12:00:00+00:00,2026-01-24 15:59:59+00:00,0.9766666666666666,0.3871973991394043
2026-01-24 18:00:00+00:00,2026-01-24 20:00:00+00:00,1,2,2026-01-24 12:00:00+00:00,2026-01-24 15:59:59+00:00,0.6383333333333333,0.2658229172229767
2026-01-24 18:00:00+00:00,2026-01-24 21:00:00+00:00,1,3,2026-01-24 12:00:00+00:00,2026-01-24 15:59:59+00:00,0.295,0.17149302065372468
2026-01-24 18:00:00+00:00,2026-01-24 22:00:00+00:00,1,4,2026-01-24 12:00:00+00:00,2026-01-24 15:59:59+00:00,0.49500000000000005,0.13024941235780715
2026-01-24 18:00:00+00:00,2026-01-24 23:00:00+00:00,1,5,2026-01-24 12:00:00+00:00,2026-01-24 15:59:59+00:00,0.5533333333333333,0.0901594802737236
2026-01-24 18:00:00+00:00,2026-01-25 00:00:00+00:00,1,6,2026-01-24 12:00:00+00:00,2026-01-24 15:59:59+00:00,0.13166666666666668,0.0641232579946518
2026-01-24 18:00:00+00:00,2026-01-25 01:00:00+00:00,1,7,2026-01-24 12:00:00+00:00,2026-01-24 15:59:59+00:00,0.023333333333333334,0.03956101294606924
2026-01-24 18:00:00+00:00,2026-01-25 02:00:00+00:00,1,8,2026-01-24 12:00:00+00:00,2026-01-24 15:59:59+00:00,0.35833333333333334,0.026587674114853143
2026-01-24 18:00:00+00:00,2026-01-25 03:00:00+00:00,1,9,2026-01-24 12:00:00+00:00,2026-01-24 15:59:59+00:00,0.35333333333333333,0.02173992511816323
2026-01-24 18:00:00+00:00,2026-01-25 04:00:00+00:00,1,10,2026-01-24 12:00:00+00:00,2026-01-24 15:59:59+00:00,0.14666666666666667,0.017898428626358508
2026-01-24 18:00:00+00:00,2026-01-25 05:00:00+00:00,1,11,2026-01-24 12:00:00+00:00,2026-01-24 15:59:59+00:00,0.06666666666666667,0.01760363010689616
2026-01-24 18:00:00+00:00,2026-01-25 06:00:00+00:00,1,12,2026-01-24 12:00:00+00:00,2026-01-24 15:59:59+00:00,0.008333333333333333,0.019833917915821075
2026-01-24 18:00:00+00:00,2026-01-25 07:00:00+00:00,1,13,2026-01-24 12:00:00+00:00,2026-01-24 15:59:59+00:00,0.01,0.022317107254639267
2026-01-24 18:00:00+00:00,2026-01-25 08:00:00+00:00,1,14,2026-01-24 12:00:00+00:00,2026-01-24 15:59:59+00:00,0.01,0.0249432232696563
2026-01-24 18:00:00+00:00,2026-01-25 09:00:00+00:00,1,15,2026-01-24 12:00:00+00:00,2026-01-24 15:59:59+00:00,0.01,0.036817680578678846
2026-01-24 18:00:00+00:00,2026-01-25 10:00:00+00:00,1,16,2026-01-24 12:00:00+00:00,2026-01-24 15:59:59+00:00,0.01,0.046225005947053435
2026-01-24 18:00:00+00:00,2026-01-25 11:00:00+00:00,1,17,2026-01-24 12:00:00+00:00,2026-01-24 15:59:59+00:00,0.01,0.0603738559409976
2026-01-24 18:00:00+00:00,2026-01-25 12:00:00+00:00,1,18,2026-01-24 12:00:00+00:00,2026-01-24 15:59:59+00:00,0.01,0.08259107433259487
2026-01-24 18:00:00+00:00,2026-01-25 13:00:00+00:00,1,19,2026-01-24 12:00:00+00:00,2026-01-24 15:59:59+00:00,0.01,0.06076028887182474
2026-01-24 18:00:00+00:00,2026-01-25 14:00:00+00:00,1,20,2026-01-24 12:00:00+00:00,2026-01-24 15:59:59+00:00,0.03666666666666667,0.04417104758322239
2026-01-24 18:00:00+00:00,2026-01-25 15:00:00+00:00,1,21,2026-01-24 12:00:00+00:00,2026-01-24 15:59:59+00:00,0.14833333333333334,0.035101442225277425
2026-01-24 18:00:00+00:00,2026-01-25 16:00:00+00:00,1,22,2026-01-24 12:00:00+00:00,2026-01-24 15:59:59+00:00,0.20166666666666666,0.03369419928640127
2026-01-24 18:00:00+00:00,2026-01-25 17:00:00+00:00,1,23,2026-01-24 12:00:00+00:00,2026-01-24 15:59:59+00:00,0.33666666666666667,0.048077124170958996
2026-01-24 18:00:00+00:00,2026-01-25 18:00:00+00:00,1,24,2026-01-24 12:00:00+00:00,2026-01-24 15:59:59+00:00,0.61,0.08086001351475716
2026-01-24 18:00:00+00:00,2026-01-25 19:00:00+00:00,1,25,2026-01-24 12:00:00+00:00,2026-01-24 15:59:59+00:00,0.26833333333333337,0.0987547591328621
2026-01-24 18:00:00+00:00,2026-01-25 20:00:00+00:00,1,26,2026-01-24 12:00:00+00:00,2026-01-24 15:59:59+00:00,0.22833333333333336,0.13065467178821563
2026-01-24 18:00:00+00:00,2026-01-25 21:00:00+00:00,1,27,2026-01-24 12:00:00+00:00,2026-01-24 15:59:59+00:00,0.295,0.18011533468961716
2026-01-24 18:00:00+00:00,2026-01-25 22:00:00+00:00,1,28,2026-01-24 12:00:00+00:00,2026-01-24 15:59:59+00:00,0.30666666666666664,0.15624247640371322
2026-01-24 18:00:00+00:00,2026-01-25 23:00:00+00:00,1,29,2026-01-24 12:00:00+00:00,2026-01-24 15:59:59+00:00,0.27666666666666667,0.1428690694272518
2026-01-24 18:00:00+00:00,2026-01-26 00:00:00+00:00,1,30,2026-01-24 12:00:00+00:00,2026-01-24 15:59:59+00:00,0.6033333333333334,0.14047344624996186
2026-01-24 18:00:00+00:00,2026-01-26 01:00:00+00:00,1,31,2026-01-24 12:00:00+00:00,2026-01-24 15:59:59+00:00,0.2916666666666667,0.16584075540304183
2026-01-24 18:00:00+00:00,2026-01-26 02:00:00+00:00,1,32,2026-01-24 12:00:00+00:00,2026-01-24 15:59:59+00:00,0.2733333333333334,0.20134019553661348
2026-01-24 18:00:00+00:00,2026-01-26 03:00:00+00:00,1,33,2026-01-24 12:00:00+00:00,2026-01-24 15:59:59+00:00,0.3133333333333333,0.2474579930305481
2026-01-24 18:00:00+00:00,2026-01-26 04:00:00+00:00,1,34,2026-01-24 12:00:00+00:00,2026-01-24 15:59:59+00:00,0.2383333333333333,0.2838082671165466
2026-01-24 18:00:00+00:00,2026-01-26 05:00:00+00:00,1,35,2026-01-24 12:00:00+00:00,2026-01-24 15:59:59+00:00,0.24333333333333332,0.3410006433725357
2026-01-24 18:00:00+00:00,2026-01-26 06:00:00+00:00,1,36,2026-01-24 12:00:00+00:00,2026-01-24 15:59:59+00:00,0.4766666666666666,0.4296329885721207
2026-01-24 18:00:00+00:00,2026-01-26 07:00:00+00:00,1,37,2026-01-24 12:00:00+00:00,2026-01-24 15:59:59+00:00,0.7983333333333333,0.5099826574325561
2026-01-24 18:00:00+00:00,2026-01-26 08:00:00+00:00,1,38,2026-01-24 12:00:00+00:00,2026-01-24 15:59:59+00:00,0.7933333333333333,0.6195297479629517
2026-01-24 18:00:00+00:00,2026-01-26 09:00:00+00:00,1,39,2026-01-24 12:00:00+00:00,2026-01-24 15:59:59+00:00,0.7600000000000001,0.7419389367103577
2026-01-24 18:00:00+00:00,2026-01-26 10:00:00+00:00,1,40,2026-01-24 12:00:00+00:00,2026-01-24 15:59:59+00:00,0.6716666666666667,0.6891043305397033
2026-01-24 18:00:00+00:00,2026-01-26 11:00:00+00:00,1,41,2026-01-24 12:00:00+00:00,2026-01-24 15:59:59+00:00,0.6133333333333333,0.6093167066574097
2026-01-24 18:00:00+00:00,2026-01-26 12:00:00+00:00,1,42,2026-01-24 12:00:00+00:00,2026-01-24 15:59:59+00:00,0.39999999999999997,0.4831549644470215
2026-01-24 18:00:00+00:00,2026-01-26 13:00:00+00:00,1,43,2026-01-24 12:00:00+00:00,2026-01-24 15:59:59+00:00,0.5,0.4713744163513184
2026-01-24 18:00:00+00:00,2026-01-26 14:00:00+00:00,1,44,2026-01-24 12:00:00+00:00,2026-01-24 15:59:59+00:00,0.775,0.4404711425304413
2026-01-24 18:00:00+00:00,2026-01-26 15:00:00+00:00,1,45,2026-01-24 12:00:00+00:00,2026-01-24 15:59:59+00:00,0.29833333333333334,0.39679563641548155
2026-01-24 18:00:00+00:00,2026-01-26 16:00:00+00:00,1,46,2026-01-24 12:00:00+00:00,2026-01-24 15:59:59+00:00,0.16833333333333333,0.3622973710298538
2026-01-24 18:00:00+00:00,2026-01-26 17:00:00+00:00,1,47,2026-01-24 12:00:00+00:00,2026-01-24 15:59:59+00:00,0.6983333333333333,0.33574777841567993
2026-01-24 18:00:00+00:00,2026-01-26 18:00:00+00:00,1,48,2026-01-24 12:00:00+00:00,2026-01-24 15:59:59+00:00,0.9,0.3138433530926704
2026-01-24 18:00:00+00:00,2026-01-24 19:00:00+00:00,2,1,2026-01-24 12:00:00+00:00,2026-01-24 15:59:59+00:00,0.965,0.35262351036071776
2026-01-24 18:00:00+00:00,2026-01-24 20:00:00+00:00,2,2,2026-01-24 12:00:00+00:00,2026-01-24 15:59:59+00:00,0.5499999999999999,0.23187642693519592
2026-01-24 18:00:00+00:00,2026-01-24 21:00:00+00:00,2,3,2026-01-24 12:00:00+00:00,2026-01-24 15:59:59+00:00,0.23833333333333337,0.1499008595943451
2026-01-24 18:00:00+00:00,2026-01-24 22:00:00+00:00,2,4,2026-01-24 12:00:00+00:00,2026-01-24 15:59:59+00:00,0.49,0.11241587549448014
2026-01-24 18:00:00+00:00,2026-01-24 23:00:00+00:00,2,5,2026-01-24 12:00:00+00:00,2026-01-24 15:59:59+00:00,0.595,0.07581045553088188
2026-01-24 18:00:00+00:00,2026-01-25 00:00:00+00:00,2,6,2026-01-24 12:00:00+00:00,2026-01-24 15:59:59+00:00,0.1416666666666667,0.052482756227254866
2026-01-24 18:00:00+00:00,2026-01-25 01:00:00+00:00,2,7,2026-01-24 12:00:00+00:00,2026-01-24 15:59:59+00:00,0.023333333333333334,0.03322584927082062
2026-01-24 18:00:00+00:00,2026-01-25 02:00:00+00:00,2,8,2026-01-24 12:00:00+00:00,2026-01-24 15:59:59+00:00,0.37333333333333335,0.023639668105170132
2026-01-24 18:00:00+00:00,2026-01-25 03:00:00+00:00,2,9,2026-01-24 12:00:00+00:00,2026-01-24 15:59:59+00:00,0.37000000000000005,0.020084295747801663
2026-01-24 18:00:00+00:00,2026-01-25 04:00:00+00:00,2,10,2026-01-24 12:00:00+00:00,2026-01-24 15:59:59+00:00,0.13166666666666668,0.017009107675403357
2026-01-24 18:00:00+00:00,2026-01-25 05:00:00+00:00,2,11,2026-01-24 12:00:00+00:00,2026-01-24 15:59:59+00:00,0.06999999999999999,0.01643560188822448
2026-01-24 18:00:00+00:00,2026-01-25 06:00:00+00:00,2,12,2026-01-24 12:00:00+00:00,2026-01-24 15:59:59+00:00,0.005,0.01834390973672271
2026-01-24 18:00:00+00:00,2026-01-25 07:00:00+00:00,2,13,2026-01-24 12:00:00+00:00,2026-01-24 15:59:59+00:00,0.01,0.02097980547696352
2026-01-24 18:00:00+00:00,2026-01-25 08:00:00+00:00,2,14,2026-01-24 12:00:00+00:00,2026-01-24 15:59:59+00:00,0.008333333333333333,0.023756463127210737
2026-01-24 18:00:00+00:00,2026-01-25 09:00:00+00:00,2,15,2026-01-24 12:00:00+00:00,2026-01-24 15:59:59+00:00,0.01,0.035925129614770415
2026-01-24 18:00:00+00:00,2026-01-25 10:00:00+00:00,2,16,2026-01-24 12:00:00+00:00,2026-01-24 15:59:59+00:00,0.01,0.04439012575894594
2026-01-24 18:00:00+00:00,2026-01-25 11:00:00+00:00,2,17,2026-01-24 12:00:00+00:00,2026-01-24 15:59:59+00:00,0.01,0.05772868506610394
2026-01-24 18:00:00+00:00,2026-01-25 12:00:00+00:00,2,18,2026-01-24 12:00:00+00:00,2026-01-24 15:59:59+00:00,0.01,0.0781057558953762
2026-01-24 18:00:00+00:00,2026-01-25 13:00:00+00:00,2,19,2026-01-24 12:00:00+00:00,2026-01-24 15:59:59+00:00,0.01,0.055306340008974074
2026-01-24 18:00:00+00:00,2026-01-25 14:00:00+00:00,2,20,2026-01-24 12:00:00+00:00,2026-01-24 15:59:59+00:00,0.03333333333333333,0.04041649177670479
2026-01-24 18:00:00+00:00,2026-01-25 15:00:00+00:00,2,21,2026-01-24 12:00:00+00:00,2026-01-24 15:59:59+00:00,0.13333333333333333,0.031203232146799563
2026-01-24 18:00:00+00:00,2026-01-25 16:00:00+00:00,2,22,2026-01-24 12:00:00+00:00,2026-01-24 15:59:59+00:00,0.215,0.029710393212735654
2026-01-24 18:00:00+00:00,2026-01-25 17:00:00+00:00,2,23,2026-01-24 12:00:00+00:00,2026-01-24 15:59:59+00:00,0.32666666666666666,0.04269983917474747
2026-01-24 18:00:00+00:00,2026-01-25 18:00:00+00:00,2,24,2026-01-24 12:00:00+00:00,2026-01-24 15:59:59+00:00,0.5416666666666666,0.07311365753412247
2026-01-24 18:00:00+00:00,2026-01-25 19:00:00+00:00,2,25,2026-01-24 12:00:00+00:00,2026-01-24 15:59:59+00:00,0.22,0.08720146417617798
2026-01-24 18:00:00+00:00,2026-01-25 20:00:00+00:00,2,26,2026-01-24 12:00:00+00:00,2026-01-24 15:59:59+00:00,0.18166666666666667,0.11255935281515121
2026-01-24 18:00:00+00:00,2026-01-25 21:00:00+00:00,2,27,2026-01-24 12:00:00+00:00,2026-01-24 15:59:59+00:00,0.30666666666666664,0.15312689393758774
2026-01-24 18:00:00+00:00,2026-01-25 22:00:00+00:00,2,28,2026-01-24 12:00:00+00:00,2026-01-24 15:59:59+00:00,0.31833333333333336,0.13245592266321182
2026-01-24 18:00:00+00:00,2026-01-25 23:00:00+00:00,2,29,2026-01-24 12:00:00+00:00,2026-01-24 15:59:59+00:00,0.22,0.12358503118157387
2026-01-24 18:00:00+00:00,2026-01-26 00:00:00+00:00,2,30,2026-01-24 12:00:00+00:00,2026-01-24 15:59:59+00:00,0.5299999999999999,0.12555805072188378
2026-01-24 18:00:00+00:00,2026-01-26 01:00:00+00:00,2,31,2026-01-24 12:00:00+00:00,2026-01-24 15:59:59+00:00,0.27,0.15075484812259674
2026-01-24 18:00:00+00:00,2026-01-26 02:00:00+00:00,2,32,2026-01-24 12:00:00+00:00,2026-01-24 15:59:59+00:00,0.20166666666666666,0.1873212933540344
2026-01-24 18:00:00+00:00,2026-01-26 03:00:00+00:00,2,33,2026-01-24 12:00:00+00:00,2026-01-24 15:59:59+00:00,0.18666666666666668,0.23764460980892183
2026-01-24 18:00:00+00:00,2026-01-26 04:00:00+00:00,2,34,2026-01-24 12:00:00+00:00,2026-01-24 15:59:59+00:00,0.24,0.28061957359313966
2026-01-24 18:00:00+00:00,2026-01-26 05:00:00+00:00,2,35,2026-01-24 12:00:00+00:00,2026-01-24 15:59:59+00:00,0.245,0.3413251876831055
2026-01-24 18:00:00+00:00,2026-01-26 06:00:00+00:00,2,36,2026-01-24 12:00:00+00:00,2026-01-24 15:59:59+00:00,0.5083333333333333,0.43766169548034667
2026-01-24 18:00:00+00:00,2026-01-26 07:00:00+00:00,2,37,2026-01-24 12:00:00+00:00,2026-01-24 15:59:59+00:00,0.8466666666666667,0.5201114475727081
2026-01-24 18:00:00+00:00,2026-01-26 08:00:00+00:00,2,38,2026-01-24 12:00:00+00:00,2026-01-24 15:59:59+00:00,0.7966666666666667,0.6335006594657898
2026-01-24 18:00:00+00:00,2026-01-26 09:00:00+00:00,2,39,2026-01-24 12:00:00+00:00,2026-01-24 15:59:59+00:00,0.75,0.7548539280891419
2026-01-24 18:00:00+00:00,2026-01-26 10:00:00+00:00,2,40,2026-01-24 12:00:00+00:00,2026-01-24 15:59:59+00:00,0.7383333333333333,0.7013035535812377
2026-01-24 18:00:00+00:00,2026-01-26 11:00:00+00:00,2,41,2026-01-24 12:00:00+00:00,2026-01-24 15:59:59+00:00,0.7016666666666667,0.6165079176425934
2026-01-24 18:00:00+00:00,2026-01-26 12:00:00+00:00,2,42,2026-01-24 12:00:00+00:00,2026-01-24 15:59:59+00:00,0.48333333333333334,0.48215360641479493
2026-01-24 18:00:00+00:00,2026-01-26 13:00:00+00:00,2,43,2026-01-24 12:00:00+00:00,2026-01-24 15:59:59+00:00,0.62,0.45107977986335757
2026-01-24 18:00:00+00:00,2026-01-26 14:00:00+00:00,2,44,2026-01-24 12:00:00+00:00,2026-01-24 15:59:59+00:00,0.8716666666666667,0.40960427522659304
2026-01-24 18:00:00+00:00,2026-01-26 15:00:00+00:00,2,45,2026-01-24 12:00:00+00:00,2026-01-24 15:59:59+00:00,0.3666666666666667,0.36509159207344055
2026-01-24 18:00:00+00:00,2026-01-26 16:00:00+00:00,2,46,2026-01-24 12:00:00+00:00,2026-01-24 15:59:59+00:00,0.16666666666666666,0.33275986313819883
2026-01-24 18:00:00+00:00,2026-01-26 17:00:00+00:00,2,47,2026-01-24 12:00:00+00:00,2026-01-24 15:59:59+00:00,0.6766666666666666,0.30503987371921537
2026-01-24 18:00:00+00:00,2026-01-26 18:00:00+00:00,2,48,2026-01-24 12:00:00+00:00,2026-01-24 15:59:59+00:00,0.9266666666666666,0.28085229396820066
2026-01-25 18:00:00+00:00,2026-01-25 19:00:00+00:00,1,1,2026-01-25 12:00:00+00:00,2026-01-25 15:56:14+00:00,0.26833333333333337,0.26042007505893705
2026-01-25 18:00:00+00:00,2026-01-25 20:00:00+00:00,1,2,2026-01-25 12:00:00+00:00,2026-01-25 15:56:14+00:00,0.22833333333333336,0.2517411530017853
2026-01-25 18:00:00+00:00,2026-01-25 21:00:00+00:00,1,3,2026-01-25 12:00:00+00:00,2026-01-25 15:56:14+00:00,0.295,0.23933123648166657
2026-01-25 18:00:00+00:00,2026-01-25 22:00:00+00:00,1,4,2026-01-25 12:00:00+00:00,2026-01-25 15:56:14+00:00,0.30666666666666664,0.1765542209148407
2026-01-25 18:00:00+00:00,2026-01-25 23:00:00+00:00,1,5,2026-01-25 12:00:00+00:00,2026-01-25 15:56:14+00:00,0.27666666666666667,0.12857135534286498
2026-01-25 18:00:00+00:00,2026-01-26 00:00:00+00:00,1,6,2026-01-25 12:00:00+00:00,2026-01-25 15:56:14+00:00,0.6033333333333334,0.09182147160172463
2026-01-25 18:00:00+00:00,2026-01-26 01:00:00+00:00,1,7,2026-01-25 12:00:00+00:00,2026-01-25 15:56:14+00:00,0.2916666666666667,0.09205822423100471
2026-01-25 18:00:00+00:00,2026-01-26 02:00:00+00:00,1,8,2026-01-25 12:00:00+00:00,2026-01-25 15:56:14+00:00,0.2733333333333334,0.09254869073629379
2026-01-25 18:00:00+00:00,2026-01-26 03:00:00+00:00,1,9,2026-01-25 12:00:00+00:00,2026-01-25 15:56:14+00:00,0.3133333333333333,0.09280527830123901
2026-01-25 18:00:00+00:00,2026-01-26 04:00:00+00:00,1,10,2026-01-25 12:00:00+00:00,2026-01-25 15:56:14+00:00,0.2383333333333333,0.1271891325712204
2026-01-25 18:00:00+00:00,2026-01-26 05:00:00+00:00,1,11,2026-01-25 12:00:00+00:00,2026-01-25 15:56:14+00:00,0.24333333333333332,0.1741063416004181
2026-01-25 18:00:00+00:00,2026-01-26 06:00:00+00:00,1,12,2026-01-25 12:00:00+00:00,2026-01-25 15:56:14+00:00,0.4766666666666666,0.2514849931001663
2026-01-25 18:00:00+00:00,2026-01-26 07:00:00+00:00,1,13,2026-01-25 12:00:00+00:00,2026-01-25 15:56:14+00:00,0.7983333333333333,0.2930863559246063
2026-01-25 18:00:00+00:00,2026-01-26 08:00:00+00:00,1,14,2026-01-25 12:00:00+00:00,2026-01-25 15:56:14+00:00,0.7933333333333333,0.36900985836982725
2026-01-25 18:00:00+00:00,2026-01-26 09:00:00+00:00,1,15,2026-01-25 12:00:00+00:00,2026-01-25 15:56:14+00:00,0.7600000000000001,0.47624300718307494
2026-01-25 18:00:00+00:00,2026-01-26 10:00:00+00:00,1,16,2026-01-25 12:00:00+00:00,2026-01-25 15:56:14+00:00,0.6716666666666667,0.35187898874282836
2026-01-25 18:00:00+00:00,2026-01-26 11:00:00+00:00,1,17,2026-01-25 12:00:00+00:00,2026-01-25 15:56:14+00:00,0.6133333333333333,0.2341258183121681
2026-01-25 18:00:00+00:00,2026-01-26 12:00:00+00:00,1,18,2026-01-25 12:00:00+00:00,2026-01-25 15:56:14+00:00,0.39999999999999997,0.1549553744494915
2026-01-25 18:00:00+00:00,2026-01-26 13:00:00+00:00,1,19,2026-01-25 12:00:00+00:00,2026-01-25 15:56:14+00:00,0.5,0.13381939977407456
2026-01-25 18:00:00+00:00,2026-01-26 14:00:00+00:00,1,20,2026-01-25 12:00:00+00:00,2026-01-25 15:56:14+00:00,0.775,0.11058826446533203
2026-01-25 18:00:00+00:00,2026-01-26 15:00:00+00:00,1,21,2026-01-25 12:00:00+00:00,2026-01-25 15:56:14+00:00,0.29833333333333334,0.08965465947985649
2026-01-25 18:00:00+00:00,2026-01-26 16:00:00+00:00,1,22,2026-01-25 12:00:00+00:00,2026-01-25 15:56:14+00:00,0.16833333333333333,0.09732311703264714
2026-01-25 18:00:00+00:00,2026-01-26 17:00:00+00:00,1,23,2026-01-25 12:00:00+00:00,2026-01-25 15:56:14+00:00,0.6983333333333333,0.10426850244402885
2026-01-25 18:00:00+00:00,2026-01-26 18:00:00+00:00,1,24,2026-01-25 12:00:00+00:00,2026-01-25 15:56:14+00:00,0.9,0.10894079580903053
2026-01-25 18:00:00+00:00,2026-01-26 19:00:00+00:00,1,25,2026-01-25 12:00:00+00:00,2026-01-25 15:56:14+00:00,0.65,0.13511915802955626
2026-01-25 18:00:00+00:00,2026-01-26 20:00:00+00:00,1,26,2026-01-25 12:00:00+00:00,2026-01-25 15:56:14+00:00,0.6233333333333334,0.17458144724369049
2026-01-25 18:00:00+00:00,2026-01-26 21:00:00+00:00,1,27,2026-01-25 12:00:00+00:00,2026-01-25 15:56:14+00:00,0.48,0.22798196971416473
2026-01-25 18:00:00+00:00,2026-01-26 22:00:00+00:00,1,28,2026-01-25 12:00:00+00:00,2026-01-25 15:56:14+00:00,0.935,0.17373271733522416
2026-01-25 18:00:00+00:00,2026-01-26 23:00:00+00:00,1,29,2026-01-25 12:00:00+00:00,2026-01-25 15:56:14+00:00,0.6849999999999999,0.12976805344223977
2026-01-25 18:00:00+00:00,2026-01-27 00:00:00+00:00,1,30,2026-01-25 12:00:00+00:00,2026-01-25 15:56:14+00:00,0.4066666666666667,0.10007171258330345
2026-01-25 18:00:00+00:00,2026-01-27 01:00:00+00:00,1,31,2026-01-25 12:00:00+00:00,2026-01-25 15:56:14+00:00,0.03166666666666667,0.07593767866492271
2026-01-25 18:00:00+00:00,2026-01-27 02:00:00+00:00,1,32,2026-01-25 12:00:00+00:00,2026-01-25 15:56:14+00:00,0.013333333333333334,0.059328054450452326
2026-01-25 18:00:00+00:00,2026-01-27 03:00:00+00:00,1,33,2026-01-25 12:00:00+00:00,2026-01-25 15:56:14+00:00,0.01,0.04699767380952835
2026-01-25 18:00:00+00:00,2026-01-27 04:00:00+00:00,1,34,2026-01-25 12:00:00+00:00,2026-01-25 15:56:14+00:00,0.01,0.037432057596743104
2026-01-25 18:00:00+00:00,2026-01-27 05:00:00+00:00,1,35,2026-01-25 12:00:00+00:00,2026-01-25 15:56:14+00:00,0.01,0.03138922611251473
2026-01-25 18:00:00+00:00,2026-01-27 06:00:00+00:00,1,36,2026-01-25 12:00:00+00:00,2026-01-25 15:56:14+00:00,0.01,0.028764250129461287
2026-01-25 18:00:00+00:00,2026-01-27 07:00:00+00:00,1,37,2026-01-25 12:00:00+00:00,2026-01-25 15:56:14+00:00,0.01,0.028547107335180046
2026-01-25 18:00:00+00:00,2026-01-27 08:00:00+00:00,1,38,2026-01-25 12:00:00+00:00,2026-01-25 15:56:14+00:00,0.01,0.030391681008040905
2026-01-25 18:00:00+00:00,2026-01-27 09:00:00+00:00,1,39,2026-01-25 12:00:00+00:00,2026-01-25 15:56:14+00:00,0.01,0.03420315384864807
2026-01-25 18:00:00+00:00,2026-01-27 10:00:00+00:00,1,40,2026-01-25 12:00:00+00:00,2026-01-25 15:56:14+00:00,0.01,0.03860964123159647
2026-01-25 18:00:00+00:00,2026-01-27 11:00:00+00:00,1,41,2026-01-25 12:00:00+00:00,2026-01-25 15:56:14+00:00,0.01,0.04373031295835972
2026-01-25 18:00:00+00:00,2026-01-27 12:00:00+00:00,1,42,2026-01-25 12:00:00+00:00,2026-01-25 15:56:14+00:00,0.01,0.04766107052564621
2026-01-25 18:00:00+00:00,2026-01-27 13:00:00+00:00,1,43,2026-01-25 12:00:00+00:00,2026-01-25 15:56:14+00:00,0.01,0.051313461363315584
2026-01-25 18:00:00+00:00,2026-01-27 14:00:00+00:00,1,44,2026-01-25 12:00:00+00:00,2026-01-25 15:56:14+00:00,0.01,0.05246764421463013
2026-01-25 18:00:00+00:00,2026-01-27 15:00:00+00:00,1,45,2026-01-25 12:00:00+00:00,2026-01-25 15:56:14+00:00,0.016666666666666666,0.05136742163449526
2026-01-25 18:00:00+00:00,2026-01-27 16:00:00+00:00,1,46,2026-01-25 12:00:00+00:00,2026-01-25 15:56:14+00:00,0.008333333333333333,0.05569269545376301
2026-01-25 18:00:00+00:00,2026-01-27 17:00:00+00:00,1,47,2026-01-25 12:00:00+00:00,2026-01-25 15:56:14+00:00,0.01,0.058179420046508314
2026-01-25 18:00:00+00:00,2026-01-27 18:00:00+00:00,1,48,2026-01-25 12:00:00+00:00,2026-01-25 15:56:14+00:00,0.01,0.059276969730854036
2026-01-25 18:00:00+00:00,2026-01-25 19:00:00+00:00,2,1,2026-01-25 12:00:00+00:00,2026-01-25 15:56:14+00:00,0.22,0.24315017759799956
2026-01-25 18:00:00+00:00,2026-01-25 20:00:00+00:00,2,2,2026-01-25 12:00:00+00:00,2026-01-25 15:56:14+00:00,0.18166666666666667,0.23194616734981538
2026-01-25 18:00:00+00:00,2026-01-25 21:00:00+00:00,2,3,2026-01-25 12:00:00+00:00,2026-01-25 15:56:14+00:00,0.30666666666666664,0.21803938150405883
2026-01-25 18:00:00+00:00,2026-01-25 22:00:00+00:00,2,4,2026-01-25 12:00:00+00:00,2026-01-25 15:56:14+00:00,0.31833333333333336,0.1587466299533844
2026-01-25 18:00:00+00:00,2026-01-25 23:00:00+00:00,2,5,2026-01-25 12:00:00+00:00,2026-01-25 15:56:14+00:00,0.22,0.11546602100133896
2026-01-25 18:00:00+00:00,2026-01-26 00:00:00+00:00,2,6,2026-01-25 12:00:00+00:00,2026-01-25 15:56:14+00:00,0.5299999999999999,0.08254963383078576
2026-01-25 18:00:00+00:00,2026-01-26 01:00:00+00:00,2,7,2026-01-25 12:00:00+00:00,2026-01-25 15:56:14+00:00,0.27,0.0831217497587204
2026-01-25 18:00:00+00:00,2026-01-26 02:00:00+00:00,2,8,2026-01-25 12:00:00+00:00,2026-01-25 15:56:14+00:00,0.20166666666666666,0.08487972617149353
2026-01-25 18:00:00+00:00,2026-01-26 03:00:00+00:00,2,9,2026-01-25 12:00:00+00:00,2026-01-25 15:56:14+00:00,0.18666666666666668,0.08754644840955735
2026-01-25 18:00:00+00:00,2026-01-26 04:00:00+00:00,2,10,2026-01-25 12:00:00+00:00,2026-01-25 15:56:14+00:00,0.24,0.12780463695526123
2026-01-25 18:00:00+00:00,2026-01-26 05:00:00+00:00,2,11,2026-01-25 12:00:00+00:00,2026-01-25 15:56:14+00:00,0.245,0.18233457207679749
2026-01-25 18:00:00+00:00,2026-01-26 06:00:00+00:00,2,12,2026-01-25 12:00:00+00:00,2026-01-25 15:56:14+00:00,0.5083333333333333,0.2641618371009827
2026-01-25 18:00:00+00:00,2026-01-26 07:00:00+00:00,2,13,2026-01-25 12:00:00+00:00,2026-01-25 15:56:14+00:00,0.8466666666666667,0.30859280526638033
2026-01-25 18:00:00+00:00,2026-01-26 08:00:00+00:00,2,14,2026-01-25 12:00:00+00:00,2026-01-25 15:56:14+00:00,0.7966666666666667,0.38518945276737215
2026-01-25 18:00:00+00:00,2026-01-26 09:00:00+00:00,2,15,2026-01-25 12:00:00+00:00,2026-01-25 15:56:14+00:00,0.75,0.49299349188804625
2026-01-25 18:00:00+00:00,2026-01-26 10:00:00+00:00,2,16,2026-01-25 12:00:00+00:00,2026-01-25 15:56:14+00:00,0.7383333333333333,0.3560561865568161
2026-01-25 18:00:00+00:00,2026-01-26 11:00:00+00:00,2,17,2026-01-25 12:00:00+00:00,2026-01-25 15:56:14+00:00,0.7016666666666667,0.22538957446813584
2026-01-25 18:00:00+00:00,2026-01-26 12:00:00+00:00,2,18,2026-01-25 12:00:00+00:00,2026-01-25 15:56:14+00:00,0.48333333333333334,0.14167226999998092
2026-01-25 18:00:00+00:00,2026-01-26 13:00:00+00:00,2,19,2026-01-25 12:00:00+00:00,2026-01-25 15:56:14+00:00,0.62,0.11984029859304428
2026-01-25 18:00:00+00:00,2026-01-26 14:00:00+00:00,2,20,2026-01-25 12:00:00+00:00,2026-01-25 15:56:14+00:00,0.8716666666666667,0.09860093146562576
2026-01-25 18:00:00+00:00,2026-01-26 15:00:00+00:00,2,21,2026-01-25 12:00:00+00:00,2026-01-25 15:56:14+00:00,0.3666666666666667,0.07900767922401428
2026-01-25 18:00:00+00:00,2026-01-26 16:00:00+00:00,2,22,2026-01-25 12:00:00+00:00,2026-01-25 15:56:14+00:00,0.16666666666666666,0.08561290763318538
2026-01-25 18:00:00+00:00,2026-01-26 17:00:00+00:00,2,23,2026-01-25 12:00:00+00:00,2026-01-25 15:56:14+00:00,0.6766666666666666,0.09106021672487259
2026-01-25 18:00:00+00:00,2026-01-26 18:00:00+00:00,2,24,2026-01-25 12:00:00+00:00,2026-01-25 15:56:14+00:00,0.9266666666666666,0.09420936703681945
2026-01-25 18:00:00+00:00,2026-01-26 19:00:00+00:00,2,25,2026-01-25 12:00:00+00:00,2026-01-25 15:56:14+00:00,0.7050000000000001,0.11541932672262192
2026-01-25 18:00:00+00:00,2026-01-26 20:00:00+00:00,2,26,2026-01-25 12:00:00+00:00,2026-01-25 15:56:14+00:00,0.6266666666666666,0.14618247747421265
2026-01-25 18:00:00+00:00,2026-01-26 21:00:00+00:00,2,27,2026-01-25 12:00:00+00:00,2026-01-25 15:56:14+00:00,0.49,0.19276358783245087
2026-01-25 18:00:00+00:00,2026-01-26 22:00:00+00:00,2,28,2026-01-25 12:00:00+00:00,2026-01-25 15:56:14+00:00,0.935,0.14262803941965102
2026-01-25 18:00:00+00:00,2026-01-26 23:00:00+00:00,2,29,2026-01-25 12:00:00+00:00,2026-01-25 15:56:14+00:00,0.6733333333333333,0.10690036118030548
2026-01-25 18:00:00+00:00,2026-01-27 00:00:00+00:00,2,30,2026-01-25 12:00:00+00:00,2026-01-25 15:56:14+00:00,0.28833333333333333,0.08272132016718388
2026-01-25 18:00:00+00:00,2026-01-27 01:00:00+00:00,2,31,2026-01-25 12:00:00+00:00,2026-01-25 15:56:14+00:00,0.028333333333333332,0.06412348598241806
2026-01-25 18:00:00+00:00,2026-01-27 02:00:00+00:00,2,32,2026-01-25 12:00:00+00:00,2026-01-25 15:56:14+00:00,0.013333333333333334,0.05090401377528906
2026-01-25 18:00:00+00:00,2026-01-27 03:00:00+00:00,2,33,2026-01-25 12:00:00+00:00,2026-01-25 15:56:14+00:00,0.01,0.04137892909348011
2026-01-25 18:00:00+00:00,2026-01-27 04:00:00+00:00,2,34,2026-01-25 12:00:00+00:00,2026-01-25 15:56:14+00:00,0.008333333333333333,0.033528578281402585
2026-01-25 18:00:00+00:00,2026-01-27 05:00:00+00:00,2,35,2026-01-25 12:00:00+00:00,2026-01-25 15:56:14+00:00,0.01,0.028599009942263366
2026-01-25 18:00:00+00:00,2026-01-27 06:00:00+00:00,2,36,2026-01-25 12:00:00+00:00,2026-01-25 15:56:14+00:00,0.01,0.0269056711345911
2026-01-25 18:00:00+00:00,2026-01-27 07:00:00+00:00,2,37,2026-01-25 12:00:00+00:00,2026-01-25 15:56:14+00:00,0.01,0.026864742301404475
2026-01-25 18:00:00+00:00,2026-01-27 08:00:00+00:00,2,38,2026-01-25 12:00:00+00:00,2026-01-25 15:56:14+00:00,0.01,0.02864365912973881
2026-01-25 18:00:00+00:00,2026-01-27 09:00:00+00:00,2,39,2026-01-25 12:00:00+00:00,2026-01-25 15:56:14+00:00,0.01,0.03244041781872511
2026-01-25 18:00:00+00:00,2026-01-27 10:00:00+00:00,2,40,2026-01-25 12:00:00+00:00,2026-01-25 15:56:14+00:00,0.01,0.037059500627219674
2026-01-25 18:00:00+00:00,2026-01-27 11:00:00+00:00,2,41,2026-01-25 12:00:00+00:00,2026-01-25 15:56:14+00:00,0.01,0.04178275614976883
2026-01-25 18:00:00+00:00,2026-01-27 12:00:00+00:00,2,42,2026-01-25 12:00:00+00:00,2026-01-25 15:56:14+00:00,0.01,0.0445260975509882
2026-01-25 18:00:00+00:00,2026-01-27 13:00:00+00:00,2,43,2026-01-25 12:00:00+00:00,2026-01-25 15:56:14+00:00,0.01,0.04680953584611416
2026-01-25 18:00:00+00:00,2026-01-27 14:00:00+00:00,2,44,2026-01-25 12:00:00+00:00,2026-01-25 15:56:14+00:00,0.01,0.047226179577410224
2026-01-25 18:00:00+00:00,2026-01-27 15:00:00+00:00,2,45,2026-01-25 12:00:00+00:00,2026-01-25 15:56:14+00:00,0.013333333333333334,0.04569701179862022
2026-01-25 18:00:00+00:00,2026-01-27 16:00:00+00:00,2,46,2026-01-25 12:00:00+00:00,2026-01-25 15:56:14+00:00,0.006666666666666667,0.04904705584049225
2026-01-25 18:00:00+00:00,2026-01-27 17:00:00+00:00,2,47,2026-01-25 12:00:00+00:00,2026-01-25 15:56:14+00:00,0.008333333333333333,0.05085933730006218
2026-01-25 18:00:00+00:00,2026-01-27 18:00:00+00:00,2,48,2026-01-25 12:00:00+00:00,2026-01-25 15:56:14+00:00,0.01,0.05130415819585323
2026-01-26 18:00:00+00:00,2026-01-26 19:00:00+00:00,1,1,2026-01-26 12:00:00+00:00,2026-01-26 15:57:55+00:00,0.65,0.22708539366722108
2026-01-26 18:00:00+00:00,2026-01-26 20:00:00+00:00,1,2,2026-01-26 12:00:00+00:00,2026-01-26 15:57:55+00:00,0.6233333333333334,0.18932779729366303
2026-01-26 18:00:00+00:00,2026-01-26 21:00:00+00:00,1,3,2026-01-26 12:00:00+00:00,2026-01-26 15:57:55+00:00,0.48,0.1548847049474716
2026-01-26 18:00:00+00:00,2026-01-26 22:00:00+00:00,1,4,2026-01-26 12:00:00+00:00,2026-01-26 15:57:55+00:00,0.935,0.10964552909135819
2026-01-26 18:00:00+00:00,2026-01-26 23:00:00+00:00,1,5,2026-01-26 12:00:00+00:00,2026-01-26 15:57:55+00:00,0.6849999999999999,0.07422113418579102
2026-01-26 18:00:00+00:00,2026-01-27 00:00:00+00:00,1,6,2026-01-26 12:00:00+00:00,2026-01-26 15:57:55+00:00,0.4066666666666667,0.05211653038859367
2026-01-26 18:00:00+00:00,2026-01-27 01:00:00+00:00,1,7,2026-01-26 12:00:00+00:00,2026-01-26 15:57:55+00:00,0.03166666666666667,0.04662227649241686
2026-01-26 18:00:00+00:00,2026-01-27 02:00:00+00:00,1,8,2026-01-26 12:00:00+00:00,2026-01-26 15:57:55+00:00,0.013333333333333334,0.038781701028347014
2026-01-26 18:00:00+00:00,2026-01-27 03:00:00+00:00,1,9,2026-01-26 12:00:00+00:00,2026-01-26 15:57:55+00:00,0.01,0.03237930405884981
2026-01-26 18:00:00+00:00,2026-01-27 04:00:00+00:00,1,10,2026-01-26 12:00:00+00:00,2026-01-26 15:57:55+00:00,0.01,0.028630326502025127
2026-01-26 18:00:00+00:00,2026-01-27 05:00:00+00:00,1,11,2026-01-26 12:00:00+00:00,2026-01-26 15:57:55+00:00,0.01,0.027405856270343067
2026-01-26 18:00:00+00:00,2026-01-27 06:00:00+00:00,1,12,2026-01-26 12:00:00+00:00,2026-01-26 15:57:55+00:00,0.01,0.028607122506946324
2026-01-26 18:00:00+00:00,2026-01-27 07:00:00+00:00,1,13,2026-01-26 12:00:00+00:00,2026-01-26 15:57:55+00:00,0.01,0.02965374104678631
2026-01-26 18:00:00+00:00,2026-01-27 08:00:00+00:00,1,14,2026-01-26 12:00:00+00:00,2026-01-26 15:57:55+00:00,0.01,0.03226465452462435
2026-01-26 18:00:00+00:00,2026-01-27 09:00:00+00:00,1,15,2026-01-26 12:00:00+00:00,2026-01-26 15:57:55+00:00,0.01,0.036690411157906055
2026-01-26 18:00:00+00:00,2026-01-27 10:00:00+00:00,1,16,2026-01-26 12:00:00+00:00,2026-01-26 15:57:55+00:00,0.01,0.04033231567591429
2026-01-26 18:00:00+00:00,2026-01-27 11:00:00+00:00,1,17,2026-01-26 12:00:00+00:00,2026-01-26 15:57:55+00:00,0.01,0.04487162716686725
2026-01-26 18:00:00+00:00,2026-01-27 12:00:00+00:00,1,18,2026-01-26 12:00:00+00:00,2026-01-26 15:57:55+00:00,0.01,0.048951100558042526
2026-01-26 18:00:00+00:00,2026-01-27 13:00:00+00:00,1,19,2026-01-26 12:00:00+00:00,2026-01-26 15:57:55+00:00,0.01,0.05033071804791689
2026-01-26 18:00:00+00:00,2026-01-27 14:00:00+00:00,1,20,2026-01-26 12:00:00+00:00,2026-01-26 15:57:55+00:00,0.01,0.050573044642806056
2026-01-26 18:00:00+00:00,2026-01-27 15:00:00+00:00,1,21,2026-01-26 12:00:00+00:00,2026-01-26 15:57:55+00:00,0.016666666666666666,0.048364022932946685
2026-01-26 18:00:00+00:00,2026-01-27 16:00:00+00:00,1,22,2026-01-26 12:00:00+00:00,2026-01-26 15:57:55+00:00,0.008333333333333333,0.04575769575312734
2026-01-26 18:00:00+00:00,2026-01-27 17:00:00+00:00,1,23,2026-01-26 12:00:00+00:00,2026-01-26 15:57:55+00:00,0.01,0.04204314900562167
2026-01-26 18:00:00+00:00,2026-01-27 18:00:00+00:00,1,24,2026-01-26 12:00:00+00:00,2026-01-26 15:57:55+00:00,0.01,0.036850953847169875
2026-01-26 18:00:00+00:00,2026-01-27 19:00:00+00:00,1,25,2026-01-26 12:00:00+00:00,2026-01-26 15:57:55+00:00,0.01,0.03028166452422738
2026-01-26 18:00:00+00:00,2026-01-27 20:00:00+00:00,1,26,2026-01-26 12:00:00+00:00,2026-01-26 15:57:55+00:00,0.01,0.02479056939482689
2026-01-26 18:00:00+00:00,2026-01-27 21:00:00+00:00,1,27,2026-01-26 12:00:00+00:00,2026-01-26 15:57:55+00:00,0.01,0.020388580020517112
2026-01-26 18:00:00+00:00,2026-01-27 22:00:00+00:00,1,28,2026-01-26 12:00:00+00:00,2026-01-26 15:57:55+00:00,0.01,0.015626832749694584
2026-01-26 18:00:00+00:00,2026-01-27 23:00:00+00:00,1,29,2026-01-26 12:00:00+00:00,2026-01-26 15:57:55+00:00,0.01,0.012591470661573113
2026-01-26 18:00:00+00:00,2026-01-28 00:00:00+00:00,1,30,2026-01-26 12:00:00+00:00,2026-01-26 15:57:55+00:00,0.01,0.009982498199678957
2026-01-26 18:00:00+00:00,2026-01-28 01:00:00+00:00,1,31,2026-01-26 12:00:00+00:00,2026-01-26 15:57:55+00:00,0.01,0.012853531679138542
2026-01-26 18:00:00+00:00,2026-01-28 02:00:00+00:00,1,32,2026-01-26 12:00:00+00:00,2026-01-26 15:57:55+00:00,0.03666666666666667,0.017058225302025675
2026-01-26 18:00:00+00:00,2026-01-28 03:00:00+00:00,1,33,2026-01-26 12:00:00+00:00,2026-01-26 15:57:55+00:00,0.04,0.022649260982871056
2026-01-26 18:00:00+00:00,2026-01-28 04:00:00+00:00,1,34,2026-01-26 12:00:00+00:00,2026-01-26 15:57:55+00:00,0.01,0.02171059064567089
2026-01-26 18:00:00+00:00,2026-01-28 05:00:00+00:00,1,35,2026-01-26 12:00:00+00:00,2026-01-26 15:57:55+00:00,0.01,0.021930257976055145
2026-01-26 18:00:00+00:00,2026-01-28 06:00:00+00:00,1,36,2026-01-26 12:00:00+00:00,2026-01-26 15:57:55+00:00,0.01,0.022390420874580742
2026-01-26 18:00:00+00:00,2026-01-28 07:00:00+00:00,1,37,2026-01-26 12:00:00+00:00,2026-01-26 15:57:55+00:00,0.01,0.021876117587089537
2026-01-26 18:00:00+00:00,2026-01-28 08:00:00+00:00,1,38,2026-01-26 12:00:00+00:00,2026-01-26 15:57:55+00:00,0.01,0.02063955725170672
2026-01-26 18:00:00+00:00,2026-01-28 09:00:00+00:00,1,39,2026-01-26 12:00:00+00:00,2026-01-26 15:57:55+00:00,0.01,0.014135062345303595
2026-01-26 18:00:00+00:00,2026-01-28 10:00:00+00:00,1,40,2026-01-26 12:00:00+00:00,2026-01-26 15:57:55+00:00,0.01,0.0238454052247107
2026-01-26 18:00:00+00:00,2026-01-28 11:00:00+00:00,1,41,2026-01-26 12:00:00+00:00,2026-01-26 15:57:55+00:00,0.01,0.0419610608369112
2026-01-26 18:00:00+00:00,2026-01-28 12:00:00+00:00,1,42,2026-01-26 12:00:00+00:00,2026-01-26 15:57:55+00:00,0.07833333333333334,0.0973084844648838
2026-01-26 18:00:00+00:00,2026-01-28 13:00:00+00:00,1,43,2026-01-26 12:00:00+00:00,2026-01-26 15:57:55+00:00,0.17166666666666666,0.15620236098766327
2026-01-26 18:00:00+00:00,2026-01-28 14:00:00+00:00,1,44,2026-01-26 12:00:00+00:00,2026-01-26 15:57:55+00:00,0.49500000000000005,0.2363310694694519
2026-01-26 18:00:00+00:00,2026-01-28 15:00:00+00:00,1,45,2026-01-26 12:00:00+00:00,2026-01-26 15:57:55+00:00,0.7183333333333333,0.3511106431484222
2026-01-26 18:00:00+00:00,2026-01-28 16:00:00+00:00,1,46,2026-01-26 12:00:00+00:00,2026-01-26 15:57:55+00:00,0.4583333333333333,0.369544118642807
2026-01-26 18:00:00+00:00,2026-01-28 17:00:00+00:00,1,47,2026-01-26 12:00:00+00:00,2026-01-26 15:57:55+00:00,0.3183333333333333,0.38957634568214417
2026-01-26 18:00:00+00:00,2026-01-28 18:00:00+00:00,1,48,2026-01-26 12:00:00+00:00,2026-01-26 15:57:55+00:00,0.2283333333333333,0.41494804322719575
2026-01-26 18:00:00+00:00,2026-01-26 19:00:00+00:00,2,1,2026-01-26 12:00:00+00:00,2026-01-26 15:57:55+00:00,0.7050000000000001,0.19759350419044494
2026-01-26 18:00:00+00:00,2026-01-26 20:00:00+00:00,2,2,2026-01-26 12:00:00+00:00,2026-01-26 15:57:55+00:00,0.6266666666666666,0.15993833988904954
2026-01-26 18:00:00+00:00,2026-01-26 21:00:00+00:00,2,3,2026-01-26 12:00:00+00:00,2026-01-26 15:57:55+00:00,0.49,0.12831200361251832
2026-01-26 18:00:00+00:00,2026-01-26 22:00:00+00:00,2,4,2026-01-26 12:00:00+00:00,2026-01-26 15:57:55+00:00,0.935,0.09153996631503106
2026-01-26 18:00:00+00:00,2026-01-26 23:00:00+00:00,2,5,2026-01-26 12:00:00+00:00,2026-01-26 15:57:55+00:00,0.6733333333333333,0.06236058287322521
2026-01-26 18:00:00+00:00,2026-01-27 00:00:00+00:00,2,6,2026-01-26 12:00:00+00:00,2026-01-26 15:57:55+00:00,0.28833333333333333,0.04353575464338064
2026-01-26 18:00:00+00:00,2026-01-27 01:00:00+00:00,2,7,2026-01-26 12:00:00+00:00,2026-01-26 15:57:55+00:00,0.028333333333333332,0.03878306224942207
2026-01-26 18:00:00+00:00,2026-01-27 02:00:00+00:00,2,8,2026-01-26 12:00:00+00:00,2026-01-26 15:57:55+00:00,0.013333333333333334,0.032484608516097066
2026-01-26 18:00:00+00:00,2026-01-27 03:00:00+00:00,2,9,2026-01-26 12:00:00+00:00,2026-01-26 15:57:55+00:00,0.01,0.02857264634221792
2026-01-26 18:00:00+00:00,2026-01-27 04:00:00+00:00,2,10,2026-01-26 12:00:00+00:00,2026-01-26 15:57:55+00:00,0.008333333333333333,0.02619188092648983
2026-01-26 18:00:00+00:00,2026-01-27 05:00:00+00:00,2,11,2026-01-26 12:00:00+00:00,2026-01-26 15:57:55+00:00,0.01,0.025786645989865065
2026-01-26 18:00:00+00:00,2026-01-27 06:00:00+00:00,2,12,2026-01-26 12:00:00+00:00,2026-01-26 15:57:55+00:00,0.01,0.02707583336159587
2026-01-26 18:00:00+00:00,2026-01-27 07:00:00+00:00,2,13,2026-01-26 12:00:00+00:00,2026-01-26 15:57:55+00:00,0.01,0.027917359955608845
2026-01-26 18:00:00+00:00,2026-01-27 08:00:00+00:00,2,14,2026-01-26 12:00:00+00:00,2026-01-26 15:57:55+00:00,0.01,0.029930031299591063
2026-01-26 18:00:00+00:00,2026-01-27 09:00:00+00:00,2,15,2026-01-26 12:00:00+00:00,2026-01-26 15:57:55+00:00,0.01,0.0336582750082016
2026-01-26 18:00:00+00:00,2026-01-27 10:00:00+00:00,2,16,2026-01-26 12:00:00+00:00,2026-01-26 15:57:55+00:00,0.01,0.03783729765564203
2026-01-26 18:00:00+00:00,2026-01-27 11:00:00+00:00,2,17,2026-01-26 12:00:00+00:00,2026-01-26 15:57:55+00:00,0.01,0.042503029480576514
2026-01-26 18:00:00+00:00,2026-01-27 12:00:00+00:00,2,18,2026-01-26 12:00:00+00:00,2026-01-26 15:57:55+00:00,0.01,0.046014036796987054
2026-01-26 18:00:00+00:00,2026-01-27 13:00:00+00:00,2,19,2026-01-26 12:00:00+00:00,2026-01-26 15:57:55+00:00,0.01,0.046816550008952615
2026-01-26 18:00:00+00:00,2026-01-27 14:00:00+00:00,2,20,2026-01-26 12:00:00+00:00,2026-01-26 15:57:55+00:00,0.01,0.046005123481154445
2026-01-26 18:00:00+00:00,2026-01-27 15:00:00+00:00,2,21,2026-01-26 12:00:00+00:00,2026-01-26 15:57:55+00:00,0.013333333333333334,0.043410071171820164
2026-01-26 18:00:00+00:00,2026-01-27 16:00:00+00:00,2,22,2026-01-26 12:00:00+00:00,2026-01-26 15:57:55+00:00,0.006666666666666667,0.040527979470789434
2026-01-26 18:00:00+00:00,2026-01-27 17:00:00+00:00,2,23,2026-01-26 12:00:00+00:00,2026-01-26 15:57:55+00:00,0.008333333333333333,0.036602661665529015
2026-01-26 18:00:00+00:00,2026-01-27 18:00:00+00:00,2,24,2026-01-26 12:00:00+00:00,2026-01-26 15:57:55+00:00,0.01,0.03180084936320782
2026-01-26 18:00:00+00:00,2026-01-27 19:00:00+00:00,2,25,2026-01-26 12:00:00+00:00,2026-01-26 15:57:55+00:00,0.01,0.025989354122430086
2026-01-26 18:00:00+00:00,2026-01-27 20:00:00+00:00,2,26,2026-01-26 12:00:00+00:00,2026-01-26 15:57:55+00:00,0.01,0.021455699857324362
2026-01-26 18:00:00+00:00,2026-01-27 21:00:00+00:00,2,27,2026-01-26 12:00:00+00:00,2026-01-26 15:57:55+00:00,0.01,0.01775412098504603
2026-01-26 18:00:00+00:00,2026-01-27 22:00:00+00:00,2,28,2026-01-26 12:00:00+00:00,2026-01-26 15:57:55+00:00,0.01,0.0136400883551687
2026-01-26 18:00:00+00:00,2026-01-27 23:00:00+00:00,2,29,2026-01-26 12:00:00+00:00,2026-01-26 15:57:55+00:00,0.01,0.010990054602734745
2026-01-26 18:00:00+00:00,2026-01-28 00:00:00+00:00,2,30,2026-01-26 12:00:00+00:00,2026-01-26 15:57:55+00:00,0.01,0.008701829938217998
2026-01-26 18:00:00+00:00,2026-01-28 01:00:00+00:00,2,31,2026-01-26 12:00:00+00:00,2026-01-26 15:57:55+00:00,0.008333333333333333,0.011336823180317878
2026-01-26 18:00:00+00:00,2026-01-28 02:00:00+00:00,2,32,2026-01-26 12:00:00+00:00,2026-01-26 15:57:55+00:00,0.03,0.015433667413890361
2026-01-26 18:00:00+00:00,2026-01-28 03:00:00+00:00,2,33,2026-01-26 12:00:00+00:00,2026-01-26 15:57:55+00:00,0.03166666666666667,0.021117394138127566
2026-01-26 18:00:00+00:00,2026-01-28 04:00:00+00:00,2,34,2026-01-26 12:00:00+00:00,2026-01-26 15:57:55+00:00,0.01,0.02044128980487585
2026-01-26 18:00:00+00:00,2026-01-28 05:00:00+00:00,2,35,2026-01-26 12:00:00+00:00,2026-01-26 15:57:55+00:00,0.01,0.021149162854999303
2026-01-26 18:00:00+00:00,2026-01-28 06:00:00+00:00,2,36,2026-01-26 12:00:00+00:00,2026-01-26 15:57:55+00:00,0.01,0.022138265194371343
2026-01-26 18:00:00+00:00,2026-01-28 07:00:00+00:00,2,37,2026-01-26 12:00:00+00:00,2026-01-26 15:57:55+00:00,0.01,0.021425765985623003
2026-01-26 18:00:00+00:00,2026-01-28 08:00:00+00:00,2,38,2026-01-26 12:00:00+00:00,2026-01-26 15:57:55+00:00,0.01,0.019701407430693506
2026-01-26 18:00:00+00:00,2026-01-28 09:00:00+00:00,2,39,2026-01-26 12:00:00+00:00,2026-01-26 15:57:55+00:00,0.01,0.01208667173050344
2026-01-26 18:00:00+00:00,2026-01-28 10:00:00+00:00,2,40,2026-01-26 12:00:00+00:00,2026-01-26 15:57:55+00:00,0.051666666666666666,0.021299131447449327
2026-01-26 18:00:00+00:00,2026-01-28 11:00:00+00:00,2,41,2026-01-26 12:00:00+00:00,2026-01-26 15:57:55+00:00,0.125,0.037614955194294454
2026-01-26 18:00:00+00:00,2026-01-28 12:00:00+00:00,2,42,2026-01-26 12:00:00+00:00,2026-01-26 15:57:55+00:00,0.20833333333333334,0.09198596775531769
2026-01-26 18:00:00+00:00,2026-01-28 13:00:00+00:00,2,43,2026-01-26 12:00:00+00:00,2026-01-26 15:57:55+00:00,0.14833333333333334,0.14274802505970002
2026-01-26 18:00:00+00:00,2026-01-28 14:00:00+00:00,2,44,2026-01-26 12:00:00+00:00,2026-01-26 15:57:55+00:00,0.47833333333333333,0.2160282850265503
2026-01-26 18:00:00+00:00,2026-01-28 15:00:00+00:00,2,45,2026-01-26 12:00:00+00:00,2026-01-26 15:57:55+00:00,0.7033333333333333,0.3246795773506165
2026-01-26 18:00:00+00:00,2026-01-28 16:00:00+00:00,2,46,2026-01-26 12:00:00+00:00,2026-01-26 15:57:55+00:00,0.49333333333333335,0.33013770580291746
2026-01-26 18:00:00+00:00,2026-01-28 17:00:00+00:00,2,47,2026-01-26 12:00:00+00:00,2026-01-26 15:57:55+00:00,0.34,0.3470138072967529
2026-01-26 18:00:00+00:00,2026-01-28 18:00:00+00:00,2,48,2026-01-26 12:00:00+00:00,2026-01-26 15:57:55+00:00,0.20333333333333334,0.37461423873901367
2026-01-27 18:00:00+00:00,2026-01-27 19:00:00+00:00,1,1,2026-01-27 12:00:00+00:00,2026-01-27 15:52:43+00:00,0.01,0.02179311206564307
2026-01-27 18:00:00+00:00,2026-01-27 20:00:00+00:00,1,2,2026-01-27 12:00:00+00:00,2026-01-27 15:52:43+00:00,0.01,0.019754585158079863
2026-01-27 18:00:00+00:00,2026-01-27 21:00:00+00:00,1,3,2026-01-27 12:00:00+00:00,2026-01-27 15:52:43+00:00,0.01,0.026268747728317977
2026-01-27 18:00:00+00:00,2026-01-27 22:00:00+00:00,1,4,2026-01-27 12:00:00+00:00,2026-01-27 15:52:43+00:00,0.01,0.025156758539378644
2026-01-27 18:00:00+00:00,2026-01-27 23:00:00+00:00,1,5,2026-01-27 12:00:00+00:00,2026-01-27 15:52:43+00:00,0.01,0.02797613963484764
2026-01-27 18:00:00+00:00,2026-01-28 00:00:00+00:00,1,6,2026-01-27 12:00:00+00:00,2026-01-27 15:52:43+00:00,0.01,0.037275511771440506
2026-01-27 18:00:00+00:00,2026-01-28 01:00:00+00:00,1,7,2026-01-27 12:00:00+00:00,2026-01-27 15:52:43+00:00,0.01,0.04357242174446583
2026-01-27 18:00:00+00:00,2026-01-28 02:00:00+00:00,1,8,2026-01-27 12:00:00+00:00,2026-01-27 15:52:43+00:00,0.03666666666666667,0.05113491453230381
2026-01-27 18:00:00+00:00,2026-01-28 03:00:00+00:00,1,9,2026-01-27 12:00:00+00:00,2026-01-27 15:52:43+00:00,0.04,0.05780718885362148
2026-01-27 18:00:00+00:00,2026-01-28 04:00:00+00:00,1,10,2026-01-27 12:00:00+00:00,2026-01-27 15:52:43+00:00,0.01,0.04212847575545311
2026-01-27 18:00:00+00:00,2026-01-28 05:00:00+00:00,1,11,2026-01-27 12:00:00+00:00,2026-01-27 15:52:43+00:00,0.01,0.03215156476944685
2026-01-27 18:00:00+00:00,2026-01-28 06:00:00+00:00,1,12,2026-01-27 12:00:00+00:00,2026-01-27 15:52:43+00:00,0.01,0.02668141359463334
2026-01-27 18:00:00+00:00,2026-01-28 07:00:00+00:00,1,13,2026-01-27 12:00:00+00:00,2026-01-27 15:52:43+00:00,0.01,0.020299443136900665
2026-01-27 18:00:00+00:00,2026-01-28 08:00:00+00:00,1,14,2026-01-27 12:00:00+00:00,2026-01-27 15:52:43+00:00,0.01,0.014460779330693185
2026-01-27 18:00:00+00:00,2026-01-28 09:00:00+00:00,1,15,2026-01-27 12:00:00+00:00,2026-01-27 15:52:43+00:00,0.01,0.01852690523955971
2026-01-27 18:00:00+00:00,2026-01-28 10:00:00+00:00,1,16,2026-01-27 12:00:00+00:00,2026-01-27 15:52:43+00:00,0.01,0.024797193612903355
2026-01-27 18:00:00+00:00,2026-01-28 11:00:00+00:00,1,17,2026-01-27 12:00:00+00:00,2026-01-27 15:52:43+00:00,0.01,0.03504930604249239
2026-01-27 18:00:00+00:00,2026-01-28 12:00:00+00:00,1,18,2026-01-27 12:00:00+00:00,2026-01-27 15:52:43+00:00,0.07833333333333334,0.06151174567639828
2026-01-27 18:00:00+00:00,2026-01-28 13:00:00+00:00,1,19,2026-01-27 12:00:00+00:00,2026-01-27 15:52:43+00:00,0.17166666666666666,0.09576866403222084
2026-01-27 18:00:00+00:00,2026-01-28 14:00:00+00:00,1,20,2026-01-27 12:00:00+00:00,2026-01-27 15:52:43+00:00,0.49500000000000005,0.14584206342697142
2026-01-27 18:00:00+00:00,2026-01-28 15:00:00+00:00,1,21,2026-01-27 12:00:00+00:00,2026-01-27 15:52:43+00:00,0.7183333333333333,0.2096549540758133
2026-01-27 18:00:00+00:00,2026-01-28 16:00:00+00:00,1,22,2026-01-27 12:00:00+00:00,2026-01-27 15:52:43+00:00,0.4583333333333333,0.15564288944005966
2026-01-27 18:00:00+00:00,2026-01-28 17:00:00+00:00,1,23,2026-01-27 12:00:00+00:00,2026-01-27 15:52:43+00:00,0.3183333333333333,0.11640467420220375
2026-01-27 18:00:00+00:00,2026-01-28 18:00:00+00:00,1,24,2026-01-27 12:00:00+00:00,2026-01-27 15:52:43+00:00,0.2283333333333333,0.0968400776386261
2026-01-27 18:00:00+00:00,2026-01-28 19:00:00+00:00,1,25,2026-01-27 12:00:00+00:00,2026-01-27 15:52:43+00:00,0.27166666666666667,0.0896666046231985
2026-01-27 18:00:00+00:00,2026-01-28 20:00:00+00:00,1,26,2026-01-27 12:00:00+00:00,2026-01-27 15:52:43+00:00,0.13999999999999999,0.08267135955393315
2026-01-27 18:00:00+00:00,2026-01-28 21:00:00+00:00,1,27,2026-01-27 12:00:00+00:00,2026-01-27 15:52:43+00:00,0.19999999999999998,0.07627933956682682
2026-01-27 18:00:00+00:00,2026-01-28 22:00:00+00:00,1,28,2026-01-27 12:00:00+00:00,2026-01-27 15:52:43+00:00,0.23666666666666666,0.06327092312276364
2026-01-27 18:00:00+00:00,2026-01-28 23:00:00+00:00,1,29,2026-01-27 12:00:00+00:00,2026-01-27 15:52:43+00:00,0.17,0.05162742771208286
2026-01-27 18:00:00+00:00,2026-01-29 00:00:00+00:00,1,30,2026-01-27 12:00:00+00:00,2026-01-27 15:52:43+00:00,0.043333333333333335,0.0414740189909935
2026-01-27 18:00:00+00:00,2026-01-29 01:00:00+00:00,1,31,2026-01-27 12:00:00+00:00,2026-01-27 15:52:43+00:00,0.015,0.04300247300416231
2026-01-27 18:00:00+00:00,2026-01-29 02:00:00+00:00,1,32,2026-01-27 12:00:00+00:00,2026-01-27 15:52:43+00:00,0.011666666666666667,0.044971216656267646
2026-01-27 18:00:00+00:00,2026-01-29 03:00:00+00:00,1,33,2026-01-27 12:00:00+00:00,2026-01-27 15:52:43+00:00,0.01,0.04769002888351679
2026-01-27 18:00:00+00:00,2026-01-29 04:00:00+00:00,1,34,2026-01-27 12:00:00+00:00,2026-01-27 15:52:43+00:00,0.024999999999999998,0.07039985433220863
2026-01-27 18:00:00+00:00,2026-01-29 05:00:00+00:00,1,35,2026-01-27 12:00:00+00:00,2026-01-27 15:52:43+00:00,0.03833333333333334,0.11064536198973655
2026-01-27 18:00:00+00:00,2026-01-29 06:00:00+00:00,1,36,2026-01-27 12:00:00+00:00,2026-01-27 15:52:43+00:00,0.016666666666666666,0.19556133896112443
2026-01-27 18:00:00+00:00,2026-01-29 07:00:00+00:00,1,37,2026-01-27 12:00:00+00:00,2026-01-27 15:52:43+00:00,0.2133333333333333,0.24194657057523727
2026-01-27 18:00:00+00:00,2026-01-29 08:00:00+00:00,1,38,2026-01-27 12:00:00+00:00,2026-01-27 15:52:43+00:00,0.655,0.32371101081371306
2026-01-27 18:00:00+00:00,2026-01-29 09:00:00+00:00,1,39,2026-01-27 12:00:00+00:00,2026-01-27 15:52:43+00:00,0.8666666666666667,0.44172908663749694
2026-01-27 18:00:00+00:00,2026-01-29 10:00:00+00:00,1,40,2026-01-27 12:00:00+00:00,2026-01-27 15:52:43+00:00,0.8333333333333334,0.33479476273059844
2026-01-27 18:00:00+00:00,2026-01-29 11:00:00+00:00,1,41,2026-01-27 12:00:00+00:00,2026-01-27 15:52:43+00:00,0.9366666666666666,0.2479424849152565
2026-01-27 18:00:00+00:00,2026-01-29 12:00:00+00:00,1,42,2026-01-27 12:00:00+00:00,2026-01-27 15:52:43+00:00,0.9583333333333334,0.17028359472751617
2026-01-27 18:00:00+00:00,2026-01-29 13:00:00+00:00,1,43,2026-01-27 12:00:00+00:00,2026-01-27 15:52:43+00:00,0.8883333333333333,0.22500077039003372
2026-01-27 18:00:00+00:00,2026-01-29 14:00:00+00:00,1,44,2026-01-27 12:00:00+00:00,2026-01-27 15:52:43+00:00,0.9116666666666666,0.2792823016643524
2026-01-27 18:00:00+00:00,2026-01-29 15:00:00+00:00,1,45,2026-01-27 12:00:00+00:00,2026-01-27 15:52:43+00:00,0.9816666666666666,0.3292809695005417
2026-01-27 18:00:00+00:00,2026-01-29 16:00:00+00:00,1,46,2026-01-27 12:00:00+00:00,2026-01-27 15:52:43+00:00,0.9899999999999999,0.3728292554616928
2026-01-27 18:00:00+00:00,2026-01-29 17:00:00+00:00,1,47,2026-01-27 12:00:00+00:00,2026-01-27 15:52:43+00:00,0.9899999999999999,0.41615198254585267
2026-01-27 18:00:00+00:00,2026-01-29 18:00:00+00:00,1,48,2026-01-27 12:00:00+00:00,2026-01-27 15:52:43+00:00,0.9899999999999999,0.469163703918457
2026-01-27 18:00:00+00:00,2026-01-27 19:00:00+00:00,2,1,2026-01-27 12:00:00+00:00,2026-01-27 15:52:43+00:00,0.01,0.018948364118114115
2026-01-27 18:00:00+00:00,2026-01-27 20:00:00+00:00,2,2,2026-01-27 12:00:00+00:00,2026-01-27 15:52:43+00:00,0.01,0.017033734591677785
2026-01-27 18:00:00+00:00,2026-01-27 21:00:00+00:00,2,3,2026-01-27 12:00:00+00:00,2026-01-27 15:52:43+00:00,0.01,0.022681251913309098
2026-01-27 18:00:00+00:00,2026-01-27 22:00:00+00:00,2,4,2026-01-27 12:00:00+00:00,2026-01-27 15:52:43+00:00,0.01,0.022193581983447074
2026-01-27 18:00:00+00:00,2026-01-27 23:00:00+00:00,2,5,2026-01-27 12:00:00+00:00,2026-01-27 15:52:43+00:00,0.01,0.025305291172116995
2026-01-27 18:00:00+00:00,2026-01-28 00:00:00+00:00,2,6,2026-01-27 12:00:00+00:00,2026-01-27 15:52:43+00:00,0.01,0.03454466871917248
2026-01-27 18:00:00+00:00,2026-01-28 01:00:00+00:00,2,7,2026-01-27 12:00:00+00:00,2026-01-27 15:52:43+00:00,0.008333333333333333,0.04042490012943745
2026-01-27 18:00:00+00:00,2026-01-28 02:00:00+00:00,2,8,2026-01-27 12:00:00+00:00,2026-01-27 15:52:43+00:00,0.03,0.04821806214749813
2026-01-27 18:00:00+00:00,2026-01-28 03:00:00+00:00,2,9,2026-01-27 12:00:00+00:00,2026-01-27 15:52:43+00:00,0.03166666666666667,0.057091135159134866
2026-01-27 18:00:00+00:00,2026-01-28 04:00:00+00:00,2,10,2026-01-27 12:00:00+00:00,2026-01-27 15:52:43+00:00,0.01,0.04158324226737022
2026-01-27 18:00:00+00:00,2026-01-28 05:00:00+00:00,2,11,2026-01-27 12:00:00+00:00,2026-01-27 15:52:43+00:00,0.01,0.031893838010728356
2026-01-27 18:00:00+00:00,2026-01-28 06:00:00+00:00,2,12,2026-01-27 12:00:00+00:00,2026-01-27 15:52:43+00:00,0.01,0.02636281605809927
2026-01-27 18:00:00+00:00,2026-01-28 07:00:00+00:00,2,13,2026-01-27 12:00:00+00:00,2026-01-27 15:52:43+00:00,0.01,0.01939016589894891
2026-01-27 18:00:00+00:00,2026-01-28 08:00:00+00:00,2,14,2026-01-27 12:00:00+00:00,2026-01-27 15:52:43+00:00,0.01,0.012823529238812626
2026-01-27 18:00:00+00:00,2026-01-28 09:00:00+00:00,2,15,2026-01-27 12:00:00+00:00,2026-01-27 15:52:43+00:00,0.01,0.016525178239680825
2026-01-27 18:00:00+00:00,2026-01-28 10:00:00+00:00,2,16,2026-01-27 12:00:00+00:00,2026-01-27 15:52:43+00:00,0.051666666666666666,0.022814621077850462
2026-01-27 18:00:00+00:00,2026-01-28 11:00:00+00:00,2,17,2026-01-27 12:00:00+00:00,2026-01-27 15:52:43+00:00,0.125,0.033034312538802624
2026-01-27 18:00:00+00:00,2026-01-28 12:00:00+00:00,2,18,2026-01-27 12:00:00+00:00,2026-01-27 15:52:43+00:00,0.20833333333333334,0.059826213866472244
2026-01-27 18:00:00+00:00,2026-01-28 13:00:00+00:00,2,19,2026-01-27 12:00:00+00:00,2026-01-27 15:52:43+00:00,0.14833333333333334,0.0926604688167572
2026-01-27 18:00:00+00:00,2026-01-28 14:00:00+00:00,2,20,2026-01-27 12:00:00+00:00,2026-01-27 15:52:43+00:00,0.47833333333333333,0.13991463035345078
2026-01-27 18:00:00+00:00,2026-01-28 15:00:00+00:00,2,21,2026-01-27 12:00:00+00:00,2026-01-27 15:52:43+00:00,0.7033333333333333,0.1983029216527939
2026-01-27 18:00:00+00:00,2026-01-28 16:00:00+00:00,2,22,2026-01-27 12:00:00+00:00,2026-01-27 15:52:43+00:00,0.49333333333333335,0.14278371781110763
2026-01-27 18:00:00+00:00,2026-01-28 17:00:00+00:00,2,23,2026-01-27 12:00:00+00:00,2026-01-27 15:52:43+00:00,0.34,0.1046481415629387
2026-01-27 18:00:00+00:00,2026-01-28 18:00:00+00:00,2,24,2026-01-27 12:00:00+00:00,2026-01-27 15:52:43+00:00,0.20333333333333334,0.084379942715168
2026-01-27 18:00:00+00:00,2026-01-28 19:00:00+00:00,2,25,2026-01-27 12:00:00+00:00,2026-01-27 15:52:43+00:00,0.26499999999999996,0.07612701952457428
2026-01-27 18:00:00+00:00,2026-01-28 20:00:00+00:00,2,26,2026-01-27 12:00:00+00:00,2026-01-27 15:52:43+00:00,0.14,0.06966930814087391
2026-01-27 18:00:00+00:00,2026-01-28 21:00:00+00:00,2,27,2026-01-27 12:00:00+00:00,2026-01-27 15:52:43+00:00,0.19499999999999998,0.0632421314716339
2026-01-27 18:00:00+00:00,2026-01-28 22:00:00+00:00,2,28,2026-01-27 12:00:00+00:00,2026-01-27 15:52:43+00:00,0.20833333333333334,0.05292611829936504
2026-01-27 18:00:00+00:00,2026-01-28 23:00:00+00:00,2,29,2026-01-27 12:00:00+00:00,2026-01-27 15:52:43+00:00,0.15666666666666665,0.044075229205191135
2026-01-27 18:00:00+00:00,2026-01-29 00:00:00+00:00,2,30,2026-01-27 12:00:00+00:00,2026-01-27 15:52:43+00:00,0.03,0.03624480031430721
2026-01-27 18:00:00+00:00,2026-01-29 01:00:00+00:00,2,31,2026-01-27 12:00:00+00:00,2026-01-27 15:52:43+00:00,0.01,0.038039970025420186
2026-01-27 18:00:00+00:00,2026-01-29 02:00:00+00:00,2,32,2026-01-27 12:00:00+00:00,2026-01-27 15:52:43+00:00,0.011666666666666667,0.040517637878656386
2026-01-27 18:00:00+00:00,2026-01-29 03:00:00+00:00,2,33,2026-01-27 12:00:00+00:00,2026-01-27 15:52:43+00:00,0.01,0.044014043360948565
2026-01-27 18:00:00+00:00,2026-01-29 04:00:00+00:00,2,34,2026-01-27 12:00:00+00:00,2026-01-27 15:52:43+00:00,0.02,0.06663409732282162
2026-01-27 18:00:00+00:00,2026-01-29 05:00:00+00:00,2,35,2026-01-27 12:00:00+00:00,2026-01-27 15:52:43+00:00,0.04,0.1060787670314312
2026-01-27 18:00:00+00:00,2026-01-29 06:00:00+00:00,2,36,2026-01-27 12:00:00+00:00,2026-01-27 15:52:43+00:00,0.011666666666666667,0.19103666096925737
2026-01-27 18:00:00+00:00,2026-01-29 07:00:00+00:00,2,37,2026-01-27 12:00:00+00:00,2026-01-27 15:52:43+00:00,0.20166666666666666,0.23719022274017335
2026-01-27 18:00:00+00:00,2026-01-29 08:00:00+00:00,2,38,2026-01-27 12:00:00+00:00,2026-01-27 15:52:43+00:00,0.725,0.3196552634239197
2026-01-27 18:00:00+00:00,2026-01-29 09:00:00+00:00,2,39,2026-01-27 12:00:00+00:00,2026-01-27 15:52:43+00:00,0.8516666666666667,0.44138113260269163
2026-01-27 18:00:00+00:00,2026-01-29 10:00:00+00:00,2,40,2026-01-27 12:00:00+00:00,2026-01-27 15:52:43+00:00,0.8766666666666666,0.3376959443092346
2026-01-27 18:00:00+00:00,2026-01-29 11:00:00+00:00,2,41,2026-01-27 12:00:00+00:00,2026-01-27 15:52:43+00:00,0.9616666666666666,0.246289524435997
2026-01-27 18:00:00+00:00,2026-01-29 12:00:00+00:00,2,42,2026-01-27 12:00:00+00:00,2026-01-27 15:52:43+00:00,0.9700000000000001,0.16551129519939423
2026-01-27 18:00:00+00:00,2026-01-29 13:00:00+00:00,2,43,2026-01-27 12:00:00+00:00,2026-01-27 15:52:43+00:00,0.9183333333333333,0.2150633692741394
2026-01-27 18:00:00+00:00,2026-01-29 14:00:00+00:00,2,44,2026-01-27 12:00:00+00:00,2026-01-27 15:52:43+00:00,0.9333333333333332,0.264024144411087
2026-01-27 18:00:00+00:00,2026-01-29 15:00:00+00:00,2,45,2026-01-27 12:00:00+00:00,2026-01-27 15:52:43+00:00,0.9833333333333334,0.30472843945026395
2026-01-27 18:00:00+00:00,2026-01-29 16:00:00+00:00,2,46,2026-01-27 12:00:00+00:00,2026-01-27 15:52:43+00:00,0.9899999999999999,0.34241313934326173
2026-01-27 18:00:00+00:00,2026-01-29 17:00:00+00:00,2,47,2026-01-27 12:00:00+00:00,2026-01-27 15:52:43+00:00,0.9899999999999999,0.38134912252426145
2026-01-27 18:00:00+00:00,2026-01-29 18:00:00+00:00,2,48,2026-01-27 12:00:00+00:00,2026-01-27 15:52:43+00:00,0.9899999999999999,0.43758619427680967
2026-01-28 18:00:00+00:00,2026-01-28 19:00:00+00:00,1,1,2026-01-28 12:00:00+00:00,2026-01-28 16:00:08+00:00,0.27166666666666667,0.05516436919569969
2026-01-28 18:00:00+00:00,2026-01-28 20:00:00+00:00,1,2,2026-01-28 12:00:00+00:00,2026-01-28 16:00:08+00:00,0.13999999999999999,0.04407712258398533
2026-01-28 18:00:00+00:00,2026-01-28 21:00:00+00:00,1,3,2026-01-28 12:00:00+00:00,2026-01-28 16:00:08+00:00,0.19999999999999998,0.035433716140687466
2026-01-28 18:00:00+00:00,2026-01-28 22:00:00+00:00,1,4,2026-01-28 12:00:00+00:00,2026-01-28 16:00:08+00:00,0.23666666666666666,0.030329393967986108
2026-01-28 18:00:00+00:00,2026-01-28 23:00:00+00:00,1,5,2026-01-28 12:00:00+00:00,2026-01-28 16:00:08+00:00,0.17,0.023838375695049763
2026-01-28 18:00:00+00:00,2026-01-29 00:00:00+00:00,1,6,2026-01-28 12:00:00+00:00,2026-01-28 16:00:08+00:00,0.043333333333333335,0.0190258814021945
2026-01-28 18:00:00+00:00,2026-01-29 01:00:00+00:00,1,7,2026-01-28 12:00:00+00:00,2026-01-28 16:00:08+00:00,0.015,0.020487942546606065
2026-01-28 18:00:00+00:00,2026-01-29 02:00:00+00:00,1,8,2026-01-28 12:00:00+00:00,2026-01-28 16:00:08+00:00,0.011666666666666667,0.02098329979926348
2026-01-28 18:00:00+00:00,2026-01-29 03:00:00+00:00,1,9,2026-01-28 12:00:00+00:00,2026-01-28 16:00:08+00:00,0.01,0.02244951594620943
2026-01-28 18:00:00+00:00,2026-01-29 04:00:00+00:00,1,10,2026-01-28 12:00:00+00:00,2026-01-28 16:00:08+00:00,0.024999999999999998,0.0335792675614357
2026-01-28 18:00:00+00:00,2026-01-29 05:00:00+00:00,1,11,2026-01-28 12:00:00+00:00,2026-01-28 16:00:08+00:00,0.03833333333333334,0.05354117602109909
2026-01-28 18:00:00+00:00,2026-01-29 06:00:00+00:00,1,12,2026-01-28 12:00:00+00:00,2026-01-28 16:00:08+00:00,0.016666666666666666,0.09453554600477218
2026-01-28 18:00:00+00:00,2026-01-29 07:00:00+00:00,1,13,2026-01-28 12:00:00+00:00,2026-01-28 16:00:08+00:00,0.2133333333333333,0.127317313849926
2026-01-28 18:00:00+00:00,2026-01-29 08:00:00+00:00,1,14,2026-01-28 12:00:00+00:00,2026-01-28 16:00:08+00:00,0.655,0.19771678298711776
2026-01-28 18:00:00+00:00,2026-01-29 09:00:00+00:00,1,15,2026-01-28 12:00:00+00:00,2026-01-28 16:00:08+00:00,0.8666666666666667,0.3468897819519043
2026-01-28 18:00:00+00:00,2026-01-29 10:00:00+00:00,1,16,2026-01-28 12:00:00+00:00,2026-01-28 16:00:08+00:00,0.8333333333333334,0.4330776333808899
2026-01-28 18:00:00+00:00,2026-01-29 11:00:00+00:00,1,17,2026-01-28 12:00:00+00:00,2026-01-28 16:00:08+00:00,0.9366666666666666,0.5241123855113983
2026-01-28 18:00:00+00:00,2026-01-29 12:00:00+00:00,1,18,2026-01-28 12:00:00+00:00,2026-01-28 16:00:08+00:00,0.9583333333333334,0.5949067831039428
2026-01-28 18:00:00+00:00,2026-01-29 13:00:00+00:00,1,19,2026-01-28 12:00:00+00:00,2026-01-28 16:00:08+00:00,0.8883333333333333,0.7091981530189514
2026-01-28 18:00:00+00:00,2026-01-29 14:00:00+00:00,1,20,2026-01-28 12:00:00+00:00,2026-01-28 16:00:08+00:00,0.9116666666666666,0.783401346206665
2026-01-28 18:00:00+00:00,2026-01-29 15:00:00+00:00,1,21,2026-01-28 12:00:00+00:00,2026-01-28 16:00:08+00:00,0.9816666666666666,0.8308912992477417
2026-01-28 18:00:00+00:00,2026-01-29 16:00:00+00:00,1,22,2026-01-28 12:00:00+00:00,2026-01-28 16:00:08+00:00,0.9899999999999999,0.8745733022689819
2026-01-28 18:00:00+00:00,2026-01-29 17:00:00+00:00,1,23,2026-01-28 12:00:00+00:00,2026-01-28 16:00:08+00:00,0.9899999999999999,0.9013882756233216
2026-01-28 18:00:00+00:00,2026-01-29 18:00:00+00:00,1,24,2026-01-28 12:00:00+00:00,2026-01-28 16:00:08+00:00,0.9899999999999999,0.9204547643661499
2026-01-28 18:00:00+00:00,2026-01-29 19:00:00+00:00,1,25,2026-01-28 12:00:00+00:00,2026-01-28 16:00:08+00:00,0.8466666666666667,0.9139715671539307
2026-01-28 18:00:00+00:00,2026-01-29 20:00:00+00:00,1,26,2026-01-28 12:00:00+00:00,2026-01-28 16:00:08+00:00,0.6749999999999999,0.9018213629722596
2026-01-28 18:00:00+00:00,2026-01-29 21:00:00+00:00,1,27,2026-01-28 12:00:00+00:00,2026-01-28 16:00:08+00:00,0.6966666666666667,0.8879212021827698
2026-01-28 18:00:00+00:00,2026-01-29 22:00:00+00:00,1,28,2026-01-28 12:00:00+00:00,2026-01-28 16:00:08+00:00,0.4666666666666666,0.8824979662895203
2026-01-28 18:00:00+00:00,2026-01-29 23:00:00+00:00,1,29,2026-01-28 12:00:00+00:00,2026-01-28 16:00:08+00:00,0.40166666666666667,0.8708462715148926
2026-01-28 18:00:00+00:00,2026-01-30 00:00:00+00:00,1,30,2026-01-28 12:00:00+00:00,2026-01-28 16:00:08+00:00,0.7016666666666667,0.8539905309677124
2026-01-28 18:00:00+00:00,2026-01-30 01:00:00+00:00,1,31,2026-01-28 12:00:00+00:00,2026-01-28 16:00:08+00:00,0.7133333333333334,0.8288323402404785
2026-01-28 18:00:00+00:00,2026-01-30 02:00:00+00:00,1,32,2026-01-28 12:00:00+00:00,2026-01-28 16:00:08+00:00,0.5516666666666666,0.805219292640686
2026-01-28 18:00:00+00:00,2026-01-30 03:00:00+00:00,1,33,2026-01-28 12:00:00+00:00,2026-01-28 16:00:08+00:00,0.5716666666666667,0.7894117116928101
2026-01-28 18:00:00+00:00,2026-01-30 04:00:00+00:00,1,34,2026-01-28 12:00:00+00:00,2026-01-28 16:00:08+00:00,0.7983333333333333,0.8743908524513244
2026-01-28 18:00:00+00:00,2026-01-30 05:00:00+00:00,1,35,2026-01-28 12:00:00+00:00,2026-01-28 16:00:08+00:00,0.9416666666666668,0.9446771025657654
2026-01-28 18:00:00+00:00,2026-01-30 06:00:00+00:00,1,36,2026-01-28 12:00:00+00:00,2026-01-28 16:00:08+00:00,0.96,0.9790616750717163
2026-01-28 18:00:00+00:00,2026-01-30 07:00:00+00:00,1,37,2026-01-28 12:00:00+00:00,2026-01-28 16:00:08+00:00,0.975,0.9829448103904724
2026-01-28 18:00:00+00:00,2026-01-30 08:00:00+00:00,1,38,2026-01-28 12:00:00+00:00,2026-01-28 16:00:08+00:00,0.9833333333333334,0.9860430359840393
2026-01-28 18:00:00+00:00,2026-01-30 09:00:00+00:00,1,39,2026-01-28 12:00:00+00:00,2026-01-28 16:00:08+00:00,0.945,0.9883962154388428
2026-01-28 18:00:00+00:00,2026-01-30 10:00:00+00:00,1,40,2026-01-28 12:00:00+00:00,2026-01-28 16:00:08+00:00,0.9633333333333334,0.9822412133216858
2026-01-28 18:00:00+00:00,2026-01-30 11:00:00+00:00,1,41,2026-01-28 12:00:00+00:00,2026-01-28 16:00:08+00:00,0.93,0.9717761754989624
2026-01-28 18:00:00+00:00,2026-01-30 12:00:00+00:00,1,42,2026-01-28 12:00:00+00:00,2026-01-28 16:00:08+00:00,0.9616666666666666,0.9497750401496887
2026-01-28 18:00:00+00:00,2026-01-30 13:00:00+00:00,1,43,2026-01-28 12:00:00+00:00,2026-01-28 16:00:08+00:00,0.7466666666666667,0.9195298552513123
2026-01-28 18:00:00+00:00,2026-01-30 14:00:00+00:00,1,44,2026-01-28 12:00:00+00:00,2026-01-28 16:00:08+00:00,0.75,0.8359375476837159
2026-01-28 18:00:00+00:00,2026-01-30 15:00:00+00:00,1,45,2026-01-28 12:00:00+00:00,2026-01-28 16:00:08+00:00,0.5399999999999999,0.6485662817955017
2026-01-28 18:00:00+00:00,2026-01-30 16:00:00+00:00,1,46,2026-01-28 12:00:00+00:00,2026-01-28 16:00:08+00:00,0.46166666666666667,0.5646000027656555
2026-01-28 18:00:00+00:00,2026-01-30 17:00:00+00:00,1,47,2026-01-28 12:00:00+00:00,2026-01-28 16:00:08+00:00,0.29,0.49220439195632937
2026-01-28 18:00:00+00:00,2026-01-30 18:00:00+00:00,1,48,2026-01-28 12:00:00+00:00,2026-01-28 16:00:08+00:00,0.155,0.4294088423252106
2026-01-28 18:00:00+00:00,2026-01-28 19:00:00+00:00,2,1,2026-01-28 12:00:00+00:00,2026-01-28 16:00:08+00:00,0.26499999999999996,0.04986072927713394
2026-01-28 18:00:00+00:00,2026-01-28 20:00:00+00:00,2,2,2026-01-28 12:00:00+00:00,2026-01-28 16:00:08+00:00,0.14,0.03911720924079418
2026-01-28 18:00:00+00:00,2026-01-28 21:00:00+00:00,2,3,2026-01-28 12:00:00+00:00,2026-01-28 16:00:08+00:00,0.19499999999999998,0.031142497435212135
2026-01-28 18:00:00+00:00,2026-01-28 22:00:00+00:00,2,4,2026-01-28 12:00:00+00:00,2026-01-28 16:00:08+00:00,0.20833333333333334,0.026318024005740882
2026-01-28 18:00:00+00:00,2026-01-28 23:00:00+00:00,2,5,2026-01-28 12:00:00+00:00,2026-01-28 16:00:08+00:00,0.15666666666666665,0.020698689948767425
2026-01-28 18:00:00+00:00,2026-01-29 00:00:00+00:00,2,6,2026-01-28 12:00:00+00:00,2026-01-28 16:00:08+00:00,0.03,0.016659401124343276
2026-01-28 18:00:00+00:00,2026-01-29 01:00:00+00:00,2,7,2026-01-28 12:00:00+00:00,2026-01-28 16:00:08+00:00,0.01,0.018096768017858266
2026-01-28 18:00:00+00:00,2026-01-29 02:00:00+00:00,2,8,2026-01-28 12:00:00+00:00,2026-01-28 16:00:08+00:00,0.011666666666666667,0.018494842015206812
2026-01-28 18:00:00+00:00,2026-01-29 03:00:00+00:00,2,9,2026-01-28 12:00:00+00:00,2026-01-28 16:00:08+00:00,0.01,0.01982604116201401
2026-01-28 18:00:00+00:00,2026-01-29 04:00:00+00:00,2,10,2026-01-28 12:00:00+00:00,2026-01-28 16:00:08+00:00,0.02,0.031750788912177086
2026-01-28 18:00:00+00:00,2026-01-29 05:00:00+00:00,2,11,2026-01-28 12:00:00+00:00,2026-01-28 16:00:08+00:00,0.04,0.05328788608312607
2026-01-28 18:00:00+00:00,2026-01-29 06:00:00+00:00,2,12,2026-01-28 12:00:00+00:00,2026-01-28 16:00:08+00:00,0.011666666666666667,0.09765058904886245
2026-01-28 18:00:00+00:00,2026-01-29 07:00:00+00:00,2,13,2026-01-28 12:00:00+00:00,2026-01-28 16:00:08+00:00,0.20166666666666666,0.1315299704670906
2026-01-28 18:00:00+00:00,2026-01-29 08:00:00+00:00,2,14,2026-01-28 12:00:00+00:00,2026-01-28 16:00:08+00:00,0.725,0.20345415472984313
2026-01-28 18:00:00+00:00,2026-01-29 09:00:00+00:00,2,15,2026-01-28 12:00:00+00:00,2026-01-28 16:00:08+00:00,0.8516666666666667,0.3577954262495041
2026-01-28 18:00:00+00:00,2026-01-29 10:00:00+00:00,2,16,2026-01-28 12:00:00+00:00,2026-01-28 16:00:08+00:00,0.8766666666666666,0.43765281438827514
2026-01-28 18:00:00+00:00,2026-01-29 11:00:00+00:00,2,17,2026-01-28 12:00:00+00:00,2026-01-28 16:00:08+00:00,0.9616666666666666,0.5222880482673645
2026-01-28 18:00:00+00:00,2026-01-29 12:00:00+00:00,2,18,2026-01-28 12:00:00+00:00,2026-01-28 16:00:08+00:00,0.9700000000000001,0.5843738496303559
2026-01-28 18:00:00+00:00,2026-01-29 13:00:00+00:00,2,19,2026-01-28 12:00:00+00:00,2026-01-28 16:00:08+00:00,0.9183333333333333,0.690838897228241
2026-01-28 18:00:00+00:00,2026-01-29 14:00:00+00:00,2,20,2026-01-28 12:00:00+00:00,2026-01-28 16:00:08+00:00,0.9333333333333332,0.7621049523353577
2026-01-28 18:00:00+00:00,2026-01-29 15:00:00+00:00,2,21,2026-01-28 12:00:00+00:00,2026-01-28 16:00:08+00:00,0.9833333333333334,0.8067551136016846
2026-01-28 18:00:00+00:00,2026-01-29 16:00:00+00:00,2,22,2026-01-28 12:00:00+00:00,2026-01-28 16:00:08+00:00,0.9899999999999999,0.8520577311515808
2026-01-28 18:00:00+00:00,2026-01-29 17:00:00+00:00,2,23,2026-01-28 12:00:00+00:00,2026-01-28 16:00:08+00:00,0.9899999999999999,0.88046795129776
2026-01-28 18:00:00+00:00,2026-01-29 18:00:00+00:00,2,24,2026-01-28 12:00:00+00:00,2026-01-28 16:00:08+00:00,0.9899999999999999,0.9043813586235047
2026-01-28 18:00:00+00:00,2026-01-29 19:00:00+00:00,2,25,2026-01-28 12:00:00+00:00,2026-01-28 16:00:08+00:00,0.8383333333333334,0.895444679260254
2026-01-28 18:00:00+00:00,2026-01-29 20:00:00+00:00,2,26,2026-01-28 12:00:00+00:00,2026-01-28 16:00:08+00:00,0.6833333333333332,0.8844421744346619
2026-01-28 18:00:00+00:00,2026-01-29 21:00:00+00:00,2,27,2026-01-28 12:00:00+00:00,2026-01-28 16:00:08+00:00,0.665,0.8740614533424378
2026-01-28 18:00:00+00:00,2026-01-29 22:00:00+00:00,2,28,2026-01-28 12:00:00+00:00,2026-01-28 16:00:08+00:00,0.5016666666666666,0.8711396336555481
2026-01-28 18:00:00+00:00,2026-01-29 23:00:00+00:00,2,29,2026-01-28 12:00:00+00:00,2026-01-28 16:00:08+00:00,0.4166666666666667,0.8604049921035767
2026-01-28 18:00:00+00:00,2026-01-30 00:00:00+00:00,2,30,2026-01-28 12:00:00+00:00,2026-01-28 16:00:08+00:00,0.7599999999999999,0.844864296913147
2026-01-28 18:00:00+00:00,2026-01-30 01:00:00+00:00,2,31,2026-01-28 12:00:00+00:00,2026-01-28 16:00:08+00:00,0.685,0.8239465236663819
2026-01-28 18:00:00+00:00,2026-01-30 02:00:00+00:00,2,32,2026-01-28 12:00:00+00:00,2026-01-28 16:00:08+00:00,0.49500000000000005,0.8060777306556701
2026-01-28 18:00:00+00:00,2026-01-30 03:00:00+00:00,2,33,2026-01-28 12:00:00+00:00,2026-01-28 16:00:08+00:00,0.5233333333333333,0.7949757814407349
2026-01-28 18:00:00+00:00,2026-01-30 04:00:00+00:00,2,34,2026-01-28 12:00:00+00:00,2026-01-28 16:00:08+00:00,0.7983333333333333,0.8818909525871277
2026-01-28 18:00:00+00:00,2026-01-30 05:00:00+00:00,2,35,2026-01-28 12:00:00+00:00,2026-01-28 16:00:08+00:00,0.9466666666666667,0.945607328414917
2026-01-28 18:00:00+00:00,2026-01-30 06:00:00+00:00,2,36,2026-01-28 12:00:00+00:00,2026-01-28 16:00:08+00:00,0.9716666666666667,0.9784819960594178
2026-01-28 18:00:00+00:00,2026-01-30 07:00:00+00:00,2,37,2026-01-28 12:00:00+00:00,2026-01-28 16:00:08+00:00,0.9766666666666666,0.982280147075653
2026-01-28 18:00:00+00:00,2026-01-30 08:00:00+00:00,2,38,2026-01-28 12:00:00+00:00,2026-01-28 16:00:08+00:00,0.985,0.9853455781936645
2026-01-28 18:00:00+00:00,2026-01-30 09:00:00+00:00,2,39,2026-01-28 12:00:00+00:00,2026-01-28 16:00:08+00:00,0.9733333333333333,0.9875967860221863
2026-01-28 18:00:00+00:00,2026-01-30 10:00:00+00:00,2,40,2026-01-28 12:00:00+00:00,2026-01-28 16:00:08+00:00,0.9666666666666667,0.9809997200965881
2026-01-28 18:00:00+00:00,2026-01-30 11:00:00+00:00,2,41,2026-01-28 12:00:00+00:00,2026-01-28 16:00:08+00:00,0.9683333333333333,0.9701752185821533
2026-01-28 18:00:00+00:00,2026-01-30 12:00:00+00:00,2,42,2026-01-28 12:00:00+00:00,2026-01-28 16:00:08+00:00,0.985,0.9468253493309021
2026-01-28 18:00:00+00:00,2026-01-30 13:00:00+00:00,2,43,2026-01-28 12:00:00+00:00,2026-01-28 16:00:08+00:00,0.7883333333333334,0.9113086223602295
2026-01-28 18:00:00+00:00,2026-01-30 14:00:00+00:00,2,44,2026-01-28 12:00:00+00:00,2026-01-28 16:00:08+00:00,0.82,0.8186819553375244
2026-01-28 18:00:00+00:00,2026-01-30 15:00:00+00:00,2,45,2026-01-28 12:00:00+00:00,2026-01-28 16:00:08+00:00,0.6033333333333334,0.6166859209537506
2026-01-28 18:00:00+00:00,2026-01-30 16:00:00+00:00,2,46,2026-01-28 12:00:00+00:00,2026-01-28 16:00:08+00:00,0.5783333333333333,0.5289992690086365
2026-01-28 18:00:00+00:00,2026-01-30 17:00:00+00:00,2,47,2026-01-28 12:00:00+00:00,2026-01-28 16:00:08+00:00,0.26333333333333336,0.457230144739151
2026-01-28 18:00:00+00:00,2026-01-30 18:00:00+00:00,2,48,2026-01-28 12:00:00+00:00,2026-01-28 16:00:08+00:00,0.145,0.3937893003225327
2026-01-29 18:00:00+00:00,2026-01-29 19:00:00+00:00,1,1,2026-01-29 12:00:00+00:00,2026-01-29 16:00:25+00:00,0.8466666666666667,0.8848411321640015
2026-01-29 18:00:00+00:00,2026-01-29 20:00:00+00:00,1,2,2026-01-29 12:00:00+00:00,2026-01-29 16:00:25+00:00,0.6749999999999999,0.8538035035133362
2026-01-29 18:00:00+00:00,2026-01-29 21:00:00+00:00,1,3,2026-01-29 12:00:00+00:00,2026-01-29 16:00:25+00:00,0.6966666666666667,0.8219816565513611
2026-01-29 18:00:00+00:00,2026-01-29 22:00:00+00:00,1,4,2026-01-29 12:00:00+00:00,2026-01-29 16:00:25+00:00,0.4666666666666666,0.8354061245918274
2026-01-29 18:00:00+00:00,2026-01-29 23:00:00+00:00,1,5,2026-01-29 12:00:00+00:00,2026-01-29 16:00:25+00:00,0.40166666666666667,0.8371630907058716
2026-01-29 18:00:00+00:00,2026-01-30 00:00:00+00:00,1,6,2026-01-29 12:00:00+00:00,2026-01-29 16:00:25+00:00,0.7016666666666667,0.8268571615219116
2026-01-29 18:00:00+00:00,2026-01-30 01:00:00+00:00,1,7,2026-01-29 12:00:00+00:00,2026-01-29 16:00:25+00:00,0.7133333333333334,0.826082968711853
2026-01-29 18:00:00+00:00,2026-01-30 02:00:00+00:00,1,8,2026-01-29 12:00:00+00:00,2026-01-29 16:00:25+00:00,0.5516666666666666,0.8270539164543151
2026-01-29 18:00:00+00:00,2026-01-30 03:00:00+00:00,1,9,2026-01-29 12:00:00+00:00,2026-01-29 16:00:25+00:00,0.5716666666666667,0.8337679028511047
2026-01-29 18:00:00+00:00,2026-01-30 04:00:00+00:00,1,10,2026-01-29 12:00:00+00:00,2026-01-29 16:00:25+00:00,0.7983333333333333,0.9048109412193298
2026-01-29 18:00:00+00:00,2026-01-30 05:00:00+00:00,1,11,2026-01-29 12:00:00+00:00,2026-01-29 16:00:25+00:00,0.9416666666666668,0.9584461808204651
2026-01-29 18:00:00+00:00,2026-01-30 06:00:00+00:00,1,12,2026-01-29 12:00:00+00:00,2026-01-29 16:00:25+00:00,0.96,0.9834368228912354
2026-01-29 18:00:00+00:00,2026-01-30 07:00:00+00:00,1,13,2026-01-29 12:00:00+00:00,2026-01-29 16:00:25+00:00,0.975,0.9851662993431092
2026-01-29 18:00:00+00:00,2026-01-30 08:00:00+00:00,1,14,2026-01-29 12:00:00+00:00,2026-01-29 16:00:25+00:00,0.9833333333333334,0.9871746063232422
2026-01-29 18:00:00+00:00,2026-01-30 09:00:00+00:00,1,15,2026-01-29 12:00:00+00:00,2026-01-29 16:00:25+00:00,0.945,0.9890687108039856
2026-01-29 18:00:00+00:00,2026-01-30 10:00:00+00:00,1,16,2026-01-29 12:00:00+00:00,2026-01-29 16:00:25+00:00,0.9633333333333334,0.979574978351593
2026-01-29 18:00:00+00:00,2026-01-30 11:00:00+00:00,1,17,2026-01-29 12:00:00+00:00,2026-01-29 16:00:25+00:00,0.93,0.9591955065727233
2026-01-29 18:00:00+00:00,2026-01-30 12:00:00+00:00,1,18,2026-01-29 12:00:00+00:00,2026-01-29 16:00:25+00:00,0.9616666666666666,0.9080403804779053
2026-01-29 18:00:00+00:00,2026-01-30 13:00:00+00:00,1,19,2026-01-29 12:00:00+00:00,2026-01-29 16:00:25+00:00,0.7466666666666667,0.8877375006675721
2026-01-29 18:00:00+00:00,2026-01-30 14:00:00+00:00,1,20,2026-01-29 12:00:00+00:00,2026-01-29 16:00:25+00:00,0.75,0.8349046468734741
2026-01-29 18:00:00+00:00,2026-01-30 15:00:00+00:00,1,21,2026-01-29 12:00:00+00:00,2026-01-29 16:00:25+00:00,0.5399999999999999,0.7227110624313354
2026-01-29 18:00:00+00:00,2026-01-30 16:00:00+00:00,1,22,2026-01-29 12:00:00+00:00,2026-01-29 16:00:25+00:00,0.46166666666666667,0.6978224635124206
2026-01-29 18:00:00+00:00,2026-01-30 17:00:00+00:00,1,23,2026-01-29 12:00:00+00:00,2026-01-29 16:00:25+00:00,0.29,0.665811824798584
2026-01-29 18:00:00+00:00,2026-01-30 18:00:00+00:00,1,24,2026-01-29 12:00:00+00:00,2026-01-29 16:00:25+00:00,0.155,0.6349893927574157
2026-01-29 18:00:00+00:00,2026-01-30 19:00:00+00:00,1,25,2026-01-29 12:00:00+00:00,2026-01-29 16:00:25+00:00,0.13833333333333334,0.6442219614982605
2026-01-29 18:00:00+00:00,2026-01-30 20:00:00+00:00,1,26,2026-01-29 12:00:00+00:00,2026-01-29 16:00:25+00:00,0.14333333333333334,0.6603164792060852
2026-01-29 18:00:00+00:00,2026-01-30 21:00:00+00:00,1,27,2026-01-29 12:00:00+00:00,2026-01-29 16:00:25+00:00,0.18666666666666668,0.6761870384216309
2026-01-29 18:00:00+00:00,2026-01-30 22:00:00+00:00,1,28,2026-01-29 12:00:00+00:00,2026-01-29 16:00:25+00:00,0.13,0.7377211928367615
2026-01-29 18:00:00+00:00,2026-01-30 23:00:00+00:00,1,29,2026-01-29 12:00:00+00:00,2026-01-29 16:00:25+00:00,0.07833333333333334,0.7818318963050842
2026-01-29 18:00:00+00:00,2026-01-31 00:00:00+00:00,1,30,2026-01-29 12:00:00+00:00,2026-01-29 16:00:25+00:00,0.11166666666666668,0.8122046113014221
2026-01-29 18:00:00+00:00,2026-01-31 01:00:00+00:00,1,31,2026-01-29 12:00:00+00:00,2026-01-29 16:00:25+00:00,0.145,0.8443029642105102
2026-01-29 18:00:00+00:00,2026-01-31 02:00:00+00:00,1,32,2026-01-29 12:00:00+00:00,2026-01-29 16:00:25+00:00,0.48,0.8726741194725036
2026-01-29 18:00:00+00:00,2026-01-31 03:00:00+00:00,1,33,2026-01-29 12:00:00+00:00,2026-01-29 16:00:25+00:00,0.5016666666666666,0.9038517832756042
2026-01-29 18:00:00+00:00,2026-01-31 04:00:00+00:00,1,34,2026-01-29 12:00:00+00:00,2026-01-29 16:00:25+00:00,0.5216666666666666,0.9236727118492126
2026-01-29 18:00:00+00:00,2026-01-31 05:00:00+00:00,1,35,2026-01-29 12:00:00+00:00,2026-01-29 16:00:25+00:00,0.9500000000000001,0.945621931552887
2026-01-29 18:00:00+00:00,2026-01-31 06:00:00+00:00,1,36,2026-01-29 12:00:00+00:00,2026-01-29 16:00:25+00:00,0.9583333333333334,0.9664489507675171
2026-01-29 18:00:00+00:00,2026-01-31 07:00:00+00:00,1,37,2026-01-29 12:00:00+00:00,2026-01-29 16:00:25+00:00,0.9266666666666666,0.9681691408157349
2026-01-29 18:00:00+00:00,2026-01-31 08:00:00+00:00,1,38,2026-01-29 12:00:00+00:00,2026-01-29 16:00:25+00:00,0.945,0.9713744044303894
2026-01-29 18:00:00+00:00,2026-01-31 09:00:00+00:00,1,39,2026-01-29 12:00:00+00:00,2026-01-29 16:00:25+00:00,0.8783333333333333,0.9743919968605042
2026-01-29 18:00:00+00:00,2026-01-31 10:00:00+00:00,1,40,2026-01-29 12:00:00+00:00,2026-01-29 16:00:25+00:00,0.875,0.9434043049812317
2026-01-29 18:00:00+00:00,2026-01-31 11:00:00+00:00,1,41,2026-01-29 12:00:00+00:00,2026-01-29 16:00:25+00:00,0.8450000000000001,0.8661426663398742
2026-01-29 18:00:00+00:00,2026-01-31 12:00:00+00:00,1,42,2026-01-29 12:00:00+00:00,2026-01-29 16:00:25+00:00,0.7983333333333333,0.6469478130340576
2026-01-29 18:00:00+00:00,2026-01-31 13:00:00+00:00,1,43,2026-01-29 12:00:00+00:00,2026-01-29 16:00:25+00:00,0.81,0.5216286659240723
2026-01-29 18:00:00+00:00,2026-01-31 14:00:00+00:00,1,44,2026-01-29 12:00:00+00:00,2026-01-29 16:00:25+00:00,0.8216666666666667,0.3776516318321228
2026-01-29 18:00:00+00:00,2026-01-31 15:00:00+00:00,1,45,2026-01-29 12:00:00+00:00,2026-01-29 16:00:25+00:00,0.3383333333333334,0.2571044027805328
2026-01-29 18:00:00+00:00,2026-01-31 16:00:00+00:00,1,46,2026-01-29 12:00:00+00:00,2026-01-29 16:00:25+00:00,0.03,0.21337159872055053
2026-01-29 18:00:00+00:00,2026-01-31 17:00:00+00:00,1,47,2026-01-29 12:00:00+00:00,2026-01-29 16:00:25+00:00,0.016666666666666666,0.17437277287244796
2026-01-29 18:00:00+00:00,2026-01-31 18:00:00+00:00,1,48,2026-01-29 12:00:00+00:00,2026-01-29 16:00:25+00:00,0.19999999999999998,0.14102215990424155
2026-01-29 18:00:00+00:00,2026-01-29 19:00:00+00:00,2,1,2026-01-29 12:00:00+00:00,2026-01-29 16:00:25+00:00,0.8383333333333334,0.8692545771598816
2026-01-29 18:00:00+00:00,2026-01-29 20:00:00+00:00,2,2,2026-01-29 12:00:00+00:00,2026-01-29 16:00:25+00:00,0.6833333333333332,0.8399659395217896
2026-01-29 18:00:00+00:00,2026-01-29 21:00:00+00:00,2,3,2026-01-29 12:00:00+00:00,2026-01-29 16:00:25+00:00,0.665,0.807442045211792
2026-01-29 18:00:00+00:00,2026-01-29 22:00:00+00:00,2,4,2026-01-29 12:00:00+00:00,2026-01-29 16:00:25+00:00,0.5016666666666666,0.8225736856460572
2026-01-29 18:00:00+00:00,2026-01-29 23:00:00+00:00,2,5,2026-01-29 12:00:00+00:00,2026-01-29 16:00:25+00:00,0.4166666666666667,0.8284445881843567
2026-01-29 18:00:00+00:00,2026-01-30 00:00:00+00:00,2,6,2026-01-29 12:00:00+00:00,2026-01-29 16:00:25+00:00,0.7599999999999999,0.8241750955581665
2026-01-29 18:00:00+00:00,2026-01-30 01:00:00+00:00,2,7,2026-01-29 12:00:00+00:00,2026-01-29 16:00:25+00:00,0.685,0.8240895867347717
2026-01-29 18:00:00+00:00,2026-01-30 02:00:00+00:00,2,8,2026-01-29 12:00:00+00:00,2026-01-29 16:00:25+00:00,0.49500000000000005,0.8293116211891174
2026-01-29 18:00:00+00:00,2026-01-30 03:00:00+00:00,2,9,2026-01-29 12:00:00+00:00,2026-01-29 16:00:25+00:00,0.5233333333333333,0.8424104213714599
2026-01-29 18:00:00+00:00,2026-01-30 04:00:00+00:00,2,10,2026-01-29 12:00:00+00:00,2026-01-29 16:00:25+00:00,0.7983333333333333,0.9113226532936096
2026-01-29 18:00:00+00:00,2026-01-30 05:00:00+00:00,2,11,2026-01-29 12:00:00+00:00,2026-01-29 16:00:25+00:00,0.9466666666666667,0.9586931109428406
2026-01-29 18:00:00+00:00,2026-01-30 06:00:00+00:00,2,12,2026-01-29 12:00:00+00:00,2026-01-29 16:00:25+00:00,0.9716666666666667,0.9827253937721252
2026-01-29 18:00:00+00:00,2026-01-30 07:00:00+00:00,2,13,2026-01-29 12:00:00+00:00,2026-01-29 16:00:25+00:00,0.9766666666666666,0.984178113937378
2026-01-29 18:00:00+00:00,2026-01-30 08:00:00+00:00,2,14,2026-01-29 12:00:00+00:00,2026-01-29 16:00:25+00:00,0.985,0.9861562371253967
2026-01-29 18:00:00+00:00,2026-01-30 09:00:00+00:00,2,15,2026-01-29 12:00:00+00:00,2026-01-29 16:00:25+00:00,0.9733333333333333,0.9880126357078552
2026-01-29 18:00:00+00:00,2026-01-30 10:00:00+00:00,2,16,2026-01-29 12:00:00+00:00,2026-01-29 16:00:25+00:00,0.9666666666666667,0.9779881358146667
2026-01-29 18:00:00+00:00,2026-01-30 11:00:00+00:00,2,17,2026-01-29 12:00:00+00:00,2026-01-29 16:00:25+00:00,0.9683333333333333,0.9581154346466064
2026-01-29 18:00:00+00:00,2026-01-30 12:00:00+00:00,2,18,2026-01-29 12:00:00+00:00,2026-01-29 16:00:25+00:00,0.985,0.9024482250213623
2026-01-29 18:00:00+00:00,2026-01-30 13:00:00+00:00,2,19,2026-01-29 12:00:00+00:00,2026-01-29 16:00:25+00:00,0.7883333333333334,0.875650942325592
2026-01-29 18:00:00+00:00,2026-01-30 14:00:00+00:00,2,20,2026-01-29 12:00:00+00:00,2026-01-29 16:00:25+00:00,0.82,0.8123447060585022
2026-01-29 18:00:00+00:00,2026-01-30 15:00:00+00:00,2,21,2026-01-29 12:00:00+00:00,2026-01-29 16:00:25+00:00,0.6033333333333334,0.6897165775299072
2026-01-29 18:00:00+00:00,2026-01-30 16:00:00+00:00,2,22,2026-01-29 12:00:00+00:00,2026-01-29 16:00:25+00:00,0.5783333333333333,0.657035481929779
2026-01-29 18:00:00+00:00,2026-01-30 17:00:00+00:00,2,23,2026-01-29 12:00:00+00:00,2026-01-29 16:00:25+00:00,0.26333333333333336,0.619206178188324
2026-01-29 18:00:00+00:00,2026-01-30 18:00:00+00:00,2,24,2026-01-29 12:00:00+00:00,2026-01-29 16:00:25+00:00,0.145,0.585837209224701
2026-01-29 18:00:00+00:00,2026-01-30 19:00:00+00:00,2,25,2026-01-29 12:00:00+00:00,2026-01-29 16:00:25+00:00,0.15333333333333335,0.597522747516632
2026-01-29 18:00:00+00:00,2026-01-30 20:00:00+00:00,2,26,2026-01-29 12:00:00+00:00,2026-01-29 16:00:25+00:00,0.11666666666666665,0.6200893998146058
2026-01-29 18:00:00+00:00,2026-01-30 21:00:00+00:00,2,27,2026-01-29 12:00:00+00:00,2026-01-29 16:00:25+00:00,0.16,0.6432555913925171
2026-01-29 18:00:00+00:00,2026-01-30 22:00:00+00:00,2,28,2026-01-29 12:00:00+00:00,2026-01-29 16:00:25+00:00,0.12166666666666666,0.7131754159927368
2026-01-29 18:00:00+00:00,2026-01-30 23:00:00+00:00,2,29,2026-01-29 12:00:00+00:00,2026-01-29 16:00:25+00:00,0.07166666666666667,0.7612842321395874
2026-01-29 18:00:00+00:00,2026-01-31 00:00:00+00:00,2,30,2026-01-29 12:00:00+00:00,2026-01-29 16:00:25+00:00,0.10666666666666667,0.7953024983406067
2026-01-29 18:00:00+00:00,2026-01-31 01:00:00+00:00,2,31,2026-01-29 12:00:00+00:00,2026-01-29 16:00:25+00:00,0.10333333333333333,0.8326692342758178
2026-01-29 18:00:00+00:00,2026-01-31 02:00:00+00:00,2,32,2026-01-29 12:00:00+00:00,2026-01-29 16:00:25+00:00,0.4716666666666667,0.8687231183052063
2026-01-29 18:00:00+00:00,2026-01-31 03:00:00+00:00,2,33,2026-01-29 12:00:00+00:00,2026-01-29 16:00:25+00:00,0.48,0.9053555727005005
2026-01-29 18:00:00+00:00,2026-01-31 04:00:00+00:00,2,34,2026-01-29 12:00:00+00:00,2026-01-29 16:00:25+00:00,0.6583333333333333,0.9258360505104065
2026-01-29 18:00:00+00:00,2026-01-31 05:00:00+00:00,2,35,2026-01-29 12:00:00+00:00,2026-01-29 16:00:25+00:00,0.9383333333333334,0.9456017136573791
2026-01-29 18:00:00+00:00,2026-01-31 06:00:00+00:00,2,36,2026-01-29 12:00:00+00:00,2026-01-29 16:00:25+00:00,0.9766666666666666,0.9657583832740784
2026-01-29 18:00:00+00:00,2026-01-31 07:00:00+00:00,2,37,2026-01-29 12:00:00+00:00,2026-01-29 16:00:25+00:00,0.9683333333333333,0.9675460934638977
2026-01-29 18:00:00+00:00,2026-01-31 08:00:00+00:00,2,38,2026-01-29 12:00:00+00:00,2026-01-29 16:00:25+00:00,0.9766666666666666,0.9706445097923279
2026-01-29 18:00:00+00:00,2026-01-31 09:00:00+00:00,2,39,2026-01-29 12:00:00+00:00,2026-01-29 16:00:25+00:00,0.8933333333333332,0.9734549760818482
2026-01-29 18:00:00+00:00,2026-01-31 10:00:00+00:00,2,40,2026-01-29 12:00:00+00:00,2026-01-29 16:00:25+00:00,0.9,0.9426245331764221
2026-01-29 18:00:00+00:00,2026-01-31 11:00:00+00:00,2,41,2026-01-29 12:00:00+00:00,2026-01-29 16:00:25+00:00,0.94,0.861895477771759
2026-01-29 18:00:00+00:00,2026-01-31 12:00:00+00:00,2,42,2026-01-29 12:00:00+00:00,2026-01-29 16:00:25+00:00,0.8566666666666666,0.6330434322357178
2026-01-29 18:00:00+00:00,2026-01-31 13:00:00+00:00,2,43,2026-01-29 12:00:00+00:00,2026-01-29 16:00:25+00:00,0.8250000000000001,0.4965976417064667
2026-01-29 18:00:00+00:00,2026-01-31 14:00:00+00:00,2,44,2026-01-29 12:00:00+00:00,2026-01-29 16:00:25+00:00,0.8833333333333333,0.3501251757144928
2026-01-29 18:00:00+00:00,2026-01-31 15:00:00+00:00,2,45,2026-01-29 12:00:00+00:00,2026-01-29 16:00:25+00:00,0.3516666666666666,0.2321939080953598
2026-01-29 18:00:00+00:00,2026-01-31 16:00:00+00:00,2,46,2026-01-29 12:00:00+00:00,2026-01-29 16:00:25+00:00,0.02666666666666667,0.18978619426488877
2026-01-29 18:00:00+00:00,2026-01-31 17:00:00+00:00,2,47,2026-01-29 12:00:00+00:00,2026-01-29 16:00:25+00:00,0.02,0.15386199355125427
2026-01-29 18:00:00+00:00,2026-01-31 18:00:00+00:00,2,48,2026-01-29 12:00:00+00:00,2026-01-29 16:00:25+00:00,0.19999999999999998,0.1250739425420761
2026-01-30 18:00:00+00:00,2026-01-30 19:00:00+00:00,1,1,2026-01-30 12:00:00+00:00,2026-01-30 15:58:41+00:00,0.13833333333333334,0.49468869566917417
2026-01-30 18:00:00+00:00,2026-01-30 20:00:00+00:00,1,2,2026-01-30 12:00:00+00:00,2026-01-30 15:58:41+00:00,0.14333333333333334,0.44921417236328126
2026-01-30 18:00:00+00:00,2026-01-30 21:00:00+00:00,1,3,2026-01-30 12:00:00+00:00,2026-01-30 15:58:41+00:00,0.18666666666666668,0.3992588400840759
2026-01-30 18:00:00+00:00,2026-01-30 22:00:00+00:00,1,4,2026-01-30 12:00:00+00:00,2026-01-30 15:58:41+00:00,0.13,0.5445351004600525
2026-01-30 18:00:00+00:00,2026-01-30 23:00:00+00:00,1,5,2026-01-30 12:00:00+00:00,2026-01-30 15:58:41+00:00,0.07833333333333334,0.670473575592041
2026-01-30 18:00:00+00:00,2026-01-31 00:00:00+00:00,1,6,2026-01-30 12:00:00+00:00,2026-01-30 15:58:41+00:00,0.11166666666666668,0.7638537645339966
2026-01-30 18:00:00+00:00,2026-01-31 01:00:00+00:00,1,7,2026-01-30 12:00:00+00:00,2026-01-30 15:58:41+00:00,0.145,0.7514084458351136
2026-01-30 18:00:00+00:00,2026-01-31 02:00:00+00:00,1,8,2026-01-30 12:00:00+00:00,2026-01-30 15:58:41+00:00,0.48,0.7494653582572937
2026-01-30 18:00:00+00:00,2026-01-31 03:00:00+00:00,1,9,2026-01-30 12:00:00+00:00,2026-01-30 15:58:41+00:00,0.5016666666666666,0.7506236791610718
2026-01-30 18:00:00+00:00,2026-01-31 04:00:00+00:00,1,10,2026-01-30 12:00:00+00:00,2026-01-30 15:58:41+00:00,0.5216666666666666,0.8162173628807068
2026-01-30 18:00:00+00:00,2026-01-31 05:00:00+00:00,1,11,2026-01-30 12:00:00+00:00,2026-01-30 15:58:41+00:00,0.9500000000000001,0.8870540380477905
2026-01-30 18:00:00+00:00,2026-01-31 06:00:00+00:00,1,12,2026-01-30 12:00:00+00:00,2026-01-30 15:58:41+00:00,0.9583333333333334,0.9457297444343566
2026-01-30 18:00:00+00:00,2026-01-31 07:00:00+00:00,1,13,2026-01-30 12:00:00+00:00,2026-01-30 15:58:41+00:00,0.9266666666666666,0.9374232172966004
2026-01-30 18:00:00+00:00,2026-01-31 08:00:00+00:00,1,14,2026-01-30 12:00:00+00:00,2026-01-30 15:58:41+00:00,0.945,0.9389634847640991
2026-01-30 18:00:00+00:00,2026-01-31 09:00:00+00:00,1,15,2026-01-30 12:00:00+00:00,2026-01-30 15:58:41+00:00,0.8783333333333333,0.9468167662620545
2026-01-30 18:00:00+00:00,2026-01-31 10:00:00+00:00,1,16,2026-01-30 12:00:00+00:00,2026-01-30 15:58:41+00:00,0.875,0.8756260395050048
2026-01-30 18:00:00+00:00,2026-01-31 11:00:00+00:00,1,17,2026-01-30 12:00:00+00:00,2026-01-30 15:58:41+00:00,0.8450000000000001,0.7195201277732849
2026-01-30 18:00:00+00:00,2026-01-31 12:00:00+00:00,1,18,2026-01-30 12:00:00+00:00,2026-01-30 15:58:41+00:00,0.7983333333333333,0.5009528160095215
2026-01-30 18:00:00+00:00,2026-01-31 13:00:00+00:00,1,19,2026-01-30 12:00:00+00:00,2026-01-30 15:58:41+00:00,0.81,0.3753163039684296
2026-01-30 18:00:00+00:00,2026-01-31 14:00:00+00:00,1,20,2026-01-30 12:00:00+00:00,2026-01-30 15:58:41+00:00,0.8216666666666667,0.25728723406791687
2026-01-30 18:00:00+00:00,2026-01-31 15:00:00+00:00,1,21,2026-01-30 12:00:00+00:00,2026-01-30 15:58:41+00:00,0.3383333333333334,0.16747130528092385
2026-01-30 18:00:00+00:00,2026-01-31 16:00:00+00:00,1,22,2026-01-30 12:00:00+00:00,2026-01-30 15:58:41+00:00,0.03,0.11930965334177017
2026-01-30 18:00:00+00:00,2026-01-31 17:00:00+00:00,1,23,2026-01-30 12:00:00+00:00,2026-01-30 15:58:41+00:00,0.016666666666666666,0.08372487686574459
2026-01-30 18:00:00+00:00,2026-01-31 18:00:00+00:00,1,24,2026-01-30 12:00:00+00:00,2026-01-30 15:58:41+00:00,0.19999999999999998,0.06076708994805813
2026-01-30 18:00:00+00:00,2026-01-30 19:00:00+00:00,2,1,2026-01-30 12:00:00+00:00,2026-01-30 15:58:41+00:00,0.15333333333333335,0.4712066650390625
2026-01-30 18:00:00+00:00,2026-01-30 20:00:00+00:00,2,2,2026-01-30 12:00:00+00:00,2026-01-30 15:58:41+00:00,0.11666666666666665,0.4189900279045105
2026-01-30 18:00:00+00:00,2026-01-30 21:00:00+00:00,2,3,2026-01-30 12:00:00+00:00,2026-01-30 15:58:41+00:00,0.16,0.36646600961685183
2026-01-30 18:00:00+00:00,2026-01-30 22:00:00+00:00,2,4,2026-01-30 12:00:00+00:00,2026-01-30 15:58:41+00:00,0.12166666666666666,0.513543039560318
2026-01-30 18:00:00+00:00,2026-01-30 23:00:00+00:00,2,5,2026-01-30 12:00:00+00:00,2026-01-30 15:58:41+00:00,0.07166666666666667,0.650181257724762
2026-01-30 18:00:00+00:00,2026-01-31 00:00:00+00:00,2,6,2026-01-30 12:00:00+00:00,2026-01-30 15:58:41+00:00,0.10666666666666667,0.7544387817382813
2026-01-30 18:00:00+00:00,2026-01-31 01:00:00+00:00,2,7,2026-01-30 12:00:00+00:00,2026-01-30 15:58:41+00:00,0.10333333333333333,0.744034206867218
2026-01-30 18:00:00+00:00,2026-01-31 02:00:00+00:00,2,8,2026-01-30 12:00:00+00:00,2026-01-30 15:58:41+00:00,0.4716666666666667,0.7490345597267151
2026-01-30 18:00:00+00:00,2026-01-31 03:00:00+00:00,2,9,2026-01-30 12:00:00+00:00,2026-01-30 15:58:41+00:00,0.48,0.7577623724937439
2026-01-30 18:00:00+00:00,2026-01-31 04:00:00+00:00,2,10,2026-01-30 12:00:00+00:00,2026-01-30 15:58:41+00:00,0.6583333333333333,0.8294463634490967
2026-01-30 18:00:00+00:00,2026-01-31 05:00:00+00:00,2,11,2026-01-30 12:00:00+00:00,2026-01-30 15:58:41+00:00,0.9383333333333334,0.8927630186080933
2026-01-30 18:00:00+00:00,2026-01-31 06:00:00+00:00,2,12,2026-01-30 12:00:00+00:00,2026-01-30 15:58:41+00:00,0.9766666666666666,0.947258472442627
2026-01-30 18:00:00+00:00,2026-01-31 07:00:00+00:00,2,13,2026-01-30 12:00:00+00:00,2026-01-30 15:58:41+00:00,0.9683333333333333,0.9380370378494263
2026-01-30 18:00:00+00:00,2026-01-31 08:00:00+00:00,2,14,2026-01-30 12:00:00+00:00,2026-01-30 15:58:41+00:00,0.9766666666666666,0.9406632900238037
2026-01-30 18:00:00+00:00,2026-01-31 09:00:00+00:00,2,15,2026-01-30 12:00:00+00:00,2026-01-30 15:58:41+00:00,0.8933333333333332,0.9477900743484498
2026-01-30 18:00:00+00:00,2026-01-31 10:00:00+00:00,2,16,2026-01-30 12:00:00+00:00,2026-01-30 15:58:41+00:00,0.9,0.8803178906440735
2026-01-30 18:00:00+00:00,2026-01-31 11:00:00+00:00,2,17,2026-01-30 12:00:00+00:00,2026-01-30 15:58:41+00:00,0.94,0.7268723011016845
2026-01-30 18:00:00+00:00,2026-01-31 12:00:00+00:00,2,18,2026-01-30 12:00:00+00:00,2026-01-30 15:58:41+00:00,0.8566666666666666,0.49716230034828185
2026-01-30 18:00:00+00:00,2026-01-31 13:00:00+00:00,2,19,2026-01-30 12:00:00+00:00,2026-01-30 15:58:41+00:00,0.8250000000000001,0.36304365992546084
2026-01-30 18:00:00+00:00,2026-01-31 14:00:00+00:00,2,20,2026-01-30 12:00:00+00:00,2026-01-30 15:58:41+00:00,0.8833333333333333,0.24222239404916762
2026-01-30 18:00:00+00:00,2026-01-31 15:00:00+00:00,2,21,2026-01-30 12:00:00+00:00,2026-01-30 15:58:41+00:00,0.3516666666666666,0.15432281270623208
2026-01-30 18:00:00+00:00,2026-01-31 16:00:00+00:00,2,22,2026-01-30 12:00:00+00:00,2026-01-30 15:58:41+00:00,0.02666666666666667,0.10849428325891494
2026-01-30 18:00:00+00:00,2026-01-31 17:00:00+00:00,2,23,2026-01-30 12:00:00+00:00,2026-01-30 15:58:41+00:00,0.02,0.07480422295629978
2026-01-30 18:00:00+00:00,2026-01-31 18:00:00+00:00,2,24,2026-01-30 12:00:00+00:00,2026-01-30 15:58:41+00:00,0.19999999999999998,0.0536445027217269
