as_of,valid_time,target_source_clock,turbine_id,lead_hour,predicted_power,forecast_offset_days,available_at_upper_bound,in_february,time_settings_confirmed
2026-01-31 18:00:00+00:00,2026-01-31 19:00:00+00:00,2026-02-01 00:00:00,1,1,0.05170012513796488,1,2026-01-31 07:00:00+00:00,True,False
2026-01-31 18:00:00+00:00,2026-01-31 20:00:00+00:00,2026-02-01 01:00:00,1,2,0.03352687445779642,1,2026-01-31 08:00:00+00:00,True,False
2026-01-31 18:00:00+00:00,2026-01-31 21:00:00+00:00,2026-02-01 02:00:00,1,3,0.02038670765856902,1,2026-01-31 09:00:00+00:00,True,False
2026-01-31 18:00:00+00:00,2026-01-31 22:00:00+00:00,2026-02-01 03:00:00,1,4,0.03574282489717007,1,2026-01-31 10:00:00+00:00,True,False
2026-01-31 18:00:00+00:00,2026-01-31 23:00:00+00:00,2026-02-01 04:00:00,1,5,0.033861845110853515,1,2026-01-31 11:00:00+00:00,True,False
2026-01-31 18:00:00+00:00,2026-02-01 00:00:00+00:00,2026-02-01 05:00:00,1,6,0.031000839546322823,1,2026-01-31 12:00:00+00:00,True,False
2026-01-31 18:00:00+00:00,2026-02-01 01:00:00+00:00,2026-02-01 06:00:00,1,7,0.03780957373480002,1,2026-01-31 13:00:00+00:00,True,False
2026-01-31 18:00:00+00:00,2026-02-01 02:00:00+00:00,2026-02-01 07:00:00,1,8,0.035900309681892395,1,2026-01-31 14:00:00+00:00,True,False
2026-01-31 18:00:00+00:00,2026-02-01 03:00:00+00:00,2026-02-01 08:00:00,1,9,0.06712333858013153,1,2026-01-31 15:00:00+00:00,True,False
2026-01-31 18:00:00+00:00,2026-02-01 04:00:00+00:00,2026-02-01 09:00:00,1,10,0.18594339986642203,1,2026-01-31 16:00:00+00:00,True,False
2026-01-31 18:00:00+00:00,2026-02-01 05:00:00+00:00,2026-02-01 10:00:00,1,11,0.16903206706047058,1,2026-01-31 17:00:00+00:00,True,False
2026-01-31 18:00:00+00:00,2026-02-01 06:00:00+00:00,2026-02-01 11:00:00,1,12,0.12588515629371008,1,2026-01-31 18:00:00+00:00,True,False
2026-01-31 18:00:00+00:00,2026-02-01 07:00:00+00:00,2026-02-01 12:00:00,1,13,0.24169850846131644,2,2026-01-30 19:00:00+00:00,True,False
2026-01-31 18:00:00+00:00,2026-02-01 08:00:00+00:00,2026-02-01 13:00:00,1,14,0.32058555881182355,2,2026-01-30 20:00:00+00:00,True,False
2026-01-31 18:00:00+00:00,2026-02-01 09:00:00+00:00,2026-02-01 14:00:00,1,15,0.4551542599995931,2,2026-01-30 21:00:00+00:00,True,False
2026-01-31 18:00:00+00:00,2026-02-01 10:00:00+00:00,2026-02-01 15:00:00,1,16,0.464033305644989,2,2026-01-30 22:00:00+00:00,True,False
2026-01-31 18:00:00+00:00,2026-02-01 11:00:00+00:00,2026-02-01 16:00:00,1,17,0.45085983475049335,2,2026-01-30 23:00:00+00:00,True,False
2026-01-31 18:00:00+00:00,2026-02-01 12:00:00+00:00,2026-02-01 17:00:00,1,18,0.22823612888654074,2,2026-01-31 00:00:00+00:00,True,False
2026-01-31 18:00:00+00:00,2026-02-01 13:00:00+00:00,2026-02-01 18:00:00,1,19,0.19420034686724344,2,2026-01-31 01:00:00+00:00,True,False
2026-01-31 18:00:00+00:00,2026-02-01 14:00:00+00:00,2026-02-01 19:00:00,1,20,0.19894427557786307,2,2026-01-31 02:00:00+00:00,True,False
2026-01-31 18:00:00+00:00,2026-02-01 15:00:00+00:00,2026-02-01 20:00:00,1,21,0.20966754853725433,2,2026-01-31 03:00:00+00:00,True,False
2026-01-31 18:00:00+00:00,2026-02-01 16:00:00+00:00,2026-02-01 21:00:00,1,22,0.22103558480739594,2,2026-01-31 04:00:00+00:00,True,False
2026-01-31 18:00:00+00:00,2026-02-01 17:00:00+00:00,2026-02-01 22:00:00,1,23,0.22555281221866608,2,2026-01-31 05:00:00+00:00,True,False
2026-01-31 18:00:00+00:00,2026-02-01 18:00:00+00:00,2026-02-01 23:00:00,1,24,0.10097786784172058,2,2026-01-31 06:00:00+00:00,True,False
2026-01-31 18:00:00+00:00,2026-02-01 19:00:00+00:00,2026-02-02 00:00:00,1,25,0.1301942691206932,2,2026-01-31 07:00:00+00:00,True,False
2026-01-31 18:00:00+00:00,2026-02-01 20:00:00+00:00,2026-02-02 01:00:00,1,26,0.1663872649272283,2,2026-01-31 08:00:00+00:00,True,False
2026-01-31 18:00:00+00:00,2026-02-01 21:00:00+00:00,2026-02-02 02:00:00,1,27,0.24073871473471323,2,2026-01-31 09:00:00+00:00,True,False
2026-01-31 18:00:00+00:00,2026-02-01 22:00:00+00:00,2026-02-02 03:00:00,1,28,0.29288943608601886,2,2026-01-31 10:00:00+00:00,True,False
2026-01-31 18:00:00+00:00,2026-02-01 23:00:00+00:00,2026-02-02 04:00:00,1,29,0.3747351070245107,2,2026-01-31 11:00:00+00:00,True,False
2026-01-31 18:00:00+00:00,2026-02-02 00:00:00+00:00,2026-02-02 05:00:00,1,30,0.36720020572344464,2,2026-01-31 12:00:00+00:00,True,False
2026-01-31 18:00:00+00:00,2026-02-02 01:00:00+00:00,2026-02-02 06:00:00,1,31,0.3325186570485433,2,2026-01-31 13:00:00+00:00,True,False
2026-01-31 18:00:00+00:00,2026-02-02 02:00:00+00:00,2026-02-02 07:00:00,1,32,0.36252448956171673,2,2026-01-31 14:00:00+00:00,True,False
2026-01-31 18:00:00+00:00,2026-02-02 03:00:00+00:00,2026-02-02 08:00:00,1,33,0.4755229453245799,2,2026-01-31 15:00:00+00:00,True,False
2026-01-31 18:00:00+00:00,2026-02-02 04:00:00+00:00,2026-02-02 09:00:00,1,34,0.3974123497804006,2,2026-01-31 16:00:00+00:00,True,False
2026-01-31 18:00:00+00:00,2026-02-02 05:00:00+00:00,2026-02-02 10:00:00,1,35,0.8210469285647074,2,2026-01-31 17:00:00+00:00,True,False
2026-01-31 18:00:00+00:00,2026-02-02 06:00:00+00:00,2026-02-02 11:00:00,1,36,0.861839751402537,2,2026-01-31 18:00:00+00:00,True,False
2026-01-31 18:00:00+00:00,2026-02-02 07:00:00+00:00,2026-02-02 12:00:00,1,37,0.9252986113230387,3,2026-01-30 19:00:00+00:00,True,False
2026-01-31 18:00:00+00:00,2026-02-02 08:00:00+00:00,2026-02-02 13:00:00,1,38,0.9545825918515524,3,2026-01-30 20:00:00+00:00,True,False
2026-01-31 18:00:00+00:00,2026-02-02 09:00:00+00:00,2026-02-02 14:00:00,1,39,0.9621437589327494,3,2026-01-30 21:00:00+00:00,True,False
2026-01-31 18:00:00+00:00,2026-02-02 10:00:00+00:00,2026-02-02 15:00:00,1,40,0.937926729520162,3,2026-01-30 22:00:00+00:00,True,False
2026-01-31 18:00:00+00:00,2026-02-02 11:00:00+00:00,2026-02-02 16:00:00,1,41,0.38666702310244244,3,2026-01-30 23:00:00+00:00,True,False
2026-01-31 18:00:00+00:00,2026-02-02 12:00:00+00:00,2026-02-02 17:00:00,1,42,0.5896148284276327,3,2026-01-31 00:00:00+00:00,True,False
2026-01-31 18:00:00+00:00,2026-02-02 13:00:00+00:00,2026-02-02 18:00:00,1,43,0.31323014696439105,3,2026-01-31 01:00:00+00:00,True,False
2026-01-31 18:00:00+00:00,2026-02-02 14:00:00+00:00,2026-02-02 19:00:00,1,44,0.3012712051471074,3,2026-01-31 02:00:00+00:00,True,False
2026-01-31 18:00:00+00:00,2026-02-02 15:00:00+00:00,2026-02-02 20:00:00,1,45,0.2590741962194443,3,2026-01-31 03:00:00+00:00,True,False
2026-01-31 18:00:00+00:00,2026-02-02 16:00:00+00:00,2026-02-02 21:00:00,1,46,0.2422123501698176,3,2026-01-31 04:00:00+00:00,True,False
2026-01-31 18:00:00+00:00,2026-02-02 17:00:00+00:00,2026-02-02 22:00:00,1,47,0.21379764874776205,3,2026-01-31 05:00:00+00:00,True,False
2026-01-31 18:00:00+00:00,2026-02-02 18:00:00+00:00,2026-02-02 23:00:00,1,48,0.15842411915461221,3,2026-01-31 06:00:00+00:00,True,False
2026-01-31 18:00:00+00:00,2026-01-31 19:00:00+00:00,2026-02-01 00:00:00,2,1,0.04703154414892197,1,2026-01-31 07:00:00+00:00,True,False
2026-01-31 18:00:00+00:00,2026-01-31 20:00:00+00:00,2026-02-01 01:00:00,2,2,0.031136791532238323,1,2026-01-31 08:00:00+00:00,True,False
2026-01-31 18:00:00+00:00,2026-01-31 21:00:00+00:00,2026-02-01 02:00:00,2,3,0.0198749341070652,1,2026-01-31 09:00:00+00:00,True,False
2026-01-31 18:00:00+00:00,2026-01-31 22:00:00+00:00,2026-02-01 03:00:00,2,4,0.03436360197762648,1,2026-01-31 10:00:00+00:00,True,False
2026-01-31 18:00:00+00:00,2026-01-31 23:00:00+00:00,2026-02-01 04:00:00,2,5,0.031616585329174995,1,2026-01-31 11:00:00+00:00,True,False
2026-01-31 18:00:00+00:00,2026-02-01 00:00:00+00:00,2026-02-01 05:00:00,2,6,0.030811292429765064,1,2026-01-31 12:00:00+00:00,True,False
2026-01-31 18:00:00+00:00,2026-02-01 01:00:00+00:00,2026-02-01 06:00:00,2,7,0.037985702976584435,1,2026-01-31 13:00:00+00:00,True,False
2026-01-31 18:00:00+00:00,2026-02-01 02:00:00+00:00,2026-02-01 07:00:00,2,8,0.035688718780875206,1,2026-01-31 14:00:00+00:00,True,False
2026-01-31 18:00:00+00:00,2026-02-01 03:00:00+00:00,2026-02-01 08:00:00,2,9,0.06121103589733442,1,2026-01-31 15:00:00+00:00,True,False
2026-01-31 18:00:00+00:00,2026-02-01 04:00:00+00:00,2026-02-01 09:00:00,2,10,0.1816564550002416,1,2026-01-31 16:00:00+00:00,True,False
2026-01-31 18:00:00+00:00,2026-02-01 05:00:00+00:00,2026-02-01 10:00:00,2,11,0.17542846004168192,1,2026-01-31 17:00:00+00:00,True,False
2026-01-31 18:00:00+00:00,2026-02-01 06:00:00+00:00,2026-02-01 11:00:00,2,12,0.14067498842875162,1,2026-01-31 18:00:00+00:00,True,False
2026-01-31 18:00:00+00:00,2026-02-01 07:00:00+00:00,2026-02-01 12:00:00,2,13,0.25907595952351886,2,2026-01-30 19:00:00+00:00,True,False
2026-01-31 18:00:00+00:00,2026-02-01 08:00:00+00:00,2026-02-01 13:00:00,2,14,0.3324950834115346,2,2026-01-30 20:00:00+00:00,True,False
2026-01-31 18:00:00+00:00,2026-02-01 09:00:00+00:00,2026-02-01 14:00:00,2,15,0.4498070478439331,2,2026-01-30 21:00:00+00:00,True,False
2026-01-31 18:00:00+00:00,2026-02-01 10:00:00+00:00,2026-02-01 15:00:00,2,16,0.4303594728310903,2,2026-01-30 22:00:00+00:00,True,False
2026-01-31 18:00:00+00:00,2026-02-01 11:00:00+00:00,2026-02-01 16:00:00,2,17,0.4048459827899933,2,2026-01-30 23:00:00+00:00,True,False
2026-01-31 18:00:00+00:00,2026-02-01 12:00:00+00:00,2026-02-01 17:00:00,2,18,0.2325750490029653,2,2026-01-31 00:00:00+00:00,True,False
2026-01-31 18:00:00+00:00,2026-02-01 13:00:00+00:00,2026-02-01 18:00:00,2,19,0.18376179039478302,2,2026-01-31 01:00:00+00:00,True,False
2026-01-31 18:00:00+00:00,2026-02-01 14:00:00+00:00,2026-02-01 19:00:00,2,20,0.17671668032805124,2,2026-01-31 02:00:00+00:00,True,False
2026-01-31 18:00:00+00:00,2026-02-01 15:00:00+00:00,2026-02-01 20:00:00,2,21,0.17177177965641022,2,2026-01-31 03:00:00+00:00,True,False
2026-01-31 18:00:00+00:00,2026-02-01 16:00:00+00:00,2026-02-01 21:00:00,2,22,0.17736554642518362,2,2026-01-31 04:00:00+00:00,True,False
2026-01-31 18:00:00+00:00,2026-02-01 17:00:00+00:00,2026-02-01 22:00:00,2,23,0.18038147191206613,2,2026-01-31 05:00:00+00:00,True,False
2026-01-31 18:00:00+00:00,2026-02-01 18:00:00+00:00,2026-02-01 23:00:00,2,24,0.09112210820118587,2,2026-01-31 06:00:00+00:00,True,False
2026-01-31 18:00:00+00:00,2026-02-01 19:00:00+00:00,2026-02-02 00:00:00,2,25,0.11549083640178044,2,2026-01-31 07:00:00+00:00,True,False
2026-01-31 18:00:00+00:00,2026-02-01 20:00:00+00:00,2026-02-02 01:00:00,2,26,0.14686103661855063,2,2026-01-31 08:00:00+00:00,True,False
2026-01-31 18:00:00+00:00,2026-02-01 21:00:00+00:00,2026-02-02 02:00:00,2,27,0.20339935521284738,2,2026-01-31 09:00:00+00:00,True,False
2026-01-31 18:00:00+00:00,2026-02-01 22:00:00+00:00,2026-02-02 03:00:00,2,28,0.24733518560727438,2,2026-01-31 10:00:00+00:00,True,False
2026-01-31 18:00:00+00:00,2026-02-01 23:00:00+00:00,2026-02-02 04:00:00,2,29,0.3027709225813548,2,2026-01-31 11:00:00+00:00,True,False
2026-01-31 18:00:00+00:00,2026-02-02 00:00:00+00:00,2026-02-02 05:00:00,2,30,0.30726708968480426,2,2026-01-31 12:00:00+00:00,True,False
2026-01-31 18:00:00+00:00,2026-02-02 01:00:00+00:00,2026-02-02 06:00:00,2,31,0.27028889457384747,2,2026-01-31 13:00:00+00:00,True,False
2026-01-31 18:00:00+00:00,2026-02-02 02:00:00+00:00,2026-02-02 07:00:00,2,32,0.29747919241587323,2,2026-01-31 14:00:00+00:00,True,False
2026-01-31 18:00:00+00:00,2026-02-02 03:00:00+00:00,2026-02-02 08:00:00,2,33,0.4267575144767761,2,2026-01-31 15:00:00+00:00,True,False
2026-01-31 18:00:00+00:00,2026-02-02 04:00:00+00:00,2026-02-02 09:00:00,2,34,0.3648802141348521,2,2026-01-31 16:00:00+00:00,True,False
2026-01-31 18:00:00+00:00,2026-02-02 05:00:00+00:00,2026-02-02 10:00:00,2,35,0.8019058704376221,2,2026-01-31 17:00:00+00:00,True,False
2026-01-31 18:00:00+00:00,2026-02-02 06:00:00+00:00,2026-02-02 11:00:00,2,36,0.8533117373784384,2,2026-01-31 18:00:00+00:00,True,False
2026-01-31 18:00:00+00:00,2026-02-02 07:00:00+00:00,2026-02-02 12:00:00,2,37,0.9271606206893921,3,2026-01-30 19:00:00+00:00,True,False
2026-01-31 18:00:00+00:00,2026-02-02 08:00:00+00:00,2026-02-02 13:00:00,2,38,0.9541521072387695,3,2026-01-30 20:00:00+00:00,True,False
2026-01-31 18:00:00+00:00,2026-02-02 09:00:00+00:00,2026-02-02 14:00:00,2,39,0.9611733555793762,3,2026-01-30 21:00:00+00:00,True,False
2026-01-31 18:00:00+00:00,2026-02-02 10:00:00+00:00,2026-02-02 15:00:00,2,40,0.9346814155578613,3,2026-01-30 22:00:00+00:00,True,False
2026-01-31 18:00:00+00:00,2026-02-02 11:00:00+00:00,2026-02-02 16:00:00,2,41,0.36749274532000226,3,2026-01-30 23:00:00+00:00,True,False
2026-01-31 18:00:00+00:00,2026-02-02 12:00:00+00:00,2026-02-02 17:00:00,2,42,0.6131812532742819,3,2026-01-31 00:00:00+00:00,True,False
2026-01-31 18:00:00+00:00,2026-02-02 13:00:00+00:00,2026-02-02 18:00:00,2,43,0.31966400146484375,3,2026-01-31 01:00:00+00:00,True,False
2026-01-31 18:00:00+00:00,2026-02-02 14:00:00+00:00,2026-02-02 19:00:00,2,44,0.2706121355295181,3,2026-01-31 02:00:00+00:00,True,False
2026-01-31 18:00:00+00:00,2026-02-02 15:00:00+00:00,2026-02-02 20:00:00,2,45,0.21747220555941263,3,2026-01-31 03:00:00+00:00,True,False
2026-01-31 18:00:00+00:00,2026-02-02 16:00:00+00:00,2026-02-02 21:00:00,2,46,0.20989595850308737,3,2026-01-31 04:00:00+00:00,True,False
2026-01-31 18:00:00+00:00,2026-02-02 17:00:00+00:00,2026-02-02 22:00:00,2,47,0.1903629849354426,3,2026-01-31 05:00:00+00:00,True,False
2026-01-31 18:00:00+00:00,2026-02-02 18:00:00+00:00,2026-02-02 23:00:00,2,48,0.13748003045717874,3,2026-01-31 06:00:00+00:00,True,False
2026-02-01 18:00:00+00:00,2026-02-01 19:00:00+00:00,2026-02-02 00:00:00,1,1,0.18013963103294373,1,2026-02-01 07:00:00+00:00,True,False
2026-02-01 18:00:00+00:00,2026-02-01 20:00:00+00:00,2026-02-02 01:00:00,1,2,0.2291805495818456,1,2026-02-01 08:00:00+00:00,True,False
2026-02-01 18:00:00+00:00,2026-02-01 21:00:00+00:00,2026-02-02 02:00:00,1,3,0.2758717139561971,1,2026-02-01 09:00:00+00:00,True,False
2026-02-01 18:00:00+00:00,2026-02-01 22:00:00+00:00,2026-02-02 03:00:00,1,4,0.4045632282892863,1,2026-02-01 10:00:00+00:00,True,False
2026-02-01 18:00:00+00:00,2026-02-01 23:00:00+00:00,2026-02-02 04:00:00,1,5,0.46351046363512677,1,2026-02-01 11:00:00+00:00,True,False
2026-02-01 18:00:00+00:00,2026-02-02 00:00:00+00:00,2026-02-02 05:00:00,1,6,0.6102043787638346,1,2026-02-01 12:00:00+00:00,True,False
2026-02-01 18:00:00+00:00,2026-02-02 01:00:00+00:00,2026-02-02 06:00:00,1,7,0.6085973381996155,1,2026-02-01 13:00:00+00:00,True,False
2026-02-01 18:00:00+00:00,2026-02-02 02:00:00+00:00,2026-02-02 07:00:00,1,8,0.5401741862297058,1,2026-02-01 14:00:00+00:00,True,False
2026-02-01 18:00:00+00:00,2026-02-02 03:00:00+00:00,2026-02-02 08:00:00,1,9,0.5860989888509115,1,2026-02-01 15:00:00+00:00,True,False
2026-02-01 18:00:00+00:00,2026-02-02 04:00:00+00:00,2026-02-02 09:00:00,1,10,0.7271386583646139,1,2026-02-01 16:00:00+00:00,True,False
2026-02-01 18:00:00+00:00,2026-02-02 05:00:00+00:00,2026-02-02 10:00:00,1,11,0.9140651027361552,1,2026-02-01 17:00:00+00:00,True,False
2026-02-01 18:00:00+00:00,2026-02-02 06:00:00+00:00,2026-02-02 11:00:00,1,12,0.934898575146993,1,2026-02-01 18:00:00+00:00,True,False
2026-02-01 18:00:00+00:00,2026-02-02 07:00:00+00:00,2026-02-02 12:00:00,1,13,0.9088948369026184,2,2026-01-31 19:00:00+00:00,True,False
2026-02-01 18:00:00+00:00,2026-02-02 08:00:00+00:00,2026-02-02 13:00:00,1,14,0.9544965028762817,2,2026-01-31 20:00:00+00:00,True,False
2026-02-01 18:00:00+00:00,2026-02-02 09:00:00+00:00,2026-02-02 14:00:00,1,15,0.9601895809173584,2,2026-01-31 21:00:00+00:00,True,False
2026-02-01 18:00:00+00:00,2026-02-02 10:00:00+00:00,2026-02-02 15:00:00,1,16,0.9603532354036967,2,2026-01-31 22:00:00+00:00,True,False
2026-02-01 18:00:00+00:00,2026-02-02 11:00:00+00:00,2026-02-02 16:00:00,1,17,0.9464095632235209,2,2026-01-31 23:00:00+00:00,True,False
2026-02-01 18:00:00+00:00,2026-02-02 12:00:00+00:00,2026-02-02 17:00:00,1,18,0.5992657740910848,2,2026-02-01 00:00:00+00:00,True,False
2026-02-01 18:00:00+00:00,2026-02-02 13:00:00+00:00,2026-02-02 18:00:00,1,19,0.18757407863934836,2,2026-02-01 01:00:00+00:00,True,False
2026-02-01 18:00:00+00:00,2026-02-02 14:00:00+00:00,2026-02-02 19:00:00,1,20,0.1626681536436081,2,2026-02-01 02:00:00+00:00,True,False
2026-02-01 18:00:00+00:00,2026-02-02 15:00:00+00:00,2026-02-02 20:00:00,1,21,0.15123855074246725,2,2026-02-01 03:00:00+00:00,True,False
2026-02-01 18:00:00+00:00,2026-02-02 16:00:00+00:00,2026-02-02 21:00:00,1,22,0.16088418662548065,2,2026-02-01 04:00:00+00:00,True,False
2026-02-01 18:00:00+00:00,2026-02-02 17:00:00+00:00,2026-02-02 22:00:00,1,23,0.19025248289108276,2,2026-02-01 05:00:00+00:00,True,False
2026-02-01 18:00:00+00:00,2026-02-02 18:00:00+00:00,2026-02-02 23:00:00,1,24,0.19551721215248108,2,2026-02-01 06:00:00+00:00,True,False
2026-02-01 18:00:00+00:00,2026-02-02 19:00:00+00:00,2026-02-03 00:00:00,1,25,0.2245954970518748,2,2026-02-01 07:00:00+00:00,True,False
2026-02-01 18:00:00+00:00,2026-02-02 20:00:00+00:00,2026-02-03 01:00:00,1,26,0.36680782834688824,2,2026-02-01 08:00:00+00:00,True,False
2026-02-01 18:00:00+00:00,2026-02-02 21:00:00+00:00,2026-02-03 02:00:00,1,27,0.42710508902867633,2,2026-02-01 09:00:00+00:00,True,False
2026-02-01 18:00:00+00:00,2026-02-02 22:00:00+00:00,2026-02-03 03:00:00,1,28,0.4522522489229838,2,2026-02-01 10:00:00+00:00,True,False
2026-02-01 18:00:00+00:00,2026-02-02 23:00:00+00:00,2026-02-03 04:00:00,1,29,0.5267309149106344,2,2026-02-01 11:00:00+00:00,True,False
2026-02-01 18:00:00+00:00,2026-02-03 00:00:00+00:00,2026-02-03 05:00:00,1,30,0.20632103085517883,2,2026-02-01 12:00:00+00:00,True,False
2026-02-01 18:00:00+00:00,2026-02-03 01:00:00+00:00,2026-02-03 06:00:00,1,31,0.09659268707036972,2,2026-02-01 13:00:00+00:00,True,False
2026-02-01 18:00:00+00:00,2026-02-03 02:00:00+00:00,2026-02-03 07:00:00,1,32,0.020939020129541557,2,2026-02-01 14:00:00+00:00,True,False
2026-02-01 18:00:00+00:00,2026-02-03 03:00:00+00:00,2026-02-03 08:00:00,1,33,0.02631606999784708,2,2026-02-01 15:00:00+00:00,True,False
2026-02-01 18:00:00+00:00,2026-02-03 04:00:00+00:00,2026-02-03 09:00:00,1,34,0.028526131995022297,2,2026-02-01 16:00:00+00:00,True,False
2026-02-01 18:00:00+00:00,2026-02-03 05:00:00+00:00,2026-02-03 10:00:00,1,35,0.027089285664260387,2,2026-02-01 17:00:00+00:00,True,False
2026-02-01 18:00:00+00:00,2026-02-03 06:00:00+00:00,2026-02-03 11:00:00,1,36,0.0222697996844848,2,2026-02-01 18:00:00+00:00,True,False
2026-02-01 18:00:00+00:00,2026-02-03 07:00:00+00:00,2026-02-03 12:00:00,1,37,0.02319538500159979,3,2026-01-31 19:00:00+00:00,True,False
2026-02-01 18:00:00+00:00,2026-02-03 08:00:00+00:00,2026-02-03 13:00:00,1,38,0.03012776809434096,3,2026-01-31 20:00:00+00:00,True,False
2026-02-01 18:00:00+00:00,2026-02-03 09:00:00+00:00,2026-02-03 14:00:00,1,39,0.049518502006928124,3,2026-01-31 21:00:00+00:00,True,False
2026-02-01 18:00:00+00:00,2026-02-03 10:00:00+00:00,2026-02-03 15:00:00,1,40,0.0685710608959198,3,2026-01-31 22:00:00+00:00,True,False
2026-02-01 18:00:00+00:00,2026-02-03 11:00:00+00:00,2026-02-03 16:00:00,1,41,0.1301711549361547,3,2026-01-31 23:00:00+00:00,True,False
2026-02-01 18:00:00+00:00,2026-02-03 12:00:00+00:00,2026-02-03 17:00:00,1,42,0.1505116174618403,3,2026-02-01 00:00:00+00:00,True,False
2026-02-01 18:00:00+00:00,2026-02-03 13:00:00+00:00,2026-02-03 18:00:00,1,43,0.1813807487487793,3,2026-02-01 01:00:00+00:00,True,False
2026-02-01 18:00:00+00:00,2026-02-03 14:00:00+00:00,2026-02-03 19:00:00,1,44,0.18998650709788004,3,2026-02-01 02:00:00+00:00,True,False
2026-02-01 18:00:00+00:00,2026-02-03 15:00:00+00:00,2026-02-03 20:00:00,1,45,0.1622562458117803,3,2026-02-01 03:00:00+00:00,True,False
2026-02-01 18:00:00+00:00,2026-02-03 16:00:00+00:00,2026-02-03 21:00:00,1,46,0.11376115928093593,3,2026-02-01 04:00:00+00:00,True,False
2026-02-01 18:00:00+00:00,2026-02-03 17:00:00+00:00,2026-02-03 22:00:00,1,47,0.08502062410116196,3,2026-02-01 05:00:00+00:00,True,False
2026-02-01 18:00:00+00:00,2026-02-03 18:00:00+00:00,2026-02-03 23:00:00,1,48,0.06358091781536739,3,2026-02-01 06:00:00+00:00,True,False
2026-02-01 18:00:00+00:00,2026-02-01 19:00:00+00:00,2026-02-02 00:00:00,2,1,0.15157012144724527,1,2026-02-01 07:00:00+00:00,True,False
2026-02-01 18:00:00+00:00,2026-02-01 20:00:00+00:00,2026-02-02 01:00:00,2,2,0.190899188319842,1,2026-02-01 08:00:00+00:00,True,False
2026-02-01 18:00:00+00:00,2026-02-01 21:00:00+00:00,2026-02-02 02:00:00,2,3,0.2327172557512919,1,2026-02-01 09:00:00+00:00,True,False
2026-02-01 18:00:00+00:00,2026-02-01 22:00:00+00:00,2026-02-02 03:00:00,2,4,0.3428436815738678,1,2026-02-01 10:00:00+00:00,True,False
2026-02-01 18:00:00+00:00,2026-02-01 23:00:00+00:00,2026-02-02 04:00:00,2,5,0.3994580805301666,1,2026-02-01 11:00:00+00:00,True,False
2026-02-01 18:00:00+00:00,2026-02-02 00:00:00+00:00,2026-02-02 05:00:00,2,6,0.5378258426984152,1,2026-02-01 12:00:00+00:00,True,False
2026-02-01 18:00:00+00:00,2026-02-02 01:00:00+00:00,2026-02-02 06:00:00,2,7,0.5300580859184265,1,2026-02-01 13:00:00+00:00,True,False
2026-02-01 18:00:00+00:00,2026-02-02 02:00:00+00:00,2026-02-02 07:00:00,2,8,0.4561777412891388,1,2026-02-01 14:00:00+00:00,True,False
2026-02-01 18:00:00+00:00,2026-02-02 03:00:00+00:00,2026-02-02 08:00:00,2,9,0.5282398760318756,1,2026-02-01 15:00:00+00:00,True,False
2026-02-01 18:00:00+00:00,2026-02-02 04:00:00+00:00,2026-02-02 09:00:00,2,10,0.6903088490168253,1,2026-02-01 16:00:00+00:00,True,False
2026-02-01 18:00:00+00:00,2026-02-02 05:00:00+00:00,2026-02-02 10:00:00,2,11,0.9029292464256287,1,2026-02-01 17:00:00+00:00,True,False
2026-02-01 18:00:00+00:00,2026-02-02 06:00:00+00:00,2026-02-02 11:00:00,2,12,0.9266200264294943,1,2026-02-01 18:00:00+00:00,True,False
2026-02-01 18:00:00+00:00,2026-02-02 07:00:00+00:00,2026-02-02 12:00:00,2,13,0.907520592212677,2,2026-01-31 19:00:00+00:00,True,False
2026-02-01 18:00:00+00:00,2026-02-02 08:00:00+00:00,2026-02-02 13:00:00,2,14,0.9561482667922974,2,2026-01-31 20:00:00+00:00,True,False
2026-02-01 18:00:00+00:00,2026-02-02 09:00:00+00:00,2026-02-02 14:00:00,2,15,0.9625739455223083,2,2026-01-31 21:00:00+00:00,True,False
2026-02-01 18:00:00+00:00,2026-02-02 10:00:00+00:00,2026-02-02 15:00:00,2,16,0.9626467823982239,2,2026-01-31 22:00:00+00:00,True,False
2026-02-01 18:00:00+00:00,2026-02-02 11:00:00+00:00,2026-02-02 16:00:00,2,17,0.9474422534306844,2,2026-01-31 23:00:00+00:00,True,False
2026-02-01 18:00:00+00:00,2026-02-02 12:00:00+00:00,2026-02-02 17:00:00,2,18,0.6120974620183309,2,2026-02-01 00:00:00+00:00,True,False
2026-02-01 18:00:00+00:00,2026-02-02 13:00:00+00:00,2026-02-02 18:00:00,2,19,0.1710138519605001,2,2026-02-01 01:00:00+00:00,True,False
2026-02-01 18:00:00+00:00,2026-02-02 14:00:00+00:00,2026-02-02 19:00:00,2,20,0.12760228166977564,2,2026-02-01 02:00:00+00:00,True,False
2026-02-01 18:00:00+00:00,2026-02-02 15:00:00+00:00,2026-02-02 20:00:00,2,21,0.11752356837193172,2,2026-02-01 03:00:00+00:00,True,False
2026-02-01 18:00:00+00:00,2026-02-02 16:00:00+00:00,2026-02-02 21:00:00,2,22,0.12783490866422653,2,2026-02-01 04:00:00+00:00,True,False
2026-02-01 18:00:00+00:00,2026-02-02 17:00:00+00:00,2026-02-02 22:00:00,2,23,0.15202646950880686,2,2026-02-01 05:00:00+00:00,True,False
2026-02-01 18:00:00+00:00,2026-02-02 18:00:00+00:00,2026-02-02 23:00:00,2,24,0.15333076318105063,2,2026-02-01 06:00:00+00:00,True,False
2026-02-01 18:00:00+00:00,2026-02-02 19:00:00+00:00,2026-02-03 00:00:00,2,25,0.18439906338850656,2,2026-02-01 07:00:00+00:00,True,False
2026-02-01 18:00:00+00:00,2026-02-02 20:00:00+00:00,2026-02-03 01:00:00,2,26,0.31526343027750653,2,2026-02-01 08:00:00+00:00,True,False
2026-02-01 18:00:00+00:00,2026-02-02 21:00:00+00:00,2026-02-03 02:00:00,2,27,0.3692331413427989,2,2026-02-01 09:00:00+00:00,True,False
2026-02-01 18:00:00+00:00,2026-02-02 22:00:00+00:00,2026-02-03 03:00:00,2,28,0.3808724681536357,2,2026-02-01 10:00:00+00:00,True,False
2026-02-01 18:00:00+00:00,2026-02-02 23:00:00+00:00,2026-02-03 04:00:00,2,29,0.46487802267074585,2,2026-02-01 11:00:00+00:00,True,False
2026-02-01 18:00:00+00:00,2026-02-03 00:00:00+00:00,2026-02-03 05:00:00,2,30,0.1746823787689209,2,2026-02-01 12:00:00+00:00,True,False
2026-02-01 18:00:00+00:00,2026-02-03 01:00:00+00:00,2026-02-03 06:00:00,2,31,0.10638255129257838,2,2026-02-01 13:00:00+00:00,True,False
2026-02-01 18:00:00+00:00,2026-02-03 02:00:00+00:00,2026-02-03 07:00:00,2,32,0.019831892102956772,2,2026-02-01 14:00:00+00:00,True,False
2026-02-01 18:00:00+00:00,2026-02-03 03:00:00+00:00,2026-02-03 08:00:00,2,33,0.025552361582716305,2,2026-02-01 15:00:00+00:00,True,False
2026-02-01 18:00:00+00:00,2026-02-03 04:00:00+00:00,2026-02-03 09:00:00,2,34,0.028699809374908607,2,2026-02-01 16:00:00+00:00,True,False
2026-02-01 18:00:00+00:00,2026-02-03 05:00:00+00:00,2026-02-03 10:00:00,2,35,0.027612522554894287,2,2026-02-01 17:00:00+00:00,True,False
2026-02-01 18:00:00+00:00,2026-02-03 06:00:00+00:00,2026-02-03 11:00:00,2,36,0.021895354924102623,2,2026-02-01 18:00:00+00:00,True,False
2026-02-01 18:00:00+00:00,2026-02-03 07:00:00+00:00,2026-02-03 12:00:00,2,37,0.022111453115940094,3,2026-01-31 19:00:00+00:00,True,False
2026-02-01 18:00:00+00:00,2026-02-03 08:00:00+00:00,2026-02-03 13:00:00,2,38,0.027230465163787205,3,2026-01-31 20:00:00+00:00,True,False
2026-02-01 18:00:00+00:00,2026-02-03 09:00:00+00:00,2026-02-03 14:00:00,2,39,0.04792327185471853,3,2026-01-31 21:00:00+00:00,True,False
2026-02-01 18:00:00+00:00,2026-02-03 10:00:00+00:00,2026-02-03 15:00:00,2,40,0.06770079210400581,3,2026-01-31 22:00:00+00:00,True,False
2026-02-01 18:00:00+00:00,2026-02-03 11:00:00+00:00,2026-02-03 16:00:00,2,41,0.1299272229274114,3,2026-01-31 23:00:00+00:00,True,False
2026-02-01 18:00:00+00:00,2026-02-03 12:00:00+00:00,2026-02-03 17:00:00,2,42,0.1538114051024119,3,2026-02-01 00:00:00+00:00,True,False
2026-02-01 18:00:00+00:00,2026-02-03 13:00:00+00:00,2026-02-03 18:00:00,2,43,0.18298519651095072,3,2026-02-01 01:00:00+00:00,True,False
2026-02-01 18:00:00+00:00,2026-02-03 14:00:00+00:00,2026-02-03 19:00:00,2,44,0.19670057793458304,3,2026-02-01 02:00:00+00:00,True,False
2026-02-01 18:00:00+00:00,2026-02-03 15:00:00+00:00,2026-02-03 20:00:00,2,45,0.16937566300233206,3,2026-02-01 03:00:00+00:00,True,False
2026-02-01 18:00:00+00:00,2026-02-03 16:00:00+00:00,2026-02-03 21:00:00,2,46,0.1182404284675916,3,2026-02-01 04:00:00+00:00,True,False
2026-02-01 18:00:00+00:00,2026-02-03 17:00:00+00:00,2026-02-03 22:00:00,2,47,0.09067121148109436,3,2026-02-01 05:00:00+00:00,True,False
2026-02-01 18:00:00+00:00,2026-02-03 18:00:00+00:00,2026-02-03 23:00:00,2,48,0.06644835074742635,3,2026-02-01 06:00:00+00:00,True,False
2026-02-02 18:00:00+00:00,2026-02-02 19:00:00+00:00,2026-02-03 00:00:00,1,1,0.1252948914964994,1,2026-02-02 07:00:00+00:00,True,False
2026-02-02 18:00:00+00:00,2026-02-02 20:00:00+00:00,2026-02-03 01:00:00,1,2,0.298455278078715,1,2026-02-02 08:00:00+00:00,True,False
2026-02-02 18:00:00+00:00,2026-02-02 21:00:00+00:00,2026-02-03 02:00:00,1,3,0.465653399626414,1,2026-02-02 09:00:00+00:00,True,False
2026-02-02 18:00:00+00:00,2026-02-02 22:00:00+00:00,2026-02-03 03:00:00,1,4,0.4992135961850484,1,2026-02-02 10:00:00+00:00,True,False
2026-02-02 18:00:00+00:00,2026-02-02 23:00:00+00:00,2026-02-03 04:00:00,1,5,0.5331132809321085,1,2026-02-02 11:00:00+00:00,True,False
2026-02-02 18:00:00+00:00,2026-02-03 00:00:00+00:00,2026-02-03 05:00:00,1,6,0.3823486069838206,1,2026-02-02 12:00:00+00:00,True,False
2026-02-02 18:00:00+00:00,2026-02-03 01:00:00+00:00,2026-02-03 06:00:00,1,7,0.2774853507677714,1,2026-02-02 13:00:00+00:00,True,False
2026-02-02 18:00:00+00:00,2026-02-03 02:00:00+00:00,2026-02-03 07:00:00,1,8,0.14139172434806824,1,2026-02-02 14:00:00+00:00,True,False
2026-02-02 18:00:00+00:00,2026-02-03 03:00:00+00:00,2026-02-03 08:00:00,1,9,0.06888007248441379,1,2026-02-02 15:00:00+00:00,True,False
2026-02-02 18:00:00+00:00,2026-02-03 04:00:00+00:00,2026-02-03 09:00:00,1,10,0.02902266134818395,1,2026-02-02 16:00:00+00:00,True,False
2026-02-02 18:00:00+00:00,2026-02-03 05:00:00+00:00,2026-02-03 10:00:00,1,11,0.017548727026830118,1,2026-02-02 17:00:00+00:00,True,False
2026-02-02 18:00:00+00:00,2026-02-03 06:00:00+00:00,2026-02-03 11:00:00,1,12,0.03169864850739638,1,2026-02-02 18:00:00+00:00,True,False
2026-02-02 18:00:00+00:00,2026-02-03 07:00:00+00:00,2026-02-03 12:00:00,1,13,0.026440878709157307,2,2026-02-01 19:00:00+00:00,True,False
2026-02-02 18:00:00+00:00,2026-02-03 08:00:00+00:00,2026-02-03 13:00:00,1,14,0.039448799565434456,2,2026-02-01 20:00:00+00:00,True,False
2026-02-02 18:00:00+00:00,2026-02-03 09:00:00+00:00,2026-02-03 14:00:00,1,15,0.050474220886826515,2,2026-02-01 21:00:00+00:00,True,False
2026-02-02 18:00:00+00:00,2026-02-03 10:00:00+00:00,2026-02-03 15:00:00,1,16,0.06334627295533816,2,2026-02-01 22:00:00+00:00,True,False
2026-02-02 18:00:00+00:00,2026-02-03 11:00:00+00:00,2026-02-03 16:00:00,1,17,0.08797432358066241,2,2026-02-01 23:00:00+00:00,True,False
2026-02-02 18:00:00+00:00,2026-02-03 12:00:00+00:00,2026-02-03 17:00:00,1,18,0.11667229731877644,2,2026-02-02 00:00:00+00:00,True,False
2026-02-02 18:00:00+00:00,2026-02-03 13:00:00+00:00,2026-02-03 18:00:00,1,19,0.14988632996877035,2,2026-02-02 01:00:00+00:00,True,False
2026-02-02 18:00:00+00:00,2026-02-03 14:00:00+00:00,2026-02-03 19:00:00,1,20,0.1629758874575297,2,2026-02-02 02:00:00+00:00,True,False
2026-02-02 18:00:00+00:00,2026-02-03 15:00:00+00:00,2026-02-03 20:00:00,1,21,0.21681240697701773,2,2026-02-02 03:00:00+00:00,True,False
2026-02-02 18:00:00+00:00,2026-02-03 16:00:00+00:00,2026-02-03 21:00:00,1,22,0.24226185182730356,2,2026-02-02 04:00:00+00:00,True,False
2026-02-02 18:00:00+00:00,2026-02-03 17:00:00+00:00,2026-02-03 22:00:00,1,23,0.18064423402150473,2,2026-02-02 05:00:00+00:00,True,False
2026-02-02 18:00:00+00:00,2026-02-03 18:00:00+00:00,2026-02-03 23:00:00,1,24,0.23392274975776672,2,2026-02-02 06:00:00+00:00,True,False
2026-02-02 18:00:00+00:00,2026-02-03 19:00:00+00:00,2026-02-04 00:00:00,1,25,0.31368346015612286,2,2026-02-02 07:00:00+00:00,True,False
2026-02-02 18:00:00+00:00,2026-02-03 20:00:00+00:00,2026-02-04 01:00:00,1,26,0.24128676454226175,2,2026-02-02 08:00:00+00:00,True,False
2026-02-02 18:00:00+00:00,2026-02-03 21:00:00+00:00,2026-02-04 02:00:00,1,27,0.21837344765663147,2,2026-02-02 09:00:00+00:00,True,False
2026-02-02 18:00:00+00:00,2026-02-03 22:00:00+00:00,2026-02-04 03:00:00,1,28,0.32458380858103436,2,2026-02-02 10:00:00+00:00,True,False
2026-02-02 18:00:00+00:00,2026-02-03 23:00:00+00:00,2026-02-04 04:00:00,1,29,0.4553175171216329,2,2026-02-02 11:00:00+00:00,True,False
2026-02-02 18:00:00+00:00,2026-02-04 00:00:00+00:00,2026-02-04 05:00:00,1,30,0.23662401735782623,2,2026-02-02 12:00:00+00:00,True,False
2026-02-02 18:00:00+00:00,2026-02-04 01:00:00+00:00,2026-02-04 06:00:00,1,31,0.44179882605870563,2,2026-02-02 13:00:00+00:00,True,False
2026-02-02 18:00:00+00:00,2026-02-04 02:00:00+00:00,2026-02-04 07:00:00,1,32,0.45051272710164386,2,2026-02-02 14:00:00+00:00,True,False
2026-02-02 18:00:00+00:00,2026-02-04 03:00:00+00:00,2026-02-04 08:00:00,1,33,0.4589051107565562,2,2026-02-02 15:00:00+00:00,True,False
2026-02-02 18:00:00+00:00,2026-02-04 04:00:00+00:00,2026-02-04 09:00:00,1,34,0.3678378363450368,2,2026-02-02 16:00:00+00:00,True,False
2026-02-02 18:00:00+00:00,2026-02-04 05:00:00+00:00,2026-02-04 10:00:00,1,35,0.19000753263632456,2,2026-02-02 17:00:00+00:00,True,False
2026-02-02 18:00:00+00:00,2026-02-04 06:00:00+00:00,2026-02-04 11:00:00,1,36,0.3028995245695114,2,2026-02-02 18:00:00+00:00,True,False
2026-02-02 18:00:00+00:00,2026-02-04 07:00:00+00:00,2026-02-04 12:00:00,1,37,0.019572920476396877,3,2026-02-01 19:00:00+00:00,True,False
2026-02-02 18:00:00+00:00,2026-02-04 08:00:00+00:00,2026-02-04 13:00:00,1,38,0.02364371344447136,3,2026-02-01 20:00:00+00:00,True,False
2026-02-02 18:00:00+00:00,2026-02-04 09:00:00+00:00,2026-02-04 14:00:00,1,39,0.02784171390036742,3,2026-02-01 21:00:00+00:00,True,False
2026-02-02 18:00:00+00:00,2026-02-04 10:00:00+00:00,2026-02-04 15:00:00,1,40,0.024211494872967403,3,2026-02-01 22:00:00+00:00,True,False
2026-02-02 18:00:00+00:00,2026-02-04 11:00:00+00:00,2026-02-04 16:00:00,1,41,0.03277052193880081,3,2026-02-01 23:00:00+00:00,True,False
2026-02-02 18:00:00+00:00,2026-02-04 12:00:00+00:00,2026-02-04 17:00:00,1,42,0.10372647394736607,3,2026-02-02 00:00:00+00:00,True,False
2026-02-02 18:00:00+00:00,2026-02-04 13:00:00+00:00,2026-02-04 18:00:00,1,43,0.057934459298849106,3,2026-02-02 01:00:00+00:00,True,False
2026-02-02 18:00:00+00:00,2026-02-04 14:00:00+00:00,2026-02-04 19:00:00,1,44,0.04889940842986107,3,2026-02-02 02:00:00+00:00,True,False
2026-02-02 18:00:00+00:00,2026-02-04 15:00:00+00:00,2026-02-04 20:00:00,1,45,0.08372022708257039,3,2026-02-02 03:00:00+00:00,True,False
2026-02-02 18:00:00+00:00,2026-02-04 16:00:00+00:00,2026-02-04 21:00:00,1,46,0.12981294840574265,3,2026-02-02 04:00:00+00:00,True,False
2026-02-02 18:00:00+00:00,2026-02-04 17:00:00+00:00,2026-02-04 22:00:00,1,47,0.17567815631628036,3,2026-02-02 05:00:00+00:00,True,False
2026-02-02 18:00:00+00:00,2026-02-04 18:00:00+00:00,2026-02-04 23:00:00,1,48,0.4781854252020518,3,2026-02-02 06:00:00+00:00,True,False
2026-02-02 18:00:00+00:00,2026-02-02 19:00:00+00:00,2026-02-03 00:00:00,2,1,0.10929608096679051,1,2026-02-02 07:00:00+00:00,True,False
2026-02-02 18:00:00+00:00,2026-02-02 20:00:00+00:00,2026-02-03 01:00:00,2,2,0.2420380413532257,1,2026-02-02 08:00:00+00:00,True,False
2026-02-02 18:00:00+00:00,2026-02-02 21:00:00+00:00,2026-02-03 02:00:00,2,3,0.3745971620082855,1,2026-02-02 09:00:00+00:00,True,False
2026-02-02 18:00:00+00:00,2026-02-02 22:00:00+00:00,2026-02-03 03:00:00,2,4,0.41742279132207233,1,2026-02-02 10:00:00+00:00,True,False
2026-02-02 18:00:00+00:00,2026-02-02 23:00:00+00:00,2026-02-03 04:00:00,2,5,0.4625241458415985,1,2026-02-02 11:00:00+00:00,True,False
2026-02-02 18:00:00+00:00,2026-02-03 00:00:00+00:00,2026-02-03 05:00:00,2,6,0.31748324632644653,1,2026-02-02 12:00:00+00:00,True,False
2026-02-02 18:00:00+00:00,2026-02-03 01:00:00+00:00,2026-02-03 06:00:00,2,7,0.2317784478267034,1,2026-02-02 13:00:00+00:00,True,False
2026-02-02 18:00:00+00:00,2026-02-03 02:00:00+00:00,2026-02-03 07:00:00,2,8,0.1251031458377838,1,2026-02-02 14:00:00+00:00,True,False
2026-02-02 18:00:00+00:00,2026-02-03 03:00:00+00:00,2026-02-03 08:00:00,2,9,0.06305740649501483,1,2026-02-02 15:00:00+00:00,True,False
2026-02-02 18:00:00+00:00,2026-02-03 04:00:00+00:00,2026-02-03 09:00:00,2,10,0.0298732773711284,1,2026-02-02 16:00:00+00:00,True,False
2026-02-02 18:00:00+00:00,2026-02-03 05:00:00+00:00,2026-02-03 10:00:00,2,11,0.016868678232034046,1,2026-02-02 17:00:00+00:00,True,False
2026-02-02 18:00:00+00:00,2026-02-03 06:00:00+00:00,2026-02-03 11:00:00,2,12,0.03152915524939696,1,2026-02-02 18:00:00+00:00,True,False
2026-02-02 18:00:00+00:00,2026-02-03 07:00:00+00:00,2026-02-03 12:00:00,2,13,0.025009354576468468,2,2026-02-01 19:00:00+00:00,True,False
2026-02-02 18:00:00+00:00,2026-02-03 08:00:00+00:00,2026-02-03 13:00:00,2,14,0.035909692756831646,2,2026-02-01 20:00:00+00:00,True,False
2026-02-02 18:00:00+00:00,2026-02-03 09:00:00+00:00,2026-02-03 14:00:00,2,15,0.04512483502427737,2,2026-02-01 21:00:00+00:00,True,False
2026-02-02 18:00:00+00:00,2026-02-03 10:00:00+00:00,2026-02-03 15:00:00,2,16,0.0572410145153602,2,2026-02-01 22:00:00+00:00,True,False
2026-02-02 18:00:00+00:00,2026-02-03 11:00:00+00:00,2026-02-03 16:00:00,2,17,0.08542921145757039,2,2026-02-01 23:00:00+00:00,True,False
2026-02-02 18:00:00+00:00,2026-02-03 12:00:00+00:00,2026-02-03 17:00:00,2,18,0.11448211222887039,2,2026-02-02 00:00:00+00:00,True,False
2026-02-02 18:00:00+00:00,2026-02-03 13:00:00+00:00,2026-02-03 18:00:00,2,19,0.14398053785165152,2,2026-02-02 01:00:00+00:00,True,False
2026-02-02 18:00:00+00:00,2026-02-03 14:00:00+00:00,2026-02-03 19:00:00,2,20,0.15754378338654837,2,2026-02-02 02:00:00+00:00,True,False
2026-02-02 18:00:00+00:00,2026-02-03 15:00:00+00:00,2026-02-03 20:00:00,2,21,0.20888293782869974,2,2026-02-02 03:00:00+00:00,True,False
2026-02-02 18:00:00+00:00,2026-02-03 16:00:00+00:00,2026-02-03 21:00:00,2,22,0.23140089213848114,2,2026-02-02 04:00:00+00:00,True,False
2026-02-02 18:00:00+00:00,2026-02-03 17:00:00+00:00,2026-02-03 22:00:00,2,23,0.18022137880325317,2,2026-02-02 05:00:00+00:00,True,False
2026-02-02 18:00:00+00:00,2026-02-03 18:00:00+00:00,2026-02-03 23:00:00,2,24,0.24557550251483917,2,2026-02-02 06:00:00+00:00,True,False
2026-02-02 18:00:00+00:00,2026-02-03 19:00:00+00:00,2026-02-04 00:00:00,2,25,0.3199404180049896,2,2026-02-02 07:00:00+00:00,True,False
2026-02-02 18:00:00+00:00,2026-02-03 20:00:00+00:00,2026-02-04 01:00:00,2,26,0.23909083008766174,2,2026-02-02 08:00:00+00:00,True,False
2026-02-02 18:00:00+00:00,2026-02-03 21:00:00+00:00,2026-02-04 02:00:00,2,27,0.2154564062754313,2,2026-02-02 09:00:00+00:00,True,False
2026-02-02 18:00:00+00:00,2026-02-03 22:00:00+00:00,2026-02-04 03:00:00,2,28,0.32058074076970416,2,2026-02-02 10:00:00+00:00,True,False
2026-02-02 18:00:00+00:00,2026-02-03 23:00:00+00:00,2026-02-04 04:00:00,2,29,0.46294087171554565,2,2026-02-02 11:00:00+00:00,True,False
2026-02-02 18:00:00+00:00,2026-02-04 00:00:00+00:00,2026-02-04 05:00:00,2,30,0.23136675854523978,2,2026-02-02 12:00:00+00:00,True,False
2026-02-02 18:00:00+00:00,2026-02-04 01:00:00+00:00,2026-02-04 06:00:00,2,31,0.43678635358810425,2,2026-02-02 13:00:00+00:00,True,False
2026-02-02 18:00:00+00:00,2026-02-04 02:00:00+00:00,2026-02-04 07:00:00,2,32,0.4447882870833079,2,2026-02-02 14:00:00+00:00,True,False
2026-02-02 18:00:00+00:00,2026-02-04 03:00:00+00:00,2026-02-04 08:00:00,2,33,0.45476091901461285,2,2026-02-02 15:00:00+00:00,True,False
2026-02-02 18:00:00+00:00,2026-02-04 04:00:00+00:00,2026-02-04 09:00:00,2,34,0.35866384704907733,2,2026-02-02 16:00:00+00:00,True,False
2026-02-02 18:00:00+00:00,2026-02-04 05:00:00+00:00,2026-02-04 10:00:00,2,35,0.17484985291957855,2,2026-02-02 17:00:00+00:00,True,False
2026-02-02 18:00:00+00:00,2026-02-04 06:00:00+00:00,2026-02-04 11:00:00,2,36,0.2941901584466298,2,2026-02-02 18:00:00+00:00,True,False
2026-02-02 18:00:00+00:00,2026-02-04 07:00:00+00:00,2026-02-04 12:00:00,2,37,0.017924441024661064,3,2026-02-01 19:00:00+00:00,True,False
2026-02-02 18:00:00+00:00,2026-02-04 08:00:00+00:00,2026-02-04 13:00:00,2,38,0.020691715491314728,3,2026-02-01 20:00:00+00:00,True,False
2026-02-02 18:00:00+00:00,2026-02-04 09:00:00+00:00,2026-02-04 14:00:00,2,39,0.025817434303462505,3,2026-02-01 21:00:00+00:00,True,False
2026-02-02 18:00:00+00:00,2026-02-04 10:00:00+00:00,2026-02-04 15:00:00,2,40,0.023039329797029495,3,2026-02-01 22:00:00+00:00,True,False
2026-02-02 18:00:00+00:00,2026-02-04 11:00:00+00:00,2026-02-04 16:00:00,2,41,0.029653508837024372,3,2026-02-01 23:00:00+00:00,True,False
2026-02-02 18:00:00+00:00,2026-02-04 12:00:00+00:00,2026-02-04 17:00:00,2,42,0.10490948458512624,3,2026-02-02 00:00:00+00:00,True,False
2026-02-02 18:00:00+00:00,2026-02-04 13:00:00+00:00,2026-02-04 18:00:00,2,43,0.05145516743262609,3,2026-02-02 01:00:00+00:00,True,False
2026-02-02 18:00:00+00:00,2026-02-04 14:00:00+00:00,2026-02-04 19:00:00,2,44,0.04566063918173313,3,2026-02-02 02:00:00+00:00,True,False
2026-02-02 18:00:00+00:00,2026-02-04 15:00:00+00:00,2026-02-04 20:00:00,2,45,0.06999316687385242,3,2026-02-02 03:00:00+00:00,True,False
2026-02-02 18:00:00+00:00,2026-02-04 16:00:00+00:00,2026-02-04 21:00:00,2,46,0.12719788899024329,3,2026-02-02 04:00:00+00:00,True,False
2026-02-02 18:00:00+00:00,2026-02-04 17:00:00+00:00,2026-02-04 22:00:00,2,47,0.17561071862777075,3,2026-02-02 05:00:00+00:00,True,False
2026-02-02 18:00:00+00:00,2026-02-04 18:00:00+00:00,2026-02-04 23:00:00,2,48,0.46346721053123474,3,2026-02-02 06:00:00+00:00,True,False
2026-02-03 18:00:00+00:00,2026-02-03 19:00:00+00:00,2026-02-04 00:00:00,1,1,0.5589293042818705,1,2026-02-03 07:00:00+00:00,True,False
2026-02-03 18:00:00+00:00,2026-02-03 20:00:00+00:00,2026-02-04 01:00:00,1,2,0.5335651636123657,1,2026-02-03 08:00:00+00:00,True,False
2026-02-03 18:00:00+00:00,2026-02-03 21:00:00+00:00,2026-02-04 02:00:00,1,3,0.4613947669665019,1,2026-02-03 09:00:00+00:00,True,False
2026-02-03 18:00:00+00:00,2026-02-03 22:00:00+00:00,2026-02-04 03:00:00,1,4,0.41125407814979553,1,2026-02-03 10:00:00+00:00,True,False
2026-02-03 18:00:00+00:00,2026-02-03 23:00:00+00:00,2026-02-04 04:00:00,1,5,0.36231637994448346,1,2026-02-03 11:00:00+00:00,True,False
2026-02-03 18:00:00+00:00,2026-02-04 00:00:00+00:00,2026-02-04 05:00:00,1,6,0.5084477563699087,1,2026-02-03 12:00:00+00:00,True,False
2026-02-03 18:00:00+00:00,2026-02-04 01:00:00+00:00,2026-02-04 06:00:00,1,7,0.6579471031824747,1,2026-02-03 13:00:00+00:00,True,False
2026-02-03 18:00:00+00:00,2026-02-04 02:00:00+00:00,2026-02-04 07:00:00,1,8,0.5537506143252054,1,2026-02-03 14:00:00+00:00,True,False
2026-02-03 18:00:00+00:00,2026-02-04 03:00:00+00:00,2026-02-04 08:00:00,1,9,0.4342072904109955,1,2026-02-03 15:00:00+00:00,True,False
2026-02-03 18:00:00+00:00,2026-02-04 04:00:00+00:00,2026-02-04 09:00:00,1,10,0.25662495692571,1,2026-02-03 16:00:00+00:00,True,False
2026-02-03 18:00:00+00:00,2026-02-04 05:00:00+00:00,2026-02-04 10:00:00,1,11,0.14192132651805878,1,2026-02-03 17:00:00+00:00,True,False
2026-02-03 18:00:00+00:00,2026-02-04 06:00:00+00:00,2026-02-04 11:00:00,1,12,0.13133817166090012,1,2026-02-03 18:00:00+00:00,True,False
2026-02-03 18:00:00+00:00,2026-02-04 07:00:00+00:00,2026-02-04 12:00:00,1,13,0.181798646847407,2,2026-02-02 19:00:00+00:00,True,False
2026-02-03 18:00:00+00:00,2026-02-04 08:00:00+00:00,2026-02-04 13:00:00,1,14,0.15441570927699408,2,2026-02-02 20:00:00+00:00,True,False
2026-02-03 18:00:00+00:00,2026-02-04 09:00:00+00:00,2026-02-04 14:00:00,1,15,0.16565416753292084,2,2026-02-02 21:00:00+00:00,True,False
2026-02-03 18:00:00+00:00,2026-02-04 10:00:00+00:00,2026-02-04 15:00:00,1,16,0.17109939455986023,2,2026-02-02 22:00:00+00:00,True,False
2026-02-03 18:00:00+00:00,2026-02-04 11:00:00+00:00,2026-02-04 16:00:00,1,17,0.1525118052959442,2,2026-02-02 23:00:00+00:00,True,False
2026-02-03 18:00:00+00:00,2026-02-04 12:00:00+00:00,2026-02-04 17:00:00,1,18,0.032128083830078445,2,2026-02-03 00:00:00+00:00,True,False
2026-02-03 18:00:00+00:00,2026-02-04 13:00:00+00:00,2026-02-04 18:00:00,1,19,0.03928982466459274,2,2026-02-03 01:00:00+00:00,True,False
2026-02-03 18:00:00+00:00,2026-02-04 14:00:00+00:00,2026-02-04 19:00:00,1,20,0.02759849342207114,2,2026-02-03 02:00:00+00:00,True,False
2026-02-03 18:00:00+00:00,2026-02-04 15:00:00+00:00,2026-02-04 20:00:00,1,21,0.09274450937906902,2,2026-02-03 03:00:00+00:00,True,False
2026-02-03 18:00:00+00:00,2026-02-04 16:00:00+00:00,2026-02-04 21:00:00,1,22,0.36723218361536664,2,2026-02-03 04:00:00+00:00,True,False
2026-02-03 18:00:00+00:00,2026-02-04 17:00:00+00:00,2026-02-04 22:00:00,1,23,0.5694969892501831,2,2026-02-03 05:00:00+00:00,True,False
2026-02-03 18:00:00+00:00,2026-02-04 18:00:00+00:00,2026-02-04 23:00:00,1,24,0.5129276911417643,2,2026-02-03 06:00:00+00:00,True,False
2026-02-03 18:00:00+00:00,2026-02-04 19:00:00+00:00,2026-02-05 00:00:00,1,25,0.6955466270446777,2,2026-02-03 07:00:00+00:00,True,False
2026-02-03 18:00:00+00:00,2026-02-04 20:00:00+00:00,2026-02-05 01:00:00,1,26,0.8165539304415385,2,2026-02-03 08:00:00+00:00,True,False
2026-02-03 18:00:00+00:00,2026-02-04 21:00:00+00:00,2026-02-05 02:00:00,1,27,0.9110732674598694,2,2026-02-03 09:00:00+00:00,True,False
2026-02-03 18:00:00+00:00,2026-02-04 22:00:00+00:00,2026-02-05 03:00:00,1,28,0.9544914762179056,2,2026-02-03 10:00:00+00:00,True,False
2026-02-03 18:00:00+00:00,2026-02-04 23:00:00+00:00,2026-02-05 04:00:00,1,29,0.9717087149620056,2,2026-02-03 11:00:00+00:00,True,False
2026-02-03 18:00:00+00:00,2026-02-05 00:00:00+00:00,2026-02-05 05:00:00,1,30,0.9849676092465719,2,2026-02-03 12:00:00+00:00,True,False
2026-02-03 18:00:00+00:00,2026-02-05 01:00:00+00:00,2026-02-05 06:00:00,1,31,0.9867981274922689,2,2026-02-03 13:00:00+00:00,True,False
2026-02-03 18:00:00+00:00,2026-02-05 02:00:00+00:00,2026-02-05 07:00:00,1,32,0.9905166029930115,2,2026-02-03 14:00:00+00:00,True,False
2026-02-03 18:00:00+00:00,2026-02-05 03:00:00+00:00,2026-02-05 08:00:00,1,33,0.9936438600222269,2,2026-02-03 15:00:00+00:00,True,False
2026-02-03 18:00:00+00:00,2026-02-05 04:00:00+00:00,2026-02-05 09:00:00,1,34,0.9958373506863912,2,2026-02-03 16:00:00+00:00,True,False
2026-02-03 18:00:00+00:00,2026-02-05 05:00:00+00:00,2026-02-05 10:00:00,1,35,0.9968787829081217,2,2026-02-03 17:00:00+00:00,True,False
2026-02-03 18:00:00+00:00,2026-02-05 06:00:00+00:00,2026-02-05 11:00:00,1,36,0.9970168471336365,2,2026-02-03 18:00:00+00:00,True,False
2026-02-03 18:00:00+00:00,2026-02-05 07:00:00+00:00,2026-02-05 12:00:00,1,37,0.9983295400937399,3,2026-02-02 19:00:00+00:00,True,False
2026-02-03 18:00:00+00:00,2026-02-05 08:00:00+00:00,2026-02-05 13:00:00,1,38,0.9987656275431315,3,2026-02-02 20:00:00+00:00,True,False
2026-02-03 18:00:00+00:00,2026-02-05 09:00:00+00:00,2026-02-05 14:00:00,1,39,0.9986264705657959,3,2026-02-02 21:00:00+00:00,True,False
2026-02-03 18:00:00+00:00,2026-02-05 10:00:00+00:00,2026-02-05 15:00:00,1,40,0.9983400106430054,3,2026-02-02 22:00:00+00:00,True,False
2026-02-03 18:00:00+00:00,2026-02-05 11:00:00+00:00,2026-02-05 16:00:00,1,41,0.9970413247744242,3,2026-02-02 23:00:00+00:00,True,False
2026-02-03 18:00:00+00:00,2026-02-05 12:00:00+00:00,2026-02-05 17:00:00,1,42,0.993068257967631,3,2026-02-03 00:00:00+00:00,True,False
2026-02-03 18:00:00+00:00,2026-02-05 13:00:00+00:00,2026-02-05 18:00:00,1,43,0.9917386174201965,3,2026-02-03 01:00:00+00:00,True,False
2026-02-03 18:00:00+00:00,2026-02-05 14:00:00+00:00,2026-02-05 19:00:00,1,44,0.9838061928749084,3,2026-02-03 02:00:00+00:00,True,False
2026-02-03 18:00:00+00:00,2026-02-05 15:00:00+00:00,2026-02-05 20:00:00,1,45,0.9474714795748392,3,2026-02-03 03:00:00+00:00,True,False
2026-02-03 18:00:00+00:00,2026-02-05 16:00:00+00:00,2026-02-05 21:00:00,1,46,0.8857369224230448,3,2026-02-03 04:00:00+00:00,True,False
2026-02-03 18:00:00+00:00,2026-02-05 17:00:00+00:00,2026-02-05 22:00:00,1,47,0.8308054804801941,3,2026-02-03 05:00:00+00:00,True,False
2026-02-03 18:00:00+00:00,2026-02-05 18:00:00+00:00,2026-02-05 23:00:00,1,48,0.8877941767374674,3,2026-02-03 06:00:00+00:00,True,False
2026-02-03 18:00:00+00:00,2026-02-03 19:00:00+00:00,2026-02-04 00:00:00,2,1,0.5095348755518595,1,2026-02-03 07:00:00+00:00,True,False
2026-02-03 18:00:00+00:00,2026-02-03 20:00:00+00:00,2026-02-04 01:00:00,2,2,0.5082706411679586,1,2026-02-03 08:00:00+00:00,True,False
2026-02-03 18:00:00+00:00,2026-02-03 21:00:00+00:00,2026-02-04 02:00:00,2,3,0.4476608335971832,1,2026-02-03 09:00:00+00:00,True,False
2026-02-03 18:00:00+00:00,2026-02-03 22:00:00+00:00,2026-02-04 03:00:00,2,4,0.4029311140378316,1,2026-02-03 10:00:00+00:00,True,False
2026-02-03 18:00:00+00:00,2026-02-03 23:00:00+00:00,2026-02-04 04:00:00,2,5,0.3518729011217753,1,2026-02-03 11:00:00+00:00,True,False
2026-02-03 18:00:00+00:00,2026-02-04 00:00:00+00:00,2026-02-04 05:00:00,2,6,0.5085452298323313,1,2026-02-03 12:00:00+00:00,True,False
2026-02-03 18:00:00+00:00,2026-02-04 01:00:00+00:00,2026-02-04 06:00:00,2,7,0.6390481988588969,1,2026-02-03 13:00:00+00:00,True,False
2026-02-03 18:00:00+00:00,2026-02-04 02:00:00+00:00,2026-02-04 07:00:00,2,8,0.5400605400403341,1,2026-02-03 14:00:00+00:00,True,False
2026-02-03 18:00:00+00:00,2026-02-04 03:00:00+00:00,2026-02-04 08:00:00,2,9,0.42380449175834656,1,2026-02-03 15:00:00+00:00,True,False
2026-02-03 18:00:00+00:00,2026-02-04 04:00:00+00:00,2026-02-04 09:00:00,2,10,0.2608738640944163,1,2026-02-03 16:00:00+00:00,True,False
2026-02-03 18:00:00+00:00,2026-02-04 05:00:00+00:00,2026-02-04 10:00:00,2,11,0.13196440041065216,1,2026-02-03 17:00:00+00:00,True,False
2026-02-03 18:00:00+00:00,2026-02-04 06:00:00+00:00,2026-02-04 11:00:00,2,12,0.12473644067843755,1,2026-02-03 18:00:00+00:00,True,False
2026-02-03 18:00:00+00:00,2026-02-04 07:00:00+00:00,2026-02-04 12:00:00,2,13,0.182765394449234,2,2026-02-02 19:00:00+00:00,True,False
2026-02-03 18:00:00+00:00,2026-02-04 08:00:00+00:00,2026-02-04 13:00:00,2,14,0.16026868919531503,2,2026-02-02 20:00:00+00:00,True,False
2026-02-03 18:00:00+00:00,2026-02-04 09:00:00+00:00,2026-02-04 14:00:00,2,15,0.1762591004371643,2,2026-02-02 21:00:00+00:00,True,False
2026-02-03 18:00:00+00:00,2026-02-04 10:00:00+00:00,2026-02-04 15:00:00,2,16,0.17879243195056915,2,2026-02-02 22:00:00+00:00,True,False
2026-02-03 18:00:00+00:00,2026-02-04 11:00:00+00:00,2026-02-04 16:00:00,2,17,0.15390863517920175,2,2026-02-02 23:00:00+00:00,True,False
2026-02-03 18:00:00+00:00,2026-02-04 12:00:00+00:00,2026-02-04 17:00:00,2,18,0.03149847686290741,2,2026-02-03 00:00:00+00:00,True,False
2026-02-03 18:00:00+00:00,2026-02-04 13:00:00+00:00,2026-02-04 18:00:00,2,19,0.03889616020023823,2,2026-02-03 01:00:00+00:00,True,False
2026-02-03 18:00:00+00:00,2026-02-04 14:00:00+00:00,2026-02-04 19:00:00,2,20,0.026415718719363213,2,2026-02-03 02:00:00+00:00,True,False
2026-02-03 18:00:00+00:00,2026-02-04 15:00:00+00:00,2026-02-04 20:00:00,2,21,0.07804287473360698,2,2026-02-03 03:00:00+00:00,True,False
2026-02-03 18:00:00+00:00,2026-02-04 16:00:00+00:00,2026-02-04 21:00:00,2,22,0.3607393105824788,2,2026-02-03 04:00:00+00:00,True,False
2026-02-03 18:00:00+00:00,2026-02-04 17:00:00+00:00,2026-02-04 22:00:00,2,23,0.5687500635782877,2,2026-02-03 05:00:00+00:00,True,False
2026-02-03 18:00:00+00:00,2026-02-04 18:00:00+00:00,2026-02-04 23:00:00,2,24,0.5196174184481303,2,2026-02-03 06:00:00+00:00,True,False
2026-02-03 18:00:00+00:00,2026-02-04 19:00:00+00:00,2026-02-05 00:00:00,2,25,0.7066660523414612,2,2026-02-03 07:00:00+00:00,True,False
2026-02-03 18:00:00+00:00,2026-02-04 20:00:00+00:00,2026-02-05 01:00:00,2,26,0.8148188988367716,2,2026-02-03 08:00:00+00:00,True,False
2026-02-03 18:00:00+00:00,2026-02-04 21:00:00+00:00,2026-02-05 02:00:00,2,27,0.9065954486529032,2,2026-02-03 09:00:00+00:00,True,False
2026-02-03 18:00:00+00:00,2026-02-04 22:00:00+00:00,2026-02-05 03:00:00,2,28,0.9501182635625204,2,2026-02-03 10:00:00+00:00,True,False
2026-02-03 18:00:00+00:00,2026-02-04 23:00:00+00:00,2026-02-05 04:00:00,2,29,0.9683035810788473,2,2026-02-03 11:00:00+00:00,True,False
2026-02-03 18:00:00+00:00,2026-02-05 00:00:00+00:00,2026-02-05 05:00:00,2,30,0.9834518829981486,2,2026-02-03 12:00:00+00:00,True,False
2026-02-03 18:00:00+00:00,2026-02-05 01:00:00+00:00,2026-02-05 06:00:00,2,31,0.9849461714426676,2,2026-02-03 13:00:00+00:00,True,False
2026-02-03 18:00:00+00:00,2026-02-05 02:00:00+00:00,2026-02-05 07:00:00,2,32,0.9891974131266276,2,2026-02-03 14:00:00+00:00,True,False
2026-02-03 18:00:00+00:00,2026-02-05 03:00:00+00:00,2026-02-05 08:00:00,2,33,0.9929568966229757,2,2026-02-03 15:00:00+00:00,True,False
2026-02-03 18:00:00+00:00,2026-02-05 04:00:00+00:00,2026-02-05 09:00:00,2,34,0.9954949816068014,2,2026-02-03 16:00:00+00:00,True,False
2026-02-03 18:00:00+00:00,2026-02-05 05:00:00+00:00,2026-02-05 10:00:00,2,35,0.9966058731079102,2,2026-02-03 17:00:00+00:00,True,False
2026-02-03 18:00:00+00:00,2026-02-05 06:00:00+00:00,2026-02-05 11:00:00,2,36,0.9967071016629537,2,2026-02-03 18:00:00+00:00,True,False
2026-02-03 18:00:00+00:00,2026-02-05 07:00:00+00:00,2026-02-05 12:00:00,2,37,0.9981529513994852,3,2026-02-02 19:00:00+00:00,True,False
2026-02-03 18:00:00+00:00,2026-02-05 08:00:00+00:00,2026-02-05 13:00:00,2,38,0.9986215035120646,3,2026-02-02 20:00:00+00:00,True,False
2026-02-03 18:00:00+00:00,2026-02-05 09:00:00+00:00,2026-02-05 14:00:00,2,39,0.998462955156962,3,2026-02-02 21:00:00+00:00,True,False
2026-02-03 18:00:00+00:00,2026-02-05 10:00:00+00:00,2026-02-05 15:00:00,2,40,0.9981446862220764,3,2026-02-02 22:00:00+00:00,True,False
2026-02-03 18:00:00+00:00,2026-02-05 11:00:00+00:00,2026-02-05 16:00:00,2,41,0.9966986775398254,3,2026-02-02 23:00:00+00:00,True,False
2026-02-03 18:00:00+00:00,2026-02-05 12:00:00+00:00,2026-02-05 17:00:00,2,42,0.9927570223808289,3,2026-02-03 00:00:00+00:00,True,False
2026-02-03 18:00:00+00:00,2026-02-05 13:00:00+00:00,2026-02-05 18:00:00,2,43,0.9917903741200765,3,2026-02-03 01:00:00+00:00,True,False
2026-02-03 18:00:00+00:00,2026-02-05 14:00:00+00:00,2026-02-05 19:00:00,2,44,0.9841662645339966,3,2026-02-03 02:00:00+00:00,True,False
2026-02-03 18:00:00+00:00,2026-02-05 15:00:00+00:00,2026-02-05 20:00:00,2,45,0.9500009020169576,3,2026-02-03 03:00:00+00:00,True,False
2026-02-03 18:00:00+00:00,2026-02-05 16:00:00+00:00,2026-02-05 21:00:00,2,46,0.887270430723826,3,2026-02-03 04:00:00+00:00,True,False
2026-02-03 18:00:00+00:00,2026-02-05 17:00:00+00:00,2026-02-05 22:00:00,2,47,0.8143830100695292,3,2026-02-03 05:00:00+00:00,True,False
2026-02-03 18:00:00+00:00,2026-02-05 18:00:00+00:00,2026-02-05 23:00:00,2,48,0.8763676087061564,3,2026-02-03 06:00:00+00:00,True,False
2026-02-04 18:00:00+00:00,2026-02-04 19:00:00+00:00,2026-02-05 00:00:00,1,1,0.8817015886306763,1,2026-02-04 07:00:00+00:00,True,False
2026-02-04 18:00:00+00:00,2026-02-04 20:00:00+00:00,2026-02-05 01:00:00,1,2,0.9415077567100525,1,2026-02-04 08:00:00+00:00,True,False
2026-02-04 18:00:00+00:00,2026-02-04 21:00:00+00:00,2026-02-05 02:00:00,1,3,0.9596519271532694,1,2026-02-04 09:00:00+00:00,True,False
2026-02-04 18:00:00+00:00,2026-02-04 22:00:00+00:00,2026-02-05 03:00:00,1,4,0.9697687228520712,1,2026-02-04 10:00:00+00:00,True,False
2026-02-04 18:00:00+00:00,2026-02-04 23:00:00+00:00,2026-02-05 04:00:00,1,5,0.9788370927174886,1,2026-02-04 11:00:00+00:00,True,False
2026-02-04 18:00:00+00:00,2026-02-05 00:00:00+00:00,2026-02-05 05:00:00,1,6,0.9901504715283712,1,2026-02-04 12:00:00+00:00,True,False
2026-02-04 18:00:00+00:00,2026-02-05 01:00:00+00:00,2026-02-05 06:00:00,1,7,0.9943957924842834,1,2026-02-04 13:00:00+00:00,True,False
2026-02-04 18:00:00+00:00,2026-02-05 02:00:00+00:00,2026-02-05 07:00:00,1,8,0.9957457184791565,1,2026-02-04 14:00:00+00:00,True,False
2026-02-04 18:00:00+00:00,2026-02-05 03:00:00+00:00,2026-02-05 08:00:00,1,9,0.9960968693097433,1,2026-02-04 15:00:00+00:00,True,False
2026-02-04 18:00:00+00:00,2026-02-05 04:00:00+00:00,2026-02-05 09:00:00,1,10,0.9963425397872925,1,2026-02-04 16:00:00+00:00,True,False
2026-02-04 18:00:00+00:00,2026-02-05 05:00:00+00:00,2026-02-05 10:00:00,1,11,0.9954748948415121,1,2026-02-04 17:00:00+00:00,True,False
2026-02-04 18:00:00+00:00,2026-02-05 06:00:00+00:00,2026-02-05 11:00:00,1,12,0.9969477653503418,1,2026-02-04 18:00:00+00:00,True,False
2026-02-04 18:00:00+00:00,2026-02-05 07:00:00+00:00,2026-02-05 12:00:00,1,13,0.9978084365526835,2,2026-02-03 19:00:00+00:00,True,False
2026-02-04 18:00:00+00:00,2026-02-05 08:00:00+00:00,2026-02-05 13:00:00,1,14,0.9975560108820597,2,2026-02-03 20:00:00+00:00,True,False
2026-02-04 18:00:00+00:00,2026-02-05 09:00:00+00:00,2026-02-05 14:00:00,1,15,0.9973107775052389,2,2026-02-03 21:00:00+00:00,True,False
2026-02-04 18:00:00+00:00,2026-02-05 10:00:00+00:00,2026-02-05 15:00:00,1,16,0.9963787794113159,2,2026-02-03 22:00:00+00:00,True,False
2026-02-04 18:00:00+00:00,2026-02-05 11:00:00+00:00,2026-02-05 16:00:00,1,17,0.9943606654802958,2,2026-02-03 23:00:00+00:00,True,False
2026-02-04 18:00:00+00:00,2026-02-05 12:00:00+00:00,2026-02-05 17:00:00,1,18,0.9796876708666483,2,2026-02-04 00:00:00+00:00,True,False
2026-02-04 18:00:00+00:00,2026-02-05 13:00:00+00:00,2026-02-05 18:00:00,1,19,0.9587656855583191,2,2026-02-04 01:00:00+00:00,True,False
2026-02-04 18:00:00+00:00,2026-02-05 14:00:00+00:00,2026-02-05 19:00:00,1,20,0.9076573053995768,2,2026-02-04 02:00:00+00:00,True,False
2026-02-04 18:00:00+00:00,2026-02-05 15:00:00+00:00,2026-02-05 20:00:00,1,21,0.8338358004887899,2,2026-02-04 03:00:00+00:00,True,False
2026-02-04 18:00:00+00:00,2026-02-05 16:00:00+00:00,2026-02-05 21:00:00,1,22,0.7981786926587423,2,2026-02-04 04:00:00+00:00,True,False
2026-02-04 18:00:00+00:00,2026-02-05 17:00:00+00:00,2026-02-05 22:00:00,1,23,0.6673659682273865,2,2026-02-04 05:00:00+00:00,True,False
2026-02-04 18:00:00+00:00,2026-02-05 18:00:00+00:00,2026-02-05 23:00:00,1,24,0.6034793257713318,2,2026-02-04 06:00:00+00:00,True,False
2026-02-04 18:00:00+00:00,2026-02-05 19:00:00+00:00,2026-02-06 00:00:00,1,25,0.5247436761856079,2,2026-02-04 07:00:00+00:00,True,False
2026-02-04 18:00:00+00:00,2026-02-05 20:00:00+00:00,2026-02-06 01:00:00,1,26,0.4519152144591014,2,2026-02-04 08:00:00+00:00,True,False
2026-02-04 18:00:00+00:00,2026-02-05 21:00:00+00:00,2026-02-06 02:00:00,1,27,0.4074188570181529,2,2026-02-04 09:00:00+00:00,True,False
2026-02-04 18:00:00+00:00,2026-02-05 22:00:00+00:00,2026-02-06 03:00:00,1,28,0.3523666361967723,2,2026-02-04 10:00:00+00:00,True,False
2026-02-04 18:00:00+00:00,2026-02-05 23:00:00+00:00,2026-02-06 04:00:00,1,29,0.2684135188659032,2,2026-02-04 11:00:00+00:00,True,False
2026-02-04 18:00:00+00:00,2026-02-06 00:00:00+00:00,2026-02-06 05:00:00,1,30,0.08425738041599591,2,2026-02-04 12:00:00+00:00,True,False
2026-02-04 18:00:00+00:00,2026-02-06 01:00:00+00:00,2026-02-06 06:00:00,1,31,0.02067415261020263,2,2026-02-04 13:00:00+00:00,True,False
2026-02-04 18:00:00+00:00,2026-02-06 02:00:00+00:00,2026-02-06 07:00:00,1,32,0.043997228145599365,2,2026-02-04 14:00:00+00:00,True,False
2026-02-04 18:00:00+00:00,2026-02-06 03:00:00+00:00,2026-02-06 08:00:00,1,33,0.05795878358185291,2,2026-02-04 15:00:00+00:00,True,False
2026-02-04 18:00:00+00:00,2026-02-06 04:00:00+00:00,2026-02-06 09:00:00,1,34,0.062317113081614174,2,2026-02-04 16:00:00+00:00,True,False
2026-02-04 18:00:00+00:00,2026-02-06 05:00:00+00:00,2026-02-06 10:00:00,1,35,0.09868233650922775,2,2026-02-04 17:00:00+00:00,True,False
2026-02-04 18:00:00+00:00,2026-02-06 06:00:00+00:00,2026-02-06 11:00:00,1,36,0.5080633461475372,2,2026-02-04 18:00:00+00:00,True,False
2026-02-04 18:00:00+00:00,2026-02-06 07:00:00+00:00,2026-02-06 12:00:00,1,37,0.6304735938707987,3,2026-02-03 19:00:00+00:00,True,False
2026-02-04 18:00:00+00:00,2026-02-06 08:00:00+00:00,2026-02-06 13:00:00,1,38,0.9386405944824219,3,2026-02-03 20:00:00+00:00,True,False
2026-02-04 18:00:00+00:00,2026-02-06 09:00:00+00:00,2026-02-06 14:00:00,1,39,0.9816299279530843,3,2026-02-03 21:00:00+00:00,True,False
2026-02-04 18:00:00+00:00,2026-02-06 10:00:00+00:00,2026-02-06 15:00:00,1,40,0.9857419729232788,3,2026-02-03 22:00:00+00:00,True,False
2026-02-04 18:00:00+00:00,2026-02-06 11:00:00+00:00,2026-02-06 16:00:00,1,41,0.9788571000099182,3,2026-02-03 23:00:00+00:00,True,False
2026-02-04 18:00:00+00:00,2026-02-06 12:00:00+00:00,2026-02-06 17:00:00,1,42,0.9931036035219828,3,2026-02-04 00:00:00+00:00,True,False
2026-02-04 18:00:00+00:00,2026-02-06 13:00:00+00:00,2026-02-06 18:00:00,1,43,0.9946561058362325,3,2026-02-04 01:00:00+00:00,True,False
2026-02-04 18:00:00+00:00,2026-02-06 14:00:00+00:00,2026-02-06 19:00:00,1,44,0.9939377506573995,3,2026-02-04 02:00:00+00:00,True,False
2026-02-04 18:00:00+00:00,2026-02-06 15:00:00+00:00,2026-02-06 20:00:00,1,45,0.9919854203859965,3,2026-02-04 03:00:00+00:00,True,False
2026-02-04 18:00:00+00:00,2026-02-06 16:00:00+00:00,2026-02-06 21:00:00,1,46,0.9844290018081665,3,2026-02-04 04:00:00+00:00,True,False
2026-02-04 18:00:00+00:00,2026-02-06 17:00:00+00:00,2026-02-06 22:00:00,1,47,0.9681657552719116,3,2026-02-04 05:00:00+00:00,True,False
2026-02-04 18:00:00+00:00,2026-02-06 18:00:00+00:00,2026-02-06 23:00:00,1,48,0.8417659004529318,3,2026-02-04 06:00:00+00:00,True,False
2026-02-04 18:00:00+00:00,2026-02-04 19:00:00+00:00,2026-02-05 00:00:00,2,1,0.8663758834203085,1,2026-02-04 07:00:00+00:00,True,False
2026-02-04 18:00:00+00:00,2026-02-04 20:00:00+00:00,2026-02-05 01:00:00,2,2,0.9317328333854675,1,2026-02-04 08:00:00+00:00,True,False
2026-02-04 18:00:00+00:00,2026-02-04 21:00:00+00:00,2026-02-05 02:00:00,2,3,0.9525143504142761,1,2026-02-04 09:00:00+00:00,True,False
2026-02-04 18:00:00+00:00,2026-02-04 22:00:00+00:00,2026-02-05 03:00:00,2,4,0.9635213216145834,1,2026-02-04 10:00:00+00:00,True,False
2026-02-04 18:00:00+00:00,2026-02-04 23:00:00+00:00,2026-02-05 04:00:00,2,5,0.9746578931808472,1,2026-02-04 11:00:00+00:00,True,False
2026-02-04 18:00:00+00:00,2026-02-05 00:00:00+00:00,2026-02-05 05:00:00,2,6,0.9891148010889689,1,2026-02-04 12:00:00+00:00,True,False
2026-02-04 18:00:00+00:00,2026-02-05 01:00:00+00:00,2026-02-05 06:00:00,2,7,0.9939375917116801,1,2026-02-04 13:00:00+00:00,True,False
2026-02-04 18:00:00+00:00,2026-02-05 02:00:00+00:00,2026-02-05 07:00:00,2,8,0.9954530398050944,1,2026-02-04 14:00:00+00:00,True,False
2026-02-04 18:00:00+00:00,2026-02-05 03:00:00+00:00,2026-02-05 08:00:00,2,9,0.995900551478068,1,2026-02-04 15:00:00+00:00,True,False
2026-02-04 18:00:00+00:00,2026-02-05 04:00:00+00:00,2026-02-05 09:00:00,2,10,0.9961374600728353,1,2026-02-04 16:00:00+00:00,True,False
2026-02-04 18:00:00+00:00,2026-02-05 05:00:00+00:00,2026-02-05 10:00:00,2,11,0.995003342628479,1,2026-02-04 17:00:00+00:00,True,False
2026-02-04 18:00:00+00:00,2026-02-05 06:00:00+00:00,2026-02-05 11:00:00,2,12,0.9965941905975342,1,2026-02-04 18:00:00+00:00,True,False
2026-02-04 18:00:00+00:00,2026-02-05 07:00:00+00:00,2026-02-05 12:00:00,2,13,0.9975977142651876,2,2026-02-03 19:00:00+00:00,True,False
2026-02-04 18:00:00+00:00,2026-02-05 08:00:00+00:00,2026-02-05 13:00:00,2,14,0.9973076184590658,2,2026-02-03 20:00:00+00:00,True,False
2026-02-04 18:00:00+00:00,2026-02-05 09:00:00+00:00,2026-02-05 14:00:00,2,15,0.9970188538233439,2,2026-02-03 21:00:00+00:00,True,False
2026-02-04 18:00:00+00:00,2026-02-05 10:00:00+00:00,2026-02-05 15:00:00,2,16,0.9959571957588196,2,2026-02-03 22:00:00+00:00,True,False
2026-02-04 18:00:00+00:00,2026-02-05 11:00:00+00:00,2026-02-05 16:00:00,2,17,0.9939696590105692,2,2026-02-03 23:00:00+00:00,True,False
2026-02-04 18:00:00+00:00,2026-02-05 12:00:00+00:00,2026-02-05 17:00:00,2,18,0.9786178668340048,2,2026-02-04 00:00:00+00:00,True,False
2026-02-04 18:00:00+00:00,2026-02-05 13:00:00+00:00,2026-02-05 18:00:00,2,19,0.9577225645383199,2,2026-02-04 01:00:00+00:00,True,False
2026-02-04 18:00:00+00:00,2026-02-05 14:00:00+00:00,2026-02-05 19:00:00,2,20,0.9063536524772644,2,2026-02-04 02:00:00+00:00,True,False
2026-02-04 18:00:00+00:00,2026-02-05 15:00:00+00:00,2026-02-05 20:00:00,2,21,0.8369862834612528,2,2026-02-04 03:00:00+00:00,True,False
2026-02-04 18:00:00+00:00,2026-02-05 16:00:00+00:00,2026-02-05 21:00:00,2,22,0.7853875954945883,2,2026-02-04 04:00:00+00:00,True,False
2026-02-04 18:00:00+00:00,2026-02-05 17:00:00+00:00,2026-02-05 22:00:00,2,23,0.6377015113830566,2,2026-02-04 05:00:00+00:00,True,False
2026-02-04 18:00:00+00:00,2026-02-05 18:00:00+00:00,2026-02-05 23:00:00,2,24,0.5581101973851522,2,2026-02-04 06:00:00+00:00,True,False
2026-02-04 18:00:00+00:00,2026-02-05 19:00:00+00:00,2026-02-06 00:00:00,2,25,0.46387295921643573,2,2026-02-04 07:00:00+00:00,True,False
2026-02-04 18:00:00+00:00,2026-02-05 20:00:00+00:00,2026-02-06 01:00:00,2,26,0.38319264849026996,2,2026-02-04 08:00:00+00:00,True,False
2026-02-04 18:00:00+00:00,2026-02-05 21:00:00+00:00,2026-02-06 02:00:00,2,27,0.33971068263053894,2,2026-02-04 09:00:00+00:00,True,False
2026-02-04 18:00:00+00:00,2026-02-05 22:00:00+00:00,2026-02-06 03:00:00,2,28,0.2884366164604823,2,2026-02-04 10:00:00+00:00,True,False
2026-02-04 18:00:00+00:00,2026-02-05 23:00:00+00:00,2026-02-06 04:00:00,2,29,0.21510735154151917,2,2026-02-04 11:00:00+00:00,True,False
2026-02-04 18:00:00+00:00,2026-02-06 00:00:00+00:00,2026-02-06 05:00:00,2,30,0.07397018124659856,2,2026-02-04 12:00:00+00:00,True,False
2026-02-04 18:00:00+00:00,2026-02-06 01:00:00+00:00,2026-02-06 06:00:00,2,31,0.018887854802111786,2,2026-02-04 13:00:00+00:00,True,False
2026-02-04 18:00:00+00:00,2026-02-06 02:00:00+00:00,2026-02-06 07:00:00,2,32,0.04121267112592856,2,2026-02-04 14:00:00+00:00,True,False
2026-02-04 18:00:00+00:00,2026-02-06 03:00:00+00:00,2026-02-06 08:00:00,2,33,0.05928982483843962,2,2026-02-04 15:00:00+00:00,True,False
2026-02-04 18:00:00+00:00,2026-02-06 04:00:00+00:00,2026-02-06 09:00:00,2,34,0.06132657205065092,2,2026-02-04 16:00:00+00:00,True,False
2026-02-04 18:00:00+00:00,2026-02-06 05:00:00+00:00,2026-02-06 10:00:00,2,35,0.09572309752305348,2,2026-02-04 17:00:00+00:00,True,False
2026-02-04 18:00:00+00:00,2026-02-06 06:00:00+00:00,2026-02-06 11:00:00,2,36,0.5219419002532959,2,2026-02-04 18:00:00+00:00,True,False
2026-02-04 18:00:00+00:00,2026-02-06 07:00:00+00:00,2026-02-06 12:00:00,2,37,0.6659151514371237,3,2026-02-03 19:00:00+00:00,True,False
2026-02-04 18:00:00+00:00,2026-02-06 08:00:00+00:00,2026-02-06 13:00:00,2,38,0.9443013072013855,3,2026-02-03 20:00:00+00:00,True,False
2026-02-04 18:00:00+00:00,2026-02-06 09:00:00+00:00,2026-02-06 14:00:00,2,39,0.9819645285606384,3,2026-02-03 21:00:00+00:00,True,False
2026-02-04 18:00:00+00:00,2026-02-06 10:00:00+00:00,2026-02-06 15:00:00,2,40,0.9856517712275187,3,2026-02-03 22:00:00+00:00,True,False
2026-02-04 18:00:00+00:00,2026-02-06 11:00:00+00:00,2026-02-06 16:00:00,2,41,0.978444516658783,3,2026-02-03 23:00:00+00:00,True,False
2026-02-04 18:00:00+00:00,2026-02-06 12:00:00+00:00,2026-02-06 17:00:00,2,42,0.9931368629137675,3,2026-02-04 00:00:00+00:00,True,False
2026-02-04 18:00:00+00:00,2026-02-06 13:00:00+00:00,2026-02-06 18:00:00,2,43,0.9947779774665833,3,2026-02-04 01:00:00+00:00,True,False
2026-02-04 18:00:00+00:00,2026-02-06 14:00:00+00:00,2026-02-06 19:00:00,2,44,0.9938840667406718,3,2026-02-04 02:00:00+00:00,True,False
2026-02-04 18:00:00+00:00,2026-02-06 15:00:00+00:00,2026-02-06 20:00:00,2,45,0.9919268488883972,3,2026-02-04 03:00:00+00:00,True,False
2026-02-04 18:00:00+00:00,2026-02-06 16:00:00+00:00,2026-02-06 21:00:00,2,46,0.9843368927637736,3,2026-02-04 04:00:00+00:00,True,False
2026-02-04 18:00:00+00:00,2026-02-06 17:00:00+00:00,2026-02-06 22:00:00,2,47,0.9670161008834839,3,2026-02-04 05:00:00+00:00,True,False
2026-02-04 18:00:00+00:00,2026-02-06 18:00:00+00:00,2026-02-06 23:00:00,2,48,0.8477851152420044,3,2026-02-04 06:00:00+00:00,True,False
2026-02-05 18:00:00+00:00,2026-02-05 19:00:00+00:00,2026-02-06 00:00:00,1,1,0.6252268751462301,1,2026-02-05 07:00:00+00:00,True,False
2026-02-05 18:00:00+00:00,2026-02-05 20:00:00+00:00,2026-02-06 01:00:00,1,2,0.5640290776888529,1,2026-02-05 08:00:00+00:00,True,False
2026-02-05 18:00:00+00:00,2026-02-05 21:00:00+00:00,2026-02-06 02:00:00,1,3,0.5089425345261892,1,2026-02-05 09:00:00+00:00,True,False
2026-02-05 18:00:00+00:00,2026-02-05 22:00:00+00:00,2026-02-06 03:00:00,1,4,0.4725269575913747,1,2026-02-05 10:00:00+00:00,True,False
2026-02-05 18:00:00+00:00,2026-02-05 23:00:00+00:00,2026-02-06 04:00:00,1,5,0.3720983664194743,1,2026-02-05 11:00:00+00:00,True,False
2026-02-05 18:00:00+00:00,2026-02-06 00:00:00+00:00,2026-02-06 05:00:00,1,6,0.06454821676015854,1,2026-02-05 12:00:00+00:00,True,False
2026-02-05 18:00:00+00:00,2026-02-06 01:00:00+00:00,2026-02-06 06:00:00,1,7,0.025787591313322384,1,2026-02-05 13:00:00+00:00,True,False
2026-02-05 18:00:00+00:00,2026-02-06 02:00:00+00:00,2026-02-06 07:00:00,1,8,0.017159537101785343,1,2026-02-05 14:00:00+00:00,True,False
2026-02-05 18:00:00+00:00,2026-02-06 03:00:00+00:00,2026-02-06 08:00:00,1,9,0.027127570162216823,1,2026-02-05 15:00:00+00:00,True,False
2026-02-05 18:00:00+00:00,2026-02-06 04:00:00+00:00,2026-02-06 09:00:00,1,10,0.02446519335110982,1,2026-02-05 16:00:00+00:00,True,False
2026-02-05 18:00:00+00:00,2026-02-06 05:00:00+00:00,2026-02-06 10:00:00,1,11,0.0409945889065663,1,2026-02-05 17:00:00+00:00,True,False
2026-02-05 18:00:00+00:00,2026-02-06 06:00:00+00:00,2026-02-06 11:00:00,1,12,0.38050063451131183,1,2026-02-05 18:00:00+00:00,True,False
2026-02-05 18:00:00+00:00,2026-02-06 07:00:00+00:00,2026-02-06 12:00:00,1,13,0.6210400462150574,2,2026-02-04 19:00:00+00:00,True,False
2026-02-05 18:00:00+00:00,2026-02-06 08:00:00+00:00,2026-02-06 13:00:00,1,14,0.9084676305452982,2,2026-02-04 20:00:00+00:00,True,False
2026-02-05 18:00:00+00:00,2026-02-06 09:00:00+00:00,2026-02-06 14:00:00,1,15,0.9778997103373209,2,2026-02-04 21:00:00+00:00,True,False
2026-02-05 18:00:00+00:00,2026-02-06 10:00:00+00:00,2026-02-06 15:00:00,1,16,0.9853665033976237,2,2026-02-04 22:00:00+00:00,True,False
2026-02-05 18:00:00+00:00,2026-02-06 11:00:00+00:00,2026-02-06 16:00:00,1,17,0.9871984521547953,2,2026-02-04 23:00:00+00:00,True,False
2026-02-05 18:00:00+00:00,2026-02-06 12:00:00+00:00,2026-02-06 17:00:00,1,18,0.9881972273190817,2,2026-02-05 00:00:00+00:00,True,False
2026-02-05 18:00:00+00:00,2026-02-06 13:00:00+00:00,2026-02-06 18:00:00,1,19,0.9875261386235555,2,2026-02-05 01:00:00+00:00,True,False
2026-02-05 18:00:00+00:00,2026-02-06 14:00:00+00:00,2026-02-06 19:00:00,1,20,0.979686955610911,2,2026-02-05 02:00:00+00:00,True,False
2026-02-05 18:00:00+00:00,2026-02-06 15:00:00+00:00,2026-02-06 20:00:00,1,21,0.9769754012425741,2,2026-02-05 03:00:00+00:00,True,False
2026-02-05 18:00:00+00:00,2026-02-06 16:00:00+00:00,2026-02-06 21:00:00,1,22,0.9692042271296183,2,2026-02-05 04:00:00+00:00,True,False
2026-02-05 18:00:00+00:00,2026-02-06 17:00:00+00:00,2026-02-06 22:00:00,1,23,0.9688046971956888,2,2026-02-05 05:00:00+00:00,True,False
2026-02-05 18:00:00+00:00,2026-02-06 18:00:00+00:00,2026-02-06 23:00:00,1,24,0.9140120546023051,2,2026-02-05 06:00:00+00:00,True,False
2026-02-05 18:00:00+00:00,2026-02-06 19:00:00+00:00,2026-02-07 00:00:00,1,25,0.8857391476631165,2,2026-02-05 07:00:00+00:00,True,False
2026-02-05 18:00:00+00:00,2026-02-06 20:00:00+00:00,2026-02-07 01:00:00,1,26,0.7823920249938965,2,2026-02-05 08:00:00+00:00,True,False
2026-02-05 18:00:00+00:00,2026-02-06 21:00:00+00:00,2026-02-07 02:00:00,1,27,0.6282609502474467,2,2026-02-05 09:00:00+00:00,True,False
2026-02-05 18:00:00+00:00,2026-02-06 22:00:00+00:00,2026-02-07 03:00:00,1,28,0.3914249340693156,2,2026-02-05 10:00:00+00:00,True,False
2026-02-05 18:00:00+00:00,2026-02-06 23:00:00+00:00,2026-02-07 04:00:00,1,29,0.2693544179201126,2,2026-02-05 11:00:00+00:00,True,False
2026-02-05 18:00:00+00:00,2026-02-07 00:00:00+00:00,2026-02-07 05:00:00,1,30,0.19675063590208688,2,2026-02-05 12:00:00+00:00,True,False
2026-02-05 18:00:00+00:00,2026-02-07 01:00:00+00:00,2026-02-07 06:00:00,1,31,0.07684631024797757,2,2026-02-05 13:00:00+00:00,True,False
2026-02-05 18:00:00+00:00,2026-02-07 02:00:00+00:00,2026-02-07 07:00:00,1,32,0.02662457898259163,2,2026-02-05 14:00:00+00:00,True,False
2026-02-05 18:00:00+00:00,2026-02-07 03:00:00+00:00,2026-02-07 08:00:00,1,33,0.017693862629433472,2,2026-02-05 15:00:00+00:00,True,False
2026-02-05 18:00:00+00:00,2026-02-07 04:00:00+00:00,2026-02-07 09:00:00,1,34,0.035280402128895126,2,2026-02-05 16:00:00+00:00,True,False
2026-02-05 18:00:00+00:00,2026-02-07 05:00:00+00:00,2026-02-07 10:00:00,1,35,0.05799777805805206,2,2026-02-05 17:00:00+00:00,True,False
2026-02-05 18:00:00+00:00,2026-02-07 06:00:00+00:00,2026-02-07 11:00:00,1,36,0.13795104126135507,2,2026-02-05 18:00:00+00:00,True,False
2026-02-05 18:00:00+00:00,2026-02-07 07:00:00+00:00,2026-02-07 12:00:00,1,37,0.218365748723348,3,2026-02-04 19:00:00+00:00,True,False
2026-02-05 18:00:00+00:00,2026-02-07 08:00:00+00:00,2026-02-07 13:00:00,1,38,0.2902875940004985,3,2026-02-04 20:00:00+00:00,True,False
2026-02-05 18:00:00+00:00,2026-02-07 09:00:00+00:00,2026-02-07 14:00:00,1,39,0.3960276742776235,3,2026-02-04 21:00:00+00:00,True,False
2026-02-05 18:00:00+00:00,2026-02-07 10:00:00+00:00,2026-02-07 15:00:00,1,40,0.2377679099639257,3,2026-02-04 22:00:00+00:00,True,False
2026-02-05 18:00:00+00:00,2026-02-07 11:00:00+00:00,2026-02-07 16:00:00,1,41,0.09868402034044266,3,2026-02-04 23:00:00+00:00,True,False
2026-02-05 18:00:00+00:00,2026-02-07 12:00:00+00:00,2026-02-07 17:00:00,1,42,0.12715011090040207,3,2026-02-05 00:00:00+00:00,True,False
2026-02-05 18:00:00+00:00,2026-02-07 13:00:00+00:00,2026-02-07 18:00:00,1,43,0.052889627714951835,3,2026-02-05 01:00:00+00:00,True,False
2026-02-05 18:00:00+00:00,2026-02-07 14:00:00+00:00,2026-02-07 19:00:00,1,44,0.1378472646077474,3,2026-02-05 02:00:00+00:00,True,False
2026-02-05 18:00:00+00:00,2026-02-07 15:00:00+00:00,2026-02-07 20:00:00,1,45,0.33483123779296875,3,2026-02-05 03:00:00+00:00,True,False
2026-02-05 18:00:00+00:00,2026-02-07 16:00:00+00:00,2026-02-07 21:00:00,1,46,0.5881773233413696,3,2026-02-05 04:00:00+00:00,True,False
2026-02-05 18:00:00+00:00,2026-02-07 17:00:00+00:00,2026-02-07 22:00:00,1,47,0.6359686652819315,3,2026-02-05 05:00:00+00:00,True,False
2026-02-05 18:00:00+00:00,2026-02-07 18:00:00+00:00,2026-02-07 23:00:00,1,48,0.3140596350034078,3,2026-02-05 06:00:00+00:00,True,False
2026-02-05 18:00:00+00:00,2026-02-05 19:00:00+00:00,2026-02-06 00:00:00,2,1,0.5470405618349711,1,2026-02-05 07:00:00+00:00,True,False
2026-02-05 18:00:00+00:00,2026-02-05 20:00:00+00:00,2026-02-06 01:00:00,2,2,0.47621995210647583,1,2026-02-05 08:00:00+00:00,True,False
2026-02-05 18:00:00+00:00,2026-02-05 21:00:00+00:00,2026-02-06 02:00:00,2,3,0.408802588780721,1,2026-02-05 09:00:00+00:00,True,False
2026-02-05 18:00:00+00:00,2026-02-05 22:00:00+00:00,2026-02-06 03:00:00,2,4,0.38188184301058453,1,2026-02-05 10:00:00+00:00,True,False
2026-02-05 18:00:00+00:00,2026-02-05 23:00:00+00:00,2026-02-06 04:00:00,2,5,0.2951350659132004,1,2026-02-05 11:00:00+00:00,True,False
2026-02-05 18:00:00+00:00,2026-02-06 00:00:00+00:00,2026-02-06 05:00:00,2,6,0.06312658761938413,1,2026-02-05 12:00:00+00:00,True,False
2026-02-05 18:00:00+00:00,2026-02-06 01:00:00+00:00,2026-02-06 06:00:00,2,7,0.025948585321505863,1,2026-02-05 13:00:00+00:00,True,False
2026-02-05 18:00:00+00:00,2026-02-06 02:00:00+00:00,2026-02-06 07:00:00,2,8,0.01632363659640153,1,2026-02-05 14:00:00+00:00,True,False
2026-02-05 18:00:00+00:00,2026-02-06 03:00:00+00:00,2026-02-06 08:00:00,2,9,0.025519360477725666,1,2026-02-05 15:00:00+00:00,True,False
2026-02-05 18:00:00+00:00,2026-02-06 04:00:00+00:00,2026-02-06 09:00:00,2,10,0.024062085896730423,1,2026-02-05 16:00:00+00:00,True,False
2026-02-05 18:00:00+00:00,2026-02-06 05:00:00+00:00,2026-02-06 10:00:00,2,11,0.03898933840294679,1,2026-02-05 17:00:00+00:00,True,False
2026-02-05 18:00:00+00:00,2026-02-06 06:00:00+00:00,2026-02-06 11:00:00,2,12,0.41323018074035645,1,2026-02-05 18:00:00+00:00,True,False
2026-02-05 18:00:00+00:00,2026-02-06 07:00:00+00:00,2026-02-06 12:00:00,2,13,0.6714070439338684,2,2026-02-04 19:00:00+00:00,True,False
2026-02-05 18:00:00+00:00,2026-02-06 08:00:00+00:00,2026-02-06 13:00:00,2,14,0.9207160671552023,2,2026-02-04 20:00:00+00:00,True,False
2026-02-05 18:00:00+00:00,2026-02-06 09:00:00+00:00,2026-02-06 14:00:00,2,15,0.9769794742266337,2,2026-02-04 21:00:00+00:00,True,False
2026-02-05 18:00:00+00:00,2026-02-06 10:00:00+00:00,2026-02-06 15:00:00,2,16,0.9838886658350626,2,2026-02-04 22:00:00+00:00,True,False
2026-02-05 18:00:00+00:00,2026-02-06 11:00:00+00:00,2026-02-06 16:00:00,2,17,0.9867169260978699,2,2026-02-04 23:00:00+00:00,True,False
2026-02-05 18:00:00+00:00,2026-02-06 12:00:00+00:00,2026-02-06 17:00:00,2,18,0.9877152244249979,2,2026-02-05 00:00:00+00:00,True,False
2026-02-05 18:00:00+00:00,2026-02-06 13:00:00+00:00,2026-02-06 18:00:00,2,19,0.9869595964749655,2,2026-02-05 01:00:00+00:00,True,False
2026-02-05 18:00:00+00:00,2026-02-06 14:00:00+00:00,2026-02-06 19:00:00,2,20,0.9785507718722025,2,2026-02-05 02:00:00+00:00,True,False
2026-02-05 18:00:00+00:00,2026-02-06 15:00:00+00:00,2026-02-06 20:00:00,2,21,0.9755997459093729,2,2026-02-05 03:00:00+00:00,True,False
2026-02-05 18:00:00+00:00,2026-02-06 16:00:00+00:00,2026-02-06 21:00:00,2,22,0.9671897689501444,2,2026-02-05 04:00:00+00:00,True,False
2026-02-05 18:00:00+00:00,2026-02-06 17:00:00+00:00,2026-02-06 22:00:00,2,23,0.9666667977968851,2,2026-02-05 05:00:00+00:00,True,False
2026-02-05 18:00:00+00:00,2026-02-06 18:00:00+00:00,2026-02-06 23:00:00,2,24,0.9016345342000326,2,2026-02-05 06:00:00+00:00,True,False
2026-02-05 18:00:00+00:00,2026-02-06 19:00:00+00:00,2026-02-07 00:00:00,2,25,0.8703563412030538,2,2026-02-05 07:00:00+00:00,True,False
2026-02-05 18:00:00+00:00,2026-02-06 20:00:00+00:00,2026-02-07 01:00:00,2,26,0.7592683831850687,2,2026-02-05 08:00:00+00:00,True,False
2026-02-05 18:00:00+00:00,2026-02-06 21:00:00+00:00,2026-02-07 02:00:00,2,27,0.620931069056193,2,2026-02-05 09:00:00+00:00,True,False
2026-02-05 18:00:00+00:00,2026-02-06 22:00:00+00:00,2026-02-07 03:00:00,2,28,0.40058284004529315,2,2026-02-05 10:00:00+00:00,True,False
2026-02-05 18:00:00+00:00,2026-02-06 23:00:00+00:00,2026-02-07 04:00:00,2,29,0.26736292739709216,2,2026-02-05 11:00:00+00:00,True,False
2026-02-05 18:00:00+00:00,2026-02-07 00:00:00+00:00,2026-02-07 05:00:00,2,30,0.18309603134791055,2,2026-02-05 12:00:00+00:00,True,False
2026-02-05 18:00:00+00:00,2026-02-07 01:00:00+00:00,2026-02-07 06:00:00,2,31,0.0682382807135582,2,2026-02-05 13:00:00+00:00,True,False
2026-02-05 18:00:00+00:00,2026-02-07 02:00:00+00:00,2026-02-07 07:00:00,2,32,0.02543955110013485,2,2026-02-05 14:00:00+00:00,True,False
2026-02-05 18:00:00+00:00,2026-02-07 03:00:00+00:00,2026-02-07 08:00:00,2,33,0.01641039519260327,2,2026-02-05 15:00:00+00:00,True,False
2026-02-05 18:00:00+00:00,2026-02-07 04:00:00+00:00,2026-02-07 09:00:00,2,34,0.031053651124238968,2,2026-02-05 16:00:00+00:00,True,False
2026-02-05 18:00:00+00:00,2026-02-07 05:00:00+00:00,2026-02-07 10:00:00,2,35,0.05908572922150294,2,2026-02-05 17:00:00+00:00,True,False
2026-02-05 18:00:00+00:00,2026-02-07 06:00:00+00:00,2026-02-07 11:00:00,2,36,0.14328246812025705,2,2026-02-05 18:00:00+00:00,True,False
2026-02-05 18:00:00+00:00,2026-02-07 07:00:00+00:00,2026-02-07 12:00:00,2,37,0.2325026492277781,3,2026-02-04 19:00:00+00:00,True,False
2026-02-05 18:00:00+00:00,2026-02-07 08:00:00+00:00,2026-02-07 13:00:00,2,38,0.2838345368703206,3,2026-02-04 20:00:00+00:00,True,False
2026-02-05 18:00:00+00:00,2026-02-07 09:00:00+00:00,2026-02-07 14:00:00,2,39,0.3770556151866913,3,2026-02-04 21:00:00+00:00,True,False
2026-02-05 18:00:00+00:00,2026-02-07 10:00:00+00:00,2026-02-07 15:00:00,2,40,0.21424224972724915,3,2026-02-04 22:00:00+00:00,True,False
2026-02-05 18:00:00+00:00,2026-02-07 11:00:00+00:00,2026-02-07 16:00:00,2,41,0.08558536320924759,3,2026-02-04 23:00:00+00:00,True,False
2026-02-05 18:00:00+00:00,2026-02-07 12:00:00+00:00,2026-02-07 17:00:00,2,42,0.11023280769586563,3,2026-02-05 00:00:00+00:00,True,False
2026-02-05 18:00:00+00:00,2026-02-07 13:00:00+00:00,2026-02-07 18:00:00,2,43,0.050836087514956795,3,2026-02-05 01:00:00+00:00,True,False
2026-02-05 18:00:00+00:00,2026-02-07 14:00:00+00:00,2026-02-07 19:00:00,2,44,0.12718959152698517,3,2026-02-05 02:00:00+00:00,True,False
2026-02-05 18:00:00+00:00,2026-02-07 15:00:00+00:00,2026-02-07 20:00:00,2,45,0.3651138146718343,3,2026-02-05 03:00:00+00:00,True,False
2026-02-05 18:00:00+00:00,2026-02-07 16:00:00+00:00,2026-02-07 21:00:00,2,46,0.6038981080055237,3,2026-02-05 04:00:00+00:00,True,False
2026-02-05 18:00:00+00:00,2026-02-07 17:00:00+00:00,2026-02-07 22:00:00,2,47,0.6555873155593872,3,2026-02-05 05:00:00+00:00,True,False
2026-02-05 18:00:00+00:00,2026-02-07 18:00:00+00:00,2026-02-07 23:00:00,2,48,0.30671154459317523,3,2026-02-05 06:00:00+00:00,True,False
2026-02-06 18:00:00+00:00,2026-02-06 19:00:00+00:00,2026-02-07 00:00:00,1,1,0.9581819574038187,1,2026-02-06 07:00:00+00:00,True,False
2026-02-06 18:00:00+00:00,2026-02-06 20:00:00+00:00,2026-02-07 01:00:00,1,2,0.9051675200462341,1,2026-02-06 08:00:00+00:00,True,False
2026-02-06 18:00:00+00:00,2026-02-06 21:00:00+00:00,2026-02-07 02:00:00,1,3,0.745049794514974,1,2026-02-06 09:00:00+00:00,True,False
2026-02-06 18:00:00+00:00,2026-02-06 22:00:00+00:00,2026-02-07 03:00:00,1,4,0.5306446750958761,1,2026-02-06 10:00:00+00:00,True,False
2026-02-06 18:00:00+00:00,2026-02-06 23:00:00+00:00,2026-02-07 04:00:00,1,5,0.41205015778541565,1,2026-02-06 11:00:00+00:00,True,False
2026-02-06 18:00:00+00:00,2026-02-07 00:00:00+00:00,2026-02-07 05:00:00,1,6,0.15608048687378565,1,2026-02-06 12:00:00+00:00,True,False
2026-02-06 18:00:00+00:00,2026-02-07 01:00:00+00:00,2026-02-07 06:00:00,1,7,0.0692898506919543,1,2026-02-06 13:00:00+00:00,True,False
2026-02-06 18:00:00+00:00,2026-02-07 02:00:00+00:00,2026-02-07 07:00:00,1,8,0.023331264033913612,1,2026-02-06 14:00:00+00:00,True,False
2026-02-06 18:00:00+00:00,2026-02-07 03:00:00+00:00,2026-02-07 08:00:00,1,9,0.009855782457937797,1,2026-02-06 15:00:00+00:00,True,False
2026-02-06 18:00:00+00:00,2026-02-07 04:00:00+00:00,2026-02-07 09:00:00,1,10,0.020216792201002438,1,2026-02-06 16:00:00+00:00,True,False
2026-02-06 18:00:00+00:00,2026-02-07 05:00:00+00:00,2026-02-07 10:00:00,1,11,0.07789563139279683,1,2026-02-06 17:00:00+00:00,True,False
2026-02-06 18:00:00+00:00,2026-02-07 06:00:00+00:00,2026-02-07 11:00:00,1,12,0.10005380461613338,1,2026-02-06 18:00:00+00:00,True,False
2026-02-06 18:00:00+00:00,2026-02-07 07:00:00+00:00,2026-02-07 12:00:00,1,13,0.16460339725017548,2,2026-02-05 19:00:00+00:00,True,False
2026-02-06 18:00:00+00:00,2026-02-07 08:00:00+00:00,2026-02-07 13:00:00,1,14,0.18333251774311066,2,2026-02-05 20:00:00+00:00,True,False
2026-02-06 18:00:00+00:00,2026-02-07 09:00:00+00:00,2026-02-07 14:00:00,1,15,0.1318891098101934,2,2026-02-05 21:00:00+00:00,True,False
2026-02-06 18:00:00+00:00,2026-02-07 10:00:00+00:00,2026-02-07 15:00:00,1,16,0.08157945175965627,2,2026-02-05 22:00:00+00:00,True,False
2026-02-06 18:00:00+00:00,2026-02-07 11:00:00+00:00,2026-02-07 16:00:00,1,17,0.07313322151700656,2,2026-02-05 23:00:00+00:00,True,False
2026-02-06 18:00:00+00:00,2026-02-07 12:00:00+00:00,2026-02-07 17:00:00,1,18,0.03336838074028492,2,2026-02-06 00:00:00+00:00,True,False
2026-02-06 18:00:00+00:00,2026-02-07 13:00:00+00:00,2026-02-07 18:00:00,1,19,0.05800343801577886,2,2026-02-06 01:00:00+00:00,True,False
2026-02-06 18:00:00+00:00,2026-02-07 14:00:00+00:00,2026-02-07 19:00:00,1,20,0.25572246809800464,2,2026-02-06 02:00:00+00:00,True,False
2026-02-06 18:00:00+00:00,2026-02-07 15:00:00+00:00,2026-02-07 20:00:00,1,21,0.5963269273440043,2,2026-02-06 03:00:00+00:00,True,False
2026-02-06 18:00:00+00:00,2026-02-07 16:00:00+00:00,2026-02-07 21:00:00,1,22,0.5893958210945129,2,2026-02-06 04:00:00+00:00,True,False
2026-02-06 18:00:00+00:00,2026-02-07 17:00:00+00:00,2026-02-07 22:00:00,1,23,0.533864955107371,2,2026-02-06 05:00:00+00:00,True,False
2026-02-06 18:00:00+00:00,2026-02-07 18:00:00+00:00,2026-02-07 23:00:00,1,24,0.5300206343332926,2,2026-02-06 06:00:00+00:00,True,False
2026-02-06 18:00:00+00:00,2026-02-07 19:00:00+00:00,2026-02-08 00:00:00,1,25,0.5400962829589844,2,2026-02-06 07:00:00+00:00,True,False
2026-02-06 18:00:00+00:00,2026-02-07 20:00:00+00:00,2026-02-08 01:00:00,1,26,0.6132344404856364,2,2026-02-06 08:00:00+00:00,True,False
2026-02-06 18:00:00+00:00,2026-02-07 21:00:00+00:00,2026-02-08 02:00:00,1,27,0.7485766013463339,2,2026-02-06 09:00:00+00:00,True,False
2026-02-06 18:00:00+00:00,2026-02-07 22:00:00+00:00,2026-02-08 03:00:00,1,28,0.7357847491900126,2,2026-02-06 10:00:00+00:00,True,False
2026-02-06 18:00:00+00:00,2026-02-07 23:00:00+00:00,2026-02-08 04:00:00,1,29,0.6677820881207784,2,2026-02-06 11:00:00+00:00,True,False
2026-02-06 18:00:00+00:00,2026-02-08 00:00:00+00:00,2026-02-08 05:00:00,1,30,0.684725026289622,2,2026-02-06 12:00:00+00:00,True,False
2026-02-06 18:00:00+00:00,2026-02-08 01:00:00+00:00,2026-02-08 06:00:00,1,31,0.4851979414621989,2,2026-02-06 13:00:00+00:00,True,False
2026-02-06 18:00:00+00:00,2026-02-08 02:00:00+00:00,2026-02-08 07:00:00,1,32,0.399199773867925,2,2026-02-06 14:00:00+00:00,True,False
2026-02-06 18:00:00+00:00,2026-02-08 03:00:00+00:00,2026-02-08 08:00:00,1,33,0.2558105190594991,2,2026-02-06 15:00:00+00:00,True,False
2026-02-06 18:00:00+00:00,2026-02-08 04:00:00+00:00,2026-02-08 09:00:00,1,34,0.15967809160550436,2,2026-02-06 16:00:00+00:00,True,False
2026-02-06 18:00:00+00:00,2026-02-08 05:00:00+00:00,2026-02-08 10:00:00,1,35,0.08399622142314911,2,2026-02-06 17:00:00+00:00,True,False
2026-02-06 18:00:00+00:00,2026-02-08 06:00:00+00:00,2026-02-08 11:00:00,1,36,0.012646037309120098,2,2026-02-06 18:00:00+00:00,True,False
2026-02-06 18:00:00+00:00,2026-02-08 07:00:00+00:00,2026-02-08 12:00:00,1,37,0.06576745212078094,3,2026-02-05 19:00:00+00:00,True,False
2026-02-06 18:00:00+00:00,2026-02-08 08:00:00+00:00,2026-02-08 13:00:00,1,38,0.05419630308945974,3,2026-02-05 20:00:00+00:00,True,False
2026-02-06 18:00:00+00:00,2026-02-08 09:00:00+00:00,2026-02-08 14:00:00,1,39,0.03744914072255293,3,2026-02-05 21:00:00+00:00,True,False
2026-02-06 18:00:00+00:00,2026-02-08 10:00:00+00:00,2026-02-08 15:00:00,1,40,0.023632423331340153,3,2026-02-05 22:00:00+00:00,True,False
2026-02-06 18:00:00+00:00,2026-02-08 11:00:00+00:00,2026-02-08 16:00:00,1,41,0.02755317899088065,3,2026-02-05 23:00:00+00:00,True,False
2026-02-06 18:00:00+00:00,2026-02-08 12:00:00+00:00,2026-02-08 17:00:00,1,42,0.45950846870740253,3,2026-02-06 00:00:00+00:00,True,False
2026-02-06 18:00:00+00:00,2026-02-08 13:00:00+00:00,2026-02-08 18:00:00,1,43,0.9755109548568726,3,2026-02-06 01:00:00+00:00,True,False
2026-02-06 18:00:00+00:00,2026-02-08 14:00:00+00:00,2026-02-08 19:00:00,1,44,0.9940449198087057,3,2026-02-06 02:00:00+00:00,True,False
2026-02-06 18:00:00+00:00,2026-02-08 15:00:00+00:00,2026-02-08 20:00:00,1,45,0.995689332485199,3,2026-02-06 03:00:00+00:00,True,False
2026-02-06 18:00:00+00:00,2026-02-08 16:00:00+00:00,2026-02-08 21:00:00,1,46,0.9971989591916403,3,2026-02-06 04:00:00+00:00,True,False
2026-02-06 18:00:00+00:00,2026-02-08 17:00:00+00:00,2026-02-08 22:00:00,1,47,0.9974856774012247,3,2026-02-06 05:00:00+00:00,True,False
2026-02-06 18:00:00+00:00,2026-02-08 18:00:00+00:00,2026-02-08 23:00:00,1,48,0.9972655773162842,3,2026-02-06 06:00:00+00:00,True,False
2026-02-06 18:00:00+00:00,2026-02-06 19:00:00+00:00,2026-02-07 00:00:00,2,1,0.9586844046910604,1,2026-02-06 07:00:00+00:00,True,False
2026-02-06 18:00:00+00:00,2026-02-06 20:00:00+00:00,2026-02-07 01:00:00,2,2,0.9110787908236185,1,2026-02-06 08:00:00+00:00,True,False
2026-02-06 18:00:00+00:00,2026-02-06 21:00:00+00:00,2026-02-07 02:00:00,2,3,0.7701708873112997,1,2026-02-06 09:00:00+00:00,True,False
2026-02-06 18:00:00+00:00,2026-02-06 22:00:00+00:00,2026-02-07 03:00:00,2,4,0.5379602213700613,1,2026-02-06 10:00:00+00:00,True,False
2026-02-06 18:00:00+00:00,2026-02-06 23:00:00+00:00,2026-02-07 04:00:00,2,5,0.41432568430900574,1,2026-02-06 11:00:00+00:00,True,False
2026-02-06 18:00:00+00:00,2026-02-07 00:00:00+00:00,2026-02-07 05:00:00,2,6,0.14109617720047632,1,2026-02-06 12:00:00+00:00,True,False
2026-02-06 18:00:00+00:00,2026-02-07 01:00:00+00:00,2026-02-07 06:00:00,2,7,0.0627113717297713,1,2026-02-06 13:00:00+00:00,True,False
2026-02-06 18:00:00+00:00,2026-02-07 02:00:00+00:00,2026-02-07 07:00:00,2,8,0.02087843945870797,1,2026-02-06 14:00:00+00:00,True,False
2026-02-06 18:00:00+00:00,2026-02-07 03:00:00+00:00,2026-02-07 08:00:00,2,9,0.008958846641083559,1,2026-02-06 15:00:00+00:00,True,False
2026-02-06 18:00:00+00:00,2026-02-07 04:00:00+00:00,2026-02-07 09:00:00,2,10,0.01774326680848996,1,2026-02-06 16:00:00+00:00,True,False
2026-02-06 18:00:00+00:00,2026-02-07 05:00:00+00:00,2026-02-07 10:00:00,2,11,0.07416637738545735,1,2026-02-06 17:00:00+00:00,True,False
2026-02-06 18:00:00+00:00,2026-02-07 06:00:00+00:00,2026-02-07 11:00:00,2,12,0.10343978554010391,1,2026-02-06 18:00:00+00:00,True,False
2026-02-06 18:00:00+00:00,2026-02-07 07:00:00+00:00,2026-02-07 12:00:00,2,13,0.16673333446184793,2,2026-02-05 19:00:00+00:00,True,False
2026-02-06 18:00:00+00:00,2026-02-07 08:00:00+00:00,2026-02-07 13:00:00,2,14,0.18320006132125854,2,2026-02-05 20:00:00+00:00,True,False
2026-02-06 18:00:00+00:00,2026-02-07 09:00:00+00:00,2026-02-07 14:00:00,2,15,0.12603508432706198,2,2026-02-05 21:00:00+00:00,True,False
2026-02-06 18:00:00+00:00,2026-02-07 10:00:00+00:00,2026-02-07 15:00:00,2,16,0.07308293382326762,2,2026-02-05 22:00:00+00:00,True,False
2026-02-06 18:00:00+00:00,2026-02-07 11:00:00+00:00,2026-02-07 16:00:00,2,17,0.06541734312971433,2,2026-02-05 23:00:00+00:00,True,False
2026-02-06 18:00:00+00:00,2026-02-07 12:00:00+00:00,2026-02-07 17:00:00,2,18,0.030664199963212013,2,2026-02-06 00:00:00+00:00,True,False
2026-02-06 18:00:00+00:00,2026-02-07 13:00:00+00:00,2026-02-07 18:00:00,2,19,0.05429066717624664,2,2026-02-06 01:00:00+00:00,True,False
2026-02-06 18:00:00+00:00,2026-02-07 14:00:00+00:00,2026-02-07 19:00:00,2,20,0.2696823428074519,2,2026-02-06 02:00:00+00:00,True,False
2026-02-06 18:00:00+00:00,2026-02-07 15:00:00+00:00,2026-02-07 20:00:00,2,21,0.6390713453292847,2,2026-02-06 03:00:00+00:00,True,False
2026-02-06 18:00:00+00:00,2026-02-07 16:00:00+00:00,2026-02-07 21:00:00,2,22,0.6106786131858826,2,2026-02-06 04:00:00+00:00,True,False
2026-02-06 18:00:00+00:00,2026-02-07 17:00:00+00:00,2026-02-07 22:00:00,2,23,0.5599113702774048,2,2026-02-06 05:00:00+00:00,True,False
2026-02-06 18:00:00+00:00,2026-02-07 18:00:00+00:00,2026-02-07 23:00:00,2,24,0.561113178730011,2,2026-02-06 06:00:00+00:00,True,False
2026-02-06 18:00:00+00:00,2026-02-07 19:00:00+00:00,2026-02-08 00:00:00,2,25,0.5520234902699789,2,2026-02-06 07:00:00+00:00,True,False
2026-02-06 18:00:00+00:00,2026-02-07 20:00:00+00:00,2026-02-08 01:00:00,2,26,0.5975640018781027,2,2026-02-06 08:00:00+00:00,True,False
2026-02-06 18:00:00+00:00,2026-02-07 21:00:00+00:00,2026-02-08 02:00:00,2,27,0.7306593855222067,2,2026-02-06 09:00:00+00:00,True,False
2026-02-06 18:00:00+00:00,2026-02-07 22:00:00+00:00,2026-02-08 03:00:00,2,28,0.7232417265574137,2,2026-02-06 10:00:00+00:00,True,False
2026-02-06 18:00:00+00:00,2026-02-07 23:00:00+00:00,2026-02-08 04:00:00,2,29,0.6583136320114136,2,2026-02-06 11:00:00+00:00,True,False
2026-02-06 18:00:00+00:00,2026-02-08 00:00:00+00:00,2026-02-08 05:00:00,2,30,0.667994221051534,2,2026-02-06 12:00:00+00:00,True,False
2026-02-06 18:00:00+00:00,2026-02-08 01:00:00+00:00,2026-02-08 06:00:00,2,31,0.4651893774668376,2,2026-02-06 13:00:00+00:00,True,False
2026-02-06 18:00:00+00:00,2026-02-08 02:00:00+00:00,2026-02-08 07:00:00,2,32,0.37996118267377216,2,2026-02-06 14:00:00+00:00,True,False
2026-02-06 18:00:00+00:00,2026-02-08 03:00:00+00:00,2026-02-08 08:00:00,2,33,0.24124404788017273,2,2026-02-06 15:00:00+00:00,True,False
2026-02-06 18:00:00+00:00,2026-02-08 04:00:00+00:00,2026-02-08 09:00:00,2,34,0.14261005818843842,2,2026-02-06 16:00:00+00:00,True,False
2026-02-06 18:00:00+00:00,2026-02-08 05:00:00+00:00,2026-02-08 10:00:00,2,35,0.07797794789075851,2,2026-02-06 17:00:00+00:00,True,False
2026-02-06 18:00:00+00:00,2026-02-08 06:00:00+00:00,2026-02-08 11:00:00,2,36,0.011627624742686749,2,2026-02-06 18:00:00+00:00,True,False
2026-02-06 18:00:00+00:00,2026-02-08 07:00:00+00:00,2026-02-08 12:00:00,2,37,0.06252344573537509,3,2026-02-05 19:00:00+00:00,True,False
2026-02-06 18:00:00+00:00,2026-02-08 08:00:00+00:00,2026-02-08 13:00:00,2,38,0.050666491190592446,3,2026-02-05 20:00:00+00:00,True,False
2026-02-06 18:00:00+00:00,2026-02-08 09:00:00+00:00,2026-02-08 14:00:00,2,39,0.034973091135422386,3,2026-02-05 21:00:00+00:00,True,False
2026-02-06 18:00:00+00:00,2026-02-08 10:00:00+00:00,2026-02-08 15:00:00,2,40,0.02118510100990534,3,2026-02-05 22:00:00+00:00,True,False
2026-02-06 18:00:00+00:00,2026-02-08 11:00:00+00:00,2026-02-08 16:00:00,2,41,0.024725720286369324,3,2026-02-05 23:00:00+00:00,True,False
2026-02-06 18:00:00+00:00,2026-02-08 12:00:00+00:00,2026-02-08 17:00:00,2,42,0.47090110182762146,3,2026-02-06 00:00:00+00:00,True,False
2026-02-06 18:00:00+00:00,2026-02-08 13:00:00+00:00,2026-02-08 18:00:00,2,43,0.9747587045033773,3,2026-02-06 01:00:00+00:00,True,False
2026-02-06 18:00:00+00:00,2026-02-08 14:00:00+00:00,2026-02-08 19:00:00,2,44,0.9931735793749491,3,2026-02-06 02:00:00+00:00,True,False
2026-02-06 18:00:00+00:00,2026-02-08 15:00:00+00:00,2026-02-08 20:00:00,2,45,0.9953774809837341,3,2026-02-06 03:00:00+00:00,True,False
2026-02-06 18:00:00+00:00,2026-02-08 16:00:00+00:00,2026-02-08 21:00:00,2,46,0.9971434076627096,3,2026-02-06 04:00:00+00:00,True,False
2026-02-06 18:00:00+00:00,2026-02-08 17:00:00+00:00,2026-02-08 22:00:00,2,47,0.9974807699521383,3,2026-02-06 05:00:00+00:00,True,False
2026-02-06 18:00:00+00:00,2026-02-08 18:00:00+00:00,2026-02-08 23:00:00,2,48,0.9972624778747559,3,2026-02-06 06:00:00+00:00,True,False
2026-02-07 18:00:00+00:00,2026-02-07 19:00:00+00:00,2026-02-08 00:00:00,1,1,0.946899950504303,1,2026-02-07 07:00:00+00:00,True,False
2026-02-07 18:00:00+00:00,2026-02-07 20:00:00+00:00,2026-02-08 01:00:00,1,2,0.9249974290529887,1,2026-02-07 08:00:00+00:00,True,False
2026-02-07 18:00:00+00:00,2026-02-07 21:00:00+00:00,2026-02-08 02:00:00,1,3,0.9247377117474874,1,2026-02-07 09:00:00+00:00,True,False
2026-02-07 18:00:00+00:00,2026-02-07 22:00:00+00:00,2026-02-08 03:00:00,1,4,0.9227458437283834,1,2026-02-07 10:00:00+00:00,True,False
2026-02-07 18:00:00+00:00,2026-02-07 23:00:00+00:00,2026-02-08 04:00:00,1,5,0.8557960788408915,1,2026-02-07 11:00:00+00:00,True,False
2026-02-07 18:00:00+00:00,2026-02-08 00:00:00+00:00,2026-02-08 05:00:00,1,6,0.7822031378746033,1,2026-02-07 12:00:00+00:00,True,False
2026-02-07 18:00:00+00:00,2026-02-08 01:00:00+00:00,2026-02-08 06:00:00,1,7,0.55155082543691,1,2026-02-07 13:00:00+00:00,True,False
2026-02-07 18:00:00+00:00,2026-02-08 02:00:00+00:00,2026-02-08 07:00:00,1,8,0.32818623383839923,1,2026-02-07 14:00:00+00:00,True,False
2026-02-07 18:00:00+00:00,2026-02-08 03:00:00+00:00,2026-02-08 08:00:00,1,9,0.14986792703469595,1,2026-02-07 15:00:00+00:00,True,False
2026-02-07 18:00:00+00:00,2026-02-08 04:00:00+00:00,2026-02-08 09:00:00,1,10,0.05640958125392596,1,2026-02-07 16:00:00+00:00,True,False
2026-02-07 18:00:00+00:00,2026-02-08 05:00:00+00:00,2026-02-08 10:00:00,1,11,0.01983651891350746,1,2026-02-07 17:00:00+00:00,True,False
2026-02-07 18:00:00+00:00,2026-02-08 06:00:00+00:00,2026-02-08 11:00:00,1,12,0.007994533826907476,1,2026-02-07 18:00:00+00:00,True,False
2026-02-07 18:00:00+00:00,2026-02-08 07:00:00+00:00,2026-02-08 12:00:00,1,13,0.014637614134699106,2,2026-02-06 19:00:00+00:00,True,False
2026-02-07 18:00:00+00:00,2026-02-08 08:00:00+00:00,2026-02-08 13:00:00,1,14,0.0153931708385547,2,2026-02-06 20:00:00+00:00,True,False
2026-02-07 18:00:00+00:00,2026-02-08 09:00:00+00:00,2026-02-08 14:00:00,1,15,0.04994355576733748,2,2026-02-06 21:00:00+00:00,True,False
2026-02-07 18:00:00+00:00,2026-02-08 10:00:00+00:00,2026-02-08 15:00:00,1,16,0.291328360637029,2,2026-02-06 22:00:00+00:00,True,False
2026-02-07 18:00:00+00:00,2026-02-08 11:00:00+00:00,2026-02-08 16:00:00,1,17,0.8998620907465616,2,2026-02-06 23:00:00+00:00,True,False
2026-02-07 18:00:00+00:00,2026-02-08 12:00:00+00:00,2026-02-08 17:00:00,1,18,0.9902564883232117,2,2026-02-07 00:00:00+00:00,True,False
2026-02-07 18:00:00+00:00,2026-02-08 13:00:00+00:00,2026-02-08 18:00:00,1,19,0.993638833363851,2,2026-02-07 01:00:00+00:00,True,False
2026-02-07 18:00:00+00:00,2026-02-08 14:00:00+00:00,2026-02-08 19:00:00,1,20,0.9959559837977091,2,2026-02-07 02:00:00+00:00,True,False
2026-02-07 18:00:00+00:00,2026-02-08 15:00:00+00:00,2026-02-08 20:00:00,1,21,0.9968727032343546,2,2026-02-07 03:00:00+00:00,True,False
2026-02-07 18:00:00+00:00,2026-02-08 16:00:00+00:00,2026-02-08 21:00:00,1,22,0.9962740739186605,2,2026-02-07 04:00:00+00:00,True,False
2026-02-07 18:00:00+00:00,2026-02-08 17:00:00+00:00,2026-02-08 22:00:00,1,23,0.9962496360143026,2,2026-02-07 05:00:00+00:00,True,False
2026-02-07 18:00:00+00:00,2026-02-08 18:00:00+00:00,2026-02-08 23:00:00,1,24,0.996169646581014,2,2026-02-07 06:00:00+00:00,True,False
2026-02-07 18:00:00+00:00,2026-02-08 19:00:00+00:00,2026-02-09 00:00:00,1,25,0.9960475365320841,2,2026-02-07 07:00:00+00:00,True,False
2026-02-07 18:00:00+00:00,2026-02-08 20:00:00+00:00,2026-02-09 01:00:00,1,26,0.9961994290351868,2,2026-02-07 08:00:00+00:00,True,False
2026-02-07 18:00:00+00:00,2026-02-08 21:00:00+00:00,2026-02-09 02:00:00,1,27,0.9962228139241537,2,2026-02-07 09:00:00+00:00,True,False
2026-02-07 18:00:00+00:00,2026-02-08 22:00:00+00:00,2026-02-09 03:00:00,1,28,0.9957466920216879,2,2026-02-07 10:00:00+00:00,True,False
2026-02-07 18:00:00+00:00,2026-02-08 23:00:00+00:00,2026-02-09 04:00:00,1,29,0.9951026439666748,2,2026-02-07 11:00:00+00:00,True,False
2026-02-07 18:00:00+00:00,2026-02-09 00:00:00+00:00,2026-02-09 05:00:00,1,30,0.9944489598274231,2,2026-02-07 12:00:00+00:00,True,False
2026-02-07 18:00:00+00:00,2026-02-09 01:00:00+00:00,2026-02-09 06:00:00,1,31,0.992789626121521,2,2026-02-07 13:00:00+00:00,True,False
2026-02-07 18:00:00+00:00,2026-02-09 02:00:00+00:00,2026-02-09 07:00:00,1,32,0.9911848704020182,2,2026-02-07 14:00:00+00:00,True,False
2026-02-07 18:00:00+00:00,2026-02-09 03:00:00+00:00,2026-02-09 08:00:00,1,33,0.9882607857386271,2,2026-02-07 15:00:00+00:00,True,False
2026-02-07 18:00:00+00:00,2026-02-09 04:00:00+00:00,2026-02-09 09:00:00,1,34,0.9865192373593649,2,2026-02-07 16:00:00+00:00,True,False
2026-02-07 18:00:00+00:00,2026-02-09 05:00:00+00:00,2026-02-09 10:00:00,1,35,0.9907717307408651,2,2026-02-07 17:00:00+00:00,True,False
2026-02-07 18:00:00+00:00,2026-02-09 06:00:00+00:00,2026-02-09 11:00:00,1,36,0.9916782975196838,2,2026-02-07 18:00:00+00:00,True,False
2026-02-07 18:00:00+00:00,2026-02-09 07:00:00+00:00,2026-02-09 12:00:00,1,37,0.9925391475359598,3,2026-02-06 19:00:00+00:00,True,False
2026-02-07 18:00:00+00:00,2026-02-09 08:00:00+00:00,2026-02-09 13:00:00,1,38,0.9927749633789062,3,2026-02-06 20:00:00+00:00,True,False
2026-02-07 18:00:00+00:00,2026-02-09 09:00:00+00:00,2026-02-09 14:00:00,1,39,0.9912488460540771,3,2026-02-06 21:00:00+00:00,True,False
2026-02-07 18:00:00+00:00,2026-02-09 10:00:00+00:00,2026-02-09 15:00:00,1,40,0.9873919089635214,3,2026-02-06 22:00:00+00:00,True,False
2026-02-07 18:00:00+00:00,2026-02-09 11:00:00+00:00,2026-02-09 16:00:00,1,41,0.9774296681086222,3,2026-02-06 23:00:00+00:00,True,False
2026-02-07 18:00:00+00:00,2026-02-09 12:00:00+00:00,2026-02-09 17:00:00,1,42,0.9487113753954569,3,2026-02-07 00:00:00+00:00,True,False
2026-02-07 18:00:00+00:00,2026-02-09 13:00:00+00:00,2026-02-09 18:00:00,1,43,0.9308165510495504,3,2026-02-07 01:00:00+00:00,True,False
2026-02-07 18:00:00+00:00,2026-02-09 14:00:00+00:00,2026-02-09 19:00:00,1,44,0.8685750563939413,3,2026-02-07 02:00:00+00:00,True,False
2026-02-07 18:00:00+00:00,2026-02-09 15:00:00+00:00,2026-02-09 20:00:00,1,45,0.7565373579661051,3,2026-02-07 03:00:00+00:00,True,False
2026-02-07 18:00:00+00:00,2026-02-09 16:00:00+00:00,2026-02-09 21:00:00,1,46,0.6492685675621033,3,2026-02-07 04:00:00+00:00,True,False
2026-02-07 18:00:00+00:00,2026-02-09 17:00:00+00:00,2026-02-09 22:00:00,1,47,0.5643282731374105,3,2026-02-07 05:00:00+00:00,True,False
2026-02-07 18:00:00+00:00,2026-02-09 18:00:00+00:00,2026-02-09 23:00:00,1,48,0.35088928043842316,3,2026-02-07 06:00:00+00:00,True,False
2026-02-07 18:00:00+00:00,2026-02-07 19:00:00+00:00,2026-02-08 00:00:00,2,1,0.9419946670532227,1,2026-02-07 07:00:00+00:00,True,False
2026-02-07 18:00:00+00:00,2026-02-07 20:00:00+00:00,2026-02-08 01:00:00,2,2,0.9178703427314758,1,2026-02-07 08:00:00+00:00,True,False
2026-02-07 18:00:00+00:00,2026-02-07 21:00:00+00:00,2026-02-08 02:00:00,2,3,0.9190563956896464,1,2026-02-07 09:00:00+00:00,True,False
2026-02-07 18:00:00+00:00,2026-02-07 22:00:00+00:00,2026-02-08 03:00:00,2,4,0.9108566443125407,1,2026-02-07 10:00:00+00:00,True,False
2026-02-07 18:00:00+00:00,2026-02-07 23:00:00+00:00,2026-02-08 04:00:00,2,5,0.8422128955523173,1,2026-02-07 11:00:00+00:00,True,False
2026-02-07 18:00:00+00:00,2026-02-08 00:00:00+00:00,2026-02-08 05:00:00,2,6,0.7652778625488281,1,2026-02-07 12:00:00+00:00,True,False
2026-02-07 18:00:00+00:00,2026-02-08 01:00:00+00:00,2026-02-08 06:00:00,2,7,0.5386604964733124,1,2026-02-07 13:00:00+00:00,True,False
2026-02-07 18:00:00+00:00,2026-02-08 02:00:00+00:00,2026-02-08 07:00:00,2,8,0.3175770938396454,1,2026-02-07 14:00:00+00:00,True,False
2026-02-07 18:00:00+00:00,2026-02-08 03:00:00+00:00,2026-02-08 08:00:00,2,9,0.1369879444440206,1,2026-02-07 15:00:00+00:00,True,False
2026-02-07 18:00:00+00:00,2026-02-08 04:00:00+00:00,2026-02-08 09:00:00,2,10,0.0517870249847571,1,2026-02-07 16:00:00+00:00,True,False
2026-02-07 18:00:00+00:00,2026-02-08 05:00:00+00:00,2026-02-08 10:00:00,2,11,0.017482076461116474,1,2026-02-07 17:00:00+00:00,True,False
2026-02-07 18:00:00+00:00,2026-02-08 06:00:00+00:00,2026-02-08 11:00:00,2,12,0.007064917357638478,1,2026-02-07 18:00:00+00:00,True,False
2026-02-07 18:00:00+00:00,2026-02-08 07:00:00+00:00,2026-02-08 12:00:00,2,13,0.012536393478512764,2,2026-02-06 19:00:00+00:00,True,False
2026-02-07 18:00:00+00:00,2026-02-08 08:00:00+00:00,2026-02-08 13:00:00,2,14,0.013408239930868149,2,2026-02-06 20:00:00+00:00,True,False
2026-02-07 18:00:00+00:00,2026-02-08 09:00:00+00:00,2026-02-08 14:00:00,2,15,0.04344793098668257,2,2026-02-06 21:00:00+00:00,True,False
2026-02-07 18:00:00+00:00,2026-02-08 10:00:00+00:00,2026-02-08 15:00:00,2,16,0.267063041528066,2,2026-02-06 22:00:00+00:00,True,False
2026-02-07 18:00:00+00:00,2026-02-08 11:00:00+00:00,2026-02-08 16:00:00,2,17,0.8834706942240397,2,2026-02-06 23:00:00+00:00,True,False
2026-02-07 18:00:00+00:00,2026-02-08 12:00:00+00:00,2026-02-08 17:00:00,2,18,0.9883713523546854,2,2026-02-07 00:00:00+00:00,True,False
2026-02-07 18:00:00+00:00,2026-02-08 13:00:00+00:00,2026-02-08 18:00:00,2,19,0.9927089413007101,2,2026-02-07 01:00:00+00:00,True,False
2026-02-07 18:00:00+00:00,2026-02-08 14:00:00+00:00,2026-02-08 19:00:00,2,20,0.9955716530481974,2,2026-02-07 02:00:00+00:00,True,False
2026-02-07 18:00:00+00:00,2026-02-08 15:00:00+00:00,2026-02-08 20:00:00,2,21,0.9966617425282797,2,2026-02-07 03:00:00+00:00,True,False
2026-02-07 18:00:00+00:00,2026-02-08 16:00:00+00:00,2026-02-08 21:00:00,2,22,0.9961094856262207,2,2026-02-07 04:00:00+00:00,True,False
2026-02-07 18:00:00+00:00,2026-02-08 17:00:00+00:00,2026-02-08 22:00:00,2,23,0.996111790339152,2,2026-02-07 05:00:00+00:00,True,False
2026-02-07 18:00:00+00:00,2026-02-08 18:00:00+00:00,2026-02-08 23:00:00,2,24,0.9960814913113912,2,2026-02-07 06:00:00+00:00,True,False
2026-02-07 18:00:00+00:00,2026-02-08 19:00:00+00:00,2026-02-09 00:00:00,2,25,0.9959206382433573,2,2026-02-07 07:00:00+00:00,True,False
2026-02-07 18:00:00+00:00,2026-02-08 20:00:00+00:00,2026-02-09 01:00:00,2,26,0.9960322976112366,2,2026-02-07 08:00:00+00:00,True,False
2026-02-07 18:00:00+00:00,2026-02-08 21:00:00+00:00,2026-02-09 02:00:00,2,27,0.9959716796875,2,2026-02-07 09:00:00+00:00,True,False
2026-02-07 18:00:00+00:00,2026-02-08 22:00:00+00:00,2026-02-09 03:00:00,2,28,0.9954123298327128,2,2026-02-07 10:00:00+00:00,True,False
2026-02-07 18:00:00+00:00,2026-02-08 23:00:00+00:00,2026-02-09 04:00:00,2,29,0.9946412046750387,2,2026-02-07 11:00:00+00:00,True,False
2026-02-07 18:00:00+00:00,2026-02-09 00:00:00+00:00,2026-02-09 05:00:00,2,30,0.9938848614692688,2,2026-02-07 12:00:00+00:00,True,False
2026-02-07 18:00:00+00:00,2026-02-09 01:00:00+00:00,2026-02-09 06:00:00,2,31,0.9919205904006958,2,2026-02-07 13:00:00+00:00,True,False
2026-02-07 18:00:00+00:00,2026-02-09 02:00:00+00:00,2026-02-09 07:00:00,2,32,0.9898614088694254,2,2026-02-07 14:00:00+00:00,True,False
2026-02-07 18:00:00+00:00,2026-02-09 03:00:00+00:00,2026-02-09 08:00:00,2,33,0.9866516590118408,2,2026-02-07 15:00:00+00:00,True,False
2026-02-07 18:00:00+00:00,2026-02-09 04:00:00+00:00,2026-02-09 09:00:00,2,34,0.9851628541946411,2,2026-02-07 16:00:00+00:00,True,False
2026-02-07 18:00:00+00:00,2026-02-09 05:00:00+00:00,2026-02-09 10:00:00,2,35,0.9900510509808859,2,2026-02-07 17:00:00+00:00,True,False
2026-02-07 18:00:00+00:00,2026-02-09 06:00:00+00:00,2026-02-09 11:00:00,2,36,0.9913017153739929,2,2026-02-07 18:00:00+00:00,True,False
2026-02-07 18:00:00+00:00,2026-02-09 07:00:00+00:00,2026-02-09 12:00:00,2,37,0.9921255906422933,3,2026-02-06 19:00:00+00:00,True,False
2026-02-07 18:00:00+00:00,2026-02-09 08:00:00+00:00,2026-02-09 13:00:00,2,38,0.9925652941068014,3,2026-02-06 20:00:00+00:00,True,False
2026-02-07 18:00:00+00:00,2026-02-09 09:00:00+00:00,2026-02-09 14:00:00,2,39,0.9909581939379374,3,2026-02-06 21:00:00+00:00,True,False
2026-02-07 18:00:00+00:00,2026-02-09 10:00:00+00:00,2026-02-09 15:00:00,2,40,0.9873173634211222,3,2026-02-06 22:00:00+00:00,True,False
2026-02-07 18:00:00+00:00,2026-02-09 11:00:00+00:00,2026-02-09 16:00:00,2,41,0.975620965162913,3,2026-02-06 23:00:00+00:00,True,False
2026-02-07 18:00:00+00:00,2026-02-09 12:00:00+00:00,2026-02-09 17:00:00,2,42,0.9442711671193441,3,2026-02-07 00:00:00+00:00,True,False
2026-02-07 18:00:00+00:00,2026-02-09 13:00:00+00:00,2026-02-09 18:00:00,2,43,0.9272956649462382,3,2026-02-07 01:00:00+00:00,True,False
2026-02-07 18:00:00+00:00,2026-02-09 14:00:00+00:00,2026-02-09 19:00:00,2,44,0.8757259647051493,3,2026-02-07 02:00:00+00:00,True,False
2026-02-07 18:00:00+00:00,2026-02-09 15:00:00+00:00,2026-02-09 20:00:00,2,45,0.771019438902537,3,2026-02-07 03:00:00+00:00,True,False
2026-02-07 18:00:00+00:00,2026-02-09 16:00:00+00:00,2026-02-09 21:00:00,2,46,0.6597157518068949,3,2026-02-07 04:00:00+00:00,True,False
2026-02-07 18:00:00+00:00,2026-02-09 17:00:00+00:00,2026-02-09 22:00:00,2,47,0.5895711779594421,3,2026-02-07 05:00:00+00:00,True,False
2026-02-07 18:00:00+00:00,2026-02-09 18:00:00+00:00,2026-02-09 23:00:00,2,48,0.3490188916524251,3,2026-02-07 06:00:00+00:00,True,False
2026-02-08 18:00:00+00:00,2026-02-08 19:00:00+00:00,2026-02-09 00:00:00,1,1,0.9964280923207601,1,2026-02-08 07:00:00+00:00,True,False
2026-02-08 18:00:00+00:00,2026-02-08 20:00:00+00:00,2026-02-09 01:00:00,1,2,0.9959920644760132,1,2026-02-08 08:00:00+00:00,True,False
2026-02-08 18:00:00+00:00,2026-02-08 21:00:00+00:00,2026-02-09 02:00:00,1,3,0.9961584210395813,1,2026-02-08 09:00:00+00:00,True,False
2026-02-08 18:00:00+00:00,2026-02-08 22:00:00+00:00,2026-02-09 03:00:00,1,4,0.9953583081563314,1,2026-02-08 10:00:00+00:00,True,False
2026-02-08 18:00:00+00:00,2026-02-08 23:00:00+00:00,2026-02-09 04:00:00,1,5,0.9943194389343262,1,2026-02-08 11:00:00+00:00,True,False
2026-02-08 18:00:00+00:00,2026-02-09 00:00:00+00:00,2026-02-09 05:00:00,1,6,0.9919602870941162,1,2026-02-08 12:00:00+00:00,True,False
2026-02-08 18:00:00+00:00,2026-02-09 01:00:00+00:00,2026-02-09 06:00:00,1,7,0.9871129393577576,1,2026-02-08 13:00:00+00:00,True,False
2026-02-08 18:00:00+00:00,2026-02-09 02:00:00+00:00,2026-02-09 07:00:00,1,8,0.9818119208017985,1,2026-02-08 14:00:00+00:00,True,False
2026-02-08 18:00:00+00:00,2026-02-09 03:00:00+00:00,2026-02-09 08:00:00,1,9,0.9751879374186198,1,2026-02-08 15:00:00+00:00,True,False
2026-02-08 18:00:00+00:00,2026-02-09 04:00:00+00:00,2026-02-09 09:00:00,1,10,0.9785104393959045,1,2026-02-08 16:00:00+00:00,True,False
2026-02-08 18:00:00+00:00,2026-02-09 05:00:00+00:00,2026-02-09 10:00:00,1,11,0.9843225876490275,1,2026-02-08 17:00:00+00:00,True,False
2026-02-08 18:00:00+00:00,2026-02-09 06:00:00+00:00,2026-02-09 11:00:00,1,12,0.9881827036539713,1,2026-02-08 18:00:00+00:00,True,False
2026-02-08 18:00:00+00:00,2026-02-09 07:00:00+00:00,2026-02-09 12:00:00,1,13,0.9917048215866089,2,2026-02-07 19:00:00+00:00,True,False
2026-02-08 18:00:00+00:00,2026-02-09 08:00:00+00:00,2026-02-09 13:00:00,1,14,0.9883388678232828,2,2026-02-07 20:00:00+00:00,True,False
2026-02-08 18:00:00+00:00,2026-02-09 09:00:00+00:00,2026-02-09 14:00:00,1,15,0.9848883152008057,2,2026-02-07 21:00:00+00:00,True,False
2026-02-08 18:00:00+00:00,2026-02-09 10:00:00+00:00,2026-02-09 15:00:00,1,16,0.968472957611084,2,2026-02-07 22:00:00+00:00,True,False
2026-02-08 18:00:00+00:00,2026-02-09 11:00:00+00:00,2026-02-09 16:00:00,1,17,0.9460278550783793,2,2026-02-07 23:00:00+00:00,True,False
2026-02-08 18:00:00+00:00,2026-02-09 12:00:00+00:00,2026-02-09 17:00:00,1,18,0.8709764281908671,2,2026-02-08 00:00:00+00:00,True,False
2026-02-08 18:00:00+00:00,2026-02-09 13:00:00+00:00,2026-02-09 18:00:00,1,19,0.74624631802241,2,2026-02-08 01:00:00+00:00,True,False
2026-02-08 18:00:00+00:00,2026-02-09 14:00:00+00:00,2026-02-09 19:00:00,1,20,0.5844588478406271,2,2026-02-08 02:00:00+00:00,True,False
2026-02-08 18:00:00+00:00,2026-02-09 15:00:00+00:00,2026-02-09 20:00:00,1,21,0.4108196198940277,2,2026-02-08 03:00:00+00:00,True,False
2026-02-08 18:00:00+00:00,2026-02-09 16:00:00+00:00,2026-02-09 21:00:00,1,22,0.2741168290376663,2,2026-02-08 04:00:00+00:00,True,False
2026-02-08 18:00:00+00:00,2026-02-09 17:00:00+00:00,2026-02-09 22:00:00,1,23,0.09070295964678128,2,2026-02-08 05:00:00+00:00,True,False
2026-02-08 18:00:00+00:00,2026-02-09 18:00:00+00:00,2026-02-09 23:00:00,1,24,0.14028173685073853,2,2026-02-08 06:00:00+00:00,True,False
2026-02-08 18:00:00+00:00,2026-02-09 19:00:00+00:00,2026-02-10 00:00:00,1,25,0.25410904983679455,2,2026-02-08 07:00:00+00:00,True,False
2026-02-08 18:00:00+00:00,2026-02-09 20:00:00+00:00,2026-02-10 01:00:00,1,26,0.3036177357037862,2,2026-02-08 08:00:00+00:00,True,False
2026-02-08 18:00:00+00:00,2026-02-09 21:00:00+00:00,2026-02-10 02:00:00,1,27,0.33352188766002655,2,2026-02-08 09:00:00+00:00,True,False
2026-02-08 18:00:00+00:00,2026-02-09 22:00:00+00:00,2026-02-10 03:00:00,1,28,0.32128487527370453,2,2026-02-08 10:00:00+00:00,True,False
2026-02-08 18:00:00+00:00,2026-02-09 23:00:00+00:00,2026-02-10 04:00:00,1,29,0.30473848680655163,2,2026-02-08 11:00:00+00:00,True,False
2026-02-08 18:00:00+00:00,2026-02-10 00:00:00+00:00,2026-02-10 05:00:00,1,30,0.12516283243894577,2,2026-02-08 12:00:00+00:00,True,False
2026-02-08 18:00:00+00:00,2026-02-10 01:00:00+00:00,2026-02-10 06:00:00,1,31,0.32151399552822113,2,2026-02-08 13:00:00+00:00,True,False
2026-02-08 18:00:00+00:00,2026-02-10 02:00:00+00:00,2026-02-10 07:00:00,1,32,0.18582736452420553,2,2026-02-08 14:00:00+00:00,True,False
2026-02-08 18:00:00+00:00,2026-02-10 03:00:00+00:00,2026-02-10 08:00:00,1,33,0.13814668357372284,2,2026-02-08 15:00:00+00:00,True,False
2026-02-08 18:00:00+00:00,2026-02-10 04:00:00+00:00,2026-02-10 09:00:00,1,34,0.09833974391222,2,2026-02-08 16:00:00+00:00,True,False
2026-02-08 18:00:00+00:00,2026-02-10 05:00:00+00:00,2026-02-10 10:00:00,1,35,0.12056411306063335,2,2026-02-08 17:00:00+00:00,True,False
2026-02-08 18:00:00+00:00,2026-02-10 06:00:00+00:00,2026-02-10 11:00:00,1,36,0.09226266543070476,2,2026-02-08 18:00:00+00:00,True,False
2026-02-08 18:00:00+00:00,2026-02-10 07:00:00+00:00,2026-02-10 12:00:00,1,37,0.2583092749118805,3,2026-02-07 19:00:00+00:00,True,False
2026-02-08 18:00:00+00:00,2026-02-10 08:00:00+00:00,2026-02-10 13:00:00,1,38,0.4181830883026123,3,2026-02-07 20:00:00+00:00,True,False
2026-02-08 18:00:00+00:00,2026-02-10 09:00:00+00:00,2026-02-10 14:00:00,1,39,0.354420284430186,3,2026-02-07 21:00:00+00:00,True,False
2026-02-08 18:00:00+00:00,2026-02-10 10:00:00+00:00,2026-02-10 15:00:00,1,40,0.19034101565678915,3,2026-02-07 22:00:00+00:00,True,False
2026-02-08 18:00:00+00:00,2026-02-10 11:00:00+00:00,2026-02-10 16:00:00,1,41,0.14063978691895804,3,2026-02-07 23:00:00+00:00,True,False
2026-02-08 18:00:00+00:00,2026-02-10 12:00:00+00:00,2026-02-10 17:00:00,1,42,0.17692341407140097,3,2026-02-08 00:00:00+00:00,True,False
2026-02-08 18:00:00+00:00,2026-02-10 13:00:00+00:00,2026-02-10 18:00:00,1,43,0.1632952739795049,3,2026-02-08 01:00:00+00:00,True,False
2026-02-08 18:00:00+00:00,2026-02-10 14:00:00+00:00,2026-02-10 19:00:00,1,44,0.11864859859148662,3,2026-02-08 02:00:00+00:00,True,False
2026-02-08 18:00:00+00:00,2026-02-10 15:00:00+00:00,2026-02-10 20:00:00,1,45,0.08068051065007846,3,2026-02-08 03:00:00+00:00,True,False
2026-02-08 18:00:00+00:00,2026-02-10 16:00:00+00:00,2026-02-10 21:00:00,1,46,0.06046285231908163,3,2026-02-08 04:00:00+00:00,True,False
2026-02-08 18:00:00+00:00,2026-02-10 17:00:00+00:00,2026-02-10 22:00:00,1,47,0.0980293999115626,3,2026-02-08 05:00:00+00:00,True,False
2026-02-08 18:00:00+00:00,2026-02-10 18:00:00+00:00,2026-02-10 23:00:00,1,48,0.13442559788624445,3,2026-02-08 06:00:00+00:00,True,False
2026-02-08 18:00:00+00:00,2026-02-08 19:00:00+00:00,2026-02-09 00:00:00,2,1,0.9961004058519999,1,2026-02-08 07:00:00+00:00,True,False
2026-02-08 18:00:00+00:00,2026-02-08 20:00:00+00:00,2026-02-09 01:00:00,2,2,0.9956147273381551,1,2026-02-08 08:00:00+00:00,True,False
2026-02-08 18:00:00+00:00,2026-02-08 21:00:00+00:00,2026-02-09 02:00:00,2,3,0.9958522518475851,1,2026-02-08 09:00:00+00:00,True,False
2026-02-08 18:00:00+00:00,2026-02-08 22:00:00+00:00,2026-02-09 03:00:00,2,4,0.9949179689089457,1,2026-02-08 10:00:00+00:00,True,False
2026-02-08 18:00:00+00:00,2026-02-08 23:00:00+00:00,2026-02-09 04:00:00,2,5,0.993679960568746,1,2026-02-08 11:00:00+00:00,True,False
2026-02-08 18:00:00+00:00,2026-02-09 00:00:00+00:00,2026-02-09 05:00:00,2,6,0.9908158779144287,1,2026-02-08 12:00:00+00:00,True,False
2026-02-08 18:00:00+00:00,2026-02-09 01:00:00+00:00,2026-02-09 06:00:00,2,7,0.9846730430920919,1,2026-02-08 13:00:00+00:00,True,False
2026-02-08 18:00:00+00:00,2026-02-09 02:00:00+00:00,2026-02-09 07:00:00,2,8,0.9778821269671122,1,2026-02-08 14:00:00+00:00,True,False
2026-02-08 18:00:00+00:00,2026-02-09 03:00:00+00:00,2026-02-09 08:00:00,2,9,0.9711983799934387,1,2026-02-08 15:00:00+00:00,True,False
2026-02-08 18:00:00+00:00,2026-02-09 04:00:00+00:00,2026-02-09 09:00:00,2,10,0.9753244717915853,1,2026-02-08 16:00:00+00:00,True,False
2026-02-08 18:00:00+00:00,2026-02-09 05:00:00+00:00,2026-02-09 10:00:00,2,11,0.9826899568239847,1,2026-02-08 17:00:00+00:00,True,False
2026-02-08 18:00:00+00:00,2026-02-09 06:00:00+00:00,2026-02-09 11:00:00,2,12,0.98736039797465,1,2026-02-08 18:00:00+00:00,True,False
2026-02-08 18:00:00+00:00,2026-02-09 07:00:00+00:00,2026-02-09 12:00:00,2,13,0.991469124952952,2,2026-02-07 19:00:00+00:00,True,False
2026-02-08 18:00:00+00:00,2026-02-09 08:00:00+00:00,2026-02-09 13:00:00,2,14,0.9878230889638265,2,2026-02-07 20:00:00+00:00,True,False
2026-02-08 18:00:00+00:00,2026-02-09 09:00:00+00:00,2026-02-09 14:00:00,2,15,0.9840191006660461,2,2026-02-07 21:00:00+00:00,True,False
2026-02-08 18:00:00+00:00,2026-02-09 10:00:00+00:00,2026-02-09 15:00:00,2,16,0.9646666447321574,2,2026-02-07 22:00:00+00:00,True,False
2026-02-08 18:00:00+00:00,2026-02-09 11:00:00+00:00,2026-02-09 16:00:00,2,17,0.9384163022041321,2,2026-02-07 23:00:00+00:00,True,False
2026-02-08 18:00:00+00:00,2026-02-09 12:00:00+00:00,2026-02-09 17:00:00,2,18,0.8698966304461161,2,2026-02-08 00:00:00+00:00,True,False
2026-02-08 18:00:00+00:00,2026-02-09 13:00:00+00:00,2026-02-09 18:00:00,2,19,0.7532824277877808,2,2026-02-08 01:00:00+00:00,True,False
2026-02-08 18:00:00+00:00,2026-02-09 14:00:00+00:00,2026-02-09 19:00:00,2,20,0.5956297516822815,2,2026-02-08 02:00:00+00:00,True,False
2026-02-08 18:00:00+00:00,2026-02-09 15:00:00+00:00,2026-02-09 20:00:00,2,21,0.42690666516621906,2,2026-02-08 03:00:00+00:00,True,False
2026-02-08 18:00:00+00:00,2026-02-09 16:00:00+00:00,2026-02-09 21:00:00,2,22,0.2702893018722534,2,2026-02-08 04:00:00+00:00,True,False
2026-02-08 18:00:00+00:00,2026-02-09 17:00:00+00:00,2026-02-09 22:00:00,2,23,0.08492142458756764,2,2026-02-08 05:00:00+00:00,True,False
2026-02-08 18:00:00+00:00,2026-02-09 18:00:00+00:00,2026-02-09 23:00:00,2,24,0.13757532089948654,2,2026-02-08 06:00:00+00:00,True,False
2026-02-08 18:00:00+00:00,2026-02-09 19:00:00+00:00,2026-02-10 00:00:00,2,25,0.23417600989341736,2,2026-02-08 07:00:00+00:00,True,False
2026-02-08 18:00:00+00:00,2026-02-09 20:00:00+00:00,2026-02-10 01:00:00,2,26,0.28081844250361127,2,2026-02-08 08:00:00+00:00,True,False
2026-02-08 18:00:00+00:00,2026-02-09 21:00:00+00:00,2026-02-10 02:00:00,2,27,0.29994410276412964,2,2026-02-08 09:00:00+00:00,True,False
2026-02-08 18:00:00+00:00,2026-02-09 22:00:00+00:00,2026-02-10 03:00:00,2,28,0.2983669290939967,2,2026-02-08 10:00:00+00:00,True,False
2026-02-08 18:00:00+00:00,2026-02-09 23:00:00+00:00,2026-02-10 04:00:00,2,29,0.26488899687925976,2,2026-02-08 11:00:00+00:00,True,False
2026-02-08 18:00:00+00:00,2026-02-10 00:00:00+00:00,2026-02-10 05:00:00,2,30,0.1056591843565305,2,2026-02-08 12:00:00+00:00,True,False
2026-02-08 18:00:00+00:00,2026-02-10 01:00:00+00:00,2026-02-10 06:00:00,2,31,0.30571164190769196,2,2026-02-08 13:00:00+00:00,True,False
2026-02-08 18:00:00+00:00,2026-02-10 02:00:00+00:00,2026-02-10 07:00:00,2,32,0.16927558928728104,2,2026-02-08 14:00:00+00:00,True,False
2026-02-08 18:00:00+00:00,2026-02-10 03:00:00+00:00,2026-02-10 08:00:00,2,33,0.1266504774490992,2,2026-02-08 15:00:00+00:00,True,False
2026-02-08 18:00:00+00:00,2026-02-10 04:00:00+00:00,2026-02-10 09:00:00,2,34,0.09937797983487447,2,2026-02-08 16:00:00+00:00,True,False
2026-02-08 18:00:00+00:00,2026-02-10 05:00:00+00:00,2026-02-10 10:00:00,2,35,0.12533948322137198,2,2026-02-08 17:00:00+00:00,True,False
2026-02-08 18:00:00+00:00,2026-02-10 06:00:00+00:00,2026-02-10 11:00:00,2,36,0.09859503308931987,2,2026-02-08 18:00:00+00:00,True,False
2026-02-08 18:00:00+00:00,2026-02-10 07:00:00+00:00,2026-02-10 12:00:00,2,37,0.2693551977475484,3,2026-02-07 19:00:00+00:00,True,False
2026-02-08 18:00:00+00:00,2026-02-10 08:00:00+00:00,2026-02-10 13:00:00,2,38,0.4307051996390025,3,2026-02-07 20:00:00+00:00,True,False
2026-02-08 18:00:00+00:00,2026-02-10 09:00:00+00:00,2026-02-10 14:00:00,2,39,0.3647628327210744,3,2026-02-07 21:00:00+00:00,True,False
2026-02-08 18:00:00+00:00,2026-02-10 10:00:00+00:00,2026-02-10 15:00:00,2,40,0.198473259806633,3,2026-02-07 22:00:00+00:00,True,False
2026-02-08 18:00:00+00:00,2026-02-10 11:00:00+00:00,2026-02-10 16:00:00,2,41,0.14590371151765189,3,2026-02-07 23:00:00+00:00,True,False
2026-02-08 18:00:00+00:00,2026-02-10 12:00:00+00:00,2026-02-10 17:00:00,2,42,0.18767196436723074,3,2026-02-08 00:00:00+00:00,True,False
2026-02-08 18:00:00+00:00,2026-02-10 13:00:00+00:00,2026-02-10 18:00:00,2,43,0.17190670470396677,3,2026-02-08 01:00:00+00:00,True,False
2026-02-08 18:00:00+00:00,2026-02-10 14:00:00+00:00,2026-02-10 19:00:00,2,44,0.12037559101978938,3,2026-02-08 02:00:00+00:00,True,False
2026-02-08 18:00:00+00:00,2026-02-10 15:00:00+00:00,2026-02-10 20:00:00,2,45,0.08803034325440724,3,2026-02-08 03:00:00+00:00,True,False
2026-02-08 18:00:00+00:00,2026-02-10 16:00:00+00:00,2026-02-10 21:00:00,2,46,0.06188726176818212,3,2026-02-08 04:00:00+00:00,True,False
2026-02-08 18:00:00+00:00,2026-02-10 17:00:00+00:00,2026-02-10 22:00:00,2,47,0.09623135874668758,3,2026-02-08 05:00:00+00:00,True,False
2026-02-08 18:00:00+00:00,2026-02-10 18:00:00+00:00,2026-02-10 23:00:00,2,48,0.12607008715470633,3,2026-02-08 06:00:00+00:00,True,False
2026-02-09 18:00:00+00:00,2026-02-09 19:00:00+00:00,2026-02-10 00:00:00,1,1,0.04348897250990073,1,2026-02-09 07:00:00+00:00,True,False
2026-02-09 18:00:00+00:00,2026-02-09 20:00:00+00:00,2026-02-10 01:00:00,1,2,0.08521981537342072,1,2026-02-09 08:00:00+00:00,True,False
2026-02-09 18:00:00+00:00,2026-02-09 21:00:00+00:00,2026-02-10 02:00:00,1,3,0.16779248416423798,1,2026-02-09 09:00:00+00:00,True,False
2026-02-09 18:00:00+00:00,2026-02-09 22:00:00+00:00,2026-02-10 03:00:00,1,4,0.22547985116640726,1,2026-02-09 10:00:00+00:00,True,False
2026-02-09 18:00:00+00:00,2026-02-09 23:00:00+00:00,2026-02-10 04:00:00,1,5,0.18384049087762833,1,2026-02-09 11:00:00+00:00,True,False
2026-02-09 18:00:00+00:00,2026-02-10 00:00:00+00:00,2026-02-10 05:00:00,1,6,0.3868117034435272,1,2026-02-09 12:00:00+00:00,True,False
2026-02-09 18:00:00+00:00,2026-02-10 01:00:00+00:00,2026-02-10 06:00:00,1,7,0.054281206180651985,1,2026-02-09 13:00:00+00:00,True,False
2026-02-09 18:00:00+00:00,2026-02-10 02:00:00+00:00,2026-02-10 07:00:00,1,8,0.37016799052556354,1,2026-02-09 14:00:00+00:00,True,False
2026-02-09 18:00:00+00:00,2026-02-10 03:00:00+00:00,2026-02-10 08:00:00,1,9,0.14488713691631952,1,2026-02-09 15:00:00+00:00,True,False
2026-02-09 18:00:00+00:00,2026-02-10 04:00:00+00:00,2026-02-10 09:00:00,1,10,0.1918813188870748,1,2026-02-09 16:00:00+00:00,True,False
2026-02-09 18:00:00+00:00,2026-02-10 05:00:00+00:00,2026-02-10 10:00:00,1,11,0.19087539116541544,1,2026-02-09 17:00:00+00:00,True,False
2026-02-09 18:00:00+00:00,2026-02-10 06:00:00+00:00,2026-02-10 11:00:00,1,12,0.07508401448527972,1,2026-02-09 18:00:00+00:00,True,False
2026-02-09 18:00:00+00:00,2026-02-10 07:00:00+00:00,2026-02-10 12:00:00,1,13,0.09611353278160095,2,2026-02-08 19:00:00+00:00,True,False
2026-02-09 18:00:00+00:00,2026-02-10 08:00:00+00:00,2026-02-10 13:00:00,1,14,0.1326387276252111,2,2026-02-08 20:00:00+00:00,True,False
2026-02-09 18:00:00+00:00,2026-02-10 09:00:00+00:00,2026-02-10 14:00:00,1,15,0.22885073721408844,2,2026-02-08 21:00:00+00:00,True,False
2026-02-09 18:00:00+00:00,2026-02-10 10:00:00+00:00,2026-02-10 15:00:00,1,16,0.24784186979134878,2,2026-02-08 22:00:00+00:00,True,False
2026-02-09 18:00:00+00:00,2026-02-10 11:00:00+00:00,2026-02-10 16:00:00,1,17,0.27913198868433636,2,2026-02-08 23:00:00+00:00,True,False
2026-02-09 18:00:00+00:00,2026-02-10 12:00:00+00:00,2026-02-10 17:00:00,1,18,0.1971345196167628,2,2026-02-09 00:00:00+00:00,True,False
2026-02-09 18:00:00+00:00,2026-02-10 13:00:00+00:00,2026-02-10 18:00:00,1,19,0.15471344689528146,2,2026-02-09 01:00:00+00:00,True,False
2026-02-09 18:00:00+00:00,2026-02-10 14:00:00+00:00,2026-02-10 19:00:00,1,20,0.09476882219314575,2,2026-02-09 02:00:00+00:00,True,False
2026-02-09 18:00:00+00:00,2026-02-10 15:00:00+00:00,2026-02-10 20:00:00,1,21,0.046702063332001366,2,2026-02-09 03:00:00+00:00,True,False
2026-02-09 18:00:00+00:00,2026-02-10 16:00:00+00:00,2026-02-10 21:00:00,1,22,0.16118070731560388,2,2026-02-09 04:00:00+00:00,True,False
2026-02-09 18:00:00+00:00,2026-02-10 17:00:00+00:00,2026-02-10 22:00:00,1,23,0.6322501103083292,2,2026-02-09 05:00:00+00:00,True,False
2026-02-09 18:00:00+00:00,2026-02-10 18:00:00+00:00,2026-02-10 23:00:00,1,24,0.8356536428133646,2,2026-02-09 06:00:00+00:00,True,False
2026-02-09 18:00:00+00:00,2026-02-10 19:00:00+00:00,2026-02-11 00:00:00,1,25,0.9295429786046346,2,2026-02-09 07:00:00+00:00,True,False
2026-02-09 18:00:00+00:00,2026-02-10 20:00:00+00:00,2026-02-11 01:00:00,1,26,0.9633703231811523,2,2026-02-09 08:00:00+00:00,True,False
2026-02-09 18:00:00+00:00,2026-02-10 21:00:00+00:00,2026-02-11 02:00:00,1,27,0.9753347833951315,2,2026-02-09 09:00:00+00:00,True,False
2026-02-09 18:00:00+00:00,2026-02-10 22:00:00+00:00,2026-02-11 03:00:00,1,28,0.9622513651847839,2,2026-02-09 10:00:00+00:00,True,False
2026-02-09 18:00:00+00:00,2026-02-10 23:00:00+00:00,2026-02-11 04:00:00,1,29,0.922214686870575,2,2026-02-09 11:00:00+00:00,True,False
2026-02-09 18:00:00+00:00,2026-02-11 00:00:00+00:00,2026-02-11 05:00:00,1,30,0.3961466650168101,2,2026-02-09 12:00:00+00:00,True,False
2026-02-09 18:00:00+00:00,2026-02-11 01:00:00+00:00,2026-02-11 06:00:00,1,31,0.050765986243883766,2,2026-02-09 13:00:00+00:00,True,False
2026-02-09 18:00:00+00:00,2026-02-11 02:00:00+00:00,2026-02-11 07:00:00,1,32,0.015765702662368614,2,2026-02-09 14:00:00+00:00,True,False
2026-02-09 18:00:00+00:00,2026-02-11 03:00:00+00:00,2026-02-11 08:00:00,1,33,0.02800235276420911,2,2026-02-09 15:00:00+00:00,True,False
2026-02-09 18:00:00+00:00,2026-02-11 04:00:00+00:00,2026-02-11 09:00:00,1,34,0.02643120102584362,2,2026-02-09 16:00:00+00:00,True,False
2026-02-09 18:00:00+00:00,2026-02-11 05:00:00+00:00,2026-02-11 10:00:00,1,35,0.06046288708845774,2,2026-02-09 17:00:00+00:00,True,False
2026-02-09 18:00:00+00:00,2026-02-11 06:00:00+00:00,2026-02-11 11:00:00,1,36,0.8317236304283142,2,2026-02-09 18:00:00+00:00,True,False
2026-02-09 18:00:00+00:00,2026-02-11 07:00:00+00:00,2026-02-11 12:00:00,1,37,0.33403776089350384,3,2026-02-08 19:00:00+00:00,True,False
2026-02-09 18:00:00+00:00,2026-02-11 08:00:00+00:00,2026-02-11 13:00:00,1,38,0.24439793825149536,3,2026-02-08 20:00:00+00:00,True,False
2026-02-09 18:00:00+00:00,2026-02-11 09:00:00+00:00,2026-02-11 14:00:00,1,39,0.07326013843218486,3,2026-02-08 21:00:00+00:00,True,False
2026-02-09 18:00:00+00:00,2026-02-11 10:00:00+00:00,2026-02-11 15:00:00,1,40,0.07336946452657382,3,2026-02-08 22:00:00+00:00,True,False
2026-02-09 18:00:00+00:00,2026-02-11 11:00:00+00:00,2026-02-11 16:00:00,1,41,0.551594058672587,3,2026-02-08 23:00:00+00:00,True,False
2026-02-09 18:00:00+00:00,2026-02-11 12:00:00+00:00,2026-02-11 17:00:00,1,42,0.963318407535553,3,2026-02-09 00:00:00+00:00,True,False
2026-02-09 18:00:00+00:00,2026-02-11 13:00:00+00:00,2026-02-11 18:00:00,1,43,0.9850074052810669,3,2026-02-09 01:00:00+00:00,True,False
2026-02-09 18:00:00+00:00,2026-02-11 14:00:00+00:00,2026-02-11 19:00:00,1,44,0.9642067154248556,3,2026-02-09 02:00:00+00:00,True,False
2026-02-09 18:00:00+00:00,2026-02-11 15:00:00+00:00,2026-02-11 20:00:00,1,45,0.8701432943344116,3,2026-02-09 03:00:00+00:00,True,False
2026-02-09 18:00:00+00:00,2026-02-11 16:00:00+00:00,2026-02-11 21:00:00,1,46,0.7637601296106974,3,2026-02-09 04:00:00+00:00,True,False
2026-02-09 18:00:00+00:00,2026-02-11 17:00:00+00:00,2026-02-11 22:00:00,1,47,0.5604784886042277,3,2026-02-09 05:00:00+00:00,True,False
2026-02-09 18:00:00+00:00,2026-02-11 18:00:00+00:00,2026-02-11 23:00:00,1,48,0.8620355327924093,3,2026-02-09 06:00:00+00:00,True,False
2026-02-09 18:00:00+00:00,2026-02-09 19:00:00+00:00,2026-02-10 00:00:00,2,1,0.038748130202293396,1,2026-02-09 07:00:00+00:00,True,False
2026-02-09 18:00:00+00:00,2026-02-09 20:00:00+00:00,2026-02-10 01:00:00,2,2,0.0737227164208889,1,2026-02-09 08:00:00+00:00,True,False
2026-02-09 18:00:00+00:00,2026-02-09 21:00:00+00:00,2026-02-10 02:00:00,2,3,0.14457297821839651,1,2026-02-09 09:00:00+00:00,True,False
2026-02-09 18:00:00+00:00,2026-02-09 22:00:00+00:00,2026-02-10 03:00:00,2,4,0.20012067258358002,1,2026-02-09 10:00:00+00:00,True,False
2026-02-09 18:00:00+00:00,2026-02-09 23:00:00+00:00,2026-02-10 04:00:00,2,5,0.1580079992612203,1,2026-02-09 11:00:00+00:00,True,False
2026-02-09 18:00:00+00:00,2026-02-10 00:00:00+00:00,2026-02-10 05:00:00,2,6,0.3410271604855855,1,2026-02-09 12:00:00+00:00,True,False
2026-02-09 18:00:00+00:00,2026-02-10 01:00:00+00:00,2026-02-10 06:00:00,2,7,0.04195956575373808,1,2026-02-09 13:00:00+00:00,True,False
2026-02-09 18:00:00+00:00,2026-02-10 02:00:00+00:00,2026-02-10 07:00:00,2,8,0.3635359009106954,1,2026-02-09 14:00:00+00:00,True,False
2026-02-09 18:00:00+00:00,2026-02-10 03:00:00+00:00,2026-02-10 08:00:00,2,9,0.14021840691566467,1,2026-02-09 15:00:00+00:00,True,False
2026-02-09 18:00:00+00:00,2026-02-10 04:00:00+00:00,2026-02-10 09:00:00,2,10,0.18738252421220145,1,2026-02-09 16:00:00+00:00,True,False
2026-02-09 18:00:00+00:00,2026-02-10 05:00:00+00:00,2026-02-10 10:00:00,2,11,0.19325890143712363,1,2026-02-09 17:00:00+00:00,True,False
2026-02-09 18:00:00+00:00,2026-02-10 06:00:00+00:00,2026-02-10 11:00:00,2,12,0.07754642019669215,1,2026-02-09 18:00:00+00:00,True,False
2026-02-09 18:00:00+00:00,2026-02-10 07:00:00+00:00,2026-02-10 12:00:00,2,13,0.1004441926876704,2,2026-02-08 19:00:00+00:00,True,False
2026-02-09 18:00:00+00:00,2026-02-10 08:00:00+00:00,2026-02-10 13:00:00,2,14,0.13648793349663416,2,2026-02-08 20:00:00+00:00,True,False
2026-02-09 18:00:00+00:00,2026-02-10 09:00:00+00:00,2026-02-10 14:00:00,2,15,0.22902118662993112,2,2026-02-08 21:00:00+00:00,True,False
2026-02-09 18:00:00+00:00,2026-02-10 10:00:00+00:00,2026-02-10 15:00:00,2,16,0.24834135671456656,2,2026-02-08 22:00:00+00:00,True,False
2026-02-09 18:00:00+00:00,2026-02-10 11:00:00+00:00,2026-02-10 16:00:00,2,17,0.27604832748572034,2,2026-02-08 23:00:00+00:00,True,False
2026-02-09 18:00:00+00:00,2026-02-10 12:00:00+00:00,2026-02-10 17:00:00,2,18,0.19908821086088815,2,2026-02-09 00:00:00+00:00,True,False
2026-02-09 18:00:00+00:00,2026-02-10 13:00:00+00:00,2026-02-10 18:00:00,2,19,0.15513592461744943,2,2026-02-09 01:00:00+00:00,True,False
2026-02-09 18:00:00+00:00,2026-02-10 14:00:00+00:00,2026-02-10 19:00:00,2,20,0.09341537455717723,2,2026-02-09 02:00:00+00:00,True,False
2026-02-09 18:00:00+00:00,2026-02-10 15:00:00+00:00,2026-02-10 20:00:00,2,21,0.0455129419763883,2,2026-02-09 03:00:00+00:00,True,False
2026-02-09 18:00:00+00:00,2026-02-10 16:00:00+00:00,2026-02-10 21:00:00,2,22,0.1654809166987737,2,2026-02-09 04:00:00+00:00,True,False
2026-02-09 18:00:00+00:00,2026-02-10 17:00:00+00:00,2026-02-10 22:00:00,2,23,0.559073269367218,2,2026-02-09 05:00:00+00:00,True,False
2026-02-09 18:00:00+00:00,2026-02-10 18:00:00+00:00,2026-02-10 23:00:00,2,24,0.8250366648038229,2,2026-02-09 06:00:00+00:00,True,False
2026-02-09 18:00:00+00:00,2026-02-10 19:00:00+00:00,2026-02-11 00:00:00,2,25,0.9255656599998474,2,2026-02-09 07:00:00+00:00,True,False
2026-02-09 18:00:00+00:00,2026-02-10 20:00:00+00:00,2026-02-11 01:00:00,2,26,0.9585687120755514,2,2026-02-09 08:00:00+00:00,True,False
2026-02-09 18:00:00+00:00,2026-02-10 21:00:00+00:00,2026-02-11 02:00:00,2,27,0.9717697501182556,2,2026-02-09 09:00:00+00:00,True,False
2026-02-09 18:00:00+00:00,2026-02-10 22:00:00+00:00,2026-02-11 03:00:00,2,28,0.9546739061673483,2,2026-02-09 10:00:00+00:00,True,False
2026-02-09 18:00:00+00:00,2026-02-10 23:00:00+00:00,2026-02-11 04:00:00,2,29,0.9032560388247172,2,2026-02-09 11:00:00+00:00,True,False
2026-02-09 18:00:00+00:00,2026-02-11 00:00:00+00:00,2026-02-11 05:00:00,2,30,0.3841329912344615,2,2026-02-09 12:00:00+00:00,True,False
2026-02-09 18:00:00+00:00,2026-02-11 01:00:00+00:00,2026-02-11 06:00:00,2,31,0.049191863586505256,2,2026-02-09 13:00:00+00:00,True,False
2026-02-09 18:00:00+00:00,2026-02-11 02:00:00+00:00,2026-02-11 07:00:00,2,32,0.014359110966324806,2,2026-02-09 14:00:00+00:00,True,False
2026-02-09 18:00:00+00:00,2026-02-11 03:00:00+00:00,2026-02-11 08:00:00,2,33,0.026000201081236202,2,2026-02-09 15:00:00+00:00,True,False
2026-02-09 18:00:00+00:00,2026-02-11 04:00:00+00:00,2026-02-11 09:00:00,2,34,0.024702948828538258,2,2026-02-09 16:00:00+00:00,True,False
2026-02-09 18:00:00+00:00,2026-02-11 05:00:00+00:00,2026-02-11 10:00:00,2,35,0.05266017218430837,2,2026-02-09 17:00:00+00:00,True,False
2026-02-09 18:00:00+00:00,2026-02-11 06:00:00+00:00,2026-02-11 11:00:00,2,36,0.833219031492869,2,2026-02-09 18:00:00+00:00,True,False
2026-02-09 18:00:00+00:00,2026-02-11 07:00:00+00:00,2026-02-11 12:00:00,2,37,0.31919681032498676,3,2026-02-08 19:00:00+00:00,True,False
2026-02-09 18:00:00+00:00,2026-02-11 08:00:00+00:00,2026-02-11 13:00:00,2,38,0.2487044632434845,3,2026-02-08 20:00:00+00:00,True,False
2026-02-09 18:00:00+00:00,2026-02-11 09:00:00+00:00,2026-02-11 14:00:00,2,39,0.07028763617078464,3,2026-02-08 21:00:00+00:00,True,False
2026-02-09 18:00:00+00:00,2026-02-11 10:00:00+00:00,2026-02-11 15:00:00,2,40,0.07148020962874095,3,2026-02-08 22:00:00+00:00,True,False
2026-02-09 18:00:00+00:00,2026-02-11 11:00:00+00:00,2026-02-11 16:00:00,2,41,0.5644318064053854,3,2026-02-08 23:00:00+00:00,True,False
2026-02-09 18:00:00+00:00,2026-02-11 12:00:00+00:00,2026-02-11 17:00:00,2,42,0.96041339635849,3,2026-02-09 00:00:00+00:00,True,False
2026-02-09 18:00:00+00:00,2026-02-11 13:00:00+00:00,2026-02-11 18:00:00,2,43,0.9829215606053671,3,2026-02-09 01:00:00+00:00,True,False
2026-02-09 18:00:00+00:00,2026-02-11 14:00:00+00:00,2026-02-11 19:00:00,2,44,0.9610907038052877,3,2026-02-09 02:00:00+00:00,True,False
2026-02-09 18:00:00+00:00,2026-02-11 15:00:00+00:00,2026-02-11 20:00:00,2,45,0.8664179444313049,3,2026-02-09 03:00:00+00:00,True,False
2026-02-09 18:00:00+00:00,2026-02-11 16:00:00+00:00,2026-02-11 21:00:00,2,46,0.7486788829167684,3,2026-02-09 04:00:00+00:00,True,False
2026-02-09 18:00:00+00:00,2026-02-11 17:00:00+00:00,2026-02-11 22:00:00,2,47,0.5515738129615784,3,2026-02-09 05:00:00+00:00,True,False
2026-02-09 18:00:00+00:00,2026-02-11 18:00:00+00:00,2026-02-11 23:00:00,2,48,0.8377803564071655,3,2026-02-09 06:00:00+00:00,True,False
2026-02-10 18:00:00+00:00,2026-02-10 19:00:00+00:00,2026-02-11 00:00:00,1,1,0.9671566287676493,1,2026-02-10 07:00:00+00:00,True,False
2026-02-10 18:00:00+00:00,2026-02-10 20:00:00+00:00,2026-02-11 01:00:00,1,2,0.9714955488840739,1,2026-02-10 08:00:00+00:00,True,False
2026-02-10 18:00:00+00:00,2026-02-10 21:00:00+00:00,2026-02-11 02:00:00,1,3,0.9684874415397644,1,2026-02-10 09:00:00+00:00,True,False
2026-02-10 18:00:00+00:00,2026-02-10 22:00:00+00:00,2026-02-11 03:00:00,1,4,0.94983971118927,1,2026-02-10 10:00:00+00:00,True,False
2026-02-10 18:00:00+00:00,2026-02-10 23:00:00+00:00,2026-02-11 04:00:00,1,5,0.8809831937154134,1,2026-02-10 11:00:00+00:00,True,False
2026-02-10 18:00:00+00:00,2026-02-11 00:00:00+00:00,2026-02-11 05:00:00,1,6,0.29692618052164715,1,2026-02-10 12:00:00+00:00,True,False
2026-02-10 18:00:00+00:00,2026-02-11 01:00:00+00:00,2026-02-11 06:00:00,1,7,0.02240883217503627,1,2026-02-10 13:00:00+00:00,True,False
2026-02-10 18:00:00+00:00,2026-02-11 02:00:00+00:00,2026-02-11 07:00:00,1,8,0.01805156034727891,1,2026-02-10 14:00:00+00:00,True,False
2026-02-10 18:00:00+00:00,2026-02-11 03:00:00+00:00,2026-02-11 08:00:00,1,9,0.04468782991170883,1,2026-02-10 15:00:00+00:00,True,False
2026-02-10 18:00:00+00:00,2026-02-11 04:00:00+00:00,2026-02-11 09:00:00,1,10,0.037840804706017174,1,2026-02-10 16:00:00+00:00,True,False
2026-02-10 18:00:00+00:00,2026-02-11 05:00:00+00:00,2026-02-11 10:00:00,1,11,0.13815812766551971,1,2026-02-10 17:00:00+00:00,True,False
2026-02-10 18:00:00+00:00,2026-02-11 06:00:00+00:00,2026-02-11 11:00:00,1,12,0.7703313032786051,1,2026-02-10 18:00:00+00:00,True,False
2026-02-10 18:00:00+00:00,2026-02-11 07:00:00+00:00,2026-02-11 12:00:00,1,13,0.9372809727986654,2,2026-02-09 19:00:00+00:00,True,False
2026-02-10 18:00:00+00:00,2026-02-11 08:00:00+00:00,2026-02-11 13:00:00,1,14,0.5485552946726481,2,2026-02-09 20:00:00+00:00,True,False
2026-02-10 18:00:00+00:00,2026-02-11 09:00:00+00:00,2026-02-11 14:00:00,1,15,0.07158456991116206,2,2026-02-09 21:00:00+00:00,True,False
2026-02-10 18:00:00+00:00,2026-02-11 10:00:00+00:00,2026-02-11 15:00:00,1,16,0.29485992590586346,2,2026-02-09 22:00:00+00:00,True,False
2026-02-10 18:00:00+00:00,2026-02-11 11:00:00+00:00,2026-02-11 16:00:00,1,17,0.4828680157661438,2,2026-02-09 23:00:00+00:00,True,False
2026-02-10 18:00:00+00:00,2026-02-11 12:00:00+00:00,2026-02-11 17:00:00,1,18,0.9736083547274271,2,2026-02-10 00:00:00+00:00,True,False
2026-02-10 18:00:00+00:00,2026-02-11 13:00:00+00:00,2026-02-11 18:00:00,1,19,0.9520084460576376,2,2026-02-10 01:00:00+00:00,True,False
2026-02-10 18:00:00+00:00,2026-02-11 14:00:00+00:00,2026-02-11 19:00:00,1,20,0.9657614628473917,2,2026-02-10 02:00:00+00:00,True,False
2026-02-10 18:00:00+00:00,2026-02-11 15:00:00+00:00,2026-02-11 20:00:00,1,21,0.9506781299908956,2,2026-02-10 03:00:00+00:00,True,False
2026-02-10 18:00:00+00:00,2026-02-11 16:00:00+00:00,2026-02-11 21:00:00,1,22,0.9123435020446777,2,2026-02-10 04:00:00+00:00,True,False
2026-02-10 18:00:00+00:00,2026-02-11 17:00:00+00:00,2026-02-11 22:00:00,1,23,0.8800514936447144,2,2026-02-10 05:00:00+00:00,True,False
2026-02-10 18:00:00+00:00,2026-02-11 18:00:00+00:00,2026-02-11 23:00:00,1,24,0.7085003852844238,2,2026-02-10 06:00:00+00:00,True,False
2026-02-10 18:00:00+00:00,2026-02-11 19:00:00+00:00,2026-02-12 00:00:00,1,25,0.7727967699368795,2,2026-02-10 07:00:00+00:00,True,False
2026-02-10 18:00:00+00:00,2026-02-11 20:00:00+00:00,2026-02-12 01:00:00,1,26,0.763770600159963,2,2026-02-10 08:00:00+00:00,True,False
2026-02-10 18:00:00+00:00,2026-02-11 21:00:00+00:00,2026-02-12 02:00:00,1,27,0.6389354666074117,2,2026-02-10 09:00:00+00:00,True,False
2026-02-10 18:00:00+00:00,2026-02-11 22:00:00+00:00,2026-02-12 03:00:00,1,28,0.5162157515684763,2,2026-02-10 10:00:00+00:00,True,False
2026-02-10 18:00:00+00:00,2026-02-11 23:00:00+00:00,2026-02-12 04:00:00,1,29,0.4323769807815552,2,2026-02-10 11:00:00+00:00,True,False
2026-02-10 18:00:00+00:00,2026-02-12 00:00:00+00:00,2026-02-12 05:00:00,1,30,0.36890315016110736,2,2026-02-10 12:00:00+00:00,True,False
2026-02-10 18:00:00+00:00,2026-02-12 01:00:00+00:00,2026-02-12 06:00:00,1,31,0.16906283795833588,2,2026-02-10 13:00:00+00:00,True,False
2026-02-10 18:00:00+00:00,2026-02-12 02:00:00+00:00,2026-02-12 07:00:00,1,32,0.0854168285926183,2,2026-02-10 14:00:00+00:00,True,False
2026-02-10 18:00:00+00:00,2026-02-12 03:00:00+00:00,2026-02-12 08:00:00,1,33,0.05331653791169325,2,2026-02-10 15:00:00+00:00,True,False
2026-02-10 18:00:00+00:00,2026-02-12 04:00:00+00:00,2026-02-12 09:00:00,1,34,0.037783327822883926,2,2026-02-10 16:00:00+00:00,True,False
2026-02-10 18:00:00+00:00,2026-02-12 05:00:00+00:00,2026-02-12 10:00:00,1,35,0.02932572488983472,2,2026-02-10 17:00:00+00:00,True,False
2026-02-10 18:00:00+00:00,2026-02-12 06:00:00+00:00,2026-02-12 11:00:00,1,36,0.018127363175153732,2,2026-02-10 18:00:00+00:00,True,False
2026-02-10 18:00:00+00:00,2026-02-12 07:00:00+00:00,2026-02-12 12:00:00,1,37,0.020886180301507313,3,2026-02-09 19:00:00+00:00,True,False
2026-02-10 18:00:00+00:00,2026-02-12 08:00:00+00:00,2026-02-12 13:00:00,1,38,0.02547111672659715,3,2026-02-09 20:00:00+00:00,True,False
2026-02-10 18:00:00+00:00,2026-02-12 09:00:00+00:00,2026-02-12 14:00:00,1,39,0.044917563597361244,3,2026-02-09 21:00:00+00:00,True,False
2026-02-10 18:00:00+00:00,2026-02-12 10:00:00+00:00,2026-02-12 15:00:00,1,40,0.08092137922843297,3,2026-02-09 22:00:00+00:00,True,False
2026-02-10 18:00:00+00:00,2026-02-12 11:00:00+00:00,2026-02-12 16:00:00,1,41,0.17468753457069397,3,2026-02-09 23:00:00+00:00,True,False
2026-02-10 18:00:00+00:00,2026-02-12 12:00:00+00:00,2026-02-12 17:00:00,1,42,0.4770040611426036,3,2026-02-10 00:00:00+00:00,True,False
2026-02-10 18:00:00+00:00,2026-02-12 13:00:00+00:00,2026-02-12 18:00:00,1,43,0.5222470760345459,3,2026-02-10 01:00:00+00:00,True,False
2026-02-10 18:00:00+00:00,2026-02-12 14:00:00+00:00,2026-02-12 19:00:00,1,44,0.4333108464876811,3,2026-02-10 02:00:00+00:00,True,False
2026-02-10 18:00:00+00:00,2026-02-12 15:00:00+00:00,2026-02-12 20:00:00,1,45,0.2992267707983653,3,2026-02-10 03:00:00+00:00,True,False
2026-02-10 18:00:00+00:00,2026-02-12 16:00:00+00:00,2026-02-12 21:00:00,1,46,0.23538712660471597,3,2026-02-10 04:00:00+00:00,True,False
2026-02-10 18:00:00+00:00,2026-02-12 17:00:00+00:00,2026-02-12 22:00:00,1,47,0.152952050169309,3,2026-02-10 05:00:00+00:00,True,False
2026-02-10 18:00:00+00:00,2026-02-12 18:00:00+00:00,2026-02-12 23:00:00,1,48,0.03935035442312559,3,2026-02-10 06:00:00+00:00,True,False
2026-02-10 18:00:00+00:00,2026-02-10 19:00:00+00:00,2026-02-11 00:00:00,2,1,0.9606558680534363,1,2026-02-10 07:00:00+00:00,True,False
2026-02-10 18:00:00+00:00,2026-02-10 20:00:00+00:00,2026-02-11 01:00:00,2,2,0.9649715224901835,1,2026-02-10 08:00:00+00:00,True,False
2026-02-10 18:00:00+00:00,2026-02-10 21:00:00+00:00,2026-02-11 02:00:00,2,3,0.9599310159683228,1,2026-02-10 09:00:00+00:00,True,False
2026-02-10 18:00:00+00:00,2026-02-10 22:00:00+00:00,2026-02-11 03:00:00,2,4,0.9370291829109192,1,2026-02-10 10:00:00+00:00,True,False
2026-02-10 18:00:00+00:00,2026-02-10 23:00:00+00:00,2026-02-11 04:00:00,2,5,0.8534949024518331,1,2026-02-10 11:00:00+00:00,True,False
2026-02-10 18:00:00+00:00,2026-02-11 00:00:00+00:00,2026-02-11 05:00:00,2,6,0.23241807023684183,1,2026-02-10 12:00:00+00:00,True,False
2026-02-10 18:00:00+00:00,2026-02-11 01:00:00+00:00,2026-02-11 06:00:00,2,7,0.022334106887380283,1,2026-02-10 13:00:00+00:00,True,False
2026-02-10 18:00:00+00:00,2026-02-11 02:00:00+00:00,2026-02-11 07:00:00,2,8,0.01758826058357954,1,2026-02-10 14:00:00+00:00,True,False
2026-02-10 18:00:00+00:00,2026-02-11 03:00:00+00:00,2026-02-11 08:00:00,2,9,0.04498741775751114,1,2026-02-10 15:00:00+00:00,True,False
2026-02-10 18:00:00+00:00,2026-02-11 04:00:00+00:00,2026-02-11 09:00:00,2,10,0.04054867848753929,1,2026-02-10 16:00:00+00:00,True,False
2026-02-10 18:00:00+00:00,2026-02-11 05:00:00+00:00,2026-02-11 10:00:00,2,11,0.14262637744347254,1,2026-02-10 17:00:00+00:00,True,False
2026-02-10 18:00:00+00:00,2026-02-11 06:00:00+00:00,2026-02-11 11:00:00,2,12,0.785127600034078,1,2026-02-10 18:00:00+00:00,True,False
2026-02-10 18:00:00+00:00,2026-02-11 07:00:00+00:00,2026-02-11 12:00:00,2,13,0.9391132593154907,2,2026-02-09 19:00:00+00:00,True,False
2026-02-10 18:00:00+00:00,2026-02-11 08:00:00+00:00,2026-02-11 13:00:00,2,14,0.5521555344263712,2,2026-02-09 20:00:00+00:00,True,False
2026-02-10 18:00:00+00:00,2026-02-11 09:00:00+00:00,2026-02-11 14:00:00,2,15,0.07382152726252873,2,2026-02-09 21:00:00+00:00,True,False
2026-02-10 18:00:00+00:00,2026-02-11 10:00:00+00:00,2026-02-11 15:00:00,2,16,0.30863956610361737,2,2026-02-09 22:00:00+00:00,True,False
2026-02-10 18:00:00+00:00,2026-02-11 11:00:00+00:00,2026-02-11 16:00:00,2,17,0.5194402039051056,2,2026-02-09 23:00:00+00:00,True,False
2026-02-10 18:00:00+00:00,2026-02-11 12:00:00+00:00,2026-02-11 17:00:00,2,18,0.9752458930015564,2,2026-02-10 00:00:00+00:00,True,False
2026-02-10 18:00:00+00:00,2026-02-11 13:00:00+00:00,2026-02-11 18:00:00,2,19,0.9546103874842325,2,2026-02-10 01:00:00+00:00,True,False
2026-02-10 18:00:00+00:00,2026-02-11 14:00:00+00:00,2026-02-11 19:00:00,2,20,0.9660663406054179,2,2026-02-10 02:00:00+00:00,True,False
2026-02-10 18:00:00+00:00,2026-02-11 15:00:00+00:00,2026-02-11 20:00:00,2,21,0.9473566810290018,2,2026-02-10 03:00:00+00:00,True,False
2026-02-10 18:00:00+00:00,2026-02-11 16:00:00+00:00,2026-02-11 21:00:00,2,22,0.8996073802312216,2,2026-02-10 04:00:00+00:00,True,False
2026-02-10 18:00:00+00:00,2026-02-11 17:00:00+00:00,2026-02-11 22:00:00,2,23,0.8548572460810343,2,2026-02-10 05:00:00+00:00,True,False
2026-02-10 18:00:00+00:00,2026-02-11 18:00:00+00:00,2026-02-11 23:00:00,2,24,0.6775194009145101,2,2026-02-10 06:00:00+00:00,True,False
2026-02-10 18:00:00+00:00,2026-02-11 19:00:00+00:00,2026-02-12 00:00:00,2,25,0.7532530426979065,2,2026-02-10 07:00:00+00:00,True,False
2026-02-10 18:00:00+00:00,2026-02-11 20:00:00+00:00,2026-02-12 01:00:00,2,26,0.7606086532274882,2,2026-02-10 08:00:00+00:00,True,False
2026-02-10 18:00:00+00:00,2026-02-11 21:00:00+00:00,2026-02-12 02:00:00,2,27,0.652490496635437,2,2026-02-10 09:00:00+00:00,True,False
2026-02-10 18:00:00+00:00,2026-02-11 22:00:00+00:00,2026-02-12 03:00:00,2,28,0.5263126691182455,2,2026-02-10 10:00:00+00:00,True,False
2026-02-10 18:00:00+00:00,2026-02-11 23:00:00+00:00,2026-02-12 04:00:00,2,29,0.4522728721300761,2,2026-02-10 11:00:00+00:00,True,False
2026-02-10 18:00:00+00:00,2026-02-12 00:00:00+00:00,2026-02-12 05:00:00,2,30,0.37777699033419293,2,2026-02-10 12:00:00+00:00,True,False
2026-02-10 18:00:00+00:00,2026-02-12 01:00:00+00:00,2026-02-12 06:00:00,2,31,0.17086623112360635,2,2026-02-10 13:00:00+00:00,True,False
2026-02-10 18:00:00+00:00,2026-02-12 02:00:00+00:00,2026-02-12 07:00:00,2,32,0.08477897693713506,2,2026-02-10 14:00:00+00:00,True,False
2026-02-10 18:00:00+00:00,2026-02-12 03:00:00+00:00,2026-02-12 08:00:00,2,33,0.053239766508340836,2,2026-02-10 15:00:00+00:00,True,False
2026-02-10 18:00:00+00:00,2026-02-12 04:00:00+00:00,2026-02-12 09:00:00,2,34,0.03692247346043587,2,2026-02-10 16:00:00+00:00,True,False
2026-02-10 18:00:00+00:00,2026-02-12 05:00:00+00:00,2026-02-12 10:00:00,2,35,0.028954045847058296,2,2026-02-10 17:00:00+00:00,True,False
2026-02-10 18:00:00+00:00,2026-02-12 06:00:00+00:00,2026-02-12 11:00:00,2,36,0.017197640612721443,2,2026-02-10 18:00:00+00:00,True,False
2026-02-10 18:00:00+00:00,2026-02-12 07:00:00+00:00,2026-02-12 12:00:00,2,37,0.01931531634181738,3,2026-02-09 19:00:00+00:00,True,False
2026-02-10 18:00:00+00:00,2026-02-12 08:00:00+00:00,2026-02-12 13:00:00,2,38,0.023637005127966404,3,2026-02-09 20:00:00+00:00,True,False
2026-02-10 18:00:00+00:00,2026-02-12 09:00:00+00:00,2026-02-12 14:00:00,2,39,0.04233427532017231,3,2026-02-09 21:00:00+00:00,True,False
2026-02-10 18:00:00+00:00,2026-02-12 10:00:00+00:00,2026-02-12 15:00:00,2,40,0.07793985928098361,3,2026-02-09 22:00:00+00:00,True,False
2026-02-10 18:00:00+00:00,2026-02-12 11:00:00+00:00,2026-02-12 16:00:00,2,41,0.16207208236058554,3,2026-02-09 23:00:00+00:00,True,False
2026-02-10 18:00:00+00:00,2026-02-12 12:00:00+00:00,2026-02-12 17:00:00,2,42,0.507513036330541,3,2026-02-10 00:00:00+00:00,True,False
2026-02-10 18:00:00+00:00,2026-02-12 13:00:00+00:00,2026-02-12 18:00:00,2,43,0.5382984081904093,3,2026-02-10 01:00:00+00:00,True,False
2026-02-10 18:00:00+00:00,2026-02-12 14:00:00+00:00,2026-02-12 19:00:00,2,44,0.4363480508327484,3,2026-02-10 02:00:00+00:00,True,False
2026-02-10 18:00:00+00:00,2026-02-12 15:00:00+00:00,2026-02-12 20:00:00,2,45,0.2896534601847331,3,2026-02-10 03:00:00+00:00,True,False
2026-02-10 18:00:00+00:00,2026-02-12 16:00:00+00:00,2026-02-12 21:00:00,2,46,0.2235320806503296,3,2026-02-10 04:00:00+00:00,True,False
2026-02-10 18:00:00+00:00,2026-02-12 17:00:00+00:00,2026-02-12 22:00:00,2,47,0.14682633678118387,3,2026-02-10 05:00:00+00:00,True,False
2026-02-10 18:00:00+00:00,2026-02-12 18:00:00+00:00,2026-02-12 23:00:00,2,48,0.03536405973136425,3,2026-02-10 06:00:00+00:00,True,False
2026-02-11 18:00:00+00:00,2026-02-11 19:00:00+00:00,2026-02-12 00:00:00,1,1,0.4397088587284088,1,2026-02-11 07:00:00+00:00,True,False
2026-02-11 18:00:00+00:00,2026-02-11 20:00:00+00:00,2026-02-12 01:00:00,1,2,0.5819039742151896,1,2026-02-11 08:00:00+00:00,True,False
2026-02-11 18:00:00+00:00,2026-02-11 21:00:00+00:00,2026-02-12 02:00:00,1,3,0.5740943749745687,1,2026-02-11 09:00:00+00:00,True,False
2026-02-11 18:00:00+00:00,2026-02-11 22:00:00+00:00,2026-02-12 03:00:00,1,4,0.4835648735364278,1,2026-02-11 10:00:00+00:00,True,False
2026-02-11 18:00:00+00:00,2026-02-11 23:00:00+00:00,2026-02-12 04:00:00,1,5,0.3656122883160909,1,2026-02-11 11:00:00+00:00,True,False
2026-02-11 18:00:00+00:00,2026-02-12 00:00:00+00:00,2026-02-12 05:00:00,1,6,0.0568754089375337,1,2026-02-11 12:00:00+00:00,True,False
2026-02-11 18:00:00+00:00,2026-02-12 01:00:00+00:00,2026-02-12 06:00:00,1,7,0.03591939869026343,1,2026-02-11 13:00:00+00:00,True,False
2026-02-11 18:00:00+00:00,2026-02-12 02:00:00+00:00,2026-02-12 07:00:00,1,8,0.025283226743340492,1,2026-02-11 14:00:00+00:00,True,False
2026-02-11 18:00:00+00:00,2026-02-12 03:00:00+00:00,2026-02-12 08:00:00,1,9,0.019270503893494606,1,2026-02-11 15:00:00+00:00,True,False
2026-02-11 18:00:00+00:00,2026-02-12 04:00:00+00:00,2026-02-12 09:00:00,1,10,0.009984726086258888,1,2026-02-11 16:00:00+00:00,True,False
2026-02-11 18:00:00+00:00,2026-02-12 05:00:00+00:00,2026-02-12 10:00:00,1,11,0.009693321151038011,1,2026-02-11 17:00:00+00:00,True,False
2026-02-11 18:00:00+00:00,2026-02-12 06:00:00+00:00,2026-02-12 11:00:00,1,12,0.06667488689223926,1,2026-02-11 18:00:00+00:00,True,False
2026-02-11 18:00:00+00:00,2026-02-12 07:00:00+00:00,2026-02-12 12:00:00,1,13,0.021252828029294808,2,2026-02-10 19:00:00+00:00,True,False
2026-02-11 18:00:00+00:00,2026-02-12 08:00:00+00:00,2026-02-12 13:00:00,1,14,0.022883046107987564,2,2026-02-10 20:00:00+00:00,True,False
2026-02-11 18:00:00+00:00,2026-02-12 09:00:00+00:00,2026-02-12 14:00:00,1,15,0.02828313099841277,2,2026-02-10 21:00:00+00:00,True,False
2026-02-11 18:00:00+00:00,2026-02-12 10:00:00+00:00,2026-02-12 15:00:00,1,16,0.033310674130916595,2,2026-02-10 22:00:00+00:00,True,False
2026-02-11 18:00:00+00:00,2026-02-12 11:00:00+00:00,2026-02-12 16:00:00,1,17,0.04625756417711576,2,2026-02-10 23:00:00+00:00,True,False
2026-02-11 18:00:00+00:00,2026-02-12 12:00:00+00:00,2026-02-12 17:00:00,1,18,0.06732992952068646,2,2026-02-11 00:00:00+00:00,True,False
2026-02-11 18:00:00+00:00,2026-02-12 13:00:00+00:00,2026-02-12 18:00:00,1,19,0.08142225320140521,2,2026-02-11 01:00:00+00:00,True,False
2026-02-11 18:00:00+00:00,2026-02-12 14:00:00+00:00,2026-02-12 19:00:00,1,20,0.11662459125121434,2,2026-02-11 02:00:00+00:00,True,False
2026-02-11 18:00:00+00:00,2026-02-12 15:00:00+00:00,2026-02-12 20:00:00,1,21,0.18020285665988922,2,2026-02-11 03:00:00+00:00,True,False
2026-02-11 18:00:00+00:00,2026-02-12 16:00:00+00:00,2026-02-12 21:00:00,1,22,0.31999294956525165,2,2026-02-11 04:00:00+00:00,True,False
2026-02-11 18:00:00+00:00,2026-02-12 17:00:00+00:00,2026-02-12 22:00:00,1,23,0.4663266142209371,2,2026-02-11 05:00:00+00:00,True,False
2026-02-11 18:00:00+00:00,2026-02-12 18:00:00+00:00,2026-02-12 23:00:00,1,24,0.3200217584768931,2,2026-02-11 06:00:00+00:00,True,False
2026-02-11 18:00:00+00:00,2026-02-12 19:00:00+00:00,2026-02-13 00:00:00,1,25,0.31298381090164185,2,2026-02-11 07:00:00+00:00,True,False
2026-02-11 18:00:00+00:00,2026-02-12 20:00:00+00:00,2026-02-13 01:00:00,1,26,0.21356700360774994,2,2026-02-11 08:00:00+00:00,True,False
2026-02-11 18:00:00+00:00,2026-02-12 21:00:00+00:00,2026-02-13 02:00:00,1,27,0.10753632833560307,2,2026-02-11 09:00:00+00:00,True,False
2026-02-11 18:00:00+00:00,2026-02-12 22:00:00+00:00,2026-02-13 03:00:00,1,28,0.06365701307853062,2,2026-02-11 10:00:00+00:00,True,False
2026-02-11 18:00:00+00:00,2026-02-12 23:00:00+00:00,2026-02-13 04:00:00,1,29,0.03667391588290533,2,2026-02-11 11:00:00+00:00,True,False
2026-02-11 18:00:00+00:00,2026-02-13 00:00:00+00:00,2026-02-13 05:00:00,1,30,0.022409759772320587,2,2026-02-11 12:00:00+00:00,True,False
2026-02-11 18:00:00+00:00,2026-02-13 01:00:00+00:00,2026-02-13 06:00:00,1,31,0.0175974378362298,2,2026-02-11 13:00:00+00:00,True,False
2026-02-11 18:00:00+00:00,2026-02-13 02:00:00+00:00,2026-02-13 07:00:00,1,32,0.019195337158938248,2,2026-02-11 14:00:00+00:00,True,False
2026-02-11 18:00:00+00:00,2026-02-13 03:00:00+00:00,2026-02-13 08:00:00,1,33,0.019792531927426655,2,2026-02-11 15:00:00+00:00,True,False
2026-02-11 18:00:00+00:00,2026-02-13 04:00:00+00:00,2026-02-13 09:00:00,1,34,0.024585269081095856,2,2026-02-11 16:00:00+00:00,True,False
2026-02-11 18:00:00+00:00,2026-02-13 05:00:00+00:00,2026-02-13 10:00:00,1,35,0.018354524858295918,2,2026-02-11 17:00:00+00:00,True,False
2026-02-11 18:00:00+00:00,2026-02-13 06:00:00+00:00,2026-02-13 11:00:00,1,36,0.015648732893168926,2,2026-02-11 18:00:00+00:00,True,False
2026-02-11 18:00:00+00:00,2026-02-13 07:00:00+00:00,2026-02-13 12:00:00,1,37,0.03404751047492027,3,2026-02-10 19:00:00+00:00,True,False
2026-02-11 18:00:00+00:00,2026-02-13 08:00:00+00:00,2026-02-13 13:00:00,1,38,0.033255829786260925,3,2026-02-10 20:00:00+00:00,True,False
2026-02-11 18:00:00+00:00,2026-02-13 09:00:00+00:00,2026-02-13 14:00:00,1,39,0.07172821586330731,3,2026-02-10 21:00:00+00:00,True,False
2026-02-11 18:00:00+00:00,2026-02-13 10:00:00+00:00,2026-02-13 15:00:00,1,40,0.08218460405866305,3,2026-02-10 22:00:00+00:00,True,False
2026-02-11 18:00:00+00:00,2026-02-13 11:00:00+00:00,2026-02-13 16:00:00,1,41,0.09028260161479314,3,2026-02-10 23:00:00+00:00,True,False
2026-02-11 18:00:00+00:00,2026-02-13 12:00:00+00:00,2026-02-13 17:00:00,1,42,0.056846498201290764,3,2026-02-11 00:00:00+00:00,True,False
2026-02-11 18:00:00+00:00,2026-02-13 13:00:00+00:00,2026-02-13 18:00:00,1,43,0.04347863172491392,3,2026-02-11 01:00:00+00:00,True,False
2026-02-11 18:00:00+00:00,2026-02-13 14:00:00+00:00,2026-02-13 19:00:00,1,44,0.04114848064879576,3,2026-02-11 02:00:00+00:00,True,False
2026-02-11 18:00:00+00:00,2026-02-13 15:00:00+00:00,2026-02-13 20:00:00,1,45,0.04840841765205065,3,2026-02-11 03:00:00+00:00,True,False
2026-02-11 18:00:00+00:00,2026-02-13 16:00:00+00:00,2026-02-13 21:00:00,1,46,0.07353516047199567,3,2026-02-11 04:00:00+00:00,True,False
2026-02-11 18:00:00+00:00,2026-02-13 17:00:00+00:00,2026-02-13 22:00:00,1,47,0.1092367097735405,3,2026-02-11 05:00:00+00:00,True,False
2026-02-11 18:00:00+00:00,2026-02-13 18:00:00+00:00,2026-02-13 23:00:00,1,48,0.09478299816449483,3,2026-02-11 06:00:00+00:00,True,False
2026-02-11 18:00:00+00:00,2026-02-11 19:00:00+00:00,2026-02-12 00:00:00,2,1,0.4251515467961629,1,2026-02-11 07:00:00+00:00,True,False
2026-02-11 18:00:00+00:00,2026-02-11 20:00:00+00:00,2026-02-12 01:00:00,2,2,0.6025956273078918,1,2026-02-11 08:00:00+00:00,True,False
2026-02-11 18:00:00+00:00,2026-02-11 21:00:00+00:00,2026-02-12 02:00:00,2,3,0.5693453152974447,1,2026-02-11 09:00:00+00:00,True,False
2026-02-11 18:00:00+00:00,2026-02-11 22:00:00+00:00,2026-02-12 03:00:00,2,4,0.46055375536282855,1,2026-02-11 10:00:00+00:00,True,False
2026-02-11 18:00:00+00:00,2026-02-11 23:00:00+00:00,2026-02-12 04:00:00,2,5,0.34627629319826764,1,2026-02-11 11:00:00+00:00,True,False
2026-02-11 18:00:00+00:00,2026-02-12 00:00:00+00:00,2026-02-12 05:00:00,2,6,0.05494558811187744,1,2026-02-11 12:00:00+00:00,True,False
2026-02-11 18:00:00+00:00,2026-02-12 01:00:00+00:00,2026-02-12 06:00:00,2,7,0.036054641008377075,1,2026-02-11 13:00:00+00:00,True,False
2026-02-11 18:00:00+00:00,2026-02-12 02:00:00+00:00,2026-02-12 07:00:00,2,8,0.02448421095808347,1,2026-02-11 14:00:00+00:00,True,False
2026-02-11 18:00:00+00:00,2026-02-12 03:00:00+00:00,2026-02-12 08:00:00,2,9,0.01843740263332923,1,2026-02-11 15:00:00+00:00,True,False
2026-02-11 18:00:00+00:00,2026-02-12 04:00:00+00:00,2026-02-12 09:00:00,2,10,0.009066885647674402,1,2026-02-11 16:00:00+00:00,True,False
2026-02-11 18:00:00+00:00,2026-02-12 05:00:00+00:00,2026-02-12 10:00:00,2,11,0.009004448540508747,1,2026-02-11 17:00:00+00:00,True,False
2026-02-11 18:00:00+00:00,2026-02-12 06:00:00+00:00,2026-02-12 11:00:00,2,12,0.06159446885188421,1,2026-02-11 18:00:00+00:00,True,False
2026-02-11 18:00:00+00:00,2026-02-12 07:00:00+00:00,2026-02-12 12:00:00,2,13,0.019999182783067226,2,2026-02-10 19:00:00+00:00,True,False
2026-02-11 18:00:00+00:00,2026-02-12 08:00:00+00:00,2026-02-12 13:00:00,2,14,0.021396943368017673,2,2026-02-10 20:00:00+00:00,True,False
2026-02-11 18:00:00+00:00,2026-02-12 09:00:00+00:00,2026-02-12 14:00:00,2,15,0.02624990853170554,2,2026-02-10 21:00:00+00:00,True,False
2026-02-11 18:00:00+00:00,2026-02-12 10:00:00+00:00,2026-02-12 15:00:00,2,16,0.030589476227760315,2,2026-02-10 22:00:00+00:00,True,False
2026-02-11 18:00:00+00:00,2026-02-12 11:00:00+00:00,2026-02-12 16:00:00,2,17,0.042018493016560875,2,2026-02-10 23:00:00+00:00,True,False
2026-02-11 18:00:00+00:00,2026-02-12 12:00:00+00:00,2026-02-12 17:00:00,2,18,0.06341765075922012,2,2026-02-11 00:00:00+00:00,True,False
2026-02-11 18:00:00+00:00,2026-02-12 13:00:00+00:00,2026-02-12 18:00:00,2,19,0.07838398963212967,2,2026-02-11 01:00:00+00:00,True,False
2026-02-11 18:00:00+00:00,2026-02-12 14:00:00+00:00,2026-02-12 19:00:00,2,20,0.11370329558849335,2,2026-02-11 02:00:00+00:00,True,False
2026-02-11 18:00:00+00:00,2026-02-12 15:00:00+00:00,2026-02-12 20:00:00,2,21,0.17496206859747568,2,2026-02-11 03:00:00+00:00,True,False
2026-02-11 18:00:00+00:00,2026-02-12 16:00:00+00:00,2026-02-12 21:00:00,2,22,0.30307220419247943,2,2026-02-11 04:00:00+00:00,True,False
2026-02-11 18:00:00+00:00,2026-02-12 17:00:00+00:00,2026-02-12 22:00:00,2,23,0.4561363259951274,2,2026-02-11 05:00:00+00:00,True,False
2026-02-11 18:00:00+00:00,2026-02-12 18:00:00+00:00,2026-02-12 23:00:00,2,24,0.3233805298805237,2,2026-02-11 06:00:00+00:00,True,False
2026-02-11 18:00:00+00:00,2026-02-12 19:00:00+00:00,2026-02-13 00:00:00,2,25,0.3158431649208069,2,2026-02-11 07:00:00+00:00,True,False
2026-02-11 18:00:00+00:00,2026-02-12 20:00:00+00:00,2026-02-13 01:00:00,2,26,0.21115216612815857,2,2026-02-11 08:00:00+00:00,True,False
2026-02-11 18:00:00+00:00,2026-02-12 21:00:00+00:00,2026-02-13 02:00:00,2,27,0.10158114631970723,2,2026-02-11 09:00:00+00:00,True,False
2026-02-11 18:00:00+00:00,2026-02-12 22:00:00+00:00,2026-02-13 03:00:00,2,28,0.05887946610649427,2,2026-02-11 10:00:00+00:00,True,False
2026-02-11 18:00:00+00:00,2026-02-12 23:00:00+00:00,2026-02-13 04:00:00,2,29,0.03338992471496264,2,2026-02-11 11:00:00+00:00,True,False
2026-02-11 18:00:00+00:00,2026-02-13 00:00:00+00:00,2026-02-13 05:00:00,2,30,0.021368229761719704,2,2026-02-11 12:00:00+00:00,True,False
2026-02-11 18:00:00+00:00,2026-02-13 01:00:00+00:00,2026-02-13 06:00:00,2,31,0.0173081507285436,2,2026-02-11 13:00:00+00:00,True,False
2026-02-11 18:00:00+00:00,2026-02-13 02:00:00+00:00,2026-02-13 07:00:00,2,32,0.018845096851388615,2,2026-02-11 14:00:00+00:00,True,False
2026-02-11 18:00:00+00:00,2026-02-13 03:00:00+00:00,2026-02-13 08:00:00,2,33,0.018315589365859825,2,2026-02-11 15:00:00+00:00,True,False
2026-02-11 18:00:00+00:00,2026-02-13 04:00:00+00:00,2026-02-13 09:00:00,2,34,0.023259340164562065,2,2026-02-11 16:00:00+00:00,True,False
2026-02-11 18:00:00+00:00,2026-02-13 05:00:00+00:00,2026-02-13 10:00:00,2,35,0.017618360929191113,2,2026-02-11 17:00:00+00:00,True,False
2026-02-11 18:00:00+00:00,2026-02-13 06:00:00+00:00,2026-02-13 11:00:00,2,36,0.014757290482521057,2,2026-02-11 18:00:00+00:00,True,False
2026-02-11 18:00:00+00:00,2026-02-13 07:00:00+00:00,2026-02-13 12:00:00,2,37,0.031702994058529534,3,2026-02-10 19:00:00+00:00,True,False
2026-02-11 18:00:00+00:00,2026-02-13 08:00:00+00:00,2026-02-13 13:00:00,2,38,0.03362704130510489,3,2026-02-10 20:00:00+00:00,True,False
2026-02-11 18:00:00+00:00,2026-02-13 09:00:00+00:00,2026-02-13 14:00:00,2,39,0.07020348434646924,3,2026-02-10 21:00:00+00:00,True,False
2026-02-11 18:00:00+00:00,2026-02-13 10:00:00+00:00,2026-02-13 15:00:00,2,40,0.07526196539402008,3,2026-02-10 22:00:00+00:00,True,False
2026-02-11 18:00:00+00:00,2026-02-13 11:00:00+00:00,2026-02-13 16:00:00,2,41,0.081586138655742,3,2026-02-10 23:00:00+00:00,True,False
2026-02-11 18:00:00+00:00,2026-02-13 12:00:00+00:00,2026-02-13 17:00:00,2,42,0.05194192752242088,3,2026-02-11 00:00:00+00:00,True,False
2026-02-11 18:00:00+00:00,2026-02-13 13:00:00+00:00,2026-02-13 18:00:00,2,43,0.04235967621207237,3,2026-02-11 01:00:00+00:00,True,False
2026-02-11 18:00:00+00:00,2026-02-13 14:00:00+00:00,2026-02-13 19:00:00,2,44,0.038210762043794,3,2026-02-11 02:00:00+00:00,True,False
2026-02-11 18:00:00+00:00,2026-02-13 15:00:00+00:00,2026-02-13 20:00:00,2,45,0.04282256836692492,3,2026-02-11 03:00:00+00:00,True,False
2026-02-11 18:00:00+00:00,2026-02-13 16:00:00+00:00,2026-02-13 21:00:00,2,46,0.06487680971622467,3,2026-02-11 04:00:00+00:00,True,False
2026-02-11 18:00:00+00:00,2026-02-13 17:00:00+00:00,2026-02-13 22:00:00,2,47,0.09320272753636043,3,2026-02-11 05:00:00+00:00,True,False
2026-02-11 18:00:00+00:00,2026-02-13 18:00:00+00:00,2026-02-13 23:00:00,2,48,0.08940583964188893,3,2026-02-11 06:00:00+00:00,True,False
2026-02-12 18:00:00+00:00,2026-02-12 19:00:00+00:00,2026-02-13 00:00:00,1,1,0.025472382083535194,1,2026-02-12 07:00:00+00:00,True,False
2026-02-12 18:00:00+00:00,2026-02-12 20:00:00+00:00,2026-02-13 01:00:00,1,2,0.0179708373422424,1,2026-02-12 08:00:00+00:00,True,False
2026-02-12 18:00:00+00:00,2026-02-12 21:00:00+00:00,2026-02-13 02:00:00,1,3,0.015012170498569807,1,2026-02-12 09:00:00+00:00,True,False
2026-02-12 18:00:00+00:00,2026-02-12 22:00:00+00:00,2026-02-13 03:00:00,1,4,0.014847806965311369,1,2026-02-12 10:00:00+00:00,True,False
2026-02-12 18:00:00+00:00,2026-02-12 23:00:00+00:00,2026-02-13 04:00:00,1,5,0.013196063693612814,1,2026-02-12 11:00:00+00:00,True,False
2026-02-12 18:00:00+00:00,2026-02-13 00:00:00+00:00,2026-02-13 05:00:00,1,6,0.022965845031042893,1,2026-02-12 12:00:00+00:00,True,False
2026-02-12 18:00:00+00:00,2026-02-13 01:00:00+00:00,2026-02-13 06:00:00,1,7,0.018265124410390854,1,2026-02-12 13:00:00+00:00,True,False
2026-02-12 18:00:00+00:00,2026-02-13 02:00:00+00:00,2026-02-13 07:00:00,1,8,0.013515948317945004,1,2026-02-12 14:00:00+00:00,True,False
2026-02-12 18:00:00+00:00,2026-02-13 03:00:00+00:00,2026-02-13 08:00:00,1,9,0.014558386368056139,1,2026-02-12 15:00:00+00:00,True,False
2026-02-12 18:00:00+00:00,2026-02-13 04:00:00+00:00,2026-02-13 09:00:00,1,10,0.016680697289605934,1,2026-02-12 16:00:00+00:00,True,False
2026-02-12 18:00:00+00:00,2026-02-13 05:00:00+00:00,2026-02-13 10:00:00,1,11,0.023346819604436558,1,2026-02-12 17:00:00+00:00,True,False
2026-02-12 18:00:00+00:00,2026-02-13 06:00:00+00:00,2026-02-13 11:00:00,1,12,0.016311577521264553,1,2026-02-12 18:00:00+00:00,True,False
2026-02-12 18:00:00+00:00,2026-02-13 07:00:00+00:00,2026-02-13 12:00:00,1,13,0.018337569509943325,2,2026-02-11 19:00:00+00:00,True,False
2026-02-12 18:00:00+00:00,2026-02-13 08:00:00+00:00,2026-02-13 13:00:00,1,14,0.020622103475034237,2,2026-02-11 20:00:00+00:00,True,False
2026-02-12 18:00:00+00:00,2026-02-13 09:00:00+00:00,2026-02-13 14:00:00,1,15,0.025351662499209244,2,2026-02-11 21:00:00+00:00,True,False
2026-02-12 18:00:00+00:00,2026-02-13 10:00:00+00:00,2026-02-13 15:00:00,1,16,0.021771849753956,2,2026-02-11 22:00:00+00:00,True,False
2026-02-12 18:00:00+00:00,2026-02-13 11:00:00+00:00,2026-02-13 16:00:00,1,17,0.021016427936653297,2,2026-02-11 23:00:00+00:00,True,False
2026-02-12 18:00:00+00:00,2026-02-13 12:00:00+00:00,2026-02-13 17:00:00,1,18,0.02066601316134135,2,2026-02-12 00:00:00+00:00,True,False
2026-02-12 18:00:00+00:00,2026-02-13 13:00:00+00:00,2026-02-13 18:00:00,1,19,0.019214405367771786,2,2026-02-12 01:00:00+00:00,True,False
2026-02-12 18:00:00+00:00,2026-02-13 14:00:00+00:00,2026-02-13 19:00:00,1,20,0.021783593421181042,2,2026-02-12 02:00:00+00:00,True,False
2026-02-12 18:00:00+00:00,2026-02-13 15:00:00+00:00,2026-02-13 20:00:00,1,21,0.019628314301371574,2,2026-02-12 03:00:00+00:00,True,False
2026-02-12 18:00:00+00:00,2026-02-13 16:00:00+00:00,2026-02-13 21:00:00,1,22,0.04787261039018631,2,2026-02-12 04:00:00+00:00,True,False
2026-02-12 18:00:00+00:00,2026-02-13 17:00:00+00:00,2026-02-13 22:00:00,1,23,0.09192130714654922,2,2026-02-12 05:00:00+00:00,True,False
2026-02-12 18:00:00+00:00,2026-02-13 18:00:00+00:00,2026-02-13 23:00:00,1,24,0.24491911629835764,2,2026-02-12 06:00:00+00:00,True,False
2026-02-12 18:00:00+00:00,2026-02-13 19:00:00+00:00,2026-02-14 00:00:00,1,25,0.3307914435863495,2,2026-02-12 07:00:00+00:00,True,False
2026-02-12 18:00:00+00:00,2026-02-13 20:00:00+00:00,2026-02-14 01:00:00,1,26,0.46761934955914813,2,2026-02-12 08:00:00+00:00,True,False
2026-02-12 18:00:00+00:00,2026-02-13 21:00:00+00:00,2026-02-14 02:00:00,1,27,0.5540968974431356,2,2026-02-12 09:00:00+00:00,True,False
2026-02-12 18:00:00+00:00,2026-02-13 22:00:00+00:00,2026-02-14 03:00:00,1,28,0.6380958755811056,2,2026-02-12 10:00:00+00:00,True,False
2026-02-12 18:00:00+00:00,2026-02-13 23:00:00+00:00,2026-02-14 04:00:00,1,29,0.5245555440584818,2,2026-02-12 11:00:00+00:00,True,False
2026-02-12 18:00:00+00:00,2026-02-14 00:00:00+00:00,2026-02-14 05:00:00,1,30,0.45296857754389447,2,2026-02-12 12:00:00+00:00,True,False
2026-02-12 18:00:00+00:00,2026-02-14 01:00:00+00:00,2026-02-14 06:00:00,1,31,0.4168377220630646,2,2026-02-12 13:00:00+00:00,True,False
2026-02-12 18:00:00+00:00,2026-02-14 02:00:00+00:00,2026-02-14 07:00:00,1,32,0.3466772437095642,2,2026-02-12 14:00:00+00:00,True,False
2026-02-12 18:00:00+00:00,2026-02-14 03:00:00+00:00,2026-02-14 08:00:00,1,33,0.16138712068398794,2,2026-02-12 15:00:00+00:00,True,False
2026-02-12 18:00:00+00:00,2026-02-14 04:00:00+00:00,2026-02-14 09:00:00,1,34,0.1296826427181562,2,2026-02-12 16:00:00+00:00,True,False
2026-02-12 18:00:00+00:00,2026-02-14 05:00:00+00:00,2026-02-14 10:00:00,1,35,0.13112773001194,2,2026-02-12 17:00:00+00:00,True,False
2026-02-12 18:00:00+00:00,2026-02-14 06:00:00+00:00,2026-02-14 11:00:00,1,36,0.27330238620440167,2,2026-02-12 18:00:00+00:00,True,False
2026-02-12 18:00:00+00:00,2026-02-14 07:00:00+00:00,2026-02-14 12:00:00,1,37,0.44467594226201373,3,2026-02-11 19:00:00+00:00,True,False
2026-02-12 18:00:00+00:00,2026-02-14 08:00:00+00:00,2026-02-14 13:00:00,1,38,0.3369357983271281,3,2026-02-11 20:00:00+00:00,True,False
2026-02-12 18:00:00+00:00,2026-02-14 09:00:00+00:00,2026-02-14 14:00:00,1,39,0.3096983879804611,3,2026-02-11 21:00:00+00:00,True,False
2026-02-12 18:00:00+00:00,2026-02-14 10:00:00+00:00,2026-02-14 15:00:00,1,40,0.1337469220161438,3,2026-02-11 22:00:00+00:00,True,False
2026-02-12 18:00:00+00:00,2026-02-14 11:00:00+00:00,2026-02-14 16:00:00,1,41,0.05632668733596802,3,2026-02-11 23:00:00+00:00,True,False
2026-02-12 18:00:00+00:00,2026-02-14 12:00:00+00:00,2026-02-14 17:00:00,1,42,0.3787530759970347,3,2026-02-12 00:00:00+00:00,True,False
2026-02-12 18:00:00+00:00,2026-02-14 13:00:00+00:00,2026-02-14 18:00:00,1,43,0.17437381048997244,3,2026-02-12 01:00:00+00:00,True,False
2026-02-12 18:00:00+00:00,2026-02-14 14:00:00+00:00,2026-02-14 19:00:00,1,44,0.15762680768966675,3,2026-02-12 02:00:00+00:00,True,False
2026-02-12 18:00:00+00:00,2026-02-14 15:00:00+00:00,2026-02-14 20:00:00,1,45,0.08508295565843582,3,2026-02-12 03:00:00+00:00,True,False
2026-02-12 18:00:00+00:00,2026-02-14 16:00:00+00:00,2026-02-14 21:00:00,1,46,0.0764625718196233,3,2026-02-12 04:00:00+00:00,True,False
2026-02-12 18:00:00+00:00,2026-02-14 17:00:00+00:00,2026-02-14 22:00:00,1,47,0.06196374570329984,3,2026-02-12 05:00:00+00:00,True,False
2026-02-12 18:00:00+00:00,2026-02-14 18:00:00+00:00,2026-02-14 23:00:00,1,48,0.044409175092975296,3,2026-02-12 06:00:00+00:00,True,False
2026-02-12 18:00:00+00:00,2026-02-12 19:00:00+00:00,2026-02-13 00:00:00,2,1,0.022517862108846504,1,2026-02-12 07:00:00+00:00,True,False
2026-02-12 18:00:00+00:00,2026-02-12 20:00:00+00:00,2026-02-13 01:00:00,2,2,0.01578625539938609,1,2026-02-12 08:00:00+00:00,True,False
2026-02-12 18:00:00+00:00,2026-02-12 21:00:00+00:00,2026-02-13 02:00:00,2,3,0.013293366879224777,1,2026-02-12 09:00:00+00:00,True,False
2026-02-12 18:00:00+00:00,2026-02-12 22:00:00+00:00,2026-02-13 03:00:00,2,4,0.013576454482972622,1,2026-02-12 10:00:00+00:00,True,False
2026-02-12 18:00:00+00:00,2026-02-12 23:00:00+00:00,2026-02-13 04:00:00,2,5,0.011952930906166634,1,2026-02-12 11:00:00+00:00,True,False
2026-02-12 18:00:00+00:00,2026-02-13 00:00:00+00:00,2026-02-13 05:00:00,2,6,0.020968870259821415,1,2026-02-12 12:00:00+00:00,True,False
2026-02-12 18:00:00+00:00,2026-02-13 01:00:00+00:00,2026-02-13 06:00:00,2,7,0.016857890256990988,1,2026-02-12 13:00:00+00:00,True,False
2026-02-12 18:00:00+00:00,2026-02-13 02:00:00+00:00,2026-02-13 07:00:00,2,8,0.012200407528628906,1,2026-02-12 14:00:00+00:00,True,False
2026-02-12 18:00:00+00:00,2026-02-13 03:00:00+00:00,2026-02-13 08:00:00,2,9,0.013319585317124924,1,2026-02-12 15:00:00+00:00,True,False
2026-02-12 18:00:00+00:00,2026-02-13 04:00:00+00:00,2026-02-13 09:00:00,2,10,0.015724620781838894,1,2026-02-12 16:00:00+00:00,True,False
2026-02-12 18:00:00+00:00,2026-02-13 05:00:00+00:00,2026-02-13 10:00:00,2,11,0.02245542500168085,1,2026-02-12 17:00:00+00:00,True,False
2026-02-12 18:00:00+00:00,2026-02-13 06:00:00+00:00,2026-02-13 11:00:00,2,12,0.01572507495681445,1,2026-02-12 18:00:00+00:00,True,False
2026-02-12 18:00:00+00:00,2026-02-13 07:00:00+00:00,2026-02-13 12:00:00,2,13,0.01721968563894431,2,2026-02-11 19:00:00+00:00,True,False
2026-02-12 18:00:00+00:00,2026-02-13 08:00:00+00:00,2026-02-13 13:00:00,2,14,0.019185463277002174,2,2026-02-11 20:00:00+00:00,True,False
2026-02-12 18:00:00+00:00,2026-02-13 09:00:00+00:00,2026-02-13 14:00:00,2,15,0.023283622227609158,2,2026-02-11 21:00:00+00:00,True,False
2026-02-12 18:00:00+00:00,2026-02-13 10:00:00+00:00,2026-02-13 15:00:00,2,16,0.01957311760634184,2,2026-02-11 22:00:00+00:00,True,False
2026-02-12 18:00:00+00:00,2026-02-13 11:00:00+00:00,2026-02-13 16:00:00,2,17,0.018338574407001335,2,2026-02-11 23:00:00+00:00,True,False
2026-02-12 18:00:00+00:00,2026-02-13 12:00:00+00:00,2026-02-13 17:00:00,2,18,0.019168735792239506,2,2026-02-12 00:00:00+00:00,True,False
2026-02-12 18:00:00+00:00,2026-02-13 13:00:00+00:00,2026-02-13 18:00:00,2,19,0.017573618330061436,2,2026-02-12 01:00:00+00:00,True,False
2026-02-12 18:00:00+00:00,2026-02-13 14:00:00+00:00,2026-02-13 19:00:00,2,20,0.01865519241740306,2,2026-02-12 02:00:00+00:00,True,False
2026-02-12 18:00:00+00:00,2026-02-13 15:00:00+00:00,2026-02-13 20:00:00,2,21,0.017373348586261272,2,2026-02-12 03:00:00+00:00,True,False
2026-02-12 18:00:00+00:00,2026-02-13 16:00:00+00:00,2026-02-13 21:00:00,2,22,0.04490589785079161,2,2026-02-12 04:00:00+00:00,True,False
2026-02-12 18:00:00+00:00,2026-02-13 17:00:00+00:00,2026-02-13 22:00:00,2,23,0.08147803694009781,2,2026-02-12 05:00:00+00:00,True,False
2026-02-12 18:00:00+00:00,2026-02-13 18:00:00+00:00,2026-02-13 23:00:00,2,24,0.21632889409859976,2,2026-02-12 06:00:00+00:00,True,False
2026-02-12 18:00:00+00:00,2026-02-13 19:00:00+00:00,2026-02-14 00:00:00,2,25,0.29850571354230243,2,2026-02-12 07:00:00+00:00,True,False
2026-02-12 18:00:00+00:00,2026-02-13 20:00:00+00:00,2026-02-14 01:00:00,2,26,0.4290429651737213,2,2026-02-12 08:00:00+00:00,True,False
2026-02-12 18:00:00+00:00,2026-02-13 21:00:00+00:00,2026-02-14 02:00:00,2,27,0.5080848038196564,2,2026-02-12 09:00:00+00:00,True,False
2026-02-12 18:00:00+00:00,2026-02-13 22:00:00+00:00,2026-02-14 03:00:00,2,28,0.5794212222099304,2,2026-02-12 10:00:00+00:00,True,False
2026-02-12 18:00:00+00:00,2026-02-13 23:00:00+00:00,2026-02-14 04:00:00,2,29,0.46431169907251996,2,2026-02-12 11:00:00+00:00,True,False
2026-02-12 18:00:00+00:00,2026-02-14 00:00:00+00:00,2026-02-14 05:00:00,2,30,0.3771008849143982,2,2026-02-12 12:00:00+00:00,True,False
2026-02-12 18:00:00+00:00,2026-02-14 01:00:00+00:00,2026-02-14 06:00:00,2,31,0.3496907651424408,2,2026-02-12 13:00:00+00:00,True,False
2026-02-12 18:00:00+00:00,2026-02-14 02:00:00+00:00,2026-02-14 07:00:00,2,32,0.30333495140075684,2,2026-02-12 14:00:00+00:00,True,False
2026-02-12 18:00:00+00:00,2026-02-14 03:00:00+00:00,2026-02-14 08:00:00,2,33,0.14436442156632742,2,2026-02-12 15:00:00+00:00,True,False
2026-02-12 18:00:00+00:00,2026-02-14 04:00:00+00:00,2026-02-14 09:00:00,2,34,0.12885266294082007,2,2026-02-12 16:00:00+00:00,True,False
2026-02-12 18:00:00+00:00,2026-02-14 05:00:00+00:00,2026-02-14 10:00:00,2,35,0.12609423945347467,2,2026-02-12 17:00:00+00:00,True,False
2026-02-12 18:00:00+00:00,2026-02-14 06:00:00+00:00,2026-02-14 11:00:00,2,36,0.2668903370698293,2,2026-02-12 18:00:00+00:00,True,False
2026-02-12 18:00:00+00:00,2026-02-14 07:00:00+00:00,2026-02-14 12:00:00,2,37,0.4587325056393941,3,2026-02-11 19:00:00+00:00,True,False
2026-02-12 18:00:00+00:00,2026-02-14 08:00:00+00:00,2026-02-14 13:00:00,2,38,0.33396145701408386,3,2026-02-11 20:00:00+00:00,True,False
2026-02-12 18:00:00+00:00,2026-02-14 09:00:00+00:00,2026-02-14 14:00:00,2,39,0.301750510931015,3,2026-02-11 21:00:00+00:00,True,False
2026-02-12 18:00:00+00:00,2026-02-14 10:00:00+00:00,2026-02-14 15:00:00,2,40,0.12634950876235962,3,2026-02-11 22:00:00+00:00,True,False
2026-02-12 18:00:00+00:00,2026-02-14 11:00:00+00:00,2026-02-14 16:00:00,2,41,0.05617981279889742,3,2026-02-11 23:00:00+00:00,True,False
2026-02-12 18:00:00+00:00,2026-02-14 12:00:00+00:00,2026-02-14 17:00:00,2,42,0.3740888833999634,3,2026-02-12 00:00:00+00:00,True,False
2026-02-12 18:00:00+00:00,2026-02-14 13:00:00+00:00,2026-02-14 18:00:00,2,43,0.1654799481232961,3,2026-02-12 01:00:00+00:00,True,False
2026-02-12 18:00:00+00:00,2026-02-14 14:00:00+00:00,2026-02-14 19:00:00,2,44,0.1449093371629715,3,2026-02-12 02:00:00+00:00,True,False
2026-02-12 18:00:00+00:00,2026-02-14 15:00:00+00:00,2026-02-14 20:00:00,2,45,0.07487906763950984,3,2026-02-12 03:00:00+00:00,True,False
2026-02-12 18:00:00+00:00,2026-02-14 16:00:00+00:00,2026-02-14 21:00:00,2,46,0.06937694797913234,3,2026-02-12 04:00:00+00:00,True,False
2026-02-12 18:00:00+00:00,2026-02-14 17:00:00+00:00,2026-02-14 22:00:00,2,47,0.054882595936457314,3,2026-02-12 05:00:00+00:00,True,False
2026-02-12 18:00:00+00:00,2026-02-14 18:00:00+00:00,2026-02-14 23:00:00,2,48,0.04401624637345473,3,2026-02-12 06:00:00+00:00,True,False
2026-02-13 18:00:00+00:00,2026-02-13 19:00:00+00:00,2026-02-14 00:00:00,1,1,0.5294343829154968,1,2026-02-13 07:00:00+00:00,True,False
2026-02-13 18:00:00+00:00,2026-02-13 20:00:00+00:00,2026-02-14 01:00:00,1,2,0.8718999624252319,1,2026-02-13 08:00:00+00:00,True,False
2026-02-13 18:00:00+00:00,2026-02-13 21:00:00+00:00,2026-02-14 02:00:00,1,3,0.7603543798128763,1,2026-02-13 09:00:00+00:00,True,False
2026-02-13 18:00:00+00:00,2026-02-13 22:00:00+00:00,2026-02-14 03:00:00,1,4,0.6546128392219543,1,2026-02-13 10:00:00+00:00,True,False
2026-02-13 18:00:00+00:00,2026-02-13 23:00:00+00:00,2026-02-14 04:00:00,1,5,0.64365154504776,1,2026-02-13 11:00:00+00:00,True,False
2026-02-13 18:00:00+00:00,2026-02-14 00:00:00+00:00,2026-02-14 05:00:00,1,6,0.11035381505886714,1,2026-02-13 12:00:00+00:00,True,False
2026-02-13 18:00:00+00:00,2026-02-14 01:00:00+00:00,2026-02-14 06:00:00,1,7,0.09601118912299474,1,2026-02-13 13:00:00+00:00,True,False
2026-02-13 18:00:00+00:00,2026-02-14 02:00:00+00:00,2026-02-14 07:00:00,1,8,0.08192845930655797,1,2026-02-13 14:00:00+00:00,True,False
2026-02-13 18:00:00+00:00,2026-02-14 03:00:00+00:00,2026-02-14 08:00:00,1,9,0.06277433906992276,1,2026-02-13 15:00:00+00:00,True,False
2026-02-13 18:00:00+00:00,2026-02-14 04:00:00+00:00,2026-02-14 09:00:00,1,10,0.02976813664038976,1,2026-02-13 16:00:00+00:00,True,False
2026-02-13 18:00:00+00:00,2026-02-14 05:00:00+00:00,2026-02-14 10:00:00,1,11,0.016247684756914776,1,2026-02-13 17:00:00+00:00,True,False
2026-02-13 18:00:00+00:00,2026-02-14 06:00:00+00:00,2026-02-14 11:00:00,1,12,0.04556777887046337,1,2026-02-13 18:00:00+00:00,True,False
2026-02-13 18:00:00+00:00,2026-02-14 07:00:00+00:00,2026-02-14 12:00:00,1,13,0.41836867729822796,2,2026-02-12 19:00:00+00:00,True,False
2026-02-13 18:00:00+00:00,2026-02-14 08:00:00+00:00,2026-02-14 13:00:00,1,14,0.5223225057125092,2,2026-02-12 20:00:00+00:00,True,False
2026-02-13 18:00:00+00:00,2026-02-14 09:00:00+00:00,2026-02-14 14:00:00,1,15,0.3249391516049703,2,2026-02-12 21:00:00+00:00,True,False
2026-02-13 18:00:00+00:00,2026-02-14 10:00:00+00:00,2026-02-14 15:00:00,1,16,0.04315537214279175,2,2026-02-12 22:00:00+00:00,True,False
2026-02-13 18:00:00+00:00,2026-02-14 11:00:00+00:00,2026-02-14 16:00:00,1,17,0.10083644837141037,2,2026-02-12 23:00:00+00:00,True,False
2026-02-13 18:00:00+00:00,2026-02-14 12:00:00+00:00,2026-02-14 17:00:00,1,18,0.2372964471578598,2,2026-02-13 00:00:00+00:00,True,False
2026-02-13 18:00:00+00:00,2026-02-14 13:00:00+00:00,2026-02-14 18:00:00,1,19,0.20390969018141428,2,2026-02-13 01:00:00+00:00,True,False
2026-02-13 18:00:00+00:00,2026-02-14 14:00:00+00:00,2026-02-14 19:00:00,1,20,0.12010937184095383,2,2026-02-13 02:00:00+00:00,True,False
2026-02-13 18:00:00+00:00,2026-02-14 15:00:00+00:00,2026-02-14 20:00:00,1,21,0.07843427856763203,2,2026-02-13 03:00:00+00:00,True,False
2026-02-13 18:00:00+00:00,2026-02-14 16:00:00+00:00,2026-02-14 21:00:00,1,22,0.06658508380254109,2,2026-02-13 04:00:00+00:00,True,False
2026-02-13 18:00:00+00:00,2026-02-14 17:00:00+00:00,2026-02-14 22:00:00,1,23,0.05301812415321668,2,2026-02-13 05:00:00+00:00,True,False
2026-02-13 18:00:00+00:00,2026-02-14 18:00:00+00:00,2026-02-14 23:00:00,1,24,0.12092878669500351,2,2026-02-13 06:00:00+00:00,True,False
2026-02-13 18:00:00+00:00,2026-02-14 19:00:00+00:00,2026-02-15 00:00:00,1,25,0.05656189719835917,2,2026-02-13 07:00:00+00:00,True,False
2026-02-13 18:00:00+00:00,2026-02-14 20:00:00+00:00,2026-02-15 01:00:00,1,26,0.030229592074950535,2,2026-02-13 08:00:00+00:00,True,False
2026-02-13 18:00:00+00:00,2026-02-14 21:00:00+00:00,2026-02-15 02:00:00,1,27,0.020264139709373314,2,2026-02-13 09:00:00+00:00,True,False
2026-02-13 18:00:00+00:00,2026-02-14 22:00:00+00:00,2026-02-15 03:00:00,1,28,0.0167937398267289,2,2026-02-13 10:00:00+00:00,True,False
2026-02-13 18:00:00+00:00,2026-02-14 23:00:00+00:00,2026-02-15 04:00:00,1,29,0.02065224914501111,2,2026-02-13 11:00:00+00:00,True,False
2026-02-13 18:00:00+00:00,2026-02-15 00:00:00+00:00,2026-02-15 05:00:00,1,30,0.02291758203258117,2,2026-02-13 12:00:00+00:00,True,False
2026-02-13 18:00:00+00:00,2026-02-15 01:00:00+00:00,2026-02-15 06:00:00,1,31,0.031411342322826385,2,2026-02-13 13:00:00+00:00,True,False
2026-02-13 18:00:00+00:00,2026-02-15 02:00:00+00:00,2026-02-15 07:00:00,1,32,0.05567265301942825,2,2026-02-13 14:00:00+00:00,True,False
2026-02-13 18:00:00+00:00,2026-02-15 03:00:00+00:00,2026-02-15 08:00:00,1,33,0.09786456574996312,2,2026-02-13 15:00:00+00:00,True,False
2026-02-13 18:00:00+00:00,2026-02-15 04:00:00+00:00,2026-02-15 09:00:00,1,34,0.21521100401878357,2,2026-02-13 16:00:00+00:00,True,False
2026-02-13 18:00:00+00:00,2026-02-15 05:00:00+00:00,2026-02-15 10:00:00,1,35,0.438550462325414,2,2026-02-13 17:00:00+00:00,True,False
2026-02-13 18:00:00+00:00,2026-02-15 06:00:00+00:00,2026-02-15 11:00:00,1,36,0.4856868088245392,2,2026-02-13 18:00:00+00:00,True,False
2026-02-13 18:00:00+00:00,2026-02-15 07:00:00+00:00,2026-02-15 12:00:00,1,37,0.7471985419591268,3,2026-02-12 19:00:00+00:00,True,False
2026-02-13 18:00:00+00:00,2026-02-15 08:00:00+00:00,2026-02-15 13:00:00,1,38,0.9328993956247965,3,2026-02-12 20:00:00+00:00,True,False
2026-02-13 18:00:00+00:00,2026-02-15 09:00:00+00:00,2026-02-15 14:00:00,1,39,0.9621527592341105,3,2026-02-12 21:00:00+00:00,True,False
2026-02-13 18:00:00+00:00,2026-02-15 10:00:00+00:00,2026-02-15 15:00:00,1,40,0.9725185434023539,3,2026-02-12 22:00:00+00:00,True,False
2026-02-13 18:00:00+00:00,2026-02-15 11:00:00+00:00,2026-02-15 16:00:00,1,41,0.9738545815149943,3,2026-02-12 23:00:00+00:00,True,False
2026-02-13 18:00:00+00:00,2026-02-15 12:00:00+00:00,2026-02-15 17:00:00,1,42,0.9542088905970255,3,2026-02-13 00:00:00+00:00,True,False
2026-02-13 18:00:00+00:00,2026-02-15 13:00:00+00:00,2026-02-15 18:00:00,1,43,0.949424684047699,3,2026-02-13 01:00:00+00:00,True,False
2026-02-13 18:00:00+00:00,2026-02-15 14:00:00+00:00,2026-02-15 19:00:00,1,44,0.9595239361127218,3,2026-02-13 02:00:00+00:00,True,False
2026-02-13 18:00:00+00:00,2026-02-15 15:00:00+00:00,2026-02-15 20:00:00,1,45,0.9614807367324829,3,2026-02-13 03:00:00+00:00,True,False
2026-02-13 18:00:00+00:00,2026-02-15 16:00:00+00:00,2026-02-15 21:00:00,1,46,0.9556441307067871,3,2026-02-13 04:00:00+00:00,True,False
2026-02-13 18:00:00+00:00,2026-02-15 17:00:00+00:00,2026-02-15 22:00:00,1,47,0.9499761064847311,3,2026-02-13 05:00:00+00:00,True,False
2026-02-13 18:00:00+00:00,2026-02-15 18:00:00+00:00,2026-02-15 23:00:00,1,48,0.9102839628855387,3,2026-02-13 06:00:00+00:00,True,False
2026-02-13 18:00:00+00:00,2026-02-13 19:00:00+00:00,2026-02-14 00:00:00,2,1,0.46173643072446185,1,2026-02-13 07:00:00+00:00,True,False
2026-02-13 18:00:00+00:00,2026-02-13 20:00:00+00:00,2026-02-14 01:00:00,2,2,0.8070617119471232,1,2026-02-13 08:00:00+00:00,True,False
2026-02-13 18:00:00+00:00,2026-02-13 21:00:00+00:00,2026-02-14 02:00:00,2,3,0.6720571517944336,1,2026-02-13 09:00:00+00:00,True,False
2026-02-13 18:00:00+00:00,2026-02-13 22:00:00+00:00,2026-02-14 03:00:00,2,4,0.5688825845718384,1,2026-02-13 10:00:00+00:00,True,False
2026-02-13 18:00:00+00:00,2026-02-13 23:00:00+00:00,2026-02-14 04:00:00,2,5,0.5515551765759786,1,2026-02-13 11:00:00+00:00,True,False
2026-02-13 18:00:00+00:00,2026-02-14 00:00:00+00:00,2026-02-14 05:00:00,2,6,0.10308881849050522,1,2026-02-13 12:00:00+00:00,True,False
2026-02-13 18:00:00+00:00,2026-02-14 01:00:00+00:00,2026-02-14 06:00:00,2,7,0.09124750892321269,1,2026-02-13 13:00:00+00:00,True,False
2026-02-13 18:00:00+00:00,2026-02-14 02:00:00+00:00,2026-02-14 07:00:00,2,8,0.07645509888728459,1,2026-02-13 14:00:00+00:00,True,False
2026-02-13 18:00:00+00:00,2026-02-14 03:00:00+00:00,2026-02-14 08:00:00,2,9,0.05796868478258451,1,2026-02-13 15:00:00+00:00,True,False
2026-02-13 18:00:00+00:00,2026-02-14 04:00:00+00:00,2026-02-14 09:00:00,2,10,0.02832348148028056,1,2026-02-13 16:00:00+00:00,True,False
2026-02-13 18:00:00+00:00,2026-02-14 05:00:00+00:00,2026-02-14 10:00:00,2,11,0.01610289824505647,1,2026-02-13 17:00:00+00:00,True,False
2026-02-13 18:00:00+00:00,2026-02-14 06:00:00+00:00,2026-02-14 11:00:00,2,12,0.048531421149770416,1,2026-02-13 18:00:00+00:00,True,False
2026-02-13 18:00:00+00:00,2026-02-14 07:00:00+00:00,2026-02-14 12:00:00,2,13,0.3992268244425456,2,2026-02-12 19:00:00+00:00,True,False
2026-02-13 18:00:00+00:00,2026-02-14 08:00:00+00:00,2026-02-14 13:00:00,2,14,0.48647647102673847,2,2026-02-12 20:00:00+00:00,True,False
2026-02-13 18:00:00+00:00,2026-02-14 09:00:00+00:00,2026-02-14 14:00:00,2,15,0.3198446234067281,2,2026-02-12 21:00:00+00:00,True,False
2026-02-13 18:00:00+00:00,2026-02-14 10:00:00+00:00,2026-02-14 15:00:00,2,16,0.041883825014034905,2,2026-02-12 22:00:00+00:00,True,False
2026-02-13 18:00:00+00:00,2026-02-14 11:00:00+00:00,2026-02-14 16:00:00,2,17,0.10082970062891643,2,2026-02-12 23:00:00+00:00,True,False
2026-02-13 18:00:00+00:00,2026-02-14 12:00:00+00:00,2026-02-14 17:00:00,2,18,0.23373724023501077,2,2026-02-13 00:00:00+00:00,True,False
2026-02-13 18:00:00+00:00,2026-02-14 13:00:00+00:00,2026-02-14 18:00:00,2,19,0.19617762168248495,2,2026-02-13 01:00:00+00:00,True,False
2026-02-13 18:00:00+00:00,2026-02-14 14:00:00+00:00,2026-02-14 19:00:00,2,20,0.11911640812953313,2,2026-02-13 02:00:00+00:00,True,False
2026-02-13 18:00:00+00:00,2026-02-14 15:00:00+00:00,2026-02-14 20:00:00,2,21,0.07413819183905919,2,2026-02-13 03:00:00+00:00,True,False
2026-02-13 18:00:00+00:00,2026-02-14 16:00:00+00:00,2026-02-14 21:00:00,2,22,0.07035723701119423,2,2026-02-13 04:00:00+00:00,True,False
2026-02-13 18:00:00+00:00,2026-02-14 17:00:00+00:00,2026-02-14 22:00:00,2,23,0.054191723465919495,2,2026-02-13 05:00:00+00:00,True,False
2026-02-13 18:00:00+00:00,2026-02-14 18:00:00+00:00,2026-02-14 23:00:00,2,24,0.11621817698081334,2,2026-02-13 06:00:00+00:00,True,False
2026-02-13 18:00:00+00:00,2026-02-14 19:00:00+00:00,2026-02-15 00:00:00,2,25,0.050542786717414856,2,2026-02-13 07:00:00+00:00,True,False
2026-02-13 18:00:00+00:00,2026-02-14 20:00:00+00:00,2026-02-15 01:00:00,2,26,0.027536307151118915,2,2026-02-13 08:00:00+00:00,True,False
2026-02-13 18:00:00+00:00,2026-02-14 21:00:00+00:00,2026-02-15 02:00:00,2,27,0.017894156587620575,2,2026-02-13 09:00:00+00:00,True,False
2026-02-13 18:00:00+00:00,2026-02-14 22:00:00+00:00,2026-02-15 03:00:00,2,28,0.015020350770403942,2,2026-02-13 10:00:00+00:00,True,False
2026-02-13 18:00:00+00:00,2026-02-14 23:00:00+00:00,2026-02-15 04:00:00,2,29,0.019584575667977333,2,2026-02-13 11:00:00+00:00,True,False
2026-02-13 18:00:00+00:00,2026-02-15 00:00:00+00:00,2026-02-15 05:00:00,2,30,0.02146384088943402,2,2026-02-13 12:00:00+00:00,True,False
2026-02-13 18:00:00+00:00,2026-02-15 01:00:00+00:00,2026-02-15 06:00:00,2,31,0.027857322245836258,2,2026-02-13 13:00:00+00:00,True,False
2026-02-13 18:00:00+00:00,2026-02-15 02:00:00+00:00,2026-02-15 07:00:00,2,32,0.04886516059438387,2,2026-02-13 14:00:00+00:00,True,False
2026-02-13 18:00:00+00:00,2026-02-15 03:00:00+00:00,2026-02-15 08:00:00,2,33,0.08678622543811798,2,2026-02-13 15:00:00+00:00,True,False
2026-02-13 18:00:00+00:00,2026-02-15 04:00:00+00:00,2026-02-15 09:00:00,2,34,0.20535228153069815,2,2026-02-13 16:00:00+00:00,True,False
2026-02-13 18:00:00+00:00,2026-02-15 05:00:00+00:00,2026-02-15 10:00:00,2,35,0.43895769119262695,2,2026-02-13 17:00:00+00:00,True,False
2026-02-13 18:00:00+00:00,2026-02-15 06:00:00+00:00,2026-02-15 11:00:00,2,36,0.49561741948127747,2,2026-02-13 18:00:00+00:00,True,False
2026-02-13 18:00:00+00:00,2026-02-15 07:00:00+00:00,2026-02-15 12:00:00,2,37,0.7222939133644104,3,2026-02-12 19:00:00+00:00,True,False
2026-02-13 18:00:00+00:00,2026-02-15 08:00:00+00:00,2026-02-15 13:00:00,2,38,0.9201840758323669,3,2026-02-12 20:00:00+00:00,True,False
2026-02-13 18:00:00+00:00,2026-02-15 09:00:00+00:00,2026-02-15 14:00:00,2,39,0.9558784166971842,3,2026-02-12 21:00:00+00:00,True,False
2026-02-13 18:00:00+00:00,2026-02-15 10:00:00+00:00,2026-02-15 15:00:00,2,40,0.9691794315973917,3,2026-02-12 22:00:00+00:00,True,False
2026-02-13 18:00:00+00:00,2026-02-15 11:00:00+00:00,2026-02-15 16:00:00,2,41,0.9709051251411438,3,2026-02-12 23:00:00+00:00,True,False
2026-02-13 18:00:00+00:00,2026-02-15 12:00:00+00:00,2026-02-15 17:00:00,2,42,0.9512565732002258,3,2026-02-13 00:00:00+00:00,True,False
2026-02-13 18:00:00+00:00,2026-02-15 13:00:00+00:00,2026-02-15 18:00:00,2,43,0.9417155385017395,3,2026-02-13 01:00:00+00:00,True,False
2026-02-13 18:00:00+00:00,2026-02-15 14:00:00+00:00,2026-02-15 19:00:00,2,44,0.9521842002868652,3,2026-02-13 02:00:00+00:00,True,False
2026-02-13 18:00:00+00:00,2026-02-15 15:00:00+00:00,2026-02-15 20:00:00,2,45,0.9566388726234436,3,2026-02-13 03:00:00+00:00,True,False
2026-02-13 18:00:00+00:00,2026-02-15 16:00:00+00:00,2026-02-15 21:00:00,2,46,0.953583280245463,3,2026-02-13 04:00:00+00:00,True,False
2026-02-13 18:00:00+00:00,2026-02-15 17:00:00+00:00,2026-02-15 22:00:00,2,47,0.9470522602399191,3,2026-02-13 05:00:00+00:00,True,False
2026-02-13 18:00:00+00:00,2026-02-15 18:00:00+00:00,2026-02-15 23:00:00,2,48,0.9033533732096354,3,2026-02-13 06:00:00+00:00,True,False
2026-02-14 18:00:00+00:00,2026-02-14 19:00:00+00:00,2026-02-15 00:00:00,1,1,0.04066785362859567,1,2026-02-14 07:00:00+00:00,True,False
2026-02-14 18:00:00+00:00,2026-02-14 20:00:00+00:00,2026-02-15 01:00:00,1,2,0.024534810334444046,1,2026-02-14 08:00:00+00:00,True,False
2026-02-14 18:00:00+00:00,2026-02-14 21:00:00+00:00,2026-02-15 02:00:00,1,3,0.011988991095374027,1,2026-02-14 09:00:00+00:00,True,False
2026-02-14 18:00:00+00:00,2026-02-14 22:00:00+00:00,2026-02-15 03:00:00,1,4,0.017782834668954212,1,2026-02-14 10:00:00+00:00,True,False
2026-02-14 18:00:00+00:00,2026-02-14 23:00:00+00:00,2026-02-15 04:00:00,1,5,0.014048361064245304,1,2026-02-14 11:00:00+00:00,True,False
2026-02-14 18:00:00+00:00,2026-02-15 00:00:00+00:00,2026-02-15 05:00:00,1,6,0.023670244651536148,1,2026-02-14 12:00:00+00:00,True,False
2026-02-14 18:00:00+00:00,2026-02-15 01:00:00+00:00,2026-02-15 06:00:00,1,7,0.0408395379781723,1,2026-02-14 13:00:00+00:00,True,False
2026-02-14 18:00:00+00:00,2026-02-15 02:00:00+00:00,2026-02-15 07:00:00,1,8,0.07729002833366394,1,2026-02-14 14:00:00+00:00,True,False
2026-02-14 18:00:00+00:00,2026-02-15 03:00:00+00:00,2026-02-15 08:00:00,1,9,0.1468442678451538,1,2026-02-14 15:00:00+00:00,True,False
2026-02-14 18:00:00+00:00,2026-02-15 04:00:00+00:00,2026-02-15 09:00:00,1,10,0.3847481608390808,1,2026-02-14 16:00:00+00:00,True,False
2026-02-14 18:00:00+00:00,2026-02-15 05:00:00+00:00,2026-02-15 10:00:00,1,11,0.6681099335352579,1,2026-02-14 17:00:00+00:00,True,False
2026-02-14 18:00:00+00:00,2026-02-15 06:00:00+00:00,2026-02-15 11:00:00,1,12,0.8562519550323486,1,2026-02-14 18:00:00+00:00,True,False
2026-02-14 18:00:00+00:00,2026-02-15 07:00:00+00:00,2026-02-15 12:00:00,1,13,0.8080918192863464,2,2026-02-13 19:00:00+00:00,True,False
2026-02-14 18:00:00+00:00,2026-02-15 08:00:00+00:00,2026-02-15 13:00:00,1,14,0.9287723302841187,2,2026-02-13 20:00:00+00:00,True,False
2026-02-14 18:00:00+00:00,2026-02-15 09:00:00+00:00,2026-02-15 14:00:00,1,15,0.9660679896672567,2,2026-02-13 21:00:00+00:00,True,False
2026-02-14 18:00:00+00:00,2026-02-15 10:00:00+00:00,2026-02-15 15:00:00,1,16,0.9689433773358663,2,2026-02-13 22:00:00+00:00,True,False
2026-02-14 18:00:00+00:00,2026-02-15 11:00:00+00:00,2026-02-15 16:00:00,1,17,0.9555002848307291,2,2026-02-13 23:00:00+00:00,True,False
2026-02-14 18:00:00+00:00,2026-02-15 12:00:00+00:00,2026-02-15 17:00:00,1,18,0.9588884909947714,2,2026-02-14 00:00:00+00:00,True,False
2026-02-14 18:00:00+00:00,2026-02-15 13:00:00+00:00,2026-02-15 18:00:00,1,19,0.9562508861223856,2,2026-02-14 01:00:00+00:00,True,False
2026-02-14 18:00:00+00:00,2026-02-15 14:00:00+00:00,2026-02-15 19:00:00,1,20,0.9576587875684103,2,2026-02-14 02:00:00+00:00,True,False
2026-02-14 18:00:00+00:00,2026-02-15 15:00:00+00:00,2026-02-15 20:00:00,1,21,0.9459625879923502,2,2026-02-14 03:00:00+00:00,True,False
2026-02-14 18:00:00+00:00,2026-02-15 16:00:00+00:00,2026-02-15 21:00:00,1,22,0.9258477290471395,2,2026-02-14 04:00:00+00:00,True,False
2026-02-14 18:00:00+00:00,2026-02-15 17:00:00+00:00,2026-02-15 22:00:00,1,23,0.9114439686139425,2,2026-02-14 05:00:00+00:00,True,False
2026-02-14 18:00:00+00:00,2026-02-15 18:00:00+00:00,2026-02-15 23:00:00,1,24,0.8082336584726969,2,2026-02-14 06:00:00+00:00,True,False
2026-02-14 18:00:00+00:00,2026-02-15 19:00:00+00:00,2026-02-16 00:00:00,1,25,0.7811018427213033,2,2026-02-14 07:00:00+00:00,True,False
2026-02-14 18:00:00+00:00,2026-02-15 20:00:00+00:00,2026-02-16 01:00:00,1,26,0.688930332660675,2,2026-02-14 08:00:00+00:00,True,False
2026-02-14 18:00:00+00:00,2026-02-15 21:00:00+00:00,2026-02-16 02:00:00,1,27,0.6112590432167053,2,2026-02-14 09:00:00+00:00,True,False
2026-02-14 18:00:00+00:00,2026-02-15 22:00:00+00:00,2026-02-16 03:00:00,1,28,0.5920223593711853,2,2026-02-14 10:00:00+00:00,True,False
2026-02-14 18:00:00+00:00,2026-02-15 23:00:00+00:00,2026-02-16 04:00:00,1,29,0.2858170469601949,2,2026-02-14 11:00:00+00:00,True,False
2026-02-14 18:00:00+00:00,2026-02-16 00:00:00+00:00,2026-02-16 05:00:00,1,30,0.581062912940979,2,2026-02-14 12:00:00+00:00,True,False
2026-02-14 18:00:00+00:00,2026-02-16 01:00:00+00:00,2026-02-16 06:00:00,1,31,0.26937633256117505,2,2026-02-14 13:00:00+00:00,True,False
2026-02-14 18:00:00+00:00,2026-02-16 02:00:00+00:00,2026-02-16 07:00:00,1,32,0.1816678543885549,2,2026-02-14 14:00:00+00:00,True,False
2026-02-14 18:00:00+00:00,2026-02-16 03:00:00+00:00,2026-02-16 08:00:00,1,33,0.18420089781284332,2,2026-02-14 15:00:00+00:00,True,False
2026-02-14 18:00:00+00:00,2026-02-16 04:00:00+00:00,2026-02-16 09:00:00,1,34,0.684921383857727,2,2026-02-14 16:00:00+00:00,True,False
2026-02-14 18:00:00+00:00,2026-02-16 05:00:00+00:00,2026-02-16 10:00:00,1,35,0.563275158405304,2,2026-02-14 17:00:00+00:00,True,False
2026-02-14 18:00:00+00:00,2026-02-16 06:00:00+00:00,2026-02-16 11:00:00,1,36,0.5222247640291849,2,2026-02-14 18:00:00+00:00,True,False
2026-02-14 18:00:00+00:00,2026-02-16 07:00:00+00:00,2026-02-16 12:00:00,1,37,0.7015690803527832,3,2026-02-13 19:00:00+00:00,True,False
2026-02-14 18:00:00+00:00,2026-02-16 08:00:00+00:00,2026-02-16 13:00:00,1,38,0.8867862025896708,3,2026-02-13 20:00:00+00:00,True,False
2026-02-14 18:00:00+00:00,2026-02-16 09:00:00+00:00,2026-02-16 14:00:00,1,39,0.9391010602315267,3,2026-02-13 21:00:00+00:00,True,False
2026-02-14 18:00:00+00:00,2026-02-16 10:00:00+00:00,2026-02-16 15:00:00,1,40,0.966166615486145,3,2026-02-13 22:00:00+00:00,True,False
2026-02-14 18:00:00+00:00,2026-02-16 11:00:00+00:00,2026-02-16 16:00:00,1,41,0.9760648806889852,3,2026-02-13 23:00:00+00:00,True,False
2026-02-14 18:00:00+00:00,2026-02-16 12:00:00+00:00,2026-02-16 17:00:00,1,42,0.8512190580368042,3,2026-02-14 00:00:00+00:00,True,False
2026-02-14 18:00:00+00:00,2026-02-16 13:00:00+00:00,2026-02-16 18:00:00,1,43,0.8425432443618774,3,2026-02-14 01:00:00+00:00,True,False
2026-02-14 18:00:00+00:00,2026-02-16 14:00:00+00:00,2026-02-16 19:00:00,1,44,0.7600220243136088,3,2026-02-14 02:00:00+00:00,True,False
2026-02-14 18:00:00+00:00,2026-02-16 15:00:00+00:00,2026-02-16 20:00:00,1,45,0.6856598854064941,3,2026-02-14 03:00:00+00:00,True,False
2026-02-14 18:00:00+00:00,2026-02-16 16:00:00+00:00,2026-02-16 21:00:00,1,46,0.6250793933868408,3,2026-02-14 04:00:00+00:00,True,False
2026-02-14 18:00:00+00:00,2026-02-16 17:00:00+00:00,2026-02-16 22:00:00,1,47,0.5676430662473043,3,2026-02-14 05:00:00+00:00,True,False
2026-02-14 18:00:00+00:00,2026-02-16 18:00:00+00:00,2026-02-16 23:00:00,1,48,0.39463362097740173,3,2026-02-14 06:00:00+00:00,True,False
2026-02-14 18:00:00+00:00,2026-02-14 19:00:00+00:00,2026-02-15 00:00:00,2,1,0.03781572915613651,1,2026-02-14 07:00:00+00:00,True,False
2026-02-14 18:00:00+00:00,2026-02-14 20:00:00+00:00,2026-02-15 01:00:00,2,2,0.023410629481077194,1,2026-02-14 08:00:00+00:00,True,False
2026-02-14 18:00:00+00:00,2026-02-14 21:00:00+00:00,2026-02-15 02:00:00,2,3,0.011349388087789217,1,2026-02-14 09:00:00+00:00,True,False
2026-02-14 18:00:00+00:00,2026-02-14 22:00:00+00:00,2026-02-15 03:00:00,2,4,0.017194548932214577,1,2026-02-14 10:00:00+00:00,True,False
2026-02-14 18:00:00+00:00,2026-02-14 23:00:00+00:00,2026-02-15 04:00:00,2,5,0.01357997301965952,1,2026-02-14 11:00:00+00:00,True,False
2026-02-14 18:00:00+00:00,2026-02-15 00:00:00+00:00,2026-02-15 05:00:00,2,6,0.022956349576512974,1,2026-02-14 12:00:00+00:00,True,False
2026-02-14 18:00:00+00:00,2026-02-15 01:00:00+00:00,2026-02-15 06:00:00,2,7,0.03837008401751518,1,2026-02-14 13:00:00+00:00,True,False
2026-02-14 18:00:00+00:00,2026-02-15 02:00:00+00:00,2026-02-15 07:00:00,2,8,0.07136380796631177,1,2026-02-14 14:00:00+00:00,True,False
2026-02-14 18:00:00+00:00,2026-02-15 03:00:00+00:00,2026-02-15 08:00:00,2,9,0.1399624894062678,1,2026-02-14 15:00:00+00:00,True,False
2026-02-14 18:00:00+00:00,2026-02-15 04:00:00+00:00,2026-02-15 09:00:00,2,10,0.37880175312360126,1,2026-02-14 16:00:00+00:00,True,False
2026-02-14 18:00:00+00:00,2026-02-15 05:00:00+00:00,2026-02-15 10:00:00,2,11,0.6648497382799784,1,2026-02-14 17:00:00+00:00,True,False
2026-02-14 18:00:00+00:00,2026-02-15 06:00:00+00:00,2026-02-15 11:00:00,2,12,0.8531750837961832,1,2026-02-14 18:00:00+00:00,True,False
2026-02-14 18:00:00+00:00,2026-02-15 07:00:00+00:00,2026-02-15 12:00:00,2,13,0.7813746730486552,2,2026-02-13 19:00:00+00:00,True,False
2026-02-14 18:00:00+00:00,2026-02-15 08:00:00+00:00,2026-02-15 13:00:00,2,14,0.9161328077316284,2,2026-02-13 20:00:00+00:00,True,False
2026-02-14 18:00:00+00:00,2026-02-15 09:00:00+00:00,2026-02-15 14:00:00,2,15,0.9590296943982443,2,2026-02-13 21:00:00+00:00,True,False
2026-02-14 18:00:00+00:00,2026-02-15 10:00:00+00:00,2026-02-15 15:00:00,2,16,0.9622611800829569,2,2026-02-13 22:00:00+00:00,True,False
2026-02-14 18:00:00+00:00,2026-02-15 11:00:00+00:00,2026-02-15 16:00:00,2,17,0.9482430020968119,2,2026-02-13 23:00:00+00:00,True,False
2026-02-14 18:00:00+00:00,2026-02-15 12:00:00+00:00,2026-02-15 17:00:00,2,18,0.9531875451405843,2,2026-02-14 00:00:00+00:00,True,False
2026-02-14 18:00:00+00:00,2026-02-15 13:00:00+00:00,2026-02-15 18:00:00,2,19,0.9502658645311991,2,2026-02-14 01:00:00+00:00,True,False
2026-02-14 18:00:00+00:00,2026-02-15 14:00:00+00:00,2026-02-15 19:00:00,2,20,0.9507200717926025,2,2026-02-14 02:00:00+00:00,True,False
2026-02-14 18:00:00+00:00,2026-02-15 15:00:00+00:00,2026-02-15 20:00:00,2,21,0.9383506178855896,2,2026-02-14 03:00:00+00:00,True,False
2026-02-14 18:00:00+00:00,2026-02-15 16:00:00+00:00,2026-02-15 21:00:00,2,22,0.9214901129404703,2,2026-02-14 04:00:00+00:00,True,False
2026-02-14 18:00:00+00:00,2026-02-15 17:00:00+00:00,2026-02-15 22:00:00,2,23,0.9076966245969137,2,2026-02-14 05:00:00+00:00,True,False
2026-02-14 18:00:00+00:00,2026-02-15 18:00:00+00:00,2026-02-15 23:00:00,2,24,0.7866083979606628,2,2026-02-14 06:00:00+00:00,True,False
2026-02-14 18:00:00+00:00,2026-02-15 19:00:00+00:00,2026-02-16 00:00:00,2,25,0.7519853313763937,2,2026-02-14 07:00:00+00:00,True,False
2026-02-14 18:00:00+00:00,2026-02-15 20:00:00+00:00,2026-02-16 01:00:00,2,26,0.650163491566976,2,2026-02-14 08:00:00+00:00,True,False
2026-02-14 18:00:00+00:00,2026-02-15 21:00:00+00:00,2026-02-16 02:00:00,2,27,0.5639756321907043,2,2026-02-14 09:00:00+00:00,True,False
2026-02-14 18:00:00+00:00,2026-02-15 22:00:00+00:00,2026-02-16 03:00:00,2,28,0.5422883729139963,2,2026-02-14 10:00:00+00:00,True,False
2026-02-14 18:00:00+00:00,2026-02-15 23:00:00+00:00,2026-02-16 04:00:00,2,29,0.24655122558275858,2,2026-02-14 11:00:00+00:00,True,False
2026-02-14 18:00:00+00:00,2026-02-16 00:00:00+00:00,2026-02-16 05:00:00,2,30,0.5273602406183878,2,2026-02-14 12:00:00+00:00,True,False
2026-02-14 18:00:00+00:00,2026-02-16 01:00:00+00:00,2026-02-16 06:00:00,2,31,0.24367184937000275,2,2026-02-14 13:00:00+00:00,True,False
2026-02-14 18:00:00+00:00,2026-02-16 02:00:00+00:00,2026-02-16 07:00:00,2,32,0.16897591451803842,2,2026-02-14 14:00:00+00:00,True,False
2026-02-14 18:00:00+00:00,2026-02-16 03:00:00+00:00,2026-02-16 08:00:00,2,33,0.18048273026943207,2,2026-02-14 15:00:00+00:00,True,False
2026-02-14 18:00:00+00:00,2026-02-16 04:00:00+00:00,2026-02-16 09:00:00,2,34,0.6734675566355387,2,2026-02-14 16:00:00+00:00,True,False
2026-02-14 18:00:00+00:00,2026-02-16 05:00:00+00:00,2026-02-16 10:00:00,2,35,0.560761570930481,2,2026-02-14 17:00:00+00:00,True,False
2026-02-14 18:00:00+00:00,2026-02-16 06:00:00+00:00,2026-02-16 11:00:00,2,36,0.48034817973772687,2,2026-02-14 18:00:00+00:00,True,False
2026-02-14 18:00:00+00:00,2026-02-16 07:00:00+00:00,2026-02-16 12:00:00,2,37,0.6980643272399902,3,2026-02-13 19:00:00+00:00,True,False
2026-02-14 18:00:00+00:00,2026-02-16 08:00:00+00:00,2026-02-16 13:00:00,2,38,0.8846060236295065,3,2026-02-13 20:00:00+00:00,True,False
2026-02-14 18:00:00+00:00,2026-02-16 09:00:00+00:00,2026-02-16 14:00:00,2,39,0.9369780023892721,3,2026-02-13 21:00:00+00:00,True,False
2026-02-14 18:00:00+00:00,2026-02-16 10:00:00+00:00,2026-02-16 15:00:00,2,40,0.9615010221799215,3,2026-02-13 22:00:00+00:00,True,False
2026-02-14 18:00:00+00:00,2026-02-16 11:00:00+00:00,2026-02-16 16:00:00,2,41,0.972093403339386,3,2026-02-13 23:00:00+00:00,True,False
2026-02-14 18:00:00+00:00,2026-02-16 12:00:00+00:00,2026-02-16 17:00:00,2,42,0.8636154135068258,3,2026-02-14 00:00:00+00:00,True,False
2026-02-14 18:00:00+00:00,2026-02-16 13:00:00+00:00,2026-02-16 18:00:00,2,43,0.8394608894983927,3,2026-02-14 01:00:00+00:00,True,False
2026-02-14 18:00:00+00:00,2026-02-16 14:00:00+00:00,2026-02-16 19:00:00,2,44,0.7637925545374552,3,2026-02-14 02:00:00+00:00,True,False
2026-02-14 18:00:00+00:00,2026-02-16 15:00:00+00:00,2026-02-16 20:00:00,2,45,0.7038012345631918,3,2026-02-14 03:00:00+00:00,True,False
2026-02-14 18:00:00+00:00,2026-02-16 16:00:00+00:00,2026-02-16 21:00:00,2,46,0.6436106562614441,3,2026-02-14 04:00:00+00:00,True,False
2026-02-14 18:00:00+00:00,2026-02-16 17:00:00+00:00,2026-02-16 22:00:00,2,47,0.5897976358731588,3,2026-02-14 05:00:00+00:00,True,False
2026-02-14 18:00:00+00:00,2026-02-16 18:00:00+00:00,2026-02-16 23:00:00,2,48,0.43851011991500854,3,2026-02-14 06:00:00+00:00,True,False
2026-02-15 18:00:00+00:00,2026-02-15 19:00:00+00:00,2026-02-16 00:00:00,1,1,0.4304380714893341,1,2026-02-15 07:00:00+00:00,True,False
2026-02-15 18:00:00+00:00,2026-02-15 20:00:00+00:00,2026-02-16 01:00:00,1,2,0.5806098779042562,1,2026-02-15 08:00:00+00:00,True,False
2026-02-15 18:00:00+00:00,2026-02-15 21:00:00+00:00,2026-02-16 02:00:00,1,3,0.7864021261533102,1,2026-02-15 09:00:00+00:00,True,False
2026-02-15 18:00:00+00:00,2026-02-15 22:00:00+00:00,2026-02-16 03:00:00,1,4,0.7870015899340311,1,2026-02-15 10:00:00+00:00,True,False
2026-02-15 18:00:00+00:00,2026-02-15 23:00:00+00:00,2026-02-16 04:00:00,1,5,0.8771756887435913,1,2026-02-15 11:00:00+00:00,True,False
2026-02-15 18:00:00+00:00,2026-02-16 00:00:00+00:00,2026-02-16 05:00:00,1,6,0.7941718300183614,1,2026-02-15 12:00:00+00:00,True,False
2026-02-15 18:00:00+00:00,2026-02-16 01:00:00+00:00,2026-02-16 06:00:00,1,7,0.8465615510940552,1,2026-02-15 13:00:00+00:00,True,False
2026-02-15 18:00:00+00:00,2026-02-16 02:00:00+00:00,2026-02-16 07:00:00,1,8,0.6322064201037089,1,2026-02-15 14:00:00+00:00,True,False
2026-02-15 18:00:00+00:00,2026-02-16 03:00:00+00:00,2026-02-16 08:00:00,1,9,0.2598067720731099,1,2026-02-15 15:00:00+00:00,True,False
2026-02-15 18:00:00+00:00,2026-02-16 04:00:00+00:00,2026-02-16 09:00:00,1,10,0.2103131910165151,1,2026-02-15 16:00:00+00:00,True,False
2026-02-15 18:00:00+00:00,2026-02-16 05:00:00+00:00,2026-02-16 10:00:00,1,11,0.3170994023482005,1,2026-02-15 17:00:00+00:00,True,False
2026-02-15 18:00:00+00:00,2026-02-16 06:00:00+00:00,2026-02-16 11:00:00,1,12,0.6079917351404825,1,2026-02-15 18:00:00+00:00,True,False
2026-02-15 18:00:00+00:00,2026-02-16 07:00:00+00:00,2026-02-16 12:00:00,1,13,0.6545651356379191,2,2026-02-14 19:00:00+00:00,True,False
2026-02-15 18:00:00+00:00,2026-02-16 08:00:00+00:00,2026-02-16 13:00:00,1,14,0.6840804815292358,2,2026-02-14 20:00:00+00:00,True,False
2026-02-15 18:00:00+00:00,2026-02-16 09:00:00+00:00,2026-02-16 14:00:00,1,15,0.7154753804206848,2,2026-02-14 21:00:00+00:00,True,False
2026-02-15 18:00:00+00:00,2026-02-16 10:00:00+00:00,2026-02-16 15:00:00,1,16,0.7980095942815145,2,2026-02-14 22:00:00+00:00,True,False
2026-02-15 18:00:00+00:00,2026-02-16 11:00:00+00:00,2026-02-16 16:00:00,1,17,0.8467792272567749,2,2026-02-14 23:00:00+00:00,True,False
2026-02-15 18:00:00+00:00,2026-02-16 12:00:00+00:00,2026-02-16 17:00:00,1,18,0.823785682519277,2,2026-02-15 00:00:00+00:00,True,False
2026-02-15 18:00:00+00:00,2026-02-16 13:00:00+00:00,2026-02-16 18:00:00,1,19,0.8923771182696024,2,2026-02-15 01:00:00+00:00,True,False
2026-02-15 18:00:00+00:00,2026-02-16 14:00:00+00:00,2026-02-16 19:00:00,1,20,0.888970951239268,2,2026-02-15 02:00:00+00:00,True,False
2026-02-15 18:00:00+00:00,2026-02-16 15:00:00+00:00,2026-02-16 20:00:00,1,21,0.7993713617324829,2,2026-02-15 03:00:00+00:00,True,False
2026-02-15 18:00:00+00:00,2026-02-16 16:00:00+00:00,2026-02-16 21:00:00,1,22,0.7569128076235453,2,2026-02-15 04:00:00+00:00,True,False
2026-02-15 18:00:00+00:00,2026-02-16 17:00:00+00:00,2026-02-16 22:00:00,1,23,0.6924383044242859,2,2026-02-15 05:00:00+00:00,True,False
2026-02-15 18:00:00+00:00,2026-02-16 18:00:00+00:00,2026-02-16 23:00:00,1,24,0.5500427484512329,2,2026-02-15 06:00:00+00:00,True,False
2026-02-15 18:00:00+00:00,2026-02-16 19:00:00+00:00,2026-02-17 00:00:00,1,25,0.57597815990448,2,2026-02-15 07:00:00+00:00,True,False
2026-02-15 18:00:00+00:00,2026-02-16 20:00:00+00:00,2026-02-17 01:00:00,1,26,0.46937138835589093,2,2026-02-15 08:00:00+00:00,True,False
2026-02-15 18:00:00+00:00,2026-02-16 21:00:00+00:00,2026-02-17 02:00:00,1,27,0.40242976943651837,2,2026-02-15 09:00:00+00:00,True,False
2026-02-15 18:00:00+00:00,2026-02-16 22:00:00+00:00,2026-02-17 03:00:00,1,28,0.3670236865679423,2,2026-02-15 10:00:00+00:00,True,False
2026-02-15 18:00:00+00:00,2026-02-16 23:00:00+00:00,2026-02-17 04:00:00,1,29,0.25937966505686444,2,2026-02-15 11:00:00+00:00,True,False
2026-02-15 18:00:00+00:00,2026-02-17 00:00:00+00:00,2026-02-17 05:00:00,1,30,0.04779097189505895,2,2026-02-15 12:00:00+00:00,True,False
2026-02-15 18:00:00+00:00,2026-02-17 01:00:00+00:00,2026-02-17 06:00:00,1,31,0.04378414650758108,2,2026-02-15 13:00:00+00:00,True,False
2026-02-15 18:00:00+00:00,2026-02-17 02:00:00+00:00,2026-02-17 07:00:00,1,32,0.05492850268880526,2,2026-02-15 14:00:00+00:00,True,False
2026-02-15 18:00:00+00:00,2026-02-17 03:00:00+00:00,2026-02-17 08:00:00,1,33,0.04769821837544441,2,2026-02-15 15:00:00+00:00,True,False
2026-02-15 18:00:00+00:00,2026-02-17 04:00:00+00:00,2026-02-17 09:00:00,1,34,0.0498670848707358,2,2026-02-15 16:00:00+00:00,True,False
2026-02-15 18:00:00+00:00,2026-02-17 05:00:00+00:00,2026-02-17 10:00:00,1,35,0.06378226851423581,2,2026-02-15 17:00:00+00:00,True,False
2026-02-15 18:00:00+00:00,2026-02-17 06:00:00+00:00,2026-02-17 11:00:00,1,36,0.1583072692155838,2,2026-02-15 18:00:00+00:00,True,False
2026-02-15 18:00:00+00:00,2026-02-17 07:00:00+00:00,2026-02-17 12:00:00,1,37,0.2542346566915512,3,2026-02-14 19:00:00+00:00,True,False
2026-02-15 18:00:00+00:00,2026-02-17 08:00:00+00:00,2026-02-17 13:00:00,1,38,0.3018730580806732,3,2026-02-14 20:00:00+00:00,True,False
2026-02-15 18:00:00+00:00,2026-02-17 09:00:00+00:00,2026-02-17 14:00:00,1,39,0.3955041567484538,3,2026-02-14 21:00:00+00:00,True,False
2026-02-15 18:00:00+00:00,2026-02-17 10:00:00+00:00,2026-02-17 15:00:00,1,40,0.39384254813194275,3,2026-02-14 22:00:00+00:00,True,False
2026-02-15 18:00:00+00:00,2026-02-17 11:00:00+00:00,2026-02-17 16:00:00,1,41,0.31410689155260724,3,2026-02-14 23:00:00+00:00,True,False
2026-02-15 18:00:00+00:00,2026-02-17 12:00:00+00:00,2026-02-17 17:00:00,1,42,0.721936841805776,3,2026-02-15 00:00:00+00:00,True,False
2026-02-15 18:00:00+00:00,2026-02-17 13:00:00+00:00,2026-02-17 18:00:00,1,43,0.6955698331197103,3,2026-02-15 01:00:00+00:00,True,False
2026-02-15 18:00:00+00:00,2026-02-17 14:00:00+00:00,2026-02-17 19:00:00,1,44,0.6709693471590678,3,2026-02-15 02:00:00+00:00,True,False
2026-02-15 18:00:00+00:00,2026-02-17 15:00:00+00:00,2026-02-17 20:00:00,1,45,0.7387982606887817,3,2026-02-15 03:00:00+00:00,True,False
2026-02-15 18:00:00+00:00,2026-02-17 16:00:00+00:00,2026-02-17 21:00:00,1,46,0.7219666242599487,3,2026-02-15 04:00:00+00:00,True,False
2026-02-15 18:00:00+00:00,2026-02-17 17:00:00+00:00,2026-02-17 22:00:00,1,47,0.6730509201685587,3,2026-02-15 05:00:00+00:00,True,False
2026-02-15 18:00:00+00:00,2026-02-17 18:00:00+00:00,2026-02-17 23:00:00,1,48,0.23644998172918955,3,2026-02-15 06:00:00+00:00,True,False
2026-02-15 18:00:00+00:00,2026-02-15 19:00:00+00:00,2026-02-16 00:00:00,2,1,0.35853688915570575,1,2026-02-15 07:00:00+00:00,True,False
2026-02-15 18:00:00+00:00,2026-02-15 20:00:00+00:00,2026-02-16 01:00:00,2,2,0.5004947582880656,1,2026-02-15 08:00:00+00:00,True,False
2026-02-15 18:00:00+00:00,2026-02-15 21:00:00+00:00,2026-02-16 02:00:00,2,3,0.7023104627927145,1,2026-02-15 09:00:00+00:00,True,False
2026-02-15 18:00:00+00:00,2026-02-15 22:00:00+00:00,2026-02-16 03:00:00,2,4,0.7130786379178365,1,2026-02-15 10:00:00+00:00,True,False
2026-02-15 18:00:00+00:00,2026-02-15 23:00:00+00:00,2026-02-16 04:00:00,2,5,0.8382219473520914,1,2026-02-15 11:00:00+00:00,True,False
2026-02-15 18:00:00+00:00,2026-02-16 00:00:00+00:00,2026-02-16 05:00:00,2,6,0.7677291035652161,1,2026-02-15 12:00:00+00:00,True,False
2026-02-15 18:00:00+00:00,2026-02-16 01:00:00+00:00,2026-02-16 06:00:00,2,7,0.8229871988296509,1,2026-02-15 13:00:00+00:00,True,False
2026-02-15 18:00:00+00:00,2026-02-16 02:00:00+00:00,2026-02-16 07:00:00,2,8,0.5770861307779948,1,2026-02-15 14:00:00+00:00,True,False
2026-02-15 18:00:00+00:00,2026-02-16 03:00:00+00:00,2026-02-16 08:00:00,2,9,0.22793817520141602,1,2026-02-15 15:00:00+00:00,True,False
2026-02-15 18:00:00+00:00,2026-02-16 04:00:00+00:00,2026-02-16 09:00:00,2,10,0.18708965679009756,1,2026-02-15 16:00:00+00:00,True,False
2026-02-15 18:00:00+00:00,2026-02-16 05:00:00+00:00,2026-02-16 10:00:00,2,11,0.2996310492356618,1,2026-02-15 17:00:00+00:00,True,False
2026-02-15 18:00:00+00:00,2026-02-16 06:00:00+00:00,2026-02-16 11:00:00,2,12,0.5842814048131307,1,2026-02-15 18:00:00+00:00,True,False
2026-02-15 18:00:00+00:00,2026-02-16 07:00:00+00:00,2026-02-16 12:00:00,2,13,0.5973155299822489,2,2026-02-14 19:00:00+00:00,True,False
2026-02-15 18:00:00+00:00,2026-02-16 08:00:00+00:00,2026-02-16 13:00:00,2,14,0.6317843198776245,2,2026-02-14 20:00:00+00:00,True,False
2026-02-15 18:00:00+00:00,2026-02-16 09:00:00+00:00,2026-02-16 14:00:00,2,15,0.6967018445332845,2,2026-02-14 21:00:00+00:00,True,False
2026-02-15 18:00:00+00:00,2026-02-16 10:00:00+00:00,2026-02-16 15:00:00,2,16,0.7892505129178365,2,2026-02-14 22:00:00+00:00,True,False
2026-02-15 18:00:00+00:00,2026-02-16 11:00:00+00:00,2026-02-16 16:00:00,2,17,0.8493846654891968,2,2026-02-14 23:00:00+00:00,True,False
2026-02-15 18:00:00+00:00,2026-02-16 12:00:00+00:00,2026-02-16 17:00:00,2,18,0.8309179345766703,2,2026-02-15 00:00:00+00:00,True,False
2026-02-15 18:00:00+00:00,2026-02-16 13:00:00+00:00,2026-02-16 18:00:00,2,19,0.8925574024518331,2,2026-02-15 01:00:00+00:00,True,False
2026-02-15 18:00:00+00:00,2026-02-16 14:00:00+00:00,2026-02-16 19:00:00,2,20,0.892177164554596,2,2026-02-15 02:00:00+00:00,True,False
2026-02-15 18:00:00+00:00,2026-02-16 15:00:00+00:00,2026-02-16 20:00:00,2,21,0.8135087688763937,2,2026-02-15 03:00:00+00:00,True,False
2026-02-15 18:00:00+00:00,2026-02-16 16:00:00+00:00,2026-02-16 21:00:00,2,22,0.7784209648768107,2,2026-02-15 04:00:00+00:00,True,False
2026-02-15 18:00:00+00:00,2026-02-16 17:00:00+00:00,2026-02-16 22:00:00,2,23,0.7165682713190714,2,2026-02-15 05:00:00+00:00,True,False
2026-02-15 18:00:00+00:00,2026-02-16 18:00:00+00:00,2026-02-16 23:00:00,2,24,0.5555196603139242,2,2026-02-15 06:00:00+00:00,True,False
2026-02-15 18:00:00+00:00,2026-02-16 19:00:00+00:00,2026-02-17 00:00:00,2,25,0.5790213545163473,2,2026-02-15 07:00:00+00:00,True,False
2026-02-15 18:00:00+00:00,2026-02-16 20:00:00+00:00,2026-02-17 01:00:00,2,26,0.4687207043170929,2,2026-02-15 08:00:00+00:00,True,False
2026-02-15 18:00:00+00:00,2026-02-16 21:00:00+00:00,2026-02-17 02:00:00,2,27,0.38486631711324054,2,2026-02-15 09:00:00+00:00,True,False
2026-02-15 18:00:00+00:00,2026-02-16 22:00:00+00:00,2026-02-17 03:00:00,2,28,0.3436193068822225,2,2026-02-15 10:00:00+00:00,True,False
2026-02-15 18:00:00+00:00,2026-02-16 23:00:00+00:00,2026-02-17 04:00:00,2,29,0.22977771858374277,2,2026-02-15 11:00:00+00:00,True,False
2026-02-15 18:00:00+00:00,2026-02-17 00:00:00+00:00,2026-02-17 05:00:00,2,30,0.044409673660993576,2,2026-02-15 12:00:00+00:00,True,False
2026-02-15 18:00:00+00:00,2026-02-17 01:00:00+00:00,2026-02-17 06:00:00,2,31,0.04045694942275683,2,2026-02-15 13:00:00+00:00,True,False
2026-02-15 18:00:00+00:00,2026-02-17 02:00:00+00:00,2026-02-17 07:00:00,2,32,0.05141698569059372,2,2026-02-15 14:00:00+00:00,True,False
2026-02-15 18:00:00+00:00,2026-02-17 03:00:00+00:00,2026-02-17 08:00:00,2,33,0.043451269467671715,2,2026-02-15 15:00:00+00:00,True,False
2026-02-15 18:00:00+00:00,2026-02-17 04:00:00+00:00,2026-02-17 09:00:00,2,34,0.046070908506711326,2,2026-02-15 16:00:00+00:00,True,False
2026-02-15 18:00:00+00:00,2026-02-17 05:00:00+00:00,2026-02-17 10:00:00,2,35,0.057207901030778885,2,2026-02-15 17:00:00+00:00,True,False
2026-02-15 18:00:00+00:00,2026-02-17 06:00:00+00:00,2026-02-17 11:00:00,2,36,0.1497963865598043,2,2026-02-15 18:00:00+00:00,True,False
2026-02-15 18:00:00+00:00,2026-02-17 07:00:00+00:00,2026-02-17 12:00:00,2,37,0.24180259307225546,3,2026-02-14 19:00:00+00:00,True,False
2026-02-15 18:00:00+00:00,2026-02-17 08:00:00+00:00,2026-02-17 13:00:00,2,38,0.2866917898257573,3,2026-02-14 20:00:00+00:00,True,False
2026-02-15 18:00:00+00:00,2026-02-17 09:00:00+00:00,2026-02-17 14:00:00,2,39,0.36622994144757587,3,2026-02-14 21:00:00+00:00,True,False
2026-02-15 18:00:00+00:00,2026-02-17 10:00:00+00:00,2026-02-17 15:00:00,2,40,0.3610107998053233,3,2026-02-14 22:00:00+00:00,True,False
2026-02-15 18:00:00+00:00,2026-02-17 11:00:00+00:00,2026-02-17 16:00:00,2,41,0.28139784932136536,3,2026-02-14 23:00:00+00:00,True,False
2026-02-15 18:00:00+00:00,2026-02-17 12:00:00+00:00,2026-02-17 17:00:00,2,42,0.7029660940170288,3,2026-02-15 00:00:00+00:00,True,False
2026-02-15 18:00:00+00:00,2026-02-17 13:00:00+00:00,2026-02-17 18:00:00,2,43,0.6872378985087076,3,2026-02-15 01:00:00+00:00,True,False
2026-02-15 18:00:00+00:00,2026-02-17 14:00:00+00:00,2026-02-17 19:00:00,2,44,0.6615604956944784,3,2026-02-15 02:00:00+00:00,True,False
2026-02-15 18:00:00+00:00,2026-02-17 15:00:00+00:00,2026-02-17 20:00:00,2,45,0.7441280881563822,3,2026-02-15 03:00:00+00:00,True,False
2026-02-15 18:00:00+00:00,2026-02-17 16:00:00+00:00,2026-02-17 21:00:00,2,46,0.7249671618143717,3,2026-02-15 04:00:00+00:00,True,False
2026-02-15 18:00:00+00:00,2026-02-17 17:00:00+00:00,2026-02-17 22:00:00,2,47,0.6949425339698792,3,2026-02-15 05:00:00+00:00,True,False
2026-02-15 18:00:00+00:00,2026-02-17 18:00:00+00:00,2026-02-17 23:00:00,2,48,0.2401279260714849,3,2026-02-15 06:00:00+00:00,True,False
2026-02-16 18:00:00+00:00,2026-02-16 19:00:00+00:00,2026-02-17 00:00:00,1,1,0.7294595837593079,1,2026-02-16 07:00:00+00:00,True,False
2026-02-16 18:00:00+00:00,2026-02-16 20:00:00+00:00,2026-02-17 01:00:00,1,2,0.6818669438362122,1,2026-02-16 08:00:00+00:00,True,False
2026-02-16 18:00:00+00:00,2026-02-16 21:00:00+00:00,2026-02-17 02:00:00,1,3,0.5515792767206827,1,2026-02-16 09:00:00+00:00,True,False
2026-02-16 18:00:00+00:00,2026-02-16 22:00:00+00:00,2026-02-17 03:00:00,1,4,0.39396994312604267,1,2026-02-16 10:00:00+00:00,True,False
2026-02-16 18:00:00+00:00,2026-02-16 23:00:00+00:00,2026-02-17 04:00:00,1,5,0.2561889886856079,1,2026-02-16 11:00:00+00:00,True,False
2026-02-16 18:00:00+00:00,2026-02-17 00:00:00+00:00,2026-02-17 05:00:00,1,6,0.17870343724886575,1,2026-02-16 12:00:00+00:00,True,False
2026-02-16 18:00:00+00:00,2026-02-17 01:00:00+00:00,2026-02-17 06:00:00,1,7,0.11020684987306595,1,2026-02-16 13:00:00+00:00,True,False
2026-02-16 18:00:00+00:00,2026-02-17 02:00:00+00:00,2026-02-17 07:00:00,1,8,0.07084874560435613,1,2026-02-16 14:00:00+00:00,True,False
2026-02-16 18:00:00+00:00,2026-02-17 03:00:00+00:00,2026-02-17 08:00:00,1,9,0.041047438979148865,1,2026-02-16 15:00:00+00:00,True,False
2026-02-16 18:00:00+00:00,2026-02-17 04:00:00+00:00,2026-02-17 09:00:00,1,10,0.021289310418069363,1,2026-02-16 16:00:00+00:00,True,False
2026-02-16 18:00:00+00:00,2026-02-17 05:00:00+00:00,2026-02-17 10:00:00,1,11,0.02383013938864072,1,2026-02-16 17:00:00+00:00,True,False
2026-02-16 18:00:00+00:00,2026-02-17 06:00:00+00:00,2026-02-17 11:00:00,1,12,0.019997724642356236,1,2026-02-16 18:00:00+00:00,True,False
2026-02-16 18:00:00+00:00,2026-02-17 07:00:00+00:00,2026-02-17 12:00:00,1,13,0.2641138931115468,2,2026-02-15 19:00:00+00:00,True,False
2026-02-16 18:00:00+00:00,2026-02-17 08:00:00+00:00,2026-02-17 13:00:00,1,14,0.34643734494845074,2,2026-02-15 20:00:00+00:00,True,False
2026-02-16 18:00:00+00:00,2026-02-17 09:00:00+00:00,2026-02-17 14:00:00,1,15,0.5122518638769785,2,2026-02-15 21:00:00+00:00,True,False
2026-02-16 18:00:00+00:00,2026-02-17 10:00:00+00:00,2026-02-17 15:00:00,1,16,0.5802701711654663,2,2026-02-15 22:00:00+00:00,True,False
2026-02-16 18:00:00+00:00,2026-02-17 11:00:00+00:00,2026-02-17 16:00:00,1,17,0.5032073160012563,2,2026-02-15 23:00:00+00:00,True,False
2026-02-16 18:00:00+00:00,2026-02-17 12:00:00+00:00,2026-02-17 17:00:00,1,18,0.26482291022936505,2,2026-02-16 00:00:00+00:00,True,False
2026-02-16 18:00:00+00:00,2026-02-17 13:00:00+00:00,2026-02-17 18:00:00,1,19,0.3351201315720876,2,2026-02-16 01:00:00+00:00,True,False
2026-02-16 18:00:00+00:00,2026-02-17 14:00:00+00:00,2026-02-17 19:00:00,1,20,0.4244518478711446,2,2026-02-16 02:00:00+00:00,True,False
2026-02-16 18:00:00+00:00,2026-02-17 15:00:00+00:00,2026-02-17 20:00:00,1,21,0.5184750656286875,2,2026-02-16 03:00:00+00:00,True,False
2026-02-16 18:00:00+00:00,2026-02-17 16:00:00+00:00,2026-02-17 21:00:00,1,22,0.5778032739957174,2,2026-02-16 04:00:00+00:00,True,False
2026-02-16 18:00:00+00:00,2026-02-17 17:00:00+00:00,2026-02-17 22:00:00,1,23,0.636289914449056,2,2026-02-16 05:00:00+00:00,True,False
2026-02-16 18:00:00+00:00,2026-02-17 18:00:00+00:00,2026-02-17 23:00:00,1,24,0.4047939081986745,2,2026-02-16 06:00:00+00:00,True,False
2026-02-16 18:00:00+00:00,2026-02-17 19:00:00+00:00,2026-02-18 00:00:00,1,25,0.4866418143113454,2,2026-02-16 07:00:00+00:00,True,False
2026-02-16 18:00:00+00:00,2026-02-17 20:00:00+00:00,2026-02-18 01:00:00,1,26,0.47439831495285034,2,2026-02-16 08:00:00+00:00,True,False
2026-02-16 18:00:00+00:00,2026-02-17 21:00:00+00:00,2026-02-18 02:00:00,1,27,0.5155208706855774,2,2026-02-16 09:00:00+00:00,True,False
2026-02-16 18:00:00+00:00,2026-02-17 22:00:00+00:00,2026-02-18 03:00:00,1,28,0.5317611893018087,2,2026-02-16 10:00:00+00:00,True,False
2026-02-16 18:00:00+00:00,2026-02-17 23:00:00+00:00,2026-02-18 04:00:00,1,29,0.5129183729489645,2,2026-02-16 11:00:00+00:00,True,False
2026-02-16 18:00:00+00:00,2026-02-18 00:00:00+00:00,2026-02-18 05:00:00,1,30,0.5864008665084839,2,2026-02-16 12:00:00+00:00,True,False
2026-02-16 18:00:00+00:00,2026-02-18 01:00:00+00:00,2026-02-18 06:00:00,1,31,0.5761374433835348,2,2026-02-16 13:00:00+00:00,True,False
2026-02-16 18:00:00+00:00,2026-02-18 02:00:00+00:00,2026-02-18 07:00:00,1,32,0.5305917660395304,2,2026-02-16 14:00:00+00:00,True,False
2026-02-16 18:00:00+00:00,2026-02-18 03:00:00+00:00,2026-02-18 08:00:00,1,33,0.6502340833346049,2,2026-02-16 15:00:00+00:00,True,False
2026-02-16 18:00:00+00:00,2026-02-18 04:00:00+00:00,2026-02-18 09:00:00,1,34,0.7847825686136881,2,2026-02-16 16:00:00+00:00,True,False
2026-02-16 18:00:00+00:00,2026-02-18 05:00:00+00:00,2026-02-18 10:00:00,1,35,0.9145645697911581,2,2026-02-16 17:00:00+00:00,True,False
2026-02-16 18:00:00+00:00,2026-02-18 06:00:00+00:00,2026-02-18 11:00:00,1,36,0.9639658331871033,2,2026-02-16 18:00:00+00:00,True,False
2026-02-16 18:00:00+00:00,2026-02-18 07:00:00+00:00,2026-02-18 12:00:00,1,37,0.9736944437026978,3,2026-02-15 19:00:00+00:00,True,False
2026-02-16 18:00:00+00:00,2026-02-18 08:00:00+00:00,2026-02-18 13:00:00,1,38,0.9807749589284261,3,2026-02-15 20:00:00+00:00,True,False
2026-02-16 18:00:00+00:00,2026-02-18 09:00:00+00:00,2026-02-18 14:00:00,1,39,0.9815974036852518,3,2026-02-15 21:00:00+00:00,True,False
2026-02-16 18:00:00+00:00,2026-02-18 10:00:00+00:00,2026-02-18 15:00:00,1,40,0.9777940511703491,3,2026-02-15 22:00:00+00:00,True,False
2026-02-16 18:00:00+00:00,2026-02-18 11:00:00+00:00,2026-02-18 16:00:00,1,41,0.9619219303131104,3,2026-02-15 23:00:00+00:00,True,False
2026-02-16 18:00:00+00:00,2026-02-18 12:00:00+00:00,2026-02-18 17:00:00,1,42,0.8946212728818258,3,2026-02-16 00:00:00+00:00,True,False
2026-02-16 18:00:00+00:00,2026-02-18 13:00:00+00:00,2026-02-18 18:00:00,1,43,0.73695441087087,3,2026-02-16 01:00:00+00:00,True,False
2026-02-16 18:00:00+00:00,2026-02-18 14:00:00+00:00,2026-02-18 19:00:00,1,44,0.5758836269378662,3,2026-02-16 02:00:00+00:00,True,False
2026-02-16 18:00:00+00:00,2026-02-18 15:00:00+00:00,2026-02-18 20:00:00,1,45,0.45775121450424194,3,2026-02-16 03:00:00+00:00,True,False
2026-02-16 18:00:00+00:00,2026-02-18 16:00:00+00:00,2026-02-18 21:00:00,1,46,0.4198967019716899,3,2026-02-16 04:00:00+00:00,True,False
2026-02-16 18:00:00+00:00,2026-02-18 17:00:00+00:00,2026-02-18 22:00:00,1,47,0.3556077480316162,3,2026-02-16 05:00:00+00:00,True,False
2026-02-16 18:00:00+00:00,2026-02-18 18:00:00+00:00,2026-02-18 23:00:00,1,48,0.4264725943406423,3,2026-02-16 06:00:00+00:00,True,False
2026-02-16 18:00:00+00:00,2026-02-16 19:00:00+00:00,2026-02-17 00:00:00,2,1,0.6871318022410074,1,2026-02-16 07:00:00+00:00,True,False
2026-02-16 18:00:00+00:00,2026-02-16 20:00:00+00:00,2026-02-17 01:00:00,2,2,0.6308855613072714,1,2026-02-16 08:00:00+00:00,True,False
2026-02-16 18:00:00+00:00,2026-02-16 21:00:00+00:00,2026-02-17 02:00:00,2,3,0.4996861120065053,1,2026-02-16 09:00:00+00:00,True,False
2026-02-16 18:00:00+00:00,2026-02-16 22:00:00+00:00,2026-02-17 03:00:00,2,4,0.33873801430066425,1,2026-02-16 10:00:00+00:00,True,False
2026-02-16 18:00:00+00:00,2026-02-16 23:00:00+00:00,2026-02-17 04:00:00,2,5,0.21179606020450592,1,2026-02-16 11:00:00+00:00,True,False
2026-02-16 18:00:00+00:00,2026-02-17 00:00:00+00:00,2026-02-17 05:00:00,2,6,0.14523422718048096,1,2026-02-16 12:00:00+00:00,True,False
2026-02-16 18:00:00+00:00,2026-02-17 01:00:00+00:00,2026-02-17 06:00:00,2,7,0.09526107460260391,1,2026-02-16 13:00:00+00:00,True,False
2026-02-16 18:00:00+00:00,2026-02-17 02:00:00+00:00,2026-02-17 07:00:00,2,8,0.06574548035860062,1,2026-02-16 14:00:00+00:00,True,False
2026-02-16 18:00:00+00:00,2026-02-17 03:00:00+00:00,2026-02-17 08:00:00,2,9,0.03852471709251404,1,2026-02-16 15:00:00+00:00,True,False
2026-02-16 18:00:00+00:00,2026-02-17 04:00:00+00:00,2026-02-17 09:00:00,2,10,0.02048704183350007,1,2026-02-16 16:00:00+00:00,True,False
2026-02-16 18:00:00+00:00,2026-02-17 05:00:00+00:00,2026-02-17 10:00:00,2,11,0.022767727573712666,1,2026-02-16 17:00:00+00:00,True,False
2026-02-16 18:00:00+00:00,2026-02-17 06:00:00+00:00,2026-02-17 11:00:00,2,12,0.018737630763401587,1,2026-02-16 18:00:00+00:00,True,False
2026-02-16 18:00:00+00:00,2026-02-17 07:00:00+00:00,2026-02-17 12:00:00,2,13,0.2494309594233831,2,2026-02-15 19:00:00+00:00,True,False
2026-02-16 18:00:00+00:00,2026-02-17 08:00:00+00:00,2026-02-17 13:00:00,2,14,0.3214155336221059,2,2026-02-15 20:00:00+00:00,True,False
2026-02-16 18:00:00+00:00,2026-02-17 09:00:00+00:00,2026-02-17 14:00:00,2,15,0.46858009696006775,2,2026-02-15 21:00:00+00:00,True,False
2026-02-16 18:00:00+00:00,2026-02-17 10:00:00+00:00,2026-02-17 15:00:00,2,16,0.5344111124674479,2,2026-02-15 22:00:00+00:00,True,False
2026-02-16 18:00:00+00:00,2026-02-17 11:00:00+00:00,2026-02-17 16:00:00,2,17,0.4430443545182546,2,2026-02-15 23:00:00+00:00,True,False
2026-02-16 18:00:00+00:00,2026-02-17 12:00:00+00:00,2026-02-17 17:00:00,2,18,0.21730518341064453,2,2026-02-16 00:00:00+00:00,True,False
2026-02-16 18:00:00+00:00,2026-02-17 13:00:00+00:00,2026-02-17 18:00:00,2,19,0.28887983163197833,2,2026-02-16 01:00:00+00:00,True,False
2026-02-16 18:00:00+00:00,2026-02-17 14:00:00+00:00,2026-02-17 19:00:00,2,20,0.38924480477968854,2,2026-02-16 02:00:00+00:00,True,False
2026-02-16 18:00:00+00:00,2026-02-17 15:00:00+00:00,2026-02-17 20:00:00,2,21,0.49953731894493103,2,2026-02-16 03:00:00+00:00,True,False
2026-02-16 18:00:00+00:00,2026-02-17 16:00:00+00:00,2026-02-17 21:00:00,2,22,0.5717142224311829,2,2026-02-16 04:00:00+00:00,True,False
2026-02-16 18:00:00+00:00,2026-02-17 17:00:00+00:00,2026-02-17 22:00:00,2,23,0.6274224718411764,2,2026-02-16 05:00:00+00:00,True,False
2026-02-16 18:00:00+00:00,2026-02-17 18:00:00+00:00,2026-02-17 23:00:00,2,24,0.39892616868019104,2,2026-02-16 06:00:00+00:00,True,False
2026-02-16 18:00:00+00:00,2026-02-17 19:00:00+00:00,2026-02-18 00:00:00,2,25,0.4670930008093516,2,2026-02-16 07:00:00+00:00,True,False
2026-02-16 18:00:00+00:00,2026-02-17 20:00:00+00:00,2026-02-18 01:00:00,2,26,0.45090503493944806,2,2026-02-16 08:00:00+00:00,True,False
2026-02-16 18:00:00+00:00,2026-02-17 21:00:00+00:00,2026-02-18 02:00:00,2,27,0.4866344134012858,2,2026-02-16 09:00:00+00:00,True,False
2026-02-16 18:00:00+00:00,2026-02-17 22:00:00+00:00,2026-02-18 03:00:00,2,28,0.5076958537101746,2,2026-02-16 10:00:00+00:00,True,False
2026-02-16 18:00:00+00:00,2026-02-17 23:00:00+00:00,2026-02-18 04:00:00,2,29,0.4901973803838094,2,2026-02-16 11:00:00+00:00,True,False
2026-02-16 18:00:00+00:00,2026-02-18 00:00:00+00:00,2026-02-18 05:00:00,2,30,0.5401192307472229,2,2026-02-16 12:00:00+00:00,True,False
2026-02-16 18:00:00+00:00,2026-02-18 01:00:00+00:00,2026-02-18 06:00:00,2,31,0.5138183931509653,2,2026-02-16 13:00:00+00:00,True,False
2026-02-16 18:00:00+00:00,2026-02-18 02:00:00+00:00,2026-02-18 07:00:00,2,32,0.4822606643040975,2,2026-02-16 14:00:00+00:00,True,False
2026-02-16 18:00:00+00:00,2026-02-18 03:00:00+00:00,2026-02-18 08:00:00,2,33,0.6163593729337057,2,2026-02-16 15:00:00+00:00,True,False
2026-02-16 18:00:00+00:00,2026-02-18 04:00:00+00:00,2026-02-18 09:00:00,2,34,0.7592113614082336,2,2026-02-16 16:00:00+00:00,True,False
2026-02-16 18:00:00+00:00,2026-02-18 05:00:00+00:00,2026-02-18 10:00:00,2,35,0.9095137715339661,2,2026-02-16 17:00:00+00:00,True,False
2026-02-16 18:00:00+00:00,2026-02-18 06:00:00+00:00,2026-02-18 11:00:00,2,36,0.961729109287262,2,2026-02-16 18:00:00+00:00,True,False
2026-02-16 18:00:00+00:00,2026-02-18 07:00:00+00:00,2026-02-18 12:00:00,2,37,0.9743391474088033,3,2026-02-15 19:00:00+00:00,True,False
2026-02-16 18:00:00+00:00,2026-02-18 08:00:00+00:00,2026-02-18 13:00:00,2,38,0.9803942243258158,3,2026-02-15 20:00:00+00:00,True,False
2026-02-16 18:00:00+00:00,2026-02-18 09:00:00+00:00,2026-02-18 14:00:00,2,39,0.980315367380778,3,2026-02-15 21:00:00+00:00,True,False
2026-02-16 18:00:00+00:00,2026-02-18 10:00:00+00:00,2026-02-18 15:00:00,2,40,0.9766074220339457,3,2026-02-15 22:00:00+00:00,True,False
2026-02-16 18:00:00+00:00,2026-02-18 11:00:00+00:00,2026-02-18 16:00:00,2,41,0.9584979812304179,3,2026-02-15 23:00:00+00:00,True,False
2026-02-16 18:00:00+00:00,2026-02-18 12:00:00+00:00,2026-02-18 17:00:00,2,42,0.8941100835800171,3,2026-02-16 00:00:00+00:00,True,False
2026-02-16 18:00:00+00:00,2026-02-18 13:00:00+00:00,2026-02-18 18:00:00,2,43,0.7354635993639628,3,2026-02-16 01:00:00+00:00,True,False
2026-02-16 18:00:00+00:00,2026-02-18 14:00:00+00:00,2026-02-18 19:00:00,2,44,0.5763832728068033,3,2026-02-16 02:00:00+00:00,True,False
2026-02-16 18:00:00+00:00,2026-02-18 15:00:00+00:00,2026-02-18 20:00:00,2,45,0.45237699151039124,3,2026-02-16 03:00:00+00:00,True,False
2026-02-16 18:00:00+00:00,2026-02-18 16:00:00+00:00,2026-02-18 21:00:00,2,46,0.4105597933133443,3,2026-02-16 04:00:00+00:00,True,False
2026-02-16 18:00:00+00:00,2026-02-18 17:00:00+00:00,2026-02-18 22:00:00,2,47,0.3433869282404582,3,2026-02-16 05:00:00+00:00,True,False
2026-02-16 18:00:00+00:00,2026-02-18 18:00:00+00:00,2026-02-18 23:00:00,2,48,0.3970184127489726,3,2026-02-16 06:00:00+00:00,True,False
2026-02-17 18:00:00+00:00,2026-02-17 19:00:00+00:00,2026-02-18 00:00:00,1,1,0.613883892695109,1,2026-02-17 07:00:00+00:00,True,False
2026-02-17 18:00:00+00:00,2026-02-17 20:00:00+00:00,2026-02-18 01:00:00,1,2,0.6266781886418661,1,2026-02-17 08:00:00+00:00,True,False
2026-02-17 18:00:00+00:00,2026-02-17 21:00:00+00:00,2026-02-18 02:00:00,1,3,0.6321815649668375,1,2026-02-17 09:00:00+00:00,True,False
2026-02-17 18:00:00+00:00,2026-02-17 22:00:00+00:00,2026-02-18 03:00:00,1,4,0.7430786887804667,1,2026-02-17 10:00:00+00:00,True,False
2026-02-17 18:00:00+00:00,2026-02-17 23:00:00+00:00,2026-02-18 04:00:00,1,5,0.6786683003107706,1,2026-02-17 11:00:00+00:00,True,False
2026-02-17 18:00:00+00:00,2026-02-18 00:00:00+00:00,2026-02-18 05:00:00,1,6,0.8008483250935873,1,2026-02-17 12:00:00+00:00,True,False
2026-02-17 18:00:00+00:00,2026-02-18 01:00:00+00:00,2026-02-18 06:00:00,1,7,0.8204678694407145,1,2026-02-17 13:00:00+00:00,True,False
2026-02-17 18:00:00+00:00,2026-02-18 02:00:00+00:00,2026-02-18 07:00:00,1,8,0.8466859261194865,1,2026-02-17 14:00:00+00:00,True,False
2026-02-17 18:00:00+00:00,2026-02-18 03:00:00+00:00,2026-02-18 08:00:00,1,9,0.861150860786438,1,2026-02-17 15:00:00+00:00,True,False
2026-02-17 18:00:00+00:00,2026-02-18 04:00:00+00:00,2026-02-18 09:00:00,1,10,0.897887130578359,1,2026-02-17 16:00:00+00:00,True,False
2026-02-17 18:00:00+00:00,2026-02-18 05:00:00+00:00,2026-02-18 10:00:00,1,11,0.9494002064069113,1,2026-02-17 17:00:00+00:00,True,False
2026-02-17 18:00:00+00:00,2026-02-18 06:00:00+00:00,2026-02-18 11:00:00,1,12,0.9685329596201578,1,2026-02-17 18:00:00+00:00,True,False
2026-02-17 18:00:00+00:00,2026-02-18 07:00:00+00:00,2026-02-18 12:00:00,1,13,0.9770561854044596,2,2026-02-16 19:00:00+00:00,True,False
2026-02-17 18:00:00+00:00,2026-02-18 08:00:00+00:00,2026-02-18 13:00:00,1,14,0.9808556834856669,2,2026-02-16 20:00:00+00:00,True,False
2026-02-17 18:00:00+00:00,2026-02-18 09:00:00+00:00,2026-02-18 14:00:00,1,15,0.9804228146870931,2,2026-02-16 21:00:00+00:00,True,False
2026-02-17 18:00:00+00:00,2026-02-18 10:00:00+00:00,2026-02-18 15:00:00,1,16,0.9721426765124003,2,2026-02-16 22:00:00+00:00,True,False
2026-02-17 18:00:00+00:00,2026-02-18 11:00:00+00:00,2026-02-18 16:00:00,1,17,0.9601402084032694,2,2026-02-16 23:00:00+00:00,True,False
2026-02-17 18:00:00+00:00,2026-02-18 12:00:00+00:00,2026-02-18 17:00:00,1,18,0.9248181581497192,2,2026-02-17 00:00:00+00:00,True,False
2026-02-17 18:00:00+00:00,2026-02-18 13:00:00+00:00,2026-02-18 18:00:00,1,19,0.765656848748525,2,2026-02-17 01:00:00+00:00,True,False
2026-02-17 18:00:00+00:00,2026-02-18 14:00:00+00:00,2026-02-18 19:00:00,1,20,0.5681423743565878,2,2026-02-17 02:00:00+00:00,True,False
2026-02-17 18:00:00+00:00,2026-02-18 15:00:00+00:00,2026-02-18 20:00:00,1,21,0.496897687514623,2,2026-02-17 03:00:00+00:00,True,False
2026-02-17 18:00:00+00:00,2026-02-18 16:00:00+00:00,2026-02-18 21:00:00,1,22,0.4511985083421071,2,2026-02-17 04:00:00+00:00,True,False
2026-02-17 18:00:00+00:00,2026-02-18 17:00:00+00:00,2026-02-18 22:00:00,1,23,0.4604107737541199,2,2026-02-17 05:00:00+00:00,True,False
2026-02-17 18:00:00+00:00,2026-02-18 18:00:00+00:00,2026-02-18 23:00:00,1,24,0.4864455958207448,2,2026-02-17 06:00:00+00:00,True,False
2026-02-17 18:00:00+00:00,2026-02-18 19:00:00+00:00,2026-02-19 00:00:00,1,25,0.49608439207077026,2,2026-02-17 07:00:00+00:00,True,False
2026-02-17 18:00:00+00:00,2026-02-18 20:00:00+00:00,2026-02-19 01:00:00,1,26,0.5313458641370138,2,2026-02-17 08:00:00+00:00,True,False
2026-02-17 18:00:00+00:00,2026-02-18 21:00:00+00:00,2026-02-19 02:00:00,1,27,0.4939529399077098,2,2026-02-17 09:00:00+00:00,True,False
2026-02-17 18:00:00+00:00,2026-02-18 22:00:00+00:00,2026-02-19 03:00:00,1,28,0.5826113025347391,2,2026-02-17 10:00:00+00:00,True,False
2026-02-17 18:00:00+00:00,2026-02-18 23:00:00+00:00,2026-02-19 04:00:00,1,29,0.4134911298751831,2,2026-02-17 11:00:00+00:00,True,False
2026-02-17 18:00:00+00:00,2026-02-19 00:00:00+00:00,2026-02-19 05:00:00,1,30,0.5782169699668884,2,2026-02-17 12:00:00+00:00,True,False
2026-02-17 18:00:00+00:00,2026-02-19 01:00:00+00:00,2026-02-19 06:00:00,1,31,0.4665928781032562,2,2026-02-17 13:00:00+00:00,True,False
2026-02-17 18:00:00+00:00,2026-02-19 02:00:00+00:00,2026-02-19 07:00:00,1,32,0.41964630285898846,2,2026-02-17 14:00:00+00:00,True,False
2026-02-17 18:00:00+00:00,2026-02-19 03:00:00+00:00,2026-02-19 08:00:00,1,33,0.37261958916982013,2,2026-02-17 15:00:00+00:00,True,False
2026-02-17 18:00:00+00:00,2026-02-19 04:00:00+00:00,2026-02-19 09:00:00,1,34,0.42960450053215027,2,2026-02-17 16:00:00+00:00,True,False
2026-02-17 18:00:00+00:00,2026-02-19 05:00:00+00:00,2026-02-19 10:00:00,1,35,0.5138910114765167,2,2026-02-17 17:00:00+00:00,True,False
2026-02-17 18:00:00+00:00,2026-02-19 06:00:00+00:00,2026-02-19 11:00:00,1,36,0.2215543935696284,2,2026-02-17 18:00:00+00:00,True,False
2026-02-17 18:00:00+00:00,2026-02-19 07:00:00+00:00,2026-02-19 12:00:00,1,37,0.3247038424015045,3,2026-02-16 19:00:00+00:00,True,False
2026-02-17 18:00:00+00:00,2026-02-19 08:00:00+00:00,2026-02-19 13:00:00,1,38,0.1424962803721428,3,2026-02-16 20:00:00+00:00,True,False
2026-02-17 18:00:00+00:00,2026-02-19 09:00:00+00:00,2026-02-19 14:00:00,1,39,0.17565165956815085,3,2026-02-16 21:00:00+00:00,True,False
2026-02-17 18:00:00+00:00,2026-02-19 10:00:00+00:00,2026-02-19 15:00:00,1,40,0.08599976450204849,3,2026-02-16 22:00:00+00:00,True,False
2026-02-17 18:00:00+00:00,2026-02-19 11:00:00+00:00,2026-02-19 16:00:00,1,41,0.05261841292182604,3,2026-02-16 23:00:00+00:00,True,False
2026-02-17 18:00:00+00:00,2026-02-19 12:00:00+00:00,2026-02-19 17:00:00,1,42,0.10649870832761128,3,2026-02-17 00:00:00+00:00,True,False
2026-02-17 18:00:00+00:00,2026-02-19 13:00:00+00:00,2026-02-19 18:00:00,1,43,0.041183089216550194,3,2026-02-17 01:00:00+00:00,True,False
2026-02-17 18:00:00+00:00,2026-02-19 14:00:00+00:00,2026-02-19 19:00:00,1,44,0.05565722659230232,3,2026-02-17 02:00:00+00:00,True,False
2026-02-17 18:00:00+00:00,2026-02-19 15:00:00+00:00,2026-02-19 20:00:00,1,45,0.07425089552998543,3,2026-02-17 03:00:00+00:00,True,False
2026-02-17 18:00:00+00:00,2026-02-19 16:00:00+00:00,2026-02-19 21:00:00,1,46,0.11372596770524979,3,2026-02-17 04:00:00+00:00,True,False
2026-02-17 18:00:00+00:00,2026-02-19 17:00:00+00:00,2026-02-19 22:00:00,1,47,0.16304693122704825,3,2026-02-17 05:00:00+00:00,True,False
2026-02-17 18:00:00+00:00,2026-02-19 18:00:00+00:00,2026-02-19 23:00:00,1,48,0.18931971490383148,3,2026-02-17 06:00:00+00:00,True,False
2026-02-17 18:00:00+00:00,2026-02-17 19:00:00+00:00,2026-02-18 00:00:00,2,1,0.5941206018129984,1,2026-02-17 07:00:00+00:00,True,False
2026-02-17 18:00:00+00:00,2026-02-17 20:00:00+00:00,2026-02-18 01:00:00,2,2,0.6004424492518107,1,2026-02-17 08:00:00+00:00,True,False
2026-02-17 18:00:00+00:00,2026-02-17 21:00:00+00:00,2026-02-18 02:00:00,2,3,0.60824982325236,1,2026-02-17 09:00:00+00:00,True,False
2026-02-17 18:00:00+00:00,2026-02-17 22:00:00+00:00,2026-02-18 03:00:00,2,4,0.7198049624760946,1,2026-02-17 10:00:00+00:00,True,False
2026-02-17 18:00:00+00:00,2026-02-17 23:00:00+00:00,2026-02-18 04:00:00,2,5,0.6315685510635376,1,2026-02-17 11:00:00+00:00,True,False
2026-02-17 18:00:00+00:00,2026-02-18 00:00:00+00:00,2026-02-18 05:00:00,2,6,0.7712499101956686,1,2026-02-17 12:00:00+00:00,True,False
2026-02-17 18:00:00+00:00,2026-02-18 01:00:00+00:00,2026-02-18 06:00:00,2,7,0.7778722246487936,1,2026-02-17 13:00:00+00:00,True,False
2026-02-17 18:00:00+00:00,2026-02-18 02:00:00+00:00,2026-02-18 07:00:00,2,8,0.8248904347419739,1,2026-02-17 14:00:00+00:00,True,False
2026-02-17 18:00:00+00:00,2026-02-18 03:00:00+00:00,2026-02-18 08:00:00,2,9,0.8547067840894064,1,2026-02-17 15:00:00+00:00,True,False
2026-02-17 18:00:00+00:00,2026-02-18 04:00:00+00:00,2026-02-18 09:00:00,2,10,0.8897567590077718,1,2026-02-17 16:00:00+00:00,True,False
2026-02-17 18:00:00+00:00,2026-02-18 05:00:00+00:00,2026-02-18 10:00:00,2,11,0.9441942969957987,1,2026-02-17 17:00:00+00:00,True,False
2026-02-17 18:00:00+00:00,2026-02-18 06:00:00+00:00,2026-02-18 11:00:00,2,12,0.9668838580449423,1,2026-02-17 18:00:00+00:00,True,False
2026-02-17 18:00:00+00:00,2026-02-18 07:00:00+00:00,2026-02-18 12:00:00,2,13,0.9761265913645426,2,2026-02-16 19:00:00+00:00,True,False
2026-02-17 18:00:00+00:00,2026-02-18 08:00:00+00:00,2026-02-18 13:00:00,2,14,0.9794897238413492,2,2026-02-16 20:00:00+00:00,True,False
2026-02-17 18:00:00+00:00,2026-02-18 09:00:00+00:00,2026-02-18 14:00:00,2,15,0.9783231019973755,2,2026-02-16 21:00:00+00:00,True,False
2026-02-17 18:00:00+00:00,2026-02-18 10:00:00+00:00,2026-02-18 15:00:00,2,16,0.9712384939193726,2,2026-02-16 22:00:00+00:00,True,False
2026-02-17 18:00:00+00:00,2026-02-18 11:00:00+00:00,2026-02-18 16:00:00,2,17,0.959165354569753,2,2026-02-16 23:00:00+00:00,True,False
2026-02-17 18:00:00+00:00,2026-02-18 12:00:00+00:00,2026-02-18 17:00:00,2,18,0.9265473087628683,2,2026-02-17 00:00:00+00:00,True,False
2026-02-17 18:00:00+00:00,2026-02-18 13:00:00+00:00,2026-02-18 18:00:00,2,19,0.778990626335144,2,2026-02-17 01:00:00+00:00,True,False
2026-02-17 18:00:00+00:00,2026-02-18 14:00:00+00:00,2026-02-18 19:00:00,2,20,0.5766087373097738,2,2026-02-17 02:00:00+00:00,True,False
2026-02-17 18:00:00+00:00,2026-02-18 15:00:00+00:00,2026-02-18 20:00:00,2,21,0.5142525533835093,2,2026-02-17 03:00:00+00:00,True,False
2026-02-17 18:00:00+00:00,2026-02-18 16:00:00+00:00,2026-02-18 21:00:00,2,22,0.43257274230321247,2,2026-02-17 04:00:00+00:00,True,False
2026-02-17 18:00:00+00:00,2026-02-18 17:00:00+00:00,2026-02-18 22:00:00,2,23,0.43069438139597577,2,2026-02-17 05:00:00+00:00,True,False
2026-02-17 18:00:00+00:00,2026-02-18 18:00:00+00:00,2026-02-18 23:00:00,2,24,0.46223029494285583,2,2026-02-17 06:00:00+00:00,True,False
2026-02-17 18:00:00+00:00,2026-02-18 19:00:00+00:00,2026-02-19 00:00:00,2,25,0.46017483870188397,2,2026-02-17 07:00:00+00:00,True,False
2026-02-17 18:00:00+00:00,2026-02-18 20:00:00+00:00,2026-02-19 01:00:00,2,26,0.48947673042615253,2,2026-02-17 08:00:00+00:00,True,False
2026-02-17 18:00:00+00:00,2026-02-18 21:00:00+00:00,2026-02-19 02:00:00,2,27,0.445171316464742,2,2026-02-17 09:00:00+00:00,True,False
2026-02-17 18:00:00+00:00,2026-02-18 22:00:00+00:00,2026-02-19 03:00:00,2,28,0.5466616849104563,2,2026-02-17 10:00:00+00:00,True,False
2026-02-17 18:00:00+00:00,2026-02-18 23:00:00+00:00,2026-02-19 04:00:00,2,29,0.36952871084213257,2,2026-02-17 11:00:00+00:00,True,False
2026-02-17 18:00:00+00:00,2026-02-19 00:00:00+00:00,2026-02-19 05:00:00,2,30,0.5389737288157145,2,2026-02-17 12:00:00+00:00,True,False
2026-02-17 18:00:00+00:00,2026-02-19 01:00:00+00:00,2026-02-19 06:00:00,2,31,0.40823225180308026,2,2026-02-17 13:00:00+00:00,True,False
2026-02-17 18:00:00+00:00,2026-02-19 02:00:00+00:00,2026-02-19 07:00:00,2,32,0.37447841962178546,2,2026-02-17 14:00:00+00:00,True,False
2026-02-17 18:00:00+00:00,2026-02-19 03:00:00+00:00,2026-02-19 08:00:00,2,33,0.3381745119889577,2,2026-02-17 15:00:00+00:00,True,False
2026-02-17 18:00:00+00:00,2026-02-19 04:00:00+00:00,2026-02-19 09:00:00,2,34,0.42207719882329303,2,2026-02-17 16:00:00+00:00,True,False
2026-02-17 18:00:00+00:00,2026-02-19 05:00:00+00:00,2026-02-19 10:00:00,2,35,0.5370413661003113,2,2026-02-17 17:00:00+00:00,True,False
2026-02-17 18:00:00+00:00,2026-02-19 06:00:00+00:00,2026-02-19 11:00:00,2,36,0.23953039447466531,2,2026-02-17 18:00:00+00:00,True,False
2026-02-17 18:00:00+00:00,2026-02-19 07:00:00+00:00,2026-02-19 12:00:00,2,37,0.3364606698354085,3,2026-02-16 19:00:00+00:00,True,False
2026-02-17 18:00:00+00:00,2026-02-19 08:00:00+00:00,2026-02-19 13:00:00,2,38,0.13494403660297394,3,2026-02-16 20:00:00+00:00,True,False
2026-02-17 18:00:00+00:00,2026-02-19 09:00:00+00:00,2026-02-19 14:00:00,2,39,0.16555677354335785,3,2026-02-16 21:00:00+00:00,True,False
2026-02-17 18:00:00+00:00,2026-02-19 10:00:00+00:00,2026-02-19 15:00:00,2,40,0.08536939819653828,3,2026-02-16 22:00:00+00:00,True,False
2026-02-17 18:00:00+00:00,2026-02-19 11:00:00+00:00,2026-02-19 16:00:00,2,41,0.052953427036603294,3,2026-02-16 23:00:00+00:00,True,False
2026-02-17 18:00:00+00:00,2026-02-19 12:00:00+00:00,2026-02-19 17:00:00,2,42,0.10872154186169307,3,2026-02-17 00:00:00+00:00,True,False
2026-02-17 18:00:00+00:00,2026-02-19 13:00:00+00:00,2026-02-19 18:00:00,2,43,0.0426791658004125,3,2026-02-17 01:00:00+00:00,True,False
2026-02-17 18:00:00+00:00,2026-02-19 14:00:00+00:00,2026-02-19 19:00:00,2,44,0.05600368604063988,3,2026-02-17 02:00:00+00:00,True,False
2026-02-17 18:00:00+00:00,2026-02-19 15:00:00+00:00,2026-02-19 20:00:00,2,45,0.07413863018155098,3,2026-02-17 03:00:00+00:00,True,False
2026-02-17 18:00:00+00:00,2026-02-19 16:00:00+00:00,2026-02-19 21:00:00,2,46,0.10962741573651631,3,2026-02-17 04:00:00+00:00,True,False
2026-02-17 18:00:00+00:00,2026-02-19 17:00:00+00:00,2026-02-19 22:00:00,2,47,0.1626873662074407,3,2026-02-17 05:00:00+00:00,True,False
2026-02-17 18:00:00+00:00,2026-02-19 18:00:00+00:00,2026-02-19 23:00:00,2,48,0.1762052724758784,3,2026-02-17 06:00:00+00:00,True,False
2026-02-18 18:00:00+00:00,2026-02-18 19:00:00+00:00,2026-02-19 00:00:00,1,1,0.7000078757603964,1,2026-02-18 07:00:00+00:00,True,False
2026-02-18 18:00:00+00:00,2026-02-18 20:00:00+00:00,2026-02-19 01:00:00,1,2,0.7047303120295206,1,2026-02-18 08:00:00+00:00,True,False
2026-02-18 18:00:00+00:00,2026-02-18 21:00:00+00:00,2026-02-19 02:00:00,1,3,0.7501609722773234,1,2026-02-18 09:00:00+00:00,True,False
2026-02-18 18:00:00+00:00,2026-02-18 22:00:00+00:00,2026-02-19 03:00:00,1,4,0.758507251739502,1,2026-02-18 10:00:00+00:00,True,False
2026-02-18 18:00:00+00:00,2026-02-18 23:00:00+00:00,2026-02-19 04:00:00,1,5,0.7943632404009501,1,2026-02-18 11:00:00+00:00,True,False
2026-02-18 18:00:00+00:00,2026-02-19 00:00:00+00:00,2026-02-19 05:00:00,1,6,0.4562537173430125,1,2026-02-18 12:00:00+00:00,True,False
2026-02-18 18:00:00+00:00,2026-02-19 01:00:00+00:00,2026-02-19 06:00:00,1,7,0.3914530078570048,1,2026-02-18 13:00:00+00:00,True,False
2026-02-18 18:00:00+00:00,2026-02-19 02:00:00+00:00,2026-02-19 07:00:00,1,8,0.3611174325148265,1,2026-02-18 14:00:00+00:00,True,False
2026-02-18 18:00:00+00:00,2026-02-19 03:00:00+00:00,2026-02-19 08:00:00,1,9,0.15807400892178217,1,2026-02-18 15:00:00+00:00,True,False
2026-02-18 18:00:00+00:00,2026-02-19 04:00:00+00:00,2026-02-19 09:00:00,1,10,0.1508328840136528,1,2026-02-18 16:00:00+00:00,True,False
2026-02-18 18:00:00+00:00,2026-02-19 05:00:00+00:00,2026-02-19 10:00:00,1,11,0.1643266280492147,1,2026-02-18 17:00:00+00:00,True,False
2026-02-18 18:00:00+00:00,2026-02-19 06:00:00+00:00,2026-02-19 11:00:00,1,12,0.17644351720809937,1,2026-02-18 18:00:00+00:00,True,False
2026-02-18 18:00:00+00:00,2026-02-19 07:00:00+00:00,2026-02-19 12:00:00,1,13,0.16745981574058533,2,2026-02-17 19:00:00+00:00,True,False
2026-02-18 18:00:00+00:00,2026-02-19 08:00:00+00:00,2026-02-19 13:00:00,1,14,0.16991804540157318,2,2026-02-17 20:00:00+00:00,True,False
2026-02-18 18:00:00+00:00,2026-02-19 09:00:00+00:00,2026-02-19 14:00:00,1,15,0.13311937948067984,2,2026-02-17 21:00:00+00:00,True,False
2026-02-18 18:00:00+00:00,2026-02-19 10:00:00+00:00,2026-02-19 15:00:00,1,16,0.13918479780356088,2,2026-02-17 22:00:00+00:00,True,False
2026-02-18 18:00:00+00:00,2026-02-19 11:00:00+00:00,2026-02-19 16:00:00,1,17,0.11218307167291641,2,2026-02-17 23:00:00+00:00,True,False
2026-02-18 18:00:00+00:00,2026-02-19 12:00:00+00:00,2026-02-19 17:00:00,1,18,0.12381667892138164,2,2026-02-18 00:00:00+00:00,True,False
2026-02-18 18:00:00+00:00,2026-02-19 13:00:00+00:00,2026-02-19 18:00:00,1,19,0.10660370687643687,2,2026-02-18 01:00:00+00:00,True,False
2026-02-18 18:00:00+00:00,2026-02-19 14:00:00+00:00,2026-02-19 19:00:00,1,20,0.06424474095304807,2,2026-02-18 02:00:00+00:00,True,False
2026-02-18 18:00:00+00:00,2026-02-19 15:00:00+00:00,2026-02-19 20:00:00,1,21,0.059242140501737595,2,2026-02-18 03:00:00+00:00,True,False
2026-02-18 18:00:00+00:00,2026-02-19 16:00:00+00:00,2026-02-19 21:00:00,1,22,0.033583017687002815,2,2026-02-18 04:00:00+00:00,True,False
2026-02-18 18:00:00+00:00,2026-02-19 17:00:00+00:00,2026-02-19 22:00:00,1,23,0.06682269026835759,2,2026-02-18 05:00:00+00:00,True,False
2026-02-18 18:00:00+00:00,2026-02-19 18:00:00+00:00,2026-02-19 23:00:00,1,24,0.06338319554924965,2,2026-02-18 06:00:00+00:00,True,False
2026-02-18 18:00:00+00:00,2026-02-19 19:00:00+00:00,2026-02-20 00:00:00,1,25,0.09281762440999348,2,2026-02-18 07:00:00+00:00,True,False
2026-02-18 18:00:00+00:00,2026-02-19 20:00:00+00:00,2026-02-20 01:00:00,1,26,0.15448700388272604,2,2026-02-18 08:00:00+00:00,True,False
2026-02-18 18:00:00+00:00,2026-02-19 21:00:00+00:00,2026-02-20 02:00:00,1,27,0.21390433112780252,2,2026-02-18 09:00:00+00:00,True,False
2026-02-18 18:00:00+00:00,2026-02-19 22:00:00+00:00,2026-02-20 03:00:00,1,28,0.2936515708764394,2,2026-02-18 10:00:00+00:00,True,False
2026-02-18 18:00:00+00:00,2026-02-19 23:00:00+00:00,2026-02-20 04:00:00,1,29,0.49812599023183185,2,2026-02-18 11:00:00+00:00,True,False
2026-02-18 18:00:00+00:00,2026-02-20 00:00:00+00:00,2026-02-20 05:00:00,1,30,0.48976218700408936,2,2026-02-18 12:00:00+00:00,True,False
2026-02-18 18:00:00+00:00,2026-02-20 01:00:00+00:00,2026-02-20 06:00:00,1,31,0.5550364851951599,2,2026-02-18 13:00:00+00:00,True,False
2026-02-18 18:00:00+00:00,2026-02-20 02:00:00+00:00,2026-02-20 07:00:00,1,32,0.44584720333417255,2,2026-02-18 14:00:00+00:00,True,False
2026-02-18 18:00:00+00:00,2026-02-20 03:00:00+00:00,2026-02-20 08:00:00,1,33,0.2939415176709493,2,2026-02-18 15:00:00+00:00,True,False
2026-02-18 18:00:00+00:00,2026-02-20 04:00:00+00:00,2026-02-20 09:00:00,1,34,0.16035205125808716,2,2026-02-18 16:00:00+00:00,True,False
2026-02-18 18:00:00+00:00,2026-02-20 05:00:00+00:00,2026-02-20 10:00:00,1,35,0.0375953825811545,2,2026-02-18 17:00:00+00:00,True,False
2026-02-18 18:00:00+00:00,2026-02-20 06:00:00+00:00,2026-02-20 11:00:00,1,36,0.07445401201645534,2,2026-02-18 18:00:00+00:00,True,False
2026-02-18 18:00:00+00:00,2026-02-20 07:00:00+00:00,2026-02-20 12:00:00,1,37,0.04831973525385062,3,2026-02-17 19:00:00+00:00,True,False
2026-02-18 18:00:00+00:00,2026-02-20 08:00:00+00:00,2026-02-20 13:00:00,1,38,0.04873993434011936,3,2026-02-17 20:00:00+00:00,True,False
2026-02-18 18:00:00+00:00,2026-02-20 09:00:00+00:00,2026-02-20 14:00:00,1,39,0.060236845165491104,3,2026-02-17 21:00:00+00:00,True,False
2026-02-18 18:00:00+00:00,2026-02-20 10:00:00+00:00,2026-02-20 15:00:00,1,40,0.08436587701241176,3,2026-02-17 22:00:00+00:00,True,False
2026-02-18 18:00:00+00:00,2026-02-20 11:00:00+00:00,2026-02-20 16:00:00,1,41,0.1181380736331145,3,2026-02-17 23:00:00+00:00,True,False
2026-02-18 18:00:00+00:00,2026-02-20 12:00:00+00:00,2026-02-20 17:00:00,1,42,0.16709562142690024,3,2026-02-18 00:00:00+00:00,True,False
2026-02-18 18:00:00+00:00,2026-02-20 13:00:00+00:00,2026-02-20 18:00:00,1,43,0.34928856293360394,3,2026-02-18 01:00:00+00:00,True,False
2026-02-18 18:00:00+00:00,2026-02-20 14:00:00+00:00,2026-02-20 19:00:00,1,44,0.48680127660433453,3,2026-02-18 02:00:00+00:00,True,False
2026-02-18 18:00:00+00:00,2026-02-20 15:00:00+00:00,2026-02-20 20:00:00,1,45,0.629677971204122,3,2026-02-18 03:00:00+00:00,True,False
2026-02-18 18:00:00+00:00,2026-02-20 16:00:00+00:00,2026-02-20 21:00:00,1,46,0.6986535787582397,3,2026-02-18 04:00:00+00:00,True,False
2026-02-18 18:00:00+00:00,2026-02-20 17:00:00+00:00,2026-02-20 22:00:00,1,47,0.7258756160736084,3,2026-02-18 05:00:00+00:00,True,False
2026-02-18 18:00:00+00:00,2026-02-20 18:00:00+00:00,2026-02-20 23:00:00,1,48,0.7949793537457784,3,2026-02-18 06:00:00+00:00,True,False
2026-02-18 18:00:00+00:00,2026-02-18 19:00:00+00:00,2026-02-19 00:00:00,2,1,0.6322500904401144,1,2026-02-18 07:00:00+00:00,True,False
2026-02-18 18:00:00+00:00,2026-02-18 20:00:00+00:00,2026-02-19 01:00:00,2,2,0.6332634687423706,1,2026-02-18 08:00:00+00:00,True,False
2026-02-18 18:00:00+00:00,2026-02-18 21:00:00+00:00,2026-02-19 02:00:00,2,3,0.7008204658826193,1,2026-02-18 09:00:00+00:00,True,False
2026-02-18 18:00:00+00:00,2026-02-18 22:00:00+00:00,2026-02-19 03:00:00,2,4,0.6869262258211771,1,2026-02-18 10:00:00+00:00,True,False
2026-02-18 18:00:00+00:00,2026-02-18 23:00:00+00:00,2026-02-19 04:00:00,2,5,0.7499358654022217,1,2026-02-18 11:00:00+00:00,True,False
2026-02-18 18:00:00+00:00,2026-02-19 00:00:00+00:00,2026-02-19 05:00:00,2,6,0.38303295771280926,1,2026-02-18 12:00:00+00:00,True,False
2026-02-18 18:00:00+00:00,2026-02-19 01:00:00+00:00,2026-02-19 06:00:00,2,7,0.34094952543576557,1,2026-02-18 13:00:00+00:00,True,False
2026-02-18 18:00:00+00:00,2026-02-19 02:00:00+00:00,2026-02-19 07:00:00,2,8,0.3334743082523346,1,2026-02-18 14:00:00+00:00,True,False
2026-02-18 18:00:00+00:00,2026-02-19 03:00:00+00:00,2026-02-19 08:00:00,2,9,0.14617196718851724,1,2026-02-18 15:00:00+00:00,True,False
2026-02-18 18:00:00+00:00,2026-02-19 04:00:00+00:00,2026-02-19 09:00:00,2,10,0.14911998560031256,1,2026-02-18 16:00:00+00:00,True,False
2026-02-18 18:00:00+00:00,2026-02-19 05:00:00+00:00,2026-02-19 10:00:00,2,11,0.17038038869698843,1,2026-02-18 17:00:00+00:00,True,False
2026-02-18 18:00:00+00:00,2026-02-19 06:00:00+00:00,2026-02-19 11:00:00,2,12,0.18312246104081473,1,2026-02-18 18:00:00+00:00,True,False
2026-02-18 18:00:00+00:00,2026-02-19 07:00:00+00:00,2026-02-19 12:00:00,2,13,0.18278939525286356,2,2026-02-17 19:00:00+00:00,True,False
2026-02-18 18:00:00+00:00,2026-02-19 08:00:00+00:00,2026-02-19 13:00:00,2,14,0.17249285181363425,2,2026-02-17 20:00:00+00:00,True,False
2026-02-18 18:00:00+00:00,2026-02-19 09:00:00+00:00,2026-02-19 14:00:00,2,15,0.12855589389801025,2,2026-02-17 21:00:00+00:00,True,False
2026-02-18 18:00:00+00:00,2026-02-19 10:00:00+00:00,2026-02-19 15:00:00,2,16,0.1325015847881635,2,2026-02-17 22:00:00+00:00,True,False
2026-02-18 18:00:00+00:00,2026-02-19 11:00:00+00:00,2026-02-19 16:00:00,2,17,0.10413619379202525,2,2026-02-17 23:00:00+00:00,True,False
2026-02-18 18:00:00+00:00,2026-02-19 12:00:00+00:00,2026-02-19 17:00:00,2,18,0.11401927719513576,2,2026-02-18 00:00:00+00:00,True,False
2026-02-18 18:00:00+00:00,2026-02-19 13:00:00+00:00,2026-02-19 18:00:00,2,19,0.09522204101085663,2,2026-02-18 01:00:00+00:00,True,False
2026-02-18 18:00:00+00:00,2026-02-19 14:00:00+00:00,2026-02-19 19:00:00,2,20,0.0576250950495402,2,2026-02-18 02:00:00+00:00,True,False
2026-02-18 18:00:00+00:00,2026-02-19 15:00:00+00:00,2026-02-19 20:00:00,2,21,0.05322433511416117,2,2026-02-18 03:00:00+00:00,True,False
2026-02-18 18:00:00+00:00,2026-02-19 16:00:00+00:00,2026-02-19 21:00:00,2,22,0.0321888110289971,2,2026-02-18 04:00:00+00:00,True,False
2026-02-18 18:00:00+00:00,2026-02-19 17:00:00+00:00,2026-02-19 22:00:00,2,23,0.06353569527467091,2,2026-02-18 05:00:00+00:00,True,False
2026-02-18 18:00:00+00:00,2026-02-19 18:00:00+00:00,2026-02-19 23:00:00,2,24,0.05936089903116226,2,2026-02-18 06:00:00+00:00,True,False
2026-02-18 18:00:00+00:00,2026-02-19 19:00:00+00:00,2026-02-20 00:00:00,2,25,0.08807077258825302,2,2026-02-18 07:00:00+00:00,True,False
2026-02-18 18:00:00+00:00,2026-02-19 20:00:00+00:00,2026-02-20 01:00:00,2,26,0.15081891417503357,2,2026-02-18 08:00:00+00:00,True,False
2026-02-18 18:00:00+00:00,2026-02-19 21:00:00+00:00,2026-02-20 02:00:00,2,27,0.2172215829292933,2,2026-02-18 09:00:00+00:00,True,False
2026-02-18 18:00:00+00:00,2026-02-19 22:00:00+00:00,2026-02-20 03:00:00,2,28,0.3058833181858063,2,2026-02-18 10:00:00+00:00,True,False
2026-02-18 18:00:00+00:00,2026-02-19 23:00:00+00:00,2026-02-20 04:00:00,2,29,0.5255362590154012,2,2026-02-18 11:00:00+00:00,True,False
2026-02-18 18:00:00+00:00,2026-02-20 00:00:00+00:00,2026-02-20 05:00:00,2,30,0.5094939867655436,2,2026-02-18 12:00:00+00:00,True,False
2026-02-18 18:00:00+00:00,2026-02-20 01:00:00+00:00,2026-02-20 06:00:00,2,31,0.5672886172930399,2,2026-02-18 13:00:00+00:00,True,False
2026-02-18 18:00:00+00:00,2026-02-20 02:00:00+00:00,2026-02-20 07:00:00,2,32,0.46844067176183063,2,2026-02-18 14:00:00+00:00,True,False
2026-02-18 18:00:00+00:00,2026-02-20 03:00:00+00:00,2026-02-20 08:00:00,2,33,0.3337322970231374,2,2026-02-18 15:00:00+00:00,True,False
2026-02-18 18:00:00+00:00,2026-02-20 04:00:00+00:00,2026-02-20 09:00:00,2,34,0.15954131881395975,2,2026-02-18 16:00:00+00:00,True,False
2026-02-18 18:00:00+00:00,2026-02-20 05:00:00+00:00,2026-02-20 10:00:00,2,35,0.03403480785588423,2,2026-02-18 17:00:00+00:00,True,False
2026-02-18 18:00:00+00:00,2026-02-20 06:00:00+00:00,2026-02-20 11:00:00,2,36,0.06903779630859692,2,2026-02-18 18:00:00+00:00,True,False
2026-02-18 18:00:00+00:00,2026-02-20 07:00:00+00:00,2026-02-20 12:00:00,2,37,0.047602797547976174,3,2026-02-17 19:00:00+00:00,True,False
2026-02-18 18:00:00+00:00,2026-02-20 08:00:00+00:00,2026-02-20 13:00:00,2,38,0.04996108760436376,3,2026-02-17 20:00:00+00:00,True,False
2026-02-18 18:00:00+00:00,2026-02-20 09:00:00+00:00,2026-02-20 14:00:00,2,39,0.060990944504737854,3,2026-02-17 21:00:00+00:00,True,False
2026-02-18 18:00:00+00:00,2026-02-20 10:00:00+00:00,2026-02-20 15:00:00,2,40,0.08662546550234158,3,2026-02-17 22:00:00+00:00,True,False
2026-02-18 18:00:00+00:00,2026-02-20 11:00:00+00:00,2026-02-20 16:00:00,2,41,0.11993160595496495,3,2026-02-17 23:00:00+00:00,True,False
2026-02-18 18:00:00+00:00,2026-02-20 12:00:00+00:00,2026-02-20 17:00:00,2,42,0.1834098001321157,3,2026-02-18 00:00:00+00:00,True,False
2026-02-18 18:00:00+00:00,2026-02-20 13:00:00+00:00,2026-02-20 18:00:00,2,43,0.37233203649520874,3,2026-02-18 01:00:00+00:00,True,False
2026-02-18 18:00:00+00:00,2026-02-20 14:00:00+00:00,2026-02-20 19:00:00,2,44,0.4842347006003062,3,2026-02-18 02:00:00+00:00,True,False
2026-02-18 18:00:00+00:00,2026-02-20 15:00:00+00:00,2026-02-20 20:00:00,2,45,0.6313077807426453,3,2026-02-18 03:00:00+00:00,True,False
2026-02-18 18:00:00+00:00,2026-02-20 16:00:00+00:00,2026-02-20 21:00:00,2,46,0.7053490479787191,3,2026-02-18 04:00:00+00:00,True,False
2026-02-18 18:00:00+00:00,2026-02-20 17:00:00+00:00,2026-02-20 22:00:00,2,47,0.7100031971931458,3,2026-02-18 05:00:00+00:00,True,False
2026-02-18 18:00:00+00:00,2026-02-20 18:00:00+00:00,2026-02-20 23:00:00,2,48,0.7647400895754496,3,2026-02-18 06:00:00+00:00,True,False
2026-02-19 18:00:00+00:00,2026-02-19 19:00:00+00:00,2026-02-20 00:00:00,1,1,0.10157362371683121,1,2026-02-19 07:00:00+00:00,True,False
2026-02-19 18:00:00+00:00,2026-02-19 20:00:00+00:00,2026-02-20 01:00:00,1,2,0.16400398313999176,1,2026-02-19 08:00:00+00:00,True,False
2026-02-19 18:00:00+00:00,2026-02-19 21:00:00+00:00,2026-02-20 02:00:00,1,3,0.2896382013956706,1,2026-02-19 09:00:00+00:00,True,False
2026-02-19 18:00:00+00:00,2026-02-19 22:00:00+00:00,2026-02-20 03:00:00,1,4,0.3411637544631958,1,2026-02-19 10:00:00+00:00,True,False
2026-02-19 18:00:00+00:00,2026-02-19 23:00:00+00:00,2026-02-20 04:00:00,1,5,0.29933760563532513,1,2026-02-19 11:00:00+00:00,True,False
2026-02-19 18:00:00+00:00,2026-02-20 00:00:00+00:00,2026-02-20 05:00:00,1,6,0.4420541524887085,1,2026-02-19 12:00:00+00:00,True,False
2026-02-19 18:00:00+00:00,2026-02-20 01:00:00+00:00,2026-02-20 06:00:00,1,7,0.49783525864283246,1,2026-02-19 13:00:00+00:00,True,False
2026-02-19 18:00:00+00:00,2026-02-20 02:00:00+00:00,2026-02-20 07:00:00,1,8,0.5583078662554423,1,2026-02-19 14:00:00+00:00,True,False
2026-02-19 18:00:00+00:00,2026-02-20 03:00:00+00:00,2026-02-20 08:00:00,1,9,0.5029716491699219,1,2026-02-19 15:00:00+00:00,True,False
2026-02-19 18:00:00+00:00,2026-02-20 04:00:00+00:00,2026-02-20 09:00:00,1,10,0.36810075243314105,1,2026-02-19 16:00:00+00:00,True,False
2026-02-19 18:00:00+00:00,2026-02-20 05:00:00+00:00,2026-02-20 10:00:00,1,11,0.12385262300570805,1,2026-02-19 17:00:00+00:00,True,False
2026-02-19 18:00:00+00:00,2026-02-20 06:00:00+00:00,2026-02-20 11:00:00,1,12,0.19456870357195535,1,2026-02-19 18:00:00+00:00,True,False
2026-02-19 18:00:00+00:00,2026-02-20 07:00:00+00:00,2026-02-20 12:00:00,1,13,0.04304265851775805,2,2026-02-18 19:00:00+00:00,True,False
2026-02-19 18:00:00+00:00,2026-02-20 08:00:00+00:00,2026-02-20 13:00:00,1,14,0.029835805917779606,2,2026-02-18 20:00:00+00:00,True,False
2026-02-19 18:00:00+00:00,2026-02-20 09:00:00+00:00,2026-02-20 14:00:00,1,15,0.024447640714546044,2,2026-02-18 21:00:00+00:00,True,False
2026-02-19 18:00:00+00:00,2026-02-20 10:00:00+00:00,2026-02-20 15:00:00,1,16,0.03107273330291112,2,2026-02-18 22:00:00+00:00,True,False
2026-02-19 18:00:00+00:00,2026-02-20 11:00:00+00:00,2026-02-20 16:00:00,1,17,0.05853325004378954,2,2026-02-18 23:00:00+00:00,True,False
2026-02-19 18:00:00+00:00,2026-02-20 12:00:00+00:00,2026-02-20 17:00:00,1,18,0.03498259435097376,2,2026-02-19 00:00:00+00:00,True,False
2026-02-19 18:00:00+00:00,2026-02-20 13:00:00+00:00,2026-02-20 18:00:00,1,19,0.07289316256841023,2,2026-02-19 01:00:00+00:00,True,False
2026-02-19 18:00:00+00:00,2026-02-20 14:00:00+00:00,2026-02-20 19:00:00,1,20,0.13743353138367334,2,2026-02-19 02:00:00+00:00,True,False
2026-02-19 18:00:00+00:00,2026-02-20 15:00:00+00:00,2026-02-20 20:00:00,1,21,0.2786876956621806,2,2026-02-19 03:00:00+00:00,True,False
2026-02-19 18:00:00+00:00,2026-02-20 16:00:00+00:00,2026-02-20 21:00:00,1,22,0.5934170683224996,2,2026-02-19 04:00:00+00:00,True,False
2026-02-19 18:00:00+00:00,2026-02-20 17:00:00+00:00,2026-02-20 22:00:00,1,23,0.5855667591094971,2,2026-02-19 05:00:00+00:00,True,False
2026-02-19 18:00:00+00:00,2026-02-20 18:00:00+00:00,2026-02-20 23:00:00,1,24,0.37685856223106384,2,2026-02-19 06:00:00+00:00,True,False
2026-02-19 18:00:00+00:00,2026-02-20 19:00:00+00:00,2026-02-21 00:00:00,1,25,0.38086042801539105,2,2026-02-19 07:00:00+00:00,True,False
2026-02-19 18:00:00+00:00,2026-02-20 20:00:00+00:00,2026-02-21 01:00:00,1,26,0.4059225221474965,2,2026-02-19 08:00:00+00:00,True,False
2026-02-19 18:00:00+00:00,2026-02-20 21:00:00+00:00,2026-02-21 02:00:00,1,27,0.37647663553555805,2,2026-02-19 09:00:00+00:00,True,False
2026-02-19 18:00:00+00:00,2026-02-20 22:00:00+00:00,2026-02-21 03:00:00,1,28,0.40872544050216675,2,2026-02-19 10:00:00+00:00,True,False
2026-02-19 18:00:00+00:00,2026-02-20 23:00:00+00:00,2026-02-21 04:00:00,1,29,0.3942914704481761,2,2026-02-19 11:00:00+00:00,True,False
2026-02-19 18:00:00+00:00,2026-02-21 00:00:00+00:00,2026-02-21 05:00:00,1,30,0.4790906806786855,2,2026-02-19 12:00:00+00:00,True,False
2026-02-19 18:00:00+00:00,2026-02-21 01:00:00+00:00,2026-02-21 06:00:00,1,31,0.3127380907535553,2,2026-02-19 13:00:00+00:00,True,False
2026-02-19 18:00:00+00:00,2026-02-21 02:00:00+00:00,2026-02-21 07:00:00,1,32,0.23776259024937949,2,2026-02-19 14:00:00+00:00,True,False
2026-02-19 18:00:00+00:00,2026-02-21 03:00:00+00:00,2026-02-21 08:00:00,1,33,0.1764572560787201,2,2026-02-19 15:00:00+00:00,True,False
2026-02-19 18:00:00+00:00,2026-02-21 04:00:00+00:00,2026-02-21 09:00:00,1,34,0.05758534496029218,2,2026-02-19 16:00:00+00:00,True,False
2026-02-19 18:00:00+00:00,2026-02-21 05:00:00+00:00,2026-02-21 10:00:00,1,35,0.13687030474344888,2,2026-02-19 17:00:00+00:00,True,False
2026-02-19 18:00:00+00:00,2026-02-21 06:00:00+00:00,2026-02-21 11:00:00,1,36,0.32432426512241364,2,2026-02-19 18:00:00+00:00,True,False
2026-02-19 18:00:00+00:00,2026-02-21 07:00:00+00:00,2026-02-21 12:00:00,1,37,0.40116750200589496,3,2026-02-18 19:00:00+00:00,True,False
2026-02-19 18:00:00+00:00,2026-02-21 08:00:00+00:00,2026-02-21 13:00:00,1,38,0.6185993750890096,3,2026-02-18 20:00:00+00:00,True,False
2026-02-19 18:00:00+00:00,2026-02-21 09:00:00+00:00,2026-02-21 14:00:00,1,39,0.8413786292076111,3,2026-02-18 21:00:00+00:00,True,False
2026-02-19 18:00:00+00:00,2026-02-21 10:00:00+00:00,2026-02-21 15:00:00,1,40,0.7551213502883911,3,2026-02-18 22:00:00+00:00,True,False
2026-02-19 18:00:00+00:00,2026-02-21 11:00:00+00:00,2026-02-21 16:00:00,1,41,0.749172031879425,3,2026-02-18 23:00:00+00:00,True,False
2026-02-19 18:00:00+00:00,2026-02-21 12:00:00+00:00,2026-02-21 17:00:00,1,42,0.5967417160669962,3,2026-02-19 00:00:00+00:00,True,False
2026-02-19 18:00:00+00:00,2026-02-21 13:00:00+00:00,2026-02-21 18:00:00,1,43,0.855735182762146,3,2026-02-19 01:00:00+00:00,True,False
2026-02-19 18:00:00+00:00,2026-02-21 14:00:00+00:00,2026-02-21 19:00:00,1,44,0.9178544084231058,3,2026-02-19 02:00:00+00:00,True,False
2026-02-19 18:00:00+00:00,2026-02-21 15:00:00+00:00,2026-02-21 20:00:00,1,45,0.7689865628878275,3,2026-02-19 03:00:00+00:00,True,False
2026-02-19 18:00:00+00:00,2026-02-21 16:00:00+00:00,2026-02-21 21:00:00,1,46,0.7333621581395467,3,2026-02-19 04:00:00+00:00,True,False
2026-02-19 18:00:00+00:00,2026-02-21 17:00:00+00:00,2026-02-21 22:00:00,1,47,0.4151277542114258,3,2026-02-19 05:00:00+00:00,True,False
2026-02-19 18:00:00+00:00,2026-02-21 18:00:00+00:00,2026-02-21 23:00:00,1,48,0.14632207403580347,3,2026-02-19 06:00:00+00:00,True,False
2026-02-19 18:00:00+00:00,2026-02-19 19:00:00+00:00,2026-02-20 00:00:00,2,1,0.0896373341480891,1,2026-02-19 07:00:00+00:00,True,False
2026-02-19 18:00:00+00:00,2026-02-19 20:00:00+00:00,2026-02-20 01:00:00,2,2,0.1446504145860672,1,2026-02-19 08:00:00+00:00,True,False
2026-02-19 18:00:00+00:00,2026-02-19 21:00:00+00:00,2026-02-20 02:00:00,2,3,0.2663387556870778,1,2026-02-19 09:00:00+00:00,True,False
2026-02-19 18:00:00+00:00,2026-02-19 22:00:00+00:00,2026-02-20 03:00:00,2,4,0.3201361298561096,1,2026-02-19 10:00:00+00:00,True,False
2026-02-19 18:00:00+00:00,2026-02-19 23:00:00+00:00,2026-02-20 04:00:00,2,5,0.2706395387649536,1,2026-02-19 11:00:00+00:00,True,False
2026-02-19 18:00:00+00:00,2026-02-20 00:00:00+00:00,2026-02-20 05:00:00,2,6,0.4463054339090983,1,2026-02-19 12:00:00+00:00,True,False
2026-02-19 18:00:00+00:00,2026-02-20 01:00:00+00:00,2026-02-20 06:00:00,2,7,0.5074359973271688,1,2026-02-19 13:00:00+00:00,True,False
2026-02-19 18:00:00+00:00,2026-02-20 02:00:00+00:00,2026-02-20 07:00:00,2,8,0.5740623275438944,1,2026-02-19 14:00:00+00:00,True,False
2026-02-19 18:00:00+00:00,2026-02-20 03:00:00+00:00,2026-02-20 08:00:00,2,9,0.5264530678590139,1,2026-02-19 15:00:00+00:00,True,False
2026-02-19 18:00:00+00:00,2026-02-20 04:00:00+00:00,2026-02-20 09:00:00,2,10,0.3908392588297526,1,2026-02-19 16:00:00+00:00,True,False
2026-02-19 18:00:00+00:00,2026-02-20 05:00:00+00:00,2026-02-20 10:00:00,2,11,0.11159748335679372,1,2026-02-19 17:00:00+00:00,True,False
2026-02-19 18:00:00+00:00,2026-02-20 06:00:00+00:00,2026-02-20 11:00:00,2,12,0.1790611296892166,1,2026-02-19 18:00:00+00:00,True,False
2026-02-19 18:00:00+00:00,2026-02-20 07:00:00+00:00,2026-02-20 12:00:00,2,13,0.039933967093626656,2,2026-02-18 19:00:00+00:00,True,False
2026-02-19 18:00:00+00:00,2026-02-20 08:00:00+00:00,2026-02-20 13:00:00,2,14,0.027534838144977886,2,2026-02-18 20:00:00+00:00,True,False
2026-02-19 18:00:00+00:00,2026-02-20 09:00:00+00:00,2026-02-20 14:00:00,2,15,0.02244871420164903,2,2026-02-18 21:00:00+00:00,True,False
2026-02-19 18:00:00+00:00,2026-02-20 10:00:00+00:00,2026-02-20 15:00:00,2,16,0.027781815578540165,2,2026-02-18 22:00:00+00:00,True,False
2026-02-19 18:00:00+00:00,2026-02-20 11:00:00+00:00,2026-02-20 16:00:00,2,17,0.05450441688299179,2,2026-02-18 23:00:00+00:00,True,False
2026-02-19 18:00:00+00:00,2026-02-20 12:00:00+00:00,2026-02-20 17:00:00,2,18,0.03172334159413973,2,2026-02-19 00:00:00+00:00,True,False
2026-02-19 18:00:00+00:00,2026-02-20 13:00:00+00:00,2026-02-20 18:00:00,2,19,0.07021954655647278,2,2026-02-19 01:00:00+00:00,True,False
2026-02-19 18:00:00+00:00,2026-02-20 14:00:00+00:00,2026-02-20 19:00:00,2,20,0.1381653199593226,2,2026-02-19 02:00:00+00:00,True,False
2026-02-19 18:00:00+00:00,2026-02-20 15:00:00+00:00,2026-02-20 20:00:00,2,21,0.2613094300031662,2,2026-02-19 03:00:00+00:00,True,False
2026-02-19 18:00:00+00:00,2026-02-20 16:00:00+00:00,2026-02-20 21:00:00,2,22,0.5514319539070129,2,2026-02-19 04:00:00+00:00,True,False
2026-02-19 18:00:00+00:00,2026-02-20 17:00:00+00:00,2026-02-20 22:00:00,2,23,0.5753136078516642,2,2026-02-19 05:00:00+00:00,True,False
2026-02-19 18:00:00+00:00,2026-02-20 18:00:00+00:00,2026-02-20 23:00:00,2,24,0.36428683002789813,2,2026-02-19 06:00:00+00:00,True,False
2026-02-19 18:00:00+00:00,2026-02-20 19:00:00+00:00,2026-02-21 00:00:00,2,25,0.35063408811887103,2,2026-02-19 07:00:00+00:00,True,False
2026-02-19 18:00:00+00:00,2026-02-20 20:00:00+00:00,2026-02-21 01:00:00,2,26,0.357317586739858,2,2026-02-19 08:00:00+00:00,True,False
2026-02-19 18:00:00+00:00,2026-02-20 21:00:00+00:00,2026-02-21 02:00:00,2,27,0.3280019660790761,2,2026-02-19 09:00:00+00:00,True,False
2026-02-19 18:00:00+00:00,2026-02-20 22:00:00+00:00,2026-02-21 03:00:00,2,28,0.35481003920237225,2,2026-02-19 10:00:00+00:00,True,False
2026-02-19 18:00:00+00:00,2026-02-20 23:00:00+00:00,2026-02-21 04:00:00,2,29,0.3361864189306895,2,2026-02-19 11:00:00+00:00,True,False
2026-02-19 18:00:00+00:00,2026-02-21 00:00:00+00:00,2026-02-21 05:00:00,2,30,0.4122324784596761,2,2026-02-19 12:00:00+00:00,True,False
2026-02-19 18:00:00+00:00,2026-02-21 01:00:00+00:00,2026-02-21 06:00:00,2,31,0.25756198664506275,2,2026-02-19 13:00:00+00:00,True,False
2026-02-19 18:00:00+00:00,2026-02-21 02:00:00+00:00,2026-02-21 07:00:00,2,32,0.19933000206947327,2,2026-02-19 14:00:00+00:00,True,False
2026-02-19 18:00:00+00:00,2026-02-21 03:00:00+00:00,2026-02-21 08:00:00,2,33,0.15738455454508463,2,2026-02-19 15:00:00+00:00,True,False
2026-02-19 18:00:00+00:00,2026-02-21 04:00:00+00:00,2026-02-21 09:00:00,2,34,0.05648146693905195,2,2026-02-19 16:00:00+00:00,True,False
2026-02-19 18:00:00+00:00,2026-02-21 05:00:00+00:00,2026-02-21 10:00:00,2,35,0.1459429810444514,2,2026-02-19 17:00:00+00:00,True,False
2026-02-19 18:00:00+00:00,2026-02-21 06:00:00+00:00,2026-02-21 11:00:00,2,36,0.35798290371894836,2,2026-02-19 18:00:00+00:00,True,False
2026-02-19 18:00:00+00:00,2026-02-21 07:00:00+00:00,2026-02-21 12:00:00,2,37,0.4020724991957347,3,2026-02-18 19:00:00+00:00,True,False
2026-02-19 18:00:00+00:00,2026-02-21 08:00:00+00:00,2026-02-21 13:00:00,2,38,0.6971768538157145,3,2026-02-18 20:00:00+00:00,True,False
2026-02-19 18:00:00+00:00,2026-02-21 09:00:00+00:00,2026-02-21 14:00:00,2,39,0.860391100247701,3,2026-02-18 21:00:00+00:00,True,False
2026-02-19 18:00:00+00:00,2026-02-21 10:00:00+00:00,2026-02-21 15:00:00,2,40,0.7841245730717977,3,2026-02-18 22:00:00+00:00,True,False
2026-02-19 18:00:00+00:00,2026-02-21 11:00:00+00:00,2026-02-21 16:00:00,2,41,0.7652874787648519,3,2026-02-18 23:00:00+00:00,True,False
2026-02-19 18:00:00+00:00,2026-02-21 12:00:00+00:00,2026-02-21 17:00:00,2,42,0.6075049638748169,3,2026-02-19 00:00:00+00:00,True,False
2026-02-19 18:00:00+00:00,2026-02-21 13:00:00+00:00,2026-02-21 18:00:00,2,43,0.8615020910898844,3,2026-02-19 01:00:00+00:00,True,False
2026-02-19 18:00:00+00:00,2026-02-21 14:00:00+00:00,2026-02-21 19:00:00,2,44,0.9241588115692139,3,2026-02-19 02:00:00+00:00,True,False
2026-02-19 18:00:00+00:00,2026-02-21 15:00:00+00:00,2026-02-21 20:00:00,2,45,0.7745582660039266,3,2026-02-19 03:00:00+00:00,True,False
2026-02-19 18:00:00+00:00,2026-02-21 16:00:00+00:00,2026-02-21 21:00:00,2,46,0.7335111300150553,3,2026-02-19 04:00:00+00:00,True,False
2026-02-19 18:00:00+00:00,2026-02-21 17:00:00+00:00,2026-02-21 22:00:00,2,47,0.44593390822410583,3,2026-02-19 05:00:00+00:00,True,False
2026-02-19 18:00:00+00:00,2026-02-21 18:00:00+00:00,2026-02-21 23:00:00,2,48,0.14206212759017944,3,2026-02-19 06:00:00+00:00,True,False
2026-02-20 18:00:00+00:00,2026-02-20 19:00:00+00:00,2026-02-21 00:00:00,1,1,0.3873976568380992,1,2026-02-20 07:00:00+00:00,True,False
2026-02-20 18:00:00+00:00,2026-02-20 20:00:00+00:00,2026-02-21 01:00:00,1,2,0.45426498850186664,1,2026-02-20 08:00:00+00:00,True,False
2026-02-20 18:00:00+00:00,2026-02-20 21:00:00+00:00,2026-02-21 02:00:00,1,3,0.3368649979432424,1,2026-02-20 09:00:00+00:00,True,False
2026-02-20 18:00:00+00:00,2026-02-20 22:00:00+00:00,2026-02-21 03:00:00,1,4,0.36703015367190045,1,2026-02-20 10:00:00+00:00,True,False
2026-02-20 18:00:00+00:00,2026-02-20 23:00:00+00:00,2026-02-21 04:00:00,1,5,0.3319220344225566,1,2026-02-20 11:00:00+00:00,True,False
2026-02-20 18:00:00+00:00,2026-02-21 00:00:00+00:00,2026-02-21 05:00:00,1,6,0.32604018847147626,1,2026-02-20 12:00:00+00:00,True,False
2026-02-20 18:00:00+00:00,2026-02-21 01:00:00+00:00,2026-02-21 06:00:00,1,7,0.3424283266067505,1,2026-02-20 13:00:00+00:00,True,False
2026-02-20 18:00:00+00:00,2026-02-21 02:00:00+00:00,2026-02-21 07:00:00,1,8,0.3213752905527751,1,2026-02-20 14:00:00+00:00,True,False
2026-02-20 18:00:00+00:00,2026-02-21 03:00:00+00:00,2026-02-21 08:00:00,1,9,0.18455136319001517,1,2026-02-20 15:00:00+00:00,True,False
2026-02-20 18:00:00+00:00,2026-02-21 04:00:00+00:00,2026-02-21 09:00:00,1,10,0.14492151389519373,1,2026-02-20 16:00:00+00:00,True,False
2026-02-20 18:00:00+00:00,2026-02-21 05:00:00+00:00,2026-02-21 10:00:00,1,11,0.025509734638035297,1,2026-02-20 17:00:00+00:00,True,False
2026-02-20 18:00:00+00:00,2026-02-21 06:00:00+00:00,2026-02-21 11:00:00,1,12,0.4033790131409963,1,2026-02-20 18:00:00+00:00,True,False
2026-02-20 18:00:00+00:00,2026-02-21 07:00:00+00:00,2026-02-21 12:00:00,1,13,0.8409488797187805,2,2026-02-19 19:00:00+00:00,True,False
2026-02-20 18:00:00+00:00,2026-02-21 08:00:00+00:00,2026-02-21 13:00:00,1,14,0.9396496415138245,2,2026-02-19 20:00:00+00:00,True,False
2026-02-20 18:00:00+00:00,2026-02-21 09:00:00+00:00,2026-02-21 14:00:00,1,15,0.8537183006604513,2,2026-02-19 21:00:00+00:00,True,False
2026-02-20 18:00:00+00:00,2026-02-21 10:00:00+00:00,2026-02-21 15:00:00,1,16,0.5170501271883646,2,2026-02-19 22:00:00+00:00,True,False
2026-02-20 18:00:00+00:00,2026-02-21 11:00:00+00:00,2026-02-21 16:00:00,1,17,0.30512293179829914,2,2026-02-19 23:00:00+00:00,True,False
2026-02-20 18:00:00+00:00,2026-02-21 12:00:00+00:00,2026-02-21 17:00:00,1,18,0.1659836322069168,2,2026-02-20 00:00:00+00:00,True,False
2026-02-20 18:00:00+00:00,2026-02-21 13:00:00+00:00,2026-02-21 18:00:00,1,19,0.15321720639864603,2,2026-02-20 01:00:00+00:00,True,False
2026-02-20 18:00:00+00:00,2026-02-21 14:00:00+00:00,2026-02-21 19:00:00,1,20,0.2530388782421748,2,2026-02-20 02:00:00+00:00,True,False
2026-02-20 18:00:00+00:00,2026-02-21 15:00:00+00:00,2026-02-21 20:00:00,1,21,0.6835211118062338,2,2026-02-20 03:00:00+00:00,True,False
2026-02-20 18:00:00+00:00,2026-02-21 16:00:00+00:00,2026-02-21 21:00:00,1,22,0.9347302714983622,2,2026-02-20 04:00:00+00:00,True,False
2026-02-20 18:00:00+00:00,2026-02-21 17:00:00+00:00,2026-02-21 22:00:00,1,23,0.8041537006696066,2,2026-02-20 05:00:00+00:00,True,False
2026-02-20 18:00:00+00:00,2026-02-21 18:00:00+00:00,2026-02-21 23:00:00,1,24,0.7749788363774618,2,2026-02-20 06:00:00+00:00,True,False
2026-02-20 18:00:00+00:00,2026-02-21 19:00:00+00:00,2026-02-22 00:00:00,1,25,0.791891853014628,2,2026-02-20 07:00:00+00:00,True,False
2026-02-20 18:00:00+00:00,2026-02-21 20:00:00+00:00,2026-02-22 01:00:00,1,26,0.6373204986254374,2,2026-02-20 08:00:00+00:00,True,False
2026-02-20 18:00:00+00:00,2026-02-21 21:00:00+00:00,2026-02-22 02:00:00,1,27,0.3950992325941722,2,2026-02-20 09:00:00+00:00,True,False
2026-02-20 18:00:00+00:00,2026-02-21 22:00:00+00:00,2026-02-22 03:00:00,1,28,0.1830898274978002,2,2026-02-20 10:00:00+00:00,True,False
2026-02-20 18:00:00+00:00,2026-02-21 23:00:00+00:00,2026-02-22 04:00:00,1,29,0.058070084700981774,2,2026-02-20 11:00:00+00:00,True,False
2026-02-20 18:00:00+00:00,2026-02-22 00:00:00+00:00,2026-02-22 05:00:00,1,30,0.06726125379403432,2,2026-02-20 12:00:00+00:00,True,False
2026-02-20 18:00:00+00:00,2026-02-22 01:00:00+00:00,2026-02-22 06:00:00,1,31,0.022922640045483906,2,2026-02-20 13:00:00+00:00,True,False
2026-02-20 18:00:00+00:00,2026-02-22 02:00:00+00:00,2026-02-22 07:00:00,1,32,0.017256622202694416,2,2026-02-20 14:00:00+00:00,True,False
2026-02-20 18:00:00+00:00,2026-02-22 03:00:00+00:00,2026-02-22 08:00:00,1,33,0.016523299738764763,2,2026-02-20 15:00:00+00:00,True,False
2026-02-20 18:00:00+00:00,2026-02-22 04:00:00+00:00,2026-02-22 09:00:00,1,34,0.025026841089129448,2,2026-02-20 16:00:00+00:00,True,False
2026-02-20 18:00:00+00:00,2026-02-22 05:00:00+00:00,2026-02-22 10:00:00,1,35,0.04222272460659345,2,2026-02-20 17:00:00+00:00,True,False
2026-02-20 18:00:00+00:00,2026-02-22 06:00:00+00:00,2026-02-22 11:00:00,1,36,0.6908799409866333,2,2026-02-20 18:00:00+00:00,True,False
2026-02-20 18:00:00+00:00,2026-02-22 07:00:00+00:00,2026-02-22 12:00:00,1,37,0.11798026909430821,3,2026-02-19 19:00:00+00:00,True,False
2026-02-20 18:00:00+00:00,2026-02-22 08:00:00+00:00,2026-02-22 13:00:00,1,38,0.34877942005793255,3,2026-02-19 20:00:00+00:00,True,False
2026-02-20 18:00:00+00:00,2026-02-22 09:00:00+00:00,2026-02-22 14:00:00,1,39,0.6929083267847697,3,2026-02-19 21:00:00+00:00,True,False
2026-02-20 18:00:00+00:00,2026-02-22 10:00:00+00:00,2026-02-22 15:00:00,1,40,0.9024022022883097,3,2026-02-19 22:00:00+00:00,True,False
2026-02-20 18:00:00+00:00,2026-02-22 11:00:00+00:00,2026-02-22 16:00:00,1,41,0.9457220633824667,3,2026-02-19 23:00:00+00:00,True,False
2026-02-20 18:00:00+00:00,2026-02-22 12:00:00+00:00,2026-02-22 17:00:00,1,42,0.8729230761528015,3,2026-02-20 00:00:00+00:00,True,False
2026-02-20 18:00:00+00:00,2026-02-22 13:00:00+00:00,2026-02-22 18:00:00,1,43,0.878062923749288,3,2026-02-20 01:00:00+00:00,True,False
2026-02-20 18:00:00+00:00,2026-02-22 14:00:00+00:00,2026-02-22 19:00:00,1,44,0.8404993414878845,3,2026-02-20 02:00:00+00:00,True,False
2026-02-20 18:00:00+00:00,2026-02-22 15:00:00+00:00,2026-02-22 20:00:00,1,45,0.7220142682393392,3,2026-02-20 03:00:00+00:00,True,False
2026-02-20 18:00:00+00:00,2026-02-22 16:00:00+00:00,2026-02-22 21:00:00,1,46,0.6583291490872701,3,2026-02-20 04:00:00+00:00,True,False
2026-02-20 18:00:00+00:00,2026-02-22 17:00:00+00:00,2026-02-22 22:00:00,1,47,0.6529806852340698,3,2026-02-20 05:00:00+00:00,True,False
2026-02-20 18:00:00+00:00,2026-02-22 18:00:00+00:00,2026-02-22 23:00:00,1,48,0.42467717329661053,3,2026-02-20 06:00:00+00:00,True,False
2026-02-20 18:00:00+00:00,2026-02-20 19:00:00+00:00,2026-02-21 00:00:00,2,1,0.3393765290578206,1,2026-02-20 07:00:00+00:00,True,False
2026-02-20 18:00:00+00:00,2026-02-20 20:00:00+00:00,2026-02-21 01:00:00,2,2,0.395626962184906,1,2026-02-20 08:00:00+00:00,True,False
2026-02-20 18:00:00+00:00,2026-02-20 21:00:00+00:00,2026-02-21 02:00:00,2,3,0.2917689035336177,1,2026-02-20 09:00:00+00:00,True,False
2026-02-20 18:00:00+00:00,2026-02-20 22:00:00+00:00,2026-02-21 03:00:00,2,4,0.31729863087336224,1,2026-02-20 10:00:00+00:00,True,False
2026-02-20 18:00:00+00:00,2026-02-20 23:00:00+00:00,2026-02-21 04:00:00,2,5,0.2814035564661026,1,2026-02-20 11:00:00+00:00,True,False
2026-02-20 18:00:00+00:00,2026-02-21 00:00:00+00:00,2026-02-21 05:00:00,2,6,0.2785792052745819,1,2026-02-20 12:00:00+00:00,True,False
2026-02-20 18:00:00+00:00,2026-02-21 01:00:00+00:00,2026-02-21 06:00:00,2,7,0.29768545428911847,1,2026-02-20 13:00:00+00:00,True,False
2026-02-20 18:00:00+00:00,2026-02-21 02:00:00+00:00,2026-02-21 07:00:00,2,8,0.29056180516878766,1,2026-02-20 14:00:00+00:00,True,False
2026-02-20 18:00:00+00:00,2026-02-21 03:00:00+00:00,2026-02-21 08:00:00,2,9,0.16982256372769675,1,2026-02-20 15:00:00+00:00,True,False
2026-02-20 18:00:00+00:00,2026-02-21 04:00:00+00:00,2026-02-21 09:00:00,2,10,0.14524218191703162,1,2026-02-20 16:00:00+00:00,True,False
2026-02-20 18:00:00+00:00,2026-02-21 05:00:00+00:00,2026-02-21 10:00:00,2,11,0.024214875263472397,1,2026-02-20 17:00:00+00:00,True,False
2026-02-20 18:00:00+00:00,2026-02-21 06:00:00+00:00,2026-02-21 11:00:00,2,12,0.41221893827120465,1,2026-02-20 18:00:00+00:00,True,False
2026-02-20 18:00:00+00:00,2026-02-21 07:00:00+00:00,2026-02-21 12:00:00,2,13,0.8628193537394205,2,2026-02-19 19:00:00+00:00,True,False
2026-02-20 18:00:00+00:00,2026-02-21 08:00:00+00:00,2026-02-21 13:00:00,2,14,0.9443037112553915,2,2026-02-19 20:00:00+00:00,True,False
2026-02-20 18:00:00+00:00,2026-02-21 09:00:00+00:00,2026-02-21 14:00:00,2,15,0.8643839955329895,2,2026-02-19 21:00:00+00:00,True,False
2026-02-20 18:00:00+00:00,2026-02-21 10:00:00+00:00,2026-02-21 15:00:00,2,16,0.5314669907093048,2,2026-02-19 22:00:00+00:00,True,False
2026-02-20 18:00:00+00:00,2026-02-21 11:00:00+00:00,2026-02-21 16:00:00,2,17,0.312539408604304,2,2026-02-19 23:00:00+00:00,True,False
2026-02-20 18:00:00+00:00,2026-02-21 12:00:00+00:00,2026-02-21 17:00:00,2,18,0.16164163748423258,2,2026-02-20 00:00:00+00:00,True,False
2026-02-20 18:00:00+00:00,2026-02-21 13:00:00+00:00,2026-02-21 18:00:00,2,19,0.1538897156715393,2,2026-02-20 01:00:00+00:00,True,False
2026-02-20 18:00:00+00:00,2026-02-21 14:00:00+00:00,2026-02-21 19:00:00,2,20,0.2421604891618093,2,2026-02-20 02:00:00+00:00,True,False
2026-02-20 18:00:00+00:00,2026-02-21 15:00:00+00:00,2026-02-21 20:00:00,2,21,0.6909772157669067,2,2026-02-20 03:00:00+00:00,True,False
2026-02-20 18:00:00+00:00,2026-02-21 16:00:00+00:00,2026-02-21 21:00:00,2,22,0.9359152515729269,2,2026-02-20 04:00:00+00:00,True,False
2026-02-20 18:00:00+00:00,2026-02-21 17:00:00+00:00,2026-02-21 22:00:00,2,23,0.8134210109710693,2,2026-02-20 05:00:00+00:00,True,False
2026-02-20 18:00:00+00:00,2026-02-21 18:00:00+00:00,2026-02-21 23:00:00,2,24,0.789511481920878,2,2026-02-20 06:00:00+00:00,True,False
2026-02-20 18:00:00+00:00,2026-02-21 19:00:00+00:00,2026-02-22 00:00:00,2,25,0.8134443163871765,2,2026-02-20 07:00:00+00:00,True,False
2026-02-20 18:00:00+00:00,2026-02-21 20:00:00+00:00,2026-02-22 01:00:00,2,26,0.6796947121620178,2,2026-02-20 08:00:00+00:00,True,False
2026-02-20 18:00:00+00:00,2026-02-21 21:00:00+00:00,2026-02-22 02:00:00,2,27,0.4187866747379303,2,2026-02-20 09:00:00+00:00,True,False
2026-02-20 18:00:00+00:00,2026-02-21 22:00:00+00:00,2026-02-22 03:00:00,2,28,0.17918014526367188,2,2026-02-20 10:00:00+00:00,True,False
2026-02-20 18:00:00+00:00,2026-02-21 23:00:00+00:00,2026-02-22 04:00:00,2,29,0.0521549346546332,2,2026-02-20 11:00:00+00:00,True,False
2026-02-20 18:00:00+00:00,2026-02-22 00:00:00+00:00,2026-02-22 05:00:00,2,30,0.06438533340891202,2,2026-02-20 12:00:00+00:00,True,False
2026-02-20 18:00:00+00:00,2026-02-22 01:00:00+00:00,2026-02-22 06:00:00,2,31,0.02262170799076557,2,2026-02-20 13:00:00+00:00,True,False
2026-02-20 18:00:00+00:00,2026-02-22 02:00:00+00:00,2026-02-22 07:00:00,2,32,0.017118060650924843,2,2026-02-20 14:00:00+00:00,True,False
2026-02-20 18:00:00+00:00,2026-02-22 03:00:00+00:00,2026-02-22 08:00:00,2,33,0.015583133945862452,2,2026-02-20 15:00:00+00:00,True,False
2026-02-20 18:00:00+00:00,2026-02-22 04:00:00+00:00,2026-02-22 09:00:00,2,34,0.024344860576093197,2,2026-02-20 16:00:00+00:00,True,False
2026-02-20 18:00:00+00:00,2026-02-22 05:00:00+00:00,2026-02-22 10:00:00,2,35,0.043104213972886406,2,2026-02-20 17:00:00+00:00,True,False
2026-02-20 18:00:00+00:00,2026-02-22 06:00:00+00:00,2026-02-22 11:00:00,2,36,0.733076254526774,2,2026-02-20 18:00:00+00:00,True,False
2026-02-20 18:00:00+00:00,2026-02-22 07:00:00+00:00,2026-02-22 12:00:00,2,37,0.12226500610510509,3,2026-02-19 19:00:00+00:00,True,False
2026-02-20 18:00:00+00:00,2026-02-22 08:00:00+00:00,2026-02-22 13:00:00,2,38,0.34593792756398517,3,2026-02-19 20:00:00+00:00,True,False
2026-02-20 18:00:00+00:00,2026-02-22 09:00:00+00:00,2026-02-22 14:00:00,2,39,0.7263603409131368,3,2026-02-19 21:00:00+00:00,True,False
2026-02-20 18:00:00+00:00,2026-02-22 10:00:00+00:00,2026-02-22 15:00:00,2,40,0.9108037352561951,3,2026-02-19 22:00:00+00:00,True,False
2026-02-20 18:00:00+00:00,2026-02-22 11:00:00+00:00,2026-02-22 16:00:00,2,41,0.9458099802335104,3,2026-02-19 23:00:00+00:00,True,False
2026-02-20 18:00:00+00:00,2026-02-22 12:00:00+00:00,2026-02-22 17:00:00,2,42,0.8796720703442892,3,2026-02-20 00:00:00+00:00,True,False
2026-02-20 18:00:00+00:00,2026-02-22 13:00:00+00:00,2026-02-22 18:00:00,2,43,0.8858076135317484,3,2026-02-20 01:00:00+00:00,True,False
2026-02-20 18:00:00+00:00,2026-02-22 14:00:00+00:00,2026-02-22 19:00:00,2,44,0.8436868786811829,3,2026-02-20 02:00:00+00:00,True,False
2026-02-20 18:00:00+00:00,2026-02-22 15:00:00+00:00,2026-02-22 20:00:00,2,45,0.7198706865310669,3,2026-02-20 03:00:00+00:00,True,False
2026-02-20 18:00:00+00:00,2026-02-22 16:00:00+00:00,2026-02-22 21:00:00,2,46,0.6203387379646301,3,2026-02-20 04:00:00+00:00,True,False
2026-02-20 18:00:00+00:00,2026-02-22 17:00:00+00:00,2026-02-22 22:00:00,2,47,0.6043941775957743,3,2026-02-20 05:00:00+00:00,True,False
2026-02-20 18:00:00+00:00,2026-02-22 18:00:00+00:00,2026-02-22 23:00:00,2,48,0.4127221902211507,3,2026-02-20 06:00:00+00:00,True,False
2026-02-21 18:00:00+00:00,2026-02-21 19:00:00+00:00,2026-02-22 00:00:00,1,1,0.055678789814313255,1,2026-02-21 07:00:00+00:00,True,False
2026-02-21 18:00:00+00:00,2026-02-21 20:00:00+00:00,2026-02-22 01:00:00,1,2,0.03189020293454329,1,2026-02-21 08:00:00+00:00,True,False
2026-02-21 18:00:00+00:00,2026-02-21 21:00:00+00:00,2026-02-22 02:00:00,1,3,0.02161062943438689,1,2026-02-21 09:00:00+00:00,True,False
2026-02-21 18:00:00+00:00,2026-02-21 22:00:00+00:00,2026-02-22 03:00:00,1,4,0.01741019232819478,1,2026-02-21 10:00:00+00:00,True,False
2026-02-21 18:00:00+00:00,2026-02-21 23:00:00+00:00,2026-02-22 04:00:00,1,5,0.01953311761220296,1,2026-02-21 11:00:00+00:00,True,False
2026-02-21 18:00:00+00:00,2026-02-22 00:00:00+00:00,2026-02-22 05:00:00,1,6,0.011520480271428823,1,2026-02-21 12:00:00+00:00,True,False
2026-02-21 18:00:00+00:00,2026-02-22 01:00:00+00:00,2026-02-22 06:00:00,1,7,0.021586560644209385,1,2026-02-21 13:00:00+00:00,True,False
2026-02-21 18:00:00+00:00,2026-02-22 02:00:00+00:00,2026-02-22 07:00:00,1,8,0.042467122276624046,1,2026-02-21 14:00:00+00:00,True,False
2026-02-21 18:00:00+00:00,2026-02-22 03:00:00+00:00,2026-02-22 08:00:00,1,9,0.07499918714165688,1,2026-02-21 15:00:00+00:00,True,False
2026-02-21 18:00:00+00:00,2026-02-22 04:00:00+00:00,2026-02-22 09:00:00,1,10,0.13735882689555487,1,2026-02-21 16:00:00+00:00,True,False
2026-02-21 18:00:00+00:00,2026-02-22 05:00:00+00:00,2026-02-22 10:00:00,1,11,0.3154662450154622,1,2026-02-21 17:00:00+00:00,True,False
2026-02-21 18:00:00+00:00,2026-02-22 06:00:00+00:00,2026-02-22 11:00:00,1,12,0.9476806322733561,1,2026-02-21 18:00:00+00:00,True,False
2026-02-21 18:00:00+00:00,2026-02-22 07:00:00+00:00,2026-02-22 12:00:00,1,13,0.9002035061518351,2,2026-02-20 19:00:00+00:00,True,False
2026-02-21 18:00:00+00:00,2026-02-22 08:00:00+00:00,2026-02-22 13:00:00,1,14,0.9196216861406962,2,2026-02-20 20:00:00+00:00,True,False
2026-02-21 18:00:00+00:00,2026-02-22 09:00:00+00:00,2026-02-22 14:00:00,1,15,0.9356669982274374,2,2026-02-20 21:00:00+00:00,True,False
2026-02-21 18:00:00+00:00,2026-02-22 10:00:00+00:00,2026-02-22 15:00:00,1,16,0.9389504591623942,2,2026-02-20 22:00:00+00:00,True,False
2026-02-21 18:00:00+00:00,2026-02-22 11:00:00+00:00,2026-02-22 16:00:00,1,17,0.916468063990275,2,2026-02-20 23:00:00+00:00,True,False
2026-02-21 18:00:00+00:00,2026-02-22 12:00:00+00:00,2026-02-22 17:00:00,1,18,0.8549516201019287,2,2026-02-21 00:00:00+00:00,True,False
2026-02-21 18:00:00+00:00,2026-02-22 13:00:00+00:00,2026-02-22 18:00:00,1,19,0.7932976086934408,2,2026-02-21 01:00:00+00:00,True,False
2026-02-21 18:00:00+00:00,2026-02-22 14:00:00+00:00,2026-02-22 19:00:00,1,20,0.5590953826904297,2,2026-02-21 02:00:00+00:00,True,False
2026-02-21 18:00:00+00:00,2026-02-22 15:00:00+00:00,2026-02-22 20:00:00,1,21,0.32938270767529804,2,2026-02-21 03:00:00+00:00,True,False
2026-02-21 18:00:00+00:00,2026-02-22 16:00:00+00:00,2026-02-22 21:00:00,1,22,0.3055853346983592,2,2026-02-21 04:00:00+00:00,True,False
2026-02-21 18:00:00+00:00,2026-02-22 17:00:00+00:00,2026-02-22 22:00:00,1,23,0.2715712785720825,2,2026-02-21 05:00:00+00:00,True,False
2026-02-21 18:00:00+00:00,2026-02-22 18:00:00+00:00,2026-02-22 23:00:00,1,24,0.6555640697479248,2,2026-02-21 06:00:00+00:00,True,False
2026-02-21 18:00:00+00:00,2026-02-22 19:00:00+00:00,2026-02-23 00:00:00,1,25,0.5722015599409739,2,2026-02-21 07:00:00+00:00,True,False
2026-02-21 18:00:00+00:00,2026-02-22 20:00:00+00:00,2026-02-23 01:00:00,1,26,0.3751884996891022,2,2026-02-21 08:00:00+00:00,True,False
2026-02-21 18:00:00+00:00,2026-02-22 21:00:00+00:00,2026-02-23 02:00:00,1,27,0.2144521325826645,2,2026-02-21 09:00:00+00:00,True,False
2026-02-21 18:00:00+00:00,2026-02-22 22:00:00+00:00,2026-02-23 03:00:00,1,28,0.10625117768843968,2,2026-02-21 10:00:00+00:00,True,False
2026-02-21 18:00:00+00:00,2026-02-22 23:00:00+00:00,2026-02-23 04:00:00,1,29,0.0491160669674476,2,2026-02-21 11:00:00+00:00,True,False
2026-02-21 18:00:00+00:00,2026-02-23 00:00:00+00:00,2026-02-23 05:00:00,1,30,0.028500052789847057,2,2026-02-21 12:00:00+00:00,True,False
2026-02-21 18:00:00+00:00,2026-02-23 01:00:00+00:00,2026-02-23 06:00:00,1,31,0.023525115723411243,2,2026-02-21 13:00:00+00:00,True,False
2026-02-21 18:00:00+00:00,2026-02-23 02:00:00+00:00,2026-02-23 07:00:00,1,32,0.018179329422612984,2,2026-02-21 14:00:00+00:00,True,False
2026-02-21 18:00:00+00:00,2026-02-23 03:00:00+00:00,2026-02-23 08:00:00,1,33,0.01700241258367896,2,2026-02-21 15:00:00+00:00,True,False
2026-02-21 18:00:00+00:00,2026-02-23 04:00:00+00:00,2026-02-23 09:00:00,1,34,0.01582660898566246,2,2026-02-21 16:00:00+00:00,True,False
2026-02-21 18:00:00+00:00,2026-02-23 05:00:00+00:00,2026-02-23 10:00:00,1,35,0.029313064490755398,2,2026-02-21 17:00:00+00:00,True,False
2026-02-21 18:00:00+00:00,2026-02-23 06:00:00+00:00,2026-02-23 11:00:00,1,36,0.03703718508283297,2,2026-02-21 18:00:00+00:00,True,False
2026-02-21 18:00:00+00:00,2026-02-23 07:00:00+00:00,2026-02-23 12:00:00,1,37,0.1797239432732264,3,2026-02-20 19:00:00+00:00,True,False
2026-02-21 18:00:00+00:00,2026-02-23 08:00:00+00:00,2026-02-23 13:00:00,1,38,0.3572368621826172,3,2026-02-20 20:00:00+00:00,True,False
2026-02-21 18:00:00+00:00,2026-02-23 09:00:00+00:00,2026-02-23 14:00:00,1,39,0.5408498446146647,3,2026-02-20 21:00:00+00:00,True,False
2026-02-21 18:00:00+00:00,2026-02-23 10:00:00+00:00,2026-02-23 15:00:00,1,40,0.6228332122166952,3,2026-02-20 22:00:00+00:00,True,False
2026-02-21 18:00:00+00:00,2026-02-23 11:00:00+00:00,2026-02-23 16:00:00,1,41,0.6167884866396586,3,2026-02-20 23:00:00+00:00,True,False
2026-02-21 18:00:00+00:00,2026-02-23 12:00:00+00:00,2026-02-23 17:00:00,1,42,0.3799871603647868,3,2026-02-21 00:00:00+00:00,True,False
2026-02-21 18:00:00+00:00,2026-02-23 13:00:00+00:00,2026-02-23 18:00:00,1,43,0.4445990224679311,3,2026-02-21 01:00:00+00:00,True,False
2026-02-21 18:00:00+00:00,2026-02-23 14:00:00+00:00,2026-02-23 19:00:00,1,44,0.6985167066256205,3,2026-02-21 02:00:00+00:00,True,False
2026-02-21 18:00:00+00:00,2026-02-23 15:00:00+00:00,2026-02-23 20:00:00,1,45,0.7559563517570496,3,2026-02-21 03:00:00+00:00,True,False
2026-02-21 18:00:00+00:00,2026-02-23 16:00:00+00:00,2026-02-23 21:00:00,1,46,0.7299010554949442,3,2026-02-21 04:00:00+00:00,True,False
2026-02-21 18:00:00+00:00,2026-02-23 17:00:00+00:00,2026-02-23 22:00:00,1,47,0.802617092927297,3,2026-02-21 05:00:00+00:00,True,False
2026-02-21 18:00:00+00:00,2026-02-23 18:00:00+00:00,2026-02-23 23:00:00,1,48,0.8334731260935465,3,2026-02-21 06:00:00+00:00,True,False
2026-02-21 18:00:00+00:00,2026-02-21 19:00:00+00:00,2026-02-22 00:00:00,2,1,0.0507768839597702,1,2026-02-21 07:00:00+00:00,True,False
2026-02-21 18:00:00+00:00,2026-02-21 20:00:00+00:00,2026-02-22 01:00:00,2,2,0.029449954628944397,1,2026-02-21 08:00:00+00:00,True,False
2026-02-21 18:00:00+00:00,2026-02-21 21:00:00+00:00,2026-02-22 02:00:00,2,3,0.02032833794752757,1,2026-02-21 09:00:00+00:00,True,False
2026-02-21 18:00:00+00:00,2026-02-21 22:00:00+00:00,2026-02-22 03:00:00,2,4,0.016653382529815037,1,2026-02-21 10:00:00+00:00,True,False
2026-02-21 18:00:00+00:00,2026-02-21 23:00:00+00:00,2026-02-22 04:00:00,2,5,0.019019416222969692,1,2026-02-21 11:00:00+00:00,True,False
2026-02-21 18:00:00+00:00,2026-02-22 00:00:00+00:00,2026-02-22 05:00:00,2,6,0.010655153232316176,1,2026-02-21 12:00:00+00:00,True,False
2026-02-21 18:00:00+00:00,2026-02-22 01:00:00+00:00,2026-02-22 06:00:00,2,7,0.020945859452088673,1,2026-02-21 13:00:00+00:00,True,False
2026-02-21 18:00:00+00:00,2026-02-22 02:00:00+00:00,2026-02-22 07:00:00,2,8,0.04373438283801079,1,2026-02-21 14:00:00+00:00,True,False
2026-02-21 18:00:00+00:00,2026-02-22 03:00:00+00:00,2026-02-22 08:00:00,2,9,0.08459619184335072,1,2026-02-21 15:00:00+00:00,True,False
2026-02-21 18:00:00+00:00,2026-02-22 04:00:00+00:00,2026-02-22 09:00:00,2,10,0.15728972355524698,1,2026-02-21 16:00:00+00:00,True,False
2026-02-21 18:00:00+00:00,2026-02-22 05:00:00+00:00,2026-02-22 10:00:00,2,11,0.3883862793445587,1,2026-02-21 17:00:00+00:00,True,False
2026-02-21 18:00:00+00:00,2026-02-22 06:00:00+00:00,2026-02-22 11:00:00,2,12,0.944065511226654,1,2026-02-21 18:00:00+00:00,True,False
2026-02-21 18:00:00+00:00,2026-02-22 07:00:00+00:00,2026-02-22 12:00:00,2,13,0.9002592166264852,2,2026-02-20 19:00:00+00:00,True,False
2026-02-21 18:00:00+00:00,2026-02-22 08:00:00+00:00,2026-02-22 13:00:00,2,14,0.915452222029368,2,2026-02-20 20:00:00+00:00,True,False
2026-02-21 18:00:00+00:00,2026-02-22 09:00:00+00:00,2026-02-22 14:00:00,2,15,0.9277511437733968,2,2026-02-20 21:00:00+00:00,True,False
2026-02-21 18:00:00+00:00,2026-02-22 10:00:00+00:00,2026-02-22 15:00:00,2,16,0.9293256402015686,2,2026-02-20 22:00:00+00:00,True,False
2026-02-21 18:00:00+00:00,2026-02-22 11:00:00+00:00,2026-02-22 16:00:00,2,17,0.9007904926935831,2,2026-02-20 23:00:00+00:00,True,False
2026-02-21 18:00:00+00:00,2026-02-22 12:00:00+00:00,2026-02-22 17:00:00,2,18,0.8514438072840372,2,2026-02-21 00:00:00+00:00,True,False
2026-02-21 18:00:00+00:00,2026-02-22 13:00:00+00:00,2026-02-22 18:00:00,2,19,0.792410135269165,2,2026-02-21 01:00:00+00:00,True,False
2026-02-21 18:00:00+00:00,2026-02-22 14:00:00+00:00,2026-02-22 19:00:00,2,20,0.5643311540285746,2,2026-02-21 02:00:00+00:00,True,False
2026-02-21 18:00:00+00:00,2026-02-22 15:00:00+00:00,2026-02-22 20:00:00,2,21,0.3122286796569824,2,2026-02-21 03:00:00+00:00,True,False
2026-02-21 18:00:00+00:00,2026-02-22 16:00:00+00:00,2026-02-22 21:00:00,2,22,0.2744808147350947,2,2026-02-21 04:00:00+00:00,True,False
2026-02-21 18:00:00+00:00,2026-02-22 17:00:00+00:00,2026-02-22 22:00:00,2,23,0.22536347806453705,2,2026-02-21 05:00:00+00:00,True,False
2026-02-21 18:00:00+00:00,2026-02-22 18:00:00+00:00,2026-02-22 23:00:00,2,24,0.6138993700345358,2,2026-02-21 06:00:00+00:00,True,False
2026-02-21 18:00:00+00:00,2026-02-22 19:00:00+00:00,2026-02-23 00:00:00,2,25,0.5280781884988149,2,2026-02-21 07:00:00+00:00,True,False
2026-02-21 18:00:00+00:00,2026-02-22 20:00:00+00:00,2026-02-23 01:00:00,2,26,0.32568885882695514,2,2026-02-21 08:00:00+00:00,True,False
2026-02-21 18:00:00+00:00,2026-02-22 21:00:00+00:00,2026-02-23 02:00:00,2,27,0.1658242866396904,2,2026-02-21 09:00:00+00:00,True,False
2026-02-21 18:00:00+00:00,2026-02-22 22:00:00+00:00,2026-02-23 03:00:00,2,28,0.08950326840082805,2,2026-02-21 10:00:00+00:00,True,False
2026-02-21 18:00:00+00:00,2026-02-22 23:00:00+00:00,2026-02-23 04:00:00,2,29,0.04317277483642101,2,2026-02-21 11:00:00+00:00,True,False
2026-02-21 18:00:00+00:00,2026-02-23 00:00:00+00:00,2026-02-23 05:00:00,2,30,0.02613965639223655,2,2026-02-21 12:00:00+00:00,True,False
2026-02-21 18:00:00+00:00,2026-02-23 01:00:00+00:00,2026-02-23 06:00:00,2,31,0.02284456913669904,2,2026-02-21 13:00:00+00:00,True,False
2026-02-21 18:00:00+00:00,2026-02-23 02:00:00+00:00,2026-02-23 07:00:00,2,32,0.016965065772334736,2,2026-02-21 14:00:00+00:00,True,False
2026-02-21 18:00:00+00:00,2026-02-23 03:00:00+00:00,2026-02-23 08:00:00,2,33,0.014985795443256697,2,2026-02-21 15:00:00+00:00,True,False
2026-02-21 18:00:00+00:00,2026-02-23 04:00:00+00:00,2026-02-23 09:00:00,2,34,0.014837095824380716,2,2026-02-21 16:00:00+00:00,True,False
2026-02-21 18:00:00+00:00,2026-02-23 05:00:00+00:00,2026-02-23 10:00:00,2,35,0.027723129838705063,2,2026-02-21 17:00:00+00:00,True,False
2026-02-21 18:00:00+00:00,2026-02-23 06:00:00+00:00,2026-02-23 11:00:00,2,36,0.03540942631661892,2,2026-02-21 18:00:00+00:00,True,False
2026-02-21 18:00:00+00:00,2026-02-23 07:00:00+00:00,2026-02-23 12:00:00,2,37,0.18461368481318155,3,2026-02-20 19:00:00+00:00,True,False
2026-02-21 18:00:00+00:00,2026-02-23 08:00:00+00:00,2026-02-23 13:00:00,2,38,0.371517817179362,3,2026-02-20 20:00:00+00:00,True,False
2026-02-21 18:00:00+00:00,2026-02-23 09:00:00+00:00,2026-02-23 14:00:00,2,39,0.5809767842292786,3,2026-02-20 21:00:00+00:00,True,False
2026-02-21 18:00:00+00:00,2026-02-23 10:00:00+00:00,2026-02-23 15:00:00,2,40,0.648385485013326,3,2026-02-20 22:00:00+00:00,True,False
2026-02-21 18:00:00+00:00,2026-02-23 11:00:00+00:00,2026-02-23 16:00:00,2,41,0.633955717086792,3,2026-02-20 23:00:00+00:00,True,False
2026-02-21 18:00:00+00:00,2026-02-23 12:00:00+00:00,2026-02-23 17:00:00,2,42,0.4012341797351837,3,2026-02-21 00:00:00+00:00,True,False
2026-02-21 18:00:00+00:00,2026-02-23 13:00:00+00:00,2026-02-23 18:00:00,2,43,0.4607603947321574,3,2026-02-21 01:00:00+00:00,True,False
2026-02-21 18:00:00+00:00,2026-02-23 14:00:00+00:00,2026-02-23 19:00:00,2,44,0.7150474588076273,3,2026-02-21 02:00:00+00:00,True,False
2026-02-21 18:00:00+00:00,2026-02-23 15:00:00+00:00,2026-02-23 20:00:00,2,45,0.7679499983787537,3,2026-02-21 03:00:00+00:00,True,False
2026-02-21 18:00:00+00:00,2026-02-23 16:00:00+00:00,2026-02-23 21:00:00,2,46,0.7575697501500448,3,2026-02-21 04:00:00+00:00,True,False
2026-02-21 18:00:00+00:00,2026-02-23 17:00:00+00:00,2026-02-23 22:00:00,2,47,0.8020120660463969,3,2026-02-21 05:00:00+00:00,True,False
2026-02-21 18:00:00+00:00,2026-02-23 18:00:00+00:00,2026-02-23 23:00:00,2,48,0.8166141708691915,3,2026-02-21 06:00:00+00:00,True,False
2026-02-22 18:00:00+00:00,2026-02-22 19:00:00+00:00,2026-02-23 00:00:00,1,1,0.05763609210650126,1,2026-02-22 07:00:00+00:00,True,False
2026-02-22 18:00:00+00:00,2026-02-22 20:00:00+00:00,2026-02-23 01:00:00,1,2,0.04076490054527918,1,2026-02-22 08:00:00+00:00,True,False
2026-02-22 18:00:00+00:00,2026-02-22 21:00:00+00:00,2026-02-23 02:00:00,1,3,0.032234346494078636,1,2026-02-22 09:00:00+00:00,True,False
2026-02-22 18:00:00+00:00,2026-02-22 22:00:00+00:00,2026-02-23 03:00:00,1,4,0.04122594433526198,1,2026-02-22 10:00:00+00:00,True,False
2026-02-22 18:00:00+00:00,2026-02-22 23:00:00+00:00,2026-02-23 04:00:00,1,5,0.022713279351592064,1,2026-02-22 11:00:00+00:00,True,False
2026-02-22 18:00:00+00:00,2026-02-23 00:00:00+00:00,2026-02-23 05:00:00,1,6,0.01848142345746358,1,2026-02-22 12:00:00+00:00,True,False
2026-02-22 18:00:00+00:00,2026-02-23 01:00:00+00:00,2026-02-23 06:00:00,1,7,0.02492697164416313,1,2026-02-22 13:00:00+00:00,True,False
2026-02-22 18:00:00+00:00,2026-02-23 02:00:00+00:00,2026-02-23 07:00:00,1,8,0.029147667189439137,1,2026-02-22 14:00:00+00:00,True,False
2026-02-22 18:00:00+00:00,2026-02-23 03:00:00+00:00,2026-02-23 08:00:00,1,9,0.030367093160748482,1,2026-02-22 15:00:00+00:00,True,False
2026-02-22 18:00:00+00:00,2026-02-23 04:00:00+00:00,2026-02-23 09:00:00,1,10,0.041622658570607506,1,2026-02-22 16:00:00+00:00,True,False
2026-02-22 18:00:00+00:00,2026-02-23 05:00:00+00:00,2026-02-23 10:00:00,1,11,0.03789279485742251,1,2026-02-22 17:00:00+00:00,True,False
2026-02-22 18:00:00+00:00,2026-02-23 06:00:00+00:00,2026-02-23 11:00:00,1,12,0.02643000738074382,1,2026-02-22 18:00:00+00:00,True,False
2026-02-22 18:00:00+00:00,2026-02-23 07:00:00+00:00,2026-02-23 12:00:00,1,13,0.06322569400072098,2,2026-02-21 19:00:00+00:00,True,False
2026-02-22 18:00:00+00:00,2026-02-23 08:00:00+00:00,2026-02-23 13:00:00,1,14,0.12336430946985881,2,2026-02-21 20:00:00+00:00,True,False
2026-02-22 18:00:00+00:00,2026-02-23 09:00:00+00:00,2026-02-23 14:00:00,1,15,0.1883747080961863,2,2026-02-21 21:00:00+00:00,True,False
2026-02-22 18:00:00+00:00,2026-02-23 10:00:00+00:00,2026-02-23 15:00:00,1,16,0.2239667773246765,2,2026-02-21 22:00:00+00:00,True,False
2026-02-22 18:00:00+00:00,2026-02-23 11:00:00+00:00,2026-02-23 16:00:00,1,17,0.4572694996992747,2,2026-02-21 23:00:00+00:00,True,False
2026-02-22 18:00:00+00:00,2026-02-23 12:00:00+00:00,2026-02-23 17:00:00,1,18,0.6954990824063619,2,2026-02-22 00:00:00+00:00,True,False
2026-02-22 18:00:00+00:00,2026-02-23 13:00:00+00:00,2026-02-23 18:00:00,1,19,0.7622538208961487,2,2026-02-22 01:00:00+00:00,True,False
2026-02-22 18:00:00+00:00,2026-02-23 14:00:00+00:00,2026-02-23 19:00:00,1,20,0.8636704683303833,2,2026-02-22 02:00:00+00:00,True,False
2026-02-22 18:00:00+00:00,2026-02-23 15:00:00+00:00,2026-02-23 20:00:00,1,21,0.9242270986239115,2,2026-02-22 03:00:00+00:00,True,False
2026-02-22 18:00:00+00:00,2026-02-23 16:00:00+00:00,2026-02-23 21:00:00,1,22,0.9465281168619791,2,2026-02-22 04:00:00+00:00,True,False
2026-02-22 18:00:00+00:00,2026-02-23 17:00:00+00:00,2026-02-23 22:00:00,1,23,0.9655388593673706,2,2026-02-22 05:00:00+00:00,True,False
2026-02-22 18:00:00+00:00,2026-02-23 18:00:00+00:00,2026-02-23 23:00:00,1,24,0.9642689426740011,2,2026-02-22 06:00:00+00:00,True,False
2026-02-22 18:00:00+00:00,2026-02-23 19:00:00+00:00,2026-02-24 00:00:00,1,25,0.9651362697283427,2,2026-02-22 07:00:00+00:00,True,False
2026-02-22 18:00:00+00:00,2026-02-23 20:00:00+00:00,2026-02-24 01:00:00,1,26,0.934452215830485,2,2026-02-22 08:00:00+00:00,True,False
2026-02-22 18:00:00+00:00,2026-02-23 21:00:00+00:00,2026-02-24 02:00:00,1,27,0.9022009571393331,2,2026-02-22 09:00:00+00:00,True,False
2026-02-22 18:00:00+00:00,2026-02-23 22:00:00+00:00,2026-02-24 03:00:00,1,28,0.9099509318669637,2,2026-02-22 10:00:00+00:00,True,False
2026-02-22 18:00:00+00:00,2026-02-23 23:00:00+00:00,2026-02-24 04:00:00,1,29,0.9254244963328043,2,2026-02-22 11:00:00+00:00,True,False
2026-02-22 18:00:00+00:00,2026-02-24 00:00:00+00:00,2026-02-24 05:00:00,1,30,0.7400827805201212,2,2026-02-22 12:00:00+00:00,True,False
2026-02-22 18:00:00+00:00,2026-02-24 01:00:00+00:00,2026-02-24 06:00:00,1,31,0.6627945701281229,2,2026-02-22 13:00:00+00:00,True,False
2026-02-22 18:00:00+00:00,2026-02-24 02:00:00+00:00,2026-02-24 07:00:00,1,32,0.5807740489641825,2,2026-02-22 14:00:00+00:00,True,False
2026-02-22 18:00:00+00:00,2026-02-24 03:00:00+00:00,2026-02-24 08:00:00,1,33,0.4873577356338501,2,2026-02-22 15:00:00+00:00,True,False
2026-02-22 18:00:00+00:00,2026-02-24 04:00:00+00:00,2026-02-24 09:00:00,1,34,0.41902461647987366,2,2026-02-22 16:00:00+00:00,True,False
2026-02-22 18:00:00+00:00,2026-02-24 05:00:00+00:00,2026-02-24 10:00:00,1,35,0.42691051959991455,2,2026-02-22 17:00:00+00:00,True,False
2026-02-22 18:00:00+00:00,2026-02-24 06:00:00+00:00,2026-02-24 11:00:00,1,36,0.6086210012435913,2,2026-02-22 18:00:00+00:00,True,False
2026-02-22 18:00:00+00:00,2026-02-24 07:00:00+00:00,2026-02-24 12:00:00,1,37,0.44378795226414997,3,2026-02-21 19:00:00+00:00,True,False
2026-02-22 18:00:00+00:00,2026-02-24 08:00:00+00:00,2026-02-24 13:00:00,1,38,0.49209533135096234,3,2026-02-21 20:00:00+00:00,True,False
2026-02-22 18:00:00+00:00,2026-02-24 09:00:00+00:00,2026-02-24 14:00:00,1,39,0.5541529953479767,3,2026-02-21 21:00:00+00:00,True,False
2026-02-22 18:00:00+00:00,2026-02-24 10:00:00+00:00,2026-02-24 15:00:00,1,40,0.6780473987261454,3,2026-02-21 22:00:00+00:00,True,False
2026-02-22 18:00:00+00:00,2026-02-24 11:00:00+00:00,2026-02-24 16:00:00,1,41,0.6836354533831278,3,2026-02-21 23:00:00+00:00,True,False
2026-02-22 18:00:00+00:00,2026-02-24 12:00:00+00:00,2026-02-24 17:00:00,1,42,0.23009630044301352,3,2026-02-22 00:00:00+00:00,True,False
2026-02-22 18:00:00+00:00,2026-02-24 13:00:00+00:00,2026-02-24 18:00:00,1,43,0.25834082067012787,3,2026-02-22 01:00:00+00:00,True,False
2026-02-22 18:00:00+00:00,2026-02-24 14:00:00+00:00,2026-02-24 19:00:00,1,44,0.20974714557329813,3,2026-02-22 02:00:00+00:00,True,False
2026-02-22 18:00:00+00:00,2026-02-24 15:00:00+00:00,2026-02-24 20:00:00,1,45,0.15201239039500555,3,2026-02-22 03:00:00+00:00,True,False
2026-02-22 18:00:00+00:00,2026-02-24 16:00:00+00:00,2026-02-24 21:00:00,1,46,0.10740418980518977,3,2026-02-22 04:00:00+00:00,True,False
2026-02-22 18:00:00+00:00,2026-02-24 17:00:00+00:00,2026-02-24 22:00:00,1,47,0.06689359247684479,3,2026-02-22 05:00:00+00:00,True,False
2026-02-22 18:00:00+00:00,2026-02-24 18:00:00+00:00,2026-02-24 23:00:00,1,48,0.0452152161548535,3,2026-02-22 06:00:00+00:00,True,False
2026-02-22 18:00:00+00:00,2026-02-22 19:00:00+00:00,2026-02-23 00:00:00,2,1,0.050116432209809623,1,2026-02-22 07:00:00+00:00,True,False
2026-02-22 18:00:00+00:00,2026-02-22 20:00:00+00:00,2026-02-23 01:00:00,2,2,0.03633716516196728,1,2026-02-22 08:00:00+00:00,True,False
2026-02-22 18:00:00+00:00,2026-02-22 21:00:00+00:00,2026-02-23 02:00:00,2,3,0.029702249293526013,1,2026-02-22 09:00:00+00:00,True,False
2026-02-22 18:00:00+00:00,2026-02-22 22:00:00+00:00,2026-02-23 03:00:00,2,4,0.03591509908437729,1,2026-02-22 10:00:00+00:00,True,False
2026-02-22 18:00:00+00:00,2026-02-22 23:00:00+00:00,2026-02-23 04:00:00,2,5,0.021364013043542702,1,2026-02-22 11:00:00+00:00,True,False
2026-02-22 18:00:00+00:00,2026-02-23 00:00:00+00:00,2026-02-23 05:00:00,2,6,0.016801411596437294,1,2026-02-22 12:00:00+00:00,True,False
2026-02-22 18:00:00+00:00,2026-02-23 01:00:00+00:00,2026-02-23 06:00:00,2,7,0.023336265857021015,1,2026-02-22 13:00:00+00:00,True,False
2026-02-22 18:00:00+00:00,2026-02-23 02:00:00+00:00,2026-02-23 07:00:00,2,8,0.027197526146968205,1,2026-02-22 14:00:00+00:00,True,False
2026-02-22 18:00:00+00:00,2026-02-23 03:00:00+00:00,2026-02-23 08:00:00,2,9,0.028134817257523537,1,2026-02-22 15:00:00+00:00,True,False
2026-02-22 18:00:00+00:00,2026-02-23 04:00:00+00:00,2026-02-23 09:00:00,2,10,0.03730479689935843,1,2026-02-22 16:00:00+00:00,True,False
2026-02-22 18:00:00+00:00,2026-02-23 05:00:00+00:00,2026-02-23 10:00:00,2,11,0.034645690893133484,1,2026-02-22 17:00:00+00:00,True,False
2026-02-22 18:00:00+00:00,2026-02-23 06:00:00+00:00,2026-02-23 11:00:00,2,12,0.025079786777496338,1,2026-02-22 18:00:00+00:00,True,False
2026-02-22 18:00:00+00:00,2026-02-23 07:00:00+00:00,2026-02-23 12:00:00,2,13,0.06151677295565605,2,2026-02-21 19:00:00+00:00,True,False
2026-02-22 18:00:00+00:00,2026-02-23 08:00:00+00:00,2026-02-23 13:00:00,2,14,0.11952899148066838,2,2026-02-21 20:00:00+00:00,True,False
2026-02-22 18:00:00+00:00,2026-02-23 09:00:00+00:00,2026-02-23 14:00:00,2,15,0.21686540047327676,2,2026-02-21 21:00:00+00:00,True,False
2026-02-22 18:00:00+00:00,2026-02-23 10:00:00+00:00,2026-02-23 15:00:00,2,16,0.2716064900159836,2,2026-02-21 22:00:00+00:00,True,False
2026-02-22 18:00:00+00:00,2026-02-23 11:00:00+00:00,2026-02-23 16:00:00,2,17,0.4800890286763509,2,2026-02-21 23:00:00+00:00,True,False
2026-02-22 18:00:00+00:00,2026-02-23 12:00:00+00:00,2026-02-23 17:00:00,2,18,0.6980445186297098,2,2026-02-22 00:00:00+00:00,True,False
2026-02-22 18:00:00+00:00,2026-02-23 13:00:00+00:00,2026-02-23 18:00:00,2,19,0.790584941705068,2,2026-02-22 01:00:00+00:00,True,False
2026-02-22 18:00:00+00:00,2026-02-23 14:00:00+00:00,2026-02-23 19:00:00,2,20,0.8706779678662618,2,2026-02-22 02:00:00+00:00,True,False
2026-02-22 18:00:00+00:00,2026-02-23 15:00:00+00:00,2026-02-23 20:00:00,2,21,0.9248528679211935,2,2026-02-22 03:00:00+00:00,True,False
2026-02-22 18:00:00+00:00,2026-02-23 16:00:00+00:00,2026-02-23 21:00:00,2,22,0.9477262496948242,2,2026-02-22 04:00:00+00:00,True,False
2026-02-22 18:00:00+00:00,2026-02-23 17:00:00+00:00,2026-02-23 22:00:00,2,23,0.9657390117645264,2,2026-02-22 05:00:00+00:00,True,False
2026-02-22 18:00:00+00:00,2026-02-23 18:00:00+00:00,2026-02-23 23:00:00,2,24,0.962316612402598,2,2026-02-22 06:00:00+00:00,True,False
2026-02-22 18:00:00+00:00,2026-02-23 19:00:00+00:00,2026-02-24 00:00:00,2,25,0.9623012145360311,2,2026-02-22 07:00:00+00:00,True,False
2026-02-22 18:00:00+00:00,2026-02-23 20:00:00+00:00,2026-02-24 01:00:00,2,26,0.9282912015914917,2,2026-02-22 08:00:00+00:00,True,False
2026-02-22 18:00:00+00:00,2026-02-23 21:00:00+00:00,2026-02-24 02:00:00,2,27,0.8889731764793396,2,2026-02-22 09:00:00+00:00,True,False
2026-02-22 18:00:00+00:00,2026-02-23 22:00:00+00:00,2026-02-24 03:00:00,2,28,0.8989607691764832,2,2026-02-22 10:00:00+00:00,True,False
2026-02-22 18:00:00+00:00,2026-02-23 23:00:00+00:00,2026-02-24 04:00:00,2,29,0.9152009089787801,2,2026-02-22 11:00:00+00:00,True,False
2026-02-22 18:00:00+00:00,2026-02-24 00:00:00+00:00,2026-02-24 05:00:00,2,30,0.7292272249857584,2,2026-02-22 12:00:00+00:00,True,False
2026-02-22 18:00:00+00:00,2026-02-24 01:00:00+00:00,2026-02-24 06:00:00,2,31,0.6569591363271078,2,2026-02-22 13:00:00+00:00,True,False
2026-02-22 18:00:00+00:00,2026-02-24 02:00:00+00:00,2026-02-24 07:00:00,2,32,0.5679997603098551,2,2026-02-22 14:00:00+00:00,True,False
2026-02-22 18:00:00+00:00,2026-02-24 03:00:00+00:00,2026-02-24 08:00:00,2,33,0.4785239001115163,2,2026-02-22 15:00:00+00:00,True,False
2026-02-22 18:00:00+00:00,2026-02-24 04:00:00+00:00,2026-02-24 09:00:00,2,34,0.4083816011746724,2,2026-02-22 16:00:00+00:00,True,False
2026-02-22 18:00:00+00:00,2026-02-24 05:00:00+00:00,2026-02-24 10:00:00,2,35,0.4049682021141052,2,2026-02-22 17:00:00+00:00,True,False
2026-02-22 18:00:00+00:00,2026-02-24 06:00:00+00:00,2026-02-24 11:00:00,2,36,0.5905893246332804,2,2026-02-22 18:00:00+00:00,True,False
2026-02-22 18:00:00+00:00,2026-02-24 07:00:00+00:00,2026-02-24 12:00:00,2,37,0.45503391822179157,3,2026-02-21 19:00:00+00:00,True,False
2026-02-22 18:00:00+00:00,2026-02-24 08:00:00+00:00,2026-02-24 13:00:00,2,38,0.5129469335079193,3,2026-02-21 20:00:00+00:00,True,False
2026-02-22 18:00:00+00:00,2026-02-24 09:00:00+00:00,2026-02-24 14:00:00,2,39,0.5569756329059601,3,2026-02-21 21:00:00+00:00,True,False
2026-02-22 18:00:00+00:00,2026-02-24 10:00:00+00:00,2026-02-24 15:00:00,2,40,0.680090049902598,3,2026-02-21 22:00:00+00:00,True,False
2026-02-22 18:00:00+00:00,2026-02-24 11:00:00+00:00,2026-02-24 16:00:00,2,41,0.6904060244560242,3,2026-02-21 23:00:00+00:00,True,False
2026-02-22 18:00:00+00:00,2026-02-24 12:00:00+00:00,2026-02-24 17:00:00,2,42,0.2249129960934321,3,2026-02-22 00:00:00+00:00,True,False
2026-02-22 18:00:00+00:00,2026-02-24 13:00:00+00:00,2026-02-24 18:00:00,2,43,0.2441591521104177,3,2026-02-22 01:00:00+00:00,True,False
2026-02-22 18:00:00+00:00,2026-02-24 14:00:00+00:00,2026-02-24 19:00:00,2,44,0.2027724285920461,3,2026-02-22 02:00:00+00:00,True,False
2026-02-22 18:00:00+00:00,2026-02-24 15:00:00+00:00,2026-02-24 20:00:00,2,45,0.15258885423342386,3,2026-02-22 03:00:00+00:00,True,False
2026-02-22 18:00:00+00:00,2026-02-24 16:00:00+00:00,2026-02-24 21:00:00,2,46,0.10945546130339305,3,2026-02-22 04:00:00+00:00,True,False
2026-02-22 18:00:00+00:00,2026-02-24 17:00:00+00:00,2026-02-24 22:00:00,2,47,0.0698280781507492,3,2026-02-22 05:00:00+00:00,True,False
2026-02-22 18:00:00+00:00,2026-02-24 18:00:00+00:00,2026-02-24 23:00:00,2,48,0.04235487493375937,3,2026-02-22 06:00:00+00:00,True,False
2026-02-23 18:00:00+00:00,2026-02-23 19:00:00+00:00,2026-02-24 00:00:00,1,1,0.9268270333607992,1,2026-02-23 07:00:00+00:00,True,False
2026-02-23 18:00:00+00:00,2026-02-23 20:00:00+00:00,2026-02-24 01:00:00,1,2,0.9559887647628784,1,2026-02-23 08:00:00+00:00,True,False
2026-02-23 18:00:00+00:00,2026-02-23 21:00:00+00:00,2026-02-24 02:00:00,1,3,0.9526374141375223,1,2026-02-23 09:00:00+00:00,True,False
2026-02-23 18:00:00+00:00,2026-02-23 22:00:00+00:00,2026-02-24 03:00:00,1,4,0.9415697455406189,1,2026-02-23 10:00:00+00:00,True,False
2026-02-23 18:00:00+00:00,2026-02-23 23:00:00+00:00,2026-02-24 04:00:00,1,5,0.9135574102401733,1,2026-02-23 11:00:00+00:00,True,False
2026-02-23 18:00:00+00:00,2026-02-24 00:00:00+00:00,2026-02-24 05:00:00,1,6,0.5570748845736185,1,2026-02-23 12:00:00+00:00,True,False
2026-02-23 18:00:00+00:00,2026-02-24 01:00:00+00:00,2026-02-24 06:00:00,1,7,0.4820541938145955,1,2026-02-23 13:00:00+00:00,True,False
2026-02-23 18:00:00+00:00,2026-02-24 02:00:00+00:00,2026-02-24 07:00:00,1,8,0.3897646764914195,1,2026-02-23 14:00:00+00:00,True,False
2026-02-23 18:00:00+00:00,2026-02-24 03:00:00+00:00,2026-02-24 08:00:00,1,9,0.32304872075716656,1,2026-02-23 15:00:00+00:00,True,False
2026-02-23 18:00:00+00:00,2026-02-24 04:00:00+00:00,2026-02-24 09:00:00,1,10,0.2916271984577179,1,2026-02-23 16:00:00+00:00,True,False
2026-02-23 18:00:00+00:00,2026-02-24 05:00:00+00:00,2026-02-24 10:00:00,1,11,0.34935004512468976,1,2026-02-23 17:00:00+00:00,True,False
2026-02-23 18:00:00+00:00,2026-02-24 06:00:00+00:00,2026-02-24 11:00:00,1,12,0.4415561060110728,1,2026-02-23 18:00:00+00:00,True,False
2026-02-23 18:00:00+00:00,2026-02-24 07:00:00+00:00,2026-02-24 12:00:00,1,13,0.6086088418960571,2,2026-02-22 19:00:00+00:00,True,False
2026-02-23 18:00:00+00:00,2026-02-24 08:00:00+00:00,2026-02-24 13:00:00,1,14,0.6533461809158325,2,2026-02-22 20:00:00+00:00,True,False
2026-02-23 18:00:00+00:00,2026-02-24 09:00:00+00:00,2026-02-24 14:00:00,1,15,0.7383280396461487,2,2026-02-22 21:00:00+00:00,True,False
2026-02-23 18:00:00+00:00,2026-02-24 10:00:00+00:00,2026-02-24 15:00:00,1,16,0.7946722507476807,2,2026-02-22 22:00:00+00:00,True,False
2026-02-23 18:00:00+00:00,2026-02-24 11:00:00+00:00,2026-02-24 16:00:00,1,17,0.7898903489112854,2,2026-02-22 23:00:00+00:00,True,False
2026-02-23 18:00:00+00:00,2026-02-24 12:00:00+00:00,2026-02-24 17:00:00,1,18,0.573419451713562,2,2026-02-23 00:00:00+00:00,True,False
2026-02-23 18:00:00+00:00,2026-02-24 13:00:00+00:00,2026-02-24 18:00:00,1,19,0.4887955884138743,2,2026-02-23 01:00:00+00:00,True,False
2026-02-23 18:00:00+00:00,2026-02-24 14:00:00+00:00,2026-02-24 19:00:00,1,20,0.4533039331436157,2,2026-02-23 02:00:00+00:00,True,False
2026-02-23 18:00:00+00:00,2026-02-24 15:00:00+00:00,2026-02-24 20:00:00,1,21,0.3809938232103984,2,2026-02-23 03:00:00+00:00,True,False
2026-02-23 18:00:00+00:00,2026-02-24 16:00:00+00:00,2026-02-24 21:00:00,1,22,0.3331822256247203,2,2026-02-23 04:00:00+00:00,True,False
2026-02-23 18:00:00+00:00,2026-02-24 17:00:00+00:00,2026-02-24 22:00:00,1,23,0.2093841334184011,2,2026-02-23 05:00:00+00:00,True,False
2026-02-23 18:00:00+00:00,2026-02-24 18:00:00+00:00,2026-02-24 23:00:00,1,24,0.06230387960871061,2,2026-02-23 06:00:00+00:00,True,False
2026-02-23 18:00:00+00:00,2026-02-24 19:00:00+00:00,2026-02-25 00:00:00,1,25,0.026615964559217293,2,2026-02-23 07:00:00+00:00,True,False
2026-02-23 18:00:00+00:00,2026-02-24 20:00:00+00:00,2026-02-25 01:00:00,1,26,0.01760170639803012,2,2026-02-23 08:00:00+00:00,True,False
2026-02-23 18:00:00+00:00,2026-02-24 21:00:00+00:00,2026-02-25 02:00:00,1,27,0.025651253138979275,2,2026-02-23 09:00:00+00:00,True,False
2026-02-23 18:00:00+00:00,2026-02-24 22:00:00+00:00,2026-02-25 03:00:00,1,28,0.035432787612080574,2,2026-02-23 10:00:00+00:00,True,False
2026-02-23 18:00:00+00:00,2026-02-24 23:00:00+00:00,2026-02-25 04:00:00,1,29,0.04033312574028969,2,2026-02-23 11:00:00+00:00,True,False
2026-02-23 18:00:00+00:00,2026-02-25 00:00:00+00:00,2026-02-25 05:00:00,1,30,0.029913521682222683,2,2026-02-23 12:00:00+00:00,True,False
2026-02-23 18:00:00+00:00,2026-02-25 01:00:00+00:00,2026-02-25 06:00:00,1,31,0.031845335538188614,2,2026-02-23 13:00:00+00:00,True,False
2026-02-23 18:00:00+00:00,2026-02-25 02:00:00+00:00,2026-02-25 07:00:00,1,32,0.037640572836001716,2,2026-02-23 14:00:00+00:00,True,False
2026-02-23 18:00:00+00:00,2026-02-25 03:00:00+00:00,2026-02-25 08:00:00,1,33,0.0679000752667586,2,2026-02-23 15:00:00+00:00,True,False
2026-02-23 18:00:00+00:00,2026-02-25 04:00:00+00:00,2026-02-25 09:00:00,1,34,0.10808282593886058,2,2026-02-23 16:00:00+00:00,True,False
2026-02-23 18:00:00+00:00,2026-02-25 05:00:00+00:00,2026-02-25 10:00:00,1,35,0.13851492603619894,2,2026-02-23 17:00:00+00:00,True,False
2026-02-23 18:00:00+00:00,2026-02-25 06:00:00+00:00,2026-02-25 11:00:00,1,36,0.3860604663689931,2,2026-02-23 18:00:00+00:00,True,False
2026-02-23 18:00:00+00:00,2026-02-25 07:00:00+00:00,2026-02-25 12:00:00,1,37,0.6892541249593099,3,2026-02-22 19:00:00+00:00,True,False
2026-02-23 18:00:00+00:00,2026-02-25 08:00:00+00:00,2026-02-25 13:00:00,1,38,0.6812070806821188,3,2026-02-22 20:00:00+00:00,True,False
2026-02-23 18:00:00+00:00,2026-02-25 09:00:00+00:00,2026-02-25 14:00:00,1,39,0.6921957532564799,3,2026-02-22 21:00:00+00:00,True,False
2026-02-23 18:00:00+00:00,2026-02-25 10:00:00+00:00,2026-02-25 15:00:00,1,40,0.5849177241325378,3,2026-02-22 22:00:00+00:00,True,False
2026-02-23 18:00:00+00:00,2026-02-25 11:00:00+00:00,2026-02-25 16:00:00,1,41,0.4606953561306,3,2026-02-22 23:00:00+00:00,True,False
2026-02-23 18:00:00+00:00,2026-02-25 12:00:00+00:00,2026-02-25 17:00:00,1,42,0.5838606953620911,3,2026-02-23 00:00:00+00:00,True,False
2026-02-23 18:00:00+00:00,2026-02-25 13:00:00+00:00,2026-02-25 18:00:00,1,43,0.6429025133450826,3,2026-02-23 01:00:00+00:00,True,False
2026-02-23 18:00:00+00:00,2026-02-25 14:00:00+00:00,2026-02-25 19:00:00,1,44,0.5438681244850159,3,2026-02-23 02:00:00+00:00,True,False
2026-02-23 18:00:00+00:00,2026-02-25 15:00:00+00:00,2026-02-25 20:00:00,1,45,0.4873073200384776,3,2026-02-23 03:00:00+00:00,True,False
2026-02-23 18:00:00+00:00,2026-02-25 16:00:00+00:00,2026-02-25 21:00:00,1,46,0.5867332220077515,3,2026-02-23 04:00:00+00:00,True,False
2026-02-23 18:00:00+00:00,2026-02-25 17:00:00+00:00,2026-02-25 22:00:00,1,47,0.6816208759943644,3,2026-02-23 05:00:00+00:00,True,False
2026-02-23 18:00:00+00:00,2026-02-25 18:00:00+00:00,2026-02-25 23:00:00,1,48,0.9650184909502665,3,2026-02-23 06:00:00+00:00,True,False
2026-02-23 18:00:00+00:00,2026-02-23 19:00:00+00:00,2026-02-24 00:00:00,2,1,0.9186920722325643,1,2026-02-23 07:00:00+00:00,True,False
2026-02-23 18:00:00+00:00,2026-02-23 20:00:00+00:00,2026-02-24 01:00:00,2,2,0.952838122844696,1,2026-02-23 08:00:00+00:00,True,False
2026-02-23 18:00:00+00:00,2026-02-23 21:00:00+00:00,2026-02-24 02:00:00,2,3,0.9479485551516215,1,2026-02-23 09:00:00+00:00,True,False
2026-02-23 18:00:00+00:00,2026-02-23 22:00:00+00:00,2026-02-24 03:00:00,2,4,0.9334691365559896,1,2026-02-23 10:00:00+00:00,True,False
2026-02-23 18:00:00+00:00,2026-02-23 23:00:00+00:00,2026-02-24 04:00:00,2,5,0.9002906680107117,1,2026-02-23 11:00:00+00:00,True,False
2026-02-23 18:00:00+00:00,2026-02-24 00:00:00+00:00,2026-02-24 05:00:00,2,6,0.5457143584887186,1,2026-02-23 12:00:00+00:00,True,False
2026-02-23 18:00:00+00:00,2026-02-24 01:00:00+00:00,2026-02-24 06:00:00,2,7,0.4642622172832489,1,2026-02-23 13:00:00+00:00,True,False
2026-02-23 18:00:00+00:00,2026-02-24 02:00:00+00:00,2026-02-24 07:00:00,2,8,0.3682725429534912,1,2026-02-23 14:00:00+00:00,True,False
2026-02-23 18:00:00+00:00,2026-02-24 03:00:00+00:00,2026-02-24 08:00:00,2,9,0.30614516139030457,1,2026-02-23 15:00:00+00:00,True,False
2026-02-23 18:00:00+00:00,2026-02-24 04:00:00+00:00,2026-02-24 09:00:00,2,10,0.2761862576007843,1,2026-02-23 16:00:00+00:00,True,False
2026-02-23 18:00:00+00:00,2026-02-24 05:00:00+00:00,2026-02-24 10:00:00,2,11,0.32370198766390484,1,2026-02-23 17:00:00+00:00,True,False
2026-02-23 18:00:00+00:00,2026-02-24 06:00:00+00:00,2026-02-24 11:00:00,2,12,0.41362930337587994,1,2026-02-23 18:00:00+00:00,True,False
2026-02-23 18:00:00+00:00,2026-02-24 07:00:00+00:00,2026-02-24 12:00:00,2,13,0.6049017310142517,2,2026-02-22 19:00:00+00:00,True,False
2026-02-23 18:00:00+00:00,2026-02-24 08:00:00+00:00,2026-02-24 13:00:00,2,14,0.6530317862828573,2,2026-02-22 20:00:00+00:00,True,False
2026-02-23 18:00:00+00:00,2026-02-24 09:00:00+00:00,2026-02-24 14:00:00,2,15,0.7315146525700887,2,2026-02-22 21:00:00+00:00,True,False
2026-02-23 18:00:00+00:00,2026-02-24 10:00:00+00:00,2026-02-24 15:00:00,2,16,0.7935055494308472,2,2026-02-22 22:00:00+00:00,True,False
2026-02-23 18:00:00+00:00,2026-02-24 11:00:00+00:00,2026-02-24 16:00:00,2,17,0.7879081964492798,2,2026-02-22 23:00:00+00:00,True,False
2026-02-23 18:00:00+00:00,2026-02-24 12:00:00+00:00,2026-02-24 17:00:00,2,18,0.558203379313151,2,2026-02-23 00:00:00+00:00,True,False
2026-02-23 18:00:00+00:00,2026-02-24 13:00:00+00:00,2026-02-24 18:00:00,2,19,0.4713379144668579,2,2026-02-23 01:00:00+00:00,True,False
2026-02-23 18:00:00+00:00,2026-02-24 14:00:00+00:00,2026-02-24 19:00:00,2,20,0.4495043953259786,2,2026-02-23 02:00:00+00:00,True,False
2026-02-23 18:00:00+00:00,2026-02-24 15:00:00+00:00,2026-02-24 20:00:00,2,21,0.36618973811467487,2,2026-02-23 03:00:00+00:00,True,False
2026-02-23 18:00:00+00:00,2026-02-24 16:00:00+00:00,2026-02-24 21:00:00,2,22,0.3097188671429952,2,2026-02-23 04:00:00+00:00,True,False
2026-02-23 18:00:00+00:00,2026-02-24 17:00:00+00:00,2026-02-24 22:00:00,2,23,0.20459928115208945,2,2026-02-23 05:00:00+00:00,True,False
2026-02-23 18:00:00+00:00,2026-02-24 18:00:00+00:00,2026-02-24 23:00:00,2,24,0.055726196616888046,2,2026-02-23 06:00:00+00:00,True,False
2026-02-23 18:00:00+00:00,2026-02-24 19:00:00+00:00,2026-02-25 00:00:00,2,25,0.023342160508036613,2,2026-02-23 07:00:00+00:00,True,False
2026-02-23 18:00:00+00:00,2026-02-24 20:00:00+00:00,2026-02-25 01:00:00,2,26,0.015079637213299671,2,2026-02-23 08:00:00+00:00,True,False
2026-02-23 18:00:00+00:00,2026-02-24 21:00:00+00:00,2026-02-25 02:00:00,2,27,0.02364861189077298,2,2026-02-23 09:00:00+00:00,True,False
2026-02-23 18:00:00+00:00,2026-02-24 22:00:00+00:00,2026-02-25 03:00:00,2,28,0.03143562190234661,2,2026-02-23 10:00:00+00:00,True,False
2026-02-23 18:00:00+00:00,2026-02-24 23:00:00+00:00,2026-02-25 04:00:00,2,29,0.03502632987995943,2,2026-02-23 11:00:00+00:00,True,False
2026-02-23 18:00:00+00:00,2026-02-25 00:00:00+00:00,2026-02-25 05:00:00,2,30,0.028208383669455845,2,2026-02-23 12:00:00+00:00,True,False
2026-02-23 18:00:00+00:00,2026-02-25 01:00:00+00:00,2026-02-25 06:00:00,2,31,0.030443741008639336,2,2026-02-23 13:00:00+00:00,True,False
2026-02-23 18:00:00+00:00,2026-02-25 02:00:00+00:00,2026-02-25 07:00:00,2,32,0.034739589939514794,2,2026-02-23 14:00:00+00:00,True,False
2026-02-23 18:00:00+00:00,2026-02-25 03:00:00+00:00,2026-02-25 08:00:00,2,33,0.06257697194814682,2,2026-02-23 15:00:00+00:00,True,False
2026-02-23 18:00:00+00:00,2026-02-25 04:00:00+00:00,2026-02-25 09:00:00,2,34,0.10695903499921162,2,2026-02-23 16:00:00+00:00,True,False
2026-02-23 18:00:00+00:00,2026-02-25 05:00:00+00:00,2026-02-25 10:00:00,2,35,0.13964726030826569,2,2026-02-23 17:00:00+00:00,True,False
2026-02-23 18:00:00+00:00,2026-02-25 06:00:00+00:00,2026-02-25 11:00:00,2,36,0.36582842469215393,2,2026-02-23 18:00:00+00:00,True,False
2026-02-23 18:00:00+00:00,2026-02-25 07:00:00+00:00,2026-02-25 12:00:00,2,37,0.6666162610054016,3,2026-02-22 19:00:00+00:00,True,False
2026-02-23 18:00:00+00:00,2026-02-25 08:00:00+00:00,2026-02-25 13:00:00,2,38,0.6573704282442728,3,2026-02-22 20:00:00+00:00,True,False
2026-02-23 18:00:00+00:00,2026-02-25 09:00:00+00:00,2026-02-25 14:00:00,2,39,0.669075071811676,3,2026-02-22 21:00:00+00:00,True,False
2026-02-23 18:00:00+00:00,2026-02-25 10:00:00+00:00,2026-02-25 15:00:00,2,40,0.5594946146011353,3,2026-02-22 22:00:00+00:00,True,False
2026-02-23 18:00:00+00:00,2026-02-25 11:00:00+00:00,2026-02-25 16:00:00,2,41,0.4509270389874776,3,2026-02-22 23:00:00+00:00,True,False
2026-02-23 18:00:00+00:00,2026-02-25 12:00:00+00:00,2026-02-25 17:00:00,2,42,0.578506867090861,3,2026-02-23 00:00:00+00:00,True,False
2026-02-23 18:00:00+00:00,2026-02-25 13:00:00+00:00,2026-02-25 18:00:00,2,43,0.6481366952260336,3,2026-02-23 01:00:00+00:00,True,False
2026-02-23 18:00:00+00:00,2026-02-25 14:00:00+00:00,2026-02-25 19:00:00,2,44,0.5730372865994772,3,2026-02-23 02:00:00+00:00,True,False
2026-02-23 18:00:00+00:00,2026-02-25 15:00:00+00:00,2026-02-25 20:00:00,2,45,0.5029075344403585,3,2026-02-23 03:00:00+00:00,True,False
2026-02-23 18:00:00+00:00,2026-02-25 16:00:00+00:00,2026-02-25 21:00:00,2,46,0.5964471499125162,3,2026-02-23 04:00:00+00:00,True,False
2026-02-23 18:00:00+00:00,2026-02-25 17:00:00+00:00,2026-02-25 22:00:00,2,47,0.6825932661692301,3,2026-02-23 05:00:00+00:00,True,False
2026-02-23 18:00:00+00:00,2026-02-25 18:00:00+00:00,2026-02-25 23:00:00,2,48,0.963425079981486,3,2026-02-23 06:00:00+00:00,True,False
2026-02-24 18:00:00+00:00,2026-02-24 19:00:00+00:00,2026-02-25 00:00:00,1,1,0.01491041916112105,1,2026-02-24 07:00:00+00:00,True,False
2026-02-24 18:00:00+00:00,2026-02-24 20:00:00+00:00,2026-02-25 01:00:00,1,2,0.018382640555500984,1,2026-02-24 08:00:00+00:00,True,False
2026-02-24 18:00:00+00:00,2026-02-24 21:00:00+00:00,2026-02-25 02:00:00,1,3,0.02515878590444724,1,2026-02-24 09:00:00+00:00,True,False
2026-02-24 18:00:00+00:00,2026-02-24 22:00:00+00:00,2026-02-25 03:00:00,1,4,0.01636336650699377,1,2026-02-24 10:00:00+00:00,True,False
2026-02-24 18:00:00+00:00,2026-02-24 23:00:00+00:00,2026-02-25 04:00:00,1,5,0.019979818413654964,1,2026-02-24 11:00:00+00:00,True,False
2026-02-24 18:00:00+00:00,2026-02-25 00:00:00+00:00,2026-02-25 05:00:00,1,6,0.018650094978511333,1,2026-02-24 12:00:00+00:00,True,False
2026-02-24 18:00:00+00:00,2026-02-25 01:00:00+00:00,2026-02-25 06:00:00,1,7,0.029856130480766296,1,2026-02-24 13:00:00+00:00,True,False
2026-02-24 18:00:00+00:00,2026-02-25 02:00:00+00:00,2026-02-25 07:00:00,1,8,0.03273250969747702,1,2026-02-24 14:00:00+00:00,True,False
2026-02-24 18:00:00+00:00,2026-02-25 03:00:00+00:00,2026-02-25 08:00:00,1,9,0.04197281909485658,1,2026-02-24 15:00:00+00:00,True,False
2026-02-24 18:00:00+00:00,2026-02-25 04:00:00+00:00,2026-02-25 09:00:00,1,10,0.033724160864949226,1,2026-02-24 16:00:00+00:00,True,False
2026-02-24 18:00:00+00:00,2026-02-25 05:00:00+00:00,2026-02-25 10:00:00,1,11,0.032370395958423615,1,2026-02-24 17:00:00+00:00,True,False
2026-02-24 18:00:00+00:00,2026-02-25 06:00:00+00:00,2026-02-25 11:00:00,1,12,0.022095840113858383,1,2026-02-24 18:00:00+00:00,True,False
2026-02-24 18:00:00+00:00,2026-02-25 07:00:00+00:00,2026-02-25 12:00:00,1,13,0.5159887472788492,2,2026-02-23 19:00:00+00:00,True,False
2026-02-24 18:00:00+00:00,2026-02-25 08:00:00+00:00,2026-02-25 13:00:00,1,14,0.4623857339223226,2,2026-02-23 20:00:00+00:00,True,False
2026-02-24 18:00:00+00:00,2026-02-25 09:00:00+00:00,2026-02-25 14:00:00,1,15,0.37598224480946857,2,2026-02-23 21:00:00+00:00,True,False
2026-02-24 18:00:00+00:00,2026-02-25 10:00:00+00:00,2026-02-25 15:00:00,1,16,0.36553021272023517,2,2026-02-23 22:00:00+00:00,True,False
2026-02-24 18:00:00+00:00,2026-02-25 11:00:00+00:00,2026-02-25 16:00:00,1,17,0.48464306195576984,2,2026-02-23 23:00:00+00:00,True,False
2026-02-24 18:00:00+00:00,2026-02-25 12:00:00+00:00,2026-02-25 17:00:00,1,18,0.2216721624135971,2,2026-02-24 00:00:00+00:00,True,False
2026-02-24 18:00:00+00:00,2026-02-25 13:00:00+00:00,2026-02-25 18:00:00,1,19,0.2436562478542328,2,2026-02-24 01:00:00+00:00,True,False
2026-02-24 18:00:00+00:00,2026-02-25 14:00:00+00:00,2026-02-25 19:00:00,1,20,0.18257704377174377,2,2026-02-24 02:00:00+00:00,True,False
2026-02-24 18:00:00+00:00,2026-02-25 15:00:00+00:00,2026-02-25 20:00:00,1,21,0.3037248949209849,2,2026-02-24 03:00:00+00:00,True,False
2026-02-24 18:00:00+00:00,2026-02-25 16:00:00+00:00,2026-02-25 21:00:00,1,22,0.7759341597557068,2,2026-02-24 04:00:00+00:00,True,False
2026-02-24 18:00:00+00:00,2026-02-25 17:00:00+00:00,2026-02-25 22:00:00,1,23,0.876473863919576,2,2026-02-24 05:00:00+00:00,True,False
2026-02-24 18:00:00+00:00,2026-02-25 18:00:00+00:00,2026-02-25 23:00:00,1,24,0.8083588282267252,2,2026-02-24 06:00:00+00:00,True,False
2026-02-24 18:00:00+00:00,2026-02-25 19:00:00+00:00,2026-02-26 00:00:00,1,25,0.87016628185908,2,2026-02-24 07:00:00+00:00,True,False
2026-02-24 18:00:00+00:00,2026-02-25 20:00:00+00:00,2026-02-26 01:00:00,1,26,0.892081101735433,2,2026-02-24 08:00:00+00:00,True,False
2026-02-24 18:00:00+00:00,2026-02-25 21:00:00+00:00,2026-02-26 02:00:00,1,27,0.9044720729192098,2,2026-02-24 09:00:00+00:00,True,False
2026-02-24 18:00:00+00:00,2026-02-25 22:00:00+00:00,2026-02-26 03:00:00,1,28,0.9288482069969177,2,2026-02-24 10:00:00+00:00,True,False
2026-02-24 18:00:00+00:00,2026-02-25 23:00:00+00:00,2026-02-26 04:00:00,1,29,0.8974497119585673,2,2026-02-24 11:00:00+00:00,True,False
2026-02-24 18:00:00+00:00,2026-02-26 00:00:00+00:00,2026-02-26 05:00:00,1,30,0.8200199206670126,2,2026-02-24 12:00:00+00:00,True,False
2026-02-24 18:00:00+00:00,2026-02-26 01:00:00+00:00,2026-02-26 06:00:00,1,31,0.6021933654944102,2,2026-02-24 13:00:00+00:00,True,False
2026-02-24 18:00:00+00:00,2026-02-26 02:00:00+00:00,2026-02-26 07:00:00,1,32,0.20933329065640768,2,2026-02-24 14:00:00+00:00,True,False
2026-02-24 18:00:00+00:00,2026-02-26 03:00:00+00:00,2026-02-26 08:00:00,1,33,0.33149632811546326,2,2026-02-24 15:00:00+00:00,True,False
2026-02-24 18:00:00+00:00,2026-02-26 04:00:00+00:00,2026-02-26 09:00:00,1,34,0.32848020394643146,2,2026-02-24 16:00:00+00:00,True,False
2026-02-24 18:00:00+00:00,2026-02-26 05:00:00+00:00,2026-02-26 10:00:00,1,35,0.08251898114879926,2,2026-02-24 17:00:00+00:00,True,False
2026-02-24 18:00:00+00:00,2026-02-26 06:00:00+00:00,2026-02-26 11:00:00,1,36,0.07011912018060684,2,2026-02-24 18:00:00+00:00,True,False
2026-02-24 18:00:00+00:00,2026-02-26 07:00:00+00:00,2026-02-26 12:00:00,1,37,0.09592706337571144,3,2026-02-23 19:00:00+00:00,True,False
2026-02-24 18:00:00+00:00,2026-02-26 08:00:00+00:00,2026-02-26 13:00:00,1,38,0.12674777458111444,3,2026-02-23 20:00:00+00:00,True,False
2026-02-24 18:00:00+00:00,2026-02-26 09:00:00+00:00,2026-02-26 14:00:00,1,39,0.39279107252756756,3,2026-02-23 21:00:00+00:00,True,False
2026-02-24 18:00:00+00:00,2026-02-26 10:00:00+00:00,2026-02-26 15:00:00,1,40,0.3721044957637787,3,2026-02-23 22:00:00+00:00,True,False
2026-02-24 18:00:00+00:00,2026-02-26 11:00:00+00:00,2026-02-26 16:00:00,1,41,0.5362284779548645,3,2026-02-23 23:00:00+00:00,True,False
2026-02-24 18:00:00+00:00,2026-02-26 12:00:00+00:00,2026-02-26 17:00:00,1,42,0.645601749420166,3,2026-02-24 00:00:00+00:00,True,False
2026-02-24 18:00:00+00:00,2026-02-26 13:00:00+00:00,2026-02-26 18:00:00,1,43,0.6712763706843058,3,2026-02-24 01:00:00+00:00,True,False
2026-02-24 18:00:00+00:00,2026-02-26 14:00:00+00:00,2026-02-26 19:00:00,1,44,0.804125984509786,3,2026-02-24 02:00:00+00:00,True,False
2026-02-24 18:00:00+00:00,2026-02-26 15:00:00+00:00,2026-02-26 20:00:00,1,45,0.8726663986841837,3,2026-02-24 03:00:00+00:00,True,False
2026-02-24 18:00:00+00:00,2026-02-26 16:00:00+00:00,2026-02-26 21:00:00,1,46,0.8207436005274454,3,2026-02-24 04:00:00+00:00,True,False
2026-02-24 18:00:00+00:00,2026-02-26 17:00:00+00:00,2026-02-26 22:00:00,1,47,0.6594196955362955,3,2026-02-24 05:00:00+00:00,True,False
2026-02-24 18:00:00+00:00,2026-02-26 18:00:00+00:00,2026-02-26 23:00:00,1,48,0.564183751742045,3,2026-02-24 06:00:00+00:00,True,False
2026-02-24 18:00:00+00:00,2026-02-24 19:00:00+00:00,2026-02-25 00:00:00,2,1,0.013670738320797682,1,2026-02-24 07:00:00+00:00,True,False
2026-02-24 18:00:00+00:00,2026-02-24 20:00:00+00:00,2026-02-25 01:00:00,2,2,0.015578009964277348,1,2026-02-24 08:00:00+00:00,True,False
2026-02-24 18:00:00+00:00,2026-02-24 21:00:00+00:00,2026-02-25 02:00:00,2,3,0.023263604069749515,1,2026-02-24 09:00:00+00:00,True,False
2026-02-24 18:00:00+00:00,2026-02-24 22:00:00+00:00,2026-02-25 03:00:00,2,4,0.015030250263710817,1,2026-02-24 10:00:00+00:00,True,False
2026-02-24 18:00:00+00:00,2026-02-24 23:00:00+00:00,2026-02-25 04:00:00,2,5,0.018581929616630077,1,2026-02-24 11:00:00+00:00,True,False
2026-02-24 18:00:00+00:00,2026-02-25 00:00:00+00:00,2026-02-25 05:00:00,2,6,0.016629217037310202,1,2026-02-24 12:00:00+00:00,True,False
2026-02-24 18:00:00+00:00,2026-02-25 01:00:00+00:00,2026-02-25 06:00:00,2,7,0.026450537766019504,1,2026-02-24 13:00:00+00:00,True,False
2026-02-24 18:00:00+00:00,2026-02-25 02:00:00+00:00,2026-02-25 07:00:00,2,8,0.029360953718423843,1,2026-02-24 14:00:00+00:00,True,False
2026-02-24 18:00:00+00:00,2026-02-25 03:00:00+00:00,2026-02-25 08:00:00,2,9,0.039009047051270805,1,2026-02-24 15:00:00+00:00,True,False
2026-02-24 18:00:00+00:00,2026-02-25 04:00:00+00:00,2026-02-25 09:00:00,2,10,0.0316592405239741,1,2026-02-24 16:00:00+00:00,True,False
2026-02-24 18:00:00+00:00,2026-02-25 05:00:00+00:00,2026-02-25 10:00:00,2,11,0.030045271540681522,1,2026-02-24 17:00:00+00:00,True,False
2026-02-24 18:00:00+00:00,2026-02-25 06:00:00+00:00,2026-02-25 11:00:00,2,12,0.02077869139611721,1,2026-02-24 18:00:00+00:00,True,False
2026-02-24 18:00:00+00:00,2026-02-25 07:00:00+00:00,2026-02-25 12:00:00,2,13,0.4912858804066976,2,2026-02-23 19:00:00+00:00,True,False
2026-02-24 18:00:00+00:00,2026-02-25 08:00:00+00:00,2026-02-25 13:00:00,2,14,0.43911997477213544,2,2026-02-23 20:00:00+00:00,True,False
2026-02-24 18:00:00+00:00,2026-02-25 09:00:00+00:00,2026-02-25 14:00:00,2,15,0.3463754852612813,2,2026-02-23 21:00:00+00:00,True,False
2026-02-24 18:00:00+00:00,2026-02-25 10:00:00+00:00,2026-02-25 15:00:00,2,16,0.3275472621122996,2,2026-02-23 22:00:00+00:00,True,False
2026-02-24 18:00:00+00:00,2026-02-25 11:00:00+00:00,2026-02-25 16:00:00,2,17,0.41292791565259296,2,2026-02-23 23:00:00+00:00,True,False
2026-02-24 18:00:00+00:00,2026-02-25 12:00:00+00:00,2026-02-25 17:00:00,2,18,0.1786574125289917,2,2026-02-24 00:00:00+00:00,True,False
2026-02-24 18:00:00+00:00,2026-02-25 13:00:00+00:00,2026-02-25 18:00:00,2,19,0.21462630232175192,2,2026-02-24 01:00:00+00:00,True,False
2026-02-24 18:00:00+00:00,2026-02-25 14:00:00+00:00,2026-02-25 19:00:00,2,20,0.15225823720296225,2,2026-02-24 02:00:00+00:00,True,False
2026-02-24 18:00:00+00:00,2026-02-25 15:00:00+00:00,2026-02-25 20:00:00,2,21,0.24628003935019174,2,2026-02-24 03:00:00+00:00,True,False
2026-02-24 18:00:00+00:00,2026-02-25 16:00:00+00:00,2026-02-25 21:00:00,2,22,0.7559990485509237,2,2026-02-24 04:00:00+00:00,True,False
2026-02-24 18:00:00+00:00,2026-02-25 17:00:00+00:00,2026-02-25 22:00:00,2,23,0.8671721816062927,2,2026-02-24 05:00:00+00:00,True,False
2026-02-24 18:00:00+00:00,2026-02-25 18:00:00+00:00,2026-02-25 23:00:00,2,24,0.7891478737195333,2,2026-02-24 06:00:00+00:00,True,False
2026-02-24 18:00:00+00:00,2026-02-25 19:00:00+00:00,2026-02-26 00:00:00,2,25,0.8543933629989624,2,2026-02-24 07:00:00+00:00,True,False
2026-02-24 18:00:00+00:00,2026-02-25 20:00:00+00:00,2026-02-26 01:00:00,2,26,0.8741239507993063,2,2026-02-24 08:00:00+00:00,True,False
2026-02-24 18:00:00+00:00,2026-02-25 21:00:00+00:00,2026-02-26 02:00:00,2,27,0.8914868831634521,2,2026-02-24 09:00:00+00:00,True,False
2026-02-24 18:00:00+00:00,2026-02-25 22:00:00+00:00,2026-02-26 03:00:00,2,28,0.9179839889208475,2,2026-02-24 10:00:00+00:00,True,False
2026-02-24 18:00:00+00:00,2026-02-25 23:00:00+00:00,2026-02-26 04:00:00,2,29,0.8767329454421997,2,2026-02-24 11:00:00+00:00,True,False
2026-02-24 18:00:00+00:00,2026-02-26 00:00:00+00:00,2026-02-26 05:00:00,2,30,0.7808764576911926,2,2026-02-24 12:00:00+00:00,True,False
2026-02-24 18:00:00+00:00,2026-02-26 01:00:00+00:00,2026-02-26 06:00:00,2,31,0.5353530844052633,2,2026-02-24 13:00:00+00:00,True,False
2026-02-24 18:00:00+00:00,2026-02-26 02:00:00+00:00,2026-02-26 07:00:00,2,32,0.18886879086494446,2,2026-02-24 14:00:00+00:00,True,False
2026-02-24 18:00:00+00:00,2026-02-26 03:00:00+00:00,2026-02-26 08:00:00,2,33,0.31263604760169983,2,2026-02-24 15:00:00+00:00,True,False
2026-02-24 18:00:00+00:00,2026-02-26 04:00:00+00:00,2026-02-26 09:00:00,2,34,0.3195593059062958,2,2026-02-24 16:00:00+00:00,True,False
2026-02-24 18:00:00+00:00,2026-02-26 05:00:00+00:00,2026-02-26 10:00:00,2,35,0.07983248680830002,2,2026-02-24 17:00:00+00:00,True,False
2026-02-24 18:00:00+00:00,2026-02-26 06:00:00+00:00,2026-02-26 11:00:00,2,36,0.06849322840571404,2,2026-02-24 18:00:00+00:00,True,False
2026-02-24 18:00:00+00:00,2026-02-26 07:00:00+00:00,2026-02-26 12:00:00,2,37,0.09401945769786835,3,2026-02-23 19:00:00+00:00,True,False
2026-02-24 18:00:00+00:00,2026-02-26 08:00:00+00:00,2026-02-26 13:00:00,2,38,0.13080032169818878,3,2026-02-23 20:00:00+00:00,True,False
2026-02-24 18:00:00+00:00,2026-02-26 09:00:00+00:00,2026-02-26 14:00:00,2,39,0.4048161009947459,3,2026-02-23 21:00:00+00:00,True,False
2026-02-24 18:00:00+00:00,2026-02-26 10:00:00+00:00,2026-02-26 15:00:00,2,40,0.40577902396519977,3,2026-02-23 22:00:00+00:00,True,False
2026-02-24 18:00:00+00:00,2026-02-26 11:00:00+00:00,2026-02-26 16:00:00,2,41,0.535480280717214,3,2026-02-23 23:00:00+00:00,True,False
2026-02-24 18:00:00+00:00,2026-02-26 12:00:00+00:00,2026-02-26 17:00:00,2,42,0.6418478687604269,3,2026-02-24 00:00:00+00:00,True,False
2026-02-24 18:00:00+00:00,2026-02-26 13:00:00+00:00,2026-02-26 18:00:00,2,43,0.6664019028345743,3,2026-02-24 01:00:00+00:00,True,False
2026-02-24 18:00:00+00:00,2026-02-26 14:00:00+00:00,2026-02-26 19:00:00,2,44,0.8205755551656088,3,2026-02-24 02:00:00+00:00,True,False
2026-02-24 18:00:00+00:00,2026-02-26 15:00:00+00:00,2026-02-26 20:00:00,2,45,0.8886427481969198,3,2026-02-24 03:00:00+00:00,True,False
2026-02-24 18:00:00+00:00,2026-02-26 16:00:00+00:00,2026-02-26 21:00:00,2,46,0.834202249844869,3,2026-02-24 04:00:00+00:00,True,False
2026-02-24 18:00:00+00:00,2026-02-26 17:00:00+00:00,2026-02-26 22:00:00,2,47,0.6720240513483683,3,2026-02-24 05:00:00+00:00,True,False
2026-02-24 18:00:00+00:00,2026-02-26 18:00:00+00:00,2026-02-26 23:00:00,2,48,0.5653321743011475,3,2026-02-24 06:00:00+00:00,True,False
2026-02-25 18:00:00+00:00,2026-02-25 19:00:00+00:00,2026-02-26 00:00:00,1,1,0.7663144469261169,1,2026-02-25 07:00:00+00:00,True,False
2026-02-25 18:00:00+00:00,2026-02-25 20:00:00+00:00,2026-02-26 01:00:00,1,2,0.7293499310811361,1,2026-02-25 08:00:00+00:00,True,False
2026-02-25 18:00:00+00:00,2026-02-25 21:00:00+00:00,2026-02-26 02:00:00,1,3,0.6777398387591044,1,2026-02-25 09:00:00+00:00,True,False
2026-02-25 18:00:00+00:00,2026-02-25 22:00:00+00:00,2026-02-26 03:00:00,1,4,0.8958040674527487,1,2026-02-25 10:00:00+00:00,True,False
2026-02-25 18:00:00+00:00,2026-02-25 23:00:00+00:00,2026-02-26 04:00:00,1,5,0.8590988715489706,1,2026-02-25 11:00:00+00:00,True,False
2026-02-25 18:00:00+00:00,2026-02-26 00:00:00+00:00,2026-02-26 05:00:00,1,6,0.892564594745636,1,2026-02-25 12:00:00+00:00,True,False
2026-02-25 18:00:00+00:00,2026-02-26 01:00:00+00:00,2026-02-26 06:00:00,1,7,0.7780163884162903,1,2026-02-25 13:00:00+00:00,True,False
2026-02-25 18:00:00+00:00,2026-02-26 02:00:00+00:00,2026-02-26 07:00:00,1,8,0.7001614967981974,1,2026-02-25 14:00:00+00:00,True,False
2026-02-25 18:00:00+00:00,2026-02-26 03:00:00+00:00,2026-02-26 08:00:00,1,9,0.17559652278820673,1,2026-02-25 15:00:00+00:00,True,False
2026-02-25 18:00:00+00:00,2026-02-26 04:00:00+00:00,2026-02-26 09:00:00,1,10,0.03635745060940584,1,2026-02-25 16:00:00+00:00,True,False
2026-02-25 18:00:00+00:00,2026-02-26 05:00:00+00:00,2026-02-26 10:00:00,1,11,0.2556517869234085,1,2026-02-25 17:00:00+00:00,True,False
2026-02-25 18:00:00+00:00,2026-02-26 06:00:00+00:00,2026-02-26 11:00:00,1,12,0.2864544490973155,1,2026-02-25 18:00:00+00:00,True,False
2026-02-25 18:00:00+00:00,2026-02-26 07:00:00+00:00,2026-02-26 12:00:00,1,13,0.045736209178964295,2,2026-02-24 19:00:00+00:00,True,False
2026-02-25 18:00:00+00:00,2026-02-26 08:00:00+00:00,2026-02-26 13:00:00,1,14,0.10908122112353642,2,2026-02-24 20:00:00+00:00,True,False
2026-02-25 18:00:00+00:00,2026-02-26 09:00:00+00:00,2026-02-26 14:00:00,1,15,0.1077848511437575,2,2026-02-24 21:00:00+00:00,True,False
2026-02-25 18:00:00+00:00,2026-02-26 10:00:00+00:00,2026-02-26 15:00:00,1,16,0.238449697693189,2,2026-02-24 22:00:00+00:00,True,False
2026-02-25 18:00:00+00:00,2026-02-26 11:00:00+00:00,2026-02-26 16:00:00,1,17,0.30305307110150653,2,2026-02-24 23:00:00+00:00,True,False
2026-02-25 18:00:00+00:00,2026-02-26 12:00:00+00:00,2026-02-26 17:00:00,1,18,0.34601500630378723,2,2026-02-25 00:00:00+00:00,True,False
2026-02-25 18:00:00+00:00,2026-02-26 13:00:00+00:00,2026-02-26 18:00:00,1,19,0.3574183980623881,2,2026-02-25 01:00:00+00:00,True,False
2026-02-25 18:00:00+00:00,2026-02-26 14:00:00+00:00,2026-02-26 19:00:00,1,20,0.5042044023672739,2,2026-02-25 02:00:00+00:00,True,False
2026-02-25 18:00:00+00:00,2026-02-26 15:00:00+00:00,2026-02-26 20:00:00,1,21,0.6630323727925619,2,2026-02-25 03:00:00+00:00,True,False
2026-02-25 18:00:00+00:00,2026-02-26 16:00:00+00:00,2026-02-26 21:00:00,1,22,0.7839279572168986,2,2026-02-25 04:00:00+00:00,True,False
2026-02-25 18:00:00+00:00,2026-02-26 17:00:00+00:00,2026-02-26 22:00:00,1,23,0.7660292188326517,2,2026-02-25 05:00:00+00:00,True,False
2026-02-25 18:00:00+00:00,2026-02-26 18:00:00+00:00,2026-02-26 23:00:00,1,24,0.8684192101160685,2,2026-02-25 06:00:00+00:00,True,False
2026-02-25 18:00:00+00:00,2026-02-26 19:00:00+00:00,2026-02-27 00:00:00,1,25,0.8585885365804037,2,2026-02-25 07:00:00+00:00,True,False
2026-02-25 18:00:00+00:00,2026-02-26 20:00:00+00:00,2026-02-27 01:00:00,1,26,0.8589696486790975,2,2026-02-25 08:00:00+00:00,True,False
2026-02-25 18:00:00+00:00,2026-02-26 21:00:00+00:00,2026-02-27 02:00:00,1,27,0.8762511213620504,2,2026-02-25 09:00:00+00:00,True,False
2026-02-25 18:00:00+00:00,2026-02-26 22:00:00+00:00,2026-02-27 03:00:00,1,28,0.8529852231343588,2,2026-02-25 10:00:00+00:00,True,False
2026-02-25 18:00:00+00:00,2026-02-26 23:00:00+00:00,2026-02-27 04:00:00,1,29,0.8161604603131613,2,2026-02-25 11:00:00+00:00,True,False
2026-02-25 18:00:00+00:00,2026-02-27 00:00:00+00:00,2026-02-27 05:00:00,1,30,0.4360613326231639,2,2026-02-25 12:00:00+00:00,True,False
2026-02-25 18:00:00+00:00,2026-02-27 01:00:00+00:00,2026-02-27 06:00:00,1,31,0.2898707886536916,2,2026-02-25 13:00:00+00:00,True,False
2026-02-25 18:00:00+00:00,2026-02-27 02:00:00+00:00,2026-02-27 07:00:00,1,32,0.2285491575797399,2,2026-02-25 14:00:00+00:00,True,False
2026-02-25 18:00:00+00:00,2026-02-27 03:00:00+00:00,2026-02-27 08:00:00,1,33,0.16301101446151733,2,2026-02-25 15:00:00+00:00,True,False
2026-02-25 18:00:00+00:00,2026-02-27 04:00:00+00:00,2026-02-27 09:00:00,1,34,0.08488158633311589,2,2026-02-25 16:00:00+00:00,True,False
2026-02-25 18:00:00+00:00,2026-02-27 05:00:00+00:00,2026-02-27 10:00:00,1,35,0.07129223148028056,2,2026-02-25 17:00:00+00:00,True,False
2026-02-25 18:00:00+00:00,2026-02-27 06:00:00+00:00,2026-02-27 11:00:00,1,36,0.08551503097017606,2,2026-02-25 18:00:00+00:00,True,False
2026-02-25 18:00:00+00:00,2026-02-27 07:00:00+00:00,2026-02-27 12:00:00,1,37,0.22600658237934113,3,2026-02-24 19:00:00+00:00,True,False
2026-02-25 18:00:00+00:00,2026-02-27 08:00:00+00:00,2026-02-27 13:00:00,1,38,0.3287343978881836,3,2026-02-24 20:00:00+00:00,True,False
2026-02-25 18:00:00+00:00,2026-02-27 09:00:00+00:00,2026-02-27 14:00:00,1,39,0.6075255870819092,3,2026-02-24 21:00:00+00:00,True,False
2026-02-25 18:00:00+00:00,2026-02-27 10:00:00+00:00,2026-02-27 15:00:00,1,40,0.819025715192159,3,2026-02-24 22:00:00+00:00,True,False
2026-02-25 18:00:00+00:00,2026-02-27 11:00:00+00:00,2026-02-27 16:00:00,1,41,0.9107286135355631,3,2026-02-24 23:00:00+00:00,True,False
2026-02-25 18:00:00+00:00,2026-02-27 12:00:00+00:00,2026-02-27 17:00:00,1,42,0.9199607769648234,3,2026-02-25 00:00:00+00:00,True,False
2026-02-25 18:00:00+00:00,2026-02-27 13:00:00+00:00,2026-02-27 18:00:00,1,43,0.9252104163169861,3,2026-02-25 01:00:00+00:00,True,False
2026-02-25 18:00:00+00:00,2026-02-27 14:00:00+00:00,2026-02-27 19:00:00,1,44,0.944012463092804,3,2026-02-25 02:00:00+00:00,True,False
2026-02-25 18:00:00+00:00,2026-02-27 15:00:00+00:00,2026-02-27 20:00:00,1,45,0.9600159923235575,3,2026-02-25 03:00:00+00:00,True,False
2026-02-25 18:00:00+00:00,2026-02-27 16:00:00+00:00,2026-02-27 21:00:00,1,46,0.9706318775812784,3,2026-02-25 04:00:00+00:00,True,False
2026-02-25 18:00:00+00:00,2026-02-27 17:00:00+00:00,2026-02-27 22:00:00,1,47,0.9742194811503092,3,2026-02-25 05:00:00+00:00,True,False
2026-02-25 18:00:00+00:00,2026-02-27 18:00:00+00:00,2026-02-27 23:00:00,1,48,0.6179172794024149,3,2026-02-25 06:00:00+00:00,True,False
2026-02-25 18:00:00+00:00,2026-02-25 19:00:00+00:00,2026-02-26 00:00:00,2,1,0.7135645945866903,1,2026-02-25 07:00:00+00:00,True,False
2026-02-25 18:00:00+00:00,2026-02-25 20:00:00+00:00,2026-02-26 01:00:00,2,2,0.6748182972272238,1,2026-02-25 08:00:00+00:00,True,False
2026-02-25 18:00:00+00:00,2026-02-25 21:00:00+00:00,2026-02-26 02:00:00,2,3,0.6163550416628519,1,2026-02-25 09:00:00+00:00,True,False
2026-02-25 18:00:00+00:00,2026-02-25 22:00:00+00:00,2026-02-26 03:00:00,2,4,0.8643139402071635,1,2026-02-25 10:00:00+00:00,True,False
2026-02-25 18:00:00+00:00,2026-02-25 23:00:00+00:00,2026-02-26 04:00:00,2,5,0.8178395628929138,1,2026-02-25 11:00:00+00:00,True,False
2026-02-25 18:00:00+00:00,2026-02-26 00:00:00+00:00,2026-02-26 05:00:00,2,6,0.8640148440996805,1,2026-02-25 12:00:00+00:00,True,False
2026-02-25 18:00:00+00:00,2026-02-26 01:00:00+00:00,2026-02-26 06:00:00,2,7,0.7136122385660807,1,2026-02-25 13:00:00+00:00,True,False
2026-02-25 18:00:00+00:00,2026-02-26 02:00:00+00:00,2026-02-26 07:00:00,2,8,0.6480900247891744,1,2026-02-25 14:00:00+00:00,True,False
2026-02-25 18:00:00+00:00,2026-02-26 03:00:00+00:00,2026-02-26 08:00:00,2,9,0.15706060578425726,1,2026-02-25 15:00:00+00:00,True,False
2026-02-25 18:00:00+00:00,2026-02-26 04:00:00+00:00,2026-02-26 09:00:00,2,10,0.033555674677093826,1,2026-02-25 16:00:00+00:00,True,False
2026-02-25 18:00:00+00:00,2026-02-26 05:00:00+00:00,2026-02-26 10:00:00,2,11,0.26821700235207874,1,2026-02-25 17:00:00+00:00,True,False
2026-02-25 18:00:00+00:00,2026-02-26 06:00:00+00:00,2026-02-26 11:00:00,2,12,0.315004160006841,1,2026-02-25 18:00:00+00:00,True,False
2026-02-25 18:00:00+00:00,2026-02-26 07:00:00+00:00,2026-02-26 12:00:00,2,13,0.04167604818940163,2,2026-02-24 19:00:00+00:00,True,False
2026-02-25 18:00:00+00:00,2026-02-26 08:00:00+00:00,2026-02-26 13:00:00,2,14,0.11850191404422124,2,2026-02-24 20:00:00+00:00,True,False
2026-02-25 18:00:00+00:00,2026-02-26 09:00:00+00:00,2026-02-26 14:00:00,2,15,0.10168472056587537,2,2026-02-24 21:00:00+00:00,True,False
2026-02-25 18:00:00+00:00,2026-02-26 10:00:00+00:00,2026-02-26 15:00:00,2,16,0.2386308213075002,2,2026-02-24 22:00:00+00:00,True,False
2026-02-25 18:00:00+00:00,2026-02-26 11:00:00+00:00,2026-02-26 16:00:00,2,17,0.3105523685614268,2,2026-02-24 23:00:00+00:00,True,False
2026-02-25 18:00:00+00:00,2026-02-26 12:00:00+00:00,2026-02-26 17:00:00,2,18,0.35072333614031476,2,2026-02-25 00:00:00+00:00,True,False
2026-02-25 18:00:00+00:00,2026-02-26 13:00:00+00:00,2026-02-26 18:00:00,2,19,0.3644062280654907,2,2026-02-25 01:00:00+00:00,True,False
2026-02-25 18:00:00+00:00,2026-02-26 14:00:00+00:00,2026-02-26 19:00:00,2,20,0.49229855338732403,2,2026-02-25 02:00:00+00:00,True,False
2026-02-25 18:00:00+00:00,2026-02-26 15:00:00+00:00,2026-02-26 20:00:00,2,21,0.6625925501187643,2,2026-02-25 03:00:00+00:00,True,False
2026-02-25 18:00:00+00:00,2026-02-26 16:00:00+00:00,2026-02-26 21:00:00,2,22,0.7841593821843466,2,2026-02-25 04:00:00+00:00,True,False
2026-02-25 18:00:00+00:00,2026-02-26 17:00:00+00:00,2026-02-26 22:00:00,2,23,0.7650203903516134,2,2026-02-25 05:00:00+00:00,True,False
2026-02-25 18:00:00+00:00,2026-02-26 18:00:00+00:00,2026-02-26 23:00:00,2,24,0.8525841236114502,2,2026-02-25 06:00:00+00:00,True,False
2026-02-25 18:00:00+00:00,2026-02-26 19:00:00+00:00,2026-02-27 00:00:00,2,25,0.8348315556844076,2,2026-02-25 07:00:00+00:00,True,False
2026-02-25 18:00:00+00:00,2026-02-26 20:00:00+00:00,2026-02-27 01:00:00,2,26,0.8493025700251261,2,2026-02-25 08:00:00+00:00,True,False
2026-02-25 18:00:00+00:00,2026-02-26 21:00:00+00:00,2026-02-27 02:00:00,2,27,0.865892251332601,2,2026-02-25 09:00:00+00:00,True,False
2026-02-25 18:00:00+00:00,2026-02-26 22:00:00+00:00,2026-02-27 03:00:00,2,28,0.8380598823229471,2,2026-02-25 10:00:00+00:00,True,False
2026-02-25 18:00:00+00:00,2026-02-26 23:00:00+00:00,2026-02-27 04:00:00,2,29,0.806269903977712,2,2026-02-25 11:00:00+00:00,True,False
2026-02-25 18:00:00+00:00,2026-02-27 00:00:00+00:00,2026-02-27 05:00:00,2,30,0.437463641166687,2,2026-02-25 12:00:00+00:00,True,False
2026-02-25 18:00:00+00:00,2026-02-27 01:00:00+00:00,2026-02-27 06:00:00,2,31,0.2991015116373698,2,2026-02-25 13:00:00+00:00,True,False
2026-02-25 18:00:00+00:00,2026-02-27 02:00:00+00:00,2026-02-27 07:00:00,2,32,0.23362143834431967,2,2026-02-25 14:00:00+00:00,True,False
2026-02-25 18:00:00+00:00,2026-02-27 03:00:00+00:00,2026-02-27 08:00:00,2,33,0.1631654699643453,2,2026-02-25 15:00:00+00:00,True,False
2026-02-25 18:00:00+00:00,2026-02-27 04:00:00+00:00,2026-02-27 09:00:00,2,34,0.08162457992633183,2,2026-02-25 16:00:00+00:00,True,False
2026-02-25 18:00:00+00:00,2026-02-27 05:00:00+00:00,2026-02-27 10:00:00,2,35,0.06731492280960083,2,2026-02-25 17:00:00+00:00,True,False
2026-02-25 18:00:00+00:00,2026-02-27 06:00:00+00:00,2026-02-27 11:00:00,2,36,0.08765697355071704,2,2026-02-25 18:00:00+00:00,True,False
2026-02-25 18:00:00+00:00,2026-02-27 07:00:00+00:00,2026-02-27 12:00:00,2,37,0.2330881804227829,3,2026-02-24 19:00:00+00:00,True,False
2026-02-25 18:00:00+00:00,2026-02-27 08:00:00+00:00,2026-02-27 13:00:00,2,38,0.328663965066274,3,2026-02-24 20:00:00+00:00,True,False
2026-02-25 18:00:00+00:00,2026-02-27 09:00:00+00:00,2026-02-27 14:00:00,2,39,0.60489422082901,3,2026-02-24 21:00:00+00:00,True,False
2026-02-25 18:00:00+00:00,2026-02-27 10:00:00+00:00,2026-02-27 15:00:00,2,40,0.8084704478581747,3,2026-02-24 22:00:00+00:00,True,False
2026-02-25 18:00:00+00:00,2026-02-27 11:00:00+00:00,2026-02-27 16:00:00,2,41,0.8976413806279501,3,2026-02-24 23:00:00+00:00,True,False
2026-02-25 18:00:00+00:00,2026-02-27 12:00:00+00:00,2026-02-27 17:00:00,2,42,0.9105537136395773,3,2026-02-25 00:00:00+00:00,True,False
2026-02-25 18:00:00+00:00,2026-02-27 13:00:00+00:00,2026-02-27 18:00:00,2,43,0.9174613356590271,3,2026-02-25 01:00:00+00:00,True,False
2026-02-25 18:00:00+00:00,2026-02-27 14:00:00+00:00,2026-02-27 19:00:00,2,44,0.9364477197329203,3,2026-02-25 02:00:00+00:00,True,False
2026-02-25 18:00:00+00:00,2026-02-27 15:00:00+00:00,2026-02-27 20:00:00,2,45,0.9531659682591757,3,2026-02-25 03:00:00+00:00,True,False
2026-02-25 18:00:00+00:00,2026-02-27 16:00:00+00:00,2026-02-27 21:00:00,2,46,0.9648275772730509,3,2026-02-25 04:00:00+00:00,True,False
2026-02-25 18:00:00+00:00,2026-02-27 17:00:00+00:00,2026-02-27 22:00:00,2,47,0.9689997235933939,3,2026-02-25 05:00:00+00:00,True,False
2026-02-25 18:00:00+00:00,2026-02-27 18:00:00+00:00,2026-02-27 23:00:00,2,48,0.5696797370910645,3,2026-02-25 06:00:00+00:00,True,False
2026-02-26 18:00:00+00:00,2026-02-26 19:00:00+00:00,2026-02-27 00:00:00,1,1,0.756672998269399,1,2026-02-26 07:00:00+00:00,True,False
2026-02-26 18:00:00+00:00,2026-02-26 20:00:00+00:00,2026-02-27 01:00:00,1,2,0.7084152499834696,1,2026-02-26 08:00:00+00:00,True,False
2026-02-26 18:00:00+00:00,2026-02-26 21:00:00+00:00,2026-02-27 02:00:00,1,3,0.5610176126162211,1,2026-02-26 09:00:00+00:00,True,False
2026-02-26 18:00:00+00:00,2026-02-26 22:00:00+00:00,2026-02-27 03:00:00,1,4,0.4999340772628784,1,2026-02-26 10:00:00+00:00,True,False
2026-02-26 18:00:00+00:00,2026-02-26 23:00:00+00:00,2026-02-27 04:00:00,1,5,0.45965585112571716,1,2026-02-26 11:00:00+00:00,True,False
2026-02-26 18:00:00+00:00,2026-02-27 00:00:00+00:00,2026-02-27 05:00:00,1,6,0.3104030986626943,1,2026-02-26 12:00:00+00:00,True,False
2026-02-26 18:00:00+00:00,2026-02-27 01:00:00+00:00,2026-02-27 06:00:00,1,7,0.2246131201585134,1,2026-02-26 13:00:00+00:00,True,False
2026-02-26 18:00:00+00:00,2026-02-27 02:00:00+00:00,2026-02-27 07:00:00,1,8,0.2190190056959788,1,2026-02-26 14:00:00+00:00,True,False
2026-02-26 18:00:00+00:00,2026-02-27 03:00:00+00:00,2026-02-27 08:00:00,1,9,0.18618261814117432,1,2026-02-26 15:00:00+00:00,True,False
2026-02-26 18:00:00+00:00,2026-02-27 04:00:00+00:00,2026-02-27 09:00:00,1,10,0.12677890062332153,1,2026-02-26 16:00:00+00:00,True,False
2026-02-26 18:00:00+00:00,2026-02-27 05:00:00+00:00,2026-02-27 10:00:00,1,11,0.09954761962095897,1,2026-02-26 17:00:00+00:00,True,False
2026-02-26 18:00:00+00:00,2026-02-27 06:00:00+00:00,2026-02-27 11:00:00,1,12,0.0821329690515995,1,2026-02-26 18:00:00+00:00,True,False
2026-02-26 18:00:00+00:00,2026-02-27 07:00:00+00:00,2026-02-27 12:00:00,1,13,0.10099554931124051,2,2026-02-25 19:00:00+00:00,True,False
2026-02-26 18:00:00+00:00,2026-02-27 08:00:00+00:00,2026-02-27 13:00:00,1,14,0.16138227532307306,2,2026-02-25 20:00:00+00:00,True,False
2026-02-26 18:00:00+00:00,2026-02-27 09:00:00+00:00,2026-02-27 14:00:00,1,15,0.27284710109233856,2,2026-02-25 21:00:00+00:00,True,False
2026-02-26 18:00:00+00:00,2026-02-27 10:00:00+00:00,2026-02-27 15:00:00,1,16,0.44346945484479267,2,2026-02-25 22:00:00+00:00,True,False
2026-02-26 18:00:00+00:00,2026-02-27 11:00:00+00:00,2026-02-27 16:00:00,1,17,0.6622798840204874,2,2026-02-25 23:00:00+00:00,True,False
2026-02-26 18:00:00+00:00,2026-02-27 12:00:00+00:00,2026-02-27 17:00:00,1,18,0.63620924949646,2,2026-02-26 00:00:00+00:00,True,False
2026-02-26 18:00:00+00:00,2026-02-27 13:00:00+00:00,2026-02-27 18:00:00,1,19,0.736693819363912,2,2026-02-26 01:00:00+00:00,True,False
2026-02-26 18:00:00+00:00,2026-02-27 14:00:00+00:00,2026-02-27 19:00:00,1,20,0.7621671358744303,2,2026-02-26 02:00:00+00:00,True,False
2026-02-26 18:00:00+00:00,2026-02-27 15:00:00+00:00,2026-02-27 20:00:00,1,21,0.789955218633016,2,2026-02-26 03:00:00+00:00,True,False
2026-02-26 18:00:00+00:00,2026-02-27 16:00:00+00:00,2026-02-27 21:00:00,1,22,0.7406283617019653,2,2026-02-26 04:00:00+00:00,True,False
2026-02-26 18:00:00+00:00,2026-02-27 17:00:00+00:00,2026-02-27 22:00:00,1,23,0.6792044242223104,2,2026-02-26 05:00:00+00:00,True,False
2026-02-26 18:00:00+00:00,2026-02-27 18:00:00+00:00,2026-02-27 23:00:00,1,24,0.7426137924194336,2,2026-02-26 06:00:00+00:00,True,False
2026-02-26 18:00:00+00:00,2026-02-27 19:00:00+00:00,2026-02-28 00:00:00,1,25,0.7621644934018453,2,2026-02-26 07:00:00+00:00,True,False
2026-02-26 18:00:00+00:00,2026-02-27 20:00:00+00:00,2026-02-28 01:00:00,1,26,0.8029470841089884,2,2026-02-26 08:00:00+00:00,True,False
2026-02-26 18:00:00+00:00,2026-02-27 21:00:00+00:00,2026-02-28 02:00:00,1,27,0.8296083211898804,2,2026-02-26 09:00:00+00:00,True,False
2026-02-26 18:00:00+00:00,2026-02-27 22:00:00+00:00,2026-02-28 03:00:00,1,28,0.8589019775390625,2,2026-02-26 10:00:00+00:00,True,False
2026-02-26 18:00:00+00:00,2026-02-27 23:00:00+00:00,2026-02-28 04:00:00,1,29,0.8603151440620422,2,2026-02-26 11:00:00+00:00,True,False
2026-02-26 18:00:00+00:00,2026-02-28 00:00:00+00:00,2026-02-28 05:00:00,1,30,0.8986934820810953,2,2026-02-26 12:00:00+00:00,True,False
2026-02-26 18:00:00+00:00,2026-02-28 01:00:00+00:00,2026-02-28 06:00:00,1,31,0.8625530997912089,2,2026-02-26 13:00:00+00:00,True,False
2026-02-26 18:00:00+00:00,2026-02-28 02:00:00+00:00,2026-02-28 07:00:00,1,32,0.793877641359965,2,2026-02-26 14:00:00+00:00,True,False
2026-02-26 18:00:00+00:00,2026-02-28 03:00:00+00:00,2026-02-28 08:00:00,1,33,0.7612398862838745,2,2026-02-26 15:00:00+00:00,True,False
2026-02-26 18:00:00+00:00,2026-02-28 04:00:00+00:00,2026-02-28 09:00:00,1,34,0.6685920159022013,2,2026-02-26 16:00:00+00:00,True,False
2026-02-26 18:00:00+00:00,2026-02-28 05:00:00+00:00,2026-02-28 10:00:00,1,35,0.6816521684328715,2,2026-02-26 17:00:00+00:00,True,False
2026-02-26 18:00:00+00:00,2026-02-28 06:00:00+00:00,2026-02-28 11:00:00,1,36,0.40395909547805786,2,2026-02-26 18:00:00+00:00,True,False
2026-02-26 18:00:00+00:00,2026-02-28 07:00:00+00:00,2026-02-28 12:00:00,1,37,0.6802906195322672,3,2026-02-25 19:00:00+00:00,True,False
2026-02-26 18:00:00+00:00,2026-02-28 08:00:00+00:00,2026-02-28 13:00:00,1,38,0.7294871211051941,3,2026-02-25 20:00:00+00:00,True,False
2026-02-26 18:00:00+00:00,2026-02-28 09:00:00+00:00,2026-02-28 14:00:00,1,39,0.7907328009605408,3,2026-02-25 21:00:00+00:00,True,False
2026-02-26 18:00:00+00:00,2026-02-28 10:00:00+00:00,2026-02-28 15:00:00,1,40,0.809732457002004,3,2026-02-25 22:00:00+00:00,True,False
2026-02-26 18:00:00+00:00,2026-02-28 11:00:00+00:00,2026-02-28 16:00:00,1,41,0.8063979744911194,3,2026-02-25 23:00:00+00:00,True,False
2026-02-26 18:00:00+00:00,2026-02-28 12:00:00+00:00,2026-02-28 17:00:00,1,42,0.5998697876930237,3,2026-02-26 00:00:00+00:00,True,False
2026-02-26 18:00:00+00:00,2026-02-28 13:00:00+00:00,2026-02-28 18:00:00,1,43,0.5336521963278452,3,2026-02-26 01:00:00+00:00,True,False
2026-02-26 18:00:00+00:00,2026-02-28 14:00:00+00:00,2026-02-28 19:00:00,1,44,0.3976181248823802,3,2026-02-26 02:00:00+00:00,True,False
2026-02-26 18:00:00+00:00,2026-02-28 15:00:00+00:00,2026-02-28 20:00:00,1,45,0.2253421594699224,3,2026-02-26 03:00:00+00:00,True,False
2026-02-26 18:00:00+00:00,2026-02-28 16:00:00+00:00,2026-02-28 21:00:00,1,46,0.14192487547794977,3,2026-02-26 04:00:00+00:00,True,False
2026-02-26 18:00:00+00:00,2026-02-28 17:00:00+00:00,2026-02-28 22:00:00,1,47,0.12265889098246892,3,2026-02-26 05:00:00+00:00,True,False
2026-02-26 18:00:00+00:00,2026-02-28 18:00:00+00:00,2026-02-28 23:00:00,1,48,0.19193931420644125,3,2026-02-26 06:00:00+00:00,True,False
2026-02-26 18:00:00+00:00,2026-02-26 19:00:00+00:00,2026-02-27 00:00:00,2,1,0.7275036573410034,1,2026-02-26 07:00:00+00:00,True,False
2026-02-26 18:00:00+00:00,2026-02-26 20:00:00+00:00,2026-02-27 01:00:00,2,2,0.6836450695991516,1,2026-02-26 08:00:00+00:00,True,False
2026-02-26 18:00:00+00:00,2026-02-26 21:00:00+00:00,2026-02-27 02:00:00,2,3,0.5243862569332123,1,2026-02-26 09:00:00+00:00,True,False
2026-02-26 18:00:00+00:00,2026-02-26 22:00:00+00:00,2026-02-27 03:00:00,2,4,0.48477543393770856,1,2026-02-26 10:00:00+00:00,True,False
2026-02-26 18:00:00+00:00,2026-02-26 23:00:00+00:00,2026-02-27 04:00:00,2,5,0.44025014837582904,1,2026-02-26 11:00:00+00:00,True,False
2026-02-26 18:00:00+00:00,2026-02-27 00:00:00+00:00,2026-02-27 05:00:00,2,6,0.3112642566363017,1,2026-02-26 12:00:00+00:00,True,False
2026-02-26 18:00:00+00:00,2026-02-27 01:00:00+00:00,2026-02-27 06:00:00,2,7,0.22609917322794595,1,2026-02-26 13:00:00+00:00,True,False
2026-02-26 18:00:00+00:00,2026-02-27 02:00:00+00:00,2026-02-27 07:00:00,2,8,0.2189601312081019,1,2026-02-26 14:00:00+00:00,True,False
2026-02-26 18:00:00+00:00,2026-02-27 03:00:00+00:00,2026-02-27 08:00:00,2,9,0.19071889420350394,1,2026-02-26 15:00:00+00:00,True,False
2026-02-26 18:00:00+00:00,2026-02-27 04:00:00+00:00,2026-02-27 09:00:00,2,10,0.12849871814250946,1,2026-02-26 16:00:00+00:00,True,False
2026-02-26 18:00:00+00:00,2026-02-27 05:00:00+00:00,2026-02-27 10:00:00,2,11,0.09796516100565593,1,2026-02-26 17:00:00+00:00,True,False
2026-02-26 18:00:00+00:00,2026-02-27 06:00:00+00:00,2026-02-27 11:00:00,2,12,0.08113310486078262,1,2026-02-26 18:00:00+00:00,True,False
2026-02-26 18:00:00+00:00,2026-02-27 07:00:00+00:00,2026-02-27 12:00:00,2,13,0.1010765867928664,2,2026-02-25 19:00:00+00:00,True,False
2026-02-26 18:00:00+00:00,2026-02-27 08:00:00+00:00,2026-02-27 13:00:00,2,14,0.163538026312987,2,2026-02-25 20:00:00+00:00,True,False
2026-02-26 18:00:00+00:00,2026-02-27 09:00:00+00:00,2026-02-27 14:00:00,2,15,0.27599436541398364,2,2026-02-25 21:00:00+00:00,True,False
2026-02-26 18:00:00+00:00,2026-02-27 10:00:00+00:00,2026-02-27 15:00:00,2,16,0.44287748138109845,2,2026-02-25 22:00:00+00:00,True,False
2026-02-26 18:00:00+00:00,2026-02-27 11:00:00+00:00,2026-02-27 16:00:00,2,17,0.6697239875793457,2,2026-02-25 23:00:00+00:00,True,False
2026-02-26 18:00:00+00:00,2026-02-27 12:00:00+00:00,2026-02-27 17:00:00,2,18,0.6406814455986023,2,2026-02-26 00:00:00+00:00,True,False
2026-02-26 18:00:00+00:00,2026-02-27 13:00:00+00:00,2026-02-27 18:00:00,2,19,0.7436504165331522,2,2026-02-26 01:00:00+00:00,True,False
2026-02-26 18:00:00+00:00,2026-02-27 14:00:00+00:00,2026-02-27 19:00:00,2,20,0.7559019327163696,2,2026-02-26 02:00:00+00:00,True,False
2026-02-26 18:00:00+00:00,2026-02-27 15:00:00+00:00,2026-02-27 20:00:00,2,21,0.7803367376327515,2,2026-02-26 03:00:00+00:00,True,False
2026-02-26 18:00:00+00:00,2026-02-27 16:00:00+00:00,2026-02-27 21:00:00,2,22,0.7270613312721252,2,2026-02-26 04:00:00+00:00,True,False
2026-02-26 18:00:00+00:00,2026-02-27 17:00:00+00:00,2026-02-27 22:00:00,2,23,0.6574712793032328,2,2026-02-26 05:00:00+00:00,True,False
2026-02-26 18:00:00+00:00,2026-02-27 18:00:00+00:00,2026-02-27 23:00:00,2,24,0.7286070783933004,2,2026-02-26 06:00:00+00:00,True,False
2026-02-26 18:00:00+00:00,2026-02-27 19:00:00+00:00,2026-02-28 00:00:00,2,25,0.7493842244148254,2,2026-02-26 07:00:00+00:00,True,False
2026-02-26 18:00:00+00:00,2026-02-27 20:00:00+00:00,2026-02-28 01:00:00,2,26,0.7907156745592753,2,2026-02-26 08:00:00+00:00,True,False
2026-02-26 18:00:00+00:00,2026-02-27 21:00:00+00:00,2026-02-28 02:00:00,2,27,0.8145002325375875,2,2026-02-26 09:00:00+00:00,True,False
2026-02-26 18:00:00+00:00,2026-02-27 22:00:00+00:00,2026-02-28 03:00:00,2,28,0.8386489351590475,2,2026-02-26 10:00:00+00:00,True,False
2026-02-26 18:00:00+00:00,2026-02-27 23:00:00+00:00,2026-02-28 04:00:00,2,29,0.8400208950042725,2,2026-02-26 11:00:00+00:00,True,False
2026-02-26 18:00:00+00:00,2026-02-28 00:00:00+00:00,2026-02-28 05:00:00,2,30,0.8816618124643961,2,2026-02-26 12:00:00+00:00,True,False
2026-02-26 18:00:00+00:00,2026-02-28 01:00:00+00:00,2026-02-28 06:00:00,2,31,0.8399192889531454,2,2026-02-26 13:00:00+00:00,True,False
2026-02-26 18:00:00+00:00,2026-02-28 02:00:00+00:00,2026-02-28 07:00:00,2,32,0.7591626246770223,2,2026-02-26 14:00:00+00:00,True,False
2026-02-26 18:00:00+00:00,2026-02-28 03:00:00+00:00,2026-02-28 08:00:00,2,33,0.7275286714235941,2,2026-02-26 15:00:00+00:00,True,False
2026-02-26 18:00:00+00:00,2026-02-28 04:00:00+00:00,2026-02-28 09:00:00,2,34,0.6390886306762695,2,2026-02-26 16:00:00+00:00,True,False
2026-02-26 18:00:00+00:00,2026-02-28 05:00:00+00:00,2026-02-28 10:00:00,2,35,0.6406070391337076,2,2026-02-26 17:00:00+00:00,True,False
2026-02-26 18:00:00+00:00,2026-02-28 06:00:00+00:00,2026-02-28 11:00:00,2,36,0.3719443033138911,2,2026-02-26 18:00:00+00:00,True,False
2026-02-26 18:00:00+00:00,2026-02-28 07:00:00+00:00,2026-02-28 12:00:00,2,37,0.6278788050015768,3,2026-02-25 19:00:00+00:00,True,False
2026-02-26 18:00:00+00:00,2026-02-28 08:00:00+00:00,2026-02-28 13:00:00,2,38,0.6935919523239136,3,2026-02-25 20:00:00+00:00,True,False
2026-02-26 18:00:00+00:00,2026-02-28 09:00:00+00:00,2026-02-28 14:00:00,2,39,0.7626180648803711,3,2026-02-25 21:00:00+00:00,True,False
2026-02-26 18:00:00+00:00,2026-02-28 10:00:00+00:00,2026-02-28 15:00:00,2,40,0.7893298864364624,3,2026-02-25 22:00:00+00:00,True,False
2026-02-26 18:00:00+00:00,2026-02-28 11:00:00+00:00,2026-02-28 16:00:00,2,41,0.7839506268501282,3,2026-02-25 23:00:00+00:00,True,False
2026-02-26 18:00:00+00:00,2026-02-28 12:00:00+00:00,2026-02-28 17:00:00,2,42,0.5825759172439575,3,2026-02-26 00:00:00+00:00,True,False
2026-02-26 18:00:00+00:00,2026-02-28 13:00:00+00:00,2026-02-28 18:00:00,2,43,0.5000516970952352,3,2026-02-26 01:00:00+00:00,True,False
2026-02-26 18:00:00+00:00,2026-02-28 14:00:00+00:00,2026-02-28 19:00:00,2,44,0.34835068384806317,3,2026-02-26 02:00:00+00:00,True,False
2026-02-26 18:00:00+00:00,2026-02-28 15:00:00+00:00,2026-02-28 20:00:00,2,45,0.2000596523284912,3,2026-02-26 03:00:00+00:00,True,False
2026-02-26 18:00:00+00:00,2026-02-28 16:00:00+00:00,2026-02-28 21:00:00,2,46,0.13656752308209738,3,2026-02-26 04:00:00+00:00,True,False
2026-02-26 18:00:00+00:00,2026-02-28 17:00:00+00:00,2026-02-28 22:00:00,2,47,0.12050855904817581,3,2026-02-26 05:00:00+00:00,True,False
2026-02-26 18:00:00+00:00,2026-02-28 18:00:00+00:00,2026-02-28 23:00:00,2,48,0.17472254733244577,3,2026-02-26 06:00:00+00:00,True,False
2026-02-27 18:00:00+00:00,2026-02-27 19:00:00+00:00,2026-02-28 00:00:00,1,1,0.6211018562316895,1,2026-02-27 07:00:00+00:00,True,False
2026-02-27 18:00:00+00:00,2026-02-27 20:00:00+00:00,2026-02-28 01:00:00,1,2,0.637324333190918,1,2026-02-27 08:00:00+00:00,True,False
2026-02-27 18:00:00+00:00,2026-02-27 21:00:00+00:00,2026-02-28 02:00:00,1,3,0.7393446763356527,1,2026-02-27 09:00:00+00:00,True,False
2026-02-27 18:00:00+00:00,2026-02-27 22:00:00+00:00,2026-02-28 03:00:00,1,4,0.8095179200172424,1,2026-02-27 10:00:00+00:00,True,False
2026-02-27 18:00:00+00:00,2026-02-27 23:00:00+00:00,2026-02-28 04:00:00,1,5,0.7788394292195638,1,2026-02-27 11:00:00+00:00,True,False
2026-02-27 18:00:00+00:00,2026-02-28 00:00:00+00:00,2026-02-28 05:00:00,1,6,0.8457584579785665,1,2026-02-27 12:00:00+00:00,True,False
2026-02-27 18:00:00+00:00,2026-02-28 01:00:00+00:00,2026-02-28 06:00:00,1,7,0.7842848102251688,1,2026-02-27 13:00:00+00:00,True,False
2026-02-27 18:00:00+00:00,2026-02-28 02:00:00+00:00,2026-02-28 07:00:00,1,8,0.893957237402598,1,2026-02-27 14:00:00+00:00,True,False
2026-02-27 18:00:00+00:00,2026-02-28 03:00:00+00:00,2026-02-28 08:00:00,1,9,0.9284783601760864,1,2026-02-27 15:00:00+00:00,True,False
2026-02-27 18:00:00+00:00,2026-02-28 04:00:00+00:00,2026-02-28 09:00:00,1,10,0.9285021225611368,1,2026-02-27 16:00:00+00:00,True,False
2026-02-27 18:00:00+00:00,2026-02-28 05:00:00+00:00,2026-02-28 10:00:00,1,11,0.9153170982996622,1,2026-02-27 17:00:00+00:00,True,False
2026-02-27 18:00:00+00:00,2026-02-28 06:00:00+00:00,2026-02-28 11:00:00,1,12,0.8568965593973795,1,2026-02-27 18:00:00+00:00,True,False
2026-02-27 18:00:00+00:00,2026-02-28 07:00:00+00:00,2026-02-28 12:00:00,1,13,0.5601769785086314,2,2026-02-26 19:00:00+00:00,True,False
2026-02-27 18:00:00+00:00,2026-02-28 08:00:00+00:00,2026-02-28 13:00:00,1,14,0.6034762660662333,2,2026-02-26 20:00:00+00:00,True,False
2026-02-27 18:00:00+00:00,2026-02-28 09:00:00+00:00,2026-02-28 14:00:00,1,15,0.6904145081837972,2,2026-02-26 21:00:00+00:00,True,False
2026-02-27 18:00:00+00:00,2026-02-28 10:00:00+00:00,2026-02-28 15:00:00,1,16,0.7037386695543925,2,2026-02-26 22:00:00+00:00,True,False
2026-02-27 18:00:00+00:00,2026-02-28 11:00:00+00:00,2026-02-28 16:00:00,1,17,0.72376948595047,2,2026-02-26 23:00:00+00:00,True,False
2026-02-27 18:00:00+00:00,2026-02-28 12:00:00+00:00,2026-02-28 17:00:00,1,18,0.8217584689458212,2,2026-02-27 00:00:00+00:00,True,False
2026-02-27 18:00:00+00:00,2026-02-28 13:00:00+00:00,2026-02-28 18:00:00,1,19,0.780492881933848,2,2026-02-27 01:00:00+00:00,True,False
2026-02-27 18:00:00+00:00,2026-02-28 14:00:00+00:00,2026-02-28 19:00:00,1,20,0.6935291687647501,2,2026-02-27 02:00:00+00:00,True,False
2026-02-27 18:00:00+00:00,2026-02-28 15:00:00+00:00,2026-02-28 20:00:00,1,21,0.5409912665685018,2,2026-02-27 03:00:00+00:00,True,False
2026-02-27 18:00:00+00:00,2026-02-28 16:00:00+00:00,2026-02-28 21:00:00,1,22,0.45677289366722107,2,2026-02-27 04:00:00+00:00,True,False
2026-02-27 18:00:00+00:00,2026-02-28 17:00:00+00:00,2026-02-28 22:00:00,1,23,0.3399905562400818,2,2026-02-27 05:00:00+00:00,True,False
2026-02-27 18:00:00+00:00,2026-02-28 18:00:00+00:00,2026-02-28 23:00:00,1,24,0.19228815535704294,2,2026-02-27 06:00:00+00:00,True,False
2026-02-27 18:00:00+00:00,2026-02-28 19:00:00+00:00,2026-03-01 00:00:00,1,25,0.10514101137717564,2,2026-02-27 07:00:00+00:00,False,False
2026-02-27 18:00:00+00:00,2026-02-28 20:00:00+00:00,2026-03-01 01:00:00,1,26,0.06838799268007278,2,2026-02-27 08:00:00+00:00,False,False
2026-02-27 18:00:00+00:00,2026-02-28 21:00:00+00:00,2026-03-01 02:00:00,1,27,0.04901508738597234,2,2026-02-27 09:00:00+00:00,False,False
2026-02-27 18:00:00+00:00,2026-02-28 22:00:00+00:00,2026-03-01 03:00:00,1,28,0.035868857676784195,2,2026-02-27 10:00:00+00:00,False,False
2026-02-27 18:00:00+00:00,2026-02-28 23:00:00+00:00,2026-03-01 04:00:00,1,29,0.029116384995480377,2,2026-02-27 11:00:00+00:00,False,False
2026-02-27 18:00:00+00:00,2026-03-01 00:00:00+00:00,2026-03-01 05:00:00,1,30,0.0336150877798597,2,2026-02-27 12:00:00+00:00,False,False
2026-02-27 18:00:00+00:00,2026-03-01 01:00:00+00:00,2026-03-01 06:00:00,1,31,0.024435342910389107,2,2026-02-27 13:00:00+00:00,False,False
2026-02-27 18:00:00+00:00,2026-03-01 02:00:00+00:00,2026-03-01 07:00:00,1,32,0.01919240163018306,2,2026-02-27 14:00:00+00:00,False,False
2026-02-27 18:00:00+00:00,2026-03-01 03:00:00+00:00,2026-03-01 08:00:00,1,33,0.018183086067438126,2,2026-02-27 15:00:00+00:00,False,False
2026-02-27 18:00:00+00:00,2026-03-01 04:00:00+00:00,2026-03-01 09:00:00,1,34,0.014681914200385412,2,2026-02-27 16:00:00+00:00,False,False
2026-02-27 18:00:00+00:00,2026-03-01 05:00:00+00:00,2026-03-01 10:00:00,1,35,0.016598079353570938,2,2026-02-27 17:00:00+00:00,False,False
2026-02-27 18:00:00+00:00,2026-03-01 06:00:00+00:00,2026-03-01 11:00:00,1,36,0.022890256407360237,2,2026-02-27 18:00:00+00:00,False,False
2026-02-27 18:00:00+00:00,2026-03-01 07:00:00+00:00,2026-03-01 12:00:00,1,37,0.15765939901272455,3,2026-02-26 19:00:00+00:00,False,False
2026-02-27 18:00:00+00:00,2026-03-01 08:00:00+00:00,2026-03-01 13:00:00,1,38,0.14247630288203558,3,2026-02-26 20:00:00+00:00,False,False
2026-02-27 18:00:00+00:00,2026-03-01 09:00:00+00:00,2026-03-01 14:00:00,1,39,0.1151231403152148,3,2026-02-26 21:00:00+00:00,False,False
2026-02-27 18:00:00+00:00,2026-03-01 10:00:00+00:00,2026-03-01 15:00:00,1,40,0.09015422686934471,3,2026-02-26 22:00:00+00:00,False,False
2026-02-27 18:00:00+00:00,2026-03-01 11:00:00+00:00,2026-03-01 16:00:00,1,41,0.07087823003530502,3,2026-02-26 23:00:00+00:00,False,False
2026-02-27 18:00:00+00:00,2026-03-01 12:00:00+00:00,2026-03-01 17:00:00,1,42,0.09172797451416652,3,2026-02-27 00:00:00+00:00,False,False
2026-02-27 18:00:00+00:00,2026-03-01 13:00:00+00:00,2026-03-01 18:00:00,1,43,0.09747526049613953,3,2026-02-27 01:00:00+00:00,False,False
2026-02-27 18:00:00+00:00,2026-03-01 14:00:00+00:00,2026-03-01 19:00:00,1,44,0.07632987822095554,3,2026-02-27 02:00:00+00:00,False,False
2026-02-27 18:00:00+00:00,2026-03-01 15:00:00+00:00,2026-03-01 20:00:00,1,45,0.048836794992287956,3,2026-02-27 03:00:00+00:00,False,False
2026-02-27 18:00:00+00:00,2026-03-01 16:00:00+00:00,2026-03-01 21:00:00,1,46,0.038969445352753006,3,2026-02-27 04:00:00+00:00,False,False
2026-02-27 18:00:00+00:00,2026-03-01 17:00:00+00:00,2026-03-01 22:00:00,1,47,0.042120701943834625,3,2026-02-27 05:00:00+00:00,False,False
2026-02-27 18:00:00+00:00,2026-03-01 18:00:00+00:00,2026-03-01 23:00:00,1,48,0.043567159523566566,3,2026-02-27 06:00:00+00:00,False,False
2026-02-27 18:00:00+00:00,2026-02-27 19:00:00+00:00,2026-02-28 00:00:00,2,1,0.5842387676239014,1,2026-02-27 07:00:00+00:00,True,False
2026-02-27 18:00:00+00:00,2026-02-27 20:00:00+00:00,2026-02-28 01:00:00,2,2,0.606722374757131,1,2026-02-27 08:00:00+00:00,True,False
2026-02-27 18:00:00+00:00,2026-02-27 21:00:00+00:00,2026-02-28 02:00:00,2,3,0.7053204377492269,1,2026-02-27 09:00:00+00:00,True,False
2026-02-27 18:00:00+00:00,2026-02-27 22:00:00+00:00,2026-02-28 03:00:00,2,4,0.7893212040265402,1,2026-02-27 10:00:00+00:00,True,False
2026-02-27 18:00:00+00:00,2026-02-27 23:00:00+00:00,2026-02-28 04:00:00,2,5,0.7518745263417562,1,2026-02-27 11:00:00+00:00,True,False
2026-02-27 18:00:00+00:00,2026-02-28 00:00:00+00:00,2026-02-28 05:00:00,2,6,0.819711446762085,1,2026-02-27 12:00:00+00:00,True,False
2026-02-27 18:00:00+00:00,2026-02-28 01:00:00+00:00,2026-02-28 06:00:00,2,7,0.7531212369600931,1,2026-02-27 13:00:00+00:00,True,False
2026-02-27 18:00:00+00:00,2026-02-28 02:00:00+00:00,2026-02-28 07:00:00,2,8,0.87582399447759,1,2026-02-27 14:00:00+00:00,True,False
2026-02-27 18:00:00+00:00,2026-02-28 03:00:00+00:00,2026-02-28 08:00:00,2,9,0.9210737347602844,1,2026-02-27 15:00:00+00:00,True,False
2026-02-27 18:00:00+00:00,2026-02-28 04:00:00+00:00,2026-02-28 09:00:00,2,10,0.9216013749440511,1,2026-02-27 16:00:00+00:00,True,False
2026-02-27 18:00:00+00:00,2026-02-28 05:00:00+00:00,2026-02-28 10:00:00,2,11,0.906432310740153,1,2026-02-27 17:00:00+00:00,True,False
2026-02-27 18:00:00+00:00,2026-02-28 06:00:00+00:00,2026-02-28 11:00:00,2,12,0.838411788145701,1,2026-02-27 18:00:00+00:00,True,False
2026-02-27 18:00:00+00:00,2026-02-28 07:00:00+00:00,2026-02-28 12:00:00,2,13,0.5109801491101583,2,2026-02-26 19:00:00+00:00,True,False
2026-02-27 18:00:00+00:00,2026-02-28 08:00:00+00:00,2026-02-28 13:00:00,2,14,0.5514355500539144,2,2026-02-26 20:00:00+00:00,True,False
2026-02-27 18:00:00+00:00,2026-02-28 09:00:00+00:00,2026-02-28 14:00:00,2,15,0.6428433060646057,2,2026-02-26 21:00:00+00:00,True,False
2026-02-27 18:00:00+00:00,2026-02-28 10:00:00+00:00,2026-02-28 15:00:00,2,16,0.6579743226369222,2,2026-02-26 22:00:00+00:00,True,False
2026-02-27 18:00:00+00:00,2026-02-28 11:00:00+00:00,2026-02-28 16:00:00,2,17,0.685783326625824,2,2026-02-26 23:00:00+00:00,True,False
2026-02-27 18:00:00+00:00,2026-02-28 12:00:00+00:00,2026-02-28 17:00:00,2,18,0.7935069799423218,2,2026-02-27 00:00:00+00:00,True,False
2026-02-27 18:00:00+00:00,2026-02-28 13:00:00+00:00,2026-02-28 18:00:00,2,19,0.750066081682841,2,2026-02-27 01:00:00+00:00,True,False
2026-02-27 18:00:00+00:00,2026-02-28 14:00:00+00:00,2026-02-28 19:00:00,2,20,0.6770824392636617,2,2026-02-27 02:00:00+00:00,True,False
2026-02-27 18:00:00+00:00,2026-02-28 15:00:00+00:00,2026-02-28 20:00:00,2,21,0.5210832556088766,2,2026-02-27 03:00:00+00:00,True,False
2026-02-27 18:00:00+00:00,2026-02-28 16:00:00+00:00,2026-02-28 21:00:00,2,22,0.4232376019159953,2,2026-02-27 04:00:00+00:00,True,False
2026-02-27 18:00:00+00:00,2026-02-28 17:00:00+00:00,2026-02-28 22:00:00,2,23,0.2950683832168579,2,2026-02-27 05:00:00+00:00,True,False
2026-02-27 18:00:00+00:00,2026-02-28 18:00:00+00:00,2026-02-28 23:00:00,2,24,0.17505557338396707,2,2026-02-27 06:00:00+00:00,True,False
2026-02-27 18:00:00+00:00,2026-02-28 19:00:00+00:00,2026-03-01 00:00:00,2,25,0.09804576883713405,2,2026-02-27 07:00:00+00:00,False,False
2026-02-27 18:00:00+00:00,2026-02-28 20:00:00+00:00,2026-03-01 01:00:00,2,26,0.06669325257341067,2,2026-02-27 08:00:00+00:00,False,False
2026-02-27 18:00:00+00:00,2026-02-28 21:00:00+00:00,2026-03-01 02:00:00,2,27,0.0476838027437528,2,2026-02-27 09:00:00+00:00,False,False
2026-02-27 18:00:00+00:00,2026-02-28 22:00:00+00:00,2026-03-01 03:00:00,2,28,0.034571221098303795,2,2026-02-27 10:00:00+00:00,False,False
2026-02-27 18:00:00+00:00,2026-02-28 23:00:00+00:00,2026-03-01 04:00:00,2,29,0.028779825506110985,2,2026-02-27 11:00:00+00:00,False,False
2026-02-27 18:00:00+00:00,2026-03-01 00:00:00+00:00,2026-03-01 05:00:00,2,30,0.03216906233380238,2,2026-02-27 12:00:00+00:00,False,False
2026-02-27 18:00:00+00:00,2026-03-01 01:00:00+00:00,2026-03-01 06:00:00,2,31,0.02380550093948841,2,2026-02-27 13:00:00+00:00,False,False
2026-02-27 18:00:00+00:00,2026-03-01 02:00:00+00:00,2026-03-01 07:00:00,2,32,0.01836558524519205,2,2026-02-27 14:00:00+00:00,False,False
2026-02-27 18:00:00+00:00,2026-03-01 03:00:00+00:00,2026-03-01 08:00:00,2,33,0.017002240754663944,2,2026-02-27 15:00:00+00:00,False,False
2026-02-27 18:00:00+00:00,2026-03-01 04:00:00+00:00,2026-03-01 09:00:00,2,34,0.013951406038055817,2,2026-02-27 16:00:00+00:00,False,False
2026-02-27 18:00:00+00:00,2026-03-01 05:00:00+00:00,2026-03-01 10:00:00,2,35,0.01579499850049615,2,2026-02-27 17:00:00+00:00,False,False
2026-02-27 18:00:00+00:00,2026-03-01 06:00:00+00:00,2026-03-01 11:00:00,2,36,0.022020134143531322,2,2026-02-27 18:00:00+00:00,False,False
2026-02-27 18:00:00+00:00,2026-03-01 07:00:00+00:00,2026-03-01 12:00:00,2,37,0.1421655093630155,3,2026-02-26 19:00:00+00:00,False,False
2026-02-27 18:00:00+00:00,2026-03-01 08:00:00+00:00,2026-03-01 13:00:00,2,38,0.12626640250285467,3,2026-02-26 20:00:00+00:00,False,False
2026-02-27 18:00:00+00:00,2026-03-01 09:00:00+00:00,2026-03-01 14:00:00,2,39,0.10354120532671611,3,2026-02-26 21:00:00+00:00,False,False
2026-02-27 18:00:00+00:00,2026-03-01 10:00:00+00:00,2026-03-01 15:00:00,2,40,0.08558005094528198,3,2026-02-26 22:00:00+00:00,False,False
2026-02-27 18:00:00+00:00,2026-03-01 11:00:00+00:00,2026-03-01 16:00:00,2,41,0.07337563609083493,3,2026-02-26 23:00:00+00:00,False,False
2026-02-27 18:00:00+00:00,2026-03-01 12:00:00+00:00,2026-03-01 17:00:00,2,42,0.08930051823457082,3,2026-02-27 00:00:00+00:00,False,False
2026-02-27 18:00:00+00:00,2026-03-01 13:00:00+00:00,2026-03-01 18:00:00,2,43,0.0907110944390297,3,2026-02-27 01:00:00+00:00,False,False
2026-02-27 18:00:00+00:00,2026-03-01 14:00:00+00:00,2026-03-01 19:00:00,2,44,0.07342049231131871,3,2026-02-27 02:00:00+00:00,False,False
2026-02-27 18:00:00+00:00,2026-03-01 15:00:00+00:00,2026-03-01 20:00:00,2,45,0.04859363039334615,3,2026-02-27 03:00:00+00:00,False,False
2026-02-27 18:00:00+00:00,2026-03-01 16:00:00+00:00,2026-03-01 21:00:00,2,46,0.03302819219728311,3,2026-02-27 04:00:00+00:00,False,False
2026-02-27 18:00:00+00:00,2026-03-01 17:00:00+00:00,2026-03-01 22:00:00,2,47,0.036339507127801575,3,2026-02-27 05:00:00+00:00,False,False
2026-02-27 18:00:00+00:00,2026-03-01 18:00:00+00:00,2026-03-01 23:00:00,2,48,0.039914924651384354,3,2026-02-27 06:00:00+00:00,False,False
2026-02-28 18:00:00+00:00,2026-02-28 19:00:00+00:00,2026-03-01 00:00:00,1,1,0.45528459548950195,1,2026-02-28 07:00:00+00:00,False,False
2026-02-28 18:00:00+00:00,2026-02-28 20:00:00+00:00,2026-03-01 01:00:00,1,2,0.3542637825012207,1,2026-02-28 08:00:00+00:00,False,False
2026-02-28 18:00:00+00:00,2026-02-28 21:00:00+00:00,2026-03-01 02:00:00,1,3,0.29947276910146076,1,2026-02-28 09:00:00+00:00,False,False
2026-02-28 18:00:00+00:00,2026-02-28 22:00:00+00:00,2026-03-01 03:00:00,1,4,0.27463921904563904,1,2026-02-28 10:00:00+00:00,False,False
2026-02-28 18:00:00+00:00,2026-02-28 23:00:00+00:00,2026-03-01 04:00:00,1,5,0.2304149866104126,1,2026-02-28 11:00:00+00:00,False,False
2026-02-28 18:00:00+00:00,2026-03-01 00:00:00+00:00,2026-03-01 05:00:00,1,6,0.04067746549844742,1,2026-02-28 12:00:00+00:00,False,False
2026-02-28 18:00:00+00:00,2026-03-01 01:00:00+00:00,2026-03-01 06:00:00,1,7,0.031057892988125484,1,2026-02-28 13:00:00+00:00,False,False
2026-02-28 18:00:00+00:00,2026-03-01 02:00:00+00:00,2026-03-01 07:00:00,1,8,0.01847033140559991,1,2026-02-28 14:00:00+00:00,False,False
2026-02-28 18:00:00+00:00,2026-03-01 03:00:00+00:00,2026-03-01 08:00:00,1,9,0.011921877351899942,1,2026-02-28 15:00:00+00:00,False,False
2026-02-28 18:00:00+00:00,2026-03-01 04:00:00+00:00,2026-03-01 09:00:00,1,10,0.008700555035223564,1,2026-02-28 16:00:00+00:00,False,False
2026-02-28 18:00:00+00:00,2026-03-01 05:00:00+00:00,2026-03-01 10:00:00,1,11,0.008187863742932677,1,2026-02-28 17:00:00+00:00,False,False
2026-02-28 18:00:00+00:00,2026-03-01 06:00:00+00:00,2026-03-01 11:00:00,1,12,0.008609510026872158,1,2026-02-28 18:00:00+00:00,False,False
2026-02-28 18:00:00+00:00,2026-03-01 07:00:00+00:00,2026-03-01 12:00:00,1,13,0.025494438285628956,2,2026-02-27 19:00:00+00:00,False,False
2026-02-28 18:00:00+00:00,2026-03-01 08:00:00+00:00,2026-03-01 13:00:00,1,14,0.02838797929386298,2,2026-02-27 20:00:00+00:00,False,False
2026-02-28 18:00:00+00:00,2026-03-01 09:00:00+00:00,2026-03-01 14:00:00,1,15,0.03230123004565636,2,2026-02-27 21:00:00+00:00,False,False
2026-02-28 18:00:00+00:00,2026-03-01 10:00:00+00:00,2026-03-01 15:00:00,1,16,0.039753091832002006,2,2026-02-27 22:00:00+00:00,False,False
2026-02-28 18:00:00+00:00,2026-03-01 11:00:00+00:00,2026-03-01 16:00:00,1,17,0.04637573721508185,2,2026-02-27 23:00:00+00:00,False,False
2026-02-28 18:00:00+00:00,2026-03-01 12:00:00+00:00,2026-03-01 17:00:00,1,18,0.05948288242022196,2,2026-02-28 00:00:00+00:00,False,False
2026-02-28 18:00:00+00:00,2026-03-01 13:00:00+00:00,2026-03-01 18:00:00,1,19,0.03528218095501264,2,2026-02-28 01:00:00+00:00,False,False
2026-02-28 18:00:00+00:00,2026-03-01 14:00:00+00:00,2026-03-01 19:00:00,1,20,0.022070731036365032,2,2026-02-28 02:00:00+00:00,False,False
2026-02-28 18:00:00+00:00,2026-03-01 15:00:00+00:00,2026-03-01 20:00:00,1,21,0.03900775189201037,2,2026-02-28 03:00:00+00:00,False,False
2026-02-28 18:00:00+00:00,2026-03-01 16:00:00+00:00,2026-03-01 21:00:00,1,22,0.06779396037260692,2,2026-02-28 04:00:00+00:00,False,False
2026-02-28 18:00:00+00:00,2026-03-01 17:00:00+00:00,2026-03-01 22:00:00,1,23,0.17689129213492075,2,2026-02-28 05:00:00+00:00,False,False
2026-02-28 18:00:00+00:00,2026-03-01 18:00:00+00:00,2026-03-01 23:00:00,1,24,0.9633145729700724,2,2026-02-28 06:00:00+00:00,False,False
2026-02-28 18:00:00+00:00,2026-03-01 19:00:00+00:00,2026-03-02 00:00:00,1,25,0.9832883278528849,2,2026-02-28 07:00:00+00:00,False,False
2026-02-28 18:00:00+00:00,2026-03-01 20:00:00+00:00,2026-03-02 01:00:00,1,26,0.986836830774943,2,2026-02-28 08:00:00+00:00,False,False
2026-02-28 18:00:00+00:00,2026-03-01 21:00:00+00:00,2026-03-02 02:00:00,1,27,0.9874322811762491,2,2026-02-28 09:00:00+00:00,False,False
2026-02-28 18:00:00+00:00,2026-03-01 22:00:00+00:00,2026-03-02 03:00:00,1,28,0.9879746238390604,2,2026-02-28 10:00:00+00:00,False,False
2026-02-28 18:00:00+00:00,2026-03-01 23:00:00+00:00,2026-03-02 04:00:00,1,29,0.9819995363553365,2,2026-02-28 11:00:00+00:00,False,False
2026-02-28 18:00:00+00:00,2026-03-02 00:00:00+00:00,2026-03-02 05:00:00,1,30,0.9805939594904581,2,2026-02-28 12:00:00+00:00,False,False
2026-02-28 18:00:00+00:00,2026-03-02 01:00:00+00:00,2026-03-02 06:00:00,1,31,0.9678505063056946,2,2026-02-28 13:00:00+00:00,False,False
2026-02-28 18:00:00+00:00,2026-03-02 02:00:00+00:00,2026-03-02 07:00:00,1,32,0.9418822924296061,2,2026-02-28 14:00:00+00:00,False,False
2026-02-28 18:00:00+00:00,2026-03-02 03:00:00+00:00,2026-03-02 08:00:00,1,33,0.9130619168281555,2,2026-02-28 15:00:00+00:00,False,False
2026-02-28 18:00:00+00:00,2026-03-02 04:00:00+00:00,2026-03-02 09:00:00,1,34,0.9134124517440796,2,2026-02-28 16:00:00+00:00,False,False
2026-02-28 18:00:00+00:00,2026-03-02 05:00:00+00:00,2026-03-02 10:00:00,1,35,0.8250002264976501,2,2026-02-28 17:00:00+00:00,False,False
2026-02-28 18:00:00+00:00,2026-03-02 06:00:00+00:00,2026-03-02 11:00:00,1,36,0.6604859828948975,2,2026-02-28 18:00:00+00:00,False,False
2026-02-28 18:00:00+00:00,2026-03-02 07:00:00+00:00,2026-03-02 12:00:00,1,37,0.3708524902661641,3,2026-02-27 19:00:00+00:00,False,False
2026-02-28 18:00:00+00:00,2026-03-02 08:00:00+00:00,2026-03-02 13:00:00,1,38,0.4988720913728078,3,2026-02-27 20:00:00+00:00,False,False
2026-02-28 18:00:00+00:00,2026-03-02 09:00:00+00:00,2026-03-02 14:00:00,1,39,0.6924281716346741,3,2026-02-27 21:00:00+00:00,False,False
2026-02-28 18:00:00+00:00,2026-03-02 10:00:00+00:00,2026-03-02 15:00:00,1,40,0.7122814059257507,3,2026-02-27 22:00:00+00:00,False,False
2026-02-28 18:00:00+00:00,2026-03-02 11:00:00+00:00,2026-03-02 16:00:00,1,41,0.63913494348526,3,2026-02-27 23:00:00+00:00,False,False
2026-02-28 18:00:00+00:00,2026-03-02 12:00:00+00:00,2026-03-02 17:00:00,1,42,0.4677950441837311,3,2026-02-28 00:00:00+00:00,False,False
2026-02-28 18:00:00+00:00,2026-03-02 13:00:00+00:00,2026-03-02 18:00:00,1,43,0.2659408052762349,3,2026-02-28 01:00:00+00:00,False,False
2026-02-28 18:00:00+00:00,2026-03-02 14:00:00+00:00,2026-03-02 19:00:00,1,44,0.30849804480870563,3,2026-02-28 02:00:00+00:00,False,False
2026-02-28 18:00:00+00:00,2026-03-02 15:00:00+00:00,2026-03-02 20:00:00,1,45,0.24131501714388529,3,2026-02-28 03:00:00+00:00,False,False
2026-02-28 18:00:00+00:00,2026-03-02 16:00:00+00:00,2026-03-02 21:00:00,1,46,0.11434279258052508,3,2026-02-28 04:00:00+00:00,False,False
2026-02-28 18:00:00+00:00,2026-03-02 17:00:00+00:00,2026-03-02 22:00:00,1,47,0.059432358791430794,3,2026-02-28 05:00:00+00:00,False,False
2026-02-28 18:00:00+00:00,2026-03-02 18:00:00+00:00,2026-03-02 23:00:00,1,48,0.06941619515419006,3,2026-02-28 06:00:00+00:00,False,False
2026-02-28 18:00:00+00:00,2026-02-28 19:00:00+00:00,2026-03-01 00:00:00,2,1,0.4165410002072652,1,2026-02-28 07:00:00+00:00,False,False
2026-02-28 18:00:00+00:00,2026-02-28 20:00:00+00:00,2026-03-01 01:00:00,2,2,0.32207225759824115,1,2026-02-28 08:00:00+00:00,False,False
2026-02-28 18:00:00+00:00,2026-02-28 21:00:00+00:00,2026-03-01 02:00:00,2,3,0.26577118039131165,1,2026-02-28 09:00:00+00:00,False,False
2026-02-28 18:00:00+00:00,2026-02-28 22:00:00+00:00,2026-03-01 03:00:00,2,4,0.24075541893641153,1,2026-02-28 10:00:00+00:00,False,False
2026-02-28 18:00:00+00:00,2026-02-28 23:00:00+00:00,2026-03-01 04:00:00,2,5,0.20310698946317038,1,2026-02-28 11:00:00+00:00,False,False
2026-02-28 18:00:00+00:00,2026-03-01 00:00:00+00:00,2026-03-01 05:00:00,2,6,0.040277294193704925,1,2026-02-28 12:00:00+00:00,False,False
2026-02-28 18:00:00+00:00,2026-03-01 01:00:00+00:00,2026-03-01 06:00:00,2,7,0.03145150529841582,1,2026-02-28 13:00:00+00:00,False,False
2026-02-28 18:00:00+00:00,2026-03-01 02:00:00+00:00,2026-03-01 07:00:00,2,8,0.018412591889500618,1,2026-02-28 14:00:00+00:00,False,False
2026-02-28 18:00:00+00:00,2026-03-01 03:00:00+00:00,2026-03-01 08:00:00,2,9,0.0110154221765697,1,2026-02-28 15:00:00+00:00,False,False
2026-02-28 18:00:00+00:00,2026-03-01 04:00:00+00:00,2026-03-01 09:00:00,2,10,0.008094158954918385,1,2026-02-28 16:00:00+00:00,False,False
2026-02-28 18:00:00+00:00,2026-03-01 05:00:00+00:00,2026-03-01 10:00:00,2,11,0.007419824289778869,1,2026-02-28 17:00:00+00:00,False,False
2026-02-28 18:00:00+00:00,2026-03-01 06:00:00+00:00,2026-03-01 11:00:00,2,12,0.007778157790501912,1,2026-02-28 18:00:00+00:00,False,False
2026-02-28 18:00:00+00:00,2026-03-01 07:00:00+00:00,2026-03-01 12:00:00,2,13,0.024390285834670067,2,2026-02-27 19:00:00+00:00,False,False
2026-02-28 18:00:00+00:00,2026-03-01 08:00:00+00:00,2026-03-01 13:00:00,2,14,0.026957576163113117,2,2026-02-27 20:00:00+00:00,False,False
2026-02-28 18:00:00+00:00,2026-03-01 09:00:00+00:00,2026-03-01 14:00:00,2,15,0.030235910788178444,2,2026-02-27 21:00:00+00:00,False,False
2026-02-28 18:00:00+00:00,2026-03-01 10:00:00+00:00,2026-03-01 15:00:00,2,16,0.03687147547801336,2,2026-02-27 22:00:00+00:00,False,False
2026-02-28 18:00:00+00:00,2026-03-01 11:00:00+00:00,2026-03-01 16:00:00,2,17,0.042927373200654984,2,2026-02-27 23:00:00+00:00,False,False
2026-02-28 18:00:00+00:00,2026-03-01 12:00:00+00:00,2026-03-01 17:00:00,2,18,0.05583012600739797,2,2026-02-28 00:00:00+00:00,False,False
2026-02-28 18:00:00+00:00,2026-03-01 13:00:00+00:00,2026-03-01 18:00:00,2,19,0.03164614488681158,2,2026-02-28 01:00:00+00:00,False,False
2026-02-28 18:00:00+00:00,2026-03-01 14:00:00+00:00,2026-03-01 19:00:00,2,20,0.020029790389041107,2,2026-02-28 02:00:00+00:00,False,False
2026-02-28 18:00:00+00:00,2026-03-01 15:00:00+00:00,2026-03-01 20:00:00,2,21,0.03353692218661308,2,2026-02-28 03:00:00+00:00,False,False
2026-02-28 18:00:00+00:00,2026-03-01 16:00:00+00:00,2026-03-01 21:00:00,2,22,0.05663119629025459,2,2026-02-28 04:00:00+00:00,False,False
2026-02-28 18:00:00+00:00,2026-03-01 17:00:00+00:00,2026-03-01 22:00:00,2,23,0.15727927287419638,2,2026-02-28 05:00:00+00:00,False,False
2026-02-28 18:00:00+00:00,2026-03-01 18:00:00+00:00,2026-03-01 23:00:00,2,24,0.9575232267379761,2,2026-02-28 06:00:00+00:00,False,False
2026-02-28 18:00:00+00:00,2026-03-01 19:00:00+00:00,2026-03-02 00:00:00,2,25,0.9814332922299703,2,2026-02-28 07:00:00+00:00,False,False
2026-02-28 18:00:00+00:00,2026-03-01 20:00:00+00:00,2026-03-02 01:00:00,2,26,0.9855855305989584,2,2026-02-28 08:00:00+00:00,False,False
2026-02-28 18:00:00+00:00,2026-03-01 21:00:00+00:00,2026-03-02 02:00:00,2,27,0.9862225651741028,2,2026-02-28 09:00:00+00:00,False,False
2026-02-28 18:00:00+00:00,2026-03-01 22:00:00+00:00,2026-03-02 03:00:00,2,28,0.9860072334607443,2,2026-02-28 10:00:00+00:00,False,False
2026-02-28 18:00:00+00:00,2026-03-01 23:00:00+00:00,2026-03-02 04:00:00,2,29,0.9789253870646158,2,2026-02-28 11:00:00+00:00,False,False
2026-02-28 18:00:00+00:00,2026-03-02 00:00:00+00:00,2026-03-02 05:00:00,2,30,0.9781391819318136,2,2026-02-28 12:00:00+00:00,False,False
2026-02-28 18:00:00+00:00,2026-03-02 01:00:00+00:00,2026-03-02 06:00:00,2,31,0.9643586277961731,2,2026-02-28 13:00:00+00:00,False,False
2026-02-28 18:00:00+00:00,2026-03-02 02:00:00+00:00,2026-03-02 07:00:00,2,32,0.9402903119723002,2,2026-02-28 14:00:00+00:00,False,False
2026-02-28 18:00:00+00:00,2026-03-02 03:00:00+00:00,2026-03-02 08:00:00,2,33,0.9085073868433634,2,2026-02-28 15:00:00+00:00,False,False
2026-02-28 18:00:00+00:00,2026-03-02 04:00:00+00:00,2026-03-02 09:00:00,2,34,0.8999634583791097,2,2026-02-28 16:00:00+00:00,False,False
2026-02-28 18:00:00+00:00,2026-03-02 05:00:00+00:00,2026-03-02 10:00:00,2,35,0.8064169883728027,2,2026-02-28 17:00:00+00:00,False,False
2026-02-28 18:00:00+00:00,2026-03-02 06:00:00+00:00,2026-03-02 11:00:00,2,36,0.6342187722524008,2,2026-02-28 18:00:00+00:00,False,False
2026-02-28 18:00:00+00:00,2026-03-02 07:00:00+00:00,2026-03-02 12:00:00,2,37,0.36749163269996643,3,2026-02-27 19:00:00+00:00,False,False
2026-02-28 18:00:00+00:00,2026-03-02 08:00:00+00:00,2026-03-02 13:00:00,2,38,0.503579576810201,3,2026-02-27 20:00:00+00:00,False,False
2026-02-28 18:00:00+00:00,2026-03-02 09:00:00+00:00,2026-03-02 14:00:00,2,39,0.6764984130859375,3,2026-02-27 21:00:00+00:00,False,False
2026-02-28 18:00:00+00:00,2026-03-02 10:00:00+00:00,2026-03-02 15:00:00,2,40,0.7048544883728027,3,2026-02-27 22:00:00+00:00,False,False
2026-02-28 18:00:00+00:00,2026-03-02 11:00:00+00:00,2026-03-02 16:00:00,2,41,0.6613370974858602,3,2026-02-27 23:00:00+00:00,False,False
2026-02-28 18:00:00+00:00,2026-03-02 12:00:00+00:00,2026-03-02 17:00:00,2,42,0.4130602578322093,3,2026-02-28 00:00:00+00:00,False,False
2026-02-28 18:00:00+00:00,2026-03-02 13:00:00+00:00,2026-03-02 18:00:00,2,43,0.25173910955588025,3,2026-02-28 01:00:00+00:00,False,False
2026-02-28 18:00:00+00:00,2026-03-02 14:00:00+00:00,2026-03-02 19:00:00,2,44,0.2974528620640437,3,2026-02-28 02:00:00+00:00,False,False
2026-02-28 18:00:00+00:00,2026-03-02 15:00:00+00:00,2026-03-02 20:00:00,2,45,0.22736260294914246,3,2026-02-28 03:00:00+00:00,False,False
2026-02-28 18:00:00+00:00,2026-03-02 16:00:00+00:00,2026-03-02 21:00:00,2,46,0.09964081769188245,3,2026-02-28 04:00:00+00:00,False,False
2026-02-28 18:00:00+00:00,2026-03-02 17:00:00+00:00,2026-03-02 22:00:00,2,47,0.05561210090915362,3,2026-02-28 05:00:00+00:00,False,False
2026-02-28 18:00:00+00:00,2026-03-02 18:00:00+00:00,2026-03-02 23:00:00,2,48,0.06488244732220967,3,2026-02-28 06:00:00+00:00,False,False
