as_of,valid_time,turbine_id,lead_hour,forecast_offset_days,available_at_upper_bound,power,predicted_power,baseline_power
2025-12-31 18:00:00+00:00,2025-12-31 19:00:00+00:00,1,1,1,2025-12-31 07:00:00+00:00,0.015,0.03783944000800451,0.3736853865525423
2025-12-31 18:00:00+00:00,2025-12-31 20:00:00+00:00,1,2,1,2025-12-31 08:00:00+00:00,0.16,0.06206723302602768,0.3736853865525423
2025-12-31 18:00:00+00:00,2025-12-31 21:00:00+00:00,1,3,1,2025-12-31 09:00:00+00:00,0.6366666666666667,0.15027809143066406,0.3736853865525423
2025-12-31 18:00:00+00:00,2025-12-31 22:00:00+00:00,1,4,1,2025-12-31 10:00:00+00:00,0.9883333333333333,0.4613998929659526,0.3736853865525423
2025-12-31 18:00:00+00:00,2025-12-31 23:00:00+00:00,1,5,1,2025-12-31 11:00:00+00:00,0.9899999999999999,0.8585992058118185,0.3736853865525423
2025-12-31 18:00:00+00:00,2026-01-01 00:00:00+00:00,1,6,1,2025-12-31 12:00:00+00:00,0.9883333333333333,0.9778213103612264,0.3736853865525423
2025-12-31 18:00:00+00:00,2026-01-01 01:00:00+00:00,1,7,1,2025-12-31 13:00:00+00:00,0.9566666666666667,0.9639372030893961,0.3736853865525423
2025-12-31 18:00:00+00:00,2026-01-01 02:00:00+00:00,1,8,1,2025-12-31 14:00:00+00:00,0.8266666666666667,0.9262706637382507,0.3736853865525423
2025-12-31 18:00:00+00:00,2026-01-01 03:00:00+00:00,1,9,1,2025-12-31 15:00:00+00:00,0.5716666666666667,0.8255060315132141,0.3736853865525423
2025-12-31 18:00:00+00:00,2026-01-01 04:00:00+00:00,1,10,1,2025-12-31 16:00:00+00:00,0.4083333333333334,0.5726272066434225,0.3736853865525423
2025-12-31 18:00:00+00:00,2026-01-01 05:00:00+00:00,1,11,1,2025-12-31 17:00:00+00:00,0.33666666666666667,0.3112259606520335,0.3736853865525423
2025-12-31 18:00:00+00:00,2026-01-01 06:00:00+00:00,1,12,1,2025-12-31 18:00:00+00:00,0.115,0.23559018472830454,0.3736853865525423
2025-12-31 18:00:00+00:00,2026-01-01 07:00:00+00:00,1,13,2,2025-12-30 19:00:00+00:00,0.045000000000000005,0.05274464562535286,0.3736853865525423
2025-12-31 18:00:00+00:00,2026-01-01 08:00:00+00:00,1,14,2,2025-12-30 20:00:00+00:00,0.065,0.041898380344112716,0.3736853865525423
2025-12-31 18:00:00+00:00,2026-01-01 09:00:00+00:00,1,15,2,2025-12-30 21:00:00+00:00,0.018333333333333333,0.03533917230864366,0.3736853865525423
2025-12-31 18:00:00+00:00,2026-01-01 10:00:00+00:00,1,16,2,2025-12-30 22:00:00+00:00,0.01,0.03795700644453367,0.3736853865525423
2025-12-31 18:00:00+00:00,2026-01-01 11:00:00+00:00,1,17,2,2025-12-30 23:00:00+00:00,0.01,0.04807679851849874,0.3736853865525423
2025-12-31 18:00:00+00:00,2026-01-01 12:00:00+00:00,1,18,2,2025-12-31 00:00:00+00:00,0.011666666666666667,0.0444084939857324,0.3736853865525423
2025-12-31 18:00:00+00:00,2026-01-01 13:00:00+00:00,1,19,2,2025-12-31 01:00:00+00:00,0.023333333333333334,0.05633459488550822,0.3736853865525423
2025-12-31 18:00:00+00:00,2026-01-01 14:00:00+00:00,1,20,2,2025-12-31 02:00:00+00:00,0.02,0.06373630712429683,0.3736853865525423
2025-12-31 18:00:00+00:00,2026-01-01 15:00:00+00:00,1,21,2,2025-12-31 03:00:00+00:00,0.07333333333333333,0.056702359269062676,0.3736853865525423
2025-12-31 18:00:00+00:00,2026-01-01 16:00:00+00:00,1,22,2,2025-12-31 04:00:00+00:00,0.07666666666666667,0.05175044077138106,0.3736853865525423
2025-12-31 18:00:00+00:00,2026-01-01 17:00:00+00:00,1,23,2,2025-12-31 05:00:00+00:00,0.043333333333333335,0.03276450062791506,0.3736853865525423
2025-12-31 18:00:00+00:00,2026-01-01 18:00:00+00:00,1,24,2,2025-12-31 06:00:00+00:00,0.01,0.038038539389769234,0.3736853865525423
2025-12-31 18:00:00+00:00,2026-01-01 19:00:00+00:00,1,25,2,2025-12-31 07:00:00+00:00,0.011666666666666667,0.03657964306573073,0.3736853865525423
2025-12-31 18:00:00+00:00,2026-01-01 20:00:00+00:00,1,26,2,2025-12-31 08:00:00+00:00,0.01,0.02882382335762183,0.3736853865525423
2025-12-31 18:00:00+00:00,2026-01-01 21:00:00+00:00,1,27,2,2025-12-31 09:00:00+00:00,0.01,0.024454480037093163,0.3736853865525423
2025-12-31 18:00:00+00:00,2026-01-01 22:00:00+00:00,1,28,2,2025-12-31 10:00:00+00:00,0.011666666666666667,0.024537786841392517,0.3736853865525423
2025-12-31 18:00:00+00:00,2026-01-01 23:00:00+00:00,1,29,2,2025-12-31 11:00:00+00:00,0.01,0.02577939194937547,0.3736853865525423
2025-12-31 18:00:00+00:00,2026-01-02 00:00:00+00:00,1,30,2,2025-12-31 12:00:00+00:00,0.01,0.017532622752090294,0.3736853865525423
2025-12-31 18:00:00+00:00,2026-01-02 01:00:00+00:00,1,31,2,2025-12-31 13:00:00+00:00,0.01,0.018051751889288425,0.3736853865525423
2025-12-31 18:00:00+00:00,2026-01-02 02:00:00+00:00,1,32,2,2025-12-31 14:00:00+00:00,0.01,0.020386717282235622,0.3736853865525423
2025-12-31 18:00:00+00:00,2026-01-02 03:00:00+00:00,1,33,2,2025-12-31 15:00:00+00:00,0.01,0.02839241238931815,0.3736853865525423
2025-12-31 18:00:00+00:00,2026-01-02 04:00:00+00:00,1,34,2,2025-12-31 16:00:00+00:00,0.075,0.04456580181916555,0.3736853865525423
2025-12-31 18:00:00+00:00,2026-01-02 05:00:00+00:00,1,35,2,2025-12-31 17:00:00+00:00,0.27999999999999997,0.07029604911804199,0.3736853865525423
2025-12-31 18:00:00+00:00,2026-01-02 06:00:00+00:00,1,36,2,2025-12-31 18:00:00+00:00,0.40499999999999997,0.10527149587869644,0.3736853865525423
2025-12-31 18:00:00+00:00,2026-01-02 07:00:00+00:00,1,37,3,2025-12-30 19:00:00+00:00,0.6466666666666666,0.272907555103302,0.3736853865525423
2025-12-31 18:00:00+00:00,2026-01-02 08:00:00+00:00,1,38,3,2025-12-30 20:00:00+00:00,0.8433333333333334,0.4235541522502899,0.3736853865525423
2025-12-31 18:00:00+00:00,2026-01-02 09:00:00+00:00,1,39,3,2025-12-30 21:00:00+00:00,0.71,0.468004047870636,0.3736853865525423
2025-12-31 18:00:00+00:00,2026-01-02 10:00:00+00:00,1,40,3,2025-12-30 22:00:00+00:00,0.5750000000000001,0.4542653461297353,0.3736853865525423
2025-12-31 18:00:00+00:00,2026-01-02 11:00:00+00:00,1,41,3,2025-12-30 23:00:00+00:00,0.42333333333333334,0.3731182316939036,0.3736853865525423
2025-12-31 18:00:00+00:00,2026-01-02 12:00:00+00:00,1,42,3,2025-12-31 00:00:00+00:00,0.35833333333333334,0.2602720856666565,0.3736853865525423
2025-12-31 18:00:00+00:00,2026-01-02 13:00:00+00:00,1,43,3,2025-12-31 01:00:00+00:00,0.425,0.2499132603406906,0.3736853865525423
2025-12-31 18:00:00+00:00,2026-01-02 14:00:00+00:00,1,44,3,2025-12-31 02:00:00+00:00,0.445,0.25404153267542523,0.3736853865525423
2025-12-31 18:00:00+00:00,2026-01-02 15:00:00+00:00,1,45,3,2025-12-31 03:00:00+00:00,0.6083333333333333,0.2491165945927302,0.3736853865525423
2025-12-31 18:00:00+00:00,2026-01-02 16:00:00+00:00,1,46,3,2025-12-31 04:00:00+00:00,0.875,0.23970594505469003,0.3736853865525423
2025-12-31 18:00:00+00:00,2026-01-02 17:00:00+00:00,1,47,3,2025-12-31 05:00:00+00:00,0.605,0.2481446166833242,0.3736853865525423
2025-12-31 18:00:00+00:00,2026-01-02 18:00:00+00:00,1,48,3,2025-12-31 06:00:00+00:00,0.31666666666666665,0.334405779838562,0.3736853865525423
2025-12-31 18:00:00+00:00,2025-12-31 19:00:00+00:00,2,1,1,2025-12-31 07:00:00+00:00,0.015,0.03407905747493108,0.36829703959695215
2025-12-31 18:00:00+00:00,2025-12-31 20:00:00+00:00,2,2,1,2025-12-31 08:00:00+00:00,0.16333333333333333,0.05423453698555628,0.36829703959695215
2025-12-31 18:00:00+00:00,2025-12-31 21:00:00+00:00,2,3,1,2025-12-31 09:00:00+00:00,0.63,0.12252578636010487,0.36829703959695215
2025-12-31 18:00:00+00:00,2025-12-31 22:00:00+00:00,2,4,1,2025-12-31 10:00:00+00:00,0.9766666666666666,0.4162520468235016,0.36829703959695215
2025-12-31 18:00:00+00:00,2025-12-31 23:00:00+00:00,2,5,1,2025-12-31 11:00:00+00:00,0.98,0.8556898832321167,0.36829703959695215
2025-12-31 18:00:00+00:00,2026-01-01 00:00:00+00:00,2,6,1,2025-12-31 12:00:00+00:00,0.975,0.9779819051424662,0.36829703959695215
2025-12-31 18:00:00+00:00,2026-01-01 01:00:00+00:00,2,7,1,2025-12-31 13:00:00+00:00,0.9566666666666667,0.9631688197453817,0.36829703959695215
2025-12-31 18:00:00+00:00,2026-01-01 02:00:00+00:00,2,8,1,2025-12-31 14:00:00+00:00,0.815,0.9212118983268738,0.36829703959695215
2025-12-31 18:00:00+00:00,2026-01-01 03:00:00+00:00,2,9,1,2025-12-31 15:00:00+00:00,0.585,0.8114558060963949,0.36829703959695215
2025-12-31 18:00:00+00:00,2026-01-01 04:00:00+00:00,2,10,1,2025-12-31 16:00:00+00:00,0.435,0.5469716191291809,0.36829703959695215
2025-12-31 18:00:00+00:00,2026-01-01 05:00:00+00:00,2,11,1,2025-12-31 17:00:00+00:00,0.3333333333333333,0.29871682325998944,0.36829703959695215
2025-12-31 18:00:00+00:00,2026-01-01 06:00:00+00:00,2,12,1,2025-12-31 18:00:00+00:00,0.11166666666666668,0.22973783314228058,0.36829703959695215
2025-12-31 18:00:00+00:00,2026-01-01 07:00:00+00:00,2,13,2,2025-12-30 19:00:00+00:00,0.05666666666666667,0.04979513958096504,0.36829703959695215
2025-12-31 18:00:00+00:00,2026-01-01 08:00:00+00:00,2,14,2,2025-12-30 20:00:00+00:00,0.06833333333333334,0.0387839258958896,0.36829703959695215
2025-12-31 18:00:00+00:00,2026-01-01 09:00:00+00:00,2,15,2,2025-12-30 21:00:00+00:00,0.021666666666666667,0.031972180431087814,0.36829703959695215
2025-12-31 18:00:00+00:00,2026-01-01 10:00:00+00:00,2,16,2,2025-12-30 22:00:00+00:00,0.008333333333333333,0.035941451167066894,0.36829703959695215
2025-12-31 18:00:00+00:00,2026-01-01 11:00:00+00:00,2,17,2,2025-12-30 23:00:00+00:00,0.01,0.04375243124862512,0.36829703959695215
2025-12-31 18:00:00+00:00,2026-01-01 12:00:00+00:00,2,18,2,2025-12-31 00:00:00+00:00,0.011666666666666667,0.03537857967118422,0.36829703959695215
2025-12-31 18:00:00+00:00,2026-01-01 13:00:00+00:00,2,19,2,2025-12-31 01:00:00+00:00,0.023333333333333334,0.046532563865184784,0.36829703959695215
2025-12-31 18:00:00+00:00,2026-01-01 14:00:00+00:00,2,20,2,2025-12-31 02:00:00+00:00,0.018333333333333333,0.05363325277964274,0.36829703959695215
2025-12-31 18:00:00+00:00,2026-01-01 15:00:00+00:00,2,21,2,2025-12-31 03:00:00+00:00,0.07666666666666667,0.048810999219616256,0.36829703959695215
2025-12-31 18:00:00+00:00,2026-01-01 16:00:00+00:00,2,22,2,2025-12-31 04:00:00+00:00,0.065,0.04472560870150725,0.36829703959695215
2025-12-31 18:00:00+00:00,2026-01-01 17:00:00+00:00,2,23,2,2025-12-31 05:00:00+00:00,0.04,0.031169214596350987,0.36829703959695215
2025-12-31 18:00:00+00:00,2026-01-01 18:00:00+00:00,2,24,2,2025-12-31 06:00:00+00:00,0.008333333333333333,0.03718215165038904,0.36829703959695215
2025-12-31 18:00:00+00:00,2026-01-01 19:00:00+00:00,2,25,2,2025-12-31 07:00:00+00:00,0.008333333333333333,0.036238511403401695,0.36829703959695215
2025-12-31 18:00:00+00:00,2026-01-01 20:00:00+00:00,2,26,2,2025-12-31 08:00:00+00:00,0.008333333333333333,0.02805188422401746,0.36829703959695215
2025-12-31 18:00:00+00:00,2026-01-01 21:00:00+00:00,2,27,2,2025-12-31 09:00:00+00:00,0.01,0.023931394641598065,0.36829703959695215
2025-12-31 18:00:00+00:00,2026-01-01 22:00:00+00:00,2,28,2,2025-12-31 10:00:00+00:00,0.008333333333333333,0.023955151438713074,0.36829703959695215
2025-12-31 18:00:00+00:00,2026-01-01 23:00:00+00:00,2,29,2,2025-12-31 11:00:00+00:00,0.005,0.024832963322599728,0.36829703959695215
2025-12-31 18:00:00+00:00,2026-01-02 00:00:00+00:00,2,30,2,2025-12-31 12:00:00+00:00,0.01,0.016510426998138428,0.36829703959695215
2025-12-31 18:00:00+00:00,2026-01-02 01:00:00+00:00,2,31,2,2025-12-31 13:00:00+00:00,0.01,0.01753484799216191,0.36829703959695215
2025-12-31 18:00:00+00:00,2026-01-02 02:00:00+00:00,2,32,2,2025-12-31 14:00:00+00:00,0.01,0.02054440261175235,0.36829703959695215
2025-12-31 18:00:00+00:00,2026-01-02 03:00:00+00:00,2,33,2,2025-12-31 15:00:00+00:00,0.01,0.02834324724972248,0.36829703959695215
2025-12-31 18:00:00+00:00,2026-01-02 04:00:00+00:00,2,34,2,2025-12-31 16:00:00+00:00,0.07666666666666667,0.043187438820799194,0.36829703959695215
2025-12-31 18:00:00+00:00,2026-01-02 05:00:00+00:00,2,35,2,2025-12-31 17:00:00+00:00,0.26666666666666666,0.06959352145592372,0.36829703959695215
2025-12-31 18:00:00+00:00,2026-01-02 06:00:00+00:00,2,36,2,2025-12-31 18:00:00+00:00,0.37666666666666665,0.10614048441251119,0.36829703959695215
2025-12-31 18:00:00+00:00,2026-01-02 07:00:00+00:00,2,37,3,2025-12-30 19:00:00+00:00,0.6766666666666667,0.2712015708287557,0.36829703959695215
2025-12-31 18:00:00+00:00,2026-01-02 08:00:00+00:00,2,38,3,2025-12-30 20:00:00+00:00,0.8849999999999999,0.40909725427627563,0.36829703959695215
2025-12-31 18:00:00+00:00,2026-01-02 09:00:00+00:00,2,39,3,2025-12-30 21:00:00+00:00,0.7450000000000001,0.4472338855266571,0.36829703959695215
2025-12-31 18:00:00+00:00,2026-01-02 10:00:00+00:00,2,40,3,2025-12-30 22:00:00+00:00,0.5816666666666667,0.43379207452138263,0.36829703959695215
2025-12-31 18:00:00+00:00,2026-01-02 11:00:00+00:00,2,41,3,2025-12-30 23:00:00+00:00,0.43333333333333335,0.35831313331921893,0.36829703959695215
2025-12-31 18:00:00+00:00,2026-01-02 12:00:00+00:00,2,42,3,2025-12-31 00:00:00+00:00,0.38000000000000006,0.23575487236181894,0.36829703959695215
2025-12-31 18:00:00+00:00,2026-01-02 13:00:00+00:00,2,43,3,2025-12-31 01:00:00+00:00,0.4466666666666666,0.21981327732404074,0.36829703959695215
2025-12-31 18:00:00+00:00,2026-01-02 14:00:00+00:00,2,44,3,2025-12-31 02:00:00+00:00,0.47,0.2276524156332016,0.36829703959695215
2025-12-31 18:00:00+00:00,2026-01-02 15:00:00+00:00,2,45,3,2025-12-31 03:00:00+00:00,0.66,0.22706187268098196,0.36829703959695215
2025-12-31 18:00:00+00:00,2026-01-02 16:00:00+00:00,2,46,3,2025-12-31 04:00:00+00:00,0.8850000000000001,0.21510227024555206,0.36829703959695215
2025-12-31 18:00:00+00:00,2026-01-02 17:00:00+00:00,2,47,3,2025-12-31 05:00:00+00:00,0.6649999999999999,0.2181489219268163,0.36829703959695215
2025-12-31 18:00:00+00:00,2026-01-02 18:00:00+00:00,2,48,3,2025-12-31 06:00:00+00:00,0.295,0.2976636588573456,0.36829703959695215
2026-01-01 18:00:00+00:00,2026-01-01 19:00:00+00:00,1,1,1,2026-01-01 07:00:00+00:00,0.011666666666666667,0.016882408720751602,0.3736853865525423
2026-01-01 18:00:00+00:00,2026-01-01 20:00:00+00:00,1,2,1,2026-01-01 08:00:00+00:00,0.01,0.015176257429023584,0.3736853865525423
2026-01-01 18:00:00+00:00,2026-01-01 21:00:00+00:00,1,3,1,2026-01-01 09:00:00+00:00,0.01,0.01203281075383226,0.3736853865525423
2026-01-01 18:00:00+00:00,2026-01-01 22:00:00+00:00,1,4,1,2026-01-01 10:00:00+00:00,0.011666666666666667,0.011375926434993744,0.3736853865525423
2026-01-01 18:00:00+00:00,2026-01-01 23:00:00+00:00,1,5,1,2026-01-01 11:00:00+00:00,0.01,0.017802388096849125,0.3736853865525423
2026-01-01 18:00:00+00:00,2026-01-02 00:00:00+00:00,1,6,1,2026-01-01 12:00:00+00:00,0.01,0.012961653992533684,0.3736853865525423
2026-01-01 18:00:00+00:00,2026-01-02 01:00:00+00:00,1,7,1,2026-01-01 13:00:00+00:00,0.01,0.009903096749136845,0.3736853865525423
2026-01-01 18:00:00+00:00,2026-01-02 02:00:00+00:00,1,8,1,2026-01-01 14:00:00+00:00,0.01,0.01679224024216334,0.3736853865525423
2026-01-01 18:00:00+00:00,2026-01-02 03:00:00+00:00,1,9,1,2026-01-01 15:00:00+00:00,0.01,0.02639058915277322,0.3736853865525423
2026-01-01 18:00:00+00:00,2026-01-02 04:00:00+00:00,1,10,1,2026-01-01 16:00:00+00:00,0.075,0.041058922186493874,0.3736853865525423
2026-01-01 18:00:00+00:00,2026-01-02 05:00:00+00:00,1,11,1,2026-01-01 17:00:00+00:00,0.27999999999999997,0.06254541501402855,0.3736853865525423
2026-01-01 18:00:00+00:00,2026-01-02 06:00:00+00:00,1,12,1,2026-01-01 18:00:00+00:00,0.40499999999999997,0.12218945970137914,0.3736853865525423
2026-01-01 18:00:00+00:00,2026-01-02 07:00:00+00:00,1,13,2,2025-12-31 19:00:00+00:00,0.6466666666666666,0.18075173099835715,0.3736853865525423
2026-01-01 18:00:00+00:00,2026-01-02 08:00:00+00:00,1,14,2,2025-12-31 20:00:00+00:00,0.8433333333333334,0.24253517389297485,0.3736853865525423
2026-01-01 18:00:00+00:00,2026-01-02 09:00:00+00:00,1,15,2,2025-12-31 21:00:00+00:00,0.71,0.22335767249266306,0.3736853865525423
2026-01-01 18:00:00+00:00,2026-01-02 10:00:00+00:00,1,16,2,2025-12-31 22:00:00+00:00,0.5750000000000001,0.15273436655600867,0.3736853865525423
2026-01-01 18:00:00+00:00,2026-01-02 11:00:00+00:00,1,17,2,2025-12-31 23:00:00+00:00,0.42333333333333334,0.11328024665514629,0.3736853865525423
2026-01-01 18:00:00+00:00,2026-01-02 12:00:00+00:00,1,18,2,2026-01-01 00:00:00+00:00,0.35833333333333334,0.24788006146748862,0.3736853865525423
2026-01-01 18:00:00+00:00,2026-01-02 13:00:00+00:00,1,19,2,2026-01-01 01:00:00+00:00,0.425,0.24022298554579416,0.3736853865525423
2026-01-01 18:00:00+00:00,2026-01-02 14:00:00+00:00,1,20,2,2026-01-01 02:00:00+00:00,0.445,0.2230959286292394,0.3736853865525423
2026-01-01 18:00:00+00:00,2026-01-02 15:00:00+00:00,1,21,2,2026-01-01 03:00:00+00:00,0.6083333333333333,0.24422228833039603,0.3736853865525423
2026-01-01 18:00:00+00:00,2026-01-02 16:00:00+00:00,1,22,2,2026-01-01 04:00:00+00:00,0.875,0.2528526534636815,0.3736853865525423
2026-01-01 18:00:00+00:00,2026-01-02 17:00:00+00:00,1,23,2,2026-01-01 05:00:00+00:00,0.605,0.2724074323972066,0.3736853865525423
2026-01-01 18:00:00+00:00,2026-01-02 18:00:00+00:00,1,24,2,2026-01-01 06:00:00+00:00,0.31666666666666665,0.24673166374365488,0.3736853865525423
2026-01-01 18:00:00+00:00,2026-01-02 19:00:00+00:00,1,25,2,2026-01-01 07:00:00+00:00,0.26166666666666666,0.2842705349127452,0.3736853865525423
2026-01-01 18:00:00+00:00,2026-01-02 20:00:00+00:00,1,26,2,2026-01-01 08:00:00+00:00,0.22166666666666668,0.2982235252857208,0.3736853865525423
2026-01-01 18:00:00+00:00,2026-01-02 21:00:00+00:00,1,27,2,2026-01-01 09:00:00+00:00,0.36166666666666664,0.2862314780553182,0.3736853865525423
2026-01-01 18:00:00+00:00,2026-01-02 22:00:00+00:00,1,28,2,2026-01-01 10:00:00+00:00,0.17833333333333334,0.31082533796628314,0.3736853865525423
2026-01-01 18:00:00+00:00,2026-01-02 23:00:00+00:00,1,29,2,2026-01-01 11:00:00+00:00,0.21,0.3434880276521047,0.3736853865525423
2026-01-01 18:00:00+00:00,2026-01-03 00:00:00+00:00,1,30,2,2026-01-01 12:00:00+00:00,0.255,0.3869252602259318,0.3736853865525423
2026-01-01 18:00:00+00:00,2026-01-03 01:00:00+00:00,1,31,2,2026-01-01 13:00:00+00:00,0.16,0.25929783781369525,0.3736853865525423
2026-01-01 18:00:00+00:00,2026-01-03 02:00:00+00:00,1,32,2,2026-01-01 14:00:00+00:00,0.26,0.30235053102175397,0.3736853865525423
2026-01-01 18:00:00+00:00,2026-01-03 03:00:00+00:00,1,33,2,2026-01-01 15:00:00+00:00,0.22833333333333336,0.2429565836985906,0.3736853865525423
2026-01-01 18:00:00+00:00,2026-01-03 04:00:00+00:00,1,34,2,2026-01-01 16:00:00+00:00,0.165,0.2777179181575775,0.3736853865525423
2026-01-01 18:00:00+00:00,2026-01-03 05:00:00+00:00,1,35,2,2026-01-01 17:00:00+00:00,0.15166666666666667,0.3972446223100026,0.3736853865525423
2026-01-01 18:00:00+00:00,2026-01-03 06:00:00+00:00,1,36,2,2026-01-01 18:00:00+00:00,0.07333333333333333,0.5029401977856954,0.3736853865525423
2026-01-01 18:00:00+00:00,2026-01-03 07:00:00+00:00,1,37,3,2025-12-31 19:00:00+00:00,0.13333333333333333,0.6209386388460795,0.3736853865525423
2026-01-01 18:00:00+00:00,2026-01-03 08:00:00+00:00,1,38,3,2025-12-31 20:00:00+00:00,0.17666666666666667,0.6248177091280619,0.3736853865525423
2026-01-01 18:00:00+00:00,2026-01-03 09:00:00+00:00,1,39,3,2025-12-31 21:00:00+00:00,0.17166666666666666,0.5793488423029581,0.3736853865525423
2026-01-01 18:00:00+00:00,2026-01-03 10:00:00+00:00,1,40,3,2025-12-31 22:00:00+00:00,0.19666666666666666,0.6244716048240662,0.3736853865525423
2026-01-01 18:00:00+00:00,2026-01-03 11:00:00+00:00,1,41,3,2025-12-31 23:00:00+00:00,0.24333333333333332,0.642262856165568,0.3736853865525423
2026-01-01 18:00:00+00:00,2026-01-03 12:00:00+00:00,1,42,3,2026-01-01 00:00:00+00:00,0.255,0.5274452169736227,0.3736853865525423
2026-01-01 18:00:00+00:00,2026-01-03 13:00:00+00:00,1,43,3,2026-01-01 01:00:00+00:00,0.5216666666666666,0.4492885271708171,0.3736853865525423
2026-01-01 18:00:00+00:00,2026-01-03 14:00:00+00:00,1,44,3,2026-01-01 02:00:00+00:00,0.215,0.5534634490807852,0.3736853865525423
2026-01-01 18:00:00+00:00,2026-01-03 15:00:00+00:00,1,45,3,2026-01-01 03:00:00+00:00,0.5683333333333334,0.43468302488327026,0.3736853865525423
2026-01-01 18:00:00+00:00,2026-01-03 16:00:00+00:00,1,46,3,2026-01-01 04:00:00+00:00,0.29833333333333334,0.433980127175649,0.3736853865525423
2026-01-01 18:00:00+00:00,2026-01-03 17:00:00+00:00,1,47,3,2026-01-01 05:00:00+00:00,0.19000000000000003,0.5017076234022776,0.3736853865525423
2026-01-01 18:00:00+00:00,2026-01-03 18:00:00+00:00,1,48,3,2026-01-01 06:00:00+00:00,0.30833333333333335,0.27526968717575073,0.3736853865525423
2026-01-01 18:00:00+00:00,2026-01-01 19:00:00+00:00,2,1,1,2026-01-01 07:00:00+00:00,0.008333333333333333,0.016132648413379986,0.36829703959695215
2026-01-01 18:00:00+00:00,2026-01-01 20:00:00+00:00,2,2,1,2026-01-01 08:00:00+00:00,0.008333333333333333,0.01456296614681681,0.36829703959695215
2026-01-01 18:00:00+00:00,2026-01-01 21:00:00+00:00,2,3,1,2026-01-01 09:00:00+00:00,0.01,0.011414357150594393,0.36829703959695215
2026-01-01 18:00:00+00:00,2026-01-01 22:00:00+00:00,2,4,1,2026-01-01 10:00:00+00:00,0.008333333333333333,0.010881269816309214,0.36829703959695215
2026-01-01 18:00:00+00:00,2026-01-01 23:00:00+00:00,2,5,1,2026-01-01 11:00:00+00:00,0.005,0.01767033680031697,0.36829703959695215
2026-01-01 18:00:00+00:00,2026-01-02 00:00:00+00:00,2,6,1,2026-01-01 12:00:00+00:00,0.01,0.012448916677385569,0.36829703959695215
2026-01-01 18:00:00+00:00,2026-01-02 01:00:00+00:00,2,7,1,2026-01-01 13:00:00+00:00,0.01,0.009643244401862225,0.36829703959695215
2026-01-01 18:00:00+00:00,2026-01-02 02:00:00+00:00,2,8,1,2026-01-01 14:00:00+00:00,0.01,0.01627869127939145,0.36829703959695215
2026-01-01 18:00:00+00:00,2026-01-02 03:00:00+00:00,2,9,1,2026-01-01 15:00:00+00:00,0.01,0.025177104398608208,0.36829703959695215
2026-01-01 18:00:00+00:00,2026-01-02 04:00:00+00:00,2,10,1,2026-01-01 16:00:00+00:00,0.07666666666666667,0.038632625713944435,0.36829703959695215
2026-01-01 18:00:00+00:00,2026-01-02 05:00:00+00:00,2,11,1,2026-01-01 17:00:00+00:00,0.26666666666666666,0.06035937741398811,0.36829703959695215
2026-01-01 18:00:00+00:00,2026-01-02 06:00:00+00:00,2,12,1,2026-01-01 18:00:00+00:00,0.37666666666666665,0.12794737021128336,0.36829703959695215
2026-01-01 18:00:00+00:00,2026-01-02 07:00:00+00:00,2,13,2,2025-12-31 19:00:00+00:00,0.6766666666666667,0.18455671270688376,0.36829703959695215
2026-01-01 18:00:00+00:00,2026-01-02 08:00:00+00:00,2,14,2,2025-12-31 20:00:00+00:00,0.8849999999999999,0.24380755921204886,0.36829703959695215
2026-01-01 18:00:00+00:00,2026-01-02 09:00:00+00:00,2,15,2,2025-12-31 21:00:00+00:00,0.7450000000000001,0.21092184881369272,0.36829703959695215
2026-01-01 18:00:00+00:00,2026-01-02 10:00:00+00:00,2,16,2,2025-12-31 22:00:00+00:00,0.5816666666666667,0.13214249908924103,0.36829703959695215
2026-01-01 18:00:00+00:00,2026-01-02 11:00:00+00:00,2,17,2,2025-12-31 23:00:00+00:00,0.43333333333333335,0.09352801491816838,0.36829703959695215
2026-01-01 18:00:00+00:00,2026-01-02 12:00:00+00:00,2,18,2,2026-01-01 00:00:00+00:00,0.38000000000000006,0.20108447968959808,0.36829703959695215
2026-01-01 18:00:00+00:00,2026-01-02 13:00:00+00:00,2,19,2,2026-01-01 01:00:00+00:00,0.4466666666666666,0.1992350866397222,0.36829703959695215
2026-01-01 18:00:00+00:00,2026-01-02 14:00:00+00:00,2,20,2,2026-01-01 02:00:00+00:00,0.47,0.18749893208344778,0.36829703959695215
2026-01-01 18:00:00+00:00,2026-01-02 15:00:00+00:00,2,21,2,2026-01-01 03:00:00+00:00,0.66,0.216511070728302,0.36829703959695215
2026-01-01 18:00:00+00:00,2026-01-02 16:00:00+00:00,2,22,2,2026-01-01 04:00:00+00:00,0.8850000000000001,0.23541686435540518,0.36829703959695215
2026-01-01 18:00:00+00:00,2026-01-02 17:00:00+00:00,2,23,2,2026-01-01 05:00:00+00:00,0.6649999999999999,0.2570254107316335,0.36829703959695215
2026-01-01 18:00:00+00:00,2026-01-02 18:00:00+00:00,2,24,2,2026-01-01 06:00:00+00:00,0.295,0.2206742763519287,0.36829703959695215
2026-01-01 18:00:00+00:00,2026-01-02 19:00:00+00:00,2,25,2,2026-01-01 07:00:00+00:00,0.21166666666666667,0.2411478211482366,0.36829703959695215
2026-01-01 18:00:00+00:00,2026-01-02 20:00:00+00:00,2,26,2,2026-01-01 08:00:00+00:00,0.19833333333333333,0.2538667619228363,0.36829703959695215
2026-01-01 18:00:00+00:00,2026-01-02 21:00:00+00:00,2,27,2,2026-01-01 09:00:00+00:00,0.31,0.23537745575110117,0.36829703959695215
2026-01-01 18:00:00+00:00,2026-01-02 22:00:00+00:00,2,28,2,2026-01-01 10:00:00+00:00,0.15833333333333333,0.2567426860332489,0.36829703959695215
2026-01-01 18:00:00+00:00,2026-01-02 23:00:00+00:00,2,29,2,2026-01-01 11:00:00+00:00,0.18999999999999997,0.2858955164750417,0.36829703959695215
2026-01-01 18:00:00+00:00,2026-01-03 00:00:00+00:00,2,30,2,2026-01-01 12:00:00+00:00,0.25166666666666665,0.3292170961697896,0.36829703959695215
2026-01-01 18:00:00+00:00,2026-01-03 01:00:00+00:00,2,31,2,2026-01-01 13:00:00+00:00,0.14666666666666667,0.21908132235209146,0.36829703959695215
2026-01-01 18:00:00+00:00,2026-01-03 02:00:00+00:00,2,32,2,2026-01-01 14:00:00+00:00,0.26,0.26758696635564166,0.36829703959695215
2026-01-01 18:00:00+00:00,2026-01-03 03:00:00+00:00,2,33,2,2026-01-01 15:00:00+00:00,0.22,0.21155564983685812,0.36829703959695215
2026-01-01 18:00:00+00:00,2026-01-03 04:00:00+00:00,2,34,2,2026-01-01 16:00:00+00:00,0.11833333333333333,0.24740715821584067,0.36829703959695215
2026-01-01 18:00:00+00:00,2026-01-03 05:00:00+00:00,2,35,2,2026-01-01 17:00:00+00:00,0.135,0.36400555570920307,0.36829703959695215
2026-01-01 18:00:00+00:00,2026-01-03 06:00:00+00:00,2,36,2,2026-01-01 18:00:00+00:00,0.06666666666666667,0.49690012137095135,0.36829703959695215
2026-01-01 18:00:00+00:00,2026-01-03 07:00:00+00:00,2,37,3,2025-12-31 19:00:00+00:00,0.14333333333333334,0.5962326526641846,0.36829703959695215
2026-01-01 18:00:00+00:00,2026-01-03 08:00:00+00:00,2,38,3,2025-12-31 20:00:00+00:00,0.16166666666666665,0.6163991888364156,0.36829703959695215
2026-01-01 18:00:00+00:00,2026-01-03 09:00:00+00:00,2,39,3,2025-12-31 21:00:00+00:00,0.15833333333333333,0.5759780605634054,0.36829703959695215
2026-01-01 18:00:00+00:00,2026-01-03 10:00:00+00:00,2,40,3,2025-12-31 22:00:00+00:00,0.19666666666666666,0.6415226459503174,0.36829703959695215
2026-01-01 18:00:00+00:00,2026-01-03 11:00:00+00:00,2,41,3,2025-12-31 23:00:00+00:00,0.20666666666666667,0.6716662844022115,0.36829703959695215
2026-01-01 18:00:00+00:00,2026-01-03 12:00:00+00:00,2,42,3,2026-01-01 00:00:00+00:00,0.2783333333333333,0.5422216057777405,0.36829703959695215
2026-01-01 18:00:00+00:00,2026-01-03 13:00:00+00:00,2,43,3,2026-01-01 01:00:00+00:00,0.5066666666666667,0.43747642636299133,0.36829703959695215
2026-01-01 18:00:00+00:00,2026-01-03 14:00:00+00:00,2,44,3,2026-01-01 02:00:00+00:00,0.245,0.5348828633626302,0.36829703959695215
2026-01-01 18:00:00+00:00,2026-01-03 15:00:00+00:00,2,45,3,2026-01-01 03:00:00+00:00,0.48833333333333334,0.40878719091415405,0.36829703959695215
2026-01-01 18:00:00+00:00,2026-01-03 16:00:00+00:00,2,46,3,2026-01-01 04:00:00+00:00,0.285,0.4027733306090037,0.36829703959695215
2026-01-01 18:00:00+00:00,2026-01-03 17:00:00+00:00,2,47,3,2026-01-01 05:00:00+00:00,0.15833333333333335,0.44561003645261127,0.36829703959695215
2026-01-01 18:00:00+00:00,2026-01-03 18:00:00+00:00,2,48,3,2026-01-01 06:00:00+00:00,0.265,0.22744615375995636,0.36829703959695215
2026-01-02 18:00:00+00:00,2026-01-02 19:00:00+00:00,1,1,1,2026-01-02 07:00:00+00:00,0.26166666666666666,0.320625364780426,0.3736853865525423
2026-01-02 18:00:00+00:00,2026-01-02 20:00:00+00:00,1,2,1,2026-01-02 08:00:00+00:00,0.22166666666666668,0.3233729799588521,0.3736853865525423
2026-01-02 18:00:00+00:00,2026-01-02 21:00:00+00:00,1,3,1,2026-01-02 09:00:00+00:00,0.36166666666666664,0.35302721460660297,0.3736853865525423
2026-01-02 18:00:00+00:00,2026-01-02 22:00:00+00:00,1,4,1,2026-01-02 10:00:00+00:00,0.17833333333333334,0.3045710027217865,0.3736853865525423
2026-01-02 18:00:00+00:00,2026-01-02 23:00:00+00:00,1,5,1,2026-01-02 11:00:00+00:00,0.21,0.34770698348681134,0.3736853865525423
2026-01-02 18:00:00+00:00,2026-01-03 00:00:00+00:00,1,6,1,2026-01-02 12:00:00+00:00,0.255,0.2440029333035151,0.3736853865525423
2026-01-02 18:00:00+00:00,2026-01-03 01:00:00+00:00,1,7,1,2026-01-02 13:00:00+00:00,0.16,0.11916320025920868,0.3736853865525423
2026-01-02 18:00:00+00:00,2026-01-03 02:00:00+00:00,1,8,1,2026-01-02 14:00:00+00:00,0.26,0.1613839715719223,0.3736853865525423
2026-01-02 18:00:00+00:00,2026-01-03 03:00:00+00:00,1,9,1,2026-01-02 15:00:00+00:00,0.22833333333333336,0.24748413761456808,0.3736853865525423
2026-01-02 18:00:00+00:00,2026-01-03 04:00:00+00:00,1,10,1,2026-01-02 16:00:00+00:00,0.165,0.30360548694928485,0.3736853865525423
2026-01-02 18:00:00+00:00,2026-01-03 05:00:00+00:00,1,11,1,2026-01-02 17:00:00+00:00,0.15166666666666667,0.418930063645045,0.3736853865525423
2026-01-02 18:00:00+00:00,2026-01-03 06:00:00+00:00,1,12,1,2026-01-02 18:00:00+00:00,0.07333333333333333,0.46716107924779254,0.3736853865525423
2026-01-02 18:00:00+00:00,2026-01-03 07:00:00+00:00,1,13,2,2026-01-01 19:00:00+00:00,0.13333333333333333,0.46662261088689166,0.3736853865525423
2026-01-02 18:00:00+00:00,2026-01-03 08:00:00+00:00,1,14,2,2026-01-01 20:00:00+00:00,0.17666666666666667,0.4696499804655711,0.3736853865525423
2026-01-02 18:00:00+00:00,2026-01-03 09:00:00+00:00,1,15,2,2026-01-01 21:00:00+00:00,0.17166666666666666,0.5499278903007507,0.3736853865525423
2026-01-02 18:00:00+00:00,2026-01-03 10:00:00+00:00,1,16,2,2026-01-01 22:00:00+00:00,0.19666666666666666,0.5259017745653788,0.3736853865525423
2026-01-02 18:00:00+00:00,2026-01-03 11:00:00+00:00,1,17,2,2026-01-01 23:00:00+00:00,0.24333333333333332,0.5236739019552866,0.3736853865525423
2026-01-02 18:00:00+00:00,2026-01-03 12:00:00+00:00,1,18,2,2026-01-02 00:00:00+00:00,0.255,0.5651335120201111,0.3736853865525423
2026-01-02 18:00:00+00:00,2026-01-03 13:00:00+00:00,1,19,2,2026-01-02 01:00:00+00:00,0.5216666666666666,0.4714115560054779,0.3736853865525423
2026-01-02 18:00:00+00:00,2026-01-03 14:00:00+00:00,1,20,2,2026-01-02 02:00:00+00:00,0.215,0.44947172204653424,0.3736853865525423
2026-01-02 18:00:00+00:00,2026-01-03 15:00:00+00:00,1,21,2,2026-01-02 03:00:00+00:00,0.5683333333333334,0.3600500822067261,0.3736853865525423
2026-01-02 18:00:00+00:00,2026-01-03 16:00:00+00:00,1,22,2,2026-01-02 04:00:00+00:00,0.29833333333333334,0.34979496399561566,0.3736853865525423
2026-01-02 18:00:00+00:00,2026-01-03 17:00:00+00:00,1,23,2,2026-01-02 05:00:00+00:00,0.19000000000000003,0.3846736749013265,0.3736853865525423
2026-01-02 18:00:00+00:00,2026-01-03 18:00:00+00:00,1,24,2,2026-01-02 06:00:00+00:00,0.30833333333333335,0.3190217713514964,0.3736853865525423
2026-01-02 18:00:00+00:00,2026-01-03 19:00:00+00:00,1,25,2,2026-01-02 07:00:00+00:00,0.23166666666666666,0.3774147431055705,0.3736853865525423
2026-01-02 18:00:00+00:00,2026-01-03 20:00:00+00:00,1,26,2,2026-01-02 08:00:00+00:00,0.2866666666666667,0.45982860525449115,0.3736853865525423
2026-01-02 18:00:00+00:00,2026-01-03 21:00:00+00:00,1,27,2,2026-01-02 09:00:00+00:00,0.28,0.47280482451121014,0.3736853865525423
2026-01-02 18:00:00+00:00,2026-01-03 22:00:00+00:00,1,28,2,2026-01-02 10:00:00+00:00,0.19000000000000003,0.5076696276664734,0.3736853865525423
2026-01-02 18:00:00+00:00,2026-01-03 23:00:00+00:00,1,29,2,2026-01-02 11:00:00+00:00,0.2733333333333334,0.4405059615770976,0.3736853865525423
2026-01-02 18:00:00+00:00,2026-01-04 00:00:00+00:00,1,30,2,2026-01-02 12:00:00+00:00,0.26666666666666666,0.5519214073816935,0.3736853865525423
2026-01-02 18:00:00+00:00,2026-01-04 01:00:00+00:00,1,31,2,2026-01-02 13:00:00+00:00,0.39166666666666666,0.5527131160100301,0.3736853865525423
2026-01-02 18:00:00+00:00,2026-01-04 02:00:00+00:00,1,32,2,2026-01-02 14:00:00+00:00,0.30833333333333335,0.5300518671671549,0.3736853865525423
2026-01-02 18:00:00+00:00,2026-01-04 03:00:00+00:00,1,33,2,2026-01-02 15:00:00+00:00,0.5016666666666666,0.4856378436088562,0.3736853865525423
2026-01-02 18:00:00+00:00,2026-01-04 04:00:00+00:00,1,34,2,2026-01-02 16:00:00+00:00,0.07166666666666667,0.34445197383562726,0.3736853865525423
2026-01-02 18:00:00+00:00,2026-01-04 05:00:00+00:00,1,35,2,2026-01-02 17:00:00+00:00,0.07166666666666667,0.3024255335330963,0.3736853865525423
2026-01-02 18:00:00+00:00,2026-01-04 06:00:00+00:00,1,36,2,2026-01-02 18:00:00+00:00,0.07333333333333333,0.08487575004498164,0.3736853865525423
2026-01-02 18:00:00+00:00,2026-01-04 07:00:00+00:00,1,37,3,2026-01-01 19:00:00+00:00,0.01,0.02635481022298336,0.3736853865525423
2026-01-02 18:00:00+00:00,2026-01-04 08:00:00+00:00,1,38,3,2026-01-01 20:00:00+00:00,0.01,0.02926359387735526,0.3736853865525423
2026-01-02 18:00:00+00:00,2026-01-04 09:00:00+00:00,1,39,3,2026-01-01 21:00:00+00:00,0.01,0.03142062947154045,0.3736853865525423
2026-01-02 18:00:00+00:00,2026-01-04 10:00:00+00:00,1,40,3,2026-01-01 22:00:00+00:00,0.03333333333333333,0.030944872026642162,0.3736853865525423
2026-01-02 18:00:00+00:00,2026-01-04 11:00:00+00:00,1,41,3,2026-01-01 23:00:00+00:00,0.25333333333333335,0.02922317385673523,0.3736853865525423
2026-01-02 18:00:00+00:00,2026-01-04 12:00:00+00:00,1,42,3,2026-01-02 00:00:00+00:00,0.6166666666666666,0.06860535840193431,0.3736853865525423
2026-01-02 18:00:00+00:00,2026-01-04 13:00:00+00:00,1,43,3,2026-01-02 01:00:00+00:00,0.6016666666666667,0.15395896136760712,0.3736853865525423
2026-01-02 18:00:00+00:00,2026-01-04 14:00:00+00:00,1,44,3,2026-01-02 02:00:00+00:00,0.6366666666666667,0.3139179249604543,0.3736853865525423
2026-01-02 18:00:00+00:00,2026-01-04 15:00:00+00:00,1,45,3,2026-01-02 03:00:00+00:00,0.47500000000000003,0.47793419162432355,0.3736853865525423
2026-01-02 18:00:00+00:00,2026-01-04 16:00:00+00:00,1,46,3,2026-01-02 04:00:00+00:00,0.3233333333333333,0.6249894499778748,0.3736853865525423
2026-01-02 18:00:00+00:00,2026-01-04 17:00:00+00:00,1,47,3,2026-01-02 05:00:00+00:00,0.4683333333333333,0.6156843105951945,0.3736853865525423
2026-01-02 18:00:00+00:00,2026-01-04 18:00:00+00:00,1,48,3,2026-01-02 06:00:00+00:00,0.7666666666666666,0.6057450771331787,0.3736853865525423
2026-01-02 18:00:00+00:00,2026-01-02 19:00:00+00:00,2,1,1,2026-01-02 07:00:00+00:00,0.21166666666666667,0.27684001127878827,0.36829703959695215
2026-01-02 18:00:00+00:00,2026-01-02 20:00:00+00:00,2,2,1,2026-01-02 08:00:00+00:00,0.19833333333333333,0.27144113183021545,0.36829703959695215
2026-01-02 18:00:00+00:00,2026-01-02 21:00:00+00:00,2,3,1,2026-01-02 09:00:00+00:00,0.31,0.29040266076723736,0.36829703959695215
2026-01-02 18:00:00+00:00,2026-01-02 22:00:00+00:00,2,4,1,2026-01-02 10:00:00+00:00,0.15833333333333333,0.24680760006109873,0.36829703959695215
2026-01-02 18:00:00+00:00,2026-01-02 23:00:00+00:00,2,5,1,2026-01-02 11:00:00+00:00,0.18999999999999997,0.2904229362805684,0.36829703959695215
2026-01-02 18:00:00+00:00,2026-01-03 00:00:00+00:00,2,6,1,2026-01-02 12:00:00+00:00,0.25166666666666665,0.22268885870774588,0.36829703959695215
2026-01-02 18:00:00+00:00,2026-01-03 01:00:00+00:00,2,7,1,2026-01-02 13:00:00+00:00,0.14666666666666667,0.11590693891048431,0.36829703959695215
2026-01-02 18:00:00+00:00,2026-01-03 02:00:00+00:00,2,8,1,2026-01-02 14:00:00+00:00,0.26,0.15527151028315225,0.36829703959695215
2026-01-02 18:00:00+00:00,2026-01-03 03:00:00+00:00,2,9,1,2026-01-02 15:00:00+00:00,0.22,0.24137628575166067,0.36829703959695215
2026-01-02 18:00:00+00:00,2026-01-03 04:00:00+00:00,2,10,1,2026-01-02 16:00:00+00:00,0.11833333333333333,0.29323924084504444,0.36829703959695215
2026-01-02 18:00:00+00:00,2026-01-03 05:00:00+00:00,2,11,1,2026-01-02 17:00:00+00:00,0.135,0.41058438022931415,0.36829703959695215
2026-01-02 18:00:00+00:00,2026-01-03 06:00:00+00:00,2,12,1,2026-01-02 18:00:00+00:00,0.06666666666666667,0.48699955145517987,0.36829703959695215
2026-01-02 18:00:00+00:00,2026-01-03 07:00:00+00:00,2,13,2,2026-01-01 19:00:00+00:00,0.14333333333333334,0.4568036198616028,0.36829703959695215
2026-01-02 18:00:00+00:00,2026-01-03 08:00:00+00:00,2,14,2,2026-01-01 20:00:00+00:00,0.16166666666666665,0.46835222840309143,0.36829703959695215
2026-01-02 18:00:00+00:00,2026-01-03 09:00:00+00:00,2,15,2,2026-01-01 21:00:00+00:00,0.15833333333333333,0.5320003926753998,0.36829703959695215
2026-01-02 18:00:00+00:00,2026-01-03 10:00:00+00:00,2,16,2,2026-01-01 22:00:00+00:00,0.19666666666666666,0.5042925477027893,0.36829703959695215
2026-01-02 18:00:00+00:00,2026-01-03 11:00:00+00:00,2,17,2,2026-01-01 23:00:00+00:00,0.20666666666666667,0.5155546963214874,0.36829703959695215
2026-01-02 18:00:00+00:00,2026-01-03 12:00:00+00:00,2,18,2,2026-01-02 00:00:00+00:00,0.2783333333333333,0.5687125523885092,0.36829703959695215
2026-01-02 18:00:00+00:00,2026-01-03 13:00:00+00:00,2,19,2,2026-01-02 01:00:00+00:00,0.5066666666666667,0.4681173364321391,0.36829703959695215
2026-01-02 18:00:00+00:00,2026-01-03 14:00:00+00:00,2,20,2,2026-01-02 02:00:00+00:00,0.245,0.4379659096399943,0.36829703959695215
2026-01-02 18:00:00+00:00,2026-01-03 15:00:00+00:00,2,21,2,2026-01-02 03:00:00+00:00,0.48833333333333334,0.3375533123811086,0.36829703959695215
2026-01-02 18:00:00+00:00,2026-01-03 16:00:00+00:00,2,22,2,2026-01-02 04:00:00+00:00,0.285,0.31748149792353314,0.36829703959695215
2026-01-02 18:00:00+00:00,2026-01-03 17:00:00+00:00,2,23,2,2026-01-02 05:00:00+00:00,0.15833333333333335,0.33126505215962726,0.36829703959695215
2026-01-02 18:00:00+00:00,2026-01-03 18:00:00+00:00,2,24,2,2026-01-02 06:00:00+00:00,0.265,0.2837381462256114,0.36829703959695215
2026-01-02 18:00:00+00:00,2026-01-03 19:00:00+00:00,2,25,2,2026-01-02 07:00:00+00:00,0.18333333333333335,0.33815261721611023,0.36829703959695215
2026-01-02 18:00:00+00:00,2026-01-03 20:00:00+00:00,2,26,2,2026-01-02 08:00:00+00:00,0.26666666666666666,0.4080720841884613,0.36829703959695215
2026-01-02 18:00:00+00:00,2026-01-03 21:00:00+00:00,2,27,2,2026-01-02 09:00:00+00:00,0.18999999999999997,0.4195246597131093,0.36829703959695215
2026-01-02 18:00:00+00:00,2026-01-03 22:00:00+00:00,2,28,2,2026-01-02 10:00:00+00:00,0.16833333333333333,0.4670451780160268,0.36829703959695215
2026-01-02 18:00:00+00:00,2026-01-03 23:00:00+00:00,2,29,2,2026-01-02 11:00:00+00:00,0.23333333333333336,0.41236718495686847,0.36829703959695215
2026-01-02 18:00:00+00:00,2026-01-04 00:00:00+00:00,2,30,2,2026-01-02 12:00:00+00:00,0.2283333333333333,0.5340874989827474,0.36829703959695215
2026-01-02 18:00:00+00:00,2026-01-04 01:00:00+00:00,2,31,2,2026-01-02 13:00:00+00:00,0.37000000000000005,0.5204436282316843,0.36829703959695215
2026-01-02 18:00:00+00:00,2026-01-04 02:00:00+00:00,2,32,2,2026-01-02 14:00:00+00:00,0.295,0.49957116444905597,0.36829703959695215
2026-01-02 18:00:00+00:00,2026-01-04 03:00:00+00:00,2,33,2,2026-01-02 15:00:00+00:00,0.41,0.45403629541397095,0.36829703959695215
2026-01-02 18:00:00+00:00,2026-01-04 04:00:00+00:00,2,34,2,2026-01-02 16:00:00+00:00,0.04833333333333333,0.32851670185724896,0.36829703959695215
2026-01-02 18:00:00+00:00,2026-01-04 05:00:00+00:00,2,35,2,2026-01-02 17:00:00+00:00,0.07666666666666667,0.31038326025009155,0.36829703959695215
2026-01-02 18:00:00+00:00,2026-01-04 06:00:00+00:00,2,36,2,2026-01-02 18:00:00+00:00,0.06833333333333333,0.07405125473936398,0.36829703959695215
2026-01-02 18:00:00+00:00,2026-01-04 07:00:00+00:00,2,37,3,2026-01-01 19:00:00+00:00,0.01,0.02268595714122057,0.36829703959695215
2026-01-02 18:00:00+00:00,2026-01-04 08:00:00+00:00,2,38,3,2026-01-01 20:00:00+00:00,0.01,0.02626981834570567,0.36829703959695215
2026-01-02 18:00:00+00:00,2026-01-04 09:00:00+00:00,2,39,3,2026-01-01 21:00:00+00:00,0.01,0.027782200525204342,0.36829703959695215
2026-01-02 18:00:00+00:00,2026-01-04 10:00:00+00:00,2,40,3,2026-01-01 22:00:00+00:00,0.03166666666666667,0.026589634517828625,0.36829703959695215
2026-01-02 18:00:00+00:00,2026-01-04 11:00:00+00:00,2,41,3,2026-01-01 23:00:00+00:00,0.265,0.025770597780744236,0.36829703959695215
2026-01-02 18:00:00+00:00,2026-01-04 12:00:00+00:00,2,42,3,2026-01-02 00:00:00+00:00,0.5816666666666667,0.07111637418468793,0.36829703959695215
2026-01-02 18:00:00+00:00,2026-01-04 13:00:00+00:00,2,43,3,2026-01-02 01:00:00+00:00,0.62,0.15019577741622925,0.36829703959695215
2026-01-02 18:00:00+00:00,2026-01-04 14:00:00+00:00,2,44,3,2026-01-02 02:00:00+00:00,0.6566666666666666,0.31280147035916644,0.36829703959695215
2026-01-02 18:00:00+00:00,2026-01-04 15:00:00+00:00,2,45,3,2026-01-02 03:00:00+00:00,0.48666666666666664,0.4745892882347107,0.36829703959695215
2026-01-02 18:00:00+00:00,2026-01-04 16:00:00+00:00,2,46,3,2026-01-02 04:00:00+00:00,0.3466666666666667,0.6201000213623047,0.36829703959695215
2026-01-02 18:00:00+00:00,2026-01-04 17:00:00+00:00,2,47,3,2026-01-02 05:00:00+00:00,0.48500000000000004,0.6087276140848795,0.36829703959695215
2026-01-02 18:00:00+00:00,2026-01-04 18:00:00+00:00,2,48,3,2026-01-02 06:00:00+00:00,0.8316666666666667,0.5934043129285177,0.36829703959695215
2026-01-03 18:00:00+00:00,2026-01-03 19:00:00+00:00,1,1,1,2026-01-03 07:00:00+00:00,0.23166666666666666,0.3570798337459564,0.3736853865525423
2026-01-03 18:00:00+00:00,2026-01-03 20:00:00+00:00,1,2,1,2026-01-03 08:00:00+00:00,0.2866666666666667,0.3517036437988281,0.3736853865525423
2026-01-03 18:00:00+00:00,2026-01-03 21:00:00+00:00,1,3,1,2026-01-03 09:00:00+00:00,0.28,0.35229431589444477,0.3736853865525423
2026-01-03 18:00:00+00:00,2026-01-03 22:00:00+00:00,1,4,1,2026-01-03 10:00:00+00:00,0.19000000000000003,0.38217034935951233,0.3736853865525423
2026-01-03 18:00:00+00:00,2026-01-03 23:00:00+00:00,1,5,1,2026-01-03 11:00:00+00:00,0.2733333333333334,0.4657948911190033,0.3736853865525423
2026-01-03 18:00:00+00:00,2026-01-04 00:00:00+00:00,1,6,1,2026-01-03 12:00:00+00:00,0.26666666666666666,0.4981306493282318,0.3736853865525423
2026-01-03 18:00:00+00:00,2026-01-04 01:00:00+00:00,1,7,1,2026-01-03 13:00:00+00:00,0.39166666666666666,0.4056306580702464,0.3736853865525423
2026-01-03 18:00:00+00:00,2026-01-04 02:00:00+00:00,1,8,1,2026-01-03 14:00:00+00:00,0.30833333333333335,0.38995882868766785,0.3736853865525423
2026-01-03 18:00:00+00:00,2026-01-04 03:00:00+00:00,1,9,1,2026-01-03 15:00:00+00:00,0.5016666666666666,0.40904882550239563,0.3736853865525423
2026-01-03 18:00:00+00:00,2026-01-04 04:00:00+00:00,1,10,1,2026-01-03 16:00:00+00:00,0.07166666666666667,0.17680333058039346,0.3736853865525423
2026-01-03 18:00:00+00:00,2026-01-04 05:00:00+00:00,1,11,1,2026-01-03 17:00:00+00:00,0.07166666666666667,0.03141182288527489,0.3736853865525423
2026-01-03 18:00:00+00:00,2026-01-04 06:00:00+00:00,1,12,1,2026-01-03 18:00:00+00:00,0.07333333333333333,0.017000173528989155,0.3736853865525423
2026-01-03 18:00:00+00:00,2026-01-04 07:00:00+00:00,1,13,2,2026-01-02 19:00:00+00:00,0.01,0.027952856073776882,0.3736853865525423
2026-01-03 18:00:00+00:00,2026-01-04 08:00:00+00:00,1,14,2,2026-01-02 20:00:00+00:00,0.01,0.027005881071090698,0.3736853865525423
2026-01-03 18:00:00+00:00,2026-01-04 09:00:00+00:00,1,15,2,2026-01-02 21:00:00+00:00,0.01,0.028382983679572742,0.3736853865525423
2026-01-03 18:00:00+00:00,2026-01-04 10:00:00+00:00,1,16,2,2026-01-02 22:00:00+00:00,0.03333333333333333,0.030245172480742138,0.3736853865525423
2026-01-03 18:00:00+00:00,2026-01-04 11:00:00+00:00,1,17,2,2026-01-02 23:00:00+00:00,0.25333333333333335,0.03538390745719274,0.3736853865525423
2026-01-03 18:00:00+00:00,2026-01-04 12:00:00+00:00,1,18,2,2026-01-03 00:00:00+00:00,0.6166666666666666,0.13980835676193237,0.3736853865525423
2026-01-03 18:00:00+00:00,2026-01-04 13:00:00+00:00,1,19,2,2026-01-03 01:00:00+00:00,0.6016666666666667,0.25545718272527057,0.3736853865525423
2026-01-03 18:00:00+00:00,2026-01-04 14:00:00+00:00,1,20,2,2026-01-03 02:00:00+00:00,0.6366666666666667,0.3198625445365906,0.3736853865525423
2026-01-03 18:00:00+00:00,2026-01-04 15:00:00+00:00,1,21,2,2026-01-03 03:00:00+00:00,0.47500000000000003,0.32431896527608234,0.3736853865525423
2026-01-03 18:00:00+00:00,2026-01-04 16:00:00+00:00,1,22,2,2026-01-03 04:00:00+00:00,0.3233333333333333,0.3639179567495982,0.3736853865525423
2026-01-03 18:00:00+00:00,2026-01-04 17:00:00+00:00,1,23,2,2026-01-03 05:00:00+00:00,0.4683333333333333,0.4208026130994161,0.3736853865525423
2026-01-03 18:00:00+00:00,2026-01-04 18:00:00+00:00,1,24,2,2026-01-03 06:00:00+00:00,0.7666666666666666,0.595470150311788,0.3736853865525423
2026-01-03 18:00:00+00:00,2026-01-04 19:00:00+00:00,1,25,2,2026-01-03 07:00:00+00:00,0.2866666666666667,0.463588684797287,0.3736853865525423
2026-01-03 18:00:00+00:00,2026-01-04 20:00:00+00:00,1,26,2,2026-01-03 08:00:00+00:00,0.32666666666666666,0.4093582332134247,0.3736853865525423
2026-01-03 18:00:00+00:00,2026-01-04 21:00:00+00:00,1,27,2,2026-01-03 09:00:00+00:00,0.3416666666666666,0.3495251039663951,0.3736853865525423
2026-01-03 18:00:00+00:00,2026-01-04 22:00:00+00:00,1,28,2,2026-01-03 10:00:00+00:00,0.2783333333333334,0.28029775122801465,0.3736853865525423
2026-01-03 18:00:00+00:00,2026-01-04 23:00:00+00:00,1,29,2,2026-01-03 11:00:00+00:00,0.17,0.21222417056560516,0.3736853865525423
2026-01-03 18:00:00+00:00,2026-01-05 00:00:00+00:00,1,30,2,2026-01-03 12:00:00+00:00,0.12333333333333334,0.15666490296522775,0.3736853865525423
2026-01-03 18:00:00+00:00,2026-01-05 01:00:00+00:00,1,31,2,2026-01-03 13:00:00+00:00,0.045000000000000005,0.15347935259342194,0.3736853865525423
2026-01-03 18:00:00+00:00,2026-01-05 02:00:00+00:00,1,32,2,2026-01-03 14:00:00+00:00,0.01,0.06693839902679126,0.3736853865525423
2026-01-03 18:00:00+00:00,2026-01-05 03:00:00+00:00,1,33,2,2026-01-03 15:00:00+00:00,0.01,0.03769481865068277,0.3736853865525423
2026-01-03 18:00:00+00:00,2026-01-05 04:00:00+00:00,1,34,2,2026-01-03 16:00:00+00:00,0.01,0.030065781126419704,0.3736853865525423
2026-01-03 18:00:00+00:00,2026-01-05 05:00:00+00:00,1,35,2,2026-01-03 17:00:00+00:00,0.01,0.025697931026419003,0.3736853865525423
2026-01-03 18:00:00+00:00,2026-01-05 06:00:00+00:00,1,36,2,2026-01-03 18:00:00+00:00,0.01,0.019606280761460464,0.3736853865525423
2026-01-03 18:00:00+00:00,2026-01-05 07:00:00+00:00,1,37,3,2026-01-02 19:00:00+00:00,0.018333333333333333,0.04275471717119217,0.3736853865525423
2026-01-03 18:00:00+00:00,2026-01-05 08:00:00+00:00,1,38,3,2026-01-02 20:00:00+00:00,0.03166666666666667,0.05803308387597402,0.3736853865525423
2026-01-03 18:00:00+00:00,2026-01-05 09:00:00+00:00,1,39,3,2026-01-02 21:00:00+00:00,0.01,0.07860807826121648,0.3736853865525423
2026-01-03 18:00:00+00:00,2026-01-05 10:00:00+00:00,1,40,3,2026-01-02 22:00:00+00:00,0.01,0.0889381468296051,0.3736853865525423
2026-01-03 18:00:00+00:00,2026-01-05 11:00:00+00:00,1,41,3,2026-01-02 23:00:00+00:00,0.02,0.1120359053214391,0.3736853865525423
2026-01-03 18:00:00+00:00,2026-01-05 12:00:00+00:00,1,42,3,2026-01-03 00:00:00+00:00,0.03666666666666667,0.012229758935670057,0.3736853865525423
2026-01-03 18:00:00+00:00,2026-01-05 13:00:00+00:00,1,43,3,2026-01-03 01:00:00+00:00,0.06833333333333334,0.017127547413110733,0.3736853865525423
2026-01-03 18:00:00+00:00,2026-01-05 14:00:00+00:00,1,44,3,2026-01-03 02:00:00+00:00,0.08333333333333333,0.03164691602190336,0.3736853865525423
2026-01-03 18:00:00+00:00,2026-01-05 15:00:00+00:00,1,45,3,2026-01-03 03:00:00+00:00,0.13166666666666668,0.07683192938566208,0.3736853865525423
2026-01-03 18:00:00+00:00,2026-01-05 16:00:00+00:00,1,46,3,2026-01-03 04:00:00+00:00,0.18833333333333332,0.14298104494810104,0.3736853865525423
2026-01-03 18:00:00+00:00,2026-01-05 17:00:00+00:00,1,47,3,2026-01-03 05:00:00+00:00,0.37666666666666665,0.16928174595038095,0.3736853865525423
2026-01-03 18:00:00+00:00,2026-01-05 18:00:00+00:00,1,48,3,2026-01-03 06:00:00+00:00,0.4216666666666667,0.3570865790049235,0.3736853865525423
2026-01-03 18:00:00+00:00,2026-01-03 19:00:00+00:00,2,1,1,2026-01-03 07:00:00+00:00,0.18333333333333335,0.307952086130778,0.36829703959695215
2026-01-03 18:00:00+00:00,2026-01-03 20:00:00+00:00,2,2,1,2026-01-03 08:00:00+00:00,0.26666666666666666,0.29017921288808185,0.36829703959695215
2026-01-03 18:00:00+00:00,2026-01-03 21:00:00+00:00,2,3,1,2026-01-03 09:00:00+00:00,0.18999999999999997,0.28259965777397156,0.36829703959695215
2026-01-03 18:00:00+00:00,2026-01-03 22:00:00+00:00,2,4,1,2026-01-03 10:00:00+00:00,0.16833333333333333,0.3060847520828247,0.36829703959695215
2026-01-03 18:00:00+00:00,2026-01-03 23:00:00+00:00,2,5,1,2026-01-03 11:00:00+00:00,0.23333333333333336,0.389834721883138,0.36829703959695215
2026-01-03 18:00:00+00:00,2026-01-04 00:00:00+00:00,2,6,1,2026-01-03 12:00:00+00:00,0.2283333333333333,0.4504578411579132,0.36829703959695215
2026-01-03 18:00:00+00:00,2026-01-04 01:00:00+00:00,2,7,1,2026-01-03 13:00:00+00:00,0.37000000000000005,0.381651908159256,0.36829703959695215
2026-01-03 18:00:00+00:00,2026-01-04 02:00:00+00:00,2,8,1,2026-01-03 14:00:00+00:00,0.295,0.38528841733932495,0.36829703959695215
2026-01-03 18:00:00+00:00,2026-01-04 03:00:00+00:00,2,9,1,2026-01-03 15:00:00+00:00,0.41,0.4145331382751465,0.36829703959695215
2026-01-03 18:00:00+00:00,2026-01-04 04:00:00+00:00,2,10,1,2026-01-03 16:00:00+00:00,0.04833333333333333,0.17474773526191711,0.36829703959695215
2026-01-03 18:00:00+00:00,2026-01-04 05:00:00+00:00,2,11,1,2026-01-03 17:00:00+00:00,0.07666666666666667,0.027361836284399033,0.36829703959695215
2026-01-03 18:00:00+00:00,2026-01-04 06:00:00+00:00,2,12,1,2026-01-03 18:00:00+00:00,0.06833333333333333,0.014864399408300718,0.36829703959695215
2026-01-03 18:00:00+00:00,2026-01-04 07:00:00+00:00,2,13,2,2026-01-02 19:00:00+00:00,0.01,0.023780925509830315,0.36829703959695215
2026-01-03 18:00:00+00:00,2026-01-04 08:00:00+00:00,2,14,2,2026-01-02 20:00:00+00:00,0.01,0.0238459346195062,0.36829703959695215
2026-01-03 18:00:00+00:00,2026-01-04 09:00:00+00:00,2,15,2,2026-01-02 21:00:00+00:00,0.01,0.025158726920684178,0.36829703959695215
2026-01-03 18:00:00+00:00,2026-01-04 10:00:00+00:00,2,16,2,2026-01-02 22:00:00+00:00,0.03166666666666667,0.02708710233370463,0.36829703959695215
2026-01-03 18:00:00+00:00,2026-01-04 11:00:00+00:00,2,17,2,2026-01-02 23:00:00+00:00,0.265,0.032384335373838745,0.36829703959695215
2026-01-03 18:00:00+00:00,2026-01-04 12:00:00+00:00,2,18,2,2026-01-03 00:00:00+00:00,0.5816666666666667,0.1302610362569491,0.36829703959695215
2026-01-03 18:00:00+00:00,2026-01-04 13:00:00+00:00,2,19,2,2026-01-03 01:00:00+00:00,0.62,0.2486813614765803,0.36829703959695215
2026-01-03 18:00:00+00:00,2026-01-04 14:00:00+00:00,2,20,2,2026-01-03 02:00:00+00:00,0.6566666666666666,0.30257787307103473,0.36829703959695215
2026-01-03 18:00:00+00:00,2026-01-04 15:00:00+00:00,2,21,2,2026-01-03 03:00:00+00:00,0.48666666666666664,0.30695123473803204,0.36829703959695215
2026-01-03 18:00:00+00:00,2026-01-04 16:00:00+00:00,2,22,2,2026-01-03 04:00:00+00:00,0.3466666666666667,0.3546045919259389,0.36829703959695215
2026-01-03 18:00:00+00:00,2026-01-04 17:00:00+00:00,2,23,2,2026-01-03 05:00:00+00:00,0.48500000000000004,0.4188261826833089,0.36829703959695215
2026-01-03 18:00:00+00:00,2026-01-04 18:00:00+00:00,2,24,2,2026-01-03 06:00:00+00:00,0.8316666666666667,0.6069317857424418,0.36829703959695215
2026-01-03 18:00:00+00:00,2026-01-04 19:00:00+00:00,2,25,2,2026-01-03 07:00:00+00:00,0.27666666666666667,0.4807172417640686,0.36829703959695215
2026-01-03 18:00:00+00:00,2026-01-04 20:00:00+00:00,2,26,2,2026-01-03 08:00:00+00:00,0.33,0.4257258474826813,0.36829703959695215
2026-01-03 18:00:00+00:00,2026-01-04 21:00:00+00:00,2,27,2,2026-01-03 09:00:00+00:00,0.34500000000000003,0.3579747676849365,0.36829703959695215
2026-01-03 18:00:00+00:00,2026-01-04 22:00:00+00:00,2,28,2,2026-01-03 10:00:00+00:00,0.27666666666666667,0.2736706386009852,0.36829703959695215
2026-01-03 18:00:00+00:00,2026-01-04 23:00:00+00:00,2,29,2,2026-01-03 11:00:00+00:00,0.16,0.19514691829681396,0.36829703959695215
2026-01-03 18:00:00+00:00,2026-01-05 00:00:00+00:00,2,30,2,2026-01-03 12:00:00+00:00,0.12666666666666668,0.13741171111663184,0.36829703959695215
2026-01-03 18:00:00+00:00,2026-01-05 01:00:00+00:00,2,31,2,2026-01-03 13:00:00+00:00,0.04833333333333333,0.13681296010812125,0.36829703959695215
2026-01-03 18:00:00+00:00,2026-01-05 02:00:00+00:00,2,32,2,2026-01-03 14:00:00+00:00,0.01,0.058375886331001915,0.36829703959695215
2026-01-03 18:00:00+00:00,2026-01-05 03:00:00+00:00,2,33,2,2026-01-03 15:00:00+00:00,0.01,0.034152486051122345,0.36829703959695215
2026-01-03 18:00:00+00:00,2026-01-05 04:00:00+00:00,2,34,2,2026-01-03 16:00:00+00:00,0.01,0.027297067766388256,0.36829703959695215
2026-01-03 18:00:00+00:00,2026-01-05 05:00:00+00:00,2,35,2,2026-01-03 17:00:00+00:00,0.006666666666666667,0.02204746225227912,0.36829703959695215
2026-01-03 18:00:00+00:00,2026-01-05 06:00:00+00:00,2,36,2,2026-01-03 18:00:00+00:00,0.008333333333333333,0.01706839135537545,0.36829703959695215
2026-01-03 18:00:00+00:00,2026-01-05 07:00:00+00:00,2,37,3,2026-01-02 19:00:00+00:00,0.013333333333333334,0.03915435199936231,0.36829703959695215
2026-01-03 18:00:00+00:00,2026-01-05 08:00:00+00:00,2,38,3,2026-01-02 20:00:00+00:00,0.03333333333333333,0.05187364543477694,0.36829703959695215
2026-01-03 18:00:00+00:00,2026-01-05 09:00:00+00:00,2,39,3,2026-01-02 21:00:00+00:00,0.008333333333333333,0.07218166440725327,0.36829703959695215
2026-01-03 18:00:00+00:00,2026-01-05 10:00:00+00:00,2,40,3,2026-01-02 22:00:00+00:00,0.006666666666666667,0.08264865726232529,0.36829703959695215
2026-01-03 18:00:00+00:00,2026-01-05 11:00:00+00:00,2,41,3,2026-01-02 23:00:00+00:00,0.018333333333333333,0.10216474533081055,0.36829703959695215
2026-01-03 18:00:00+00:00,2026-01-05 12:00:00+00:00,2,42,3,2026-01-03 00:00:00+00:00,0.03333333333333333,0.010421174423148235,0.36829703959695215
2026-01-03 18:00:00+00:00,2026-01-05 13:00:00+00:00,2,43,3,2026-01-03 01:00:00+00:00,0.07333333333333333,0.014521994317571322,0.36829703959695215
2026-01-03 18:00:00+00:00,2026-01-05 14:00:00+00:00,2,44,3,2026-01-03 02:00:00+00:00,0.07166666666666667,0.02591473174591859,0.36829703959695215
2026-01-03 18:00:00+00:00,2026-01-05 15:00:00+00:00,2,45,3,2026-01-03 03:00:00+00:00,0.12166666666666666,0.060814605404933296,0.36829703959695215
2026-01-03 18:00:00+00:00,2026-01-05 16:00:00+00:00,2,46,3,2026-01-03 04:00:00+00:00,0.15166666666666664,0.11977174629767735,0.36829703959695215
2026-01-03 18:00:00+00:00,2026-01-05 17:00:00+00:00,2,47,3,2026-01-03 05:00:00+00:00,0.34833333333333333,0.14607402682304382,0.36829703959695215
2026-01-03 18:00:00+00:00,2026-01-05 18:00:00+00:00,2,48,3,2026-01-03 06:00:00+00:00,0.37166666666666665,0.3242564598719279,0.36829703959695215
2026-01-04 18:00:00+00:00,2026-01-04 19:00:00+00:00,1,1,1,2026-01-04 07:00:00+00:00,0.2866666666666667,0.37665926416714984,0.3736853865525423
2026-01-04 18:00:00+00:00,2026-01-04 20:00:00+00:00,1,2,1,2026-01-04 08:00:00+00:00,0.32666666666666666,0.2827300528685252,0.3736853865525423
2026-01-04 18:00:00+00:00,2026-01-04 21:00:00+00:00,1,3,1,2026-01-04 09:00:00+00:00,0.3416666666666666,0.1776824245850245,0.3736853865525423
2026-01-04 18:00:00+00:00,2026-01-04 22:00:00+00:00,1,4,1,2026-01-04 10:00:00+00:00,0.2783333333333334,0.09487926463286082,0.3736853865525423
2026-01-04 18:00:00+00:00,2026-01-04 23:00:00+00:00,1,5,1,2026-01-04 11:00:00+00:00,0.17,0.08368376145760219,0.3736853865525423
2026-01-04 18:00:00+00:00,2026-01-05 00:00:00+00:00,1,6,1,2026-01-04 12:00:00+00:00,0.12333333333333334,0.01912773462633292,0.3736853865525423
2026-01-04 18:00:00+00:00,2026-01-05 01:00:00+00:00,1,7,1,2026-01-04 13:00:00+00:00,0.045000000000000005,0.01363908809920152,0.3736853865525423
2026-01-04 18:00:00+00:00,2026-01-05 02:00:00+00:00,1,8,1,2026-01-04 14:00:00+00:00,0.01,0.00986253454660376,0.3736853865525423
2026-01-04 18:00:00+00:00,2026-01-05 03:00:00+00:00,1,9,1,2026-01-04 15:00:00+00:00,0.01,0.008086750594278177,0.3736853865525423
2026-01-04 18:00:00+00:00,2026-01-05 04:00:00+00:00,1,10,1,2026-01-04 16:00:00+00:00,0.01,0.006901257360974948,0.3736853865525423
2026-01-04 18:00:00+00:00,2026-01-05 05:00:00+00:00,1,11,1,2026-01-04 17:00:00+00:00,0.01,0.006484348249311249,0.3736853865525423
2026-01-04 18:00:00+00:00,2026-01-05 06:00:00+00:00,1,12,1,2026-01-04 18:00:00+00:00,0.01,0.007921703315029541,0.3736853865525423
2026-01-04 18:00:00+00:00,2026-01-05 07:00:00+00:00,1,13,2,2026-01-03 19:00:00+00:00,0.018333333333333333,0.020495432739456493,0.3736853865525423
2026-01-04 18:00:00+00:00,2026-01-05 08:00:00+00:00,1,14,2,2026-01-03 20:00:00+00:00,0.03166666666666667,0.022118629577259224,0.3736853865525423
2026-01-04 18:00:00+00:00,2026-01-05 09:00:00+00:00,1,15,2,2026-01-03 21:00:00+00:00,0.01,0.026262647782762844,0.3736853865525423
2026-01-04 18:00:00+00:00,2026-01-05 10:00:00+00:00,1,16,2,2026-01-03 22:00:00+00:00,0.01,0.02230896893888712,0.3736853865525423
2026-01-04 18:00:00+00:00,2026-01-05 11:00:00+00:00,1,17,2,2026-01-03 23:00:00+00:00,0.02,0.019439082282284897,0.3736853865525423
2026-01-04 18:00:00+00:00,2026-01-05 12:00:00+00:00,1,18,2,2026-01-04 00:00:00+00:00,0.03666666666666667,0.017873552006979782,0.3736853865525423
2026-01-04 18:00:00+00:00,2026-01-05 13:00:00+00:00,1,19,2,2026-01-04 01:00:00+00:00,0.06833333333333334,0.013994246100385984,0.3736853865525423
2026-01-04 18:00:00+00:00,2026-01-05 14:00:00+00:00,1,20,2,2026-01-04 02:00:00+00:00,0.08333333333333333,0.03961502263943354,0.3736853865525423
2026-01-04 18:00:00+00:00,2026-01-05 15:00:00+00:00,1,21,2,2026-01-04 03:00:00+00:00,0.13166666666666668,0.07947300374507904,0.3736853865525423
2026-01-04 18:00:00+00:00,2026-01-05 16:00:00+00:00,1,22,2,2026-01-04 04:00:00+00:00,0.18833333333333332,0.10998192677895229,0.3736853865525423
2026-01-04 18:00:00+00:00,2026-01-05 17:00:00+00:00,1,23,2,2026-01-04 05:00:00+00:00,0.37666666666666665,0.2566470801830292,0.3736853865525423
2026-01-04 18:00:00+00:00,2026-01-05 18:00:00+00:00,1,24,2,2026-01-04 06:00:00+00:00,0.4216666666666667,0.5078917543093363,0.3736853865525423
2026-01-04 18:00:00+00:00,2026-01-05 19:00:00+00:00,1,25,2,2026-01-04 07:00:00+00:00,0.375,0.5002142488956451,0.3736853865525423
2026-01-04 18:00:00+00:00,2026-01-05 20:00:00+00:00,1,26,2,2026-01-04 08:00:00+00:00,0.31833333333333336,0.6286623279253641,0.3736853865525423
2026-01-04 18:00:00+00:00,2026-01-05 21:00:00+00:00,1,27,2,2026-01-04 09:00:00+00:00,0.8166666666666668,0.7908919453620911,0.3736853865525423
2026-01-04 18:00:00+00:00,2026-01-05 22:00:00+00:00,1,28,2,2026-01-04 10:00:00+00:00,0.9866666666666667,0.864487091700236,0.3736853865525423
2026-01-04 18:00:00+00:00,2026-01-05 23:00:00+00:00,1,29,2,2026-01-04 11:00:00+00:00,0.8433333333333333,0.9189700285593668,0.3736853865525423
2026-01-04 18:00:00+00:00,2026-01-06 00:00:00+00:00,1,30,2,2026-01-04 12:00:00+00:00,0.9700000000000001,0.9343815247217814,0.3736853865525423
2026-01-04 18:00:00+00:00,2026-01-06 01:00:00+00:00,1,31,2,2026-01-04 13:00:00+00:00,0.8766666666666666,0.9513625701268514,0.3736853865525423
2026-01-04 18:00:00+00:00,2026-01-06 02:00:00+00:00,1,32,2,2026-01-04 14:00:00+00:00,0.9733333333333333,0.963174561659495,0.3736853865525423
2026-01-04 18:00:00+00:00,2026-01-06 03:00:00+00:00,1,33,2,2026-01-04 15:00:00+00:00,0.9899999999999999,0.9790714979171753,0.3736853865525423
2026-01-04 18:00:00+00:00,2026-01-06 04:00:00+00:00,1,34,2,2026-01-04 16:00:00+00:00,0.9783333333333334,0.9833383162816366,0.3736853865525423
2026-01-04 18:00:00+00:00,2026-01-06 05:00:00+00:00,1,35,2,2026-01-04 17:00:00+00:00,0.9683333333333333,0.9904701312383016,0.3736853865525423
2026-01-04 18:00:00+00:00,2026-01-06 06:00:00+00:00,1,36,2,2026-01-04 18:00:00+00:00,0.9866666666666667,0.9917969504992167,0.3736853865525423
2026-01-04 18:00:00+00:00,2026-01-06 07:00:00+00:00,1,37,3,2026-01-03 19:00:00+00:00,0.9766666666666666,0.9942488471666971,0.3736853865525423
2026-01-04 18:00:00+00:00,2026-01-06 08:00:00+00:00,1,38,3,2026-01-03 20:00:00+00:00,0.9683333333333333,0.9947748382886251,0.3736853865525423
2026-01-04 18:00:00+00:00,2026-01-06 09:00:00+00:00,1,39,3,2026-01-03 21:00:00+00:00,0.9866666666666667,0.99486110607783,0.3736853865525423
2026-01-04 18:00:00+00:00,2026-01-06 10:00:00+00:00,1,40,3,2026-01-03 22:00:00+00:00,0.9899999999999999,0.9929087360699972,0.3736853865525423
2026-01-04 18:00:00+00:00,2026-01-06 11:00:00+00:00,1,41,3,2026-01-03 23:00:00+00:00,0.9883333333333333,0.9893172780672709,0.3736853865525423
2026-01-04 18:00:00+00:00,2026-01-06 12:00:00+00:00,1,42,3,2026-01-04 00:00:00+00:00,0.9883333333333333,0.9861392974853516,0.3736853865525423
2026-01-04 18:00:00+00:00,2026-01-06 13:00:00+00:00,1,43,3,2026-01-04 01:00:00+00:00,0.9899999999999999,0.9754225015640259,0.3736853865525423
2026-01-04 18:00:00+00:00,2026-01-06 14:00:00+00:00,1,44,3,2026-01-04 02:00:00+00:00,0.855,0.9503870805104574,0.3736853865525423
2026-01-04 18:00:00+00:00,2026-01-06 15:00:00+00:00,1,45,3,2026-01-04 03:00:00+00:00,0.6966666666666667,0.9095496932665507,0.3736853865525423
2026-01-04 18:00:00+00:00,2026-01-06 16:00:00+00:00,1,46,3,2026-01-04 04:00:00+00:00,0.4633333333333333,0.8392772078514099,0.3736853865525423
2026-01-04 18:00:00+00:00,2026-01-06 17:00:00+00:00,1,47,3,2026-01-04 05:00:00+00:00,0.22999999999999998,0.7145124276479086,0.3736853865525423
2026-01-04 18:00:00+00:00,2026-01-06 18:00:00+00:00,1,48,3,2026-01-04 06:00:00+00:00,0.02,0.4256908098856608,0.3736853865525423
2026-01-04 18:00:00+00:00,2026-01-04 19:00:00+00:00,2,1,1,2026-01-04 07:00:00+00:00,0.27666666666666667,0.3616630434989929,0.36829703959695215
2026-01-04 18:00:00+00:00,2026-01-04 20:00:00+00:00,2,2,1,2026-01-04 08:00:00+00:00,0.33,0.25874822835127514,0.36829703959695215
2026-01-04 18:00:00+00:00,2026-01-04 21:00:00+00:00,2,3,1,2026-01-04 09:00:00+00:00,0.34500000000000003,0.1499811311562856,0.36829703959695215
2026-01-04 18:00:00+00:00,2026-01-04 22:00:00+00:00,2,4,1,2026-01-04 10:00:00+00:00,0.27666666666666667,0.07936521122852962,0.36829703959695215
2026-01-04 18:00:00+00:00,2026-01-04 23:00:00+00:00,2,5,1,2026-01-04 11:00:00+00:00,0.16,0.07072954500714938,0.36829703959695215
2026-01-04 18:00:00+00:00,2026-01-05 00:00:00+00:00,2,6,1,2026-01-04 12:00:00+00:00,0.12666666666666668,0.01593627283970515,0.36829703959695215
2026-01-04 18:00:00+00:00,2026-01-05 01:00:00+00:00,2,7,1,2026-01-04 13:00:00+00:00,0.04833333333333333,0.011486601860572895,0.36829703959695215
2026-01-04 18:00:00+00:00,2026-01-05 02:00:00+00:00,2,8,1,2026-01-04 14:00:00+00:00,0.01,0.008506890386343002,0.36829703959695215
2026-01-04 18:00:00+00:00,2026-01-05 03:00:00+00:00,2,9,1,2026-01-04 15:00:00+00:00,0.01,0.006993317122881611,0.36829703959695215
2026-01-04 18:00:00+00:00,2026-01-05 04:00:00+00:00,2,10,1,2026-01-04 16:00:00+00:00,0.01,0.006062539139141639,0.36829703959695215
2026-01-04 18:00:00+00:00,2026-01-05 05:00:00+00:00,2,11,1,2026-01-04 17:00:00+00:00,0.006666666666666667,0.0055341403155277176,0.36829703959695215
2026-01-04 18:00:00+00:00,2026-01-05 06:00:00+00:00,2,12,1,2026-01-04 18:00:00+00:00,0.008333333333333333,0.007054332798967759,0.36829703959695215
2026-01-04 18:00:00+00:00,2026-01-05 07:00:00+00:00,2,13,2,2026-01-03 19:00:00+00:00,0.013333333333333334,0.01844743670274814,0.36829703959695215
2026-01-04 18:00:00+00:00,2026-01-05 08:00:00+00:00,2,14,2,2026-01-03 20:00:00+00:00,0.03333333333333333,0.020049738387266796,0.36829703959695215
2026-01-04 18:00:00+00:00,2026-01-05 09:00:00+00:00,2,15,2,2026-01-03 21:00:00+00:00,0.008333333333333333,0.022878356277942657,0.36829703959695215
2026-01-04 18:00:00+00:00,2026-01-05 10:00:00+00:00,2,16,2,2026-01-03 22:00:00+00:00,0.006666666666666667,0.019191068907578785,0.36829703959695215
2026-01-04 18:00:00+00:00,2026-01-05 11:00:00+00:00,2,17,2,2026-01-03 23:00:00+00:00,0.018333333333333333,0.01666402816772461,0.36829703959695215
2026-01-04 18:00:00+00:00,2026-01-05 12:00:00+00:00,2,18,2,2026-01-04 00:00:00+00:00,0.03333333333333333,0.015360155763725439,0.36829703959695215
2026-01-04 18:00:00+00:00,2026-01-05 13:00:00+00:00,2,19,2,2026-01-04 01:00:00+00:00,0.07333333333333333,0.012113097279022137,0.36829703959695215
2026-01-04 18:00:00+00:00,2026-01-05 14:00:00+00:00,2,20,2,2026-01-04 02:00:00+00:00,0.07166666666666667,0.03220971363286177,0.36829703959695215
2026-01-04 18:00:00+00:00,2026-01-05 15:00:00+00:00,2,21,2,2026-01-04 03:00:00+00:00,0.12166666666666666,0.06326065460840861,0.36829703959695215
2026-01-04 18:00:00+00:00,2026-01-05 16:00:00+00:00,2,22,2,2026-01-04 04:00:00+00:00,0.15166666666666664,0.088429590066274,0.36829703959695215
2026-01-04 18:00:00+00:00,2026-01-05 17:00:00+00:00,2,23,2,2026-01-04 05:00:00+00:00,0.34833333333333333,0.21482071777184805,0.36829703959695215
2026-01-04 18:00:00+00:00,2026-01-05 18:00:00+00:00,2,24,2,2026-01-04 06:00:00+00:00,0.37166666666666665,0.4504478673140208,0.36829703959695215
2026-01-04 18:00:00+00:00,2026-01-05 19:00:00+00:00,2,25,2,2026-01-04 07:00:00+00:00,0.3466666666666667,0.4464459915955861,0.36829703959695215
2026-01-04 18:00:00+00:00,2026-01-05 20:00:00+00:00,2,26,2,2026-01-04 08:00:00+00:00,0.2966666666666667,0.602872371673584,0.36829703959695215
2026-01-04 18:00:00+00:00,2026-01-05 21:00:00+00:00,2,27,2,2026-01-04 09:00:00+00:00,0.7400000000000001,0.7943307956059774,0.36829703959695215
2026-01-04 18:00:00+00:00,2026-01-05 22:00:00+00:00,2,28,2,2026-01-04 10:00:00+00:00,0.9566666666666667,0.8718319535255432,0.36829703959695215
2026-01-04 18:00:00+00:00,2026-01-05 23:00:00+00:00,2,29,2,2026-01-04 11:00:00+00:00,0.7999999999999999,0.923319399356842,0.36829703959695215
2026-01-04 18:00:00+00:00,2026-01-06 00:00:00+00:00,2,30,2,2026-01-04 12:00:00+00:00,0.9683333333333333,0.9394381443659464,0.36829703959695215
2026-01-04 18:00:00+00:00,2026-01-06 01:00:00+00:00,2,31,2,2026-01-04 13:00:00+00:00,0.8783333333333333,0.953904390335083,0.36829703959695215
2026-01-04 18:00:00+00:00,2026-01-06 02:00:00+00:00,2,32,2,2026-01-04 14:00:00+00:00,0.9733333333333333,0.9645788868268331,0.36829703959695215
2026-01-04 18:00:00+00:00,2026-01-06 03:00:00+00:00,2,33,2,2026-01-04 15:00:00+00:00,0.9683333333333333,0.979337235291799,0.36829703959695215
2026-01-04 18:00:00+00:00,2026-01-06 04:00:00+00:00,2,34,2,2026-01-04 16:00:00+00:00,0.965,0.9833026130994161,0.36829703959695215
2026-01-04 18:00:00+00:00,2026-01-06 05:00:00+00:00,2,35,2,2026-01-04 17:00:00+00:00,0.9133333333333334,0.9898394544919332,0.36829703959695215
2026-01-04 18:00:00+00:00,2026-01-06 06:00:00+00:00,2,36,2,2026-01-04 18:00:00+00:00,0.975,0.9913216034571329,0.36829703959695215
2026-01-04 18:00:00+00:00,2026-01-06 07:00:00+00:00,2,37,3,2026-01-03 19:00:00+00:00,0.9733333333333333,0.9937018752098083,0.36829703959695215
2026-01-04 18:00:00+00:00,2026-01-06 08:00:00+00:00,2,38,3,2026-01-03 20:00:00+00:00,0.9666666666666667,0.9943156043688456,0.36829703959695215
2026-01-04 18:00:00+00:00,2026-01-06 09:00:00+00:00,2,39,3,2026-01-03 21:00:00+00:00,0.9700000000000001,0.9943612813949585,0.36829703959695215
2026-01-04 18:00:00+00:00,2026-01-06 10:00:00+00:00,2,40,3,2026-01-03 22:00:00+00:00,0.965,0.9923050800959269,0.36829703959695215
2026-01-04 18:00:00+00:00,2026-01-06 11:00:00+00:00,2,41,3,2026-01-03 23:00:00+00:00,0.9700000000000001,0.9882557193438212,0.36829703959695215
2026-01-04 18:00:00+00:00,2026-01-06 12:00:00+00:00,2,42,3,2026-01-04 00:00:00+00:00,0.9700000000000001,0.9846820831298828,0.36829703959695215
2026-01-04 18:00:00+00:00,2026-01-06 13:00:00+00:00,2,43,3,2026-01-04 01:00:00+00:00,0.9700000000000001,0.9737982551256815,0.36829703959695215
2026-01-04 18:00:00+00:00,2026-01-06 14:00:00+00:00,2,44,3,2026-01-04 02:00:00+00:00,0.8916666666666666,0.9490107496579488,0.36829703959695215
2026-01-04 18:00:00+00:00,2026-01-06 15:00:00+00:00,2,45,3,2026-01-04 03:00:00+00:00,0.635,0.9042364160219828,0.36829703959695215
2026-01-04 18:00:00+00:00,2026-01-06 16:00:00+00:00,2,46,3,2026-01-04 04:00:00+00:00,0.48500000000000004,0.824587861696879,0.36829703959695215
2026-01-04 18:00:00+00:00,2026-01-06 17:00:00+00:00,2,47,3,2026-01-04 05:00:00+00:00,0.165,0.6864979267120361,0.36829703959695215
2026-01-04 18:00:00+00:00,2026-01-06 18:00:00+00:00,2,48,3,2026-01-04 06:00:00+00:00,0.021666666666666667,0.38566359877586365,0.36829703959695215
2026-01-05 18:00:00+00:00,2026-01-05 19:00:00+00:00,1,1,1,2026-01-05 07:00:00+00:00,0.375,0.4002806444962819,0.3736853865525423
2026-01-05 18:00:00+00:00,2026-01-05 20:00:00+00:00,1,2,1,2026-01-05 08:00:00+00:00,0.31833333333333336,0.5102759997049967,0.3736853865525423
2026-01-05 18:00:00+00:00,2026-01-05 21:00:00+00:00,1,3,1,2026-01-05 09:00:00+00:00,0.8166666666666668,0.6313892006874084,0.3736853865525423
2026-01-05 18:00:00+00:00,2026-01-05 22:00:00+00:00,1,4,1,2026-01-05 10:00:00+00:00,0.9866666666666667,0.7631788651148478,0.3736853865525423
2026-01-05 18:00:00+00:00,2026-01-05 23:00:00+00:00,1,5,1,2026-01-05 11:00:00+00:00,0.8433333333333333,0.8590980370839437,0.3736853865525423
2026-01-05 18:00:00+00:00,2026-01-06 00:00:00+00:00,1,6,1,2026-01-05 12:00:00+00:00,0.9700000000000001,0.9513270457585653,0.3736853865525423
2026-01-05 18:00:00+00:00,2026-01-06 01:00:00+00:00,1,7,1,2026-01-05 13:00:00+00:00,0.8766666666666666,0.9724260171254476,0.3736853865525423
2026-01-05 18:00:00+00:00,2026-01-06 02:00:00+00:00,1,8,1,2026-01-05 14:00:00+00:00,0.9733333333333333,0.9786888559659322,0.3736853865525423
2026-01-05 18:00:00+00:00,2026-01-06 03:00:00+00:00,1,9,1,2026-01-05 15:00:00+00:00,0.9899999999999999,0.9852945605913798,0.3736853865525423
2026-01-05 18:00:00+00:00,2026-01-06 04:00:00+00:00,1,10,1,2026-01-05 16:00:00+00:00,0.9783333333333334,0.9891825517018636,0.3736853865525423
2026-01-05 18:00:00+00:00,2026-01-06 05:00:00+00:00,1,11,1,2026-01-05 17:00:00+00:00,0.9683333333333333,0.9934676885604858,0.3736853865525423
2026-01-05 18:00:00+00:00,2026-01-06 06:00:00+00:00,1,12,1,2026-01-05 18:00:00+00:00,0.9866666666666667,0.9946237603823344,0.3736853865525423
2026-01-05 18:00:00+00:00,2026-01-06 07:00:00+00:00,1,13,2,2026-01-04 19:00:00+00:00,0.9766666666666666,0.9927993814150492,0.3736853865525423
2026-01-05 18:00:00+00:00,2026-01-06 08:00:00+00:00,1,14,2,2026-01-04 20:00:00+00:00,0.9683333333333333,0.9932212630907694,0.3736853865525423
2026-01-05 18:00:00+00:00,2026-01-06 09:00:00+00:00,1,15,2,2026-01-04 21:00:00+00:00,0.9866666666666667,0.9921639164288839,0.3736853865525423
2026-01-05 18:00:00+00:00,2026-01-06 10:00:00+00:00,1,16,2,2026-01-04 22:00:00+00:00,0.9899999999999999,0.9894952376683553,0.3736853865525423
2026-01-05 18:00:00+00:00,2026-01-06 11:00:00+00:00,1,17,2,2026-01-04 23:00:00+00:00,0.9883333333333333,0.9852337638537089,0.3736853865525423
2026-01-05 18:00:00+00:00,2026-01-06 12:00:00+00:00,1,18,2,2026-01-05 00:00:00+00:00,0.9883333333333333,0.9848993023236593,0.3736853865525423
2026-01-05 18:00:00+00:00,2026-01-06 13:00:00+00:00,1,19,2,2026-01-05 01:00:00+00:00,0.9899999999999999,0.9741471608479818,0.3736853865525423
2026-01-05 18:00:00+00:00,2026-01-06 14:00:00+00:00,1,20,2,2026-01-05 02:00:00+00:00,0.855,0.9506276647249857,0.3736853865525423
2026-01-05 18:00:00+00:00,2026-01-06 15:00:00+00:00,1,21,2,2026-01-05 03:00:00+00:00,0.6966666666666667,0.8587201635042826,0.3736853865525423
2026-01-05 18:00:00+00:00,2026-01-06 16:00:00+00:00,1,22,2,2026-01-05 04:00:00+00:00,0.4633333333333333,0.6417001287142435,0.3736853865525423
2026-01-05 18:00:00+00:00,2026-01-06 17:00:00+00:00,1,23,2,2026-01-05 05:00:00+00:00,0.22999999999999998,0.35814906160036725,0.3736853865525423
2026-01-05 18:00:00+00:00,2026-01-06 18:00:00+00:00,1,24,2,2026-01-05 06:00:00+00:00,0.02,0.19287343323230743,0.3736853865525423
2026-01-05 18:00:00+00:00,2026-01-06 19:00:00+00:00,1,25,2,2026-01-05 07:00:00+00:00,0.01,0.12319888919591904,0.3736853865525423
2026-01-05 18:00:00+00:00,2026-01-06 20:00:00+00:00,1,26,2,2026-01-05 08:00:00+00:00,0.028333333333333335,0.08387729773918788,0.3736853865525423
2026-01-05 18:00:00+00:00,2026-01-06 21:00:00+00:00,1,27,2,2026-01-05 09:00:00+00:00,0.028333333333333332,0.08546049396197002,0.3736853865525423
2026-01-05 18:00:00+00:00,2026-01-06 22:00:00+00:00,1,28,2,2026-01-05 10:00:00+00:00,0.01,0.051957666873931885,0.3736853865525423
2026-01-05 18:00:00+00:00,2026-01-06 23:00:00+00:00,1,29,2,2026-01-05 11:00:00+00:00,0.01,0.03320143992702166,0.3736853865525423
2026-01-05 18:00:00+00:00,2026-01-07 00:00:00+00:00,1,30,2,2026-01-05 12:00:00+00:00,0.01,0.021034660438696545,0.3736853865525423
2026-01-05 18:00:00+00:00,2026-01-07 01:00:00+00:00,1,31,2,2026-01-05 13:00:00+00:00,0.01,0.013837228529155254,0.3736853865525423
2026-01-05 18:00:00+00:00,2026-01-07 02:00:00+00:00,1,32,2,2026-01-05 14:00:00+00:00,0.01,0.010780083946883678,0.3736853865525423
2026-01-05 18:00:00+00:00,2026-01-07 03:00:00+00:00,1,33,2,2026-01-05 15:00:00+00:00,0.01,0.01166262679422895,0.3736853865525423
2026-01-05 18:00:00+00:00,2026-01-07 04:00:00+00:00,1,34,2,2026-01-05 16:00:00+00:00,0.01,0.011590964471300444,0.3736853865525423
2026-01-05 18:00:00+00:00,2026-01-07 05:00:00+00:00,1,35,2,2026-01-05 17:00:00+00:00,0.01,0.016272556968033314,0.3736853865525423
2026-01-05 18:00:00+00:00,2026-01-07 06:00:00+00:00,1,36,2,2026-01-05 18:00:00+00:00,0.01,0.018914636534949143,0.3736853865525423
2026-01-05 18:00:00+00:00,2026-01-07 07:00:00+00:00,1,37,3,2026-01-04 19:00:00+00:00,0.01,0.04256402452786764,0.3736853865525423
2026-01-05 18:00:00+00:00,2026-01-07 08:00:00+00:00,1,38,3,2026-01-04 20:00:00+00:00,0.01,0.04487066219250361,0.3736853865525423
2026-01-05 18:00:00+00:00,2026-01-07 09:00:00+00:00,1,39,3,2026-01-04 21:00:00+00:00,0.01,0.06854674344261487,0.3736853865525423
2026-01-05 18:00:00+00:00,2026-01-07 10:00:00+00:00,1,40,3,2026-01-04 22:00:00+00:00,0.01,0.06476020067930222,0.3736853865525423
2026-01-05 18:00:00+00:00,2026-01-07 11:00:00+00:00,1,41,3,2026-01-04 23:00:00+00:00,0.011666666666666667,0.14058490097522736,0.3736853865525423
2026-01-05 18:00:00+00:00,2026-01-07 12:00:00+00:00,1,42,3,2026-01-05 00:00:00+00:00,0.028333333333333332,0.0917833720644315,0.3736853865525423
2026-01-05 18:00:00+00:00,2026-01-07 13:00:00+00:00,1,43,3,2026-01-05 01:00:00+00:00,0.02,0.12543072799841562,0.3736853865525423
2026-01-05 18:00:00+00:00,2026-01-07 14:00:00+00:00,1,44,3,2026-01-05 02:00:00+00:00,0.011666666666666667,0.15149826308091482,0.3736853865525423
2026-01-05 18:00:00+00:00,2026-01-07 15:00:00+00:00,1,45,3,2026-01-05 03:00:00+00:00,0.01,0.16200006753206253,0.3736853865525423
2026-01-05 18:00:00+00:00,2026-01-07 16:00:00+00:00,1,46,3,2026-01-05 04:00:00+00:00,0.01,0.2086390107870102,0.3736853865525423
2026-01-05 18:00:00+00:00,2026-01-07 17:00:00+00:00,1,47,3,2026-01-05 05:00:00+00:00,0.01,0.21453387041886648,0.3736853865525423
2026-01-05 18:00:00+00:00,2026-01-07 18:00:00+00:00,1,48,3,2026-01-05 06:00:00+00:00,0.01,0.1368827944000562,0.3736853865525423
2026-01-05 18:00:00+00:00,2026-01-05 19:00:00+00:00,2,1,1,2026-01-05 07:00:00+00:00,0.3466666666666667,0.3431685467561086,0.36829703959695215
2026-01-05 18:00:00+00:00,2026-01-05 20:00:00+00:00,2,2,1,2026-01-05 08:00:00+00:00,0.2966666666666667,0.4613237679004669,0.36829703959695215
2026-01-05 18:00:00+00:00,2026-01-05 21:00:00+00:00,2,3,1,2026-01-05 09:00:00+00:00,0.7400000000000001,0.5990957220395406,0.36829703959695215
2026-01-05 18:00:00+00:00,2026-01-05 22:00:00+00:00,2,4,1,2026-01-05 10:00:00+00:00,0.9566666666666667,0.7434869011243185,0.36829703959695215
2026-01-05 18:00:00+00:00,2026-01-05 23:00:00+00:00,2,5,1,2026-01-05 11:00:00+00:00,0.7999999999999999,0.8568490544954935,0.36829703959695215
2026-01-05 18:00:00+00:00,2026-01-06 00:00:00+00:00,2,6,1,2026-01-05 12:00:00+00:00,0.9683333333333333,0.955435315767924,0.36829703959695215
2026-01-05 18:00:00+00:00,2026-01-06 01:00:00+00:00,2,7,1,2026-01-05 13:00:00+00:00,0.8783333333333333,0.9756640990575155,0.36829703959695215
2026-01-05 18:00:00+00:00,2026-01-06 02:00:00+00:00,2,8,1,2026-01-05 14:00:00+00:00,0.9733333333333333,0.9811686873435974,0.36829703959695215
2026-01-05 18:00:00+00:00,2026-01-06 03:00:00+00:00,2,9,1,2026-01-05 15:00:00+00:00,0.9683333333333333,0.9862560033798218,0.36829703959695215
2026-01-05 18:00:00+00:00,2026-01-06 04:00:00+00:00,2,10,1,2026-01-05 16:00:00+00:00,0.965,0.9897991816202799,0.36829703959695215
2026-01-05 18:00:00+00:00,2026-01-06 05:00:00+00:00,2,11,1,2026-01-05 17:00:00+00:00,0.9133333333333334,0.9935250878334045,0.36829703959695215
2026-01-05 18:00:00+00:00,2026-01-06 06:00:00+00:00,2,12,1,2026-01-05 18:00:00+00:00,0.975,0.9945400953292847,0.36829703959695215
2026-01-05 18:00:00+00:00,2026-01-06 07:00:00+00:00,2,13,2,2026-01-04 19:00:00+00:00,0.9733333333333333,0.9922000567118326,0.36829703959695215
2026-01-05 18:00:00+00:00,2026-01-06 08:00:00+00:00,2,14,2,2026-01-04 20:00:00+00:00,0.9666666666666667,0.9926139712333679,0.36829703959695215
2026-01-05 18:00:00+00:00,2026-01-06 09:00:00+00:00,2,15,2,2026-01-04 21:00:00+00:00,0.9700000000000001,0.9914047320683798,0.36829703959695215
2026-01-05 18:00:00+00:00,2026-01-06 10:00:00+00:00,2,16,2,2026-01-04 22:00:00+00:00,0.965,0.987933357556661,0.36829703959695215
2026-01-05 18:00:00+00:00,2026-01-06 11:00:00+00:00,2,17,2,2026-01-04 23:00:00+00:00,0.9700000000000001,0.983068605264028,0.36829703959695215
2026-01-05 18:00:00+00:00,2026-01-06 12:00:00+00:00,2,18,2,2026-01-05 00:00:00+00:00,0.9700000000000001,0.9829962253570557,0.36829703959695215
2026-01-05 18:00:00+00:00,2026-01-06 13:00:00+00:00,2,19,2,2026-01-05 01:00:00+00:00,0.9700000000000001,0.9713930487632751,0.36829703959695215
2026-01-05 18:00:00+00:00,2026-01-06 14:00:00+00:00,2,20,2,2026-01-05 02:00:00+00:00,0.8916666666666666,0.9453911582628886,0.36829703959695215
2026-01-05 18:00:00+00:00,2026-01-06 15:00:00+00:00,2,21,2,2026-01-05 03:00:00+00:00,0.635,0.8445326685905457,0.36829703959695215
2026-01-05 18:00:00+00:00,2026-01-06 16:00:00+00:00,2,22,2,2026-01-05 04:00:00+00:00,0.48500000000000004,0.5965184966723124,0.36829703959695215
2026-01-05 18:00:00+00:00,2026-01-06 17:00:00+00:00,2,23,2,2026-01-05 05:00:00+00:00,0.165,0.30084993441899616,0.36829703959695215
2026-01-05 18:00:00+00:00,2026-01-06 18:00:00+00:00,2,24,2,2026-01-05 06:00:00+00:00,0.021666666666666667,0.1532638520002365,0.36829703959695215
2026-01-05 18:00:00+00:00,2026-01-06 19:00:00+00:00,2,25,2,2026-01-05 07:00:00+00:00,0.008333333333333333,0.09568947305281957,0.36829703959695215
2026-01-05 18:00:00+00:00,2026-01-06 20:00:00+00:00,2,26,2,2026-01-05 08:00:00+00:00,0.02,0.06745409468809764,0.36829703959695215
2026-01-05 18:00:00+00:00,2026-01-06 21:00:00+00:00,2,27,2,2026-01-05 09:00:00+00:00,0.028333333333333332,0.07094444334506989,0.36829703959695215
2026-01-05 18:00:00+00:00,2026-01-06 22:00:00+00:00,2,28,2,2026-01-05 10:00:00+00:00,0.008333333333333333,0.0469261941810449,0.36829703959695215
2026-01-05 18:00:00+00:00,2026-01-06 23:00:00+00:00,2,29,2,2026-01-05 11:00:00+00:00,0.01,0.02903650390605132,0.36829703959695215
2026-01-05 18:00:00+00:00,2026-01-07 00:00:00+00:00,2,30,2,2026-01-05 12:00:00+00:00,0.01,0.018344687918821972,0.36829703959695215
2026-01-05 18:00:00+00:00,2026-01-07 01:00:00+00:00,2,31,2,2026-01-05 13:00:00+00:00,0.01,0.012258192213873068,0.36829703959695215
2026-01-05 18:00:00+00:00,2026-01-07 02:00:00+00:00,2,32,2,2026-01-05 14:00:00+00:00,0.01,0.009965285503615936,0.36829703959695215
2026-01-05 18:00:00+00:00,2026-01-07 03:00:00+00:00,2,33,2,2026-01-05 15:00:00+00:00,0.01,0.01120517480497559,0.36829703959695215
2026-01-05 18:00:00+00:00,2026-01-07 04:00:00+00:00,2,34,2,2026-01-05 16:00:00+00:00,0.01,0.010622033383697271,0.36829703959695215
2026-01-05 18:00:00+00:00,2026-01-07 05:00:00+00:00,2,35,2,2026-01-05 17:00:00+00:00,0.01,0.015568122267723083,0.36829703959695215
2026-01-05 18:00:00+00:00,2026-01-07 06:00:00+00:00,2,36,2,2026-01-05 18:00:00+00:00,0.01,0.01766068860888481,0.36829703959695215
2026-01-05 18:00:00+00:00,2026-01-07 07:00:00+00:00,2,37,3,2026-01-04 19:00:00+00:00,0.01,0.040879045923550926,0.36829703959695215
2026-01-05 18:00:00+00:00,2026-01-07 08:00:00+00:00,2,38,3,2026-01-04 20:00:00+00:00,0.01,0.042648084461688995,0.36829703959695215
2026-01-05 18:00:00+00:00,2026-01-07 09:00:00+00:00,2,39,3,2026-01-04 21:00:00+00:00,0.01,0.06142152721683184,0.36829703959695215
2026-01-05 18:00:00+00:00,2026-01-07 10:00:00+00:00,2,40,3,2026-01-04 22:00:00+00:00,0.01,0.056246368835369744,0.36829703959695215
2026-01-05 18:00:00+00:00,2026-01-07 11:00:00+00:00,2,41,3,2026-01-04 23:00:00+00:00,0.008333333333333333,0.1297636777162552,0.36829703959695215
2026-01-05 18:00:00+00:00,2026-01-07 12:00:00+00:00,2,42,3,2026-01-05 00:00:00+00:00,0.021666666666666667,0.08232552061478297,0.36829703959695215
2026-01-05 18:00:00+00:00,2026-01-07 13:00:00+00:00,2,43,3,2026-01-05 01:00:00+00:00,0.02,0.1060390795270602,0.36829703959695215
2026-01-05 18:00:00+00:00,2026-01-07 14:00:00+00:00,2,44,3,2026-01-05 02:00:00+00:00,0.008333333333333333,0.1219008465607961,0.36829703959695215
2026-01-05 18:00:00+00:00,2026-01-07 15:00:00+00:00,2,45,3,2026-01-05 03:00:00+00:00,0.01,0.13389221082131067,0.36829703959695215
2026-01-05 18:00:00+00:00,2026-01-07 16:00:00+00:00,2,46,3,2026-01-05 04:00:00+00:00,0.01,0.17511355876922607,0.36829703959695215
2026-01-05 18:00:00+00:00,2026-01-07 17:00:00+00:00,2,47,3,2026-01-05 05:00:00+00:00,0.01,0.1745834598938624,0.36829703959695215
2026-01-05 18:00:00+00:00,2026-01-07 18:00:00+00:00,2,48,3,2026-01-05 06:00:00+00:00,0.01,0.10667077451944351,0.36829703959695215
2026-01-06 18:00:00+00:00,2026-01-06 19:00:00+00:00,1,1,1,2026-01-06 07:00:00+00:00,0.01,0.05386525640885035,0.3736853865525423
2026-01-06 18:00:00+00:00,2026-01-06 20:00:00+00:00,1,2,1,2026-01-06 08:00:00+00:00,0.028333333333333335,0.03522189023594061,0.3736853865525423
2026-01-06 18:00:00+00:00,2026-01-06 21:00:00+00:00,1,3,1,2026-01-06 09:00:00+00:00,0.028333333333333332,0.02078450160721938,0.3736853865525423
2026-01-06 18:00:00+00:00,2026-01-06 22:00:00+00:00,1,4,1,2026-01-06 10:00:00+00:00,0.01,0.014780589689811071,0.3736853865525423
2026-01-06 18:00:00+00:00,2026-01-06 23:00:00+00:00,1,5,1,2026-01-06 11:00:00+00:00,0.01,0.009012891445308924,0.3736853865525423
2026-01-06 18:00:00+00:00,2026-01-07 00:00:00+00:00,1,6,1,2026-01-06 12:00:00+00:00,0.01,0.010130845941603184,0.3736853865525423
2026-01-06 18:00:00+00:00,2026-01-07 01:00:00+00:00,1,7,1,2026-01-06 13:00:00+00:00,0.01,0.01236268769328793,0.3736853865525423
2026-01-06 18:00:00+00:00,2026-01-07 02:00:00+00:00,1,8,1,2026-01-06 14:00:00+00:00,0.01,0.011616960323105255,0.3736853865525423
2026-01-06 18:00:00+00:00,2026-01-07 03:00:00+00:00,1,9,1,2026-01-06 15:00:00+00:00,0.01,0.010694985122730335,0.3736853865525423
2026-01-06 18:00:00+00:00,2026-01-07 04:00:00+00:00,1,10,1,2026-01-06 16:00:00+00:00,0.01,0.009435095824301243,0.3736853865525423
2026-01-06 18:00:00+00:00,2026-01-07 05:00:00+00:00,1,11,1,2026-01-06 17:00:00+00:00,0.01,0.010147349753727516,0.3736853865525423
2026-01-06 18:00:00+00:00,2026-01-07 06:00:00+00:00,1,12,1,2026-01-06 18:00:00+00:00,0.01,0.01189908462887009,0.3736853865525423
2026-01-06 18:00:00+00:00,2026-01-07 07:00:00+00:00,1,13,2,2026-01-05 19:00:00+00:00,0.01,0.02040021059413751,0.3736853865525423
2026-01-06 18:00:00+00:00,2026-01-07 08:00:00+00:00,1,14,2,2026-01-05 20:00:00+00:00,0.01,0.018093601800501347,0.3736853865525423
2026-01-06 18:00:00+00:00,2026-01-07 09:00:00+00:00,1,15,2,2026-01-05 21:00:00+00:00,0.01,0.034468031177918114,0.3736853865525423
2026-01-06 18:00:00+00:00,2026-01-07 10:00:00+00:00,1,16,2,2026-01-05 22:00:00+00:00,0.01,0.03721438782910506,0.3736853865525423
2026-01-06 18:00:00+00:00,2026-01-07 11:00:00+00:00,1,17,2,2026-01-05 23:00:00+00:00,0.011666666666666667,0.0596464549501737,0.3736853865525423
2026-01-06 18:00:00+00:00,2026-01-07 12:00:00+00:00,1,18,2,2026-01-06 00:00:00+00:00,0.028333333333333332,0.09750479211409886,0.3736853865525423
2026-01-06 18:00:00+00:00,2026-01-07 13:00:00+00:00,1,19,2,2026-01-06 01:00:00+00:00,0.02,0.0966251144806544,0.3736853865525423
2026-01-06 18:00:00+00:00,2026-01-07 14:00:00+00:00,1,20,2,2026-01-06 02:00:00+00:00,0.011666666666666667,0.1085204506913821,0.3736853865525423
2026-01-06 18:00:00+00:00,2026-01-07 15:00:00+00:00,1,21,2,2026-01-06 03:00:00+00:00,0.01,0.12723132222890854,0.3736853865525423
2026-01-06 18:00:00+00:00,2026-01-07 16:00:00+00:00,1,22,2,2026-01-06 04:00:00+00:00,0.01,0.13531769812107086,0.3736853865525423
2026-01-06 18:00:00+00:00,2026-01-07 17:00:00+00:00,1,23,2,2026-01-06 05:00:00+00:00,0.01,0.1516700486342112,0.3736853865525423
2026-01-06 18:00:00+00:00,2026-01-07 18:00:00+00:00,1,24,2,2026-01-06 06:00:00+00:00,0.01,0.10424157480398814,0.3736853865525423
2026-01-06 18:00:00+00:00,2026-01-07 19:00:00+00:00,1,25,2,2026-01-06 07:00:00+00:00,0.01,0.0875560666124026,0.3736853865525423
2026-01-06 18:00:00+00:00,2026-01-07 20:00:00+00:00,1,26,2,2026-01-06 08:00:00+00:00,0.01,0.07555769880612691,0.3736853865525423
2026-01-06 18:00:00+00:00,2026-01-07 21:00:00+00:00,1,27,2,2026-01-06 09:00:00+00:00,0.01,0.06999809046586354,0.3736853865525423
2026-01-06 18:00:00+00:00,2026-01-07 22:00:00+00:00,1,28,2,2026-01-06 10:00:00+00:00,0.01,0.052852087964614235,0.3736853865525423
2026-01-06 18:00:00+00:00,2026-01-07 23:00:00+00:00,1,29,2,2026-01-06 11:00:00+00:00,0.01,0.06022644663850466,0.3736853865525423
2026-01-06 18:00:00+00:00,2026-01-08 00:00:00+00:00,1,30,2,2026-01-06 12:00:00+00:00,0.01,0.016094553594787914,0.3736853865525423
2026-01-06 18:00:00+00:00,2026-01-08 01:00:00+00:00,1,31,2,2026-01-06 13:00:00+00:00,0.01,0.012569992492596308,0.3736853865525423
2026-01-06 18:00:00+00:00,2026-01-08 02:00:00+00:00,1,32,2,2026-01-06 14:00:00+00:00,0.01,0.01808998578538497,0.3736853865525423
2026-01-06 18:00:00+00:00,2026-01-08 03:00:00+00:00,1,33,2,2026-01-06 15:00:00+00:00,0.01,0.010312531764308611,0.3736853865525423
2026-01-06 18:00:00+00:00,2026-01-08 04:00:00+00:00,1,34,2,2026-01-06 16:00:00+00:00,0.01,0.020793428644537926,0.3736853865525423
2026-01-06 18:00:00+00:00,2026-01-08 05:00:00+00:00,1,35,2,2026-01-06 17:00:00+00:00,0.01,0.05973506594697634,0.3736853865525423
2026-01-06 18:00:00+00:00,2026-01-08 06:00:00+00:00,1,36,2,2026-01-06 18:00:00+00:00,0.01,0.04201846569776535,0.3736853865525423
2026-01-06 18:00:00+00:00,2026-01-08 07:00:00+00:00,1,37,3,2026-01-05 19:00:00+00:00,0.01,0.6999271512031555,0.3736853865525423
2026-01-06 18:00:00+00:00,2026-01-08 08:00:00+00:00,1,38,3,2026-01-05 20:00:00+00:00,0.008333333333333333,0.6524543166160583,0.3736853865525423
2026-01-06 18:00:00+00:00,2026-01-08 09:00:00+00:00,1,39,3,2026-01-05 21:00:00+00:00,0.01,0.6368876099586487,0.3736853865525423
2026-01-06 18:00:00+00:00,2026-01-08 10:00:00+00:00,1,40,3,2026-01-05 22:00:00+00:00,0.18333333333333335,0.6398165225982666,0.3736853865525423
2026-01-06 18:00:00+00:00,2026-01-08 11:00:00+00:00,1,41,3,2026-01-05 23:00:00+00:00,0.13833333333333334,0.6487249930699667,0.3736853865525423
2026-01-06 18:00:00+00:00,2026-01-08 12:00:00+00:00,1,42,3,2026-01-06 00:00:00+00:00,0.135,0.5558517773946127,0.3736853865525423
2026-01-06 18:00:00+00:00,2026-01-08 13:00:00+00:00,1,43,3,2026-01-06 01:00:00+00:00,0.12,0.564502497514089,0.3736853865525423
2026-01-06 18:00:00+00:00,2026-01-08 14:00:00+00:00,1,44,3,2026-01-06 02:00:00+00:00,0.01,0.589998702208201,0.3736853865525423
2026-01-06 18:00:00+00:00,2026-01-08 15:00:00+00:00,1,45,3,2026-01-06 03:00:00+00:00,0.013333333333333334,0.5853538314501444,0.3736853865525423
2026-01-06 18:00:00+00:00,2026-01-08 16:00:00+00:00,1,46,3,2026-01-06 04:00:00+00:00,0.013333333333333334,0.586473286151886,0.3736853865525423
2026-01-06 18:00:00+00:00,2026-01-08 17:00:00+00:00,1,47,3,2026-01-06 05:00:00+00:00,0.01,0.6095576882362366,0.3736853865525423
2026-01-06 18:00:00+00:00,2026-01-08 18:00:00+00:00,1,48,3,2026-01-06 06:00:00+00:00,0.01,0.6039333542188009,0.3736853865525423
2026-01-06 18:00:00+00:00,2026-01-06 19:00:00+00:00,2,1,1,2026-01-06 07:00:00+00:00,0.008333333333333333,0.04764259234070778,0.36829703959695215
2026-01-06 18:00:00+00:00,2026-01-06 20:00:00+00:00,2,2,1,2026-01-06 08:00:00+00:00,0.02,0.030355474601189297,0.36829703959695215
2026-01-06 18:00:00+00:00,2026-01-06 21:00:00+00:00,2,3,1,2026-01-06 09:00:00+00:00,0.028333333333333332,0.018606781028211117,0.36829703959695215
2026-01-06 18:00:00+00:00,2026-01-06 22:00:00+00:00,2,4,1,2026-01-06 10:00:00+00:00,0.008333333333333333,0.01300931784013907,0.36829703959695215
2026-01-06 18:00:00+00:00,2026-01-06 23:00:00+00:00,2,5,1,2026-01-06 11:00:00+00:00,0.01,0.008208663358042637,0.36829703959695215
2026-01-06 18:00:00+00:00,2026-01-07 00:00:00+00:00,2,6,1,2026-01-06 12:00:00+00:00,0.01,0.009070674267907938,0.36829703959695215
2026-01-06 18:00:00+00:00,2026-01-07 01:00:00+00:00,2,7,1,2026-01-06 13:00:00+00:00,0.01,0.011103256605565548,0.36829703959695215
2026-01-06 18:00:00+00:00,2026-01-07 02:00:00+00:00,2,8,1,2026-01-06 14:00:00+00:00,0.01,0.01085617346689105,0.36829703959695215
2026-01-06 18:00:00+00:00,2026-01-07 03:00:00+00:00,2,9,1,2026-01-06 15:00:00+00:00,0.01,0.010231384076178074,0.36829703959695215
2026-01-06 18:00:00+00:00,2026-01-07 04:00:00+00:00,2,10,1,2026-01-06 16:00:00+00:00,0.01,0.008978324942290783,0.36829703959695215
2026-01-06 18:00:00+00:00,2026-01-07 05:00:00+00:00,2,11,1,2026-01-06 17:00:00+00:00,0.01,0.009729412849992514,0.36829703959695215
2026-01-06 18:00:00+00:00,2026-01-07 06:00:00+00:00,2,12,1,2026-01-06 18:00:00+00:00,0.01,0.011706782970577478,0.36829703959695215
2026-01-06 18:00:00+00:00,2026-01-07 07:00:00+00:00,2,13,2,2026-01-05 19:00:00+00:00,0.01,0.018218603916466236,0.36829703959695215
2026-01-06 18:00:00+00:00,2026-01-07 08:00:00+00:00,2,14,2,2026-01-05 20:00:00+00:00,0.01,0.01619239958624045,0.36829703959695215
2026-01-06 18:00:00+00:00,2026-01-07 09:00:00+00:00,2,15,2,2026-01-05 21:00:00+00:00,0.01,0.03214189037680626,0.36829703959695215
2026-01-06 18:00:00+00:00,2026-01-07 10:00:00+00:00,2,16,2,2026-01-05 22:00:00+00:00,0.01,0.03416183156271776,0.36829703959695215
2026-01-06 18:00:00+00:00,2026-01-07 11:00:00+00:00,2,17,2,2026-01-05 23:00:00+00:00,0.008333333333333333,0.05336696778734525,0.36829703959695215
2026-01-06 18:00:00+00:00,2026-01-07 12:00:00+00:00,2,18,2,2026-01-06 00:00:00+00:00,0.021666666666666667,0.08061131834983826,0.36829703959695215
2026-01-06 18:00:00+00:00,2026-01-07 13:00:00+00:00,2,19,2,2026-01-06 01:00:00+00:00,0.02,0.07756013919909795,0.36829703959695215
2026-01-06 18:00:00+00:00,2026-01-07 14:00:00+00:00,2,20,2,2026-01-06 02:00:00+00:00,0.008333333333333333,0.08533394088347752,0.36829703959695215
2026-01-06 18:00:00+00:00,2026-01-07 15:00:00+00:00,2,21,2,2026-01-06 03:00:00+00:00,0.01,0.0966521402200063,0.36829703959695215
2026-01-06 18:00:00+00:00,2026-01-07 16:00:00+00:00,2,22,2,2026-01-06 04:00:00+00:00,0.01,0.10360665371020635,0.36829703959695215
2026-01-06 18:00:00+00:00,2026-01-07 17:00:00+00:00,2,23,2,2026-01-06 05:00:00+00:00,0.01,0.11871461073557536,0.36829703959695215
2026-01-06 18:00:00+00:00,2026-01-07 18:00:00+00:00,2,24,2,2026-01-06 06:00:00+00:00,0.01,0.07938842227061589,0.36829703959695215
2026-01-06 18:00:00+00:00,2026-01-07 19:00:00+00:00,2,25,2,2026-01-06 07:00:00+00:00,0.01,0.06680279473463695,0.36829703959695215
2026-01-06 18:00:00+00:00,2026-01-07 20:00:00+00:00,2,26,2,2026-01-06 08:00:00+00:00,0.01,0.05821078394850095,0.36829703959695215
2026-01-06 18:00:00+00:00,2026-01-07 21:00:00+00:00,2,27,2,2026-01-06 09:00:00+00:00,0.01,0.05730191866556803,0.36829703959695215
2026-01-06 18:00:00+00:00,2026-01-07 22:00:00+00:00,2,28,2,2026-01-06 10:00:00+00:00,0.01,0.04205901424090067,0.36829703959695215
2026-01-06 18:00:00+00:00,2026-01-07 23:00:00+00:00,2,29,2,2026-01-06 11:00:00+00:00,0.01,0.04959707582990328,0.36829703959695215
2026-01-06 18:00:00+00:00,2026-01-08 00:00:00+00:00,2,30,2,2026-01-06 12:00:00+00:00,0.01,0.013913765549659729,0.36829703959695215
2026-01-06 18:00:00+00:00,2026-01-08 01:00:00+00:00,2,31,2,2026-01-06 13:00:00+00:00,0.01,0.011592765028278032,0.36829703959695215
2026-01-06 18:00:00+00:00,2026-01-08 02:00:00+00:00,2,32,2,2026-01-06 14:00:00+00:00,0.01,0.01673014337817828,0.36829703959695215
2026-01-06 18:00:00+00:00,2026-01-08 03:00:00+00:00,2,33,2,2026-01-06 15:00:00+00:00,0.01,0.009933903192480406,0.36829703959695215
2026-01-06 18:00:00+00:00,2026-01-08 04:00:00+00:00,2,34,2,2026-01-06 16:00:00+00:00,0.01,0.020156089526911575,0.36829703959695215
2026-01-06 18:00:00+00:00,2026-01-08 05:00:00+00:00,2,35,2,2026-01-06 17:00:00+00:00,0.01,0.05840326969822248,0.36829703959695215
2026-01-06 18:00:00+00:00,2026-01-08 06:00:00+00:00,2,36,2,2026-01-06 18:00:00+00:00,0.01,0.04428421581784884,0.36829703959695215
2026-01-06 18:00:00+00:00,2026-01-08 07:00:00+00:00,2,37,3,2026-01-05 19:00:00+00:00,0.006666666666666667,0.7145014603932699,0.36829703959695215
2026-01-06 18:00:00+00:00,2026-01-08 08:00:00+00:00,2,38,3,2026-01-05 20:00:00+00:00,0.008333333333333333,0.6706235607465109,0.36829703959695215
2026-01-06 18:00:00+00:00,2026-01-08 09:00:00+00:00,2,39,3,2026-01-05 21:00:00+00:00,0.013333333333333334,0.6605317791302999,0.36829703959695215
2026-01-06 18:00:00+00:00,2026-01-08 10:00:00+00:00,2,40,3,2026-01-05 22:00:00+00:00,0.18666666666666668,0.655223031838735,0.36829703959695215
2026-01-06 18:00:00+00:00,2026-01-08 11:00:00+00:00,2,41,3,2026-01-05 23:00:00+00:00,0.135,0.6680747667948405,0.36829703959695215
2026-01-06 18:00:00+00:00,2026-01-08 12:00:00+00:00,2,42,3,2026-01-06 00:00:00+00:00,0.12666666666666668,0.5768065055211385,0.36829703959695215
2026-01-06 18:00:00+00:00,2026-01-08 13:00:00+00:00,2,43,3,2026-01-06 01:00:00+00:00,0.09999999999999999,0.5743695100148519,0.36829703959695215
2026-01-06 18:00:00+00:00,2026-01-08 14:00:00+00:00,2,44,3,2026-01-06 02:00:00+00:00,0.01,0.5820679267247518,0.36829703959695215
2026-01-06 18:00:00+00:00,2026-01-08 15:00:00+00:00,2,45,3,2026-01-06 03:00:00+00:00,0.008333333333333333,0.5604942639668783,0.36829703959695215
2026-01-06 18:00:00+00:00,2026-01-08 16:00:00+00:00,2,46,3,2026-01-06 04:00:00+00:00,0.011666666666666667,0.5547207593917847,0.36829703959695215
2026-01-06 18:00:00+00:00,2026-01-08 17:00:00+00:00,2,47,3,2026-01-06 05:00:00+00:00,0.008333333333333333,0.5816115538279215,0.36829703959695215
2026-01-06 18:00:00+00:00,2026-01-08 18:00:00+00:00,2,48,3,2026-01-06 06:00:00+00:00,0.008333333333333333,0.5680660406748453,0.36829703959695215
2026-01-07 18:00:00+00:00,2026-01-07 19:00:00+00:00,1,1,1,2026-01-07 07:00:00+00:00,0.01,0.02891517182191213,0.3736853865525423
2026-01-07 18:00:00+00:00,2026-01-07 20:00:00+00:00,1,2,1,2026-01-07 08:00:00+00:00,0.01,0.028755623226364452,0.3736853865525423
2026-01-07 18:00:00+00:00,2026-01-07 21:00:00+00:00,1,3,1,2026-01-07 09:00:00+00:00,0.01,0.03230172830323378,0.3736853865525423
2026-01-07 18:00:00+00:00,2026-01-07 22:00:00+00:00,1,4,1,2026-01-07 10:00:00+00:00,0.01,0.0351763212432464,0.3736853865525423
2026-01-07 18:00:00+00:00,2026-01-07 23:00:00+00:00,1,5,1,2026-01-07 11:00:00+00:00,0.01,0.027671906476219494,0.3736853865525423
2026-01-07 18:00:00+00:00,2026-01-08 00:00:00+00:00,1,6,1,2026-01-07 12:00:00+00:00,0.01,0.019215762615203857,0.3736853865525423
2026-01-07 18:00:00+00:00,2026-01-08 01:00:00+00:00,1,7,1,2026-01-07 13:00:00+00:00,0.01,0.020769432187080383,0.3736853865525423
2026-01-07 18:00:00+00:00,2026-01-08 02:00:00+00:00,1,8,1,2026-01-07 14:00:00+00:00,0.01,0.018901869654655457,0.3736853865525423
2026-01-07 18:00:00+00:00,2026-01-08 03:00:00+00:00,1,9,1,2026-01-07 15:00:00+00:00,0.01,0.028453920036554337,0.3736853865525423
2026-01-07 18:00:00+00:00,2026-01-08 04:00:00+00:00,1,10,1,2026-01-07 16:00:00+00:00,0.01,0.03509900035957495,0.3736853865525423
2026-01-07 18:00:00+00:00,2026-01-08 05:00:00+00:00,1,11,1,2026-01-07 17:00:00+00:00,0.01,0.060958744337161384,0.3736853865525423
2026-01-07 18:00:00+00:00,2026-01-08 06:00:00+00:00,1,12,1,2026-01-07 18:00:00+00:00,0.01,0.09460785488287608,0.3736853865525423
2026-01-07 18:00:00+00:00,2026-01-08 07:00:00+00:00,1,13,2,2026-01-06 19:00:00+00:00,0.01,0.053145370135704674,0.3736853865525423
2026-01-07 18:00:00+00:00,2026-01-08 08:00:00+00:00,1,14,2,2026-01-06 20:00:00+00:00,0.008333333333333333,0.07764755686124165,0.3736853865525423
2026-01-07 18:00:00+00:00,2026-01-08 09:00:00+00:00,1,15,2,2026-01-06 21:00:00+00:00,0.01,0.11884321769078572,0.3736853865525423
2026-01-07 18:00:00+00:00,2026-01-08 10:00:00+00:00,1,16,2,2026-01-06 22:00:00+00:00,0.18333333333333335,0.15533226231733957,0.3736853865525423
2026-01-07 18:00:00+00:00,2026-01-08 11:00:00+00:00,1,17,2,2026-01-06 23:00:00+00:00,0.13833333333333334,0.25414088865121204,0.3736853865525423
2026-01-07 18:00:00+00:00,2026-01-08 12:00:00+00:00,1,18,2,2026-01-07 00:00:00+00:00,0.135,0.40570658445358276,0.3736853865525423
2026-01-07 18:00:00+00:00,2026-01-08 13:00:00+00:00,1,19,2,2026-01-07 01:00:00+00:00,0.12,0.4829455316066742,0.3736853865525423
2026-01-07 18:00:00+00:00,2026-01-08 14:00:00+00:00,1,20,2,2026-01-07 02:00:00+00:00,0.01,0.46281962593396503,0.3736853865525423
2026-01-07 18:00:00+00:00,2026-01-08 15:00:00+00:00,1,21,2,2026-01-07 03:00:00+00:00,0.013333333333333334,0.5192342102527618,0.3736853865525423
2026-01-07 18:00:00+00:00,2026-01-08 16:00:00+00:00,1,22,2,2026-01-07 04:00:00+00:00,0.013333333333333334,0.5510514577229818,0.3736853865525423
2026-01-07 18:00:00+00:00,2026-01-08 17:00:00+00:00,1,23,2,2026-01-07 05:00:00+00:00,0.01,0.6166558464368185,0.3736853865525423
2026-01-07 18:00:00+00:00,2026-01-08 18:00:00+00:00,1,24,2,2026-01-07 06:00:00+00:00,0.01,0.6137807965278625,0.3736853865525423
2026-01-07 18:00:00+00:00,2026-01-08 19:00:00+00:00,1,25,2,2026-01-07 07:00:00+00:00,0.011666666666666667,0.7176114916801453,0.3736853865525423
2026-01-07 18:00:00+00:00,2026-01-08 20:00:00+00:00,1,26,2,2026-01-07 08:00:00+00:00,0.01,0.7690410017967224,0.3736853865525423
2026-01-07 18:00:00+00:00,2026-01-08 21:00:00+00:00,1,27,2,2026-01-07 09:00:00+00:00,0.013333333333333334,0.8147947589556376,0.3736853865525423
2026-01-07 18:00:00+00:00,2026-01-08 22:00:00+00:00,1,28,2,2026-01-07 10:00:00+00:00,0.01,0.8274474342664083,0.3736853865525423
2026-01-07 18:00:00+00:00,2026-01-08 23:00:00+00:00,1,29,2,2026-01-07 11:00:00+00:00,0.01,0.817884107430776,0.3736853865525423
2026-01-07 18:00:00+00:00,2026-01-09 00:00:00+00:00,1,30,2,2026-01-07 12:00:00+00:00,0.01,0.8446014722188314,0.3736853865525423
2026-01-07 18:00:00+00:00,2026-01-09 01:00:00+00:00,1,31,2,2026-01-07 13:00:00+00:00,0.01,0.8682383298873901,0.3736853865525423
2026-01-07 18:00:00+00:00,2026-01-09 02:00:00+00:00,1,32,2,2026-01-07 14:00:00+00:00,0.01,0.9019472400347391,0.3736853865525423
2026-01-07 18:00:00+00:00,2026-01-09 03:00:00+00:00,1,33,2,2026-01-07 15:00:00+00:00,0.01,0.9255359967549642,0.3736853865525423
2026-01-07 18:00:00+00:00,2026-01-09 04:00:00+00:00,1,34,2,2026-01-07 16:00:00+00:00,0.01,0.9275153080622355,0.3736853865525423
2026-01-07 18:00:00+00:00,2026-01-09 05:00:00+00:00,1,35,2,2026-01-07 17:00:00+00:00,0.01,0.9310439030329386,0.3736853865525423
2026-01-07 18:00:00+00:00,2026-01-09 06:00:00+00:00,1,36,2,2026-01-07 18:00:00+00:00,0.01,0.8340011239051819,0.3736853865525423
2026-01-07 18:00:00+00:00,2026-01-09 07:00:00+00:00,1,37,3,2026-01-06 19:00:00+00:00,0.01,0.08526711910963058,0.3736853865525423
2026-01-07 18:00:00+00:00,2026-01-09 08:00:00+00:00,1,38,3,2026-01-06 20:00:00+00:00,0.011666666666666667,0.0629834234714508,0.3736853865525423
2026-01-07 18:00:00+00:00,2026-01-09 09:00:00+00:00,1,39,3,2026-01-06 21:00:00+00:00,0.01,0.05760247384508451,0.3736853865525423
2026-01-07 18:00:00+00:00,2026-01-09 10:00:00+00:00,1,40,3,2026-01-06 22:00:00+00:00,0.01,0.06710512563586235,0.3736853865525423
2026-01-07 18:00:00+00:00,2026-01-09 11:00:00+00:00,1,41,3,2026-01-06 23:00:00+00:00,0.02666666666666667,0.08385426675279935,0.3736853865525423
2026-01-07 18:00:00+00:00,2026-01-09 12:00:00+00:00,1,42,3,2026-01-07 00:00:00+00:00,0.03,0.09730934351682663,0.3736853865525423
2026-01-07 18:00:00+00:00,2026-01-09 13:00:00+00:00,1,43,3,2026-01-07 01:00:00+00:00,0.011666666666666667,0.07566528022289276,0.3736853865525423
2026-01-07 18:00:00+00:00,2026-01-09 14:00:00+00:00,1,44,3,2026-01-07 02:00:00+00:00,0.008333333333333333,0.06843586266040802,0.3736853865525423
2026-01-07 18:00:00+00:00,2026-01-09 15:00:00+00:00,1,45,3,2026-01-07 03:00:00+00:00,0.01,0.05253138020634651,0.3736853865525423
2026-01-07 18:00:00+00:00,2026-01-09 16:00:00+00:00,1,46,3,2026-01-07 04:00:00+00:00,0.01,0.04669433211286863,0.3736853865525423
2026-01-07 18:00:00+00:00,2026-01-09 17:00:00+00:00,1,47,3,2026-01-07 05:00:00+00:00,0.01,0.0386017132550478,0.3736853865525423
2026-01-07 18:00:00+00:00,2026-01-09 18:00:00+00:00,1,48,3,2026-01-07 06:00:00+00:00,0.01,0.03971711297829946,0.3736853865525423
2026-01-07 18:00:00+00:00,2026-01-07 19:00:00+00:00,2,1,1,2026-01-07 07:00:00+00:00,0.01,0.025681954498092335,0.36829703959695215
2026-01-07 18:00:00+00:00,2026-01-07 20:00:00+00:00,2,2,1,2026-01-07 08:00:00+00:00,0.01,0.025874378780523937,0.36829703959695215
2026-01-07 18:00:00+00:00,2026-01-07 21:00:00+00:00,2,3,1,2026-01-07 09:00:00+00:00,0.01,0.030185879518588383,0.36829703959695215
2026-01-07 18:00:00+00:00,2026-01-07 22:00:00+00:00,2,4,1,2026-01-07 10:00:00+00:00,0.01,0.03338306831816832,0.36829703959695215
2026-01-07 18:00:00+00:00,2026-01-07 23:00:00+00:00,2,5,1,2026-01-07 11:00:00+00:00,0.01,0.02530486819644769,0.36829703959695215
2026-01-07 18:00:00+00:00,2026-01-08 00:00:00+00:00,2,6,1,2026-01-07 12:00:00+00:00,0.01,0.018110503753026325,0.36829703959695215
2026-01-07 18:00:00+00:00,2026-01-08 01:00:00+00:00,2,7,1,2026-01-07 13:00:00+00:00,0.01,0.01936474380393823,0.36829703959695215
2026-01-07 18:00:00+00:00,2026-01-08 02:00:00+00:00,2,8,1,2026-01-07 14:00:00+00:00,0.01,0.017206855739156406,0.36829703959695215
2026-01-07 18:00:00+00:00,2026-01-08 03:00:00+00:00,2,9,1,2026-01-07 15:00:00+00:00,0.01,0.025449415668845177,0.36829703959695215
2026-01-07 18:00:00+00:00,2026-01-08 04:00:00+00:00,2,10,1,2026-01-07 16:00:00+00:00,0.01,0.03212821173171202,0.36829703959695215
2026-01-07 18:00:00+00:00,2026-01-08 05:00:00+00:00,2,11,1,2026-01-07 17:00:00+00:00,0.01,0.056989748030900955,0.36829703959695215
2026-01-07 18:00:00+00:00,2026-01-08 06:00:00+00:00,2,12,1,2026-01-07 18:00:00+00:00,0.01,0.0891895592212677,0.36829703959695215
2026-01-07 18:00:00+00:00,2026-01-08 07:00:00+00:00,2,13,2,2026-01-06 19:00:00+00:00,0.006666666666666667,0.055517649898926415,0.36829703959695215
2026-01-07 18:00:00+00:00,2026-01-08 08:00:00+00:00,2,14,2,2026-01-06 20:00:00+00:00,0.008333333333333333,0.07765016953150432,0.36829703959695215
2026-01-07 18:00:00+00:00,2026-01-08 09:00:00+00:00,2,15,2,2026-01-06 21:00:00+00:00,0.013333333333333334,0.11846163868904114,0.36829703959695215
2026-01-07 18:00:00+00:00,2026-01-08 10:00:00+00:00,2,16,2,2026-01-06 22:00:00+00:00,0.18666666666666668,0.15168399860461554,0.36829703959695215
2026-01-07 18:00:00+00:00,2026-01-08 11:00:00+00:00,2,17,2,2026-01-06 23:00:00+00:00,0.135,0.2322334349155426,0.36829703959695215
2026-01-07 18:00:00+00:00,2026-01-08 12:00:00+00:00,2,18,2,2026-01-07 00:00:00+00:00,0.12666666666666668,0.39005744457244873,0.36829703959695215
2026-01-07 18:00:00+00:00,2026-01-08 13:00:00+00:00,2,19,2,2026-01-07 01:00:00+00:00,0.09999999999999999,0.4710126519203186,0.36829703959695215
2026-01-07 18:00:00+00:00,2026-01-08 14:00:00+00:00,2,20,2,2026-01-07 02:00:00+00:00,0.01,0.4557616511980693,0.36829703959695215
2026-01-07 18:00:00+00:00,2026-01-08 15:00:00+00:00,2,21,2,2026-01-07 03:00:00+00:00,0.008333333333333333,0.49413955211639404,0.36829703959695215
2026-01-07 18:00:00+00:00,2026-01-08 16:00:00+00:00,2,22,2,2026-01-07 04:00:00+00:00,0.011666666666666667,0.5251274704933167,0.36829703959695215
2026-01-07 18:00:00+00:00,2026-01-08 17:00:00+00:00,2,23,2,2026-01-07 05:00:00+00:00,0.008333333333333333,0.6074263652165731,0.36829703959695215
2026-01-07 18:00:00+00:00,2026-01-08 18:00:00+00:00,2,24,2,2026-01-07 06:00:00+00:00,0.008333333333333333,0.6044723391532898,0.36829703959695215
2026-01-07 18:00:00+00:00,2026-01-08 19:00:00+00:00,2,25,2,2026-01-07 07:00:00+00:00,0.01,0.7125984231630961,0.36829703959695215
2026-01-07 18:00:00+00:00,2026-01-08 20:00:00+00:00,2,26,2,2026-01-07 08:00:00+00:00,0.008333333333333333,0.7611327966054281,0.36829703959695215
2026-01-07 18:00:00+00:00,2026-01-08 21:00:00+00:00,2,27,2,2026-01-07 09:00:00+00:00,0.01,0.8093210458755493,0.36829703959695215
2026-01-07 18:00:00+00:00,2026-01-08 22:00:00+00:00,2,28,2,2026-01-07 10:00:00+00:00,0.011666666666666667,0.8230860431989034,0.36829703959695215
2026-01-07 18:00:00+00:00,2026-01-08 23:00:00+00:00,2,29,2,2026-01-07 11:00:00+00:00,0.01,0.8105282584826151,0.36829703959695215
2026-01-07 18:00:00+00:00,2026-01-09 00:00:00+00:00,2,30,2,2026-01-07 12:00:00+00:00,0.01,0.8392584721247355,0.36829703959695215
2026-01-07 18:00:00+00:00,2026-01-09 01:00:00+00:00,2,31,2,2026-01-07 13:00:00+00:00,0.008333333333333333,0.8604980309804281,0.36829703959695215
2026-01-07 18:00:00+00:00,2026-01-09 02:00:00+00:00,2,32,2,2026-01-07 14:00:00+00:00,0.01,0.8889733155568441,0.36829703959695215
2026-01-07 18:00:00+00:00,2026-01-09 03:00:00+00:00,2,33,2,2026-01-07 15:00:00+00:00,0.008333333333333333,0.9148709575335184,0.36829703959695215
2026-01-07 18:00:00+00:00,2026-01-09 04:00:00+00:00,2,34,2,2026-01-07 16:00:00+00:00,0.008333333333333333,0.917366623878479,0.36829703959695215
2026-01-07 18:00:00+00:00,2026-01-09 05:00:00+00:00,2,35,2,2026-01-07 17:00:00+00:00,0.01,0.926873505115509,0.36829703959695215
2026-01-07 18:00:00+00:00,2026-01-09 06:00:00+00:00,2,36,2,2026-01-07 18:00:00+00:00,0.01,0.8264421224594116,0.36829703959695215
2026-01-07 18:00:00+00:00,2026-01-09 07:00:00+00:00,2,37,3,2026-01-06 19:00:00+00:00,0.01,0.08940865596135457,0.36829703959695215
2026-01-07 18:00:00+00:00,2026-01-09 08:00:00+00:00,2,38,3,2026-01-06 20:00:00+00:00,0.006666666666666667,0.06338963409264882,0.36829703959695215
2026-01-07 18:00:00+00:00,2026-01-09 09:00:00+00:00,2,39,3,2026-01-06 21:00:00+00:00,0.01,0.05866947521766027,0.36829703959695215
2026-01-07 18:00:00+00:00,2026-01-09 10:00:00+00:00,2,40,3,2026-01-06 22:00:00+00:00,0.01,0.06348357597986858,0.36829703959695215
2026-01-07 18:00:00+00:00,2026-01-09 11:00:00+00:00,2,41,3,2026-01-06 23:00:00+00:00,0.016666666666666666,0.07973512634634972,0.36829703959695215
2026-01-07 18:00:00+00:00,2026-01-09 12:00:00+00:00,2,42,3,2026-01-07 00:00:00+00:00,0.013333333333333334,0.09047130246957143,0.36829703959695215
2026-01-07 18:00:00+00:00,2026-01-09 13:00:00+00:00,2,43,3,2026-01-07 01:00:00+00:00,0.01,0.07153805966178577,0.36829703959695215
2026-01-07 18:00:00+00:00,2026-01-09 14:00:00+00:00,2,44,3,2026-01-07 02:00:00+00:00,0.008333333333333333,0.06231307486693064,0.36829703959695215
2026-01-07 18:00:00+00:00,2026-01-09 15:00:00+00:00,2,45,3,2026-01-07 03:00:00+00:00,0.008333333333333333,0.050094702591498695,0.36829703959695215
2026-01-07 18:00:00+00:00,2026-01-09 16:00:00+00:00,2,46,3,2026-01-07 04:00:00+00:00,0.01,0.04388826588789622,0.36829703959695215
2026-01-07 18:00:00+00:00,2026-01-09 17:00:00+00:00,2,47,3,2026-01-07 05:00:00+00:00,0.01,0.03654124463597933,0.36829703959695215
2026-01-07 18:00:00+00:00,2026-01-09 18:00:00+00:00,2,48,3,2026-01-07 06:00:00+00:00,0.01,0.03669452232619127,0.36829703959695215
2026-01-08 18:00:00+00:00,2026-01-08 19:00:00+00:00,1,1,1,2026-01-08 07:00:00+00:00,0.011666666666666667,0.47867538531621295,0.3736853865525423
2026-01-08 18:00:00+00:00,2026-01-08 20:00:00+00:00,1,2,1,2026-01-08 08:00:00+00:00,0.01,0.5576164523760477,0.3736853865525423
2026-01-08 18:00:00+00:00,2026-01-08 21:00:00+00:00,1,3,1,2026-01-08 09:00:00+00:00,0.013333333333333334,0.609395424524943,0.3736853865525423
2026-01-08 18:00:00+00:00,2026-01-08 22:00:00+00:00,1,4,1,2026-01-08 10:00:00+00:00,0.01,0.6730760335922241,0.3736853865525423
2026-01-08 18:00:00+00:00,2026-01-08 23:00:00+00:00,1,5,1,2026-01-08 11:00:00+00:00,0.01,0.7038163940111796,0.3736853865525423
2026-01-08 18:00:00+00:00,2026-01-09 00:00:00+00:00,1,6,1,2026-01-08 12:00:00+00:00,0.01,0.12441296875476837,0.3736853865525423
2026-01-08 18:00:00+00:00,2026-01-09 01:00:00+00:00,1,7,1,2026-01-08 13:00:00+00:00,0.01,0.08093742032845815,0.3736853865525423
2026-01-08 18:00:00+00:00,2026-01-09 02:00:00+00:00,1,8,1,2026-01-08 14:00:00+00:00,0.01,0.06634289895494778,0.3736853865525423
2026-01-08 18:00:00+00:00,2026-01-09 03:00:00+00:00,1,9,1,2026-01-08 15:00:00+00:00,0.01,0.05354770148793856,0.3736853865525423
2026-01-08 18:00:00+00:00,2026-01-09 04:00:00+00:00,1,10,1,2026-01-08 16:00:00+00:00,0.01,0.043069095661242805,0.3736853865525423
2026-01-08 18:00:00+00:00,2026-01-09 05:00:00+00:00,1,11,1,2026-01-08 17:00:00+00:00,0.01,0.05501970648765564,0.3736853865525423
2026-01-08 18:00:00+00:00,2026-01-09 06:00:00+00:00,1,12,1,2026-01-08 18:00:00+00:00,0.01,0.024140816492338974,0.3736853865525423
2026-01-08 18:00:00+00:00,2026-01-09 07:00:00+00:00,1,13,2,2026-01-07 19:00:00+00:00,0.01,0.7818126678466797,0.3736853865525423
2026-01-08 18:00:00+00:00,2026-01-09 08:00:00+00:00,1,14,2,2026-01-07 20:00:00+00:00,0.011666666666666667,0.705423891544342,0.3736853865525423
2026-01-08 18:00:00+00:00,2026-01-09 09:00:00+00:00,1,15,2,2026-01-07 21:00:00+00:00,0.01,0.5545323689778646,0.3736853865525423
2026-01-08 18:00:00+00:00,2026-01-09 10:00:00+00:00,1,16,2,2026-01-07 22:00:00+00:00,0.01,0.4463059405485789,0.3736853865525423
2026-01-08 18:00:00+00:00,2026-01-09 11:00:00+00:00,1,17,2,2026-01-07 23:00:00+00:00,0.02666666666666667,0.35253093640009564,0.3736853865525423
2026-01-08 18:00:00+00:00,2026-01-09 12:00:00+00:00,1,18,2,2026-01-08 00:00:00+00:00,0.03,0.4372406800587972,0.3736853865525423
2026-01-08 18:00:00+00:00,2026-01-09 13:00:00+00:00,1,19,2,2026-01-08 01:00:00+00:00,0.011666666666666667,0.38831551869710285,0.3736853865525423
2026-01-08 18:00:00+00:00,2026-01-09 14:00:00+00:00,1,20,2,2026-01-08 02:00:00+00:00,0.008333333333333333,0.32647522290547687,0.3736853865525423
2026-01-08 18:00:00+00:00,2026-01-09 15:00:00+00:00,1,21,2,2026-01-08 03:00:00+00:00,0.01,0.30199962357680005,0.3736853865525423
2026-01-08 18:00:00+00:00,2026-01-09 16:00:00+00:00,1,22,2,2026-01-08 04:00:00+00:00,0.01,0.31613054871559143,0.3736853865525423
2026-01-08 18:00:00+00:00,2026-01-09 17:00:00+00:00,1,23,2,2026-01-08 05:00:00+00:00,0.01,0.3093668421109517,0.3736853865525423
2026-01-08 18:00:00+00:00,2026-01-09 18:00:00+00:00,1,24,2,2026-01-08 06:00:00+00:00,0.01,0.13175512353579202,0.3736853865525423
2026-01-08 18:00:00+00:00,2026-01-09 19:00:00+00:00,1,25,2,2026-01-08 07:00:00+00:00,0.01,0.17017076909542084,0.3736853865525423
2026-01-08 18:00:00+00:00,2026-01-09 20:00:00+00:00,1,26,2,2026-01-08 08:00:00+00:00,0.01,0.21679016947746277,0.3736853865525423
2026-01-08 18:00:00+00:00,2026-01-09 21:00:00+00:00,1,27,2,2026-01-08 09:00:00+00:00,0.01,0.2458089937766393,0.3736853865525423
2026-01-08 18:00:00+00:00,2026-01-09 22:00:00+00:00,1,28,2,2026-01-08 10:00:00+00:00,0.01,0.30857400099436444,0.3736853865525423
2026-01-08 18:00:00+00:00,2026-01-09 23:00:00+00:00,1,29,2,2026-01-08 11:00:00+00:00,0.01,0.3529707690080007,0.3736853865525423
2026-01-08 18:00:00+00:00,2026-01-10 00:00:00+00:00,1,30,2,2026-01-08 12:00:00+00:00,0.028333333333333332,0.42027052243550617,0.3736853865525423
2026-01-08 18:00:00+00:00,2026-01-10 01:00:00+00:00,1,31,2,2026-01-08 13:00:00+00:00,0.06166666666666667,0.33986249566078186,0.3736853865525423
2026-01-08 18:00:00+00:00,2026-01-10 02:00:00+00:00,1,32,2,2026-01-08 14:00:00+00:00,0.05833333333333334,0.2838785648345947,0.3736853865525423
2026-01-08 18:00:00+00:00,2026-01-10 03:00:00+00:00,1,33,2,2026-01-08 15:00:00+00:00,0.051666666666666666,0.24857225517431894,0.3736853865525423
2026-01-08 18:00:00+00:00,2026-01-10 04:00:00+00:00,1,34,2,2026-01-08 16:00:00+00:00,0.11499999999999999,0.24393036464850107,0.3736853865525423
2026-01-08 18:00:00+00:00,2026-01-10 05:00:00+00:00,1,35,2,2026-01-08 17:00:00+00:00,0.07,0.31310253341992694,0.3736853865525423
2026-01-08 18:00:00+00:00,2026-01-10 06:00:00+00:00,1,36,2,2026-01-08 18:00:00+00:00,0.09000000000000001,0.44299469391504925,0.3736853865525423
2026-01-08 18:00:00+00:00,2026-01-10 07:00:00+00:00,1,37,3,2026-01-07 19:00:00+00:00,0.05333333333333334,0.35366226236025494,0.3736853865525423
2026-01-08 18:00:00+00:00,2026-01-10 08:00:00+00:00,1,38,3,2026-01-07 20:00:00+00:00,0.21333333333333335,0.33981666962305707,0.3736853865525423
2026-01-08 18:00:00+00:00,2026-01-10 09:00:00+00:00,1,39,3,2026-01-07 21:00:00+00:00,0.19166666666666665,0.3609924912452698,0.3736853865525423
2026-01-08 18:00:00+00:00,2026-01-10 10:00:00+00:00,1,40,3,2026-01-07 22:00:00+00:00,0.18833333333333332,0.34602540731430054,0.3736853865525423
2026-01-08 18:00:00+00:00,2026-01-10 11:00:00+00:00,1,41,3,2026-01-07 23:00:00+00:00,0.18000000000000002,0.38447314500808716,0.3736853865525423
2026-01-08 18:00:00+00:00,2026-01-10 12:00:00+00:00,1,42,3,2026-01-08 00:00:00+00:00,0.15166666666666667,0.5398395160833994,0.3736853865525423
2026-01-08 18:00:00+00:00,2026-01-10 13:00:00+00:00,1,43,3,2026-01-08 01:00:00+00:00,0.4166666666666667,0.5103063682715098,0.3736853865525423
2026-01-08 18:00:00+00:00,2026-01-10 14:00:00+00:00,1,44,3,2026-01-08 02:00:00+00:00,0.38833333333333336,0.4510787030061086,0.3736853865525423
2026-01-08 18:00:00+00:00,2026-01-10 15:00:00+00:00,1,45,3,2026-01-08 03:00:00+00:00,0.54,0.4469204246997833,0.3736853865525423
2026-01-08 18:00:00+00:00,2026-01-10 16:00:00+00:00,1,46,3,2026-01-08 04:00:00+00:00,0.5750000000000001,0.42761169870694477,0.3736853865525423
2026-01-08 18:00:00+00:00,2026-01-10 17:00:00+00:00,1,47,3,2026-01-08 05:00:00+00:00,0.345,0.46908922990163165,0.3736853865525423
2026-01-08 18:00:00+00:00,2026-01-10 18:00:00+00:00,1,48,3,2026-01-08 06:00:00+00:00,0.4083333333333334,0.45076295733451843,0.3736853865525423
2026-01-08 18:00:00+00:00,2026-01-08 19:00:00+00:00,2,1,1,2026-01-08 07:00:00+00:00,0.01,0.44258912404378253,0.36829703959695215
2026-01-08 18:00:00+00:00,2026-01-08 20:00:00+00:00,2,2,1,2026-01-08 08:00:00+00:00,0.008333333333333333,0.517530103524526,0.36829703959695215
2026-01-08 18:00:00+00:00,2026-01-08 21:00:00+00:00,2,3,1,2026-01-08 09:00:00+00:00,0.01,0.5614170432090759,0.36829703959695215
2026-01-08 18:00:00+00:00,2026-01-08 22:00:00+00:00,2,4,1,2026-01-08 10:00:00+00:00,0.011666666666666667,0.6228338678677877,0.36829703959695215
2026-01-08 18:00:00+00:00,2026-01-08 23:00:00+00:00,2,5,1,2026-01-08 11:00:00+00:00,0.01,0.6551377971967062,0.36829703959695215
2026-01-08 18:00:00+00:00,2026-01-09 00:00:00+00:00,2,6,1,2026-01-08 12:00:00+00:00,0.01,0.11342167109251022,0.36829703959695215
2026-01-08 18:00:00+00:00,2026-01-09 01:00:00+00:00,2,7,1,2026-01-08 13:00:00+00:00,0.008333333333333333,0.07607892403999965,0.36829703959695215
2026-01-08 18:00:00+00:00,2026-01-09 02:00:00+00:00,2,8,1,2026-01-08 14:00:00+00:00,0.01,0.06543512518207233,0.36829703959695215
2026-01-08 18:00:00+00:00,2026-01-09 03:00:00+00:00,2,9,1,2026-01-08 15:00:00+00:00,0.008333333333333333,0.05282995974024137,0.36829703959695215
2026-01-08 18:00:00+00:00,2026-01-09 04:00:00+00:00,2,10,1,2026-01-08 16:00:00+00:00,0.008333333333333333,0.04227666618923346,0.36829703959695215
2026-01-08 18:00:00+00:00,2026-01-09 05:00:00+00:00,2,11,1,2026-01-08 17:00:00+00:00,0.01,0.05519226814309756,0.36829703959695215
2026-01-08 18:00:00+00:00,2026-01-09 06:00:00+00:00,2,12,1,2026-01-08 18:00:00+00:00,0.01,0.02386351643751065,0.36829703959695215
2026-01-08 18:00:00+00:00,2026-01-09 07:00:00+00:00,2,13,2,2026-01-07 19:00:00+00:00,0.01,0.7799225449562073,0.36829703959695215
2026-01-08 18:00:00+00:00,2026-01-09 08:00:00+00:00,2,14,2,2026-01-07 20:00:00+00:00,0.006666666666666667,0.7103716135025024,0.36829703959695215
2026-01-08 18:00:00+00:00,2026-01-09 09:00:00+00:00,2,15,2,2026-01-07 21:00:00+00:00,0.01,0.5460494955380758,0.36829703959695215
2026-01-08 18:00:00+00:00,2026-01-09 10:00:00+00:00,2,16,2,2026-01-07 22:00:00+00:00,0.01,0.4296293358008067,0.36829703959695215
2026-01-08 18:00:00+00:00,2026-01-09 11:00:00+00:00,2,17,2,2026-01-07 23:00:00+00:00,0.016666666666666666,0.3366393546263377,0.36829703959695215
2026-01-08 18:00:00+00:00,2026-01-09 12:00:00+00:00,2,18,2,2026-01-08 00:00:00+00:00,0.013333333333333334,0.43274322152137756,0.36829703959695215
2026-01-08 18:00:00+00:00,2026-01-09 13:00:00+00:00,2,19,2,2026-01-08 01:00:00+00:00,0.01,0.3725663622220357,0.36829703959695215
2026-01-08 18:00:00+00:00,2026-01-09 14:00:00+00:00,2,20,2,2026-01-08 02:00:00+00:00,0.008333333333333333,0.30877670645713806,0.36829703959695215
2026-01-08 18:00:00+00:00,2026-01-09 15:00:00+00:00,2,21,2,2026-01-08 03:00:00+00:00,0.008333333333333333,0.2846108078956604,0.36829703959695215
2026-01-08 18:00:00+00:00,2026-01-09 16:00:00+00:00,2,22,2,2026-01-08 04:00:00+00:00,0.01,0.2907669246196747,0.36829703959695215
2026-01-08 18:00:00+00:00,2026-01-09 17:00:00+00:00,2,23,2,2026-01-08 05:00:00+00:00,0.01,0.2779962172110875,0.36829703959695215
2026-01-08 18:00:00+00:00,2026-01-09 18:00:00+00:00,2,24,2,2026-01-08 06:00:00+00:00,0.01,0.113928717871507,0.36829703959695215
2026-01-08 18:00:00+00:00,2026-01-09 19:00:00+00:00,2,25,2,2026-01-08 07:00:00+00:00,0.01,0.14513582487901053,0.36829703959695215
2026-01-08 18:00:00+00:00,2026-01-09 20:00:00+00:00,2,26,2,2026-01-08 08:00:00+00:00,0.01,0.18286214768886566,0.36829703959695215
2026-01-08 18:00:00+00:00,2026-01-09 21:00:00+00:00,2,27,2,2026-01-08 09:00:00+00:00,0.01,0.2062380611896515,0.36829703959695215
2026-01-08 18:00:00+00:00,2026-01-09 22:00:00+00:00,2,28,2,2026-01-08 10:00:00+00:00,0.01,0.26050805548826855,0.36829703959695215
2026-01-08 18:00:00+00:00,2026-01-09 23:00:00+00:00,2,29,2,2026-01-08 11:00:00+00:00,0.01,0.3019118309020996,0.36829703959695215
2026-01-08 18:00:00+00:00,2026-01-10 00:00:00+00:00,2,30,2,2026-01-08 12:00:00+00:00,0.016666666666666666,0.3669100304444631,0.36829703959695215
2026-01-08 18:00:00+00:00,2026-01-10 01:00:00+00:00,2,31,2,2026-01-08 13:00:00+00:00,0.043333333333333335,0.3106761972109477,0.36829703959695215
2026-01-08 18:00:00+00:00,2026-01-10 02:00:00+00:00,2,32,2,2026-01-08 14:00:00+00:00,0.034999999999999996,0.26845312118530273,0.36829703959695215
2026-01-08 18:00:00+00:00,2026-01-10 03:00:00+00:00,2,33,2,2026-01-08 15:00:00+00:00,0.03166666666666667,0.23470870653788248,0.36829703959695215
2026-01-08 18:00:00+00:00,2026-01-10 04:00:00+00:00,2,34,2,2026-01-08 16:00:00+00:00,0.08,0.23107480506102243,0.36829703959695215
2026-01-08 18:00:00+00:00,2026-01-10 05:00:00+00:00,2,35,2,2026-01-08 17:00:00+00:00,0.034999999999999996,0.3103165129820506,0.36829703959695215
2026-01-08 18:00:00+00:00,2026-01-10 06:00:00+00:00,2,36,2,2026-01-08 18:00:00+00:00,0.09000000000000001,0.4482859969139099,0.36829703959695215
2026-01-08 18:00:00+00:00,2026-01-10 07:00:00+00:00,2,37,3,2026-01-07 19:00:00+00:00,0.049999999999999996,0.3659972548484802,0.36829703959695215
2026-01-08 18:00:00+00:00,2026-01-10 08:00:00+00:00,2,38,3,2026-01-07 20:00:00+00:00,0.24333333333333332,0.3549995422363281,0.36829703959695215
2026-01-08 18:00:00+00:00,2026-01-10 09:00:00+00:00,2,39,3,2026-01-07 21:00:00+00:00,0.18833333333333335,0.36887847383817035,0.36829703959695215
2026-01-08 18:00:00+00:00,2026-01-10 10:00:00+00:00,2,40,3,2026-01-07 22:00:00+00:00,0.21,0.3425934414068858,0.36829703959695215
2026-01-08 18:00:00+00:00,2026-01-10 11:00:00+00:00,2,41,3,2026-01-07 23:00:00+00:00,0.16666666666666666,0.3640356759230296,0.36829703959695215
2026-01-08 18:00:00+00:00,2026-01-10 12:00:00+00:00,2,42,3,2026-01-08 00:00:00+00:00,0.16166666666666668,0.5115257501602173,0.36829703959695215
2026-01-08 18:00:00+00:00,2026-01-10 13:00:00+00:00,2,43,3,2026-01-08 01:00:00+00:00,0.4466666666666666,0.4761274854342143,0.36829703959695215
2026-01-08 18:00:00+00:00,2026-01-10 14:00:00+00:00,2,44,3,2026-01-08 02:00:00+00:00,0.39166666666666666,0.41295866171518963,0.36829703959695215
2026-01-08 18:00:00+00:00,2026-01-10 15:00:00+00:00,2,45,3,2026-01-08 03:00:00+00:00,0.49833333333333335,0.40794725219408673,0.36829703959695215
2026-01-08 18:00:00+00:00,2026-01-10 16:00:00+00:00,2,46,3,2026-01-08 04:00:00+00:00,0.5366666666666667,0.3788958688577016,0.36829703959695215
2026-01-08 18:00:00+00:00,2026-01-10 17:00:00+00:00,2,47,3,2026-01-08 05:00:00+00:00,0.3066666666666667,0.4092276692390442,0.36829703959695215
2026-01-08 18:00:00+00:00,2026-01-10 18:00:00+00:00,2,48,3,2026-01-08 06:00:00+00:00,0.45166666666666666,0.40208638707796734,0.36829703959695215
2026-01-09 18:00:00+00:00,2026-01-09 19:00:00+00:00,1,1,1,2026-01-09 07:00:00+00:00,0.01,0.10742437342802684,0.3736853865525423
2026-01-09 18:00:00+00:00,2026-01-09 20:00:00+00:00,1,2,1,2026-01-09 08:00:00+00:00,0.01,0.215506449341774,0.3736853865525423
2026-01-09 18:00:00+00:00,2026-01-09 21:00:00+00:00,1,3,1,2026-01-09 09:00:00+00:00,0.01,0.39554616808891296,0.3736853865525423
2026-01-09 18:00:00+00:00,2026-01-09 22:00:00+00:00,1,4,1,2026-01-09 10:00:00+00:00,0.01,0.4996910095214844,0.3736853865525423
2026-01-09 18:00:00+00:00,2026-01-09 23:00:00+00:00,1,5,1,2026-01-09 11:00:00+00:00,0.01,0.5193490386009216,0.3736853865525423
2026-01-09 18:00:00+00:00,2026-01-10 00:00:00+00:00,1,6,1,2026-01-09 12:00:00+00:00,0.028333333333333332,0.4760776460170746,0.3736853865525423
2026-01-09 18:00:00+00:00,2026-01-10 01:00:00+00:00,1,7,1,2026-01-09 13:00:00+00:00,0.06166666666666667,0.4014125466346741,0.3736853865525423
2026-01-09 18:00:00+00:00,2026-01-10 02:00:00+00:00,1,8,1,2026-01-09 14:00:00+00:00,0.05833333333333334,0.3130950431029002,0.3736853865525423
2026-01-09 18:00:00+00:00,2026-01-10 03:00:00+00:00,1,9,1,2026-01-09 15:00:00+00:00,0.051666666666666666,0.2815522452195485,0.3736853865525423
2026-01-09 18:00:00+00:00,2026-01-10 04:00:00+00:00,1,10,1,2026-01-09 16:00:00+00:00,0.11499999999999999,0.25484853982925415,0.3736853865525423
2026-01-09 18:00:00+00:00,2026-01-10 05:00:00+00:00,1,11,1,2026-01-09 17:00:00+00:00,0.07,0.33831484119097394,0.3736853865525423
2026-01-09 18:00:00+00:00,2026-01-10 06:00:00+00:00,1,12,1,2026-01-09 18:00:00+00:00,0.09000000000000001,0.5040781597296397,0.3736853865525423
2026-01-09 18:00:00+00:00,2026-01-10 07:00:00+00:00,1,13,2,2026-01-08 19:00:00+00:00,0.05333333333333334,0.40517738461494446,0.3736853865525423
2026-01-09 18:00:00+00:00,2026-01-10 08:00:00+00:00,1,14,2,2026-01-08 20:00:00+00:00,0.21333333333333335,0.4011252125104268,0.3736853865525423
2026-01-09 18:00:00+00:00,2026-01-10 09:00:00+00:00,1,15,2,2026-01-08 21:00:00+00:00,0.19166666666666665,0.3917912145455678,0.3736853865525423
2026-01-09 18:00:00+00:00,2026-01-10 10:00:00+00:00,1,16,2,2026-01-08 22:00:00+00:00,0.18833333333333332,0.40339115262031555,0.3736853865525423
2026-01-09 18:00:00+00:00,2026-01-10 11:00:00+00:00,1,17,2,2026-01-08 23:00:00+00:00,0.18000000000000002,0.4443827271461487,0.3736853865525423
2026-01-09 18:00:00+00:00,2026-01-10 12:00:00+00:00,1,18,2,2026-01-09 00:00:00+00:00,0.15166666666666667,0.5585184693336487,0.3736853865525423
2026-01-09 18:00:00+00:00,2026-01-10 13:00:00+00:00,1,19,2,2026-01-09 01:00:00+00:00,0.4166666666666667,0.5222969353199005,0.3736853865525423
2026-01-09 18:00:00+00:00,2026-01-10 14:00:00+00:00,1,20,2,2026-01-09 02:00:00+00:00,0.38833333333333336,0.5255311330159506,0.3736853865525423
2026-01-09 18:00:00+00:00,2026-01-10 15:00:00+00:00,1,21,2,2026-01-09 03:00:00+00:00,0.54,0.537163774172465,0.3736853865525423
2026-01-09 18:00:00+00:00,2026-01-10 16:00:00+00:00,1,22,2,2026-01-09 04:00:00+00:00,0.5750000000000001,0.48732484380404156,0.3736853865525423
2026-01-09 18:00:00+00:00,2026-01-10 17:00:00+00:00,1,23,2,2026-01-09 05:00:00+00:00,0.345,0.5341438949108124,0.3736853865525423
2026-01-09 18:00:00+00:00,2026-01-10 18:00:00+00:00,1,24,2,2026-01-09 06:00:00+00:00,0.4083333333333334,0.6284815867741903,0.3736853865525423
2026-01-09 18:00:00+00:00,2026-01-10 19:00:00+00:00,1,25,2,2026-01-09 07:00:00+00:00,0.84,0.687020460764567,0.3736853865525423
2026-01-09 18:00:00+00:00,2026-01-10 20:00:00+00:00,1,26,2,2026-01-09 08:00:00+00:00,0.8983333333333333,0.7444519797960917,0.3736853865525423
2026-01-09 18:00:00+00:00,2026-01-10 21:00:00+00:00,1,27,2,2026-01-09 09:00:00+00:00,0.7116666666666666,0.7547930479049683,0.3736853865525423
2026-01-09 18:00:00+00:00,2026-01-10 22:00:00+00:00,1,28,2,2026-01-09 10:00:00+00:00,0.7716666666666666,0.810736894607544,0.3736853865525423
2026-01-09 18:00:00+00:00,2026-01-10 23:00:00+00:00,1,29,2,2026-01-09 11:00:00+00:00,0.85,0.8579155007998148,0.3736853865525423
2026-01-09 18:00:00+00:00,2026-01-11 00:00:00+00:00,1,30,2,2026-01-09 12:00:00+00:00,0.4683333333333333,0.9012838204701742,0.3736853865525423
2026-01-09 18:00:00+00:00,2026-01-11 01:00:00+00:00,1,31,2,2026-01-09 13:00:00+00:00,0.5533333333333333,0.8955104947090149,0.3736853865525423
2026-01-09 18:00:00+00:00,2026-01-11 02:00:00+00:00,1,32,2,2026-01-09 14:00:00+00:00,0.48666666666666664,0.8934597571690878,0.3736853865525423
2026-01-09 18:00:00+00:00,2026-01-11 03:00:00+00:00,1,33,2,2026-01-09 15:00:00+00:00,0.21,0.8956008553504944,0.3736853865525423
2026-01-09 18:00:00+00:00,2026-01-11 04:00:00+00:00,1,34,2,2026-01-09 16:00:00+00:00,0.325,0.9025445580482483,0.3736853865525423
2026-01-09 18:00:00+00:00,2026-01-11 05:00:00+00:00,1,35,2,2026-01-09 17:00:00+00:00,0.27999999999999997,0.8574045499165853,0.3736853865525423
2026-01-09 18:00:00+00:00,2026-01-11 06:00:00+00:00,1,36,2,2026-01-09 18:00:00+00:00,0.4033333333333333,0.7883375485738119,0.3736853865525423
2026-01-09 18:00:00+00:00,2026-01-11 07:00:00+00:00,1,37,3,2026-01-08 19:00:00+00:00,0.5966666666666667,0.9414700468381246,0.3736853865525423
2026-01-09 18:00:00+00:00,2026-01-11 08:00:00+00:00,1,38,3,2026-01-08 20:00:00+00:00,0.6,0.9356623490651449,0.3736853865525423
2026-01-09 18:00:00+00:00,2026-01-11 09:00:00+00:00,1,39,3,2026-01-08 21:00:00+00:00,0.31333333333333335,0.9357862671216329,0.3736853865525423
2026-01-09 18:00:00+00:00,2026-01-11 10:00:00+00:00,1,40,3,2026-01-08 22:00:00+00:00,0.21833333333333335,0.9214505155881246,0.3736853865525423
2026-01-09 18:00:00+00:00,2026-01-11 11:00:00+00:00,1,41,3,2026-01-08 23:00:00+00:00,0.27999999999999997,0.9240966439247131,0.3736853865525423
2026-01-09 18:00:00+00:00,2026-01-11 12:00:00+00:00,1,42,3,2026-01-09 00:00:00+00:00,0.2316666666666667,0.8615734179814657,0.3736853865525423
2026-01-09 18:00:00+00:00,2026-01-11 13:00:00+00:00,1,43,3,2026-01-09 01:00:00+00:00,0.445,0.7592964768409729,0.3736853865525423
2026-01-09 18:00:00+00:00,2026-01-11 14:00:00+00:00,1,44,3,2026-01-09 02:00:00+00:00,0.45166666666666666,0.8398941159248352,0.3736853865525423
2026-01-09 18:00:00+00:00,2026-01-11 15:00:00+00:00,1,45,3,2026-01-09 03:00:00+00:00,0.27499999999999997,0.7444295883178711,0.3736853865525423
2026-01-09 18:00:00+00:00,2026-01-11 16:00:00+00:00,1,46,3,2026-01-09 04:00:00+00:00,0.6066666666666667,0.7728546460469564,0.3736853865525423
2026-01-09 18:00:00+00:00,2026-01-11 17:00:00+00:00,1,47,3,2026-01-09 05:00:00+00:00,0.5499999999999999,0.7750755747159322,0.3736853865525423
2026-01-09 18:00:00+00:00,2026-01-11 18:00:00+00:00,1,48,3,2026-01-09 06:00:00+00:00,0.33166666666666667,0.6369901498158773,0.3736853865525423
2026-01-09 18:00:00+00:00,2026-01-09 19:00:00+00:00,2,1,1,2026-01-09 07:00:00+00:00,0.01,0.0993790477514267,0.36829703959695215
2026-01-09 18:00:00+00:00,2026-01-09 20:00:00+00:00,2,2,1,2026-01-09 08:00:00+00:00,0.01,0.18946453432242075,0.36829703959695215
2026-01-09 18:00:00+00:00,2026-01-09 21:00:00+00:00,2,3,1,2026-01-09 09:00:00+00:00,0.01,0.3276817798614502,0.36829703959695215
2026-01-09 18:00:00+00:00,2026-01-09 22:00:00+00:00,2,4,1,2026-01-09 10:00:00+00:00,0.01,0.42408089836438495,0.36829703959695215
2026-01-09 18:00:00+00:00,2026-01-09 23:00:00+00:00,2,5,1,2026-01-09 11:00:00+00:00,0.01,0.4431910812854767,0.36829703959695215
2026-01-09 18:00:00+00:00,2026-01-10 00:00:00+00:00,2,6,1,2026-01-09 12:00:00+00:00,0.016666666666666666,0.4008731742699941,0.36829703959695215
2026-01-09 18:00:00+00:00,2026-01-10 01:00:00+00:00,2,7,1,2026-01-09 13:00:00+00:00,0.043333333333333335,0.3496148983637492,0.36829703959695215
2026-01-09 18:00:00+00:00,2026-01-10 02:00:00+00:00,2,8,1,2026-01-09 14:00:00+00:00,0.034999999999999996,0.2838498006264369,0.36829703959695215
2026-01-09 18:00:00+00:00,2026-01-10 03:00:00+00:00,2,9,1,2026-01-09 15:00:00+00:00,0.03166666666666667,0.2578122715155284,0.36829703959695215
2026-01-09 18:00:00+00:00,2026-01-10 04:00:00+00:00,2,10,1,2026-01-09 16:00:00+00:00,0.08,0.23588861028353372,0.36829703959695215
2026-01-09 18:00:00+00:00,2026-01-10 05:00:00+00:00,2,11,1,2026-01-09 17:00:00+00:00,0.034999999999999996,0.3378094434738159,0.36829703959695215
2026-01-09 18:00:00+00:00,2026-01-10 06:00:00+00:00,2,12,1,2026-01-09 18:00:00+00:00,0.09000000000000001,0.5072905421257019,0.36829703959695215
2026-01-09 18:00:00+00:00,2026-01-10 07:00:00+00:00,2,13,2,2026-01-08 19:00:00+00:00,0.049999999999999996,0.4047437012195587,0.36829703959695215
2026-01-09 18:00:00+00:00,2026-01-10 08:00:00+00:00,2,14,2,2026-01-08 20:00:00+00:00,0.24333333333333332,0.4017389516035716,0.36829703959695215
2026-01-09 18:00:00+00:00,2026-01-10 09:00:00+00:00,2,15,2,2026-01-08 21:00:00+00:00,0.18833333333333335,0.3844602207342784,0.36829703959695215
2026-01-09 18:00:00+00:00,2026-01-10 10:00:00+00:00,2,16,2,2026-01-08 22:00:00+00:00,0.21,0.37886138757069904,0.36829703959695215
2026-01-09 18:00:00+00:00,2026-01-10 11:00:00+00:00,2,17,2,2026-01-08 23:00:00+00:00,0.16666666666666666,0.40639076630274457,0.36829703959695215
2026-01-09 18:00:00+00:00,2026-01-10 12:00:00+00:00,2,18,2,2026-01-09 00:00:00+00:00,0.16166666666666668,0.5308979650338491,0.36829703959695215
2026-01-09 18:00:00+00:00,2026-01-10 13:00:00+00:00,2,19,2,2026-01-09 01:00:00+00:00,0.4466666666666666,0.4939614037672679,0.36829703959695215
2026-01-09 18:00:00+00:00,2026-01-10 14:00:00+00:00,2,20,2,2026-01-09 02:00:00+00:00,0.39166666666666666,0.4979118804136912,0.36829703959695215
2026-01-09 18:00:00+00:00,2026-01-10 15:00:00+00:00,2,21,2,2026-01-09 03:00:00+00:00,0.49833333333333335,0.5184258123238882,0.36829703959695215
2026-01-09 18:00:00+00:00,2026-01-10 16:00:00+00:00,2,22,2,2026-01-09 04:00:00+00:00,0.5366666666666667,0.4655459225177765,0.36829703959695215
2026-01-09 18:00:00+00:00,2026-01-10 17:00:00+00:00,2,23,2,2026-01-09 05:00:00+00:00,0.3066666666666667,0.5103096067905426,0.36829703959695215
2026-01-09 18:00:00+00:00,2026-01-10 18:00:00+00:00,2,24,2,2026-01-09 06:00:00+00:00,0.45166666666666666,0.6115576028823853,0.36829703959695215
2026-01-09 18:00:00+00:00,2026-01-10 19:00:00+00:00,2,25,2,2026-01-09 07:00:00+00:00,0.8716666666666667,0.6567737460136414,0.36829703959695215
2026-01-09 18:00:00+00:00,2026-01-10 20:00:00+00:00,2,26,2,2026-01-09 08:00:00+00:00,0.9183333333333333,0.7107942899068197,0.36829703959695215
2026-01-09 18:00:00+00:00,2026-01-10 21:00:00+00:00,2,27,2,2026-01-09 09:00:00+00:00,0.6933333333333334,0.726121207078298,0.36829703959695215
2026-01-09 18:00:00+00:00,2026-01-10 22:00:00+00:00,2,28,2,2026-01-09 10:00:00+00:00,0.6866666666666666,0.7839167912801107,0.36829703959695215
2026-01-09 18:00:00+00:00,2026-01-10 23:00:00+00:00,2,29,2,2026-01-09 11:00:00+00:00,0.8233333333333334,0.8363505403200785,0.36829703959695215
2026-01-09 18:00:00+00:00,2026-01-11 00:00:00+00:00,2,30,2,2026-01-09 12:00:00+00:00,0.48,0.8854687015215555,0.36829703959695215
2026-01-09 18:00:00+00:00,2026-01-11 01:00:00+00:00,2,31,2,2026-01-09 13:00:00+00:00,0.5533333333333333,0.8839699625968933,0.36829703959695215
2026-01-09 18:00:00+00:00,2026-01-11 02:00:00+00:00,2,32,2,2026-01-09 14:00:00+00:00,0.445,0.8843138019243876,0.36829703959695215
2026-01-09 18:00:00+00:00,2026-01-11 03:00:00+00:00,2,33,2,2026-01-09 15:00:00+00:00,0.21666666666666667,0.8840610782305399,0.36829703959695215
2026-01-09 18:00:00+00:00,2026-01-11 04:00:00+00:00,2,34,2,2026-01-09 16:00:00+00:00,0.3233333333333333,0.8998247385025024,0.36829703959695215
2026-01-09 18:00:00+00:00,2026-01-11 05:00:00+00:00,2,35,2,2026-01-09 17:00:00+00:00,0.26333333333333336,0.8613053758939108,0.36829703959695215
2026-01-09 18:00:00+00:00,2026-01-11 06:00:00+00:00,2,36,2,2026-01-09 18:00:00+00:00,0.39666666666666667,0.8092461824417114,0.36829703959695215
2026-01-09 18:00:00+00:00,2026-01-11 07:00:00+00:00,2,37,3,2026-01-08 19:00:00+00:00,0.6766666666666666,0.9462268352508545,0.36829703959695215
2026-01-09 18:00:00+00:00,2026-01-11 08:00:00+00:00,2,38,3,2026-01-08 20:00:00+00:00,0.6016666666666667,0.9422569473584493,0.36829703959695215
2026-01-09 18:00:00+00:00,2026-01-11 09:00:00+00:00,2,39,3,2026-01-08 21:00:00+00:00,0.27499999999999997,0.9389125108718872,0.36829703959695215
2026-01-09 18:00:00+00:00,2026-01-11 10:00:00+00:00,2,40,3,2026-01-08 22:00:00+00:00,0.22999999999999998,0.9206639925638834,0.36829703959695215
2026-01-09 18:00:00+00:00,2026-01-11 11:00:00+00:00,2,41,3,2026-01-08 23:00:00+00:00,0.2283333333333333,0.9192947944005331,0.36829703959695215
2026-01-09 18:00:00+00:00,2026-01-11 12:00:00+00:00,2,42,3,2026-01-09 00:00:00+00:00,0.19000000000000003,0.8531553347905477,0.36829703959695215
2026-01-09 18:00:00+00:00,2026-01-11 13:00:00+00:00,2,43,3,2026-01-09 01:00:00+00:00,0.4583333333333333,0.7521220445632935,0.36829703959695215
2026-01-09 18:00:00+00:00,2026-01-11 14:00:00+00:00,2,44,3,2026-01-09 02:00:00+00:00,0.46166666666666667,0.8289218147595724,0.36829703959695215
2026-01-09 18:00:00+00:00,2026-01-11 15:00:00+00:00,2,45,3,2026-01-09 03:00:00+00:00,0.2866666666666667,0.7365359862645467,0.36829703959695215
2026-01-09 18:00:00+00:00,2026-01-11 16:00:00+00:00,2,46,3,2026-01-09 04:00:00+00:00,0.4916666666666667,0.7683712045351664,0.36829703959695215
2026-01-09 18:00:00+00:00,2026-01-11 17:00:00+00:00,2,47,3,2026-01-09 05:00:00+00:00,0.5183333333333334,0.7710206111272176,0.36829703959695215
2026-01-09 18:00:00+00:00,2026-01-11 18:00:00+00:00,2,48,3,2026-01-09 06:00:00+00:00,0.33,0.6362075606981913,0.36829703959695215
2026-01-10 18:00:00+00:00,2026-01-10 19:00:00+00:00,1,1,1,2026-01-10 07:00:00+00:00,0.84,0.8381849726041158,0.3736853865525423
2026-01-10 18:00:00+00:00,2026-01-10 20:00:00+00:00,1,2,1,2026-01-10 08:00:00+00:00,0.8983333333333333,0.8458639979362488,0.3736853865525423
2026-01-10 18:00:00+00:00,2026-01-10 21:00:00+00:00,1,3,1,2026-01-10 09:00:00+00:00,0.7116666666666666,0.8338177601496378,0.3736853865525423
2026-01-10 18:00:00+00:00,2026-01-10 22:00:00+00:00,1,4,1,2026-01-10 10:00:00+00:00,0.7716666666666666,0.8696747422218323,0.3736853865525423
2026-01-10 18:00:00+00:00,2026-01-10 23:00:00+00:00,1,5,1,2026-01-10 11:00:00+00:00,0.85,0.8928155303001404,0.3736853865525423
2026-01-10 18:00:00+00:00,2026-01-11 00:00:00+00:00,1,6,1,2026-01-10 12:00:00+00:00,0.4683333333333333,0.9261160095532736,0.3736853865525423
2026-01-10 18:00:00+00:00,2026-01-11 01:00:00+00:00,1,7,1,2026-01-10 13:00:00+00:00,0.5533333333333333,0.9096439083417257,0.3736853865525423
2026-01-10 18:00:00+00:00,2026-01-11 02:00:00+00:00,1,8,1,2026-01-10 14:00:00+00:00,0.48666666666666664,0.9043918251991272,0.3736853865525423
2026-01-10 18:00:00+00:00,2026-01-11 03:00:00+00:00,1,9,1,2026-01-10 15:00:00+00:00,0.21,0.876162608464559,0.3736853865525423
2026-01-10 18:00:00+00:00,2026-01-11 04:00:00+00:00,1,10,1,2026-01-10 16:00:00+00:00,0.325,0.8842514554659525,0.3736853865525423
2026-01-10 18:00:00+00:00,2026-01-11 05:00:00+00:00,1,11,1,2026-01-10 17:00:00+00:00,0.27999999999999997,0.8930145104726156,0.3736853865525423
2026-01-10 18:00:00+00:00,2026-01-11 06:00:00+00:00,1,12,1,2026-01-10 18:00:00+00:00,0.4033333333333333,0.9393280744552612,0.3736853865525423
2026-01-10 18:00:00+00:00,2026-01-11 07:00:00+00:00,1,13,2,2026-01-09 19:00:00+00:00,0.5966666666666667,0.8237652579943339,0.3736853865525423
2026-01-10 18:00:00+00:00,2026-01-11 08:00:00+00:00,1,14,2,2026-01-09 20:00:00+00:00,0.6,0.7667713165283203,0.3736853865525423
2026-01-10 18:00:00+00:00,2026-01-11 09:00:00+00:00,1,15,2,2026-01-09 21:00:00+00:00,0.31333333333333335,0.7223911285400391,0.3736853865525423
2026-01-10 18:00:00+00:00,2026-01-11 10:00:00+00:00,1,16,2,2026-01-09 22:00:00+00:00,0.21833333333333335,0.6991833051045736,0.3736853865525423
2026-01-10 18:00:00+00:00,2026-01-11 11:00:00+00:00,1,17,2,2026-01-09 23:00:00+00:00,0.27999999999999997,0.7324119011561075,0.3736853865525423
2026-01-10 18:00:00+00:00,2026-01-11 12:00:00+00:00,1,18,2,2026-01-10 00:00:00+00:00,0.2316666666666667,0.5874318480491638,0.3736853865525423
2026-01-10 18:00:00+00:00,2026-01-11 13:00:00+00:00,1,19,2,2026-01-10 01:00:00+00:00,0.445,0.4740175704161326,0.3736853865525423
2026-01-10 18:00:00+00:00,2026-01-11 14:00:00+00:00,1,20,2,2026-01-10 02:00:00+00:00,0.45166666666666666,0.5386599202950796,0.3736853865525423
2026-01-10 18:00:00+00:00,2026-01-11 15:00:00+00:00,1,21,2,2026-01-10 03:00:00+00:00,0.27499999999999997,0.572822372118632,0.3736853865525423
2026-01-10 18:00:00+00:00,2026-01-11 16:00:00+00:00,1,22,2,2026-01-10 04:00:00+00:00,0.6066666666666667,0.5358532468477885,0.3736853865525423
2026-01-10 18:00:00+00:00,2026-01-11 17:00:00+00:00,1,23,2,2026-01-10 05:00:00+00:00,0.5499999999999999,0.4495082100232442,0.3736853865525423
2026-01-10 18:00:00+00:00,2026-01-11 18:00:00+00:00,1,24,2,2026-01-10 06:00:00+00:00,0.33166666666666667,0.43596646189689636,0.3736853865525423
2026-01-10 18:00:00+00:00,2026-01-11 19:00:00+00:00,1,25,2,2026-01-10 07:00:00+00:00,0.58,0.3916710913181305,0.3736853865525423
2026-01-10 18:00:00+00:00,2026-01-11 20:00:00+00:00,1,26,2,2026-01-10 08:00:00+00:00,0.4033333333333333,0.31461994846661884,0.3736853865525423
2026-01-10 18:00:00+00:00,2026-01-11 21:00:00+00:00,1,27,2,2026-01-10 09:00:00+00:00,0.06833333333333334,0.24830682575702667,0.3736853865525423
2026-01-10 18:00:00+00:00,2026-01-11 22:00:00+00:00,1,28,2,2026-01-10 10:00:00+00:00,0.015,0.21211021641890207,0.3736853865525423
2026-01-10 18:00:00+00:00,2026-01-11 23:00:00+00:00,1,29,2,2026-01-10 11:00:00+00:00,0.023333333333333334,0.18435238301753998,0.3736853865525423
2026-01-10 18:00:00+00:00,2026-01-12 00:00:00+00:00,1,30,2,2026-01-10 12:00:00+00:00,0.01,0.03290768153965473,0.3736853865525423
2026-01-10 18:00:00+00:00,2026-01-12 01:00:00+00:00,1,31,2,2026-01-10 13:00:00+00:00,0.01,0.011372950548926989,0.3736853865525423
2026-01-10 18:00:00+00:00,2026-01-12 02:00:00+00:00,1,32,2,2026-01-10 14:00:00+00:00,0.01,0.015493562755485376,0.3736853865525423
2026-01-10 18:00:00+00:00,2026-01-12 03:00:00+00:00,1,33,2,2026-01-10 15:00:00+00:00,0.01,0.025558095425367355,0.3736853865525423
2026-01-10 18:00:00+00:00,2026-01-12 04:00:00+00:00,1,34,2,2026-01-10 16:00:00+00:00,0.01,0.015397284800807634,0.3736853865525423
2026-01-10 18:00:00+00:00,2026-01-12 05:00:00+00:00,1,35,2,2026-01-10 17:00:00+00:00,0.01,0.017073177732527256,0.3736853865525423
2026-01-10 18:00:00+00:00,2026-01-12 06:00:00+00:00,1,36,2,2026-01-10 18:00:00+00:00,0.01,0.04241299753387769,0.3736853865525423
2026-01-10 18:00:00+00:00,2026-01-12 07:00:00+00:00,1,37,3,2026-01-09 19:00:00+00:00,0.011666666666666667,0.0947570080558459,0.3736853865525423
2026-01-10 18:00:00+00:00,2026-01-12 08:00:00+00:00,1,38,3,2026-01-09 20:00:00+00:00,0.09666666666666668,0.1443480501572291,0.3736853865525423
2026-01-10 18:00:00+00:00,2026-01-12 09:00:00+00:00,1,39,3,2026-01-09 21:00:00+00:00,0.16333333333333333,0.3064359923203786,0.3736853865525423
2026-01-10 18:00:00+00:00,2026-01-12 10:00:00+00:00,1,40,3,2026-01-09 22:00:00+00:00,0.05666666666666667,0.7711387077967325,0.3736853865525423
2026-01-10 18:00:00+00:00,2026-01-12 11:00:00+00:00,1,41,3,2026-01-09 23:00:00+00:00,0.15333333333333332,0.9336704214413961,0.3736853865525423
2026-01-10 18:00:00+00:00,2026-01-12 12:00:00+00:00,1,42,3,2026-01-10 00:00:00+00:00,0.545,0.7087641954421997,0.3736853865525423
2026-01-10 18:00:00+00:00,2026-01-12 13:00:00+00:00,1,43,3,2026-01-10 01:00:00+00:00,0.615,0.37990204493204754,0.3736853865525423
2026-01-10 18:00:00+00:00,2026-01-12 14:00:00+00:00,1,44,3,2026-01-10 02:00:00+00:00,0.58,0.4955443739891052,0.3736853865525423
2026-01-10 18:00:00+00:00,2026-01-12 15:00:00+00:00,1,45,3,2026-01-10 03:00:00+00:00,0.5633333333333334,0.09088570872942607,0.3736853865525423
2026-01-10 18:00:00+00:00,2026-01-12 16:00:00+00:00,1,46,3,2026-01-10 04:00:00+00:00,0.285,0.04691912606358528,0.3736853865525423
2026-01-10 18:00:00+00:00,2026-01-12 17:00:00+00:00,1,47,3,2026-01-10 05:00:00+00:00,0.26333333333333336,0.016035830602049828,0.3736853865525423
2026-01-10 18:00:00+00:00,2026-01-12 18:00:00+00:00,1,48,3,2026-01-10 06:00:00+00:00,0.11833333333333333,0.01595642293492953,0.3736853865525423
2026-01-10 18:00:00+00:00,2026-01-10 19:00:00+00:00,2,1,1,2026-01-10 07:00:00+00:00,0.8716666666666667,0.8066224257151285,0.36829703959695215
2026-01-10 18:00:00+00:00,2026-01-10 20:00:00+00:00,2,2,1,2026-01-10 08:00:00+00:00,0.9183333333333333,0.8136384089787801,0.36829703959695215
2026-01-10 18:00:00+00:00,2026-01-10 21:00:00+00:00,2,3,1,2026-01-10 09:00:00+00:00,0.6933333333333334,0.804781993230184,0.36829703959695215
2026-01-10 18:00:00+00:00,2026-01-10 22:00:00+00:00,2,4,1,2026-01-10 10:00:00+00:00,0.6866666666666666,0.848312775293986,0.36829703959695215
2026-01-10 18:00:00+00:00,2026-01-10 23:00:00+00:00,2,5,1,2026-01-10 11:00:00+00:00,0.8233333333333334,0.8730821212132772,0.36829703959695215
2026-01-10 18:00:00+00:00,2026-01-11 00:00:00+00:00,2,6,1,2026-01-10 12:00:00+00:00,0.48,0.9099419713020325,0.36829703959695215
2026-01-10 18:00:00+00:00,2026-01-11 01:00:00+00:00,2,7,1,2026-01-10 13:00:00+00:00,0.5533333333333333,0.8890765309333801,0.36829703959695215
2026-01-10 18:00:00+00:00,2026-01-11 02:00:00+00:00,2,8,1,2026-01-10 14:00:00+00:00,0.445,0.8832297722498575,0.36829703959695215
2026-01-10 18:00:00+00:00,2026-01-11 03:00:00+00:00,2,9,1,2026-01-10 15:00:00+00:00,0.21666666666666667,0.8512312372525533,0.36829703959695215
2026-01-10 18:00:00+00:00,2026-01-11 04:00:00+00:00,2,10,1,2026-01-10 16:00:00+00:00,0.3233333333333333,0.8732571800549825,0.36829703959695215
2026-01-10 18:00:00+00:00,2026-01-11 05:00:00+00:00,2,11,1,2026-01-10 17:00:00+00:00,0.26333333333333336,0.8928070664405823,0.36829703959695215
2026-01-10 18:00:00+00:00,2026-01-11 06:00:00+00:00,2,12,1,2026-01-10 18:00:00+00:00,0.39666666666666667,0.943435788154602,0.36829703959695215
2026-01-10 18:00:00+00:00,2026-01-11 07:00:00+00:00,2,13,2,2026-01-09 19:00:00+00:00,0.6766666666666666,0.8447147011756897,0.36829703959695215
2026-01-10 18:00:00+00:00,2026-01-11 08:00:00+00:00,2,14,2,2026-01-09 20:00:00+00:00,0.6016666666666667,0.7879456480344137,0.36829703959695215
2026-01-10 18:00:00+00:00,2026-01-11 09:00:00+00:00,2,15,2,2026-01-09 21:00:00+00:00,0.27499999999999997,0.7424659331639608,0.36829703959695215
2026-01-10 18:00:00+00:00,2026-01-11 10:00:00+00:00,2,16,2,2026-01-09 22:00:00+00:00,0.22999999999999998,0.7121338446935018,0.36829703959695215
2026-01-10 18:00:00+00:00,2026-01-11 11:00:00+00:00,2,17,2,2026-01-09 23:00:00+00:00,0.2283333333333333,0.7333622972170512,0.36829703959695215
2026-01-10 18:00:00+00:00,2026-01-11 12:00:00+00:00,2,18,2,2026-01-10 00:00:00+00:00,0.19000000000000003,0.5894095102945963,0.36829703959695215
2026-01-10 18:00:00+00:00,2026-01-11 13:00:00+00:00,2,19,2,2026-01-10 01:00:00+00:00,0.4583333333333333,0.4563496609528859,0.36829703959695215
2026-01-10 18:00:00+00:00,2026-01-11 14:00:00+00:00,2,20,2,2026-01-10 02:00:00+00:00,0.46166666666666667,0.5186718702316284,0.36829703959695215
2026-01-10 18:00:00+00:00,2026-01-11 15:00:00+00:00,2,21,2,2026-01-10 03:00:00+00:00,0.2866666666666667,0.5525555908679962,0.36829703959695215
2026-01-10 18:00:00+00:00,2026-01-11 16:00:00+00:00,2,22,2,2026-01-10 04:00:00+00:00,0.4916666666666667,0.5133180717627207,0.36829703959695215
2026-01-10 18:00:00+00:00,2026-01-11 17:00:00+00:00,2,23,2,2026-01-10 05:00:00+00:00,0.5183333333333334,0.4349091251691182,0.36829703959695215
2026-01-10 18:00:00+00:00,2026-01-11 18:00:00+00:00,2,24,2,2026-01-10 06:00:00+00:00,0.33,0.39885227878888446,0.36829703959695215
2026-01-10 18:00:00+00:00,2026-01-11 19:00:00+00:00,2,25,2,2026-01-10 07:00:00+00:00,0.49,0.3201587994893392,0.36829703959695215
2026-01-10 18:00:00+00:00,2026-01-11 20:00:00+00:00,2,26,2,2026-01-10 08:00:00+00:00,0.3933333333333333,0.25417422751585644,0.36829703959695215
2026-01-10 18:00:00+00:00,2026-01-11 21:00:00+00:00,2,27,2,2026-01-10 09:00:00+00:00,0.04666666666666667,0.19521227478981018,0.36829703959695215
2026-01-10 18:00:00+00:00,2026-01-11 22:00:00+00:00,2,28,2,2026-01-10 10:00:00+00:00,0.01,0.17133226990699768,0.36829703959695215
2026-01-10 18:00:00+00:00,2026-01-11 23:00:00+00:00,2,29,2,2026-01-10 11:00:00+00:00,0.011666666666666667,0.15268625815709433,0.36829703959695215
2026-01-10 18:00:00+00:00,2026-01-12 00:00:00+00:00,2,30,2,2026-01-10 12:00:00+00:00,0.01,0.028879240155220032,0.36829703959695215
2026-01-10 18:00:00+00:00,2026-01-12 01:00:00+00:00,2,31,2,2026-01-10 13:00:00+00:00,0.01,0.00983211180816094,0.36829703959695215
2026-01-10 18:00:00+00:00,2026-01-12 02:00:00+00:00,2,32,2,2026-01-10 14:00:00+00:00,0.01,0.014070262356350819,0.36829703959695215
2026-01-10 18:00:00+00:00,2026-01-12 03:00:00+00:00,2,33,2,2026-01-10 15:00:00+00:00,0.01,0.02210085280239582,0.36829703959695215
2026-01-10 18:00:00+00:00,2026-01-12 04:00:00+00:00,2,34,2,2026-01-10 16:00:00+00:00,0.01,0.01399307573835055,0.36829703959695215
2026-01-10 18:00:00+00:00,2026-01-12 05:00:00+00:00,2,35,2,2026-01-10 17:00:00+00:00,0.01,0.015891875450809795,0.36829703959695215
2026-01-10 18:00:00+00:00,2026-01-12 06:00:00+00:00,2,36,2,2026-01-10 18:00:00+00:00,0.01,0.03977771165470282,0.36829703959695215
2026-01-10 18:00:00+00:00,2026-01-12 07:00:00+00:00,2,37,3,2026-01-09 19:00:00+00:00,0.008333333333333333,0.09644654144843419,0.36829703959695215
2026-01-10 18:00:00+00:00,2026-01-12 08:00:00+00:00,2,38,3,2026-01-09 20:00:00+00:00,0.10333333333333333,0.13992296904325485,0.36829703959695215
2026-01-10 18:00:00+00:00,2026-01-12 09:00:00+00:00,2,39,3,2026-01-09 21:00:00+00:00,0.19000000000000003,0.3219238022963206,0.36829703959695215
2026-01-10 18:00:00+00:00,2026-01-12 10:00:00+00:00,2,40,3,2026-01-09 22:00:00+00:00,0.06666666666666667,0.7775351206461588,0.36829703959695215
2026-01-10 18:00:00+00:00,2026-01-12 11:00:00+00:00,2,41,3,2026-01-09 23:00:00+00:00,0.13666666666666666,0.9316913485527039,0.36829703959695215
2026-01-10 18:00:00+00:00,2026-01-12 12:00:00+00:00,2,42,3,2026-01-10 00:00:00+00:00,0.5816666666666667,0.7164950569470724,0.36829703959695215
2026-01-10 18:00:00+00:00,2026-01-12 13:00:00+00:00,2,43,3,2026-01-10 01:00:00+00:00,0.6233333333333334,0.3681470553080241,0.36829703959695215
2026-01-10 18:00:00+00:00,2026-01-12 14:00:00+00:00,2,44,3,2026-01-10 02:00:00+00:00,0.59,0.5199228227138519,0.36829703959695215
2026-01-10 18:00:00+00:00,2026-01-12 15:00:00+00:00,2,45,3,2026-01-10 03:00:00+00:00,0.5683333333333334,0.08634772648413976,0.36829703959695215
2026-01-10 18:00:00+00:00,2026-01-12 16:00:00+00:00,2,46,3,2026-01-10 04:00:00+00:00,0.285,0.04275179716447989,0.36829703959695215
2026-01-10 18:00:00+00:00,2026-01-12 17:00:00+00:00,2,47,3,2026-01-10 05:00:00+00:00,0.26666666666666666,0.015685761347413063,0.36829703959695215
2026-01-10 18:00:00+00:00,2026-01-12 18:00:00+00:00,2,48,3,2026-01-10 06:00:00+00:00,0.115,0.015610353710750738,0.36829703959695215
2026-01-11 18:00:00+00:00,2026-01-11 19:00:00+00:00,1,1,1,2026-01-11 07:00:00+00:00,0.58,0.17502656082312265,0.3736853865525423
2026-01-11 18:00:00+00:00,2026-01-11 20:00:00+00:00,1,2,1,2026-01-11 08:00:00+00:00,0.4033333333333333,0.1175275444984436,0.3736853865525423
2026-01-11 18:00:00+00:00,2026-01-11 21:00:00+00:00,1,3,1,2026-01-11 09:00:00+00:00,0.06833333333333334,0.053729249785343804,0.3736853865525423
2026-01-11 18:00:00+00:00,2026-01-11 22:00:00+00:00,1,4,1,2026-01-11 10:00:00+00:00,0.015,0.020586887374520302,0.3736853865525423
2026-01-11 18:00:00+00:00,2026-01-11 23:00:00+00:00,1,5,1,2026-01-11 11:00:00+00:00,0.023333333333333334,0.011526300882299742,0.3736853865525423
2026-01-11 18:00:00+00:00,2026-01-12 00:00:00+00:00,1,6,1,2026-01-11 12:00:00+00:00,0.01,0.03011021266380946,0.3736853865525423
2026-01-11 18:00:00+00:00,2026-01-12 01:00:00+00:00,1,7,1,2026-01-11 13:00:00+00:00,0.01,0.008825980204467973,0.3736853865525423
2026-01-11 18:00:00+00:00,2026-01-12 02:00:00+00:00,1,8,1,2026-01-11 14:00:00+00:00,0.01,0.00778032715121905,0.3736853865525423
2026-01-11 18:00:00+00:00,2026-01-12 03:00:00+00:00,1,9,1,2026-01-11 15:00:00+00:00,0.01,0.014389431880166134,0.3736853865525423
2026-01-11 18:00:00+00:00,2026-01-12 04:00:00+00:00,1,10,1,2026-01-11 16:00:00+00:00,0.01,0.01542797964066267,0.3736853865525423
2026-01-11 18:00:00+00:00,2026-01-12 05:00:00+00:00,1,11,1,2026-01-11 17:00:00+00:00,0.01,0.033948308477799095,0.3736853865525423
2026-01-11 18:00:00+00:00,2026-01-12 06:00:00+00:00,1,12,1,2026-01-11 18:00:00+00:00,0.01,0.042863319317499794,0.3736853865525423
2026-01-11 18:00:00+00:00,2026-01-12 07:00:00+00:00,1,13,2,2026-01-10 19:00:00+00:00,0.011666666666666667,0.09074606249729793,0.3736853865525423
2026-01-11 18:00:00+00:00,2026-01-12 08:00:00+00:00,1,14,2,2026-01-10 20:00:00+00:00,0.09666666666666668,0.15166052679220834,0.3736853865525423
2026-01-11 18:00:00+00:00,2026-01-12 09:00:00+00:00,1,15,2,2026-01-10 21:00:00+00:00,0.16333333333333333,0.16832908491293588,0.3736853865525423
2026-01-11 18:00:00+00:00,2026-01-12 10:00:00+00:00,1,16,2,2026-01-10 22:00:00+00:00,0.05666666666666667,0.1669039378563563,0.3736853865525423
2026-01-11 18:00:00+00:00,2026-01-12 11:00:00+00:00,1,17,2,2026-01-10 23:00:00+00:00,0.15333333333333332,0.1555908719698588,0.3736853865525423
2026-01-11 18:00:00+00:00,2026-01-12 12:00:00+00:00,1,18,2,2026-01-11 00:00:00+00:00,0.545,0.2240167756875356,0.3736853865525423
2026-01-11 18:00:00+00:00,2026-01-12 13:00:00+00:00,1,19,2,2026-01-11 01:00:00+00:00,0.615,0.18543883164723715,0.3736853865525423
2026-01-11 18:00:00+00:00,2026-01-12 14:00:00+00:00,1,20,2,2026-01-11 02:00:00+00:00,0.58,0.13180921226739883,0.3736853865525423
2026-01-11 18:00:00+00:00,2026-01-12 15:00:00+00:00,1,21,2,2026-01-11 03:00:00+00:00,0.5633333333333334,0.10141572107871373,0.3736853865525423
2026-01-11 18:00:00+00:00,2026-01-12 16:00:00+00:00,1,22,2,2026-01-11 04:00:00+00:00,0.285,0.06041822085777918,0.3736853865525423
2026-01-11 18:00:00+00:00,2026-01-12 17:00:00+00:00,1,23,2,2026-01-11 05:00:00+00:00,0.26333333333333336,0.08582459886868794,0.3736853865525423
2026-01-11 18:00:00+00:00,2026-01-12 18:00:00+00:00,1,24,2,2026-01-11 06:00:00+00:00,0.11833333333333333,0.02267686588068803,0.3736853865525423
2026-01-11 18:00:00+00:00,2026-01-12 19:00:00+00:00,1,25,2,2026-01-11 07:00:00+00:00,0.2233333333333333,0.061398119976123176,0.3736853865525423
2026-01-11 18:00:00+00:00,2026-01-12 20:00:00+00:00,1,26,2,2026-01-11 08:00:00+00:00,0.13833333333333334,0.10836316396792729,0.3736853865525423
2026-01-11 18:00:00+00:00,2026-01-12 21:00:00+00:00,1,27,2,2026-01-11 09:00:00+00:00,0.14833333333333334,0.04932572692632675,0.3736853865525423
2026-01-11 18:00:00+00:00,2026-01-12 22:00:00+00:00,1,28,2,2026-01-11 10:00:00+00:00,0.22833333333333336,0.021191020496189594,0.3736853865525423
2026-01-11 18:00:00+00:00,2026-01-12 23:00:00+00:00,1,29,2,2026-01-11 11:00:00+00:00,0.17666666666666667,0.016052325256168842,0.3736853865525423
2026-01-11 18:00:00+00:00,2026-01-13 00:00:00+00:00,1,30,2,2026-01-11 12:00:00+00:00,0.045000000000000005,0.017614387596646946,0.3736853865525423
2026-01-11 18:00:00+00:00,2026-01-13 01:00:00+00:00,1,31,2,2026-01-11 13:00:00+00:00,0.01,0.009547064080834389,0.3736853865525423
2026-01-11 18:00:00+00:00,2026-01-13 02:00:00+00:00,1,32,2,2026-01-11 14:00:00+00:00,0.021666666666666667,0.010396454793711504,0.3736853865525423
2026-01-11 18:00:00+00:00,2026-01-13 03:00:00+00:00,1,33,2,2026-01-11 15:00:00+00:00,0.11333333333333334,0.013069315192600092,0.3736853865525423
2026-01-11 18:00:00+00:00,2026-01-13 04:00:00+00:00,1,34,2,2026-01-11 16:00:00+00:00,0.14833333333333334,0.008841245745619139,0.3736853865525423
2026-01-11 18:00:00+00:00,2026-01-13 05:00:00+00:00,1,35,2,2026-01-11 17:00:00+00:00,0.18000000000000002,0.020001888275146484,0.3736853865525423
2026-01-11 18:00:00+00:00,2026-01-13 06:00:00+00:00,1,36,2,2026-01-11 18:00:00+00:00,0.2333333333333333,0.06262936070561409,0.3736853865525423
2026-01-11 18:00:00+00:00,2026-01-13 07:00:00+00:00,1,37,3,2026-01-10 19:00:00+00:00,0.515,0.02329113396505515,0.3736853865525423
2026-01-11 18:00:00+00:00,2026-01-13 08:00:00+00:00,1,38,3,2026-01-10 20:00:00+00:00,0.64,0.023492741708954174,0.3736853865525423
2026-01-11 18:00:00+00:00,2026-01-13 09:00:00+00:00,1,39,3,2026-01-10 21:00:00+00:00,0.7833333333333333,0.0555291585624218,0.3736853865525423
2026-01-11 18:00:00+00:00,2026-01-13 10:00:00+00:00,1,40,3,2026-01-10 22:00:00+00:00,0.985,0.07133554791410764,0.3736853865525423
2026-01-11 18:00:00+00:00,2026-01-13 11:00:00+00:00,1,41,3,2026-01-10 23:00:00+00:00,0.9899999999999999,0.13595032940308252,0.3736853865525423
2026-01-11 18:00:00+00:00,2026-01-13 12:00:00+00:00,1,42,3,2026-01-11 00:00:00+00:00,0.9899999999999999,0.34444626669089,0.3736853865525423
2026-01-11 18:00:00+00:00,2026-01-13 13:00:00+00:00,1,43,3,2026-01-11 01:00:00+00:00,0.9899999999999999,0.7415935198465983,0.3736853865525423
2026-01-11 18:00:00+00:00,2026-01-13 14:00:00+00:00,1,44,3,2026-01-11 02:00:00+00:00,0.9899999999999999,0.8705655733744303,0.3736853865525423
2026-01-11 18:00:00+00:00,2026-01-13 15:00:00+00:00,1,45,3,2026-01-11 03:00:00+00:00,0.9899999999999999,0.8312579790751139,0.3736853865525423
2026-01-11 18:00:00+00:00,2026-01-13 16:00:00+00:00,1,46,3,2026-01-11 04:00:00+00:00,0.9266666666666666,0.7575224041938782,0.3736853865525423
2026-01-11 18:00:00+00:00,2026-01-13 17:00:00+00:00,1,47,3,2026-01-11 05:00:00+00:00,0.9516666666666667,0.7152528564135233,0.3736853865525423
2026-01-11 18:00:00+00:00,2026-01-13 18:00:00+00:00,1,48,3,2026-01-11 06:00:00+00:00,0.9183333333333333,0.9052298267682394,0.3736853865525423
2026-01-11 18:00:00+00:00,2026-01-11 19:00:00+00:00,2,1,1,2026-01-11 07:00:00+00:00,0.49,0.1460653841495514,0.36829703959695215
2026-01-11 18:00:00+00:00,2026-01-11 20:00:00+00:00,2,2,1,2026-01-11 08:00:00+00:00,0.3933333333333333,0.0999964897831281,0.36829703959695215
2026-01-11 18:00:00+00:00,2026-01-11 21:00:00+00:00,2,3,1,2026-01-11 09:00:00+00:00,0.04666666666666667,0.0498859758178393,0.36829703959695215
2026-01-11 18:00:00+00:00,2026-01-11 22:00:00+00:00,2,4,1,2026-01-11 10:00:00+00:00,0.01,0.01862143600980441,0.36829703959695215
2026-01-11 18:00:00+00:00,2026-01-11 23:00:00+00:00,2,5,1,2026-01-11 11:00:00+00:00,0.011666666666666667,0.0103829779351751,0.36829703959695215
2026-01-11 18:00:00+00:00,2026-01-12 00:00:00+00:00,2,6,1,2026-01-11 12:00:00+00:00,0.01,0.027563280736406643,0.36829703959695215
2026-01-11 18:00:00+00:00,2026-01-12 01:00:00+00:00,2,7,1,2026-01-11 13:00:00+00:00,0.01,0.008237408163646856,0.36829703959695215
2026-01-11 18:00:00+00:00,2026-01-12 02:00:00+00:00,2,8,1,2026-01-11 14:00:00+00:00,0.01,0.00741720797183613,0.36829703959695215
2026-01-11 18:00:00+00:00,2026-01-12 03:00:00+00:00,2,9,1,2026-01-11 15:00:00+00:00,0.01,0.012626558231810728,0.36829703959695215
2026-01-11 18:00:00+00:00,2026-01-12 04:00:00+00:00,2,10,1,2026-01-11 16:00:00+00:00,0.01,0.013983035615334908,0.36829703959695215
2026-01-11 18:00:00+00:00,2026-01-12 05:00:00+00:00,2,11,1,2026-01-11 17:00:00+00:00,0.01,0.030078185101350147,0.36829703959695215
2026-01-11 18:00:00+00:00,2026-01-12 06:00:00+00:00,2,12,1,2026-01-11 18:00:00+00:00,0.01,0.03940257430076599,0.36829703959695215
2026-01-11 18:00:00+00:00,2026-01-12 07:00:00+00:00,2,13,2,2026-01-10 19:00:00+00:00,0.008333333333333333,0.0879521518945694,0.36829703959695215
2026-01-11 18:00:00+00:00,2026-01-12 08:00:00+00:00,2,14,2,2026-01-10 20:00:00+00:00,0.10333333333333333,0.15983322262763977,0.36829703959695215
2026-01-11 18:00:00+00:00,2026-01-12 09:00:00+00:00,2,15,2,2026-01-10 21:00:00+00:00,0.19000000000000003,0.18123285472393036,0.36829703959695215
2026-01-11 18:00:00+00:00,2026-01-12 10:00:00+00:00,2,16,2,2026-01-10 22:00:00+00:00,0.06666666666666667,0.18224040667215982,0.36829703959695215
2026-01-11 18:00:00+00:00,2026-01-12 11:00:00+00:00,2,17,2,2026-01-10 23:00:00+00:00,0.13666666666666666,0.1694552650054296,0.36829703959695215
2026-01-11 18:00:00+00:00,2026-01-12 12:00:00+00:00,2,18,2,2026-01-11 00:00:00+00:00,0.5816666666666667,0.23582779864470163,0.36829703959695215
2026-01-11 18:00:00+00:00,2026-01-12 13:00:00+00:00,2,19,2,2026-01-11 01:00:00+00:00,0.6233333333333334,0.18611307938893637,0.36829703959695215
2026-01-11 18:00:00+00:00,2026-01-12 14:00:00+00:00,2,20,2,2026-01-11 02:00:00+00:00,0.59,0.12916878859202066,0.36829703959695215
2026-01-11 18:00:00+00:00,2026-01-12 15:00:00+00:00,2,21,2,2026-01-11 03:00:00+00:00,0.5683333333333334,0.10071201125780742,0.36829703959695215
2026-01-11 18:00:00+00:00,2026-01-12 16:00:00+00:00,2,22,2,2026-01-11 04:00:00+00:00,0.285,0.054304504146178566,0.36829703959695215
2026-01-11 18:00:00+00:00,2026-01-12 17:00:00+00:00,2,23,2,2026-01-11 05:00:00+00:00,0.26666666666666666,0.08120668555299441,0.36829703959695215
2026-01-11 18:00:00+00:00,2026-01-12 18:00:00+00:00,2,24,2,2026-01-11 06:00:00+00:00,0.115,0.020573465153574944,0.36829703959695215
2026-01-11 18:00:00+00:00,2026-01-12 19:00:00+00:00,2,25,2,2026-01-11 07:00:00+00:00,0.22166666666666668,0.05656816934545835,0.36829703959695215
2026-01-11 18:00:00+00:00,2026-01-12 20:00:00+00:00,2,26,2,2026-01-11 08:00:00+00:00,0.13833333333333334,0.10316463559865952,0.36829703959695215
2026-01-11 18:00:00+00:00,2026-01-12 21:00:00+00:00,2,27,2,2026-01-11 09:00:00+00:00,0.145,0.04731267690658569,0.36829703959695215
2026-01-11 18:00:00+00:00,2026-01-12 22:00:00+00:00,2,28,2,2026-01-11 10:00:00+00:00,0.22333333333333336,0.020813757243255775,0.36829703959695215
2026-01-11 18:00:00+00:00,2026-01-12 23:00:00+00:00,2,29,2,2026-01-11 11:00:00+00:00,0.17166666666666666,0.014737627158562342,0.36829703959695215
2026-01-11 18:00:00+00:00,2026-01-13 00:00:00+00:00,2,30,2,2026-01-11 12:00:00+00:00,0.04833333333333334,0.015798551340897877,0.36829703959695215
2026-01-11 18:00:00+00:00,2026-01-13 01:00:00+00:00,2,31,2,2026-01-11 13:00:00+00:00,0.008333333333333333,0.00880839970583717,0.36829703959695215
2026-01-11 18:00:00+00:00,2026-01-13 02:00:00+00:00,2,32,2,2026-01-11 14:00:00+00:00,0.021666666666666667,0.009335361265887817,0.36829703959695215
2026-01-11 18:00:00+00:00,2026-01-13 03:00:00+00:00,2,33,2,2026-01-11 15:00:00+00:00,0.11,0.01151512268309792,0.36829703959695215
2026-01-11 18:00:00+00:00,2026-01-13 04:00:00+00:00,2,34,2,2026-01-11 16:00:00+00:00,0.11166666666666668,0.007929602017005285,0.36829703959695215
2026-01-11 18:00:00+00:00,2026-01-13 05:00:00+00:00,2,35,2,2026-01-11 17:00:00+00:00,0.16833333333333333,0.017698111323018868,0.36829703959695215
2026-01-11 18:00:00+00:00,2026-01-13 06:00:00+00:00,2,36,2,2026-01-11 18:00:00+00:00,0.2333333333333333,0.05958958094318708,0.36829703959695215
2026-01-11 18:00:00+00:00,2026-01-13 07:00:00+00:00,2,37,3,2026-01-10 19:00:00+00:00,0.5033333333333333,0.02098428023358186,0.36829703959695215
2026-01-11 18:00:00+00:00,2026-01-13 08:00:00+00:00,2,38,3,2026-01-10 20:00:00+00:00,0.7066666666666667,0.022093537574013073,0.36829703959695215
2026-01-11 18:00:00+00:00,2026-01-13 09:00:00+00:00,2,39,3,2026-01-10 21:00:00+00:00,0.8166666666666668,0.05187162384390831,0.36829703959695215
2026-01-11 18:00:00+00:00,2026-01-13 10:00:00+00:00,2,40,3,2026-01-10 22:00:00+00:00,0.9833333333333334,0.0640375204384327,0.36829703959695215
2026-01-11 18:00:00+00:00,2026-01-13 11:00:00+00:00,2,41,3,2026-01-10 23:00:00+00:00,0.9883333333333333,0.11774386217196782,0.36829703959695215
2026-01-11 18:00:00+00:00,2026-01-13 12:00:00+00:00,2,42,3,2026-01-11 00:00:00+00:00,0.9899999999999999,0.34406326214472455,0.36829703959695215
2026-01-11 18:00:00+00:00,2026-01-13 13:00:00+00:00,2,43,3,2026-01-11 01:00:00+00:00,0.9899999999999999,0.7477564613024393,0.36829703959695215
2026-01-11 18:00:00+00:00,2026-01-13 14:00:00+00:00,2,44,3,2026-01-11 02:00:00+00:00,0.9916666666666667,0.8653130531311035,0.36829703959695215
2026-01-11 18:00:00+00:00,2026-01-13 15:00:00+00:00,2,45,3,2026-01-11 03:00:00+00:00,0.995,0.8246830900510153,0.36829703959695215
2026-01-11 18:00:00+00:00,2026-01-13 16:00:00+00:00,2,46,3,2026-01-11 04:00:00+00:00,0.9700000000000001,0.7517832517623901,0.36829703959695215
2026-01-11 18:00:00+00:00,2026-01-13 17:00:00+00:00,2,47,3,2026-01-11 05:00:00+00:00,0.9733333333333333,0.712781568368276,0.36829703959695215
2026-01-11 18:00:00+00:00,2026-01-13 18:00:00+00:00,2,48,3,2026-01-11 06:00:00+00:00,0.8450000000000001,0.9009506901105245,0.36829703959695215
2026-01-12 18:00:00+00:00,2026-01-12 19:00:00+00:00,1,1,1,2026-01-12 07:00:00+00:00,0.2233333333333333,0.025494493233660858,0.3736853865525423
2026-01-12 18:00:00+00:00,2026-01-12 20:00:00+00:00,1,2,1,2026-01-12 08:00:00+00:00,0.13833333333333334,0.03476141889890035,0.3736853865525423
2026-01-12 18:00:00+00:00,2026-01-12 21:00:00+00:00,1,3,1,2026-01-12 09:00:00+00:00,0.14833333333333334,0.029501803840200107,0.3736853865525423
2026-01-12 18:00:00+00:00,2026-01-12 22:00:00+00:00,1,4,1,2026-01-12 10:00:00+00:00,0.22833333333333336,0.015028044581413269,0.3736853865525423
2026-01-12 18:00:00+00:00,2026-01-12 23:00:00+00:00,1,5,1,2026-01-12 11:00:00+00:00,0.17666666666666667,0.013860013025502363,0.3736853865525423
2026-01-12 18:00:00+00:00,2026-01-13 00:00:00+00:00,1,6,1,2026-01-12 12:00:00+00:00,0.045000000000000005,0.008993842639029026,0.3736853865525423
2026-01-12 18:00:00+00:00,2026-01-13 01:00:00+00:00,1,7,1,2026-01-12 13:00:00+00:00,0.01,0.011447609402239323,0.3736853865525423
2026-01-12 18:00:00+00:00,2026-01-13 02:00:00+00:00,1,8,1,2026-01-12 14:00:00+00:00,0.021666666666666667,0.011689125249783197,0.3736853865525423
2026-01-12 18:00:00+00:00,2026-01-13 03:00:00+00:00,1,9,1,2026-01-12 15:00:00+00:00,0.11333333333333334,0.019869787618517876,0.3736853865525423
2026-01-12 18:00:00+00:00,2026-01-13 04:00:00+00:00,1,10,1,2026-01-12 16:00:00+00:00,0.14833333333333334,0.026352008804678917,0.3736853865525423
2026-01-12 18:00:00+00:00,2026-01-13 05:00:00+00:00,1,11,1,2026-01-12 17:00:00+00:00,0.18000000000000002,0.06711096937457721,0.3736853865525423
2026-01-12 18:00:00+00:00,2026-01-13 06:00:00+00:00,1,12,1,2026-01-12 18:00:00+00:00,0.2333333333333333,0.2145859400431315,0.3736853865525423
2026-01-12 18:00:00+00:00,2026-01-13 07:00:00+00:00,1,13,2,2026-01-11 19:00:00+00:00,0.515,0.107059046626091,0.3736853865525423
2026-01-12 18:00:00+00:00,2026-01-13 08:00:00+00:00,1,14,2,2026-01-11 20:00:00+00:00,0.64,0.2545001953840256,0.3736853865525423
2026-01-12 18:00:00+00:00,2026-01-13 09:00:00+00:00,1,15,2,2026-01-11 21:00:00+00:00,0.7833333333333333,0.5128536919752756,0.3736853865525423
2026-01-12 18:00:00+00:00,2026-01-13 10:00:00+00:00,1,16,2,2026-01-11 22:00:00+00:00,0.985,0.7431778311729431,0.3736853865525423
2026-01-12 18:00:00+00:00,2026-01-13 11:00:00+00:00,1,17,2,2026-01-11 23:00:00+00:00,0.9899999999999999,0.9463449517885844,0.3736853865525423
2026-01-12 18:00:00+00:00,2026-01-13 12:00:00+00:00,1,18,2,2026-01-12 00:00:00+00:00,0.9899999999999999,0.9509003758430481,0.3736853865525423
2026-01-12 18:00:00+00:00,2026-01-13 13:00:00+00:00,1,19,2,2026-01-12 01:00:00+00:00,0.9899999999999999,0.9453805088996887,0.3736853865525423
2026-01-12 18:00:00+00:00,2026-01-13 14:00:00+00:00,1,20,2,2026-01-12 02:00:00+00:00,0.9899999999999999,0.9217370748519897,0.3736853865525423
2026-01-12 18:00:00+00:00,2026-01-13 15:00:00+00:00,1,21,2,2026-01-12 03:00:00+00:00,0.9899999999999999,0.8571087916692098,0.3736853865525423
2026-01-12 18:00:00+00:00,2026-01-13 16:00:00+00:00,1,22,2,2026-01-12 04:00:00+00:00,0.9266666666666666,0.7982408404350281,0.3736853865525423
2026-01-12 18:00:00+00:00,2026-01-13 17:00:00+00:00,1,23,2,2026-01-12 05:00:00+00:00,0.9516666666666667,0.7080213824907938,0.3736853865525423
2026-01-12 18:00:00+00:00,2026-01-13 18:00:00+00:00,1,24,2,2026-01-12 06:00:00+00:00,0.9183333333333333,0.704216202100118,0.3736853865525423
2026-01-12 18:00:00+00:00,2026-01-13 19:00:00+00:00,1,25,2,2026-01-12 07:00:00+00:00,0.7583333333333333,0.6631191968917847,0.3736853865525423
2026-01-12 18:00:00+00:00,2026-01-13 20:00:00+00:00,1,26,2,2026-01-12 08:00:00+00:00,0.8383333333333334,0.6069891850153605,0.3736853865525423
2026-01-12 18:00:00+00:00,2026-01-13 21:00:00+00:00,1,27,2,2026-01-12 09:00:00+00:00,0.935,0.5742133855819702,0.3736853865525423
2026-01-12 18:00:00+00:00,2026-01-13 22:00:00+00:00,1,28,2,2026-01-12 10:00:00+00:00,0.8633333333333333,0.5481399893760681,0.3736853865525423
2026-01-12 18:00:00+00:00,2026-01-13 23:00:00+00:00,1,29,2,2026-01-12 11:00:00+00:00,0.57,0.5157537559668223,0.3736853865525423
2026-01-12 18:00:00+00:00,2026-01-14 00:00:00+00:00,1,30,2,2026-01-12 12:00:00+00:00,0.36000000000000004,0.2812211513519287,0.3736853865525423
2026-01-12 18:00:00+00:00,2026-01-14 01:00:00+00:00,1,31,2,2026-01-12 13:00:00+00:00,0.09166666666666667,0.16654044886430105,0.3736853865525423
2026-01-12 18:00:00+00:00,2026-01-14 02:00:00+00:00,1,32,2,2026-01-12 14:00:00+00:00,0.036666666666666674,0.09213383495807648,0.3736853865525423
2026-01-12 18:00:00+00:00,2026-01-14 03:00:00+00:00,1,33,2,2026-01-12 15:00:00+00:00,0.31666666666666665,0.06894814471403758,0.3736853865525423
2026-01-12 18:00:00+00:00,2026-01-14 04:00:00+00:00,1,34,2,2026-01-12 16:00:00+00:00,0.26,0.05690866087873777,0.3736853865525423
2026-01-12 18:00:00+00:00,2026-01-14 05:00:00+00:00,1,35,2,2026-01-12 17:00:00+00:00,0.045000000000000005,0.04567670325438181,0.3736853865525423
2026-01-12 18:00:00+00:00,2026-01-14 06:00:00+00:00,1,36,2,2026-01-12 18:00:00+00:00,0.015,0.052791282534599304,0.3736853865525423
2026-01-12 18:00:00+00:00,2026-01-14 07:00:00+00:00,1,37,3,2026-01-11 19:00:00+00:00,0.06333333333333334,0.4202009638150533,0.3736853865525423
2026-01-12 18:00:00+00:00,2026-01-14 08:00:00+00:00,1,38,3,2026-01-11 20:00:00+00:00,0.11333333333333334,0.3326801856358846,0.3736853865525423
2026-01-12 18:00:00+00:00,2026-01-14 09:00:00+00:00,1,39,3,2026-01-11 21:00:00+00:00,0.1366666666666667,0.23916448652744293,0.3736853865525423
2026-01-12 18:00:00+00:00,2026-01-14 10:00:00+00:00,1,40,3,2026-01-11 22:00:00+00:00,0.17,0.18490609526634216,0.3736853865525423
2026-01-12 18:00:00+00:00,2026-01-14 11:00:00+00:00,1,41,3,2026-01-11 23:00:00+00:00,0.11499999999999999,0.12411303321520488,0.3736853865525423
2026-01-12 18:00:00+00:00,2026-01-14 12:00:00+00:00,1,42,3,2026-01-12 00:00:00+00:00,0.155,0.2179547349611918,0.3736853865525423
2026-01-12 18:00:00+00:00,2026-01-14 13:00:00+00:00,1,43,3,2026-01-12 01:00:00+00:00,0.14,0.332128902276357,0.3736853865525423
2026-01-12 18:00:00+00:00,2026-01-14 14:00:00+00:00,1,44,3,2026-01-12 02:00:00+00:00,0.13333333333333333,0.3770660360654195,0.3736853865525423
2026-01-12 18:00:00+00:00,2026-01-14 15:00:00+00:00,1,45,3,2026-01-12 03:00:00+00:00,0.20000000000000004,0.30400289098421734,0.3736853865525423
2026-01-12 18:00:00+00:00,2026-01-14 16:00:00+00:00,1,46,3,2026-01-12 04:00:00+00:00,0.36166666666666664,0.23378548522790274,0.3736853865525423
2026-01-12 18:00:00+00:00,2026-01-14 17:00:00+00:00,1,47,3,2026-01-12 05:00:00+00:00,0.24,0.21455697218577066,0.3736853865525423
2026-01-12 18:00:00+00:00,2026-01-14 18:00:00+00:00,1,48,3,2026-01-12 06:00:00+00:00,0.10833333333333334,0.16405784587065378,0.3736853865525423
2026-01-12 18:00:00+00:00,2026-01-12 19:00:00+00:00,2,1,1,2026-01-12 07:00:00+00:00,0.22166666666666668,0.022135512592891853,0.36829703959695215
2026-01-12 18:00:00+00:00,2026-01-12 20:00:00+00:00,2,2,1,2026-01-12 08:00:00+00:00,0.13833333333333334,0.02941702865064144,0.36829703959695215
2026-01-12 18:00:00+00:00,2026-01-12 21:00:00+00:00,2,3,1,2026-01-12 09:00:00+00:00,0.145,0.025062523161371548,0.36829703959695215
2026-01-12 18:00:00+00:00,2026-01-12 22:00:00+00:00,2,4,1,2026-01-12 10:00:00+00:00,0.22333333333333336,0.013962342403829098,0.36829703959695215
2026-01-12 18:00:00+00:00,2026-01-12 23:00:00+00:00,2,5,1,2026-01-12 11:00:00+00:00,0.17166666666666666,0.012791643540064493,0.36829703959695215
2026-01-12 18:00:00+00:00,2026-01-13 00:00:00+00:00,2,6,1,2026-01-12 12:00:00+00:00,0.04833333333333334,0.0080876216913263,0.36829703959695215
2026-01-12 18:00:00+00:00,2026-01-13 01:00:00+00:00,2,7,1,2026-01-12 13:00:00+00:00,0.008333333333333333,0.010040989300856987,0.36829703959695215
2026-01-12 18:00:00+00:00,2026-01-13 02:00:00+00:00,2,8,1,2026-01-12 14:00:00+00:00,0.021666666666666667,0.010495999051878849,0.36829703959695215
2026-01-12 18:00:00+00:00,2026-01-13 03:00:00+00:00,2,9,1,2026-01-12 15:00:00+00:00,0.11,0.017997059350212414,0.36829703959695215
2026-01-12 18:00:00+00:00,2026-01-13 04:00:00+00:00,2,10,1,2026-01-12 16:00:00+00:00,0.11166666666666668,0.02299318586786588,0.36829703959695215
2026-01-12 18:00:00+00:00,2026-01-13 05:00:00+00:00,2,11,1,2026-01-12 17:00:00+00:00,0.16833333333333333,0.05980577444036802,0.36829703959695215
2026-01-12 18:00:00+00:00,2026-01-13 06:00:00+00:00,2,12,1,2026-01-12 18:00:00+00:00,0.2333333333333333,0.21355814735094705,0.36829703959695215
2026-01-12 18:00:00+00:00,2026-01-13 07:00:00+00:00,2,13,2,2026-01-11 19:00:00+00:00,0.5033333333333333,0.10789893567562103,0.36829703959695215
2026-01-12 18:00:00+00:00,2026-01-13 08:00:00+00:00,2,14,2,2026-01-11 20:00:00+00:00,0.7066666666666667,0.2542322675387065,0.36829703959695215
2026-01-12 18:00:00+00:00,2026-01-13 09:00:00+00:00,2,15,2,2026-01-11 21:00:00+00:00,0.8166666666666668,0.5228107869625092,0.36829703959695215
2026-01-12 18:00:00+00:00,2026-01-13 10:00:00+00:00,2,16,2,2026-01-11 22:00:00+00:00,0.9833333333333334,0.7522827784220377,0.36829703959695215
2026-01-12 18:00:00+00:00,2026-01-13 11:00:00+00:00,2,17,2,2026-01-11 23:00:00+00:00,0.9883333333333333,0.9458730618158976,0.36829703959695215
2026-01-12 18:00:00+00:00,2026-01-13 12:00:00+00:00,2,18,2,2026-01-12 00:00:00+00:00,0.9899999999999999,0.9502383669217428,0.36829703959695215
2026-01-12 18:00:00+00:00,2026-01-13 13:00:00+00:00,2,19,2,2026-01-12 01:00:00+00:00,0.9899999999999999,0.9451797008514404,0.36829703959695215
2026-01-12 18:00:00+00:00,2026-01-13 14:00:00+00:00,2,20,2,2026-01-12 02:00:00+00:00,0.9916666666666667,0.9219544728597006,0.36829703959695215
2026-01-12 18:00:00+00:00,2026-01-13 15:00:00+00:00,2,21,2,2026-01-12 03:00:00+00:00,0.995,0.8623720010121664,0.36829703959695215
2026-01-12 18:00:00+00:00,2026-01-13 16:00:00+00:00,2,22,2,2026-01-12 04:00:00+00:00,0.9700000000000001,0.8046467701594034,0.36829703959695215
2026-01-12 18:00:00+00:00,2026-01-13 17:00:00+00:00,2,23,2,2026-01-12 05:00:00+00:00,0.9733333333333333,0.7054507335027059,0.36829703959695215
2026-01-12 18:00:00+00:00,2026-01-13 18:00:00+00:00,2,24,2,2026-01-12 06:00:00+00:00,0.8450000000000001,0.6894956231117249,0.36829703959695215
2026-01-12 18:00:00+00:00,2026-01-13 19:00:00+00:00,2,25,2,2026-01-12 07:00:00+00:00,0.7000000000000001,0.6414868434270223,0.36829703959695215
2026-01-12 18:00:00+00:00,2026-01-13 20:00:00+00:00,2,26,2,2026-01-12 08:00:00+00:00,0.79,0.5804346601168314,0.36829703959695215
2026-01-12 18:00:00+00:00,2026-01-13 21:00:00+00:00,2,27,2,2026-01-12 09:00:00+00:00,0.9133333333333332,0.5446080962816874,0.36829703959695215
2026-01-12 18:00:00+00:00,2026-01-13 22:00:00+00:00,2,28,2,2026-01-12 10:00:00+00:00,0.7583333333333333,0.5181417266527811,0.36829703959695215
2026-01-12 18:00:00+00:00,2026-01-13 23:00:00+00:00,2,29,2,2026-01-12 11:00:00+00:00,0.5,0.4895482659339905,0.36829703959695215
2026-01-12 18:00:00+00:00,2026-01-14 00:00:00+00:00,2,30,2,2026-01-12 12:00:00+00:00,0.3,0.23611450692017874,0.36829703959695215
2026-01-12 18:00:00+00:00,2026-01-14 01:00:00+00:00,2,31,2,2026-01-12 13:00:00+00:00,0.06333333333333334,0.14534944792588553,0.36829703959695215
2026-01-12 18:00:00+00:00,2026-01-14 02:00:00+00:00,2,32,2,2026-01-12 14:00:00+00:00,0.03166666666666667,0.0852943832675616,0.36829703959695215
2026-01-12 18:00:00+00:00,2026-01-14 03:00:00+00:00,2,33,2,2026-01-12 15:00:00+00:00,0.34833333333333333,0.06500956912835439,0.36829703959695215
2026-01-12 18:00:00+00:00,2026-01-14 04:00:00+00:00,2,34,2,2026-01-12 16:00:00+00:00,0.26333333333333336,0.05362610394755999,0.36829703959695215
2026-01-12 18:00:00+00:00,2026-01-14 05:00:00+00:00,2,35,2,2026-01-12 17:00:00+00:00,0.05666666666666667,0.04385842879613241,0.36829703959695215
2026-01-12 18:00:00+00:00,2026-01-14 06:00:00+00:00,2,36,2,2026-01-12 18:00:00+00:00,0.028333333333333332,0.050557199865579605,0.36829703959695215
2026-01-12 18:00:00+00:00,2026-01-14 07:00:00+00:00,2,37,3,2026-01-11 19:00:00+00:00,0.07,0.4464721381664276,0.36829703959695215
2026-01-12 18:00:00+00:00,2026-01-14 08:00:00+00:00,2,38,3,2026-01-11 20:00:00+00:00,0.125,0.3284562925497691,0.36829703959695215
2026-01-12 18:00:00+00:00,2026-01-14 09:00:00+00:00,2,39,3,2026-01-11 21:00:00+00:00,0.1366666666666667,0.20949693024158478,0.36829703959695215
2026-01-12 18:00:00+00:00,2026-01-14 10:00:00+00:00,2,40,3,2026-01-11 22:00:00+00:00,0.14833333333333334,0.1531114305059115,0.36829703959695215
2026-01-12 18:00:00+00:00,2026-01-14 11:00:00+00:00,2,41,3,2026-01-11 23:00:00+00:00,0.12,0.11258043597141902,0.36829703959695215
2026-01-12 18:00:00+00:00,2026-01-14 12:00:00+00:00,2,42,3,2026-01-12 00:00:00+00:00,0.16833333333333333,0.21739812195301056,0.36829703959695215
2026-01-12 18:00:00+00:00,2026-01-14 13:00:00+00:00,2,43,3,2026-01-12 01:00:00+00:00,0.13333333333333333,0.32065437237421673,0.36829703959695215
2026-01-12 18:00:00+00:00,2026-01-14 14:00:00+00:00,2,44,3,2026-01-12 02:00:00+00:00,0.1366666666666667,0.364726980527242,0.36829703959695215
2026-01-12 18:00:00+00:00,2026-01-14 15:00:00+00:00,2,45,3,2026-01-12 03:00:00+00:00,0.205,0.3054422438144684,0.36829703959695215
2026-01-12 18:00:00+00:00,2026-01-14 16:00:00+00:00,2,46,3,2026-01-12 04:00:00+00:00,0.3666666666666667,0.23285017907619476,0.36829703959695215
2026-01-12 18:00:00+00:00,2026-01-14 17:00:00+00:00,2,47,3,2026-01-12 05:00:00+00:00,0.27666666666666667,0.20759766300519308,0.36829703959695215
2026-01-12 18:00:00+00:00,2026-01-14 18:00:00+00:00,2,48,3,2026-01-12 06:00:00+00:00,0.13333333333333333,0.15596882005532584,0.36829703959695215
2026-01-13 18:00:00+00:00,2026-01-13 19:00:00+00:00,1,1,1,2026-01-13 07:00:00+00:00,0.7583333333333333,0.53744504849116,0.3736853865525423
2026-01-13 18:00:00+00:00,2026-01-13 20:00:00+00:00,1,2,1,2026-01-13 08:00:00+00:00,0.8383333333333334,0.48205525676409405,0.3736853865525423
2026-01-13 18:00:00+00:00,2026-01-13 21:00:00+00:00,1,3,1,2026-01-13 09:00:00+00:00,0.935,0.4829493661721547,0.3736853865525423
2026-01-13 18:00:00+00:00,2026-01-13 22:00:00+00:00,1,4,1,2026-01-13 10:00:00+00:00,0.8633333333333333,0.4144864579041799,0.3736853865525423
2026-01-13 18:00:00+00:00,2026-01-13 23:00:00+00:00,1,5,1,2026-01-13 11:00:00+00:00,0.57,0.4102899730205536,0.3736853865525423
2026-01-13 18:00:00+00:00,2026-01-14 00:00:00+00:00,1,6,1,2026-01-13 12:00:00+00:00,0.36000000000000004,0.3908122380574544,0.3736853865525423
2026-01-13 18:00:00+00:00,2026-01-14 01:00:00+00:00,1,7,1,2026-01-13 13:00:00+00:00,0.09166666666666667,0.2937734027703603,0.3736853865525423
2026-01-13 18:00:00+00:00,2026-01-14 02:00:00+00:00,1,8,1,2026-01-13 14:00:00+00:00,0.036666666666666674,0.19642141461372375,0.3736853865525423
2026-01-13 18:00:00+00:00,2026-01-14 03:00:00+00:00,1,9,1,2026-01-13 15:00:00+00:00,0.31666666666666665,0.09615453829367955,0.3736853865525423
2026-01-13 18:00:00+00:00,2026-01-14 04:00:00+00:00,1,10,1,2026-01-13 16:00:00+00:00,0.26,0.05174107849597931,0.3736853865525423
2026-01-13 18:00:00+00:00,2026-01-14 05:00:00+00:00,1,11,1,2026-01-13 17:00:00+00:00,0.045000000000000005,0.03534611935416857,0.3736853865525423
2026-01-13 18:00:00+00:00,2026-01-14 06:00:00+00:00,1,12,1,2026-01-13 18:00:00+00:00,0.015,0.020601964245239895,0.3736853865525423
2026-01-13 18:00:00+00:00,2026-01-14 07:00:00+00:00,1,13,2,2026-01-12 19:00:00+00:00,0.06333333333333334,0.022953833763798077,0.3736853865525423
2026-01-13 18:00:00+00:00,2026-01-14 08:00:00+00:00,1,14,2,2026-01-12 20:00:00+00:00,0.11333333333333334,0.0333845429122448,0.3736853865525423
2026-01-13 18:00:00+00:00,2026-01-14 09:00:00+00:00,1,15,2,2026-01-12 21:00:00+00:00,0.1366666666666667,0.04810737259685993,0.3736853865525423
2026-01-13 18:00:00+00:00,2026-01-14 10:00:00+00:00,1,16,2,2026-01-12 22:00:00+00:00,0.17,0.05777863413095474,0.3736853865525423
2026-01-13 18:00:00+00:00,2026-01-14 11:00:00+00:00,1,17,2,2026-01-12 23:00:00+00:00,0.11499999999999999,0.07248408471544583,0.3736853865525423
2026-01-13 18:00:00+00:00,2026-01-14 12:00:00+00:00,1,18,2,2026-01-13 00:00:00+00:00,0.155,0.13406152526537576,0.3736853865525423
2026-01-13 18:00:00+00:00,2026-01-14 13:00:00+00:00,1,19,2,2026-01-13 01:00:00+00:00,0.14,0.22427350282669067,0.3736853865525423
2026-01-13 18:00:00+00:00,2026-01-14 14:00:00+00:00,1,20,2,2026-01-13 02:00:00+00:00,0.13333333333333333,0.31812430421511334,0.3736853865525423
2026-01-13 18:00:00+00:00,2026-01-14 15:00:00+00:00,1,21,2,2026-01-13 03:00:00+00:00,0.20000000000000004,0.3028212984402974,0.3736853865525423
2026-01-13 18:00:00+00:00,2026-01-14 16:00:00+00:00,1,22,2,2026-01-13 04:00:00+00:00,0.36166666666666664,0.306619534889857,0.3736853865525423
2026-01-13 18:00:00+00:00,2026-01-14 17:00:00+00:00,1,23,2,2026-01-13 05:00:00+00:00,0.24,0.24947702884674072,0.3736853865525423
2026-01-13 18:00:00+00:00,2026-01-14 18:00:00+00:00,1,24,2,2026-01-13 06:00:00+00:00,0.10833333333333334,0.21809244652589163,0.3736853865525423
2026-01-13 18:00:00+00:00,2026-01-14 19:00:00+00:00,1,25,2,2026-01-13 07:00:00+00:00,0.04666666666666667,0.1980958878993988,0.3736853865525423
2026-01-13 18:00:00+00:00,2026-01-14 20:00:00+00:00,1,26,2,2026-01-13 08:00:00+00:00,0.02,0.1736911733945211,0.3736853865525423
2026-01-13 18:00:00+00:00,2026-01-14 21:00:00+00:00,1,27,2,2026-01-13 09:00:00+00:00,0.02,0.1125665009021759,0.3736853865525423
2026-01-13 18:00:00+00:00,2026-01-14 22:00:00+00:00,1,28,2,2026-01-13 10:00:00+00:00,0.011666666666666667,0.0751643180847168,0.3736853865525423
2026-01-13 18:00:00+00:00,2026-01-14 23:00:00+00:00,1,29,2,2026-01-13 11:00:00+00:00,0.01,0.05943239356080691,0.3736853865525423
2026-01-13 18:00:00+00:00,2026-01-15 00:00:00+00:00,1,30,2,2026-01-13 12:00:00+00:00,0.01,0.04767530287305514,0.3736853865525423
2026-01-13 18:00:00+00:00,2026-01-15 01:00:00+00:00,1,31,2,2026-01-13 13:00:00+00:00,0.01,0.0404060942431291,0.3736853865525423
2026-01-13 18:00:00+00:00,2026-01-15 02:00:00+00:00,1,32,2,2026-01-13 14:00:00+00:00,0.01,0.032297348603606224,0.3736853865525423
2026-01-13 18:00:00+00:00,2026-01-15 03:00:00+00:00,1,33,2,2026-01-13 15:00:00+00:00,0.01,0.017992951286335785,0.3736853865525423
2026-01-13 18:00:00+00:00,2026-01-15 04:00:00+00:00,1,34,2,2026-01-13 16:00:00+00:00,0.01,0.014671350984523693,0.3736853865525423
2026-01-13 18:00:00+00:00,2026-01-15 05:00:00+00:00,1,35,2,2026-01-13 17:00:00+00:00,0.01,0.01622495846822858,0.3736853865525423
2026-01-13 18:00:00+00:00,2026-01-15 06:00:00+00:00,1,36,2,2026-01-13 18:00:00+00:00,0.01,0.028720942015449207,0.3736853865525423
2026-01-13 18:00:00+00:00,2026-01-15 07:00:00+00:00,1,37,3,2026-01-12 19:00:00+00:00,0.01,0.03687052863339583,0.3736853865525423
2026-01-13 18:00:00+00:00,2026-01-15 08:00:00+00:00,1,38,3,2026-01-12 20:00:00+00:00,0.01,0.08148518701394399,0.3736853865525423
2026-01-13 18:00:00+00:00,2026-01-15 09:00:00+00:00,1,39,3,2026-01-12 21:00:00+00:00,0.01,0.20679066081841788,0.3736853865525423
2026-01-13 18:00:00+00:00,2026-01-15 10:00:00+00:00,1,40,3,2026-01-12 22:00:00+00:00,0.02,0.32280362645785016,0.3736853865525423
2026-01-13 18:00:00+00:00,2026-01-15 11:00:00+00:00,1,41,3,2026-01-12 23:00:00+00:00,0.04,0.2590888092915217,0.3736853865525423
2026-01-13 18:00:00+00:00,2026-01-15 12:00:00+00:00,1,42,3,2026-01-13 00:00:00+00:00,0.08333333333333333,0.07944033294916153,0.3736853865525423
2026-01-13 18:00:00+00:00,2026-01-15 13:00:00+00:00,1,43,3,2026-01-13 01:00:00+00:00,0.09166666666666667,0.08756136397520702,0.3736853865525423
2026-01-13 18:00:00+00:00,2026-01-15 14:00:00+00:00,1,44,3,2026-01-13 02:00:00+00:00,0.06333333333333334,0.05283854342997074,0.3736853865525423
2026-01-13 18:00:00+00:00,2026-01-15 15:00:00+00:00,1,45,3,2026-01-13 03:00:00+00:00,0.11333333333333334,0.18704111874103546,0.3736853865525423
2026-01-13 18:00:00+00:00,2026-01-15 16:00:00+00:00,1,46,3,2026-01-13 04:00:00+00:00,0.20833333333333334,0.09658752630154292,0.3736853865525423
2026-01-13 18:00:00+00:00,2026-01-15 17:00:00+00:00,1,47,3,2026-01-13 05:00:00+00:00,0.045000000000000005,0.06987709179520607,0.3736853865525423
2026-01-13 18:00:00+00:00,2026-01-15 18:00:00+00:00,1,48,3,2026-01-13 06:00:00+00:00,0.01,0.14278543492158255,0.3736853865525423
2026-01-13 18:00:00+00:00,2026-01-13 19:00:00+00:00,2,1,1,2026-01-13 07:00:00+00:00,0.7000000000000001,0.4965340594450633,0.36829703959695215
2026-01-13 18:00:00+00:00,2026-01-13 20:00:00+00:00,2,2,1,2026-01-13 08:00:00+00:00,0.79,0.43185190359751385,0.36829703959695215
2026-01-13 18:00:00+00:00,2026-01-13 21:00:00+00:00,2,3,1,2026-01-13 09:00:00+00:00,0.9133333333333332,0.42557626962661743,0.36829703959695215
2026-01-13 18:00:00+00:00,2026-01-13 22:00:00+00:00,2,4,1,2026-01-13 10:00:00+00:00,0.7583333333333333,0.34717947244644165,0.36829703959695215
2026-01-13 18:00:00+00:00,2026-01-13 23:00:00+00:00,2,5,1,2026-01-13 11:00:00+00:00,0.5,0.3436407645543416,0.36829703959695215
2026-01-13 18:00:00+00:00,2026-01-14 00:00:00+00:00,2,6,1,2026-01-13 12:00:00+00:00,0.3,0.33171284198760986,0.36829703959695215
2026-01-13 18:00:00+00:00,2026-01-14 01:00:00+00:00,2,7,1,2026-01-13 13:00:00+00:00,0.06333333333333334,0.2543773353099823,0.36829703959695215
2026-01-13 18:00:00+00:00,2026-01-14 02:00:00+00:00,2,8,1,2026-01-13 14:00:00+00:00,0.03166666666666667,0.17795019348462424,0.36829703959695215
2026-01-13 18:00:00+00:00,2026-01-14 03:00:00+00:00,2,9,1,2026-01-13 15:00:00+00:00,0.34833333333333333,0.09217389672994614,0.36829703959695215
2026-01-13 18:00:00+00:00,2026-01-14 04:00:00+00:00,2,10,1,2026-01-13 16:00:00+00:00,0.26333333333333336,0.04983146364490191,0.36829703959695215
2026-01-13 18:00:00+00:00,2026-01-14 05:00:00+00:00,2,11,1,2026-01-13 17:00:00+00:00,0.05666666666666667,0.03470528498291969,0.36829703959695215
2026-01-13 18:00:00+00:00,2026-01-14 06:00:00+00:00,2,12,1,2026-01-13 18:00:00+00:00,0.028333333333333332,0.020205245353281498,0.36829703959695215
2026-01-13 18:00:00+00:00,2026-01-14 07:00:00+00:00,2,13,2,2026-01-12 19:00:00+00:00,0.07,0.02139500870058934,0.36829703959695215
2026-01-13 18:00:00+00:00,2026-01-14 08:00:00+00:00,2,14,2,2026-01-12 20:00:00+00:00,0.125,0.02955130860209465,0.36829703959695215
2026-01-13 18:00:00+00:00,2026-01-14 09:00:00+00:00,2,15,2,2026-01-12 21:00:00+00:00,0.1366666666666667,0.04087261234720548,0.36829703959695215
2026-01-13 18:00:00+00:00,2026-01-14 10:00:00+00:00,2,16,2,2026-01-12 22:00:00+00:00,0.14833333333333334,0.04986755115290483,0.36829703959695215
2026-01-13 18:00:00+00:00,2026-01-14 11:00:00+00:00,2,17,2,2026-01-12 23:00:00+00:00,0.12,0.06533488382895787,0.36829703959695215
2026-01-13 18:00:00+00:00,2026-01-14 12:00:00+00:00,2,18,2,2026-01-13 00:00:00+00:00,0.16833333333333333,0.1272277683019638,0.36829703959695215
2026-01-13 18:00:00+00:00,2026-01-14 13:00:00+00:00,2,19,2,2026-01-13 01:00:00+00:00,0.13333333333333333,0.207039475440979,0.36829703959695215
2026-01-13 18:00:00+00:00,2026-01-14 14:00:00+00:00,2,20,2,2026-01-13 02:00:00+00:00,0.1366666666666667,0.296887735525767,0.36829703959695215
2026-01-13 18:00:00+00:00,2026-01-14 15:00:00+00:00,2,21,2,2026-01-13 03:00:00+00:00,0.205,0.28698745369911194,0.36829703959695215
2026-01-13 18:00:00+00:00,2026-01-14 16:00:00+00:00,2,22,2,2026-01-13 04:00:00+00:00,0.3666666666666667,0.28692398468653363,0.36829703959695215
2026-01-13 18:00:00+00:00,2026-01-14 17:00:00+00:00,2,23,2,2026-01-13 05:00:00+00:00,0.27666666666666667,0.2266592731078466,0.36829703959695215
2026-01-13 18:00:00+00:00,2026-01-14 18:00:00+00:00,2,24,2,2026-01-13 06:00:00+00:00,0.13333333333333333,0.19611848394076029,0.36829703959695215
2026-01-13 18:00:00+00:00,2026-01-14 19:00:00+00:00,2,25,2,2026-01-13 07:00:00+00:00,0.06,0.173393448193868,0.36829703959695215
2026-01-13 18:00:00+00:00,2026-01-14 20:00:00+00:00,2,26,2,2026-01-13 08:00:00+00:00,0.02,0.15280762811501822,0.36829703959695215
2026-01-13 18:00:00+00:00,2026-01-14 21:00:00+00:00,2,27,2,2026-01-13 09:00:00+00:00,0.011666666666666667,0.09709194054206212,0.36829703959695215
2026-01-13 18:00:00+00:00,2026-01-14 22:00:00+00:00,2,28,2,2026-01-13 10:00:00+00:00,0.011666666666666667,0.06559458499153455,0.36829703959695215
2026-01-13 18:00:00+00:00,2026-01-14 23:00:00+00:00,2,29,2,2026-01-13 11:00:00+00:00,0.01,0.05111288527647654,0.36829703959695215
2026-01-13 18:00:00+00:00,2026-01-15 00:00:00+00:00,2,30,2,2026-01-13 12:00:00+00:00,0.01,0.04174299848576387,0.36829703959695215
2026-01-13 18:00:00+00:00,2026-01-15 01:00:00+00:00,2,31,2,2026-01-13 13:00:00+00:00,0.01,0.03551787075897058,0.36829703959695215
2026-01-13 18:00:00+00:00,2026-01-15 02:00:00+00:00,2,32,2,2026-01-13 14:00:00+00:00,0.01,0.02905670739710331,0.36829703959695215
2026-01-13 18:00:00+00:00,2026-01-15 03:00:00+00:00,2,33,2,2026-01-13 15:00:00+00:00,0.01,0.01631455480431517,0.36829703959695215
2026-01-13 18:00:00+00:00,2026-01-15 04:00:00+00:00,2,34,2,2026-01-13 16:00:00+00:00,0.01,0.013584235062201818,0.36829703959695215
2026-01-13 18:00:00+00:00,2026-01-15 05:00:00+00:00,2,35,2,2026-01-13 17:00:00+00:00,0.01,0.014388380261758963,0.36829703959695215
2026-01-13 18:00:00+00:00,2026-01-15 06:00:00+00:00,2,36,2,2026-01-13 18:00:00+00:00,0.01,0.028398859625061352,0.36829703959695215
2026-01-13 18:00:00+00:00,2026-01-15 07:00:00+00:00,2,37,3,2026-01-12 19:00:00+00:00,0.01,0.035509115705887474,0.36829703959695215
2026-01-13 18:00:00+00:00,2026-01-15 08:00:00+00:00,2,38,3,2026-01-12 20:00:00+00:00,0.01,0.07839668293793996,0.36829703959695215
2026-01-13 18:00:00+00:00,2026-01-15 09:00:00+00:00,2,39,3,2026-01-12 21:00:00+00:00,0.005,0.1958113064368566,0.36829703959695215
2026-01-13 18:00:00+00:00,2026-01-15 10:00:00+00:00,2,40,3,2026-01-12 22:00:00+00:00,0.024999999999999998,0.30358337859312695,0.36829703959695215
2026-01-13 18:00:00+00:00,2026-01-15 11:00:00+00:00,2,41,3,2026-01-12 23:00:00+00:00,0.04833333333333334,0.25155872603257495,0.36829703959695215
2026-01-13 18:00:00+00:00,2026-01-15 12:00:00+00:00,2,42,3,2026-01-13 00:00:00+00:00,0.08666666666666667,0.07977136472860973,0.36829703959695215
2026-01-13 18:00:00+00:00,2026-01-15 13:00:00+00:00,2,43,3,2026-01-13 01:00:00+00:00,0.10333333333333333,0.07687916855017345,0.36829703959695215
2026-01-13 18:00:00+00:00,2026-01-15 14:00:00+00:00,2,44,3,2026-01-13 02:00:00+00:00,0.05666666666666667,0.04476126469671726,0.36829703959695215
2026-01-13 18:00:00+00:00,2026-01-15 15:00:00+00:00,2,45,3,2026-01-13 03:00:00+00:00,0.11166666666666665,0.17568321526050568,0.36829703959695215
2026-01-13 18:00:00+00:00,2026-01-15 16:00:00+00:00,2,46,3,2026-01-13 04:00:00+00:00,0.28833333333333333,0.0882021685441335,0.36829703959695215
2026-01-13 18:00:00+00:00,2026-01-15 17:00:00+00:00,2,47,3,2026-01-13 05:00:00+00:00,0.056666666666666664,0.05990705266594887,0.36829703959695215
2026-01-13 18:00:00+00:00,2026-01-15 18:00:00+00:00,2,48,3,2026-01-13 06:00:00+00:00,0.006666666666666667,0.13037514934937158,0.36829703959695215
2026-01-14 18:00:00+00:00,2026-01-14 19:00:00+00:00,1,1,1,2026-01-14 07:00:00+00:00,0.04666666666666667,0.31527716914812726,0.3736853865525423
2026-01-14 18:00:00+00:00,2026-01-14 20:00:00+00:00,1,2,1,2026-01-14 08:00:00+00:00,0.02,0.19682248930136362,0.3736853865525423
2026-01-14 18:00:00+00:00,2026-01-14 21:00:00+00:00,1,3,1,2026-01-14 09:00:00+00:00,0.02,0.14581342041492462,0.3736853865525423
2026-01-14 18:00:00+00:00,2026-01-14 22:00:00+00:00,1,4,1,2026-01-14 10:00:00+00:00,0.011666666666666667,0.0975918248295784,0.3736853865525423
2026-01-14 18:00:00+00:00,2026-01-14 23:00:00+00:00,1,5,1,2026-01-14 11:00:00+00:00,0.01,0.07828407734632492,0.3736853865525423
2026-01-14 18:00:00+00:00,2026-01-15 00:00:00+00:00,1,6,1,2026-01-14 12:00:00+00:00,0.01,0.021916960676511128,0.3736853865525423
2026-01-14 18:00:00+00:00,2026-01-15 01:00:00+00:00,1,7,1,2026-01-14 13:00:00+00:00,0.01,0.020215181012948353,0.3736853865525423
2026-01-14 18:00:00+00:00,2026-01-15 02:00:00+00:00,1,8,1,2026-01-14 14:00:00+00:00,0.01,0.011610844017316898,0.3736853865525423
2026-01-14 18:00:00+00:00,2026-01-15 03:00:00+00:00,1,9,1,2026-01-14 15:00:00+00:00,0.01,0.005295844748616219,0.3736853865525423
2026-01-14 18:00:00+00:00,2026-01-15 04:00:00+00:00,1,10,1,2026-01-14 16:00:00+00:00,0.01,0.0185505294551452,0.3736853865525423
2026-01-14 18:00:00+00:00,2026-01-15 05:00:00+00:00,1,11,1,2026-01-14 17:00:00+00:00,0.01,0.02683773698906104,0.3736853865525423
2026-01-14 18:00:00+00:00,2026-01-15 06:00:00+00:00,1,12,1,2026-01-14 18:00:00+00:00,0.01,0.016780581325292587,0.3736853865525423
2026-01-14 18:00:00+00:00,2026-01-15 07:00:00+00:00,1,13,2,2026-01-13 19:00:00+00:00,0.01,0.029847148184974987,0.3736853865525423
2026-01-14 18:00:00+00:00,2026-01-15 08:00:00+00:00,1,14,2,2026-01-13 20:00:00+00:00,0.01,0.09778918822606404,0.3736853865525423
2026-01-14 18:00:00+00:00,2026-01-15 09:00:00+00:00,1,15,2,2026-01-13 21:00:00+00:00,0.01,0.10767873376607895,0.3736853865525423
2026-01-14 18:00:00+00:00,2026-01-15 10:00:00+00:00,1,16,2,2026-01-13 22:00:00+00:00,0.02,0.14638423919677734,0.3736853865525423
2026-01-14 18:00:00+00:00,2026-01-15 11:00:00+00:00,1,17,2,2026-01-13 23:00:00+00:00,0.04,0.10204065094391505,0.3736853865525423
2026-01-14 18:00:00+00:00,2026-01-15 12:00:00+00:00,1,18,2,2026-01-14 00:00:00+00:00,0.08333333333333333,0.42795207103093463,0.3736853865525423
2026-01-14 18:00:00+00:00,2026-01-15 13:00:00+00:00,1,19,2,2026-01-14 01:00:00+00:00,0.09166666666666667,0.5743149717648824,0.3736853865525423
2026-01-14 18:00:00+00:00,2026-01-15 14:00:00+00:00,1,20,2,2026-01-14 02:00:00+00:00,0.06333333333333334,0.25147269666194916,0.3736853865525423
2026-01-14 18:00:00+00:00,2026-01-15 15:00:00+00:00,1,21,2,2026-01-14 03:00:00+00:00,0.11333333333333334,0.25702403982480365,0.3736853865525423
2026-01-14 18:00:00+00:00,2026-01-15 16:00:00+00:00,1,22,2,2026-01-14 04:00:00+00:00,0.20833333333333334,0.07349460199475288,0.3736853865525423
2026-01-14 18:00:00+00:00,2026-01-15 17:00:00+00:00,1,23,2,2026-01-14 05:00:00+00:00,0.045000000000000005,0.045369147012631096,0.3736853865525423
2026-01-14 18:00:00+00:00,2026-01-15 18:00:00+00:00,1,24,2,2026-01-14 06:00:00+00:00,0.01,0.047664606322844826,0.3736853865525423
2026-01-14 18:00:00+00:00,2026-01-15 19:00:00+00:00,1,25,2,2026-01-14 07:00:00+00:00,0.09500000000000001,0.02881873957812786,0.3736853865525423
2026-01-14 18:00:00+00:00,2026-01-15 20:00:00+00:00,1,26,2,2026-01-14 08:00:00+00:00,0.13833333333333334,0.05474217236042023,0.3736853865525423
2026-01-14 18:00:00+00:00,2026-01-15 21:00:00+00:00,1,27,2,2026-01-14 09:00:00+00:00,0.07333333333333333,0.06799768656492233,0.3736853865525423
2026-01-14 18:00:00+00:00,2026-01-15 22:00:00+00:00,1,28,2,2026-01-14 10:00:00+00:00,0.049999999999999996,0.08029596135020256,0.3736853865525423
2026-01-14 18:00:00+00:00,2026-01-15 23:00:00+00:00,1,29,2,2026-01-14 11:00:00+00:00,0.04,0.12336205691099167,0.3736853865525423
2026-01-14 18:00:00+00:00,2026-01-16 00:00:00+00:00,1,30,2,2026-01-14 12:00:00+00:00,0.013333333333333334,0.18961606423060098,0.3736853865525423
2026-01-14 18:00:00+00:00,2026-01-16 01:00:00+00:00,1,31,2,2026-01-14 13:00:00+00:00,0.03166666666666667,0.20871737599372864,0.3736853865525423
2026-01-14 18:00:00+00:00,2026-01-16 02:00:00+00:00,1,32,2,2026-01-14 14:00:00+00:00,0.02,0.3639998535315196,0.3736853865525423
2026-01-14 18:00:00+00:00,2026-01-16 03:00:00+00:00,1,33,2,2026-01-14 15:00:00+00:00,0.03,0.39080625772476196,0.3736853865525423
2026-01-14 18:00:00+00:00,2026-01-16 04:00:00+00:00,1,34,2,2026-01-14 16:00:00+00:00,0.07166666666666667,0.38042136033376056,0.3736853865525423
2026-01-14 18:00:00+00:00,2026-01-16 05:00:00+00:00,1,35,2,2026-01-14 17:00:00+00:00,0.016666666666666666,0.24093814690907797,0.3736853865525423
2026-01-14 18:00:00+00:00,2026-01-16 06:00:00+00:00,1,36,2,2026-01-14 18:00:00+00:00,0.04833333333333333,0.17178284376859665,0.3736853865525423
2026-01-14 18:00:00+00:00,2026-01-16 07:00:00+00:00,1,37,3,2026-01-13 19:00:00+00:00,0.04,0.4502651592095693,0.3736853865525423
2026-01-14 18:00:00+00:00,2026-01-16 08:00:00+00:00,1,38,3,2026-01-13 20:00:00+00:00,0.09000000000000001,0.3734944860140483,0.3736853865525423
2026-01-14 18:00:00+00:00,2026-01-16 09:00:00+00:00,1,39,3,2026-01-13 21:00:00+00:00,0.22999999999999998,0.4689630667368571,0.3736853865525423
2026-01-14 18:00:00+00:00,2026-01-16 10:00:00+00:00,1,40,3,2026-01-13 22:00:00+00:00,0.3833333333333333,0.4749376078446706,0.3736853865525423
2026-01-14 18:00:00+00:00,2026-01-16 11:00:00+00:00,1,41,3,2026-01-13 23:00:00+00:00,0.375,0.6511579950650533,0.3736853865525423
2026-01-14 18:00:00+00:00,2026-01-16 12:00:00+00:00,1,42,3,2026-01-14 00:00:00+00:00,0.4466666666666667,0.7030653158823649,0.3736853865525423
2026-01-14 18:00:00+00:00,2026-01-16 13:00:00+00:00,1,43,3,2026-01-14 01:00:00+00:00,0.605,0.8647916714350382,0.3736853865525423
2026-01-14 18:00:00+00:00,2026-01-16 14:00:00+00:00,1,44,3,2026-01-14 02:00:00+00:00,0.7666666666666666,0.8773000240325928,0.3736853865525423
2026-01-14 18:00:00+00:00,2026-01-16 15:00:00+00:00,1,45,3,2026-01-14 03:00:00+00:00,0.9716666666666667,0.7752326528231303,0.3736853865525423
2026-01-14 18:00:00+00:00,2026-01-16 16:00:00+00:00,1,46,3,2026-01-14 04:00:00+00:00,0.9283333333333333,0.8224883675575256,0.3736853865525423
2026-01-14 18:00:00+00:00,2026-01-16 17:00:00+00:00,1,47,3,2026-01-14 05:00:00+00:00,0.8766666666666666,0.8586503664652506,0.3736853865525423
2026-01-14 18:00:00+00:00,2026-01-16 18:00:00+00:00,1,48,3,2026-01-14 06:00:00+00:00,0.85,0.7919078469276428,0.3736853865525423
2026-01-14 18:00:00+00:00,2026-01-14 19:00:00+00:00,2,1,1,2026-01-14 07:00:00+00:00,0.06,0.2666820287704468,0.36829703959695215
2026-01-14 18:00:00+00:00,2026-01-14 20:00:00+00:00,2,2,1,2026-01-14 08:00:00+00:00,0.02,0.16475987434387207,0.36829703959695215
2026-01-14 18:00:00+00:00,2026-01-14 21:00:00+00:00,2,3,1,2026-01-14 09:00:00+00:00,0.011666666666666667,0.1262995426853498,0.36829703959695215
2026-01-14 18:00:00+00:00,2026-01-14 22:00:00+00:00,2,4,1,2026-01-14 10:00:00+00:00,0.011666666666666667,0.08512404809395473,0.36829703959695215
2026-01-14 18:00:00+00:00,2026-01-14 23:00:00+00:00,2,5,1,2026-01-14 11:00:00+00:00,0.01,0.07091746975978215,0.36829703959695215
2026-01-14 18:00:00+00:00,2026-01-15 00:00:00+00:00,2,6,1,2026-01-14 12:00:00+00:00,0.01,0.020191636867821217,0.36829703959695215
2026-01-14 18:00:00+00:00,2026-01-15 01:00:00+00:00,2,7,1,2026-01-14 13:00:00+00:00,0.01,0.01852457784116268,0.36829703959695215
2026-01-14 18:00:00+00:00,2026-01-15 02:00:00+00:00,2,8,1,2026-01-14 14:00:00+00:00,0.01,0.010778779163956642,0.36829703959695215
2026-01-14 18:00:00+00:00,2026-01-15 03:00:00+00:00,2,9,1,2026-01-14 15:00:00+00:00,0.01,0.004974183471252521,0.36829703959695215
2026-01-14 18:00:00+00:00,2026-01-15 04:00:00+00:00,2,10,1,2026-01-14 16:00:00+00:00,0.01,0.016858177570005257,0.36829703959695215
2026-01-14 18:00:00+00:00,2026-01-15 05:00:00+00:00,2,11,1,2026-01-14 17:00:00+00:00,0.01,0.02315583111097415,0.36829703959695215
2026-01-14 18:00:00+00:00,2026-01-15 06:00:00+00:00,2,12,1,2026-01-14 18:00:00+00:00,0.01,0.015477626584470272,0.36829703959695215
2026-01-14 18:00:00+00:00,2026-01-15 07:00:00+00:00,2,13,2,2026-01-13 19:00:00+00:00,0.01,0.02934650455911954,0.36829703959695215
2026-01-14 18:00:00+00:00,2026-01-15 08:00:00+00:00,2,14,2,2026-01-13 20:00:00+00:00,0.01,0.08798710256814957,0.36829703959695215
2026-01-14 18:00:00+00:00,2026-01-15 09:00:00+00:00,2,15,2,2026-01-13 21:00:00+00:00,0.005,0.09265807271003723,0.36829703959695215
2026-01-14 18:00:00+00:00,2026-01-15 10:00:00+00:00,2,16,2,2026-01-13 22:00:00+00:00,0.024999999999999998,0.12097654243310292,0.36829703959695215
2026-01-14 18:00:00+00:00,2026-01-15 11:00:00+00:00,2,17,2,2026-01-13 23:00:00+00:00,0.04833333333333334,0.08325766151150067,0.36829703959695215
2026-01-14 18:00:00+00:00,2026-01-15 12:00:00+00:00,2,18,2,2026-01-14 00:00:00+00:00,0.08666666666666667,0.3764141301314036,0.36829703959695215
2026-01-14 18:00:00+00:00,2026-01-15 13:00:00+00:00,2,19,2,2026-01-14 01:00:00+00:00,0.10333333333333333,0.5423440734545389,0.36829703959695215
2026-01-14 18:00:00+00:00,2026-01-15 14:00:00+00:00,2,20,2,2026-01-14 02:00:00+00:00,0.05666666666666667,0.23398382465044656,0.36829703959695215
2026-01-14 18:00:00+00:00,2026-01-15 15:00:00+00:00,2,21,2,2026-01-14 03:00:00+00:00,0.11166666666666665,0.22344568371772766,0.36829703959695215
2026-01-14 18:00:00+00:00,2026-01-15 16:00:00+00:00,2,22,2,2026-01-14 04:00:00+00:00,0.28833333333333333,0.060195464019974075,0.36829703959695215
2026-01-14 18:00:00+00:00,2026-01-15 17:00:00+00:00,2,23,2,2026-01-14 05:00:00+00:00,0.056666666666666664,0.03740765464802583,0.36829703959695215
2026-01-14 18:00:00+00:00,2026-01-15 18:00:00+00:00,2,24,2,2026-01-14 06:00:00+00:00,0.006666666666666667,0.044051396970947586,0.36829703959695215
2026-01-14 18:00:00+00:00,2026-01-15 19:00:00+00:00,2,25,2,2026-01-14 07:00:00+00:00,0.09833333333333334,0.02544959696630637,0.36829703959695215
2026-01-14 18:00:00+00:00,2026-01-15 20:00:00+00:00,2,26,2,2026-01-14 08:00:00+00:00,0.14,0.04556542324523131,0.36829703959695215
2026-01-14 18:00:00+00:00,2026-01-15 21:00:00+00:00,2,27,2,2026-01-14 09:00:00+00:00,0.08333333333333333,0.054623899360497795,0.36829703959695215
2026-01-14 18:00:00+00:00,2026-01-15 22:00:00+00:00,2,28,2,2026-01-14 10:00:00+00:00,0.04833333333333333,0.07012821733951569,0.36829703959695215
2026-01-14 18:00:00+00:00,2026-01-15 23:00:00+00:00,2,29,2,2026-01-14 11:00:00+00:00,0.03666666666666667,0.11135843644539516,0.36829703959695215
2026-01-14 18:00:00+00:00,2026-01-16 00:00:00+00:00,2,30,2,2026-01-14 12:00:00+00:00,0.013333333333333334,0.1827315886815389,0.36829703959695215
2026-01-14 18:00:00+00:00,2026-01-16 01:00:00+00:00,2,31,2,2026-01-14 13:00:00+00:00,0.041666666666666664,0.20080549021561941,0.36829703959695215
2026-01-14 18:00:00+00:00,2026-01-16 02:00:00+00:00,2,32,2,2026-01-14 14:00:00+00:00,0.02666666666666667,0.3479464054107666,0.36829703959695215
2026-01-14 18:00:00+00:00,2026-01-16 03:00:00+00:00,2,33,2,2026-01-14 15:00:00+00:00,0.018333333333333333,0.37434086203575134,0.36829703959695215
2026-01-14 18:00:00+00:00,2026-01-16 04:00:00+00:00,2,34,2,2026-01-14 16:00:00+00:00,0.02666666666666667,0.37322133282820386,0.36829703959695215
2026-01-14 18:00:00+00:00,2026-01-16 05:00:00+00:00,2,35,2,2026-01-14 17:00:00+00:00,0.02666666666666667,0.23145628223816553,0.36829703959695215
2026-01-14 18:00:00+00:00,2026-01-16 06:00:00+00:00,2,36,2,2026-01-14 18:00:00+00:00,0.024999999999999998,0.16756988068421683,0.36829703959695215
2026-01-14 18:00:00+00:00,2026-01-16 07:00:00+00:00,2,37,3,2026-01-13 19:00:00+00:00,0.03666666666666667,0.4360028902689616,0.36829703959695215
2026-01-14 18:00:00+00:00,2026-01-16 08:00:00+00:00,2,38,3,2026-01-13 20:00:00+00:00,0.105,0.37146862347920734,0.36829703959695215
2026-01-14 18:00:00+00:00,2026-01-16 09:00:00+00:00,2,39,3,2026-01-13 21:00:00+00:00,0.215,0.47172736128171283,0.36829703959695215
2026-01-14 18:00:00+00:00,2026-01-16 10:00:00+00:00,2,40,3,2026-01-13 22:00:00+00:00,0.4283333333333333,0.47819169362386066,0.36829703959695215
2026-01-14 18:00:00+00:00,2026-01-16 11:00:00+00:00,2,41,3,2026-01-13 23:00:00+00:00,0.455,0.6453579465548197,0.36829703959695215
2026-01-14 18:00:00+00:00,2026-01-16 12:00:00+00:00,2,42,3,2026-01-14 00:00:00+00:00,0.45,0.7058249115943909,0.36829703959695215
2026-01-14 18:00:00+00:00,2026-01-16 13:00:00+00:00,2,43,3,2026-01-14 01:00:00+00:00,0.6716666666666667,0.8535568912823995,0.36829703959695215
2026-01-14 18:00:00+00:00,2026-01-16 14:00:00+00:00,2,44,3,2026-01-14 02:00:00+00:00,0.7916666666666666,0.8646084666252136,0.36829703959695215
2026-01-14 18:00:00+00:00,2026-01-16 15:00:00+00:00,2,45,3,2026-01-14 03:00:00+00:00,0.91,0.7539196610450745,0.36829703959695215
2026-01-14 18:00:00+00:00,2026-01-16 16:00:00+00:00,2,46,3,2026-01-14 04:00:00+00:00,0.8883333333333333,0.8015145659446716,0.36829703959695215
2026-01-14 18:00:00+00:00,2026-01-16 17:00:00+00:00,2,47,3,2026-01-14 05:00:00+00:00,0.9233333333333333,0.8393455743789673,0.36829703959695215
2026-01-14 18:00:00+00:00,2026-01-16 18:00:00+00:00,2,48,3,2026-01-14 06:00:00+00:00,0.7833333333333333,0.7804173628489176,0.36829703959695215
2026-01-15 18:00:00+00:00,2026-01-15 19:00:00+00:00,1,1,1,2026-01-15 07:00:00+00:00,0.09500000000000001,0.08429303268591563,0.3736853865525423
2026-01-15 18:00:00+00:00,2026-01-15 20:00:00+00:00,1,2,1,2026-01-15 08:00:00+00:00,0.13833333333333334,0.08798101296027501,0.3736853865525423
2026-01-15 18:00:00+00:00,2026-01-15 21:00:00+00:00,1,3,1,2026-01-15 09:00:00+00:00,0.07333333333333333,0.05959275116523107,0.3736853865525423
2026-01-15 18:00:00+00:00,2026-01-15 22:00:00+00:00,1,4,1,2026-01-15 10:00:00+00:00,0.049999999999999996,0.14682923257350922,0.3736853865525423
2026-01-15 18:00:00+00:00,2026-01-15 23:00:00+00:00,1,5,1,2026-01-15 11:00:00+00:00,0.04,0.18251820902029672,0.3736853865525423
2026-01-15 18:00:00+00:00,2026-01-16 00:00:00+00:00,1,6,1,2026-01-15 12:00:00+00:00,0.013333333333333334,0.04994624853134155,0.3736853865525423
2026-01-15 18:00:00+00:00,2026-01-16 01:00:00+00:00,1,7,1,2026-01-15 13:00:00+00:00,0.03166666666666667,0.047247715294361115,0.3736853865525423
2026-01-15 18:00:00+00:00,2026-01-16 02:00:00+00:00,1,8,1,2026-01-15 14:00:00+00:00,0.02,0.029654777298371,0.3736853865525423
2026-01-15 18:00:00+00:00,2026-01-16 03:00:00+00:00,1,9,1,2026-01-15 15:00:00+00:00,0.03,0.04137856513261795,0.3736853865525423
2026-01-15 18:00:00+00:00,2026-01-16 04:00:00+00:00,1,10,1,2026-01-15 16:00:00+00:00,0.07166666666666667,0.062226069470246635,0.3736853865525423
2026-01-15 18:00:00+00:00,2026-01-16 05:00:00+00:00,1,11,1,2026-01-15 17:00:00+00:00,0.016666666666666666,0.08298494790991147,0.3736853865525423
2026-01-15 18:00:00+00:00,2026-01-16 06:00:00+00:00,1,12,1,2026-01-15 18:00:00+00:00,0.04833333333333333,0.052023970832427345,0.3736853865525423
2026-01-15 18:00:00+00:00,2026-01-16 07:00:00+00:00,1,13,2,2026-01-14 19:00:00+00:00,0.04,0.18212704360485077,0.3736853865525423
2026-01-15 18:00:00+00:00,2026-01-16 08:00:00+00:00,1,14,2,2026-01-14 20:00:00+00:00,0.09000000000000001,0.24354171256224313,0.3736853865525423
2026-01-15 18:00:00+00:00,2026-01-16 09:00:00+00:00,1,15,2,2026-01-14 21:00:00+00:00,0.22999999999999998,0.3072667916615804,0.3736853865525423
2026-01-15 18:00:00+00:00,2026-01-16 10:00:00+00:00,1,16,2,2026-01-14 22:00:00+00:00,0.3833333333333333,0.4885214666525523,0.3736853865525423
2026-01-15 18:00:00+00:00,2026-01-16 11:00:00+00:00,1,17,2,2026-01-14 23:00:00+00:00,0.375,0.748140831788381,0.3736853865525423
2026-01-15 18:00:00+00:00,2026-01-16 12:00:00+00:00,1,18,2,2026-01-15 00:00:00+00:00,0.4466666666666667,0.6582679549853007,0.3736853865525423
2026-01-15 18:00:00+00:00,2026-01-16 13:00:00+00:00,1,19,2,2026-01-15 01:00:00+00:00,0.605,0.7466486692428589,0.3736853865525423
2026-01-15 18:00:00+00:00,2026-01-16 14:00:00+00:00,1,20,2,2026-01-15 02:00:00+00:00,0.7666666666666666,0.8091952999432882,0.3736853865525423
2026-01-15 18:00:00+00:00,2026-01-16 15:00:00+00:00,1,21,2,2026-01-15 03:00:00+00:00,0.9716666666666667,0.798100491364797,0.3736853865525423
2026-01-15 18:00:00+00:00,2026-01-16 16:00:00+00:00,1,22,2,2026-01-15 04:00:00+00:00,0.9283333333333333,0.6764148076375326,0.3736853865525423
2026-01-15 18:00:00+00:00,2026-01-16 17:00:00+00:00,1,23,2,2026-01-15 05:00:00+00:00,0.8766666666666666,0.7094287077585856,0.3736853865525423
2026-01-15 18:00:00+00:00,2026-01-16 18:00:00+00:00,1,24,2,2026-01-15 06:00:00+00:00,0.85,0.8769916494687399,0.3736853865525423
2026-01-15 18:00:00+00:00,2026-01-16 19:00:00+00:00,1,25,2,2026-01-15 07:00:00+00:00,0.9683333333333334,0.8970954616864523,0.3736853865525423
2026-01-15 18:00:00+00:00,2026-01-16 20:00:00+00:00,1,26,2,2026-01-15 08:00:00+00:00,0.96,0.9056234161059061,0.3736853865525423
2026-01-15 18:00:00+00:00,2026-01-16 21:00:00+00:00,1,27,2,2026-01-15 09:00:00+00:00,0.895,0.9431472222010294,0.3736853865525423
2026-01-15 18:00:00+00:00,2026-01-16 22:00:00+00:00,1,28,2,2026-01-15 10:00:00+00:00,0.8250000000000001,0.9674640893936157,0.3736853865525423
2026-01-15 18:00:00+00:00,2026-01-16 23:00:00+00:00,1,29,2,2026-01-15 11:00:00+00:00,0.8166666666666665,0.9547656377156576,0.3736853865525423
2026-01-15 18:00:00+00:00,2026-01-17 00:00:00+00:00,1,30,2,2026-01-15 12:00:00+00:00,0.9033333333333333,0.9957588712374369,0.3736853865525423
2026-01-15 18:00:00+00:00,2026-01-17 01:00:00+00:00,1,31,2,2026-01-15 13:00:00+00:00,0.7000000000000001,0.9904722770055135,0.3736853865525423
2026-01-15 18:00:00+00:00,2026-01-17 02:00:00+00:00,1,32,2,2026-01-15 14:00:00+00:00,0.62,0.990389088789622,0.3736853865525423
2026-01-15 18:00:00+00:00,2026-01-17 03:00:00+00:00,1,33,2,2026-01-15 15:00:00+00:00,0.4083333333333334,0.9874990582466125,0.3736853865525423
2026-01-15 18:00:00+00:00,2026-01-17 04:00:00+00:00,1,34,2,2026-01-15 16:00:00+00:00,0.4183333333333333,0.9041279951731364,0.3736853865525423
2026-01-15 18:00:00+00:00,2026-01-17 05:00:00+00:00,1,35,2,2026-01-15 17:00:00+00:00,0.2833333333333333,0.7946821848551432,0.3736853865525423
2026-01-15 18:00:00+00:00,2026-01-17 06:00:00+00:00,1,36,2,2026-01-15 18:00:00+00:00,0.13166666666666668,0.37976518273353577,0.3736853865525423
2026-01-15 18:00:00+00:00,2026-01-17 07:00:00+00:00,1,37,3,2026-01-14 19:00:00+00:00,0.051666666666666666,0.4687311848004659,0.3736853865525423
2026-01-15 18:00:00+00:00,2026-01-17 08:00:00+00:00,1,38,3,2026-01-14 20:00:00+00:00,0.06333333333333334,0.2866366406281789,0.3736853865525423
2026-01-15 18:00:00+00:00,2026-01-17 09:00:00+00:00,1,39,3,2026-01-14 21:00:00+00:00,0.08833333333333333,0.20058621962865195,0.3736853865525423
2026-01-15 18:00:00+00:00,2026-01-17 10:00:00+00:00,1,40,3,2026-01-14 22:00:00+00:00,0.05333333333333334,0.1645029013355573,0.3736853865525423
2026-01-15 18:00:00+00:00,2026-01-17 11:00:00+00:00,1,41,3,2026-01-14 23:00:00+00:00,0.03333333333333333,0.1206382339199384,0.3736853865525423
2026-01-15 18:00:00+00:00,2026-01-17 12:00:00+00:00,1,42,3,2026-01-15 00:00:00+00:00,0.01,0.07286573946475983,0.3736853865525423
2026-01-15 18:00:00+00:00,2026-01-17 13:00:00+00:00,1,43,3,2026-01-15 01:00:00+00:00,0.01,0.057604484260082245,0.3736853865525423
2026-01-15 18:00:00+00:00,2026-01-17 14:00:00+00:00,1,44,3,2026-01-15 02:00:00+00:00,0.028333333333333332,0.05565962692101797,0.3736853865525423
2026-01-15 18:00:00+00:00,2026-01-17 15:00:00+00:00,1,45,3,2026-01-15 03:00:00+00:00,0.013333333333333334,0.03437494703878959,0.3736853865525423
2026-01-15 18:00:00+00:00,2026-01-17 16:00:00+00:00,1,46,3,2026-01-15 04:00:00+00:00,0.01,0.019653885314861935,0.3736853865525423
2026-01-15 18:00:00+00:00,2026-01-17 17:00:00+00:00,1,47,3,2026-01-15 05:00:00+00:00,0.01,0.01642083531866471,0.3736853865525423
2026-01-15 18:00:00+00:00,2026-01-17 18:00:00+00:00,1,48,3,2026-01-15 06:00:00+00:00,0.01,0.027557216584682465,0.3736853865525423
2026-01-15 18:00:00+00:00,2026-01-15 19:00:00+00:00,2,1,1,2026-01-15 07:00:00+00:00,0.09833333333333334,0.07804303492108981,0.36829703959695215
2026-01-15 18:00:00+00:00,2026-01-15 20:00:00+00:00,2,2,1,2026-01-15 08:00:00+00:00,0.14,0.07604118809103966,0.36829703959695215
2026-01-15 18:00:00+00:00,2026-01-15 21:00:00+00:00,2,3,1,2026-01-15 09:00:00+00:00,0.08333333333333333,0.052428303907314934,0.36829703959695215
2026-01-15 18:00:00+00:00,2026-01-15 22:00:00+00:00,2,4,1,2026-01-15 10:00:00+00:00,0.04833333333333333,0.1201318974296252,0.36829703959695215
2026-01-15 18:00:00+00:00,2026-01-15 23:00:00+00:00,2,5,1,2026-01-15 11:00:00+00:00,0.03666666666666667,0.16303524374961853,0.36829703959695215
2026-01-15 18:00:00+00:00,2026-01-16 00:00:00+00:00,2,6,1,2026-01-15 12:00:00+00:00,0.013333333333333334,0.04209517811735471,0.36829703959695215
2026-01-15 18:00:00+00:00,2026-01-16 01:00:00+00:00,2,7,1,2026-01-15 13:00:00+00:00,0.041666666666666664,0.04000474760929743,0.36829703959695215
2026-01-15 18:00:00+00:00,2026-01-16 02:00:00+00:00,2,8,1,2026-01-15 14:00:00+00:00,0.02666666666666667,0.026659673700730007,0.36829703959695215
2026-01-15 18:00:00+00:00,2026-01-16 03:00:00+00:00,2,9,1,2026-01-15 15:00:00+00:00,0.018333333333333333,0.03901990999778112,0.36829703959695215
2026-01-15 18:00:00+00:00,2026-01-16 04:00:00+00:00,2,10,1,2026-01-15 16:00:00+00:00,0.02666666666666667,0.061616960912942886,0.36829703959695215
2026-01-15 18:00:00+00:00,2026-01-16 05:00:00+00:00,2,11,1,2026-01-15 17:00:00+00:00,0.02666666666666667,0.07868040477236111,0.36829703959695215
2026-01-15 18:00:00+00:00,2026-01-16 06:00:00+00:00,2,12,1,2026-01-15 18:00:00+00:00,0.024999999999999998,0.049174290150403976,0.36829703959695215
2026-01-15 18:00:00+00:00,2026-01-16 07:00:00+00:00,2,13,2,2026-01-14 19:00:00+00:00,0.03666666666666667,0.1678754985332489,0.36829703959695215
2026-01-15 18:00:00+00:00,2026-01-16 08:00:00+00:00,2,14,2,2026-01-14 20:00:00+00:00,0.105,0.2170995275179545,0.36829703959695215
2026-01-15 18:00:00+00:00,2026-01-16 09:00:00+00:00,2,15,2,2026-01-14 21:00:00+00:00,0.215,0.2772939403851827,0.36829703959695215
2026-01-15 18:00:00+00:00,2026-01-16 10:00:00+00:00,2,16,2,2026-01-14 22:00:00+00:00,0.4283333333333333,0.4749147693316142,0.36829703959695215
2026-01-15 18:00:00+00:00,2026-01-16 11:00:00+00:00,2,17,2,2026-01-14 23:00:00+00:00,0.455,0.7354875802993774,0.36829703959695215
2026-01-15 18:00:00+00:00,2026-01-16 12:00:00+00:00,2,18,2,2026-01-15 00:00:00+00:00,0.45,0.6529765725135803,0.36829703959695215
2026-01-15 18:00:00+00:00,2026-01-16 13:00:00+00:00,2,19,2,2026-01-15 01:00:00+00:00,0.6716666666666667,0.7454245289166769,0.36829703959695215
2026-01-15 18:00:00+00:00,2026-01-16 14:00:00+00:00,2,20,2,2026-01-15 02:00:00+00:00,0.7916666666666666,0.8129181464513143,0.36829703959695215
2026-01-15 18:00:00+00:00,2026-01-16 15:00:00+00:00,2,21,2,2026-01-15 03:00:00+00:00,0.91,0.7923460801442465,0.36829703959695215
2026-01-15 18:00:00+00:00,2026-01-16 16:00:00+00:00,2,22,2,2026-01-15 04:00:00+00:00,0.8883333333333333,0.6830978790918986,0.36829703959695215
2026-01-15 18:00:00+00:00,2026-01-16 17:00:00+00:00,2,23,2,2026-01-15 05:00:00+00:00,0.9233333333333333,0.6992233395576477,0.36829703959695215
2026-01-15 18:00:00+00:00,2026-01-16 18:00:00+00:00,2,24,2,2026-01-15 06:00:00+00:00,0.7833333333333333,0.8694411714871725,0.36829703959695215
2026-01-15 18:00:00+00:00,2026-01-16 19:00:00+00:00,2,25,2,2026-01-15 07:00:00+00:00,0.9199999999999999,0.8960903088251749,0.36829703959695215
2026-01-15 18:00:00+00:00,2026-01-16 20:00:00+00:00,2,26,2,2026-01-15 08:00:00+00:00,0.9683333333333333,0.9047511418660482,0.36829703959695215
2026-01-15 18:00:00+00:00,2026-01-16 21:00:00+00:00,2,27,2,2026-01-15 09:00:00+00:00,0.8966666666666666,0.942288319269816,0.36829703959695215
2026-01-15 18:00:00+00:00,2026-01-16 22:00:00+00:00,2,28,2,2026-01-15 10:00:00+00:00,0.7949999999999999,0.9647193551063538,0.36829703959695215
2026-01-15 18:00:00+00:00,2026-01-16 23:00:00+00:00,2,29,2,2026-01-15 11:00:00+00:00,0.7400000000000001,0.9520198305447897,0.36829703959695215
2026-01-15 18:00:00+00:00,2026-01-17 00:00:00+00:00,2,30,2,2026-01-15 12:00:00+00:00,0.9349999999999999,0.9954656759897867,0.36829703959695215
2026-01-15 18:00:00+00:00,2026-01-17 01:00:00+00:00,2,31,2,2026-01-15 13:00:00+00:00,0.7983333333333333,0.9899862806002299,0.36829703959695215
2026-01-15 18:00:00+00:00,2026-01-17 02:00:00+00:00,2,32,2,2026-01-15 14:00:00+00:00,0.535,0.9900504946708679,0.36829703959695215
2026-01-15 18:00:00+00:00,2026-01-17 03:00:00+00:00,2,33,2,2026-01-15 15:00:00+00:00,0.38833333333333336,0.9871508677800497,0.36829703959695215
2026-01-15 18:00:00+00:00,2026-01-17 04:00:00+00:00,2,34,2,2026-01-15 16:00:00+00:00,0.36333333333333334,0.8967586954434713,0.36829703959695215
2026-01-15 18:00:00+00:00,2026-01-17 05:00:00+00:00,2,35,2,2026-01-15 17:00:00+00:00,0.225,0.7731661200523376,0.36829703959695215
2026-01-15 18:00:00+00:00,2026-01-17 06:00:00+00:00,2,36,2,2026-01-15 18:00:00+00:00,0.11833333333333333,0.3524528940518697,0.36829703959695215
2026-01-15 18:00:00+00:00,2026-01-17 07:00:00+00:00,2,37,3,2026-01-14 19:00:00+00:00,0.018333333333333333,0.41820571819941205,0.36829703959695215
2026-01-15 18:00:00+00:00,2026-01-17 08:00:00+00:00,2,38,3,2026-01-14 20:00:00+00:00,0.05333333333333334,0.25414810578028363,0.36829703959695215
2026-01-15 18:00:00+00:00,2026-01-17 09:00:00+00:00,2,39,3,2026-01-14 21:00:00+00:00,0.08666666666666667,0.17899962266286215,0.36829703959695215
2026-01-15 18:00:00+00:00,2026-01-17 10:00:00+00:00,2,40,3,2026-01-14 22:00:00+00:00,0.05333333333333334,0.14794726918141046,0.36829703959695215
2026-01-15 18:00:00+00:00,2026-01-17 11:00:00+00:00,2,41,3,2026-01-14 23:00:00+00:00,0.04,0.1108919084072113,0.36829703959695215
2026-01-15 18:00:00+00:00,2026-01-17 12:00:00+00:00,2,42,3,2026-01-15 00:00:00+00:00,0.01,0.06792022039492925,0.36829703959695215
2026-01-15 18:00:00+00:00,2026-01-17 13:00:00+00:00,2,43,3,2026-01-15 01:00:00+00:00,0.013333333333333334,0.05283406128485998,0.36829703959695215
2026-01-15 18:00:00+00:00,2026-01-17 14:00:00+00:00,2,44,3,2026-01-15 02:00:00+00:00,0.03,0.04725406629343828,0.36829703959695215
2026-01-15 18:00:00+00:00,2026-01-17 15:00:00+00:00,2,45,3,2026-01-15 03:00:00+00:00,0.011666666666666667,0.028277097269892693,0.36829703959695215
2026-01-15 18:00:00+00:00,2026-01-17 16:00:00+00:00,2,46,3,2026-01-15 04:00:00+00:00,0.01,0.016572341012458008,0.36829703959695215
2026-01-15 18:00:00+00:00,2026-01-17 17:00:00+00:00,2,47,3,2026-01-15 05:00:00+00:00,0.01,0.013902834771821896,0.36829703959695215
2026-01-15 18:00:00+00:00,2026-01-17 18:00:00+00:00,2,48,3,2026-01-15 06:00:00+00:00,0.01,0.022756697920461495,0.36829703959695215
2026-01-16 18:00:00+00:00,2026-01-16 19:00:00+00:00,1,1,1,2026-01-16 07:00:00+00:00,0.9683333333333334,0.9568660060564677,0.3736853865525423
2026-01-16 18:00:00+00:00,2026-01-16 20:00:00+00:00,1,2,1,2026-01-16 08:00:00+00:00,0.96,0.9719228545824686,0.3736853865525423
2026-01-16 18:00:00+00:00,2026-01-16 21:00:00+00:00,1,3,1,2026-01-16 09:00:00+00:00,0.895,0.9759986599286398,0.3736853865525423
2026-01-16 18:00:00+00:00,2026-01-16 22:00:00+00:00,1,4,1,2026-01-16 10:00:00+00:00,0.8250000000000001,0.9810577630996704,0.3736853865525423
2026-01-16 18:00:00+00:00,2026-01-16 23:00:00+00:00,1,5,1,2026-01-16 11:00:00+00:00,0.8166666666666665,0.9821673631668091,0.3736853865525423
2026-01-16 18:00:00+00:00,2026-01-17 00:00:00+00:00,1,6,1,2026-01-16 12:00:00+00:00,0.9033333333333333,0.9954661130905151,0.3736853865525423
2026-01-16 18:00:00+00:00,2026-01-17 01:00:00+00:00,1,7,1,2026-01-16 13:00:00+00:00,0.7000000000000001,0.9921563466389974,0.3736853865525423
2026-01-16 18:00:00+00:00,2026-01-17 02:00:00+00:00,1,8,1,2026-01-16 14:00:00+00:00,0.62,0.9890417456626892,0.3736853865525423
2026-01-16 18:00:00+00:00,2026-01-17 03:00:00+00:00,1,9,1,2026-01-16 15:00:00+00:00,0.4083333333333334,0.9651677211125692,0.3736853865525423
2026-01-16 18:00:00+00:00,2026-01-17 04:00:00+00:00,1,10,1,2026-01-16 16:00:00+00:00,0.4183333333333333,0.9106443921724955,0.3736853865525423
2026-01-16 18:00:00+00:00,2026-01-17 05:00:00+00:00,1,11,1,2026-01-16 17:00:00+00:00,0.2833333333333333,0.6640138824780782,0.3736853865525423
2026-01-16 18:00:00+00:00,2026-01-17 06:00:00+00:00,1,12,1,2026-01-16 18:00:00+00:00,0.13166666666666668,0.6015084385871887,0.3736853865525423
2026-01-16 18:00:00+00:00,2026-01-17 07:00:00+00:00,1,13,2,2026-01-15 19:00:00+00:00,0.051666666666666666,0.10278895497322083,0.3736853865525423
2026-01-16 18:00:00+00:00,2026-01-17 08:00:00+00:00,1,14,2,2026-01-15 20:00:00+00:00,0.06333333333333334,0.052871051554878555,0.3736853865525423
2026-01-16 18:00:00+00:00,2026-01-17 09:00:00+00:00,1,15,2,2026-01-15 21:00:00+00:00,0.08833333333333333,0.0525104304154714,0.3736853865525423
2026-01-16 18:00:00+00:00,2026-01-17 10:00:00+00:00,1,16,2,2026-01-15 22:00:00+00:00,0.05333333333333334,0.053361126532157264,0.3736853865525423
2026-01-16 18:00:00+00:00,2026-01-17 11:00:00+00:00,1,17,2,2026-01-15 23:00:00+00:00,0.03333333333333333,0.05449087917804718,0.3736853865525423
2026-01-16 18:00:00+00:00,2026-01-17 12:00:00+00:00,1,18,2,2026-01-16 00:00:00+00:00,0.01,0.0529950683315595,0.3736853865525423
2026-01-16 18:00:00+00:00,2026-01-17 13:00:00+00:00,1,19,2,2026-01-16 01:00:00+00:00,0.01,0.046956206361452736,0.3736853865525423
2026-01-16 18:00:00+00:00,2026-01-17 14:00:00+00:00,1,20,2,2026-01-16 02:00:00+00:00,0.028333333333333332,0.04590055594841639,0.3736853865525423
2026-01-16 18:00:00+00:00,2026-01-17 15:00:00+00:00,1,21,2,2026-01-16 03:00:00+00:00,0.013333333333333334,0.03871318822105726,0.3736853865525423
2026-01-16 18:00:00+00:00,2026-01-17 16:00:00+00:00,1,22,2,2026-01-16 04:00:00+00:00,0.01,0.022663247150679428,0.3736853865525423
2026-01-16 18:00:00+00:00,2026-01-17 17:00:00+00:00,1,23,2,2026-01-16 05:00:00+00:00,0.01,0.014448382891714573,0.3736853865525423
2026-01-16 18:00:00+00:00,2026-01-17 18:00:00+00:00,1,24,2,2026-01-16 06:00:00+00:00,0.01,0.015202182655533155,0.3736853865525423
2026-01-16 18:00:00+00:00,2026-01-17 19:00:00+00:00,1,25,2,2026-01-16 07:00:00+00:00,0.01,0.014825430077811083,0.3736853865525423
2026-01-16 18:00:00+00:00,2026-01-17 20:00:00+00:00,1,26,2,2026-01-16 08:00:00+00:00,0.01,0.026339676852027576,0.3736853865525423
2026-01-16 18:00:00+00:00,2026-01-17 21:00:00+00:00,1,27,2,2026-01-16 09:00:00+00:00,0.01,0.004718811716884375,0.3736853865525423
2026-01-16 18:00:00+00:00,2026-01-17 22:00:00+00:00,1,28,2,2026-01-16 10:00:00+00:00,0.01,0.005949244756872456,0.3736853865525423
2026-01-16 18:00:00+00:00,2026-01-17 23:00:00+00:00,1,29,2,2026-01-16 11:00:00+00:00,0.01,0.009732468208918968,0.3736853865525423
2026-01-16 18:00:00+00:00,2026-01-18 00:00:00+00:00,1,30,2,2026-01-16 12:00:00+00:00,0.01,0.010624904340753952,0.3736853865525423
2026-01-16 18:00:00+00:00,2026-01-18 01:00:00+00:00,1,31,2,2026-01-16 13:00:00+00:00,0.013333333333333334,0.0102882895929118,0.3736853865525423
2026-01-16 18:00:00+00:00,2026-01-18 02:00:00+00:00,1,32,2,2026-01-16 14:00:00+00:00,0.01,0.009222342632710934,0.3736853865525423
2026-01-16 18:00:00+00:00,2026-01-18 03:00:00+00:00,1,33,2,2026-01-16 15:00:00+00:00,0.011666666666666667,0.009561650454998016,0.3736853865525423
2026-01-16 18:00:00+00:00,2026-01-18 04:00:00+00:00,1,34,2,2026-01-16 16:00:00+00:00,0.09666666666666668,0.015157470169166723,0.3736853865525423
2026-01-16 18:00:00+00:00,2026-01-18 05:00:00+00:00,1,35,2,2026-01-16 17:00:00+00:00,0.051666666666666666,0.02691713844736417,0.3736853865525423
2026-01-16 18:00:00+00:00,2026-01-18 06:00:00+00:00,1,36,2,2026-01-16 18:00:00+00:00,0.15333333333333335,0.07242560883363088,0.3736853865525423
2026-01-16 18:00:00+00:00,2026-01-18 07:00:00+00:00,1,37,3,2026-01-15 19:00:00+00:00,0.2333333333333333,0.024189468162755173,0.3736853865525423
2026-01-16 18:00:00+00:00,2026-01-18 08:00:00+00:00,1,38,3,2026-01-15 20:00:00+00:00,0.3516666666666666,0.0297085785617431,0.3736853865525423
2026-01-16 18:00:00+00:00,2026-01-18 09:00:00+00:00,1,39,3,2026-01-15 21:00:00+00:00,0.375,0.038656183828910194,0.3736853865525423
2026-01-16 18:00:00+00:00,2026-01-18 10:00:00+00:00,1,40,3,2026-01-15 22:00:00+00:00,0.23166666666666666,0.04655374586582184,0.3736853865525423
2026-01-16 18:00:00+00:00,2026-01-18 11:00:00+00:00,1,41,3,2026-01-15 23:00:00+00:00,0.16833333333333333,0.05412036428848902,0.3736853865525423
2026-01-16 18:00:00+00:00,2026-01-18 12:00:00+00:00,1,42,3,2026-01-16 00:00:00+00:00,0.12,0.21185425420602164,0.3736853865525423
2026-01-16 18:00:00+00:00,2026-01-18 13:00:00+00:00,1,43,3,2026-01-16 01:00:00+00:00,0.19166666666666665,0.2505558530489604,0.3736853865525423
2026-01-16 18:00:00+00:00,2026-01-18 14:00:00+00:00,1,44,3,2026-01-16 02:00:00+00:00,0.20333333333333334,0.27089181045691174,0.3736853865525423
2026-01-16 18:00:00+00:00,2026-01-18 15:00:00+00:00,1,45,3,2026-01-16 03:00:00+00:00,0.2916666666666667,0.41121453046798706,0.3736853865525423
2026-01-16 18:00:00+00:00,2026-01-18 16:00:00+00:00,1,46,3,2026-01-16 04:00:00+00:00,0.3066666666666667,0.4227987925211589,0.3736853865525423
2026-01-16 18:00:00+00:00,2026-01-18 17:00:00+00:00,1,47,3,2026-01-16 05:00:00+00:00,0.31666666666666665,0.3573126792907715,0.3736853865525423
2026-01-16 18:00:00+00:00,2026-01-18 18:00:00+00:00,1,48,3,2026-01-16 06:00:00+00:00,0.225,0.39407490690549213,0.3736853865525423
2026-01-16 18:00:00+00:00,2026-01-16 19:00:00+00:00,2,1,1,2026-01-16 07:00:00+00:00,0.9199999999999999,0.9530261754989624,0.36829703959695215
2026-01-16 18:00:00+00:00,2026-01-16 20:00:00+00:00,2,2,1,2026-01-16 08:00:00+00:00,0.9683333333333333,0.9690311749776205,0.36829703959695215
2026-01-16 18:00:00+00:00,2026-01-16 21:00:00+00:00,2,3,1,2026-01-16 09:00:00+00:00,0.8966666666666666,0.9739755392074585,0.36829703959695215
2026-01-16 18:00:00+00:00,2026-01-16 22:00:00+00:00,2,4,1,2026-01-16 10:00:00+00:00,0.7949999999999999,0.9802120526631674,0.36829703959695215
2026-01-16 18:00:00+00:00,2026-01-16 23:00:00+00:00,2,5,1,2026-01-16 11:00:00+00:00,0.7400000000000001,0.9814358750979105,0.36829703959695215
2026-01-16 18:00:00+00:00,2026-01-17 00:00:00+00:00,2,6,1,2026-01-16 12:00:00+00:00,0.9349999999999999,0.9952185352643331,0.36829703959695215
2026-01-16 18:00:00+00:00,2026-01-17 01:00:00+00:00,2,7,1,2026-01-16 13:00:00+00:00,0.7983333333333333,0.9915499687194824,0.36829703959695215
2026-01-16 18:00:00+00:00,2026-01-17 02:00:00+00:00,2,8,1,2026-01-16 14:00:00+00:00,0.535,0.9883392651875814,0.36829703959695215
2026-01-16 18:00:00+00:00,2026-01-17 03:00:00+00:00,2,9,1,2026-01-16 15:00:00+00:00,0.38833333333333336,0.9612254103024801,0.36829703959695215
2026-01-16 18:00:00+00:00,2026-01-17 04:00:00+00:00,2,10,1,2026-01-16 16:00:00+00:00,0.36333333333333334,0.9051072001457214,0.36829703959695215
2026-01-16 18:00:00+00:00,2026-01-17 05:00:00+00:00,2,11,1,2026-01-16 17:00:00+00:00,0.225,0.6463799575964609,0.36829703959695215
2026-01-16 18:00:00+00:00,2026-01-17 06:00:00+00:00,2,12,1,2026-01-16 18:00:00+00:00,0.11833333333333333,0.548387477795283,0.36829703959695215
2026-01-16 18:00:00+00:00,2026-01-17 07:00:00+00:00,2,13,2,2026-01-15 19:00:00+00:00,0.018333333333333333,0.09103177736202876,0.36829703959695215
2026-01-16 18:00:00+00:00,2026-01-17 08:00:00+00:00,2,14,2,2026-01-15 20:00:00+00:00,0.05333333333333334,0.05070559307932854,0.36829703959695215
2026-01-16 18:00:00+00:00,2026-01-17 09:00:00+00:00,2,15,2,2026-01-15 21:00:00+00:00,0.08666666666666667,0.04992181807756424,0.36829703959695215
2026-01-16 18:00:00+00:00,2026-01-17 10:00:00+00:00,2,16,2,2026-01-15 22:00:00+00:00,0.05333333333333334,0.05122127632300059,0.36829703959695215
2026-01-16 18:00:00+00:00,2026-01-17 11:00:00+00:00,2,17,2,2026-01-15 23:00:00+00:00,0.04,0.05212173983454704,0.36829703959695215
2026-01-16 18:00:00+00:00,2026-01-17 12:00:00+00:00,2,18,2,2026-01-16 00:00:00+00:00,0.01,0.047140522549549736,0.36829703959695215
2026-01-16 18:00:00+00:00,2026-01-17 13:00:00+00:00,2,19,2,2026-01-16 01:00:00+00:00,0.013333333333333334,0.04121469582120577,0.36829703959695215
2026-01-16 18:00:00+00:00,2026-01-17 14:00:00+00:00,2,20,2,2026-01-16 02:00:00+00:00,0.03,0.040454683204491935,0.36829703959695215
2026-01-16 18:00:00+00:00,2026-01-17 15:00:00+00:00,2,21,2,2026-01-16 03:00:00+00:00,0.011666666666666667,0.033677746852238975,0.36829703959695215
2026-01-16 18:00:00+00:00,2026-01-17 16:00:00+00:00,2,22,2,2026-01-16 04:00:00+00:00,0.01,0.019129442982375622,0.36829703959695215
2026-01-16 18:00:00+00:00,2026-01-17 17:00:00+00:00,2,23,2,2026-01-16 05:00:00+00:00,0.01,0.012633538494507471,0.36829703959695215
2026-01-16 18:00:00+00:00,2026-01-17 18:00:00+00:00,2,24,2,2026-01-16 06:00:00+00:00,0.01,0.01314045007651051,0.36829703959695215
2026-01-16 18:00:00+00:00,2026-01-17 19:00:00+00:00,2,25,2,2026-01-16 07:00:00+00:00,0.01,0.01296721724793315,0.36829703959695215
2026-01-16 18:00:00+00:00,2026-01-17 20:00:00+00:00,2,26,2,2026-01-16 08:00:00+00:00,0.01,0.021138220715026062,0.36829703959695215
2026-01-16 18:00:00+00:00,2026-01-17 21:00:00+00:00,2,27,2,2026-01-16 09:00:00+00:00,0.01,0.004496277581589918,0.36829703959695215
2026-01-16 18:00:00+00:00,2026-01-17 22:00:00+00:00,2,28,2,2026-01-16 10:00:00+00:00,0.01,0.005414405061552922,0.36829703959695215
2026-01-16 18:00:00+00:00,2026-01-17 23:00:00+00:00,2,29,2,2026-01-16 11:00:00+00:00,0.01,0.008429738692939281,0.36829703959695215
2026-01-16 18:00:00+00:00,2026-01-18 00:00:00+00:00,2,30,2,2026-01-16 12:00:00+00:00,0.01,0.009473355486989021,0.36829703959695215
2026-01-16 18:00:00+00:00,2026-01-18 01:00:00+00:00,2,31,2,2026-01-16 13:00:00+00:00,0.01,0.009559191297739744,0.36829703959695215
2026-01-16 18:00:00+00:00,2026-01-18 02:00:00+00:00,2,32,2,2026-01-16 14:00:00+00:00,0.016666666666666666,0.008394139197965464,0.36829703959695215
2026-01-16 18:00:00+00:00,2026-01-18 03:00:00+00:00,2,33,2,2026-01-16 15:00:00+00:00,0.011666666666666667,0.008555129558468858,0.36829703959695215
2026-01-16 18:00:00+00:00,2026-01-18 04:00:00+00:00,2,34,2,2026-01-16 16:00:00+00:00,0.085,0.01411156232158343,0.36829703959695215
2026-01-16 18:00:00+00:00,2026-01-18 05:00:00+00:00,2,35,2,2026-01-16 17:00:00+00:00,0.04666666666666667,0.024452778821190197,0.36829703959695215
2026-01-16 18:00:00+00:00,2026-01-18 06:00:00+00:00,2,36,2,2026-01-16 18:00:00+00:00,0.14333333333333334,0.06736419722437859,0.36829703959695215
2026-01-16 18:00:00+00:00,2026-01-18 07:00:00+00:00,2,37,3,2026-01-15 19:00:00+00:00,0.2383333333333333,0.02230321429669857,0.36829703959695215
2026-01-16 18:00:00+00:00,2026-01-18 08:00:00+00:00,2,38,3,2026-01-15 20:00:00+00:00,0.38999999999999996,0.02763563518722852,0.36829703959695215
2026-01-16 18:00:00+00:00,2026-01-18 09:00:00+00:00,2,39,3,2026-01-15 21:00:00+00:00,0.4383333333333333,0.03396427693466345,0.36829703959695215
2026-01-16 18:00:00+00:00,2026-01-18 10:00:00+00:00,2,40,3,2026-01-15 22:00:00+00:00,0.25666666666666665,0.04054332462449869,0.36829703959695215
2026-01-16 18:00:00+00:00,2026-01-18 11:00:00+00:00,2,41,3,2026-01-15 23:00:00+00:00,0.19499999999999998,0.04541463404893875,0.36829703959695215
2026-01-16 18:00:00+00:00,2026-01-18 12:00:00+00:00,2,42,3,2026-01-16 00:00:00+00:00,0.12833333333333333,0.1786508411169052,0.36829703959695215
2026-01-16 18:00:00+00:00,2026-01-18 13:00:00+00:00,2,43,3,2026-01-16 01:00:00+00:00,0.18666666666666668,0.21116731564203897,0.36829703959695215
2026-01-16 18:00:00+00:00,2026-01-18 14:00:00+00:00,2,44,3,2026-01-16 02:00:00+00:00,0.18166666666666667,0.22777473429838815,0.36829703959695215
2026-01-16 18:00:00+00:00,2026-01-18 15:00:00+00:00,2,45,3,2026-01-16 03:00:00+00:00,0.24166666666666667,0.364382137854894,0.36829703959695215
2026-01-16 18:00:00+00:00,2026-01-18 16:00:00+00:00,2,46,3,2026-01-16 04:00:00+00:00,0.25333333333333335,0.37931203842163086,0.36829703959695215
2026-01-16 18:00:00+00:00,2026-01-18 17:00:00+00:00,2,47,3,2026-01-16 05:00:00+00:00,0.2916666666666667,0.30751051505406696,0.36829703959695215
2026-01-16 18:00:00+00:00,2026-01-18 18:00:00+00:00,2,48,3,2026-01-16 06:00:00+00:00,0.2333333333333333,0.34364354610443115,0.36829703959695215
2026-01-17 18:00:00+00:00,2026-01-17 19:00:00+00:00,1,1,1,2026-01-17 07:00:00+00:00,0.01,0.005027986752490203,0.3736853865525423
2026-01-17 18:00:00+00:00,2026-01-17 20:00:00+00:00,1,2,1,2026-01-17 08:00:00+00:00,0.01,0.004225082811899483,0.3736853865525423
2026-01-17 18:00:00+00:00,2026-01-17 21:00:00+00:00,1,3,1,2026-01-17 09:00:00+00:00,0.01,0.0061299284764875965,0.3736853865525423
2026-01-17 18:00:00+00:00,2026-01-17 22:00:00+00:00,1,4,1,2026-01-17 10:00:00+00:00,0.01,0.009554602671414614,0.3736853865525423
2026-01-17 18:00:00+00:00,2026-01-17 23:00:00+00:00,1,5,1,2026-01-17 11:00:00+00:00,0.01,0.01150555768981576,0.3736853865525423
2026-01-17 18:00:00+00:00,2026-01-18 00:00:00+00:00,1,6,1,2026-01-17 12:00:00+00:00,0.01,0.006597230366120736,0.3736853865525423
2026-01-17 18:00:00+00:00,2026-01-18 01:00:00+00:00,1,7,1,2026-01-17 13:00:00+00:00,0.013333333333333334,0.00818373542279005,0.3736853865525423
2026-01-17 18:00:00+00:00,2026-01-18 02:00:00+00:00,1,8,1,2026-01-17 14:00:00+00:00,0.01,0.01188644968594114,0.3736853865525423
2026-01-17 18:00:00+00:00,2026-01-18 03:00:00+00:00,1,9,1,2026-01-17 15:00:00+00:00,0.011666666666666667,0.015135327354073524,0.3736853865525423
2026-01-17 18:00:00+00:00,2026-01-18 04:00:00+00:00,1,10,1,2026-01-17 16:00:00+00:00,0.09666666666666668,0.022967288891474407,0.3736853865525423
2026-01-17 18:00:00+00:00,2026-01-18 05:00:00+00:00,1,11,1,2026-01-17 17:00:00+00:00,0.051666666666666666,0.03398956544697285,0.3736853865525423
2026-01-17 18:00:00+00:00,2026-01-18 06:00:00+00:00,1,12,1,2026-01-17 18:00:00+00:00,0.15333333333333335,0.024066328381498654,0.3736853865525423
2026-01-17 18:00:00+00:00,2026-01-18 07:00:00+00:00,1,13,2,2026-01-16 19:00:00+00:00,0.2333333333333333,0.11747199296951294,0.3736853865525423
2026-01-17 18:00:00+00:00,2026-01-18 08:00:00+00:00,1,14,2,2026-01-16 20:00:00+00:00,0.3516666666666666,0.13783816248178482,0.3736853865525423
2026-01-17 18:00:00+00:00,2026-01-18 09:00:00+00:00,1,15,2,2026-01-16 21:00:00+00:00,0.375,0.17847131689389548,0.3736853865525423
2026-01-17 18:00:00+00:00,2026-01-18 10:00:00+00:00,1,16,2,2026-01-16 22:00:00+00:00,0.23166666666666666,0.2217362920443217,0.3736853865525423
2026-01-17 18:00:00+00:00,2026-01-18 11:00:00+00:00,1,17,2,2026-01-16 23:00:00+00:00,0.16833333333333333,0.2925459196170171,0.3736853865525423
2026-01-17 18:00:00+00:00,2026-01-18 12:00:00+00:00,1,18,2,2026-01-17 00:00:00+00:00,0.12,0.2815830210844676,0.3736853865525423
2026-01-17 18:00:00+00:00,2026-01-18 13:00:00+00:00,1,19,2,2026-01-17 01:00:00+00:00,0.19166666666666665,0.29272253811359406,0.3736853865525423
2026-01-17 18:00:00+00:00,2026-01-18 14:00:00+00:00,1,20,2,2026-01-17 02:00:00+00:00,0.20333333333333334,0.2846462627251943,0.3736853865525423
2026-01-17 18:00:00+00:00,2026-01-18 15:00:00+00:00,1,21,2,2026-01-17 03:00:00+00:00,0.2916666666666667,0.28780358533064526,0.3736853865525423
2026-01-17 18:00:00+00:00,2026-01-18 16:00:00+00:00,1,22,2,2026-01-17 04:00:00+00:00,0.3066666666666667,0.3323685924212138,0.3736853865525423
2026-01-17 18:00:00+00:00,2026-01-18 17:00:00+00:00,1,23,2,2026-01-17 05:00:00+00:00,0.31666666666666665,0.29456262787183124,0.3736853865525423
2026-01-17 18:00:00+00:00,2026-01-18 18:00:00+00:00,1,24,2,2026-01-17 06:00:00+00:00,0.225,0.2569932887951533,0.3736853865525423
2026-01-17 18:00:00+00:00,2026-01-18 19:00:00+00:00,1,25,2,2026-01-17 07:00:00+00:00,0.3566666666666667,0.3616788188616435,0.3736853865525423
2026-01-17 18:00:00+00:00,2026-01-18 20:00:00+00:00,1,26,2,2026-01-17 08:00:00+00:00,0.6150000000000001,0.5142549574375153,0.3736853865525423
2026-01-17 18:00:00+00:00,2026-01-18 21:00:00+00:00,1,27,2,2026-01-17 09:00:00+00:00,0.535,0.6541569828987122,0.3736853865525423
2026-01-17 18:00:00+00:00,2026-01-18 22:00:00+00:00,1,28,2,2026-01-17 10:00:00+00:00,0.39166666666666666,0.7215670943260193,0.3736853865525423
2026-01-17 18:00:00+00:00,2026-01-18 23:00:00+00:00,1,29,2,2026-01-17 11:00:00+00:00,0.3383333333333333,0.7478319009145101,0.3736853865525423
2026-01-17 18:00:00+00:00,2026-01-19 00:00:00+00:00,1,30,2,2026-01-17 12:00:00+00:00,0.47,0.7212346990903219,0.3736853865525423
2026-01-17 18:00:00+00:00,2026-01-19 01:00:00+00:00,1,31,2,2026-01-17 13:00:00+00:00,0.34833333333333333,0.7163868943850199,0.3736853865525423
2026-01-17 18:00:00+00:00,2026-01-19 02:00:00+00:00,1,32,2,2026-01-17 14:00:00+00:00,0.135,0.7170694470405579,0.3736853865525423
2026-01-17 18:00:00+00:00,2026-01-19 03:00:00+00:00,1,33,2,2026-01-17 15:00:00+00:00,0.26666666666666666,0.7129615346590678,0.3736853865525423
2026-01-17 18:00:00+00:00,2026-01-19 04:00:00+00:00,1,34,2,2026-01-17 16:00:00+00:00,0.315,0.7057426571846008,0.3736853865525423
2026-01-17 18:00:00+00:00,2026-01-19 05:00:00+00:00,1,35,2,2026-01-17 17:00:00+00:00,0.33166666666666667,0.7686019341150919,0.3736853865525423
2026-01-17 18:00:00+00:00,2026-01-19 06:00:00+00:00,1,36,2,2026-01-17 18:00:00+00:00,0.2866666666666667,0.5769526362419128,0.3736853865525423
2026-01-17 18:00:00+00:00,2026-01-19 07:00:00+00:00,1,37,3,2026-01-16 19:00:00+00:00,0.36999999999999994,0.8361736734708151,0.3736853865525423
2026-01-17 18:00:00+00:00,2026-01-19 08:00:00+00:00,1,38,3,2026-01-16 20:00:00+00:00,0.3566666666666667,0.7794420520464579,0.3736853865525423
2026-01-17 18:00:00+00:00,2026-01-19 09:00:00+00:00,1,39,3,2026-01-16 21:00:00+00:00,0.3133333333333333,0.6943288048108419,0.3736853865525423
2026-01-17 18:00:00+00:00,2026-01-19 10:00:00+00:00,1,40,3,2026-01-16 22:00:00+00:00,0.28833333333333333,0.5927126804987589,0.3736853865525423
2026-01-17 18:00:00+00:00,2026-01-19 11:00:00+00:00,1,41,3,2026-01-16 23:00:00+00:00,0.2633333333333333,0.44733044505119324,0.3736853865525423
2026-01-17 18:00:00+00:00,2026-01-19 12:00:00+00:00,1,42,3,2026-01-17 00:00:00+00:00,0.22833333333333336,0.36407246192296344,0.3736853865525423
2026-01-17 18:00:00+00:00,2026-01-19 13:00:00+00:00,1,43,3,2026-01-17 01:00:00+00:00,0.4216666666666667,0.277247021595637,0.3736853865525423
2026-01-17 18:00:00+00:00,2026-01-19 14:00:00+00:00,1,44,3,2026-01-17 02:00:00+00:00,0.36166666666666664,0.16608271251122156,0.3736853865525423
2026-01-17 18:00:00+00:00,2026-01-19 15:00:00+00:00,1,45,3,2026-01-17 03:00:00+00:00,0.32666666666666666,0.13639667381842932,0.3736853865525423
2026-01-17 18:00:00+00:00,2026-01-19 16:00:00+00:00,1,46,3,2026-01-17 04:00:00+00:00,0.03333333333333333,0.09218131999174754,0.3736853865525423
2026-01-17 18:00:00+00:00,2026-01-19 17:00:00+00:00,1,47,3,2026-01-17 05:00:00+00:00,0.07,0.06565974404414494,0.3736853865525423
2026-01-17 18:00:00+00:00,2026-01-19 18:00:00+00:00,1,48,3,2026-01-17 06:00:00+00:00,0.015,0.036567567537228264,0.3736853865525423
2026-01-17 18:00:00+00:00,2026-01-17 19:00:00+00:00,2,1,1,2026-01-17 07:00:00+00:00,0.01,0.004470545332878828,0.36829703959695215
2026-01-17 18:00:00+00:00,2026-01-17 20:00:00+00:00,2,2,1,2026-01-17 08:00:00+00:00,0.01,0.0038969379384070635,0.36829703959695215
2026-01-17 18:00:00+00:00,2026-01-17 21:00:00+00:00,2,3,1,2026-01-17 09:00:00+00:00,0.01,0.0053043771379937725,0.36829703959695215
2026-01-17 18:00:00+00:00,2026-01-17 22:00:00+00:00,2,4,1,2026-01-17 10:00:00+00:00,0.01,0.008150231869270405,0.36829703959695215
2026-01-17 18:00:00+00:00,2026-01-17 23:00:00+00:00,2,5,1,2026-01-17 11:00:00+00:00,0.01,0.009890495023379723,0.36829703959695215
2026-01-17 18:00:00+00:00,2026-01-18 00:00:00+00:00,2,6,1,2026-01-17 12:00:00+00:00,0.01,0.005800875912730892,0.36829703959695215
2026-01-17 18:00:00+00:00,2026-01-18 01:00:00+00:00,2,7,1,2026-01-17 13:00:00+00:00,0.01,0.007182553022479017,0.36829703959695215
2026-01-17 18:00:00+00:00,2026-01-18 02:00:00+00:00,2,8,1,2026-01-17 14:00:00+00:00,0.016666666666666666,0.010711797823508581,0.36829703959695215
2026-01-17 18:00:00+00:00,2026-01-18 03:00:00+00:00,2,9,1,2026-01-17 15:00:00+00:00,0.011666666666666667,0.013644076883792877,0.36829703959695215
2026-01-17 18:00:00+00:00,2026-01-18 04:00:00+00:00,2,10,1,2026-01-17 16:00:00+00:00,0.085,0.02074410704274972,0.36829703959695215
2026-01-17 18:00:00+00:00,2026-01-18 05:00:00+00:00,2,11,1,2026-01-17 17:00:00+00:00,0.04666666666666667,0.0310589832564195,0.36829703959695215
2026-01-17 18:00:00+00:00,2026-01-18 06:00:00+00:00,2,12,1,2026-01-17 18:00:00+00:00,0.14333333333333334,0.022606269146005314,0.36829703959695215
2026-01-17 18:00:00+00:00,2026-01-18 07:00:00+00:00,2,13,2,2026-01-16 19:00:00+00:00,0.2383333333333333,0.11058783034483592,0.36829703959695215
2026-01-17 18:00:00+00:00,2026-01-18 08:00:00+00:00,2,14,2,2026-01-16 20:00:00+00:00,0.38999999999999996,0.13354899237553278,0.36829703959695215
2026-01-17 18:00:00+00:00,2026-01-18 09:00:00+00:00,2,15,2,2026-01-16 21:00:00+00:00,0.4383333333333333,0.16707277297973633,0.36829703959695215
2026-01-17 18:00:00+00:00,2026-01-18 10:00:00+00:00,2,16,2,2026-01-16 22:00:00+00:00,0.25666666666666665,0.20807434618473053,0.36829703959695215
2026-01-17 18:00:00+00:00,2026-01-18 11:00:00+00:00,2,17,2,2026-01-16 23:00:00+00:00,0.19499999999999998,0.2679857015609741,0.36829703959695215
2026-01-17 18:00:00+00:00,2026-01-18 12:00:00+00:00,2,18,2,2026-01-17 00:00:00+00:00,0.12833333333333333,0.24802632629871368,0.36829703959695215
2026-01-17 18:00:00+00:00,2026-01-18 13:00:00+00:00,2,19,2,2026-01-17 01:00:00+00:00,0.18666666666666668,0.24294468760490417,0.36829703959695215
2026-01-17 18:00:00+00:00,2026-01-18 14:00:00+00:00,2,20,2,2026-01-17 02:00:00+00:00,0.18166666666666667,0.2339497208595276,0.36829703959695215
2026-01-17 18:00:00+00:00,2026-01-18 15:00:00+00:00,2,21,2,2026-01-17 03:00:00+00:00,0.24166666666666667,0.23000840842723846,0.36829703959695215
2026-01-17 18:00:00+00:00,2026-01-18 16:00:00+00:00,2,22,2,2026-01-17 04:00:00+00:00,0.25333333333333335,0.270211140314738,0.36829703959695215
2026-01-17 18:00:00+00:00,2026-01-18 17:00:00+00:00,2,23,2,2026-01-17 05:00:00+00:00,0.2916666666666667,0.24592795968055725,0.36829703959695215
2026-01-17 18:00:00+00:00,2026-01-18 18:00:00+00:00,2,24,2,2026-01-17 06:00:00+00:00,0.2333333333333333,0.21210792164007822,0.36829703959695215
2026-01-17 18:00:00+00:00,2026-01-18 19:00:00+00:00,2,25,2,2026-01-17 07:00:00+00:00,0.35000000000000003,0.3099052906036377,0.36829703959695215
2026-01-17 18:00:00+00:00,2026-01-18 20:00:00+00:00,2,26,2,2026-01-17 08:00:00+00:00,0.505,0.4659760495026906,0.36829703959695215
2026-01-17 18:00:00+00:00,2026-01-18 21:00:00+00:00,2,27,2,2026-01-17 09:00:00+00:00,0.5033333333333333,0.6169112324714661,0.36829703959695215
2026-01-17 18:00:00+00:00,2026-01-18 22:00:00+00:00,2,28,2,2026-01-17 10:00:00+00:00,0.36999999999999994,0.6966705719629923,0.36829703959695215
2026-01-17 18:00:00+00:00,2026-01-18 23:00:00+00:00,2,29,2,2026-01-17 11:00:00+00:00,0.345,0.7264017860094706,0.36829703959695215
2026-01-17 18:00:00+00:00,2026-01-19 00:00:00+00:00,2,30,2,2026-01-17 12:00:00+00:00,0.5033333333333333,0.6908369859059652,0.36829703959695215
2026-01-17 18:00:00+00:00,2026-01-19 01:00:00+00:00,2,31,2,2026-01-17 13:00:00+00:00,0.33666666666666667,0.683077851931254,0.36829703959695215
2026-01-17 18:00:00+00:00,2026-01-19 02:00:00+00:00,2,32,2,2026-01-17 14:00:00+00:00,0.13666666666666666,0.669546902179718,0.36829703959695215
2026-01-17 18:00:00+00:00,2026-01-19 03:00:00+00:00,2,33,2,2026-01-17 15:00:00+00:00,0.21333333333333335,0.6547274192174276,0.36829703959695215
2026-01-17 18:00:00+00:00,2026-01-19 04:00:00+00:00,2,34,2,2026-01-17 16:00:00+00:00,0.3116666666666667,0.6536426941553751,0.36829703959695215
2026-01-17 18:00:00+00:00,2026-01-19 05:00:00+00:00,2,35,2,2026-01-17 17:00:00+00:00,0.22666666666666668,0.7283879915873209,0.36829703959695215
2026-01-17 18:00:00+00:00,2026-01-19 06:00:00+00:00,2,36,2,2026-01-17 18:00:00+00:00,0.3016666666666667,0.5562094449996948,0.36829703959695215
2026-01-17 18:00:00+00:00,2026-01-19 07:00:00+00:00,2,37,3,2026-01-16 19:00:00+00:00,0.3333333333333333,0.8337854146957397,0.36829703959695215
2026-01-17 18:00:00+00:00,2026-01-19 08:00:00+00:00,2,38,3,2026-01-16 20:00:00+00:00,0.2916666666666667,0.784218450387319,0.36829703959695215
2026-01-17 18:00:00+00:00,2026-01-19 09:00:00+00:00,2,39,3,2026-01-16 21:00:00+00:00,0.305,0.6966420412063599,0.36829703959695215
2026-01-17 18:00:00+00:00,2026-01-19 10:00:00+00:00,2,40,3,2026-01-16 22:00:00+00:00,0.27999999999999997,0.5882431666056315,0.36829703959695215
2026-01-17 18:00:00+00:00,2026-01-19 11:00:00+00:00,2,41,3,2026-01-16 23:00:00+00:00,0.16833333333333333,0.45548998316129047,0.36829703959695215
2026-01-17 18:00:00+00:00,2026-01-19 12:00:00+00:00,2,42,3,2026-01-17 00:00:00+00:00,0.30666666666666664,0.34502115845680237,0.36829703959695215
2026-01-17 18:00:00+00:00,2026-01-19 13:00:00+00:00,2,43,3,2026-01-17 01:00:00+00:00,0.4816666666666667,0.22551418840885162,0.36829703959695215
2026-01-17 18:00:00+00:00,2026-01-19 14:00:00+00:00,2,44,3,2026-01-17 02:00:00+00:00,0.295,0.12819407135248184,0.36829703959695215
2026-01-17 18:00:00+00:00,2026-01-19 15:00:00+00:00,2,45,3,2026-01-17 03:00:00+00:00,0.24833333333333332,0.1070609837770462,0.36829703959695215
2026-01-17 18:00:00+00:00,2026-01-19 16:00:00+00:00,2,46,3,2026-01-17 04:00:00+00:00,0.018333333333333333,0.07433680693308513,0.36829703959695215
2026-01-17 18:00:00+00:00,2026-01-19 17:00:00+00:00,2,47,3,2026-01-17 05:00:00+00:00,0.06,0.05449359863996506,0.36829703959695215
2026-01-17 18:00:00+00:00,2026-01-19 18:00:00+00:00,2,48,3,2026-01-17 06:00:00+00:00,0.02,0.03148833165566126,0.36829703959695215
2026-01-18 18:00:00+00:00,2026-01-18 19:00:00+00:00,1,1,1,2026-01-18 07:00:00+00:00,0.3566666666666667,0.4309606154759725,0.3736853865525423
2026-01-18 18:00:00+00:00,2026-01-18 20:00:00+00:00,1,2,1,2026-01-18 08:00:00+00:00,0.6150000000000001,0.5179723898569742,0.3736853865525423
2026-01-18 18:00:00+00:00,2026-01-18 21:00:00+00:00,1,3,1,2026-01-18 09:00:00+00:00,0.535,0.6408681670824686,0.3736853865525423
2026-01-18 18:00:00+00:00,2026-01-18 22:00:00+00:00,1,4,1,2026-01-18 10:00:00+00:00,0.39166666666666666,0.7241542736689249,0.3736853865525423
2026-01-18 18:00:00+00:00,2026-01-18 23:00:00+00:00,1,5,1,2026-01-18 11:00:00+00:00,0.3383333333333333,0.7812821865081787,0.3736853865525423
2026-01-18 18:00:00+00:00,2026-01-19 00:00:00+00:00,1,6,1,2026-01-18 12:00:00+00:00,0.47,0.7119399507840475,0.3736853865525423
2026-01-18 18:00:00+00:00,2026-01-19 01:00:00+00:00,1,7,1,2026-01-18 13:00:00+00:00,0.34833333333333333,0.6922969222068787,0.3736853865525423
2026-01-18 18:00:00+00:00,2026-01-19 02:00:00+00:00,1,8,1,2026-01-18 14:00:00+00:00,0.135,0.6582367420196533,0.3736853865525423
2026-01-18 18:00:00+00:00,2026-01-19 03:00:00+00:00,1,9,1,2026-01-18 15:00:00+00:00,0.26666666666666666,0.6401186386744181,0.3736853865525423
2026-01-18 18:00:00+00:00,2026-01-19 04:00:00+00:00,1,10,1,2026-01-18 16:00:00+00:00,0.315,0.5912549495697021,0.3736853865525423
2026-01-18 18:00:00+00:00,2026-01-19 05:00:00+00:00,1,11,1,2026-01-18 17:00:00+00:00,0.33166666666666667,0.5741637945175171,0.3736853865525423
2026-01-18 18:00:00+00:00,2026-01-19 06:00:00+00:00,1,12,1,2026-01-18 18:00:00+00:00,0.2866666666666667,0.6071244478225708,0.3736853865525423
2026-01-18 18:00:00+00:00,2026-01-19 07:00:00+00:00,1,13,2,2026-01-17 19:00:00+00:00,0.36999999999999994,0.5996657013893127,0.3736853865525423
2026-01-18 18:00:00+00:00,2026-01-19 08:00:00+00:00,1,14,2,2026-01-17 20:00:00+00:00,0.3566666666666667,0.5767736236254374,0.3736853865525423
2026-01-18 18:00:00+00:00,2026-01-19 09:00:00+00:00,1,15,2,2026-01-17 21:00:00+00:00,0.3133333333333333,0.5288760562737783,0.3736853865525423
2026-01-18 18:00:00+00:00,2026-01-19 10:00:00+00:00,1,16,2,2026-01-17 22:00:00+00:00,0.28833333333333333,0.46542078256607056,0.3736853865525423
2026-01-18 18:00:00+00:00,2026-01-19 11:00:00+00:00,1,17,2,2026-01-17 23:00:00+00:00,0.2633333333333333,0.37847655018170673,0.3736853865525423
2026-01-18 18:00:00+00:00,2026-01-19 12:00:00+00:00,1,18,2,2026-01-18 00:00:00+00:00,0.22833333333333336,0.2878585606813431,0.3736853865525423
2026-01-18 18:00:00+00:00,2026-01-19 13:00:00+00:00,1,19,2,2026-01-18 01:00:00+00:00,0.4216666666666667,0.15160682300726572,0.3736853865525423
2026-01-18 18:00:00+00:00,2026-01-19 14:00:00+00:00,1,20,2,2026-01-18 02:00:00+00:00,0.36166666666666664,0.08894819269577663,0.3736853865525423
2026-01-18 18:00:00+00:00,2026-01-19 15:00:00+00:00,1,21,2,2026-01-18 03:00:00+00:00,0.32666666666666666,0.056058076520760856,0.3736853865525423
2026-01-18 18:00:00+00:00,2026-01-19 16:00:00+00:00,1,22,2,2026-01-18 04:00:00+00:00,0.03333333333333333,0.026391805460055668,0.3736853865525423
2026-01-18 18:00:00+00:00,2026-01-19 17:00:00+00:00,1,23,2,2026-01-18 05:00:00+00:00,0.07,0.016620238932470482,0.3736853865525423
2026-01-18 18:00:00+00:00,2026-01-19 18:00:00+00:00,1,24,2,2026-01-18 06:00:00+00:00,0.015,0.01811060992379983,0.3736853865525423
2026-01-18 18:00:00+00:00,2026-01-19 19:00:00+00:00,1,25,2,2026-01-18 07:00:00+00:00,0.01,0.013181981320182482,0.3736853865525423
2026-01-18 18:00:00+00:00,2026-01-19 20:00:00+00:00,1,26,2,2026-01-18 08:00:00+00:00,0.01,0.018708528019487858,0.3736853865525423
2026-01-18 18:00:00+00:00,2026-01-19 21:00:00+00:00,1,27,2,2026-01-18 09:00:00+00:00,0.01,0.02212563281257947,0.3736853865525423
2026-01-18 18:00:00+00:00,2026-01-19 22:00:00+00:00,1,28,2,2026-01-18 10:00:00+00:00,0.01,0.02716694523890813,0.3736853865525423
2026-01-18 18:00:00+00:00,2026-01-19 23:00:00+00:00,1,29,2,2026-01-18 11:00:00+00:00,0.013333333333333334,0.025742970407009125,0.3736853865525423
2026-01-18 18:00:00+00:00,2026-01-20 00:00:00+00:00,1,30,2,2026-01-18 12:00:00+00:00,0.10833333333333334,0.03125316525499026,0.3736853865525423
2026-01-18 18:00:00+00:00,2026-01-20 01:00:00+00:00,1,31,2,2026-01-18 13:00:00+00:00,0.034999999999999996,0.02957279235124588,0.3736853865525423
2026-01-18 18:00:00+00:00,2026-01-20 02:00:00+00:00,1,32,2,2026-01-18 14:00:00+00:00,0.01,0.030829505994915962,0.3736853865525423
2026-01-18 18:00:00+00:00,2026-01-20 03:00:00+00:00,1,33,2,2026-01-18 15:00:00+00:00,0.01,0.03263853552440802,0.3736853865525423
2026-01-18 18:00:00+00:00,2026-01-20 04:00:00+00:00,1,34,2,2026-01-18 16:00:00+00:00,0.01,0.052717254807551704,0.3736853865525423
2026-01-18 18:00:00+00:00,2026-01-20 05:00:00+00:00,1,35,2,2026-01-18 17:00:00+00:00,0.018333333333333333,0.069950420409441,0.3736853865525423
2026-01-18 18:00:00+00:00,2026-01-20 06:00:00+00:00,1,36,2,2026-01-18 18:00:00+00:00,0.051666666666666666,0.041427415485183396,0.3736853865525423
2026-01-18 18:00:00+00:00,2026-01-20 07:00:00+00:00,1,37,3,2026-01-17 19:00:00+00:00,0.018333333333333333,0.3580144941806793,0.3736853865525423
2026-01-18 18:00:00+00:00,2026-01-20 08:00:00+00:00,1,38,3,2026-01-17 20:00:00+00:00,0.03,0.254671369989713,0.3736853865525423
2026-01-18 18:00:00+00:00,2026-01-20 09:00:00+00:00,1,39,3,2026-01-17 21:00:00+00:00,0.09333333333333334,0.16052706042925516,0.3736853865525423
2026-01-18 18:00:00+00:00,2026-01-20 10:00:00+00:00,1,40,3,2026-01-17 22:00:00+00:00,0.034999999999999996,0.13981657226880392,0.3736853865525423
2026-01-18 18:00:00+00:00,2026-01-20 11:00:00+00:00,1,41,3,2026-01-17 23:00:00+00:00,0.013333333333333334,0.11705648650725682,0.3736853865525423
2026-01-18 18:00:00+00:00,2026-01-20 12:00:00+00:00,1,42,3,2026-01-18 00:00:00+00:00,0.01,0.10363570352395375,0.3736853865525423
2026-01-18 18:00:00+00:00,2026-01-20 13:00:00+00:00,1,43,3,2026-01-18 01:00:00+00:00,0.01,0.0806077594558398,0.3736853865525423
2026-01-18 18:00:00+00:00,2026-01-20 14:00:00+00:00,1,44,3,2026-01-18 02:00:00+00:00,0.01,0.07118145003914833,0.3736853865525423
2026-01-18 18:00:00+00:00,2026-01-20 15:00:00+00:00,1,45,3,2026-01-18 03:00:00+00:00,0.01,0.0904572643339634,0.3736853865525423
2026-01-18 18:00:00+00:00,2026-01-20 16:00:00+00:00,1,46,3,2026-01-18 04:00:00+00:00,0.01,0.10075137267510097,0.3736853865525423
2026-01-18 18:00:00+00:00,2026-01-20 17:00:00+00:00,1,47,3,2026-01-18 05:00:00+00:00,0.041666666666666664,0.12861468642950058,0.3736853865525423
2026-01-18 18:00:00+00:00,2026-01-20 18:00:00+00:00,1,48,3,2026-01-18 06:00:00+00:00,0.18333333333333335,0.0767396738131841,0.3736853865525423
2026-01-18 18:00:00+00:00,2026-01-18 19:00:00+00:00,2,1,1,2026-01-18 07:00:00+00:00,0.35000000000000003,0.37072186668713886,0.36829703959695215
2026-01-18 18:00:00+00:00,2026-01-18 20:00:00+00:00,2,2,1,2026-01-18 08:00:00+00:00,0.505,0.45252933104832965,0.36829703959695215
2026-01-18 18:00:00+00:00,2026-01-18 21:00:00+00:00,2,3,1,2026-01-18 09:00:00+00:00,0.5033333333333333,0.5910312334696451,0.36829703959695215
2026-01-18 18:00:00+00:00,2026-01-18 22:00:00+00:00,2,4,1,2026-01-18 10:00:00+00:00,0.36999999999999994,0.6867549022038778,0.36829703959695215
2026-01-18 18:00:00+00:00,2026-01-18 23:00:00+00:00,2,5,1,2026-01-18 11:00:00+00:00,0.345,0.7497578859329224,0.36829703959695215
2026-01-18 18:00:00+00:00,2026-01-19 00:00:00+00:00,2,6,1,2026-01-18 12:00:00+00:00,0.5033333333333333,0.6760507623354594,0.36829703959695215
2026-01-18 18:00:00+00:00,2026-01-19 01:00:00+00:00,2,7,1,2026-01-18 13:00:00+00:00,0.33666666666666667,0.6518541177113851,0.36829703959695215
2026-01-18 18:00:00+00:00,2026-01-19 02:00:00+00:00,2,8,1,2026-01-18 14:00:00+00:00,0.13666666666666666,0.6136144002278646,0.36829703959695215
2026-01-18 18:00:00+00:00,2026-01-19 03:00:00+00:00,2,9,1,2026-01-18 15:00:00+00:00,0.21333333333333335,0.5966067512830099,0.36829703959695215
2026-01-18 18:00:00+00:00,2026-01-19 04:00:00+00:00,2,10,1,2026-01-18 16:00:00+00:00,0.3116666666666667,0.5561743378639221,0.36829703959695215
2026-01-18 18:00:00+00:00,2026-01-19 05:00:00+00:00,2,11,1,2026-01-18 17:00:00+00:00,0.22666666666666668,0.563837468624115,0.36829703959695215
2026-01-18 18:00:00+00:00,2026-01-19 06:00:00+00:00,2,12,1,2026-01-18 18:00:00+00:00,0.3016666666666667,0.6025248567263285,0.36829703959695215
2026-01-18 18:00:00+00:00,2026-01-19 07:00:00+00:00,2,13,2,2026-01-17 19:00:00+00:00,0.3333333333333333,0.5804246266682943,0.36829703959695215
2026-01-18 18:00:00+00:00,2026-01-19 08:00:00+00:00,2,14,2,2026-01-17 20:00:00+00:00,0.2916666666666667,0.5715629657109579,0.36829703959695215
2026-01-18 18:00:00+00:00,2026-01-19 09:00:00+00:00,2,15,2,2026-01-17 21:00:00+00:00,0.305,0.5224127868811289,0.36829703959695215
2026-01-18 18:00:00+00:00,2026-01-19 10:00:00+00:00,2,16,2,2026-01-17 22:00:00+00:00,0.27999999999999997,0.4424988031387329,0.36829703959695215
2026-01-18 18:00:00+00:00,2026-01-19 11:00:00+00:00,2,17,2,2026-01-17 23:00:00+00:00,0.16833333333333333,0.3488738536834717,0.36829703959695215
2026-01-18 18:00:00+00:00,2026-01-19 12:00:00+00:00,2,18,2,2026-01-18 00:00:00+00:00,0.30666666666666664,0.2564667761325836,0.36829703959695215
2026-01-18 18:00:00+00:00,2026-01-19 13:00:00+00:00,2,19,2,2026-01-18 01:00:00+00:00,0.4816666666666667,0.12729928145805994,0.36829703959695215
2026-01-18 18:00:00+00:00,2026-01-19 14:00:00+00:00,2,20,2,2026-01-18 02:00:00+00:00,0.295,0.07211220264434814,0.36829703959695215
2026-01-18 18:00:00+00:00,2026-01-19 15:00:00+00:00,2,21,2,2026-01-18 03:00:00+00:00,0.24833333333333332,0.04730868712067604,0.36829703959695215
2026-01-18 18:00:00+00:00,2026-01-19 16:00:00+00:00,2,22,2,2026-01-18 04:00:00+00:00,0.018333333333333333,0.025595335910717647,0.36829703959695215
2026-01-18 18:00:00+00:00,2026-01-19 17:00:00+00:00,2,23,2,2026-01-18 05:00:00+00:00,0.06,0.016261228670676548,0.36829703959695215
2026-01-18 18:00:00+00:00,2026-01-19 18:00:00+00:00,2,24,2,2026-01-18 06:00:00+00:00,0.02,0.01799206528812647,0.36829703959695215
2026-01-18 18:00:00+00:00,2026-01-19 19:00:00+00:00,2,25,2,2026-01-18 07:00:00+00:00,0.01,0.01308803694943587,0.36829703959695215
2026-01-18 18:00:00+00:00,2026-01-19 20:00:00+00:00,2,26,2,2026-01-18 08:00:00+00:00,0.01,0.017901529868443806,0.36829703959695215
2026-01-18 18:00:00+00:00,2026-01-19 21:00:00+00:00,2,27,2,2026-01-18 09:00:00+00:00,0.008333333333333333,0.02058265016724666,0.36829703959695215
2026-01-18 18:00:00+00:00,2026-01-19 22:00:00+00:00,2,28,2,2026-01-18 10:00:00+00:00,0.01,0.025401961679259937,0.36829703959695215
2026-01-18 18:00:00+00:00,2026-01-19 23:00:00+00:00,2,29,2,2026-01-18 11:00:00+00:00,0.011666666666666667,0.02395785537858804,0.36829703959695215
2026-01-18 18:00:00+00:00,2026-01-20 00:00:00+00:00,2,30,2,2026-01-18 12:00:00+00:00,0.075,0.02821410447359085,0.36829703959695215
2026-01-18 18:00:00+00:00,2026-01-20 01:00:00+00:00,2,31,2,2026-01-18 13:00:00+00:00,0.02,0.026810451100269955,0.36829703959695215
2026-01-18 18:00:00+00:00,2026-01-20 02:00:00+00:00,2,32,2,2026-01-18 14:00:00+00:00,0.01,0.02808163749674956,0.36829703959695215
2026-01-18 18:00:00+00:00,2026-01-20 03:00:00+00:00,2,33,2,2026-01-18 15:00:00+00:00,0.008333333333333333,0.030086509883403778,0.36829703959695215
2026-01-18 18:00:00+00:00,2026-01-20 04:00:00+00:00,2,34,2,2026-01-18 16:00:00+00:00,0.008333333333333333,0.04794629166523615,0.36829703959695215
2026-01-18 18:00:00+00:00,2026-01-20 05:00:00+00:00,2,35,2,2026-01-18 17:00:00+00:00,0.02,0.06436124071478844,0.36829703959695215
2026-01-18 18:00:00+00:00,2026-01-20 06:00:00+00:00,2,36,2,2026-01-18 18:00:00+00:00,0.06,0.03779487373928229,0.36829703959695215
2026-01-18 18:00:00+00:00,2026-01-20 07:00:00+00:00,2,37,3,2026-01-17 19:00:00+00:00,0.011666666666666667,0.33601346611976624,0.36829703959695215
2026-01-18 18:00:00+00:00,2026-01-20 08:00:00+00:00,2,38,3,2026-01-17 20:00:00+00:00,0.03333333333333333,0.24077819287776947,0.36829703959695215
2026-01-18 18:00:00+00:00,2026-01-20 09:00:00+00:00,2,39,3,2026-01-17 21:00:00+00:00,0.08333333333333333,0.14452789475520453,0.36829703959695215
2026-01-18 18:00:00+00:00,2026-01-20 10:00:00+00:00,2,40,3,2026-01-17 22:00:00+00:00,0.04,0.12112706899642944,0.36829703959695215
2026-01-18 18:00:00+00:00,2026-01-20 11:00:00+00:00,2,41,3,2026-01-17 23:00:00+00:00,0.016666666666666666,0.09445344905058543,0.36829703959695215
2026-01-18 18:00:00+00:00,2026-01-20 12:00:00+00:00,2,42,3,2026-01-18 00:00:00+00:00,0.008333333333333333,0.0985854243238767,0.36829703959695215
2026-01-18 18:00:00+00:00,2026-01-20 13:00:00+00:00,2,43,3,2026-01-18 01:00:00+00:00,0.01,0.07208884507417679,0.36829703959695215
2026-01-18 18:00:00+00:00,2026-01-20 14:00:00+00:00,2,44,3,2026-01-18 02:00:00+00:00,0.01,0.059116398294766746,0.36829703959695215
2026-01-18 18:00:00+00:00,2026-01-20 15:00:00+00:00,2,45,3,2026-01-18 03:00:00+00:00,0.01,0.07405927404761314,0.36829703959695215
2026-01-18 18:00:00+00:00,2026-01-20 16:00:00+00:00,2,46,3,2026-01-18 04:00:00+00:00,0.01,0.08383991569280624,0.36829703959695215
2026-01-18 18:00:00+00:00,2026-01-20 17:00:00+00:00,2,47,3,2026-01-18 05:00:00+00:00,0.034999999999999996,0.10485560695330302,0.36829703959695215
2026-01-18 18:00:00+00:00,2026-01-20 18:00:00+00:00,2,48,3,2026-01-18 06:00:00+00:00,0.16,0.061701782047748566,0.36829703959695215
2026-01-19 18:00:00+00:00,2026-01-19 19:00:00+00:00,1,1,1,2026-01-19 07:00:00+00:00,0.01,0.012394531009097895,0.3736853865525423
2026-01-19 18:00:00+00:00,2026-01-19 20:00:00+00:00,1,2,1,2026-01-19 08:00:00+00:00,0.01,0.01625775856276353,0.3736853865525423
2026-01-19 18:00:00+00:00,2026-01-19 21:00:00+00:00,1,3,1,2026-01-19 09:00:00+00:00,0.01,0.020620059842864673,0.3736853865525423
2026-01-19 18:00:00+00:00,2026-01-19 22:00:00+00:00,1,4,1,2026-01-19 10:00:00+00:00,0.01,0.019128821169336636,0.3736853865525423
2026-01-19 18:00:00+00:00,2026-01-19 23:00:00+00:00,1,5,1,2026-01-19 11:00:00+00:00,0.013333333333333334,0.0334506519138813,0.3736853865525423
2026-01-19 18:00:00+00:00,2026-01-20 00:00:00+00:00,1,6,1,2026-01-19 12:00:00+00:00,0.10833333333333334,0.040437329560518265,0.3736853865525423
2026-01-19 18:00:00+00:00,2026-01-20 01:00:00+00:00,1,7,1,2026-01-19 13:00:00+00:00,0.034999999999999996,0.02854984998703003,0.3736853865525423
2026-01-19 18:00:00+00:00,2026-01-20 02:00:00+00:00,1,8,1,2026-01-19 14:00:00+00:00,0.01,0.044130388647317886,0.3736853865525423
2026-01-19 18:00:00+00:00,2026-01-20 03:00:00+00:00,1,9,1,2026-01-19 15:00:00+00:00,0.01,0.04569737489024798,0.3736853865525423
2026-01-19 18:00:00+00:00,2026-01-20 04:00:00+00:00,1,10,1,2026-01-19 16:00:00+00:00,0.01,0.03025532824297746,0.3736853865525423
2026-01-19 18:00:00+00:00,2026-01-20 05:00:00+00:00,1,11,1,2026-01-19 17:00:00+00:00,0.018333333333333333,0.016242526471614838,0.3736853865525423
2026-01-19 18:00:00+00:00,2026-01-20 06:00:00+00:00,1,12,1,2026-01-19 18:00:00+00:00,0.051666666666666666,0.010054877027869225,0.3736853865525423
2026-01-19 18:00:00+00:00,2026-01-20 07:00:00+00:00,1,13,2,2026-01-18 19:00:00+00:00,0.018333333333333333,0.023486943915486336,0.3736853865525423
2026-01-19 18:00:00+00:00,2026-01-20 08:00:00+00:00,1,14,2,2026-01-18 20:00:00+00:00,0.03,0.0195395282159249,0.3736853865525423
2026-01-19 18:00:00+00:00,2026-01-20 09:00:00+00:00,1,15,2,2026-01-18 21:00:00+00:00,0.09333333333333334,0.027848124504089355,0.3736853865525423
2026-01-19 18:00:00+00:00,2026-01-20 10:00:00+00:00,1,16,2,2026-01-18 22:00:00+00:00,0.034999999999999996,0.028546754891673725,0.3736853865525423
2026-01-19 18:00:00+00:00,2026-01-20 11:00:00+00:00,1,17,2,2026-01-18 23:00:00+00:00,0.013333333333333334,0.0568577324350675,0.3736853865525423
2026-01-19 18:00:00+00:00,2026-01-20 12:00:00+00:00,1,18,2,2026-01-19 00:00:00+00:00,0.01,0.018853023337821167,0.3736853865525423
2026-01-19 18:00:00+00:00,2026-01-20 13:00:00+00:00,1,19,2,2026-01-19 01:00:00+00:00,0.01,0.02444475082059701,0.3736853865525423
2026-01-19 18:00:00+00:00,2026-01-20 14:00:00+00:00,1,20,2,2026-01-19 02:00:00+00:00,0.01,0.017021742338935535,0.3736853865525423
2026-01-19 18:00:00+00:00,2026-01-20 15:00:00+00:00,1,21,2,2026-01-19 03:00:00+00:00,0.01,0.017255522621174652,0.3736853865525423
2026-01-19 18:00:00+00:00,2026-01-20 16:00:00+00:00,1,22,2,2026-01-19 04:00:00+00:00,0.01,0.02918124261001746,0.3736853865525423
2026-01-19 18:00:00+00:00,2026-01-20 17:00:00+00:00,1,23,2,2026-01-19 05:00:00+00:00,0.041666666666666664,0.0522435208161672,0.3736853865525423
2026-01-19 18:00:00+00:00,2026-01-20 18:00:00+00:00,1,24,2,2026-01-19 06:00:00+00:00,0.18333333333333335,0.24274352689584097,0.3736853865525423
2026-01-19 18:00:00+00:00,2026-01-20 19:00:00+00:00,1,25,2,2026-01-19 07:00:00+00:00,0.2733333333333333,0.43866198261578876,0.3736853865525423
2026-01-19 18:00:00+00:00,2026-01-20 20:00:00+00:00,1,26,2,2026-01-19 08:00:00+00:00,0.26,0.6862469514211019,0.3736853865525423
2026-01-19 18:00:00+00:00,2026-01-20 21:00:00+00:00,1,27,2,2026-01-19 09:00:00+00:00,0.39166666666666666,0.8126357396443685,0.3736853865525423
2026-01-19 18:00:00+00:00,2026-01-20 22:00:00+00:00,1,28,2,2026-01-19 10:00:00+00:00,0.6733333333333333,0.8816288908322653,0.3736853865525423
2026-01-19 18:00:00+00:00,2026-01-20 23:00:00+00:00,1,29,2,2026-01-19 11:00:00+00:00,0.8016666666666667,0.9351808627446493,0.3736853865525423
2026-01-19 18:00:00+00:00,2026-01-21 00:00:00+00:00,1,30,2,2026-01-19 12:00:00+00:00,0.9466666666666667,0.9516898989677429,0.3736853865525423
2026-01-19 18:00:00+00:00,2026-01-21 01:00:00+00:00,1,31,2,2026-01-19 13:00:00+00:00,0.8866666666666667,0.9598434567451477,0.3736853865525423
2026-01-19 18:00:00+00:00,2026-01-21 02:00:00+00:00,1,32,2,2026-01-19 14:00:00+00:00,0.9933333333333333,0.9621267517407736,0.3736853865525423
2026-01-19 18:00:00+00:00,2026-01-21 03:00:00+00:00,1,33,2,2026-01-19 15:00:00+00:00,0.9899999999999999,0.960081954797109,0.3736853865525423
2026-01-19 18:00:00+00:00,2026-01-21 04:00:00+00:00,1,34,2,2026-01-19 16:00:00+00:00,0.9899999999999999,0.9635410904884338,0.3736853865525423
2026-01-19 18:00:00+00:00,2026-01-21 05:00:00+00:00,1,35,2,2026-01-19 17:00:00+00:00,0.9466666666666667,0.9663091500600179,0.3736853865525423
2026-01-19 18:00:00+00:00,2026-01-21 06:00:00+00:00,1,36,2,2026-01-19 18:00:00+00:00,0.9899999999999999,0.9538424611091614,0.3736853865525423
2026-01-19 18:00:00+00:00,2026-01-21 07:00:00+00:00,1,37,3,2026-01-18 19:00:00+00:00,0.9899999999999999,0.9725527167320251,0.3736853865525423
2026-01-19 18:00:00+00:00,2026-01-21 08:00:00+00:00,1,38,3,2026-01-18 20:00:00+00:00,0.9883333333333333,0.973374625047048,0.3736853865525423
2026-01-19 18:00:00+00:00,2026-01-21 09:00:00+00:00,1,39,3,2026-01-18 21:00:00+00:00,0.9883333333333333,0.973510205745697,0.3736853865525423
2026-01-19 18:00:00+00:00,2026-01-21 10:00:00+00:00,1,40,3,2026-01-18 22:00:00+00:00,0.9583333333333334,0.9636253317197164,0.3736853865525423
2026-01-19 18:00:00+00:00,2026-01-21 11:00:00+00:00,1,41,3,2026-01-18 23:00:00+00:00,0.9883333333333333,0.9624788363774618,0.3736853865525423
2026-01-19 18:00:00+00:00,2026-01-21 12:00:00+00:00,1,42,3,2026-01-19 00:00:00+00:00,0.98,0.9467457930246989,0.3736853865525423
2026-01-19 18:00:00+00:00,2026-01-21 13:00:00+00:00,1,43,3,2026-01-19 01:00:00+00:00,0.36166666666666664,0.9486587047576904,0.3736853865525423
2026-01-19 18:00:00+00:00,2026-01-21 14:00:00+00:00,1,44,3,2026-01-19 02:00:00+00:00,0.06,0.9439120491345724,0.3736853865525423
2026-01-19 18:00:00+00:00,2026-01-21 15:00:00+00:00,1,45,3,2026-01-19 03:00:00+00:00,0.21666666666666667,0.9348939061164856,0.3736853865525423
2026-01-19 18:00:00+00:00,2026-01-21 16:00:00+00:00,1,46,3,2026-01-19 04:00:00+00:00,0.18666666666666668,0.9270939032236735,0.3736853865525423
2026-01-19 18:00:00+00:00,2026-01-21 17:00:00+00:00,1,47,3,2026-01-19 05:00:00+00:00,0.17833333333333334,0.9377261996269226,0.3736853865525423
2026-01-19 18:00:00+00:00,2026-01-21 18:00:00+00:00,1,48,3,2026-01-19 06:00:00+00:00,0.3283333333333333,0.8339287638664246,0.3736853865525423
2026-01-19 18:00:00+00:00,2026-01-19 19:00:00+00:00,2,1,1,2026-01-19 07:00:00+00:00,0.01,0.011520707669357458,0.36829703959695215
2026-01-19 18:00:00+00:00,2026-01-19 20:00:00+00:00,2,2,1,2026-01-19 08:00:00+00:00,0.01,0.014816496521234512,0.36829703959695215
2026-01-19 18:00:00+00:00,2026-01-19 21:00:00+00:00,2,3,1,2026-01-19 09:00:00+00:00,0.008333333333333333,0.018981808796525,0.36829703959695215
2026-01-19 18:00:00+00:00,2026-01-19 22:00:00+00:00,2,4,1,2026-01-19 10:00:00+00:00,0.01,0.018256005210181076,0.36829703959695215
2026-01-19 18:00:00+00:00,2026-01-19 23:00:00+00:00,2,5,1,2026-01-19 11:00:00+00:00,0.011666666666666667,0.032031736026207604,0.36829703959695215
2026-01-19 18:00:00+00:00,2026-01-20 00:00:00+00:00,2,6,1,2026-01-19 12:00:00+00:00,0.075,0.036382827907800674,0.36829703959695215
2026-01-19 18:00:00+00:00,2026-01-20 01:00:00+00:00,2,7,1,2026-01-19 13:00:00+00:00,0.02,0.025370321236550808,0.36829703959695215
2026-01-19 18:00:00+00:00,2026-01-20 02:00:00+00:00,2,8,1,2026-01-19 14:00:00+00:00,0.01,0.04094849030176798,0.36829703959695215
2026-01-19 18:00:00+00:00,2026-01-20 03:00:00+00:00,2,9,1,2026-01-19 15:00:00+00:00,0.008333333333333333,0.04261288791894913,0.36829703959695215
2026-01-19 18:00:00+00:00,2026-01-20 04:00:00+00:00,2,10,1,2026-01-19 16:00:00+00:00,0.008333333333333333,0.027683302760124207,0.36829703959695215
2026-01-19 18:00:00+00:00,2026-01-20 05:00:00+00:00,2,11,1,2026-01-19 17:00:00+00:00,0.02,0.014844439923763275,0.36829703959695215
2026-01-19 18:00:00+00:00,2026-01-20 06:00:00+00:00,2,12,1,2026-01-19 18:00:00+00:00,0.06,0.009060758631676435,0.36829703959695215
2026-01-19 18:00:00+00:00,2026-01-20 07:00:00+00:00,2,13,2,2026-01-18 19:00:00+00:00,0.011666666666666667,0.022117644858856995,0.36829703959695215
2026-01-19 18:00:00+00:00,2026-01-20 08:00:00+00:00,2,14,2,2026-01-18 20:00:00+00:00,0.03333333333333333,0.017536100931465626,0.36829703959695215
2026-01-19 18:00:00+00:00,2026-01-20 09:00:00+00:00,2,15,2,2026-01-18 21:00:00+00:00,0.08333333333333333,0.02450804567585389,0.36829703959695215
2026-01-19 18:00:00+00:00,2026-01-20 10:00:00+00:00,2,16,2,2026-01-18 22:00:00+00:00,0.04,0.02544058921436469,0.36829703959695215
2026-01-19 18:00:00+00:00,2026-01-20 11:00:00+00:00,2,17,2,2026-01-18 23:00:00+00:00,0.016666666666666666,0.04906089914341768,0.36829703959695215
2026-01-19 18:00:00+00:00,2026-01-20 12:00:00+00:00,2,18,2,2026-01-19 00:00:00+00:00,0.008333333333333333,0.016933754086494446,0.36829703959695215
2026-01-19 18:00:00+00:00,2026-01-20 13:00:00+00:00,2,19,2,2026-01-19 01:00:00+00:00,0.01,0.022745731597145397,0.36829703959695215
2026-01-19 18:00:00+00:00,2026-01-20 14:00:00+00:00,2,20,2,2026-01-19 02:00:00+00:00,0.01,0.015374681601921717,0.36829703959695215
2026-01-19 18:00:00+00:00,2026-01-20 15:00:00+00:00,2,21,2,2026-01-19 03:00:00+00:00,0.01,0.015024264343082905,0.36829703959695215
2026-01-19 18:00:00+00:00,2026-01-20 16:00:00+00:00,2,22,2,2026-01-19 04:00:00+00:00,0.01,0.02467453572899103,0.36829703959695215
2026-01-19 18:00:00+00:00,2026-01-20 17:00:00+00:00,2,23,2,2026-01-19 05:00:00+00:00,0.034999999999999996,0.04237287491559982,0.36829703959695215
2026-01-19 18:00:00+00:00,2026-01-20 18:00:00+00:00,2,24,2,2026-01-19 06:00:00+00:00,0.16,0.19477623204390207,0.36829703959695215
2026-01-19 18:00:00+00:00,2026-01-20 19:00:00+00:00,2,25,2,2026-01-19 07:00:00+00:00,0.26333333333333336,0.38917097449302673,0.36829703959695215
2026-01-19 18:00:00+00:00,2026-01-20 20:00:00+00:00,2,26,2,2026-01-19 08:00:00+00:00,0.2966666666666667,0.6632581154505411,0.36829703959695215
2026-01-19 18:00:00+00:00,2026-01-20 21:00:00+00:00,2,27,2,2026-01-19 09:00:00+00:00,0.44,0.7960871259371439,0.36829703959695215
2026-01-19 18:00:00+00:00,2026-01-20 22:00:00+00:00,2,28,2,2026-01-19 10:00:00+00:00,0.6516666666666667,0.8704054752985636,0.36829703959695215
2026-01-19 18:00:00+00:00,2026-01-20 23:00:00+00:00,2,29,2,2026-01-19 11:00:00+00:00,0.835,0.9289112091064453,0.36829703959695215
2026-01-19 18:00:00+00:00,2026-01-21 00:00:00+00:00,2,30,2,2026-01-19 12:00:00+00:00,0.945,0.9442551533381144,0.36829703959695215
2026-01-19 18:00:00+00:00,2026-01-21 01:00:00+00:00,2,31,2,2026-01-19 13:00:00+00:00,0.8866666666666667,0.952478031317393,0.36829703959695215
2026-01-19 18:00:00+00:00,2026-01-21 02:00:00+00:00,2,32,2,2026-01-19 14:00:00+00:00,0.9816666666666666,0.9541365504264832,0.36829703959695215
2026-01-19 18:00:00+00:00,2026-01-21 03:00:00+00:00,2,33,2,2026-01-19 15:00:00+00:00,0.9866666666666667,0.9520679314931234,0.36829703959695215
2026-01-19 18:00:00+00:00,2026-01-21 04:00:00+00:00,2,34,2,2026-01-19 16:00:00+00:00,0.9899999999999999,0.9598247408866882,0.36829703959695215
2026-01-19 18:00:00+00:00,2026-01-21 05:00:00+00:00,2,35,2,2026-01-19 17:00:00+00:00,0.9333333333333332,0.9633689522743225,0.36829703959695215
2026-01-19 18:00:00+00:00,2026-01-21 06:00:00+00:00,2,36,2,2026-01-19 18:00:00+00:00,0.9883333333333333,0.9521803855895996,0.36829703959695215
2026-01-19 18:00:00+00:00,2026-01-21 07:00:00+00:00,2,37,3,2026-01-18 19:00:00+00:00,0.9899999999999999,0.9719991683959961,0.36829703959695215
2026-01-19 18:00:00+00:00,2026-01-21 08:00:00+00:00,2,38,3,2026-01-18 20:00:00+00:00,0.9899999999999999,0.9721873799959818,0.36829703959695215
2026-01-19 18:00:00+00:00,2026-01-21 09:00:00+00:00,2,39,3,2026-01-18 21:00:00+00:00,0.9866666666666667,0.9719950159390768,0.36829703959695215
2026-01-19 18:00:00+00:00,2026-01-21 10:00:00+00:00,2,40,3,2026-01-18 22:00:00+00:00,0.975,0.962142825126648,0.36829703959695215
2026-01-19 18:00:00+00:00,2026-01-21 11:00:00+00:00,2,41,3,2026-01-18 23:00:00+00:00,0.985,0.9595449368158976,0.36829703959695215
2026-01-19 18:00:00+00:00,2026-01-21 12:00:00+00:00,2,42,3,2026-01-19 00:00:00+00:00,0.9866666666666667,0.9449756145477295,0.36829703959695215
2026-01-19 18:00:00+00:00,2026-01-21 13:00:00+00:00,2,43,3,2026-01-19 01:00:00+00:00,0.2816666666666667,0.946371595064799,0.36829703959695215
2026-01-19 18:00:00+00:00,2026-01-21 14:00:00+00:00,2,44,3,2026-01-19 02:00:00+00:00,0.05333333333333334,0.9375941157341003,0.36829703959695215
2026-01-19 18:00:00+00:00,2026-01-21 15:00:00+00:00,2,45,3,2026-01-19 03:00:00+00:00,0.17166666666666666,0.92491215467453,0.36829703959695215
2026-01-19 18:00:00+00:00,2026-01-21 16:00:00+00:00,2,46,3,2026-01-19 04:00:00+00:00,0.19999999999999998,0.9181976318359375,0.36829703959695215
2026-01-19 18:00:00+00:00,2026-01-21 17:00:00+00:00,2,47,3,2026-01-19 05:00:00+00:00,0.15833333333333333,0.9313374360402426,0.36829703959695215
2026-01-19 18:00:00+00:00,2026-01-21 18:00:00+00:00,2,48,3,2026-01-19 06:00:00+00:00,0.315,0.8145294785499573,0.36829703959695215
2026-01-20 18:00:00+00:00,2026-01-20 19:00:00+00:00,1,1,1,2026-01-20 07:00:00+00:00,0.2733333333333333,0.7245441675186157,0.3736853865525423
2026-01-20 18:00:00+00:00,2026-01-20 20:00:00+00:00,1,2,1,2026-01-20 08:00:00+00:00,0.26,0.7981679240862528,0.3736853865525423
2026-01-20 18:00:00+00:00,2026-01-20 21:00:00+00:00,1,3,1,2026-01-20 09:00:00+00:00,0.39166666666666666,0.8768877387046814,0.3736853865525423
2026-01-20 18:00:00+00:00,2026-01-20 22:00:00+00:00,1,4,1,2026-01-20 10:00:00+00:00,0.6733333333333333,0.9071778655052185,0.3736853865525423
2026-01-20 18:00:00+00:00,2026-01-20 23:00:00+00:00,1,5,1,2026-01-20 11:00:00+00:00,0.8016666666666667,0.9259028434753418,0.3736853865525423
2026-01-20 18:00:00+00:00,2026-01-21 00:00:00+00:00,1,6,1,2026-01-20 12:00:00+00:00,0.9466666666666667,0.9529144962628683,0.3736853865525423
2026-01-20 18:00:00+00:00,2026-01-21 01:00:00+00:00,1,7,1,2026-01-20 13:00:00+00:00,0.8866666666666667,0.9550832708676656,0.3736853865525423
2026-01-20 18:00:00+00:00,2026-01-21 02:00:00+00:00,1,8,1,2026-01-20 14:00:00+00:00,0.9933333333333333,0.9577087759971619,0.3736853865525423
2026-01-20 18:00:00+00:00,2026-01-21 03:00:00+00:00,1,9,1,2026-01-20 15:00:00+00:00,0.9899999999999999,0.9675298531850179,0.3736853865525423
2026-01-20 18:00:00+00:00,2026-01-21 04:00:00+00:00,1,10,1,2026-01-20 16:00:00+00:00,0.9899999999999999,0.9707850217819214,0.3736853865525423
2026-01-20 18:00:00+00:00,2026-01-21 05:00:00+00:00,1,11,1,2026-01-20 17:00:00+00:00,0.9466666666666667,0.9704758922259012,0.3736853865525423
2026-01-20 18:00:00+00:00,2026-01-21 06:00:00+00:00,1,12,1,2026-01-20 18:00:00+00:00,0.9899999999999999,0.9688455661137899,0.3736853865525423
2026-01-20 18:00:00+00:00,2026-01-21 07:00:00+00:00,1,13,2,2026-01-19 19:00:00+00:00,0.9899999999999999,0.9540162881215414,0.3736853865525423
2026-01-20 18:00:00+00:00,2026-01-21 08:00:00+00:00,1,14,2,2026-01-19 20:00:00+00:00,0.9883333333333333,0.9403021136919657,0.3736853865525423
2026-01-20 18:00:00+00:00,2026-01-21 09:00:00+00:00,1,15,2,2026-01-19 21:00:00+00:00,0.9883333333333333,0.9292894800504049,0.3736853865525423
2026-01-20 18:00:00+00:00,2026-01-21 10:00:00+00:00,1,16,2,2026-01-19 22:00:00+00:00,0.9583333333333334,0.9222719073295593,0.3736853865525423
2026-01-20 18:00:00+00:00,2026-01-21 11:00:00+00:00,1,17,2,2026-01-19 23:00:00+00:00,0.9883333333333333,0.9154103597005209,0.3736853865525423
2026-01-20 18:00:00+00:00,2026-01-21 12:00:00+00:00,1,18,2,2026-01-20 00:00:00+00:00,0.98,0.961965282758077,0.3736853865525423
2026-01-20 18:00:00+00:00,2026-01-21 13:00:00+00:00,1,19,2,2026-01-20 01:00:00+00:00,0.36166666666666664,0.955730676651001,0.3736853865525423
2026-01-20 18:00:00+00:00,2026-01-21 14:00:00+00:00,1,20,2,2026-01-20 02:00:00+00:00,0.06,0.9575287501017252,0.3736853865525423
2026-01-20 18:00:00+00:00,2026-01-21 15:00:00+00:00,1,21,2,2026-01-20 03:00:00+00:00,0.21666666666666667,0.9482930302619934,0.3736853865525423
2026-01-20 18:00:00+00:00,2026-01-21 16:00:00+00:00,1,22,2,2026-01-20 04:00:00+00:00,0.18666666666666668,0.9224730928738912,0.3736853865525423
2026-01-20 18:00:00+00:00,2026-01-21 17:00:00+00:00,1,23,2,2026-01-20 05:00:00+00:00,0.17833333333333334,0.9053777456283569,0.3736853865525423
2026-01-20 18:00:00+00:00,2026-01-21 18:00:00+00:00,1,24,2,2026-01-20 06:00:00+00:00,0.3283333333333333,0.9320089419682821,0.3736853865525423
2026-01-20 18:00:00+00:00,2026-01-21 19:00:00+00:00,1,25,2,2026-01-20 07:00:00+00:00,0.44,0.9024797677993774,0.3736853865525423
2026-01-20 18:00:00+00:00,2026-01-21 20:00:00+00:00,1,26,2,2026-01-20 08:00:00+00:00,0.5483333333333333,0.8384912212689718,0.3736853865525423
2026-01-20 18:00:00+00:00,2026-01-21 21:00:00+00:00,1,27,2,2026-01-20 09:00:00+00:00,0.3983333333333334,0.7025983532269796,0.3736853865525423
2026-01-20 18:00:00+00:00,2026-01-21 22:00:00+00:00,1,28,2,2026-01-20 10:00:00+00:00,0.4566666666666667,0.2073721339305242,0.3736853865525423
2026-01-20 18:00:00+00:00,2026-01-21 23:00:00+00:00,1,29,2,2026-01-20 11:00:00+00:00,0.27499999999999997,0.028790879994630814,0.3736853865525423
2026-01-20 18:00:00+00:00,2026-01-22 00:00:00+00:00,1,30,2,2026-01-20 12:00:00+00:00,0.43166666666666664,0.18199632068475088,0.3736853865525423
2026-01-20 18:00:00+00:00,2026-01-22 01:00:00+00:00,1,31,2,2026-01-20 13:00:00+00:00,0.09499999999999999,0.05466615284482638,0.3736853865525423
2026-01-20 18:00:00+00:00,2026-01-22 02:00:00+00:00,1,32,2,2026-01-20 14:00:00+00:00,0.03333333333333333,0.05343181143204371,0.3736853865525423
2026-01-20 18:00:00+00:00,2026-01-22 03:00:00+00:00,1,33,2,2026-01-20 15:00:00+00:00,0.01,0.16509955128033957,0.3736853865525423
2026-01-20 18:00:00+00:00,2026-01-22 04:00:00+00:00,1,34,2,2026-01-20 16:00:00+00:00,0.03333333333333333,0.32263924181461334,0.3736853865525423
2026-01-20 18:00:00+00:00,2026-01-22 05:00:00+00:00,1,35,2,2026-01-20 17:00:00+00:00,0.016666666666666666,0.09115634237726529,0.3736853865525423
2026-01-20 18:00:00+00:00,2026-01-22 06:00:00+00:00,1,36,2,2026-01-20 18:00:00+00:00,0.011666666666666667,0.15173542002836862,0.3736853865525423
2026-01-20 18:00:00+00:00,2026-01-22 07:00:00+00:00,1,37,3,2026-01-19 19:00:00+00:00,0.01,0.1244349330663681,0.3736853865525423
2026-01-20 18:00:00+00:00,2026-01-22 08:00:00+00:00,1,38,3,2026-01-19 20:00:00+00:00,0.15666666666666665,0.17522698640823364,0.3736853865525423
2026-01-20 18:00:00+00:00,2026-01-22 09:00:00+00:00,1,39,3,2026-01-19 21:00:00+00:00,0.32,0.19091729819774628,0.3736853865525423
2026-01-20 18:00:00+00:00,2026-01-22 10:00:00+00:00,1,40,3,2026-01-19 22:00:00+00:00,0.3016666666666667,0.4408128062884013,0.3736853865525423
2026-01-20 18:00:00+00:00,2026-01-22 11:00:00+00:00,1,41,3,2026-01-19 23:00:00+00:00,0.5083333333333333,0.6175206502278646,0.3736853865525423
2026-01-20 18:00:00+00:00,2026-01-22 12:00:00+00:00,1,42,3,2026-01-20 00:00:00+00:00,0.4716666666666667,0.8750014503796896,0.3736853865525423
2026-01-20 18:00:00+00:00,2026-01-22 13:00:00+00:00,1,43,3,2026-01-20 01:00:00+00:00,0.45166666666666666,0.9167822202046713,0.3736853865525423
2026-01-20 18:00:00+00:00,2026-01-22 14:00:00+00:00,1,44,3,2026-01-20 02:00:00+00:00,0.7066666666666667,0.9453686873118082,0.3736853865525423
2026-01-20 18:00:00+00:00,2026-01-22 15:00:00+00:00,1,45,3,2026-01-20 03:00:00+00:00,0.7583333333333333,0.922310988108317,0.3736853865525423
2026-01-20 18:00:00+00:00,2026-01-22 16:00:00+00:00,1,46,3,2026-01-20 04:00:00+00:00,0.6983333333333333,0.9133975903193156,0.3736853865525423
2026-01-20 18:00:00+00:00,2026-01-22 17:00:00+00:00,1,47,3,2026-01-20 05:00:00+00:00,0.9700000000000001,0.8616078893343607,0.3736853865525423
2026-01-20 18:00:00+00:00,2026-01-22 18:00:00+00:00,1,48,3,2026-01-20 06:00:00+00:00,0.9883333333333333,0.8276654283205668,0.3736853865525423
2026-01-20 18:00:00+00:00,2026-01-20 19:00:00+00:00,2,1,1,2026-01-20 07:00:00+00:00,0.26333333333333336,0.6861576835314432,0.36829703959695215
2026-01-20 18:00:00+00:00,2026-01-20 20:00:00+00:00,2,2,1,2026-01-20 08:00:00+00:00,0.2966666666666667,0.7706486185391744,0.36829703959695215
2026-01-20 18:00:00+00:00,2026-01-20 21:00:00+00:00,2,3,1,2026-01-20 09:00:00+00:00,0.44,0.8614752093950907,0.36829703959695215
2026-01-20 18:00:00+00:00,2026-01-20 22:00:00+00:00,2,4,1,2026-01-20 10:00:00+00:00,0.6516666666666667,0.8934645056724548,0.36829703959695215
2026-01-20 18:00:00+00:00,2026-01-20 23:00:00+00:00,2,5,1,2026-01-20 11:00:00+00:00,0.835,0.9145482579867045,0.36829703959695215
2026-01-20 18:00:00+00:00,2026-01-21 00:00:00+00:00,2,6,1,2026-01-20 12:00:00+00:00,0.945,0.9448925654093424,0.36829703959695215
2026-01-20 18:00:00+00:00,2026-01-21 01:00:00+00:00,2,7,1,2026-01-20 13:00:00+00:00,0.8866666666666667,0.9470914006233215,0.36829703959695215
2026-01-20 18:00:00+00:00,2026-01-21 02:00:00+00:00,2,8,1,2026-01-20 14:00:00+00:00,0.9816666666666666,0.9498658974965414,0.36829703959695215
2026-01-20 18:00:00+00:00,2026-01-21 03:00:00+00:00,2,9,1,2026-01-20 15:00:00+00:00,0.9866666666666667,0.9609212080637614,0.36829703959695215
2026-01-20 18:00:00+00:00,2026-01-21 04:00:00+00:00,2,10,1,2026-01-20 16:00:00+00:00,0.9899999999999999,0.9674649834632874,0.36829703959695215
2026-01-20 18:00:00+00:00,2026-01-21 05:00:00+00:00,2,11,1,2026-01-20 17:00:00+00:00,0.9333333333333332,0.9689097801844279,0.36829703959695215
2026-01-20 18:00:00+00:00,2026-01-21 06:00:00+00:00,2,12,1,2026-01-20 18:00:00+00:00,0.9883333333333333,0.9673537611961365,0.36829703959695215
2026-01-20 18:00:00+00:00,2026-01-21 07:00:00+00:00,2,13,2,2026-01-19 19:00:00+00:00,0.9899999999999999,0.9556899468104044,0.36829703959695215
2026-01-20 18:00:00+00:00,2026-01-21 08:00:00+00:00,2,14,2,2026-01-19 20:00:00+00:00,0.9899999999999999,0.9441344340642294,0.36829703959695215
2026-01-20 18:00:00+00:00,2026-01-21 09:00:00+00:00,2,15,2,2026-01-19 21:00:00+00:00,0.9866666666666667,0.9313300053278605,0.36829703959695215
2026-01-20 18:00:00+00:00,2026-01-21 10:00:00+00:00,2,16,2,2026-01-19 22:00:00+00:00,0.975,0.9211371541023254,0.36829703959695215
2026-01-20 18:00:00+00:00,2026-01-21 11:00:00+00:00,2,17,2,2026-01-19 23:00:00+00:00,0.985,0.9114580154418945,0.36829703959695215
2026-01-20 18:00:00+00:00,2026-01-21 12:00:00+00:00,2,18,2,2026-01-20 00:00:00+00:00,0.9866666666666667,0.9595658779144287,0.36829703959695215
2026-01-20 18:00:00+00:00,2026-01-21 13:00:00+00:00,2,19,2,2026-01-20 01:00:00+00:00,0.2816666666666667,0.9504567186037699,0.36829703959695215
2026-01-20 18:00:00+00:00,2026-01-21 14:00:00+00:00,2,20,2,2026-01-20 02:00:00+00:00,0.05333333333333334,0.952437162399292,0.36829703959695215
2026-01-20 18:00:00+00:00,2026-01-21 15:00:00+00:00,2,21,2,2026-01-20 03:00:00+00:00,0.17166666666666666,0.9425075451532999,0.36829703959695215
2026-01-20 18:00:00+00:00,2026-01-21 16:00:00+00:00,2,22,2,2026-01-20 04:00:00+00:00,0.19999999999999998,0.9146562616030375,0.36829703959695215
2026-01-20 18:00:00+00:00,2026-01-21 17:00:00+00:00,2,23,2,2026-01-20 05:00:00+00:00,0.15833333333333333,0.8969482779502869,0.36829703959695215
2026-01-20 18:00:00+00:00,2026-01-21 18:00:00+00:00,2,24,2,2026-01-20 06:00:00+00:00,0.315,0.9245256781578064,0.36829703959695215
2026-01-20 18:00:00+00:00,2026-01-21 19:00:00+00:00,2,25,2,2026-01-20 07:00:00+00:00,0.4749999999999999,0.8899006247520447,0.36829703959695215
2026-01-20 18:00:00+00:00,2026-01-21 20:00:00+00:00,2,26,2,2026-01-20 08:00:00+00:00,0.52,0.8149861693382263,0.36829703959695215
2026-01-20 18:00:00+00:00,2026-01-21 21:00:00+00:00,2,27,2,2026-01-20 09:00:00+00:00,0.385,0.6669152975082397,0.36829703959695215
2026-01-20 18:00:00+00:00,2026-01-21 22:00:00+00:00,2,28,2,2026-01-20 10:00:00+00:00,0.4283333333333334,0.18056131402651468,0.36829703959695215
2026-01-20 18:00:00+00:00,2026-01-21 23:00:00+00:00,2,29,2,2026-01-20 11:00:00+00:00,0.15166666666666667,0.024217473963896435,0.36829703959695215
2026-01-20 18:00:00+00:00,2026-01-22 00:00:00+00:00,2,30,2,2026-01-20 12:00:00+00:00,0.29833333333333334,0.15215667833884558,0.36829703959695215
2026-01-20 18:00:00+00:00,2026-01-22 01:00:00+00:00,2,31,2,2026-01-20 13:00:00+00:00,0.09000000000000001,0.045449030896027885,0.36829703959695215
2026-01-20 18:00:00+00:00,2026-01-22 02:00:00+00:00,2,32,2,2026-01-20 14:00:00+00:00,0.02666666666666667,0.04581556717554728,0.36829703959695215
2026-01-20 18:00:00+00:00,2026-01-22 03:00:00+00:00,2,33,2,2026-01-20 15:00:00+00:00,0.01,0.14446870982646942,0.36829703959695215
2026-01-20 18:00:00+00:00,2026-01-22 04:00:00+00:00,2,34,2,2026-01-20 16:00:00+00:00,0.028333333333333335,0.30481424431006116,0.36829703959695215
2026-01-20 18:00:00+00:00,2026-01-22 05:00:00+00:00,2,35,2,2026-01-20 17:00:00+00:00,0.016666666666666666,0.08852860083182652,0.36829703959695215
2026-01-20 18:00:00+00:00,2026-01-22 06:00:00+00:00,2,36,2,2026-01-20 18:00:00+00:00,0.01,0.14889800548553467,0.36829703959695215
2026-01-20 18:00:00+00:00,2026-01-22 07:00:00+00:00,2,37,3,2026-01-19 19:00:00+00:00,0.008333333333333333,0.11553672701120377,0.36829703959695215
2026-01-20 18:00:00+00:00,2026-01-22 08:00:00+00:00,2,38,3,2026-01-19 20:00:00+00:00,0.14833333333333334,0.17072220146656036,0.36829703959695215
2026-01-20 18:00:00+00:00,2026-01-22 09:00:00+00:00,2,39,3,2026-01-19 21:00:00+00:00,0.3283333333333333,0.1928210457166036,0.36829703959695215
2026-01-20 18:00:00+00:00,2026-01-22 10:00:00+00:00,2,40,3,2026-01-19 22:00:00+00:00,0.32166666666666666,0.45465709765752155,0.36829703959695215
2026-01-20 18:00:00+00:00,2026-01-22 11:00:00+00:00,2,41,3,2026-01-19 23:00:00+00:00,0.49499999999999994,0.6335644523302714,0.36829703959695215
2026-01-20 18:00:00+00:00,2026-01-22 12:00:00+00:00,2,42,3,2026-01-20 00:00:00+00:00,0.5116666666666666,0.8781116406122843,0.36829703959695215
2026-01-20 18:00:00+00:00,2026-01-22 13:00:00+00:00,2,43,3,2026-01-20 01:00:00+00:00,0.4683333333333333,0.9190315206845602,0.36829703959695215
2026-01-20 18:00:00+00:00,2026-01-22 14:00:00+00:00,2,44,3,2026-01-20 02:00:00+00:00,0.7733333333333333,0.9493580261866251,0.36829703959695215
2026-01-20 18:00:00+00:00,2026-01-22 15:00:00+00:00,2,45,3,2026-01-20 03:00:00+00:00,0.8183333333333334,0.9250264366467794,0.36829703959695215
2026-01-20 18:00:00+00:00,2026-01-22 16:00:00+00:00,2,46,3,2026-01-20 04:00:00+00:00,0.6983333333333334,0.9114736318588257,0.36829703959695215
2026-01-20 18:00:00+00:00,2026-01-22 17:00:00+00:00,2,47,3,2026-01-20 05:00:00+00:00,0.965,0.8581035931905111,0.36829703959695215
2026-01-20 18:00:00+00:00,2026-01-22 18:00:00+00:00,2,48,3,2026-01-20 06:00:00+00:00,0.9783333333333334,0.8186297416687012,0.36829703959695215
2026-01-21 18:00:00+00:00,2026-01-21 19:00:00+00:00,1,1,1,2026-01-21 07:00:00+00:00,0.44,0.7256541848182678,0.3736853865525423
2026-01-21 18:00:00+00:00,2026-01-21 20:00:00+00:00,1,2,1,2026-01-21 08:00:00+00:00,0.5483333333333333,0.631044606367747,0.3736853865525423
2026-01-21 18:00:00+00:00,2026-01-21 21:00:00+00:00,1,3,1,2026-01-21 09:00:00+00:00,0.3983333333333334,0.17655323445796967,0.3736853865525423
2026-01-21 18:00:00+00:00,2026-01-21 22:00:00+00:00,1,4,1,2026-01-21 10:00:00+00:00,0.4566666666666667,0.012845563236624002,0.3736853865525423
2026-01-21 18:00:00+00:00,2026-01-21 23:00:00+00:00,1,5,1,2026-01-21 11:00:00+00:00,0.27499999999999997,0.04216598222653071,0.3736853865525423
2026-01-21 18:00:00+00:00,2026-01-22 00:00:00+00:00,1,6,1,2026-01-21 12:00:00+00:00,0.43166666666666664,0.037693921476602554,0.3736853865525423
2026-01-21 18:00:00+00:00,2026-01-22 01:00:00+00:00,1,7,1,2026-01-21 13:00:00+00:00,0.09499999999999999,0.03277192451059818,0.3736853865525423
2026-01-21 18:00:00+00:00,2026-01-22 02:00:00+00:00,1,8,1,2026-01-21 14:00:00+00:00,0.03333333333333333,0.01599914984156688,0.3736853865525423
2026-01-21 18:00:00+00:00,2026-01-22 03:00:00+00:00,1,9,1,2026-01-21 15:00:00+00:00,0.01,0.029369192197918892,0.3736853865525423
2026-01-21 18:00:00+00:00,2026-01-22 04:00:00+00:00,1,10,1,2026-01-21 16:00:00+00:00,0.03333333333333333,0.1012188916405042,0.3736853865525423
2026-01-21 18:00:00+00:00,2026-01-22 05:00:00+00:00,1,11,1,2026-01-21 17:00:00+00:00,0.016666666666666666,0.058103013783693314,0.3736853865525423
2026-01-21 18:00:00+00:00,2026-01-22 06:00:00+00:00,1,12,1,2026-01-21 18:00:00+00:00,0.011666666666666667,0.03422645665705204,0.3736853865525423
2026-01-21 18:00:00+00:00,2026-01-22 07:00:00+00:00,1,13,2,2026-01-20 19:00:00+00:00,0.01,0.15046156694491705,0.3736853865525423
2026-01-21 18:00:00+00:00,2026-01-22 08:00:00+00:00,1,14,2,2026-01-20 20:00:00+00:00,0.15666666666666665,0.13502753525972366,0.3736853865525423
2026-01-21 18:00:00+00:00,2026-01-22 09:00:00+00:00,1,15,2,2026-01-20 21:00:00+00:00,0.32,0.2626428157091141,0.3736853865525423
2026-01-21 18:00:00+00:00,2026-01-22 10:00:00+00:00,1,16,2,2026-01-20 22:00:00+00:00,0.3016666666666667,0.4152958393096924,0.3736853865525423
2026-01-21 18:00:00+00:00,2026-01-22 11:00:00+00:00,1,17,2,2026-01-20 23:00:00+00:00,0.5083333333333333,0.6694074074427286,0.3736853865525423
2026-01-21 18:00:00+00:00,2026-01-22 12:00:00+00:00,1,18,2,2026-01-21 00:00:00+00:00,0.4716666666666667,0.8008879025777181,0.3736853865525423
2026-01-21 18:00:00+00:00,2026-01-22 13:00:00+00:00,1,19,2,2026-01-21 01:00:00+00:00,0.45166666666666666,0.9130916396776835,0.3736853865525423
2026-01-21 18:00:00+00:00,2026-01-22 14:00:00+00:00,1,20,2,2026-01-21 02:00:00+00:00,0.7066666666666667,0.9288920561472574,0.3736853865525423
2026-01-21 18:00:00+00:00,2026-01-22 15:00:00+00:00,1,21,2,2026-01-21 03:00:00+00:00,0.7583333333333333,0.9569049874941508,0.3736853865525423
2026-01-21 18:00:00+00:00,2026-01-22 16:00:00+00:00,1,22,2,2026-01-21 04:00:00+00:00,0.6983333333333333,0.9522431890169779,0.3736853865525423
2026-01-21 18:00:00+00:00,2026-01-22 17:00:00+00:00,1,23,2,2026-01-21 05:00:00+00:00,0.9700000000000001,0.9529846509297689,0.3736853865525423
2026-01-21 18:00:00+00:00,2026-01-22 18:00:00+00:00,1,24,2,2026-01-21 06:00:00+00:00,0.9883333333333333,0.9304328958193461,0.3736853865525423
2026-01-21 18:00:00+00:00,2026-01-22 19:00:00+00:00,1,25,2,2026-01-21 07:00:00+00:00,0.9899999999999999,0.9072745641072592,0.3736853865525423
2026-01-21 18:00:00+00:00,2026-01-22 20:00:00+00:00,1,26,2,2026-01-21 08:00:00+00:00,0.9899999999999999,0.8447301189104716,0.3736853865525423
2026-01-21 18:00:00+00:00,2026-01-22 21:00:00+00:00,1,27,2,2026-01-21 09:00:00+00:00,0.985,0.7111649115880331,0.3736853865525423
2026-01-21 18:00:00+00:00,2026-01-22 22:00:00+00:00,1,28,2,2026-01-21 10:00:00+00:00,0.8333333333333334,0.5067758659521738,0.3736853865525423
2026-01-21 18:00:00+00:00,2026-01-22 23:00:00+00:00,1,29,2,2026-01-21 11:00:00+00:00,0.4566666666666667,0.49140239755312604,0.3736853865525423
2026-01-21 18:00:00+00:00,2026-01-23 00:00:00+00:00,1,30,2,2026-01-21 12:00:00+00:00,0.42333333333333334,0.6438466906547546,0.3736853865525423
2026-01-21 18:00:00+00:00,2026-01-23 01:00:00+00:00,1,31,2,2026-01-21 13:00:00+00:00,0.4566666666666667,0.5569774707158407,0.3736853865525423
2026-01-21 18:00:00+00:00,2026-01-23 02:00:00+00:00,1,32,2,2026-01-21 14:00:00+00:00,0.3,0.4088058869043986,0.3736853865525423
2026-01-21 18:00:00+00:00,2026-01-23 03:00:00+00:00,1,33,2,2026-01-21 15:00:00+00:00,0.7200000000000001,0.11778981983661652,0.3736853865525423
2026-01-21 18:00:00+00:00,2026-01-23 04:00:00+00:00,1,34,2,2026-01-21 16:00:00+00:00,0.8333333333333334,0.059513366470734276,0.3736853865525423
2026-01-21 18:00:00+00:00,2026-01-23 05:00:00+00:00,1,35,2,2026-01-21 17:00:00+00:00,0.9049999999999999,0.04234545181194941,0.3736853865525423
2026-01-21 18:00:00+00:00,2026-01-23 06:00:00+00:00,1,36,2,2026-01-21 18:00:00+00:00,0.5033333333333333,0.03604616845647494,0.3736853865525423
2026-01-21 18:00:00+00:00,2026-01-23 07:00:00+00:00,1,37,3,2026-01-20 19:00:00+00:00,0.23333333333333336,0.041779556001226105,0.3736853865525423
2026-01-21 18:00:00+00:00,2026-01-23 08:00:00+00:00,1,38,3,2026-01-20 20:00:00+00:00,0.125,0.06179924060901006,0.3736853865525423
2026-01-21 18:00:00+00:00,2026-01-23 09:00:00+00:00,1,39,3,2026-01-20 21:00:00+00:00,0.17166666666666666,0.07254032169779141,0.3736853865525423
2026-01-21 18:00:00+00:00,2026-01-23 10:00:00+00:00,1,40,3,2026-01-20 22:00:00+00:00,0.3016666666666667,0.09967856109142303,0.3736853865525423
2026-01-21 18:00:00+00:00,2026-01-23 11:00:00+00:00,1,41,3,2026-01-20 23:00:00+00:00,0.65,0.14062407861153284,0.3736853865525423
2026-01-21 18:00:00+00:00,2026-01-23 12:00:00+00:00,1,42,3,2026-01-21 00:00:00+00:00,0.5233333333333333,0.19159171481927237,0.3736853865525423
2026-01-21 18:00:00+00:00,2026-01-23 13:00:00+00:00,1,43,3,2026-01-21 01:00:00+00:00,0.36333333333333334,0.17112796505292258,0.3736853865525423
2026-01-21 18:00:00+00:00,2026-01-23 14:00:00+00:00,1,44,3,2026-01-21 02:00:00+00:00,0.15166666666666667,0.1241271048784256,0.3736853865525423
2026-01-21 18:00:00+00:00,2026-01-23 15:00:00+00:00,1,45,3,2026-01-21 03:00:00+00:00,0.07333333333333333,0.09954887628555298,0.3736853865525423
2026-01-21 18:00:00+00:00,2026-01-23 16:00:00+00:00,1,46,3,2026-01-21 04:00:00+00:00,0.023333333333333334,0.10727655390898387,0.3736853865525423
2026-01-21 18:00:00+00:00,2026-01-23 17:00:00+00:00,1,47,3,2026-01-21 05:00:00+00:00,0.03833333333333334,0.11028693864742915,0.3736853865525423
2026-01-21 18:00:00+00:00,2026-01-23 18:00:00+00:00,1,48,3,2026-01-21 06:00:00+00:00,0.01,0.09334590534369151,0.3736853865525423
2026-01-21 18:00:00+00:00,2026-01-21 19:00:00+00:00,2,1,1,2026-01-21 07:00:00+00:00,0.4749999999999999,0.670812745889028,0.36829703959695215
2026-01-21 18:00:00+00:00,2026-01-21 20:00:00+00:00,2,2,1,2026-01-21 08:00:00+00:00,0.52,0.5689714550971985,0.36829703959695215
2026-01-21 18:00:00+00:00,2026-01-21 21:00:00+00:00,2,3,1,2026-01-21 09:00:00+00:00,0.385,0.13878246396780014,0.36829703959695215
2026-01-21 18:00:00+00:00,2026-01-21 22:00:00+00:00,2,4,1,2026-01-21 10:00:00+00:00,0.4283333333333334,0.011533553712069988,0.36829703959695215
2026-01-21 18:00:00+00:00,2026-01-21 23:00:00+00:00,2,5,1,2026-01-21 11:00:00+00:00,0.15166666666666667,0.03472067974507809,0.36829703959695215
2026-01-21 18:00:00+00:00,2026-01-22 00:00:00+00:00,2,6,1,2026-01-21 12:00:00+00:00,0.29833333333333334,0.03328592578570048,0.36829703959695215
2026-01-21 18:00:00+00:00,2026-01-22 01:00:00+00:00,2,7,1,2026-01-21 13:00:00+00:00,0.09000000000000001,0.029826636736591656,0.36829703959695215
2026-01-21 18:00:00+00:00,2026-01-22 02:00:00+00:00,2,8,1,2026-01-21 14:00:00+00:00,0.02666666666666667,0.01488268468528986,0.36829703959695215
2026-01-21 18:00:00+00:00,2026-01-22 03:00:00+00:00,2,9,1,2026-01-21 15:00:00+00:00,0.01,0.028422409668564796,0.36829703959695215
2026-01-21 18:00:00+00:00,2026-01-22 04:00:00+00:00,2,10,1,2026-01-21 16:00:00+00:00,0.028333333333333335,0.08814233789841334,0.36829703959695215
2026-01-21 18:00:00+00:00,2026-01-22 05:00:00+00:00,2,11,1,2026-01-21 17:00:00+00:00,0.016666666666666666,0.054260026663541794,0.36829703959695215
2026-01-21 18:00:00+00:00,2026-01-22 06:00:00+00:00,2,12,1,2026-01-21 18:00:00+00:00,0.01,0.03328586742281914,0.36829703959695215
2026-01-21 18:00:00+00:00,2026-01-22 07:00:00+00:00,2,13,2,2026-01-20 19:00:00+00:00,0.008333333333333333,0.14722851663827896,0.36829703959695215
2026-01-21 18:00:00+00:00,2026-01-22 08:00:00+00:00,2,14,2,2026-01-20 20:00:00+00:00,0.14833333333333334,0.13292227933804193,0.36829703959695215
2026-01-21 18:00:00+00:00,2026-01-22 09:00:00+00:00,2,15,2,2026-01-20 21:00:00+00:00,0.3283333333333333,0.2538271099328995,0.36829703959695215
2026-01-21 18:00:00+00:00,2026-01-22 10:00:00+00:00,2,16,2,2026-01-20 22:00:00+00:00,0.32166666666666666,0.4190951983133952,0.36829703959695215
2026-01-21 18:00:00+00:00,2026-01-22 11:00:00+00:00,2,17,2,2026-01-20 23:00:00+00:00,0.49499999999999994,0.6860642433166504,0.36829703959695215
2026-01-21 18:00:00+00:00,2026-01-22 12:00:00+00:00,2,18,2,2026-01-21 00:00:00+00:00,0.5116666666666666,0.8120430111885071,0.36829703959695215
2026-01-21 18:00:00+00:00,2026-01-22 13:00:00+00:00,2,19,2,2026-01-21 01:00:00+00:00,0.4683333333333333,0.9169652660687765,0.36829703959695215
2026-01-21 18:00:00+00:00,2026-01-22 14:00:00+00:00,2,20,2,2026-01-21 02:00:00+00:00,0.7733333333333333,0.9288320541381836,0.36829703959695215
2026-01-21 18:00:00+00:00,2026-01-22 15:00:00+00:00,2,21,2,2026-01-21 03:00:00+00:00,0.8183333333333334,0.9528437455495199,0.36829703959695215
2026-01-21 18:00:00+00:00,2026-01-22 16:00:00+00:00,2,22,2,2026-01-21 04:00:00+00:00,0.6983333333333334,0.948820173740387,0.36829703959695215
2026-01-21 18:00:00+00:00,2026-01-22 17:00:00+00:00,2,23,2,2026-01-21 05:00:00+00:00,0.965,0.9500800768534342,0.36829703959695215
2026-01-21 18:00:00+00:00,2026-01-22 18:00:00+00:00,2,24,2,2026-01-21 06:00:00+00:00,0.9783333333333334,0.9243678649266561,0.36829703959695215
2026-01-21 18:00:00+00:00,2026-01-22 19:00:00+00:00,2,25,2,2026-01-21 07:00:00+00:00,0.9816666666666666,0.8975661993026733,0.36829703959695215
2026-01-21 18:00:00+00:00,2026-01-22 20:00:00+00:00,2,26,2,2026-01-21 08:00:00+00:00,0.985,0.8257653713226318,0.36829703959695215
2026-01-21 18:00:00+00:00,2026-01-22 21:00:00+00:00,2,27,2,2026-01-21 09:00:00+00:00,0.9816666666666666,0.6848141749699911,0.36829703959695215
2026-01-21 18:00:00+00:00,2026-01-22 22:00:00+00:00,2,28,2,2026-01-21 10:00:00+00:00,0.8316666666666667,0.46599623560905457,0.36829703959695215
2026-01-21 18:00:00+00:00,2026-01-22 23:00:00+00:00,2,29,2,2026-01-21 11:00:00+00:00,0.4666666666666666,0.46435155471165973,0.36829703959695215
2026-01-21 18:00:00+00:00,2026-01-23 00:00:00+00:00,2,30,2,2026-01-21 12:00:00+00:00,0.43333333333333335,0.6387165188789368,0.36829703959695215
2026-01-21 18:00:00+00:00,2026-01-23 01:00:00+00:00,2,31,2,2026-01-21 13:00:00+00:00,0.4666666666666666,0.54184889793396,0.36829703959695215
2026-01-21 18:00:00+00:00,2026-01-23 02:00:00+00:00,2,32,2,2026-01-21 14:00:00+00:00,0.3116666666666667,0.41424234708150226,0.36829703959695215
2026-01-21 18:00:00+00:00,2026-01-23 03:00:00+00:00,2,33,2,2026-01-21 15:00:00+00:00,0.71,0.12212149302164714,0.36829703959695215
2026-01-21 18:00:00+00:00,2026-01-23 04:00:00+00:00,2,34,2,2026-01-21 16:00:00+00:00,0.8483333333333333,0.05859614039460818,0.36829703959695215
2026-01-21 18:00:00+00:00,2026-01-23 05:00:00+00:00,2,35,2,2026-01-21 17:00:00+00:00,0.9199999999999999,0.04052469444771608,0.36829703959695215
2026-01-21 18:00:00+00:00,2026-01-23 06:00:00+00:00,2,36,2,2026-01-21 18:00:00+00:00,0.47666666666666674,0.032634840036431946,0.36829703959695215
2026-01-21 18:00:00+00:00,2026-01-23 07:00:00+00:00,2,37,3,2026-01-20 19:00:00+00:00,0.25,0.03832991483310858,0.36829703959695215
2026-01-21 18:00:00+00:00,2026-01-23 08:00:00+00:00,2,38,3,2026-01-20 20:00:00+00:00,0.12833333333333333,0.056987613439559937,0.36829703959695215
2026-01-21 18:00:00+00:00,2026-01-23 09:00:00+00:00,2,39,3,2026-01-20 21:00:00+00:00,0.16833333333333333,0.06997895364960034,0.36829703959695215
2026-01-21 18:00:00+00:00,2026-01-23 10:00:00+00:00,2,40,3,2026-01-20 22:00:00+00:00,0.315,0.09588058292865753,0.36829703959695215
2026-01-21 18:00:00+00:00,2026-01-23 11:00:00+00:00,2,41,3,2026-01-20 23:00:00+00:00,0.6533333333333333,0.14275027314821878,0.36829703959695215
2026-01-21 18:00:00+00:00,2026-01-23 12:00:00+00:00,2,42,3,2026-01-21 00:00:00+00:00,0.5433333333333333,0.2005076209704081,0.36829703959695215
2026-01-21 18:00:00+00:00,2026-01-23 13:00:00+00:00,2,43,3,2026-01-21 01:00:00+00:00,0.3833333333333333,0.17419602970282236,0.36829703959695215
2026-01-21 18:00:00+00:00,2026-01-23 14:00:00+00:00,2,44,3,2026-01-21 02:00:00+00:00,0.15333333333333335,0.11593595147132874,0.36829703959695215
2026-01-21 18:00:00+00:00,2026-01-23 15:00:00+00:00,2,45,3,2026-01-21 03:00:00+00:00,0.07166666666666667,0.0929471676548322,0.36829703959695215
2026-01-21 18:00:00+00:00,2026-01-23 16:00:00+00:00,2,46,3,2026-01-21 04:00:00+00:00,0.023333333333333334,0.10084503889083862,0.36829703959695215
2026-01-21 18:00:00+00:00,2026-01-23 17:00:00+00:00,2,47,3,2026-01-21 05:00:00+00:00,0.03833333333333334,0.10646659632523854,0.36829703959695215
2026-01-21 18:00:00+00:00,2026-01-23 18:00:00+00:00,2,48,3,2026-01-21 06:00:00+00:00,0.01,0.08755828440189362,0.36829703959695215
2026-01-22 18:00:00+00:00,2026-01-22 19:00:00+00:00,1,1,1,2026-01-22 07:00:00+00:00,0.9899999999999999,0.7709884842236837,0.3736853865525423
2026-01-22 18:00:00+00:00,2026-01-22 20:00:00+00:00,1,2,1,2026-01-22 08:00:00+00:00,0.9899999999999999,0.7001964052518209,0.3736853865525423
2026-01-22 18:00:00+00:00,2026-01-22 21:00:00+00:00,1,3,1,2026-01-22 09:00:00+00:00,0.985,0.649736205736796,0.3736853865525423
2026-01-22 18:00:00+00:00,2026-01-22 22:00:00+00:00,1,4,1,2026-01-22 10:00:00+00:00,0.8333333333333334,0.7546778519948324,0.3736853865525423
2026-01-22 18:00:00+00:00,2026-01-22 23:00:00+00:00,1,5,1,2026-01-22 11:00:00+00:00,0.4566666666666667,0.725257396697998,0.3736853865525423
2026-01-22 18:00:00+00:00,2026-01-23 00:00:00+00:00,1,6,1,2026-01-22 12:00:00+00:00,0.42333333333333334,0.5002472500006357,0.3736853865525423
2026-01-22 18:00:00+00:00,2026-01-23 01:00:00+00:00,1,7,1,2026-01-22 13:00:00+00:00,0.4566666666666667,0.47368956605593365,0.3736853865525423
2026-01-22 18:00:00+00:00,2026-01-23 02:00:00+00:00,1,8,1,2026-01-22 14:00:00+00:00,0.3,0.48957282304763794,0.3736853865525423
2026-01-22 18:00:00+00:00,2026-01-23 03:00:00+00:00,1,9,1,2026-01-22 15:00:00+00:00,0.7200000000000001,0.45138148466746014,0.3736853865525423
2026-01-22 18:00:00+00:00,2026-01-23 04:00:00+00:00,1,10,1,2026-01-22 16:00:00+00:00,0.8333333333333334,0.26881404717763263,0.3736853865525423
2026-01-22 18:00:00+00:00,2026-01-23 05:00:00+00:00,1,11,1,2026-01-22 17:00:00+00:00,0.9049999999999999,0.09972802797953288,0.3736853865525423
2026-01-22 18:00:00+00:00,2026-01-23 06:00:00+00:00,1,12,1,2026-01-22 18:00:00+00:00,0.5033333333333333,0.5034377574920654,0.3736853865525423
2026-01-22 18:00:00+00:00,2026-01-23 07:00:00+00:00,1,13,2,2026-01-21 19:00:00+00:00,0.23333333333333336,0.04133682449658712,0.3736853865525423
2026-01-22 18:00:00+00:00,2026-01-23 08:00:00+00:00,1,14,2,2026-01-21 20:00:00+00:00,0.125,0.1104549194375674,0.3736853865525423
2026-01-22 18:00:00+00:00,2026-01-23 09:00:00+00:00,1,15,2,2026-01-21 21:00:00+00:00,0.17166666666666666,0.1884484887123108,0.3736853865525423
2026-01-22 18:00:00+00:00,2026-01-23 10:00:00+00:00,1,16,2,2026-01-21 22:00:00+00:00,0.3016666666666667,0.218874325354894,0.3736853865525423
2026-01-22 18:00:00+00:00,2026-01-23 11:00:00+00:00,1,17,2,2026-01-21 23:00:00+00:00,0.65,0.33487295111020404,0.3736853865525423
2026-01-22 18:00:00+00:00,2026-01-23 12:00:00+00:00,1,18,2,2026-01-22 00:00:00+00:00,0.5233333333333333,0.3068729241689046,0.3736853865525423
2026-01-22 18:00:00+00:00,2026-01-23 13:00:00+00:00,1,19,2,2026-01-22 01:00:00+00:00,0.36333333333333334,0.555731733640035,0.3736853865525423
2026-01-22 18:00:00+00:00,2026-01-23 14:00:00+00:00,1,20,2,2026-01-22 02:00:00+00:00,0.15166666666666667,0.6321553985277811,0.3736853865525423
2026-01-22 18:00:00+00:00,2026-01-23 15:00:00+00:00,1,21,2,2026-01-22 03:00:00+00:00,0.07333333333333333,0.47536219159762066,0.3736853865525423
2026-01-22 18:00:00+00:00,2026-01-23 16:00:00+00:00,1,22,2,2026-01-22 04:00:00+00:00,0.023333333333333334,0.3100712498029073,0.3736853865525423
2026-01-22 18:00:00+00:00,2026-01-23 17:00:00+00:00,1,23,2,2026-01-22 05:00:00+00:00,0.03833333333333334,0.24485024313131967,0.3736853865525423
2026-01-22 18:00:00+00:00,2026-01-23 18:00:00+00:00,1,24,2,2026-01-22 06:00:00+00:00,0.01,0.28982965648174286,0.3736853865525423
2026-01-22 18:00:00+00:00,2026-01-23 19:00:00+00:00,1,25,2,2026-01-22 07:00:00+00:00,0.01,0.21503020326296488,0.3736853865525423
2026-01-22 18:00:00+00:00,2026-01-23 20:00:00+00:00,1,26,2,2026-01-22 08:00:00+00:00,0.01,0.10681459307670593,0.3736853865525423
2026-01-22 18:00:00+00:00,2026-01-23 21:00:00+00:00,1,27,2,2026-01-22 09:00:00+00:00,0.01,0.021762867147723835,0.3736853865525423
2026-01-22 18:00:00+00:00,2026-01-23 22:00:00+00:00,1,28,2,2026-01-22 10:00:00+00:00,0.01,0.026655469089746475,0.3736853865525423
2026-01-22 18:00:00+00:00,2026-01-23 23:00:00+00:00,1,29,2,2026-01-22 11:00:00+00:00,0.01,0.07423397401968639,0.3736853865525423
2026-01-22 18:00:00+00:00,2026-01-24 00:00:00+00:00,1,30,2,2026-01-22 12:00:00+00:00,0.01,0.48153987526893616,0.3736853865525423
2026-01-22 18:00:00+00:00,2026-01-24 01:00:00+00:00,1,31,2,2026-01-22 13:00:00+00:00,0.03333333333333333,0.698458751042684,0.3736853865525423
2026-01-22 18:00:00+00:00,2026-01-24 02:00:00+00:00,1,32,2,2026-01-22 14:00:00+00:00,0.10833333333333332,0.778383751710256,0.3736853865525423
2026-01-22 18:00:00+00:00,2026-01-24 03:00:00+00:00,1,33,2,2026-01-22 15:00:00+00:00,0.71,0.8948606848716736,0.3736853865525423
2026-01-22 18:00:00+00:00,2026-01-24 04:00:00+00:00,1,34,2,2026-01-22 16:00:00+00:00,0.9716666666666667,0.9750343163808187,0.3736853865525423
2026-01-22 18:00:00+00:00,2026-01-24 05:00:00+00:00,1,35,2,2026-01-22 17:00:00+00:00,0.9899999999999999,0.9905398289362589,0.3736853865525423
2026-01-22 18:00:00+00:00,2026-01-24 06:00:00+00:00,1,36,2,2026-01-22 18:00:00+00:00,0.9899999999999999,0.9948580861091614,0.3736853865525423
2026-01-22 18:00:00+00:00,2026-01-24 07:00:00+00:00,1,37,3,2026-01-21 19:00:00+00:00,0.8533333333333334,0.9973336458206177,0.3736853865525423
2026-01-22 18:00:00+00:00,2026-01-24 08:00:00+00:00,1,38,3,2026-01-21 20:00:00+00:00,0.9899999999999999,0.9975038766860962,0.3736853865525423
2026-01-22 18:00:00+00:00,2026-01-24 09:00:00+00:00,1,39,3,2026-01-21 21:00:00+00:00,0.9899999999999999,0.997301975886027,0.3736853865525423
2026-01-22 18:00:00+00:00,2026-01-24 10:00:00+00:00,1,40,3,2026-01-21 22:00:00+00:00,0.9866666666666667,0.9965365330378214,0.3736853865525423
2026-01-22 18:00:00+00:00,2026-01-24 11:00:00+00:00,1,41,3,2026-01-21 23:00:00+00:00,0.9883333333333333,0.9949837724367777,0.3736853865525423
2026-01-22 18:00:00+00:00,2026-01-24 12:00:00+00:00,1,42,3,2026-01-22 00:00:00+00:00,0.9899999999999999,0.9907951752344767,0.3736853865525423
2026-01-22 18:00:00+00:00,2026-01-24 13:00:00+00:00,1,43,3,2026-01-22 01:00:00+00:00,0.9899999999999999,0.9887966712315878,0.3736853865525423
2026-01-22 18:00:00+00:00,2026-01-24 14:00:00+00:00,1,44,3,2026-01-22 02:00:00+00:00,0.9483333333333333,0.9846601088841757,0.3736853865525423
2026-01-22 18:00:00+00:00,2026-01-24 15:00:00+00:00,1,45,3,2026-01-22 03:00:00+00:00,0.9700000000000001,0.9767615596453348,0.3736853865525423
2026-01-22 18:00:00+00:00,2026-01-24 16:00:00+00:00,1,46,3,2026-01-22 04:00:00+00:00,0.9899999999999999,0.9697475433349609,0.3736853865525423
2026-01-22 18:00:00+00:00,2026-01-24 17:00:00+00:00,1,47,3,2026-01-22 05:00:00+00:00,0.96,0.961471438407898,0.3736853865525423
2026-01-22 18:00:00+00:00,2026-01-24 18:00:00+00:00,1,48,3,2026-01-22 06:00:00+00:00,0.9716666666666667,0.9708771904309591,0.3736853865525423
2026-01-22 18:00:00+00:00,2026-01-22 19:00:00+00:00,2,1,1,2026-01-22 07:00:00+00:00,0.9816666666666666,0.7367277344067892,0.36829703959695215
2026-01-22 18:00:00+00:00,2026-01-22 20:00:00+00:00,2,2,1,2026-01-22 08:00:00+00:00,0.985,0.6608367164929708,0.36829703959695215
2026-01-22 18:00:00+00:00,2026-01-22 21:00:00+00:00,2,3,1,2026-01-22 09:00:00+00:00,0.9816666666666666,0.5994943181673685,0.36829703959695215
2026-01-22 18:00:00+00:00,2026-01-22 22:00:00+00:00,2,4,1,2026-01-22 10:00:00+00:00,0.8316666666666667,0.7234226663907369,0.36829703959695215
2026-01-22 18:00:00+00:00,2026-01-22 23:00:00+00:00,2,5,1,2026-01-22 11:00:00+00:00,0.4666666666666666,0.7022923628489176,0.36829703959695215
2026-01-22 18:00:00+00:00,2026-01-23 00:00:00+00:00,2,6,1,2026-01-22 12:00:00+00:00,0.43333333333333335,0.47201884786287945,0.36829703959695215
2026-01-22 18:00:00+00:00,2026-01-23 01:00:00+00:00,2,7,1,2026-01-22 13:00:00+00:00,0.4666666666666666,0.44102556506792706,0.36829703959695215
2026-01-22 18:00:00+00:00,2026-01-23 02:00:00+00:00,2,8,1,2026-01-22 14:00:00+00:00,0.3116666666666667,0.4767439862092336,0.36829703959695215
2026-01-22 18:00:00+00:00,2026-01-23 03:00:00+00:00,2,9,1,2026-01-22 15:00:00+00:00,0.71,0.4635215997695923,0.36829703959695215
2026-01-22 18:00:00+00:00,2026-01-23 04:00:00+00:00,2,10,1,2026-01-22 16:00:00+00:00,0.8483333333333333,0.3030140846967697,0.36829703959695215
2026-01-22 18:00:00+00:00,2026-01-23 05:00:00+00:00,2,11,1,2026-01-22 17:00:00+00:00,0.9199999999999999,0.10980378588040669,0.36829703959695215
2026-01-22 18:00:00+00:00,2026-01-23 06:00:00+00:00,2,12,1,2026-01-22 18:00:00+00:00,0.47666666666666674,0.4953854481379191,0.36829703959695215
2026-01-22 18:00:00+00:00,2026-01-23 07:00:00+00:00,2,13,2,2026-01-21 19:00:00+00:00,0.25,0.03883588624497255,0.36829703959695215
2026-01-22 18:00:00+00:00,2026-01-23 08:00:00+00:00,2,14,2,2026-01-21 20:00:00+00:00,0.12833333333333333,0.1012744630376498,0.36829703959695215
2026-01-22 18:00:00+00:00,2026-01-23 09:00:00+00:00,2,15,2,2026-01-21 21:00:00+00:00,0.16833333333333333,0.188743789990743,0.36829703959695215
2026-01-22 18:00:00+00:00,2026-01-23 10:00:00+00:00,2,16,2,2026-01-21 22:00:00+00:00,0.315,0.2283429503440857,0.36829703959695215
2026-01-22 18:00:00+00:00,2026-01-23 11:00:00+00:00,2,17,2,2026-01-21 23:00:00+00:00,0.6533333333333333,0.3282752235730489,0.36829703959695215
2026-01-22 18:00:00+00:00,2026-01-23 12:00:00+00:00,2,18,2,2026-01-22 00:00:00+00:00,0.5433333333333333,0.29509777824083966,0.36829703959695215
2026-01-22 18:00:00+00:00,2026-01-23 13:00:00+00:00,2,19,2,2026-01-22 01:00:00+00:00,0.3833333333333333,0.5273186763127645,0.36829703959695215
2026-01-22 18:00:00+00:00,2026-01-23 14:00:00+00:00,2,20,2,2026-01-22 02:00:00+00:00,0.15333333333333335,0.5864160458246866,0.36829703959695215
2026-01-22 18:00:00+00:00,2026-01-23 15:00:00+00:00,2,21,2,2026-01-22 03:00:00+00:00,0.07166666666666667,0.42283615469932556,0.36829703959695215
2026-01-22 18:00:00+00:00,2026-01-23 16:00:00+00:00,2,22,2,2026-01-22 04:00:00+00:00,0.023333333333333334,0.2652132213115692,0.36829703959695215
2026-01-22 18:00:00+00:00,2026-01-23 17:00:00+00:00,2,23,2,2026-01-22 05:00:00+00:00,0.03833333333333334,0.20905600488185883,0.36829703959695215
2026-01-22 18:00:00+00:00,2026-01-23 18:00:00+00:00,2,24,2,2026-01-22 06:00:00+00:00,0.01,0.2546364863713582,0.36829703959695215
2026-01-22 18:00:00+00:00,2026-01-23 19:00:00+00:00,2,25,2,2026-01-22 07:00:00+00:00,0.01,0.1883085717757543,0.36829703959695215
2026-01-22 18:00:00+00:00,2026-01-23 20:00:00+00:00,2,26,2,2026-01-22 08:00:00+00:00,0.011666666666666667,0.08986012637615204,0.36829703959695215
2026-01-22 18:00:00+00:00,2026-01-23 21:00:00+00:00,2,27,2,2026-01-22 09:00:00+00:00,0.01,0.021265595220029354,0.36829703959695215
2026-01-22 18:00:00+00:00,2026-01-23 22:00:00+00:00,2,28,2,2026-01-22 10:00:00+00:00,0.01,0.024062175303697586,0.36829703959695215
2026-01-22 18:00:00+00:00,2026-01-23 23:00:00+00:00,2,29,2,2026-01-22 11:00:00+00:00,0.01,0.06614464769760768,0.36829703959695215
2026-01-22 18:00:00+00:00,2026-01-24 00:00:00+00:00,2,30,2,2026-01-22 12:00:00+00:00,0.01,0.44246424237887066,0.36829703959695215
2026-01-22 18:00:00+00:00,2026-01-24 01:00:00+00:00,2,31,2,2026-01-22 13:00:00+00:00,0.018333333333333333,0.6764981547991434,0.36829703959695215
2026-01-22 18:00:00+00:00,2026-01-24 02:00:00+00:00,2,32,2,2026-01-22 14:00:00+00:00,0.03666666666666667,0.7503827214241028,0.36829703959695215
2026-01-22 18:00:00+00:00,2026-01-24 03:00:00+00:00,2,33,2,2026-01-22 15:00:00+00:00,0.115,0.8825794259707133,0.36829703959695215
2026-01-22 18:00:00+00:00,2026-01-24 04:00:00+00:00,2,34,2,2026-01-22 16:00:00+00:00,0.01,0.972637951374054,0.36829703959695215
2026-01-22 18:00:00+00:00,2026-01-24 05:00:00+00:00,2,35,2,2026-01-22 17:00:00+00:00,0.44,0.9891825318336487,0.36829703959695215
2026-01-22 18:00:00+00:00,2026-01-24 06:00:00+00:00,2,36,2,2026-01-22 18:00:00+00:00,0.98,0.9940588672955831,0.36829703959695215
2026-01-22 18:00:00+00:00,2026-01-24 07:00:00+00:00,2,37,3,2026-01-21 19:00:00+00:00,0.6233333333333334,0.9970792730649313,0.36829703959695215
2026-01-22 18:00:00+00:00,2026-01-24 08:00:00+00:00,2,38,3,2026-01-21 20:00:00+00:00,0.98,0.9972639481226603,0.36829703959695215
2026-01-22 18:00:00+00:00,2026-01-24 09:00:00+00:00,2,39,3,2026-01-21 21:00:00+00:00,0.9816666666666666,0.9969934225082397,0.36829703959695215
2026-01-22 18:00:00+00:00,2026-01-24 10:00:00+00:00,2,40,3,2026-01-21 22:00:00+00:00,0.9899999999999999,0.9960853258768717,0.36829703959695215
2026-01-22 18:00:00+00:00,2026-01-24 11:00:00+00:00,2,41,3,2026-01-21 23:00:00+00:00,0.985,0.9942052960395813,0.36829703959695215
2026-01-22 18:00:00+00:00,2026-01-24 12:00:00+00:00,2,42,3,2026-01-22 00:00:00+00:00,0.9899999999999999,0.9893677632013956,0.36829703959695215
2026-01-22 18:00:00+00:00,2026-01-24 13:00:00+00:00,2,43,3,2026-01-22 01:00:00+00:00,0.9899999999999999,0.9871217012405396,0.36829703959695215
2026-01-22 18:00:00+00:00,2026-01-24 14:00:00+00:00,2,44,3,2026-01-22 02:00:00+00:00,0.9899999999999999,0.9827286203702291,0.36829703959695215
2026-01-22 18:00:00+00:00,2026-01-24 15:00:00+00:00,2,45,3,2026-01-22 03:00:00+00:00,0.955,0.97321750720342,0.36829703959695215
2026-01-22 18:00:00+00:00,2026-01-24 16:00:00+00:00,2,46,3,2026-01-22 04:00:00+00:00,0.9899999999999999,0.9651546080907186,0.36829703959695215
2026-01-22 18:00:00+00:00,2026-01-24 17:00:00+00:00,2,47,3,2026-01-22 05:00:00+00:00,0.9899999999999999,0.9563749035199484,0.36829703959695215
2026-01-22 18:00:00+00:00,2026-01-24 18:00:00+00:00,2,48,3,2026-01-22 06:00:00+00:00,0.9883333333333333,0.9677121241887411,0.36829703959695215
2026-01-23 18:00:00+00:00,2026-01-23 19:00:00+00:00,1,1,1,2026-01-23 07:00:00+00:00,0.01,0.038044833267728485,0.3736853865525423
2026-01-23 18:00:00+00:00,2026-01-23 20:00:00+00:00,1,2,1,2026-01-23 08:00:00+00:00,0.01,0.009889562614262104,0.3736853865525423
2026-01-23 18:00:00+00:00,2026-01-23 21:00:00+00:00,1,3,1,2026-01-23 09:00:00+00:00,0.01,0.021944725265105564,0.3736853865525423
2026-01-23 18:00:00+00:00,2026-01-23 22:00:00+00:00,1,4,1,2026-01-23 10:00:00+00:00,0.01,0.04328788444399834,0.3736853865525423
2026-01-23 18:00:00+00:00,2026-01-23 23:00:00+00:00,1,5,1,2026-01-23 11:00:00+00:00,0.01,0.20738296707471213,0.3736853865525423
2026-01-23 18:00:00+00:00,2026-01-24 00:00:00+00:00,1,6,1,2026-01-23 12:00:00+00:00,0.01,0.43879984815915424,0.3736853865525423
2026-01-23 18:00:00+00:00,2026-01-24 01:00:00+00:00,1,7,1,2026-01-23 13:00:00+00:00,0.03333333333333333,0.6351129015286764,0.3736853865525423
2026-01-23 18:00:00+00:00,2026-01-24 02:00:00+00:00,1,8,1,2026-01-23 14:00:00+00:00,0.10833333333333332,0.75935431321462,0.3736853865525423
2026-01-23 18:00:00+00:00,2026-01-24 03:00:00+00:00,1,9,1,2026-01-23 15:00:00+00:00,0.71,0.9408905704816183,0.3736853865525423
2026-01-23 18:00:00+00:00,2026-01-24 04:00:00+00:00,1,10,1,2026-01-23 16:00:00+00:00,0.9716666666666667,0.9734187324841818,0.3736853865525423
2026-01-23 18:00:00+00:00,2026-01-24 05:00:00+00:00,1,11,1,2026-01-23 17:00:00+00:00,0.9899999999999999,0.9891898234685262,0.3736853865525423
2026-01-23 18:00:00+00:00,2026-01-24 06:00:00+00:00,1,12,1,2026-01-23 18:00:00+00:00,0.9899999999999999,0.9932442307472229,0.3736853865525423
2026-01-23 18:00:00+00:00,2026-01-24 07:00:00+00:00,1,13,2,2026-01-22 19:00:00+00:00,0.8533333333333334,0.9959469040234884,0.3736853865525423
2026-01-23 18:00:00+00:00,2026-01-24 08:00:00+00:00,1,14,2,2026-01-22 20:00:00+00:00,0.9899999999999999,0.9958609541257223,0.3736853865525423
2026-01-23 18:00:00+00:00,2026-01-24 09:00:00+00:00,1,15,2,2026-01-22 21:00:00+00:00,0.9899999999999999,0.9956982731819153,0.3736853865525423
2026-01-23 18:00:00+00:00,2026-01-24 10:00:00+00:00,1,16,2,2026-01-22 22:00:00+00:00,0.9866666666666667,0.9939429561297098,0.3736853865525423
2026-01-23 18:00:00+00:00,2026-01-24 11:00:00+00:00,1,17,2,2026-01-22 23:00:00+00:00,0.9883333333333333,0.9909805059432983,0.3736853865525423
2026-01-23 18:00:00+00:00,2026-01-24 12:00:00+00:00,1,18,2,2026-01-23 00:00:00+00:00,0.9899999999999999,0.9909477233886719,0.3736853865525423
2026-01-23 18:00:00+00:00,2026-01-24 13:00:00+00:00,1,19,2,2026-01-23 01:00:00+00:00,0.9899999999999999,0.9873876174290975,0.3736853865525423
2026-01-23 18:00:00+00:00,2026-01-24 14:00:00+00:00,1,20,2,2026-01-23 02:00:00+00:00,0.9483333333333333,0.9829630851745605,0.3736853865525423
2026-01-23 18:00:00+00:00,2026-01-24 15:00:00+00:00,1,21,2,2026-01-23 03:00:00+00:00,0.9700000000000001,0.9687899351119995,0.3736853865525423
2026-01-23 18:00:00+00:00,2026-01-24 16:00:00+00:00,1,22,2,2026-01-23 04:00:00+00:00,0.9899999999999999,0.9616837700208029,0.3736853865525423
2026-01-23 18:00:00+00:00,2026-01-24 17:00:00+00:00,1,23,2,2026-01-23 05:00:00+00:00,0.96,0.9451901912689209,0.3736853865525423
2026-01-23 18:00:00+00:00,2026-01-24 18:00:00+00:00,1,24,2,2026-01-23 06:00:00+00:00,0.9716666666666667,0.9353914260864258,0.3736853865525423
2026-01-23 18:00:00+00:00,2026-01-24 19:00:00+00:00,1,25,2,2026-01-23 07:00:00+00:00,0.9766666666666666,0.8797634840011597,0.3736853865525423
2026-01-23 18:00:00+00:00,2026-01-24 20:00:00+00:00,1,26,2,2026-01-23 08:00:00+00:00,0.6383333333333333,0.7574666937192281,0.3736853865525423
2026-01-23 18:00:00+00:00,2026-01-24 21:00:00+00:00,1,27,2,2026-01-23 09:00:00+00:00,0.295,0.6361951430638632,0.3736853865525423
2026-01-23 18:00:00+00:00,2026-01-24 22:00:00+00:00,1,28,2,2026-01-23 10:00:00+00:00,0.49500000000000005,0.5819891293843588,0.3736853865525423
2026-01-23 18:00:00+00:00,2026-01-24 23:00:00+00:00,1,29,2,2026-01-23 11:00:00+00:00,0.5533333333333333,0.5236870249112447,0.3736853865525423
2026-01-23 18:00:00+00:00,2026-01-25 00:00:00+00:00,1,30,2,2026-01-23 12:00:00+00:00,0.13166666666666668,0.2047625631093979,0.3736853865525423
2026-01-23 18:00:00+00:00,2026-01-25 01:00:00+00:00,1,31,2,2026-01-23 13:00:00+00:00,0.023333333333333334,0.05421575531363487,0.3736853865525423
2026-01-23 18:00:00+00:00,2026-01-25 02:00:00+00:00,1,32,2,2026-01-23 14:00:00+00:00,0.35833333333333334,0.02246833872050047,0.3736853865525423
2026-01-23 18:00:00+00:00,2026-01-25 03:00:00+00:00,1,33,2,2026-01-23 15:00:00+00:00,0.35333333333333333,0.02040075200299422,0.3736853865525423
2026-01-23 18:00:00+00:00,2026-01-25 04:00:00+00:00,1,34,2,2026-01-23 16:00:00+00:00,0.14666666666666667,0.018714283282558124,0.3736853865525423
2026-01-23 18:00:00+00:00,2026-01-25 05:00:00+00:00,1,35,2,2026-01-23 17:00:00+00:00,0.06666666666666667,0.014685120899230242,0.3736853865525423
2026-01-23 18:00:00+00:00,2026-01-25 06:00:00+00:00,1,36,2,2026-01-23 18:00:00+00:00,0.008333333333333333,0.029093367978930473,0.3736853865525423
2026-01-23 18:00:00+00:00,2026-01-25 07:00:00+00:00,1,37,3,2026-01-22 19:00:00+00:00,0.01,0.04803973933060964,0.3736853865525423
2026-01-23 18:00:00+00:00,2026-01-25 08:00:00+00:00,1,38,3,2026-01-22 20:00:00+00:00,0.01,0.06030339499314626,0.3736853865525423
2026-01-23 18:00:00+00:00,2026-01-25 09:00:00+00:00,1,39,3,2026-01-22 21:00:00+00:00,0.01,0.08774253229300182,0.3736853865525423
2026-01-23 18:00:00+00:00,2026-01-25 10:00:00+00:00,1,40,3,2026-01-22 22:00:00+00:00,0.01,0.116643987596035,0.3736853865525423
2026-01-23 18:00:00+00:00,2026-01-25 11:00:00+00:00,1,41,3,2026-01-22 23:00:00+00:00,0.01,0.2303699254989624,0.3736853865525423
2026-01-23 18:00:00+00:00,2026-01-25 12:00:00+00:00,1,42,3,2026-01-23 00:00:00+00:00,0.01,0.2922113239765167,0.3736853865525423
2026-01-23 18:00:00+00:00,2026-01-25 13:00:00+00:00,1,43,3,2026-01-23 01:00:00+00:00,0.01,0.32798754175504047,0.3736853865525423
2026-01-23 18:00:00+00:00,2026-01-25 14:00:00+00:00,1,44,3,2026-01-23 02:00:00+00:00,0.03666666666666667,0.34437530239423114,0.3736853865525423
2026-01-23 18:00:00+00:00,2026-01-25 15:00:00+00:00,1,45,3,2026-01-23 03:00:00+00:00,0.14833333333333334,0.2483388235171636,0.3736853865525423
2026-01-23 18:00:00+00:00,2026-01-25 16:00:00+00:00,1,46,3,2026-01-23 04:00:00+00:00,0.20166666666666666,0.11835402250289917,0.3736853865525423
2026-01-23 18:00:00+00:00,2026-01-25 17:00:00+00:00,1,47,3,2026-01-23 05:00:00+00:00,0.33666666666666667,0.10460741569598515,0.3736853865525423
2026-01-23 18:00:00+00:00,2026-01-25 18:00:00+00:00,1,48,3,2026-01-23 06:00:00+00:00,0.61,0.03239144509037336,0.3736853865525423
2026-01-23 18:00:00+00:00,2026-01-23 19:00:00+00:00,2,1,1,2026-01-23 07:00:00+00:00,0.01,0.032568116982777916,0.36829703959695215
2026-01-23 18:00:00+00:00,2026-01-23 20:00:00+00:00,2,2,1,2026-01-23 08:00:00+00:00,0.011666666666666667,0.00987631610284249,0.36829703959695215
2026-01-23 18:00:00+00:00,2026-01-23 21:00:00+00:00,2,3,1,2026-01-23 09:00:00+00:00,0.01,0.020848280129333336,0.36829703959695215
2026-01-23 18:00:00+00:00,2026-01-23 22:00:00+00:00,2,4,1,2026-01-23 10:00:00+00:00,0.01,0.038813519602020584,0.36829703959695215
2026-01-23 18:00:00+00:00,2026-01-23 23:00:00+00:00,2,5,1,2026-01-23 11:00:00+00:00,0.01,0.18311706682046255,0.36829703959695215
2026-01-23 18:00:00+00:00,2026-01-24 00:00:00+00:00,2,6,1,2026-01-23 12:00:00+00:00,0.01,0.4004109998544057,0.36829703959695215
2026-01-23 18:00:00+00:00,2026-01-24 01:00:00+00:00,2,7,1,2026-01-23 13:00:00+00:00,0.018333333333333333,0.5940319697062174,0.36829703959695215
2026-01-23 18:00:00+00:00,2026-01-24 02:00:00+00:00,2,8,1,2026-01-23 14:00:00+00:00,0.03666666666666667,0.7142285307248434,0.36829703959695215
2026-01-23 18:00:00+00:00,2026-01-24 03:00:00+00:00,2,9,1,2026-01-23 15:00:00+00:00,0.115,0.932500422000885,0.36829703959695215
2026-01-23 18:00:00+00:00,2026-01-24 04:00:00+00:00,2,10,1,2026-01-23 16:00:00+00:00,0.01,0.9715887705485026,0.36829703959695215
2026-01-23 18:00:00+00:00,2026-01-24 05:00:00+00:00,2,11,1,2026-01-23 17:00:00+00:00,0.44,0.9884712100028992,0.36829703959695215
2026-01-23 18:00:00+00:00,2026-01-24 06:00:00+00:00,2,12,1,2026-01-23 18:00:00+00:00,0.98,0.9927174846331278,0.36829703959695215
2026-01-23 18:00:00+00:00,2026-01-24 07:00:00+00:00,2,13,2,2026-01-22 19:00:00+00:00,0.6233333333333334,0.9953285455703735,0.36829703959695215
2026-01-23 18:00:00+00:00,2026-01-24 08:00:00+00:00,2,14,2,2026-01-22 20:00:00+00:00,0.98,0.9952638745307922,0.36829703959695215
2026-01-23 18:00:00+00:00,2026-01-24 09:00:00+00:00,2,15,2,2026-01-22 21:00:00+00:00,0.9816666666666666,0.9950902263323466,0.36829703959695215
2026-01-23 18:00:00+00:00,2026-01-24 10:00:00+00:00,2,16,2,2026-01-22 22:00:00+00:00,0.9899999999999999,0.9931195775667826,0.36829703959695215
2026-01-23 18:00:00+00:00,2026-01-24 11:00:00+00:00,2,17,2,2026-01-22 23:00:00+00:00,0.985,0.9896857142448425,0.36829703959695215
2026-01-23 18:00:00+00:00,2026-01-24 12:00:00+00:00,2,18,2,2026-01-23 00:00:00+00:00,0.9899999999999999,0.9903936187426249,0.36829703959695215
2026-01-23 18:00:00+00:00,2026-01-24 13:00:00+00:00,2,19,2,2026-01-23 01:00:00+00:00,0.9899999999999999,0.9861237208048502,0.36829703959695215
2026-01-23 18:00:00+00:00,2026-01-24 14:00:00+00:00,2,20,2,2026-01-23 02:00:00+00:00,0.9899999999999999,0.9808568755785624,0.36829703959695215
2026-01-23 18:00:00+00:00,2026-01-24 15:00:00+00:00,2,21,2,2026-01-23 03:00:00+00:00,0.955,0.9661726554234823,0.36829703959695215
2026-01-23 18:00:00+00:00,2026-01-24 16:00:00+00:00,2,22,2,2026-01-23 04:00:00+00:00,0.9899999999999999,0.9583738644917806,0.36829703959695215
2026-01-23 18:00:00+00:00,2026-01-24 17:00:00+00:00,2,23,2,2026-01-23 05:00:00+00:00,0.9899999999999999,0.9382918278376261,0.36829703959695215
2026-01-23 18:00:00+00:00,2026-01-24 18:00:00+00:00,2,24,2,2026-01-23 06:00:00+00:00,0.9883333333333333,0.9286147952079773,0.36829703959695215
2026-01-23 18:00:00+00:00,2026-01-24 19:00:00+00:00,2,25,2,2026-01-23 07:00:00+00:00,0.965,0.8661824862162272,0.36829703959695215
2026-01-23 18:00:00+00:00,2026-01-24 20:00:00+00:00,2,26,2,2026-01-23 08:00:00+00:00,0.5499999999999999,0.7358956336975098,0.36829703959695215
2026-01-23 18:00:00+00:00,2026-01-24 21:00:00+00:00,2,27,2,2026-01-23 09:00:00+00:00,0.23833333333333337,0.5941338737805685,0.36829703959695215
2026-01-23 18:00:00+00:00,2026-01-24 22:00:00+00:00,2,28,2,2026-01-23 10:00:00+00:00,0.49,0.5348110993703207,0.36829703959695215
2026-01-23 18:00:00+00:00,2026-01-24 23:00:00+00:00,2,29,2,2026-01-23 11:00:00+00:00,0.595,0.47239433725674945,0.36829703959695215
2026-01-23 18:00:00+00:00,2026-01-25 00:00:00+00:00,2,30,2,2026-01-23 12:00:00+00:00,0.1416666666666667,0.19524132708708444,0.36829703959695215
2026-01-23 18:00:00+00:00,2026-01-25 01:00:00+00:00,2,31,2,2026-01-23 13:00:00+00:00,0.023333333333333334,0.05069282899300257,0.36829703959695215
2026-01-23 18:00:00+00:00,2026-01-25 02:00:00+00:00,2,32,2,2026-01-23 14:00:00+00:00,0.37333333333333335,0.02101018155614535,0.36829703959695215
2026-01-23 18:00:00+00:00,2026-01-25 03:00:00+00:00,2,33,2,2026-01-23 15:00:00+00:00,0.37000000000000005,0.01850261228779952,0.36829703959695215
2026-01-23 18:00:00+00:00,2026-01-25 04:00:00+00:00,2,34,2,2026-01-23 16:00:00+00:00,0.13166666666666668,0.017139599658548832,0.36829703959695215
2026-01-23 18:00:00+00:00,2026-01-25 05:00:00+00:00,2,35,2,2026-01-23 17:00:00+00:00,0.06999999999999999,0.013487859473874172,0.36829703959695215
2026-01-23 18:00:00+00:00,2026-01-25 06:00:00+00:00,2,36,2,2026-01-23 18:00:00+00:00,0.005,0.02750384621322155,0.36829703959695215
2026-01-23 18:00:00+00:00,2026-01-25 07:00:00+00:00,2,37,3,2026-01-22 19:00:00+00:00,0.01,0.0489154780904452,0.36829703959695215
2026-01-23 18:00:00+00:00,2026-01-25 08:00:00+00:00,2,38,3,2026-01-22 20:00:00+00:00,0.008333333333333333,0.05745543291171392,0.36829703959695215
2026-01-23 18:00:00+00:00,2026-01-25 09:00:00+00:00,2,39,3,2026-01-22 21:00:00+00:00,0.01,0.08466558406750362,0.36829703959695215
2026-01-23 18:00:00+00:00,2026-01-25 10:00:00+00:00,2,40,3,2026-01-22 22:00:00+00:00,0.01,0.11353316654761632,0.36829703959695215
2026-01-23 18:00:00+00:00,2026-01-25 11:00:00+00:00,2,41,3,2026-01-22 23:00:00+00:00,0.01,0.22452284395694733,0.36829703959695215
2026-01-23 18:00:00+00:00,2026-01-25 12:00:00+00:00,2,42,3,2026-01-23 00:00:00+00:00,0.01,0.28837092717488605,0.36829703959695215
2026-01-23 18:00:00+00:00,2026-01-25 13:00:00+00:00,2,43,3,2026-01-23 01:00:00+00:00,0.01,0.316146860520045,0.36829703959695215
2026-01-23 18:00:00+00:00,2026-01-25 14:00:00+00:00,2,44,3,2026-01-23 02:00:00+00:00,0.03333333333333333,0.3219180405139923,0.36829703959695215
2026-01-23 18:00:00+00:00,2026-01-25 15:00:00+00:00,2,45,3,2026-01-23 03:00:00+00:00,0.13333333333333333,0.22561830778916678,0.36829703959695215
2026-01-23 18:00:00+00:00,2026-01-25 16:00:00+00:00,2,46,3,2026-01-23 04:00:00+00:00,0.215,0.10903675357500713,0.36829703959695215
2026-01-23 18:00:00+00:00,2026-01-25 17:00:00+00:00,2,47,3,2026-01-23 05:00:00+00:00,0.32666666666666666,0.1008050615588824,0.36829703959695215
2026-01-23 18:00:00+00:00,2026-01-25 18:00:00+00:00,2,48,3,2026-01-23 06:00:00+00:00,0.5416666666666666,0.03199898389478525,0.36829703959695215
2026-01-24 18:00:00+00:00,2026-01-24 19:00:00+00:00,1,1,1,2026-01-24 07:00:00+00:00,0.9766666666666666,0.9024514357248942,0.3736853865525423
2026-01-24 18:00:00+00:00,2026-01-24 20:00:00+00:00,1,2,1,2026-01-24 08:00:00+00:00,0.6383333333333333,0.8284587462743124,0.3736853865525423
2026-01-24 18:00:00+00:00,2026-01-24 21:00:00+00:00,1,3,1,2026-01-24 09:00:00+00:00,0.295,0.4883004327615102,0.3736853865525423
2026-01-24 18:00:00+00:00,2026-01-24 22:00:00+00:00,1,4,1,2026-01-24 10:00:00+00:00,0.49500000000000005,0.40222857395807904,0.3736853865525423
2026-01-24 18:00:00+00:00,2026-01-24 23:00:00+00:00,1,5,1,2026-01-24 11:00:00+00:00,0.5533333333333333,0.04377000033855438,0.3736853865525423
2026-01-24 18:00:00+00:00,2026-01-25 00:00:00+00:00,1,6,1,2026-01-24 12:00:00+00:00,0.13166666666666668,0.02196451493849357,0.3736853865525423
2026-01-24 18:00:00+00:00,2026-01-25 01:00:00+00:00,1,7,1,2026-01-24 13:00:00+00:00,0.023333333333333334,0.01538337767124176,0.3736853865525423
2026-01-24 18:00:00+00:00,2026-01-25 02:00:00+00:00,1,8,1,2026-01-24 14:00:00+00:00,0.35833333333333334,0.014104349228243033,0.3736853865525423
2026-01-24 18:00:00+00:00,2026-01-25 03:00:00+00:00,1,9,1,2026-01-24 15:00:00+00:00,0.35333333333333333,0.010241891878346602,0.3736853865525423
2026-01-24 18:00:00+00:00,2026-01-25 04:00:00+00:00,1,10,1,2026-01-24 16:00:00+00:00,0.14666666666666667,0.008502300906305512,0.3736853865525423
2026-01-24 18:00:00+00:00,2026-01-25 05:00:00+00:00,1,11,1,2026-01-24 17:00:00+00:00,0.06666666666666667,0.01970637372384469,0.3736853865525423
2026-01-24 18:00:00+00:00,2026-01-25 06:00:00+00:00,1,12,1,2026-01-24 18:00:00+00:00,0.008333333333333333,0.023825150604049366,0.3736853865525423
2026-01-24 18:00:00+00:00,2026-01-25 07:00:00+00:00,1,13,2,2026-01-23 19:00:00+00:00,0.01,0.03760533593595028,0.3736853865525423
2026-01-24 18:00:00+00:00,2026-01-25 08:00:00+00:00,1,14,2,2026-01-23 20:00:00+00:00,0.01,0.06206887091199557,0.3736853865525423
2026-01-24 18:00:00+00:00,2026-01-25 09:00:00+00:00,1,15,2,2026-01-23 21:00:00+00:00,0.01,0.0914301648736,0.3736853865525423
2026-01-24 18:00:00+00:00,2026-01-25 10:00:00+00:00,1,16,2,2026-01-23 22:00:00+00:00,0.01,0.0628453977406025,0.3736853865525423
2026-01-24 18:00:00+00:00,2026-01-25 11:00:00+00:00,1,17,2,2026-01-23 23:00:00+00:00,0.01,0.09437500188748042,0.3736853865525423
2026-01-24 18:00:00+00:00,2026-01-25 12:00:00+00:00,1,18,2,2026-01-24 00:00:00+00:00,0.01,0.16912052035331726,0.3736853865525423
2026-01-24 18:00:00+00:00,2026-01-25 13:00:00+00:00,1,19,2,2026-01-24 01:00:00+00:00,0.01,0.14723285535971323,0.3736853865525423
2026-01-24 18:00:00+00:00,2026-01-25 14:00:00+00:00,1,20,2,2026-01-24 02:00:00+00:00,0.03666666666666667,0.12933186938365301,0.3736853865525423
2026-01-24 18:00:00+00:00,2026-01-25 15:00:00+00:00,1,21,2,2026-01-24 03:00:00+00:00,0.14833333333333334,0.09168858826160431,0.3736853865525423
2026-01-24 18:00:00+00:00,2026-01-25 16:00:00+00:00,1,22,2,2026-01-24 04:00:00+00:00,0.20166666666666666,0.021604268190761406,0.3736853865525423
2026-01-24 18:00:00+00:00,2026-01-25 17:00:00+00:00,1,23,2,2026-01-24 05:00:00+00:00,0.33666666666666667,0.029588704307874043,0.3736853865525423
2026-01-24 18:00:00+00:00,2026-01-25 18:00:00+00:00,1,24,2,2026-01-24 06:00:00+00:00,0.61,0.06626074016094208,0.3736853865525423
2026-01-24 18:00:00+00:00,2026-01-25 19:00:00+00:00,1,25,2,2026-01-24 07:00:00+00:00,0.26833333333333337,0.22473948697249094,0.3736853865525423
2026-01-24 18:00:00+00:00,2026-01-25 20:00:00+00:00,1,26,2,2026-01-24 08:00:00+00:00,0.22833333333333336,0.4091194272041321,0.3736853865525423
2026-01-24 18:00:00+00:00,2026-01-25 21:00:00+00:00,1,27,2,2026-01-24 09:00:00+00:00,0.295,0.5641137560208639,0.3736853865525423
2026-01-24 18:00:00+00:00,2026-01-25 22:00:00+00:00,1,28,2,2026-01-24 10:00:00+00:00,0.30666666666666664,0.7140069603919983,0.3736853865525423
2026-01-24 18:00:00+00:00,2026-01-25 23:00:00+00:00,1,29,2,2026-01-24 11:00:00+00:00,0.27666666666666667,0.7189422249794006,0.3736853865525423
2026-01-24 18:00:00+00:00,2026-01-26 00:00:00+00:00,1,30,2,2026-01-24 12:00:00+00:00,0.6033333333333334,0.4441603720188141,0.3736853865525423
2026-01-24 18:00:00+00:00,2026-01-26 01:00:00+00:00,1,31,2,2026-01-24 13:00:00+00:00,0.2916666666666667,0.5280546347300211,0.3736853865525423
2026-01-24 18:00:00+00:00,2026-01-26 02:00:00+00:00,1,32,2,2026-01-24 14:00:00+00:00,0.2733333333333334,0.5130561391512553,0.3736853865525423
2026-01-24 18:00:00+00:00,2026-01-26 03:00:00+00:00,1,33,2,2026-01-24 15:00:00+00:00,0.3133333333333333,0.5001106659571329,0.3736853865525423
2026-01-24 18:00:00+00:00,2026-01-26 04:00:00+00:00,1,34,2,2026-01-24 16:00:00+00:00,0.2383333333333333,0.542147139708201,0.3736853865525423
2026-01-24 18:00:00+00:00,2026-01-26 05:00:00+00:00,1,35,2,2026-01-24 17:00:00+00:00,0.24333333333333332,0.6475875576337179,0.3736853865525423
2026-01-24 18:00:00+00:00,2026-01-26 06:00:00+00:00,1,36,2,2026-01-24 18:00:00+00:00,0.4766666666666666,0.5100980301698049,0.3736853865525423
2026-01-24 18:00:00+00:00,2026-01-26 07:00:00+00:00,1,37,3,2026-01-23 19:00:00+00:00,0.7983333333333333,0.975858728090922,0.3736853865525423
2026-01-24 18:00:00+00:00,2026-01-26 08:00:00+00:00,1,38,3,2026-01-23 20:00:00+00:00,0.7933333333333333,0.9781823952992758,0.3736853865525423
2026-01-24 18:00:00+00:00,2026-01-26 09:00:00+00:00,1,39,3,2026-01-23 21:00:00+00:00,0.7600000000000001,0.9772326350212097,0.3736853865525423
2026-01-24 18:00:00+00:00,2026-01-26 10:00:00+00:00,1,40,3,2026-01-23 22:00:00+00:00,0.6716666666666667,0.9736125667889913,0.3736853865525423
2026-01-24 18:00:00+00:00,2026-01-26 11:00:00+00:00,1,41,3,2026-01-23 23:00:00+00:00,0.6133333333333333,0.9624418218930563,0.3736853865525423
2026-01-24 18:00:00+00:00,2026-01-26 12:00:00+00:00,1,42,3,2026-01-24 00:00:00+00:00,0.39999999999999997,0.8604245583216349,0.3736853865525423
2026-01-24 18:00:00+00:00,2026-01-26 13:00:00+00:00,1,43,3,2026-01-24 01:00:00+00:00,0.5,0.7532888054847717,0.3736853865525423
2026-01-24 18:00:00+00:00,2026-01-26 14:00:00+00:00,1,44,3,2026-01-24 02:00:00+00:00,0.775,0.589624951283137,0.3736853865525423
2026-01-24 18:00:00+00:00,2026-01-26 15:00:00+00:00,1,45,3,2026-01-24 03:00:00+00:00,0.29833333333333334,0.4859427313009898,0.3736853865525423
2026-01-24 18:00:00+00:00,2026-01-26 16:00:00+00:00,1,46,3,2026-01-24 04:00:00+00:00,0.16833333333333333,0.38668911655743915,0.3736853865525423
2026-01-24 18:00:00+00:00,2026-01-26 17:00:00+00:00,1,47,3,2026-01-24 05:00:00+00:00,0.6983333333333333,0.3618680536746979,0.3736853865525423
2026-01-24 18:00:00+00:00,2026-01-26 18:00:00+00:00,1,48,3,2026-01-24 06:00:00+00:00,0.9,0.21580765644709268,0.3736853865525423
2026-01-24 18:00:00+00:00,2026-01-24 19:00:00+00:00,2,1,1,2026-01-24 07:00:00+00:00,0.965,0.8870822787284851,0.36829703959695215
2026-01-24 18:00:00+00:00,2026-01-24 20:00:00+00:00,2,2,1,2026-01-24 08:00:00+00:00,0.5499999999999999,0.8008811473846436,0.36829703959695215
2026-01-24 18:00:00+00:00,2026-01-24 21:00:00+00:00,2,3,1,2026-01-24 09:00:00+00:00,0.23833333333333337,0.42727065086364746,0.36829703959695215
2026-01-24 18:00:00+00:00,2026-01-24 22:00:00+00:00,2,4,1,2026-01-24 10:00:00+00:00,0.49,0.3384840786457062,0.36829703959695215
2026-01-24 18:00:00+00:00,2026-01-24 23:00:00+00:00,2,5,1,2026-01-24 11:00:00+00:00,0.595,0.04231708496809006,0.36829703959695215
2026-01-24 18:00:00+00:00,2026-01-25 00:00:00+00:00,2,6,1,2026-01-24 12:00:00+00:00,0.1416666666666667,0.021238230168819427,0.36829703959695215
2026-01-24 18:00:00+00:00,2026-01-25 01:00:00+00:00,2,7,1,2026-01-24 13:00:00+00:00,0.023333333333333334,0.0133678806014359,0.36829703959695215
2026-01-24 18:00:00+00:00,2026-01-25 02:00:00+00:00,2,8,1,2026-01-24 14:00:00+00:00,0.37333333333333335,0.013156454699734846,0.36829703959695215
2026-01-24 18:00:00+00:00,2026-01-25 03:00:00+00:00,2,9,1,2026-01-24 15:00:00+00:00,0.37000000000000005,0.00948627277587851,0.36829703959695215
2026-01-24 18:00:00+00:00,2026-01-25 04:00:00+00:00,2,10,1,2026-01-24 16:00:00+00:00,0.13166666666666668,0.00791756808757782,0.36829703959695215
2026-01-24 18:00:00+00:00,2026-01-25 05:00:00+00:00,2,11,1,2026-01-24 17:00:00+00:00,0.06999999999999999,0.017662445704142254,0.36829703959695215
2026-01-24 18:00:00+00:00,2026-01-25 06:00:00+00:00,2,12,1,2026-01-24 18:00:00+00:00,0.005,0.021941424037019413,0.36829703959695215
2026-01-24 18:00:00+00:00,2026-01-25 07:00:00+00:00,2,13,2,2026-01-23 19:00:00+00:00,0.01,0.03506167605519295,0.36829703959695215
2026-01-24 18:00:00+00:00,2026-01-25 08:00:00+00:00,2,14,2,2026-01-23 20:00:00+00:00,0.008333333333333333,0.057001239309708275,0.36829703959695215
2026-01-24 18:00:00+00:00,2026-01-25 09:00:00+00:00,2,15,2,2026-01-23 21:00:00+00:00,0.01,0.09419720123211543,0.36829703959695215
2026-01-24 18:00:00+00:00,2026-01-25 10:00:00+00:00,2,16,2,2026-01-23 22:00:00+00:00,0.01,0.05834816520412763,0.36829703959695215
2026-01-24 18:00:00+00:00,2026-01-25 11:00:00+00:00,2,17,2,2026-01-23 23:00:00+00:00,0.01,0.09128202001253764,0.36829703959695215
2026-01-24 18:00:00+00:00,2026-01-25 12:00:00+00:00,2,18,2,2026-01-24 00:00:00+00:00,0.01,0.1651147206624349,0.36829703959695215
2026-01-24 18:00:00+00:00,2026-01-25 13:00:00+00:00,2,19,2,2026-01-24 01:00:00+00:00,0.01,0.1339601973692576,0.36829703959695215
2026-01-24 18:00:00+00:00,2026-01-25 14:00:00+00:00,2,20,2,2026-01-24 02:00:00+00:00,0.03333333333333333,0.12100041657686234,0.36829703959695215
2026-01-24 18:00:00+00:00,2026-01-25 15:00:00+00:00,2,21,2,2026-01-24 03:00:00+00:00,0.13333333333333333,0.08533748984336853,0.36829703959695215
2026-01-24 18:00:00+00:00,2026-01-25 16:00:00+00:00,2,22,2,2026-01-24 04:00:00+00:00,0.215,0.020379428441325825,0.36829703959695215
2026-01-24 18:00:00+00:00,2026-01-25 17:00:00+00:00,2,23,2,2026-01-24 05:00:00+00:00,0.32666666666666666,0.02705058331290881,0.36829703959695215
2026-01-24 18:00:00+00:00,2026-01-25 18:00:00+00:00,2,24,2,2026-01-24 06:00:00+00:00,0.5416666666666666,0.05894360815485319,0.36829703959695215
2026-01-24 18:00:00+00:00,2026-01-25 19:00:00+00:00,2,25,2,2026-01-24 07:00:00+00:00,0.22,0.18289755781491598,0.36829703959695215
2026-01-24 18:00:00+00:00,2026-01-25 20:00:00+00:00,2,26,2,2026-01-24 08:00:00+00:00,0.18166666666666667,0.3394450743993123,0.36829703959695215
2026-01-24 18:00:00+00:00,2026-01-25 21:00:00+00:00,2,27,2,2026-01-24 09:00:00+00:00,0.30666666666666664,0.5050510466098785,0.36829703959695215
2026-01-24 18:00:00+00:00,2026-01-25 22:00:00+00:00,2,28,2,2026-01-24 10:00:00+00:00,0.31833333333333336,0.6837027668952942,0.36829703959695215
2026-01-24 18:00:00+00:00,2026-01-25 23:00:00+00:00,2,29,2,2026-01-24 11:00:00+00:00,0.22,0.6928073962529501,0.36829703959695215
2026-01-24 18:00:00+00:00,2026-01-26 00:00:00+00:00,2,30,2,2026-01-24 12:00:00+00:00,0.5299999999999999,0.4197566608587901,0.36829703959695215
2026-01-24 18:00:00+00:00,2026-01-26 01:00:00+00:00,2,31,2,2026-01-24 13:00:00+00:00,0.27,0.4971284468968709,0.36829703959695215
2026-01-24 18:00:00+00:00,2026-01-26 02:00:00+00:00,2,32,2,2026-01-24 14:00:00+00:00,0.20166666666666666,0.4631284177303314,0.36829703959695215
2026-01-24 18:00:00+00:00,2026-01-26 03:00:00+00:00,2,33,2,2026-01-24 15:00:00+00:00,0.18666666666666668,0.4619181553522746,0.36829703959695215
2026-01-24 18:00:00+00:00,2026-01-26 04:00:00+00:00,2,34,2,2026-01-24 16:00:00+00:00,0.24,0.5180455048878988,0.36829703959695215
2026-01-24 18:00:00+00:00,2026-01-26 05:00:00+00:00,2,35,2,2026-01-24 17:00:00+00:00,0.245,0.6310579975446066,0.36829703959695215
2026-01-24 18:00:00+00:00,2026-01-26 06:00:00+00:00,2,36,2,2026-01-24 18:00:00+00:00,0.5083333333333333,0.5125190416971842,0.36829703959695215
2026-01-24 18:00:00+00:00,2026-01-26 07:00:00+00:00,2,37,3,2026-01-23 19:00:00+00:00,0.8466666666666667,0.9723078012466431,0.36829703959695215
2026-01-24 18:00:00+00:00,2026-01-26 08:00:00+00:00,2,38,3,2026-01-23 20:00:00+00:00,0.7966666666666667,0.9750940601030985,0.36829703959695215
2026-01-24 18:00:00+00:00,2026-01-26 09:00:00+00:00,2,39,3,2026-01-23 21:00:00+00:00,0.75,0.9743035634358724,0.36829703959695215
2026-01-24 18:00:00+00:00,2026-01-26 10:00:00+00:00,2,40,3,2026-01-23 22:00:00+00:00,0.7383333333333333,0.9710219502449036,0.36829703959695215
2026-01-24 18:00:00+00:00,2026-01-26 11:00:00+00:00,2,41,3,2026-01-23 23:00:00+00:00,0.7016666666666667,0.9600785970687866,0.36829703959695215
2026-01-24 18:00:00+00:00,2026-01-26 12:00:00+00:00,2,42,3,2026-01-24 00:00:00+00:00,0.48333333333333334,0.8620328505833944,0.36829703959695215
2026-01-24 18:00:00+00:00,2026-01-26 13:00:00+00:00,2,43,3,2026-01-24 01:00:00+00:00,0.62,0.754796048005422,0.36829703959695215
2026-01-24 18:00:00+00:00,2026-01-26 14:00:00+00:00,2,44,3,2026-01-24 02:00:00+00:00,0.8716666666666667,0.5822738607724508,0.36829703959695215
2026-01-24 18:00:00+00:00,2026-01-26 15:00:00+00:00,2,45,3,2026-01-24 03:00:00+00:00,0.3666666666666667,0.4737083514531453,0.36829703959695215
2026-01-24 18:00:00+00:00,2026-01-26 16:00:00+00:00,2,46,3,2026-01-24 04:00:00+00:00,0.16666666666666666,0.357663094997406,0.36829703959695215
2026-01-24 18:00:00+00:00,2026-01-26 17:00:00+00:00,2,47,3,2026-01-24 05:00:00+00:00,0.6766666666666666,0.3134176830450694,0.36829703959695215
2026-01-24 18:00:00+00:00,2026-01-26 18:00:00+00:00,2,48,3,2026-01-24 06:00:00+00:00,0.9266666666666666,0.18152364591757456,0.36829703959695215
2026-01-25 18:00:00+00:00,2026-01-25 19:00:00+00:00,1,1,1,2026-01-25 07:00:00+00:00,0.26833333333333337,0.09429389486710231,0.3736853865525423
2026-01-25 18:00:00+00:00,2026-01-25 20:00:00+00:00,1,2,1,2026-01-25 08:00:00+00:00,0.22833333333333336,0.576936940352122,0.3736853865525423
2026-01-25 18:00:00+00:00,2026-01-25 21:00:00+00:00,1,3,1,2026-01-25 09:00:00+00:00,0.295,0.7046473026275635,0.3736853865525423
2026-01-25 18:00:00+00:00,2026-01-25 22:00:00+00:00,1,4,1,2026-01-25 10:00:00+00:00,0.30666666666666664,0.7310816446940104,0.3736853865525423
2026-01-25 18:00:00+00:00,2026-01-25 23:00:00+00:00,1,5,1,2026-01-25 11:00:00+00:00,0.27666666666666667,0.7225403785705566,0.3736853865525423
2026-01-25 18:00:00+00:00,2026-01-26 00:00:00+00:00,1,6,1,2026-01-25 12:00:00+00:00,0.6033333333333334,0.7236084540685018,0.3736853865525423
2026-01-25 18:00:00+00:00,2026-01-26 01:00:00+00:00,1,7,1,2026-01-25 13:00:00+00:00,0.2916666666666667,0.5114200413227081,0.3736853865525423
2026-01-25 18:00:00+00:00,2026-01-26 02:00:00+00:00,1,8,1,2026-01-25 14:00:00+00:00,0.2733333333333334,0.42804111043612164,0.3736853865525423
2026-01-25 18:00:00+00:00,2026-01-26 03:00:00+00:00,1,9,1,2026-01-25 15:00:00+00:00,0.3133333333333333,0.3458002706368764,0.3736853865525423
2026-01-25 18:00:00+00:00,2026-01-26 04:00:00+00:00,1,10,1,2026-01-25 16:00:00+00:00,0.2383333333333333,0.44785869121551514,0.3736853865525423
2026-01-25 18:00:00+00:00,2026-01-26 05:00:00+00:00,1,11,1,2026-01-25 17:00:00+00:00,0.24333333333333332,0.6613728404045105,0.3736853865525423
2026-01-25 18:00:00+00:00,2026-01-26 06:00:00+00:00,1,12,1,2026-01-25 18:00:00+00:00,0.4766666666666666,0.5165228346983591,0.3736853865525423
2026-01-25 18:00:00+00:00,2026-01-26 07:00:00+00:00,1,13,2,2026-01-24 19:00:00+00:00,0.7983333333333333,0.6084744334220886,0.3736853865525423
2026-01-25 18:00:00+00:00,2026-01-26 08:00:00+00:00,1,14,2,2026-01-24 20:00:00+00:00,0.7933333333333333,0.8001154263814291,0.3736853865525423
2026-01-25 18:00:00+00:00,2026-01-26 09:00:00+00:00,1,15,2,2026-01-24 21:00:00+00:00,0.7600000000000001,0.8375471035639445,0.3736853865525423
2026-01-25 18:00:00+00:00,2026-01-26 10:00:00+00:00,1,16,2,2026-01-24 22:00:00+00:00,0.6716666666666667,0.8532654245694479,0.3736853865525423
2026-01-25 18:00:00+00:00,2026-01-26 11:00:00+00:00,1,17,2,2026-01-24 23:00:00+00:00,0.6133333333333333,0.8390537897745768,0.3736853865525423
2026-01-25 18:00:00+00:00,2026-01-26 12:00:00+00:00,1,18,2,2026-01-25 00:00:00+00:00,0.39999999999999997,0.7495867411295573,0.3736853865525423
2026-01-25 18:00:00+00:00,2026-01-26 13:00:00+00:00,1,19,2,2026-01-25 01:00:00+00:00,0.5,0.7246188720067342,0.3736853865525423
2026-01-25 18:00:00+00:00,2026-01-26 14:00:00+00:00,1,20,2,2026-01-25 02:00:00+00:00,0.775,0.6526525417963663,0.3736853865525423
2026-01-25 18:00:00+00:00,2026-01-26 15:00:00+00:00,1,21,2,2026-01-25 03:00:00+00:00,0.29833333333333334,0.5621144771575928,0.3736853865525423
2026-01-25 18:00:00+00:00,2026-01-26 16:00:00+00:00,1,22,2,2026-01-25 04:00:00+00:00,0.16833333333333333,0.5221828917662302,0.3736853865525423
2026-01-25 18:00:00+00:00,2026-01-26 17:00:00+00:00,1,23,2,2026-01-25 05:00:00+00:00,0.6983333333333333,0.39985379576683044,0.3736853865525423
2026-01-25 18:00:00+00:00,2026-01-26 18:00:00+00:00,1,24,2,2026-01-25 06:00:00+00:00,0.9,0.3550094664096832,0.3736853865525423
2026-01-25 18:00:00+00:00,2026-01-26 19:00:00+00:00,1,25,2,2026-01-25 07:00:00+00:00,0.65,0.34400630990664166,0.3736853865525423
2026-01-25 18:00:00+00:00,2026-01-26 20:00:00+00:00,1,26,2,2026-01-25 08:00:00+00:00,0.6233333333333334,0.5017707248528799,0.3736853865525423
2026-01-25 18:00:00+00:00,2026-01-26 21:00:00+00:00,1,27,2,2026-01-25 09:00:00+00:00,0.48,0.46277429660161334,0.3736853865525423
2026-01-25 18:00:00+00:00,2026-01-26 22:00:00+00:00,1,28,2,2026-01-25 10:00:00+00:00,0.935,0.46196545163790387,0.3736853865525423
2026-01-25 18:00:00+00:00,2026-01-26 23:00:00+00:00,1,29,2,2026-01-25 11:00:00+00:00,0.6849999999999999,0.46926726897557575,0.3736853865525423
2026-01-25 18:00:00+00:00,2026-01-27 00:00:00+00:00,1,30,2,2026-01-25 12:00:00+00:00,0.4066666666666667,0.2568121055761973,0.3736853865525423
2026-01-25 18:00:00+00:00,2026-01-27 01:00:00+00:00,1,31,2,2026-01-25 13:00:00+00:00,0.03166666666666667,0.11517049372196198,0.3736853865525423
2026-01-25 18:00:00+00:00,2026-01-27 02:00:00+00:00,1,32,2,2026-01-25 14:00:00+00:00,0.013333333333333334,0.045503683388233185,0.3736853865525423
2026-01-25 18:00:00+00:00,2026-01-27 03:00:00+00:00,1,33,2,2026-01-25 15:00:00+00:00,0.01,0.027027084802587826,0.3736853865525423
2026-01-25 18:00:00+00:00,2026-01-27 04:00:00+00:00,1,34,2,2026-01-25 16:00:00+00:00,0.01,0.023089257379372913,0.3736853865525423
2026-01-25 18:00:00+00:00,2026-01-27 05:00:00+00:00,1,35,2,2026-01-25 17:00:00+00:00,0.01,0.029066940769553185,0.3736853865525423
2026-01-25 18:00:00+00:00,2026-01-27 06:00:00+00:00,1,36,2,2026-01-25 18:00:00+00:00,0.01,0.05672097206115723,0.3736853865525423
2026-01-25 18:00:00+00:00,2026-01-27 07:00:00+00:00,1,37,3,2026-01-24 19:00:00+00:00,0.01,0.035860239217678704,0.3736853865525423
2026-01-25 18:00:00+00:00,2026-01-27 08:00:00+00:00,1,38,3,2026-01-24 20:00:00+00:00,0.01,0.04246404953300953,0.3736853865525423
2026-01-25 18:00:00+00:00,2026-01-27 09:00:00+00:00,1,39,3,2026-01-24 21:00:00+00:00,0.01,0.053341496735811234,0.3736853865525423
2026-01-25 18:00:00+00:00,2026-01-27 10:00:00+00:00,1,40,3,2026-01-24 22:00:00+00:00,0.01,0.06389723097284634,0.3736853865525423
2026-01-25 18:00:00+00:00,2026-01-27 11:00:00+00:00,1,41,3,2026-01-24 23:00:00+00:00,0.01,0.07961332922180493,0.3736853865525423
2026-01-25 18:00:00+00:00,2026-01-27 12:00:00+00:00,1,42,3,2026-01-25 00:00:00+00:00,0.01,0.061095383018255234,0.3736853865525423
2026-01-25 18:00:00+00:00,2026-01-27 13:00:00+00:00,1,43,3,2026-01-25 01:00:00+00:00,0.01,0.046831462532281876,0.3736853865525423
2026-01-25 18:00:00+00:00,2026-01-27 14:00:00+00:00,1,44,3,2026-01-25 02:00:00+00:00,0.01,0.045761250580350556,0.3736853865525423
2026-01-25 18:00:00+00:00,2026-01-27 15:00:00+00:00,1,45,3,2026-01-25 03:00:00+00:00,0.016666666666666666,0.06000587406257788,0.3736853865525423
2026-01-25 18:00:00+00:00,2026-01-27 16:00:00+00:00,1,46,3,2026-01-25 04:00:00+00:00,0.008333333333333333,0.03958171295622984,0.3736853865525423
2026-01-25 18:00:00+00:00,2026-01-27 17:00:00+00:00,1,47,3,2026-01-25 05:00:00+00:00,0.01,0.036619930217663445,0.3736853865525423
2026-01-25 18:00:00+00:00,2026-01-27 18:00:00+00:00,1,48,3,2026-01-25 06:00:00+00:00,0.01,0.08252654845515887,0.3736853865525423
2026-01-25 18:00:00+00:00,2026-01-25 19:00:00+00:00,2,1,1,2026-01-25 07:00:00+00:00,0.22,0.0891139234105746,0.36829703959695215
2026-01-25 18:00:00+00:00,2026-01-25 20:00:00+00:00,2,2,1,2026-01-25 08:00:00+00:00,0.18166666666666667,0.5164481202761332,0.36829703959695215
2026-01-25 18:00:00+00:00,2026-01-25 21:00:00+00:00,2,3,1,2026-01-25 09:00:00+00:00,0.30666666666666664,0.6532625953356425,0.36829703959695215
2026-01-25 18:00:00+00:00,2026-01-25 22:00:00+00:00,2,4,1,2026-01-25 10:00:00+00:00,0.31833333333333336,0.6804282267888387,0.36829703959695215
2026-01-25 18:00:00+00:00,2026-01-25 23:00:00+00:00,2,5,1,2026-01-25 11:00:00+00:00,0.22,0.6771448651949564,0.36829703959695215
2026-01-25 18:00:00+00:00,2026-01-26 00:00:00+00:00,2,6,1,2026-01-25 12:00:00+00:00,0.5299999999999999,0.6848618984222412,0.36829703959695215
2026-01-25 18:00:00+00:00,2026-01-26 01:00:00+00:00,2,7,1,2026-01-25 13:00:00+00:00,0.27,0.4830187459786733,0.36829703959695215
2026-01-25 18:00:00+00:00,2026-01-26 02:00:00+00:00,2,8,1,2026-01-25 14:00:00+00:00,0.20166666666666666,0.4125477572282155,0.36829703959695215
2026-01-25 18:00:00+00:00,2026-01-26 03:00:00+00:00,2,9,1,2026-01-25 15:00:00+00:00,0.18666666666666668,0.34762516617774963,0.36829703959695215
2026-01-25 18:00:00+00:00,2026-01-26 04:00:00+00:00,2,10,1,2026-01-25 16:00:00+00:00,0.24,0.46269991993904114,0.36829703959695215
2026-01-25 18:00:00+00:00,2026-01-26 05:00:00+00:00,2,11,1,2026-01-25 17:00:00+00:00,0.245,0.681267499923706,0.36829703959695215
2026-01-25 18:00:00+00:00,2026-01-26 06:00:00+00:00,2,12,1,2026-01-25 18:00:00+00:00,0.5083333333333333,0.5445379018783569,0.36829703959695215
2026-01-25 18:00:00+00:00,2026-01-26 07:00:00+00:00,2,13,2,2026-01-24 19:00:00+00:00,0.8466666666666667,0.6272876660029093,0.36829703959695215
2026-01-25 18:00:00+00:00,2026-01-26 08:00:00+00:00,2,14,2,2026-01-24 20:00:00+00:00,0.7966666666666667,0.8062101403872172,0.36829703959695215
2026-01-25 18:00:00+00:00,2026-01-26 09:00:00+00:00,2,15,2,2026-01-24 21:00:00+00:00,0.75,0.8370290994644165,0.36829703959695215
2026-01-25 18:00:00+00:00,2026-01-26 10:00:00+00:00,2,16,2,2026-01-24 22:00:00+00:00,0.7383333333333333,0.8445479273796082,0.36829703959695215
2026-01-25 18:00:00+00:00,2026-01-26 11:00:00+00:00,2,17,2,2026-01-24 23:00:00+00:00,0.7016666666666667,0.8329550623893738,0.36829703959695215
2026-01-25 18:00:00+00:00,2026-01-26 12:00:00+00:00,2,18,2,2026-01-25 00:00:00+00:00,0.48333333333333334,0.7518799702326456,0.36829703959695215
2026-01-25 18:00:00+00:00,2026-01-26 13:00:00+00:00,2,19,2,2026-01-25 01:00:00+00:00,0.62,0.7308516701062521,0.36829703959695215
2026-01-25 18:00:00+00:00,2026-01-26 14:00:00+00:00,2,20,2,2026-01-25 02:00:00+00:00,0.8716666666666667,0.6290566325187683,0.36829703959695215
2026-01-25 18:00:00+00:00,2026-01-26 15:00:00+00:00,2,21,2,2026-01-25 03:00:00+00:00,0.3666666666666667,0.5146128137906393,0.36829703959695215
2026-01-25 18:00:00+00:00,2026-01-26 16:00:00+00:00,2,22,2,2026-01-25 04:00:00+00:00,0.16666666666666666,0.4715660512447357,0.36829703959695215
2026-01-25 18:00:00+00:00,2026-01-26 17:00:00+00:00,2,23,2,2026-01-25 05:00:00+00:00,0.6766666666666666,0.348191241423289,0.36829703959695215
2026-01-25 18:00:00+00:00,2026-01-26 18:00:00+00:00,2,24,2,2026-01-25 06:00:00+00:00,0.9266666666666666,0.308971643447876,0.36829703959695215
2026-01-25 18:00:00+00:00,2026-01-26 19:00:00+00:00,2,25,2,2026-01-25 07:00:00+00:00,0.7050000000000001,0.3018257717291514,0.36829703959695215
2026-01-25 18:00:00+00:00,2026-01-26 20:00:00+00:00,2,26,2,2026-01-25 08:00:00+00:00,0.6266666666666666,0.44504376252492267,0.36829703959695215
2026-01-25 18:00:00+00:00,2026-01-26 21:00:00+00:00,2,27,2,2026-01-25 09:00:00+00:00,0.49,0.40644368529319763,0.36829703959695215
2026-01-25 18:00:00+00:00,2026-01-26 22:00:00+00:00,2,28,2,2026-01-25 10:00:00+00:00,0.935,0.4119701683521271,0.36829703959695215
2026-01-25 18:00:00+00:00,2026-01-26 23:00:00+00:00,2,29,2,2026-01-25 11:00:00+00:00,0.6733333333333333,0.4260204533735911,0.36829703959695215
2026-01-25 18:00:00+00:00,2026-01-27 00:00:00+00:00,2,30,2,2026-01-25 12:00:00+00:00,0.28833333333333333,0.21704031030337015,0.36829703959695215
2026-01-25 18:00:00+00:00,2026-01-27 01:00:00+00:00,2,31,2,2026-01-25 13:00:00+00:00,0.028333333333333332,0.10100007305542628,0.36829703959695215
2026-01-25 18:00:00+00:00,2026-01-27 02:00:00+00:00,2,32,2,2026-01-25 14:00:00+00:00,0.013333333333333334,0.04109870518247286,0.36829703959695215
2026-01-25 18:00:00+00:00,2026-01-27 03:00:00+00:00,2,33,2,2026-01-25 15:00:00+00:00,0.01,0.025907051439086597,0.36829703959695215
2026-01-25 18:00:00+00:00,2026-01-27 04:00:00+00:00,2,34,2,2026-01-25 16:00:00+00:00,0.008333333333333333,0.02254607466359933,0.36829703959695215
2026-01-25 18:00:00+00:00,2026-01-27 05:00:00+00:00,2,35,2,2026-01-25 17:00:00+00:00,0.01,0.028863140071431797,0.36829703959695215
2026-01-25 18:00:00+00:00,2026-01-27 06:00:00+00:00,2,36,2,2026-01-25 18:00:00+00:00,0.01,0.054207139958937965,0.36829703959695215
2026-01-25 18:00:00+00:00,2026-01-27 07:00:00+00:00,2,37,3,2026-01-24 19:00:00+00:00,0.01,0.03394747090836366,0.36829703959695215
2026-01-25 18:00:00+00:00,2026-01-27 08:00:00+00:00,2,38,3,2026-01-24 20:00:00+00:00,0.01,0.03947145616014799,0.36829703959695215
2026-01-25 18:00:00+00:00,2026-01-27 09:00:00+00:00,2,39,3,2026-01-24 21:00:00+00:00,0.01,0.04957122728228569,0.36829703959695215
2026-01-25 18:00:00+00:00,2026-01-27 10:00:00+00:00,2,40,3,2026-01-24 22:00:00+00:00,0.01,0.05840001876155535,0.36829703959695215
2026-01-25 18:00:00+00:00,2026-01-27 11:00:00+00:00,2,41,3,2026-01-24 23:00:00+00:00,0.01,0.07184063891569774,0.36829703959695215
2026-01-25 18:00:00+00:00,2026-01-27 12:00:00+00:00,2,42,3,2026-01-25 00:00:00+00:00,0.01,0.057229213416576385,0.36829703959695215
2026-01-25 18:00:00+00:00,2026-01-27 13:00:00+00:00,2,43,3,2026-01-25 01:00:00+00:00,0.01,0.04368971101939678,0.36829703959695215
2026-01-25 18:00:00+00:00,2026-01-27 14:00:00+00:00,2,44,3,2026-01-25 02:00:00+00:00,0.01,0.04174246142307917,0.36829703959695215
2026-01-25 18:00:00+00:00,2026-01-27 15:00:00+00:00,2,45,3,2026-01-25 03:00:00+00:00,0.013333333333333334,0.052157251785198845,0.36829703959695215
2026-01-25 18:00:00+00:00,2026-01-27 16:00:00+00:00,2,46,3,2026-01-25 04:00:00+00:00,0.006666666666666667,0.03428655552367369,0.36829703959695215
2026-01-25 18:00:00+00:00,2026-01-27 17:00:00+00:00,2,47,3,2026-01-25 05:00:00+00:00,0.008333333333333333,0.0334778626759847,0.36829703959695215
2026-01-25 18:00:00+00:00,2026-01-27 18:00:00+00:00,2,48,3,2026-01-25 06:00:00+00:00,0.01,0.07113536571462949,0.36829703959695215
2026-01-26 18:00:00+00:00,2026-01-26 19:00:00+00:00,1,1,1,2026-01-26 07:00:00+00:00,0.65,0.46033944686253864,0.3736853865525423
2026-01-26 18:00:00+00:00,2026-01-26 20:00:00+00:00,1,2,1,2026-01-26 08:00:00+00:00,0.6233333333333334,0.5191830098628998,0.3736853865525423
2026-01-26 18:00:00+00:00,2026-01-26 21:00:00+00:00,1,3,1,2026-01-26 09:00:00+00:00,0.48,0.5503435929616293,0.3736853865525423
2026-01-26 18:00:00+00:00,2026-01-26 22:00:00+00:00,1,4,1,2026-01-26 10:00:00+00:00,0.935,0.5193616847197214,0.3736853865525423
2026-01-26 18:00:00+00:00,2026-01-26 23:00:00+00:00,1,5,1,2026-01-26 11:00:00+00:00,0.6849999999999999,0.33626243472099304,0.3736853865525423
2026-01-26 18:00:00+00:00,2026-01-27 00:00:00+00:00,1,6,1,2026-01-26 12:00:00+00:00,0.4066666666666667,0.03805254648129145,0.3736853865525423
2026-01-26 18:00:00+00:00,2026-01-27 01:00:00+00:00,1,7,1,2026-01-26 13:00:00+00:00,0.03166666666666667,0.020362015813589096,0.3736853865525423
2026-01-26 18:00:00+00:00,2026-01-27 02:00:00+00:00,1,8,1,2026-01-26 14:00:00+00:00,0.013333333333333334,0.013379654847085476,0.3736853865525423
2026-01-26 18:00:00+00:00,2026-01-27 03:00:00+00:00,1,9,1,2026-01-26 15:00:00+00:00,0.01,0.010858485475182533,0.3736853865525423
2026-01-26 18:00:00+00:00,2026-01-27 04:00:00+00:00,1,10,1,2026-01-26 16:00:00+00:00,0.01,0.014546995982527733,0.3736853865525423
2026-01-26 18:00:00+00:00,2026-01-27 05:00:00+00:00,1,11,1,2026-01-26 17:00:00+00:00,0.01,0.014451772285004457,0.3736853865525423
2026-01-26 18:00:00+00:00,2026-01-27 06:00:00+00:00,1,12,1,2026-01-26 18:00:00+00:00,0.01,0.016066231764853,0.3736853865525423
2026-01-26 18:00:00+00:00,2026-01-27 07:00:00+00:00,1,13,2,2026-01-25 19:00:00+00:00,0.01,0.05179172630111376,0.3736853865525423
2026-01-26 18:00:00+00:00,2026-01-27 08:00:00+00:00,1,14,2,2026-01-25 20:00:00+00:00,0.01,0.05274498090147972,0.3736853865525423
2026-01-26 18:00:00+00:00,2026-01-27 09:00:00+00:00,1,15,2,2026-01-25 21:00:00+00:00,0.01,0.06750554218888283,0.3736853865525423
2026-01-26 18:00:00+00:00,2026-01-27 10:00:00+00:00,1,16,2,2026-01-25 22:00:00+00:00,0.01,0.09726352741320927,0.3736853865525423
2026-01-26 18:00:00+00:00,2026-01-27 11:00:00+00:00,1,17,2,2026-01-25 23:00:00+00:00,0.01,0.14772104968627295,0.3736853865525423
2026-01-26 18:00:00+00:00,2026-01-27 12:00:00+00:00,1,18,2,2026-01-26 00:00:00+00:00,0.01,0.061060234904289246,0.3736853865525423
2026-01-26 18:00:00+00:00,2026-01-27 13:00:00+00:00,1,19,2,2026-01-26 01:00:00+00:00,0.01,0.05351334561904272,0.3736853865525423
2026-01-26 18:00:00+00:00,2026-01-27 14:00:00+00:00,1,20,2,2026-01-26 02:00:00+00:00,0.01,0.03471224382519722,0.3736853865525423
2026-01-26 18:00:00+00:00,2026-01-27 15:00:00+00:00,1,21,2,2026-01-26 03:00:00+00:00,0.016666666666666666,0.023469296594460804,0.3736853865525423
2026-01-26 18:00:00+00:00,2026-01-27 16:00:00+00:00,1,22,2,2026-01-26 04:00:00+00:00,0.008333333333333333,0.02475854568183422,0.3736853865525423
2026-01-26 18:00:00+00:00,2026-01-27 17:00:00+00:00,1,23,2,2026-01-26 05:00:00+00:00,0.01,0.03391600710650285,0.3736853865525423
2026-01-26 18:00:00+00:00,2026-01-27 18:00:00+00:00,1,24,2,2026-01-26 06:00:00+00:00,0.01,0.06555275867382686,0.3736853865525423
2026-01-26 18:00:00+00:00,2026-01-27 19:00:00+00:00,1,25,2,2026-01-26 07:00:00+00:00,0.01,0.05995487421751022,0.3736853865525423
2026-01-26 18:00:00+00:00,2026-01-27 20:00:00+00:00,1,26,2,2026-01-26 08:00:00+00:00,0.01,0.03370053072770437,0.3736853865525423
2026-01-26 18:00:00+00:00,2026-01-27 21:00:00+00:00,1,27,2,2026-01-26 09:00:00+00:00,0.01,0.027863120039304096,0.3736853865525423
2026-01-26 18:00:00+00:00,2026-01-27 22:00:00+00:00,1,28,2,2026-01-26 10:00:00+00:00,0.01,0.02160575023541848,0.3736853865525423
2026-01-26 18:00:00+00:00,2026-01-27 23:00:00+00:00,1,29,2,2026-01-26 11:00:00+00:00,0.01,0.017593014674882095,0.3736853865525423
2026-01-26 18:00:00+00:00,2026-01-28 00:00:00+00:00,1,30,2,2026-01-26 12:00:00+00:00,0.01,0.048532806957761444,0.3736853865525423
2026-01-26 18:00:00+00:00,2026-01-28 01:00:00+00:00,1,31,2,2026-01-26 13:00:00+00:00,0.01,0.051267825067043304,0.3736853865525423
2026-01-26 18:00:00+00:00,2026-01-28 02:00:00+00:00,1,32,2,2026-01-26 14:00:00+00:00,0.03666666666666667,0.041382951041062675,0.3736853865525423
2026-01-26 18:00:00+00:00,2026-01-28 03:00:00+00:00,1,33,2,2026-01-26 15:00:00+00:00,0.04,0.023207583464682102,0.3736853865525423
2026-01-26 18:00:00+00:00,2026-01-28 04:00:00+00:00,1,34,2,2026-01-26 16:00:00+00:00,0.01,0.026596591497461002,0.3736853865525423
2026-01-26 18:00:00+00:00,2026-01-28 05:00:00+00:00,1,35,2,2026-01-26 17:00:00+00:00,0.01,0.02733432191113631,0.3736853865525423
2026-01-26 18:00:00+00:00,2026-01-28 06:00:00+00:00,1,36,2,2026-01-26 18:00:00+00:00,0.01,0.010951733371863762,0.3736853865525423
2026-01-26 18:00:00+00:00,2026-01-28 07:00:00+00:00,1,37,3,2026-01-25 19:00:00+00:00,0.01,0.028465398587286472,0.3736853865525423
2026-01-26 18:00:00+00:00,2026-01-28 08:00:00+00:00,1,38,3,2026-01-25 20:00:00+00:00,0.01,0.0492403165747722,0.3736853865525423
2026-01-26 18:00:00+00:00,2026-01-28 09:00:00+00:00,1,39,3,2026-01-25 21:00:00+00:00,0.01,0.09096332639455795,0.3736853865525423
2026-01-26 18:00:00+00:00,2026-01-28 10:00:00+00:00,1,40,3,2026-01-25 22:00:00+00:00,0.01,0.2183720370133718,0.3736853865525423
2026-01-26 18:00:00+00:00,2026-01-28 11:00:00+00:00,1,41,3,2026-01-25 23:00:00+00:00,0.01,0.40927918752034503,0.3736853865525423
2026-01-26 18:00:00+00:00,2026-01-28 12:00:00+00:00,1,42,3,2026-01-26 00:00:00+00:00,0.07833333333333334,0.4822159806887309,0.3736853865525423
2026-01-26 18:00:00+00:00,2026-01-28 13:00:00+00:00,1,43,3,2026-01-26 01:00:00+00:00,0.17166666666666666,0.5387762387593588,0.3736853865525423
2026-01-26 18:00:00+00:00,2026-01-28 14:00:00+00:00,1,44,3,2026-01-26 02:00:00+00:00,0.49500000000000005,0.5575545231501261,0.3736853865525423
2026-01-26 18:00:00+00:00,2026-01-28 15:00:00+00:00,1,45,3,2026-01-26 03:00:00+00:00,0.7183333333333333,0.5432420472304026,0.3736853865525423
2026-01-26 18:00:00+00:00,2026-01-28 16:00:00+00:00,1,46,3,2026-01-26 04:00:00+00:00,0.4583333333333333,0.41662582755088806,0.3736853865525423
2026-01-26 18:00:00+00:00,2026-01-28 17:00:00+00:00,1,47,3,2026-01-26 05:00:00+00:00,0.3183333333333333,0.30841703712940216,0.3736853865525423
2026-01-26 18:00:00+00:00,2026-01-28 18:00:00+00:00,1,48,3,2026-01-26 06:00:00+00:00,0.2283333333333333,0.3606869677702586,0.3736853865525423
2026-01-26 18:00:00+00:00,2026-01-26 19:00:00+00:00,2,1,1,2026-01-26 07:00:00+00:00,0.7050000000000001,0.4021639923254649,0.36829703959695215
2026-01-26 18:00:00+00:00,2026-01-26 20:00:00+00:00,2,2,1,2026-01-26 08:00:00+00:00,0.6266666666666666,0.4451383848985036,0.36829703959695215
2026-01-26 18:00:00+00:00,2026-01-26 21:00:00+00:00,2,3,1,2026-01-26 09:00:00+00:00,0.49,0.47581109404563904,0.36829703959695215
2026-01-26 18:00:00+00:00,2026-01-26 22:00:00+00:00,2,4,1,2026-01-26 10:00:00+00:00,0.935,0.442460298538208,0.36829703959695215
2026-01-26 18:00:00+00:00,2026-01-26 23:00:00+00:00,2,5,1,2026-01-26 11:00:00+00:00,0.6733333333333333,0.285881628592809,0.36829703959695215
2026-01-26 18:00:00+00:00,2026-01-27 00:00:00+00:00,2,6,1,2026-01-26 12:00:00+00:00,0.28833333333333333,0.03809661294023196,0.36829703959695215
2026-01-26 18:00:00+00:00,2026-01-27 01:00:00+00:00,2,7,1,2026-01-26 13:00:00+00:00,0.028333333333333332,0.02042898287375768,0.36829703959695215
2026-01-26 18:00:00+00:00,2026-01-27 02:00:00+00:00,2,8,1,2026-01-26 14:00:00+00:00,0.013333333333333334,0.01361975104858478,0.36829703959695215
2026-01-26 18:00:00+00:00,2026-01-27 03:00:00+00:00,2,9,1,2026-01-26 15:00:00+00:00,0.01,0.010915620097269615,0.36829703959695215
2026-01-26 18:00:00+00:00,2026-01-27 04:00:00+00:00,2,10,1,2026-01-26 16:00:00+00:00,0.008333333333333333,0.014873231761157513,0.36829703959695215
2026-01-26 18:00:00+00:00,2026-01-27 05:00:00+00:00,2,11,1,2026-01-26 17:00:00+00:00,0.01,0.014594430103898048,0.36829703959695215
2026-01-26 18:00:00+00:00,2026-01-27 06:00:00+00:00,2,12,1,2026-01-26 18:00:00+00:00,0.01,0.01578635349869728,0.36829703959695215
2026-01-26 18:00:00+00:00,2026-01-27 07:00:00+00:00,2,13,2,2026-01-25 19:00:00+00:00,0.01,0.0499581495920817,0.36829703959695215
2026-01-26 18:00:00+00:00,2026-01-27 08:00:00+00:00,2,14,2,2026-01-25 20:00:00+00:00,0.01,0.050609311709801354,0.36829703959695215
2026-01-26 18:00:00+00:00,2026-01-27 09:00:00+00:00,2,15,2,2026-01-25 21:00:00+00:00,0.01,0.06328376134236653,0.36829703959695215
2026-01-26 18:00:00+00:00,2026-01-27 10:00:00+00:00,2,16,2,2026-01-25 22:00:00+00:00,0.01,0.08149438227216403,0.36829703959695215
2026-01-26 18:00:00+00:00,2026-01-27 11:00:00+00:00,2,17,2,2026-01-25 23:00:00+00:00,0.01,0.1248062973221143,0.36829703959695215
2026-01-26 18:00:00+00:00,2026-01-27 12:00:00+00:00,2,18,2,2026-01-26 00:00:00+00:00,0.01,0.05593229333559672,0.36829703959695215
2026-01-26 18:00:00+00:00,2026-01-27 13:00:00+00:00,2,19,2,2026-01-26 01:00:00+00:00,0.01,0.04880316182971001,0.36829703959695215
2026-01-26 18:00:00+00:00,2026-01-27 14:00:00+00:00,2,20,2,2026-01-26 02:00:00+00:00,0.01,0.03201604324082533,0.36829703959695215
2026-01-26 18:00:00+00:00,2026-01-27 15:00:00+00:00,2,21,2,2026-01-26 03:00:00+00:00,0.013333333333333334,0.022466651163995266,0.36829703959695215
2026-01-26 18:00:00+00:00,2026-01-27 16:00:00+00:00,2,22,2,2026-01-26 04:00:00+00:00,0.006666666666666667,0.02378774620592594,0.36829703959695215
2026-01-26 18:00:00+00:00,2026-01-27 17:00:00+00:00,2,23,2,2026-01-26 05:00:00+00:00,0.008333333333333333,0.03256262776752313,0.36829703959695215
2026-01-26 18:00:00+00:00,2026-01-27 18:00:00+00:00,2,24,2,2026-01-26 06:00:00+00:00,0.01,0.060091750075419746,0.36829703959695215
2026-01-26 18:00:00+00:00,2026-01-27 19:00:00+00:00,2,25,2,2026-01-26 07:00:00+00:00,0.01,0.05367052058378855,0.36829703959695215
2026-01-26 18:00:00+00:00,2026-01-27 20:00:00+00:00,2,26,2,2026-01-26 08:00:00+00:00,0.01,0.03089982767899831,0.36829703959695215
2026-01-26 18:00:00+00:00,2026-01-27 21:00:00+00:00,2,27,2,2026-01-26 09:00:00+00:00,0.01,0.02661902333299319,0.36829703959695215
2026-01-26 18:00:00+00:00,2026-01-27 22:00:00+00:00,2,28,2,2026-01-26 10:00:00+00:00,0.01,0.020390585064888,0.36829703959695215
2026-01-26 18:00:00+00:00,2026-01-27 23:00:00+00:00,2,29,2,2026-01-26 11:00:00+00:00,0.01,0.01686523078630368,0.36829703959695215
2026-01-26 18:00:00+00:00,2026-01-28 00:00:00+00:00,2,30,2,2026-01-26 12:00:00+00:00,0.01,0.04078622907400131,0.36829703959695215
2026-01-26 18:00:00+00:00,2026-01-28 01:00:00+00:00,2,31,2,2026-01-26 13:00:00+00:00,0.008333333333333333,0.04390388913452625,0.36829703959695215
2026-01-26 18:00:00+00:00,2026-01-28 02:00:00+00:00,2,32,2,2026-01-26 14:00:00+00:00,0.03,0.03936744046707948,0.36829703959695215
2026-01-26 18:00:00+00:00,2026-01-28 03:00:00+00:00,2,33,2,2026-01-26 15:00:00+00:00,0.03166666666666667,0.02250097195307414,0.36829703959695215
2026-01-26 18:00:00+00:00,2026-01-28 04:00:00+00:00,2,34,2,2026-01-26 16:00:00+00:00,0.01,0.025521491654217243,0.36829703959695215
2026-01-26 18:00:00+00:00,2026-01-28 05:00:00+00:00,2,35,2,2026-01-26 17:00:00+00:00,0.01,0.02662254000703494,0.36829703959695215
2026-01-26 18:00:00+00:00,2026-01-28 06:00:00+00:00,2,36,2,2026-01-26 18:00:00+00:00,0.01,0.009730399586260319,0.36829703959695215
2026-01-26 18:00:00+00:00,2026-01-28 07:00:00+00:00,2,37,3,2026-01-25 19:00:00+00:00,0.01,0.02372494898736477,0.36829703959695215
2026-01-26 18:00:00+00:00,2026-01-28 08:00:00+00:00,2,38,3,2026-01-25 20:00:00+00:00,0.01,0.04564780121048292,0.36829703959695215
2026-01-26 18:00:00+00:00,2026-01-28 09:00:00+00:00,2,39,3,2026-01-25 21:00:00+00:00,0.01,0.08605414132277171,0.36829703959695215
2026-01-26 18:00:00+00:00,2026-01-28 10:00:00+00:00,2,40,3,2026-01-25 22:00:00+00:00,0.051666666666666666,0.19464548925558725,0.36829703959695215
2026-01-26 18:00:00+00:00,2026-01-28 11:00:00+00:00,2,41,3,2026-01-25 23:00:00+00:00,0.125,0.38047270973523456,0.36829703959695215
2026-01-26 18:00:00+00:00,2026-01-28 12:00:00+00:00,2,42,3,2026-01-26 00:00:00+00:00,0.20833333333333334,0.44402971863746643,0.36829703959695215
2026-01-26 18:00:00+00:00,2026-01-28 13:00:00+00:00,2,43,3,2026-01-26 01:00:00+00:00,0.14833333333333334,0.5174131989479065,0.36829703959695215
2026-01-26 18:00:00+00:00,2026-01-28 14:00:00+00:00,2,44,3,2026-01-26 02:00:00+00:00,0.47833333333333333,0.557387779156367,0.36829703959695215
2026-01-26 18:00:00+00:00,2026-01-28 15:00:00+00:00,2,45,3,2026-01-26 03:00:00+00:00,0.7033333333333333,0.5364873707294464,0.36829703959695215
2026-01-26 18:00:00+00:00,2026-01-28 16:00:00+00:00,2,46,3,2026-01-26 04:00:00+00:00,0.49333333333333335,0.3905862371126811,0.36829703959695215
2026-01-26 18:00:00+00:00,2026-01-28 17:00:00+00:00,2,47,3,2026-01-26 05:00:00+00:00,0.34,0.2753995607296626,0.36829703959695215
2026-01-26 18:00:00+00:00,2026-01-28 18:00:00+00:00,2,48,3,2026-01-26 06:00:00+00:00,0.20333333333333334,0.3026612301667531,0.36829703959695215
2026-01-27 18:00:00+00:00,2026-01-27 19:00:00+00:00,1,1,1,2026-01-27 07:00:00+00:00,0.01,0.024250759432713192,0.3736853865525423
2026-01-27 18:00:00+00:00,2026-01-27 20:00:00+00:00,1,2,1,2026-01-27 08:00:00+00:00,0.01,0.02229364775121212,0.3736853865525423
2026-01-27 18:00:00+00:00,2026-01-27 21:00:00+00:00,1,3,1,2026-01-27 09:00:00+00:00,0.01,0.018130542399982612,0.3736853865525423
2026-01-27 18:00:00+00:00,2026-01-27 22:00:00+00:00,1,4,1,2026-01-27 10:00:00+00:00,0.01,0.02356893414010604,0.3736853865525423
2026-01-27 18:00:00+00:00,2026-01-27 23:00:00+00:00,1,5,1,2026-01-27 11:00:00+00:00,0.01,0.03689191055794557,0.3736853865525423
2026-01-27 18:00:00+00:00,2026-01-28 00:00:00+00:00,1,6,1,2026-01-27 12:00:00+00:00,0.01,0.15760920941829681,0.3736853865525423
2026-01-27 18:00:00+00:00,2026-01-28 01:00:00+00:00,1,7,1,2026-01-27 13:00:00+00:00,0.01,0.22144579390684763,0.3736853865525423
2026-01-27 18:00:00+00:00,2026-01-28 02:00:00+00:00,1,8,1,2026-01-27 14:00:00+00:00,0.03666666666666667,0.3102247516314189,0.3736853865525423
2026-01-27 18:00:00+00:00,2026-01-28 03:00:00+00:00,1,9,1,2026-01-27 15:00:00+00:00,0.04,0.36496980985005695,0.3736853865525423
2026-01-27 18:00:00+00:00,2026-01-28 04:00:00+00:00,1,10,1,2026-01-27 16:00:00+00:00,0.01,0.2804776479800542,0.3736853865525423
2026-01-27 18:00:00+00:00,2026-01-28 05:00:00+00:00,1,11,1,2026-01-27 17:00:00+00:00,0.01,0.21759040653705597,0.3736853865525423
2026-01-27 18:00:00+00:00,2026-01-28 06:00:00+00:00,1,12,1,2026-01-27 18:00:00+00:00,0.01,0.05442895243565241,0.3736853865525423
2026-01-27 18:00:00+00:00,2026-01-28 07:00:00+00:00,1,13,2,2026-01-26 19:00:00+00:00,0.01,0.01750564870114128,0.3736853865525423
2026-01-27 18:00:00+00:00,2026-01-28 08:00:00+00:00,1,14,2,2026-01-26 20:00:00+00:00,0.01,0.044532825549443565,0.3736853865525423
2026-01-27 18:00:00+00:00,2026-01-28 09:00:00+00:00,1,15,2,2026-01-26 21:00:00+00:00,0.01,0.07044655332962672,0.3736853865525423
2026-01-27 18:00:00+00:00,2026-01-28 10:00:00+00:00,1,16,2,2026-01-26 22:00:00+00:00,0.01,0.1550885091225306,0.3736853865525423
2026-01-27 18:00:00+00:00,2026-01-28 11:00:00+00:00,1,17,2,2026-01-26 23:00:00+00:00,0.01,0.27600481112798053,0.3736853865525423
2026-01-27 18:00:00+00:00,2026-01-28 12:00:00+00:00,1,18,2,2026-01-27 00:00:00+00:00,0.07833333333333334,0.10143805295228958,0.3736853865525423
2026-01-27 18:00:00+00:00,2026-01-28 13:00:00+00:00,1,19,2,2026-01-27 01:00:00+00:00,0.17166666666666666,0.043568464616934456,0.3736853865525423
2026-01-27 18:00:00+00:00,2026-01-28 14:00:00+00:00,1,20,2,2026-01-27 02:00:00+00:00,0.49500000000000005,0.09553884466489156,0.3736853865525423
2026-01-27 18:00:00+00:00,2026-01-28 15:00:00+00:00,1,21,2,2026-01-27 03:00:00+00:00,0.7183333333333333,0.23065136869748434,0.3736853865525423
2026-01-27 18:00:00+00:00,2026-01-28 16:00:00+00:00,1,22,2,2026-01-27 04:00:00+00:00,0.4583333333333333,0.22007988890012106,0.3736853865525423
2026-01-27 18:00:00+00:00,2026-01-28 17:00:00+00:00,1,23,2,2026-01-27 05:00:00+00:00,0.3183333333333333,0.3157884180545807,0.3736853865525423
2026-01-27 18:00:00+00:00,2026-01-28 18:00:00+00:00,1,24,2,2026-01-27 06:00:00+00:00,0.2283333333333333,0.19657770792643228,0.3736853865525423
2026-01-27 18:00:00+00:00,2026-01-28 19:00:00+00:00,1,25,2,2026-01-27 07:00:00+00:00,0.27166666666666667,0.15299344062805176,0.3736853865525423
2026-01-27 18:00:00+00:00,2026-01-28 20:00:00+00:00,1,26,2,2026-01-27 08:00:00+00:00,0.13999999999999999,0.17990149557590485,0.3736853865525423
2026-01-27 18:00:00+00:00,2026-01-28 21:00:00+00:00,1,27,2,2026-01-27 09:00:00+00:00,0.19999999999999998,0.18671719233194986,0.3736853865525423
2026-01-27 18:00:00+00:00,2026-01-28 22:00:00+00:00,1,28,2,2026-01-27 10:00:00+00:00,0.23666666666666666,0.197466050585111,0.3736853865525423
2026-01-27 18:00:00+00:00,2026-01-28 23:00:00+00:00,1,29,2,2026-01-27 11:00:00+00:00,0.17,0.22080217798550925,0.3736853865525423
2026-01-27 18:00:00+00:00,2026-01-29 00:00:00+00:00,1,30,2,2026-01-27 12:00:00+00:00,0.043333333333333335,0.19354942440986633,0.3736853865525423
2026-01-27 18:00:00+00:00,2026-01-29 01:00:00+00:00,1,31,2,2026-01-27 13:00:00+00:00,0.015,0.16961773733297983,0.3736853865525423
2026-01-27 18:00:00+00:00,2026-01-29 02:00:00+00:00,1,32,2,2026-01-27 14:00:00+00:00,0.011666666666666667,0.16117470959822336,0.3736853865525423
2026-01-27 18:00:00+00:00,2026-01-29 03:00:00+00:00,1,33,2,2026-01-27 15:00:00+00:00,0.01,0.19231614967187247,0.3736853865525423
2026-01-27 18:00:00+00:00,2026-01-29 04:00:00+00:00,1,34,2,2026-01-27 16:00:00+00:00,0.024999999999999998,0.30290553967158,0.3736853865525423
2026-01-27 18:00:00+00:00,2026-01-29 05:00:00+00:00,1,35,2,2026-01-27 17:00:00+00:00,0.03833333333333334,0.38376400868097943,0.3736853865525423
2026-01-27 18:00:00+00:00,2026-01-29 06:00:00+00:00,1,36,2,2026-01-27 18:00:00+00:00,0.016666666666666666,0.8332103490829468,0.3736853865525423
2026-01-27 18:00:00+00:00,2026-01-29 07:00:00+00:00,1,37,3,2026-01-26 19:00:00+00:00,0.2133333333333333,0.4001773198445638,0.3736853865525423
2026-01-27 18:00:00+00:00,2026-01-29 08:00:00+00:00,1,38,3,2026-01-26 20:00:00+00:00,0.655,0.5228524307409922,0.3736853865525423
2026-01-27 18:00:00+00:00,2026-01-29 09:00:00+00:00,1,39,3,2026-01-26 21:00:00+00:00,0.8666666666666667,0.5786692301432291,0.3736853865525423
2026-01-27 18:00:00+00:00,2026-01-29 10:00:00+00:00,1,40,3,2026-01-26 22:00:00+00:00,0.8333333333333334,0.5786364277203878,0.3736853865525423
2026-01-27 18:00:00+00:00,2026-01-29 11:00:00+00:00,1,41,3,2026-01-26 23:00:00+00:00,0.9366666666666666,0.5537915130456289,0.3736853865525423
2026-01-27 18:00:00+00:00,2026-01-29 12:00:00+00:00,1,42,3,2026-01-27 00:00:00+00:00,0.9583333333333334,0.8671593070030212,0.3736853865525423
2026-01-27 18:00:00+00:00,2026-01-29 13:00:00+00:00,1,43,3,2026-01-27 01:00:00+00:00,0.8883333333333333,0.8845842281977335,0.3736853865525423
2026-01-27 18:00:00+00:00,2026-01-29 14:00:00+00:00,1,44,3,2026-01-27 02:00:00+00:00,0.9116666666666666,0.8695250749588013,0.3736853865525423
2026-01-27 18:00:00+00:00,2026-01-29 15:00:00+00:00,1,45,3,2026-01-27 03:00:00+00:00,0.9816666666666666,0.9148322741190592,0.3736853865525423
2026-01-27 18:00:00+00:00,2026-01-29 16:00:00+00:00,1,46,3,2026-01-27 04:00:00+00:00,0.9899999999999999,0.9433422684669495,0.3736853865525423
2026-01-27 18:00:00+00:00,2026-01-29 17:00:00+00:00,1,47,3,2026-01-27 05:00:00+00:00,0.9899999999999999,0.957919180393219,0.3736853865525423
2026-01-27 18:00:00+00:00,2026-01-29 18:00:00+00:00,1,48,3,2026-01-27 06:00:00+00:00,0.9899999999999999,0.8465511202812195,0.3736853865525423
2026-01-27 18:00:00+00:00,2026-01-27 19:00:00+00:00,2,1,1,2026-01-27 07:00:00+00:00,0.01,0.023148967263599236,0.36829703959695215
2026-01-27 18:00:00+00:00,2026-01-27 20:00:00+00:00,2,2,1,2026-01-27 08:00:00+00:00,0.01,0.02138587615142266,0.36829703959695215
2026-01-27 18:00:00+00:00,2026-01-27 21:00:00+00:00,2,3,1,2026-01-27 09:00:00+00:00,0.01,0.01774361388136943,0.36829703959695215
2026-01-27 18:00:00+00:00,2026-01-27 22:00:00+00:00,2,4,1,2026-01-27 10:00:00+00:00,0.01,0.022112478502094746,0.36829703959695215
2026-01-27 18:00:00+00:00,2026-01-27 23:00:00+00:00,2,5,1,2026-01-27 11:00:00+00:00,0.01,0.032330758248766266,0.36829703959695215
2026-01-27 18:00:00+00:00,2026-01-28 00:00:00+00:00,2,6,1,2026-01-27 12:00:00+00:00,0.01,0.13447057952483496,0.36829703959695215
2026-01-27 18:00:00+00:00,2026-01-28 01:00:00+00:00,2,7,1,2026-01-27 13:00:00+00:00,0.008333333333333333,0.20533479253451029,0.36829703959695215
2026-01-27 18:00:00+00:00,2026-01-28 02:00:00+00:00,2,8,1,2026-01-27 14:00:00+00:00,0.03,0.3045674165089925,0.36829703959695215
2026-01-27 18:00:00+00:00,2026-01-28 03:00:00+00:00,2,9,1,2026-01-27 15:00:00+00:00,0.03166666666666667,0.3653082648913066,0.36829703959695215
2026-01-27 18:00:00+00:00,2026-01-28 04:00:00+00:00,2,10,1,2026-01-27 16:00:00+00:00,0.01,0.29194048047065735,0.36829703959695215
2026-01-27 18:00:00+00:00,2026-01-28 05:00:00+00:00,2,11,1,2026-01-27 17:00:00+00:00,0.01,0.22032498816649118,0.36829703959695215
2026-01-27 18:00:00+00:00,2026-01-28 06:00:00+00:00,2,12,1,2026-01-27 18:00:00+00:00,0.01,0.05146807183821996,0.36829703959695215
2026-01-27 18:00:00+00:00,2026-01-28 07:00:00+00:00,2,13,2,2026-01-26 19:00:00+00:00,0.01,0.01562847305710117,0.36829703959695215
2026-01-27 18:00:00+00:00,2026-01-28 08:00:00+00:00,2,14,2,2026-01-26 20:00:00+00:00,0.01,0.04128784748415152,0.36829703959695215
2026-01-27 18:00:00+00:00,2026-01-28 09:00:00+00:00,2,15,2,2026-01-26 21:00:00+00:00,0.01,0.061260052025318146,0.36829703959695215
2026-01-27 18:00:00+00:00,2026-01-28 10:00:00+00:00,2,16,2,2026-01-26 22:00:00+00:00,0.051666666666666666,0.13412053138017654,0.36829703959695215
2026-01-27 18:00:00+00:00,2026-01-28 11:00:00+00:00,2,17,2,2026-01-26 23:00:00+00:00,0.125,0.24260815978050232,0.36829703959695215
2026-01-27 18:00:00+00:00,2026-01-28 12:00:00+00:00,2,18,2,2026-01-27 00:00:00+00:00,0.20833333333333334,0.09672033041715622,0.36829703959695215
2026-01-27 18:00:00+00:00,2026-01-28 13:00:00+00:00,2,19,2,2026-01-27 01:00:00+00:00,0.14833333333333334,0.040519325683514275,0.36829703959695215
2026-01-27 18:00:00+00:00,2026-01-28 14:00:00+00:00,2,20,2,2026-01-27 02:00:00+00:00,0.47833333333333333,0.08244094625115395,0.36829703959695215
2026-01-27 18:00:00+00:00,2026-01-28 15:00:00+00:00,2,21,2,2026-01-27 03:00:00+00:00,0.7033333333333333,0.20038815339406332,0.36829703959695215
2026-01-27 18:00:00+00:00,2026-01-28 16:00:00+00:00,2,22,2,2026-01-27 04:00:00+00:00,0.49333333333333335,0.18910334010918936,0.36829703959695215
2026-01-27 18:00:00+00:00,2026-01-28 17:00:00+00:00,2,23,2,2026-01-27 05:00:00+00:00,0.34,0.27457664906978607,0.36829703959695215
2026-01-27 18:00:00+00:00,2026-01-28 18:00:00+00:00,2,24,2,2026-01-27 06:00:00+00:00,0.20333333333333334,0.15271699925263724,0.36829703959695215
2026-01-27 18:00:00+00:00,2026-01-28 19:00:00+00:00,2,25,2,2026-01-27 07:00:00+00:00,0.26499999999999996,0.11625879257917404,0.36829703959695215
2026-01-27 18:00:00+00:00,2026-01-28 20:00:00+00:00,2,26,2,2026-01-27 08:00:00+00:00,0.14,0.14068136612574259,0.36829703959695215
2026-01-27 18:00:00+00:00,2026-01-28 21:00:00+00:00,2,27,2,2026-01-27 09:00:00+00:00,0.19499999999999998,0.1517473210891088,0.36829703959695215
2026-01-27 18:00:00+00:00,2026-01-28 22:00:00+00:00,2,28,2,2026-01-27 10:00:00+00:00,0.20833333333333334,0.16224094728628793,0.36829703959695215
2026-01-27 18:00:00+00:00,2026-01-28 23:00:00+00:00,2,29,2,2026-01-27 11:00:00+00:00,0.15666666666666665,0.19071988761425018,0.36829703959695215
2026-01-27 18:00:00+00:00,2026-01-29 00:00:00+00:00,2,30,2,2026-01-27 12:00:00+00:00,0.03,0.15831214686234793,0.36829703959695215
2026-01-27 18:00:00+00:00,2026-01-29 01:00:00+00:00,2,31,2,2026-01-27 13:00:00+00:00,0.01,0.1412129352490107,0.36829703959695215
2026-01-27 18:00:00+00:00,2026-01-29 02:00:00+00:00,2,32,2,2026-01-27 14:00:00+00:00,0.011666666666666667,0.13300690054893494,0.36829703959695215
2026-01-27 18:00:00+00:00,2026-01-29 03:00:00+00:00,2,33,2,2026-01-27 15:00:00+00:00,0.01,0.166262353459994,0.36829703959695215
2026-01-27 18:00:00+00:00,2026-01-29 04:00:00+00:00,2,34,2,2026-01-27 16:00:00+00:00,0.02,0.2858472466468811,0.36829703959695215
2026-01-27 18:00:00+00:00,2026-01-29 05:00:00+00:00,2,35,2,2026-01-27 17:00:00+00:00,0.04,0.37193212906519574,0.36829703959695215
2026-01-27 18:00:00+00:00,2026-01-29 06:00:00+00:00,2,36,2,2026-01-27 18:00:00+00:00,0.011666666666666667,0.825861910978953,0.36829703959695215
2026-01-27 18:00:00+00:00,2026-01-29 07:00:00+00:00,2,37,3,2026-01-26 19:00:00+00:00,0.20166666666666666,0.3803242047627767,0.36829703959695215
2026-01-27 18:00:00+00:00,2026-01-29 08:00:00+00:00,2,38,3,2026-01-26 20:00:00+00:00,0.725,0.4963415861129761,0.36829703959695215
2026-01-27 18:00:00+00:00,2026-01-29 09:00:00+00:00,2,39,3,2026-01-26 21:00:00+00:00,0.8516666666666667,0.5507518847783407,0.36829703959695215
2026-01-27 18:00:00+00:00,2026-01-29 10:00:00+00:00,2,40,3,2026-01-26 22:00:00+00:00,0.8766666666666666,0.5531790852546692,0.36829703959695215
2026-01-27 18:00:00+00:00,2026-01-29 11:00:00+00:00,2,41,3,2026-01-26 23:00:00+00:00,0.9616666666666666,0.5438037017981211,0.36829703959695215
2026-01-27 18:00:00+00:00,2026-01-29 12:00:00+00:00,2,42,3,2026-01-27 00:00:00+00:00,0.9700000000000001,0.8660558660825094,0.36829703959695215
2026-01-27 18:00:00+00:00,2026-01-29 13:00:00+00:00,2,43,3,2026-01-27 01:00:00+00:00,0.9183333333333333,0.8828572829564413,0.36829703959695215
2026-01-27 18:00:00+00:00,2026-01-29 14:00:00+00:00,2,44,3,2026-01-27 02:00:00+00:00,0.9333333333333332,0.86473149061203,0.36829703959695215
2026-01-27 18:00:00+00:00,2026-01-29 15:00:00+00:00,2,45,3,2026-01-27 03:00:00+00:00,0.9833333333333334,0.9086326758066813,0.36829703959695215
2026-01-27 18:00:00+00:00,2026-01-29 16:00:00+00:00,2,46,3,2026-01-27 04:00:00+00:00,0.9899999999999999,0.9372679193814596,0.36829703959695215
2026-01-27 18:00:00+00:00,2026-01-29 17:00:00+00:00,2,47,3,2026-01-27 05:00:00+00:00,0.9899999999999999,0.9542673826217651,0.36829703959695215
2026-01-27 18:00:00+00:00,2026-01-29 18:00:00+00:00,2,48,3,2026-01-27 06:00:00+00:00,0.9899999999999999,0.8335358301798502,0.36829703959695215
2026-01-28 18:00:00+00:00,2026-01-28 19:00:00+00:00,1,1,1,2026-01-28 07:00:00+00:00,0.27166666666666667,0.18500839670499167,0.3736853865525423
2026-01-28 18:00:00+00:00,2026-01-28 20:00:00+00:00,1,2,1,2026-01-28 08:00:00+00:00,0.13999999999999999,0.1825698216756185,0.3736853865525423
2026-01-28 18:00:00+00:00,2026-01-28 21:00:00+00:00,1,3,1,2026-01-28 09:00:00+00:00,0.19999999999999998,0.12091434746980667,0.3736853865525423
2026-01-28 18:00:00+00:00,2026-01-28 22:00:00+00:00,1,4,1,2026-01-28 10:00:00+00:00,0.23666666666666666,0.08983054508765538,0.3736853865525423
2026-01-28 18:00:00+00:00,2026-01-28 23:00:00+00:00,1,5,1,2026-01-28 11:00:00+00:00,0.17,0.10133274147907893,0.3736853865525423
2026-01-28 18:00:00+00:00,2026-01-29 00:00:00+00:00,1,6,1,2026-01-28 12:00:00+00:00,0.043333333333333335,0.07762467364470164,0.3736853865525423
2026-01-28 18:00:00+00:00,2026-01-29 01:00:00+00:00,1,7,1,2026-01-28 13:00:00+00:00,0.015,0.07992808520793915,0.3736853865525423
2026-01-28 18:00:00+00:00,2026-01-29 02:00:00+00:00,1,8,1,2026-01-28 14:00:00+00:00,0.011666666666666667,0.08911620080471039,0.3736853865525423
2026-01-28 18:00:00+00:00,2026-01-29 03:00:00+00:00,1,9,1,2026-01-28 15:00:00+00:00,0.01,0.10308229426542918,0.3736853865525423
2026-01-28 18:00:00+00:00,2026-01-29 04:00:00+00:00,1,10,1,2026-01-28 16:00:00+00:00,0.024999999999999998,0.22252872586250305,0.3736853865525423
2026-01-28 18:00:00+00:00,2026-01-29 05:00:00+00:00,1,11,1,2026-01-28 17:00:00+00:00,0.03833333333333334,0.5213945011297861,0.3736853865525423
2026-01-28 18:00:00+00:00,2026-01-29 06:00:00+00:00,1,12,1,2026-01-28 18:00:00+00:00,0.016666666666666666,0.3696212371190389,0.3736853865525423
2026-01-28 18:00:00+00:00,2026-01-29 07:00:00+00:00,1,13,2,2026-01-27 19:00:00+00:00,0.2133333333333333,0.8986750443776449,0.3736853865525423
2026-01-28 18:00:00+00:00,2026-01-29 08:00:00+00:00,1,14,2,2026-01-27 20:00:00+00:00,0.655,0.9259639978408813,0.3736853865525423
2026-01-28 18:00:00+00:00,2026-01-29 09:00:00+00:00,1,15,2,2026-01-27 21:00:00+00:00,0.8666666666666667,0.9304807384808859,0.3736853865525423
2026-01-28 18:00:00+00:00,2026-01-29 10:00:00+00:00,1,16,2,2026-01-27 22:00:00+00:00,0.8333333333333334,0.9250818292299906,0.3736853865525423
2026-01-28 18:00:00+00:00,2026-01-29 11:00:00+00:00,1,17,2,2026-01-27 23:00:00+00:00,0.9366666666666666,0.869367778301239,0.3736853865525423
2026-01-28 18:00:00+00:00,2026-01-29 12:00:00+00:00,1,18,2,2026-01-28 00:00:00+00:00,0.9583333333333334,0.802106241385142,0.3736853865525423
2026-01-28 18:00:00+00:00,2026-01-29 13:00:00+00:00,1,19,2,2026-01-28 01:00:00+00:00,0.8883333333333333,0.7829198439915975,0.3736853865525423
2026-01-28 18:00:00+00:00,2026-01-29 14:00:00+00:00,1,20,2,2026-01-28 02:00:00+00:00,0.9116666666666666,0.7839929660161337,0.3736853865525423
2026-01-28 18:00:00+00:00,2026-01-29 15:00:00+00:00,1,21,2,2026-01-28 03:00:00+00:00,0.9816666666666666,0.7704960306485494,0.3736853865525423
2026-01-28 18:00:00+00:00,2026-01-29 16:00:00+00:00,1,22,2,2026-01-28 04:00:00+00:00,0.9899999999999999,0.8411036332448324,0.3736853865525423
2026-01-28 18:00:00+00:00,2026-01-29 17:00:00+00:00,1,23,2,2026-01-28 05:00:00+00:00,0.9899999999999999,0.8419762253761292,0.3736853865525423
2026-01-28 18:00:00+00:00,2026-01-29 18:00:00+00:00,1,24,2,2026-01-28 06:00:00+00:00,0.9899999999999999,0.9181872804959615,0.3736853865525423
2026-01-28 18:00:00+00:00,2026-01-29 19:00:00+00:00,1,25,2,2026-01-28 07:00:00+00:00,0.8466666666666667,0.9259438713391622,0.3736853865525423
2026-01-28 18:00:00+00:00,2026-01-29 20:00:00+00:00,1,26,2,2026-01-28 08:00:00+00:00,0.6749999999999999,0.9364525675773621,0.3736853865525423
2026-01-28 18:00:00+00:00,2026-01-29 21:00:00+00:00,1,27,2,2026-01-28 09:00:00+00:00,0.6966666666666667,0.9529186884562174,0.3736853865525423
2026-01-28 18:00:00+00:00,2026-01-29 22:00:00+00:00,1,28,2,2026-01-28 10:00:00+00:00,0.4666666666666666,0.9456918636957804,0.3736853865525423
2026-01-28 18:00:00+00:00,2026-01-29 23:00:00+00:00,1,29,2,2026-01-28 11:00:00+00:00,0.40166666666666667,0.95838463306427,0.3736853865525423
2026-01-28 18:00:00+00:00,2026-01-30 00:00:00+00:00,1,30,2,2026-01-28 12:00:00+00:00,0.7016666666666667,0.8408402800559998,0.3736853865525423
2026-01-28 18:00:00+00:00,2026-01-30 01:00:00+00:00,1,31,2,2026-01-28 13:00:00+00:00,0.7133333333333334,0.8696411649386088,0.3736853865525423
2026-01-28 18:00:00+00:00,2026-01-30 02:00:00+00:00,1,32,2,2026-01-28 14:00:00+00:00,0.5516666666666666,0.8928055167198181,0.3736853865525423
2026-01-28 18:00:00+00:00,2026-01-30 03:00:00+00:00,1,33,2,2026-01-28 15:00:00+00:00,0.5716666666666667,0.9046699603398641,0.3736853865525423
2026-01-28 18:00:00+00:00,2026-01-30 04:00:00+00:00,1,34,2,2026-01-28 16:00:00+00:00,0.7983333333333333,0.9506339033444723,0.3736853865525423
2026-01-28 18:00:00+00:00,2026-01-30 05:00:00+00:00,1,35,2,2026-01-28 17:00:00+00:00,0.9416666666666668,0.9777485728263855,0.3736853865525423
2026-01-28 18:00:00+00:00,2026-01-30 06:00:00+00:00,1,36,2,2026-01-28 18:00:00+00:00,0.96,0.9873650868733724,0.3736853865525423
2026-01-28 18:00:00+00:00,2026-01-30 07:00:00+00:00,1,37,3,2026-01-27 19:00:00+00:00,0.975,0.9872373342514038,0.3736853865525423
2026-01-28 18:00:00+00:00,2026-01-30 08:00:00+00:00,1,38,3,2026-01-27 20:00:00+00:00,0.9833333333333334,0.9868405262629191,0.3736853865525423
2026-01-28 18:00:00+00:00,2026-01-30 09:00:00+00:00,1,39,3,2026-01-27 21:00:00+00:00,0.945,0.9841903249422709,0.3736853865525423
2026-01-28 18:00:00+00:00,2026-01-30 10:00:00+00:00,1,40,3,2026-01-27 22:00:00+00:00,0.9633333333333334,0.980300227801005,0.3736853865525423
2026-01-28 18:00:00+00:00,2026-01-30 11:00:00+00:00,1,41,3,2026-01-27 23:00:00+00:00,0.93,0.9693250854810079,0.3736853865525423
2026-01-28 18:00:00+00:00,2026-01-30 12:00:00+00:00,1,42,3,2026-01-28 00:00:00+00:00,0.9616666666666666,0.9827500979105631,0.3736853865525423
2026-01-28 18:00:00+00:00,2026-01-30 13:00:00+00:00,1,43,3,2026-01-28 01:00:00+00:00,0.7466666666666667,0.9761586983998617,0.3736853865525423
2026-01-28 18:00:00+00:00,2026-01-30 14:00:00+00:00,1,44,3,2026-01-28 02:00:00+00:00,0.75,0.9697999159495035,0.3736853865525423
2026-01-28 18:00:00+00:00,2026-01-30 15:00:00+00:00,1,45,3,2026-01-28 03:00:00+00:00,0.5399999999999999,0.9385621150334676,0.3736853865525423
2026-01-28 18:00:00+00:00,2026-01-30 16:00:00+00:00,1,46,3,2026-01-28 04:00:00+00:00,0.46166666666666667,0.9007473985354105,0.3736853865525423
2026-01-28 18:00:00+00:00,2026-01-30 17:00:00+00:00,1,47,3,2026-01-28 05:00:00+00:00,0.29,0.8532301584879557,0.3736853865525423
2026-01-28 18:00:00+00:00,2026-01-30 18:00:00+00:00,1,48,3,2026-01-28 06:00:00+00:00,0.155,0.7446892261505127,0.3736853865525423
2026-01-28 18:00:00+00:00,2026-01-28 19:00:00+00:00,2,1,1,2026-01-28 07:00:00+00:00,0.26499999999999996,0.15678503612677255,0.36829703959695215
2026-01-28 18:00:00+00:00,2026-01-28 20:00:00+00:00,2,2,1,2026-01-28 08:00:00+00:00,0.14,0.1593024581670761,0.36829703959695215
2026-01-28 18:00:00+00:00,2026-01-28 21:00:00+00:00,2,3,1,2026-01-28 09:00:00+00:00,0.19499999999999998,0.11337881038586299,0.36829703959695215
2026-01-28 18:00:00+00:00,2026-01-28 22:00:00+00:00,2,4,1,2026-01-28 10:00:00+00:00,0.20833333333333334,0.08545845001935959,0.36829703959695215
2026-01-28 18:00:00+00:00,2026-01-28 23:00:00+00:00,2,5,1,2026-01-28 11:00:00+00:00,0.15666666666666665,0.09872139990329742,0.36829703959695215
2026-01-28 18:00:00+00:00,2026-01-29 00:00:00+00:00,2,6,1,2026-01-28 12:00:00+00:00,0.03,0.07558869818846385,0.36829703959695215
2026-01-28 18:00:00+00:00,2026-01-29 01:00:00+00:00,2,7,1,2026-01-28 13:00:00+00:00,0.01,0.07760701825221379,0.36829703959695215
2026-01-28 18:00:00+00:00,2026-01-29 02:00:00+00:00,2,8,1,2026-01-28 14:00:00+00:00,0.011666666666666667,0.08823219686746597,0.36829703959695215
2026-01-28 18:00:00+00:00,2026-01-29 03:00:00+00:00,2,9,1,2026-01-28 15:00:00+00:00,0.01,0.10213838269313176,0.36829703959695215
2026-01-28 18:00:00+00:00,2026-01-29 04:00:00+00:00,2,10,1,2026-01-28 16:00:00+00:00,0.02,0.2223519186178843,0.36829703959695215
2026-01-28 18:00:00+00:00,2026-01-29 05:00:00+00:00,2,11,1,2026-01-28 17:00:00+00:00,0.04,0.527735024690628,0.36829703959695215
2026-01-28 18:00:00+00:00,2026-01-29 06:00:00+00:00,2,12,1,2026-01-28 18:00:00+00:00,0.011666666666666667,0.38253456354141235,0.36829703959695215
2026-01-28 18:00:00+00:00,2026-01-29 07:00:00+00:00,2,13,2,2026-01-27 19:00:00+00:00,0.20166666666666666,0.8867608904838562,0.36829703959695215
2026-01-28 18:00:00+00:00,2026-01-29 08:00:00+00:00,2,14,2,2026-01-27 20:00:00+00:00,0.725,0.9141462445259094,0.36829703959695215
2026-01-28 18:00:00+00:00,2026-01-29 09:00:00+00:00,2,15,2,2026-01-27 21:00:00+00:00,0.8516666666666667,0.9174999197324117,0.36829703959695215
2026-01-28 18:00:00+00:00,2026-01-29 10:00:00+00:00,2,16,2,2026-01-27 22:00:00+00:00,0.8766666666666666,0.9118744730949402,0.36829703959695215
2026-01-28 18:00:00+00:00,2026-01-29 11:00:00+00:00,2,17,2,2026-01-27 23:00:00+00:00,0.9616666666666666,0.849694033463796,0.36829703959695215
2026-01-28 18:00:00+00:00,2026-01-29 12:00:00+00:00,2,18,2,2026-01-28 00:00:00+00:00,0.9700000000000001,0.7920970320701599,0.36829703959695215
2026-01-28 18:00:00+00:00,2026-01-29 13:00:00+00:00,2,19,2,2026-01-28 01:00:00+00:00,0.9183333333333333,0.7703255414962769,0.36829703959695215
2026-01-28 18:00:00+00:00,2026-01-29 14:00:00+00:00,2,20,2,2026-01-28 02:00:00+00:00,0.9333333333333332,0.7711059053738912,0.36829703959695215
2026-01-28 18:00:00+00:00,2026-01-29 15:00:00+00:00,2,21,2,2026-01-28 03:00:00+00:00,0.9833333333333334,0.7562735875447592,0.36829703959695215
2026-01-28 18:00:00+00:00,2026-01-29 16:00:00+00:00,2,22,2,2026-01-28 04:00:00+00:00,0.9899999999999999,0.8326877156893412,0.36829703959695215
2026-01-28 18:00:00+00:00,2026-01-29 17:00:00+00:00,2,23,2,2026-01-28 05:00:00+00:00,0.9899999999999999,0.835683544476827,0.36829703959695215
2026-01-28 18:00:00+00:00,2026-01-29 18:00:00+00:00,2,24,2,2026-01-28 06:00:00+00:00,0.9899999999999999,0.9096337159474691,0.36829703959695215
2026-01-28 18:00:00+00:00,2026-01-29 19:00:00+00:00,2,25,2,2026-01-28 07:00:00+00:00,0.8383333333333334,0.9181776245435079,0.36829703959695215
2026-01-28 18:00:00+00:00,2026-01-29 20:00:00+00:00,2,26,2,2026-01-28 08:00:00+00:00,0.6833333333333332,0.9305513501167297,0.36829703959695215
2026-01-28 18:00:00+00:00,2026-01-29 21:00:00+00:00,2,27,2,2026-01-28 09:00:00+00:00,0.665,0.9489238063494364,0.36829703959695215
2026-01-28 18:00:00+00:00,2026-01-29 22:00:00+00:00,2,28,2,2026-01-28 10:00:00+00:00,0.5016666666666666,0.9409531553586324,0.36829703959695215
2026-01-28 18:00:00+00:00,2026-01-29 23:00:00+00:00,2,29,2,2026-01-28 11:00:00+00:00,0.4166666666666667,0.9544679125150045,0.36829703959695215
2026-01-28 18:00:00+00:00,2026-01-30 00:00:00+00:00,2,30,2,2026-01-28 12:00:00+00:00,0.7599999999999999,0.8223492503166199,0.36829703959695215
2026-01-28 18:00:00+00:00,2026-01-30 01:00:00+00:00,2,31,2,2026-01-28 13:00:00+00:00,0.685,0.8556560079256693,0.36829703959695215
2026-01-28 18:00:00+00:00,2026-01-30 02:00:00+00:00,2,32,2,2026-01-28 14:00:00+00:00,0.49500000000000005,0.8807084560394287,0.36829703959695215
2026-01-28 18:00:00+00:00,2026-01-30 03:00:00+00:00,2,33,2,2026-01-28 15:00:00+00:00,0.5233333333333333,0.8981815377871195,0.36829703959695215
2026-01-28 18:00:00+00:00,2026-01-30 04:00:00+00:00,2,34,2,2026-01-28 16:00:00+00:00,0.7983333333333333,0.9477777481079102,0.36829703959695215
2026-01-28 18:00:00+00:00,2026-01-30 05:00:00+00:00,2,35,2,2026-01-28 17:00:00+00:00,0.9466666666666667,0.9755080143610636,0.36829703959695215
2026-01-28 18:00:00+00:00,2026-01-30 06:00:00+00:00,2,36,2,2026-01-28 18:00:00+00:00,0.9716666666666667,0.9865941007932028,0.36829703959695215
2026-01-28 18:00:00+00:00,2026-01-30 07:00:00+00:00,2,37,3,2026-01-27 19:00:00+00:00,0.9766666666666666,0.9866855343182882,0.36829703959695215
2026-01-28 18:00:00+00:00,2026-01-30 08:00:00+00:00,2,38,3,2026-01-27 20:00:00+00:00,0.985,0.9866063594818115,0.36829703959695215
2026-01-28 18:00:00+00:00,2026-01-30 09:00:00+00:00,2,39,3,2026-01-27 21:00:00+00:00,0.9733333333333333,0.9841821591059366,0.36829703959695215
2026-01-28 18:00:00+00:00,2026-01-30 10:00:00+00:00,2,40,3,2026-01-27 22:00:00+00:00,0.9666666666666667,0.979938010374705,0.36829703959695215
2026-01-28 18:00:00+00:00,2026-01-30 11:00:00+00:00,2,41,3,2026-01-27 23:00:00+00:00,0.9683333333333333,0.9678603212038676,0.36829703959695215
2026-01-28 18:00:00+00:00,2026-01-30 12:00:00+00:00,2,42,3,2026-01-28 00:00:00+00:00,0.985,0.9812238017717997,0.36829703959695215
2026-01-28 18:00:00+00:00,2026-01-30 13:00:00+00:00,2,43,3,2026-01-28 01:00:00+00:00,0.7883333333333334,0.9738320310910543,0.36829703959695215
2026-01-28 18:00:00+00:00,2026-01-30 14:00:00+00:00,2,44,3,2026-01-28 02:00:00+00:00,0.82,0.9667166471481323,0.36829703959695215
2026-01-28 18:00:00+00:00,2026-01-30 15:00:00+00:00,2,45,3,2026-01-28 03:00:00+00:00,0.6033333333333334,0.9338421026865641,0.36829703959695215
2026-01-28 18:00:00+00:00,2026-01-30 16:00:00+00:00,2,46,3,2026-01-28 04:00:00+00:00,0.5783333333333333,0.8906798362731934,0.36829703959695215
2026-01-28 18:00:00+00:00,2026-01-30 17:00:00+00:00,2,47,3,2026-01-28 05:00:00+00:00,0.26333333333333336,0.8365646004676819,0.36829703959695215
2026-01-28 18:00:00+00:00,2026-01-30 18:00:00+00:00,2,48,3,2026-01-28 06:00:00+00:00,0.145,0.7070984641710917,0.36829703959695215
2026-01-29 18:00:00+00:00,2026-01-29 19:00:00+00:00,1,1,1,2026-01-29 07:00:00+00:00,0.8466666666666667,0.8890895843505859,0.3736853865525423
2026-01-29 18:00:00+00:00,2026-01-29 20:00:00+00:00,1,2,1,2026-01-29 08:00:00+00:00,0.6749999999999999,0.9285479585329691,0.3736853865525423
2026-01-29 18:00:00+00:00,2026-01-29 21:00:00+00:00,1,3,1,2026-01-29 09:00:00+00:00,0.6966666666666667,0.9290281136830648,0.3736853865525423
2026-01-29 18:00:00+00:00,2026-01-29 22:00:00+00:00,1,4,1,2026-01-29 10:00:00+00:00,0.4666666666666666,0.9233928521474203,0.3736853865525423
2026-01-29 18:00:00+00:00,2026-01-29 23:00:00+00:00,1,5,1,2026-01-29 11:00:00+00:00,0.40166666666666667,0.9086189071337382,0.3736853865525423
2026-01-29 18:00:00+00:00,2026-01-30 00:00:00+00:00,1,6,1,2026-01-29 12:00:00+00:00,0.7016666666666667,0.9188929597536722,0.3736853865525423
2026-01-29 18:00:00+00:00,2026-01-30 01:00:00+00:00,1,7,1,2026-01-29 13:00:00+00:00,0.7133333333333334,0.9313793579737345,0.3736853865525423
2026-01-29 18:00:00+00:00,2026-01-30 02:00:00+00:00,1,8,1,2026-01-29 14:00:00+00:00,0.5516666666666666,0.929234246412913,0.3736853865525423
2026-01-29 18:00:00+00:00,2026-01-30 03:00:00+00:00,1,9,1,2026-01-29 15:00:00+00:00,0.5716666666666667,0.9307968020439148,0.3736853865525423
2026-01-29 18:00:00+00:00,2026-01-30 04:00:00+00:00,1,10,1,2026-01-29 16:00:00+00:00,0.7983333333333333,0.9554141163825989,0.3736853865525423
2026-01-29 18:00:00+00:00,2026-01-30 05:00:00+00:00,1,11,1,2026-01-29 17:00:00+00:00,0.9416666666666668,0.9734938939412435,0.3736853865525423
2026-01-29 18:00:00+00:00,2026-01-30 06:00:00+00:00,1,12,1,2026-01-29 18:00:00+00:00,0.96,0.9464886784553528,0.3736853865525423
2026-01-29 18:00:00+00:00,2026-01-30 07:00:00+00:00,1,13,2,2026-01-28 19:00:00+00:00,0.975,0.9913199345270792,0.3736853865525423
2026-01-29 18:00:00+00:00,2026-01-30 08:00:00+00:00,1,14,2,2026-01-28 20:00:00+00:00,0.9833333333333334,0.9929649432500204,0.3736853865525423
2026-01-29 18:00:00+00:00,2026-01-30 09:00:00+00:00,1,15,2,2026-01-28 21:00:00+00:00,0.945,0.9921547174453735,0.3736853865525423
2026-01-29 18:00:00+00:00,2026-01-30 10:00:00+00:00,1,16,2,2026-01-28 22:00:00+00:00,0.9633333333333334,0.9888046979904175,0.3736853865525423
2026-01-29 18:00:00+00:00,2026-01-30 11:00:00+00:00,1,17,2,2026-01-28 23:00:00+00:00,0.93,0.982074240843455,0.3736853865525423
2026-01-29 18:00:00+00:00,2026-01-30 12:00:00+00:00,1,18,2,2026-01-29 00:00:00+00:00,0.9616666666666666,0.7009743452072144,0.3736853865525423
2026-01-29 18:00:00+00:00,2026-01-30 13:00:00+00:00,1,19,2,2026-01-29 01:00:00+00:00,0.7466666666666667,0.5185937086741129,0.3736853865525423
2026-01-29 18:00:00+00:00,2026-01-30 14:00:00+00:00,1,20,2,2026-01-29 02:00:00+00:00,0.75,0.19232753912607828,0.3736853865525423
2026-01-29 18:00:00+00:00,2026-01-30 15:00:00+00:00,1,21,2,2026-01-29 03:00:00+00:00,0.5399999999999999,0.04943432907263438,0.3736853865525423
2026-01-29 18:00:00+00:00,2026-01-30 16:00:00+00:00,1,22,2,2026-01-29 04:00:00+00:00,0.46166666666666667,0.044911948343118034,0.3736853865525423
2026-01-29 18:00:00+00:00,2026-01-30 17:00:00+00:00,1,23,2,2026-01-29 05:00:00+00:00,0.29,0.03608803947766622,0.3736853865525423
2026-01-29 18:00:00+00:00,2026-01-30 18:00:00+00:00,1,24,2,2026-01-29 06:00:00+00:00,0.155,0.03595433756709099,0.3736853865525423
2026-01-29 18:00:00+00:00,2026-01-30 19:00:00+00:00,1,25,2,2026-01-29 07:00:00+00:00,0.13833333333333334,0.02878136746585369,0.3736853865525423
2026-01-29 18:00:00+00:00,2026-01-30 20:00:00+00:00,1,26,2,2026-01-29 08:00:00+00:00,0.14333333333333334,0.028315840909878414,0.3736853865525423
2026-01-29 18:00:00+00:00,2026-01-30 21:00:00+00:00,1,27,2,2026-01-29 09:00:00+00:00,0.18666666666666668,0.03770415112376213,0.3736853865525423
2026-01-29 18:00:00+00:00,2026-01-30 22:00:00+00:00,1,28,2,2026-01-29 10:00:00+00:00,0.13,0.046223899349570274,0.3736853865525423
2026-01-29 18:00:00+00:00,2026-01-30 23:00:00+00:00,1,29,2,2026-01-29 11:00:00+00:00,0.07833333333333334,0.060760693003733955,0.3736853865525423
2026-01-29 18:00:00+00:00,2026-01-31 00:00:00+00:00,1,30,2,2026-01-29 12:00:00+00:00,0.11166666666666668,0.24195004999637604,0.3736853865525423
2026-01-29 18:00:00+00:00,2026-01-31 01:00:00+00:00,1,31,2,2026-01-29 13:00:00+00:00,0.145,0.3692502975463867,0.3736853865525423
2026-01-29 18:00:00+00:00,2026-01-31 02:00:00+00:00,1,32,2,2026-01-29 14:00:00+00:00,0.48,0.3763410747051239,0.3736853865525423
2026-01-29 18:00:00+00:00,2026-01-31 03:00:00+00:00,1,33,2,2026-01-29 15:00:00+00:00,0.5016666666666666,0.4385526378949483,0.3736853865525423
2026-01-29 18:00:00+00:00,2026-01-31 04:00:00+00:00,1,34,2,2026-01-29 16:00:00+00:00,0.5216666666666666,0.5284733573595682,0.3736853865525423
2026-01-29 18:00:00+00:00,2026-01-31 05:00:00+00:00,1,35,2,2026-01-29 17:00:00+00:00,0.9500000000000001,0.8474332094192505,0.3736853865525423
2026-01-29 18:00:00+00:00,2026-01-31 06:00:00+00:00,1,36,2,2026-01-29 18:00:00+00:00,0.9583333333333334,0.8471398750940958,0.3736853865525423
2026-01-29 18:00:00+00:00,2026-01-31 07:00:00+00:00,1,37,3,2026-01-28 19:00:00+00:00,0.9266666666666666,0.9636989633242289,0.3736853865525423
2026-01-29 18:00:00+00:00,2026-01-31 08:00:00+00:00,1,38,3,2026-01-28 20:00:00+00:00,0.945,0.9608071645100912,0.3736853865525423
2026-01-29 18:00:00+00:00,2026-01-31 09:00:00+00:00,1,39,3,2026-01-28 21:00:00+00:00,0.8783333333333333,0.9561651150385538,0.3736853865525423
2026-01-29 18:00:00+00:00,2026-01-31 10:00:00+00:00,1,40,3,2026-01-28 22:00:00+00:00,0.875,0.9311979611714681,0.3736853865525423
2026-01-29 18:00:00+00:00,2026-01-31 11:00:00+00:00,1,41,3,2026-01-28 23:00:00+00:00,0.8450000000000001,0.88014155626297,0.3736853865525423
2026-01-29 18:00:00+00:00,2026-01-31 12:00:00+00:00,1,42,3,2026-01-29 00:00:00+00:00,0.7983333333333333,0.49679561456044513,0.3736853865525423
2026-01-29 18:00:00+00:00,2026-01-31 13:00:00+00:00,1,43,3,2026-01-29 01:00:00+00:00,0.81,0.3903581500053406,0.3736853865525423
2026-01-29 18:00:00+00:00,2026-01-31 14:00:00+00:00,1,44,3,2026-01-29 02:00:00+00:00,0.8216666666666667,0.182865838209788,0.3736853865525423
2026-01-29 18:00:00+00:00,2026-01-31 15:00:00+00:00,1,45,3,2026-01-29 03:00:00+00:00,0.3383333333333334,0.07696370656291644,0.3736853865525423
2026-01-29 18:00:00+00:00,2026-01-31 16:00:00+00:00,1,46,3,2026-01-29 04:00:00+00:00,0.03,0.04772895574569702,0.3736853865525423
2026-01-29 18:00:00+00:00,2026-01-31 17:00:00+00:00,1,47,3,2026-01-29 05:00:00+00:00,0.016666666666666666,0.054605664064486824,0.3736853865525423
2026-01-29 18:00:00+00:00,2026-01-31 18:00:00+00:00,1,48,3,2026-01-29 06:00:00+00:00,0.19999999999999998,0.04458468283216158,0.3736853865525423
2026-01-29 18:00:00+00:00,2026-01-29 19:00:00+00:00,2,1,1,2026-01-29 07:00:00+00:00,0.8383333333333334,0.8776525457700094,0.36829703959695215
2026-01-29 18:00:00+00:00,2026-01-29 20:00:00+00:00,2,2,1,2026-01-29 08:00:00+00:00,0.6833333333333332,0.9201229214668274,0.36829703959695215
2026-01-29 18:00:00+00:00,2026-01-29 21:00:00+00:00,2,3,1,2026-01-29 09:00:00+00:00,0.665,0.9206466277440389,0.36829703959695215
2026-01-29 18:00:00+00:00,2026-01-29 22:00:00+00:00,2,4,1,2026-01-29 10:00:00+00:00,0.5016666666666666,0.9116150538126627,0.36829703959695215
2026-01-29 18:00:00+00:00,2026-01-29 23:00:00+00:00,2,5,1,2026-01-29 11:00:00+00:00,0.4166666666666667,0.8920076688130697,0.36829703959695215
2026-01-29 18:00:00+00:00,2026-01-30 00:00:00+00:00,2,6,1,2026-01-29 12:00:00+00:00,0.7599999999999999,0.901289681593577,0.36829703959695215
2026-01-29 18:00:00+00:00,2026-01-30 01:00:00+00:00,2,7,1,2026-01-29 13:00:00+00:00,0.685,0.9169709285100301,0.36829703959695215
2026-01-29 18:00:00+00:00,2026-01-30 02:00:00+00:00,2,8,1,2026-01-29 14:00:00+00:00,0.49500000000000005,0.9151703516642252,0.36829703959695215
2026-01-29 18:00:00+00:00,2026-01-30 03:00:00+00:00,2,9,1,2026-01-29 15:00:00+00:00,0.5233333333333333,0.9213287234306335,0.36829703959695215
2026-01-29 18:00:00+00:00,2026-01-30 04:00:00+00:00,2,10,1,2026-01-29 16:00:00+00:00,0.7983333333333333,0.952519416809082,0.36829703959695215
2026-01-29 18:00:00+00:00,2026-01-30 05:00:00+00:00,2,11,1,2026-01-29 17:00:00+00:00,0.9466666666666667,0.9719151258468628,0.36829703959695215
2026-01-29 18:00:00+00:00,2026-01-30 06:00:00+00:00,2,12,1,2026-01-29 18:00:00+00:00,0.9716666666666667,0.952268918355306,0.36829703959695215
2026-01-29 18:00:00+00:00,2026-01-30 07:00:00+00:00,2,13,2,2026-01-28 19:00:00+00:00,0.9766666666666666,0.990938127040863,0.36829703959695215
2026-01-29 18:00:00+00:00,2026-01-30 08:00:00+00:00,2,14,2,2026-01-28 20:00:00+00:00,0.985,0.9924777150154114,0.36829703959695215
2026-01-29 18:00:00+00:00,2026-01-30 09:00:00+00:00,2,15,2,2026-01-28 21:00:00+00:00,0.9733333333333333,0.9914866884549459,0.36829703959695215
2026-01-29 18:00:00+00:00,2026-01-30 10:00:00+00:00,2,16,2,2026-01-28 22:00:00+00:00,0.9666666666666667,0.9878719250361124,0.36829703959695215
2026-01-29 18:00:00+00:00,2026-01-30 11:00:00+00:00,2,17,2,2026-01-28 23:00:00+00:00,0.9683333333333333,0.9812109271685282,0.36829703959695215
2026-01-29 18:00:00+00:00,2026-01-30 12:00:00+00:00,2,18,2,2026-01-29 00:00:00+00:00,0.985,0.6917229493459066,0.36829703959695215
2026-01-29 18:00:00+00:00,2026-01-30 13:00:00+00:00,2,19,2,2026-01-29 01:00:00+00:00,0.7883333333333334,0.4706655542055766,0.36829703959695215
2026-01-29 18:00:00+00:00,2026-01-30 14:00:00+00:00,2,20,2,2026-01-29 02:00:00+00:00,0.82,0.18178551892439523,0.36829703959695215
2026-01-29 18:00:00+00:00,2026-01-30 15:00:00+00:00,2,21,2,2026-01-29 03:00:00+00:00,0.6033333333333334,0.0481220173339049,0.36829703959695215
2026-01-29 18:00:00+00:00,2026-01-30 16:00:00+00:00,2,22,2,2026-01-29 04:00:00+00:00,0.5783333333333333,0.04278459151585897,0.36829703959695215
2026-01-29 18:00:00+00:00,2026-01-30 17:00:00+00:00,2,23,2,2026-01-29 05:00:00+00:00,0.26333333333333336,0.034604245175917946,0.36829703959695215
2026-01-29 18:00:00+00:00,2026-01-30 18:00:00+00:00,2,24,2,2026-01-29 06:00:00+00:00,0.145,0.03419153764843941,0.36829703959695215
2026-01-29 18:00:00+00:00,2026-01-30 19:00:00+00:00,2,25,2,2026-01-29 07:00:00+00:00,0.15333333333333335,0.02753158596654733,0.36829703959695215
2026-01-29 18:00:00+00:00,2026-01-30 20:00:00+00:00,2,26,2,2026-01-29 08:00:00+00:00,0.11666666666666665,0.026168344542384148,0.36829703959695215
2026-01-29 18:00:00+00:00,2026-01-30 21:00:00+00:00,2,27,2,2026-01-29 09:00:00+00:00,0.16,0.0358773780365785,0.36829703959695215
2026-01-29 18:00:00+00:00,2026-01-30 22:00:00+00:00,2,28,2,2026-01-29 10:00:00+00:00,0.12166666666666666,0.047895496090253196,0.36829703959695215
2026-01-29 18:00:00+00:00,2026-01-30 23:00:00+00:00,2,29,2,2026-01-29 11:00:00+00:00,0.07166666666666667,0.06315694128473599,0.36829703959695215
2026-01-29 18:00:00+00:00,2026-01-31 00:00:00+00:00,2,30,2,2026-01-29 12:00:00+00:00,0.10666666666666667,0.23130249977111816,0.36829703959695215
2026-01-29 18:00:00+00:00,2026-01-31 01:00:00+00:00,2,31,2,2026-01-29 13:00:00+00:00,0.10333333333333333,0.3634974757830302,0.36829703959695215
2026-01-29 18:00:00+00:00,2026-01-31 02:00:00+00:00,2,32,2,2026-01-29 14:00:00+00:00,0.4716666666666667,0.3782501717408498,0.36829703959695215
2026-01-29 18:00:00+00:00,2026-01-31 03:00:00+00:00,2,33,2,2026-01-29 15:00:00+00:00,0.48,0.4472858210404714,0.36829703959695215
2026-01-29 18:00:00+00:00,2026-01-31 04:00:00+00:00,2,34,2,2026-01-29 16:00:00+00:00,0.6583333333333333,0.5465275843938192,0.36829703959695215
2026-01-29 18:00:00+00:00,2026-01-31 05:00:00+00:00,2,35,2,2026-01-29 17:00:00+00:00,0.9383333333333334,0.8697710831960043,0.36829703959695215
2026-01-29 18:00:00+00:00,2026-01-31 06:00:00+00:00,2,36,2,2026-01-29 18:00:00+00:00,0.9766666666666666,0.8618170619010925,0.36829703959695215
2026-01-29 18:00:00+00:00,2026-01-31 07:00:00+00:00,2,37,3,2026-01-28 19:00:00+00:00,0.9683333333333333,0.9653243025143942,0.36829703959695215
2026-01-29 18:00:00+00:00,2026-01-31 08:00:00+00:00,2,38,3,2026-01-28 20:00:00+00:00,0.9766666666666666,0.9620241324106852,0.36829703959695215
2026-01-29 18:00:00+00:00,2026-01-31 09:00:00+00:00,2,39,3,2026-01-28 21:00:00+00:00,0.8933333333333332,0.9570366938908895,0.36829703959695215
2026-01-29 18:00:00+00:00,2026-01-31 10:00:00+00:00,2,40,3,2026-01-28 22:00:00+00:00,0.9,0.9307984312375387,0.36829703959695215
2026-01-29 18:00:00+00:00,2026-01-31 11:00:00+00:00,2,41,3,2026-01-28 23:00:00+00:00,0.94,0.8811592857042948,0.36829703959695215
2026-01-29 18:00:00+00:00,2026-01-31 12:00:00+00:00,2,42,3,2026-01-29 00:00:00+00:00,0.8566666666666666,0.4934675494829814,0.36829703959695215
2026-01-29 18:00:00+00:00,2026-01-31 13:00:00+00:00,2,43,3,2026-01-29 01:00:00+00:00,0.8250000000000001,0.3653853237628937,0.36829703959695215
2026-01-29 18:00:00+00:00,2026-01-31 14:00:00+00:00,2,44,3,2026-01-29 02:00:00+00:00,0.8833333333333333,0.15752916038036346,0.36829703959695215
2026-01-29 18:00:00+00:00,2026-01-31 15:00:00+00:00,2,45,3,2026-01-29 03:00:00+00:00,0.3516666666666666,0.0665098528067271,0.36829703959695215
2026-01-29 18:00:00+00:00,2026-01-31 16:00:00+00:00,2,46,3,2026-01-29 04:00:00+00:00,0.02666666666666667,0.043368508418401085,0.36829703959695215
2026-01-29 18:00:00+00:00,2026-01-31 17:00:00+00:00,2,47,3,2026-01-29 05:00:00+00:00,0.02,0.049519131580988564,0.36829703959695215
2026-01-29 18:00:00+00:00,2026-01-31 18:00:00+00:00,2,48,3,2026-01-29 06:00:00+00:00,0.19999999999999998,0.04260866157710552,0.36829703959695215
2026-01-30 18:00:00+00:00,2026-01-30 19:00:00+00:00,1,1,1,2026-01-30 07:00:00+00:00,0.13833333333333334,0.1314739982287089,0.3736853865525423
2026-01-30 18:00:00+00:00,2026-01-30 20:00:00+00:00,1,2,1,2026-01-30 08:00:00+00:00,0.14333333333333334,0.14271811892588934,0.3736853865525423
2026-01-30 18:00:00+00:00,2026-01-30 21:00:00+00:00,1,3,1,2026-01-30 09:00:00+00:00,0.18666666666666668,0.20965836942195892,0.3736853865525423
2026-01-30 18:00:00+00:00,2026-01-30 22:00:00+00:00,1,4,1,2026-01-30 10:00:00+00:00,0.13,0.33920954664548236,0.3736853865525423
2026-01-30 18:00:00+00:00,2026-01-30 23:00:00+00:00,1,5,1,2026-01-30 11:00:00+00:00,0.07833333333333334,0.6114441951115926,0.3736853865525423
2026-01-30 18:00:00+00:00,2026-01-31 00:00:00+00:00,1,6,1,2026-01-30 12:00:00+00:00,0.11166666666666668,0.8764195839564005,0.3736853865525423
2026-01-30 18:00:00+00:00,2026-01-31 01:00:00+00:00,1,7,1,2026-01-30 13:00:00+00:00,0.145,0.8880919218063354,0.3736853865525423
2026-01-30 18:00:00+00:00,2026-01-31 02:00:00+00:00,1,8,1,2026-01-30 14:00:00+00:00,0.48,0.902280330657959,0.3736853865525423
2026-01-30 18:00:00+00:00,2026-01-31 03:00:00+00:00,1,9,1,2026-01-30 15:00:00+00:00,0.5016666666666666,0.912175714969635,0.3736853865525423
2026-01-30 18:00:00+00:00,2026-01-31 04:00:00+00:00,1,10,1,2026-01-30 16:00:00+00:00,0.5216666666666666,0.9447395404179891,0.3736853865525423
2026-01-30 18:00:00+00:00,2026-01-31 05:00:00+00:00,1,11,1,2026-01-30 17:00:00+00:00,0.9500000000000001,0.9728183150291443,0.3736853865525423
2026-01-30 18:00:00+00:00,2026-01-31 06:00:00+00:00,1,12,1,2026-01-30 18:00:00+00:00,0.9583333333333334,0.96566108862559,0.3736853865525423
2026-01-30 18:00:00+00:00,2026-01-31 07:00:00+00:00,1,13,2,2026-01-29 19:00:00+00:00,0.9266666666666666,0.8100836277008057,0.3736853865525423
2026-01-30 18:00:00+00:00,2026-01-31 08:00:00+00:00,1,14,2,2026-01-29 20:00:00+00:00,0.945,0.8642905950546265,0.3736853865525423
2026-01-30 18:00:00+00:00,2026-01-31 09:00:00+00:00,1,15,2,2026-01-29 21:00:00+00:00,0.8783333333333333,0.875131626923879,0.3736853865525423
2026-01-30 18:00:00+00:00,2026-01-31 10:00:00+00:00,1,16,2,2026-01-29 22:00:00+00:00,0.875,0.7624014019966125,0.3736853865525423
2026-01-30 18:00:00+00:00,2026-01-31 11:00:00+00:00,1,17,2,2026-01-29 23:00:00+00:00,0.8450000000000001,0.5398339231808981,0.3736853865525423
2026-01-30 18:00:00+00:00,2026-01-31 12:00:00+00:00,1,18,2,2026-01-30 00:00:00+00:00,0.7983333333333333,0.8589490056037903,0.3736853865525423
2026-01-30 18:00:00+00:00,2026-01-31 13:00:00+00:00,1,19,2,2026-01-30 01:00:00+00:00,0.81,0.7621932427088419,0.3736853865525423
2026-01-30 18:00:00+00:00,2026-01-31 14:00:00+00:00,1,20,2,2026-01-30 02:00:00+00:00,0.8216666666666667,0.5148461957772573,0.3736853865525423
2026-01-30 18:00:00+00:00,2026-01-31 15:00:00+00:00,1,21,2,2026-01-30 03:00:00+00:00,0.3383333333333334,0.34540046254793805,0.3736853865525423
2026-01-30 18:00:00+00:00,2026-01-31 16:00:00+00:00,1,22,2,2026-01-30 04:00:00+00:00,0.03,0.14676321794589361,0.3736853865525423
2026-01-30 18:00:00+00:00,2026-01-31 17:00:00+00:00,1,23,2,2026-01-30 05:00:00+00:00,0.016666666666666666,0.04037384564677874,0.3736853865525423
2026-01-30 18:00:00+00:00,2026-01-31 18:00:00+00:00,1,24,2,2026-01-30 06:00:00+00:00,0.19999999999999998,0.04242802908023199,0.3736853865525423
2026-01-30 18:00:00+00:00,2026-01-30 19:00:00+00:00,2,1,1,2026-01-30 07:00:00+00:00,0.15333333333333335,0.11106669406096141,0.36829703959695215
2026-01-30 18:00:00+00:00,2026-01-30 20:00:00+00:00,2,2,1,2026-01-30 08:00:00+00:00,0.11666666666666665,0.11743197590112686,0.36829703959695215
2026-01-30 18:00:00+00:00,2026-01-30 21:00:00+00:00,2,3,1,2026-01-30 09:00:00+00:00,0.16,0.16898973286151886,0.36829703959695215
2026-01-30 18:00:00+00:00,2026-01-30 22:00:00+00:00,2,4,1,2026-01-30 10:00:00+00:00,0.12166666666666666,0.2792607645193736,0.36829703959695215
2026-01-30 18:00:00+00:00,2026-01-30 23:00:00+00:00,2,5,1,2026-01-30 11:00:00+00:00,0.07166666666666667,0.5549989144007365,0.36829703959695215
2026-01-30 18:00:00+00:00,2026-01-31 00:00:00+00:00,2,6,1,2026-01-30 12:00:00+00:00,0.10666666666666667,0.8529370824495951,0.36829703959695215
2026-01-30 18:00:00+00:00,2026-01-31 01:00:00+00:00,2,7,1,2026-01-30 13:00:00+00:00,0.10333333333333333,0.8670232693354288,0.36829703959695215
2026-01-30 18:00:00+00:00,2026-01-31 02:00:00+00:00,2,8,1,2026-01-30 14:00:00+00:00,0.4716666666666667,0.8827388087908427,0.36829703959695215
2026-01-30 18:00:00+00:00,2026-01-31 03:00:00+00:00,2,9,1,2026-01-30 15:00:00+00:00,0.48,0.8969484567642212,0.36829703959695215
2026-01-30 18:00:00+00:00,2026-01-31 04:00:00+00:00,2,10,1,2026-01-30 16:00:00+00:00,0.6583333333333333,0.9398529926935831,0.36829703959695215
2026-01-30 18:00:00+00:00,2026-01-31 05:00:00+00:00,2,11,1,2026-01-30 17:00:00+00:00,0.9383333333333334,0.9728144208590189,0.36829703959695215
2026-01-30 18:00:00+00:00,2026-01-31 06:00:00+00:00,2,12,1,2026-01-30 18:00:00+00:00,0.9766666666666666,0.967605729897817,0.36829703959695215
2026-01-30 18:00:00+00:00,2026-01-31 07:00:00+00:00,2,13,2,2026-01-29 19:00:00+00:00,0.9683333333333333,0.8238348563512167,0.36829703959695215
2026-01-30 18:00:00+00:00,2026-01-31 08:00:00+00:00,2,14,2,2026-01-29 20:00:00+00:00,0.9766666666666666,0.8661597768465678,0.36829703959695215
2026-01-30 18:00:00+00:00,2026-01-31 09:00:00+00:00,2,15,2,2026-01-29 21:00:00+00:00,0.8933333333333332,0.8655698696772257,0.36829703959695215
2026-01-30 18:00:00+00:00,2026-01-31 10:00:00+00:00,2,16,2,2026-01-29 22:00:00+00:00,0.9,0.7507006327311198,0.36829703959695215
2026-01-30 18:00:00+00:00,2026-01-31 11:00:00+00:00,2,17,2,2026-01-29 23:00:00+00:00,0.94,0.5201827983061472,0.36829703959695215
2026-01-30 18:00:00+00:00,2026-01-31 12:00:00+00:00,2,18,2,2026-01-30 00:00:00+00:00,0.8566666666666666,0.8684258858362833,0.36829703959695215
2026-01-30 18:00:00+00:00,2026-01-31 13:00:00+00:00,2,19,2,2026-01-30 01:00:00+00:00,0.8250000000000001,0.7652978897094727,0.36829703959695215
2026-01-30 18:00:00+00:00,2026-01-31 14:00:00+00:00,2,20,2,2026-01-30 02:00:00+00:00,0.8833333333333333,0.4945518771807353,0.36829703959695215
2026-01-30 18:00:00+00:00,2026-01-31 15:00:00+00:00,2,21,2,2026-01-30 03:00:00+00:00,0.3516666666666666,0.3045472502708435,0.36829703959695215
2026-01-30 18:00:00+00:00,2026-01-31 16:00:00+00:00,2,22,2,2026-01-30 04:00:00+00:00,0.02666666666666667,0.12488390505313873,0.36829703959695215
2026-01-30 18:00:00+00:00,2026-01-31 17:00:00+00:00,2,23,2,2026-01-30 05:00:00+00:00,0.02,0.0382962084064881,0.36829703959695215
2026-01-30 18:00:00+00:00,2026-01-31 18:00:00+00:00,2,24,2,2026-01-30 06:00:00+00:00,0.19999999999999998,0.040339995796481766,0.36829703959695215
