as_of,valid_time,target_source_clock,turbine_id,lead_hour,predicted_power,forecast_offset_days,available_at_upper_bound,in_february,time_settings_confirmed
2026-01-31 18:00:00+00:00,2026-01-31 19:00:00+00:00,2026-02-01 00:00:00,1,1,0.056050034860769905,1,2026-01-31 07:00:00+00:00,True,False
2026-01-31 18:00:00+00:00,2026-01-31 20:00:00+00:00,2026-02-01 01:00:00,1,2,0.029708903282880783,1,2026-01-31 08:00:00+00:00,True,False
2026-01-31 18:00:00+00:00,2026-01-31 21:00:00+00:00,2026-02-01 02:00:00,1,3,0.01812229274461667,1,2026-01-31 09:00:00+00:00,True,False
2026-01-31 18:00:00+00:00,2026-01-31 22:00:00+00:00,2026-02-01 03:00:00,1,4,0.06781846843659878,1,2026-01-31 10:00:00+00:00,True,False
2026-01-31 18:00:00+00:00,2026-01-31 23:00:00+00:00,2026-02-01 04:00:00,1,5,0.07587888774772485,1,2026-01-31 11:00:00+00:00,True,False
2026-01-31 18:00:00+00:00,2026-02-01 00:00:00+00:00,2026-02-01 05:00:00,1,6,0.09609934749702613,1,2026-01-31 12:00:00+00:00,True,False
2026-01-31 18:00:00+00:00,2026-02-01 01:00:00+00:00,2026-02-01 06:00:00,1,7,0.10226016553739707,1,2026-01-31 13:00:00+00:00,True,False
2026-01-31 18:00:00+00:00,2026-02-01 02:00:00+00:00,2026-02-01 07:00:00,1,8,0.0694529339671135,1,2026-01-31 14:00:00+00:00,True,False
2026-01-31 18:00:00+00:00,2026-02-01 03:00:00+00:00,2026-02-01 08:00:00,1,9,0.08738919099171956,1,2026-01-31 15:00:00+00:00,True,False
2026-01-31 18:00:00+00:00,2026-02-01 04:00:00+00:00,2026-02-01 09:00:00,1,10,0.17636995514233908,1,2026-01-31 16:00:00+00:00,True,False
2026-01-31 18:00:00+00:00,2026-02-01 05:00:00+00:00,2026-02-01 10:00:00,1,11,0.15526782472928366,1,2026-01-31 17:00:00+00:00,True,False
2026-01-31 18:00:00+00:00,2026-02-01 06:00:00+00:00,2026-02-01 11:00:00,1,12,0.1278264100352923,1,2026-01-31 18:00:00+00:00,True,False
2026-01-31 18:00:00+00:00,2026-02-01 07:00:00+00:00,2026-02-01 12:00:00,1,13,0.28017300367355347,2,2026-01-30 19:00:00+00:00,True,False
2026-01-31 18:00:00+00:00,2026-02-01 08:00:00+00:00,2026-02-01 13:00:00,1,14,0.3397597670555115,2,2026-01-30 20:00:00+00:00,True,False
2026-01-31 18:00:00+00:00,2026-02-01 09:00:00+00:00,2026-02-01 14:00:00,1,15,0.43898895382881165,2,2026-01-30 21:00:00+00:00,True,False
2026-01-31 18:00:00+00:00,2026-02-01 10:00:00+00:00,2026-02-01 15:00:00,1,16,0.4256789485613505,2,2026-01-30 22:00:00+00:00,True,False
2026-01-31 18:00:00+00:00,2026-02-01 11:00:00+00:00,2026-02-01 16:00:00,1,17,0.39456018805503845,2,2026-01-30 23:00:00+00:00,True,False
2026-01-31 18:00:00+00:00,2026-02-01 12:00:00+00:00,2026-02-01 17:00:00,1,18,0.30829255779584247,2,2026-01-31 00:00:00+00:00,True,False
2026-01-31 18:00:00+00:00,2026-02-01 13:00:00+00:00,2026-02-01 18:00:00,1,19,0.21953745683034262,2,2026-01-31 01:00:00+00:00,True,False
2026-01-31 18:00:00+00:00,2026-02-01 14:00:00+00:00,2026-02-01 19:00:00,1,20,0.19183294971783957,2,2026-01-31 02:00:00+00:00,True,False
2026-01-31 18:00:00+00:00,2026-02-01 15:00:00+00:00,2026-02-01 20:00:00,1,21,0.2077527493238449,2,2026-01-31 03:00:00+00:00,True,False
2026-01-31 18:00:00+00:00,2026-02-01 16:00:00+00:00,2026-02-01 21:00:00,1,22,0.22087988754113516,2,2026-01-31 04:00:00+00:00,True,False
2026-01-31 18:00:00+00:00,2026-02-01 17:00:00+00:00,2026-02-01 22:00:00,1,23,0.2021061380704244,2,2026-01-31 05:00:00+00:00,True,False
2026-01-31 18:00:00+00:00,2026-02-01 18:00:00+00:00,2026-02-01 23:00:00,1,24,0.08552638068795204,2,2026-01-31 06:00:00+00:00,True,False
2026-01-31 18:00:00+00:00,2026-02-01 19:00:00+00:00,2026-02-02 00:00:00,1,25,0.10828376561403275,2,2026-01-31 07:00:00+00:00,True,False
2026-01-31 18:00:00+00:00,2026-02-01 20:00:00+00:00,2026-02-02 01:00:00,1,26,0.16005341708660126,2,2026-01-31 08:00:00+00:00,True,False
2026-01-31 18:00:00+00:00,2026-02-01 21:00:00+00:00,2026-02-02 02:00:00,1,27,0.2668483803669612,2,2026-01-31 09:00:00+00:00,True,False
2026-01-31 18:00:00+00:00,2026-02-01 22:00:00+00:00,2026-02-02 03:00:00,1,28,0.33482951919237774,2,2026-01-31 10:00:00+00:00,True,False
2026-01-31 18:00:00+00:00,2026-02-01 23:00:00+00:00,2026-02-02 04:00:00,1,29,0.4107024371623993,2,2026-01-31 11:00:00+00:00,True,False
2026-01-31 18:00:00+00:00,2026-02-02 00:00:00+00:00,2026-02-02 05:00:00,1,30,0.3703414599100749,2,2026-01-31 12:00:00+00:00,True,False
2026-01-31 18:00:00+00:00,2026-02-02 01:00:00+00:00,2026-02-02 06:00:00,1,31,0.3027394612630208,2,2026-01-31 13:00:00+00:00,True,False
2026-01-31 18:00:00+00:00,2026-02-02 02:00:00+00:00,2026-02-02 07:00:00,1,32,0.3033728102842967,2,2026-01-31 14:00:00+00:00,True,False
2026-01-31 18:00:00+00:00,2026-02-02 03:00:00+00:00,2026-02-02 08:00:00,1,33,0.3712562521298726,2,2026-01-31 15:00:00+00:00,True,False
2026-01-31 18:00:00+00:00,2026-02-02 04:00:00+00:00,2026-02-02 09:00:00,1,34,0.2662864526112874,2,2026-01-31 16:00:00+00:00,True,False
2026-01-31 18:00:00+00:00,2026-02-02 05:00:00+00:00,2026-02-02 10:00:00,1,35,0.7287208636601766,2,2026-01-31 17:00:00+00:00,True,False
2026-01-31 18:00:00+00:00,2026-02-02 06:00:00+00:00,2026-02-02 11:00:00,1,36,0.8487560947736105,2,2026-01-31 18:00:00+00:00,True,False
2026-01-31 18:00:00+00:00,2026-02-02 07:00:00+00:00,2026-02-02 12:00:00,1,37,0.8751629193623861,3,2026-01-30 19:00:00+00:00,True,False
2026-01-31 18:00:00+00:00,2026-02-02 08:00:00+00:00,2026-02-02 13:00:00,1,38,0.9075707991917928,3,2026-01-30 20:00:00+00:00,True,False
2026-01-31 18:00:00+00:00,2026-02-02 09:00:00+00:00,2026-02-02 14:00:00,1,39,0.9306276639302572,3,2026-01-30 21:00:00+00:00,True,False
2026-01-31 18:00:00+00:00,2026-02-02 10:00:00+00:00,2026-02-02 15:00:00,1,40,0.8991906046867371,3,2026-01-30 22:00:00+00:00,True,False
2026-01-31 18:00:00+00:00,2026-02-02 11:00:00+00:00,2026-02-02 16:00:00,1,41,0.27990687886873883,3,2026-01-30 23:00:00+00:00,True,False
2026-01-31 18:00:00+00:00,2026-02-02 12:00:00+00:00,2026-02-02 17:00:00,1,42,0.5864372849464417,3,2026-01-31 00:00:00+00:00,True,False
2026-01-31 18:00:00+00:00,2026-02-02 13:00:00+00:00,2026-02-02 18:00:00,1,43,0.3321862816810608,3,2026-01-31 01:00:00+00:00,True,False
2026-01-31 18:00:00+00:00,2026-02-02 14:00:00+00:00,2026-02-02 19:00:00,1,44,0.3384929696718852,3,2026-01-31 02:00:00+00:00,True,False
2026-01-31 18:00:00+00:00,2026-02-02 15:00:00+00:00,2026-02-02 20:00:00,1,45,0.3272218306859334,3,2026-01-31 03:00:00+00:00,True,False
2026-01-31 18:00:00+00:00,2026-02-02 16:00:00+00:00,2026-02-02 21:00:00,1,46,0.2862405776977539,3,2026-01-31 04:00:00+00:00,True,False
2026-01-31 18:00:00+00:00,2026-02-02 17:00:00+00:00,2026-02-02 22:00:00,1,47,0.24733819564183554,3,2026-01-31 05:00:00+00:00,True,False
2026-01-31 18:00:00+00:00,2026-02-02 18:00:00+00:00,2026-02-02 23:00:00,1,48,0.16820127268632254,3,2026-01-31 06:00:00+00:00,True,False
2026-01-31 18:00:00+00:00,2026-01-31 19:00:00+00:00,2026-02-01 00:00:00,2,1,0.05557767177621523,1,2026-01-31 07:00:00+00:00,True,False
2026-01-31 18:00:00+00:00,2026-01-31 20:00:00+00:00,2026-02-01 01:00:00,2,2,0.02825707010924816,1,2026-01-31 08:00:00+00:00,True,False
2026-01-31 18:00:00+00:00,2026-01-31 21:00:00+00:00,2026-02-01 02:00:00,2,3,0.016808546769122284,1,2026-01-31 09:00:00+00:00,True,False
2026-01-31 18:00:00+00:00,2026-01-31 22:00:00+00:00,2026-02-01 03:00:00,2,4,0.06606831463674705,1,2026-01-31 10:00:00+00:00,True,False
2026-01-31 18:00:00+00:00,2026-01-31 23:00:00+00:00,2026-02-01 04:00:00,2,5,0.07645688268045585,1,2026-01-31 11:00:00+00:00,True,False
2026-01-31 18:00:00+00:00,2026-02-01 00:00:00+00:00,2026-02-01 05:00:00,2,6,0.09566125397880872,1,2026-01-31 12:00:00+00:00,True,False
2026-01-31 18:00:00+00:00,2026-02-01 01:00:00+00:00,2026-02-01 06:00:00,2,7,0.09827297739684582,1,2026-01-31 13:00:00+00:00,True,False
2026-01-31 18:00:00+00:00,2026-02-01 02:00:00+00:00,2026-02-01 07:00:00,2,8,0.0662588682025671,1,2026-01-31 14:00:00+00:00,True,False
2026-01-31 18:00:00+00:00,2026-02-01 03:00:00+00:00,2026-02-01 08:00:00,2,9,0.079810065527757,1,2026-01-31 15:00:00+00:00,True,False
2026-01-31 18:00:00+00:00,2026-02-01 04:00:00+00:00,2026-02-01 09:00:00,2,10,0.16872390607992807,1,2026-01-31 16:00:00+00:00,True,False
2026-01-31 18:00:00+00:00,2026-02-01 05:00:00+00:00,2026-02-01 10:00:00,2,11,0.1518093521396319,1,2026-01-31 17:00:00+00:00,True,False
2026-01-31 18:00:00+00:00,2026-02-01 06:00:00+00:00,2026-02-01 11:00:00,2,12,0.1267460659146309,1,2026-01-31 18:00:00+00:00,True,False
2026-01-31 18:00:00+00:00,2026-02-01 07:00:00+00:00,2026-02-01 12:00:00,2,13,0.2797516981760661,2,2026-01-30 19:00:00+00:00,True,False
2026-01-31 18:00:00+00:00,2026-02-01 08:00:00+00:00,2026-02-01 13:00:00,2,14,0.3486911952495575,2,2026-01-30 20:00:00+00:00,True,False
2026-01-31 18:00:00+00:00,2026-02-01 09:00:00+00:00,2026-02-01 14:00:00,2,15,0.44544538855552673,2,2026-01-30 21:00:00+00:00,True,False
2026-01-31 18:00:00+00:00,2026-02-01 10:00:00+00:00,2026-02-01 15:00:00,2,16,0.4271860222021739,2,2026-01-30 22:00:00+00:00,True,False
2026-01-31 18:00:00+00:00,2026-02-01 11:00:00+00:00,2026-02-01 16:00:00,2,17,0.3808034062385559,2,2026-01-30 23:00:00+00:00,True,False
2026-01-31 18:00:00+00:00,2026-02-01 12:00:00+00:00,2026-02-01 17:00:00,2,18,0.3022802223761876,2,2026-01-31 00:00:00+00:00,True,False
2026-01-31 18:00:00+00:00,2026-02-01 13:00:00+00:00,2026-02-01 18:00:00,2,19,0.2061502287785212,2,2026-01-31 01:00:00+00:00,True,False
2026-01-31 18:00:00+00:00,2026-02-01 14:00:00+00:00,2026-02-01 19:00:00,2,20,0.17812946935494742,2,2026-01-31 02:00:00+00:00,True,False
2026-01-31 18:00:00+00:00,2026-02-01 15:00:00+00:00,2026-02-01 20:00:00,2,21,0.1829858918984731,2,2026-01-31 03:00:00+00:00,True,False
2026-01-31 18:00:00+00:00,2026-02-01 16:00:00+00:00,2026-02-01 21:00:00,2,22,0.1907093127568563,2,2026-01-31 04:00:00+00:00,True,False
2026-01-31 18:00:00+00:00,2026-02-01 17:00:00+00:00,2026-02-01 22:00:00,2,23,0.17023078600565592,2,2026-01-31 05:00:00+00:00,True,False
2026-01-31 18:00:00+00:00,2026-02-01 18:00:00+00:00,2026-02-01 23:00:00,2,24,0.07862663765748341,2,2026-01-31 06:00:00+00:00,True,False
2026-01-31 18:00:00+00:00,2026-02-01 19:00:00+00:00,2026-02-02 00:00:00,2,25,0.0970191980401675,2,2026-01-31 07:00:00+00:00,True,False
2026-01-31 18:00:00+00:00,2026-02-01 20:00:00+00:00,2026-02-02 01:00:00,2,26,0.1373725881179174,2,2026-01-31 08:00:00+00:00,True,False
2026-01-31 18:00:00+00:00,2026-02-01 21:00:00+00:00,2026-02-02 02:00:00,2,27,0.2233029305934906,2,2026-01-31 09:00:00+00:00,True,False
2026-01-31 18:00:00+00:00,2026-02-01 22:00:00+00:00,2026-02-02 03:00:00,2,28,0.27422353128592175,2,2026-01-31 10:00:00+00:00,True,False
2026-01-31 18:00:00+00:00,2026-02-01 23:00:00+00:00,2026-02-02 04:00:00,2,29,0.33867088953653973,2,2026-01-31 11:00:00+00:00,True,False
2026-01-31 18:00:00+00:00,2026-02-02 00:00:00+00:00,2026-02-02 05:00:00,2,30,0.3199545641740163,2,2026-01-31 12:00:00+00:00,True,False
2026-01-31 18:00:00+00:00,2026-02-02 01:00:00+00:00,2026-02-02 06:00:00,2,31,0.2642331123352051,2,2026-01-31 13:00:00+00:00,True,False
2026-01-31 18:00:00+00:00,2026-02-02 02:00:00+00:00,2026-02-02 07:00:00,2,32,0.2662479182084401,2,2026-01-31 14:00:00+00:00,True,False
2026-01-31 18:00:00+00:00,2026-02-02 03:00:00+00:00,2026-02-02 08:00:00,2,33,0.34077294667561847,2,2026-01-31 15:00:00+00:00,True,False
2026-01-31 18:00:00+00:00,2026-02-02 04:00:00+00:00,2026-02-02 09:00:00,2,34,0.2546326418717702,2,2026-01-31 16:00:00+00:00,True,False
2026-01-31 18:00:00+00:00,2026-02-02 05:00:00+00:00,2026-02-02 10:00:00,2,35,0.7028073867162069,2,2026-01-31 17:00:00+00:00,True,False
2026-01-31 18:00:00+00:00,2026-02-02 06:00:00+00:00,2026-02-02 11:00:00,2,36,0.850803812344869,2,2026-01-31 18:00:00+00:00,True,False
2026-01-31 18:00:00+00:00,2026-02-02 07:00:00+00:00,2026-02-02 12:00:00,2,37,0.871889611085256,3,2026-01-30 19:00:00+00:00,True,False
2026-01-31 18:00:00+00:00,2026-02-02 08:00:00+00:00,2026-02-02 13:00:00,2,38,0.9185148080190023,3,2026-01-30 20:00:00+00:00,True,False
2026-01-31 18:00:00+00:00,2026-02-02 09:00:00+00:00,2026-02-02 14:00:00,2,39,0.9391850829124451,3,2026-01-30 21:00:00+00:00,True,False
2026-01-31 18:00:00+00:00,2026-02-02 10:00:00+00:00,2026-02-02 15:00:00,2,40,0.9069798588752747,3,2026-01-30 22:00:00+00:00,True,False
2026-01-31 18:00:00+00:00,2026-02-02 11:00:00+00:00,2026-02-02 16:00:00,2,41,0.29633485277493793,3,2026-01-30 23:00:00+00:00,True,False
2026-01-31 18:00:00+00:00,2026-02-02 12:00:00+00:00,2026-02-02 17:00:00,2,42,0.5753451784451803,3,2026-01-31 00:00:00+00:00,True,False
2026-01-31 18:00:00+00:00,2026-02-02 13:00:00+00:00,2026-02-02 18:00:00,2,43,0.3290079931418101,3,2026-01-31 01:00:00+00:00,True,False
2026-01-31 18:00:00+00:00,2026-02-02 14:00:00+00:00,2026-02-02 19:00:00,2,44,0.32733089725176495,3,2026-01-31 02:00:00+00:00,True,False
2026-01-31 18:00:00+00:00,2026-02-02 15:00:00+00:00,2026-02-02 20:00:00,2,45,0.31565586229165393,3,2026-01-31 03:00:00+00:00,True,False
2026-01-31 18:00:00+00:00,2026-02-02 16:00:00+00:00,2026-02-02 21:00:00,2,46,0.27644188702106476,3,2026-01-31 04:00:00+00:00,True,False
2026-01-31 18:00:00+00:00,2026-02-02 17:00:00+00:00,2026-02-02 22:00:00,2,47,0.2375409056742986,3,2026-01-31 05:00:00+00:00,True,False
2026-01-31 18:00:00+00:00,2026-02-02 18:00:00+00:00,2026-02-02 23:00:00,2,48,0.15535260240236917,3,2026-01-31 06:00:00+00:00,True,False
2026-02-01 18:00:00+00:00,2026-02-01 19:00:00+00:00,2026-02-02 00:00:00,1,1,0.17384309073289236,1,2026-02-01 07:00:00+00:00,True,False
2026-02-01 18:00:00+00:00,2026-02-01 20:00:00+00:00,2026-02-02 01:00:00,1,2,0.2267723629872004,1,2026-02-01 08:00:00+00:00,True,False
2026-02-01 18:00:00+00:00,2026-02-01 21:00:00+00:00,2026-02-02 02:00:00,1,3,0.29247866074244183,1,2026-02-01 09:00:00+00:00,True,False
2026-02-01 18:00:00+00:00,2026-02-01 22:00:00+00:00,2026-02-02 03:00:00,1,4,0.41056989630063373,1,2026-02-01 10:00:00+00:00,True,False
2026-02-01 18:00:00+00:00,2026-02-01 23:00:00+00:00,2026-02-02 04:00:00,1,5,0.44842398166656494,1,2026-02-01 11:00:00+00:00,True,False
2026-02-01 18:00:00+00:00,2026-02-02 00:00:00+00:00,2026-02-02 05:00:00,1,6,0.5785232384999593,1,2026-02-01 12:00:00+00:00,True,False
2026-02-01 18:00:00+00:00,2026-02-02 01:00:00+00:00,2026-02-02 06:00:00,1,7,0.54144420226415,1,2026-02-01 13:00:00+00:00,True,False
2026-02-01 18:00:00+00:00,2026-02-02 02:00:00+00:00,2026-02-02 07:00:00,1,8,0.43243903915087384,1,2026-02-01 14:00:00+00:00,True,False
2026-02-01 18:00:00+00:00,2026-02-02 03:00:00+00:00,2026-02-02 08:00:00,1,9,0.4490131735801697,1,2026-02-01 15:00:00+00:00,True,False
2026-02-01 18:00:00+00:00,2026-02-02 04:00:00+00:00,2026-02-02 09:00:00,1,10,0.5954790016015371,1,2026-02-01 16:00:00+00:00,True,False
2026-02-01 18:00:00+00:00,2026-02-02 05:00:00+00:00,2026-02-02 10:00:00,1,11,0.9013259410858154,1,2026-02-01 17:00:00+00:00,True,False
2026-02-01 18:00:00+00:00,2026-02-02 06:00:00+00:00,2026-02-02 11:00:00,1,12,0.9421027700106303,1,2026-02-01 18:00:00+00:00,True,False
2026-02-01 18:00:00+00:00,2026-02-02 07:00:00+00:00,2026-02-02 12:00:00,1,13,0.8949256539344788,2,2026-01-31 19:00:00+00:00,True,False
2026-02-01 18:00:00+00:00,2026-02-02 08:00:00+00:00,2026-02-02 13:00:00,1,14,0.9445639848709106,2,2026-01-31 20:00:00+00:00,True,False
2026-02-01 18:00:00+00:00,2026-02-02 09:00:00+00:00,2026-02-02 14:00:00,1,15,0.9493429263432821,2,2026-01-31 21:00:00+00:00,True,False
2026-02-01 18:00:00+00:00,2026-02-02 10:00:00+00:00,2026-02-02 15:00:00,1,16,0.9521579742431641,2,2026-01-31 22:00:00+00:00,True,False
2026-02-01 18:00:00+00:00,2026-02-02 11:00:00+00:00,2026-02-02 16:00:00,1,17,0.9392202695210775,2,2026-01-31 23:00:00+00:00,True,False
2026-02-01 18:00:00+00:00,2026-02-02 12:00:00+00:00,2026-02-02 17:00:00,1,18,0.5459899107615153,2,2026-02-01 00:00:00+00:00,True,False
2026-02-01 18:00:00+00:00,2026-02-02 13:00:00+00:00,2026-02-02 18:00:00,1,19,0.19096140563488007,2,2026-02-01 01:00:00+00:00,True,False
2026-02-01 18:00:00+00:00,2026-02-02 14:00:00+00:00,2026-02-02 19:00:00,1,20,0.15286760032176971,2,2026-02-01 02:00:00+00:00,True,False
2026-02-01 18:00:00+00:00,2026-02-02 15:00:00+00:00,2026-02-02 20:00:00,1,21,0.1492578387260437,2,2026-02-01 03:00:00+00:00,True,False
2026-02-01 18:00:00+00:00,2026-02-02 16:00:00+00:00,2026-02-02 21:00:00,1,22,0.18227836986382803,2,2026-02-01 04:00:00+00:00,True,False
2026-02-01 18:00:00+00:00,2026-02-02 17:00:00+00:00,2026-02-02 22:00:00,1,23,0.2231209178765615,2,2026-02-01 05:00:00+00:00,True,False
2026-02-01 18:00:00+00:00,2026-02-02 18:00:00+00:00,2026-02-02 23:00:00,1,24,0.22954407334327698,2,2026-02-01 06:00:00+00:00,True,False
2026-02-01 18:00:00+00:00,2026-02-02 19:00:00+00:00,2026-02-03 00:00:00,1,25,0.23265599211057028,2,2026-02-01 07:00:00+00:00,True,False
2026-02-01 18:00:00+00:00,2026-02-02 20:00:00+00:00,2026-02-03 01:00:00,1,26,0.3574931224187215,2,2026-02-01 08:00:00+00:00,True,False
2026-02-01 18:00:00+00:00,2026-02-02 21:00:00+00:00,2026-02-03 02:00:00,1,27,0.40185868740081787,2,2026-02-01 09:00:00+00:00,True,False
2026-02-01 18:00:00+00:00,2026-02-02 22:00:00+00:00,2026-02-03 03:00:00,1,28,0.43121422330538434,2,2026-02-01 10:00:00+00:00,True,False
2026-02-01 18:00:00+00:00,2026-02-02 23:00:00+00:00,2026-02-03 04:00:00,1,29,0.4975898861885071,2,2026-02-01 11:00:00+00:00,True,False
2026-02-01 18:00:00+00:00,2026-02-03 00:00:00+00:00,2026-02-03 05:00:00,1,30,0.2817986011505127,2,2026-02-01 12:00:00+00:00,True,False
2026-02-01 18:00:00+00:00,2026-02-03 01:00:00+00:00,2026-02-03 06:00:00,1,31,0.15298874924580255,2,2026-02-01 13:00:00+00:00,True,False
2026-02-01 18:00:00+00:00,2026-02-03 02:00:00+00:00,2026-02-03 07:00:00,1,32,0.023923679254949093,2,2026-02-01 14:00:00+00:00,True,False
2026-02-01 18:00:00+00:00,2026-02-03 03:00:00+00:00,2026-02-03 08:00:00,1,33,0.02433004043996334,2,2026-02-01 15:00:00+00:00,True,False
2026-02-01 18:00:00+00:00,2026-02-03 04:00:00+00:00,2026-02-03 09:00:00,1,34,0.02503959834575653,2,2026-02-01 16:00:00+00:00,True,False
2026-02-01 18:00:00+00:00,2026-02-03 05:00:00+00:00,2026-02-03 10:00:00,1,35,0.02675766373674075,2,2026-02-01 17:00:00+00:00,True,False
2026-02-01 18:00:00+00:00,2026-02-03 06:00:00+00:00,2026-02-03 11:00:00,1,36,0.026392593048512936,2,2026-02-01 18:00:00+00:00,True,False
2026-02-01 18:00:00+00:00,2026-02-03 07:00:00+00:00,2026-02-03 12:00:00,1,37,0.02991229264686505,3,2026-01-31 19:00:00+00:00,True,False
2026-02-01 18:00:00+00:00,2026-02-03 08:00:00+00:00,2026-02-03 13:00:00,1,38,0.029721715487539768,3,2026-01-31 20:00:00+00:00,True,False
2026-02-01 18:00:00+00:00,2026-02-03 09:00:00+00:00,2026-02-03 14:00:00,1,39,0.058414158721764885,3,2026-01-31 21:00:00+00:00,True,False
2026-02-01 18:00:00+00:00,2026-02-03 10:00:00+00:00,2026-02-03 15:00:00,1,40,0.07476408531268437,3,2026-01-31 22:00:00+00:00,True,False
2026-02-01 18:00:00+00:00,2026-02-03 11:00:00+00:00,2026-02-03 16:00:00,1,41,0.12382988631725311,3,2026-01-31 23:00:00+00:00,True,False
2026-02-01 18:00:00+00:00,2026-02-03 12:00:00+00:00,2026-02-03 17:00:00,1,42,0.1332944060365359,3,2026-02-01 00:00:00+00:00,True,False
2026-02-01 18:00:00+00:00,2026-02-03 13:00:00+00:00,2026-02-03 18:00:00,1,43,0.1595167020956675,3,2026-02-01 01:00:00+00:00,True,False
2026-02-01 18:00:00+00:00,2026-02-03 14:00:00+00:00,2026-02-03 19:00:00,1,44,0.15934827675422034,3,2026-02-01 02:00:00+00:00,True,False
2026-02-01 18:00:00+00:00,2026-02-03 15:00:00+00:00,2026-02-03 20:00:00,1,45,0.15304879347483316,3,2026-02-01 03:00:00+00:00,True,False
2026-02-01 18:00:00+00:00,2026-02-03 16:00:00+00:00,2026-02-03 21:00:00,1,46,0.13179614394903183,3,2026-02-01 04:00:00+00:00,True,False
2026-02-01 18:00:00+00:00,2026-02-03 17:00:00+00:00,2026-02-03 22:00:00,1,47,0.1240753506620725,3,2026-02-01 05:00:00+00:00,True,False
2026-02-01 18:00:00+00:00,2026-02-03 18:00:00+00:00,2026-02-03 23:00:00,1,48,0.10655268654227257,3,2026-02-01 06:00:00+00:00,True,False
2026-02-01 18:00:00+00:00,2026-02-01 19:00:00+00:00,2026-02-02 00:00:00,2,1,0.1516408051053683,1,2026-02-01 07:00:00+00:00,True,False
2026-02-01 18:00:00+00:00,2026-02-01 20:00:00+00:00,2026-02-02 01:00:00,2,2,0.19269992907842,1,2026-02-01 08:00:00+00:00,True,False
2026-02-01 18:00:00+00:00,2026-02-01 21:00:00+00:00,2026-02-02 02:00:00,2,3,0.24784639477729797,1,2026-02-01 09:00:00+00:00,True,False
2026-02-01 18:00:00+00:00,2026-02-01 22:00:00+00:00,2026-02-02 03:00:00,2,4,0.33936460812886554,1,2026-02-01 10:00:00+00:00,True,False
2026-02-01 18:00:00+00:00,2026-02-01 23:00:00+00:00,2026-02-02 04:00:00,2,5,0.38962042331695557,1,2026-02-01 11:00:00+00:00,True,False
2026-02-01 18:00:00+00:00,2026-02-02 00:00:00+00:00,2026-02-02 05:00:00,2,6,0.5265317062536875,1,2026-02-01 12:00:00+00:00,True,False
2026-02-01 18:00:00+00:00,2026-02-02 01:00:00+00:00,2026-02-02 06:00:00,2,7,0.49302170674006146,1,2026-02-01 13:00:00+00:00,True,False
2026-02-01 18:00:00+00:00,2026-02-02 02:00:00+00:00,2026-02-02 07:00:00,2,8,0.39989755551020306,1,2026-02-01 14:00:00+00:00,True,False
2026-02-01 18:00:00+00:00,2026-02-02 03:00:00+00:00,2026-02-02 08:00:00,2,9,0.4194669723510742,1,2026-02-01 15:00:00+00:00,True,False
2026-02-01 18:00:00+00:00,2026-02-02 04:00:00+00:00,2026-02-02 09:00:00,2,10,0.5678321619828542,1,2026-02-01 16:00:00+00:00,True,False
2026-02-01 18:00:00+00:00,2026-02-02 05:00:00+00:00,2026-02-02 10:00:00,2,11,0.8893473148345947,1,2026-02-01 17:00:00+00:00,True,False
2026-02-01 18:00:00+00:00,2026-02-02 06:00:00+00:00,2026-02-02 11:00:00,2,12,0.9347502390543619,1,2026-02-01 18:00:00+00:00,True,False
2026-02-01 18:00:00+00:00,2026-02-02 07:00:00+00:00,2026-02-02 12:00:00,2,13,0.8993068933486938,2,2026-01-31 19:00:00+00:00,True,False
2026-02-01 18:00:00+00:00,2026-02-02 08:00:00+00:00,2026-02-02 13:00:00,2,14,0.9463427066802979,2,2026-01-31 20:00:00+00:00,True,False
2026-02-01 18:00:00+00:00,2026-02-02 09:00:00+00:00,2026-02-02 14:00:00,2,15,0.952237049738566,2,2026-01-31 21:00:00+00:00,True,False
2026-02-01 18:00:00+00:00,2026-02-02 10:00:00+00:00,2026-02-02 15:00:00,2,16,0.9538841048876444,2,2026-01-31 22:00:00+00:00,True,False
2026-02-01 18:00:00+00:00,2026-02-02 11:00:00+00:00,2026-02-02 16:00:00,2,17,0.9400611519813538,2,2026-01-31 23:00:00+00:00,True,False
2026-02-01 18:00:00+00:00,2026-02-02 12:00:00+00:00,2026-02-02 17:00:00,2,18,0.5439298252264658,2,2026-02-01 00:00:00+00:00,True,False
2026-02-01 18:00:00+00:00,2026-02-02 13:00:00+00:00,2026-02-02 18:00:00,2,19,0.18087894717852274,2,2026-02-01 01:00:00+00:00,True,False
2026-02-01 18:00:00+00:00,2026-02-02 14:00:00+00:00,2026-02-02 19:00:00,2,20,0.14036816358566284,2,2026-02-01 02:00:00+00:00,True,False
2026-02-01 18:00:00+00:00,2026-02-02 15:00:00+00:00,2026-02-02 20:00:00,2,21,0.1382198358575503,2,2026-02-01 03:00:00+00:00,True,False
2026-02-01 18:00:00+00:00,2026-02-02 16:00:00+00:00,2026-02-02 21:00:00,2,22,0.17408461620410284,2,2026-02-01 04:00:00+00:00,True,False
2026-02-01 18:00:00+00:00,2026-02-02 17:00:00+00:00,2026-02-02 22:00:00,2,23,0.20743365089098612,2,2026-02-01 05:00:00+00:00,True,False
2026-02-01 18:00:00+00:00,2026-02-02 18:00:00+00:00,2026-02-02 23:00:00,2,24,0.20675987005233765,2,2026-02-01 06:00:00+00:00,True,False
2026-02-01 18:00:00+00:00,2026-02-02 19:00:00+00:00,2026-02-03 00:00:00,2,25,0.21275146305561066,2,2026-02-01 07:00:00+00:00,True,False
2026-02-01 18:00:00+00:00,2026-02-02 20:00:00+00:00,2026-02-03 01:00:00,2,26,0.3246635099252065,2,2026-02-01 08:00:00+00:00,True,False
2026-02-01 18:00:00+00:00,2026-02-02 21:00:00+00:00,2026-02-03 02:00:00,2,27,0.3583409587542216,2,2026-02-01 09:00:00+00:00,True,False
2026-02-01 18:00:00+00:00,2026-02-02 22:00:00+00:00,2026-02-03 03:00:00,2,28,0.3841382364432017,2,2026-02-01 10:00:00+00:00,True,False
2026-02-01 18:00:00+00:00,2026-02-02 23:00:00+00:00,2026-02-03 04:00:00,2,29,0.45285849769910175,2,2026-02-01 11:00:00+00:00,True,False
2026-02-01 18:00:00+00:00,2026-02-03 00:00:00+00:00,2026-02-03 05:00:00,2,30,0.2525794704755147,2,2026-02-01 12:00:00+00:00,True,False
2026-02-01 18:00:00+00:00,2026-02-03 01:00:00+00:00,2026-02-03 06:00:00,2,31,0.15127895027399063,2,2026-02-01 13:00:00+00:00,True,False
2026-02-01 18:00:00+00:00,2026-02-03 02:00:00+00:00,2026-02-03 07:00:00,2,32,0.025029311267038185,2,2026-02-01 14:00:00+00:00,True,False
2026-02-01 18:00:00+00:00,2026-02-03 03:00:00+00:00,2026-02-03 08:00:00,2,33,0.024210505187511444,2,2026-02-01 15:00:00+00:00,True,False
2026-02-01 18:00:00+00:00,2026-02-03 04:00:00+00:00,2026-02-03 09:00:00,2,34,0.024315957600871723,2,2026-02-01 16:00:00+00:00,True,False
2026-02-01 18:00:00+00:00,2026-02-03 05:00:00+00:00,2026-02-03 10:00:00,2,35,0.026088374977310497,2,2026-02-01 17:00:00+00:00,True,False
2026-02-01 18:00:00+00:00,2026-02-03 06:00:00+00:00,2026-02-03 11:00:00,2,36,0.028267473603288334,2,2026-02-01 18:00:00+00:00,True,False
2026-02-01 18:00:00+00:00,2026-02-03 07:00:00+00:00,2026-02-03 12:00:00,2,37,0.030772180917362373,3,2026-01-31 19:00:00+00:00,True,False
2026-02-01 18:00:00+00:00,2026-02-03 08:00:00+00:00,2026-02-03 13:00:00,2,38,0.028484374284744263,3,2026-01-31 20:00:00+00:00,True,False
2026-02-01 18:00:00+00:00,2026-02-03 09:00:00+00:00,2026-02-03 14:00:00,2,39,0.055739556749661766,3,2026-01-31 21:00:00+00:00,True,False
2026-02-01 18:00:00+00:00,2026-02-03 10:00:00+00:00,2026-02-03 15:00:00,2,40,0.06864497065544128,3,2026-01-31 22:00:00+00:00,True,False
2026-02-01 18:00:00+00:00,2026-02-03 11:00:00+00:00,2026-02-03 16:00:00,2,41,0.11898087213436763,3,2026-01-31 23:00:00+00:00,True,False
2026-02-01 18:00:00+00:00,2026-02-03 12:00:00+00:00,2026-02-03 17:00:00,2,42,0.13816091418266296,3,2026-02-01 00:00:00+00:00,True,False
2026-02-01 18:00:00+00:00,2026-02-03 13:00:00+00:00,2026-02-03 18:00:00,2,43,0.1601389249165853,3,2026-02-01 01:00:00+00:00,True,False
2026-02-01 18:00:00+00:00,2026-02-03 14:00:00+00:00,2026-02-03 19:00:00,2,44,0.1606418937444687,3,2026-02-01 02:00:00+00:00,True,False
2026-02-01 18:00:00+00:00,2026-02-03 15:00:00+00:00,2026-02-03 20:00:00,2,45,0.15481406450271606,3,2026-02-01 03:00:00+00:00,True,False
2026-02-01 18:00:00+00:00,2026-02-03 16:00:00+00:00,2026-02-03 21:00:00,2,46,0.13218261549870172,3,2026-02-01 04:00:00+00:00,True,False
2026-02-01 18:00:00+00:00,2026-02-03 17:00:00+00:00,2026-02-03 22:00:00,2,47,0.12706146389245987,3,2026-02-01 05:00:00+00:00,True,False
2026-02-01 18:00:00+00:00,2026-02-03 18:00:00+00:00,2026-02-03 23:00:00,2,48,0.11236460382739703,3,2026-02-01 06:00:00+00:00,True,False
2026-02-02 18:00:00+00:00,2026-02-02 19:00:00+00:00,2026-02-03 00:00:00,1,1,0.11540820201237996,1,2026-02-02 07:00:00+00:00,True,False
2026-02-02 18:00:00+00:00,2026-02-02 20:00:00+00:00,2026-02-03 01:00:00,1,2,0.2614489148060481,1,2026-02-02 08:00:00+00:00,True,False
2026-02-02 18:00:00+00:00,2026-02-02 21:00:00+00:00,2026-02-03 02:00:00,1,3,0.41752947370211285,1,2026-02-02 09:00:00+00:00,True,False
2026-02-02 18:00:00+00:00,2026-02-02 22:00:00+00:00,2026-02-03 03:00:00,1,4,0.4807422459125519,1,2026-02-02 10:00:00+00:00,True,False
2026-02-02 18:00:00+00:00,2026-02-02 23:00:00+00:00,2026-02-03 04:00:00,1,5,0.5434689323107401,1,2026-02-02 11:00:00+00:00,True,False
2026-02-02 18:00:00+00:00,2026-02-03 00:00:00+00:00,2026-02-03 05:00:00,1,6,0.4124240775903066,1,2026-02-02 12:00:00+00:00,True,False
2026-02-02 18:00:00+00:00,2026-02-03 01:00:00+00:00,2026-02-03 06:00:00,1,7,0.3019394874572754,1,2026-02-02 13:00:00+00:00,True,False
2026-02-02 18:00:00+00:00,2026-02-03 02:00:00+00:00,2026-02-03 07:00:00,1,8,0.1564401462674141,1,2026-02-02 14:00:00+00:00,True,False
2026-02-02 18:00:00+00:00,2026-02-03 03:00:00+00:00,2026-02-03 08:00:00,1,9,0.08263090501228969,1,2026-02-02 15:00:00+00:00,True,False
2026-02-02 18:00:00+00:00,2026-02-03 04:00:00+00:00,2026-02-03 09:00:00,1,10,0.03023965408404668,1,2026-02-02 16:00:00+00:00,True,False
2026-02-02 18:00:00+00:00,2026-02-03 05:00:00+00:00,2026-02-03 10:00:00,1,11,0.020821668828527134,1,2026-02-02 17:00:00+00:00,True,False
2026-02-02 18:00:00+00:00,2026-02-03 06:00:00+00:00,2026-02-03 11:00:00,1,12,0.0310520442823569,1,2026-02-02 18:00:00+00:00,True,False
2026-02-02 18:00:00+00:00,2026-02-03 07:00:00+00:00,2026-02-03 12:00:00,1,13,0.028011003819604714,2,2026-02-01 19:00:00+00:00,True,False
2026-02-02 18:00:00+00:00,2026-02-03 08:00:00+00:00,2026-02-03 13:00:00,1,14,0.03673840003708998,2,2026-02-01 20:00:00+00:00,True,False
2026-02-02 18:00:00+00:00,2026-02-03 09:00:00+00:00,2026-02-03 14:00:00,1,15,0.0434695848574241,2,2026-02-01 21:00:00+00:00,True,False
2026-02-02 18:00:00+00:00,2026-02-03 10:00:00+00:00,2026-02-03 15:00:00,1,16,0.05256650224328041,2,2026-02-01 22:00:00+00:00,True,False
2026-02-02 18:00:00+00:00,2026-02-03 11:00:00+00:00,2026-02-03 16:00:00,1,17,0.08403688420852025,2,2026-02-01 23:00:00+00:00,True,False
2026-02-02 18:00:00+00:00,2026-02-03 12:00:00+00:00,2026-02-03 17:00:00,1,18,0.10864885399738948,2,2026-02-02 00:00:00+00:00,True,False
2026-02-02 18:00:00+00:00,2026-02-03 13:00:00+00:00,2026-02-03 18:00:00,1,19,0.15072556336720785,2,2026-02-02 01:00:00+00:00,True,False
2026-02-02 18:00:00+00:00,2026-02-03 14:00:00+00:00,2026-02-03 19:00:00,1,20,0.16508391499519348,2,2026-02-02 02:00:00+00:00,True,False
2026-02-02 18:00:00+00:00,2026-02-03 15:00:00+00:00,2026-02-03 20:00:00,1,21,0.17390652994314829,2,2026-02-02 03:00:00+00:00,True,False
2026-02-02 18:00:00+00:00,2026-02-03 16:00:00+00:00,2026-02-03 21:00:00,1,22,0.20315750439961752,2,2026-02-02 04:00:00+00:00,True,False
2026-02-02 18:00:00+00:00,2026-02-03 17:00:00+00:00,2026-02-03 22:00:00,1,23,0.16516073048114777,2,2026-02-02 05:00:00+00:00,True,False
2026-02-02 18:00:00+00:00,2026-02-03 18:00:00+00:00,2026-02-03 23:00:00,1,24,0.21917645136515299,2,2026-02-02 06:00:00+00:00,True,False
2026-02-02 18:00:00+00:00,2026-02-03 19:00:00+00:00,2026-02-04 00:00:00,1,25,0.2982098460197449,2,2026-02-02 07:00:00+00:00,True,False
2026-02-02 18:00:00+00:00,2026-02-03 20:00:00+00:00,2026-02-04 01:00:00,1,26,0.2320868819952011,2,2026-02-02 08:00:00+00:00,True,False
2026-02-02 18:00:00+00:00,2026-02-03 21:00:00+00:00,2026-02-04 02:00:00,1,27,0.2160249799489975,2,2026-02-02 09:00:00+00:00,True,False
2026-02-02 18:00:00+00:00,2026-02-03 22:00:00+00:00,2026-02-04 03:00:00,1,28,0.330877552429835,2,2026-02-02 10:00:00+00:00,True,False
2026-02-02 18:00:00+00:00,2026-02-03 23:00:00+00:00,2026-02-04 04:00:00,1,29,0.49600448211034137,2,2026-02-02 11:00:00+00:00,True,False
2026-02-02 18:00:00+00:00,2026-02-04 00:00:00+00:00,2026-02-04 05:00:00,1,30,0.24801293512185416,2,2026-02-02 12:00:00+00:00,True,False
2026-02-02 18:00:00+00:00,2026-02-04 01:00:00+00:00,2026-02-04 06:00:00,1,31,0.513609915971756,2,2026-02-02 13:00:00+00:00,True,False
2026-02-02 18:00:00+00:00,2026-02-04 02:00:00+00:00,2026-02-04 07:00:00,1,32,0.48560534914334613,2,2026-02-02 14:00:00+00:00,True,False
2026-02-02 18:00:00+00:00,2026-02-04 03:00:00+00:00,2026-02-04 08:00:00,1,33,0.47720322012901306,2,2026-02-02 15:00:00+00:00,True,False
2026-02-02 18:00:00+00:00,2026-02-04 04:00:00+00:00,2026-02-04 09:00:00,1,34,0.3611004253228505,2,2026-02-02 16:00:00+00:00,True,False
2026-02-02 18:00:00+00:00,2026-02-04 05:00:00+00:00,2026-02-04 10:00:00,1,35,0.1865591605504354,2,2026-02-02 17:00:00+00:00,True,False
2026-02-02 18:00:00+00:00,2026-02-04 06:00:00+00:00,2026-02-04 11:00:00,1,36,0.31597236295541126,2,2026-02-02 18:00:00+00:00,True,False
2026-02-02 18:00:00+00:00,2026-02-04 07:00:00+00:00,2026-02-04 12:00:00,1,37,0.02039707452058792,3,2026-02-01 19:00:00+00:00,True,False
2026-02-02 18:00:00+00:00,2026-02-04 08:00:00+00:00,2026-02-04 13:00:00,1,38,0.025219753695031006,3,2026-02-01 20:00:00+00:00,True,False
2026-02-02 18:00:00+00:00,2026-02-04 09:00:00+00:00,2026-02-04 14:00:00,1,39,0.027416698945065338,3,2026-02-01 21:00:00+00:00,True,False
2026-02-02 18:00:00+00:00,2026-02-04 10:00:00+00:00,2026-02-04 15:00:00,1,40,0.032078035175800323,3,2026-02-01 22:00:00+00:00,True,False
2026-02-02 18:00:00+00:00,2026-02-04 11:00:00+00:00,2026-02-04 16:00:00,1,41,0.037652106334765754,3,2026-02-01 23:00:00+00:00,True,False
2026-02-02 18:00:00+00:00,2026-02-04 12:00:00+00:00,2026-02-04 17:00:00,1,42,0.0955243781208992,3,2026-02-02 00:00:00+00:00,True,False
2026-02-02 18:00:00+00:00,2026-02-04 13:00:00+00:00,2026-02-04 18:00:00,1,43,0.06941570962468784,3,2026-02-02 01:00:00+00:00,True,False
2026-02-02 18:00:00+00:00,2026-02-04 14:00:00+00:00,2026-02-04 19:00:00,1,44,0.045893641809622444,3,2026-02-02 02:00:00+00:00,True,False
2026-02-02 18:00:00+00:00,2026-02-04 15:00:00+00:00,2026-02-04 20:00:00,1,45,0.12142155319452286,3,2026-02-02 03:00:00+00:00,True,False
2026-02-02 18:00:00+00:00,2026-02-04 16:00:00+00:00,2026-02-04 21:00:00,1,46,0.26114339381456375,3,2026-02-02 04:00:00+00:00,True,False
2026-02-02 18:00:00+00:00,2026-02-04 17:00:00+00:00,2026-02-04 22:00:00,1,47,0.30040156344572705,3,2026-02-02 05:00:00+00:00,True,False
2026-02-02 18:00:00+00:00,2026-02-04 18:00:00+00:00,2026-02-04 23:00:00,1,48,0.550190806388855,3,2026-02-02 06:00:00+00:00,True,False
2026-02-02 18:00:00+00:00,2026-02-02 19:00:00+00:00,2026-02-03 00:00:00,2,1,0.11096804837385814,1,2026-02-02 07:00:00+00:00,True,False
2026-02-02 18:00:00+00:00,2026-02-02 20:00:00+00:00,2026-02-03 01:00:00,2,2,0.2377264698346456,1,2026-02-02 08:00:00+00:00,True,False
2026-02-02 18:00:00+00:00,2026-02-02 21:00:00+00:00,2026-02-03 02:00:00,2,3,0.3583526313304901,1,2026-02-02 09:00:00+00:00,True,False
2026-02-02 18:00:00+00:00,2026-02-02 22:00:00+00:00,2026-02-03 03:00:00,2,4,0.41841428478558856,1,2026-02-02 10:00:00+00:00,True,False
2026-02-02 18:00:00+00:00,2026-02-02 23:00:00+00:00,2026-02-03 04:00:00,2,5,0.47780196865399677,1,2026-02-02 11:00:00+00:00,True,False
2026-02-02 18:00:00+00:00,2026-02-03 00:00:00+00:00,2026-02-03 05:00:00,2,6,0.3637196918328603,1,2026-02-02 12:00:00+00:00,True,False
2026-02-02 18:00:00+00:00,2026-02-03 01:00:00+00:00,2026-02-03 06:00:00,2,7,0.2735319882631302,1,2026-02-02 13:00:00+00:00,True,False
2026-02-02 18:00:00+00:00,2026-02-03 02:00:00+00:00,2026-02-03 07:00:00,2,8,0.15684501081705093,1,2026-02-02 14:00:00+00:00,True,False
2026-02-02 18:00:00+00:00,2026-02-03 03:00:00+00:00,2026-02-03 08:00:00,2,9,0.07949322462081909,1,2026-02-02 15:00:00+00:00,True,False
2026-02-02 18:00:00+00:00,2026-02-03 04:00:00+00:00,2026-02-03 09:00:00,2,10,0.028806983182827633,1,2026-02-02 16:00:00+00:00,True,False
2026-02-02 18:00:00+00:00,2026-02-03 05:00:00+00:00,2026-02-03 10:00:00,2,11,0.019832704526682694,1,2026-02-02 17:00:00+00:00,True,False
2026-02-02 18:00:00+00:00,2026-02-03 06:00:00+00:00,2026-02-03 11:00:00,2,12,0.0313941997786363,1,2026-02-02 18:00:00+00:00,True,False
2026-02-02 18:00:00+00:00,2026-02-03 07:00:00+00:00,2026-02-03 12:00:00,2,13,0.0284973472977678,2,2026-02-01 19:00:00+00:00,True,False
2026-02-02 18:00:00+00:00,2026-02-03 08:00:00+00:00,2026-02-03 13:00:00,2,14,0.036402385060985885,2,2026-02-01 20:00:00+00:00,True,False
2026-02-02 18:00:00+00:00,2026-02-03 09:00:00+00:00,2026-02-03 14:00:00,2,15,0.04213159034649531,2,2026-02-01 21:00:00+00:00,True,False
2026-02-02 18:00:00+00:00,2026-02-03 10:00:00+00:00,2026-02-03 15:00:00,2,16,0.05281048268079758,2,2026-02-01 22:00:00+00:00,True,False
2026-02-02 18:00:00+00:00,2026-02-03 11:00:00+00:00,2026-02-03 16:00:00,2,17,0.08277273674805959,2,2026-02-01 23:00:00+00:00,True,False
2026-02-02 18:00:00+00:00,2026-02-03 12:00:00+00:00,2026-02-03 17:00:00,2,18,0.11166965713103612,2,2026-02-02 00:00:00+00:00,True,False
2026-02-02 18:00:00+00:00,2026-02-03 13:00:00+00:00,2026-02-03 18:00:00,2,19,0.1537094215552012,2,2026-02-02 01:00:00+00:00,True,False
2026-02-02 18:00:00+00:00,2026-02-03 14:00:00+00:00,2026-02-03 19:00:00,2,20,0.16241070131460825,2,2026-02-02 02:00:00+00:00,True,False
2026-02-02 18:00:00+00:00,2026-02-03 15:00:00+00:00,2026-02-03 20:00:00,2,21,0.17555410663286844,2,2026-02-02 03:00:00+00:00,True,False
2026-02-02 18:00:00+00:00,2026-02-03 16:00:00+00:00,2026-02-03 21:00:00,2,22,0.20258466402689615,2,2026-02-02 04:00:00+00:00,True,False
2026-02-02 18:00:00+00:00,2026-02-03 17:00:00+00:00,2026-02-03 22:00:00,2,23,0.16657370825608572,2,2026-02-02 05:00:00+00:00,True,False
2026-02-02 18:00:00+00:00,2026-02-03 18:00:00+00:00,2026-02-03 23:00:00,2,24,0.23259364565213522,2,2026-02-02 06:00:00+00:00,True,False
2026-02-02 18:00:00+00:00,2026-02-03 19:00:00+00:00,2026-02-04 00:00:00,2,25,0.31357960899670917,2,2026-02-02 07:00:00+00:00,True,False
2026-02-02 18:00:00+00:00,2026-02-03 20:00:00+00:00,2026-02-04 01:00:00,2,26,0.24188755452632904,2,2026-02-02 08:00:00+00:00,True,False
2026-02-02 18:00:00+00:00,2026-02-03 21:00:00+00:00,2026-02-04 02:00:00,2,27,0.22032619516054788,2,2026-02-02 09:00:00+00:00,True,False
2026-02-02 18:00:00+00:00,2026-02-03 22:00:00+00:00,2026-02-04 03:00:00,2,28,0.34160226583480835,2,2026-02-02 10:00:00+00:00,True,False
2026-02-02 18:00:00+00:00,2026-02-03 23:00:00+00:00,2026-02-04 04:00:00,2,29,0.5106502672036489,2,2026-02-02 11:00:00+00:00,True,False
2026-02-02 18:00:00+00:00,2026-02-04 00:00:00+00:00,2026-02-04 05:00:00,2,30,0.2493695169687271,2,2026-02-02 12:00:00+00:00,True,False
2026-02-02 18:00:00+00:00,2026-02-04 01:00:00+00:00,2026-02-04 06:00:00,2,31,0.5132806797822317,2,2026-02-02 13:00:00+00:00,True,False
2026-02-02 18:00:00+00:00,2026-02-04 02:00:00+00:00,2026-02-04 07:00:00,2,32,0.47657424211502075,2,2026-02-02 14:00:00+00:00,True,False
2026-02-02 18:00:00+00:00,2026-02-04 03:00:00+00:00,2026-02-04 08:00:00,2,33,0.47302860021591187,2,2026-02-02 15:00:00+00:00,True,False
2026-02-02 18:00:00+00:00,2026-02-04 04:00:00+00:00,2026-02-04 09:00:00,2,34,0.3509797155857086,2,2026-02-02 16:00:00+00:00,True,False
2026-02-02 18:00:00+00:00,2026-02-04 05:00:00+00:00,2026-02-04 10:00:00,2,35,0.1823748548825582,2,2026-02-02 17:00:00+00:00,True,False
2026-02-02 18:00:00+00:00,2026-02-04 06:00:00+00:00,2026-02-04 11:00:00,2,36,0.3169238269329071,2,2026-02-02 18:00:00+00:00,True,False
2026-02-02 18:00:00+00:00,2026-02-04 07:00:00+00:00,2026-02-04 12:00:00,2,37,0.020554440406461556,3,2026-02-01 19:00:00+00:00,True,False
2026-02-02 18:00:00+00:00,2026-02-04 08:00:00+00:00,2026-02-04 13:00:00,2,38,0.02661341552933057,3,2026-02-01 20:00:00+00:00,True,False
2026-02-02 18:00:00+00:00,2026-02-04 09:00:00+00:00,2026-02-04 14:00:00,2,39,0.027894392299155395,3,2026-02-01 21:00:00+00:00,True,False
2026-02-02 18:00:00+00:00,2026-02-04 10:00:00+00:00,2026-02-04 15:00:00,2,40,0.031764899070064224,3,2026-02-01 22:00:00+00:00,True,False
2026-02-02 18:00:00+00:00,2026-02-04 11:00:00+00:00,2026-02-04 16:00:00,2,41,0.037712989995876946,3,2026-02-01 23:00:00+00:00,True,False
2026-02-02 18:00:00+00:00,2026-02-04 12:00:00+00:00,2026-02-04 17:00:00,2,42,0.09494677931070328,3,2026-02-02 00:00:00+00:00,True,False
2026-02-02 18:00:00+00:00,2026-02-04 13:00:00+00:00,2026-02-04 18:00:00,2,43,0.0688609058658282,3,2026-02-02 01:00:00+00:00,True,False
2026-02-02 18:00:00+00:00,2026-02-04 14:00:00+00:00,2026-02-04 19:00:00,2,44,0.04172130674123764,3,2026-02-02 02:00:00+00:00,True,False
2026-02-02 18:00:00+00:00,2026-02-04 15:00:00+00:00,2026-02-04 20:00:00,2,45,0.11399770652254422,3,2026-02-02 03:00:00+00:00,True,False
2026-02-02 18:00:00+00:00,2026-02-04 16:00:00+00:00,2026-02-04 21:00:00,2,46,0.24055825918912888,3,2026-02-02 04:00:00+00:00,True,False
2026-02-02 18:00:00+00:00,2026-02-04 17:00:00+00:00,2026-02-04 22:00:00,2,47,0.2973671481013298,3,2026-02-02 05:00:00+00:00,True,False
2026-02-02 18:00:00+00:00,2026-02-04 18:00:00+00:00,2026-02-04 23:00:00,2,48,0.5376569032669067,3,2026-02-02 06:00:00+00:00,True,False
2026-02-03 18:00:00+00:00,2026-02-03 19:00:00+00:00,2026-02-04 00:00:00,1,1,0.5781907439231873,1,2026-02-03 07:00:00+00:00,True,False
2026-02-03 18:00:00+00:00,2026-02-03 20:00:00+00:00,2026-02-04 01:00:00,1,2,0.5374741355578104,1,2026-02-03 08:00:00+00:00,True,False
2026-02-03 18:00:00+00:00,2026-02-03 21:00:00+00:00,2026-02-04 02:00:00,1,3,0.48232826590538025,1,2026-02-03 09:00:00+00:00,True,False
2026-02-03 18:00:00+00:00,2026-02-03 22:00:00+00:00,2026-02-04 03:00:00,1,4,0.45331767201423645,1,2026-02-03 10:00:00+00:00,True,False
2026-02-03 18:00:00+00:00,2026-02-03 23:00:00+00:00,2026-02-04 04:00:00,1,5,0.41062142451604206,1,2026-02-03 11:00:00+00:00,True,False
2026-02-03 18:00:00+00:00,2026-02-04 00:00:00+00:00,2026-02-04 05:00:00,1,6,0.5877935588359833,1,2026-02-03 12:00:00+00:00,True,False
2026-02-03 18:00:00+00:00,2026-02-04 01:00:00+00:00,2026-02-04 06:00:00,1,7,0.707387646039327,1,2026-02-03 13:00:00+00:00,True,False
2026-02-03 18:00:00+00:00,2026-02-04 02:00:00+00:00,2026-02-04 07:00:00,1,8,0.6348206599553426,1,2026-02-03 14:00:00+00:00,True,False
2026-02-03 18:00:00+00:00,2026-02-04 03:00:00+00:00,2026-02-04 08:00:00,1,9,0.5404088497161865,1,2026-02-03 15:00:00+00:00,True,False
2026-02-03 18:00:00+00:00,2026-02-04 04:00:00+00:00,2026-02-04 09:00:00,1,10,0.3426828632752101,1,2026-02-03 16:00:00+00:00,True,False
2026-02-03 18:00:00+00:00,2026-02-04 05:00:00+00:00,2026-02-04 10:00:00,1,11,0.19578973948955536,1,2026-02-03 17:00:00+00:00,True,False
2026-02-03 18:00:00+00:00,2026-02-04 06:00:00+00:00,2026-02-04 11:00:00,1,12,0.15629327048858008,1,2026-02-03 18:00:00+00:00,True,False
2026-02-03 18:00:00+00:00,2026-02-04 07:00:00+00:00,2026-02-04 12:00:00,1,13,0.18954245746135712,2,2026-02-02 19:00:00+00:00,True,False
2026-02-03 18:00:00+00:00,2026-02-04 08:00:00+00:00,2026-02-04 13:00:00,1,14,0.14445970952510834,2,2026-02-02 20:00:00+00:00,True,False
2026-02-03 18:00:00+00:00,2026-02-04 09:00:00+00:00,2026-02-04 14:00:00,1,15,0.16203354795773825,2,2026-02-02 21:00:00+00:00,True,False
2026-02-03 18:00:00+00:00,2026-02-04 10:00:00+00:00,2026-02-04 15:00:00,1,16,0.1750237594048182,2,2026-02-02 22:00:00+00:00,True,False
2026-02-03 18:00:00+00:00,2026-02-04 11:00:00+00:00,2026-02-04 16:00:00,1,17,0.15376573304335275,2,2026-02-02 23:00:00+00:00,True,False
2026-02-03 18:00:00+00:00,2026-02-04 12:00:00+00:00,2026-02-04 17:00:00,1,18,0.03756671647230784,2,2026-02-03 00:00:00+00:00,True,False
2026-02-03 18:00:00+00:00,2026-02-04 13:00:00+00:00,2026-02-04 18:00:00,1,19,0.04347539506852627,2,2026-02-03 01:00:00+00:00,True,False
2026-02-03 18:00:00+00:00,2026-02-04 14:00:00+00:00,2026-02-04 19:00:00,1,20,0.038228082160154976,2,2026-02-03 02:00:00+00:00,True,False
2026-02-03 18:00:00+00:00,2026-02-04 15:00:00+00:00,2026-02-04 20:00:00,1,21,0.10200581947962443,2,2026-02-03 03:00:00+00:00,True,False
2026-02-03 18:00:00+00:00,2026-02-04 16:00:00+00:00,2026-02-04 21:00:00,1,22,0.3338496188322703,2,2026-02-03 04:00:00+00:00,True,False
2026-02-03 18:00:00+00:00,2026-02-04 17:00:00+00:00,2026-02-04 22:00:00,1,23,0.5635783473650614,2,2026-02-03 05:00:00+00:00,True,False
2026-02-03 18:00:00+00:00,2026-02-04 18:00:00+00:00,2026-02-04 23:00:00,1,24,0.4463110566139221,2,2026-02-03 06:00:00+00:00,True,False
2026-02-03 18:00:00+00:00,2026-02-04 19:00:00+00:00,2026-02-05 00:00:00,1,25,0.6381325523058573,2,2026-02-03 07:00:00+00:00,True,False
2026-02-03 18:00:00+00:00,2026-02-04 20:00:00+00:00,2026-02-05 01:00:00,1,26,0.7540468573570251,2,2026-02-03 08:00:00+00:00,True,False
2026-02-03 18:00:00+00:00,2026-02-04 21:00:00+00:00,2026-02-05 02:00:00,1,27,0.8765239318211874,2,2026-02-03 09:00:00+00:00,True,False
2026-02-03 18:00:00+00:00,2026-02-04 22:00:00+00:00,2026-02-05 03:00:00,1,28,0.9402428865432739,2,2026-02-03 10:00:00+00:00,True,False
2026-02-03 18:00:00+00:00,2026-02-04 23:00:00+00:00,2026-02-05 04:00:00,1,29,0.9615517854690552,2,2026-02-03 11:00:00+00:00,True,False
2026-02-03 18:00:00+00:00,2026-02-05 00:00:00+00:00,2026-02-05 05:00:00,1,30,0.9790521860122681,2,2026-02-03 12:00:00+00:00,True,False
2026-02-03 18:00:00+00:00,2026-02-05 01:00:00+00:00,2026-02-05 06:00:00,1,31,0.984915574391683,2,2026-02-03 13:00:00+00:00,True,False
2026-02-03 18:00:00+00:00,2026-02-05 02:00:00+00:00,2026-02-05 07:00:00,1,32,0.9897241791089376,2,2026-02-03 14:00:00+00:00,True,False
2026-02-03 18:00:00+00:00,2026-02-05 03:00:00+00:00,2026-02-05 08:00:00,1,33,0.9935943285624186,2,2026-02-03 15:00:00+00:00,True,False
2026-02-03 18:00:00+00:00,2026-02-05 04:00:00+00:00,2026-02-05 09:00:00,1,34,0.9958774248758951,2,2026-02-03 16:00:00+00:00,True,False
2026-02-03 18:00:00+00:00,2026-02-05 05:00:00+00:00,2026-02-05 10:00:00,1,35,0.9964779416720072,2,2026-02-03 17:00:00+00:00,True,False
2026-02-03 18:00:00+00:00,2026-02-05 06:00:00+00:00,2026-02-05 11:00:00,1,36,0.9965188105901083,2,2026-02-03 18:00:00+00:00,True,False
2026-02-03 18:00:00+00:00,2026-02-05 07:00:00+00:00,2026-02-05 12:00:00,1,37,0.9984735250473022,3,2026-02-02 19:00:00+00:00,True,False
2026-02-03 18:00:00+00:00,2026-02-05 08:00:00+00:00,2026-02-05 13:00:00,1,38,0.9990148544311523,3,2026-02-02 20:00:00+00:00,True,False
2026-02-03 18:00:00+00:00,2026-02-05 09:00:00+00:00,2026-02-05 14:00:00,1,39,0.9989867806434631,3,2026-02-02 21:00:00+00:00,True,False
2026-02-03 18:00:00+00:00,2026-02-05 10:00:00+00:00,2026-02-05 15:00:00,1,40,0.9988095760345459,3,2026-02-02 22:00:00+00:00,True,False
2026-02-03 18:00:00+00:00,2026-02-05 11:00:00+00:00,2026-02-05 16:00:00,1,41,0.9977427323659261,3,2026-02-02 23:00:00+00:00,True,False
2026-02-03 18:00:00+00:00,2026-02-05 12:00:00+00:00,2026-02-05 17:00:00,1,42,0.9946555693944296,3,2026-02-03 00:00:00+00:00,True,False
2026-02-03 18:00:00+00:00,2026-02-05 13:00:00+00:00,2026-02-05 18:00:00,1,43,0.9943332274754842,3,2026-02-03 01:00:00+00:00,True,False
2026-02-03 18:00:00+00:00,2026-02-05 14:00:00+00:00,2026-02-05 19:00:00,1,44,0.9876357913017273,3,2026-02-03 02:00:00+00:00,True,False
2026-02-03 18:00:00+00:00,2026-02-05 15:00:00+00:00,2026-02-05 20:00:00,1,45,0.9526621301968893,3,2026-02-03 03:00:00+00:00,True,False
2026-02-03 18:00:00+00:00,2026-02-05 16:00:00+00:00,2026-02-05 21:00:00,1,46,0.8815942406654358,3,2026-02-03 04:00:00+00:00,True,False
2026-02-03 18:00:00+00:00,2026-02-05 17:00:00+00:00,2026-02-05 22:00:00,1,47,0.8138472437858582,3,2026-02-03 05:00:00+00:00,True,False
2026-02-03 18:00:00+00:00,2026-02-05 18:00:00+00:00,2026-02-05 23:00:00,1,48,0.8653579751650492,3,2026-02-03 06:00:00+00:00,True,False
2026-02-03 18:00:00+00:00,2026-02-03 19:00:00+00:00,2026-02-04 00:00:00,2,1,0.5648748079935709,1,2026-02-03 07:00:00+00:00,True,False
2026-02-03 18:00:00+00:00,2026-02-03 20:00:00+00:00,2026-02-04 01:00:00,2,2,0.5347111026446024,1,2026-02-03 08:00:00+00:00,True,False
2026-02-03 18:00:00+00:00,2026-02-03 21:00:00+00:00,2026-02-04 02:00:00,2,3,0.486550768216451,1,2026-02-03 09:00:00+00:00,True,False
2026-02-03 18:00:00+00:00,2026-02-03 22:00:00+00:00,2026-02-04 03:00:00,2,4,0.453518678744634,1,2026-02-03 10:00:00+00:00,True,False
2026-02-03 18:00:00+00:00,2026-02-03 23:00:00+00:00,2026-02-04 04:00:00,2,5,0.40910689036051434,1,2026-02-03 11:00:00+00:00,True,False
2026-02-03 18:00:00+00:00,2026-02-04 00:00:00+00:00,2026-02-04 05:00:00,2,6,0.5919025441010793,1,2026-02-03 12:00:00+00:00,True,False
2026-02-03 18:00:00+00:00,2026-02-04 01:00:00+00:00,2026-02-04 06:00:00,2,7,0.704990029335022,1,2026-02-03 13:00:00+00:00,True,False
2026-02-03 18:00:00+00:00,2026-02-04 02:00:00+00:00,2026-02-04 07:00:00,2,8,0.6196396946907043,1,2026-02-03 14:00:00+00:00,True,False
2026-02-03 18:00:00+00:00,2026-02-04 03:00:00+00:00,2026-02-04 08:00:00,2,9,0.5264286994934082,1,2026-02-03 15:00:00+00:00,True,False
2026-02-03 18:00:00+00:00,2026-02-04 04:00:00+00:00,2026-02-04 09:00:00,2,10,0.34496428569157916,1,2026-02-03 16:00:00+00:00,True,False
2026-02-03 18:00:00+00:00,2026-02-04 05:00:00+00:00,2026-02-04 10:00:00,2,11,0.19090025623639426,1,2026-02-03 17:00:00+00:00,True,False
2026-02-03 18:00:00+00:00,2026-02-04 06:00:00+00:00,2026-02-04 11:00:00,2,12,0.1518457035223643,1,2026-02-03 18:00:00+00:00,True,False
2026-02-03 18:00:00+00:00,2026-02-04 07:00:00+00:00,2026-02-04 12:00:00,2,13,0.190545454621315,2,2026-02-02 19:00:00+00:00,True,False
2026-02-03 18:00:00+00:00,2026-02-04 08:00:00+00:00,2026-02-04 13:00:00,2,14,0.14774801333745322,2,2026-02-02 20:00:00+00:00,True,False
2026-02-03 18:00:00+00:00,2026-02-04 09:00:00+00:00,2026-02-04 14:00:00,2,15,0.16455320020516714,2,2026-02-02 21:00:00+00:00,True,False
2026-02-03 18:00:00+00:00,2026-02-04 10:00:00+00:00,2026-02-04 15:00:00,2,16,0.17320158084233603,2,2026-02-02 22:00:00+00:00,True,False
2026-02-03 18:00:00+00:00,2026-02-04 11:00:00+00:00,2026-02-04 16:00:00,2,17,0.15343361099561056,2,2026-02-02 23:00:00+00:00,True,False
2026-02-03 18:00:00+00:00,2026-02-04 12:00:00+00:00,2026-02-04 17:00:00,2,18,0.037315999468167625,2,2026-02-03 00:00:00+00:00,True,False
2026-02-03 18:00:00+00:00,2026-02-04 13:00:00+00:00,2026-02-04 18:00:00,2,19,0.044485921040177345,2,2026-02-03 01:00:00+00:00,True,False
2026-02-03 18:00:00+00:00,2026-02-04 14:00:00+00:00,2026-02-04 19:00:00,2,20,0.038146981969475746,2,2026-02-03 02:00:00+00:00,True,False
2026-02-03 18:00:00+00:00,2026-02-04 15:00:00+00:00,2026-02-04 20:00:00,2,21,0.09568587690591812,2,2026-02-03 03:00:00+00:00,True,False
2026-02-03 18:00:00+00:00,2026-02-04 16:00:00+00:00,2026-02-04 21:00:00,2,22,0.3453179995218913,2,2026-02-03 04:00:00+00:00,True,False
2026-02-03 18:00:00+00:00,2026-02-04 17:00:00+00:00,2026-02-04 22:00:00,2,23,0.5604346394538879,2,2026-02-03 05:00:00+00:00,True,False
2026-02-03 18:00:00+00:00,2026-02-04 18:00:00+00:00,2026-02-04 23:00:00,2,24,0.4449944794178009,2,2026-02-03 06:00:00+00:00,True,False
2026-02-03 18:00:00+00:00,2026-02-04 19:00:00+00:00,2026-02-05 00:00:00,2,25,0.6336640318234762,2,2026-02-03 07:00:00+00:00,True,False
2026-02-03 18:00:00+00:00,2026-02-04 20:00:00+00:00,2026-02-05 01:00:00,2,26,0.7458406686782837,2,2026-02-03 08:00:00+00:00,True,False
2026-02-03 18:00:00+00:00,2026-02-04 21:00:00+00:00,2026-02-05 02:00:00,2,27,0.8713714679082235,2,2026-02-03 09:00:00+00:00,True,False
2026-02-03 18:00:00+00:00,2026-02-04 22:00:00+00:00,2026-02-05 03:00:00,2,28,0.9350988864898682,2,2026-02-03 10:00:00+00:00,True,False
2026-02-03 18:00:00+00:00,2026-02-04 23:00:00+00:00,2026-02-05 04:00:00,2,29,0.9571488300959269,2,2026-02-03 11:00:00+00:00,True,False
2026-02-03 18:00:00+00:00,2026-02-05 00:00:00+00:00,2026-02-05 05:00:00,2,30,0.9762024283409119,2,2026-02-03 12:00:00+00:00,True,False
2026-02-03 18:00:00+00:00,2026-02-05 01:00:00+00:00,2026-02-05 06:00:00,2,31,0.9831372300783793,2,2026-02-03 13:00:00+00:00,True,False
2026-02-03 18:00:00+00:00,2026-02-05 02:00:00+00:00,2026-02-05 07:00:00,2,32,0.9884427587191263,2,2026-02-03 14:00:00+00:00,True,False
2026-02-03 18:00:00+00:00,2026-02-05 03:00:00+00:00,2026-02-05 08:00:00,2,33,0.992902934551239,2,2026-02-03 15:00:00+00:00,True,False
2026-02-03 18:00:00+00:00,2026-02-05 04:00:00+00:00,2026-02-05 09:00:00,2,34,0.9954079389572144,2,2026-02-03 16:00:00+00:00,True,False
2026-02-03 18:00:00+00:00,2026-02-05 05:00:00+00:00,2026-02-05 10:00:00,2,35,0.9961624145507812,2,2026-02-03 17:00:00+00:00,True,False
2026-02-03 18:00:00+00:00,2026-02-05 06:00:00+00:00,2026-02-05 11:00:00,2,36,0.9962431192398071,2,2026-02-03 18:00:00+00:00,True,False
2026-02-03 18:00:00+00:00,2026-02-05 07:00:00+00:00,2026-02-05 12:00:00,2,37,0.99834672609965,3,2026-02-02 19:00:00+00:00,True,False
2026-02-03 18:00:00+00:00,2026-02-05 08:00:00+00:00,2026-02-05 13:00:00,2,38,0.9989123145739237,3,2026-02-02 20:00:00+00:00,True,False
2026-02-03 18:00:00+00:00,2026-02-05 09:00:00+00:00,2026-02-05 14:00:00,2,39,0.9988674322764078,3,2026-02-02 21:00:00+00:00,True,False
2026-02-03 18:00:00+00:00,2026-02-05 10:00:00+00:00,2026-02-05 15:00:00,2,40,0.9986668229103088,3,2026-02-02 22:00:00+00:00,True,False
2026-02-03 18:00:00+00:00,2026-02-05 11:00:00+00:00,2026-02-05 16:00:00,2,41,0.9974321325620016,3,2026-02-02 23:00:00+00:00,True,False
2026-02-03 18:00:00+00:00,2026-02-05 12:00:00+00:00,2026-02-05 17:00:00,2,42,0.9940386414527893,3,2026-02-03 00:00:00+00:00,True,False
2026-02-03 18:00:00+00:00,2026-02-05 13:00:00+00:00,2026-02-05 18:00:00,2,43,0.993707279364268,3,2026-02-03 01:00:00+00:00,True,False
2026-02-03 18:00:00+00:00,2026-02-05 14:00:00+00:00,2026-02-05 19:00:00,2,44,0.9866303006807963,3,2026-02-03 02:00:00+00:00,True,False
2026-02-03 18:00:00+00:00,2026-02-05 15:00:00+00:00,2026-02-05 20:00:00,2,45,0.9484944542249044,3,2026-02-03 03:00:00+00:00,True,False
2026-02-03 18:00:00+00:00,2026-02-05 16:00:00+00:00,2026-02-05 21:00:00,2,46,0.8747498591740926,3,2026-02-03 04:00:00+00:00,True,False
2026-02-03 18:00:00+00:00,2026-02-05 17:00:00+00:00,2026-02-05 22:00:00,2,47,0.7990922331809998,3,2026-02-03 05:00:00+00:00,True,False
2026-02-03 18:00:00+00:00,2026-02-05 18:00:00+00:00,2026-02-05 23:00:00,2,48,0.8407944639523824,3,2026-02-03 06:00:00+00:00,True,False
2026-02-04 18:00:00+00:00,2026-02-04 19:00:00+00:00,2026-02-05 00:00:00,1,1,0.8543351292610168,1,2026-02-04 07:00:00+00:00,True,False
2026-02-04 18:00:00+00:00,2026-02-04 20:00:00+00:00,2026-02-05 01:00:00,1,2,0.9187700351079305,1,2026-02-04 08:00:00+00:00,True,False
2026-02-04 18:00:00+00:00,2026-02-04 21:00:00+00:00,2026-02-05 02:00:00,1,3,0.9414834181467692,1,2026-02-04 09:00:00+00:00,True,False
2026-02-04 18:00:00+00:00,2026-02-04 22:00:00+00:00,2026-02-05 03:00:00,1,4,0.9589371283849081,1,2026-02-04 10:00:00+00:00,True,False
2026-02-04 18:00:00+00:00,2026-02-04 23:00:00+00:00,2026-02-05 04:00:00,1,5,0.9718320767084757,1,2026-02-04 11:00:00+00:00,True,False
2026-02-04 18:00:00+00:00,2026-02-05 00:00:00+00:00,2026-02-05 05:00:00,1,6,0.9866467515627543,1,2026-02-04 12:00:00+00:00,True,False
2026-02-04 18:00:00+00:00,2026-02-05 01:00:00+00:00,2026-02-05 06:00:00,1,7,0.9933956265449524,1,2026-02-04 13:00:00+00:00,True,False
2026-02-04 18:00:00+00:00,2026-02-05 02:00:00+00:00,2026-02-05 07:00:00,1,8,0.9951948126157125,1,2026-02-04 14:00:00+00:00,True,False
2026-02-04 18:00:00+00:00,2026-02-05 03:00:00+00:00,2026-02-05 08:00:00,1,9,0.9953211148579916,1,2026-02-04 15:00:00+00:00,True,False
2026-02-04 18:00:00+00:00,2026-02-05 04:00:00+00:00,2026-02-05 09:00:00,1,10,0.9956253965695699,1,2026-02-04 16:00:00+00:00,True,False
2026-02-04 18:00:00+00:00,2026-02-05 05:00:00+00:00,2026-02-05 10:00:00,1,11,0.993979831536611,1,2026-02-04 17:00:00+00:00,True,False
2026-02-04 18:00:00+00:00,2026-02-05 06:00:00+00:00,2026-02-05 11:00:00,1,12,0.9963496526082357,1,2026-02-04 18:00:00+00:00,True,False
2026-02-04 18:00:00+00:00,2026-02-05 07:00:00+00:00,2026-02-05 12:00:00,1,13,0.9979444146156311,2,2026-02-03 19:00:00+00:00,True,False
2026-02-04 18:00:00+00:00,2026-02-05 08:00:00+00:00,2026-02-05 13:00:00,1,14,0.9978980422019958,2,2026-02-03 20:00:00+00:00,True,False
2026-02-04 18:00:00+00:00,2026-02-05 09:00:00+00:00,2026-02-05 14:00:00,1,15,0.9978445967038473,2,2026-02-03 21:00:00+00:00,True,False
2026-02-04 18:00:00+00:00,2026-02-05 10:00:00+00:00,2026-02-05 15:00:00,1,16,0.9968344767888387,2,2026-02-03 22:00:00+00:00,True,False
2026-02-04 18:00:00+00:00,2026-02-05 11:00:00+00:00,2026-02-05 16:00:00,1,17,0.9952039917310079,2,2026-02-03 23:00:00+00:00,True,False
2026-02-04 18:00:00+00:00,2026-02-05 12:00:00+00:00,2026-02-05 17:00:00,1,18,0.981590469678243,2,2026-02-04 00:00:00+00:00,True,False
2026-02-04 18:00:00+00:00,2026-02-05 13:00:00+00:00,2026-02-05 18:00:00,1,19,0.9643282890319824,2,2026-02-04 01:00:00+00:00,True,False
2026-02-04 18:00:00+00:00,2026-02-05 14:00:00+00:00,2026-02-05 19:00:00,1,20,0.916073719660441,2,2026-02-04 02:00:00+00:00,True,False
2026-02-04 18:00:00+00:00,2026-02-05 15:00:00+00:00,2026-02-05 20:00:00,1,21,0.8431275089581808,2,2026-02-04 03:00:00+00:00,True,False
2026-02-04 18:00:00+00:00,2026-02-05 16:00:00+00:00,2026-02-05 21:00:00,1,22,0.8018395702044169,2,2026-02-04 04:00:00+00:00,True,False
2026-02-04 18:00:00+00:00,2026-02-05 17:00:00+00:00,2026-02-05 22:00:00,1,23,0.636577288309733,2,2026-02-04 05:00:00+00:00,True,False
2026-02-04 18:00:00+00:00,2026-02-05 18:00:00+00:00,2026-02-05 23:00:00,1,24,0.5438697735468546,2,2026-02-04 06:00:00+00:00,True,False
2026-02-04 18:00:00+00:00,2026-02-05 19:00:00+00:00,2026-02-06 00:00:00,1,25,0.4547000428040822,2,2026-02-04 07:00:00+00:00,True,False
2026-02-04 18:00:00+00:00,2026-02-05 20:00:00+00:00,2026-02-06 01:00:00,1,26,0.4032752712567647,2,2026-02-04 08:00:00+00:00,True,False
2026-02-04 18:00:00+00:00,2026-02-05 21:00:00+00:00,2026-02-06 02:00:00,1,27,0.38773860534032184,2,2026-02-04 09:00:00+00:00,True,False
2026-02-04 18:00:00+00:00,2026-02-05 22:00:00+00:00,2026-02-06 03:00:00,1,28,0.35676656166712445,2,2026-02-04 10:00:00+00:00,True,False
2026-02-04 18:00:00+00:00,2026-02-05 23:00:00+00:00,2026-02-06 04:00:00,1,29,0.286868691444397,2,2026-02-04 11:00:00+00:00,True,False
2026-02-04 18:00:00+00:00,2026-02-06 00:00:00+00:00,2026-02-06 05:00:00,1,30,0.09067711854974429,2,2026-02-04 12:00:00+00:00,True,False
2026-02-04 18:00:00+00:00,2026-02-06 01:00:00+00:00,2026-02-06 06:00:00,1,31,0.021512912586331367,2,2026-02-04 13:00:00+00:00,True,False
2026-02-04 18:00:00+00:00,2026-02-06 02:00:00+00:00,2026-02-06 07:00:00,1,32,0.06950001294414203,2,2026-02-04 14:00:00+00:00,True,False
2026-02-04 18:00:00+00:00,2026-02-06 03:00:00+00:00,2026-02-06 08:00:00,1,33,0.14701273726920286,2,2026-02-04 15:00:00+00:00,True,False
2026-02-04 18:00:00+00:00,2026-02-06 04:00:00+00:00,2026-02-06 09:00:00,1,34,0.12783795222640038,2,2026-02-04 16:00:00+00:00,True,False
2026-02-04 18:00:00+00:00,2026-02-06 05:00:00+00:00,2026-02-06 10:00:00,1,35,0.15043062220017114,2,2026-02-04 17:00:00+00:00,True,False
2026-02-04 18:00:00+00:00,2026-02-06 06:00:00+00:00,2026-02-06 11:00:00,1,36,0.5429587662220001,2,2026-02-04 18:00:00+00:00,True,False
2026-02-04 18:00:00+00:00,2026-02-06 07:00:00+00:00,2026-02-06 12:00:00,1,37,0.6455414493878683,3,2026-02-03 19:00:00+00:00,True,False
2026-02-04 18:00:00+00:00,2026-02-06 08:00:00+00:00,2026-02-06 13:00:00,1,38,0.9530726472536722,3,2026-02-03 20:00:00+00:00,True,False
2026-02-04 18:00:00+00:00,2026-02-06 09:00:00+00:00,2026-02-06 14:00:00,1,39,0.9869200388590494,3,2026-02-03 21:00:00+00:00,True,False
2026-02-04 18:00:00+00:00,2026-02-06 10:00:00+00:00,2026-02-06 15:00:00,1,40,0.9896314938863119,3,2026-02-03 22:00:00+00:00,True,False
2026-02-04 18:00:00+00:00,2026-02-06 11:00:00+00:00,2026-02-06 16:00:00,1,41,0.9838379422823588,3,2026-02-03 23:00:00+00:00,True,False
2026-02-04 18:00:00+00:00,2026-02-06 12:00:00+00:00,2026-02-06 17:00:00,1,42,0.9955177307128906,3,2026-02-04 00:00:00+00:00,True,False
2026-02-04 18:00:00+00:00,2026-02-06 13:00:00+00:00,2026-02-06 18:00:00,1,43,0.9965614080429077,3,2026-02-04 01:00:00+00:00,True,False
2026-02-04 18:00:00+00:00,2026-02-06 14:00:00+00:00,2026-02-06 19:00:00,1,44,0.9959631959597269,3,2026-02-04 02:00:00+00:00,True,False
2026-02-04 18:00:00+00:00,2026-02-06 15:00:00+00:00,2026-02-06 20:00:00,1,45,0.9943884412447611,3,2026-02-04 03:00:00+00:00,True,False
2026-02-04 18:00:00+00:00,2026-02-06 16:00:00+00:00,2026-02-06 21:00:00,1,46,0.9871074557304382,3,2026-02-04 04:00:00+00:00,True,False
2026-02-04 18:00:00+00:00,2026-02-06 17:00:00+00:00,2026-02-06 22:00:00,1,47,0.9654646118481954,3,2026-02-04 05:00:00+00:00,True,False
2026-02-04 18:00:00+00:00,2026-02-06 18:00:00+00:00,2026-02-06 23:00:00,1,48,0.8465157945950826,3,2026-02-04 06:00:00+00:00,True,False
2026-02-04 18:00:00+00:00,2026-02-04 19:00:00+00:00,2026-02-05 00:00:00,2,1,0.8373156189918518,1,2026-02-04 07:00:00+00:00,True,False
2026-02-04 18:00:00+00:00,2026-02-04 20:00:00+00:00,2026-02-05 01:00:00,2,2,0.9096376299858093,1,2026-02-04 08:00:00+00:00,True,False
2026-02-04 18:00:00+00:00,2026-02-04 21:00:00+00:00,2026-02-05 02:00:00,2,3,0.9348915020624796,1,2026-02-04 09:00:00+00:00,True,False
2026-02-04 18:00:00+00:00,2026-02-04 22:00:00+00:00,2026-02-05 03:00:00,2,4,0.9531215031941732,1,2026-02-04 10:00:00+00:00,True,False
2026-02-04 18:00:00+00:00,2026-02-04 23:00:00+00:00,2026-02-05 04:00:00,2,5,0.9673529664675394,1,2026-02-04 11:00:00+00:00,True,False
2026-02-04 18:00:00+00:00,2026-02-05 00:00:00+00:00,2026-02-05 05:00:00,2,6,0.9849453369776408,1,2026-02-04 12:00:00+00:00,True,False
2026-02-04 18:00:00+00:00,2026-02-05 01:00:00+00:00,2026-02-05 06:00:00,2,7,0.9926083485285441,1,2026-02-04 13:00:00+00:00,True,False
2026-02-04 18:00:00+00:00,2026-02-05 02:00:00+00:00,2026-02-05 07:00:00,2,8,0.9947570164998373,1,2026-02-04 14:00:00+00:00,True,False
2026-02-04 18:00:00+00:00,2026-02-05 03:00:00+00:00,2026-02-05 08:00:00,2,9,0.9950831135114034,1,2026-02-04 15:00:00+00:00,True,False
2026-02-04 18:00:00+00:00,2026-02-05 04:00:00+00:00,2026-02-05 09:00:00,2,10,0.9953765471776327,1,2026-02-04 16:00:00+00:00,True,False
2026-02-04 18:00:00+00:00,2026-02-05 05:00:00+00:00,2026-02-05 10:00:00,2,11,0.9935331145922343,1,2026-02-04 17:00:00+00:00,True,False
2026-02-04 18:00:00+00:00,2026-02-05 06:00:00+00:00,2026-02-05 11:00:00,2,12,0.9960559606552124,1,2026-02-04 18:00:00+00:00,True,False
2026-02-04 18:00:00+00:00,2026-02-05 07:00:00+00:00,2026-02-05 12:00:00,2,13,0.9978021780649821,2,2026-02-03 19:00:00+00:00,True,False
2026-02-04 18:00:00+00:00,2026-02-05 08:00:00+00:00,2026-02-05 13:00:00,2,14,0.9977282683054606,2,2026-02-03 20:00:00+00:00,True,False
2026-02-04 18:00:00+00:00,2026-02-05 09:00:00+00:00,2026-02-05 14:00:00,2,15,0.997584064801534,2,2026-02-03 21:00:00+00:00,True,False
2026-02-04 18:00:00+00:00,2026-02-05 10:00:00+00:00,2026-02-05 15:00:00,2,16,0.9964976708094279,2,2026-02-03 22:00:00+00:00,True,False
2026-02-04 18:00:00+00:00,2026-02-05 11:00:00+00:00,2026-02-05 16:00:00,2,17,0.9948275685310364,2,2026-02-03 23:00:00+00:00,True,False
2026-02-04 18:00:00+00:00,2026-02-05 12:00:00+00:00,2026-02-05 17:00:00,2,18,0.9803575674692789,2,2026-02-04 00:00:00+00:00,True,False
2026-02-04 18:00:00+00:00,2026-02-05 13:00:00+00:00,2026-02-05 18:00:00,2,19,0.9620700677235922,2,2026-02-04 01:00:00+00:00,True,False
2026-02-04 18:00:00+00:00,2026-02-05 14:00:00+00:00,2026-02-05 19:00:00,2,20,0.9109148780504862,2,2026-02-04 02:00:00+00:00,True,False
2026-02-04 18:00:00+00:00,2026-02-05 15:00:00+00:00,2026-02-05 20:00:00,2,21,0.8326734900474548,2,2026-02-04 03:00:00+00:00,True,False
2026-02-04 18:00:00+00:00,2026-02-05 16:00:00+00:00,2026-02-05 21:00:00,2,22,0.7803175449371338,2,2026-02-04 04:00:00+00:00,True,False
2026-02-04 18:00:00+00:00,2026-02-05 17:00:00+00:00,2026-02-05 22:00:00,2,23,0.6190357406934103,2,2026-02-04 05:00:00+00:00,True,False
2026-02-04 18:00:00+00:00,2026-02-05 18:00:00+00:00,2026-02-05 23:00:00,2,24,0.5260278681914011,2,2026-02-04 06:00:00+00:00,True,False
2026-02-04 18:00:00+00:00,2026-02-05 19:00:00+00:00,2026-02-06 00:00:00,2,25,0.433294544617335,2,2026-02-04 07:00:00+00:00,True,False
2026-02-04 18:00:00+00:00,2026-02-05 20:00:00+00:00,2026-02-06 01:00:00,2,26,0.3748176097869873,2,2026-02-04 08:00:00+00:00,True,False
2026-02-04 18:00:00+00:00,2026-02-05 21:00:00+00:00,2026-02-06 02:00:00,2,27,0.3553345501422882,2,2026-02-04 09:00:00+00:00,True,False
2026-02-04 18:00:00+00:00,2026-02-05 22:00:00+00:00,2026-02-06 03:00:00,2,28,0.3235412985086441,2,2026-02-04 10:00:00+00:00,True,False
2026-02-04 18:00:00+00:00,2026-02-05 23:00:00+00:00,2026-02-06 04:00:00,2,29,0.267754132548968,2,2026-02-04 11:00:00+00:00,True,False
2026-02-04 18:00:00+00:00,2026-02-06 00:00:00+00:00,2026-02-06 05:00:00,2,30,0.08220032354195912,2,2026-02-04 12:00:00+00:00,True,False
2026-02-04 18:00:00+00:00,2026-02-06 01:00:00+00:00,2026-02-06 06:00:00,2,31,0.021285498204330604,2,2026-02-04 13:00:00+00:00,True,False
2026-02-04 18:00:00+00:00,2026-02-06 02:00:00+00:00,2026-02-06 07:00:00,2,32,0.05888795107603073,2,2026-02-04 14:00:00+00:00,True,False
2026-02-04 18:00:00+00:00,2026-02-06 03:00:00+00:00,2026-02-06 08:00:00,2,33,0.1326970998197794,2,2026-02-04 15:00:00+00:00,True,False
2026-02-04 18:00:00+00:00,2026-02-06 04:00:00+00:00,2026-02-06 09:00:00,2,34,0.11770901083946228,2,2026-02-04 16:00:00+00:00,True,False
2026-02-04 18:00:00+00:00,2026-02-06 05:00:00+00:00,2026-02-06 10:00:00,2,35,0.14436991761128107,2,2026-02-04 17:00:00+00:00,True,False
2026-02-04 18:00:00+00:00,2026-02-06 06:00:00+00:00,2026-02-06 11:00:00,2,36,0.5332685808340708,2,2026-02-04 18:00:00+00:00,True,False
2026-02-04 18:00:00+00:00,2026-02-06 07:00:00+00:00,2026-02-06 12:00:00,2,37,0.6320314804712931,3,2026-02-03 19:00:00+00:00,True,False
2026-02-04 18:00:00+00:00,2026-02-06 08:00:00+00:00,2026-02-06 13:00:00,2,38,0.9516934156417847,3,2026-02-03 20:00:00+00:00,True,False
2026-02-04 18:00:00+00:00,2026-02-06 09:00:00+00:00,2026-02-06 14:00:00,2,39,0.984457790851593,3,2026-02-03 21:00:00+00:00,True,False
2026-02-04 18:00:00+00:00,2026-02-06 10:00:00+00:00,2026-02-06 15:00:00,2,40,0.9875040849049886,3,2026-02-03 22:00:00+00:00,True,False
2026-02-04 18:00:00+00:00,2026-02-06 11:00:00+00:00,2026-02-06 16:00:00,2,41,0.9809551239013672,3,2026-02-03 23:00:00+00:00,True,False
2026-02-04 18:00:00+00:00,2026-02-06 12:00:00+00:00,2026-02-06 17:00:00,2,42,0.9949512283007304,3,2026-02-04 00:00:00+00:00,True,False
2026-02-04 18:00:00+00:00,2026-02-06 13:00:00+00:00,2026-02-06 18:00:00,2,43,0.9961603482564291,3,2026-02-04 01:00:00+00:00,True,False
2026-02-04 18:00:00+00:00,2026-02-06 14:00:00+00:00,2026-02-06 19:00:00,2,44,0.9954860409100851,3,2026-02-04 02:00:00+00:00,True,False
2026-02-04 18:00:00+00:00,2026-02-06 15:00:00+00:00,2026-02-06 20:00:00,2,45,0.9937645792961121,3,2026-02-04 03:00:00+00:00,True,False
2026-02-04 18:00:00+00:00,2026-02-06 16:00:00+00:00,2026-02-06 21:00:00,2,46,0.9856889446576437,3,2026-02-04 04:00:00+00:00,True,False
2026-02-04 18:00:00+00:00,2026-02-06 17:00:00+00:00,2026-02-06 22:00:00,2,47,0.9630654454231262,3,2026-02-04 05:00:00+00:00,True,False
2026-02-04 18:00:00+00:00,2026-02-06 18:00:00+00:00,2026-02-06 23:00:00,2,48,0.8540736039479574,3,2026-02-04 06:00:00+00:00,True,False
2026-02-05 18:00:00+00:00,2026-02-05 19:00:00+00:00,2026-02-06 00:00:00,1,1,0.5543505549430847,1,2026-02-05 07:00:00+00:00,True,False
2026-02-05 18:00:00+00:00,2026-02-05 20:00:00+00:00,2026-02-06 01:00:00,1,2,0.4990827242533366,1,2026-02-05 08:00:00+00:00,True,False
2026-02-05 18:00:00+00:00,2026-02-05 21:00:00+00:00,2026-02-06 02:00:00,1,3,0.45791351795196533,1,2026-02-05 09:00:00+00:00,True,False
2026-02-05 18:00:00+00:00,2026-02-05 22:00:00+00:00,2026-02-06 03:00:00,1,4,0.443721870581309,1,2026-02-05 10:00:00+00:00,True,False
2026-02-05 18:00:00+00:00,2026-02-05 23:00:00+00:00,2026-02-06 04:00:00,1,5,0.3916422228018443,1,2026-02-05 11:00:00+00:00,True,False
2026-02-05 18:00:00+00:00,2026-02-06 00:00:00+00:00,2026-02-06 05:00:00,1,6,0.07468780626853307,1,2026-02-05 12:00:00+00:00,True,False
2026-02-05 18:00:00+00:00,2026-02-06 01:00:00+00:00,2026-02-06 06:00:00,1,7,0.029496236393849056,1,2026-02-05 13:00:00+00:00,True,False
2026-02-05 18:00:00+00:00,2026-02-06 02:00:00+00:00,2026-02-06 07:00:00,1,8,0.014489083550870419,1,2026-02-05 14:00:00+00:00,True,False
2026-02-05 18:00:00+00:00,2026-02-06 03:00:00+00:00,2026-02-06 08:00:00,1,9,0.034152607123057045,1,2026-02-05 15:00:00+00:00,True,False
2026-02-05 18:00:00+00:00,2026-02-06 04:00:00+00:00,2026-02-06 09:00:00,1,10,0.0407222801198562,1,2026-02-05 16:00:00+00:00,True,False
2026-02-05 18:00:00+00:00,2026-02-06 05:00:00+00:00,2026-02-06 10:00:00,1,11,0.10218815815945466,1,2026-02-05 17:00:00+00:00,True,False
2026-02-05 18:00:00+00:00,2026-02-06 06:00:00+00:00,2026-02-06 11:00:00,1,12,0.4326828022797902,1,2026-02-05 18:00:00+00:00,True,False
2026-02-05 18:00:00+00:00,2026-02-06 07:00:00+00:00,2026-02-06 12:00:00,1,13,0.7408718466758728,2,2026-02-04 19:00:00+00:00,True,False
2026-02-05 18:00:00+00:00,2026-02-06 08:00:00+00:00,2026-02-06 13:00:00,1,14,0.9375158747037252,2,2026-02-04 20:00:00+00:00,True,False
2026-02-05 18:00:00+00:00,2026-02-06 09:00:00+00:00,2026-02-06 14:00:00,1,15,0.9839833974838257,2,2026-02-04 21:00:00+00:00,True,False
2026-02-05 18:00:00+00:00,2026-02-06 10:00:00+00:00,2026-02-06 15:00:00,1,16,0.9902927478154501,2,2026-02-04 22:00:00+00:00,True,False
2026-02-05 18:00:00+00:00,2026-02-06 11:00:00+00:00,2026-02-06 16:00:00,1,17,0.9905608495076498,2,2026-02-04 23:00:00+00:00,True,False
2026-02-05 18:00:00+00:00,2026-02-06 12:00:00+00:00,2026-02-06 17:00:00,1,18,0.9916760126749674,2,2026-02-05 00:00:00+00:00,True,False
2026-02-05 18:00:00+00:00,2026-02-06 13:00:00+00:00,2026-02-06 18:00:00,1,19,0.9906118114789327,2,2026-02-05 01:00:00+00:00,True,False
2026-02-05 18:00:00+00:00,2026-02-06 14:00:00+00:00,2026-02-06 19:00:00,1,20,0.9821662306785583,2,2026-02-05 02:00:00+00:00,True,False
2026-02-05 18:00:00+00:00,2026-02-06 15:00:00+00:00,2026-02-06 20:00:00,1,21,0.9766871929168701,2,2026-02-05 03:00:00+00:00,True,False
2026-02-05 18:00:00+00:00,2026-02-06 16:00:00+00:00,2026-02-06 21:00:00,1,22,0.9673815568288168,2,2026-02-05 04:00:00+00:00,True,False
2026-02-05 18:00:00+00:00,2026-02-06 17:00:00+00:00,2026-02-06 22:00:00,1,23,0.965515116850535,2,2026-02-05 05:00:00+00:00,True,False
2026-02-05 18:00:00+00:00,2026-02-06 18:00:00+00:00,2026-02-06 23:00:00,1,24,0.9018913706143697,2,2026-02-05 06:00:00+00:00,True,False
2026-02-05 18:00:00+00:00,2026-02-06 19:00:00+00:00,2026-02-07 00:00:00,1,25,0.8598440090815226,2,2026-02-05 07:00:00+00:00,True,False
2026-02-05 18:00:00+00:00,2026-02-06 20:00:00+00:00,2026-02-07 01:00:00,1,26,0.7278644839922587,2,2026-02-05 08:00:00+00:00,True,False
2026-02-05 18:00:00+00:00,2026-02-06 21:00:00+00:00,2026-02-07 02:00:00,1,27,0.6340738932291666,2,2026-02-05 09:00:00+00:00,True,False
2026-02-05 18:00:00+00:00,2026-02-06 22:00:00+00:00,2026-02-07 03:00:00,1,28,0.45205066601435345,2,2026-02-05 10:00:00+00:00,True,False
2026-02-05 18:00:00+00:00,2026-02-06 23:00:00+00:00,2026-02-07 04:00:00,1,29,0.3768468151489894,2,2026-02-05 11:00:00+00:00,True,False
2026-02-05 18:00:00+00:00,2026-02-07 00:00:00+00:00,2026-02-07 05:00:00,1,30,0.2083591769138972,2,2026-02-05 12:00:00+00:00,True,False
2026-02-05 18:00:00+00:00,2026-02-07 01:00:00+00:00,2026-02-07 06:00:00,1,31,0.09125591566165288,2,2026-02-05 13:00:00+00:00,True,False
2026-02-05 18:00:00+00:00,2026-02-07 02:00:00+00:00,2026-02-07 07:00:00,1,32,0.0428593127677838,2,2026-02-05 14:00:00+00:00,True,False
2026-02-05 18:00:00+00:00,2026-02-07 03:00:00+00:00,2026-02-07 08:00:00,1,33,0.040997145076592766,2,2026-02-05 15:00:00+00:00,True,False
2026-02-05 18:00:00+00:00,2026-02-07 04:00:00+00:00,2026-02-07 09:00:00,1,34,0.03307449072599411,2,2026-02-05 16:00:00+00:00,True,False
2026-02-05 18:00:00+00:00,2026-02-07 05:00:00+00:00,2026-02-07 10:00:00,1,35,0.051160131891568504,2,2026-02-05 17:00:00+00:00,True,False
2026-02-05 18:00:00+00:00,2026-02-07 06:00:00+00:00,2026-02-07 11:00:00,1,36,0.1542210727930069,2,2026-02-05 18:00:00+00:00,True,False
2026-02-05 18:00:00+00:00,2026-02-07 07:00:00+00:00,2026-02-07 12:00:00,1,37,0.16769520938396454,3,2026-02-04 19:00:00+00:00,True,False
2026-02-05 18:00:00+00:00,2026-02-07 08:00:00+00:00,2026-02-07 13:00:00,1,38,0.23941327134768167,3,2026-02-04 20:00:00+00:00,True,False
2026-02-05 18:00:00+00:00,2026-02-07 09:00:00+00:00,2026-02-07 14:00:00,1,39,0.32683947185675305,3,2026-02-04 21:00:00+00:00,True,False
2026-02-05 18:00:00+00:00,2026-02-07 10:00:00+00:00,2026-02-07 15:00:00,1,40,0.1811985895037651,3,2026-02-04 22:00:00+00:00,True,False
2026-02-05 18:00:00+00:00,2026-02-07 11:00:00+00:00,2026-02-07 16:00:00,1,41,0.08206086854139964,3,2026-02-04 23:00:00+00:00,True,False
2026-02-05 18:00:00+00:00,2026-02-07 12:00:00+00:00,2026-02-07 17:00:00,1,42,0.1054358184337616,3,2026-02-05 00:00:00+00:00,True,False
2026-02-05 18:00:00+00:00,2026-02-07 13:00:00+00:00,2026-02-07 18:00:00,1,43,0.10646844531099002,3,2026-02-05 01:00:00+00:00,True,False
2026-02-05 18:00:00+00:00,2026-02-07 14:00:00+00:00,2026-02-07 19:00:00,1,44,0.16401581714550653,3,2026-02-05 02:00:00+00:00,True,False
2026-02-05 18:00:00+00:00,2026-02-07 15:00:00+00:00,2026-02-07 20:00:00,1,45,0.3962767918904622,3,2026-02-05 03:00:00+00:00,True,False
2026-02-05 18:00:00+00:00,2026-02-07 16:00:00+00:00,2026-02-07 21:00:00,1,46,0.6006418069203695,3,2026-02-05 04:00:00+00:00,True,False
2026-02-05 18:00:00+00:00,2026-02-07 17:00:00+00:00,2026-02-07 22:00:00,1,47,0.6453582843144735,3,2026-02-05 05:00:00+00:00,True,False
2026-02-05 18:00:00+00:00,2026-02-07 18:00:00+00:00,2026-02-07 23:00:00,1,48,0.2880196770032247,3,2026-02-05 06:00:00+00:00,True,False
2026-02-05 18:00:00+00:00,2026-02-05 19:00:00+00:00,2026-02-06 00:00:00,2,1,0.500507116317749,1,2026-02-05 07:00:00+00:00,True,False
2026-02-05 18:00:00+00:00,2026-02-05 20:00:00+00:00,2026-02-06 01:00:00,2,2,0.4417593280474345,1,2026-02-05 08:00:00+00:00,True,False
2026-02-05 18:00:00+00:00,2026-02-05 21:00:00+00:00,2026-02-06 02:00:00,2,3,0.4005044400691986,1,2026-02-05 09:00:00+00:00,True,False
2026-02-05 18:00:00+00:00,2026-02-05 22:00:00+00:00,2026-02-06 03:00:00,2,4,0.3931003212928772,1,2026-02-05 10:00:00+00:00,True,False
2026-02-05 18:00:00+00:00,2026-02-05 23:00:00+00:00,2026-02-06 04:00:00,2,5,0.35593627393245697,1,2026-02-05 11:00:00+00:00,True,False
2026-02-05 18:00:00+00:00,2026-02-06 00:00:00+00:00,2026-02-06 05:00:00,2,6,0.07541950171192487,1,2026-02-05 12:00:00+00:00,True,False
2026-02-05 18:00:00+00:00,2026-02-06 01:00:00+00:00,2026-02-06 06:00:00,2,7,0.02800174119571845,1,2026-02-05 13:00:00+00:00,True,False
2026-02-05 18:00:00+00:00,2026-02-06 02:00:00+00:00,2026-02-06 07:00:00,2,8,0.013381813652813435,1,2026-02-05 14:00:00+00:00,True,False
2026-02-05 18:00:00+00:00,2026-02-06 03:00:00+00:00,2026-02-06 08:00:00,2,9,0.03031633235514164,1,2026-02-05 15:00:00+00:00,True,False
2026-02-05 18:00:00+00:00,2026-02-06 04:00:00+00:00,2026-02-06 09:00:00,2,10,0.03637583243350188,1,2026-02-05 16:00:00+00:00,True,False
2026-02-05 18:00:00+00:00,2026-02-06 05:00:00+00:00,2026-02-06 10:00:00,2,11,0.08930031893153985,1,2026-02-05 17:00:00+00:00,True,False
2026-02-05 18:00:00+00:00,2026-02-06 06:00:00+00:00,2026-02-06 11:00:00,2,12,0.4356006284554799,1,2026-02-05 18:00:00+00:00,True,False
2026-02-05 18:00:00+00:00,2026-02-06 07:00:00+00:00,2026-02-06 12:00:00,2,13,0.743419369061788,2,2026-02-04 19:00:00+00:00,True,False
2026-02-05 18:00:00+00:00,2026-02-06 08:00:00+00:00,2026-02-06 13:00:00,2,14,0.9346181154251099,2,2026-02-04 20:00:00+00:00,True,False
2026-02-05 18:00:00+00:00,2026-02-06 09:00:00+00:00,2026-02-06 14:00:00,2,15,0.9811502695083618,2,2026-02-04 21:00:00+00:00,True,False
2026-02-05 18:00:00+00:00,2026-02-06 10:00:00+00:00,2026-02-06 15:00:00,2,16,0.9882458051045736,2,2026-02-04 22:00:00+00:00,True,False
2026-02-05 18:00:00+00:00,2026-02-06 11:00:00+00:00,2026-02-06 16:00:00,2,17,0.9890570839246114,2,2026-02-04 23:00:00+00:00,True,False
2026-02-05 18:00:00+00:00,2026-02-06 12:00:00+00:00,2026-02-06 17:00:00,2,18,0.9902786016464233,2,2026-02-05 00:00:00+00:00,True,False
2026-02-05 18:00:00+00:00,2026-02-06 13:00:00+00:00,2026-02-06 18:00:00,2,19,0.9890024860699972,2,2026-02-05 01:00:00+00:00,True,False
2026-02-05 18:00:00+00:00,2026-02-06 14:00:00+00:00,2026-02-06 19:00:00,2,20,0.9795213341712952,2,2026-02-05 02:00:00+00:00,True,False
2026-02-05 18:00:00+00:00,2026-02-06 15:00:00+00:00,2026-02-06 20:00:00,2,21,0.9742886225382487,2,2026-02-05 03:00:00+00:00,True,False
2026-02-05 18:00:00+00:00,2026-02-06 16:00:00+00:00,2026-02-06 21:00:00,2,22,0.9641384482383728,2,2026-02-05 04:00:00+00:00,True,False
2026-02-05 18:00:00+00:00,2026-02-06 17:00:00+00:00,2026-02-06 22:00:00,2,23,0.9621728658676147,2,2026-02-05 05:00:00+00:00,True,False
2026-02-05 18:00:00+00:00,2026-02-06 18:00:00+00:00,2026-02-06 23:00:00,2,24,0.8954073389371237,2,2026-02-05 06:00:00+00:00,True,False
2026-02-05 18:00:00+00:00,2026-02-06 19:00:00+00:00,2026-02-07 00:00:00,2,25,0.8591935833295187,2,2026-02-05 07:00:00+00:00,True,False
2026-02-05 18:00:00+00:00,2026-02-06 20:00:00+00:00,2026-02-07 01:00:00,2,26,0.7417848308881124,2,2026-02-05 08:00:00+00:00,True,False
2026-02-05 18:00:00+00:00,2026-02-06 21:00:00+00:00,2026-02-07 02:00:00,2,27,0.6600094238917033,2,2026-02-05 09:00:00+00:00,True,False
2026-02-05 18:00:00+00:00,2026-02-06 22:00:00+00:00,2026-02-07 03:00:00,2,28,0.46493547161420185,2,2026-02-05 10:00:00+00:00,True,False
2026-02-05 18:00:00+00:00,2026-02-06 23:00:00+00:00,2026-02-07 04:00:00,2,29,0.379691223303477,2,2026-02-05 11:00:00+00:00,True,False
2026-02-05 18:00:00+00:00,2026-02-07 00:00:00+00:00,2026-02-07 05:00:00,2,30,0.21026371916135153,2,2026-02-05 12:00:00+00:00,True,False
2026-02-05 18:00:00+00:00,2026-02-07 01:00:00+00:00,2026-02-07 06:00:00,2,31,0.08969963466127713,2,2026-02-05 13:00:00+00:00,True,False
2026-02-05 18:00:00+00:00,2026-02-07 02:00:00+00:00,2026-02-07 07:00:00,2,32,0.03886043528715769,2,2026-02-05 14:00:00+00:00,True,False
2026-02-05 18:00:00+00:00,2026-02-07 03:00:00+00:00,2026-02-07 08:00:00,2,33,0.03840956867982944,2,2026-02-05 15:00:00+00:00,True,False
2026-02-05 18:00:00+00:00,2026-02-07 04:00:00+00:00,2026-02-07 09:00:00,2,34,0.0299162936086456,2,2026-02-05 16:00:00+00:00,True,False
2026-02-05 18:00:00+00:00,2026-02-07 05:00:00+00:00,2026-02-07 10:00:00,2,35,0.048562340438365936,2,2026-02-05 17:00:00+00:00,True,False
2026-02-05 18:00:00+00:00,2026-02-07 06:00:00+00:00,2026-02-07 11:00:00,2,36,0.15462408463160196,2,2026-02-05 18:00:00+00:00,True,False
2026-02-05 18:00:00+00:00,2026-02-07 07:00:00+00:00,2026-02-07 12:00:00,2,37,0.17998201151688895,3,2026-02-04 19:00:00+00:00,True,False
2026-02-05 18:00:00+00:00,2026-02-07 08:00:00+00:00,2026-02-07 13:00:00,2,38,0.24603063861529031,3,2026-02-04 20:00:00+00:00,True,False
2026-02-05 18:00:00+00:00,2026-02-07 09:00:00+00:00,2026-02-07 14:00:00,2,39,0.32350202401479083,3,2026-02-04 21:00:00+00:00,True,False
2026-02-05 18:00:00+00:00,2026-02-07 10:00:00+00:00,2026-02-07 15:00:00,2,40,0.17215782900651297,3,2026-02-04 22:00:00+00:00,True,False
2026-02-05 18:00:00+00:00,2026-02-07 11:00:00+00:00,2026-02-07 16:00:00,2,41,0.07281934842467308,3,2026-02-04 23:00:00+00:00,True,False
2026-02-05 18:00:00+00:00,2026-02-07 12:00:00+00:00,2026-02-07 17:00:00,2,42,0.09983774771293004,3,2026-02-05 00:00:00+00:00,True,False
2026-02-05 18:00:00+00:00,2026-02-07 13:00:00+00:00,2026-02-07 18:00:00,2,43,0.09442069505651791,3,2026-02-05 01:00:00+00:00,True,False
2026-02-05 18:00:00+00:00,2026-02-07 14:00:00+00:00,2026-02-07 19:00:00,2,44,0.16565032800038657,3,2026-02-05 02:00:00+00:00,True,False
2026-02-05 18:00:00+00:00,2026-02-07 15:00:00+00:00,2026-02-07 20:00:00,2,45,0.4178481896718343,3,2026-02-05 03:00:00+00:00,True,False
2026-02-05 18:00:00+00:00,2026-02-07 16:00:00+00:00,2026-02-07 21:00:00,2,46,0.5991440415382385,3,2026-02-05 04:00:00+00:00,True,False
2026-02-05 18:00:00+00:00,2026-02-07 17:00:00+00:00,2026-02-07 22:00:00,2,47,0.6522966424624125,3,2026-02-05 05:00:00+00:00,True,False
2026-02-05 18:00:00+00:00,2026-02-07 18:00:00+00:00,2026-02-07 23:00:00,2,48,0.30108686288197833,3,2026-02-05 06:00:00+00:00,True,False
2026-02-06 18:00:00+00:00,2026-02-06 19:00:00+00:00,2026-02-07 00:00:00,1,1,0.9408701459566752,1,2026-02-06 07:00:00+00:00,True,False
2026-02-06 18:00:00+00:00,2026-02-06 20:00:00+00:00,2026-02-07 01:00:00,1,2,0.8882504105567932,1,2026-02-06 08:00:00+00:00,True,False
2026-02-06 18:00:00+00:00,2026-02-06 21:00:00+00:00,2026-02-07 02:00:00,1,3,0.7694260875384012,1,2026-02-06 09:00:00+00:00,True,False
2026-02-06 18:00:00+00:00,2026-02-06 22:00:00+00:00,2026-02-07 03:00:00,1,4,0.6296740372975668,1,2026-02-06 10:00:00+00:00,True,False
2026-02-06 18:00:00+00:00,2026-02-06 23:00:00+00:00,2026-02-07 04:00:00,1,5,0.5167677601178488,1,2026-02-06 11:00:00+00:00,True,False
2026-02-06 18:00:00+00:00,2026-02-07 00:00:00+00:00,2026-02-07 05:00:00,1,6,0.20031296461820602,1,2026-02-06 12:00:00+00:00,True,False
2026-02-06 18:00:00+00:00,2026-02-07 01:00:00+00:00,2026-02-07 06:00:00,1,7,0.10001789405941963,1,2026-02-06 13:00:00+00:00,True,False
2026-02-06 18:00:00+00:00,2026-02-07 02:00:00+00:00,2026-02-07 07:00:00,1,8,0.03504810233910879,1,2026-02-06 14:00:00+00:00,True,False
2026-02-06 18:00:00+00:00,2026-02-07 03:00:00+00:00,2026-02-07 08:00:00,1,9,0.027485660122086603,1,2026-02-06 15:00:00+00:00,True,False
2026-02-06 18:00:00+00:00,2026-02-07 04:00:00+00:00,2026-02-07 09:00:00,1,10,0.0238173787171642,1,2026-02-06 16:00:00+00:00,True,False
2026-02-06 18:00:00+00:00,2026-02-07 05:00:00+00:00,2026-02-07 10:00:00,1,11,0.0682561807334423,1,2026-02-06 17:00:00+00:00,True,False
2026-02-06 18:00:00+00:00,2026-02-07 06:00:00+00:00,2026-02-07 11:00:00,1,12,0.10156610359748204,1,2026-02-06 18:00:00+00:00,True,False
2026-02-06 18:00:00+00:00,2026-02-07 07:00:00+00:00,2026-02-07 12:00:00,1,13,0.16717238227526346,2,2026-02-05 19:00:00+00:00,True,False
2026-02-06 18:00:00+00:00,2026-02-07 08:00:00+00:00,2026-02-07 13:00:00,1,14,0.1748001128435135,2,2026-02-05 20:00:00+00:00,True,False
2026-02-06 18:00:00+00:00,2026-02-07 09:00:00+00:00,2026-02-07 14:00:00,1,15,0.11662870148817699,2,2026-02-05 21:00:00+00:00,True,False
2026-02-06 18:00:00+00:00,2026-02-07 10:00:00+00:00,2026-02-07 15:00:00,1,16,0.07644992818435033,2,2026-02-05 22:00:00+00:00,True,False
2026-02-06 18:00:00+00:00,2026-02-07 11:00:00+00:00,2026-02-07 16:00:00,1,17,0.06467095638314883,2,2026-02-05 23:00:00+00:00,True,False
2026-02-06 18:00:00+00:00,2026-02-07 12:00:00+00:00,2026-02-07 17:00:00,1,18,0.058807130282123886,2,2026-02-06 00:00:00+00:00,True,False
2026-02-06 18:00:00+00:00,2026-02-07 13:00:00+00:00,2026-02-07 18:00:00,1,19,0.06650819505254428,2,2026-02-06 01:00:00+00:00,True,False
2026-02-06 18:00:00+00:00,2026-02-07 14:00:00+00:00,2026-02-07 19:00:00,1,20,0.2594553083181381,2,2026-02-06 02:00:00+00:00,True,False
2026-02-06 18:00:00+00:00,2026-02-07 15:00:00+00:00,2026-02-07 20:00:00,1,21,0.6090254584948221,2,2026-02-06 03:00:00+00:00,True,False
2026-02-06 18:00:00+00:00,2026-02-07 16:00:00+00:00,2026-02-07 21:00:00,1,22,0.5932297706604004,2,2026-02-06 04:00:00+00:00,True,False
2026-02-06 18:00:00+00:00,2026-02-07 17:00:00+00:00,2026-02-07 22:00:00,1,23,0.5187384486198425,2,2026-02-06 05:00:00+00:00,True,False
2026-02-06 18:00:00+00:00,2026-02-07 18:00:00+00:00,2026-02-07 23:00:00,1,24,0.5302494466304779,2,2026-02-06 06:00:00+00:00,True,False
2026-02-06 18:00:00+00:00,2026-02-07 19:00:00+00:00,2026-02-08 00:00:00,1,25,0.5581592122713724,2,2026-02-06 07:00:00+00:00,True,False
2026-02-06 18:00:00+00:00,2026-02-07 20:00:00+00:00,2026-02-08 01:00:00,1,26,0.638003408908844,2,2026-02-06 08:00:00+00:00,True,False
2026-02-06 18:00:00+00:00,2026-02-07 21:00:00+00:00,2026-02-08 02:00:00,1,27,0.7703592578570048,2,2026-02-06 09:00:00+00:00,True,False
2026-02-06 18:00:00+00:00,2026-02-07 22:00:00+00:00,2026-02-08 03:00:00,1,28,0.764040470123291,2,2026-02-06 10:00:00+00:00,True,False
2026-02-06 18:00:00+00:00,2026-02-07 23:00:00+00:00,2026-02-08 04:00:00,1,29,0.7122787833213806,2,2026-02-06 11:00:00+00:00,True,False
2026-02-06 18:00:00+00:00,2026-02-08 00:00:00+00:00,2026-02-08 05:00:00,1,30,0.7399941086769104,2,2026-02-06 12:00:00+00:00,True,False
2026-02-06 18:00:00+00:00,2026-02-08 01:00:00+00:00,2026-02-08 06:00:00,1,31,0.4990834097067515,2,2026-02-06 13:00:00+00:00,True,False
2026-02-06 18:00:00+00:00,2026-02-08 02:00:00+00:00,2026-02-08 07:00:00,1,32,0.38003724813461304,2,2026-02-06 14:00:00+00:00,True,False
2026-02-06 18:00:00+00:00,2026-02-08 03:00:00+00:00,2026-02-08 08:00:00,1,33,0.24560212095578512,2,2026-02-06 15:00:00+00:00,True,False
2026-02-06 18:00:00+00:00,2026-02-08 04:00:00+00:00,2026-02-08 09:00:00,1,34,0.162111426393191,2,2026-02-06 16:00:00+00:00,True,False
2026-02-06 18:00:00+00:00,2026-02-08 05:00:00+00:00,2026-02-08 10:00:00,1,35,0.08563307424386342,2,2026-02-06 17:00:00+00:00,True,False
2026-02-06 18:00:00+00:00,2026-02-08 06:00:00+00:00,2026-02-08 11:00:00,1,36,0.015902712165067594,2,2026-02-06 18:00:00+00:00,True,False
2026-02-06 18:00:00+00:00,2026-02-08 07:00:00+00:00,2026-02-08 12:00:00,1,37,0.05349379715820154,3,2026-02-05 19:00:00+00:00,True,False
2026-02-06 18:00:00+00:00,2026-02-08 08:00:00+00:00,2026-02-08 13:00:00,1,38,0.04129413142800331,3,2026-02-05 20:00:00+00:00,True,False
2026-02-06 18:00:00+00:00,2026-02-08 09:00:00+00:00,2026-02-08 14:00:00,1,39,0.030372466892004013,3,2026-02-05 21:00:00+00:00,True,False
2026-02-06 18:00:00+00:00,2026-02-08 10:00:00+00:00,2026-02-08 15:00:00,1,40,0.018948176875710487,3,2026-02-05 22:00:00+00:00,True,False
2026-02-06 18:00:00+00:00,2026-02-08 11:00:00+00:00,2026-02-08 16:00:00,1,41,0.019958152746160824,3,2026-02-05 23:00:00+00:00,True,False
2026-02-06 18:00:00+00:00,2026-02-08 12:00:00+00:00,2026-02-08 17:00:00,1,42,0.6367178658644358,3,2026-02-06 00:00:00+00:00,True,False
2026-02-06 18:00:00+00:00,2026-02-08 13:00:00+00:00,2026-02-08 18:00:00,1,43,0.9758685628573099,3,2026-02-06 01:00:00+00:00,True,False
2026-02-06 18:00:00+00:00,2026-02-08 14:00:00+00:00,2026-02-08 19:00:00,1,44,0.9943704207738241,3,2026-02-06 02:00:00+00:00,True,False
2026-02-06 18:00:00+00:00,2026-02-08 15:00:00+00:00,2026-02-08 20:00:00,1,45,0.9962163170178732,3,2026-02-06 03:00:00+00:00,True,False
2026-02-06 18:00:00+00:00,2026-02-08 16:00:00+00:00,2026-02-08 21:00:00,1,46,0.9976860086123148,3,2026-02-06 04:00:00+00:00,True,False
2026-02-06 18:00:00+00:00,2026-02-08 17:00:00+00:00,2026-02-08 22:00:00,1,47,0.9979253013928732,3,2026-02-06 05:00:00+00:00,True,False
2026-02-06 18:00:00+00:00,2026-02-08 18:00:00+00:00,2026-02-08 23:00:00,1,48,0.9979473153750101,3,2026-02-06 06:00:00+00:00,True,False
2026-02-06 18:00:00+00:00,2026-02-06 19:00:00+00:00,2026-02-07 00:00:00,2,1,0.9413467049598694,1,2026-02-06 07:00:00+00:00,True,False
2026-02-06 18:00:00+00:00,2026-02-06 20:00:00+00:00,2026-02-07 01:00:00,2,2,0.893621583779653,1,2026-02-06 08:00:00+00:00,True,False
2026-02-06 18:00:00+00:00,2026-02-06 21:00:00+00:00,2026-02-07 02:00:00,2,3,0.7800265947977701,1,2026-02-06 09:00:00+00:00,True,False
2026-02-06 18:00:00+00:00,2026-02-06 22:00:00+00:00,2026-02-07 03:00:00,2,4,0.6369333565235138,1,2026-02-06 10:00:00+00:00,True,False
2026-02-06 18:00:00+00:00,2026-02-06 23:00:00+00:00,2026-02-07 04:00:00,2,5,0.5212240616480509,1,2026-02-06 11:00:00+00:00,True,False
2026-02-06 18:00:00+00:00,2026-02-07 00:00:00+00:00,2026-02-07 05:00:00,2,6,0.19265656918287277,1,2026-02-06 12:00:00+00:00,True,False
2026-02-06 18:00:00+00:00,2026-02-07 01:00:00+00:00,2026-02-07 06:00:00,2,7,0.0940560723344485,1,2026-02-06 13:00:00+00:00,True,False
2026-02-06 18:00:00+00:00,2026-02-07 02:00:00+00:00,2026-02-07 07:00:00,2,8,0.03322593402117491,1,2026-02-06 14:00:00+00:00,True,False
2026-02-06 18:00:00+00:00,2026-02-07 03:00:00+00:00,2026-02-07 08:00:00,2,9,0.02399818692356348,1,2026-02-06 15:00:00+00:00,True,False
2026-02-06 18:00:00+00:00,2026-02-07 04:00:00+00:00,2026-02-07 09:00:00,2,10,0.023684974449376266,1,2026-02-06 16:00:00+00:00,True,False
2026-02-06 18:00:00+00:00,2026-02-07 05:00:00+00:00,2026-02-07 10:00:00,2,11,0.06599318608641624,1,2026-02-06 17:00:00+00:00,True,False
2026-02-06 18:00:00+00:00,2026-02-07 06:00:00+00:00,2026-02-07 11:00:00,2,12,0.10249131917953491,1,2026-02-06 18:00:00+00:00,True,False
2026-02-06 18:00:00+00:00,2026-02-07 07:00:00+00:00,2026-02-07 12:00:00,2,13,0.17343510687351227,2,2026-02-05 19:00:00+00:00,True,False
2026-02-06 18:00:00+00:00,2026-02-07 08:00:00+00:00,2026-02-07 13:00:00,2,14,0.18234859903653464,2,2026-02-05 20:00:00+00:00,True,False
2026-02-06 18:00:00+00:00,2026-02-07 09:00:00+00:00,2026-02-07 14:00:00,2,15,0.11879679560661316,2,2026-02-05 21:00:00+00:00,True,False
2026-02-06 18:00:00+00:00,2026-02-07 10:00:00+00:00,2026-02-07 15:00:00,2,16,0.07540652404228847,2,2026-02-05 22:00:00+00:00,True,False
2026-02-06 18:00:00+00:00,2026-02-07 11:00:00+00:00,2026-02-07 16:00:00,2,17,0.06542356436451276,2,2026-02-05 23:00:00+00:00,True,False
2026-02-06 18:00:00+00:00,2026-02-07 12:00:00+00:00,2026-02-07 17:00:00,2,18,0.05607995701332887,2,2026-02-06 00:00:00+00:00,True,False
2026-02-06 18:00:00+00:00,2026-02-07 13:00:00+00:00,2026-02-07 18:00:00,2,19,0.06374308094382286,2,2026-02-06 01:00:00+00:00,True,False
2026-02-06 18:00:00+00:00,2026-02-07 14:00:00+00:00,2026-02-07 19:00:00,2,20,0.2643948048353195,2,2026-02-06 02:00:00+00:00,True,False
2026-02-06 18:00:00+00:00,2026-02-07 15:00:00+00:00,2026-02-07 20:00:00,2,21,0.6320398648579916,2,2026-02-06 03:00:00+00:00,True,False
2026-02-06 18:00:00+00:00,2026-02-07 16:00:00+00:00,2026-02-07 21:00:00,2,22,0.6090781688690186,2,2026-02-06 04:00:00+00:00,True,False
2026-02-06 18:00:00+00:00,2026-02-07 17:00:00+00:00,2026-02-07 22:00:00,2,23,0.5428833464781443,2,2026-02-06 05:00:00+00:00,True,False
2026-02-06 18:00:00+00:00,2026-02-07 18:00:00+00:00,2026-02-07 23:00:00,2,24,0.5618903438250223,2,2026-02-06 06:00:00+00:00,True,False
2026-02-06 18:00:00+00:00,2026-02-07 19:00:00+00:00,2026-02-08 00:00:00,2,25,0.580053985118866,2,2026-02-06 07:00:00+00:00,True,False
2026-02-06 18:00:00+00:00,2026-02-07 20:00:00+00:00,2026-02-08 01:00:00,2,26,0.644480307896932,2,2026-02-06 08:00:00+00:00,True,False
2026-02-06 18:00:00+00:00,2026-02-07 21:00:00+00:00,2026-02-08 02:00:00,2,27,0.7652374903361002,2,2026-02-06 09:00:00+00:00,True,False
2026-02-06 18:00:00+00:00,2026-02-07 22:00:00+00:00,2026-02-08 03:00:00,2,28,0.7616293032964071,2,2026-02-06 10:00:00+00:00,True,False
2026-02-06 18:00:00+00:00,2026-02-07 23:00:00+00:00,2026-02-08 04:00:00,2,29,0.7152092456817627,2,2026-02-06 11:00:00+00:00,True,False
2026-02-06 18:00:00+00:00,2026-02-08 00:00:00+00:00,2026-02-08 05:00:00,2,30,0.7333624958992004,2,2026-02-06 12:00:00+00:00,True,False
2026-02-06 18:00:00+00:00,2026-02-08 01:00:00+00:00,2026-02-08 06:00:00,2,31,0.500097413857778,2,2026-02-06 13:00:00+00:00,True,False
2026-02-06 18:00:00+00:00,2026-02-08 02:00:00+00:00,2026-02-08 07:00:00,2,32,0.3749190966288249,2,2026-02-06 14:00:00+00:00,True,False
2026-02-06 18:00:00+00:00,2026-02-08 03:00:00+00:00,2026-02-08 08:00:00,2,33,0.23725606004397073,2,2026-02-06 15:00:00+00:00,True,False
2026-02-06 18:00:00+00:00,2026-02-08 04:00:00+00:00,2026-02-08 09:00:00,2,34,0.1475942755738894,2,2026-02-06 16:00:00+00:00,True,False
2026-02-06 18:00:00+00:00,2026-02-08 05:00:00+00:00,2026-02-08 10:00:00,2,35,0.08387250701586406,2,2026-02-06 17:00:00+00:00,True,False
2026-02-06 18:00:00+00:00,2026-02-08 06:00:00+00:00,2026-02-08 11:00:00,2,36,0.013884483370929956,2,2026-02-06 18:00:00+00:00,True,False
2026-02-06 18:00:00+00:00,2026-02-08 07:00:00+00:00,2026-02-08 12:00:00,2,37,0.05220069612065951,3,2026-02-05 19:00:00+00:00,True,False
2026-02-06 18:00:00+00:00,2026-02-08 08:00:00+00:00,2026-02-08 13:00:00,2,38,0.039076599602897964,3,2026-02-05 20:00:00+00:00,True,False
2026-02-06 18:00:00+00:00,2026-02-08 09:00:00+00:00,2026-02-08 14:00:00,2,39,0.031500269969304405,3,2026-02-05 21:00:00+00:00,True,False
2026-02-06 18:00:00+00:00,2026-02-08 10:00:00+00:00,2026-02-08 15:00:00,2,40,0.02013772415618102,3,2026-02-05 22:00:00+00:00,True,False
2026-02-06 18:00:00+00:00,2026-02-08 11:00:00+00:00,2026-02-08 16:00:00,2,41,0.019361297289530437,3,2026-02-05 23:00:00+00:00,True,False
2026-02-06 18:00:00+00:00,2026-02-08 12:00:00+00:00,2026-02-08 17:00:00,2,42,0.6269926329453787,3,2026-02-06 00:00:00+00:00,True,False
2026-02-06 18:00:00+00:00,2026-02-08 13:00:00+00:00,2026-02-08 18:00:00,2,43,0.9723637104034424,3,2026-02-06 01:00:00+00:00,True,False
2026-02-06 18:00:00+00:00,2026-02-08 14:00:00+00:00,2026-02-08 19:00:00,2,44,0.9935367504755656,3,2026-02-06 02:00:00+00:00,True,False
2026-02-06 18:00:00+00:00,2026-02-08 15:00:00+00:00,2026-02-08 20:00:00,2,45,0.9958650867144266,3,2026-02-06 03:00:00+00:00,True,False
2026-02-06 18:00:00+00:00,2026-02-08 16:00:00+00:00,2026-02-08 21:00:00,2,46,0.9974741141001383,3,2026-02-06 04:00:00+00:00,True,False
2026-02-06 18:00:00+00:00,2026-02-08 17:00:00+00:00,2026-02-08 22:00:00,2,47,0.9977150956789652,3,2026-02-06 05:00:00+00:00,True,False
2026-02-06 18:00:00+00:00,2026-02-08 18:00:00+00:00,2026-02-08 23:00:00,2,48,0.9977264205614725,3,2026-02-06 06:00:00+00:00,True,False
2026-02-07 18:00:00+00:00,2026-02-07 19:00:00+00:00,2026-02-08 00:00:00,1,1,0.9327623049418131,1,2026-02-07 07:00:00+00:00,True,False
2026-02-07 18:00:00+00:00,2026-02-07 20:00:00+00:00,2026-02-08 01:00:00,1,2,0.9050125877062479,1,2026-02-07 08:00:00+00:00,True,False
2026-02-07 18:00:00+00:00,2026-02-07 21:00:00+00:00,2026-02-08 02:00:00,1,3,0.9052790006001791,1,2026-02-07 09:00:00+00:00,True,False
2026-02-07 18:00:00+00:00,2026-02-07 22:00:00+00:00,2026-02-08 03:00:00,1,4,0.9174820780754089,1,2026-02-07 10:00:00+00:00,True,False
2026-02-07 18:00:00+00:00,2026-02-07 23:00:00+00:00,2026-02-08 04:00:00,1,5,0.8786105910936991,1,2026-02-07 11:00:00+00:00,True,False
2026-02-07 18:00:00+00:00,2026-02-08 00:00:00+00:00,2026-02-08 05:00:00,1,6,0.8123215436935425,1,2026-02-07 12:00:00+00:00,True,False
2026-02-07 18:00:00+00:00,2026-02-08 01:00:00+00:00,2026-02-08 06:00:00,1,7,0.6181037227312723,1,2026-02-07 13:00:00+00:00,True,False
2026-02-07 18:00:00+00:00,2026-02-08 02:00:00+00:00,2026-02-08 07:00:00,1,8,0.3575638135274251,1,2026-02-07 14:00:00+00:00,True,False
2026-02-07 18:00:00+00:00,2026-02-08 03:00:00+00:00,2026-02-08 08:00:00,1,9,0.15342198063929877,1,2026-02-07 15:00:00+00:00,True,False
2026-02-07 18:00:00+00:00,2026-02-08 04:00:00+00:00,2026-02-08 09:00:00,1,10,0.06284740070501964,1,2026-02-07 16:00:00+00:00,True,False
2026-02-07 18:00:00+00:00,2026-02-08 05:00:00+00:00,2026-02-08 10:00:00,1,11,0.03189390773574511,1,2026-02-07 17:00:00+00:00,True,False
2026-02-07 18:00:00+00:00,2026-02-08 06:00:00+00:00,2026-02-08 11:00:00,1,12,0.016256607603281736,1,2026-02-07 18:00:00+00:00,True,False
2026-02-07 18:00:00+00:00,2026-02-08 07:00:00+00:00,2026-02-08 12:00:00,1,13,0.012960001826286316,2,2026-02-06 19:00:00+00:00,True,False
2026-02-07 18:00:00+00:00,2026-02-08 08:00:00+00:00,2026-02-08 13:00:00,1,14,0.01544699352234602,2,2026-02-06 20:00:00+00:00,True,False
2026-02-07 18:00:00+00:00,2026-02-08 09:00:00+00:00,2026-02-08 14:00:00,1,15,0.05968233818809191,2,2026-02-06 21:00:00+00:00,True,False
2026-02-07 18:00:00+00:00,2026-02-08 10:00:00+00:00,2026-02-08 15:00:00,1,16,0.2956288556257884,2,2026-02-06 22:00:00+00:00,True,False
2026-02-07 18:00:00+00:00,2026-02-08 11:00:00+00:00,2026-02-08 16:00:00,1,17,0.9096278746922811,2,2026-02-06 23:00:00+00:00,True,False
2026-02-07 18:00:00+00:00,2026-02-08 12:00:00+00:00,2026-02-08 17:00:00,1,18,0.9891563455263773,2,2026-02-07 00:00:00+00:00,True,False
2026-02-07 18:00:00+00:00,2026-02-08 13:00:00+00:00,2026-02-08 18:00:00,1,19,0.9939682682355245,2,2026-02-07 01:00:00+00:00,True,False
2026-02-07 18:00:00+00:00,2026-02-08 14:00:00+00:00,2026-02-08 19:00:00,1,20,0.996743897596995,2,2026-02-07 02:00:00+00:00,True,False
2026-02-07 18:00:00+00:00,2026-02-08 15:00:00+00:00,2026-02-08 20:00:00,1,21,0.9976624051729838,2,2026-02-07 03:00:00+00:00,True,False
2026-02-07 18:00:00+00:00,2026-02-08 16:00:00+00:00,2026-02-08 21:00:00,1,22,0.9970313111941019,2,2026-02-07 04:00:00+00:00,True,False
2026-02-07 18:00:00+00:00,2026-02-08 17:00:00+00:00,2026-02-08 22:00:00,1,23,0.9969932436943054,2,2026-02-07 05:00:00+00:00,True,False
2026-02-07 18:00:00+00:00,2026-02-08 18:00:00+00:00,2026-02-08 23:00:00,1,24,0.9967866142590841,2,2026-02-07 06:00:00+00:00,True,False
2026-02-07 18:00:00+00:00,2026-02-08 19:00:00+00:00,2026-02-09 00:00:00,1,25,0.9967029094696045,2,2026-02-07 07:00:00+00:00,True,False
2026-02-07 18:00:00+00:00,2026-02-08 20:00:00+00:00,2026-02-09 01:00:00,1,26,0.9971018234888712,2,2026-02-07 08:00:00+00:00,True,False
2026-02-07 18:00:00+00:00,2026-02-08 21:00:00+00:00,2026-02-09 02:00:00,1,27,0.9970407088597616,2,2026-02-07 09:00:00+00:00,True,False
2026-02-07 18:00:00+00:00,2026-02-08 22:00:00+00:00,2026-02-09 03:00:00,1,28,0.996377686659495,2,2026-02-07 10:00:00+00:00,True,False
2026-02-07 18:00:00+00:00,2026-02-08 23:00:00+00:00,2026-02-09 04:00:00,1,29,0.995721439520518,2,2026-02-07 11:00:00+00:00,True,False
2026-02-07 18:00:00+00:00,2026-02-09 00:00:00+00:00,2026-02-09 05:00:00,1,30,0.9947226047515869,2,2026-02-07 12:00:00+00:00,True,False
2026-02-07 18:00:00+00:00,2026-02-09 01:00:00+00:00,2026-02-09 06:00:00,1,31,0.9924999872843424,2,2026-02-07 13:00:00+00:00,True,False
2026-02-07 18:00:00+00:00,2026-02-09 02:00:00+00:00,2026-02-09 07:00:00,1,32,0.9906541705131531,2,2026-02-07 14:00:00+00:00,True,False
2026-02-07 18:00:00+00:00,2026-02-09 03:00:00+00:00,2026-02-09 08:00:00,1,33,0.98472793896993,2,2026-02-07 15:00:00+00:00,True,False
2026-02-07 18:00:00+00:00,2026-02-09 04:00:00+00:00,2026-02-09 09:00:00,1,34,0.9773547252019247,2,2026-02-07 16:00:00+00:00,True,False
2026-02-07 18:00:00+00:00,2026-02-09 05:00:00+00:00,2026-02-09 10:00:00,1,35,0.9839812517166138,2,2026-02-07 17:00:00+00:00,True,False
2026-02-07 18:00:00+00:00,2026-02-09 06:00:00+00:00,2026-02-09 11:00:00,1,36,0.9834311008453369,2,2026-02-07 18:00:00+00:00,True,False
2026-02-07 18:00:00+00:00,2026-02-09 07:00:00+00:00,2026-02-09 12:00:00,1,37,0.9857299526532491,3,2026-02-06 19:00:00+00:00,True,False
2026-02-07 18:00:00+00:00,2026-02-09 08:00:00+00:00,2026-02-09 13:00:00,1,38,0.98745330174764,3,2026-02-06 20:00:00+00:00,True,False
2026-02-07 18:00:00+00:00,2026-02-09 09:00:00+00:00,2026-02-09 14:00:00,1,39,0.9861726562182108,3,2026-02-06 21:00:00+00:00,True,False
2026-02-07 18:00:00+00:00,2026-02-09 10:00:00+00:00,2026-02-09 15:00:00,1,40,0.9793330828348795,3,2026-02-06 22:00:00+00:00,True,False
2026-02-07 18:00:00+00:00,2026-02-09 11:00:00+00:00,2026-02-09 16:00:00,1,41,0.9632148146629333,3,2026-02-06 23:00:00+00:00,True,False
2026-02-07 18:00:00+00:00,2026-02-09 12:00:00+00:00,2026-02-09 17:00:00,1,42,0.9269332687060038,3,2026-02-07 00:00:00+00:00,True,False
2026-02-07 18:00:00+00:00,2026-02-09 13:00:00+00:00,2026-02-09 18:00:00,1,43,0.9094009796778361,3,2026-02-07 01:00:00+00:00,True,False
2026-02-07 18:00:00+00:00,2026-02-09 14:00:00+00:00,2026-02-09 19:00:00,1,44,0.8559111952781677,3,2026-02-07 02:00:00+00:00,True,False
2026-02-07 18:00:00+00:00,2026-02-09 15:00:00+00:00,2026-02-09 20:00:00,1,45,0.7437858184178671,3,2026-02-07 03:00:00+00:00,True,False
2026-02-07 18:00:00+00:00,2026-02-09 16:00:00+00:00,2026-02-09 21:00:00,1,46,0.6484151085217794,3,2026-02-07 04:00:00+00:00,True,False
2026-02-07 18:00:00+00:00,2026-02-09 17:00:00+00:00,2026-02-09 22:00:00,1,47,0.5746565759181976,3,2026-02-07 05:00:00+00:00,True,False
2026-02-07 18:00:00+00:00,2026-02-09 18:00:00+00:00,2026-02-09 23:00:00,1,48,0.5199304620424906,3,2026-02-07 06:00:00+00:00,True,False
2026-02-07 18:00:00+00:00,2026-02-07 19:00:00+00:00,2026-02-08 00:00:00,2,1,0.9293914635976156,1,2026-02-07 07:00:00+00:00,True,False
2026-02-07 18:00:00+00:00,2026-02-07 20:00:00+00:00,2026-02-08 01:00:00,2,2,0.9006065726280212,1,2026-02-07 08:00:00+00:00,True,False
2026-02-07 18:00:00+00:00,2026-02-07 21:00:00+00:00,2026-02-08 02:00:00,2,3,0.900689701239268,1,2026-02-07 09:00:00+00:00,True,False
2026-02-07 18:00:00+00:00,2026-02-07 22:00:00+00:00,2026-02-08 03:00:00,2,4,0.9103100299835205,1,2026-02-07 10:00:00+00:00,True,False
2026-02-07 18:00:00+00:00,2026-02-07 23:00:00+00:00,2026-02-08 04:00:00,2,5,0.871139645576477,1,2026-02-07 11:00:00+00:00,True,False
2026-02-07 18:00:00+00:00,2026-02-08 00:00:00+00:00,2026-02-08 05:00:00,2,6,0.8071250518163046,1,2026-02-07 12:00:00+00:00,True,False
2026-02-07 18:00:00+00:00,2026-02-08 01:00:00+00:00,2026-02-08 06:00:00,2,7,0.6230568786462148,1,2026-02-07 13:00:00+00:00,True,False
2026-02-07 18:00:00+00:00,2026-02-08 02:00:00+00:00,2026-02-08 07:00:00,2,8,0.37099941571553546,1,2026-02-07 14:00:00+00:00,True,False
2026-02-07 18:00:00+00:00,2026-02-08 03:00:00+00:00,2026-02-08 08:00:00,2,9,0.15740459909041724,1,2026-02-07 15:00:00+00:00,True,False
2026-02-07 18:00:00+00:00,2026-02-08 04:00:00+00:00,2026-02-08 09:00:00,2,10,0.0661721167465051,1,2026-02-07 16:00:00+00:00,True,False
2026-02-07 18:00:00+00:00,2026-02-08 05:00:00+00:00,2026-02-08 10:00:00,2,11,0.03408232517540455,1,2026-02-07 17:00:00+00:00,True,False
2026-02-07 18:00:00+00:00,2026-02-08 06:00:00+00:00,2026-02-08 11:00:00,2,12,0.01757168125671645,1,2026-02-07 18:00:00+00:00,True,False
2026-02-07 18:00:00+00:00,2026-02-08 07:00:00+00:00,2026-02-08 12:00:00,2,13,0.011698412243276834,2,2026-02-06 19:00:00+00:00,True,False
2026-02-07 18:00:00+00:00,2026-02-08 08:00:00+00:00,2026-02-08 13:00:00,2,14,0.013700994662940502,2,2026-02-06 20:00:00+00:00,True,False
2026-02-07 18:00:00+00:00,2026-02-08 09:00:00+00:00,2026-02-08 14:00:00,2,15,0.0534579927722613,2,2026-02-06 21:00:00+00:00,True,False
2026-02-07 18:00:00+00:00,2026-02-08 10:00:00+00:00,2026-02-08 15:00:00,2,16,0.26687853038311005,2,2026-02-06 22:00:00+00:00,True,False
2026-02-07 18:00:00+00:00,2026-02-08 11:00:00+00:00,2026-02-08 16:00:00,2,17,0.8989332516988119,2,2026-02-06 23:00:00+00:00,True,False
2026-02-07 18:00:00+00:00,2026-02-08 12:00:00+00:00,2026-02-08 17:00:00,2,18,0.9880722959836324,2,2026-02-07 00:00:00+00:00,True,False
2026-02-07 18:00:00+00:00,2026-02-08 13:00:00+00:00,2026-02-08 18:00:00,2,19,0.9933884938557943,2,2026-02-07 01:00:00+00:00,True,False
2026-02-07 18:00:00+00:00,2026-02-08 14:00:00+00:00,2026-02-08 19:00:00,2,20,0.9963980118433634,2,2026-02-07 02:00:00+00:00,True,False
2026-02-07 18:00:00+00:00,2026-02-08 15:00:00+00:00,2026-02-08 20:00:00,2,21,0.9973980983098348,2,2026-02-07 03:00:00+00:00,True,False
2026-02-07 18:00:00+00:00,2026-02-08 16:00:00+00:00,2026-02-08 21:00:00,2,22,0.9967369635899862,2,2026-02-07 04:00:00+00:00,True,False
2026-02-07 18:00:00+00:00,2026-02-08 17:00:00+00:00,2026-02-08 22:00:00,2,23,0.9965928196907043,2,2026-02-07 05:00:00+00:00,True,False
2026-02-07 18:00:00+00:00,2026-02-08 18:00:00+00:00,2026-02-08 23:00:00,2,24,0.9963447054227194,2,2026-02-07 06:00:00+00:00,True,False
2026-02-07 18:00:00+00:00,2026-02-08 19:00:00+00:00,2026-02-09 00:00:00,2,25,0.9962965647379557,2,2026-02-07 07:00:00+00:00,True,False
2026-02-07 18:00:00+00:00,2026-02-08 20:00:00+00:00,2026-02-09 01:00:00,2,26,0.9967019557952881,2,2026-02-07 08:00:00+00:00,True,False
2026-02-07 18:00:00+00:00,2026-02-08 21:00:00+00:00,2026-02-09 02:00:00,2,27,0.9966640671094259,2,2026-02-07 09:00:00+00:00,True,False
2026-02-07 18:00:00+00:00,2026-02-08 22:00:00+00:00,2026-02-09 03:00:00,2,28,0.9958926637967428,2,2026-02-07 10:00:00+00:00,True,False
2026-02-07 18:00:00+00:00,2026-02-08 23:00:00+00:00,2026-02-09 04:00:00,2,29,0.9951473673184713,2,2026-02-07 11:00:00+00:00,True,False
2026-02-07 18:00:00+00:00,2026-02-09 00:00:00+00:00,2026-02-09 05:00:00,2,30,0.9939685662587484,2,2026-02-07 12:00:00+00:00,True,False
2026-02-07 18:00:00+00:00,2026-02-09 01:00:00+00:00,2026-02-09 06:00:00,2,31,0.9915257294972738,2,2026-02-07 13:00:00+00:00,True,False
2026-02-07 18:00:00+00:00,2026-02-09 02:00:00+00:00,2026-02-09 07:00:00,2,32,0.9895767768224081,2,2026-02-07 14:00:00+00:00,True,False
2026-02-07 18:00:00+00:00,2026-02-09 03:00:00+00:00,2026-02-09 08:00:00,2,33,0.9837695558865865,2,2026-02-07 15:00:00+00:00,True,False
2026-02-07 18:00:00+00:00,2026-02-09 04:00:00+00:00,2026-02-09 09:00:00,2,34,0.9772090315818787,2,2026-02-07 16:00:00+00:00,True,False
2026-02-07 18:00:00+00:00,2026-02-09 05:00:00+00:00,2026-02-09 10:00:00,2,35,0.9849080642064413,2,2026-02-07 17:00:00+00:00,True,False
2026-02-07 18:00:00+00:00,2026-02-09 06:00:00+00:00,2026-02-09 11:00:00,2,36,0.9847375750541687,2,2026-02-07 18:00:00+00:00,True,False
2026-02-07 18:00:00+00:00,2026-02-09 07:00:00+00:00,2026-02-09 12:00:00,2,37,0.9863354563713074,3,2026-02-06 19:00:00+00:00,True,False
2026-02-07 18:00:00+00:00,2026-02-09 08:00:00+00:00,2026-02-09 13:00:00,2,38,0.987921675046285,3,2026-02-06 20:00:00+00:00,True,False
2026-02-07 18:00:00+00:00,2026-02-09 09:00:00+00:00,2026-02-09 14:00:00,2,39,0.9866105119387308,3,2026-02-06 21:00:00+00:00,True,False
2026-02-07 18:00:00+00:00,2026-02-09 10:00:00+00:00,2026-02-09 15:00:00,2,40,0.9802811145782471,3,2026-02-06 22:00:00+00:00,True,False
2026-02-07 18:00:00+00:00,2026-02-09 11:00:00+00:00,2026-02-09 16:00:00,2,41,0.9639814893404642,3,2026-02-06 23:00:00+00:00,True,False
2026-02-07 18:00:00+00:00,2026-02-09 12:00:00+00:00,2026-02-09 17:00:00,2,42,0.9290105899175009,3,2026-02-07 00:00:00+00:00,True,False
2026-02-07 18:00:00+00:00,2026-02-09 13:00:00+00:00,2026-02-09 18:00:00,2,43,0.9065419634183248,3,2026-02-07 01:00:00+00:00,True,False
2026-02-07 18:00:00+00:00,2026-02-09 14:00:00+00:00,2026-02-09 19:00:00,2,44,0.8526949882507324,3,2026-02-07 02:00:00+00:00,True,False
2026-02-07 18:00:00+00:00,2026-02-09 15:00:00+00:00,2026-02-09 20:00:00,2,45,0.7551149328549703,3,2026-02-07 03:00:00+00:00,True,False
2026-02-07 18:00:00+00:00,2026-02-09 16:00:00+00:00,2026-02-09 21:00:00,2,46,0.6573271155357361,3,2026-02-07 04:00:00+00:00,True,False
2026-02-07 18:00:00+00:00,2026-02-09 17:00:00+00:00,2026-02-09 22:00:00,2,47,0.5849440296490988,3,2026-02-07 05:00:00+00:00,True,False
2026-02-07 18:00:00+00:00,2026-02-09 18:00:00+00:00,2026-02-09 23:00:00,2,48,0.5111516813437144,3,2026-02-07 06:00:00+00:00,True,False
2026-02-08 18:00:00+00:00,2026-02-08 19:00:00+00:00,2026-02-09 00:00:00,1,1,0.9970193902651469,1,2026-02-08 07:00:00+00:00,True,False
2026-02-08 18:00:00+00:00,2026-02-08 20:00:00+00:00,2026-02-09 01:00:00,1,2,0.996549129486084,1,2026-02-08 08:00:00+00:00,True,False
2026-02-08 18:00:00+00:00,2026-02-08 21:00:00+00:00,2026-02-09 02:00:00,1,3,0.9967237710952759,1,2026-02-08 09:00:00+00:00,True,False
2026-02-08 18:00:00+00:00,2026-02-08 22:00:00+00:00,2026-02-09 03:00:00,1,4,0.9956185022989908,1,2026-02-08 10:00:00+00:00,True,False
2026-02-08 18:00:00+00:00,2026-02-08 23:00:00+00:00,2026-02-09 04:00:00,1,5,0.994310994942983,1,2026-02-08 11:00:00+00:00,True,False
2026-02-08 18:00:00+00:00,2026-02-09 00:00:00+00:00,2026-02-09 05:00:00,1,6,0.9903511007626852,1,2026-02-08 12:00:00+00:00,True,False
2026-02-08 18:00:00+00:00,2026-02-09 01:00:00+00:00,2026-02-09 06:00:00,1,7,0.9825527667999268,1,2026-02-08 13:00:00+00:00,True,False
2026-02-08 18:00:00+00:00,2026-02-09 02:00:00+00:00,2026-02-09 07:00:00,1,8,0.9728018442789713,1,2026-02-08 14:00:00+00:00,True,False
2026-02-08 18:00:00+00:00,2026-02-09 03:00:00+00:00,2026-02-09 08:00:00,1,9,0.9645538131395975,1,2026-02-08 15:00:00+00:00,True,False
2026-02-08 18:00:00+00:00,2026-02-09 04:00:00+00:00,2026-02-09 09:00:00,1,10,0.9697521130243937,1,2026-02-08 16:00:00+00:00,True,False
2026-02-08 18:00:00+00:00,2026-02-09 05:00:00+00:00,2026-02-09 10:00:00,1,11,0.9710278511047363,1,2026-02-08 17:00:00+00:00,True,False
2026-02-08 18:00:00+00:00,2026-02-09 06:00:00+00:00,2026-02-09 11:00:00,1,12,0.9749542872111002,1,2026-02-08 18:00:00+00:00,True,False
2026-02-08 18:00:00+00:00,2026-02-09 07:00:00+00:00,2026-02-09 12:00:00,1,13,0.9818266828854879,2,2026-02-07 19:00:00+00:00,True,False
2026-02-08 18:00:00+00:00,2026-02-09 08:00:00+00:00,2026-02-09 13:00:00,1,14,0.9730630914370219,2,2026-02-07 20:00:00+00:00,True,False
2026-02-08 18:00:00+00:00,2026-02-09 09:00:00+00:00,2026-02-09 14:00:00,1,15,0.9635895093282064,2,2026-02-07 21:00:00+00:00,True,False
2026-02-08 18:00:00+00:00,2026-02-09 10:00:00+00:00,2026-02-09 15:00:00,1,16,0.9446788628896078,2,2026-02-07 22:00:00+00:00,True,False
2026-02-08 18:00:00+00:00,2026-02-09 11:00:00+00:00,2026-02-09 16:00:00,1,17,0.9175196290016174,2,2026-02-07 23:00:00+00:00,True,False
2026-02-08 18:00:00+00:00,2026-02-09 12:00:00+00:00,2026-02-09 17:00:00,1,18,0.8578678965568542,2,2026-02-08 00:00:00+00:00,True,False
2026-02-08 18:00:00+00:00,2026-02-09 13:00:00+00:00,2026-02-09 18:00:00,1,19,0.7723239660263062,2,2026-02-08 01:00:00+00:00,True,False
2026-02-08 18:00:00+00:00,2026-02-09 14:00:00+00:00,2026-02-09 19:00:00,1,20,0.6709497372309366,2,2026-02-08 02:00:00+00:00,True,False
2026-02-08 18:00:00+00:00,2026-02-09 15:00:00+00:00,2026-02-09 20:00:00,1,21,0.5806130369504293,2,2026-02-08 03:00:00+00:00,True,False
2026-02-08 18:00:00+00:00,2026-02-09 16:00:00+00:00,2026-02-09 21:00:00,1,22,0.48697997132937115,2,2026-02-08 04:00:00+00:00,True,False
2026-02-08 18:00:00+00:00,2026-02-09 17:00:00+00:00,2026-02-09 22:00:00,1,23,0.12413725381096204,2,2026-02-08 05:00:00+00:00,True,False
2026-02-08 18:00:00+00:00,2026-02-09 18:00:00+00:00,2026-02-09 23:00:00,1,24,0.2423225392897924,2,2026-02-08 06:00:00+00:00,True,False
2026-02-08 18:00:00+00:00,2026-02-09 19:00:00+00:00,2026-02-10 00:00:00,1,25,0.40844006339708966,2,2026-02-08 07:00:00+00:00,True,False
2026-02-08 18:00:00+00:00,2026-02-09 20:00:00+00:00,2026-02-10 01:00:00,1,26,0.4839652131001155,2,2026-02-08 08:00:00+00:00,True,False
2026-02-08 18:00:00+00:00,2026-02-09 21:00:00+00:00,2026-02-10 02:00:00,1,27,0.4576205958922704,2,2026-02-08 09:00:00+00:00,True,False
2026-02-08 18:00:00+00:00,2026-02-09 22:00:00+00:00,2026-02-10 03:00:00,1,28,0.4345960666735967,2,2026-02-08 10:00:00+00:00,True,False
2026-02-08 18:00:00+00:00,2026-02-09 23:00:00+00:00,2026-02-10 04:00:00,1,29,0.3975456754366557,2,2026-02-08 11:00:00+00:00,True,False
2026-02-08 18:00:00+00:00,2026-02-10 00:00:00+00:00,2026-02-10 05:00:00,1,30,0.2351105697453022,2,2026-02-08 12:00:00+00:00,True,False
2026-02-08 18:00:00+00:00,2026-02-10 01:00:00+00:00,2026-02-10 06:00:00,1,31,0.3099684715270996,2,2026-02-08 13:00:00+00:00,True,False
2026-02-08 18:00:00+00:00,2026-02-10 02:00:00+00:00,2026-02-10 07:00:00,1,32,0.1586756929755211,2,2026-02-08 14:00:00+00:00,True,False
2026-02-08 18:00:00+00:00,2026-02-10 03:00:00+00:00,2026-02-10 08:00:00,1,33,0.11242889737089475,2,2026-02-08 15:00:00+00:00,True,False
2026-02-08 18:00:00+00:00,2026-02-10 04:00:00+00:00,2026-02-10 09:00:00,1,34,0.11604143430789311,2,2026-02-08 16:00:00+00:00,True,False
2026-02-08 18:00:00+00:00,2026-02-10 05:00:00+00:00,2026-02-10 10:00:00,1,35,0.12548817694187164,2,2026-02-08 17:00:00+00:00,True,False
2026-02-08 18:00:00+00:00,2026-02-10 06:00:00+00:00,2026-02-10 11:00:00,1,36,0.10545385877291362,2,2026-02-08 18:00:00+00:00,True,False
2026-02-08 18:00:00+00:00,2026-02-10 07:00:00+00:00,2026-02-10 12:00:00,1,37,0.33192481597264606,3,2026-02-07 19:00:00+00:00,True,False
2026-02-08 18:00:00+00:00,2026-02-10 08:00:00+00:00,2026-02-10 13:00:00,1,38,0.45771917700767517,3,2026-02-07 20:00:00+00:00,True,False
2026-02-08 18:00:00+00:00,2026-02-10 09:00:00+00:00,2026-02-10 14:00:00,1,39,0.3700876037279765,3,2026-02-07 21:00:00+00:00,True,False
2026-02-08 18:00:00+00:00,2026-02-10 10:00:00+00:00,2026-02-10 15:00:00,1,40,0.19510830442110697,3,2026-02-07 22:00:00+00:00,True,False
2026-02-08 18:00:00+00:00,2026-02-10 11:00:00+00:00,2026-02-10 16:00:00,1,41,0.16270528733730316,3,2026-02-07 23:00:00+00:00,True,False
2026-02-08 18:00:00+00:00,2026-02-10 12:00:00+00:00,2026-02-10 17:00:00,1,42,0.21178151667118073,3,2026-02-08 00:00:00+00:00,True,False
2026-02-08 18:00:00+00:00,2026-02-10 13:00:00+00:00,2026-02-10 18:00:00,1,43,0.18968153993288675,3,2026-02-08 01:00:00+00:00,True,False
2026-02-08 18:00:00+00:00,2026-02-10 14:00:00+00:00,2026-02-10 19:00:00,1,44,0.12834135939677557,3,2026-02-08 02:00:00+00:00,True,False
2026-02-08 18:00:00+00:00,2026-02-10 15:00:00+00:00,2026-02-10 20:00:00,1,45,0.10298567141095798,3,2026-02-08 03:00:00+00:00,True,False
2026-02-08 18:00:00+00:00,2026-02-10 16:00:00+00:00,2026-02-10 21:00:00,1,46,0.10265737026929855,3,2026-02-08 04:00:00+00:00,True,False
2026-02-08 18:00:00+00:00,2026-02-10 17:00:00+00:00,2026-02-10 22:00:00,1,47,0.1271365707119306,3,2026-02-08 05:00:00+00:00,True,False
2026-02-08 18:00:00+00:00,2026-02-10 18:00:00+00:00,2026-02-10 23:00:00,1,48,0.2060656820734342,3,2026-02-08 06:00:00+00:00,True,False
2026-02-08 18:00:00+00:00,2026-02-08 19:00:00+00:00,2026-02-09 00:00:00,2,1,0.9966574708620707,1,2026-02-08 07:00:00+00:00,True,False
2026-02-08 18:00:00+00:00,2026-02-08 20:00:00+00:00,2026-02-09 01:00:00,2,2,0.9961234331130981,1,2026-02-08 08:00:00+00:00,True,False
2026-02-08 18:00:00+00:00,2026-02-08 21:00:00+00:00,2026-02-09 02:00:00,2,3,0.9963009754816691,1,2026-02-08 09:00:00+00:00,True,False
2026-02-08 18:00:00+00:00,2026-02-08 22:00:00+00:00,2026-02-09 03:00:00,2,4,0.9950065215428671,1,2026-02-08 10:00:00+00:00,True,False
2026-02-08 18:00:00+00:00,2026-02-08 23:00:00+00:00,2026-02-09 04:00:00,2,5,0.9934210777282715,1,2026-02-08 11:00:00+00:00,True,False
2026-02-08 18:00:00+00:00,2026-02-09 00:00:00+00:00,2026-02-09 05:00:00,2,6,0.988956073919932,1,2026-02-08 12:00:00+00:00,True,False
2026-02-08 18:00:00+00:00,2026-02-09 01:00:00+00:00,2026-02-09 06:00:00,2,7,0.9804563323656718,1,2026-02-08 13:00:00+00:00,True,False
2026-02-08 18:00:00+00:00,2026-02-09 02:00:00+00:00,2026-02-09 07:00:00,2,8,0.9700240095456442,1,2026-02-08 14:00:00+00:00,True,False
2026-02-08 18:00:00+00:00,2026-02-09 03:00:00+00:00,2026-02-09 08:00:00,2,9,0.9622041781743368,1,2026-02-08 15:00:00+00:00,True,False
2026-02-08 18:00:00+00:00,2026-02-09 04:00:00+00:00,2026-02-09 09:00:00,2,10,0.968299130598704,1,2026-02-08 16:00:00+00:00,True,False
2026-02-08 18:00:00+00:00,2026-02-09 05:00:00+00:00,2026-02-09 10:00:00,2,11,0.9702933033307394,1,2026-02-08 17:00:00+00:00,True,False
2026-02-08 18:00:00+00:00,2026-02-09 06:00:00+00:00,2026-02-09 11:00:00,2,12,0.9768281777699789,1,2026-02-08 18:00:00+00:00,True,False
2026-02-08 18:00:00+00:00,2026-02-09 07:00:00+00:00,2026-02-09 12:00:00,2,13,0.9832828044891357,2,2026-02-07 19:00:00+00:00,True,False
2026-02-08 18:00:00+00:00,2026-02-09 08:00:00+00:00,2026-02-09 13:00:00,2,14,0.9754899144172668,2,2026-02-07 20:00:00+00:00,True,False
2026-02-08 18:00:00+00:00,2026-02-09 09:00:00+00:00,2026-02-09 14:00:00,2,15,0.9668177962303162,2,2026-02-07 21:00:00+00:00,True,False
2026-02-08 18:00:00+00:00,2026-02-09 10:00:00+00:00,2026-02-09 15:00:00,2,16,0.9455916484196981,2,2026-02-07 22:00:00+00:00,True,False
2026-02-08 18:00:00+00:00,2026-02-09 11:00:00+00:00,2026-02-09 16:00:00,2,17,0.9222355683644613,2,2026-02-07 23:00:00+00:00,True,False
2026-02-08 18:00:00+00:00,2026-02-09 12:00:00+00:00,2026-02-09 17:00:00,2,18,0.8627021710077921,2,2026-02-08 00:00:00+00:00,True,False
2026-02-08 18:00:00+00:00,2026-02-09 13:00:00+00:00,2026-02-09 18:00:00,2,19,0.767760713895162,2,2026-02-08 01:00:00+00:00,True,False
2026-02-08 18:00:00+00:00,2026-02-09 14:00:00+00:00,2026-02-09 19:00:00,2,20,0.6627248326937357,2,2026-02-08 02:00:00+00:00,True,False
2026-02-08 18:00:00+00:00,2026-02-09 15:00:00+00:00,2026-02-09 20:00:00,2,21,0.5757362544536591,2,2026-02-08 03:00:00+00:00,True,False
2026-02-08 18:00:00+00:00,2026-02-09 16:00:00+00:00,2026-02-09 21:00:00,2,22,0.44602856536706287,2,2026-02-08 04:00:00+00:00,True,False
2026-02-08 18:00:00+00:00,2026-02-09 17:00:00+00:00,2026-02-09 22:00:00,2,23,0.11620967090129852,2,2026-02-08 05:00:00+00:00,True,False
2026-02-08 18:00:00+00:00,2026-02-09 18:00:00+00:00,2026-02-09 23:00:00,2,24,0.21645660450061163,2,2026-02-08 06:00:00+00:00,True,False
2026-02-08 18:00:00+00:00,2026-02-09 19:00:00+00:00,2026-02-10 00:00:00,2,25,0.36921653151512146,2,2026-02-08 07:00:00+00:00,True,False
2026-02-08 18:00:00+00:00,2026-02-09 20:00:00+00:00,2026-02-10 01:00:00,2,26,0.46180543303489685,2,2026-02-08 08:00:00+00:00,True,False
2026-02-08 18:00:00+00:00,2026-02-09 21:00:00+00:00,2026-02-10 02:00:00,2,27,0.43630774815877277,2,2026-02-08 09:00:00+00:00,True,False
2026-02-08 18:00:00+00:00,2026-02-09 22:00:00+00:00,2026-02-10 03:00:00,2,28,0.4155680735905965,2,2026-02-08 10:00:00+00:00,True,False
2026-02-08 18:00:00+00:00,2026-02-09 23:00:00+00:00,2026-02-10 04:00:00,2,29,0.3628862301508586,2,2026-02-08 11:00:00+00:00,True,False
2026-02-08 18:00:00+00:00,2026-02-10 00:00:00+00:00,2026-02-10 05:00:00,2,30,0.2144909848769506,2,2026-02-08 12:00:00+00:00,True,False
2026-02-08 18:00:00+00:00,2026-02-10 01:00:00+00:00,2026-02-10 06:00:00,2,31,0.2839253644148509,2,2026-02-08 13:00:00+00:00,True,False
2026-02-08 18:00:00+00:00,2026-02-10 02:00:00+00:00,2026-02-10 07:00:00,2,32,0.1489699830611547,2,2026-02-08 14:00:00+00:00,True,False
2026-02-08 18:00:00+00:00,2026-02-10 03:00:00+00:00,2026-02-10 08:00:00,2,33,0.10351264104247093,2,2026-02-08 15:00:00+00:00,True,False
2026-02-08 18:00:00+00:00,2026-02-10 04:00:00+00:00,2026-02-10 09:00:00,2,34,0.10518347720305125,2,2026-02-08 16:00:00+00:00,True,False
2026-02-08 18:00:00+00:00,2026-02-10 05:00:00+00:00,2026-02-10 10:00:00,2,35,0.11999691029389699,2,2026-02-08 17:00:00+00:00,True,False
2026-02-08 18:00:00+00:00,2026-02-10 06:00:00+00:00,2026-02-10 11:00:00,2,36,0.10526122897863388,2,2026-02-08 18:00:00+00:00,True,False
2026-02-08 18:00:00+00:00,2026-02-10 07:00:00+00:00,2026-02-10 12:00:00,2,37,0.33796269694964093,3,2026-02-07 19:00:00+00:00,True,False
2026-02-08 18:00:00+00:00,2026-02-10 08:00:00+00:00,2026-02-10 13:00:00,2,38,0.44203569491704303,3,2026-02-07 20:00:00+00:00,True,False
2026-02-08 18:00:00+00:00,2026-02-10 09:00:00+00:00,2026-02-10 14:00:00,2,39,0.37556782364845276,3,2026-02-07 21:00:00+00:00,True,False
2026-02-08 18:00:00+00:00,2026-02-10 10:00:00+00:00,2026-02-10 15:00:00,2,40,0.20529801150163016,3,2026-02-07 22:00:00+00:00,True,False
2026-02-08 18:00:00+00:00,2026-02-10 11:00:00+00:00,2026-02-10 16:00:00,2,41,0.17211733758449554,3,2026-02-07 23:00:00+00:00,True,False
2026-02-08 18:00:00+00:00,2026-02-10 12:00:00+00:00,2026-02-10 17:00:00,2,42,0.21581006546815237,3,2026-02-08 00:00:00+00:00,True,False
2026-02-08 18:00:00+00:00,2026-02-10 13:00:00+00:00,2026-02-10 18:00:00,2,43,0.18952679634094238,3,2026-02-08 01:00:00+00:00,True,False
2026-02-08 18:00:00+00:00,2026-02-10 14:00:00+00:00,2026-02-10 19:00:00,2,44,0.12544461091359457,3,2026-02-08 02:00:00+00:00,True,False
2026-02-08 18:00:00+00:00,2026-02-10 15:00:00+00:00,2026-02-10 20:00:00,2,45,0.09967141598463058,3,2026-02-08 03:00:00+00:00,True,False
2026-02-08 18:00:00+00:00,2026-02-10 16:00:00+00:00,2026-02-10 21:00:00,2,46,0.09763912856578827,3,2026-02-08 04:00:00+00:00,True,False
2026-02-08 18:00:00+00:00,2026-02-10 17:00:00+00:00,2026-02-10 22:00:00,2,47,0.10979287326335907,3,2026-02-08 05:00:00+00:00,True,False
2026-02-08 18:00:00+00:00,2026-02-10 18:00:00+00:00,2026-02-10 23:00:00,2,48,0.1984195957581202,3,2026-02-08 06:00:00+00:00,True,False
2026-02-09 18:00:00+00:00,2026-02-09 19:00:00+00:00,2026-02-10 00:00:00,1,1,0.07448523802061875,1,2026-02-09 07:00:00+00:00,True,False
2026-02-09 18:00:00+00:00,2026-02-09 20:00:00+00:00,2026-02-10 01:00:00,1,2,0.1622253159681956,1,2026-02-09 08:00:00+00:00,True,False
2026-02-09 18:00:00+00:00,2026-02-09 21:00:00+00:00,2026-02-10 02:00:00,1,3,0.27303501466910046,1,2026-02-09 09:00:00+00:00,True,False
2026-02-09 18:00:00+00:00,2026-02-09 22:00:00+00:00,2026-02-10 03:00:00,1,4,0.36942343413829803,1,2026-02-09 10:00:00+00:00,True,False
2026-02-09 18:00:00+00:00,2026-02-09 23:00:00+00:00,2026-02-10 04:00:00,1,5,0.2934609726071358,1,2026-02-09 11:00:00+00:00,True,False
2026-02-09 18:00:00+00:00,2026-02-10 00:00:00+00:00,2026-02-10 05:00:00,1,6,0.4794458250204722,1,2026-02-09 12:00:00+00:00,True,False
2026-02-09 18:00:00+00:00,2026-02-10 01:00:00+00:00,2026-02-10 06:00:00,1,7,0.14776894450187683,1,2026-02-09 13:00:00+00:00,True,False
2026-02-09 18:00:00+00:00,2026-02-10 02:00:00+00:00,2026-02-10 07:00:00,1,8,0.3140096714099248,1,2026-02-09 14:00:00+00:00,True,False
2026-02-09 18:00:00+00:00,2026-02-10 03:00:00+00:00,2026-02-10 08:00:00,1,9,0.12792318811019263,1,2026-02-09 15:00:00+00:00,True,False
2026-02-09 18:00:00+00:00,2026-02-10 04:00:00+00:00,2026-02-10 09:00:00,1,10,0.16524513314167658,1,2026-02-09 16:00:00+00:00,True,False
2026-02-09 18:00:00+00:00,2026-02-10 05:00:00+00:00,2026-02-10 10:00:00,1,11,0.15903073052565256,1,2026-02-09 17:00:00+00:00,True,False
2026-02-09 18:00:00+00:00,2026-02-10 06:00:00+00:00,2026-02-10 11:00:00,1,12,0.06550065117577712,1,2026-02-09 18:00:00+00:00,True,False
2026-02-09 18:00:00+00:00,2026-02-10 07:00:00+00:00,2026-02-10 12:00:00,1,13,0.09331201761960983,2,2026-02-08 19:00:00+00:00,True,False
2026-02-09 18:00:00+00:00,2026-02-10 08:00:00+00:00,2026-02-10 13:00:00,1,14,0.21506420771280924,2,2026-02-08 20:00:00+00:00,True,False
2026-02-09 18:00:00+00:00,2026-02-10 09:00:00+00:00,2026-02-10 14:00:00,1,15,0.3452009856700897,2,2026-02-08 21:00:00+00:00,True,False
2026-02-09 18:00:00+00:00,2026-02-10 10:00:00+00:00,2026-02-10 15:00:00,1,16,0.28655994931856793,2,2026-02-08 22:00:00+00:00,True,False
2026-02-09 18:00:00+00:00,2026-02-10 11:00:00+00:00,2026-02-10 16:00:00,1,17,0.3057195246219635,2,2026-02-08 23:00:00+00:00,True,False
2026-02-09 18:00:00+00:00,2026-02-10 12:00:00+00:00,2026-02-10 17:00:00,1,18,0.17129465440909067,2,2026-02-09 00:00:00+00:00,True,False
2026-02-09 18:00:00+00:00,2026-02-10 13:00:00+00:00,2026-02-10 18:00:00,1,19,0.12856403241554895,2,2026-02-09 01:00:00+00:00,True,False
2026-02-09 18:00:00+00:00,2026-02-10 14:00:00+00:00,2026-02-10 19:00:00,1,20,0.09128763029972713,2,2026-02-09 02:00:00+00:00,True,False
2026-02-09 18:00:00+00:00,2026-02-10 15:00:00+00:00,2026-02-10 20:00:00,1,21,0.0629975013434887,2,2026-02-09 03:00:00+00:00,True,False
2026-02-09 18:00:00+00:00,2026-02-10 16:00:00+00:00,2026-02-10 21:00:00,1,22,0.2775442774097125,2,2026-02-09 04:00:00+00:00,True,False
2026-02-09 18:00:00+00:00,2026-02-10 17:00:00+00:00,2026-02-10 22:00:00,1,23,0.6696271300315857,2,2026-02-09 05:00:00+00:00,True,False
2026-02-09 18:00:00+00:00,2026-02-10 18:00:00+00:00,2026-02-10 23:00:00,1,24,0.8166605432828268,2,2026-02-09 06:00:00+00:00,True,False
2026-02-09 18:00:00+00:00,2026-02-10 19:00:00+00:00,2026-02-11 00:00:00,1,25,0.9175894061724345,2,2026-02-09 07:00:00+00:00,True,False
2026-02-09 18:00:00+00:00,2026-02-10 20:00:00+00:00,2026-02-11 01:00:00,1,26,0.9571190675099691,2,2026-02-09 08:00:00+00:00,True,False
2026-02-09 18:00:00+00:00,2026-02-10 21:00:00+00:00,2026-02-11 02:00:00,1,27,0.968993087609609,2,2026-02-09 09:00:00+00:00,True,False
2026-02-09 18:00:00+00:00,2026-02-10 22:00:00+00:00,2026-02-11 03:00:00,1,28,0.9515803257624308,2,2026-02-09 10:00:00+00:00,True,False
2026-02-09 18:00:00+00:00,2026-02-10 23:00:00+00:00,2026-02-11 04:00:00,1,29,0.9084152181943258,2,2026-02-09 11:00:00+00:00,True,False
2026-02-09 18:00:00+00:00,2026-02-11 00:00:00+00:00,2026-02-11 05:00:00,1,30,0.41740166147549945,2,2026-02-09 12:00:00+00:00,True,False
2026-02-09 18:00:00+00:00,2026-02-11 01:00:00+00:00,2026-02-11 06:00:00,1,31,0.08236135542392731,2,2026-02-09 13:00:00+00:00,True,False
2026-02-09 18:00:00+00:00,2026-02-11 02:00:00+00:00,2026-02-11 07:00:00,1,32,0.020133279574414093,2,2026-02-09 14:00:00+00:00,True,False
2026-02-09 18:00:00+00:00,2026-02-11 03:00:00+00:00,2026-02-11 08:00:00,1,33,0.026884374519189198,2,2026-02-09 15:00:00+00:00,True,False
2026-02-09 18:00:00+00:00,2026-02-11 04:00:00+00:00,2026-02-11 09:00:00,1,34,0.03607001962761084,2,2026-02-09 16:00:00+00:00,True,False
2026-02-09 18:00:00+00:00,2026-02-11 05:00:00+00:00,2026-02-11 10:00:00,1,35,0.0900793472925822,2,2026-02-09 17:00:00+00:00,True,False
2026-02-09 18:00:00+00:00,2026-02-11 06:00:00+00:00,2026-02-11 11:00:00,1,36,0.7620559533437093,2,2026-02-09 18:00:00+00:00,True,False
2026-02-09 18:00:00+00:00,2026-02-11 07:00:00+00:00,2026-02-11 12:00:00,1,37,0.2703470140695572,3,2026-02-08 19:00:00+00:00,True,False
2026-02-09 18:00:00+00:00,2026-02-11 08:00:00+00:00,2026-02-11 13:00:00,1,38,0.1441687693198522,3,2026-02-08 20:00:00+00:00,True,False
2026-02-09 18:00:00+00:00,2026-02-11 09:00:00+00:00,2026-02-11 14:00:00,1,39,0.10112256805102031,3,2026-02-08 21:00:00+00:00,True,False
2026-02-09 18:00:00+00:00,2026-02-11 10:00:00+00:00,2026-02-11 15:00:00,1,40,0.11967303976416588,3,2026-02-08 22:00:00+00:00,True,False
2026-02-09 18:00:00+00:00,2026-02-11 11:00:00+00:00,2026-02-11 16:00:00,1,41,0.5926000773906708,3,2026-02-08 23:00:00+00:00,True,False
2026-02-09 18:00:00+00:00,2026-02-11 12:00:00+00:00,2026-02-11 17:00:00,1,42,0.974091649055481,3,2026-02-09 00:00:00+00:00,True,False
2026-02-09 18:00:00+00:00,2026-02-11 13:00:00+00:00,2026-02-11 18:00:00,1,43,0.9904214143753052,3,2026-02-09 01:00:00+00:00,True,False
2026-02-09 18:00:00+00:00,2026-02-11 14:00:00+00:00,2026-02-11 19:00:00,1,44,0.9734057784080505,3,2026-02-09 02:00:00+00:00,True,False
2026-02-09 18:00:00+00:00,2026-02-11 15:00:00+00:00,2026-02-11 20:00:00,1,45,0.8901551167170206,3,2026-02-09 03:00:00+00:00,True,False
2026-02-09 18:00:00+00:00,2026-02-11 16:00:00+00:00,2026-02-11 21:00:00,1,46,0.7968117992083231,3,2026-02-09 04:00:00+00:00,True,False
2026-02-09 18:00:00+00:00,2026-02-11 17:00:00+00:00,2026-02-11 22:00:00,1,47,0.5971868435541788,3,2026-02-09 05:00:00+00:00,True,False
2026-02-09 18:00:00+00:00,2026-02-11 18:00:00+00:00,2026-02-11 23:00:00,1,48,0.8850576281547546,3,2026-02-09 06:00:00+00:00,True,False
2026-02-09 18:00:00+00:00,2026-02-09 19:00:00+00:00,2026-02-10 00:00:00,2,1,0.06917314852277438,1,2026-02-09 07:00:00+00:00,True,False
2026-02-09 18:00:00+00:00,2026-02-09 20:00:00+00:00,2026-02-10 01:00:00,2,2,0.14185547704497972,1,2026-02-09 08:00:00+00:00,True,False
2026-02-09 18:00:00+00:00,2026-02-09 21:00:00+00:00,2026-02-10 02:00:00,2,3,0.2382755676905314,1,2026-02-09 09:00:00+00:00,True,False
2026-02-09 18:00:00+00:00,2026-02-09 22:00:00+00:00,2026-02-10 03:00:00,2,4,0.3309422532717387,1,2026-02-09 10:00:00+00:00,True,False
2026-02-09 18:00:00+00:00,2026-02-09 23:00:00+00:00,2026-02-10 04:00:00,2,5,0.2728245109319687,1,2026-02-09 11:00:00+00:00,True,False
2026-02-09 18:00:00+00:00,2026-02-10 00:00:00+00:00,2026-02-10 05:00:00,2,6,0.4494791626930237,1,2026-02-09 12:00:00+00:00,True,False
2026-02-09 18:00:00+00:00,2026-02-10 01:00:00+00:00,2026-02-10 06:00:00,2,7,0.14138538079957166,1,2026-02-09 13:00:00+00:00,True,False
2026-02-09 18:00:00+00:00,2026-02-10 02:00:00+00:00,2026-02-10 07:00:00,2,8,0.276875634988149,1,2026-02-09 14:00:00+00:00,True,False
2026-02-09 18:00:00+00:00,2026-02-10 03:00:00+00:00,2026-02-10 08:00:00,2,9,0.12095203498999278,1,2026-02-09 15:00:00+00:00,True,False
2026-02-09 18:00:00+00:00,2026-02-10 04:00:00+00:00,2026-02-10 09:00:00,2,10,0.15682665879527727,1,2026-02-09 16:00:00+00:00,True,False
2026-02-09 18:00:00+00:00,2026-02-10 05:00:00+00:00,2026-02-10 10:00:00,2,11,0.14870259910821915,1,2026-02-09 17:00:00+00:00,True,False
2026-02-09 18:00:00+00:00,2026-02-10 06:00:00+00:00,2026-02-10 11:00:00,2,12,0.06428899926443894,1,2026-02-09 18:00:00+00:00,True,False
2026-02-09 18:00:00+00:00,2026-02-10 07:00:00+00:00,2026-02-10 12:00:00,2,13,0.09978596617778142,2,2026-02-08 19:00:00+00:00,True,False
2026-02-09 18:00:00+00:00,2026-02-10 08:00:00+00:00,2026-02-10 13:00:00,2,14,0.21826157967249551,2,2026-02-08 20:00:00+00:00,True,False
2026-02-09 18:00:00+00:00,2026-02-10 09:00:00+00:00,2026-02-10 14:00:00,2,15,0.34214400748411816,2,2026-02-08 21:00:00+00:00,True,False
2026-02-09 18:00:00+00:00,2026-02-10 10:00:00+00:00,2026-02-10 15:00:00,2,16,0.299142062664032,2,2026-02-08 22:00:00+00:00,True,False
2026-02-09 18:00:00+00:00,2026-02-10 11:00:00+00:00,2026-02-10 16:00:00,2,17,0.31344038248062134,2,2026-02-08 23:00:00+00:00,True,False
2026-02-09 18:00:00+00:00,2026-02-10 12:00:00+00:00,2026-02-10 17:00:00,2,18,0.17515497157971063,2,2026-02-09 00:00:00+00:00,True,False
2026-02-09 18:00:00+00:00,2026-02-10 13:00:00+00:00,2026-02-10 18:00:00,2,19,0.13614393025636673,2,2026-02-09 01:00:00+00:00,True,False
2026-02-09 18:00:00+00:00,2026-02-10 14:00:00+00:00,2026-02-10 19:00:00,2,20,0.09453762571016948,2,2026-02-09 02:00:00+00:00,True,False
2026-02-09 18:00:00+00:00,2026-02-10 15:00:00+00:00,2026-02-10 20:00:00,2,21,0.0653872477511565,2,2026-02-09 03:00:00+00:00,True,False
2026-02-09 18:00:00+00:00,2026-02-10 16:00:00+00:00,2026-02-10 21:00:00,2,22,0.25582440694173175,2,2026-02-09 04:00:00+00:00,True,False
2026-02-09 18:00:00+00:00,2026-02-10 17:00:00+00:00,2026-02-10 22:00:00,2,23,0.6097776492436727,2,2026-02-09 05:00:00+00:00,True,False
2026-02-09 18:00:00+00:00,2026-02-10 18:00:00+00:00,2026-02-10 23:00:00,2,24,0.7931658426920573,2,2026-02-09 06:00:00+00:00,True,False
2026-02-09 18:00:00+00:00,2026-02-10 19:00:00+00:00,2026-02-11 00:00:00,2,25,0.9051020940144857,2,2026-02-09 07:00:00+00:00,True,False
2026-02-09 18:00:00+00:00,2026-02-10 20:00:00+00:00,2026-02-11 01:00:00,2,26,0.9481913646062216,2,2026-02-09 08:00:00+00:00,True,False
2026-02-09 18:00:00+00:00,2026-02-10 21:00:00+00:00,2026-02-11 02:00:00,2,27,0.9633427858352661,2,2026-02-09 09:00:00+00:00,True,False
2026-02-09 18:00:00+00:00,2026-02-10 22:00:00+00:00,2026-02-11 03:00:00,2,28,0.942650576432546,2,2026-02-09 10:00:00+00:00,True,False
2026-02-09 18:00:00+00:00,2026-02-10 23:00:00+00:00,2026-02-11 04:00:00,2,29,0.8894784450531006,2,2026-02-09 11:00:00+00:00,True,False
2026-02-09 18:00:00+00:00,2026-02-11 00:00:00+00:00,2026-02-11 05:00:00,2,30,0.4087105095386505,2,2026-02-09 12:00:00+00:00,True,False
2026-02-09 18:00:00+00:00,2026-02-11 01:00:00+00:00,2026-02-11 06:00:00,2,31,0.0715125339726607,2,2026-02-09 13:00:00+00:00,True,False
2026-02-09 18:00:00+00:00,2026-02-11 02:00:00+00:00,2026-02-11 07:00:00,2,32,0.019864142251511414,2,2026-02-09 14:00:00+00:00,True,False
2026-02-09 18:00:00+00:00,2026-02-11 03:00:00+00:00,2026-02-11 08:00:00,2,33,0.027335224052270252,2,2026-02-09 15:00:00+00:00,True,False
2026-02-09 18:00:00+00:00,2026-02-11 04:00:00+00:00,2026-02-11 09:00:00,2,34,0.03556782007217407,2,2026-02-09 16:00:00+00:00,True,False
2026-02-09 18:00:00+00:00,2026-02-11 05:00:00+00:00,2026-02-11 10:00:00,2,35,0.08395845318833987,2,2026-02-09 17:00:00+00:00,True,False
2026-02-09 18:00:00+00:00,2026-02-11 06:00:00+00:00,2026-02-11 11:00:00,2,36,0.765739917755127,2,2026-02-09 18:00:00+00:00,True,False
2026-02-09 18:00:00+00:00,2026-02-11 07:00:00+00:00,2026-02-11 12:00:00,2,37,0.2642311106125514,3,2026-02-08 19:00:00+00:00,True,False
2026-02-09 18:00:00+00:00,2026-02-11 08:00:00+00:00,2026-02-11 13:00:00,2,38,0.14452055593331656,3,2026-02-08 20:00:00+00:00,True,False
2026-02-09 18:00:00+00:00,2026-02-11 09:00:00+00:00,2026-02-11 14:00:00,2,39,0.10234381382664044,3,2026-02-08 21:00:00+00:00,True,False
2026-02-09 18:00:00+00:00,2026-02-11 10:00:00+00:00,2026-02-11 15:00:00,2,40,0.1195830504099528,3,2026-02-08 22:00:00+00:00,True,False
2026-02-09 18:00:00+00:00,2026-02-11 11:00:00+00:00,2026-02-11 16:00:00,2,41,0.6006457308928171,3,2026-02-08 23:00:00+00:00,True,False
2026-02-09 18:00:00+00:00,2026-02-11 12:00:00+00:00,2026-02-11 17:00:00,2,42,0.9708618323008219,3,2026-02-09 00:00:00+00:00,True,False
2026-02-09 18:00:00+00:00,2026-02-11 13:00:00+00:00,2026-02-11 18:00:00,2,43,0.9886798659960429,3,2026-02-09 01:00:00+00:00,True,False
2026-02-09 18:00:00+00:00,2026-02-11 14:00:00+00:00,2026-02-11 19:00:00,2,44,0.9690706332524618,3,2026-02-09 02:00:00+00:00,True,False
2026-02-09 18:00:00+00:00,2026-02-11 15:00:00+00:00,2026-02-11 20:00:00,2,45,0.8850078582763672,3,2026-02-09 03:00:00+00:00,True,False
2026-02-09 18:00:00+00:00,2026-02-11 16:00:00+00:00,2026-02-11 21:00:00,2,46,0.7910773555437723,3,2026-02-09 04:00:00+00:00,True,False
2026-02-09 18:00:00+00:00,2026-02-11 17:00:00+00:00,2026-02-11 22:00:00,2,47,0.602017362912496,3,2026-02-09 05:00:00+00:00,True,False
2026-02-09 18:00:00+00:00,2026-02-11 18:00:00+00:00,2026-02-11 23:00:00,2,48,0.8682380318641663,3,2026-02-09 06:00:00+00:00,True,False
2026-02-10 18:00:00+00:00,2026-02-10 19:00:00+00:00,2026-02-11 00:00:00,1,1,0.9549071391423544,1,2026-02-10 07:00:00+00:00,True,False
2026-02-10 18:00:00+00:00,2026-02-10 20:00:00+00:00,2026-02-11 01:00:00,1,2,0.9570202032725016,1,2026-02-10 08:00:00+00:00,True,False
2026-02-10 18:00:00+00:00,2026-02-10 21:00:00+00:00,2026-02-11 02:00:00,1,3,0.9507540861765543,1,2026-02-10 09:00:00+00:00,True,False
2026-02-10 18:00:00+00:00,2026-02-10 22:00:00+00:00,2026-02-11 03:00:00,1,4,0.9152631759643555,1,2026-02-10 10:00:00+00:00,True,False
2026-02-10 18:00:00+00:00,2026-02-10 23:00:00+00:00,2026-02-11 04:00:00,1,5,0.7896245916684469,1,2026-02-10 11:00:00+00:00,True,False
2026-02-10 18:00:00+00:00,2026-02-11 00:00:00+00:00,2026-02-11 05:00:00,1,6,0.33375778794288635,1,2026-02-10 12:00:00+00:00,True,False
2026-02-10 18:00:00+00:00,2026-02-11 01:00:00+00:00,2026-02-11 06:00:00,1,7,0.02733111847192049,1,2026-02-10 13:00:00+00:00,True,False
2026-02-10 18:00:00+00:00,2026-02-11 02:00:00+00:00,2026-02-11 07:00:00,1,8,0.015828692354261875,1,2026-02-10 14:00:00+00:00,True,False
2026-02-10 18:00:00+00:00,2026-02-11 03:00:00+00:00,2026-02-11 08:00:00,1,9,0.04514721346398195,1,2026-02-10 15:00:00+00:00,True,False
2026-02-10 18:00:00+00:00,2026-02-11 04:00:00+00:00,2026-02-11 09:00:00,1,10,0.04399474275608858,1,2026-02-10 16:00:00+00:00,True,False
2026-02-10 18:00:00+00:00,2026-02-11 05:00:00+00:00,2026-02-11 10:00:00,1,11,0.17051746447881064,1,2026-02-10 17:00:00+00:00,True,False
2026-02-10 18:00:00+00:00,2026-02-11 06:00:00+00:00,2026-02-11 11:00:00,1,12,0.7547694643338522,1,2026-02-10 18:00:00+00:00,True,False
2026-02-10 18:00:00+00:00,2026-02-11 07:00:00+00:00,2026-02-11 12:00:00,1,13,0.8286944230397543,2,2026-02-09 19:00:00+00:00,True,False
2026-02-10 18:00:00+00:00,2026-02-11 08:00:00+00:00,2026-02-11 13:00:00,1,14,0.2958369006713231,2,2026-02-09 20:00:00+00:00,True,False
2026-02-10 18:00:00+00:00,2026-02-11 09:00:00+00:00,2026-02-11 14:00:00,1,15,0.26761901875336963,2,2026-02-09 21:00:00+00:00,True,False
2026-02-10 18:00:00+00:00,2026-02-11 10:00:00+00:00,2026-02-11 15:00:00,1,16,0.24405044317245483,2,2026-02-09 22:00:00+00:00,True,False
2026-02-10 18:00:00+00:00,2026-02-11 11:00:00+00:00,2026-02-11 16:00:00,1,17,0.46253126859664917,2,2026-02-09 23:00:00+00:00,True,False
2026-02-10 18:00:00+00:00,2026-02-11 12:00:00+00:00,2026-02-11 17:00:00,1,18,0.975447952747345,2,2026-02-10 00:00:00+00:00,True,False
2026-02-10 18:00:00+00:00,2026-02-11 13:00:00+00:00,2026-02-11 18:00:00,1,19,0.9593676328659058,2,2026-02-10 01:00:00+00:00,True,False
2026-02-10 18:00:00+00:00,2026-02-11 14:00:00+00:00,2026-02-11 19:00:00,1,20,0.967163880666097,2,2026-02-10 02:00:00+00:00,True,False
2026-02-10 18:00:00+00:00,2026-02-11 15:00:00+00:00,2026-02-11 20:00:00,1,21,0.9577439030011495,2,2026-02-10 03:00:00+00:00,True,False
2026-02-10 18:00:00+00:00,2026-02-11 16:00:00+00:00,2026-02-11 21:00:00,1,22,0.9252407550811768,2,2026-02-10 04:00:00+00:00,True,False
2026-02-10 18:00:00+00:00,2026-02-11 17:00:00+00:00,2026-02-11 22:00:00,1,23,0.8932147820790609,2,2026-02-10 05:00:00+00:00,True,False
2026-02-10 18:00:00+00:00,2026-02-11 18:00:00+00:00,2026-02-11 23:00:00,1,24,0.6766340136528015,2,2026-02-10 06:00:00+00:00,True,False
2026-02-10 18:00:00+00:00,2026-02-11 19:00:00+00:00,2026-02-12 00:00:00,1,25,0.7719562848409017,2,2026-02-10 07:00:00+00:00,True,False
2026-02-10 18:00:00+00:00,2026-02-11 20:00:00+00:00,2026-02-12 01:00:00,1,26,0.7789958119392395,2,2026-02-10 08:00:00+00:00,True,False
2026-02-10 18:00:00+00:00,2026-02-11 21:00:00+00:00,2026-02-12 02:00:00,1,27,0.6417424082756042,2,2026-02-10 09:00:00+00:00,True,False
2026-02-10 18:00:00+00:00,2026-02-11 22:00:00+00:00,2026-02-12 03:00:00,1,28,0.518590529759725,2,2026-02-10 10:00:00+00:00,True,False
2026-02-10 18:00:00+00:00,2026-02-11 23:00:00+00:00,2026-02-12 04:00:00,1,29,0.46836323539415997,2,2026-02-10 11:00:00+00:00,True,False
2026-02-10 18:00:00+00:00,2026-02-12 00:00:00+00:00,2026-02-12 05:00:00,1,30,0.38507821162541706,2,2026-02-10 12:00:00+00:00,True,False
2026-02-10 18:00:00+00:00,2026-02-12 01:00:00+00:00,2026-02-12 06:00:00,1,31,0.15681097408135733,2,2026-02-10 13:00:00+00:00,True,False
2026-02-10 18:00:00+00:00,2026-02-12 02:00:00+00:00,2026-02-12 07:00:00,1,32,0.07595070575674374,2,2026-02-10 14:00:00+00:00,True,False
2026-02-10 18:00:00+00:00,2026-02-12 03:00:00+00:00,2026-02-12 08:00:00,1,33,0.04324193298816681,2,2026-02-10 15:00:00+00:00,True,False
2026-02-10 18:00:00+00:00,2026-02-12 04:00:00+00:00,2026-02-12 09:00:00,1,34,0.03116673914094766,2,2026-02-10 16:00:00+00:00,True,False
2026-02-10 18:00:00+00:00,2026-02-12 05:00:00+00:00,2026-02-12 10:00:00,1,35,0.023534256344040234,2,2026-02-10 17:00:00+00:00,True,False
2026-02-10 18:00:00+00:00,2026-02-12 06:00:00+00:00,2026-02-12 11:00:00,1,36,0.01955242020388444,2,2026-02-10 18:00:00+00:00,True,False
2026-02-10 18:00:00+00:00,2026-02-12 07:00:00+00:00,2026-02-12 12:00:00,1,37,0.0203878041356802,3,2026-02-09 19:00:00+00:00,True,False
2026-02-10 18:00:00+00:00,2026-02-12 08:00:00+00:00,2026-02-12 13:00:00,1,38,0.02497301126519839,3,2026-02-09 20:00:00+00:00,True,False
2026-02-10 18:00:00+00:00,2026-02-12 09:00:00+00:00,2026-02-12 14:00:00,1,39,0.04101542321344217,3,2026-02-09 21:00:00+00:00,True,False
2026-02-10 18:00:00+00:00,2026-02-12 10:00:00+00:00,2026-02-12 15:00:00,1,40,0.06099862481156985,3,2026-02-09 22:00:00+00:00,True,False
2026-02-10 18:00:00+00:00,2026-02-12 11:00:00+00:00,2026-02-12 16:00:00,1,41,0.12063937882582347,3,2026-02-09 23:00:00+00:00,True,False
2026-02-10 18:00:00+00:00,2026-02-12 12:00:00+00:00,2026-02-12 17:00:00,1,42,0.4254356026649475,3,2026-02-10 00:00:00+00:00,True,False
2026-02-10 18:00:00+00:00,2026-02-12 13:00:00+00:00,2026-02-12 18:00:00,1,43,0.4667658706506093,3,2026-02-10 01:00:00+00:00,True,False
2026-02-10 18:00:00+00:00,2026-02-12 14:00:00+00:00,2026-02-12 19:00:00,1,44,0.34322937329610187,3,2026-02-10 02:00:00+00:00,True,False
2026-02-10 18:00:00+00:00,2026-02-12 15:00:00+00:00,2026-02-12 20:00:00,1,45,0.2308835287888845,3,2026-02-10 03:00:00+00:00,True,False
2026-02-10 18:00:00+00:00,2026-02-12 16:00:00+00:00,2026-02-12 21:00:00,1,46,0.19761131703853607,3,2026-02-10 04:00:00+00:00,True,False
2026-02-10 18:00:00+00:00,2026-02-12 17:00:00+00:00,2026-02-12 22:00:00,1,47,0.12790004660685858,3,2026-02-10 05:00:00+00:00,True,False
2026-02-10 18:00:00+00:00,2026-02-12 18:00:00+00:00,2026-02-12 23:00:00,1,48,0.03959497685233752,3,2026-02-10 06:00:00+00:00,True,False
2026-02-10 18:00:00+00:00,2026-02-10 19:00:00+00:00,2026-02-11 00:00:00,2,1,0.9468000729878744,1,2026-02-10 07:00:00+00:00,True,False
2026-02-10 18:00:00+00:00,2026-02-10 20:00:00+00:00,2026-02-11 01:00:00,2,2,0.949597179889679,1,2026-02-10 08:00:00+00:00,True,False
2026-02-10 18:00:00+00:00,2026-02-10 21:00:00+00:00,2026-02-11 02:00:00,2,3,0.9419939120610555,1,2026-02-10 09:00:00+00:00,True,False
2026-02-10 18:00:00+00:00,2026-02-10 22:00:00+00:00,2026-02-11 03:00:00,2,4,0.9039312799771627,1,2026-02-10 10:00:00+00:00,True,False
2026-02-10 18:00:00+00:00,2026-02-10 23:00:00+00:00,2026-02-11 04:00:00,2,5,0.7724077900250753,1,2026-02-10 11:00:00+00:00,True,False
2026-02-10 18:00:00+00:00,2026-02-11 00:00:00+00:00,2026-02-11 05:00:00,2,6,0.3111951599518458,1,2026-02-10 12:00:00+00:00,True,False
2026-02-10 18:00:00+00:00,2026-02-11 01:00:00+00:00,2026-02-11 06:00:00,2,7,0.026224272325634956,1,2026-02-10 13:00:00+00:00,True,False
2026-02-10 18:00:00+00:00,2026-02-11 02:00:00+00:00,2026-02-11 07:00:00,2,8,0.015305080451071262,1,2026-02-10 14:00:00+00:00,True,False
2026-02-10 18:00:00+00:00,2026-02-11 03:00:00+00:00,2026-02-11 08:00:00,2,9,0.044194321458538376,1,2026-02-10 15:00:00+00:00,True,False
2026-02-10 18:00:00+00:00,2026-02-11 04:00:00+00:00,2026-02-11 09:00:00,2,10,0.04310135543346405,1,2026-02-10 16:00:00+00:00,True,False
2026-02-10 18:00:00+00:00,2026-02-11 05:00:00+00:00,2026-02-11 10:00:00,2,11,0.16872525463501611,1,2026-02-10 17:00:00+00:00,True,False
2026-02-10 18:00:00+00:00,2026-02-11 06:00:00+00:00,2026-02-11 11:00:00,2,12,0.7537921667098999,1,2026-02-10 18:00:00+00:00,True,False
2026-02-10 18:00:00+00:00,2026-02-11 07:00:00+00:00,2026-02-11 12:00:00,2,13,0.8426249225934347,2,2026-02-09 19:00:00+00:00,True,False
2026-02-10 18:00:00+00:00,2026-02-11 08:00:00+00:00,2026-02-11 13:00:00,2,14,0.3156307289997737,2,2026-02-09 20:00:00+00:00,True,False
2026-02-10 18:00:00+00:00,2026-02-11 09:00:00+00:00,2026-02-11 14:00:00,2,15,0.2821834509571393,2,2026-02-09 21:00:00+00:00,True,False
2026-02-10 18:00:00+00:00,2026-02-11 10:00:00+00:00,2026-02-11 15:00:00,2,16,0.279550905028979,2,2026-02-09 22:00:00+00:00,True,False
2026-02-10 18:00:00+00:00,2026-02-11 11:00:00+00:00,2026-02-11 16:00:00,2,17,0.44928508003552753,2,2026-02-09 23:00:00+00:00,True,False
2026-02-10 18:00:00+00:00,2026-02-11 12:00:00+00:00,2026-02-11 17:00:00,2,18,0.9731038014094034,2,2026-02-10 00:00:00+00:00,True,False
2026-02-10 18:00:00+00:00,2026-02-11 13:00:00+00:00,2026-02-11 18:00:00,2,19,0.9563077886899313,2,2026-02-10 01:00:00+00:00,True,False
2026-02-10 18:00:00+00:00,2026-02-11 14:00:00+00:00,2026-02-11 19:00:00,2,20,0.9641093611717224,2,2026-02-10 02:00:00+00:00,True,False
2026-02-10 18:00:00+00:00,2026-02-11 15:00:00+00:00,2026-02-11 20:00:00,2,21,0.9532179633776346,2,2026-02-10 03:00:00+00:00,True,False
2026-02-10 18:00:00+00:00,2026-02-11 16:00:00+00:00,2026-02-11 21:00:00,2,22,0.917999804019928,2,2026-02-10 04:00:00+00:00,True,False
2026-02-10 18:00:00+00:00,2026-02-11 17:00:00+00:00,2026-02-11 22:00:00,2,23,0.8771453301111857,2,2026-02-10 05:00:00+00:00,True,False
2026-02-10 18:00:00+00:00,2026-02-11 18:00:00+00:00,2026-02-11 23:00:00,2,24,0.6598162452379862,2,2026-02-10 06:00:00+00:00,True,False
2026-02-10 18:00:00+00:00,2026-02-11 19:00:00+00:00,2026-02-12 00:00:00,2,25,0.7612815499305725,2,2026-02-10 07:00:00+00:00,True,False
2026-02-10 18:00:00+00:00,2026-02-11 20:00:00+00:00,2026-02-12 01:00:00,2,26,0.7732178568840027,2,2026-02-10 08:00:00+00:00,True,False
2026-02-10 18:00:00+00:00,2026-02-11 21:00:00+00:00,2026-02-12 02:00:00,2,27,0.6453704635302225,2,2026-02-10 09:00:00+00:00,True,False
2026-02-10 18:00:00+00:00,2026-02-11 22:00:00+00:00,2026-02-12 03:00:00,2,28,0.5378736654917399,2,2026-02-10 10:00:00+00:00,True,False
2026-02-10 18:00:00+00:00,2026-02-11 23:00:00+00:00,2026-02-12 04:00:00,2,29,0.495978315671285,2,2026-02-10 11:00:00+00:00,True,False
2026-02-10 18:00:00+00:00,2026-02-12 00:00:00+00:00,2026-02-12 05:00:00,2,30,0.3991365432739258,2,2026-02-10 12:00:00+00:00,True,False
2026-02-10 18:00:00+00:00,2026-02-12 01:00:00+00:00,2026-02-12 06:00:00,2,31,0.16463182618220648,2,2026-02-10 13:00:00+00:00,True,False
2026-02-10 18:00:00+00:00,2026-02-12 02:00:00+00:00,2026-02-12 07:00:00,2,32,0.07831827799479167,2,2026-02-10 14:00:00+00:00,True,False
2026-02-10 18:00:00+00:00,2026-02-12 03:00:00+00:00,2026-02-12 08:00:00,2,33,0.045736720164616905,2,2026-02-10 15:00:00+00:00,True,False
2026-02-10 18:00:00+00:00,2026-02-12 04:00:00+00:00,2026-02-12 09:00:00,2,34,0.03200123831629753,2,2026-02-10 16:00:00+00:00,True,False
2026-02-10 18:00:00+00:00,2026-02-12 05:00:00+00:00,2026-02-12 10:00:00,2,35,0.02475195067624251,2,2026-02-10 17:00:00+00:00,True,False
2026-02-10 18:00:00+00:00,2026-02-12 06:00:00+00:00,2026-02-12 11:00:00,2,36,0.018531692524751026,2,2026-02-10 18:00:00+00:00,True,False
2026-02-10 18:00:00+00:00,2026-02-12 07:00:00+00:00,2026-02-12 12:00:00,2,37,0.017618770400683086,3,2026-02-09 19:00:00+00:00,True,False
2026-02-10 18:00:00+00:00,2026-02-12 08:00:00+00:00,2026-02-12 13:00:00,2,38,0.023386741988360882,3,2026-02-09 20:00:00+00:00,True,False
2026-02-10 18:00:00+00:00,2026-02-12 09:00:00+00:00,2026-02-12 14:00:00,2,39,0.04057144125302633,3,2026-02-09 21:00:00+00:00,True,False
2026-02-10 18:00:00+00:00,2026-02-12 10:00:00+00:00,2026-02-12 15:00:00,2,40,0.06092989072203636,3,2026-02-09 22:00:00+00:00,True,False
2026-02-10 18:00:00+00:00,2026-02-12 11:00:00+00:00,2026-02-12 16:00:00,2,41,0.11902570227781932,3,2026-02-09 23:00:00+00:00,True,False
2026-02-10 18:00:00+00:00,2026-02-12 12:00:00+00:00,2026-02-12 17:00:00,2,42,0.4360616405804952,3,2026-02-10 00:00:00+00:00,True,False
2026-02-10 18:00:00+00:00,2026-02-12 13:00:00+00:00,2026-02-12 18:00:00,2,43,0.4733291069666545,3,2026-02-10 01:00:00+00:00,True,False
2026-02-10 18:00:00+00:00,2026-02-12 14:00:00+00:00,2026-02-12 19:00:00,2,44,0.3374880601962407,3,2026-02-10 02:00:00+00:00,True,False
2026-02-10 18:00:00+00:00,2026-02-12 15:00:00+00:00,2026-02-12 20:00:00,2,45,0.22044426202774048,3,2026-02-10 03:00:00+00:00,True,False
2026-02-10 18:00:00+00:00,2026-02-12 16:00:00+00:00,2026-02-12 21:00:00,2,46,0.18591093023618063,3,2026-02-10 04:00:00+00:00,True,False
2026-02-10 18:00:00+00:00,2026-02-12 17:00:00+00:00,2026-02-12 22:00:00,2,47,0.12564434359471002,3,2026-02-10 05:00:00+00:00,True,False
2026-02-10 18:00:00+00:00,2026-02-12 18:00:00+00:00,2026-02-12 23:00:00,2,48,0.03841711146136125,3,2026-02-10 06:00:00+00:00,True,False
2026-02-11 18:00:00+00:00,2026-02-11 19:00:00+00:00,2026-02-12 00:00:00,1,1,0.4352410137653351,1,2026-02-11 07:00:00+00:00,True,False
2026-02-11 18:00:00+00:00,2026-02-11 20:00:00+00:00,2026-02-12 01:00:00,1,2,0.5948707660039266,1,2026-02-11 08:00:00+00:00,True,False
2026-02-11 18:00:00+00:00,2026-02-11 21:00:00+00:00,2026-02-12 02:00:00,1,3,0.6007977326711019,1,2026-02-11 09:00:00+00:00,True,False
2026-02-11 18:00:00+00:00,2026-02-11 22:00:00+00:00,2026-02-12 03:00:00,1,4,0.5517293214797974,1,2026-02-11 10:00:00+00:00,True,False
2026-02-11 18:00:00+00:00,2026-02-11 23:00:00+00:00,2026-02-12 04:00:00,1,5,0.39825066924095154,1,2026-02-11 11:00:00+00:00,True,False
2026-02-11 18:00:00+00:00,2026-02-12 00:00:00+00:00,2026-02-12 05:00:00,1,6,0.058553641041119896,1,2026-02-11 12:00:00+00:00,True,False
2026-02-11 18:00:00+00:00,2026-02-12 01:00:00+00:00,2026-02-12 06:00:00,1,7,0.043701475486159325,1,2026-02-11 13:00:00+00:00,True,False
2026-02-11 18:00:00+00:00,2026-02-12 02:00:00+00:00,2026-02-12 07:00:00,1,8,0.027270735551913578,1,2026-02-11 14:00:00+00:00,True,False
2026-02-11 18:00:00+00:00,2026-02-12 03:00:00+00:00,2026-02-12 08:00:00,1,9,0.025512911689778168,1,2026-02-11 15:00:00+00:00,True,False
2026-02-11 18:00:00+00:00,2026-02-12 04:00:00+00:00,2026-02-12 09:00:00,1,10,0.02291332231834531,1,2026-02-11 16:00:00+00:00,True,False
2026-02-11 18:00:00+00:00,2026-02-12 05:00:00+00:00,2026-02-12 10:00:00,1,11,0.019080741020540398,1,2026-02-11 17:00:00+00:00,True,False
2026-02-11 18:00:00+00:00,2026-02-12 06:00:00+00:00,2026-02-12 11:00:00,1,12,0.07121179873744647,1,2026-02-11 18:00:00+00:00,True,False
2026-02-11 18:00:00+00:00,2026-02-12 07:00:00+00:00,2026-02-12 12:00:00,1,13,0.02077385162313779,2,2026-02-10 19:00:00+00:00,True,False
2026-02-11 18:00:00+00:00,2026-02-12 08:00:00+00:00,2026-02-12 13:00:00,1,14,0.022184504196047783,2,2026-02-10 20:00:00+00:00,True,False
2026-02-11 18:00:00+00:00,2026-02-12 09:00:00+00:00,2026-02-12 14:00:00,1,15,0.0292946541061004,2,2026-02-10 21:00:00+00:00,True,False
2026-02-11 18:00:00+00:00,2026-02-12 10:00:00+00:00,2026-02-12 15:00:00,1,16,0.03727248559395472,2,2026-02-10 22:00:00+00:00,True,False
2026-02-11 18:00:00+00:00,2026-02-12 11:00:00+00:00,2026-02-12 16:00:00,1,17,0.051226710279782615,2,2026-02-10 23:00:00+00:00,True,False
2026-02-11 18:00:00+00:00,2026-02-12 12:00:00+00:00,2026-02-12 17:00:00,1,18,0.06033846487601598,2,2026-02-11 00:00:00+00:00,True,False
2026-02-11 18:00:00+00:00,2026-02-12 13:00:00+00:00,2026-02-12 18:00:00,1,19,0.08977329234282176,2,2026-02-11 01:00:00+00:00,True,False
2026-02-11 18:00:00+00:00,2026-02-12 14:00:00+00:00,2026-02-12 19:00:00,1,20,0.1346622829635938,2,2026-02-11 02:00:00+00:00,True,False
2026-02-11 18:00:00+00:00,2026-02-12 15:00:00+00:00,2026-02-12 20:00:00,1,21,0.18083612620830536,2,2026-02-11 03:00:00+00:00,True,False
2026-02-11 18:00:00+00:00,2026-02-12 16:00:00+00:00,2026-02-12 21:00:00,1,22,0.31164095799128216,2,2026-02-11 04:00:00+00:00,True,False
2026-02-11 18:00:00+00:00,2026-02-12 17:00:00+00:00,2026-02-12 22:00:00,1,23,0.4533642331759135,2,2026-02-11 05:00:00+00:00,True,False
2026-02-11 18:00:00+00:00,2026-02-12 18:00:00+00:00,2026-02-12 23:00:00,1,24,0.324893057346344,2,2026-02-11 06:00:00+00:00,True,False
2026-02-11 18:00:00+00:00,2026-02-12 19:00:00+00:00,2026-02-13 00:00:00,1,25,0.3151368498802185,2,2026-02-11 07:00:00+00:00,True,False
2026-02-11 18:00:00+00:00,2026-02-12 20:00:00+00:00,2026-02-13 01:00:00,1,26,0.22904103497664133,2,2026-02-11 08:00:00+00:00,True,False
2026-02-11 18:00:00+00:00,2026-02-12 21:00:00+00:00,2026-02-13 02:00:00,1,27,0.13887267063061395,2,2026-02-11 09:00:00+00:00,True,False
2026-02-11 18:00:00+00:00,2026-02-12 22:00:00+00:00,2026-02-13 03:00:00,1,28,0.11052536716063817,2,2026-02-11 10:00:00+00:00,True,False
2026-02-11 18:00:00+00:00,2026-02-12 23:00:00+00:00,2026-02-13 04:00:00,1,29,0.0810726781686147,2,2026-02-11 11:00:00+00:00,True,False
2026-02-11 18:00:00+00:00,2026-02-13 00:00:00+00:00,2026-02-13 05:00:00,1,30,0.05956559410939614,2,2026-02-11 12:00:00+00:00,True,False
2026-02-11 18:00:00+00:00,2026-02-13 01:00:00+00:00,2026-02-13 06:00:00,1,31,0.04885291370252768,2,2026-02-11 13:00:00+00:00,True,False
2026-02-11 18:00:00+00:00,2026-02-13 02:00:00+00:00,2026-02-13 07:00:00,1,32,0.04124239304413398,2,2026-02-11 14:00:00+00:00,True,False
2026-02-11 18:00:00+00:00,2026-02-13 03:00:00+00:00,2026-02-13 08:00:00,1,33,0.034022108341256775,2,2026-02-11 15:00:00+00:00,True,False
2026-02-11 18:00:00+00:00,2026-02-13 04:00:00+00:00,2026-02-13 09:00:00,1,34,0.03208113337556521,2,2026-02-11 16:00:00+00:00,True,False
2026-02-11 18:00:00+00:00,2026-02-13 05:00:00+00:00,2026-02-13 10:00:00,1,35,0.02464795485138893,2,2026-02-11 17:00:00+00:00,True,False
2026-02-11 18:00:00+00:00,2026-02-13 06:00:00+00:00,2026-02-13 11:00:00,1,36,0.02435850352048874,2,2026-02-11 18:00:00+00:00,True,False
2026-02-11 18:00:00+00:00,2026-02-13 07:00:00+00:00,2026-02-13 12:00:00,1,37,0.03995175659656525,3,2026-02-10 19:00:00+00:00,True,False
2026-02-11 18:00:00+00:00,2026-02-13 08:00:00+00:00,2026-02-13 13:00:00,1,38,0.03671885964771112,3,2026-02-10 20:00:00+00:00,True,False
2026-02-11 18:00:00+00:00,2026-02-13 09:00:00+00:00,2026-02-13 14:00:00,1,39,0.06825271745522817,3,2026-02-10 21:00:00+00:00,True,False
2026-02-11 18:00:00+00:00,2026-02-13 10:00:00+00:00,2026-02-13 15:00:00,1,40,0.07931228975454967,3,2026-02-10 22:00:00+00:00,True,False
2026-02-11 18:00:00+00:00,2026-02-13 11:00:00+00:00,2026-02-13 16:00:00,1,41,0.08972214162349701,3,2026-02-10 23:00:00+00:00,True,False
2026-02-11 18:00:00+00:00,2026-02-13 12:00:00+00:00,2026-02-13 17:00:00,1,42,0.05805599316954613,3,2026-02-11 00:00:00+00:00,True,False
2026-02-11 18:00:00+00:00,2026-02-13 13:00:00+00:00,2026-02-13 18:00:00,1,43,0.047000762075185776,3,2026-02-11 01:00:00+00:00,True,False
2026-02-11 18:00:00+00:00,2026-02-13 14:00:00+00:00,2026-02-13 19:00:00,1,44,0.06530478286246459,3,2026-02-11 02:00:00+00:00,True,False
2026-02-11 18:00:00+00:00,2026-02-13 15:00:00+00:00,2026-02-13 20:00:00,1,45,0.055428496251503624,3,2026-02-11 03:00:00+00:00,True,False
2026-02-11 18:00:00+00:00,2026-02-13 16:00:00+00:00,2026-02-13 21:00:00,1,46,0.07093159233530362,3,2026-02-11 04:00:00+00:00,True,False
2026-02-11 18:00:00+00:00,2026-02-13 17:00:00+00:00,2026-02-13 22:00:00,1,47,0.09911387662092845,3,2026-02-11 05:00:00+00:00,True,False
2026-02-11 18:00:00+00:00,2026-02-13 18:00:00+00:00,2026-02-13 23:00:00,1,48,0.08657217025756836,3,2026-02-11 06:00:00+00:00,True,False
2026-02-11 18:00:00+00:00,2026-02-11 19:00:00+00:00,2026-02-12 00:00:00,2,1,0.4479368229707082,1,2026-02-11 07:00:00+00:00,True,False
2026-02-11 18:00:00+00:00,2026-02-11 20:00:00+00:00,2026-02-12 01:00:00,2,2,0.6180250446001688,1,2026-02-11 08:00:00+00:00,True,False
2026-02-11 18:00:00+00:00,2026-02-11 21:00:00+00:00,2026-02-12 02:00:00,2,3,0.6141462127367655,1,2026-02-11 09:00:00+00:00,True,False
2026-02-11 18:00:00+00:00,2026-02-11 22:00:00+00:00,2026-02-12 03:00:00,2,4,0.5557823777198792,1,2026-02-11 10:00:00+00:00,True,False
2026-02-11 18:00:00+00:00,2026-02-11 23:00:00+00:00,2026-02-12 04:00:00,2,5,0.3832427461942037,1,2026-02-11 11:00:00+00:00,True,False
2026-02-11 18:00:00+00:00,2026-02-12 00:00:00+00:00,2026-02-12 05:00:00,2,6,0.05928721403082212,1,2026-02-11 12:00:00+00:00,True,False
2026-02-11 18:00:00+00:00,2026-02-12 01:00:00+00:00,2026-02-12 06:00:00,2,7,0.04555309750139713,1,2026-02-11 13:00:00+00:00,True,False
2026-02-11 18:00:00+00:00,2026-02-12 02:00:00+00:00,2026-02-12 07:00:00,2,8,0.02736949734389782,1,2026-02-11 14:00:00+00:00,True,False
2026-02-11 18:00:00+00:00,2026-02-12 03:00:00+00:00,2026-02-12 08:00:00,2,9,0.02675244677811861,1,2026-02-11 15:00:00+00:00,True,False
2026-02-11 18:00:00+00:00,2026-02-12 04:00:00+00:00,2026-02-12 09:00:00,2,10,0.022100947642078,1,2026-02-11 16:00:00+00:00,True,False
2026-02-11 18:00:00+00:00,2026-02-12 05:00:00+00:00,2026-02-12 10:00:00,2,11,0.01862979882086317,1,2026-02-11 17:00:00+00:00,True,False
2026-02-11 18:00:00+00:00,2026-02-12 06:00:00+00:00,2026-02-12 11:00:00,2,12,0.06601719309886296,1,2026-02-11 18:00:00+00:00,True,False
2026-02-11 18:00:00+00:00,2026-02-12 07:00:00+00:00,2026-02-12 12:00:00,2,13,0.020749576079348724,2,2026-02-10 19:00:00+00:00,True,False
2026-02-11 18:00:00+00:00,2026-02-12 08:00:00+00:00,2026-02-12 13:00:00,2,14,0.02342171035706997,2,2026-02-10 20:00:00+00:00,True,False
2026-02-11 18:00:00+00:00,2026-02-12 09:00:00+00:00,2026-02-12 14:00:00,2,15,0.028411826118826866,2,2026-02-10 21:00:00+00:00,True,False
2026-02-11 18:00:00+00:00,2026-02-12 10:00:00+00:00,2026-02-12 15:00:00,2,16,0.034821598480145134,2,2026-02-10 22:00:00+00:00,True,False
2026-02-11 18:00:00+00:00,2026-02-12 11:00:00+00:00,2026-02-12 16:00:00,2,17,0.04969383776187897,2,2026-02-10 23:00:00+00:00,True,False
2026-02-11 18:00:00+00:00,2026-02-12 12:00:00+00:00,2026-02-12 17:00:00,2,18,0.06083519632617632,2,2026-02-11 00:00:00+00:00,True,False
2026-02-11 18:00:00+00:00,2026-02-12 13:00:00+00:00,2026-02-12 18:00:00,2,19,0.09066252410411835,2,2026-02-11 01:00:00+00:00,True,False
2026-02-11 18:00:00+00:00,2026-02-12 14:00:00+00:00,2026-02-12 19:00:00,2,20,0.14359748115142187,2,2026-02-11 02:00:00+00:00,True,False
2026-02-11 18:00:00+00:00,2026-02-12 15:00:00+00:00,2026-02-12 20:00:00,2,21,0.18164395789305368,2,2026-02-11 03:00:00+00:00,True,False
2026-02-11 18:00:00+00:00,2026-02-12 16:00:00+00:00,2026-02-12 21:00:00,2,22,0.3176609476407369,2,2026-02-11 04:00:00+00:00,True,False
2026-02-11 18:00:00+00:00,2026-02-12 17:00:00+00:00,2026-02-12 22:00:00,2,23,0.46352992455164593,2,2026-02-11 05:00:00+00:00,True,False
2026-02-11 18:00:00+00:00,2026-02-12 18:00:00+00:00,2026-02-12 23:00:00,2,24,0.3425998091697693,2,2026-02-11 06:00:00+00:00,True,False
2026-02-11 18:00:00+00:00,2026-02-12 19:00:00+00:00,2026-02-13 00:00:00,2,25,0.34085266788800556,2,2026-02-11 07:00:00+00:00,True,False
2026-02-11 18:00:00+00:00,2026-02-12 20:00:00+00:00,2026-02-13 01:00:00,2,26,0.2424885332584381,2,2026-02-11 08:00:00+00:00,True,False
2026-02-11 18:00:00+00:00,2026-02-12 21:00:00+00:00,2026-02-13 02:00:00,2,27,0.14177068322896957,2,2026-02-11 09:00:00+00:00,True,False
2026-02-11 18:00:00+00:00,2026-02-12 22:00:00+00:00,2026-02-13 03:00:00,2,28,0.10138307139277458,2,2026-02-11 10:00:00+00:00,True,False
2026-02-11 18:00:00+00:00,2026-02-12 23:00:00+00:00,2026-02-13 04:00:00,2,29,0.0713833359380563,2,2026-02-11 11:00:00+00:00,True,False
2026-02-11 18:00:00+00:00,2026-02-13 00:00:00+00:00,2026-02-13 05:00:00,2,30,0.05074386236568292,2,2026-02-11 12:00:00+00:00,True,False
2026-02-11 18:00:00+00:00,2026-02-13 01:00:00+00:00,2026-02-13 06:00:00,2,31,0.04045002659161886,2,2026-02-11 13:00:00+00:00,True,False
2026-02-11 18:00:00+00:00,2026-02-13 02:00:00+00:00,2026-02-13 07:00:00,2,32,0.03466468583792448,2,2026-02-11 14:00:00+00:00,True,False
2026-02-11 18:00:00+00:00,2026-02-13 03:00:00+00:00,2026-02-13 08:00:00,2,33,0.03094093408435583,2,2026-02-11 15:00:00+00:00,True,False
2026-02-11 18:00:00+00:00,2026-02-13 04:00:00+00:00,2026-02-13 09:00:00,2,34,0.028583285088340443,2,2026-02-11 16:00:00+00:00,True,False
2026-02-11 18:00:00+00:00,2026-02-13 05:00:00+00:00,2026-02-13 10:00:00,2,35,0.022436886560171843,2,2026-02-11 17:00:00+00:00,True,False
2026-02-11 18:00:00+00:00,2026-02-13 06:00:00+00:00,2026-02-13 11:00:00,2,36,0.02330426514769594,2,2026-02-11 18:00:00+00:00,True,False
2026-02-11 18:00:00+00:00,2026-02-13 07:00:00+00:00,2026-02-13 12:00:00,2,37,0.03860964377721151,3,2026-02-10 19:00:00+00:00,True,False
2026-02-11 18:00:00+00:00,2026-02-13 08:00:00+00:00,2026-02-13 13:00:00,2,38,0.03835286758840084,3,2026-02-10 20:00:00+00:00,True,False
2026-02-11 18:00:00+00:00,2026-02-13 09:00:00+00:00,2026-02-13 14:00:00,2,39,0.07405922810236613,3,2026-02-10 21:00:00+00:00,True,False
2026-02-11 18:00:00+00:00,2026-02-13 10:00:00+00:00,2026-02-13 15:00:00,2,40,0.08184297134478886,3,2026-02-10 22:00:00+00:00,True,False
2026-02-11 18:00:00+00:00,2026-02-13 11:00:00+00:00,2026-02-13 16:00:00,2,41,0.09447713196277618,3,2026-02-10 23:00:00+00:00,True,False
2026-02-11 18:00:00+00:00,2026-02-13 12:00:00+00:00,2026-02-13 17:00:00,2,42,0.05974019691348076,3,2026-02-11 00:00:00+00:00,True,False
2026-02-11 18:00:00+00:00,2026-02-13 13:00:00+00:00,2026-02-13 18:00:00,2,43,0.04763653750220934,3,2026-02-11 01:00:00+00:00,True,False
2026-02-11 18:00:00+00:00,2026-02-13 14:00:00+00:00,2026-02-13 19:00:00,2,44,0.07122863704959552,3,2026-02-11 02:00:00+00:00,True,False
2026-02-11 18:00:00+00:00,2026-02-13 15:00:00+00:00,2026-02-13 20:00:00,2,45,0.05039117981990179,3,2026-02-11 03:00:00+00:00,True,False
2026-02-11 18:00:00+00:00,2026-02-13 16:00:00+00:00,2026-02-13 21:00:00,2,46,0.06710991139213245,3,2026-02-11 04:00:00+00:00,True,False
2026-02-11 18:00:00+00:00,2026-02-13 17:00:00+00:00,2026-02-13 22:00:00,2,47,0.09229198594888051,3,2026-02-11 05:00:00+00:00,True,False
2026-02-11 18:00:00+00:00,2026-02-13 18:00:00+00:00,2026-02-13 23:00:00,2,48,0.0810180480281512,3,2026-02-11 06:00:00+00:00,True,False
2026-02-12 18:00:00+00:00,2026-02-12 19:00:00+00:00,2026-02-13 00:00:00,1,1,0.0457419715821743,1,2026-02-12 07:00:00+00:00,True,False
2026-02-12 18:00:00+00:00,2026-02-12 20:00:00+00:00,2026-02-13 01:00:00,1,2,0.02408595724652211,1,2026-02-12 08:00:00+00:00,True,False
2026-02-12 18:00:00+00:00,2026-02-12 21:00:00+00:00,2026-02-13 02:00:00,1,3,0.03084275747338931,1,2026-02-12 09:00:00+00:00,True,False
2026-02-12 18:00:00+00:00,2026-02-12 22:00:00+00:00,2026-02-13 03:00:00,1,4,0.019336970212558906,1,2026-02-12 10:00:00+00:00,True,False
2026-02-12 18:00:00+00:00,2026-02-12 23:00:00+00:00,2026-02-13 04:00:00,1,5,0.018169956126560766,1,2026-02-12 11:00:00+00:00,True,False
2026-02-12 18:00:00+00:00,2026-02-13 00:00:00+00:00,2026-02-13 05:00:00,1,6,0.043908292117218174,1,2026-02-12 12:00:00+00:00,True,False
2026-02-12 18:00:00+00:00,2026-02-13 01:00:00+00:00,2026-02-13 06:00:00,1,7,0.03202913018564383,1,2026-02-12 13:00:00+00:00,True,False
2026-02-12 18:00:00+00:00,2026-02-13 02:00:00+00:00,2026-02-13 07:00:00,1,8,0.019655450247228146,1,2026-02-12 14:00:00+00:00,True,False
2026-02-12 18:00:00+00:00,2026-02-13 03:00:00+00:00,2026-02-13 08:00:00,1,9,0.02270498250921567,1,2026-02-12 15:00:00+00:00,True,False
2026-02-12 18:00:00+00:00,2026-02-13 04:00:00+00:00,2026-02-13 09:00:00,1,10,0.02680331313361724,1,2026-02-12 16:00:00+00:00,True,False
2026-02-12 18:00:00+00:00,2026-02-13 05:00:00+00:00,2026-02-13 10:00:00,1,11,0.07614413027962048,1,2026-02-12 17:00:00+00:00,True,False
2026-02-12 18:00:00+00:00,2026-02-13 06:00:00+00:00,2026-02-13 11:00:00,1,12,0.051779756943384804,1,2026-02-12 18:00:00+00:00,True,False
2026-02-12 18:00:00+00:00,2026-02-13 07:00:00+00:00,2026-02-13 12:00:00,1,13,0.029411845840513706,2,2026-02-11 19:00:00+00:00,True,False
2026-02-12 18:00:00+00:00,2026-02-13 08:00:00+00:00,2026-02-13 13:00:00,1,14,0.031698641988138355,2,2026-02-11 20:00:00+00:00,True,False
2026-02-12 18:00:00+00:00,2026-02-13 09:00:00+00:00,2026-02-13 14:00:00,1,15,0.033447398183246456,2,2026-02-11 21:00:00+00:00,True,False
2026-02-12 18:00:00+00:00,2026-02-13 10:00:00+00:00,2026-02-13 15:00:00,1,16,0.03792620419214169,2,2026-02-11 22:00:00+00:00,True,False
2026-02-12 18:00:00+00:00,2026-02-13 11:00:00+00:00,2026-02-13 16:00:00,1,17,0.049893151658276715,2,2026-02-11 23:00:00+00:00,True,False
2026-02-12 18:00:00+00:00,2026-02-13 12:00:00+00:00,2026-02-13 17:00:00,1,18,0.03757217526435852,2,2026-02-12 00:00:00+00:00,True,False
2026-02-12 18:00:00+00:00,2026-02-13 13:00:00+00:00,2026-02-13 18:00:00,1,19,0.022097789992888767,2,2026-02-12 01:00:00+00:00,True,False
2026-02-12 18:00:00+00:00,2026-02-13 14:00:00+00:00,2026-02-13 19:00:00,1,20,0.04058976533512274,2,2026-02-12 02:00:00+00:00,True,False
2026-02-12 18:00:00+00:00,2026-02-13 15:00:00+00:00,2026-02-13 20:00:00,1,21,0.0294914236292243,2,2026-02-12 03:00:00+00:00,True,False
2026-02-12 18:00:00+00:00,2026-02-13 16:00:00+00:00,2026-02-13 21:00:00,1,22,0.05158447722593943,2,2026-02-12 04:00:00+00:00,True,False
2026-02-12 18:00:00+00:00,2026-02-13 17:00:00+00:00,2026-02-13 22:00:00,1,23,0.10302416980266571,2,2026-02-12 05:00:00+00:00,True,False
2026-02-12 18:00:00+00:00,2026-02-13 18:00:00+00:00,2026-02-13 23:00:00,1,24,0.22988579670588175,2,2026-02-12 06:00:00+00:00,True,False
2026-02-12 18:00:00+00:00,2026-02-13 19:00:00+00:00,2026-02-14 00:00:00,1,25,0.2989893853664398,2,2026-02-12 07:00:00+00:00,True,False
2026-02-12 18:00:00+00:00,2026-02-13 20:00:00+00:00,2026-02-14 01:00:00,1,26,0.4058632055918376,2,2026-02-12 08:00:00+00:00,True,False
2026-02-12 18:00:00+00:00,2026-02-13 21:00:00+00:00,2026-02-14 02:00:00,1,27,0.48358940084775287,2,2026-02-12 09:00:00+00:00,True,False
2026-02-12 18:00:00+00:00,2026-02-13 22:00:00+00:00,2026-02-14 03:00:00,1,28,0.5707877477010092,2,2026-02-12 10:00:00+00:00,True,False
2026-02-12 18:00:00+00:00,2026-02-13 23:00:00+00:00,2026-02-14 04:00:00,1,29,0.4870551824569702,2,2026-02-12 11:00:00+00:00,True,False
2026-02-12 18:00:00+00:00,2026-02-14 00:00:00+00:00,2026-02-14 05:00:00,1,30,0.41779160499572754,2,2026-02-12 12:00:00+00:00,True,False
2026-02-12 18:00:00+00:00,2026-02-14 01:00:00+00:00,2026-02-14 06:00:00,1,31,0.3708883921305339,2,2026-02-12 13:00:00+00:00,True,False
2026-02-12 18:00:00+00:00,2026-02-14 02:00:00+00:00,2026-02-14 07:00:00,1,32,0.30605649948120117,2,2026-02-12 14:00:00+00:00,True,False
2026-02-12 18:00:00+00:00,2026-02-14 03:00:00+00:00,2026-02-14 08:00:00,1,33,0.1302672103047371,2,2026-02-12 15:00:00+00:00,True,False
2026-02-12 18:00:00+00:00,2026-02-14 04:00:00+00:00,2026-02-14 09:00:00,1,34,0.09954812377691269,2,2026-02-12 16:00:00+00:00,True,False
2026-02-12 18:00:00+00:00,2026-02-14 05:00:00+00:00,2026-02-14 10:00:00,1,35,0.09955902645985286,2,2026-02-12 17:00:00+00:00,True,False
2026-02-12 18:00:00+00:00,2026-02-14 06:00:00+00:00,2026-02-14 11:00:00,1,36,0.17122842371463776,2,2026-02-12 18:00:00+00:00,True,False
2026-02-12 18:00:00+00:00,2026-02-14 07:00:00+00:00,2026-02-14 12:00:00,1,37,0.334966500600179,3,2026-02-11 19:00:00+00:00,True,False
2026-02-12 18:00:00+00:00,2026-02-14 08:00:00+00:00,2026-02-14 13:00:00,1,38,0.2795867323875427,3,2026-02-11 20:00:00+00:00,True,False
2026-02-12 18:00:00+00:00,2026-02-14 09:00:00+00:00,2026-02-14 14:00:00,1,39,0.26313452422618866,3,2026-02-11 21:00:00+00:00,True,False
2026-02-12 18:00:00+00:00,2026-02-14 10:00:00+00:00,2026-02-14 15:00:00,1,40,0.13091712445020676,3,2026-02-11 22:00:00+00:00,True,False
2026-02-12 18:00:00+00:00,2026-02-14 11:00:00+00:00,2026-02-14 16:00:00,1,41,0.07710405066609383,3,2026-02-11 23:00:00+00:00,True,False
2026-02-12 18:00:00+00:00,2026-02-14 12:00:00+00:00,2026-02-14 17:00:00,1,42,0.27442527810732525,3,2026-02-12 00:00:00+00:00,True,False
2026-02-12 18:00:00+00:00,2026-02-14 13:00:00+00:00,2026-02-14 18:00:00,1,43,0.1358707845211029,3,2026-02-12 01:00:00+00:00,True,False
2026-02-12 18:00:00+00:00,2026-02-14 14:00:00+00:00,2026-02-14 19:00:00,1,44,0.13438135385513306,3,2026-02-12 02:00:00+00:00,True,False
2026-02-12 18:00:00+00:00,2026-02-14 15:00:00+00:00,2026-02-14 20:00:00,1,45,0.07722342759370804,3,2026-02-12 03:00:00+00:00,True,False
2026-02-12 18:00:00+00:00,2026-02-14 16:00:00+00:00,2026-02-14 21:00:00,1,46,0.06193300957481066,3,2026-02-12 04:00:00+00:00,True,False
2026-02-12 18:00:00+00:00,2026-02-14 17:00:00+00:00,2026-02-14 22:00:00,1,47,0.04643880265454451,3,2026-02-12 05:00:00+00:00,True,False
2026-02-12 18:00:00+00:00,2026-02-14 18:00:00+00:00,2026-02-14 23:00:00,1,48,0.03923144626120726,3,2026-02-12 06:00:00+00:00,True,False
2026-02-12 18:00:00+00:00,2026-02-12 19:00:00+00:00,2026-02-13 00:00:00,2,1,0.04245799748847882,1,2026-02-12 07:00:00+00:00,True,False
2026-02-12 18:00:00+00:00,2026-02-12 20:00:00+00:00,2026-02-13 01:00:00,2,2,0.022979570863147575,1,2026-02-12 08:00:00+00:00,True,False
2026-02-12 18:00:00+00:00,2026-02-12 21:00:00+00:00,2026-02-13 02:00:00,2,3,0.03038105306526025,1,2026-02-12 09:00:00+00:00,True,False
2026-02-12 18:00:00+00:00,2026-02-12 22:00:00+00:00,2026-02-13 03:00:00,2,4,0.017890374797085922,1,2026-02-12 10:00:00+00:00,True,False
2026-02-12 18:00:00+00:00,2026-02-12 23:00:00+00:00,2026-02-13 04:00:00,2,5,0.01578869189446171,1,2026-02-12 11:00:00+00:00,True,False
2026-02-12 18:00:00+00:00,2026-02-13 00:00:00+00:00,2026-02-13 05:00:00,2,6,0.039786714129149914,1,2026-02-12 12:00:00+00:00,True,False
2026-02-12 18:00:00+00:00,2026-02-13 01:00:00+00:00,2026-02-13 06:00:00,2,7,0.028674421676745016,1,2026-02-12 13:00:00+00:00,True,False
2026-02-12 18:00:00+00:00,2026-02-13 02:00:00+00:00,2026-02-13 07:00:00,2,8,0.017118474934250116,1,2026-02-12 14:00:00+00:00,True,False
2026-02-12 18:00:00+00:00,2026-02-13 03:00:00+00:00,2026-02-13 08:00:00,2,9,0.01902247266843915,1,2026-02-12 15:00:00+00:00,True,False
2026-02-12 18:00:00+00:00,2026-02-13 04:00:00+00:00,2026-02-13 09:00:00,2,10,0.022658862794439,1,2026-02-12 16:00:00+00:00,True,False
2026-02-12 18:00:00+00:00,2026-02-13 05:00:00+00:00,2026-02-13 10:00:00,2,11,0.06802543594191472,1,2026-02-12 17:00:00+00:00,True,False
2026-02-12 18:00:00+00:00,2026-02-13 06:00:00+00:00,2026-02-13 11:00:00,2,12,0.049450776229302086,1,2026-02-12 18:00:00+00:00,True,False
2026-02-12 18:00:00+00:00,2026-02-13 07:00:00+00:00,2026-02-13 12:00:00,2,13,0.02707102211813132,2,2026-02-11 19:00:00+00:00,True,False
2026-02-12 18:00:00+00:00,2026-02-13 08:00:00+00:00,2026-02-13 13:00:00,2,14,0.029759818377594154,2,2026-02-11 20:00:00+00:00,True,False
2026-02-12 18:00:00+00:00,2026-02-13 09:00:00+00:00,2026-02-13 14:00:00,2,15,0.03288938322414955,2,2026-02-11 21:00:00+00:00,True,False
2026-02-12 18:00:00+00:00,2026-02-13 10:00:00+00:00,2026-02-13 15:00:00,2,16,0.03759717041005691,2,2026-02-11 22:00:00+00:00,True,False
2026-02-12 18:00:00+00:00,2026-02-13 11:00:00+00:00,2026-02-13 16:00:00,2,17,0.0495923717195789,2,2026-02-11 23:00:00+00:00,True,False
2026-02-12 18:00:00+00:00,2026-02-13 12:00:00+00:00,2026-02-13 17:00:00,2,18,0.034787546222408615,2,2026-02-12 00:00:00+00:00,True,False
2026-02-12 18:00:00+00:00,2026-02-13 13:00:00+00:00,2026-02-13 18:00:00,2,19,0.021881002622346084,2,2026-02-12 01:00:00+00:00,True,False
2026-02-12 18:00:00+00:00,2026-02-13 14:00:00+00:00,2026-02-13 19:00:00,2,20,0.037028308026492596,2,2026-02-12 02:00:00+00:00,True,False
2026-02-12 18:00:00+00:00,2026-02-13 15:00:00+00:00,2026-02-13 20:00:00,2,21,0.028346275289853413,2,2026-02-12 03:00:00+00:00,True,False
2026-02-12 18:00:00+00:00,2026-02-13 16:00:00+00:00,2026-02-13 21:00:00,2,22,0.04533714490632216,2,2026-02-12 04:00:00+00:00,True,False
2026-02-12 18:00:00+00:00,2026-02-13 17:00:00+00:00,2026-02-13 22:00:00,2,23,0.0963028147816658,2,2026-02-12 05:00:00+00:00,True,False
2026-02-12 18:00:00+00:00,2026-02-13 18:00:00+00:00,2026-02-13 23:00:00,2,24,0.22216412921746573,2,2026-02-12 06:00:00+00:00,True,False
2026-02-12 18:00:00+00:00,2026-02-13 19:00:00+00:00,2026-02-14 00:00:00,2,25,0.28230466445287067,2,2026-02-12 07:00:00+00:00,True,False
2026-02-12 18:00:00+00:00,2026-02-13 20:00:00+00:00,2026-02-14 01:00:00,2,26,0.38487447301546734,2,2026-02-12 08:00:00+00:00,True,False
2026-02-12 18:00:00+00:00,2026-02-13 21:00:00+00:00,2026-02-14 02:00:00,2,27,0.45480700333913165,2,2026-02-12 09:00:00+00:00,True,False
2026-02-12 18:00:00+00:00,2026-02-13 22:00:00+00:00,2026-02-14 03:00:00,2,28,0.5267832179864248,2,2026-02-12 10:00:00+00:00,True,False
2026-02-12 18:00:00+00:00,2026-02-13 23:00:00+00:00,2026-02-14 04:00:00,2,29,0.44459831714630127,2,2026-02-12 11:00:00+00:00,True,False
2026-02-12 18:00:00+00:00,2026-02-14 00:00:00+00:00,2026-02-14 05:00:00,2,30,0.3789495825767517,2,2026-02-12 12:00:00+00:00,True,False
2026-02-12 18:00:00+00:00,2026-02-14 01:00:00+00:00,2026-02-14 06:00:00,2,31,0.33073416352272034,2,2026-02-12 13:00:00+00:00,True,False
2026-02-12 18:00:00+00:00,2026-02-14 02:00:00+00:00,2026-02-14 07:00:00,2,32,0.27588916818300885,2,2026-02-12 14:00:00+00:00,True,False
2026-02-12 18:00:00+00:00,2026-02-14 03:00:00+00:00,2026-02-14 08:00:00,2,33,0.12073745081822078,2,2026-02-12 15:00:00+00:00,True,False
2026-02-12 18:00:00+00:00,2026-02-14 04:00:00+00:00,2026-02-14 09:00:00,2,34,0.0939130187034607,2,2026-02-12 16:00:00+00:00,True,False
2026-02-12 18:00:00+00:00,2026-02-14 05:00:00+00:00,2026-02-14 10:00:00,2,35,0.08821728949745496,2,2026-02-12 17:00:00+00:00,True,False
2026-02-12 18:00:00+00:00,2026-02-14 06:00:00+00:00,2026-02-14 11:00:00,2,36,0.16842113186915716,2,2026-02-12 18:00:00+00:00,True,False
2026-02-12 18:00:00+00:00,2026-02-14 07:00:00+00:00,2026-02-14 12:00:00,2,37,0.33404434223969776,3,2026-02-11 19:00:00+00:00,True,False
2026-02-12 18:00:00+00:00,2026-02-14 08:00:00+00:00,2026-02-14 13:00:00,2,38,0.27343936761220294,3,2026-02-11 20:00:00+00:00,True,False
2026-02-12 18:00:00+00:00,2026-02-14 09:00:00+00:00,2026-02-14 14:00:00,2,39,0.25025735795497894,3,2026-02-11 21:00:00+00:00,True,False
2026-02-12 18:00:00+00:00,2026-02-14 10:00:00+00:00,2026-02-14 15:00:00,2,40,0.13028512398401895,3,2026-02-11 22:00:00+00:00,True,False
2026-02-12 18:00:00+00:00,2026-02-14 11:00:00+00:00,2026-02-14 16:00:00,2,41,0.08141908794641495,3,2026-02-11 23:00:00+00:00,True,False
2026-02-12 18:00:00+00:00,2026-02-14 12:00:00+00:00,2026-02-14 17:00:00,2,42,0.27127253512541455,3,2026-02-12 00:00:00+00:00,True,False
2026-02-12 18:00:00+00:00,2026-02-14 13:00:00+00:00,2026-02-14 18:00:00,2,43,0.13493670026461282,3,2026-02-12 01:00:00+00:00,True,False
2026-02-12 18:00:00+00:00,2026-02-14 14:00:00+00:00,2026-02-14 19:00:00,2,44,0.12558953215678534,3,2026-02-12 02:00:00+00:00,True,False
2026-02-12 18:00:00+00:00,2026-02-14 15:00:00+00:00,2026-02-14 20:00:00,2,45,0.0685175359249115,3,2026-02-12 03:00:00+00:00,True,False
2026-02-12 18:00:00+00:00,2026-02-14 16:00:00+00:00,2026-02-14 21:00:00,2,46,0.05745254456996918,3,2026-02-12 04:00:00+00:00,True,False
2026-02-12 18:00:00+00:00,2026-02-14 17:00:00+00:00,2026-02-14 22:00:00,2,47,0.04484563631316026,3,2026-02-12 05:00:00+00:00,True,False
2026-02-12 18:00:00+00:00,2026-02-14 18:00:00+00:00,2026-02-14 23:00:00,2,48,0.0396009503553311,3,2026-02-12 06:00:00+00:00,True,False
2026-02-13 18:00:00+00:00,2026-02-13 19:00:00+00:00,2026-02-14 00:00:00,1,1,0.4647530217965444,1,2026-02-13 07:00:00+00:00,True,False
2026-02-13 18:00:00+00:00,2026-02-13 20:00:00+00:00,2026-02-14 01:00:00,1,2,0.838111162185669,1,2026-02-13 08:00:00+00:00,True,False
2026-02-13 18:00:00+00:00,2026-02-13 21:00:00+00:00,2026-02-14 02:00:00,1,3,0.7130837241808573,1,2026-02-13 09:00:00+00:00,True,False
2026-02-13 18:00:00+00:00,2026-02-13 22:00:00+00:00,2026-02-14 03:00:00,1,4,0.5762888789176941,1,2026-02-13 10:00:00+00:00,True,False
2026-02-13 18:00:00+00:00,2026-02-13 23:00:00+00:00,2026-02-14 04:00:00,1,5,0.593638281027476,1,2026-02-13 11:00:00+00:00,True,False
2026-02-13 18:00:00+00:00,2026-02-14 00:00:00+00:00,2026-02-14 05:00:00,1,6,0.1727204074462255,1,2026-02-13 12:00:00+00:00,True,False
2026-02-13 18:00:00+00:00,2026-02-14 01:00:00+00:00,2026-02-14 06:00:00,1,7,0.12636124094327292,1,2026-02-13 13:00:00+00:00,True,False
2026-02-13 18:00:00+00:00,2026-02-14 02:00:00+00:00,2026-02-14 07:00:00,1,8,0.10074809938669205,1,2026-02-13 14:00:00+00:00,True,False
2026-02-13 18:00:00+00:00,2026-02-14 03:00:00+00:00,2026-02-14 08:00:00,1,9,0.06600834180911382,1,2026-02-13 15:00:00+00:00,True,False
2026-02-13 18:00:00+00:00,2026-02-14 04:00:00+00:00,2026-02-14 09:00:00,1,10,0.030540624633431435,1,2026-02-13 16:00:00+00:00,True,False
2026-02-13 18:00:00+00:00,2026-02-14 05:00:00+00:00,2026-02-14 10:00:00,1,11,0.02881886065006256,1,2026-02-13 17:00:00+00:00,True,False
2026-02-13 18:00:00+00:00,2026-02-14 06:00:00+00:00,2026-02-14 11:00:00,1,12,0.04415710394581159,1,2026-02-13 18:00:00+00:00,True,False
2026-02-13 18:00:00+00:00,2026-02-14 07:00:00+00:00,2026-02-14 12:00:00,1,13,0.27149873971939087,2,2026-02-12 19:00:00+00:00,True,False
2026-02-13 18:00:00+00:00,2026-02-14 08:00:00+00:00,2026-02-14 13:00:00,1,14,0.3525346716245015,2,2026-02-12 20:00:00+00:00,True,False
2026-02-13 18:00:00+00:00,2026-02-14 09:00:00+00:00,2026-02-14 14:00:00,1,15,0.25460393230120343,2,2026-02-12 21:00:00+00:00,True,False
2026-02-13 18:00:00+00:00,2026-02-14 10:00:00+00:00,2026-02-14 15:00:00,1,16,0.052819074441989265,2,2026-02-12 22:00:00+00:00,True,False
2026-02-13 18:00:00+00:00,2026-02-14 11:00:00+00:00,2026-02-14 16:00:00,1,17,0.10667781283458073,2,2026-02-12 23:00:00+00:00,True,False
2026-02-13 18:00:00+00:00,2026-02-14 12:00:00+00:00,2026-02-14 17:00:00,1,18,0.19207321852445602,2,2026-02-13 00:00:00+00:00,True,False
2026-02-13 18:00:00+00:00,2026-02-14 13:00:00+00:00,2026-02-14 18:00:00,1,19,0.17491931219895682,2,2026-02-13 01:00:00+00:00,True,False
2026-02-13 18:00:00+00:00,2026-02-14 14:00:00+00:00,2026-02-14 19:00:00,1,20,0.10610090692838033,2,2026-02-13 02:00:00+00:00,True,False
2026-02-13 18:00:00+00:00,2026-02-14 15:00:00+00:00,2026-02-14 20:00:00,1,21,0.08414984991153081,2,2026-02-13 03:00:00+00:00,True,False
2026-02-13 18:00:00+00:00,2026-02-14 16:00:00+00:00,2026-02-14 21:00:00,1,22,0.09007297580440839,2,2026-02-13 04:00:00+00:00,True,False
2026-02-13 18:00:00+00:00,2026-02-14 17:00:00+00:00,2026-02-14 22:00:00,1,23,0.05859614039460818,2,2026-02-13 05:00:00+00:00,True,False
2026-02-13 18:00:00+00:00,2026-02-14 18:00:00+00:00,2026-02-14 23:00:00,1,24,0.10985202590624492,2,2026-02-13 06:00:00+00:00,True,False
2026-02-13 18:00:00+00:00,2026-02-14 19:00:00+00:00,2026-02-15 00:00:00,1,25,0.056786990414063133,2,2026-02-13 07:00:00+00:00,True,False
2026-02-13 18:00:00+00:00,2026-02-14 20:00:00+00:00,2026-02-15 01:00:00,1,26,0.029488918061057728,2,2026-02-13 08:00:00+00:00,True,False
2026-02-13 18:00:00+00:00,2026-02-14 21:00:00+00:00,2026-02-15 02:00:00,1,27,0.02904270961880684,2,2026-02-13 09:00:00+00:00,True,False
2026-02-13 18:00:00+00:00,2026-02-14 22:00:00+00:00,2026-02-15 03:00:00,1,28,0.0231909672729671,2,2026-02-13 10:00:00+00:00,True,False
2026-02-13 18:00:00+00:00,2026-02-14 23:00:00+00:00,2026-02-15 04:00:00,1,29,0.02483614565183719,2,2026-02-13 11:00:00+00:00,True,False
2026-02-13 18:00:00+00:00,2026-02-15 00:00:00+00:00,2026-02-15 05:00:00,1,30,0.029518970288336277,2,2026-02-13 12:00:00+00:00,True,False
2026-02-13 18:00:00+00:00,2026-02-15 01:00:00+00:00,2026-02-15 06:00:00,1,31,0.04162311491866907,2,2026-02-13 13:00:00+00:00,True,False
2026-02-13 18:00:00+00:00,2026-02-15 02:00:00+00:00,2026-02-15 07:00:00,1,32,0.05799029270807902,2,2026-02-13 14:00:00+00:00,True,False
2026-02-13 18:00:00+00:00,2026-02-15 03:00:00+00:00,2026-02-15 08:00:00,1,33,0.08953452110290527,2,2026-02-13 15:00:00+00:00,True,False
2026-02-13 18:00:00+00:00,2026-02-15 04:00:00+00:00,2026-02-15 09:00:00,1,34,0.177278662721316,2,2026-02-13 16:00:00+00:00,True,False
2026-02-13 18:00:00+00:00,2026-02-15 05:00:00+00:00,2026-02-15 10:00:00,1,35,0.3271840115388234,2,2026-02-13 17:00:00+00:00,True,False
2026-02-13 18:00:00+00:00,2026-02-15 06:00:00+00:00,2026-02-15 11:00:00,1,36,0.30942369004090625,2,2026-02-13 18:00:00+00:00,True,False
2026-02-13 18:00:00+00:00,2026-02-15 07:00:00+00:00,2026-02-15 12:00:00,1,37,0.599206546942393,3,2026-02-12 19:00:00+00:00,True,False
2026-02-13 18:00:00+00:00,2026-02-15 08:00:00+00:00,2026-02-15 13:00:00,1,38,0.8442275921503702,3,2026-02-12 20:00:00+00:00,True,False
2026-02-13 18:00:00+00:00,2026-02-15 09:00:00+00:00,2026-02-15 14:00:00,1,39,0.9171192844708761,3,2026-02-12 21:00:00+00:00,True,False
2026-02-13 18:00:00+00:00,2026-02-15 10:00:00+00:00,2026-02-15 15:00:00,1,40,0.9545021255811056,3,2026-02-12 22:00:00+00:00,True,False
2026-02-13 18:00:00+00:00,2026-02-15 11:00:00+00:00,2026-02-15 16:00:00,1,41,0.964772621790568,3,2026-02-12 23:00:00+00:00,True,False
2026-02-13 18:00:00+00:00,2026-02-15 12:00:00+00:00,2026-02-15 17:00:00,1,42,0.9302176038424174,3,2026-02-13 00:00:00+00:00,True,False
2026-02-13 18:00:00+00:00,2026-02-15 13:00:00+00:00,2026-02-15 18:00:00,1,43,0.9332655668258667,3,2026-02-13 01:00:00+00:00,True,False
2026-02-13 18:00:00+00:00,2026-02-15 14:00:00+00:00,2026-02-15 19:00:00,1,44,0.9546030561129252,3,2026-02-13 02:00:00+00:00,True,False
2026-02-13 18:00:00+00:00,2026-02-15 15:00:00+00:00,2026-02-15 20:00:00,1,45,0.9626558224360148,3,2026-02-13 03:00:00+00:00,True,False
2026-02-13 18:00:00+00:00,2026-02-15 16:00:00+00:00,2026-02-15 21:00:00,1,46,0.9578868349393209,3,2026-02-13 04:00:00+00:00,True,False
2026-02-13 18:00:00+00:00,2026-02-15 17:00:00+00:00,2026-02-15 22:00:00,1,47,0.9526496330897013,3,2026-02-13 05:00:00+00:00,True,False
2026-02-13 18:00:00+00:00,2026-02-15 18:00:00+00:00,2026-02-15 23:00:00,1,48,0.9079515735308329,3,2026-02-13 06:00:00+00:00,True,False
2026-02-13 18:00:00+00:00,2026-02-13 19:00:00+00:00,2026-02-14 00:00:00,2,1,0.41068634390830994,1,2026-02-13 07:00:00+00:00,True,False
2026-02-13 18:00:00+00:00,2026-02-13 20:00:00+00:00,2026-02-14 01:00:00,2,2,0.7731348077456156,1,2026-02-13 08:00:00+00:00,True,False
2026-02-13 18:00:00+00:00,2026-02-13 21:00:00+00:00,2026-02-14 02:00:00,2,3,0.6331321597099304,1,2026-02-13 09:00:00+00:00,True,False
2026-02-13 18:00:00+00:00,2026-02-13 22:00:00+00:00,2026-02-14 03:00:00,2,4,0.5315755804379781,1,2026-02-13 10:00:00+00:00,True,False
2026-02-13 18:00:00+00:00,2026-02-13 23:00:00+00:00,2026-02-14 04:00:00,2,5,0.5426690578460693,1,2026-02-13 11:00:00+00:00,True,False
2026-02-13 18:00:00+00:00,2026-02-14 00:00:00+00:00,2026-02-14 05:00:00,2,6,0.16232464959224066,1,2026-02-13 12:00:00+00:00,True,False
2026-02-13 18:00:00+00:00,2026-02-14 01:00:00+00:00,2026-02-14 06:00:00,2,7,0.11885241170724233,1,2026-02-13 13:00:00+00:00,True,False
2026-02-13 18:00:00+00:00,2026-02-14 02:00:00+00:00,2026-02-14 07:00:00,2,8,0.09548305471738179,1,2026-02-13 14:00:00+00:00,True,False
2026-02-13 18:00:00+00:00,2026-02-14 03:00:00+00:00,2026-02-14 08:00:00,2,9,0.061365572114785515,1,2026-02-13 15:00:00+00:00,True,False
2026-02-13 18:00:00+00:00,2026-02-14 04:00:00+00:00,2026-02-14 09:00:00,2,10,0.029753103852272034,1,2026-02-13 16:00:00+00:00,True,False
2026-02-13 18:00:00+00:00,2026-02-14 05:00:00+00:00,2026-02-14 10:00:00,2,11,0.026446195629735787,1,2026-02-13 17:00:00+00:00,True,False
2026-02-13 18:00:00+00:00,2026-02-14 06:00:00+00:00,2026-02-14 11:00:00,2,12,0.04535588249564171,1,2026-02-13 18:00:00+00:00,True,False
2026-02-13 18:00:00+00:00,2026-02-14 07:00:00+00:00,2026-02-14 12:00:00,2,13,0.26127736270427704,2,2026-02-12 19:00:00+00:00,True,False
2026-02-13 18:00:00+00:00,2026-02-14 08:00:00+00:00,2026-02-14 13:00:00,2,14,0.34077929457028705,2,2026-02-12 20:00:00+00:00,True,False
2026-02-13 18:00:00+00:00,2026-02-14 09:00:00+00:00,2026-02-14 14:00:00,2,15,0.25393157700697583,2,2026-02-12 21:00:00+00:00,True,False
2026-02-13 18:00:00+00:00,2026-02-14 10:00:00+00:00,2026-02-14 15:00:00,2,16,0.05626675486564636,2,2026-02-12 22:00:00+00:00,True,False
2026-02-13 18:00:00+00:00,2026-02-14 11:00:00+00:00,2026-02-14 16:00:00,2,17,0.11053820451100667,2,2026-02-12 23:00:00+00:00,True,False
2026-02-13 18:00:00+00:00,2026-02-14 12:00:00+00:00,2026-02-14 17:00:00,2,18,0.18899573385715485,2,2026-02-13 00:00:00+00:00,True,False
2026-02-13 18:00:00+00:00,2026-02-14 13:00:00+00:00,2026-02-14 18:00:00,2,19,0.1811035672823588,2,2026-02-13 01:00:00+00:00,True,False
2026-02-13 18:00:00+00:00,2026-02-14 14:00:00+00:00,2026-02-14 19:00:00,2,20,0.1069178357720375,2,2026-02-13 02:00:00+00:00,True,False
2026-02-13 18:00:00+00:00,2026-02-14 15:00:00+00:00,2026-02-14 20:00:00,2,21,0.07918565223614375,2,2026-02-13 03:00:00+00:00,True,False
2026-02-13 18:00:00+00:00,2026-02-14 16:00:00+00:00,2026-02-14 21:00:00,2,22,0.09459167346358299,2,2026-02-13 04:00:00+00:00,True,False
2026-02-13 18:00:00+00:00,2026-02-14 17:00:00+00:00,2026-02-14 22:00:00,2,23,0.061754258970419564,2,2026-02-13 05:00:00+00:00,True,False
2026-02-13 18:00:00+00:00,2026-02-14 18:00:00+00:00,2026-02-14 23:00:00,2,24,0.10760124027729034,2,2026-02-13 06:00:00+00:00,True,False
2026-02-13 18:00:00+00:00,2026-02-14 19:00:00+00:00,2026-02-15 00:00:00,2,25,0.055423090855280556,2,2026-02-13 07:00:00+00:00,True,False
2026-02-13 18:00:00+00:00,2026-02-14 20:00:00+00:00,2026-02-15 01:00:00,2,26,0.02736319291094939,2,2026-02-13 08:00:00+00:00,True,False
2026-02-13 18:00:00+00:00,2026-02-14 21:00:00+00:00,2026-02-15 02:00:00,2,27,0.02655587748934825,2,2026-02-13 09:00:00+00:00,True,False
2026-02-13 18:00:00+00:00,2026-02-14 22:00:00+00:00,2026-02-15 03:00:00,2,28,0.021119359725465376,2,2026-02-13 10:00:00+00:00,True,False
2026-02-13 18:00:00+00:00,2026-02-14 23:00:00+00:00,2026-02-15 04:00:00,2,29,0.021599906807144482,2,2026-02-13 11:00:00+00:00,True,False
2026-02-13 18:00:00+00:00,2026-02-15 00:00:00+00:00,2026-02-15 05:00:00,2,30,0.0262680072337389,2,2026-02-13 12:00:00+00:00,True,False
2026-02-13 18:00:00+00:00,2026-02-15 01:00:00+00:00,2026-02-15 06:00:00,2,31,0.03506027969221274,2,2026-02-13 13:00:00+00:00,True,False
2026-02-13 18:00:00+00:00,2026-02-15 02:00:00+00:00,2026-02-15 07:00:00,2,32,0.05276607225338618,2,2026-02-13 14:00:00+00:00,True,False
2026-02-13 18:00:00+00:00,2026-02-15 03:00:00+00:00,2026-02-15 08:00:00,2,33,0.0852591519554456,2,2026-02-13 15:00:00+00:00,True,False
2026-02-13 18:00:00+00:00,2026-02-15 04:00:00+00:00,2026-02-15 09:00:00,2,34,0.17064869900544485,2,2026-02-13 16:00:00+00:00,True,False
2026-02-13 18:00:00+00:00,2026-02-15 05:00:00+00:00,2026-02-15 10:00:00,2,35,0.32154246668020886,2,2026-02-13 17:00:00+00:00,True,False
2026-02-13 18:00:00+00:00,2026-02-15 06:00:00+00:00,2026-02-15 11:00:00,2,36,0.3141740957895915,2,2026-02-13 18:00:00+00:00,True,False
2026-02-13 18:00:00+00:00,2026-02-15 07:00:00+00:00,2026-02-15 12:00:00,2,37,0.5599815845489502,3,2026-02-12 19:00:00+00:00,True,False
2026-02-13 18:00:00+00:00,2026-02-15 08:00:00+00:00,2026-02-15 13:00:00,2,38,0.8436307708422343,3,2026-02-12 20:00:00+00:00,True,False
2026-02-13 18:00:00+00:00,2026-02-15 09:00:00+00:00,2026-02-15 14:00:00,2,39,0.9219124913215637,3,2026-02-12 21:00:00+00:00,True,False
2026-02-13 18:00:00+00:00,2026-02-15 10:00:00+00:00,2026-02-15 15:00:00,2,40,0.9534164468447367,3,2026-02-12 22:00:00+00:00,True,False
2026-02-13 18:00:00+00:00,2026-02-15 11:00:00+00:00,2026-02-15 16:00:00,2,41,0.963232417901357,3,2026-02-12 23:00:00+00:00,True,False
2026-02-13 18:00:00+00:00,2026-02-15 12:00:00+00:00,2026-02-15 17:00:00,2,42,0.9286768635114034,3,2026-02-13 00:00:00+00:00,True,False
2026-02-13 18:00:00+00:00,2026-02-15 13:00:00+00:00,2026-02-15 18:00:00,2,43,0.9316585461298624,3,2026-02-13 01:00:00+00:00,True,False
2026-02-13 18:00:00+00:00,2026-02-15 14:00:00+00:00,2026-02-15 19:00:00,2,44,0.9519778887430826,3,2026-02-13 02:00:00+00:00,True,False
2026-02-13 18:00:00+00:00,2026-02-15 15:00:00+00:00,2026-02-15 20:00:00,2,45,0.9589680433273315,3,2026-02-13 03:00:00+00:00,True,False
2026-02-13 18:00:00+00:00,2026-02-15 16:00:00+00:00,2026-02-15 21:00:00,2,46,0.9528389970461527,3,2026-02-13 04:00:00+00:00,True,False
2026-02-13 18:00:00+00:00,2026-02-15 17:00:00+00:00,2026-02-15 22:00:00,2,47,0.9453165928522745,3,2026-02-13 05:00:00+00:00,True,False
2026-02-13 18:00:00+00:00,2026-02-15 18:00:00+00:00,2026-02-15 23:00:00,2,48,0.8948539694150289,3,2026-02-13 06:00:00+00:00,True,False
2026-02-14 18:00:00+00:00,2026-02-14 19:00:00+00:00,2026-02-15 00:00:00,1,1,0.05226722049216429,1,2026-02-14 07:00:00+00:00,True,False
2026-02-14 18:00:00+00:00,2026-02-14 20:00:00+00:00,2026-02-15 01:00:00,1,2,0.030290880240499973,1,2026-02-14 08:00:00+00:00,True,False
2026-02-14 18:00:00+00:00,2026-02-14 21:00:00+00:00,2026-02-15 02:00:00,1,3,0.013898153478900591,1,2026-02-14 09:00:00+00:00,True,False
2026-02-14 18:00:00+00:00,2026-02-14 22:00:00+00:00,2026-02-15 03:00:00,1,4,0.021540024938682716,1,2026-02-14 10:00:00+00:00,True,False
2026-02-14 18:00:00+00:00,2026-02-14 23:00:00+00:00,2026-02-15 04:00:00,1,5,0.01309111729885141,1,2026-02-14 11:00:00+00:00,True,False
2026-02-14 18:00:00+00:00,2026-02-15 00:00:00+00:00,2026-02-15 05:00:00,1,6,0.0397956163311998,1,2026-02-14 12:00:00+00:00,True,False
2026-02-14 18:00:00+00:00,2026-02-15 01:00:00+00:00,2026-02-15 06:00:00,1,7,0.06903812165061633,1,2026-02-14 13:00:00+00:00,True,False
2026-02-14 18:00:00+00:00,2026-02-15 02:00:00+00:00,2026-02-15 07:00:00,1,8,0.09799471497535706,1,2026-02-14 14:00:00+00:00,True,False
2026-02-14 18:00:00+00:00,2026-02-15 03:00:00+00:00,2026-02-15 08:00:00,1,9,0.14823268353939056,1,2026-02-14 15:00:00+00:00,True,False
2026-02-14 18:00:00+00:00,2026-02-15 04:00:00+00:00,2026-02-15 09:00:00,1,10,0.31542546550432843,1,2026-02-14 16:00:00+00:00,True,False
2026-02-14 18:00:00+00:00,2026-02-15 05:00:00+00:00,2026-02-15 10:00:00,1,11,0.558500200510025,1,2026-02-14 17:00:00+00:00,True,False
2026-02-14 18:00:00+00:00,2026-02-15 06:00:00+00:00,2026-02-15 11:00:00,1,12,0.7558902104695638,1,2026-02-14 18:00:00+00:00,True,False
2026-02-14 18:00:00+00:00,2026-02-15 07:00:00+00:00,2026-02-15 12:00:00,1,13,0.6537611683209738,2,2026-02-13 19:00:00+00:00,True,False
2026-02-14 18:00:00+00:00,2026-02-15 08:00:00+00:00,2026-02-15 13:00:00,1,14,0.866222600142161,2,2026-02-13 20:00:00+00:00,True,False
2026-02-14 18:00:00+00:00,2026-02-15 09:00:00+00:00,2026-02-15 14:00:00,1,15,0.9400766491889954,2,2026-02-13 21:00:00+00:00,True,False
2026-02-14 18:00:00+00:00,2026-02-15 10:00:00+00:00,2026-02-15 15:00:00,1,16,0.9507518609364828,2,2026-02-13 22:00:00+00:00,True,False
2026-02-14 18:00:00+00:00,2026-02-15 11:00:00+00:00,2026-02-15 16:00:00,1,17,0.9296486377716064,2,2026-02-13 23:00:00+00:00,True,False
2026-02-14 18:00:00+00:00,2026-02-15 12:00:00+00:00,2026-02-15 17:00:00,1,18,0.9474227825800577,2,2026-02-14 00:00:00+00:00,True,False
2026-02-14 18:00:00+00:00,2026-02-15 13:00:00+00:00,2026-02-15 18:00:00,1,19,0.950501541296641,2,2026-02-14 01:00:00+00:00,True,False
2026-02-14 18:00:00+00:00,2026-02-15 14:00:00+00:00,2026-02-15 19:00:00,1,20,0.9565770626068115,2,2026-02-14 02:00:00+00:00,True,False
2026-02-14 18:00:00+00:00,2026-02-15 15:00:00+00:00,2026-02-15 20:00:00,1,21,0.9455788532892863,2,2026-02-14 03:00:00+00:00,True,False
2026-02-14 18:00:00+00:00,2026-02-15 16:00:00+00:00,2026-02-15 21:00:00,1,22,0.9318081140518188,2,2026-02-14 04:00:00+00:00,True,False
2026-02-14 18:00:00+00:00,2026-02-15 17:00:00+00:00,2026-02-15 22:00:00,1,23,0.9192229708035787,2,2026-02-14 05:00:00+00:00,True,False
2026-02-14 18:00:00+00:00,2026-02-15 18:00:00+00:00,2026-02-15 23:00:00,1,24,0.8070762157440186,2,2026-02-14 06:00:00+00:00,True,False
2026-02-14 18:00:00+00:00,2026-02-15 19:00:00+00:00,2026-02-16 00:00:00,1,25,0.7770991325378418,2,2026-02-14 07:00:00+00:00,True,False
2026-02-14 18:00:00+00:00,2026-02-15 20:00:00+00:00,2026-02-16 01:00:00,1,26,0.6494433681170145,2,2026-02-14 08:00:00+00:00,True,False
2026-02-14 18:00:00+00:00,2026-02-15 21:00:00+00:00,2026-02-16 02:00:00,1,27,0.5647979378700256,2,2026-02-14 09:00:00+00:00,True,False
2026-02-14 18:00:00+00:00,2026-02-15 22:00:00+00:00,2026-02-16 03:00:00,1,28,0.5777515172958374,2,2026-02-14 10:00:00+00:00,True,False
2026-02-14 18:00:00+00:00,2026-02-15 23:00:00+00:00,2026-02-16 04:00:00,1,29,0.35550684730211896,2,2026-02-14 11:00:00+00:00,True,False
2026-02-14 18:00:00+00:00,2026-02-16 00:00:00+00:00,2026-02-16 05:00:00,1,30,0.6046501795450846,2,2026-02-14 12:00:00+00:00,True,False
2026-02-14 18:00:00+00:00,2026-02-16 01:00:00+00:00,2026-02-16 06:00:00,1,31,0.3226144214471181,2,2026-02-14 13:00:00+00:00,True,False
2026-02-14 18:00:00+00:00,2026-02-16 02:00:00+00:00,2026-02-16 07:00:00,1,32,0.18235370020071665,2,2026-02-14 14:00:00+00:00,True,False
2026-02-14 18:00:00+00:00,2026-02-16 03:00:00+00:00,2026-02-16 08:00:00,1,33,0.17527470489343008,2,2026-02-14 15:00:00+00:00,True,False
2026-02-14 18:00:00+00:00,2026-02-16 04:00:00+00:00,2026-02-16 09:00:00,1,34,0.6862893104553223,2,2026-02-14 16:00:00+00:00,True,False
2026-02-14 18:00:00+00:00,2026-02-16 05:00:00+00:00,2026-02-16 10:00:00,1,35,0.4763738413651784,2,2026-02-14 17:00:00+00:00,True,False
2026-02-14 18:00:00+00:00,2026-02-16 06:00:00+00:00,2026-02-16 11:00:00,1,36,0.4237131675084432,2,2026-02-14 18:00:00+00:00,True,False
2026-02-14 18:00:00+00:00,2026-02-16 07:00:00+00:00,2026-02-16 12:00:00,1,37,0.4755128820737203,3,2026-02-13 19:00:00+00:00,True,False
2026-02-14 18:00:00+00:00,2026-02-16 08:00:00+00:00,2026-02-16 13:00:00,1,38,0.6894407073656718,3,2026-02-13 20:00:00+00:00,True,False
2026-02-14 18:00:00+00:00,2026-02-16 09:00:00+00:00,2026-02-16 14:00:00,1,39,0.8294971783955892,3,2026-02-13 21:00:00+00:00,True,False
2026-02-14 18:00:00+00:00,2026-02-16 10:00:00+00:00,2026-02-16 15:00:00,1,40,0.9300074577331543,3,2026-02-13 22:00:00+00:00,True,False
2026-02-14 18:00:00+00:00,2026-02-16 11:00:00+00:00,2026-02-16 16:00:00,1,41,0.9589687983194987,3,2026-02-13 23:00:00+00:00,True,False
2026-02-14 18:00:00+00:00,2026-02-16 12:00:00+00:00,2026-02-16 17:00:00,1,42,0.7764527599016825,3,2026-02-14 00:00:00+00:00,True,False
2026-02-14 18:00:00+00:00,2026-02-16 13:00:00+00:00,2026-02-16 18:00:00,1,43,0.7908701499303182,3,2026-02-14 01:00:00+00:00,True,False
2026-02-14 18:00:00+00:00,2026-02-16 14:00:00+00:00,2026-02-16 19:00:00,1,44,0.699684758981069,3,2026-02-14 02:00:00+00:00,True,False
2026-02-14 18:00:00+00:00,2026-02-16 15:00:00+00:00,2026-02-16 20:00:00,1,45,0.6243478258450826,3,2026-02-14 03:00:00+00:00,True,False
2026-02-14 18:00:00+00:00,2026-02-16 16:00:00+00:00,2026-02-16 21:00:00,1,46,0.5649239917596182,3,2026-02-14 04:00:00+00:00,True,False
2026-02-14 18:00:00+00:00,2026-02-16 17:00:00+00:00,2026-02-16 22:00:00,1,47,0.5138498644034067,3,2026-02-14 05:00:00+00:00,True,False
2026-02-14 18:00:00+00:00,2026-02-16 18:00:00+00:00,2026-02-16 23:00:00,1,48,0.3285829822222392,3,2026-02-14 06:00:00+00:00,True,False
2026-02-14 18:00:00+00:00,2026-02-14 19:00:00+00:00,2026-02-15 00:00:00,2,1,0.0485884981850783,1,2026-02-14 07:00:00+00:00,True,False
2026-02-14 18:00:00+00:00,2026-02-14 20:00:00+00:00,2026-02-15 01:00:00,2,2,0.027895644617577393,1,2026-02-14 08:00:00+00:00,True,False
2026-02-14 18:00:00+00:00,2026-02-14 21:00:00+00:00,2026-02-15 02:00:00,2,3,0.012111182790249586,1,2026-02-14 09:00:00+00:00,True,False
2026-02-14 18:00:00+00:00,2026-02-14 22:00:00+00:00,2026-02-15 03:00:00,2,4,0.020157558533052605,1,2026-02-14 10:00:00+00:00,True,False
2026-02-14 18:00:00+00:00,2026-02-14 23:00:00+00:00,2026-02-15 04:00:00,2,5,0.012214175425469875,1,2026-02-14 11:00:00+00:00,True,False
2026-02-14 18:00:00+00:00,2026-02-15 00:00:00+00:00,2026-02-15 05:00:00,2,6,0.03609379629294077,1,2026-02-14 12:00:00+00:00,True,False
2026-02-14 18:00:00+00:00,2026-02-15 01:00:00+00:00,2026-02-15 06:00:00,2,7,0.06555136789878209,1,2026-02-14 13:00:00+00:00,True,False
2026-02-14 18:00:00+00:00,2026-02-15 02:00:00+00:00,2026-02-15 07:00:00,2,8,0.09410222992300987,1,2026-02-14 14:00:00+00:00,True,False
2026-02-14 18:00:00+00:00,2026-02-15 03:00:00+00:00,2026-02-15 08:00:00,2,9,0.1469217836856842,1,2026-02-14 15:00:00+00:00,True,False
2026-02-14 18:00:00+00:00,2026-02-15 04:00:00+00:00,2026-02-15 09:00:00,2,10,0.3138218770424525,1,2026-02-14 16:00:00+00:00,True,False
2026-02-14 18:00:00+00:00,2026-02-15 05:00:00+00:00,2026-02-15 10:00:00,2,11,0.553319493929545,1,2026-02-14 17:00:00+00:00,True,False
2026-02-14 18:00:00+00:00,2026-02-15 06:00:00+00:00,2026-02-15 11:00:00,2,12,0.7500931819279989,1,2026-02-14 18:00:00+00:00,True,False
2026-02-14 18:00:00+00:00,2026-02-15 07:00:00+00:00,2026-02-15 12:00:00,2,13,0.6532841324806213,2,2026-02-13 19:00:00+00:00,True,False
2026-02-14 18:00:00+00:00,2026-02-15 08:00:00+00:00,2026-02-15 13:00:00,2,14,0.8764575322469076,2,2026-02-13 20:00:00+00:00,True,False
2026-02-14 18:00:00+00:00,2026-02-15 09:00:00+00:00,2026-02-15 14:00:00,2,15,0.9419491092363993,2,2026-02-13 21:00:00+00:00,True,False
2026-02-14 18:00:00+00:00,2026-02-15 10:00:00+00:00,2026-02-15 15:00:00,2,16,0.9501262108484904,2,2026-02-13 22:00:00+00:00,True,False
2026-02-14 18:00:00+00:00,2026-02-15 11:00:00+00:00,2026-02-15 16:00:00,2,17,0.9320616722106934,2,2026-02-13 23:00:00+00:00,True,False
2026-02-14 18:00:00+00:00,2026-02-15 12:00:00+00:00,2026-02-15 17:00:00,2,18,0.9462072054545084,2,2026-02-14 00:00:00+00:00,True,False
2026-02-14 18:00:00+00:00,2026-02-15 13:00:00+00:00,2026-02-15 18:00:00,2,19,0.9480636914571127,2,2026-02-14 01:00:00+00:00,True,False
2026-02-14 18:00:00+00:00,2026-02-15 14:00:00+00:00,2026-02-15 19:00:00,2,20,0.9532467722892761,2,2026-02-14 02:00:00+00:00,True,False
2026-02-14 18:00:00+00:00,2026-02-15 15:00:00+00:00,2026-02-15 20:00:00,2,21,0.94062739610672,2,2026-02-14 03:00:00+00:00,True,False
2026-02-14 18:00:00+00:00,2026-02-15 16:00:00+00:00,2026-02-15 21:00:00,2,22,0.9220291972160339,2,2026-02-14 04:00:00+00:00,True,False
2026-02-14 18:00:00+00:00,2026-02-15 17:00:00+00:00,2026-02-15 22:00:00,2,23,0.9069812099138895,2,2026-02-14 05:00:00+00:00,True,False
2026-02-14 18:00:00+00:00,2026-02-15 18:00:00+00:00,2026-02-15 23:00:00,2,24,0.781968375047048,2,2026-02-14 06:00:00+00:00,True,False
2026-02-14 18:00:00+00:00,2026-02-15 19:00:00+00:00,2026-02-16 00:00:00,2,25,0.7426968018213908,2,2026-02-14 07:00:00+00:00,True,False
2026-02-14 18:00:00+00:00,2026-02-15 20:00:00+00:00,2026-02-16 01:00:00,2,26,0.6096415917078654,2,2026-02-14 08:00:00+00:00,True,False
2026-02-14 18:00:00+00:00,2026-02-15 21:00:00+00:00,2026-02-16 02:00:00,2,27,0.5257192452748617,2,2026-02-14 09:00:00+00:00,True,False
2026-02-14 18:00:00+00:00,2026-02-15 22:00:00+00:00,2026-02-16 03:00:00,2,28,0.5354317128658295,2,2026-02-14 10:00:00+00:00,True,False
2026-02-14 18:00:00+00:00,2026-02-15 23:00:00+00:00,2026-02-16 04:00:00,2,29,0.3298591623703639,2,2026-02-14 11:00:00+00:00,True,False
2026-02-14 18:00:00+00:00,2026-02-16 00:00:00+00:00,2026-02-16 05:00:00,2,30,0.5579753915468851,2,2026-02-14 12:00:00+00:00,True,False
2026-02-14 18:00:00+00:00,2026-02-16 01:00:00+00:00,2026-02-16 06:00:00,2,31,0.29764152069886524,2,2026-02-14 13:00:00+00:00,True,False
2026-02-14 18:00:00+00:00,2026-02-16 02:00:00+00:00,2026-02-16 07:00:00,2,32,0.16959302624066672,2,2026-02-14 14:00:00+00:00,True,False
2026-02-14 18:00:00+00:00,2026-02-16 03:00:00+00:00,2026-02-16 08:00:00,2,33,0.164819265405337,2,2026-02-14 15:00:00+00:00,True,False
2026-02-14 18:00:00+00:00,2026-02-16 04:00:00+00:00,2026-02-16 09:00:00,2,34,0.6534824172655741,2,2026-02-14 16:00:00+00:00,True,False
2026-02-14 18:00:00+00:00,2026-02-16 05:00:00+00:00,2026-02-16 10:00:00,2,35,0.4543827772140503,2,2026-02-14 17:00:00+00:00,True,False
2026-02-14 18:00:00+00:00,2026-02-16 06:00:00+00:00,2026-02-16 11:00:00,2,36,0.39872127771377563,2,2026-02-14 18:00:00+00:00,True,False
2026-02-14 18:00:00+00:00,2026-02-16 07:00:00+00:00,2026-02-16 12:00:00,2,37,0.4696507553259532,3,2026-02-13 19:00:00+00:00,True,False
2026-02-14 18:00:00+00:00,2026-02-16 08:00:00+00:00,2026-02-16 13:00:00,2,38,0.7100986838340759,3,2026-02-13 20:00:00+00:00,True,False
2026-02-14 18:00:00+00:00,2026-02-16 09:00:00+00:00,2026-02-16 14:00:00,2,39,0.8521741032600403,3,2026-02-13 21:00:00+00:00,True,False
2026-02-14 18:00:00+00:00,2026-02-16 10:00:00+00:00,2026-02-16 15:00:00,2,40,0.9371825655301412,3,2026-02-13 22:00:00+00:00,True,False
2026-02-14 18:00:00+00:00,2026-02-16 11:00:00+00:00,2026-02-16 16:00:00,2,41,0.9612458348274231,3,2026-02-13 23:00:00+00:00,True,False
2026-02-14 18:00:00+00:00,2026-02-16 12:00:00+00:00,2026-02-16 17:00:00,2,42,0.7855213284492493,3,2026-02-14 00:00:00+00:00,True,False
2026-02-14 18:00:00+00:00,2026-02-16 13:00:00+00:00,2026-02-16 18:00:00,2,43,0.7837447126706442,3,2026-02-14 01:00:00+00:00,True,False
2026-02-14 18:00:00+00:00,2026-02-16 14:00:00+00:00,2026-02-16 19:00:00,2,44,0.6936377088228861,3,2026-02-14 02:00:00+00:00,True,False
2026-02-14 18:00:00+00:00,2026-02-16 15:00:00+00:00,2026-02-16 20:00:00,2,45,0.6261826952298483,3,2026-02-14 03:00:00+00:00,True,False
2026-02-14 18:00:00+00:00,2026-02-16 16:00:00+00:00,2026-02-16 21:00:00,2,46,0.563944011926651,3,2026-02-14 04:00:00+00:00,True,False
2026-02-14 18:00:00+00:00,2026-02-16 17:00:00+00:00,2026-02-16 22:00:00,2,47,0.5128486156463623,3,2026-02-14 05:00:00+00:00,True,False
2026-02-14 18:00:00+00:00,2026-02-16 18:00:00+00:00,2026-02-16 23:00:00,2,48,0.33334605892499286,3,2026-02-14 06:00:00+00:00,True,False
2026-02-15 18:00:00+00:00,2026-02-15 19:00:00+00:00,2026-02-16 00:00:00,1,1,0.3849821090698242,1,2026-02-15 07:00:00+00:00,True,False
2026-02-15 18:00:00+00:00,2026-02-15 20:00:00+00:00,2026-02-16 01:00:00,1,2,0.557272712389628,1,2026-02-15 08:00:00+00:00,True,False
2026-02-15 18:00:00+00:00,2026-02-15 21:00:00+00:00,2026-02-16 02:00:00,1,3,0.7737748225529989,1,2026-02-15 09:00:00+00:00,True,False
2026-02-15 18:00:00+00:00,2026-02-15 22:00:00+00:00,2026-02-16 03:00:00,1,4,0.7917935252189636,1,2026-02-15 10:00:00+00:00,True,False
2026-02-15 18:00:00+00:00,2026-02-15 23:00:00+00:00,2026-02-16 04:00:00,1,5,0.8766369223594666,1,2026-02-15 11:00:00+00:00,True,False
2026-02-15 18:00:00+00:00,2026-02-16 00:00:00+00:00,2026-02-16 05:00:00,1,6,0.7830193042755127,1,2026-02-15 12:00:00+00:00,True,False
2026-02-15 18:00:00+00:00,2026-02-16 01:00:00+00:00,2026-02-16 06:00:00,1,7,0.856270432472229,1,2026-02-15 13:00:00+00:00,True,False
2026-02-15 18:00:00+00:00,2026-02-16 02:00:00+00:00,2026-02-16 07:00:00,1,8,0.6221141815185547,1,2026-02-15 14:00:00+00:00,True,False
2026-02-15 18:00:00+00:00,2026-02-16 03:00:00+00:00,2026-02-16 08:00:00,1,9,0.2347007542848587,1,2026-02-15 15:00:00+00:00,True,False
2026-02-15 18:00:00+00:00,2026-02-16 04:00:00+00:00,2026-02-16 09:00:00,1,10,0.17206014196077982,1,2026-02-15 16:00:00+00:00,True,False
2026-02-15 18:00:00+00:00,2026-02-16 05:00:00+00:00,2026-02-16 10:00:00,1,11,0.24819870789845785,1,2026-02-15 17:00:00+00:00,True,False
2026-02-15 18:00:00+00:00,2026-02-16 06:00:00+00:00,2026-02-16 11:00:00,1,12,0.5125937461853027,1,2026-02-15 18:00:00+00:00,True,False
2026-02-15 18:00:00+00:00,2026-02-16 07:00:00+00:00,2026-02-16 12:00:00,1,13,0.5075180331865946,2,2026-02-14 19:00:00+00:00,True,False
2026-02-15 18:00:00+00:00,2026-02-16 08:00:00+00:00,2026-02-16 13:00:00,1,14,0.5406236549218496,2,2026-02-14 20:00:00+00:00,True,False
2026-02-15 18:00:00+00:00,2026-02-16 09:00:00+00:00,2026-02-16 14:00:00,1,15,0.5508292615413666,2,2026-02-14 21:00:00+00:00,True,False
2026-02-15 18:00:00+00:00,2026-02-16 10:00:00+00:00,2026-02-16 15:00:00,1,16,0.7237405975659689,2,2026-02-14 22:00:00+00:00,True,False
2026-02-15 18:00:00+00:00,2026-02-16 11:00:00+00:00,2026-02-16 16:00:00,1,17,0.8290468653043112,2,2026-02-14 23:00:00+00:00,True,False
2026-02-15 18:00:00+00:00,2026-02-16 12:00:00+00:00,2026-02-16 17:00:00,1,18,0.7395774324735006,2,2026-02-15 00:00:00+00:00,True,False
2026-02-15 18:00:00+00:00,2026-02-16 13:00:00+00:00,2026-02-16 18:00:00,1,19,0.860849658648173,2,2026-02-15 01:00:00+00:00,True,False
2026-02-15 18:00:00+00:00,2026-02-16 14:00:00+00:00,2026-02-16 19:00:00,1,20,0.8651776711146036,2,2026-02-15 02:00:00+00:00,True,False
2026-02-15 18:00:00+00:00,2026-02-16 15:00:00+00:00,2026-02-16 20:00:00,1,21,0.7479016383488973,2,2026-02-15 03:00:00+00:00,True,False
2026-02-15 18:00:00+00:00,2026-02-16 16:00:00+00:00,2026-02-16 21:00:00,1,22,0.7040195266405741,2,2026-02-15 04:00:00+00:00,True,False
2026-02-15 18:00:00+00:00,2026-02-16 17:00:00+00:00,2026-02-16 22:00:00,1,23,0.6226308941841125,2,2026-02-15 05:00:00+00:00,True,False
2026-02-15 18:00:00+00:00,2026-02-16 18:00:00+00:00,2026-02-16 23:00:00,1,24,0.5030070642630259,2,2026-02-15 06:00:00+00:00,True,False
2026-02-15 18:00:00+00:00,2026-02-16 19:00:00+00:00,2026-02-17 00:00:00,1,25,0.5150240361690521,2,2026-02-15 07:00:00+00:00,True,False
2026-02-15 18:00:00+00:00,2026-02-16 20:00:00+00:00,2026-02-17 01:00:00,1,26,0.3961168130238851,2,2026-02-15 08:00:00+00:00,True,False
2026-02-15 18:00:00+00:00,2026-02-16 21:00:00+00:00,2026-02-17 02:00:00,1,27,0.351801464955012,2,2026-02-15 09:00:00+00:00,True,False
2026-02-15 18:00:00+00:00,2026-02-16 22:00:00+00:00,2026-02-17 03:00:00,1,28,0.32103179891904193,2,2026-02-15 10:00:00+00:00,True,False
2026-02-15 18:00:00+00:00,2026-02-16 23:00:00+00:00,2026-02-17 04:00:00,1,29,0.24245027701059976,2,2026-02-15 11:00:00+00:00,True,False
2026-02-15 18:00:00+00:00,2026-02-17 00:00:00+00:00,2026-02-17 05:00:00,1,30,0.07339933638771375,2,2026-02-15 12:00:00+00:00,True,False
2026-02-15 18:00:00+00:00,2026-02-17 01:00:00+00:00,2026-02-17 06:00:00,1,31,0.051328531155983605,2,2026-02-15 13:00:00+00:00,True,False
2026-02-15 18:00:00+00:00,2026-02-17 02:00:00+00:00,2026-02-17 07:00:00,1,32,0.052857644855976105,2,2026-02-15 14:00:00+00:00,True,False
2026-02-15 18:00:00+00:00,2026-02-17 03:00:00+00:00,2026-02-17 08:00:00,1,33,0.04520390368998051,2,2026-02-15 15:00:00+00:00,True,False
2026-02-15 18:00:00+00:00,2026-02-17 04:00:00+00:00,2026-02-17 09:00:00,1,34,0.047842020789782204,2,2026-02-15 16:00:00+00:00,True,False
2026-02-15 18:00:00+00:00,2026-02-17 05:00:00+00:00,2026-02-17 10:00:00,1,35,0.04848514497280121,2,2026-02-15 17:00:00+00:00,True,False
2026-02-15 18:00:00+00:00,2026-02-17 06:00:00+00:00,2026-02-17 11:00:00,1,36,0.11977490534385045,2,2026-02-15 18:00:00+00:00,True,False
2026-02-15 18:00:00+00:00,2026-02-17 07:00:00+00:00,2026-02-17 12:00:00,1,37,0.31761158009370166,3,2026-02-14 19:00:00+00:00,True,False
2026-02-15 18:00:00+00:00,2026-02-17 08:00:00+00:00,2026-02-17 13:00:00,1,38,0.3703124721844991,3,2026-02-14 20:00:00+00:00,True,False
2026-02-15 18:00:00+00:00,2026-02-17 09:00:00+00:00,2026-02-17 14:00:00,1,39,0.43613264958063763,3,2026-02-14 21:00:00+00:00,True,False
2026-02-15 18:00:00+00:00,2026-02-17 10:00:00+00:00,2026-02-17 15:00:00,1,40,0.4225318829218547,3,2026-02-14 22:00:00+00:00,True,False
2026-02-15 18:00:00+00:00,2026-02-17 11:00:00+00:00,2026-02-17 16:00:00,1,41,0.3786410093307495,3,2026-02-14 23:00:00+00:00,True,False
2026-02-15 18:00:00+00:00,2026-02-17 12:00:00+00:00,2026-02-17 17:00:00,1,42,0.8000829815864563,3,2026-02-15 00:00:00+00:00,True,False
2026-02-15 18:00:00+00:00,2026-02-17 13:00:00+00:00,2026-02-17 18:00:00,1,43,0.7194560766220093,3,2026-02-15 01:00:00+00:00,True,False
2026-02-15 18:00:00+00:00,2026-02-17 14:00:00+00:00,2026-02-17 19:00:00,1,44,0.6563461621602377,3,2026-02-15 02:00:00+00:00,True,False
2026-02-15 18:00:00+00:00,2026-02-17 15:00:00+00:00,2026-02-17 20:00:00,1,45,0.7295814355214437,3,2026-02-15 03:00:00+00:00,True,False
2026-02-15 18:00:00+00:00,2026-02-17 16:00:00+00:00,2026-02-17 21:00:00,1,46,0.6932865579922994,3,2026-02-15 04:00:00+00:00,True,False
2026-02-15 18:00:00+00:00,2026-02-17 17:00:00+00:00,2026-02-17 22:00:00,1,47,0.6323810617129008,3,2026-02-15 05:00:00+00:00,True,False
2026-02-15 18:00:00+00:00,2026-02-17 18:00:00+00:00,2026-02-17 23:00:00,1,48,0.23474091291427612,3,2026-02-15 06:00:00+00:00,True,False
2026-02-15 18:00:00+00:00,2026-02-15 19:00:00+00:00,2026-02-16 00:00:00,2,1,0.3441632091999054,1,2026-02-15 07:00:00+00:00,True,False
2026-02-15 18:00:00+00:00,2026-02-15 20:00:00+00:00,2026-02-16 01:00:00,2,2,0.5030591090520223,1,2026-02-15 08:00:00+00:00,True,False
2026-02-15 18:00:00+00:00,2026-02-15 21:00:00+00:00,2026-02-16 02:00:00,2,3,0.7152032256126404,1,2026-02-15 09:00:00+00:00,True,False
2026-02-15 18:00:00+00:00,2026-02-15 22:00:00+00:00,2026-02-16 03:00:00,2,4,0.7442366083463033,1,2026-02-15 10:00:00+00:00,True,False
2026-02-15 18:00:00+00:00,2026-02-15 23:00:00+00:00,2026-02-16 04:00:00,2,5,0.8521634936332703,1,2026-02-15 11:00:00+00:00,True,False
2026-02-15 18:00:00+00:00,2026-02-16 00:00:00+00:00,2026-02-16 05:00:00,2,6,0.7612628142038981,1,2026-02-15 12:00:00+00:00,True,False
2026-02-15 18:00:00+00:00,2026-02-16 01:00:00+00:00,2026-02-16 06:00:00,2,7,0.8330804705619812,1,2026-02-15 13:00:00+00:00,True,False
2026-02-15 18:00:00+00:00,2026-02-16 02:00:00+00:00,2026-02-16 07:00:00,2,8,0.5935081442197164,1,2026-02-15 14:00:00+00:00,True,False
2026-02-15 18:00:00+00:00,2026-02-16 03:00:00+00:00,2026-02-16 08:00:00,2,9,0.22171070178349814,1,2026-02-15 15:00:00+00:00,True,False
2026-02-15 18:00:00+00:00,2026-02-16 04:00:00+00:00,2026-02-16 09:00:00,2,10,0.16444015999635062,1,2026-02-15 16:00:00+00:00,True,False
2026-02-15 18:00:00+00:00,2026-02-16 05:00:00+00:00,2026-02-16 10:00:00,2,11,0.24494779109954834,1,2026-02-15 17:00:00+00:00,True,False
2026-02-15 18:00:00+00:00,2026-02-16 06:00:00+00:00,2026-02-16 11:00:00,2,12,0.5094734330972036,1,2026-02-15 18:00:00+00:00,True,False
2026-02-15 18:00:00+00:00,2026-02-16 07:00:00+00:00,2026-02-16 12:00:00,2,13,0.49381571014722186,2,2026-02-14 19:00:00+00:00,True,False
2026-02-15 18:00:00+00:00,2026-02-16 08:00:00+00:00,2026-02-16 13:00:00,2,14,0.5236178735891978,2,2026-02-14 20:00:00+00:00,True,False
2026-02-15 18:00:00+00:00,2026-02-16 09:00:00+00:00,2026-02-16 14:00:00,2,15,0.5536734759807587,2,2026-02-14 21:00:00+00:00,True,False
2026-02-15 18:00:00+00:00,2026-02-16 10:00:00+00:00,2026-02-16 15:00:00,2,16,0.7349504232406616,2,2026-02-14 22:00:00+00:00,True,False
2026-02-15 18:00:00+00:00,2026-02-16 11:00:00+00:00,2026-02-16 16:00:00,2,17,0.8363249699274699,2,2026-02-14 23:00:00+00:00,True,False
2026-02-15 18:00:00+00:00,2026-02-16 12:00:00+00:00,2026-02-16 17:00:00,2,18,0.7637656728426615,2,2026-02-15 00:00:00+00:00,True,False
2026-02-15 18:00:00+00:00,2026-02-16 13:00:00+00:00,2026-02-16 18:00:00,2,19,0.8633326292037964,2,2026-02-15 01:00:00+00:00,True,False
2026-02-15 18:00:00+00:00,2026-02-16 14:00:00+00:00,2026-02-16 19:00:00,2,20,0.8677620887756348,2,2026-02-15 02:00:00+00:00,True,False
2026-02-15 18:00:00+00:00,2026-02-16 15:00:00+00:00,2026-02-16 20:00:00,2,21,0.7560709714889526,2,2026-02-15 03:00:00+00:00,True,False
2026-02-15 18:00:00+00:00,2026-02-16 16:00:00+00:00,2026-02-16 21:00:00,2,22,0.7172560095787048,2,2026-02-15 04:00:00+00:00,True,False
2026-02-15 18:00:00+00:00,2026-02-16 17:00:00+00:00,2026-02-16 22:00:00,2,23,0.6228828628857931,2,2026-02-15 05:00:00+00:00,True,False
2026-02-15 18:00:00+00:00,2026-02-16 18:00:00+00:00,2026-02-16 23:00:00,2,24,0.4880301058292389,2,2026-02-15 06:00:00+00:00,True,False
2026-02-15 18:00:00+00:00,2026-02-16 19:00:00+00:00,2026-02-17 00:00:00,2,25,0.49666739503542584,2,2026-02-15 07:00:00+00:00,True,False
2026-02-15 18:00:00+00:00,2026-02-16 20:00:00+00:00,2026-02-17 01:00:00,2,26,0.38266019026438397,2,2026-02-15 08:00:00+00:00,True,False
2026-02-15 18:00:00+00:00,2026-02-16 21:00:00+00:00,2026-02-17 02:00:00,2,27,0.3349260787169139,2,2026-02-15 09:00:00+00:00,True,False
2026-02-15 18:00:00+00:00,2026-02-16 22:00:00+00:00,2026-02-17 03:00:00,2,28,0.3060623109340668,2,2026-02-15 10:00:00+00:00,True,False
2026-02-15 18:00:00+00:00,2026-02-16 23:00:00+00:00,2026-02-17 04:00:00,2,29,0.22985398769378662,2,2026-02-15 11:00:00+00:00,True,False
2026-02-15 18:00:00+00:00,2026-02-17 00:00:00+00:00,2026-02-17 05:00:00,2,30,0.06708926955858867,2,2026-02-15 12:00:00+00:00,True,False
2026-02-15 18:00:00+00:00,2026-02-17 01:00:00+00:00,2026-02-17 06:00:00,2,31,0.045724707345167794,2,2026-02-15 13:00:00+00:00,True,False
2026-02-15 18:00:00+00:00,2026-02-17 02:00:00+00:00,2026-02-17 07:00:00,2,32,0.04723509897788366,2,2026-02-15 14:00:00+00:00,True,False
2026-02-15 18:00:00+00:00,2026-02-17 03:00:00+00:00,2026-02-17 08:00:00,2,33,0.0405726737032334,2,2026-02-15 15:00:00+00:00,True,False
2026-02-15 18:00:00+00:00,2026-02-17 04:00:00+00:00,2026-02-17 09:00:00,2,34,0.04412834097941717,2,2026-02-15 16:00:00+00:00,True,False
2026-02-15 18:00:00+00:00,2026-02-17 05:00:00+00:00,2026-02-17 10:00:00,2,35,0.04486308371027311,2,2026-02-15 17:00:00+00:00,True,False
2026-02-15 18:00:00+00:00,2026-02-17 06:00:00+00:00,2026-02-17 11:00:00,2,36,0.11171028514703114,2,2026-02-15 18:00:00+00:00,True,False
2026-02-15 18:00:00+00:00,2026-02-17 07:00:00+00:00,2026-02-17 12:00:00,2,37,0.2996106892824173,3,2026-02-14 19:00:00+00:00,True,False
2026-02-15 18:00:00+00:00,2026-02-17 08:00:00+00:00,2026-02-17 13:00:00,2,38,0.35611124336719513,3,2026-02-14 20:00:00+00:00,True,False
2026-02-15 18:00:00+00:00,2026-02-17 09:00:00+00:00,2026-02-17 14:00:00,2,39,0.4155871868133545,3,2026-02-14 21:00:00+00:00,True,False
2026-02-15 18:00:00+00:00,2026-02-17 10:00:00+00:00,2026-02-17 15:00:00,2,40,0.40041767557462055,3,2026-02-14 22:00:00+00:00,True,False
2026-02-15 18:00:00+00:00,2026-02-17 11:00:00+00:00,2026-02-17 16:00:00,2,41,0.3578951259454091,3,2026-02-14 23:00:00+00:00,True,False
2026-02-15 18:00:00+00:00,2026-02-17 12:00:00+00:00,2026-02-17 17:00:00,2,42,0.7729054490725199,3,2026-02-15 00:00:00+00:00,True,False
2026-02-15 18:00:00+00:00,2026-02-17 13:00:00+00:00,2026-02-17 18:00:00,2,43,0.6982461810112,3,2026-02-15 01:00:00+00:00,True,False
2026-02-15 18:00:00+00:00,2026-02-17 14:00:00+00:00,2026-02-17 19:00:00,2,44,0.6484570304552714,3,2026-02-15 02:00:00+00:00,True,False
2026-02-15 18:00:00+00:00,2026-02-17 15:00:00+00:00,2026-02-17 20:00:00,2,45,0.7310462594032288,3,2026-02-15 03:00:00+00:00,True,False
2026-02-15 18:00:00+00:00,2026-02-17 16:00:00+00:00,2026-02-17 21:00:00,2,46,0.6862910787264506,3,2026-02-15 04:00:00+00:00,True,False
2026-02-15 18:00:00+00:00,2026-02-17 17:00:00+00:00,2026-02-17 22:00:00,2,47,0.6255406339963278,3,2026-02-15 05:00:00+00:00,True,False
2026-02-15 18:00:00+00:00,2026-02-17 18:00:00+00:00,2026-02-17 23:00:00,2,48,0.24853024383385977,3,2026-02-15 06:00:00+00:00,True,False
2026-02-16 18:00:00+00:00,2026-02-16 19:00:00+00:00,2026-02-17 00:00:00,1,1,0.6300680041313171,1,2026-02-16 07:00:00+00:00,True,False
2026-02-16 18:00:00+00:00,2026-02-16 20:00:00+00:00,2026-02-17 01:00:00,1,2,0.5703696608543396,1,2026-02-16 08:00:00+00:00,True,False
2026-02-16 18:00:00+00:00,2026-02-16 21:00:00+00:00,2026-02-17 02:00:00,1,3,0.4957543710867564,1,2026-02-16 09:00:00+00:00,True,False
2026-02-16 18:00:00+00:00,2026-02-16 22:00:00+00:00,2026-02-17 03:00:00,1,4,0.3811463514963786,1,2026-02-16 10:00:00+00:00,True,False
2026-02-16 18:00:00+00:00,2026-02-16 23:00:00+00:00,2026-02-17 04:00:00,1,5,0.2828488349914551,1,2026-02-16 11:00:00+00:00,True,False
2026-02-16 18:00:00+00:00,2026-02-17 00:00:00+00:00,2026-02-17 05:00:00,1,6,0.22408566375573477,1,2026-02-16 12:00:00+00:00,True,False
2026-02-16 18:00:00+00:00,2026-02-17 01:00:00+00:00,2026-02-17 06:00:00,1,7,0.14836740990479788,1,2026-02-16 13:00:00+00:00,True,False
2026-02-16 18:00:00+00:00,2026-02-17 02:00:00+00:00,2026-02-17 07:00:00,1,8,0.07941097021102905,1,2026-02-16 14:00:00+00:00,True,False
2026-02-16 18:00:00+00:00,2026-02-17 03:00:00+00:00,2026-02-17 08:00:00,1,9,0.05019209782282511,1,2026-02-16 15:00:00+00:00,True,False
2026-02-16 18:00:00+00:00,2026-02-17 04:00:00+00:00,2026-02-17 09:00:00,1,10,0.02231076608101527,1,2026-02-16 16:00:00+00:00,True,False
2026-02-16 18:00:00+00:00,2026-02-17 05:00:00+00:00,2026-02-17 10:00:00,1,11,0.02316082331041495,1,2026-02-16 17:00:00+00:00,True,False
2026-02-16 18:00:00+00:00,2026-02-17 06:00:00+00:00,2026-02-17 11:00:00,1,12,0.01921605256696542,1,2026-02-16 18:00:00+00:00,True,False
2026-02-16 18:00:00+00:00,2026-02-17 07:00:00+00:00,2026-02-17 12:00:00,1,13,0.19205901523431143,2,2026-02-15 19:00:00+00:00,True,False
2026-02-16 18:00:00+00:00,2026-02-17 08:00:00+00:00,2026-02-17 13:00:00,1,14,0.24195975561936697,2,2026-02-15 20:00:00+00:00,True,False
2026-02-16 18:00:00+00:00,2026-02-17 09:00:00+00:00,2026-02-17 14:00:00,1,15,0.3968348801136017,2,2026-02-15 21:00:00+00:00,True,False
2026-02-16 18:00:00+00:00,2026-02-17 10:00:00+00:00,2026-02-17 15:00:00,1,16,0.5350260734558105,2,2026-02-15 22:00:00+00:00,True,False
2026-02-16 18:00:00+00:00,2026-02-17 11:00:00+00:00,2026-02-17 16:00:00,1,17,0.5193479657173157,2,2026-02-15 23:00:00+00:00,True,False
2026-02-16 18:00:00+00:00,2026-02-17 12:00:00+00:00,2026-02-17 17:00:00,1,18,0.19712570309638977,2,2026-02-16 00:00:00+00:00,True,False
2026-02-16 18:00:00+00:00,2026-02-17 13:00:00+00:00,2026-02-17 18:00:00,1,19,0.23496395846207938,2,2026-02-16 01:00:00+00:00,True,False
2026-02-16 18:00:00+00:00,2026-02-17 14:00:00+00:00,2026-02-17 19:00:00,1,20,0.30383897324403125,2,2026-02-16 02:00:00+00:00,True,False
2026-02-16 18:00:00+00:00,2026-02-17 15:00:00+00:00,2026-02-17 20:00:00,1,21,0.4219850202401479,2,2026-02-16 03:00:00+00:00,True,False
2026-02-16 18:00:00+00:00,2026-02-17 16:00:00+00:00,2026-02-17 21:00:00,1,22,0.5037946303685507,2,2026-02-16 04:00:00+00:00,True,False
2026-02-16 18:00:00+00:00,2026-02-17 17:00:00+00:00,2026-02-17 22:00:00,1,23,0.574298620223999,2,2026-02-16 05:00:00+00:00,True,False
2026-02-16 18:00:00+00:00,2026-02-17 18:00:00+00:00,2026-02-17 23:00:00,1,24,0.3274017373720805,2,2026-02-16 06:00:00+00:00,True,False
2026-02-16 18:00:00+00:00,2026-02-17 19:00:00+00:00,2026-02-18 00:00:00,1,25,0.4097472131252289,2,2026-02-16 07:00:00+00:00,True,False
2026-02-16 18:00:00+00:00,2026-02-17 20:00:00+00:00,2026-02-18 01:00:00,1,26,0.41072089473406476,2,2026-02-16 08:00:00+00:00,True,False
2026-02-16 18:00:00+00:00,2026-02-17 21:00:00+00:00,2026-02-18 02:00:00,1,27,0.45635831356048584,2,2026-02-16 09:00:00+00:00,True,False
2026-02-16 18:00:00+00:00,2026-02-17 22:00:00+00:00,2026-02-18 03:00:00,1,28,0.48118088642756146,2,2026-02-16 10:00:00+00:00,True,False
2026-02-16 18:00:00+00:00,2026-02-17 23:00:00+00:00,2026-02-18 04:00:00,1,29,0.4611364503701528,2,2026-02-16 11:00:00+00:00,True,False
2026-02-16 18:00:00+00:00,2026-02-18 00:00:00+00:00,2026-02-18 05:00:00,1,30,0.5310957531134287,2,2026-02-16 12:00:00+00:00,True,False
2026-02-16 18:00:00+00:00,2026-02-18 01:00:00+00:00,2026-02-18 06:00:00,1,31,0.5226118465264639,2,2026-02-16 13:00:00+00:00,True,False
2026-02-16 18:00:00+00:00,2026-02-18 02:00:00+00:00,2026-02-18 07:00:00,1,32,0.42355544368426007,2,2026-02-16 14:00:00+00:00,True,False
2026-02-16 18:00:00+00:00,2026-02-18 03:00:00+00:00,2026-02-18 08:00:00,1,33,0.5313802659511566,2,2026-02-16 15:00:00+00:00,True,False
2026-02-16 18:00:00+00:00,2026-02-18 04:00:00+00:00,2026-02-18 09:00:00,1,34,0.5842019518216451,2,2026-02-16 16:00:00+00:00,True,False
2026-02-16 18:00:00+00:00,2026-02-18 05:00:00+00:00,2026-02-18 10:00:00,1,35,0.8493562738100687,2,2026-02-16 17:00:00+00:00,True,False
2026-02-16 18:00:00+00:00,2026-02-18 06:00:00+00:00,2026-02-18 11:00:00,1,36,0.9324569503466288,2,2026-02-16 18:00:00+00:00,True,False
2026-02-16 18:00:00+00:00,2026-02-18 07:00:00+00:00,2026-02-18 12:00:00,1,37,0.9443148573239645,3,2026-02-15 19:00:00+00:00,True,False
2026-02-16 18:00:00+00:00,2026-02-18 08:00:00+00:00,2026-02-18 13:00:00,1,38,0.966209610303243,3,2026-02-15 20:00:00+00:00,True,False
2026-02-16 18:00:00+00:00,2026-02-18 09:00:00+00:00,2026-02-18 14:00:00,1,39,0.973356306552887,3,2026-02-15 21:00:00+00:00,True,False
2026-02-16 18:00:00+00:00,2026-02-18 10:00:00+00:00,2026-02-18 15:00:00,1,40,0.9700141747792562,3,2026-02-15 22:00:00+00:00,True,False
2026-02-16 18:00:00+00:00,2026-02-18 11:00:00+00:00,2026-02-18 16:00:00,1,41,0.9365164836247762,3,2026-02-15 23:00:00+00:00,True,False
2026-02-16 18:00:00+00:00,2026-02-18 12:00:00+00:00,2026-02-18 17:00:00,1,42,0.8220940033594767,3,2026-02-16 00:00:00+00:00,True,False
2026-02-16 18:00:00+00:00,2026-02-18 13:00:00+00:00,2026-02-18 18:00:00,1,43,0.625593364238739,3,2026-02-16 01:00:00+00:00,True,False
2026-02-16 18:00:00+00:00,2026-02-18 14:00:00+00:00,2026-02-18 19:00:00,1,44,0.47617467244466144,3,2026-02-16 02:00:00+00:00,True,False
2026-02-16 18:00:00+00:00,2026-02-18 15:00:00+00:00,2026-02-18 20:00:00,1,45,0.40679028630256653,3,2026-02-16 03:00:00+00:00,True,False
2026-02-16 18:00:00+00:00,2026-02-18 16:00:00+00:00,2026-02-18 21:00:00,1,46,0.3985274036725362,3,2026-02-16 04:00:00+00:00,True,False
2026-02-16 18:00:00+00:00,2026-02-18 17:00:00+00:00,2026-02-18 22:00:00,1,47,0.33990662296613056,3,2026-02-16 05:00:00+00:00,True,False
2026-02-16 18:00:00+00:00,2026-02-18 18:00:00+00:00,2026-02-18 23:00:00,1,48,0.3927214741706848,3,2026-02-16 06:00:00+00:00,True,False
2026-02-16 18:00:00+00:00,2026-02-16 19:00:00+00:00,2026-02-17 00:00:00,2,1,0.5896016955375671,1,2026-02-16 07:00:00+00:00,True,False
2026-02-16 18:00:00+00:00,2026-02-16 20:00:00+00:00,2026-02-17 01:00:00,2,2,0.5246451000372568,1,2026-02-16 08:00:00+00:00,True,False
2026-02-16 18:00:00+00:00,2026-02-16 21:00:00+00:00,2026-02-17 02:00:00,2,3,0.4515961507956187,1,2026-02-16 09:00:00+00:00,True,False
2026-02-16 18:00:00+00:00,2026-02-16 22:00:00+00:00,2026-02-17 03:00:00,2,4,0.34911176562309265,1,2026-02-16 10:00:00+00:00,True,False
2026-02-16 18:00:00+00:00,2026-02-16 23:00:00+00:00,2026-02-17 04:00:00,2,5,0.26363862057526904,1,2026-02-16 11:00:00+00:00,True,False
2026-02-16 18:00:00+00:00,2026-02-17 00:00:00+00:00,2026-02-17 05:00:00,2,6,0.2133436252673467,1,2026-02-16 12:00:00+00:00,True,False
2026-02-16 18:00:00+00:00,2026-02-17 01:00:00+00:00,2026-02-17 06:00:00,2,7,0.14422302941481271,1,2026-02-16 13:00:00+00:00,True,False
2026-02-16 18:00:00+00:00,2026-02-17 02:00:00+00:00,2026-02-17 07:00:00,2,8,0.07771078869700432,1,2026-02-16 14:00:00+00:00,True,False
2026-02-16 18:00:00+00:00,2026-02-17 03:00:00+00:00,2026-02-17 08:00:00,2,9,0.04677965057392915,1,2026-02-16 15:00:00+00:00,True,False
2026-02-16 18:00:00+00:00,2026-02-17 04:00:00+00:00,2026-02-17 09:00:00,2,10,0.021426857138673466,1,2026-02-16 16:00:00+00:00,True,False
2026-02-16 18:00:00+00:00,2026-02-17 05:00:00+00:00,2026-02-17 10:00:00,2,11,0.02228749046723048,1,2026-02-16 17:00:00+00:00,True,False
2026-02-16 18:00:00+00:00,2026-02-17 06:00:00+00:00,2026-02-17 11:00:00,2,12,0.01976031685868899,1,2026-02-16 18:00:00+00:00,True,False
2026-02-16 18:00:00+00:00,2026-02-17 07:00:00+00:00,2026-02-17 12:00:00,2,13,0.17559467752774557,2,2026-02-15 19:00:00+00:00,True,False
2026-02-16 18:00:00+00:00,2026-02-17 08:00:00+00:00,2026-02-17 13:00:00,2,14,0.22144327561060587,2,2026-02-15 20:00:00+00:00,True,False
2026-02-16 18:00:00+00:00,2026-02-17 09:00:00+00:00,2026-02-17 14:00:00,2,15,0.36335427562395733,2,2026-02-15 21:00:00+00:00,True,False
2026-02-16 18:00:00+00:00,2026-02-17 10:00:00+00:00,2026-02-17 15:00:00,2,16,0.49624138077100116,2,2026-02-15 22:00:00+00:00,True,False
2026-02-16 18:00:00+00:00,2026-02-17 11:00:00+00:00,2026-02-17 16:00:00,2,17,0.4738937020301819,2,2026-02-15 23:00:00+00:00,True,False
2026-02-16 18:00:00+00:00,2026-02-17 12:00:00+00:00,2026-02-17 17:00:00,2,18,0.18012326459089914,2,2026-02-16 00:00:00+00:00,True,False
2026-02-16 18:00:00+00:00,2026-02-17 13:00:00+00:00,2026-02-17 18:00:00,2,19,0.22345646222432455,2,2026-02-16 01:00:00+00:00,True,False
2026-02-16 18:00:00+00:00,2026-02-17 14:00:00+00:00,2026-02-17 19:00:00,2,20,0.29612602790196735,2,2026-02-16 02:00:00+00:00,True,False
2026-02-16 18:00:00+00:00,2026-02-17 15:00:00+00:00,2026-02-17 20:00:00,2,21,0.41740954915682477,2,2026-02-16 03:00:00+00:00,True,False
2026-02-16 18:00:00+00:00,2026-02-17 16:00:00+00:00,2026-02-17 21:00:00,2,22,0.4913540780544281,2,2026-02-16 04:00:00+00:00,True,False
2026-02-16 18:00:00+00:00,2026-02-17 17:00:00+00:00,2026-02-17 22:00:00,2,23,0.5560761094093323,2,2026-02-16 05:00:00+00:00,True,False
2026-02-16 18:00:00+00:00,2026-02-17 18:00:00+00:00,2026-02-17 23:00:00,2,24,0.3123676876227061,2,2026-02-16 06:00:00+00:00,True,False
2026-02-16 18:00:00+00:00,2026-02-17 19:00:00+00:00,2026-02-18 00:00:00,2,25,0.3874396085739136,2,2026-02-16 07:00:00+00:00,True,False
2026-02-16 18:00:00+00:00,2026-02-17 20:00:00+00:00,2026-02-18 01:00:00,2,26,0.3814201354980469,2,2026-02-16 08:00:00+00:00,True,False
2026-02-16 18:00:00+00:00,2026-02-17 21:00:00+00:00,2026-02-18 02:00:00,2,27,0.4303358693917592,2,2026-02-16 09:00:00+00:00,True,False
2026-02-16 18:00:00+00:00,2026-02-17 22:00:00+00:00,2026-02-18 03:00:00,2,28,0.45875073472658795,2,2026-02-16 10:00:00+00:00,True,False
2026-02-16 18:00:00+00:00,2026-02-17 23:00:00+00:00,2026-02-18 04:00:00,2,29,0.43327000737190247,2,2026-02-16 11:00:00+00:00,True,False
2026-02-16 18:00:00+00:00,2026-02-18 00:00:00+00:00,2026-02-18 05:00:00,2,30,0.49805816014607746,2,2026-02-16 12:00:00+00:00,True,False
2026-02-16 18:00:00+00:00,2026-02-18 01:00:00+00:00,2026-02-18 06:00:00,2,31,0.5038563013076782,2,2026-02-16 13:00:00+00:00,True,False
2026-02-16 18:00:00+00:00,2026-02-18 02:00:00+00:00,2026-02-18 07:00:00,2,32,0.3906894127527873,2,2026-02-16 14:00:00+00:00,True,False
2026-02-16 18:00:00+00:00,2026-02-18 03:00:00+00:00,2026-02-18 08:00:00,2,33,0.5318415661652883,2,2026-02-16 15:00:00+00:00,True,False
2026-02-16 18:00:00+00:00,2026-02-18 04:00:00+00:00,2026-02-18 09:00:00,2,34,0.5706530412038168,2,2026-02-16 16:00:00+00:00,True,False
2026-02-16 18:00:00+00:00,2026-02-18 05:00:00+00:00,2026-02-18 10:00:00,2,35,0.8395132621129354,2,2026-02-16 17:00:00+00:00,True,False
2026-02-16 18:00:00+00:00,2026-02-18 06:00:00+00:00,2026-02-18 11:00:00,2,36,0.9321708281834921,2,2026-02-16 18:00:00+00:00,True,False
2026-02-16 18:00:00+00:00,2026-02-18 07:00:00+00:00,2026-02-18 12:00:00,2,37,0.9483517011006674,3,2026-02-15 19:00:00+00:00,True,False
2026-02-16 18:00:00+00:00,2026-02-18 08:00:00+00:00,2026-02-18 13:00:00,2,38,0.9680092930793762,3,2026-02-15 20:00:00+00:00,True,False
2026-02-16 18:00:00+00:00,2026-02-18 09:00:00+00:00,2026-02-18 14:00:00,2,39,0.9723029534022013,3,2026-02-15 21:00:00+00:00,True,False
2026-02-16 18:00:00+00:00,2026-02-18 10:00:00+00:00,2026-02-18 15:00:00,2,40,0.9682621757189432,3,2026-02-15 22:00:00+00:00,True,False
2026-02-16 18:00:00+00:00,2026-02-18 11:00:00+00:00,2026-02-18 16:00:00,2,41,0.9384395877520243,3,2026-02-15 23:00:00+00:00,True,False
2026-02-16 18:00:00+00:00,2026-02-18 12:00:00+00:00,2026-02-18 17:00:00,2,42,0.8327759305636088,3,2026-02-16 00:00:00+00:00,True,False
2026-02-16 18:00:00+00:00,2026-02-18 13:00:00+00:00,2026-02-18 18:00:00,2,43,0.6162977119286855,3,2026-02-16 01:00:00+00:00,True,False
2026-02-16 18:00:00+00:00,2026-02-18 14:00:00+00:00,2026-02-18 19:00:00,2,44,0.4717814425627391,3,2026-02-16 02:00:00+00:00,True,False
2026-02-16 18:00:00+00:00,2026-02-18 15:00:00+00:00,2026-02-18 20:00:00,2,45,0.38407763838768005,3,2026-02-16 03:00:00+00:00,True,False
2026-02-16 18:00:00+00:00,2026-02-18 16:00:00+00:00,2026-02-18 21:00:00,2,46,0.3655913472175598,3,2026-02-16 04:00:00+00:00,True,False
2026-02-16 18:00:00+00:00,2026-02-18 17:00:00+00:00,2026-02-18 22:00:00,2,47,0.31603963176409405,3,2026-02-16 05:00:00+00:00,True,False
2026-02-16 18:00:00+00:00,2026-02-18 18:00:00+00:00,2026-02-18 23:00:00,2,48,0.3707155187924703,3,2026-02-16 06:00:00+00:00,True,False
2026-02-17 18:00:00+00:00,2026-02-17 19:00:00+00:00,2026-02-18 00:00:00,1,1,0.5119151175022125,1,2026-02-17 07:00:00+00:00,True,False
2026-02-17 18:00:00+00:00,2026-02-17 20:00:00+00:00,2026-02-18 01:00:00,1,2,0.5566156009833018,1,2026-02-17 08:00:00+00:00,True,False
2026-02-17 18:00:00+00:00,2026-02-17 21:00:00+00:00,2026-02-18 02:00:00,1,3,0.5672981142997742,1,2026-02-17 09:00:00+00:00,True,False
2026-02-17 18:00:00+00:00,2026-02-17 22:00:00+00:00,2026-02-18 03:00:00,1,4,0.7205620010693868,1,2026-02-17 10:00:00+00:00,True,False
2026-02-17 18:00:00+00:00,2026-02-17 23:00:00+00:00,2026-02-18 04:00:00,1,5,0.6367276310920715,1,2026-02-17 11:00:00+00:00,True,False
2026-02-17 18:00:00+00:00,2026-02-18 00:00:00+00:00,2026-02-18 05:00:00,1,6,0.7771252989768982,1,2026-02-17 12:00:00+00:00,True,False
2026-02-17 18:00:00+00:00,2026-02-18 01:00:00+00:00,2026-02-18 06:00:00,1,7,0.7379973729451498,1,2026-02-17 13:00:00+00:00,True,False
2026-02-17 18:00:00+00:00,2026-02-18 02:00:00+00:00,2026-02-18 07:00:00,1,8,0.7687432368596395,1,2026-02-17 14:00:00+00:00,True,False
2026-02-17 18:00:00+00:00,2026-02-18 03:00:00+00:00,2026-02-18 08:00:00,1,9,0.8230413993199667,1,2026-02-17 15:00:00+00:00,True,False
2026-02-17 18:00:00+00:00,2026-02-18 04:00:00+00:00,2026-02-18 09:00:00,1,10,0.8341214259465536,1,2026-02-17 16:00:00+00:00,True,False
2026-02-17 18:00:00+00:00,2026-02-18 05:00:00+00:00,2026-02-18 10:00:00,1,11,0.9264824787775675,1,2026-02-17 17:00:00+00:00,True,False
2026-02-17 18:00:00+00:00,2026-02-18 06:00:00+00:00,2026-02-18 11:00:00,1,12,0.9560881654421488,1,2026-02-17 18:00:00+00:00,True,False
2026-02-17 18:00:00+00:00,2026-02-18 07:00:00+00:00,2026-02-18 12:00:00,1,13,0.9561470150947571,2,2026-02-16 19:00:00+00:00,True,False
2026-02-17 18:00:00+00:00,2026-02-18 08:00:00+00:00,2026-02-18 13:00:00,1,14,0.9662128686904907,2,2026-02-16 20:00:00+00:00,True,False
2026-02-17 18:00:00+00:00,2026-02-18 09:00:00+00:00,2026-02-18 14:00:00,1,15,0.971266527970632,2,2026-02-16 21:00:00+00:00,True,False
2026-02-17 18:00:00+00:00,2026-02-18 10:00:00+00:00,2026-02-18 15:00:00,1,16,0.9601743817329407,2,2026-02-16 22:00:00+00:00,True,False
2026-02-17 18:00:00+00:00,2026-02-18 11:00:00+00:00,2026-02-18 16:00:00,1,17,0.9424352049827576,2,2026-02-16 23:00:00+00:00,True,False
2026-02-17 18:00:00+00:00,2026-02-18 12:00:00+00:00,2026-02-18 17:00:00,1,18,0.8950007160504659,2,2026-02-17 00:00:00+00:00,True,False
2026-02-17 18:00:00+00:00,2026-02-18 13:00:00+00:00,2026-02-18 18:00:00,1,19,0.7017471790313721,2,2026-02-17 01:00:00+00:00,True,False
2026-02-17 18:00:00+00:00,2026-02-18 14:00:00+00:00,2026-02-18 19:00:00,1,20,0.5336780150731405,2,2026-02-17 02:00:00+00:00,True,False
2026-02-17 18:00:00+00:00,2026-02-18 15:00:00+00:00,2026-02-18 20:00:00,1,21,0.47652238607406616,2,2026-02-17 03:00:00+00:00,True,False
2026-02-17 18:00:00+00:00,2026-02-18 16:00:00+00:00,2026-02-18 21:00:00,1,22,0.42583589752515155,2,2026-02-17 04:00:00+00:00,True,False
2026-02-17 18:00:00+00:00,2026-02-18 17:00:00+00:00,2026-02-18 22:00:00,1,23,0.4267404576142629,2,2026-02-17 05:00:00+00:00,True,False
2026-02-17 18:00:00+00:00,2026-02-18 18:00:00+00:00,2026-02-18 23:00:00,1,24,0.44434576233228046,2,2026-02-17 06:00:00+00:00,True,False
2026-02-17 18:00:00+00:00,2026-02-18 19:00:00+00:00,2026-02-19 00:00:00,1,25,0.43561995029449463,2,2026-02-17 07:00:00+00:00,True,False
2026-02-17 18:00:00+00:00,2026-02-18 20:00:00+00:00,2026-02-19 01:00:00,1,26,0.4664849142233531,2,2026-02-17 08:00:00+00:00,True,False
2026-02-17 18:00:00+00:00,2026-02-18 21:00:00+00:00,2026-02-19 02:00:00,1,27,0.4326888124148051,2,2026-02-17 09:00:00+00:00,True,False
2026-02-17 18:00:00+00:00,2026-02-18 22:00:00+00:00,2026-02-19 03:00:00,1,28,0.5357034603754679,2,2026-02-17 10:00:00+00:00,True,False
2026-02-17 18:00:00+00:00,2026-02-18 23:00:00+00:00,2026-02-19 04:00:00,1,29,0.409377525250117,2,2026-02-17 11:00:00+00:00,True,False
2026-02-17 18:00:00+00:00,2026-02-19 00:00:00+00:00,2026-02-19 05:00:00,1,30,0.532945434252421,2,2026-02-17 12:00:00+00:00,True,False
2026-02-17 18:00:00+00:00,2026-02-19 01:00:00+00:00,2026-02-19 06:00:00,1,31,0.45653562744458515,2,2026-02-17 13:00:00+00:00,True,False
2026-02-17 18:00:00+00:00,2026-02-19 02:00:00+00:00,2026-02-19 07:00:00,1,32,0.3820394078890483,2,2026-02-17 14:00:00+00:00,True,False
2026-02-17 18:00:00+00:00,2026-02-19 03:00:00+00:00,2026-02-19 08:00:00,1,33,0.3416408797105153,2,2026-02-17 15:00:00+00:00,True,False
2026-02-17 18:00:00+00:00,2026-02-19 04:00:00+00:00,2026-02-19 09:00:00,1,34,0.333662748336792,2,2026-02-17 16:00:00+00:00,True,False
2026-02-17 18:00:00+00:00,2026-02-19 05:00:00+00:00,2026-02-19 10:00:00,1,35,0.379681517680486,2,2026-02-17 17:00:00+00:00,True,False
2026-02-17 18:00:00+00:00,2026-02-19 06:00:00+00:00,2026-02-19 11:00:00,1,36,0.17173129816850027,2,2026-02-17 18:00:00+00:00,True,False
2026-02-17 18:00:00+00:00,2026-02-19 07:00:00+00:00,2026-02-19 12:00:00,1,37,0.26323475937048596,3,2026-02-16 19:00:00+00:00,True,False
2026-02-17 18:00:00+00:00,2026-02-19 08:00:00+00:00,2026-02-19 13:00:00,1,38,0.10411431640386581,3,2026-02-16 20:00:00+00:00,True,False
2026-02-17 18:00:00+00:00,2026-02-19 09:00:00+00:00,2026-02-19 14:00:00,1,39,0.15930750469366708,3,2026-02-16 21:00:00+00:00,True,False
2026-02-17 18:00:00+00:00,2026-02-19 10:00:00+00:00,2026-02-19 15:00:00,1,40,0.11939191818237305,3,2026-02-16 22:00:00+00:00,True,False
2026-02-17 18:00:00+00:00,2026-02-19 11:00:00+00:00,2026-02-19 16:00:00,1,41,0.10413128013412158,3,2026-02-16 23:00:00+00:00,True,False
2026-02-17 18:00:00+00:00,2026-02-19 12:00:00+00:00,2026-02-19 17:00:00,1,42,0.1557402710119883,3,2026-02-17 00:00:00+00:00,True,False
2026-02-17 18:00:00+00:00,2026-02-19 13:00:00+00:00,2026-02-19 18:00:00,1,43,0.07893581315875053,3,2026-02-17 01:00:00+00:00,True,False
2026-02-17 18:00:00+00:00,2026-02-19 14:00:00+00:00,2026-02-19 19:00:00,1,44,0.07043153295914333,3,2026-02-17 02:00:00+00:00,True,False
2026-02-17 18:00:00+00:00,2026-02-19 15:00:00+00:00,2026-02-19 20:00:00,1,45,0.07206716885169347,3,2026-02-17 03:00:00+00:00,True,False
2026-02-17 18:00:00+00:00,2026-02-19 16:00:00+00:00,2026-02-19 21:00:00,1,46,0.10270629823207855,3,2026-02-17 04:00:00+00:00,True,False
2026-02-17 18:00:00+00:00,2026-02-19 17:00:00+00:00,2026-02-19 22:00:00,1,47,0.14465824514627457,3,2026-02-17 05:00:00+00:00,True,False
2026-02-17 18:00:00+00:00,2026-02-19 18:00:00+00:00,2026-02-19 23:00:00,1,48,0.16519132008155188,3,2026-02-17 06:00:00+00:00,True,False
2026-02-17 18:00:00+00:00,2026-02-17 19:00:00+00:00,2026-02-18 00:00:00,2,1,0.49821728467941284,1,2026-02-17 07:00:00+00:00,True,False
2026-02-17 18:00:00+00:00,2026-02-17 20:00:00+00:00,2026-02-18 01:00:00,2,2,0.5310837825139364,1,2026-02-17 08:00:00+00:00,True,False
2026-02-17 18:00:00+00:00,2026-02-17 21:00:00+00:00,2026-02-18 02:00:00,2,3,0.5455582439899445,1,2026-02-17 09:00:00+00:00,True,False
2026-02-17 18:00:00+00:00,2026-02-17 22:00:00+00:00,2026-02-18 03:00:00,2,4,0.6909752289454142,1,2026-02-17 10:00:00+00:00,True,False
2026-02-17 18:00:00+00:00,2026-02-17 23:00:00+00:00,2026-02-18 04:00:00,2,5,0.6203509370485941,1,2026-02-17 11:00:00+00:00,True,False
2026-02-17 18:00:00+00:00,2026-02-18 00:00:00+00:00,2026-02-18 05:00:00,2,6,0.7652064760526022,1,2026-02-17 12:00:00+00:00,True,False
2026-02-17 18:00:00+00:00,2026-02-18 01:00:00+00:00,2026-02-18 06:00:00,2,7,0.7294654250144958,1,2026-02-17 13:00:00+00:00,True,False
2026-02-17 18:00:00+00:00,2026-02-18 02:00:00+00:00,2026-02-18 07:00:00,2,8,0.7685964306195577,1,2026-02-17 14:00:00+00:00,True,False
2026-02-17 18:00:00+00:00,2026-02-18 03:00:00+00:00,2026-02-18 08:00:00,2,9,0.8300293286641439,1,2026-02-17 15:00:00+00:00,True,False
2026-02-17 18:00:00+00:00,2026-02-18 04:00:00+00:00,2026-02-18 09:00:00,2,10,0.8284377257029215,1,2026-02-17 16:00:00+00:00,True,False
2026-02-17 18:00:00+00:00,2026-02-18 05:00:00+00:00,2026-02-18 10:00:00,2,11,0.9155874848365784,1,2026-02-17 17:00:00+00:00,True,False
2026-02-17 18:00:00+00:00,2026-02-18 06:00:00+00:00,2026-02-18 11:00:00,2,12,0.9531101981798807,1,2026-02-17 18:00:00+00:00,True,False
2026-02-17 18:00:00+00:00,2026-02-18 07:00:00+00:00,2026-02-18 12:00:00,2,13,0.9574405550956726,2,2026-02-16 19:00:00+00:00,True,False
2026-02-17 18:00:00+00:00,2026-02-18 08:00:00+00:00,2026-02-18 13:00:00,2,14,0.9685559272766113,2,2026-02-16 20:00:00+00:00,True,False
2026-02-17 18:00:00+00:00,2026-02-18 09:00:00+00:00,2026-02-18 14:00:00,2,15,0.9718422492345175,2,2026-02-16 21:00:00+00:00,True,False
2026-02-17 18:00:00+00:00,2026-02-18 10:00:00+00:00,2026-02-18 15:00:00,2,16,0.9612648487091064,2,2026-02-16 22:00:00+00:00,True,False
2026-02-17 18:00:00+00:00,2026-02-18 11:00:00+00:00,2026-02-18 16:00:00,2,17,0.9444573720296224,2,2026-02-16 23:00:00+00:00,True,False
2026-02-17 18:00:00+00:00,2026-02-18 12:00:00+00:00,2026-02-18 17:00:00,2,18,0.9020529190699259,2,2026-02-17 00:00:00+00:00,True,False
2026-02-17 18:00:00+00:00,2026-02-18 13:00:00+00:00,2026-02-18 18:00:00,2,19,0.6986450552940369,2,2026-02-17 01:00:00+00:00,True,False
2026-02-17 18:00:00+00:00,2026-02-18 14:00:00+00:00,2026-02-18 19:00:00,2,20,0.5297791063785553,2,2026-02-17 02:00:00+00:00,True,False
2026-02-17 18:00:00+00:00,2026-02-18 15:00:00+00:00,2026-02-18 20:00:00,2,21,0.47049232323964435,2,2026-02-17 03:00:00+00:00,True,False
2026-02-17 18:00:00+00:00,2026-02-18 16:00:00+00:00,2026-02-18 21:00:00,2,22,0.399593581755956,2,2026-02-17 04:00:00+00:00,True,False
2026-02-17 18:00:00+00:00,2026-02-18 17:00:00+00:00,2026-02-18 22:00:00,2,23,0.3958632747332255,2,2026-02-17 05:00:00+00:00,True,False
2026-02-17 18:00:00+00:00,2026-02-18 18:00:00+00:00,2026-02-18 23:00:00,2,24,0.41021327177683514,2,2026-02-17 06:00:00+00:00,True,False
2026-02-17 18:00:00+00:00,2026-02-18 19:00:00+00:00,2026-02-19 00:00:00,2,25,0.4024699628353119,2,2026-02-17 07:00:00+00:00,True,False
2026-02-17 18:00:00+00:00,2026-02-18 20:00:00+00:00,2026-02-19 01:00:00,2,26,0.43301448225975037,2,2026-02-17 08:00:00+00:00,True,False
2026-02-17 18:00:00+00:00,2026-02-18 21:00:00+00:00,2026-02-19 02:00:00,2,27,0.39758508404095966,2,2026-02-17 09:00:00+00:00,True,False
2026-02-17 18:00:00+00:00,2026-02-18 22:00:00+00:00,2026-02-19 03:00:00,2,28,0.5064713458220164,2,2026-02-17 10:00:00+00:00,True,False
2026-02-17 18:00:00+00:00,2026-02-18 23:00:00+00:00,2026-02-19 04:00:00,2,29,0.37990009784698486,2,2026-02-17 11:00:00+00:00,True,False
2026-02-17 18:00:00+00:00,2026-02-19 00:00:00+00:00,2026-02-19 05:00:00,2,30,0.49721314509709674,2,2026-02-17 12:00:00+00:00,True,False
2026-02-17 18:00:00+00:00,2026-02-19 01:00:00+00:00,2026-02-19 06:00:00,2,31,0.4222744107246399,2,2026-02-17 13:00:00+00:00,True,False
2026-02-17 18:00:00+00:00,2026-02-19 02:00:00+00:00,2026-02-19 07:00:00,2,32,0.35635411739349365,2,2026-02-17 14:00:00+00:00,True,False
2026-02-17 18:00:00+00:00,2026-02-19 03:00:00+00:00,2026-02-19 08:00:00,2,33,0.31989574432373047,2,2026-02-17 15:00:00+00:00,True,False
2026-02-17 18:00:00+00:00,2026-02-19 04:00:00+00:00,2026-02-19 09:00:00,2,34,0.31866032878557843,2,2026-02-17 16:00:00+00:00,True,False
2026-02-17 18:00:00+00:00,2026-02-19 05:00:00+00:00,2026-02-19 10:00:00,2,35,0.36433351039886475,2,2026-02-17 17:00:00+00:00,True,False
2026-02-17 18:00:00+00:00,2026-02-19 06:00:00+00:00,2026-02-19 11:00:00,2,36,0.17221424480279288,2,2026-02-17 18:00:00+00:00,True,False
2026-02-17 18:00:00+00:00,2026-02-19 07:00:00+00:00,2026-02-19 12:00:00,2,37,0.2691362102826436,3,2026-02-16 19:00:00+00:00,True,False
2026-02-17 18:00:00+00:00,2026-02-19 08:00:00+00:00,2026-02-19 13:00:00,2,38,0.09702514360348384,3,2026-02-16 20:00:00+00:00,True,False
2026-02-17 18:00:00+00:00,2026-02-19 09:00:00+00:00,2026-02-19 14:00:00,2,39,0.16257042437791824,3,2026-02-16 21:00:00+00:00,True,False
2026-02-17 18:00:00+00:00,2026-02-19 10:00:00+00:00,2026-02-19 15:00:00,2,40,0.11947489033142726,3,2026-02-16 22:00:00+00:00,True,False
2026-02-17 18:00:00+00:00,2026-02-19 11:00:00+00:00,2026-02-19 16:00:00,2,41,0.10710331425070763,3,2026-02-16 23:00:00+00:00,True,False
2026-02-17 18:00:00+00:00,2026-02-19 12:00:00+00:00,2026-02-19 17:00:00,2,42,0.15501677493254343,3,2026-02-17 00:00:00+00:00,True,False
2026-02-17 18:00:00+00:00,2026-02-19 13:00:00+00:00,2026-02-19 18:00:00,2,43,0.07946608712275822,3,2026-02-17 01:00:00+00:00,True,False
2026-02-17 18:00:00+00:00,2026-02-19 14:00:00+00:00,2026-02-19 19:00:00,2,44,0.07176755368709564,3,2026-02-17 02:00:00+00:00,True,False
2026-02-17 18:00:00+00:00,2026-02-19 15:00:00+00:00,2026-02-19 20:00:00,2,45,0.07800395290056865,3,2026-02-17 03:00:00+00:00,True,False
2026-02-17 18:00:00+00:00,2026-02-19 16:00:00+00:00,2026-02-19 21:00:00,2,46,0.10686115672190984,3,2026-02-17 04:00:00+00:00,True,False
2026-02-17 18:00:00+00:00,2026-02-19 17:00:00+00:00,2026-02-19 22:00:00,2,47,0.15091183533271155,3,2026-02-17 05:00:00+00:00,True,False
2026-02-17 18:00:00+00:00,2026-02-19 18:00:00+00:00,2026-02-19 23:00:00,2,48,0.16803862899541855,3,2026-02-17 06:00:00+00:00,True,False
2026-02-18 18:00:00+00:00,2026-02-18 19:00:00+00:00,2026-02-19 00:00:00,1,1,0.6396797895431519,1,2026-02-18 07:00:00+00:00,True,False
2026-02-18 18:00:00+00:00,2026-02-18 20:00:00+00:00,2026-02-19 01:00:00,1,2,0.6415286461512247,1,2026-02-18 08:00:00+00:00,True,False
2026-02-18 18:00:00+00:00,2026-02-18 21:00:00+00:00,2026-02-19 02:00:00,1,3,0.6933193802833557,1,2026-02-18 09:00:00+00:00,True,False
2026-02-18 18:00:00+00:00,2026-02-18 22:00:00+00:00,2026-02-19 03:00:00,1,4,0.7047058542569479,1,2026-02-18 10:00:00+00:00,True,False
2026-02-18 18:00:00+00:00,2026-02-18 23:00:00+00:00,2026-02-19 04:00:00,1,5,0.7469021280606588,1,2026-02-18 11:00:00+00:00,True,False
2026-02-18 18:00:00+00:00,2026-02-19 00:00:00+00:00,2026-02-19 05:00:00,1,6,0.47509149710337323,1,2026-02-18 12:00:00+00:00,True,False
2026-02-18 18:00:00+00:00,2026-02-19 01:00:00+00:00,2026-02-19 06:00:00,1,7,0.4332479437192281,1,2026-02-18 13:00:00+00:00,True,False
2026-02-18 18:00:00+00:00,2026-02-19 02:00:00+00:00,2026-02-19 07:00:00,1,8,0.38501150409380597,1,2026-02-18 14:00:00+00:00,True,False
2026-02-18 18:00:00+00:00,2026-02-19 03:00:00+00:00,2026-02-19 08:00:00,1,9,0.19101292143265405,1,2026-02-18 15:00:00+00:00,True,False
2026-02-18 18:00:00+00:00,2026-02-19 04:00:00+00:00,2026-02-19 09:00:00,1,10,0.14868852744499841,1,2026-02-18 16:00:00+00:00,True,False
2026-02-18 18:00:00+00:00,2026-02-19 05:00:00+00:00,2026-02-19 10:00:00,1,11,0.14079497009515762,1,2026-02-18 17:00:00+00:00,True,False
2026-02-18 18:00:00+00:00,2026-02-19 06:00:00+00:00,2026-02-19 11:00:00,1,12,0.16118874649206796,1,2026-02-18 18:00:00+00:00,True,False
2026-02-18 18:00:00+00:00,2026-02-19 07:00:00+00:00,2026-02-19 12:00:00,1,13,0.12953876703977585,2,2026-02-17 19:00:00+00:00,True,False
2026-02-18 18:00:00+00:00,2026-02-19 08:00:00+00:00,2026-02-19 13:00:00,1,14,0.12930027892192206,2,2026-02-17 20:00:00+00:00,True,False
2026-02-18 18:00:00+00:00,2026-02-19 09:00:00+00:00,2026-02-19 14:00:00,1,15,0.103208323319753,2,2026-02-17 21:00:00+00:00,True,False
2026-02-18 18:00:00+00:00,2026-02-19 10:00:00+00:00,2026-02-19 15:00:00,1,16,0.10414140423138936,2,2026-02-17 22:00:00+00:00,True,False
2026-02-18 18:00:00+00:00,2026-02-19 11:00:00+00:00,2026-02-19 16:00:00,1,17,0.09954116741816203,2,2026-02-17 23:00:00+00:00,True,False
2026-02-18 18:00:00+00:00,2026-02-19 12:00:00+00:00,2026-02-19 17:00:00,1,18,0.1360040878256162,2,2026-02-18 00:00:00+00:00,True,False
2026-02-18 18:00:00+00:00,2026-02-19 13:00:00+00:00,2026-02-19 18:00:00,1,19,0.13573539753754935,2,2026-02-18 01:00:00+00:00,True,False
2026-02-18 18:00:00+00:00,2026-02-19 14:00:00+00:00,2026-02-19 19:00:00,1,20,0.10536286731561025,2,2026-02-18 02:00:00+00:00,True,False
2026-02-18 18:00:00+00:00,2026-02-19 15:00:00+00:00,2026-02-19 20:00:00,1,21,0.13109132647514343,2,2026-02-18 03:00:00+00:00,True,False
2026-02-18 18:00:00+00:00,2026-02-19 16:00:00+00:00,2026-02-19 21:00:00,1,22,0.03301118779927492,2,2026-02-18 04:00:00+00:00,True,False
2026-02-18 18:00:00+00:00,2026-02-19 17:00:00+00:00,2026-02-19 22:00:00,1,23,0.05723241716623306,2,2026-02-18 05:00:00+00:00,True,False
2026-02-18 18:00:00+00:00,2026-02-19 18:00:00+00:00,2026-02-19 23:00:00,1,24,0.05953655391931534,2,2026-02-18 06:00:00+00:00,True,False
2026-02-18 18:00:00+00:00,2026-02-19 19:00:00+00:00,2026-02-20 00:00:00,1,25,0.11241744955380757,2,2026-02-18 07:00:00+00:00,True,False
2026-02-18 18:00:00+00:00,2026-02-19 20:00:00+00:00,2026-02-20 01:00:00,1,26,0.19296148419380188,2,2026-02-18 08:00:00+00:00,True,False
2026-02-18 18:00:00+00:00,2026-02-19 21:00:00+00:00,2026-02-20 02:00:00,1,27,0.24357757965723673,2,2026-02-18 09:00:00+00:00,True,False
2026-02-18 18:00:00+00:00,2026-02-19 22:00:00+00:00,2026-02-20 03:00:00,1,28,0.2989528576533,2,2026-02-18 10:00:00+00:00,True,False
2026-02-18 18:00:00+00:00,2026-02-19 23:00:00+00:00,2026-02-20 04:00:00,1,29,0.5165311495463053,2,2026-02-18 11:00:00+00:00,True,False
2026-02-18 18:00:00+00:00,2026-02-20 00:00:00+00:00,2026-02-20 05:00:00,1,30,0.4884823759396871,2,2026-02-18 12:00:00+00:00,True,False
2026-02-18 18:00:00+00:00,2026-02-20 01:00:00+00:00,2026-02-20 06:00:00,1,31,0.5864607294400533,2,2026-02-18 13:00:00+00:00,True,False
2026-02-18 18:00:00+00:00,2026-02-20 02:00:00+00:00,2026-02-20 07:00:00,1,32,0.4849799871444702,2,2026-02-18 14:00:00+00:00,True,False
2026-02-18 18:00:00+00:00,2026-02-20 03:00:00+00:00,2026-02-20 08:00:00,1,33,0.36655280987421673,2,2026-02-18 15:00:00+00:00,True,False
2026-02-18 18:00:00+00:00,2026-02-20 04:00:00+00:00,2026-02-20 09:00:00,1,34,0.2281170686086019,2,2026-02-18 16:00:00+00:00,True,False
2026-02-18 18:00:00+00:00,2026-02-20 05:00:00+00:00,2026-02-20 10:00:00,1,35,0.07180484260121982,2,2026-02-18 17:00:00+00:00,True,False
2026-02-18 18:00:00+00:00,2026-02-20 06:00:00+00:00,2026-02-20 11:00:00,1,36,0.09736121942599614,2,2026-02-18 18:00:00+00:00,True,False
2026-02-18 18:00:00+00:00,2026-02-20 07:00:00+00:00,2026-02-20 12:00:00,1,37,0.04225975088775158,3,2026-02-17 19:00:00+00:00,True,False
2026-02-18 18:00:00+00:00,2026-02-20 08:00:00+00:00,2026-02-20 13:00:00,1,38,0.03881536858777205,3,2026-02-17 20:00:00+00:00,True,False
2026-02-18 18:00:00+00:00,2026-02-20 09:00:00+00:00,2026-02-20 14:00:00,1,39,0.04557187048097452,3,2026-02-17 21:00:00+00:00,True,False
2026-02-18 18:00:00+00:00,2026-02-20 10:00:00+00:00,2026-02-20 15:00:00,1,40,0.06258827944596608,3,2026-02-17 22:00:00+00:00,True,False
2026-02-18 18:00:00+00:00,2026-02-20 11:00:00+00:00,2026-02-20 16:00:00,1,41,0.09978252400954564,3,2026-02-17 23:00:00+00:00,True,False
2026-02-18 18:00:00+00:00,2026-02-20 12:00:00+00:00,2026-02-20 17:00:00,1,42,0.21894695361455283,3,2026-02-18 00:00:00+00:00,True,False
2026-02-18 18:00:00+00:00,2026-02-20 13:00:00+00:00,2026-02-20 18:00:00,1,43,0.4025893608729045,3,2026-02-18 01:00:00+00:00,True,False
2026-02-18 18:00:00+00:00,2026-02-20 14:00:00+00:00,2026-02-20 19:00:00,1,44,0.4411528507868449,3,2026-02-18 02:00:00+00:00,True,False
2026-02-18 18:00:00+00:00,2026-02-20 15:00:00+00:00,2026-02-20 20:00:00,1,45,0.48736993471781415,3,2026-02-18 03:00:00+00:00,True,False
2026-02-18 18:00:00+00:00,2026-02-20 16:00:00+00:00,2026-02-20 21:00:00,1,46,0.6475881139437357,3,2026-02-18 04:00:00+00:00,True,False
2026-02-18 18:00:00+00:00,2026-02-20 17:00:00+00:00,2026-02-20 22:00:00,1,47,0.7092908422152201,3,2026-02-18 05:00:00+00:00,True,False
2026-02-18 18:00:00+00:00,2026-02-20 18:00:00+00:00,2026-02-20 23:00:00,1,48,0.7682792743047079,3,2026-02-18 06:00:00+00:00,True,False
2026-02-18 18:00:00+00:00,2026-02-18 19:00:00+00:00,2026-02-19 00:00:00,2,1,0.5829181472460429,1,2026-02-18 07:00:00+00:00,True,False
2026-02-18 18:00:00+00:00,2026-02-18 20:00:00+00:00,2026-02-19 01:00:00,2,2,0.5768269697825114,1,2026-02-18 08:00:00+00:00,True,False
2026-02-18 18:00:00+00:00,2026-02-18 21:00:00+00:00,2026-02-19 02:00:00,2,3,0.6429405013720194,1,2026-02-18 09:00:00+00:00,True,False
2026-02-18 18:00:00+00:00,2026-02-18 22:00:00+00:00,2026-02-19 03:00:00,2,4,0.6447474559148153,1,2026-02-18 10:00:00+00:00,True,False
2026-02-18 18:00:00+00:00,2026-02-18 23:00:00+00:00,2026-02-19 04:00:00,2,5,0.7054120699564616,1,2026-02-18 11:00:00+00:00,True,False
2026-02-18 18:00:00+00:00,2026-02-19 00:00:00+00:00,2026-02-19 05:00:00,2,6,0.43660589059193927,1,2026-02-18 12:00:00+00:00,True,False
2026-02-18 18:00:00+00:00,2026-02-19 01:00:00+00:00,2026-02-19 06:00:00,2,7,0.40553901592890423,1,2026-02-18 13:00:00+00:00,True,False
2026-02-18 18:00:00+00:00,2026-02-19 02:00:00+00:00,2026-02-19 07:00:00,2,8,0.358625590801239,1,2026-02-18 14:00:00+00:00,True,False
2026-02-18 18:00:00+00:00,2026-02-19 03:00:00+00:00,2026-02-19 08:00:00,2,9,0.1879407912492752,1,2026-02-18 15:00:00+00:00,True,False
2026-02-18 18:00:00+00:00,2026-02-19 04:00:00+00:00,2026-02-19 09:00:00,2,10,0.1510169580578804,1,2026-02-18 16:00:00+00:00,True,False
2026-02-18 18:00:00+00:00,2026-02-19 05:00:00+00:00,2026-02-19 10:00:00,2,11,0.1426094969113668,1,2026-02-18 17:00:00+00:00,True,False
2026-02-18 18:00:00+00:00,2026-02-19 06:00:00+00:00,2026-02-19 11:00:00,2,12,0.16239164769649506,1,2026-02-18 18:00:00+00:00,True,False
2026-02-18 18:00:00+00:00,2026-02-19 07:00:00+00:00,2026-02-19 12:00:00,2,13,0.13361446807781854,2,2026-02-17 19:00:00+00:00,True,False
2026-02-18 18:00:00+00:00,2026-02-19 08:00:00+00:00,2026-02-19 13:00:00,2,14,0.1304574509461721,2,2026-02-17 20:00:00+00:00,True,False
2026-02-18 18:00:00+00:00,2026-02-19 09:00:00+00:00,2026-02-19 14:00:00,2,15,0.10062815994024277,2,2026-02-17 21:00:00+00:00,True,False
2026-02-18 18:00:00+00:00,2026-02-19 10:00:00+00:00,2026-02-19 15:00:00,2,16,0.10397176692883174,2,2026-02-17 22:00:00+00:00,True,False
2026-02-18 18:00:00+00:00,2026-02-19 11:00:00+00:00,2026-02-19 16:00:00,2,17,0.09669830401738484,2,2026-02-17 23:00:00+00:00,True,False
2026-02-18 18:00:00+00:00,2026-02-19 12:00:00+00:00,2026-02-19 17:00:00,2,18,0.13826908667882284,2,2026-02-18 00:00:00+00:00,True,False
2026-02-18 18:00:00+00:00,2026-02-19 13:00:00+00:00,2026-02-19 18:00:00,2,19,0.13327006002267203,2,2026-02-18 01:00:00+00:00,True,False
2026-02-18 18:00:00+00:00,2026-02-19 14:00:00+00:00,2026-02-19 19:00:00,2,20,0.10067196066180865,2,2026-02-18 02:00:00+00:00,True,False
2026-02-18 18:00:00+00:00,2026-02-19 15:00:00+00:00,2026-02-19 20:00:00,2,21,0.13700502614180246,2,2026-02-18 03:00:00+00:00,True,False
2026-02-18 18:00:00+00:00,2026-02-19 16:00:00+00:00,2026-02-19 21:00:00,2,22,0.03348567150533199,2,2026-02-18 04:00:00+00:00,True,False
2026-02-18 18:00:00+00:00,2026-02-19 17:00:00+00:00,2026-02-19 22:00:00,2,23,0.05846857155362765,2,2026-02-18 05:00:00+00:00,True,False
2026-02-18 18:00:00+00:00,2026-02-19 18:00:00+00:00,2026-02-19 23:00:00,2,24,0.060554382701714836,2,2026-02-18 06:00:00+00:00,True,False
2026-02-18 18:00:00+00:00,2026-02-19 19:00:00+00:00,2026-02-20 00:00:00,2,25,0.11644713580608368,2,2026-02-18 07:00:00+00:00,True,False
2026-02-18 18:00:00+00:00,2026-02-19 20:00:00+00:00,2026-02-20 01:00:00,2,26,0.20504525303840637,2,2026-02-18 08:00:00+00:00,True,False
2026-02-18 18:00:00+00:00,2026-02-19 21:00:00+00:00,2026-02-20 02:00:00,2,27,0.2607973664999008,2,2026-02-18 09:00:00+00:00,True,False
2026-02-18 18:00:00+00:00,2026-02-19 22:00:00+00:00,2026-02-20 03:00:00,2,28,0.30612056454022724,2,2026-02-18 10:00:00+00:00,True,False
2026-02-18 18:00:00+00:00,2026-02-19 23:00:00+00:00,2026-02-20 04:00:00,2,29,0.5164442360401154,2,2026-02-18 11:00:00+00:00,True,False
2026-02-18 18:00:00+00:00,2026-02-20 00:00:00+00:00,2026-02-20 05:00:00,2,30,0.4935149947802226,2,2026-02-18 12:00:00+00:00,True,False
2026-02-18 18:00:00+00:00,2026-02-20 01:00:00+00:00,2026-02-20 06:00:00,2,31,0.5827726324399313,2,2026-02-18 13:00:00+00:00,True,False
2026-02-18 18:00:00+00:00,2026-02-20 02:00:00+00:00,2026-02-20 07:00:00,2,32,0.4951357344786326,2,2026-02-18 14:00:00+00:00,True,False
2026-02-18 18:00:00+00:00,2026-02-20 03:00:00+00:00,2026-02-20 08:00:00,2,33,0.3621409237384796,2,2026-02-18 15:00:00+00:00,True,False
2026-02-18 18:00:00+00:00,2026-02-20 04:00:00+00:00,2026-02-20 09:00:00,2,34,0.20960997541745505,2,2026-02-18 16:00:00+00:00,True,False
2026-02-18 18:00:00+00:00,2026-02-20 05:00:00+00:00,2026-02-20 10:00:00,2,35,0.06522398814558983,2,2026-02-18 17:00:00+00:00,True,False
2026-02-18 18:00:00+00:00,2026-02-20 06:00:00+00:00,2026-02-20 11:00:00,2,36,0.09384840602676074,2,2026-02-18 18:00:00+00:00,True,False
2026-02-18 18:00:00+00:00,2026-02-20 07:00:00+00:00,2026-02-20 12:00:00,2,37,0.04621409376462301,3,2026-02-17 19:00:00+00:00,True,False
2026-02-18 18:00:00+00:00,2026-02-20 08:00:00+00:00,2026-02-20 13:00:00,2,38,0.03999653893212477,3,2026-02-17 20:00:00+00:00,True,False
2026-02-18 18:00:00+00:00,2026-02-20 09:00:00+00:00,2026-02-20 14:00:00,2,39,0.04572920501232147,3,2026-02-17 21:00:00+00:00,True,False
2026-02-18 18:00:00+00:00,2026-02-20 10:00:00+00:00,2026-02-20 15:00:00,2,40,0.062187248220046364,3,2026-02-17 22:00:00+00:00,True,False
2026-02-18 18:00:00+00:00,2026-02-20 11:00:00+00:00,2026-02-20 16:00:00,2,41,0.1025531068444252,3,2026-02-17 23:00:00+00:00,True,False
2026-02-18 18:00:00+00:00,2026-02-20 12:00:00+00:00,2026-02-20 17:00:00,2,42,0.23503869275252023,3,2026-02-18 00:00:00+00:00,True,False
2026-02-18 18:00:00+00:00,2026-02-20 13:00:00+00:00,2026-02-20 18:00:00,2,43,0.40450519323349,3,2026-02-18 01:00:00+00:00,True,False
2026-02-18 18:00:00+00:00,2026-02-20 14:00:00+00:00,2026-02-20 19:00:00,2,44,0.41191895802815753,3,2026-02-18 02:00:00+00:00,True,False
2026-02-18 18:00:00+00:00,2026-02-20 15:00:00+00:00,2026-02-20 20:00:00,2,45,0.4978264272212982,3,2026-02-18 03:00:00+00:00,True,False
2026-02-18 18:00:00+00:00,2026-02-20 16:00:00+00:00,2026-02-20 21:00:00,2,46,0.6387672424316406,3,2026-02-18 04:00:00+00:00,True,False
2026-02-18 18:00:00+00:00,2026-02-20 17:00:00+00:00,2026-02-20 22:00:00,2,47,0.6764680743217468,3,2026-02-18 05:00:00+00:00,True,False
2026-02-18 18:00:00+00:00,2026-02-20 18:00:00+00:00,2026-02-20 23:00:00,2,48,0.7357983191808065,3,2026-02-18 06:00:00+00:00,True,False
2026-02-19 18:00:00+00:00,2026-02-19 19:00:00+00:00,2026-02-20 00:00:00,1,1,0.15717684477567673,1,2026-02-19 07:00:00+00:00,True,False
2026-02-19 18:00:00+00:00,2026-02-19 20:00:00+00:00,2026-02-20 01:00:00,1,2,0.20096822082996368,1,2026-02-19 08:00:00+00:00,True,False
2026-02-19 18:00:00+00:00,2026-02-19 21:00:00+00:00,2026-02-20 02:00:00,1,3,0.2840041021505992,1,2026-02-19 09:00:00+00:00,True,False
2026-02-19 18:00:00+00:00,2026-02-19 22:00:00+00:00,2026-02-20 03:00:00,1,4,0.3295704921086629,1,2026-02-19 10:00:00+00:00,True,False
2026-02-19 18:00:00+00:00,2026-02-19 23:00:00+00:00,2026-02-20 04:00:00,1,5,0.2681068380673726,1,2026-02-19 11:00:00+00:00,True,False
2026-02-19 18:00:00+00:00,2026-02-20 00:00:00+00:00,2026-02-20 05:00:00,1,6,0.4477768937746684,1,2026-02-19 12:00:00+00:00,True,False
2026-02-19 18:00:00+00:00,2026-02-20 01:00:00+00:00,2026-02-20 06:00:00,1,7,0.5441100001335144,1,2026-02-19 13:00:00+00:00,True,False
2026-02-19 18:00:00+00:00,2026-02-20 02:00:00+00:00,2026-02-20 07:00:00,1,8,0.648121972878774,1,2026-02-19 14:00:00+00:00,True,False
2026-02-19 18:00:00+00:00,2026-02-20 03:00:00+00:00,2026-02-20 08:00:00,1,9,0.6019294162591299,1,2026-02-19 15:00:00+00:00,True,False
2026-02-19 18:00:00+00:00,2026-02-20 04:00:00+00:00,2026-02-20 09:00:00,1,10,0.48434020082155865,1,2026-02-19 16:00:00+00:00,True,False
2026-02-19 18:00:00+00:00,2026-02-20 05:00:00+00:00,2026-02-20 10:00:00,1,11,0.18465061485767365,1,2026-02-19 17:00:00+00:00,True,False
2026-02-19 18:00:00+00:00,2026-02-20 06:00:00+00:00,2026-02-20 11:00:00,1,12,0.31003284454345703,1,2026-02-19 18:00:00+00:00,True,False
2026-02-19 18:00:00+00:00,2026-02-20 07:00:00+00:00,2026-02-20 12:00:00,1,13,0.05055081223448118,2,2026-02-18 19:00:00+00:00,True,False
2026-02-19 18:00:00+00:00,2026-02-20 08:00:00+00:00,2026-02-20 13:00:00,1,14,0.03424426354467869,2,2026-02-18 20:00:00+00:00,True,False
2026-02-19 18:00:00+00:00,2026-02-20 09:00:00+00:00,2026-02-20 14:00:00,1,15,0.029863848040501278,2,2026-02-18 21:00:00+00:00,True,False
2026-02-19 18:00:00+00:00,2026-02-20 10:00:00+00:00,2026-02-20 15:00:00,1,16,0.04149471906324228,2,2026-02-18 22:00:00+00:00,True,False
2026-02-19 18:00:00+00:00,2026-02-20 11:00:00+00:00,2026-02-20 16:00:00,1,17,0.04984718685348829,2,2026-02-18 23:00:00+00:00,True,False
2026-02-19 18:00:00+00:00,2026-02-20 12:00:00+00:00,2026-02-20 17:00:00,1,18,0.060710870350400604,2,2026-02-19 00:00:00+00:00,True,False
2026-02-19 18:00:00+00:00,2026-02-20 13:00:00+00:00,2026-02-20 18:00:00,1,19,0.12427603453397751,2,2026-02-19 01:00:00+00:00,True,False
2026-02-19 18:00:00+00:00,2026-02-20 14:00:00+00:00,2026-02-20 19:00:00,1,20,0.22967768957217535,2,2026-02-19 02:00:00+00:00,True,False
2026-02-19 18:00:00+00:00,2026-02-20 15:00:00+00:00,2026-02-20 20:00:00,1,21,0.3059707432985306,2,2026-02-19 03:00:00+00:00,True,False
2026-02-19 18:00:00+00:00,2026-02-20 16:00:00+00:00,2026-02-20 21:00:00,1,22,0.4667101303736369,2,2026-02-19 04:00:00+00:00,True,False
2026-02-19 18:00:00+00:00,2026-02-20 17:00:00+00:00,2026-02-20 22:00:00,1,23,0.4921050767103831,2,2026-02-19 05:00:00+00:00,True,False
2026-02-19 18:00:00+00:00,2026-02-20 18:00:00+00:00,2026-02-20 23:00:00,1,24,0.3229287564754486,2,2026-02-19 06:00:00+00:00,True,False
2026-02-19 18:00:00+00:00,2026-02-20 19:00:00+00:00,2026-02-21 00:00:00,1,25,0.33646145462989807,2,2026-02-19 07:00:00+00:00,True,False
2026-02-19 18:00:00+00:00,2026-02-20 20:00:00+00:00,2026-02-21 01:00:00,1,26,0.35852747162183124,2,2026-02-19 08:00:00+00:00,True,False
2026-02-19 18:00:00+00:00,2026-02-20 21:00:00+00:00,2026-02-21 02:00:00,1,27,0.3465998371442159,2,2026-02-19 09:00:00+00:00,True,False
2026-02-19 18:00:00+00:00,2026-02-20 22:00:00+00:00,2026-02-21 03:00:00,1,28,0.39958517750104267,2,2026-02-19 10:00:00+00:00,True,False
2026-02-19 18:00:00+00:00,2026-02-20 23:00:00+00:00,2026-02-21 04:00:00,1,29,0.4018748203913371,2,2026-02-19 11:00:00+00:00,True,False
2026-02-19 18:00:00+00:00,2026-02-21 00:00:00+00:00,2026-02-21 05:00:00,1,30,0.5018656154473623,2,2026-02-19 12:00:00+00:00,True,False
2026-02-19 18:00:00+00:00,2026-02-21 01:00:00+00:00,2026-02-21 06:00:00,1,31,0.3445192873477936,2,2026-02-19 13:00:00+00:00,True,False
2026-02-19 18:00:00+00:00,2026-02-21 02:00:00+00:00,2026-02-21 07:00:00,1,32,0.23938216269016266,2,2026-02-19 14:00:00+00:00,True,False
2026-02-19 18:00:00+00:00,2026-02-21 03:00:00+00:00,2026-02-21 08:00:00,1,33,0.16701016823450723,2,2026-02-19 15:00:00+00:00,True,False
2026-02-19 18:00:00+00:00,2026-02-21 04:00:00+00:00,2026-02-21 09:00:00,1,34,0.05134942755103111,2,2026-02-19 16:00:00+00:00,True,False
2026-02-19 18:00:00+00:00,2026-02-21 05:00:00+00:00,2026-02-21 10:00:00,1,35,0.2430605540672938,2,2026-02-19 17:00:00+00:00,True,False
2026-02-19 18:00:00+00:00,2026-02-21 06:00:00+00:00,2026-02-21 11:00:00,1,36,0.505895068248113,2,2026-02-19 18:00:00+00:00,True,False
2026-02-19 18:00:00+00:00,2026-02-21 07:00:00+00:00,2026-02-21 12:00:00,1,37,0.44218464692433673,3,2026-02-18 19:00:00+00:00,True,False
2026-02-19 18:00:00+00:00,2026-02-21 08:00:00+00:00,2026-02-21 13:00:00,1,38,0.6737147370974222,3,2026-02-18 20:00:00+00:00,True,False
2026-02-19 18:00:00+00:00,2026-02-21 09:00:00+00:00,2026-02-21 14:00:00,1,39,0.8570424914360046,3,2026-02-18 21:00:00+00:00,True,False
2026-02-19 18:00:00+00:00,2026-02-21 10:00:00+00:00,2026-02-21 15:00:00,1,40,0.7498612205187479,3,2026-02-18 22:00:00+00:00,True,False
2026-02-19 18:00:00+00:00,2026-02-21 11:00:00+00:00,2026-02-21 16:00:00,1,41,0.7427372733751932,3,2026-02-18 23:00:00+00:00,True,False
2026-02-19 18:00:00+00:00,2026-02-21 12:00:00+00:00,2026-02-21 17:00:00,1,42,0.5557319521903992,3,2026-02-19 00:00:00+00:00,True,False
2026-02-19 18:00:00+00:00,2026-02-21 13:00:00+00:00,2026-02-21 18:00:00,1,43,0.8286559184392294,3,2026-02-19 01:00:00+00:00,True,False
2026-02-19 18:00:00+00:00,2026-02-21 14:00:00+00:00,2026-02-21 19:00:00,1,44,0.9200729727745056,3,2026-02-19 02:00:00+00:00,True,False
2026-02-19 18:00:00+00:00,2026-02-21 15:00:00+00:00,2026-02-21 20:00:00,1,45,0.7414901455243429,3,2026-02-19 03:00:00+00:00,True,False
2026-02-19 18:00:00+00:00,2026-02-21 16:00:00+00:00,2026-02-21 21:00:00,1,46,0.7123479843139648,3,2026-02-19 04:00:00+00:00,True,False
2026-02-19 18:00:00+00:00,2026-02-21 17:00:00+00:00,2026-02-21 22:00:00,1,47,0.4458920458952586,3,2026-02-19 05:00:00+00:00,True,False
2026-02-19 18:00:00+00:00,2026-02-21 18:00:00+00:00,2026-02-21 23:00:00,1,48,0.22419523944457373,3,2026-02-19 06:00:00+00:00,True,False
2026-02-19 18:00:00+00:00,2026-02-19 19:00:00+00:00,2026-02-20 00:00:00,2,1,0.157027468085289,1,2026-02-19 07:00:00+00:00,True,False
2026-02-19 18:00:00+00:00,2026-02-19 20:00:00+00:00,2026-02-20 01:00:00,2,2,0.19362224141756693,1,2026-02-19 08:00:00+00:00,True,False
2026-02-19 18:00:00+00:00,2026-02-19 21:00:00+00:00,2026-02-20 02:00:00,2,3,0.27805717786153156,1,2026-02-19 09:00:00+00:00,True,False
2026-02-19 18:00:00+00:00,2026-02-19 22:00:00+00:00,2026-02-20 03:00:00,2,4,0.3182598948478699,1,2026-02-19 10:00:00+00:00,True,False
2026-02-19 18:00:00+00:00,2026-02-19 23:00:00+00:00,2026-02-20 04:00:00,2,5,0.259565790494283,1,2026-02-19 11:00:00+00:00,True,False
2026-02-19 18:00:00+00:00,2026-02-20 00:00:00+00:00,2026-02-20 05:00:00,2,6,0.45597829421361286,1,2026-02-19 12:00:00+00:00,True,False
2026-02-19 18:00:00+00:00,2026-02-20 01:00:00+00:00,2026-02-20 06:00:00,2,7,0.5514483153820038,1,2026-02-19 13:00:00+00:00,True,False
2026-02-19 18:00:00+00:00,2026-02-20 02:00:00+00:00,2026-02-20 07:00:00,2,8,0.6550207336743673,1,2026-02-19 14:00:00+00:00,True,False
2026-02-19 18:00:00+00:00,2026-02-20 03:00:00+00:00,2026-02-20 08:00:00,2,9,0.6106147170066833,1,2026-02-19 15:00:00+00:00,True,False
2026-02-19 18:00:00+00:00,2026-02-20 04:00:00+00:00,2026-02-20 09:00:00,2,10,0.4874519904454549,1,2026-02-19 16:00:00+00:00,True,False
2026-02-19 18:00:00+00:00,2026-02-20 05:00:00+00:00,2026-02-20 10:00:00,2,11,0.18174486855665842,1,2026-02-19 17:00:00+00:00,True,False
2026-02-19 18:00:00+00:00,2026-02-20 06:00:00+00:00,2026-02-20 11:00:00,2,12,0.31866371134916943,1,2026-02-19 18:00:00+00:00,True,False
2026-02-19 18:00:00+00:00,2026-02-20 07:00:00+00:00,2026-02-20 12:00:00,2,13,0.04806991790731748,2,2026-02-18 19:00:00+00:00,True,False
2026-02-19 18:00:00+00:00,2026-02-20 08:00:00+00:00,2026-02-20 13:00:00,2,14,0.032716051675379276,2,2026-02-18 20:00:00+00:00,True,False
2026-02-19 18:00:00+00:00,2026-02-20 09:00:00+00:00,2026-02-20 14:00:00,2,15,0.028841515071690083,2,2026-02-18 21:00:00+00:00,True,False
2026-02-19 18:00:00+00:00,2026-02-20 10:00:00+00:00,2026-02-20 15:00:00,2,16,0.03891551091025273,2,2026-02-18 22:00:00+00:00,True,False
2026-02-19 18:00:00+00:00,2026-02-20 11:00:00+00:00,2026-02-20 16:00:00,2,17,0.049887689451376595,2,2026-02-18 23:00:00+00:00,True,False
2026-02-19 18:00:00+00:00,2026-02-20 12:00:00+00:00,2026-02-20 17:00:00,2,18,0.05648992955684662,2,2026-02-19 00:00:00+00:00,True,False
2026-02-19 18:00:00+00:00,2026-02-20 13:00:00+00:00,2026-02-20 18:00:00,2,19,0.12977924197912216,2,2026-02-19 01:00:00+00:00,True,False
2026-02-19 18:00:00+00:00,2026-02-20 14:00:00+00:00,2026-02-20 19:00:00,2,20,0.22883779803911844,2,2026-02-19 02:00:00+00:00,True,False
2026-02-19 18:00:00+00:00,2026-02-20 15:00:00+00:00,2026-02-20 20:00:00,2,21,0.29360590875148773,2,2026-02-19 03:00:00+00:00,True,False
2026-02-19 18:00:00+00:00,2026-02-20 16:00:00+00:00,2026-02-20 21:00:00,2,22,0.44957993427912396,2,2026-02-19 04:00:00+00:00,True,False
2026-02-19 18:00:00+00:00,2026-02-20 17:00:00+00:00,2026-02-20 22:00:00,2,23,0.4767788251241048,2,2026-02-19 05:00:00+00:00,True,False
2026-02-19 18:00:00+00:00,2026-02-20 18:00:00+00:00,2026-02-20 23:00:00,2,24,0.3062451382478078,2,2026-02-19 06:00:00+00:00,True,False
2026-02-19 18:00:00+00:00,2026-02-20 19:00:00+00:00,2026-02-21 00:00:00,2,25,0.3026481469472249,2,2026-02-19 07:00:00+00:00,True,False
2026-02-19 18:00:00+00:00,2026-02-20 20:00:00+00:00,2026-02-21 01:00:00,2,26,0.31785014271736145,2,2026-02-19 08:00:00+00:00,True,False
2026-02-19 18:00:00+00:00,2026-02-20 21:00:00+00:00,2026-02-21 02:00:00,2,27,0.3149191935857137,2,2026-02-19 09:00:00+00:00,True,False
2026-02-19 18:00:00+00:00,2026-02-20 22:00:00+00:00,2026-02-21 03:00:00,2,28,0.3710351089636485,2,2026-02-19 10:00:00+00:00,True,False
2026-02-19 18:00:00+00:00,2026-02-20 23:00:00+00:00,2026-02-21 04:00:00,2,29,0.37398119767506915,2,2026-02-19 11:00:00+00:00,True,False
2026-02-19 18:00:00+00:00,2026-02-21 00:00:00+00:00,2026-02-21 05:00:00,2,30,0.46240200599034625,2,2026-02-19 12:00:00+00:00,True,False
2026-02-19 18:00:00+00:00,2026-02-21 01:00:00+00:00,2026-02-21 06:00:00,2,31,0.32511019210020703,2,2026-02-19 13:00:00+00:00,True,False
2026-02-19 18:00:00+00:00,2026-02-21 02:00:00+00:00,2026-02-21 07:00:00,2,32,0.22637287278970084,2,2026-02-19 14:00:00+00:00,True,False
2026-02-19 18:00:00+00:00,2026-02-21 03:00:00+00:00,2026-02-21 08:00:00,2,33,0.1552371233701706,2,2026-02-19 15:00:00+00:00,True,False
2026-02-19 18:00:00+00:00,2026-02-21 04:00:00+00:00,2026-02-21 09:00:00,2,34,0.047981596241394676,2,2026-02-19 16:00:00+00:00,True,False
2026-02-19 18:00:00+00:00,2026-02-21 05:00:00+00:00,2026-02-21 10:00:00,2,35,0.2315064420302709,2,2026-02-19 17:00:00+00:00,True,False
2026-02-19 18:00:00+00:00,2026-02-21 06:00:00+00:00,2026-02-21 11:00:00,2,36,0.503342737754186,2,2026-02-19 18:00:00+00:00,True,False
2026-02-19 18:00:00+00:00,2026-02-21 07:00:00+00:00,2026-02-21 12:00:00,2,37,0.43773998816808063,3,2026-02-18 19:00:00+00:00,True,False
2026-02-19 18:00:00+00:00,2026-02-21 08:00:00+00:00,2026-02-21 13:00:00,2,38,0.6907503803571066,3,2026-02-18 20:00:00+00:00,True,False
2026-02-19 18:00:00+00:00,2026-02-21 09:00:00+00:00,2026-02-21 14:00:00,2,39,0.8446108897527059,3,2026-02-18 21:00:00+00:00,True,False
2026-02-19 18:00:00+00:00,2026-02-21 10:00:00+00:00,2026-02-21 15:00:00,2,40,0.7390941083431244,3,2026-02-18 22:00:00+00:00,True,False
2026-02-19 18:00:00+00:00,2026-02-21 11:00:00+00:00,2026-02-21 16:00:00,2,41,0.7339117527008057,3,2026-02-18 23:00:00+00:00,True,False
2026-02-19 18:00:00+00:00,2026-02-21 12:00:00+00:00,2026-02-21 17:00:00,2,42,0.5486911634604136,3,2026-02-19 00:00:00+00:00,True,False
2026-02-19 18:00:00+00:00,2026-02-21 13:00:00+00:00,2026-02-21 18:00:00,2,43,0.8289206425348917,3,2026-02-19 01:00:00+00:00,True,False
2026-02-19 18:00:00+00:00,2026-02-21 14:00:00+00:00,2026-02-21 19:00:00,2,44,0.9217403133710226,3,2026-02-19 02:00:00+00:00,True,False
2026-02-19 18:00:00+00:00,2026-02-21 15:00:00+00:00,2026-02-21 20:00:00,2,45,0.739922026793162,3,2026-02-19 03:00:00+00:00,True,False
2026-02-19 18:00:00+00:00,2026-02-21 16:00:00+00:00,2026-02-21 21:00:00,2,46,0.7218398054440817,3,2026-02-19 04:00:00+00:00,True,False
2026-02-19 18:00:00+00:00,2026-02-21 17:00:00+00:00,2026-02-21 22:00:00,2,47,0.4650186002254486,3,2026-02-19 05:00:00+00:00,True,False
2026-02-19 18:00:00+00:00,2026-02-21 18:00:00+00:00,2026-02-21 23:00:00,2,48,0.21498626718918482,3,2026-02-19 06:00:00+00:00,True,False
2026-02-20 18:00:00+00:00,2026-02-20 19:00:00+00:00,2026-02-21 00:00:00,1,1,0.3550232450167338,1,2026-02-20 07:00:00+00:00,True,False
2026-02-20 18:00:00+00:00,2026-02-20 20:00:00+00:00,2026-02-21 01:00:00,1,2,0.4256226023038228,1,2026-02-20 08:00:00+00:00,True,False
2026-02-20 18:00:00+00:00,2026-02-20 21:00:00+00:00,2026-02-21 02:00:00,1,3,0.36332857608795166,1,2026-02-20 09:00:00+00:00,True,False
2026-02-20 18:00:00+00:00,2026-02-20 22:00:00+00:00,2026-02-21 03:00:00,1,4,0.41493842005729675,1,2026-02-20 10:00:00+00:00,True,False
2026-02-20 18:00:00+00:00,2026-02-20 23:00:00+00:00,2026-02-21 04:00:00,1,5,0.4009576141834259,1,2026-02-20 11:00:00+00:00,True,False
2026-02-20 18:00:00+00:00,2026-02-21 00:00:00+00:00,2026-02-21 05:00:00,1,6,0.3799370229244232,1,2026-02-20 12:00:00+00:00,True,False
2026-02-20 18:00:00+00:00,2026-02-21 01:00:00+00:00,2026-02-21 06:00:00,1,7,0.40173349777857464,1,2026-02-20 13:00:00+00:00,True,False
2026-02-20 18:00:00+00:00,2026-02-21 02:00:00+00:00,2026-02-21 07:00:00,1,8,0.33562861879666644,1,2026-02-20 14:00:00+00:00,True,False
2026-02-20 18:00:00+00:00,2026-02-21 03:00:00+00:00,2026-02-21 08:00:00,1,9,0.2009672870238622,1,2026-02-20 15:00:00+00:00,True,False
2026-02-20 18:00:00+00:00,2026-02-21 04:00:00+00:00,2026-02-21 09:00:00,1,10,0.12108031660318375,1,2026-02-20 16:00:00+00:00,True,False
2026-02-20 18:00:00+00:00,2026-02-21 05:00:00+00:00,2026-02-21 10:00:00,1,11,0.04140878965457281,1,2026-02-20 17:00:00+00:00,True,False
2026-02-20 18:00:00+00:00,2026-02-21 06:00:00+00:00,2026-02-21 11:00:00,1,12,0.4881737331549327,1,2026-02-20 18:00:00+00:00,True,False
2026-02-20 18:00:00+00:00,2026-02-21 07:00:00+00:00,2026-02-21 12:00:00,1,13,0.887408455212911,2,2026-02-19 19:00:00+00:00,True,False
2026-02-20 18:00:00+00:00,2026-02-21 08:00:00+00:00,2026-02-21 13:00:00,1,14,0.9540681838989258,2,2026-02-19 20:00:00+00:00,True,False
2026-02-20 18:00:00+00:00,2026-02-21 09:00:00+00:00,2026-02-21 14:00:00,1,15,0.8597522775332133,2,2026-02-19 21:00:00+00:00,True,False
2026-02-20 18:00:00+00:00,2026-02-21 10:00:00+00:00,2026-02-21 15:00:00,1,16,0.6111660997072855,2,2026-02-19 22:00:00+00:00,True,False
2026-02-20 18:00:00+00:00,2026-02-21 11:00:00+00:00,2026-02-21 16:00:00,1,17,0.41878671447436017,2,2026-02-19 23:00:00+00:00,True,False
2026-02-20 18:00:00+00:00,2026-02-21 12:00:00+00:00,2026-02-21 17:00:00,1,18,0.19894379874070486,2,2026-02-20 00:00:00+00:00,True,False
2026-02-20 18:00:00+00:00,2026-02-21 13:00:00+00:00,2026-02-21 18:00:00,1,19,0.21025865276654562,2,2026-02-20 01:00:00+00:00,True,False
2026-02-20 18:00:00+00:00,2026-02-21 14:00:00+00:00,2026-02-21 19:00:00,1,20,0.25716814895470935,2,2026-02-20 02:00:00+00:00,True,False
2026-02-20 18:00:00+00:00,2026-02-21 15:00:00+00:00,2026-02-21 20:00:00,1,21,0.6765039960543314,2,2026-02-20 03:00:00+00:00,True,False
2026-02-20 18:00:00+00:00,2026-02-21 16:00:00+00:00,2026-02-21 21:00:00,1,22,0.9148870309193929,2,2026-02-20 04:00:00+00:00,True,False
2026-02-20 18:00:00+00:00,2026-02-21 17:00:00+00:00,2026-02-21 22:00:00,1,23,0.8059967954953512,2,2026-02-20 05:00:00+00:00,True,False
2026-02-20 18:00:00+00:00,2026-02-21 18:00:00+00:00,2026-02-21 23:00:00,1,24,0.8045614163080851,2,2026-02-20 06:00:00+00:00,True,False
2026-02-20 18:00:00+00:00,2026-02-21 19:00:00+00:00,2026-02-22 00:00:00,1,25,0.8281050721804301,2,2026-02-20 07:00:00+00:00,True,False
2026-02-20 18:00:00+00:00,2026-02-21 20:00:00+00:00,2026-02-22 01:00:00,1,26,0.7030314803123474,2,2026-02-20 08:00:00+00:00,True,False
2026-02-20 18:00:00+00:00,2026-02-21 21:00:00+00:00,2026-02-22 02:00:00,1,27,0.5074897209803263,2,2026-02-20 09:00:00+00:00,True,False
2026-02-20 18:00:00+00:00,2026-02-21 22:00:00+00:00,2026-02-22 03:00:00,1,28,0.26175113519032794,2,2026-02-20 10:00:00+00:00,True,False
2026-02-20 18:00:00+00:00,2026-02-21 23:00:00+00:00,2026-02-22 04:00:00,1,29,0.08488778521617253,2,2026-02-20 11:00:00+00:00,True,False
2026-02-20 18:00:00+00:00,2026-02-22 00:00:00+00:00,2026-02-22 05:00:00,1,30,0.08752609044313431,2,2026-02-20 12:00:00+00:00,True,False
2026-02-20 18:00:00+00:00,2026-02-22 01:00:00+00:00,2026-02-22 06:00:00,1,31,0.03922598995268345,2,2026-02-20 13:00:00+00:00,True,False
2026-02-20 18:00:00+00:00,2026-02-22 02:00:00+00:00,2026-02-22 07:00:00,1,32,0.028520061634480953,2,2026-02-20 14:00:00+00:00,True,False
2026-02-20 18:00:00+00:00,2026-02-22 03:00:00+00:00,2026-02-22 08:00:00,1,33,0.019032806778947513,2,2026-02-20 15:00:00+00:00,True,False
2026-02-20 18:00:00+00:00,2026-02-22 04:00:00+00:00,2026-02-22 09:00:00,1,34,0.03362615096072356,2,2026-02-20 16:00:00+00:00,True,False
2026-02-20 18:00:00+00:00,2026-02-22 05:00:00+00:00,2026-02-22 10:00:00,1,35,0.05256319170196851,2,2026-02-20 17:00:00+00:00,True,False
2026-02-20 18:00:00+00:00,2026-02-22 06:00:00+00:00,2026-02-22 11:00:00,1,36,0.6448137164115906,2,2026-02-20 18:00:00+00:00,True,False
2026-02-20 18:00:00+00:00,2026-02-22 07:00:00+00:00,2026-02-22 12:00:00,1,37,0.07484879344701767,3,2026-02-19 19:00:00+00:00,True,False
2026-02-20 18:00:00+00:00,2026-02-22 08:00:00+00:00,2026-02-22 13:00:00,1,38,0.23198519398768744,3,2026-02-19 20:00:00+00:00,True,False
2026-02-20 18:00:00+00:00,2026-02-22 09:00:00+00:00,2026-02-22 14:00:00,1,39,0.49944843848546344,3,2026-02-19 21:00:00+00:00,True,False
2026-02-20 18:00:00+00:00,2026-02-22 10:00:00+00:00,2026-02-22 15:00:00,1,40,0.8081799348195394,3,2026-02-19 22:00:00+00:00,True,False
2026-02-20 18:00:00+00:00,2026-02-22 11:00:00+00:00,2026-02-22 16:00:00,1,41,0.9130861759185791,3,2026-02-19 23:00:00+00:00,True,False
2026-02-20 18:00:00+00:00,2026-02-22 12:00:00+00:00,2026-02-22 17:00:00,1,42,0.7882657051086426,3,2026-02-20 00:00:00+00:00,True,False
2026-02-20 18:00:00+00:00,2026-02-22 13:00:00+00:00,2026-02-22 18:00:00,1,43,0.816819945971171,3,2026-02-20 01:00:00+00:00,True,False
2026-02-20 18:00:00+00:00,2026-02-22 14:00:00+00:00,2026-02-22 19:00:00,1,44,0.7883987228075663,3,2026-02-20 02:00:00+00:00,True,False
2026-02-20 18:00:00+00:00,2026-02-22 15:00:00+00:00,2026-02-22 20:00:00,1,45,0.6712242960929871,3,2026-02-20 03:00:00+00:00,True,False
2026-02-20 18:00:00+00:00,2026-02-22 16:00:00+00:00,2026-02-22 21:00:00,1,46,0.637813925743103,3,2026-02-20 04:00:00+00:00,True,False
2026-02-20 18:00:00+00:00,2026-02-22 17:00:00+00:00,2026-02-22 22:00:00,1,47,0.6450411279996237,3,2026-02-20 05:00:00+00:00,True,False
2026-02-20 18:00:00+00:00,2026-02-22 18:00:00+00:00,2026-02-22 23:00:00,1,48,0.4328405459721883,3,2026-02-20 06:00:00+00:00,True,False
2026-02-20 18:00:00+00:00,2026-02-20 19:00:00+00:00,2026-02-21 00:00:00,2,1,0.3363594015439351,1,2026-02-20 07:00:00+00:00,True,False
2026-02-20 18:00:00+00:00,2026-02-20 20:00:00+00:00,2026-02-21 01:00:00,2,2,0.397093802690506,1,2026-02-20 08:00:00+00:00,True,False
2026-02-20 18:00:00+00:00,2026-02-20 21:00:00+00:00,2026-02-21 02:00:00,2,3,0.3379935175180435,1,2026-02-20 09:00:00+00:00,True,False
2026-02-20 18:00:00+00:00,2026-02-20 22:00:00+00:00,2026-02-21 03:00:00,2,4,0.38353198766708374,1,2026-02-20 10:00:00+00:00,True,False
2026-02-20 18:00:00+00:00,2026-02-20 23:00:00+00:00,2026-02-21 04:00:00,2,5,0.37778085966904956,1,2026-02-20 11:00:00+00:00,True,False
2026-02-20 18:00:00+00:00,2026-02-21 00:00:00+00:00,2026-02-21 05:00:00,2,6,0.36620407303174335,1,2026-02-20 12:00:00+00:00,True,False
2026-02-20 18:00:00+00:00,2026-02-21 01:00:00+00:00,2026-02-21 06:00:00,2,7,0.3801582356293996,1,2026-02-20 13:00:00+00:00,True,False
2026-02-20 18:00:00+00:00,2026-02-21 02:00:00+00:00,2026-02-21 07:00:00,2,8,0.32260074218114215,1,2026-02-20 14:00:00+00:00,True,False
2026-02-20 18:00:00+00:00,2026-02-21 03:00:00+00:00,2026-02-21 08:00:00,2,9,0.19332586228847504,1,2026-02-20 15:00:00+00:00,True,False
2026-02-20 18:00:00+00:00,2026-02-21 04:00:00+00:00,2026-02-21 09:00:00,2,10,0.11809420088926952,1,2026-02-20 16:00:00+00:00,True,False
2026-02-20 18:00:00+00:00,2026-02-21 05:00:00+00:00,2026-02-21 10:00:00,2,11,0.04002175542215506,1,2026-02-20 17:00:00+00:00,True,False
2026-02-20 18:00:00+00:00,2026-02-21 06:00:00+00:00,2026-02-21 11:00:00,2,12,0.48515650629997253,1,2026-02-20 18:00:00+00:00,True,False
2026-02-20 18:00:00+00:00,2026-02-21 07:00:00+00:00,2026-02-21 12:00:00,2,13,0.8848730127016703,2,2026-02-19 19:00:00+00:00,True,False
2026-02-20 18:00:00+00:00,2026-02-21 08:00:00+00:00,2026-02-21 13:00:00,2,14,0.9481611053148905,2,2026-02-19 20:00:00+00:00,True,False
2026-02-20 18:00:00+00:00,2026-02-21 09:00:00+00:00,2026-02-21 14:00:00,2,15,0.8306767145792643,2,2026-02-19 21:00:00+00:00,True,False
2026-02-20 18:00:00+00:00,2026-02-21 10:00:00+00:00,2026-02-21 15:00:00,2,16,0.6009839177131653,2,2026-02-19 22:00:00+00:00,True,False
2026-02-20 18:00:00+00:00,2026-02-21 11:00:00+00:00,2026-02-21 16:00:00,2,17,0.4159744183222453,2,2026-02-19 23:00:00+00:00,True,False
2026-02-20 18:00:00+00:00,2026-02-21 12:00:00+00:00,2026-02-21 17:00:00,2,18,0.2093909333149592,2,2026-02-20 00:00:00+00:00,True,False
2026-02-20 18:00:00+00:00,2026-02-21 13:00:00+00:00,2026-02-21 18:00:00,2,19,0.21954682966073355,2,2026-02-20 01:00:00+00:00,True,False
2026-02-20 18:00:00+00:00,2026-02-21 14:00:00+00:00,2026-02-21 19:00:00,2,20,0.2613571683565776,2,2026-02-20 02:00:00+00:00,True,False
2026-02-20 18:00:00+00:00,2026-02-21 15:00:00+00:00,2026-02-21 20:00:00,2,21,0.685992697874705,2,2026-02-20 03:00:00+00:00,True,False
2026-02-20 18:00:00+00:00,2026-02-21 16:00:00+00:00,2026-02-21 21:00:00,2,22,0.921026329199473,2,2026-02-20 04:00:00+00:00,True,False
2026-02-20 18:00:00+00:00,2026-02-21 17:00:00+00:00,2026-02-21 22:00:00,2,23,0.8247578342755636,2,2026-02-20 05:00:00+00:00,True,False
2026-02-20 18:00:00+00:00,2026-02-21 18:00:00+00:00,2026-02-21 23:00:00,2,24,0.8085202972094218,2,2026-02-20 06:00:00+00:00,True,False
2026-02-20 18:00:00+00:00,2026-02-21 19:00:00+00:00,2026-02-22 00:00:00,2,25,0.8366195956865946,2,2026-02-20 07:00:00+00:00,True,False
2026-02-20 18:00:00+00:00,2026-02-21 20:00:00+00:00,2026-02-22 01:00:00,2,26,0.733916183312734,2,2026-02-20 08:00:00+00:00,True,False
2026-02-20 18:00:00+00:00,2026-02-21 21:00:00+00:00,2026-02-22 02:00:00,2,27,0.5278662244478861,2,2026-02-20 09:00:00+00:00,True,False
2026-02-20 18:00:00+00:00,2026-02-21 22:00:00+00:00,2026-02-22 03:00:00,2,28,0.2531347821156184,2,2026-02-20 10:00:00+00:00,True,False
2026-02-20 18:00:00+00:00,2026-02-21 23:00:00+00:00,2026-02-22 04:00:00,2,29,0.07433965553840001,2,2026-02-20 11:00:00+00:00,True,False
2026-02-20 18:00:00+00:00,2026-02-22 00:00:00+00:00,2026-02-22 05:00:00,2,30,0.08093150208393733,2,2026-02-20 12:00:00+00:00,True,False
2026-02-20 18:00:00+00:00,2026-02-22 01:00:00+00:00,2026-02-22 06:00:00,2,31,0.03407683875411749,2,2026-02-20 13:00:00+00:00,True,False
2026-02-20 18:00:00+00:00,2026-02-22 02:00:00+00:00,2026-02-22 07:00:00,2,32,0.02443511877208948,2,2026-02-20 14:00:00+00:00,True,False
2026-02-20 18:00:00+00:00,2026-02-22 03:00:00+00:00,2026-02-22 08:00:00,2,33,0.018137631472200155,2,2026-02-20 15:00:00+00:00,True,False
2026-02-20 18:00:00+00:00,2026-02-22 04:00:00+00:00,2026-02-22 09:00:00,2,34,0.029556667432188988,2,2026-02-20 16:00:00+00:00,True,False
2026-02-20 18:00:00+00:00,2026-02-22 05:00:00+00:00,2026-02-22 10:00:00,2,35,0.049901217222213745,2,2026-02-20 17:00:00+00:00,True,False
2026-02-20 18:00:00+00:00,2026-02-22 06:00:00+00:00,2026-02-22 11:00:00,2,36,0.6570895910263062,2,2026-02-20 18:00:00+00:00,True,False
2026-02-20 18:00:00+00:00,2026-02-22 07:00:00+00:00,2026-02-22 12:00:00,2,37,0.07183314114809036,3,2026-02-19 19:00:00+00:00,True,False
2026-02-20 18:00:00+00:00,2026-02-22 08:00:00+00:00,2026-02-22 13:00:00,2,38,0.2190666968623797,3,2026-02-19 20:00:00+00:00,True,False
2026-02-20 18:00:00+00:00,2026-02-22 09:00:00+00:00,2026-02-22 14:00:00,2,39,0.5083670119444529,3,2026-02-19 21:00:00+00:00,True,False
2026-02-20 18:00:00+00:00,2026-02-22 10:00:00+00:00,2026-02-22 15:00:00,2,40,0.823391854763031,3,2026-02-19 22:00:00+00:00,True,False
2026-02-20 18:00:00+00:00,2026-02-22 11:00:00+00:00,2026-02-22 16:00:00,2,41,0.9201900760332743,3,2026-02-19 23:00:00+00:00,True,False
2026-02-20 18:00:00+00:00,2026-02-22 12:00:00+00:00,2026-02-22 17:00:00,2,42,0.8093491593996683,3,2026-02-20 00:00:00+00:00,True,False
2026-02-20 18:00:00+00:00,2026-02-22 13:00:00+00:00,2026-02-22 18:00:00,2,43,0.8142346541086832,3,2026-02-20 01:00:00+00:00,True,False
2026-02-20 18:00:00+00:00,2026-02-22 14:00:00+00:00,2026-02-22 19:00:00,2,44,0.7826962073644003,3,2026-02-20 02:00:00+00:00,True,False
2026-02-20 18:00:00+00:00,2026-02-22 15:00:00+00:00,2026-02-22 20:00:00,2,45,0.6554219126701355,3,2026-02-20 03:00:00+00:00,True,False
2026-02-20 18:00:00+00:00,2026-02-22 16:00:00+00:00,2026-02-22 21:00:00,2,46,0.6021686991055807,3,2026-02-20 04:00:00+00:00,True,False
2026-02-20 18:00:00+00:00,2026-02-22 17:00:00+00:00,2026-02-22 22:00:00,2,47,0.6071115334828695,3,2026-02-20 05:00:00+00:00,True,False
2026-02-20 18:00:00+00:00,2026-02-22 18:00:00+00:00,2026-02-22 23:00:00,2,48,0.42773590485254925,3,2026-02-20 06:00:00+00:00,True,False
2026-02-21 18:00:00+00:00,2026-02-21 19:00:00+00:00,2026-02-22 00:00:00,1,1,0.06342323621114095,1,2026-02-21 07:00:00+00:00,True,False
2026-02-21 18:00:00+00:00,2026-02-21 20:00:00+00:00,2026-02-22 01:00:00,1,2,0.0546588363746802,1,2026-02-21 08:00:00+00:00,True,False
2026-02-21 18:00:00+00:00,2026-02-21 21:00:00+00:00,2026-02-22 02:00:00,1,3,0.041465386748313904,1,2026-02-21 09:00:00+00:00,True,False
2026-02-21 18:00:00+00:00,2026-02-21 22:00:00+00:00,2026-02-22 03:00:00,1,4,0.03191169102986654,1,2026-02-21 10:00:00+00:00,True,False
2026-02-21 18:00:00+00:00,2026-02-21 23:00:00+00:00,2026-02-22 04:00:00,1,5,0.025225397509833176,1,2026-02-21 11:00:00+00:00,True,False
2026-02-21 18:00:00+00:00,2026-02-22 00:00:00+00:00,2026-02-22 05:00:00,1,6,0.014632654997209707,1,2026-02-21 12:00:00+00:00,True,False
2026-02-21 18:00:00+00:00,2026-02-22 01:00:00+00:00,2026-02-22 06:00:00,1,7,0.023602259966234367,1,2026-02-21 13:00:00+00:00,True,False
2026-02-21 18:00:00+00:00,2026-02-22 02:00:00+00:00,2026-02-22 07:00:00,1,8,0.05988317976395289,1,2026-02-21 14:00:00+00:00,True,False
2026-02-21 18:00:00+00:00,2026-02-22 03:00:00+00:00,2026-02-22 08:00:00,1,9,0.09566882625222206,1,2026-02-21 15:00:00+00:00,True,False
2026-02-21 18:00:00+00:00,2026-02-22 04:00:00+00:00,2026-02-22 09:00:00,1,10,0.14307196686665216,1,2026-02-21 16:00:00+00:00,True,False
2026-02-21 18:00:00+00:00,2026-02-22 05:00:00+00:00,2026-02-22 10:00:00,1,11,0.3398443063100179,1,2026-02-21 17:00:00+00:00,True,False
2026-02-21 18:00:00+00:00,2026-02-22 06:00:00+00:00,2026-02-22 11:00:00,1,12,0.945767323176066,1,2026-02-21 18:00:00+00:00,True,False
2026-02-21 18:00:00+00:00,2026-02-22 07:00:00+00:00,2026-02-22 12:00:00,1,13,0.855014979839325,2,2026-02-20 19:00:00+00:00,True,False
2026-02-21 18:00:00+00:00,2026-02-22 08:00:00+00:00,2026-02-22 13:00:00,1,14,0.8545488516489664,2,2026-02-20 20:00:00+00:00,True,False
2026-02-21 18:00:00+00:00,2026-02-22 09:00:00+00:00,2026-02-22 14:00:00,1,15,0.8720420797665914,2,2026-02-20 21:00:00+00:00,True,False
2026-02-21 18:00:00+00:00,2026-02-22 10:00:00+00:00,2026-02-22 15:00:00,1,16,0.8979856371879578,2,2026-02-20 22:00:00+00:00,True,False
2026-02-21 18:00:00+00:00,2026-02-22 11:00:00+00:00,2026-02-22 16:00:00,1,17,0.8731974363327026,2,2026-02-20 23:00:00+00:00,True,False
2026-02-21 18:00:00+00:00,2026-02-22 12:00:00+00:00,2026-02-22 17:00:00,1,18,0.7706489165623983,2,2026-02-21 00:00:00+00:00,True,False
2026-02-21 18:00:00+00:00,2026-02-22 13:00:00+00:00,2026-02-22 18:00:00,1,19,0.7445598045984904,2,2026-02-21 01:00:00+00:00,True,False
2026-02-21 18:00:00+00:00,2026-02-22 14:00:00+00:00,2026-02-22 19:00:00,1,20,0.5424185593922933,2,2026-02-21 02:00:00+00:00,True,False
2026-02-21 18:00:00+00:00,2026-02-22 15:00:00+00:00,2026-02-22 20:00:00,1,21,0.35039372245470685,2,2026-02-21 03:00:00+00:00,True,False
2026-02-21 18:00:00+00:00,2026-02-22 16:00:00+00:00,2026-02-22 21:00:00,1,22,0.3482153117656708,2,2026-02-21 04:00:00+00:00,True,False
2026-02-21 18:00:00+00:00,2026-02-22 17:00:00+00:00,2026-02-22 22:00:00,1,23,0.3112083474795024,2,2026-02-21 05:00:00+00:00,True,False
2026-02-21 18:00:00+00:00,2026-02-22 18:00:00+00:00,2026-02-22 23:00:00,1,24,0.6089337269465128,2,2026-02-21 06:00:00+00:00,True,False
2026-02-21 18:00:00+00:00,2026-02-22 19:00:00+00:00,2026-02-23 00:00:00,1,25,0.5101808508237203,2,2026-02-21 07:00:00+00:00,True,False
2026-02-21 18:00:00+00:00,2026-02-22 20:00:00+00:00,2026-02-23 01:00:00,1,26,0.3731926381587982,2,2026-02-21 08:00:00+00:00,True,False
2026-02-21 18:00:00+00:00,2026-02-22 21:00:00+00:00,2026-02-23 02:00:00,1,27,0.2716902295748393,2,2026-02-21 09:00:00+00:00,True,False
2026-02-21 18:00:00+00:00,2026-02-22 22:00:00+00:00,2026-02-23 03:00:00,1,28,0.1376040354371071,2,2026-02-21 10:00:00+00:00,True,False
2026-02-21 18:00:00+00:00,2026-02-22 23:00:00+00:00,2026-02-23 04:00:00,1,29,0.05322937977810701,2,2026-02-21 11:00:00+00:00,True,False
2026-02-21 18:00:00+00:00,2026-02-23 00:00:00+00:00,2026-02-23 05:00:00,1,30,0.04096398192147414,2,2026-02-21 12:00:00+00:00,True,False
2026-02-21 18:00:00+00:00,2026-02-23 01:00:00+00:00,2026-02-23 06:00:00,1,31,0.03604150439302126,2,2026-02-21 13:00:00+00:00,True,False
2026-02-21 18:00:00+00:00,2026-02-23 02:00:00+00:00,2026-02-23 07:00:00,1,32,0.023105322072903316,2,2026-02-21 14:00:00+00:00,True,False
2026-02-21 18:00:00+00:00,2026-02-23 03:00:00+00:00,2026-02-23 08:00:00,1,33,0.03301165935893854,2,2026-02-21 15:00:00+00:00,True,False
2026-02-21 18:00:00+00:00,2026-02-23 04:00:00+00:00,2026-02-23 09:00:00,1,34,0.02173763606697321,2,2026-02-21 16:00:00+00:00,True,False
2026-02-21 18:00:00+00:00,2026-02-23 05:00:00+00:00,2026-02-23 10:00:00,1,35,0.038551912332574524,2,2026-02-21 17:00:00+00:00,True,False
2026-02-21 18:00:00+00:00,2026-02-23 06:00:00+00:00,2026-02-23 11:00:00,1,36,0.043058342610796295,2,2026-02-21 18:00:00+00:00,True,False
2026-02-21 18:00:00+00:00,2026-02-23 07:00:00+00:00,2026-02-23 12:00:00,1,37,0.18532326817512512,3,2026-02-20 19:00:00+00:00,True,False
2026-02-21 18:00:00+00:00,2026-02-23 08:00:00+00:00,2026-02-23 13:00:00,1,38,0.35607340931892395,3,2026-02-20 20:00:00+00:00,True,False
2026-02-21 18:00:00+00:00,2026-02-23 09:00:00+00:00,2026-02-23 14:00:00,1,39,0.5508918960889181,3,2026-02-20 21:00:00+00:00,True,False
2026-02-21 18:00:00+00:00,2026-02-23 10:00:00+00:00,2026-02-23 15:00:00,1,40,0.6312175790468851,3,2026-02-20 22:00:00+00:00,True,False
2026-02-21 18:00:00+00:00,2026-02-23 11:00:00+00:00,2026-02-23 16:00:00,1,41,0.6384756167729696,3,2026-02-20 23:00:00+00:00,True,False
2026-02-21 18:00:00+00:00,2026-02-23 12:00:00+00:00,2026-02-23 17:00:00,1,42,0.46421511967976886,3,2026-02-21 00:00:00+00:00,True,False
2026-02-21 18:00:00+00:00,2026-02-23 13:00:00+00:00,2026-02-23 18:00:00,1,43,0.5523014763991038,3,2026-02-21 01:00:00+00:00,True,False
2026-02-21 18:00:00+00:00,2026-02-23 14:00:00+00:00,2026-02-23 19:00:00,1,44,0.7299882173538208,3,2026-02-21 02:00:00+00:00,True,False
2026-02-21 18:00:00+00:00,2026-02-23 15:00:00+00:00,2026-02-23 20:00:00,1,45,0.7868867516517639,3,2026-02-21 03:00:00+00:00,True,False
2026-02-21 18:00:00+00:00,2026-02-23 16:00:00+00:00,2026-02-23 21:00:00,1,46,0.7749511996905009,3,2026-02-21 04:00:00+00:00,True,False
2026-02-21 18:00:00+00:00,2026-02-23 17:00:00+00:00,2026-02-23 22:00:00,1,47,0.8358909885088602,3,2026-02-21 05:00:00+00:00,True,False
2026-02-21 18:00:00+00:00,2026-02-23 18:00:00+00:00,2026-02-23 23:00:00,1,48,0.8585845232009888,3,2026-02-21 06:00:00+00:00,True,False
2026-02-21 18:00:00+00:00,2026-02-21 19:00:00+00:00,2026-02-22 00:00:00,2,1,0.060909148305654526,1,2026-02-21 07:00:00+00:00,True,False
2026-02-21 18:00:00+00:00,2026-02-21 20:00:00+00:00,2026-02-22 01:00:00,2,2,0.04994680608312289,1,2026-02-21 08:00:00+00:00,True,False
2026-02-21 18:00:00+00:00,2026-02-21 21:00:00+00:00,2026-02-22 02:00:00,2,3,0.037675523509581886,1,2026-02-21 09:00:00+00:00,True,False
2026-02-21 18:00:00+00:00,2026-02-21 22:00:00+00:00,2026-02-22 03:00:00,2,4,0.028174419576923054,1,2026-02-21 10:00:00+00:00,True,False
2026-02-21 18:00:00+00:00,2026-02-21 23:00:00+00:00,2026-02-22 04:00:00,2,5,0.022550775359074276,1,2026-02-21 11:00:00+00:00,True,False
2026-02-21 18:00:00+00:00,2026-02-22 00:00:00+00:00,2026-02-22 05:00:00,2,6,0.012825282290577888,1,2026-02-21 12:00:00+00:00,True,False
2026-02-21 18:00:00+00:00,2026-02-22 01:00:00+00:00,2026-02-22 06:00:00,2,7,0.022442831347386043,1,2026-02-21 13:00:00+00:00,True,False
2026-02-21 18:00:00+00:00,2026-02-22 02:00:00+00:00,2026-02-22 07:00:00,2,8,0.05982035646835963,1,2026-02-21 14:00:00+00:00,True,False
2026-02-21 18:00:00+00:00,2026-02-22 03:00:00+00:00,2026-02-22 08:00:00,2,9,0.09648521989583969,1,2026-02-21 15:00:00+00:00,True,False
2026-02-21 18:00:00+00:00,2026-02-22 04:00:00+00:00,2026-02-22 09:00:00,2,10,0.14799243211746216,1,2026-02-21 16:00:00+00:00,True,False
2026-02-21 18:00:00+00:00,2026-02-22 05:00:00+00:00,2026-02-22 10:00:00,2,11,0.36003830035527545,1,2026-02-21 17:00:00+00:00,True,False
2026-02-21 18:00:00+00:00,2026-02-22 06:00:00+00:00,2026-02-22 11:00:00,2,12,0.9416540463765463,1,2026-02-21 18:00:00+00:00,True,False
2026-02-21 18:00:00+00:00,2026-02-22 07:00:00+00:00,2026-02-22 12:00:00,2,13,0.869251549243927,2,2026-02-20 19:00:00+00:00,True,False
2026-02-21 18:00:00+00:00,2026-02-22 08:00:00+00:00,2026-02-22 13:00:00,2,14,0.8763406078020731,2,2026-02-20 20:00:00+00:00,True,False
2026-02-21 18:00:00+00:00,2026-02-22 09:00:00+00:00,2026-02-22 14:00:00,2,15,0.886232316493988,2,2026-02-20 21:00:00+00:00,True,False
2026-02-21 18:00:00+00:00,2026-02-22 10:00:00+00:00,2026-02-22 15:00:00,2,16,0.90407794713974,2,2026-02-20 22:00:00+00:00,True,False
2026-02-21 18:00:00+00:00,2026-02-22 11:00:00+00:00,2026-02-22 16:00:00,2,17,0.8788345456123352,2,2026-02-20 23:00:00+00:00,True,False
2026-02-21 18:00:00+00:00,2026-02-22 12:00:00+00:00,2026-02-22 17:00:00,2,18,0.7911331057548523,2,2026-02-21 00:00:00+00:00,True,False
2026-02-21 18:00:00+00:00,2026-02-22 13:00:00+00:00,2026-02-22 18:00:00,2,19,0.7366205255190531,2,2026-02-21 01:00:00+00:00,True,False
2026-02-21 18:00:00+00:00,2026-02-22 14:00:00+00:00,2026-02-22 19:00:00,2,20,0.5598780512809753,2,2026-02-21 02:00:00+00:00,True,False
2026-02-21 18:00:00+00:00,2026-02-22 15:00:00+00:00,2026-02-22 20:00:00,2,21,0.3566178282101949,2,2026-02-21 03:00:00+00:00,True,False
2026-02-21 18:00:00+00:00,2026-02-22 16:00:00+00:00,2026-02-22 21:00:00,2,22,0.34448835750420886,2,2026-02-21 04:00:00+00:00,True,False
2026-02-21 18:00:00+00:00,2026-02-22 17:00:00+00:00,2026-02-22 22:00:00,2,23,0.2896249939997991,2,2026-02-21 05:00:00+00:00,True,False
2026-02-21 18:00:00+00:00,2026-02-22 18:00:00+00:00,2026-02-22 23:00:00,2,24,0.5721688866615295,2,2026-02-21 06:00:00+00:00,True,False
2026-02-21 18:00:00+00:00,2026-02-22 19:00:00+00:00,2026-02-23 00:00:00,2,25,0.4748002390066783,2,2026-02-21 07:00:00+00:00,True,False
2026-02-21 18:00:00+00:00,2026-02-22 20:00:00+00:00,2026-02-23 01:00:00,2,26,0.34632713596026105,2,2026-02-21 08:00:00+00:00,True,False
2026-02-21 18:00:00+00:00,2026-02-22 21:00:00+00:00,2026-02-23 02:00:00,2,27,0.23705679923295975,2,2026-02-21 09:00:00+00:00,True,False
2026-02-21 18:00:00+00:00,2026-02-22 22:00:00+00:00,2026-02-23 03:00:00,2,28,0.11456148326396942,2,2026-02-21 10:00:00+00:00,True,False
2026-02-21 18:00:00+00:00,2026-02-22 23:00:00+00:00,2026-02-23 04:00:00,2,29,0.04595636328061422,2,2026-02-21 11:00:00+00:00,True,False
2026-02-21 18:00:00+00:00,2026-02-23 00:00:00+00:00,2026-02-23 05:00:00,2,30,0.03875547802696625,2,2026-02-21 12:00:00+00:00,True,False
2026-02-21 18:00:00+00:00,2026-02-23 01:00:00+00:00,2026-02-23 06:00:00,2,31,0.033426547423005104,2,2026-02-21 13:00:00+00:00,True,False
2026-02-21 18:00:00+00:00,2026-02-23 02:00:00+00:00,2026-02-23 07:00:00,2,32,0.022442827311654884,2,2026-02-21 14:00:00+00:00,True,False
2026-02-21 18:00:00+00:00,2026-02-23 03:00:00+00:00,2026-02-23 08:00:00,2,33,0.03177094925194979,2,2026-02-21 15:00:00+00:00,True,False
2026-02-21 18:00:00+00:00,2026-02-23 04:00:00+00:00,2026-02-23 09:00:00,2,34,0.024600311803321045,2,2026-02-21 16:00:00+00:00,True,False
2026-02-21 18:00:00+00:00,2026-02-23 05:00:00+00:00,2026-02-23 10:00:00,2,35,0.03974164091050625,2,2026-02-21 17:00:00+00:00,True,False
2026-02-21 18:00:00+00:00,2026-02-23 06:00:00+00:00,2026-02-23 11:00:00,2,36,0.03982238657772541,2,2026-02-21 18:00:00+00:00,True,False
2026-02-21 18:00:00+00:00,2026-02-23 07:00:00+00:00,2026-02-23 12:00:00,2,37,0.1804305613040924,3,2026-02-20 19:00:00+00:00,True,False
2026-02-21 18:00:00+00:00,2026-02-23 08:00:00+00:00,2026-02-23 13:00:00,2,38,0.3619466821352641,3,2026-02-20 20:00:00+00:00,True,False
2026-02-21 18:00:00+00:00,2026-02-23 09:00:00+00:00,2026-02-23 14:00:00,2,39,0.5518209040164948,3,2026-02-20 21:00:00+00:00,True,False
2026-02-21 18:00:00+00:00,2026-02-23 10:00:00+00:00,2026-02-23 15:00:00,2,40,0.6275742650032043,3,2026-02-20 22:00:00+00:00,True,False
2026-02-21 18:00:00+00:00,2026-02-23 11:00:00+00:00,2026-02-23 16:00:00,2,41,0.6365132331848145,3,2026-02-20 23:00:00+00:00,True,False
2026-02-21 18:00:00+00:00,2026-02-23 12:00:00+00:00,2026-02-23 17:00:00,2,42,0.4817480941613515,3,2026-02-21 00:00:00+00:00,True,False
2026-02-21 18:00:00+00:00,2026-02-23 13:00:00+00:00,2026-02-23 18:00:00,2,43,0.5730831623077393,3,2026-02-21 01:00:00+00:00,True,False
2026-02-21 18:00:00+00:00,2026-02-23 14:00:00+00:00,2026-02-23 19:00:00,2,44,0.7429409225781759,3,2026-02-21 02:00:00+00:00,True,False
2026-02-21 18:00:00+00:00,2026-02-23 15:00:00+00:00,2026-02-23 20:00:00,2,45,0.7967085242271423,3,2026-02-21 03:00:00+00:00,True,False
2026-02-21 18:00:00+00:00,2026-02-23 16:00:00+00:00,2026-02-23 21:00:00,2,46,0.7872235973676046,3,2026-02-21 04:00:00+00:00,True,False
2026-02-21 18:00:00+00:00,2026-02-23 17:00:00+00:00,2026-02-23 22:00:00,2,47,0.8364411393801371,3,2026-02-21 05:00:00+00:00,True,False
2026-02-21 18:00:00+00:00,2026-02-23 18:00:00+00:00,2026-02-23 23:00:00,2,48,0.8473263581593832,3,2026-02-21 06:00:00+00:00,True,False
2026-02-22 18:00:00+00:00,2026-02-22 19:00:00+00:00,2026-02-23 00:00:00,1,1,0.07650587583581607,1,2026-02-22 07:00:00+00:00,True,False
2026-02-22 18:00:00+00:00,2026-02-22 20:00:00+00:00,2026-02-23 01:00:00,1,2,0.060536942134300865,1,2026-02-22 08:00:00+00:00,True,False
2026-02-22 18:00:00+00:00,2026-02-22 21:00:00+00:00,2026-02-23 02:00:00,1,3,0.04463710015018781,1,2026-02-22 09:00:00+00:00,True,False
2026-02-22 18:00:00+00:00,2026-02-22 22:00:00+00:00,2026-02-23 03:00:00,1,4,0.057491049791375794,1,2026-02-22 10:00:00+00:00,True,False
2026-02-22 18:00:00+00:00,2026-02-22 23:00:00+00:00,2026-02-23 04:00:00,1,5,0.026228986059625942,1,2026-02-22 11:00:00+00:00,True,False
2026-02-22 18:00:00+00:00,2026-02-23 00:00:00+00:00,2026-02-23 05:00:00,1,6,0.020970424637198448,1,2026-02-22 12:00:00+00:00,True,False
2026-02-22 18:00:00+00:00,2026-02-23 01:00:00+00:00,2026-02-23 06:00:00,1,7,0.030576410392920177,1,2026-02-22 13:00:00+00:00,True,False
2026-02-22 18:00:00+00:00,2026-02-23 02:00:00+00:00,2026-02-23 07:00:00,1,8,0.040528268863757454,1,2026-02-22 14:00:00+00:00,True,False
2026-02-22 18:00:00+00:00,2026-02-23 03:00:00+00:00,2026-02-23 08:00:00,1,9,0.05134529868761698,1,2026-02-22 15:00:00+00:00,True,False
2026-02-22 18:00:00+00:00,2026-02-23 04:00:00+00:00,2026-02-23 09:00:00,1,10,0.06148312365015348,1,2026-02-22 16:00:00+00:00,True,False
2026-02-22 18:00:00+00:00,2026-02-23 05:00:00+00:00,2026-02-23 10:00:00,1,11,0.06889532754818599,1,2026-02-22 17:00:00+00:00,True,False
2026-02-22 18:00:00+00:00,2026-02-23 06:00:00+00:00,2026-02-23 11:00:00,1,12,0.046417999702195324,1,2026-02-22 18:00:00+00:00,True,False
2026-02-22 18:00:00+00:00,2026-02-23 07:00:00+00:00,2026-02-23 12:00:00,1,13,0.06870773310462634,2,2026-02-21 19:00:00+00:00,True,False
2026-02-22 18:00:00+00:00,2026-02-23 08:00:00+00:00,2026-02-23 13:00:00,1,14,0.15199583768844604,2,2026-02-21 20:00:00+00:00,True,False
2026-02-22 18:00:00+00:00,2026-02-23 09:00:00+00:00,2026-02-23 14:00:00,1,15,0.24672333399454752,2,2026-02-21 21:00:00+00:00,True,False
2026-02-22 18:00:00+00:00,2026-02-23 10:00:00+00:00,2026-02-23 15:00:00,1,16,0.2734208305676778,2,2026-02-21 22:00:00+00:00,True,False
2026-02-22 18:00:00+00:00,2026-02-23 11:00:00+00:00,2026-02-23 16:00:00,1,17,0.45366020997365314,2,2026-02-21 23:00:00+00:00,True,False
2026-02-22 18:00:00+00:00,2026-02-23 12:00:00+00:00,2026-02-23 17:00:00,1,18,0.6607943177223206,2,2026-02-22 00:00:00+00:00,True,False
2026-02-22 18:00:00+00:00,2026-02-23 13:00:00+00:00,2026-02-23 18:00:00,1,19,0.7636309464772543,2,2026-02-22 01:00:00+00:00,True,False
2026-02-22 18:00:00+00:00,2026-02-23 14:00:00+00:00,2026-02-23 19:00:00,1,20,0.860490063826243,2,2026-02-22 02:00:00+00:00,True,False
2026-02-22 18:00:00+00:00,2026-02-23 15:00:00+00:00,2026-02-23 20:00:00,1,21,0.9223217169443766,2,2026-02-22 03:00:00+00:00,True,False
2026-02-22 18:00:00+00:00,2026-02-23 16:00:00+00:00,2026-02-23 21:00:00,1,22,0.9401035904884338,2,2026-02-22 04:00:00+00:00,True,False
2026-02-22 18:00:00+00:00,2026-02-23 17:00:00+00:00,2026-02-23 22:00:00,1,23,0.9644360542297363,2,2026-02-22 05:00:00+00:00,True,False
2026-02-22 18:00:00+00:00,2026-02-23 18:00:00+00:00,2026-02-23 23:00:00,1,24,0.9638011455535889,2,2026-02-22 06:00:00+00:00,True,False
2026-02-22 18:00:00+00:00,2026-02-23 19:00:00+00:00,2026-02-24 00:00:00,1,25,0.964453915754954,2,2026-02-22 07:00:00+00:00,True,False
2026-02-22 18:00:00+00:00,2026-02-23 20:00:00+00:00,2026-02-24 01:00:00,1,26,0.9362671772638956,2,2026-02-22 08:00:00+00:00,True,False
2026-02-22 18:00:00+00:00,2026-02-23 21:00:00+00:00,2026-02-24 02:00:00,1,27,0.9107311169306437,2,2026-02-22 09:00:00+00:00,True,False
2026-02-22 18:00:00+00:00,2026-02-23 22:00:00+00:00,2026-02-24 03:00:00,1,28,0.9221024314562479,2,2026-02-22 10:00:00+00:00,True,False
2026-02-22 18:00:00+00:00,2026-02-23 23:00:00+00:00,2026-02-24 04:00:00,1,29,0.9407641291618347,2,2026-02-22 11:00:00+00:00,True,False
2026-02-22 18:00:00+00:00,2026-02-24 00:00:00+00:00,2026-02-24 05:00:00,1,30,0.8046309351921082,2,2026-02-22 12:00:00+00:00,True,False
2026-02-22 18:00:00+00:00,2026-02-24 01:00:00+00:00,2026-02-24 06:00:00,1,31,0.7508144378662109,2,2026-02-22 13:00:00+00:00,True,False
2026-02-22 18:00:00+00:00,2026-02-24 02:00:00+00:00,2026-02-24 07:00:00,1,32,0.6428339680035909,2,2026-02-22 14:00:00+00:00,True,False
2026-02-22 18:00:00+00:00,2026-02-24 03:00:00+00:00,2026-02-24 08:00:00,1,33,0.4841138819853465,2,2026-02-22 15:00:00+00:00,True,False
2026-02-22 18:00:00+00:00,2026-02-24 04:00:00+00:00,2026-02-24 09:00:00,1,34,0.3539148271083832,2,2026-02-22 16:00:00+00:00,True,False
2026-02-22 18:00:00+00:00,2026-02-24 05:00:00+00:00,2026-02-24 10:00:00,1,35,0.37314699093500775,2,2026-02-22 17:00:00+00:00,True,False
2026-02-22 18:00:00+00:00,2026-02-24 06:00:00+00:00,2026-02-24 11:00:00,1,36,0.6017659405867258,2,2026-02-22 18:00:00+00:00,True,False
2026-02-22 18:00:00+00:00,2026-02-24 07:00:00+00:00,2026-02-24 12:00:00,1,37,0.532539039850235,3,2026-02-21 19:00:00+00:00,True,False
2026-02-22 18:00:00+00:00,2026-02-24 08:00:00+00:00,2026-02-24 13:00:00,1,38,0.5927041868368784,3,2026-02-21 20:00:00+00:00,True,False
2026-02-22 18:00:00+00:00,2026-02-24 09:00:00+00:00,2026-02-24 14:00:00,1,39,0.625433623790741,3,2026-02-21 21:00:00+00:00,True,False
2026-02-22 18:00:00+00:00,2026-02-24 10:00:00+00:00,2026-02-24 15:00:00,1,40,0.7450681924819946,3,2026-02-21 22:00:00+00:00,True,False
2026-02-22 18:00:00+00:00,2026-02-24 11:00:00+00:00,2026-02-24 16:00:00,1,41,0.7390857537587484,3,2026-02-21 23:00:00+00:00,True,False
2026-02-22 18:00:00+00:00,2026-02-24 12:00:00+00:00,2026-02-24 17:00:00,1,42,0.1732910896341006,3,2026-02-22 00:00:00+00:00,True,False
2026-02-22 18:00:00+00:00,2026-02-24 13:00:00+00:00,2026-02-24 18:00:00,1,43,0.20075812439123789,3,2026-02-22 01:00:00+00:00,True,False
2026-02-22 18:00:00+00:00,2026-02-24 14:00:00+00:00,2026-02-24 19:00:00,1,44,0.1670792748530706,3,2026-02-22 02:00:00+00:00,True,False
2026-02-22 18:00:00+00:00,2026-02-24 15:00:00+00:00,2026-02-24 20:00:00,1,45,0.1260484680533409,3,2026-02-22 03:00:00+00:00,True,False
2026-02-22 18:00:00+00:00,2026-02-24 16:00:00+00:00,2026-02-24 21:00:00,1,46,0.09842250496149063,3,2026-02-22 04:00:00+00:00,True,False
2026-02-22 18:00:00+00:00,2026-02-24 17:00:00+00:00,2026-02-24 22:00:00,1,47,0.06154228622714678,3,2026-02-22 05:00:00+00:00,True,False
2026-02-22 18:00:00+00:00,2026-02-24 18:00:00+00:00,2026-02-24 23:00:00,1,48,0.04770497791469097,3,2026-02-22 06:00:00+00:00,True,False
2026-02-22 18:00:00+00:00,2026-02-22 19:00:00+00:00,2026-02-23 00:00:00,2,1,0.06723507742087047,1,2026-02-22 07:00:00+00:00,True,False
2026-02-22 18:00:00+00:00,2026-02-22 20:00:00+00:00,2026-02-23 01:00:00,2,2,0.05653709111114343,1,2026-02-22 08:00:00+00:00,True,False
2026-02-22 18:00:00+00:00,2026-02-22 21:00:00+00:00,2026-02-23 02:00:00,2,3,0.04059160376588503,1,2026-02-22 09:00:00+00:00,True,False
2026-02-22 18:00:00+00:00,2026-02-22 22:00:00+00:00,2026-02-23 03:00:00,2,4,0.050268022964398064,1,2026-02-22 10:00:00+00:00,True,False
2026-02-22 18:00:00+00:00,2026-02-22 23:00:00+00:00,2026-02-23 04:00:00,2,5,0.026464064605534077,1,2026-02-22 11:00:00+00:00,True,False
2026-02-22 18:00:00+00:00,2026-02-23 00:00:00+00:00,2026-02-23 05:00:00,2,6,0.01997988981505235,1,2026-02-22 12:00:00+00:00,True,False
2026-02-22 18:00:00+00:00,2026-02-23 01:00:00+00:00,2026-02-23 06:00:00,2,7,0.02809794433414936,1,2026-02-22 13:00:00+00:00,True,False
2026-02-22 18:00:00+00:00,2026-02-23 02:00:00+00:00,2026-02-23 07:00:00,2,8,0.034596692149837814,1,2026-02-22 14:00:00+00:00,True,False
2026-02-22 18:00:00+00:00,2026-02-23 03:00:00+00:00,2026-02-23 08:00:00,2,9,0.041640459870298706,1,2026-02-22 15:00:00+00:00,True,False
2026-02-22 18:00:00+00:00,2026-02-23 04:00:00+00:00,2026-02-23 09:00:00,2,10,0.05350915715098381,1,2026-02-22 16:00:00+00:00,True,False
2026-02-22 18:00:00+00:00,2026-02-23 05:00:00+00:00,2026-02-23 10:00:00,2,11,0.05915537849068642,1,2026-02-22 17:00:00+00:00,True,False
2026-02-22 18:00:00+00:00,2026-02-23 06:00:00+00:00,2026-02-23 11:00:00,2,12,0.04494337427119414,1,2026-02-22 18:00:00+00:00,True,False
2026-02-22 18:00:00+00:00,2026-02-23 07:00:00+00:00,2026-02-23 12:00:00,2,13,0.06787145634492238,2,2026-02-21 19:00:00+00:00,True,False
2026-02-22 18:00:00+00:00,2026-02-23 08:00:00+00:00,2026-02-23 13:00:00,2,14,0.15202744801839194,2,2026-02-21 20:00:00+00:00,True,False
2026-02-22 18:00:00+00:00,2026-02-23 09:00:00+00:00,2026-02-23 14:00:00,2,15,0.2662643293539683,2,2026-02-21 21:00:00+00:00,True,False
2026-02-22 18:00:00+00:00,2026-02-23 10:00:00+00:00,2026-02-23 15:00:00,2,16,0.29048756261666614,2,2026-02-21 22:00:00+00:00,True,False
2026-02-22 18:00:00+00:00,2026-02-23 11:00:00+00:00,2026-02-23 16:00:00,2,17,0.45134228467941284,2,2026-02-21 23:00:00+00:00,True,False
2026-02-22 18:00:00+00:00,2026-02-23 12:00:00+00:00,2026-02-23 17:00:00,2,18,0.6733226180076599,2,2026-02-22 00:00:00+00:00,True,False
2026-02-22 18:00:00+00:00,2026-02-23 13:00:00+00:00,2026-02-23 18:00:00,2,19,0.7782732049624125,2,2026-02-22 01:00:00+00:00,True,False
2026-02-22 18:00:00+00:00,2026-02-23 14:00:00+00:00,2026-02-23 19:00:00,2,20,0.8636481563250223,2,2026-02-22 02:00:00+00:00,True,False
2026-02-22 18:00:00+00:00,2026-02-23 15:00:00+00:00,2026-02-23 20:00:00,2,21,0.9191506703694662,2,2026-02-22 03:00:00+00:00,True,False
2026-02-22 18:00:00+00:00,2026-02-23 16:00:00+00:00,2026-02-23 21:00:00,2,22,0.9381020466486613,2,2026-02-22 04:00:00+00:00,True,False
2026-02-22 18:00:00+00:00,2026-02-23 17:00:00+00:00,2026-02-23 22:00:00,2,23,0.9618523518244425,2,2026-02-22 05:00:00+00:00,True,False
2026-02-22 18:00:00+00:00,2026-02-23 18:00:00+00:00,2026-02-23 23:00:00,2,24,0.9600037137667338,2,2026-02-22 06:00:00+00:00,True,False
2026-02-22 18:00:00+00:00,2026-02-23 19:00:00+00:00,2026-02-24 00:00:00,2,25,0.960709273815155,2,2026-02-22 07:00:00+00:00,True,False
2026-02-22 18:00:00+00:00,2026-02-23 20:00:00+00:00,2026-02-24 01:00:00,2,26,0.9292613665262858,2,2026-02-22 08:00:00+00:00,True,False
2026-02-22 18:00:00+00:00,2026-02-23 21:00:00+00:00,2026-02-24 02:00:00,2,27,0.8998345931371053,2,2026-02-22 09:00:00+00:00,True,False
2026-02-22 18:00:00+00:00,2026-02-23 22:00:00+00:00,2026-02-24 03:00:00,2,28,0.9134696920712789,2,2026-02-22 10:00:00+00:00,True,False
2026-02-22 18:00:00+00:00,2026-02-23 23:00:00+00:00,2026-02-24 04:00:00,2,29,0.9326644539833069,2,2026-02-22 11:00:00+00:00,True,False
2026-02-22 18:00:00+00:00,2026-02-24 00:00:00+00:00,2026-02-24 05:00:00,2,30,0.7789194186528524,2,2026-02-22 12:00:00+00:00,True,False
2026-02-22 18:00:00+00:00,2026-02-24 01:00:00+00:00,2026-02-24 06:00:00,2,31,0.7202573418617249,2,2026-02-22 13:00:00+00:00,True,False
2026-02-22 18:00:00+00:00,2026-02-24 02:00:00+00:00,2026-02-24 07:00:00,2,32,0.6040107210477194,2,2026-02-22 14:00:00+00:00,True,False
2026-02-22 18:00:00+00:00,2026-02-24 03:00:00+00:00,2026-02-24 08:00:00,2,33,0.45542248090108234,2,2026-02-22 15:00:00+00:00,True,False
2026-02-22 18:00:00+00:00,2026-02-24 04:00:00+00:00,2026-02-24 09:00:00,2,34,0.33936120569705963,2,2026-02-22 16:00:00+00:00,True,False
2026-02-22 18:00:00+00:00,2026-02-24 05:00:00+00:00,2026-02-24 10:00:00,2,35,0.3511296808719635,2,2026-02-22 17:00:00+00:00,True,False
2026-02-22 18:00:00+00:00,2026-02-24 06:00:00+00:00,2026-02-24 11:00:00,2,36,0.5710370143254598,2,2026-02-22 18:00:00+00:00,True,False
2026-02-22 18:00:00+00:00,2026-02-24 07:00:00+00:00,2026-02-24 12:00:00,2,37,0.5139595071474711,3,2026-02-21 19:00:00+00:00,True,False
2026-02-22 18:00:00+00:00,2026-02-24 08:00:00+00:00,2026-02-24 13:00:00,2,38,0.5781654715538025,3,2026-02-21 20:00:00+00:00,True,False
2026-02-22 18:00:00+00:00,2026-02-24 09:00:00+00:00,2026-02-24 14:00:00,2,39,0.6009662846724192,3,2026-02-21 21:00:00+00:00,True,False
2026-02-22 18:00:00+00:00,2026-02-24 10:00:00+00:00,2026-02-24 15:00:00,2,40,0.7118956049283346,3,2026-02-21 22:00:00+00:00,True,False
2026-02-22 18:00:00+00:00,2026-02-24 11:00:00+00:00,2026-02-24 16:00:00,2,41,0.713228702545166,3,2026-02-21 23:00:00+00:00,True,False
2026-02-22 18:00:00+00:00,2026-02-24 12:00:00+00:00,2026-02-24 17:00:00,2,42,0.16056649635235468,3,2026-02-22 00:00:00+00:00,True,False
2026-02-22 18:00:00+00:00,2026-02-24 13:00:00+00:00,2026-02-24 18:00:00,2,43,0.18550994992256165,3,2026-02-22 01:00:00+00:00,True,False
2026-02-22 18:00:00+00:00,2026-02-24 14:00:00+00:00,2026-02-24 19:00:00,2,44,0.15527166922887167,3,2026-02-22 02:00:00+00:00,True,False
2026-02-22 18:00:00+00:00,2026-02-24 15:00:00+00:00,2026-02-24 20:00:00,2,45,0.12347512195507686,3,2026-02-22 03:00:00+00:00,True,False
2026-02-22 18:00:00+00:00,2026-02-24 16:00:00+00:00,2026-02-24 21:00:00,2,46,0.09467099606990814,3,2026-02-22 04:00:00+00:00,True,False
2026-02-22 18:00:00+00:00,2026-02-24 17:00:00+00:00,2026-02-24 22:00:00,2,47,0.05993979796767235,3,2026-02-22 05:00:00+00:00,True,False
2026-02-22 18:00:00+00:00,2026-02-24 18:00:00+00:00,2026-02-24 23:00:00,2,48,0.04506675836940607,3,2026-02-22 06:00:00+00:00,True,False
2026-02-23 18:00:00+00:00,2026-02-23 19:00:00+00:00,2026-02-24 00:00:00,1,1,0.9207481940587362,1,2026-02-23 07:00:00+00:00,True,False
2026-02-23 18:00:00+00:00,2026-02-23 20:00:00+00:00,2026-02-24 01:00:00,1,2,0.951781431833903,1,2026-02-23 08:00:00+00:00,True,False
2026-02-23 18:00:00+00:00,2026-02-23 21:00:00+00:00,2026-02-24 02:00:00,1,3,0.9514529307683309,1,2026-02-23 09:00:00+00:00,True,False
2026-02-23 18:00:00+00:00,2026-02-23 22:00:00+00:00,2026-02-24 03:00:00,1,4,0.9444415966669718,1,2026-02-23 10:00:00+00:00,True,False
2026-02-23 18:00:00+00:00,2026-02-23 23:00:00+00:00,2026-02-24 04:00:00,1,5,0.9292910695075989,1,2026-02-23 11:00:00+00:00,True,False
2026-02-23 18:00:00+00:00,2026-02-24 00:00:00+00:00,2026-02-24 05:00:00,1,6,0.6263658801714579,1,2026-02-23 12:00:00+00:00,True,False
2026-02-23 18:00:00+00:00,2026-02-24 01:00:00+00:00,2026-02-24 06:00:00,1,7,0.5430536468823751,1,2026-02-23 13:00:00+00:00,True,False
2026-02-23 18:00:00+00:00,2026-02-24 02:00:00+00:00,2026-02-24 07:00:00,1,8,0.40431685249010724,1,2026-02-23 14:00:00+00:00,True,False
2026-02-23 18:00:00+00:00,2026-02-24 03:00:00+00:00,2026-02-24 08:00:00,1,9,0.29805836578210193,1,2026-02-23 15:00:00+00:00,True,False
2026-02-23 18:00:00+00:00,2026-02-24 04:00:00+00:00,2026-02-24 09:00:00,1,10,0.23768075307210287,1,2026-02-23 16:00:00+00:00,True,False
2026-02-23 18:00:00+00:00,2026-02-24 05:00:00+00:00,2026-02-24 10:00:00,1,11,0.25129494071006775,1,2026-02-23 17:00:00+00:00,True,False
2026-02-23 18:00:00+00:00,2026-02-24 06:00:00+00:00,2026-02-24 11:00:00,1,12,0.3215555250644684,1,2026-02-23 18:00:00+00:00,True,False
2026-02-23 18:00:00+00:00,2026-02-24 07:00:00+00:00,2026-02-24 12:00:00,1,13,0.628109077612559,2,2026-02-22 19:00:00+00:00,True,False
2026-02-23 18:00:00+00:00,2026-02-24 08:00:00+00:00,2026-02-24 13:00:00,1,14,0.6882235010464987,2,2026-02-22 20:00:00+00:00,True,False
2026-02-23 18:00:00+00:00,2026-02-24 09:00:00+00:00,2026-02-24 14:00:00,1,15,0.7582048376401266,2,2026-02-22 21:00:00+00:00,True,False
2026-02-23 18:00:00+00:00,2026-02-24 10:00:00+00:00,2026-02-24 15:00:00,1,16,0.8157930970191956,2,2026-02-22 22:00:00+00:00,True,False
2026-02-23 18:00:00+00:00,2026-02-24 11:00:00+00:00,2026-02-24 16:00:00,1,17,0.7979766329129537,2,2026-02-22 23:00:00+00:00,True,False
2026-02-23 18:00:00+00:00,2026-02-24 12:00:00+00:00,2026-02-24 17:00:00,1,18,0.4096229871114095,2,2026-02-23 00:00:00+00:00,True,False
2026-02-23 18:00:00+00:00,2026-02-24 13:00:00+00:00,2026-02-24 18:00:00,1,19,0.3346084306637446,2,2026-02-23 01:00:00+00:00,True,False
2026-02-23 18:00:00+00:00,2026-02-24 14:00:00+00:00,2026-02-24 19:00:00,1,20,0.3798024356365204,2,2026-02-23 02:00:00+00:00,True,False
2026-02-23 18:00:00+00:00,2026-02-24 15:00:00+00:00,2026-02-24 20:00:00,1,21,0.33490169048309326,2,2026-02-23 03:00:00+00:00,True,False
2026-02-23 18:00:00+00:00,2026-02-24 16:00:00+00:00,2026-02-24 21:00:00,1,22,0.3012923349936803,2,2026-02-23 04:00:00+00:00,True,False
2026-02-23 18:00:00+00:00,2026-02-24 17:00:00+00:00,2026-02-24 22:00:00,1,23,0.20305902262528738,2,2026-02-23 05:00:00+00:00,True,False
2026-02-23 18:00:00+00:00,2026-02-24 18:00:00+00:00,2026-02-24 23:00:00,1,24,0.06961033493280411,2,2026-02-23 06:00:00+00:00,True,False
2026-02-23 18:00:00+00:00,2026-02-24 19:00:00+00:00,2026-02-25 00:00:00,1,25,0.04546113839993874,2,2026-02-23 07:00:00+00:00,True,False
2026-02-23 18:00:00+00:00,2026-02-24 20:00:00+00:00,2026-02-25 01:00:00,1,26,0.021735075240333874,2,2026-02-23 08:00:00+00:00,True,False
2026-02-23 18:00:00+00:00,2026-02-24 21:00:00+00:00,2026-02-25 02:00:00,1,27,0.04097940524419149,2,2026-02-23 09:00:00+00:00,True,False
2026-02-23 18:00:00+00:00,2026-02-24 22:00:00+00:00,2026-02-25 03:00:00,1,28,0.06213877536356449,2,2026-02-23 10:00:00+00:00,True,False
2026-02-23 18:00:00+00:00,2026-02-24 23:00:00+00:00,2026-02-25 04:00:00,1,29,0.061894980569680534,2,2026-02-23 11:00:00+00:00,True,False
2026-02-23 18:00:00+00:00,2026-02-25 00:00:00+00:00,2026-02-25 05:00:00,1,30,0.031095785399278004,2,2026-02-23 12:00:00+00:00,True,False
2026-02-23 18:00:00+00:00,2026-02-25 01:00:00+00:00,2026-02-25 06:00:00,1,31,0.03160646247367064,2,2026-02-23 13:00:00+00:00,True,False
2026-02-23 18:00:00+00:00,2026-02-25 02:00:00+00:00,2026-02-25 07:00:00,1,32,0.03754043268660704,2,2026-02-23 14:00:00+00:00,True,False
2026-02-23 18:00:00+00:00,2026-02-25 03:00:00+00:00,2026-02-25 08:00:00,1,33,0.05882697055737177,2,2026-02-23 15:00:00+00:00,True,False
2026-02-23 18:00:00+00:00,2026-02-25 04:00:00+00:00,2026-02-25 09:00:00,1,34,0.10125575959682465,2,2026-02-23 16:00:00+00:00,True,False
2026-02-23 18:00:00+00:00,2026-02-25 05:00:00+00:00,2026-02-25 10:00:00,1,35,0.114719125131766,2,2026-02-23 17:00:00+00:00,True,False
2026-02-23 18:00:00+00:00,2026-02-25 06:00:00+00:00,2026-02-25 11:00:00,1,36,0.27735889454682666,2,2026-02-23 18:00:00+00:00,True,False
2026-02-23 18:00:00+00:00,2026-02-25 07:00:00+00:00,2026-02-25 12:00:00,1,37,0.46861674388249713,3,2026-02-22 19:00:00+00:00,True,False
2026-02-23 18:00:00+00:00,2026-02-25 08:00:00+00:00,2026-02-25 13:00:00,1,38,0.45250025391578674,3,2026-02-22 20:00:00+00:00,True,False
2026-02-23 18:00:00+00:00,2026-02-25 09:00:00+00:00,2026-02-25 14:00:00,1,39,0.4926935136318207,3,2026-02-22 21:00:00+00:00,True,False
2026-02-23 18:00:00+00:00,2026-02-25 10:00:00+00:00,2026-02-25 15:00:00,1,40,0.39942673842112225,3,2026-02-22 22:00:00+00:00,True,False
2026-02-23 18:00:00+00:00,2026-02-25 11:00:00+00:00,2026-02-25 16:00:00,1,41,0.30470873415470123,3,2026-02-22 23:00:00+00:00,True,False
2026-02-23 18:00:00+00:00,2026-02-25 12:00:00+00:00,2026-02-25 17:00:00,1,42,0.45878661672274273,3,2026-02-23 00:00:00+00:00,True,False
2026-02-23 18:00:00+00:00,2026-02-25 13:00:00+00:00,2026-02-25 18:00:00,1,43,0.5501513083775839,3,2026-02-23 01:00:00+00:00,True,False
2026-02-23 18:00:00+00:00,2026-02-25 14:00:00+00:00,2026-02-25 19:00:00,1,44,0.4861177404721578,3,2026-02-23 02:00:00+00:00,True,False
2026-02-23 18:00:00+00:00,2026-02-25 15:00:00+00:00,2026-02-25 20:00:00,1,45,0.47037722667058307,3,2026-02-23 03:00:00+00:00,True,False
2026-02-23 18:00:00+00:00,2026-02-25 16:00:00+00:00,2026-02-25 21:00:00,1,46,0.6061818798383077,3,2026-02-23 04:00:00+00:00,True,False
2026-02-23 18:00:00+00:00,2026-02-25 17:00:00+00:00,2026-02-25 22:00:00,1,47,0.681347648302714,3,2026-02-23 05:00:00+00:00,True,False
2026-02-23 18:00:00+00:00,2026-02-25 18:00:00+00:00,2026-02-25 23:00:00,1,48,0.9610134561856588,3,2026-02-23 06:00:00+00:00,True,False
2026-02-23 18:00:00+00:00,2026-02-23 19:00:00+00:00,2026-02-24 00:00:00,2,1,0.9158746600151062,1,2026-02-23 07:00:00+00:00,True,False
2026-02-23 18:00:00+00:00,2026-02-23 20:00:00+00:00,2026-02-24 01:00:00,2,2,0.9466574192047119,1,2026-02-23 08:00:00+00:00,True,False
2026-02-23 18:00:00+00:00,2026-02-23 21:00:00+00:00,2026-02-24 02:00:00,2,3,0.9449185331662496,1,2026-02-23 09:00:00+00:00,True,False
2026-02-23 18:00:00+00:00,2026-02-23 22:00:00+00:00,2026-02-24 03:00:00,2,4,0.9356601039568583,1,2026-02-23 10:00:00+00:00,True,False
2026-02-23 18:00:00+00:00,2026-02-23 23:00:00+00:00,2026-02-24 04:00:00,2,5,0.9178084135055542,1,2026-02-23 11:00:00+00:00,True,False
2026-02-23 18:00:00+00:00,2026-02-24 00:00:00+00:00,2026-02-24 05:00:00,2,6,0.6090119878451029,1,2026-02-23 12:00:00+00:00,True,False
2026-02-23 18:00:00+00:00,2026-02-24 01:00:00+00:00,2026-02-24 06:00:00,2,7,0.5197348495324453,1,2026-02-23 13:00:00+00:00,True,False
2026-02-23 18:00:00+00:00,2026-02-24 02:00:00+00:00,2026-02-24 07:00:00,2,8,0.3897554973761241,1,2026-02-23 14:00:00+00:00,True,False
2026-02-23 18:00:00+00:00,2026-02-24 03:00:00+00:00,2026-02-24 08:00:00,2,9,0.2912530203660329,1,2026-02-23 15:00:00+00:00,True,False
2026-02-23 18:00:00+00:00,2026-02-24 04:00:00+00:00,2026-02-24 09:00:00,2,10,0.23072735965251923,1,2026-02-23 16:00:00+00:00,True,False
2026-02-23 18:00:00+00:00,2026-02-24 05:00:00+00:00,2026-02-24 10:00:00,2,11,0.24424602091312408,1,2026-02-23 17:00:00+00:00,True,False
2026-02-23 18:00:00+00:00,2026-02-24 06:00:00+00:00,2026-02-24 11:00:00,2,12,0.31611130634943646,1,2026-02-23 18:00:00+00:00,True,False
2026-02-23 18:00:00+00:00,2026-02-24 07:00:00+00:00,2026-02-24 12:00:00,2,13,0.596437027057012,2,2026-02-22 19:00:00+00:00,True,False
2026-02-23 18:00:00+00:00,2026-02-24 08:00:00+00:00,2026-02-24 13:00:00,2,14,0.6469940344492594,2,2026-02-22 20:00:00+00:00,True,False
2026-02-23 18:00:00+00:00,2026-02-24 09:00:00+00:00,2026-02-24 14:00:00,2,15,0.711766262849172,2,2026-02-22 21:00:00+00:00,True,False
2026-02-23 18:00:00+00:00,2026-02-24 10:00:00+00:00,2026-02-24 15:00:00,2,16,0.7814621726671854,2,2026-02-22 22:00:00+00:00,True,False
2026-02-23 18:00:00+00:00,2026-02-24 11:00:00+00:00,2026-02-24 16:00:00,2,17,0.7654608686765035,2,2026-02-22 23:00:00+00:00,True,False
2026-02-23 18:00:00+00:00,2026-02-24 12:00:00+00:00,2026-02-24 17:00:00,2,18,0.37797781825065613,2,2026-02-23 00:00:00+00:00,True,False
2026-02-23 18:00:00+00:00,2026-02-24 13:00:00+00:00,2026-02-24 18:00:00,2,19,0.30948302646478015,2,2026-02-23 01:00:00+00:00,True,False
2026-02-23 18:00:00+00:00,2026-02-24 14:00:00+00:00,2026-02-24 19:00:00,2,20,0.3496578832467397,2,2026-02-23 02:00:00+00:00,True,False
2026-02-23 18:00:00+00:00,2026-02-24 15:00:00+00:00,2026-02-24 20:00:00,2,21,0.31892303625742596,2,2026-02-23 03:00:00+00:00,True,False
2026-02-23 18:00:00+00:00,2026-02-24 16:00:00+00:00,2026-02-24 21:00:00,2,22,0.28577950596809387,2,2026-02-23 04:00:00+00:00,True,False
2026-02-23 18:00:00+00:00,2026-02-24 17:00:00+00:00,2026-02-24 22:00:00,2,23,0.20315212508042654,2,2026-02-23 05:00:00+00:00,True,False
2026-02-23 18:00:00+00:00,2026-02-24 18:00:00+00:00,2026-02-24 23:00:00,2,24,0.06613211457928021,2,2026-02-23 06:00:00+00:00,True,False
2026-02-23 18:00:00+00:00,2026-02-24 19:00:00+00:00,2026-02-25 00:00:00,2,25,0.04497106311221918,2,2026-02-23 07:00:00+00:00,True,False
2026-02-23 18:00:00+00:00,2026-02-24 20:00:00+00:00,2026-02-25 01:00:00,2,26,0.0198299759067595,2,2026-02-23 08:00:00+00:00,True,False
2026-02-23 18:00:00+00:00,2026-02-24 21:00:00+00:00,2026-02-25 02:00:00,2,27,0.03632130132367214,2,2026-02-23 09:00:00+00:00,True,False
2026-02-23 18:00:00+00:00,2026-02-24 22:00:00+00:00,2026-02-25 03:00:00,2,28,0.05277282061676184,2,2026-02-23 10:00:00+00:00,True,False
2026-02-23 18:00:00+00:00,2026-02-24 23:00:00+00:00,2026-02-25 04:00:00,2,29,0.054356109350919724,2,2026-02-23 11:00:00+00:00,True,False
2026-02-23 18:00:00+00:00,2026-02-25 00:00:00+00:00,2026-02-25 05:00:00,2,30,0.027862661828597386,2,2026-02-23 12:00:00+00:00,True,False
2026-02-23 18:00:00+00:00,2026-02-25 01:00:00+00:00,2026-02-25 06:00:00,2,31,0.027778780708710354,2,2026-02-23 13:00:00+00:00,True,False
2026-02-23 18:00:00+00:00,2026-02-25 02:00:00+00:00,2026-02-25 07:00:00,2,32,0.03368112506965796,2,2026-02-23 14:00:00+00:00,True,False
2026-02-23 18:00:00+00:00,2026-02-25 03:00:00+00:00,2026-02-25 08:00:00,2,33,0.054705449690421425,2,2026-02-23 15:00:00+00:00,True,False
2026-02-23 18:00:00+00:00,2026-02-25 04:00:00+00:00,2026-02-25 09:00:00,2,34,0.09464890758196513,2,2026-02-23 16:00:00+00:00,True,False
2026-02-23 18:00:00+00:00,2026-02-25 05:00:00+00:00,2026-02-25 10:00:00,2,35,0.11467722803354263,2,2026-02-23 17:00:00+00:00,True,False
2026-02-23 18:00:00+00:00,2026-02-25 06:00:00+00:00,2026-02-25 11:00:00,2,36,0.2769365807374318,2,2026-02-23 18:00:00+00:00,True,False
2026-02-23 18:00:00+00:00,2026-02-25 07:00:00+00:00,2026-02-25 12:00:00,2,37,0.4604630470275879,3,2026-02-22 19:00:00+00:00,True,False
2026-02-23 18:00:00+00:00,2026-02-25 08:00:00+00:00,2026-02-25 13:00:00,2,38,0.4438643157482147,3,2026-02-22 20:00:00+00:00,True,False
2026-02-23 18:00:00+00:00,2026-02-25 09:00:00+00:00,2026-02-25 14:00:00,2,39,0.48324961463610333,3,2026-02-22 21:00:00+00:00,True,False
2026-02-23 18:00:00+00:00,2026-02-25 10:00:00+00:00,2026-02-25 15:00:00,2,40,0.38866180181503296,3,2026-02-22 22:00:00+00:00,True,False
2026-02-23 18:00:00+00:00,2026-02-25 11:00:00+00:00,2026-02-25 16:00:00,2,41,0.3028669059276581,3,2026-02-22 23:00:00+00:00,True,False
2026-02-23 18:00:00+00:00,2026-02-25 12:00:00+00:00,2026-02-25 17:00:00,2,42,0.46519700686136883,3,2026-02-23 00:00:00+00:00,True,False
2026-02-23 18:00:00+00:00,2026-02-25 13:00:00+00:00,2026-02-25 18:00:00,2,43,0.5555538237094879,3,2026-02-23 01:00:00+00:00,True,False
2026-02-23 18:00:00+00:00,2026-02-25 14:00:00+00:00,2026-02-25 19:00:00,2,44,0.5036479334036509,3,2026-02-23 02:00:00+00:00,True,False
2026-02-23 18:00:00+00:00,2026-02-25 15:00:00+00:00,2026-02-25 20:00:00,2,45,0.47592461109161377,3,2026-02-23 03:00:00+00:00,True,False
2026-02-23 18:00:00+00:00,2026-02-25 16:00:00+00:00,2026-02-25 21:00:00,2,46,0.6086440881093343,3,2026-02-23 04:00:00+00:00,True,False
2026-02-23 18:00:00+00:00,2026-02-25 17:00:00+00:00,2026-02-25 22:00:00,2,47,0.6737277507781982,3,2026-02-23 05:00:00+00:00,True,False
2026-02-23 18:00:00+00:00,2026-02-25 18:00:00+00:00,2026-02-25 23:00:00,2,48,0.9568224946657816,3,2026-02-23 06:00:00+00:00,True,False
2026-02-24 18:00:00+00:00,2026-02-24 19:00:00+00:00,2026-02-25 00:00:00,1,1,0.017966024267176788,1,2026-02-24 07:00:00+00:00,True,False
2026-02-24 18:00:00+00:00,2026-02-24 20:00:00+00:00,2026-02-25 01:00:00,1,2,0.027350713809331257,1,2026-02-24 08:00:00+00:00,True,False
2026-02-24 18:00:00+00:00,2026-02-24 21:00:00+00:00,2026-02-25 02:00:00,1,3,0.03437839075922966,1,2026-02-24 09:00:00+00:00,True,False
2026-02-24 18:00:00+00:00,2026-02-24 22:00:00+00:00,2026-02-25 03:00:00,1,4,0.033633172822495304,1,2026-02-24 10:00:00+00:00,True,False
2026-02-24 18:00:00+00:00,2026-02-24 23:00:00+00:00,2026-02-25 04:00:00,1,5,0.036035157119234405,1,2026-02-24 11:00:00+00:00,True,False
2026-02-24 18:00:00+00:00,2026-02-25 00:00:00+00:00,2026-02-25 05:00:00,1,6,0.040051137718061604,1,2026-02-24 12:00:00+00:00,True,False
2026-02-24 18:00:00+00:00,2026-02-25 01:00:00+00:00,2026-02-25 06:00:00,1,7,0.043106965720653534,1,2026-02-24 13:00:00+00:00,True,False
2026-02-24 18:00:00+00:00,2026-02-25 02:00:00+00:00,2026-02-25 07:00:00,1,8,0.04563028054932753,1,2026-02-24 14:00:00+00:00,True,False
2026-02-24 18:00:00+00:00,2026-02-25 03:00:00+00:00,2026-02-25 08:00:00,1,9,0.04403116057316462,1,2026-02-24 15:00:00+00:00,True,False
2026-02-24 18:00:00+00:00,2026-02-25 04:00:00+00:00,2026-02-25 09:00:00,1,10,0.03931612086792787,1,2026-02-24 16:00:00+00:00,True,False
2026-02-24 18:00:00+00:00,2026-02-25 05:00:00+00:00,2026-02-25 10:00:00,1,11,0.03549934923648834,1,2026-02-24 17:00:00+00:00,True,False
2026-02-24 18:00:00+00:00,2026-02-25 06:00:00+00:00,2026-02-25 11:00:00,1,12,0.026309211427966755,1,2026-02-24 18:00:00+00:00,True,False
2026-02-24 18:00:00+00:00,2026-02-25 07:00:00+00:00,2026-02-25 12:00:00,1,13,0.38000552852948505,2,2026-02-23 19:00:00+00:00,True,False
2026-02-24 18:00:00+00:00,2026-02-25 08:00:00+00:00,2026-02-25 13:00:00,1,14,0.3304893771807353,2,2026-02-23 20:00:00+00:00,True,False
2026-02-24 18:00:00+00:00,2026-02-25 09:00:00+00:00,2026-02-25 14:00:00,1,15,0.26732702056566876,2,2026-02-23 21:00:00+00:00,True,False
2026-02-24 18:00:00+00:00,2026-02-25 10:00:00+00:00,2026-02-25 15:00:00,1,16,0.2675805985927582,2,2026-02-23 22:00:00+00:00,True,False
2026-02-24 18:00:00+00:00,2026-02-25 11:00:00+00:00,2026-02-25 16:00:00,1,17,0.363373984893163,2,2026-02-23 23:00:00+00:00,True,False
2026-02-24 18:00:00+00:00,2026-02-25 12:00:00+00:00,2026-02-25 17:00:00,1,18,0.1864382823308309,2,2026-02-24 00:00:00+00:00,True,False
2026-02-24 18:00:00+00:00,2026-02-25 13:00:00+00:00,2026-02-25 18:00:00,1,19,0.2171399345000585,2,2026-02-24 01:00:00+00:00,True,False
2026-02-24 18:00:00+00:00,2026-02-25 14:00:00+00:00,2026-02-25 19:00:00,1,20,0.1857396364212036,2,2026-02-24 02:00:00+00:00,True,False
2026-02-24 18:00:00+00:00,2026-02-25 15:00:00+00:00,2026-02-25 20:00:00,1,21,0.31776400407155353,2,2026-02-24 03:00:00+00:00,True,False
2026-02-24 18:00:00+00:00,2026-02-25 16:00:00+00:00,2026-02-25 21:00:00,1,22,0.8009222547213236,2,2026-02-24 04:00:00+00:00,True,False
2026-02-24 18:00:00+00:00,2026-02-25 17:00:00+00:00,2026-02-25 22:00:00,1,23,0.8668155272801717,2,2026-02-24 05:00:00+00:00,True,False
2026-02-24 18:00:00+00:00,2026-02-25 18:00:00+00:00,2026-02-25 23:00:00,1,24,0.7743025223414103,2,2026-02-24 06:00:00+00:00,True,False
2026-02-24 18:00:00+00:00,2026-02-25 19:00:00+00:00,2026-02-26 00:00:00,1,25,0.8320360779762268,2,2026-02-24 07:00:00+00:00,True,False
2026-02-24 18:00:00+00:00,2026-02-25 20:00:00+00:00,2026-02-26 01:00:00,1,26,0.862045407295227,2,2026-02-24 08:00:00+00:00,True,False
2026-02-24 18:00:00+00:00,2026-02-25 21:00:00+00:00,2026-02-26 02:00:00,1,27,0.8811970949172974,2,2026-02-24 09:00:00+00:00,True,False
2026-02-24 18:00:00+00:00,2026-02-25 22:00:00+00:00,2026-02-26 03:00:00,1,28,0.9103829264640808,2,2026-02-24 10:00:00+00:00,True,False
2026-02-24 18:00:00+00:00,2026-02-25 23:00:00+00:00,2026-02-26 04:00:00,1,29,0.8770870169003805,2,2026-02-24 11:00:00+00:00,True,False
2026-02-24 18:00:00+00:00,2026-02-26 00:00:00+00:00,2026-02-26 05:00:00,1,30,0.8021032015482584,2,2026-02-24 12:00:00+00:00,True,False
2026-02-24 18:00:00+00:00,2026-02-26 01:00:00+00:00,2026-02-26 06:00:00,1,31,0.5866805116335551,2,2026-02-24 13:00:00+00:00,True,False
2026-02-24 18:00:00+00:00,2026-02-26 02:00:00+00:00,2026-02-26 07:00:00,1,32,0.2932348847389221,2,2026-02-24 14:00:00+00:00,True,False
2026-02-24 18:00:00+00:00,2026-02-26 03:00:00+00:00,2026-02-26 08:00:00,1,33,0.4425594011942546,2,2026-02-24 15:00:00+00:00,True,False
2026-02-24 18:00:00+00:00,2026-02-26 04:00:00+00:00,2026-02-26 09:00:00,1,34,0.48049739996592206,2,2026-02-24 16:00:00+00:00,True,False
2026-02-24 18:00:00+00:00,2026-02-26 05:00:00+00:00,2026-02-26 10:00:00,1,35,0.08828219771385193,2,2026-02-24 17:00:00+00:00,True,False
2026-02-24 18:00:00+00:00,2026-02-26 06:00:00+00:00,2026-02-26 11:00:00,1,36,0.06162644922733307,2,2026-02-24 18:00:00+00:00,True,False
2026-02-24 18:00:00+00:00,2026-02-26 07:00:00+00:00,2026-02-26 12:00:00,1,37,0.16118187581499419,3,2026-02-23 19:00:00+00:00,True,False
2026-02-24 18:00:00+00:00,2026-02-26 08:00:00+00:00,2026-02-26 13:00:00,1,38,0.13937275360027948,3,2026-02-23 20:00:00+00:00,True,False
2026-02-24 18:00:00+00:00,2026-02-26 09:00:00+00:00,2026-02-26 14:00:00,1,39,0.31357382734616596,3,2026-02-23 21:00:00+00:00,True,False
2026-02-24 18:00:00+00:00,2026-02-26 10:00:00+00:00,2026-02-26 15:00:00,1,40,0.30266956488291424,3,2026-02-23 22:00:00+00:00,True,False
2026-02-24 18:00:00+00:00,2026-02-26 11:00:00+00:00,2026-02-26 16:00:00,1,41,0.4339619179566701,3,2026-02-23 23:00:00+00:00,True,False
2026-02-24 18:00:00+00:00,2026-02-26 12:00:00+00:00,2026-02-26 17:00:00,1,42,0.5576881368954977,3,2026-02-24 00:00:00+00:00,True,False
2026-02-24 18:00:00+00:00,2026-02-26 13:00:00+00:00,2026-02-26 18:00:00,1,43,0.5918289124965668,3,2026-02-24 01:00:00+00:00,True,False
2026-02-24 18:00:00+00:00,2026-02-26 14:00:00+00:00,2026-02-26 19:00:00,1,44,0.7809123396873474,3,2026-02-24 02:00:00+00:00,True,False
2026-02-24 18:00:00+00:00,2026-02-26 15:00:00+00:00,2026-02-26 20:00:00,1,45,0.8747700055440267,3,2026-02-24 03:00:00+00:00,True,False
2026-02-24 18:00:00+00:00,2026-02-26 16:00:00+00:00,2026-02-26 21:00:00,1,46,0.8234576384226481,3,2026-02-24 04:00:00+00:00,True,False
2026-02-24 18:00:00+00:00,2026-02-26 17:00:00+00:00,2026-02-26 22:00:00,1,47,0.6474621891975403,3,2026-02-24 05:00:00+00:00,True,False
2026-02-24 18:00:00+00:00,2026-02-26 18:00:00+00:00,2026-02-26 23:00:00,1,48,0.5863317847251892,3,2026-02-24 06:00:00+00:00,True,False
2026-02-24 18:00:00+00:00,2026-02-24 19:00:00+00:00,2026-02-25 00:00:00,2,1,0.016387040882060926,1,2026-02-24 07:00:00+00:00,True,False
2026-02-24 18:00:00+00:00,2026-02-24 20:00:00+00:00,2026-02-25 01:00:00,2,2,0.025823054369539022,1,2026-02-24 08:00:00+00:00,True,False
2026-02-24 18:00:00+00:00,2026-02-24 21:00:00+00:00,2026-02-25 02:00:00,2,3,0.031000149125854175,1,2026-02-24 09:00:00+00:00,True,False
2026-02-24 18:00:00+00:00,2026-02-24 22:00:00+00:00,2026-02-25 03:00:00,2,4,0.033148459158837795,1,2026-02-24 10:00:00+00:00,True,False
2026-02-24 18:00:00+00:00,2026-02-24 23:00:00+00:00,2026-02-25 04:00:00,2,5,0.03425642320265373,1,2026-02-24 11:00:00+00:00,True,False
2026-02-24 18:00:00+00:00,2026-02-25 00:00:00+00:00,2026-02-25 05:00:00,2,6,0.03771225533758601,1,2026-02-24 12:00:00+00:00,True,False
2026-02-24 18:00:00+00:00,2026-02-25 01:00:00+00:00,2026-02-25 06:00:00,2,7,0.039766475558280945,1,2026-02-24 13:00:00+00:00,True,False
2026-02-24 18:00:00+00:00,2026-02-25 02:00:00+00:00,2026-02-25 07:00:00,2,8,0.042225899174809456,1,2026-02-24 14:00:00+00:00,True,False
2026-02-24 18:00:00+00:00,2026-02-25 03:00:00+00:00,2026-02-25 08:00:00,2,9,0.041985265289743744,1,2026-02-24 15:00:00+00:00,True,False
2026-02-24 18:00:00+00:00,2026-02-25 04:00:00+00:00,2026-02-25 09:00:00,2,10,0.03735209256410599,1,2026-02-24 16:00:00+00:00,True,False
2026-02-24 18:00:00+00:00,2026-02-25 05:00:00+00:00,2026-02-25 10:00:00,2,11,0.03259729593992233,1,2026-02-24 17:00:00+00:00,True,False
2026-02-24 18:00:00+00:00,2026-02-25 06:00:00+00:00,2026-02-25 11:00:00,2,12,0.025312849941353004,1,2026-02-24 18:00:00+00:00,True,False
2026-02-24 18:00:00+00:00,2026-02-25 07:00:00+00:00,2026-02-25 12:00:00,2,13,0.3690946400165558,2,2026-02-23 19:00:00+00:00,True,False
2026-02-24 18:00:00+00:00,2026-02-25 08:00:00+00:00,2026-02-25 13:00:00,2,14,0.32274043560028076,2,2026-02-23 20:00:00+00:00,True,False
2026-02-24 18:00:00+00:00,2026-02-25 09:00:00+00:00,2026-02-25 14:00:00,2,15,0.24814926584561667,2,2026-02-23 21:00:00+00:00,True,False
2026-02-24 18:00:00+00:00,2026-02-25 10:00:00+00:00,2026-02-25 15:00:00,2,16,0.2582390407721202,2,2026-02-23 22:00:00+00:00,True,False
2026-02-24 18:00:00+00:00,2026-02-25 11:00:00+00:00,2026-02-25 16:00:00,2,17,0.34680862228075665,2,2026-02-23 23:00:00+00:00,True,False
2026-02-24 18:00:00+00:00,2026-02-25 12:00:00+00:00,2026-02-25 17:00:00,2,18,0.18232965469360352,2,2026-02-24 00:00:00+00:00,True,False
2026-02-24 18:00:00+00:00,2026-02-25 13:00:00+00:00,2026-02-25 18:00:00,2,19,0.21586411694685617,2,2026-02-24 01:00:00+00:00,True,False
2026-02-24 18:00:00+00:00,2026-02-25 14:00:00+00:00,2026-02-25 19:00:00,2,20,0.1740651031335195,2,2026-02-24 02:00:00+00:00,True,False
2026-02-24 18:00:00+00:00,2026-02-25 15:00:00+00:00,2026-02-25 20:00:00,2,21,0.30637673040231067,2,2026-02-24 03:00:00+00:00,True,False
2026-02-24 18:00:00+00:00,2026-02-25 16:00:00+00:00,2026-02-25 21:00:00,2,22,0.7832316954930624,2,2026-02-24 04:00:00+00:00,True,False
2026-02-24 18:00:00+00:00,2026-02-25 17:00:00+00:00,2026-02-25 22:00:00,2,23,0.8631232182184855,2,2026-02-24 05:00:00+00:00,True,False
2026-02-24 18:00:00+00:00,2026-02-25 18:00:00+00:00,2026-02-25 23:00:00,2,24,0.7529422442118326,2,2026-02-24 06:00:00+00:00,True,False
2026-02-24 18:00:00+00:00,2026-02-25 19:00:00+00:00,2026-02-26 00:00:00,2,25,0.81303471326828,2,2026-02-24 07:00:00+00:00,True,False
2026-02-24 18:00:00+00:00,2026-02-25 20:00:00+00:00,2026-02-26 01:00:00,2,26,0.8427139719327291,2,2026-02-24 08:00:00+00:00,True,False
2026-02-24 18:00:00+00:00,2026-02-25 21:00:00+00:00,2026-02-26 02:00:00,2,27,0.8630549907684326,2,2026-02-24 09:00:00+00:00,True,False
2026-02-24 18:00:00+00:00,2026-02-25 22:00:00+00:00,2026-02-26 03:00:00,2,28,0.8949148257573446,2,2026-02-24 10:00:00+00:00,True,False
2026-02-24 18:00:00+00:00,2026-02-25 23:00:00+00:00,2026-02-26 04:00:00,2,29,0.8546428481737772,2,2026-02-24 11:00:00+00:00,True,False
2026-02-24 18:00:00+00:00,2026-02-26 00:00:00+00:00,2026-02-26 05:00:00,2,30,0.7778834501902262,2,2026-02-24 12:00:00+00:00,True,False
2026-02-24 18:00:00+00:00,2026-02-26 01:00:00+00:00,2026-02-26 06:00:00,2,31,0.5575124124685923,2,2026-02-24 13:00:00+00:00,True,False
2026-02-24 18:00:00+00:00,2026-02-26 02:00:00+00:00,2026-02-26 07:00:00,2,32,0.2957271784543991,2,2026-02-24 14:00:00+00:00,True,False
2026-02-24 18:00:00+00:00,2026-02-26 03:00:00+00:00,2026-02-26 08:00:00,2,33,0.4364187916119893,2,2026-02-24 15:00:00+00:00,True,False
2026-02-24 18:00:00+00:00,2026-02-26 04:00:00+00:00,2026-02-26 09:00:00,2,34,0.4696077803770701,2,2026-02-24 16:00:00+00:00,True,False
2026-02-24 18:00:00+00:00,2026-02-26 05:00:00+00:00,2026-02-26 10:00:00,2,35,0.0840084304412206,2,2026-02-24 17:00:00+00:00,True,False
2026-02-24 18:00:00+00:00,2026-02-26 06:00:00+00:00,2026-02-26 11:00:00,2,36,0.061953927079836525,2,2026-02-24 18:00:00+00:00,True,False
2026-02-24 18:00:00+00:00,2026-02-26 07:00:00+00:00,2026-02-26 12:00:00,2,37,0.15946566313505173,3,2026-02-23 19:00:00+00:00,True,False
2026-02-24 18:00:00+00:00,2026-02-26 08:00:00+00:00,2026-02-26 13:00:00,2,38,0.13673176616430283,3,2026-02-23 20:00:00+00:00,True,False
2026-02-24 18:00:00+00:00,2026-02-26 09:00:00+00:00,2026-02-26 14:00:00,2,39,0.3194958120584488,3,2026-02-23 21:00:00+00:00,True,False
2026-02-24 18:00:00+00:00,2026-02-26 10:00:00+00:00,2026-02-26 15:00:00,2,40,0.3064185380935669,3,2026-02-23 22:00:00+00:00,True,False
2026-02-24 18:00:00+00:00,2026-02-26 11:00:00+00:00,2026-02-26 16:00:00,2,41,0.4502083361148834,3,2026-02-23 23:00:00+00:00,True,False
2026-02-24 18:00:00+00:00,2026-02-26 12:00:00+00:00,2026-02-26 17:00:00,2,42,0.5660704771677653,3,2026-02-24 00:00:00+00:00,True,False
2026-02-24 18:00:00+00:00,2026-02-26 13:00:00+00:00,2026-02-26 18:00:00,2,43,0.6040158371130625,3,2026-02-24 01:00:00+00:00,True,False
2026-02-24 18:00:00+00:00,2026-02-26 14:00:00+00:00,2026-02-26 19:00:00,2,44,0.7913001775741577,3,2026-02-24 02:00:00+00:00,True,False
2026-02-24 18:00:00+00:00,2026-02-26 15:00:00+00:00,2026-02-26 20:00:00,2,45,0.8809765974680582,3,2026-02-24 03:00:00+00:00,True,False
2026-02-24 18:00:00+00:00,2026-02-26 16:00:00+00:00,2026-02-26 21:00:00,2,46,0.8309432665506998,3,2026-02-24 04:00:00+00:00,True,False
2026-02-24 18:00:00+00:00,2026-02-26 17:00:00+00:00,2026-02-26 22:00:00,2,47,0.663232684135437,3,2026-02-24 05:00:00+00:00,True,False
2026-02-24 18:00:00+00:00,2026-02-26 18:00:00+00:00,2026-02-26 23:00:00,2,48,0.6125508944193522,3,2026-02-24 06:00:00+00:00,True,False
2026-02-25 18:00:00+00:00,2026-02-25 19:00:00+00:00,2026-02-26 00:00:00,1,1,0.7107650438944498,1,2026-02-25 07:00:00+00:00,True,False
2026-02-25 18:00:00+00:00,2026-02-25 20:00:00+00:00,2026-02-26 01:00:00,1,2,0.6663251519203186,1,2026-02-25 08:00:00+00:00,True,False
2026-02-25 18:00:00+00:00,2026-02-25 21:00:00+00:00,2026-02-26 02:00:00,1,3,0.6384036540985107,1,2026-02-25 09:00:00+00:00,True,False
2026-02-25 18:00:00+00:00,2026-02-25 22:00:00+00:00,2026-02-26 03:00:00,1,4,0.8739398916562399,1,2026-02-25 10:00:00+00:00,True,False
2026-02-25 18:00:00+00:00,2026-02-25 23:00:00+00:00,2026-02-26 04:00:00,1,5,0.838303824265798,1,2026-02-25 11:00:00+00:00,True,False
2026-02-25 18:00:00+00:00,2026-02-26 00:00:00+00:00,2026-02-26 05:00:00,1,6,0.8551668922106425,1,2026-02-25 12:00:00+00:00,True,False
2026-02-25 18:00:00+00:00,2026-02-26 01:00:00+00:00,2026-02-26 06:00:00,1,7,0.7381525039672852,1,2026-02-25 13:00:00+00:00,True,False
2026-02-25 18:00:00+00:00,2026-02-26 02:00:00+00:00,2026-02-26 07:00:00,1,8,0.6615134477615356,1,2026-02-25 14:00:00+00:00,True,False
2026-02-25 18:00:00+00:00,2026-02-26 03:00:00+00:00,2026-02-26 08:00:00,1,9,0.23462977757056555,1,2026-02-25 15:00:00+00:00,True,False
2026-02-25 18:00:00+00:00,2026-02-26 04:00:00+00:00,2026-02-26 09:00:00,1,10,0.07753013509015243,1,2026-02-25 16:00:00+00:00,True,False
2026-02-25 18:00:00+00:00,2026-02-26 05:00:00+00:00,2026-02-26 10:00:00,1,11,0.363542377948761,1,2026-02-25 17:00:00+00:00,True,False
2026-02-25 18:00:00+00:00,2026-02-26 06:00:00+00:00,2026-02-26 11:00:00,1,12,0.3315608898798625,1,2026-02-25 18:00:00+00:00,True,False
2026-02-25 18:00:00+00:00,2026-02-26 07:00:00+00:00,2026-02-26 12:00:00,1,13,0.13723615494867167,2,2026-02-24 19:00:00+00:00,True,False
2026-02-25 18:00:00+00:00,2026-02-26 08:00:00+00:00,2026-02-26 13:00:00,1,14,0.09856904670596123,2,2026-02-24 20:00:00+00:00,True,False
2026-02-25 18:00:00+00:00,2026-02-26 09:00:00+00:00,2026-02-26 14:00:00,1,15,0.07826610282063484,2,2026-02-24 21:00:00+00:00,True,False
2026-02-25 18:00:00+00:00,2026-02-26 10:00:00+00:00,2026-02-26 15:00:00,1,16,0.20200786491235098,2,2026-02-24 22:00:00+00:00,True,False
2026-02-25 18:00:00+00:00,2026-02-26 11:00:00+00:00,2026-02-26 16:00:00,1,17,0.2466395696004232,2,2026-02-24 23:00:00+00:00,True,False
2026-02-25 18:00:00+00:00,2026-02-26 12:00:00+00:00,2026-02-26 17:00:00,1,18,0.30291510621706647,2,2026-02-25 00:00:00+00:00,True,False
2026-02-25 18:00:00+00:00,2026-02-26 13:00:00+00:00,2026-02-26 18:00:00,1,19,0.37829992175102234,2,2026-02-25 01:00:00+00:00,True,False
2026-02-25 18:00:00+00:00,2026-02-26 14:00:00+00:00,2026-02-26 19:00:00,1,20,0.5397748053073883,2,2026-02-25 02:00:00+00:00,True,False
2026-02-25 18:00:00+00:00,2026-02-26 15:00:00+00:00,2026-02-26 20:00:00,1,21,0.6242963473002116,2,2026-02-25 03:00:00+00:00,True,False
2026-02-25 18:00:00+00:00,2026-02-26 16:00:00+00:00,2026-02-26 21:00:00,1,22,0.7660515904426575,2,2026-02-25 04:00:00+00:00,True,False
2026-02-25 18:00:00+00:00,2026-02-26 17:00:00+00:00,2026-02-26 22:00:00,1,23,0.7707371711730957,2,2026-02-25 05:00:00+00:00,True,False
2026-02-25 18:00:00+00:00,2026-02-26 18:00:00+00:00,2026-02-26 23:00:00,1,24,0.8727005918820699,2,2026-02-25 06:00:00+00:00,True,False
2026-02-25 18:00:00+00:00,2026-02-26 19:00:00+00:00,2026-02-27 00:00:00,1,25,0.8649925788243612,2,2026-02-25 07:00:00+00:00,True,False
2026-02-25 18:00:00+00:00,2026-02-26 20:00:00+00:00,2026-02-27 01:00:00,1,26,0.8835864067077637,2,2026-02-25 08:00:00+00:00,True,False
2026-02-25 18:00:00+00:00,2026-02-26 21:00:00+00:00,2026-02-27 02:00:00,1,27,0.9022721648216248,2,2026-02-25 09:00:00+00:00,True,False
2026-02-25 18:00:00+00:00,2026-02-26 22:00:00+00:00,2026-02-27 03:00:00,1,28,0.8856899738311768,2,2026-02-25 10:00:00+00:00,True,False
2026-02-25 18:00:00+00:00,2026-02-26 23:00:00+00:00,2026-02-27 04:00:00,1,29,0.839327871799469,2,2026-02-25 11:00:00+00:00,True,False
2026-02-25 18:00:00+00:00,2026-02-27 00:00:00+00:00,2026-02-27 05:00:00,1,30,0.5111516118049622,2,2026-02-25 12:00:00+00:00,True,False
2026-02-25 18:00:00+00:00,2026-02-27 01:00:00+00:00,2026-02-27 06:00:00,1,31,0.3081175337235133,2,2026-02-25 13:00:00+00:00,True,False
2026-02-25 18:00:00+00:00,2026-02-27 02:00:00+00:00,2026-02-27 07:00:00,1,32,0.2232745736837387,2,2026-02-25 14:00:00+00:00,True,False
2026-02-25 18:00:00+00:00,2026-02-27 03:00:00+00:00,2026-02-27 08:00:00,1,33,0.15207187086343765,2,2026-02-25 15:00:00+00:00,True,False
2026-02-25 18:00:00+00:00,2026-02-27 04:00:00+00:00,2026-02-27 09:00:00,1,34,0.0827976589401563,2,2026-02-25 16:00:00+00:00,True,False
2026-02-25 18:00:00+00:00,2026-02-27 05:00:00+00:00,2026-02-27 10:00:00,1,35,0.0716967557867368,2,2026-02-25 17:00:00+00:00,True,False
2026-02-25 18:00:00+00:00,2026-02-27 06:00:00+00:00,2026-02-27 11:00:00,1,36,0.0737491212785244,2,2026-02-25 18:00:00+00:00,True,False
2026-02-25 18:00:00+00:00,2026-02-27 07:00:00+00:00,2026-02-27 12:00:00,1,37,0.14846977094809213,3,2026-02-24 19:00:00+00:00,True,False
2026-02-25 18:00:00+00:00,2026-02-27 08:00:00+00:00,2026-02-27 13:00:00,1,38,0.21740222970644632,3,2026-02-24 20:00:00+00:00,True,False
2026-02-25 18:00:00+00:00,2026-02-27 09:00:00+00:00,2026-02-27 14:00:00,1,39,0.46909595529238385,3,2026-02-24 21:00:00+00:00,True,False
2026-02-25 18:00:00+00:00,2026-02-27 10:00:00+00:00,2026-02-27 15:00:00,1,40,0.7265251278877258,3,2026-02-24 22:00:00+00:00,True,False
2026-02-25 18:00:00+00:00,2026-02-27 11:00:00+00:00,2026-02-27 16:00:00,1,41,0.8770260413487753,3,2026-02-24 23:00:00+00:00,True,False
2026-02-25 18:00:00+00:00,2026-02-27 12:00:00+00:00,2026-02-27 17:00:00,1,42,0.9085259437561035,3,2026-02-25 00:00:00+00:00,True,False
2026-02-25 18:00:00+00:00,2026-02-27 13:00:00+00:00,2026-02-27 18:00:00,1,43,0.9144266645113627,3,2026-02-25 01:00:00+00:00,True,False
2026-02-25 18:00:00+00:00,2026-02-27 14:00:00+00:00,2026-02-27 19:00:00,1,44,0.9370037317276001,3,2026-02-25 02:00:00+00:00,True,False
2026-02-25 18:00:00+00:00,2026-02-27 15:00:00+00:00,2026-02-27 20:00:00,1,45,0.9594938556353251,3,2026-02-25 03:00:00+00:00,True,False
2026-02-25 18:00:00+00:00,2026-02-27 16:00:00+00:00,2026-02-27 21:00:00,1,46,0.9713284174601237,3,2026-02-25 04:00:00+00:00,True,False
2026-02-25 18:00:00+00:00,2026-02-27 17:00:00+00:00,2026-02-27 22:00:00,1,47,0.975742518901825,3,2026-02-25 05:00:00+00:00,True,False
2026-02-25 18:00:00+00:00,2026-02-27 18:00:00+00:00,2026-02-27 23:00:00,1,48,0.4914454221725464,3,2026-02-25 06:00:00+00:00,True,False
2026-02-25 18:00:00+00:00,2026-02-25 19:00:00+00:00,2026-02-26 00:00:00,2,1,0.6798666715621948,1,2026-02-25 07:00:00+00:00,True,False
2026-02-25 18:00:00+00:00,2026-02-25 20:00:00+00:00,2026-02-26 01:00:00,2,2,0.6369940241177877,1,2026-02-25 08:00:00+00:00,True,False
2026-02-25 18:00:00+00:00,2026-02-25 21:00:00+00:00,2026-02-26 02:00:00,2,3,0.6080942352612814,1,2026-02-25 09:00:00+00:00,True,False
2026-02-25 18:00:00+00:00,2026-02-25 22:00:00+00:00,2026-02-26 03:00:00,2,4,0.8507716655731201,1,2026-02-25 10:00:00+00:00,True,False
2026-02-25 18:00:00+00:00,2026-02-25 23:00:00+00:00,2026-02-26 04:00:00,2,5,0.8133999903996786,1,2026-02-25 11:00:00+00:00,True,False
2026-02-25 18:00:00+00:00,2026-02-26 00:00:00+00:00,2026-02-26 05:00:00,2,6,0.8400935729344686,1,2026-02-25 12:00:00+00:00,True,False
2026-02-25 18:00:00+00:00,2026-02-26 01:00:00+00:00,2026-02-26 06:00:00,2,7,0.7070740858713785,1,2026-02-25 13:00:00+00:00,True,False
2026-02-25 18:00:00+00:00,2026-02-26 02:00:00+00:00,2026-02-26 07:00:00,2,8,0.6315414309501648,1,2026-02-25 14:00:00+00:00,True,False
2026-02-25 18:00:00+00:00,2026-02-26 03:00:00+00:00,2026-02-26 08:00:00,2,9,0.22373797744512558,1,2026-02-25 15:00:00+00:00,True,False
2026-02-25 18:00:00+00:00,2026-02-26 04:00:00+00:00,2026-02-26 09:00:00,2,10,0.07037697173655033,1,2026-02-25 16:00:00+00:00,True,False
2026-02-25 18:00:00+00:00,2026-02-26 05:00:00+00:00,2026-02-26 10:00:00,2,11,0.37898240486780804,1,2026-02-25 17:00:00+00:00,True,False
2026-02-25 18:00:00+00:00,2026-02-26 06:00:00+00:00,2026-02-26 11:00:00,2,12,0.3396393060684204,1,2026-02-25 18:00:00+00:00,True,False
2026-02-25 18:00:00+00:00,2026-02-26 07:00:00+00:00,2026-02-26 12:00:00,2,13,0.13059712760150433,2,2026-02-24 19:00:00+00:00,True,False
2026-02-25 18:00:00+00:00,2026-02-26 08:00:00+00:00,2026-02-26 13:00:00,2,14,0.10254068051775296,2,2026-02-24 20:00:00+00:00,True,False
2026-02-25 18:00:00+00:00,2026-02-26 09:00:00+00:00,2026-02-26 14:00:00,2,15,0.07887707029779752,2,2026-02-24 21:00:00+00:00,True,False
2026-02-25 18:00:00+00:00,2026-02-26 10:00:00+00:00,2026-02-26 15:00:00,2,16,0.19803090890248617,2,2026-02-24 22:00:00+00:00,True,False
2026-02-25 18:00:00+00:00,2026-02-26 11:00:00+00:00,2026-02-26 16:00:00,2,17,0.23641872902711233,2,2026-02-24 23:00:00+00:00,True,False
2026-02-25 18:00:00+00:00,2026-02-26 12:00:00+00:00,2026-02-26 17:00:00,2,18,0.30382134517033893,2,2026-02-25 00:00:00+00:00,True,False
2026-02-25 18:00:00+00:00,2026-02-26 13:00:00+00:00,2026-02-26 18:00:00,2,19,0.4010874330997467,2,2026-02-25 01:00:00+00:00,True,False
2026-02-25 18:00:00+00:00,2026-02-26 14:00:00+00:00,2026-02-26 19:00:00,2,20,0.5369461973508199,2,2026-02-25 02:00:00+00:00,True,False
2026-02-25 18:00:00+00:00,2026-02-26 15:00:00+00:00,2026-02-26 20:00:00,2,21,0.6465050975481669,2,2026-02-25 03:00:00+00:00,True,False
2026-02-25 18:00:00+00:00,2026-02-26 16:00:00+00:00,2026-02-26 21:00:00,2,22,0.7873026132583618,2,2026-02-25 04:00:00+00:00,True,False
2026-02-25 18:00:00+00:00,2026-02-26 17:00:00+00:00,2026-02-26 22:00:00,2,23,0.7780379255612692,2,2026-02-25 05:00:00+00:00,True,False
2026-02-25 18:00:00+00:00,2026-02-26 18:00:00+00:00,2026-02-26 23:00:00,2,24,0.8643431464831034,2,2026-02-25 06:00:00+00:00,True,False
2026-02-25 18:00:00+00:00,2026-02-26 19:00:00+00:00,2026-02-27 00:00:00,2,25,0.8544298609097799,2,2026-02-25 07:00:00+00:00,True,False
2026-02-25 18:00:00+00:00,2026-02-26 20:00:00+00:00,2026-02-27 01:00:00,2,26,0.8703811963399252,2,2026-02-25 08:00:00+00:00,True,False
2026-02-25 18:00:00+00:00,2026-02-26 21:00:00+00:00,2026-02-27 02:00:00,2,27,0.8906389276186625,2,2026-02-25 09:00:00+00:00,True,False
2026-02-25 18:00:00+00:00,2026-02-26 22:00:00+00:00,2026-02-27 03:00:00,2,28,0.8727039496103922,2,2026-02-25 10:00:00+00:00,True,False
2026-02-25 18:00:00+00:00,2026-02-26 23:00:00+00:00,2026-02-27 04:00:00,2,29,0.8350986440976461,2,2026-02-25 11:00:00+00:00,True,False
2026-02-25 18:00:00+00:00,2026-02-27 00:00:00+00:00,2026-02-27 05:00:00,2,30,0.5157263974348704,2,2026-02-25 12:00:00+00:00,True,False
2026-02-25 18:00:00+00:00,2026-02-27 01:00:00+00:00,2026-02-27 06:00:00,2,31,0.304915984471639,2,2026-02-25 13:00:00+00:00,True,False
2026-02-25 18:00:00+00:00,2026-02-27 02:00:00+00:00,2026-02-27 07:00:00,2,32,0.22135716676712036,2,2026-02-25 14:00:00+00:00,True,False
2026-02-25 18:00:00+00:00,2026-02-27 03:00:00+00:00,2026-02-27 08:00:00,2,33,0.14842120806376138,2,2026-02-25 15:00:00+00:00,True,False
2026-02-25 18:00:00+00:00,2026-02-27 04:00:00+00:00,2026-02-27 09:00:00,2,34,0.07738978664080302,2,2026-02-25 16:00:00+00:00,True,False
2026-02-25 18:00:00+00:00,2026-02-27 05:00:00+00:00,2026-02-27 10:00:00,2,35,0.07074081028501193,2,2026-02-25 17:00:00+00:00,True,False
2026-02-25 18:00:00+00:00,2026-02-27 06:00:00+00:00,2026-02-27 11:00:00,2,36,0.07463701690236728,2,2026-02-25 18:00:00+00:00,True,False
2026-02-25 18:00:00+00:00,2026-02-27 07:00:00+00:00,2026-02-27 12:00:00,2,37,0.15280425548553467,3,2026-02-24 19:00:00+00:00,True,False
2026-02-25 18:00:00+00:00,2026-02-27 08:00:00+00:00,2026-02-27 13:00:00,2,38,0.2132820039987564,3,2026-02-24 20:00:00+00:00,True,False
2026-02-25 18:00:00+00:00,2026-02-27 09:00:00+00:00,2026-02-27 14:00:00,2,39,0.45543356239795685,3,2026-02-24 21:00:00+00:00,True,False
2026-02-25 18:00:00+00:00,2026-02-27 10:00:00+00:00,2026-02-27 15:00:00,2,40,0.6893794337908427,3,2026-02-24 22:00:00+00:00,True,False
2026-02-25 18:00:00+00:00,2026-02-27 11:00:00+00:00,2026-02-27 16:00:00,2,41,0.8436442017555237,3,2026-02-24 23:00:00+00:00,True,False
2026-02-25 18:00:00+00:00,2026-02-27 12:00:00+00:00,2026-02-27 17:00:00,2,42,0.8806153337160746,3,2026-02-25 00:00:00+00:00,True,False
2026-02-25 18:00:00+00:00,2026-02-27 13:00:00+00:00,2026-02-27 18:00:00,2,43,0.8897533615430196,3,2026-02-25 01:00:00+00:00,True,False
2026-02-25 18:00:00+00:00,2026-02-27 14:00:00+00:00,2026-02-27 19:00:00,2,44,0.9197061856587728,3,2026-02-25 02:00:00+00:00,True,False
2026-02-25 18:00:00+00:00,2026-02-27 15:00:00+00:00,2026-02-27 20:00:00,2,45,0.9480313857396444,3,2026-02-25 03:00:00+00:00,True,False
2026-02-25 18:00:00+00:00,2026-02-27 16:00:00+00:00,2026-02-27 21:00:00,2,46,0.9640904068946838,3,2026-02-25 04:00:00+00:00,True,False
2026-02-25 18:00:00+00:00,2026-02-27 17:00:00+00:00,2026-02-27 22:00:00,2,47,0.9704666137695312,3,2026-02-25 05:00:00+00:00,True,False
2026-02-25 18:00:00+00:00,2026-02-27 18:00:00+00:00,2026-02-27 23:00:00,2,48,0.45930426319440204,3,2026-02-25 06:00:00+00:00,True,False
2026-02-26 18:00:00+00:00,2026-02-26 19:00:00+00:00,2026-02-27 00:00:00,1,1,0.7756224671999613,1,2026-02-26 07:00:00+00:00,True,False
2026-02-26 18:00:00+00:00,2026-02-26 20:00:00+00:00,2026-02-27 01:00:00,1,2,0.743817150592804,1,2026-02-26 08:00:00+00:00,True,False
2026-02-26 18:00:00+00:00,2026-02-26 21:00:00+00:00,2026-02-27 02:00:00,1,3,0.6260884801546732,1,2026-02-26 09:00:00+00:00,True,False
2026-02-26 18:00:00+00:00,2026-02-26 22:00:00+00:00,2026-02-27 03:00:00,1,4,0.591690589984258,1,2026-02-26 10:00:00+00:00,True,False
2026-02-26 18:00:00+00:00,2026-02-26 23:00:00+00:00,2026-02-27 04:00:00,1,5,0.5600079496701559,1,2026-02-26 11:00:00+00:00,True,False
2026-02-26 18:00:00+00:00,2026-02-27 00:00:00+00:00,2026-02-27 05:00:00,1,6,0.4208339750766754,1,2026-02-26 12:00:00+00:00,True,False
2026-02-26 18:00:00+00:00,2026-02-27 01:00:00+00:00,2026-02-27 06:00:00,1,7,0.2734474490086238,1,2026-02-26 13:00:00+00:00,True,False
2026-02-26 18:00:00+00:00,2026-02-27 02:00:00+00:00,2026-02-27 07:00:00,1,8,0.24634209275245667,1,2026-02-26 14:00:00+00:00,True,False
2026-02-26 18:00:00+00:00,2026-02-27 03:00:00+00:00,2026-02-27 08:00:00,1,9,0.18451696882645288,1,2026-02-26 15:00:00+00:00,True,False
2026-02-26 18:00:00+00:00,2026-02-27 04:00:00+00:00,2026-02-27 09:00:00,1,10,0.11645715683698654,1,2026-02-26 16:00:00+00:00,True,False
2026-02-26 18:00:00+00:00,2026-02-27 05:00:00+00:00,2026-02-27 10:00:00,1,11,0.08451112483938535,1,2026-02-26 17:00:00+00:00,True,False
2026-02-26 18:00:00+00:00,2026-02-27 06:00:00+00:00,2026-02-27 11:00:00,1,12,0.07530240590373675,1,2026-02-26 18:00:00+00:00,True,False
2026-02-26 18:00:00+00:00,2026-02-27 07:00:00+00:00,2026-02-27 12:00:00,1,13,0.07289336497584979,2,2026-02-25 19:00:00+00:00,True,False
2026-02-26 18:00:00+00:00,2026-02-27 08:00:00+00:00,2026-02-27 13:00:00,1,14,0.10570091257492702,2,2026-02-25 20:00:00+00:00,True,False
2026-02-26 18:00:00+00:00,2026-02-27 09:00:00+00:00,2026-02-27 14:00:00,1,15,0.16109565272927284,2,2026-02-25 21:00:00+00:00,True,False
2026-02-26 18:00:00+00:00,2026-02-27 10:00:00+00:00,2026-02-27 15:00:00,1,16,0.2538505544265111,2,2026-02-25 22:00:00+00:00,True,False
2026-02-26 18:00:00+00:00,2026-02-27 11:00:00+00:00,2026-02-27 16:00:00,1,17,0.47711943586667377,2,2026-02-25 23:00:00+00:00,True,False
2026-02-26 18:00:00+00:00,2026-02-27 12:00:00+00:00,2026-02-27 17:00:00,1,18,0.448868860801061,2,2026-02-26 00:00:00+00:00,True,False
2026-02-26 18:00:00+00:00,2026-02-27 13:00:00+00:00,2026-02-27 18:00:00,1,19,0.5987077454725901,2,2026-02-26 01:00:00+00:00,True,False
2026-02-26 18:00:00+00:00,2026-02-27 14:00:00+00:00,2026-02-27 19:00:00,1,20,0.6247357726097107,2,2026-02-26 02:00:00+00:00,True,False
2026-02-26 18:00:00+00:00,2026-02-27 15:00:00+00:00,2026-02-27 20:00:00,1,21,0.671241561571757,2,2026-02-26 03:00:00+00:00,True,False
2026-02-26 18:00:00+00:00,2026-02-27 16:00:00+00:00,2026-02-27 21:00:00,1,22,0.6039947470029196,2,2026-02-26 04:00:00+00:00,True,False
2026-02-26 18:00:00+00:00,2026-02-27 17:00:00+00:00,2026-02-27 22:00:00,1,23,0.5576658348242441,2,2026-02-26 05:00:00+00:00,True,False
2026-02-26 18:00:00+00:00,2026-02-27 18:00:00+00:00,2026-02-27 23:00:00,1,24,0.6873658498128256,2,2026-02-26 06:00:00+00:00,True,False
2026-02-26 18:00:00+00:00,2026-02-27 19:00:00+00:00,2026-02-28 00:00:00,1,25,0.7392205595970154,2,2026-02-26 07:00:00+00:00,True,False
2026-02-26 18:00:00+00:00,2026-02-27 20:00:00+00:00,2026-02-28 01:00:00,1,26,0.8068027893702189,2,2026-02-26 08:00:00+00:00,True,False
2026-02-26 18:00:00+00:00,2026-02-27 21:00:00+00:00,2026-02-28 02:00:00,1,27,0.8426805734634399,2,2026-02-26 09:00:00+00:00,True,False
2026-02-26 18:00:00+00:00,2026-02-27 22:00:00+00:00,2026-02-28 03:00:00,1,28,0.8747072815895081,2,2026-02-26 10:00:00+00:00,True,False
2026-02-26 18:00:00+00:00,2026-02-27 23:00:00+00:00,2026-02-28 04:00:00,1,29,0.8800298174222311,2,2026-02-26 11:00:00+00:00,True,False
2026-02-26 18:00:00+00:00,2026-02-28 00:00:00+00:00,2026-02-28 05:00:00,1,30,0.9061451951662699,2,2026-02-26 12:00:00+00:00,True,False
2026-02-26 18:00:00+00:00,2026-02-28 01:00:00+00:00,2026-02-28 06:00:00,1,31,0.8689106702804565,2,2026-02-26 13:00:00+00:00,True,False
2026-02-26 18:00:00+00:00,2026-02-28 02:00:00+00:00,2026-02-28 07:00:00,1,32,0.7734092473983765,2,2026-02-26 14:00:00+00:00,True,False
2026-02-26 18:00:00+00:00,2026-02-28 03:00:00+00:00,2026-02-28 08:00:00,1,33,0.7307927409807841,2,2026-02-26 15:00:00+00:00,True,False
2026-02-26 18:00:00+00:00,2026-02-28 04:00:00+00:00,2026-02-28 09:00:00,1,34,0.6176860233147939,2,2026-02-26 16:00:00+00:00,True,False
2026-02-26 18:00:00+00:00,2026-02-28 05:00:00+00:00,2026-02-28 10:00:00,1,35,0.6091047922770182,2,2026-02-26 17:00:00+00:00,True,False
2026-02-26 18:00:00+00:00,2026-02-28 06:00:00+00:00,2026-02-28 11:00:00,1,36,0.24960847198963165,2,2026-02-26 18:00:00+00:00,True,False
2026-02-26 18:00:00+00:00,2026-02-28 07:00:00+00:00,2026-02-28 12:00:00,1,37,0.5451854964097341,3,2026-02-25 19:00:00+00:00,True,False
2026-02-26 18:00:00+00:00,2026-02-28 08:00:00+00:00,2026-02-28 13:00:00,1,38,0.5696600377559662,3,2026-02-25 20:00:00+00:00,True,False
2026-02-26 18:00:00+00:00,2026-02-28 09:00:00+00:00,2026-02-28 14:00:00,1,39,0.6074392298857371,3,2026-02-25 21:00:00+00:00,True,False
2026-02-26 18:00:00+00:00,2026-02-28 10:00:00+00:00,2026-02-28 15:00:00,1,40,0.5976862212022146,3,2026-02-25 22:00:00+00:00,True,False
2026-02-26 18:00:00+00:00,2026-02-28 11:00:00+00:00,2026-02-28 16:00:00,1,41,0.5731362998485565,3,2026-02-25 23:00:00+00:00,True,False
2026-02-26 18:00:00+00:00,2026-02-28 12:00:00+00:00,2026-02-28 17:00:00,1,42,0.44614116350809735,3,2026-02-26 00:00:00+00:00,True,False
2026-02-26 18:00:00+00:00,2026-02-28 13:00:00+00:00,2026-02-28 18:00:00,1,43,0.3511031170686086,3,2026-02-26 01:00:00+00:00,True,False
2026-02-26 18:00:00+00:00,2026-02-28 14:00:00+00:00,2026-02-28 19:00:00,1,44,0.23238084216912588,3,2026-02-26 02:00:00+00:00,True,False
2026-02-26 18:00:00+00:00,2026-02-28 15:00:00+00:00,2026-02-28 20:00:00,1,45,0.130405031144619,3,2026-02-26 03:00:00+00:00,True,False
2026-02-26 18:00:00+00:00,2026-02-28 16:00:00+00:00,2026-02-28 21:00:00,1,46,0.08805712809165318,3,2026-02-26 04:00:00+00:00,True,False
2026-02-26 18:00:00+00:00,2026-02-28 17:00:00+00:00,2026-02-28 22:00:00,1,47,0.08718057970205943,3,2026-02-26 05:00:00+00:00,True,False
2026-02-26 18:00:00+00:00,2026-02-28 18:00:00+00:00,2026-02-28 23:00:00,1,48,0.11733936021725337,3,2026-02-26 06:00:00+00:00,True,False
2026-02-26 18:00:00+00:00,2026-02-26 19:00:00+00:00,2026-02-27 00:00:00,2,1,0.7678087751070658,1,2026-02-26 07:00:00+00:00,True,False
2026-02-26 18:00:00+00:00,2026-02-26 20:00:00+00:00,2026-02-27 01:00:00,2,2,0.7480040192604065,1,2026-02-26 08:00:00+00:00,True,False
2026-02-26 18:00:00+00:00,2026-02-26 21:00:00+00:00,2026-02-27 02:00:00,2,3,0.6139003038406372,1,2026-02-26 09:00:00+00:00,True,False
2026-02-26 18:00:00+00:00,2026-02-26 22:00:00+00:00,2026-02-27 03:00:00,2,4,0.5946381588776907,1,2026-02-26 10:00:00+00:00,True,False
2026-02-26 18:00:00+00:00,2026-02-26 23:00:00+00:00,2026-02-27 04:00:00,2,5,0.5599545141061147,1,2026-02-26 11:00:00+00:00,True,False
2026-02-26 18:00:00+00:00,2026-02-27 00:00:00+00:00,2026-02-27 05:00:00,2,6,0.4320271809895833,1,2026-02-26 12:00:00+00:00,True,False
2026-02-26 18:00:00+00:00,2026-02-27 01:00:00+00:00,2026-02-27 06:00:00,2,7,0.2795866330464681,1,2026-02-26 13:00:00+00:00,True,False
2026-02-26 18:00:00+00:00,2026-02-27 02:00:00+00:00,2026-02-27 07:00:00,2,8,0.24654437601566315,1,2026-02-26 14:00:00+00:00,True,False
2026-02-26 18:00:00+00:00,2026-02-27 03:00:00+00:00,2026-02-27 08:00:00,2,9,0.18071907262007395,1,2026-02-26 15:00:00+00:00,True,False
2026-02-26 18:00:00+00:00,2026-02-27 04:00:00+00:00,2026-02-27 09:00:00,2,10,0.12009237458308537,1,2026-02-26 16:00:00+00:00,True,False
2026-02-26 18:00:00+00:00,2026-02-27 05:00:00+00:00,2026-02-27 10:00:00,2,11,0.08658147106568019,1,2026-02-26 17:00:00+00:00,True,False
2026-02-26 18:00:00+00:00,2026-02-27 06:00:00+00:00,2026-02-27 11:00:00,2,12,0.07589480405052502,1,2026-02-26 18:00:00+00:00,True,False
2026-02-26 18:00:00+00:00,2026-02-27 07:00:00+00:00,2026-02-27 12:00:00,2,13,0.07447641342878342,2,2026-02-25 19:00:00+00:00,True,False
2026-02-26 18:00:00+00:00,2026-02-27 08:00:00+00:00,2026-02-27 13:00:00,2,14,0.11044023310144742,2,2026-02-25 20:00:00+00:00,True,False
2026-02-26 18:00:00+00:00,2026-02-27 09:00:00+00:00,2026-02-27 14:00:00,2,15,0.16550208255648613,2,2026-02-25 21:00:00+00:00,True,False
2026-02-26 18:00:00+00:00,2026-02-27 10:00:00+00:00,2026-02-27 15:00:00,2,16,0.2550891066590945,2,2026-02-25 22:00:00+00:00,True,False
2026-02-26 18:00:00+00:00,2026-02-27 11:00:00+00:00,2026-02-27 16:00:00,2,17,0.4667123158772786,2,2026-02-25 23:00:00+00:00,True,False
2026-02-26 18:00:00+00:00,2026-02-27 12:00:00+00:00,2026-02-27 17:00:00,2,18,0.43723594148953754,2,2026-02-26 00:00:00+00:00,True,False
2026-02-26 18:00:00+00:00,2026-02-27 13:00:00+00:00,2026-02-27 18:00:00,2,19,0.5750974416732788,2,2026-02-26 01:00:00+00:00,True,False
2026-02-26 18:00:00+00:00,2026-02-27 14:00:00+00:00,2026-02-27 19:00:00,2,20,0.6005492905775706,2,2026-02-26 02:00:00+00:00,True,False
2026-02-26 18:00:00+00:00,2026-02-27 15:00:00+00:00,2026-02-27 20:00:00,2,21,0.643486758073171,2,2026-02-26 03:00:00+00:00,True,False
2026-02-26 18:00:00+00:00,2026-02-27 16:00:00+00:00,2026-02-27 21:00:00,2,22,0.5786912441253662,2,2026-02-26 04:00:00+00:00,True,False
2026-02-26 18:00:00+00:00,2026-02-27 17:00:00+00:00,2026-02-27 22:00:00,2,23,0.5369353989760081,2,2026-02-26 05:00:00+00:00,True,False
2026-02-26 18:00:00+00:00,2026-02-27 18:00:00+00:00,2026-02-27 23:00:00,2,24,0.6721768379211426,2,2026-02-26 06:00:00+00:00,True,False
2026-02-26 18:00:00+00:00,2026-02-27 19:00:00+00:00,2026-02-28 00:00:00,2,25,0.7237973213195801,2,2026-02-26 07:00:00+00:00,True,False
2026-02-26 18:00:00+00:00,2026-02-27 20:00:00+00:00,2026-02-28 01:00:00,2,26,0.7934329112370809,2,2026-02-26 08:00:00+00:00,True,False
2026-02-26 18:00:00+00:00,2026-02-27 21:00:00+00:00,2026-02-28 02:00:00,2,27,0.8307428161303202,2,2026-02-26 09:00:00+00:00,True,False
2026-02-26 18:00:00+00:00,2026-02-27 22:00:00+00:00,2026-02-28 03:00:00,2,28,0.8605642517407736,2,2026-02-26 10:00:00+00:00,True,False
2026-02-26 18:00:00+00:00,2026-02-27 23:00:00+00:00,2026-02-28 04:00:00,2,29,0.8653932015101115,2,2026-02-26 11:00:00+00:00,True,False
2026-02-26 18:00:00+00:00,2026-02-28 00:00:00+00:00,2026-02-28 05:00:00,2,30,0.891162097454071,2,2026-02-26 12:00:00+00:00,True,False
2026-02-26 18:00:00+00:00,2026-02-28 01:00:00+00:00,2026-02-28 06:00:00,2,31,0.8500646551450094,2,2026-02-26 13:00:00+00:00,True,False
2026-02-26 18:00:00+00:00,2026-02-28 02:00:00+00:00,2026-02-28 07:00:00,2,32,0.7434632579485575,2,2026-02-26 14:00:00+00:00,True,False
2026-02-26 18:00:00+00:00,2026-02-28 03:00:00+00:00,2026-02-28 08:00:00,2,33,0.6910265882809957,2,2026-02-26 15:00:00+00:00,True,False
2026-02-26 18:00:00+00:00,2026-02-28 04:00:00+00:00,2026-02-28 09:00:00,2,34,0.5825599233309428,2,2026-02-26 16:00:00+00:00,True,False
2026-02-26 18:00:00+00:00,2026-02-28 05:00:00+00:00,2026-02-28 10:00:00,2,35,0.5651562710603079,2,2026-02-26 17:00:00+00:00,True,False
2026-02-26 18:00:00+00:00,2026-02-28 06:00:00+00:00,2026-02-28 11:00:00,2,36,0.22918329387903214,2,2026-02-26 18:00:00+00:00,True,False
2026-02-26 18:00:00+00:00,2026-02-28 07:00:00+00:00,2026-02-28 12:00:00,2,37,0.501270721356074,3,2026-02-25 19:00:00+00:00,True,False
2026-02-26 18:00:00+00:00,2026-02-28 08:00:00+00:00,2026-02-28 13:00:00,2,38,0.5280276785294215,3,2026-02-25 20:00:00+00:00,True,False
2026-02-26 18:00:00+00:00,2026-02-28 09:00:00+00:00,2026-02-28 14:00:00,2,39,0.5593923628330231,3,2026-02-25 21:00:00+00:00,True,False
2026-02-26 18:00:00+00:00,2026-02-28 10:00:00+00:00,2026-02-28 15:00:00,2,40,0.5547363062699636,3,2026-02-25 22:00:00+00:00,True,False
2026-02-26 18:00:00+00:00,2026-02-28 11:00:00+00:00,2026-02-28 16:00:00,2,41,0.534962405761083,3,2026-02-25 23:00:00+00:00,True,False
2026-02-26 18:00:00+00:00,2026-02-28 12:00:00+00:00,2026-02-28 17:00:00,2,42,0.39987694720427197,3,2026-02-26 00:00:00+00:00,True,False
2026-02-26 18:00:00+00:00,2026-02-28 13:00:00+00:00,2026-02-28 18:00:00,2,43,0.3129430413246155,3,2026-02-26 01:00:00+00:00,True,False
2026-02-26 18:00:00+00:00,2026-02-28 14:00:00+00:00,2026-02-28 19:00:00,2,44,0.2032166769107183,3,2026-02-26 02:00:00+00:00,True,False
2026-02-26 18:00:00+00:00,2026-02-28 15:00:00+00:00,2026-02-28 20:00:00,2,45,0.11459576400617759,3,2026-02-26 03:00:00+00:00,True,False
2026-02-26 18:00:00+00:00,2026-02-28 16:00:00+00:00,2026-02-28 21:00:00,2,46,0.08527121196190517,3,2026-02-26 04:00:00+00:00,True,False
2026-02-26 18:00:00+00:00,2026-02-28 17:00:00+00:00,2026-02-28 22:00:00,2,47,0.08555304010709126,3,2026-02-26 05:00:00+00:00,True,False
2026-02-26 18:00:00+00:00,2026-02-28 18:00:00+00:00,2026-02-28 23:00:00,2,48,0.11457160115242004,3,2026-02-26 06:00:00+00:00,True,False
2026-02-27 18:00:00+00:00,2026-02-27 19:00:00+00:00,2026-02-28 00:00:00,1,1,0.6148978471755981,1,2026-02-27 07:00:00+00:00,True,False
2026-02-27 18:00:00+00:00,2026-02-27 20:00:00+00:00,2026-02-28 01:00:00,1,2,0.6413462360699972,1,2026-02-27 08:00:00+00:00,True,False
2026-02-27 18:00:00+00:00,2026-02-27 21:00:00+00:00,2026-02-28 02:00:00,1,3,0.7748195926348368,1,2026-02-27 09:00:00+00:00,True,False
2026-02-27 18:00:00+00:00,2026-02-27 22:00:00+00:00,2026-02-28 03:00:00,1,4,0.858192523320516,1,2026-02-27 10:00:00+00:00,True,False
2026-02-27 18:00:00+00:00,2026-02-27 23:00:00+00:00,2026-02-28 04:00:00,1,5,0.8219461838404337,1,2026-02-27 11:00:00+00:00,True,False
2026-02-27 18:00:00+00:00,2026-02-28 00:00:00+00:00,2026-02-28 05:00:00,1,6,0.8798732360204061,1,2026-02-27 12:00:00+00:00,True,False
2026-02-27 18:00:00+00:00,2026-02-28 01:00:00+00:00,2026-02-28 06:00:00,1,7,0.8245386282602946,1,2026-02-27 13:00:00+00:00,True,False
2026-02-27 18:00:00+00:00,2026-02-28 02:00:00+00:00,2026-02-28 07:00:00,1,8,0.9139119585355123,1,2026-02-27 14:00:00+00:00,True,False
2026-02-27 18:00:00+00:00,2026-02-28 03:00:00+00:00,2026-02-28 08:00:00,1,9,0.930494467417399,1,2026-02-27 15:00:00+00:00,True,False
2026-02-27 18:00:00+00:00,2026-02-28 04:00:00+00:00,2026-02-28 09:00:00,1,10,0.9191412727038065,1,2026-02-27 16:00:00+00:00,True,False
2026-02-27 18:00:00+00:00,2026-02-28 05:00:00+00:00,2026-02-28 10:00:00,1,11,0.890871504942576,1,2026-02-27 17:00:00+00:00,True,False
2026-02-27 18:00:00+00:00,2026-02-28 06:00:00+00:00,2026-02-28 11:00:00,1,12,0.768648087978363,1,2026-02-27 18:00:00+00:00,True,False
2026-02-27 18:00:00+00:00,2026-02-28 07:00:00+00:00,2026-02-28 12:00:00,1,13,0.3817491779724757,2,2026-02-26 19:00:00+00:00,True,False
2026-02-27 18:00:00+00:00,2026-02-28 08:00:00+00:00,2026-02-28 13:00:00,1,14,0.3882351368665695,2,2026-02-26 20:00:00+00:00,True,False
2026-02-27 18:00:00+00:00,2026-02-28 09:00:00+00:00,2026-02-28 14:00:00,1,15,0.4534883101781209,2,2026-02-26 21:00:00+00:00,True,False
2026-02-27 18:00:00+00:00,2026-02-28 10:00:00+00:00,2026-02-28 15:00:00,1,16,0.4577926695346832,2,2026-02-26 22:00:00+00:00,True,False
2026-02-27 18:00:00+00:00,2026-02-28 11:00:00+00:00,2026-02-28 16:00:00,1,17,0.5093737641970316,2,2026-02-26 23:00:00+00:00,True,False
2026-02-27 18:00:00+00:00,2026-02-28 12:00:00+00:00,2026-02-28 17:00:00,1,18,0.6958670218785604,2,2026-02-27 00:00:00+00:00,True,False
2026-02-27 18:00:00+00:00,2026-02-28 13:00:00+00:00,2026-02-28 18:00:00,1,19,0.6639924844106039,2,2026-02-27 01:00:00+00:00,True,False
2026-02-27 18:00:00+00:00,2026-02-28 14:00:00+00:00,2026-02-28 19:00:00,1,20,0.568736602862676,2,2026-02-27 02:00:00+00:00,True,False
2026-02-27 18:00:00+00:00,2026-02-28 15:00:00+00:00,2026-02-28 20:00:00,1,21,0.4321461816628774,2,2026-02-27 03:00:00+00:00,True,False
2026-02-27 18:00:00+00:00,2026-02-28 16:00:00+00:00,2026-02-28 21:00:00,1,22,0.3482918441295624,2,2026-02-27 04:00:00+00:00,True,False
2026-02-27 18:00:00+00:00,2026-02-28 17:00:00+00:00,2026-02-28 22:00:00,1,23,0.2517104496558507,2,2026-02-27 05:00:00+00:00,True,False
2026-02-27 18:00:00+00:00,2026-02-28 18:00:00+00:00,2026-02-28 23:00:00,1,24,0.13407586514949799,2,2026-02-27 06:00:00+00:00,True,False
2026-02-27 18:00:00+00:00,2026-02-28 19:00:00+00:00,2026-03-01 00:00:00,1,25,0.07678355152408282,2,2026-02-27 07:00:00+00:00,False,False
2026-02-27 18:00:00+00:00,2026-02-28 20:00:00+00:00,2026-03-01 01:00:00,1,26,0.062240169694026314,2,2026-02-27 08:00:00+00:00,False,False
2026-02-27 18:00:00+00:00,2026-02-28 21:00:00+00:00,2026-03-01 02:00:00,1,27,0.03962319654723009,2,2026-02-27 09:00:00+00:00,False,False
2026-02-27 18:00:00+00:00,2026-02-28 22:00:00+00:00,2026-03-01 03:00:00,1,28,0.02621408427755038,2,2026-02-27 10:00:00+00:00,False,False
2026-02-27 18:00:00+00:00,2026-02-28 23:00:00+00:00,2026-03-01 04:00:00,1,29,0.020738165204723675,2,2026-02-27 11:00:00+00:00,False,False
2026-02-27 18:00:00+00:00,2026-03-01 00:00:00+00:00,2026-03-01 05:00:00,1,30,0.023421418232222397,2,2026-02-27 12:00:00+00:00,False,False
2026-02-27 18:00:00+00:00,2026-03-01 01:00:00+00:00,2026-03-01 06:00:00,1,31,0.0157528022925059,2,2026-02-27 13:00:00+00:00,False,False
2026-02-27 18:00:00+00:00,2026-03-01 02:00:00+00:00,2026-03-01 07:00:00,1,32,0.012095031638940176,2,2026-02-27 14:00:00+00:00,False,False
2026-02-27 18:00:00+00:00,2026-03-01 03:00:00+00:00,2026-03-01 08:00:00,1,33,0.013457229360938072,2,2026-02-27 15:00:00+00:00,False,False
2026-02-27 18:00:00+00:00,2026-03-01 04:00:00+00:00,2026-03-01 09:00:00,1,34,0.009795137060185274,2,2026-02-27 16:00:00+00:00,False,False
2026-02-27 18:00:00+00:00,2026-03-01 05:00:00+00:00,2026-03-01 10:00:00,1,35,0.011831668205559254,2,2026-02-27 17:00:00+00:00,False,False
2026-02-27 18:00:00+00:00,2026-03-01 06:00:00+00:00,2026-03-01 11:00:00,1,36,0.017429642689724762,2,2026-02-27 18:00:00+00:00,False,False
2026-02-27 18:00:00+00:00,2026-03-01 07:00:00+00:00,2026-03-01 12:00:00,1,37,0.08746164664626122,3,2026-02-26 19:00:00+00:00,False,False
2026-02-27 18:00:00+00:00,2026-03-01 08:00:00+00:00,2026-03-01 13:00:00,1,38,0.07972621421019237,3,2026-02-26 20:00:00+00:00,False,False
2026-02-27 18:00:00+00:00,2026-03-01 09:00:00+00:00,2026-03-01 14:00:00,1,39,0.06621803840001424,3,2026-02-26 21:00:00+00:00,False,False
2026-02-27 18:00:00+00:00,2026-03-01 10:00:00+00:00,2026-03-01 15:00:00,1,40,0.05661394322911898,3,2026-02-26 22:00:00+00:00,False,False
2026-02-27 18:00:00+00:00,2026-03-01 11:00:00+00:00,2026-03-01 16:00:00,1,41,0.04810318723320961,3,2026-02-26 23:00:00+00:00,False,False
2026-02-27 18:00:00+00:00,2026-03-01 12:00:00+00:00,2026-03-01 17:00:00,1,42,0.06676395982503891,3,2026-02-27 00:00:00+00:00,False,False
2026-02-27 18:00:00+00:00,2026-03-01 13:00:00+00:00,2026-03-01 18:00:00,1,43,0.06858426208297412,3,2026-02-27 01:00:00+00:00,False,False
2026-02-27 18:00:00+00:00,2026-03-01 14:00:00+00:00,2026-03-01 19:00:00,1,44,0.05772549286484718,3,2026-02-27 02:00:00+00:00,False,False
2026-02-27 18:00:00+00:00,2026-03-01 15:00:00+00:00,2026-03-01 20:00:00,1,45,0.043529665718475975,3,2026-02-27 03:00:00+00:00,False,False
2026-02-27 18:00:00+00:00,2026-03-01 16:00:00+00:00,2026-03-01 21:00:00,1,46,0.04117493952314059,3,2026-02-27 04:00:00+00:00,False,False
2026-02-27 18:00:00+00:00,2026-03-01 17:00:00+00:00,2026-03-01 22:00:00,1,47,0.04859840807815393,3,2026-02-27 05:00:00+00:00,False,False
2026-02-27 18:00:00+00:00,2026-03-01 18:00:00+00:00,2026-03-01 23:00:00,1,48,0.04546139513452848,3,2026-02-27 06:00:00+00:00,False,False
2026-02-27 18:00:00+00:00,2026-02-27 19:00:00+00:00,2026-02-28 00:00:00,2,1,0.6109485626220703,1,2026-02-27 07:00:00+00:00,True,False
2026-02-27 18:00:00+00:00,2026-02-27 20:00:00+00:00,2026-02-28 01:00:00,2,2,0.6441673636436462,1,2026-02-27 08:00:00+00:00,True,False
2026-02-27 18:00:00+00:00,2026-02-27 21:00:00+00:00,2026-02-28 02:00:00,2,3,0.7574664354324341,1,2026-02-27 09:00:00+00:00,True,False
2026-02-27 18:00:00+00:00,2026-02-27 22:00:00+00:00,2026-02-28 03:00:00,2,4,0.8335297505060831,1,2026-02-27 10:00:00+00:00,True,False
2026-02-27 18:00:00+00:00,2026-02-27 23:00:00+00:00,2026-02-28 04:00:00,2,5,0.8002518614133199,1,2026-02-27 11:00:00+00:00,True,False
2026-02-27 18:00:00+00:00,2026-02-28 00:00:00+00:00,2026-02-28 05:00:00,2,6,0.8597415884335836,1,2026-02-27 12:00:00+00:00,True,False
2026-02-27 18:00:00+00:00,2026-02-28 01:00:00+00:00,2026-02-28 06:00:00,2,7,0.799750288327535,1,2026-02-27 13:00:00+00:00,True,False
2026-02-27 18:00:00+00:00,2026-02-28 02:00:00+00:00,2026-02-28 07:00:00,2,8,0.8964142004648844,1,2026-02-27 14:00:00+00:00,True,False
2026-02-27 18:00:00+00:00,2026-02-28 03:00:00+00:00,2026-02-28 08:00:00,2,9,0.9143324693044027,1,2026-02-27 15:00:00+00:00,True,False
2026-02-27 18:00:00+00:00,2026-02-28 04:00:00+00:00,2026-02-28 09:00:00,2,10,0.8965758085250854,1,2026-02-27 16:00:00+00:00,True,False
2026-02-27 18:00:00+00:00,2026-02-28 05:00:00+00:00,2026-02-28 10:00:00,2,11,0.862775961558024,1,2026-02-27 17:00:00+00:00,True,False
2026-02-27 18:00:00+00:00,2026-02-28 06:00:00+00:00,2026-02-28 11:00:00,2,12,0.7363921801249186,1,2026-02-27 18:00:00+00:00,True,False
2026-02-27 18:00:00+00:00,2026-02-28 07:00:00+00:00,2026-02-28 12:00:00,2,13,0.34664448102315265,2,2026-02-26 19:00:00+00:00,True,False
2026-02-27 18:00:00+00:00,2026-02-28 08:00:00+00:00,2026-02-28 13:00:00,2,14,0.3530095120271047,2,2026-02-26 20:00:00+00:00,True,False
2026-02-27 18:00:00+00:00,2026-02-28 09:00:00+00:00,2026-02-28 14:00:00,2,15,0.4144610861937205,2,2026-02-26 21:00:00+00:00,True,False
2026-02-27 18:00:00+00:00,2026-02-28 10:00:00+00:00,2026-02-28 15:00:00,2,16,0.42178571224212646,2,2026-02-26 22:00:00+00:00,True,False
2026-02-27 18:00:00+00:00,2026-02-28 11:00:00+00:00,2026-02-28 16:00:00,2,17,0.4670066436131795,2,2026-02-26 23:00:00+00:00,True,False
2026-02-27 18:00:00+00:00,2026-02-28 12:00:00+00:00,2026-02-28 17:00:00,2,18,0.650968074798584,2,2026-02-27 00:00:00+00:00,True,False
2026-02-27 18:00:00+00:00,2026-02-28 13:00:00+00:00,2026-02-28 18:00:00,2,19,0.6243961254755656,2,2026-02-27 01:00:00+00:00,True,False
2026-02-27 18:00:00+00:00,2026-02-28 14:00:00+00:00,2026-02-28 19:00:00,2,20,0.5315156479676565,2,2026-02-27 02:00:00+00:00,True,False
2026-02-27 18:00:00+00:00,2026-02-28 15:00:00+00:00,2026-02-28 20:00:00,2,21,0.4068941573301951,2,2026-02-27 03:00:00+00:00,True,False
2026-02-27 18:00:00+00:00,2026-02-28 16:00:00+00:00,2026-02-28 21:00:00,2,22,0.3239409327507019,2,2026-02-27 04:00:00+00:00,True,False
2026-02-27 18:00:00+00:00,2026-02-28 17:00:00+00:00,2026-02-28 22:00:00,2,23,0.23554419974486032,2,2026-02-27 05:00:00+00:00,True,False
2026-02-27 18:00:00+00:00,2026-02-28 18:00:00+00:00,2026-02-28 23:00:00,2,24,0.13145199418067932,2,2026-02-27 06:00:00+00:00,True,False
2026-02-27 18:00:00+00:00,2026-02-28 19:00:00+00:00,2026-03-01 00:00:00,2,25,0.07755128915111224,2,2026-02-27 07:00:00+00:00,False,False
2026-02-27 18:00:00+00:00,2026-02-28 20:00:00+00:00,2026-03-01 01:00:00,2,26,0.061257053166627884,2,2026-02-27 08:00:00+00:00,False,False
2026-02-27 18:00:00+00:00,2026-02-28 21:00:00+00:00,2026-03-01 02:00:00,2,27,0.039851577331622444,2,2026-02-27 09:00:00+00:00,False,False
2026-02-27 18:00:00+00:00,2026-02-28 22:00:00+00:00,2026-03-01 03:00:00,2,28,0.02644357519845168,2,2026-02-27 10:00:00+00:00,False,False
2026-02-27 18:00:00+00:00,2026-02-28 23:00:00+00:00,2026-03-01 04:00:00,2,29,0.020603045510749023,2,2026-02-27 11:00:00+00:00,False,False
2026-02-27 18:00:00+00:00,2026-03-01 00:00:00+00:00,2026-03-01 05:00:00,2,30,0.024286394317944843,2,2026-02-27 12:00:00+00:00,False,False
2026-02-27 18:00:00+00:00,2026-03-01 01:00:00+00:00,2026-03-01 06:00:00,2,31,0.016054172689716022,2,2026-02-27 13:00:00+00:00,False,False
2026-02-27 18:00:00+00:00,2026-03-01 02:00:00+00:00,2026-03-01 07:00:00,2,32,0.011868566274642944,2,2026-02-27 14:00:00+00:00,False,False
2026-02-27 18:00:00+00:00,2026-03-01 03:00:00+00:00,2026-03-01 08:00:00,2,33,0.012090451084077358,2,2026-02-27 15:00:00+00:00,False,False
2026-02-27 18:00:00+00:00,2026-03-01 04:00:00+00:00,2026-03-01 09:00:00,2,34,0.009741333623727163,2,2026-02-27 16:00:00+00:00,False,False
2026-02-27 18:00:00+00:00,2026-03-01 05:00:00+00:00,2026-03-01 10:00:00,2,35,0.012108477453390757,2,2026-02-27 17:00:00+00:00,False,False
2026-02-27 18:00:00+00:00,2026-03-01 06:00:00+00:00,2026-03-01 11:00:00,2,36,0.0170742425446709,2,2026-02-27 18:00:00+00:00,False,False
2026-02-27 18:00:00+00:00,2026-03-01 07:00:00+00:00,2026-03-01 12:00:00,2,37,0.0826055525491635,3,2026-02-26 19:00:00+00:00,False,False
2026-02-27 18:00:00+00:00,2026-03-01 08:00:00+00:00,2026-03-01 13:00:00,2,38,0.07335653280218442,3,2026-02-26 20:00:00+00:00,False,False
2026-02-27 18:00:00+00:00,2026-03-01 09:00:00+00:00,2026-03-01 14:00:00,2,39,0.060874839002887406,3,2026-02-26 21:00:00+00:00,False,False
2026-02-27 18:00:00+00:00,2026-03-01 10:00:00+00:00,2026-03-01 15:00:00,2,40,0.05457784359653791,3,2026-02-26 22:00:00+00:00,False,False
2026-02-27 18:00:00+00:00,2026-03-01 11:00:00+00:00,2026-03-01 16:00:00,2,41,0.046240306148926415,3,2026-02-26 23:00:00+00:00,False,False
2026-02-27 18:00:00+00:00,2026-03-01 12:00:00+00:00,2026-03-01 17:00:00,2,42,0.06032709529002508,3,2026-02-27 00:00:00+00:00,False,False
2026-02-27 18:00:00+00:00,2026-03-01 13:00:00+00:00,2026-03-01 18:00:00,2,43,0.06015465408563614,3,2026-02-27 01:00:00+00:00,False,False
2026-02-27 18:00:00+00:00,2026-03-01 14:00:00+00:00,2026-03-01 19:00:00,2,44,0.05421559512615204,3,2026-02-27 02:00:00+00:00,False,False
2026-02-27 18:00:00+00:00,2026-03-01 15:00:00+00:00,2026-03-01 20:00:00,2,45,0.042175294210513435,3,2026-02-27 03:00:00+00:00,False,False
2026-02-27 18:00:00+00:00,2026-03-01 16:00:00+00:00,2026-03-01 21:00:00,2,46,0.03665153620143732,3,2026-02-27 04:00:00+00:00,False,False
2026-02-27 18:00:00+00:00,2026-03-01 17:00:00+00:00,2026-03-01 22:00:00,2,47,0.04305063498516878,3,2026-02-27 05:00:00+00:00,False,False
2026-02-27 18:00:00+00:00,2026-03-01 18:00:00+00:00,2026-03-01 23:00:00,2,48,0.04229074716567993,3,2026-02-27 06:00:00+00:00,False,False
2026-02-28 18:00:00+00:00,2026-02-28 19:00:00+00:00,2026-03-01 00:00:00,1,1,0.38805843393007916,1,2026-02-28 07:00:00+00:00,False,False
2026-02-28 18:00:00+00:00,2026-02-28 20:00:00+00:00,2026-03-01 01:00:00,1,2,0.31536894539992016,1,2026-02-28 08:00:00+00:00,False,False
2026-02-28 18:00:00+00:00,2026-02-28 21:00:00+00:00,2026-03-01 02:00:00,1,3,0.27413450678189594,1,2026-02-28 09:00:00+00:00,False,False
2026-02-28 18:00:00+00:00,2026-02-28 22:00:00+00:00,2026-03-01 03:00:00,1,4,0.23704368869463602,1,2026-02-28 10:00:00+00:00,False,False
2026-02-28 18:00:00+00:00,2026-02-28 23:00:00+00:00,2026-03-01 04:00:00,1,5,0.19819886982440948,1,2026-02-28 11:00:00+00:00,False,False
2026-02-28 18:00:00+00:00,2026-03-01 00:00:00+00:00,2026-03-01 05:00:00,1,6,0.0335288904607296,1,2026-02-28 12:00:00+00:00,False,False
2026-02-28 18:00:00+00:00,2026-03-01 01:00:00+00:00,2026-03-01 06:00:00,1,7,0.028143345067898434,1,2026-02-28 13:00:00+00:00,False,False
2026-02-28 18:00:00+00:00,2026-03-01 02:00:00+00:00,2026-03-01 07:00:00,1,8,0.016447528265416622,1,2026-02-28 14:00:00+00:00,False,False
2026-02-28 18:00:00+00:00,2026-03-01 03:00:00+00:00,2026-03-01 08:00:00,1,9,0.010529065659890572,1,2026-02-28 15:00:00+00:00,False,False
2026-02-28 18:00:00+00:00,2026-03-01 04:00:00+00:00,2026-03-01 09:00:00,1,10,0.009829015005379915,1,2026-02-28 16:00:00+00:00,False,False
2026-02-28 18:00:00+00:00,2026-03-01 05:00:00+00:00,2026-03-01 10:00:00,1,11,0.009448611798385778,1,2026-02-28 17:00:00+00:00,False,False
2026-02-28 18:00:00+00:00,2026-03-01 06:00:00+00:00,2026-03-01 11:00:00,1,12,0.010429609411706528,1,2026-02-28 18:00:00+00:00,False,False
2026-02-28 18:00:00+00:00,2026-03-01 07:00:00+00:00,2026-03-01 12:00:00,1,13,0.018270116299390793,2,2026-02-27 19:00:00+00:00,False,False
2026-02-28 18:00:00+00:00,2026-03-01 08:00:00+00:00,2026-03-01 13:00:00,1,14,0.02117320243269205,2,2026-02-27 20:00:00+00:00,False,False
2026-02-28 18:00:00+00:00,2026-03-01 09:00:00+00:00,2026-03-01 14:00:00,1,15,0.026180673390626907,2,2026-02-27 21:00:00+00:00,False,False
2026-02-28 18:00:00+00:00,2026-03-01 10:00:00+00:00,2026-03-01 15:00:00,1,16,0.03407843969762325,2,2026-02-27 22:00:00+00:00,False,False
2026-02-28 18:00:00+00:00,2026-03-01 11:00:00+00:00,2026-03-01 16:00:00,1,17,0.03962194733321667,2,2026-02-27 23:00:00+00:00,False,False
2026-02-28 18:00:00+00:00,2026-03-01 12:00:00+00:00,2026-03-01 17:00:00,1,18,0.04604730506738027,2,2026-02-28 00:00:00+00:00,False,False
2026-02-28 18:00:00+00:00,2026-03-01 13:00:00+00:00,2026-03-01 18:00:00,1,19,0.035186104476451874,2,2026-02-28 01:00:00+00:00,False,False
2026-02-28 18:00:00+00:00,2026-03-01 14:00:00+00:00,2026-03-01 19:00:00,1,20,0.04801439835379521,2,2026-02-28 02:00:00+00:00,False,False
2026-02-28 18:00:00+00:00,2026-03-01 15:00:00+00:00,2026-03-01 20:00:00,1,21,0.06250021109978358,2,2026-02-28 03:00:00+00:00,False,False
2026-02-28 18:00:00+00:00,2026-03-01 16:00:00+00:00,2026-03-01 21:00:00,1,22,0.08170697589715321,2,2026-02-28 04:00:00+00:00,False,False
2026-02-28 18:00:00+00:00,2026-03-01 17:00:00+00:00,2026-03-01 22:00:00,1,23,0.14376533031463623,2,2026-02-28 05:00:00+00:00,False,False
2026-02-28 18:00:00+00:00,2026-03-01 18:00:00+00:00,2026-03-01 23:00:00,1,24,0.9476969043413798,2,2026-02-28 06:00:00+00:00,False,False
2026-02-28 18:00:00+00:00,2026-03-01 19:00:00+00:00,2026-03-02 00:00:00,1,25,0.9785083731015524,2,2026-02-28 07:00:00+00:00,False,False
2026-02-28 18:00:00+00:00,2026-03-01 20:00:00+00:00,2026-03-02 01:00:00,1,26,0.9831076264381409,2,2026-02-28 08:00:00+00:00,False,False
2026-02-28 18:00:00+00:00,2026-03-01 21:00:00+00:00,2026-03-02 02:00:00,1,27,0.9828660289446512,2,2026-02-28 09:00:00+00:00,False,False
2026-02-28 18:00:00+00:00,2026-03-01 22:00:00+00:00,2026-03-02 03:00:00,1,28,0.9843347867329916,2,2026-02-28 10:00:00+00:00,False,False
2026-02-28 18:00:00+00:00,2026-03-01 23:00:00+00:00,2026-03-02 04:00:00,1,29,0.9730139970779419,2,2026-02-28 11:00:00+00:00,False,False
2026-02-28 18:00:00+00:00,2026-03-02 00:00:00+00:00,2026-03-02 05:00:00,1,30,0.9712381958961487,2,2026-02-28 12:00:00+00:00,False,False
2026-02-28 18:00:00+00:00,2026-03-02 01:00:00+00:00,2026-03-02 06:00:00,1,31,0.9531817436218262,2,2026-02-28 13:00:00+00:00,False,False
2026-02-28 18:00:00+00:00,2026-03-02 02:00:00+00:00,2026-03-02 07:00:00,1,32,0.928990105787913,2,2026-02-28 14:00:00+00:00,False,False
2026-02-28 18:00:00+00:00,2026-03-02 03:00:00+00:00,2026-03-02 08:00:00,1,33,0.8954972823460897,2,2026-02-28 15:00:00+00:00,False,False
2026-02-28 18:00:00+00:00,2026-03-02 04:00:00+00:00,2026-03-02 09:00:00,1,34,0.885986864566803,2,2026-02-28 16:00:00+00:00,False,False
2026-02-28 18:00:00+00:00,2026-03-02 05:00:00+00:00,2026-03-02 10:00:00,1,35,0.7549187541007996,2,2026-02-28 17:00:00+00:00,False,False
2026-02-28 18:00:00+00:00,2026-03-02 06:00:00+00:00,2026-03-02 11:00:00,1,36,0.4944959282875061,2,2026-02-28 18:00:00+00:00,False,False
2026-02-28 18:00:00+00:00,2026-03-02 07:00:00+00:00,2026-03-02 12:00:00,1,37,0.276059165596962,3,2026-02-27 19:00:00+00:00,False,False
2026-02-28 18:00:00+00:00,2026-03-02 08:00:00+00:00,2026-03-02 13:00:00,1,38,0.38120948274930316,3,2026-02-27 20:00:00+00:00,False,False
2026-02-28 18:00:00+00:00,2026-03-02 09:00:00+00:00,2026-03-02 14:00:00,1,39,0.4849359194437663,3,2026-02-27 21:00:00+00:00,False,False
2026-02-28 18:00:00+00:00,2026-03-02 10:00:00+00:00,2026-03-02 15:00:00,1,40,0.6305172344048818,3,2026-02-27 22:00:00+00:00,False,False
2026-02-28 18:00:00+00:00,2026-03-02 11:00:00+00:00,2026-03-02 16:00:00,1,41,0.601943572362264,3,2026-02-27 23:00:00+00:00,False,False
2026-02-28 18:00:00+00:00,2026-03-02 12:00:00+00:00,2026-03-02 17:00:00,1,42,0.6130974094072977,3,2026-02-28 00:00:00+00:00,False,False
2026-02-28 18:00:00+00:00,2026-03-02 13:00:00+00:00,2026-03-02 18:00:00,1,43,0.41717494527498883,3,2026-02-28 01:00:00+00:00,False,False
2026-02-28 18:00:00+00:00,2026-03-02 14:00:00+00:00,2026-03-02 19:00:00,1,44,0.41141200065612793,3,2026-02-28 02:00:00+00:00,False,False
2026-02-28 18:00:00+00:00,2026-03-02 15:00:00+00:00,2026-03-02 20:00:00,1,45,0.37743162115414935,3,2026-02-28 03:00:00+00:00,False,False
2026-02-28 18:00:00+00:00,2026-03-02 16:00:00+00:00,2026-03-02 21:00:00,1,46,0.2907876893877983,3,2026-02-28 04:00:00+00:00,False,False
2026-02-28 18:00:00+00:00,2026-03-02 17:00:00+00:00,2026-03-02 22:00:00,1,47,0.08841778462131818,3,2026-02-28 05:00:00+00:00,False,False
2026-02-28 18:00:00+00:00,2026-03-02 18:00:00+00:00,2026-03-02 23:00:00,1,48,0.11215297877788544,3,2026-02-28 06:00:00+00:00,False,False
2026-02-28 18:00:00+00:00,2026-02-28 19:00:00+00:00,2026-03-01 00:00:00,2,1,0.3872562845547994,1,2026-02-28 07:00:00+00:00,False,False
2026-02-28 18:00:00+00:00,2026-02-28 20:00:00+00:00,2026-03-01 01:00:00,2,2,0.32097161809603375,1,2026-02-28 08:00:00+00:00,False,False
2026-02-28 18:00:00+00:00,2026-02-28 21:00:00+00:00,2026-03-01 02:00:00,2,3,0.2770002782344818,1,2026-02-28 09:00:00+00:00,False,False
2026-02-28 18:00:00+00:00,2026-02-28 22:00:00+00:00,2026-03-01 03:00:00,2,4,0.24398364126682281,1,2026-02-28 10:00:00+00:00,False,False
2026-02-28 18:00:00+00:00,2026-02-28 23:00:00+00:00,2026-03-01 04:00:00,2,5,0.20531843602657318,1,2026-02-28 11:00:00+00:00,False,False
2026-02-28 18:00:00+00:00,2026-03-01 00:00:00+00:00,2026-03-01 05:00:00,2,6,0.03519458696246147,1,2026-02-28 12:00:00+00:00,False,False
2026-02-28 18:00:00+00:00,2026-03-01 01:00:00+00:00,2026-03-01 06:00:00,2,7,0.02868205060561498,1,2026-02-28 13:00:00+00:00,False,False
2026-02-28 18:00:00+00:00,2026-03-01 02:00:00+00:00,2026-03-01 07:00:00,2,8,0.016771995772918064,1,2026-02-28 14:00:00+00:00,False,False
2026-02-28 18:00:00+00:00,2026-03-01 03:00:00+00:00,2026-03-01 08:00:00,2,9,0.010672273579984903,1,2026-02-28 15:00:00+00:00,False,False
2026-02-28 18:00:00+00:00,2026-03-01 04:00:00+00:00,2026-03-01 09:00:00,2,10,0.009439315646886826,1,2026-02-28 16:00:00+00:00,False,False
2026-02-28 18:00:00+00:00,2026-03-01 05:00:00+00:00,2026-03-01 10:00:00,2,11,0.009082897721479336,1,2026-02-28 17:00:00+00:00,False,False
2026-02-28 18:00:00+00:00,2026-03-01 06:00:00+00:00,2026-03-01 11:00:00,2,12,0.010339671590675911,1,2026-02-28 18:00:00+00:00,False,False
2026-02-28 18:00:00+00:00,2026-03-01 07:00:00+00:00,2026-03-01 12:00:00,2,13,0.018189519022901852,2,2026-02-27 19:00:00+00:00,False,False
2026-02-28 18:00:00+00:00,2026-03-01 08:00:00+00:00,2026-03-01 13:00:00,2,14,0.020992478355765343,2,2026-02-27 20:00:00+00:00,False,False
2026-02-28 18:00:00+00:00,2026-03-01 09:00:00+00:00,2026-03-01 14:00:00,2,15,0.02582830625275771,2,2026-02-27 21:00:00+00:00,False,False
2026-02-28 18:00:00+00:00,2026-03-01 10:00:00+00:00,2026-03-01 15:00:00,2,16,0.033442667995889984,2,2026-02-27 22:00:00+00:00,False,False
2026-02-28 18:00:00+00:00,2026-03-01 11:00:00+00:00,2026-03-01 16:00:00,2,17,0.038566879307230316,2,2026-02-27 23:00:00+00:00,False,False
2026-02-28 18:00:00+00:00,2026-03-01 12:00:00+00:00,2026-03-01 17:00:00,2,18,0.04557298868894577,2,2026-02-28 00:00:00+00:00,False,False
2026-02-28 18:00:00+00:00,2026-03-01 13:00:00+00:00,2026-03-01 18:00:00,2,19,0.03488397225737572,2,2026-02-28 01:00:00+00:00,False,False
2026-02-28 18:00:00+00:00,2026-03-01 14:00:00+00:00,2026-03-01 19:00:00,2,20,0.04842599450300137,2,2026-02-28 02:00:00+00:00,False,False
2026-02-28 18:00:00+00:00,2026-03-01 15:00:00+00:00,2026-03-01 20:00:00,2,21,0.05677256857355436,2,2026-02-28 03:00:00+00:00,False,False
2026-02-28 18:00:00+00:00,2026-03-01 16:00:00+00:00,2026-03-01 21:00:00,2,22,0.07435824970404308,2,2026-02-28 04:00:00+00:00,False,False
2026-02-28 18:00:00+00:00,2026-03-01 17:00:00+00:00,2026-03-01 22:00:00,2,23,0.1396904190381368,2,2026-02-28 05:00:00+00:00,False,False
2026-02-28 18:00:00+00:00,2026-03-01 18:00:00+00:00,2026-03-01 23:00:00,2,24,0.9442302584648132,2,2026-02-28 06:00:00+00:00,False,False
2026-02-28 18:00:00+00:00,2026-03-01 19:00:00+00:00,2026-03-02 00:00:00,2,25,0.9761865337689718,2,2026-02-28 07:00:00+00:00,False,False
2026-02-28 18:00:00+00:00,2026-03-01 20:00:00+00:00,2026-03-02 01:00:00,2,26,0.9809943238894144,2,2026-02-28 08:00:00+00:00,False,False
2026-02-28 18:00:00+00:00,2026-03-01 21:00:00+00:00,2026-03-02 02:00:00,2,27,0.9809083739916483,2,2026-02-28 09:00:00+00:00,False,False
2026-02-28 18:00:00+00:00,2026-03-01 22:00:00+00:00,2026-03-02 03:00:00,2,28,0.9819859464963278,2,2026-02-28 10:00:00+00:00,False,False
2026-02-28 18:00:00+00:00,2026-03-01 23:00:00+00:00,2026-03-02 04:00:00,2,29,0.9701681931813558,2,2026-02-28 11:00:00+00:00,False,False
2026-02-28 18:00:00+00:00,2026-03-02 00:00:00+00:00,2026-03-02 05:00:00,2,30,0.968729297320048,2,2026-02-28 12:00:00+00:00,False,False
2026-02-28 18:00:00+00:00,2026-03-02 01:00:00+00:00,2026-03-02 06:00:00,2,31,0.9502007563908895,2,2026-02-28 13:00:00+00:00,False,False
2026-02-28 18:00:00+00:00,2026-03-02 02:00:00+00:00,2026-03-02 07:00:00,2,32,0.9266708294550577,2,2026-02-28 14:00:00+00:00,False,False
2026-02-28 18:00:00+00:00,2026-03-02 03:00:00+00:00,2026-03-02 08:00:00,2,33,0.8913589914639791,2,2026-02-28 15:00:00+00:00,False,False
2026-02-28 18:00:00+00:00,2026-03-02 04:00:00+00:00,2026-03-02 09:00:00,2,34,0.8697021007537842,2,2026-02-28 16:00:00+00:00,False,False
2026-02-28 18:00:00+00:00,2026-03-02 05:00:00+00:00,2026-03-02 10:00:00,2,35,0.7321159839630127,2,2026-02-28 17:00:00+00:00,False,False
2026-02-28 18:00:00+00:00,2026-03-02 06:00:00+00:00,2026-03-02 11:00:00,2,36,0.48356131712595624,2,2026-02-28 18:00:00+00:00,False,False
2026-02-28 18:00:00+00:00,2026-03-02 07:00:00+00:00,2026-03-02 12:00:00,2,37,0.2700044165054957,3,2026-02-27 19:00:00+00:00,False,False
2026-02-28 18:00:00+00:00,2026-03-02 08:00:00+00:00,2026-03-02 13:00:00,2,38,0.37809506555398303,3,2026-02-27 20:00:00+00:00,False,False
2026-02-28 18:00:00+00:00,2026-03-02 09:00:00+00:00,2026-03-02 14:00:00,2,39,0.4970480302969615,3,2026-02-27 21:00:00+00:00,False,False
2026-02-28 18:00:00+00:00,2026-03-02 10:00:00+00:00,2026-03-02 15:00:00,2,40,0.634411096572876,3,2026-02-27 22:00:00+00:00,False,False
2026-02-28 18:00:00+00:00,2026-03-02 11:00:00+00:00,2026-03-02 16:00:00,2,41,0.616998036702474,3,2026-02-27 23:00:00+00:00,False,False
2026-02-28 18:00:00+00:00,2026-03-02 12:00:00+00:00,2026-03-02 17:00:00,2,42,0.6033898989359537,3,2026-02-28 00:00:00+00:00,False,False
2026-02-28 18:00:00+00:00,2026-03-02 13:00:00+00:00,2026-03-02 18:00:00,2,43,0.4015195568402608,3,2026-02-28 01:00:00+00:00,False,False
2026-02-28 18:00:00+00:00,2026-03-02 14:00:00+00:00,2026-03-02 19:00:00,2,44,0.39850858847300213,3,2026-02-28 02:00:00+00:00,False,False
2026-02-28 18:00:00+00:00,2026-03-02 15:00:00+00:00,2026-03-02 20:00:00,2,45,0.36489495635032654,3,2026-02-28 03:00:00+00:00,False,False
2026-02-28 18:00:00+00:00,2026-03-02 16:00:00+00:00,2026-03-02 21:00:00,2,46,0.2776331938803196,3,2026-02-28 04:00:00+00:00,False,False
2026-02-28 18:00:00+00:00,2026-03-02 17:00:00+00:00,2026-03-02 22:00:00,2,47,0.08529199659824371,3,2026-02-28 05:00:00+00:00,False,False
2026-02-28 18:00:00+00:00,2026-03-02 18:00:00+00:00,2026-03-02 23:00:00,2,48,0.11163771525025368,3,2026-02-28 06:00:00+00:00,False,False
