as_of,valid_time,turbine_id,lead_hour,forecast_offset_days,available_at_upper_bound,power,predicted_power,baseline_power
2025-12-31 18:00:00+00:00,2025-12-31 19:00:00+00:00,1,1,1,2025-12-31 07:00:00+00:00,0.015,0.04334829126795133,0.3736853865525423
2025-12-31 18:00:00+00:00,2025-12-31 20:00:00+00:00,1,2,1,2025-12-31 08:00:00+00:00,0.16,0.07787714898586273,0.3736853865525423
2025-12-31 18:00:00+00:00,2025-12-31 21:00:00+00:00,1,3,1,2025-12-31 09:00:00+00:00,0.6366666666666667,0.1949730267127355,0.3736853865525423
2025-12-31 18:00:00+00:00,2025-12-31 22:00:00+00:00,1,4,1,2025-12-31 10:00:00+00:00,0.9883333333333333,0.42067378759384155,0.3736853865525423
2025-12-31 18:00:00+00:00,2025-12-31 23:00:00+00:00,1,5,1,2025-12-31 11:00:00+00:00,0.9899999999999999,0.7098592122395834,0.3736853865525423
2025-12-31 18:00:00+00:00,2026-01-01 00:00:00+00:00,1,6,1,2025-12-31 12:00:00+00:00,0.9883333333333333,0.9790512323379517,0.3736853865525423
2025-12-31 18:00:00+00:00,2026-01-01 01:00:00+00:00,1,7,1,2025-12-31 13:00:00+00:00,0.9566666666666667,0.9645991126696268,0.3736853865525423
2025-12-31 18:00:00+00:00,2026-01-01 02:00:00+00:00,1,8,1,2025-12-31 14:00:00+00:00,0.8266666666666667,0.927285631497701,0.3736853865525423
2025-12-31 18:00:00+00:00,2026-01-01 03:00:00+00:00,1,9,1,2025-12-31 15:00:00+00:00,0.5716666666666667,0.818803071975708,0.3736853865525423
2025-12-31 18:00:00+00:00,2026-01-01 04:00:00+00:00,1,10,1,2025-12-31 16:00:00+00:00,0.4083333333333334,0.5151824156443278,0.3736853865525423
2025-12-31 18:00:00+00:00,2026-01-01 05:00:00+00:00,1,11,1,2025-12-31 17:00:00+00:00,0.33666666666666667,0.2886483172575633,0.3736853865525423
2025-12-31 18:00:00+00:00,2026-01-01 06:00:00+00:00,1,12,1,2025-12-31 18:00:00+00:00,0.115,0.22341549893220267,0.3736853865525423
2025-12-31 18:00:00+00:00,2026-01-01 07:00:00+00:00,1,13,2,2025-12-30 19:00:00+00:00,0.045000000000000005,0.03678145445883274,0.3736853865525423
2025-12-31 18:00:00+00:00,2026-01-01 08:00:00+00:00,1,14,2,2025-12-30 20:00:00+00:00,0.065,0.03342229748765627,0.3736853865525423
2025-12-31 18:00:00+00:00,2026-01-01 09:00:00+00:00,1,15,2,2025-12-30 21:00:00+00:00,0.018333333333333333,0.04220059824486574,0.3736853865525423
2025-12-31 18:00:00+00:00,2026-01-01 10:00:00+00:00,1,16,2,2025-12-30 22:00:00+00:00,0.01,0.04792616640528043,0.3736853865525423
2025-12-31 18:00:00+00:00,2026-01-01 11:00:00+00:00,1,17,2,2025-12-30 23:00:00+00:00,0.01,0.07435170809427898,0.3736853865525423
2025-12-31 18:00:00+00:00,2026-01-01 12:00:00+00:00,1,18,2,2025-12-31 00:00:00+00:00,0.011666666666666667,0.09061048552393913,0.3736853865525423
2025-12-31 18:00:00+00:00,2026-01-01 13:00:00+00:00,1,19,2,2025-12-31 01:00:00+00:00,0.023333333333333334,0.09900228927532832,0.3736853865525423
2025-12-31 18:00:00+00:00,2026-01-01 14:00:00+00:00,1,20,2,2025-12-31 02:00:00+00:00,0.02,0.10565037528673808,0.3736853865525423
2025-12-31 18:00:00+00:00,2026-01-01 15:00:00+00:00,1,21,2,2025-12-31 03:00:00+00:00,0.07333333333333333,0.11775642509261768,0.3736853865525423
2025-12-31 18:00:00+00:00,2026-01-01 16:00:00+00:00,1,22,2,2025-12-31 04:00:00+00:00,0.07666666666666667,0.1416709590703249,0.3736853865525423
2025-12-31 18:00:00+00:00,2026-01-01 17:00:00+00:00,1,23,2,2025-12-31 05:00:00+00:00,0.043333333333333335,0.04416210142274698,0.3736853865525423
2025-12-31 18:00:00+00:00,2026-01-01 18:00:00+00:00,1,24,2,2025-12-31 06:00:00+00:00,0.01,0.03508011562128862,0.3736853865525423
2025-12-31 18:00:00+00:00,2026-01-01 19:00:00+00:00,1,25,2,2025-12-31 07:00:00+00:00,0.011666666666666667,0.035129821548859276,0.3736853865525423
2025-12-31 18:00:00+00:00,2026-01-01 20:00:00+00:00,1,26,2,2025-12-31 08:00:00+00:00,0.01,0.028716815014680225,0.3736853865525423
2025-12-31 18:00:00+00:00,2026-01-01 21:00:00+00:00,1,27,2,2025-12-31 09:00:00+00:00,0.01,0.025533792252341907,0.3736853865525423
2025-12-31 18:00:00+00:00,2026-01-01 22:00:00+00:00,1,28,2,2025-12-31 10:00:00+00:00,0.011666666666666667,0.025429822504520416,0.3736853865525423
2025-12-31 18:00:00+00:00,2026-01-01 23:00:00+00:00,1,29,2,2025-12-31 11:00:00+00:00,0.01,0.026151674489180248,0.3736853865525423
2025-12-31 18:00:00+00:00,2026-01-02 00:00:00+00:00,1,30,2,2025-12-31 12:00:00+00:00,0.01,0.016666856904824574,0.3736853865525423
2025-12-31 18:00:00+00:00,2026-01-02 01:00:00+00:00,1,31,2,2025-12-31 13:00:00+00:00,0.01,0.01299750835945209,0.3736853865525423
2025-12-31 18:00:00+00:00,2026-01-02 02:00:00+00:00,1,32,2,2025-12-31 14:00:00+00:00,0.01,0.016030235526462395,0.3736853865525423
2025-12-31 18:00:00+00:00,2026-01-02 03:00:00+00:00,1,33,2,2025-12-31 15:00:00+00:00,0.01,0.022691797465085983,0.3736853865525423
2025-12-31 18:00:00+00:00,2026-01-02 04:00:00+00:00,1,34,2,2025-12-31 16:00:00+00:00,0.075,0.04009137054284414,0.3736853865525423
2025-12-31 18:00:00+00:00,2026-01-02 05:00:00+00:00,1,35,2,2025-12-31 17:00:00+00:00,0.27999999999999997,0.07252705345551173,0.3736853865525423
2025-12-31 18:00:00+00:00,2026-01-02 06:00:00+00:00,1,36,2,2025-12-31 18:00:00+00:00,0.40499999999999997,0.1059097945690155,0.3736853865525423
2025-12-31 18:00:00+00:00,2026-01-02 07:00:00+00:00,1,37,3,2025-12-30 19:00:00+00:00,0.6466666666666666,0.2513611167669296,0.3736853865525423
2025-12-31 18:00:00+00:00,2026-01-02 08:00:00+00:00,1,38,3,2025-12-30 20:00:00+00:00,0.8433333333333334,0.38810233275095624,0.3736853865525423
2025-12-31 18:00:00+00:00,2026-01-02 09:00:00+00:00,1,39,3,2025-12-30 21:00:00+00:00,0.71,0.42886586983998615,0.3736853865525423
2025-12-31 18:00:00+00:00,2026-01-02 10:00:00+00:00,1,40,3,2025-12-30 22:00:00+00:00,0.5750000000000001,0.44003161787986755,0.3736853865525423
2025-12-31 18:00:00+00:00,2026-01-02 11:00:00+00:00,1,41,3,2025-12-30 23:00:00+00:00,0.42333333333333334,0.36384011308352154,0.3736853865525423
2025-12-31 18:00:00+00:00,2026-01-02 12:00:00+00:00,1,42,3,2025-12-31 00:00:00+00:00,0.35833333333333334,0.22985443472862244,0.3736853865525423
2025-12-31 18:00:00+00:00,2026-01-02 13:00:00+00:00,1,43,3,2025-12-31 01:00:00+00:00,0.425,0.24140962461630502,0.3736853865525423
2025-12-31 18:00:00+00:00,2026-01-02 14:00:00+00:00,1,44,3,2025-12-31 02:00:00+00:00,0.445,0.27419022222359973,0.3736853865525423
2025-12-31 18:00:00+00:00,2026-01-02 15:00:00+00:00,1,45,3,2025-12-31 03:00:00+00:00,0.6083333333333333,0.2800717204809189,0.3736853865525423
2025-12-31 18:00:00+00:00,2026-01-02 16:00:00+00:00,1,46,3,2025-12-31 04:00:00+00:00,0.875,0.2654842883348465,0.3736853865525423
2025-12-31 18:00:00+00:00,2026-01-02 17:00:00+00:00,1,47,3,2025-12-31 05:00:00+00:00,0.605,0.26814960439999896,0.3736853865525423
2025-12-31 18:00:00+00:00,2026-01-02 18:00:00+00:00,1,48,3,2025-12-31 06:00:00+00:00,0.31666666666666665,0.3162650267283122,0.3736853865525423
2025-12-31 18:00:00+00:00,2025-12-31 19:00:00+00:00,2,1,1,2025-12-31 07:00:00+00:00,0.015,0.039762002105514206,0.36829703959695215
2025-12-31 18:00:00+00:00,2025-12-31 20:00:00+00:00,2,2,1,2025-12-31 08:00:00+00:00,0.16333333333333333,0.0737681786219279,0.36829703959695215
2025-12-31 18:00:00+00:00,2025-12-31 21:00:00+00:00,2,3,1,2025-12-31 09:00:00+00:00,0.63,0.18375216176112494,0.36829703959695215
2025-12-31 18:00:00+00:00,2025-12-31 22:00:00+00:00,2,4,1,2025-12-31 10:00:00+00:00,0.9766666666666666,0.4201817413171132,0.36829703959695215
2025-12-31 18:00:00+00:00,2025-12-31 23:00:00+00:00,2,5,1,2025-12-31 11:00:00+00:00,0.98,0.7170022825400034,0.36829703959695215
2025-12-31 18:00:00+00:00,2026-01-01 00:00:00+00:00,2,6,1,2025-12-31 12:00:00+00:00,0.975,0.9770941734313965,0.36829703959695215
2025-12-31 18:00:00+00:00,2026-01-01 01:00:00+00:00,2,7,1,2025-12-31 13:00:00+00:00,0.9566666666666667,0.9613379836082458,0.36829703959695215
2025-12-31 18:00:00+00:00,2026-01-01 02:00:00+00:00,2,8,1,2025-12-31 14:00:00+00:00,0.815,0.9198207855224609,0.36829703959695215
2025-12-31 18:00:00+00:00,2026-01-01 03:00:00+00:00,2,9,1,2025-12-31 15:00:00+00:00,0.585,0.8035589059193929,0.36829703959695215
2025-12-31 18:00:00+00:00,2026-01-01 04:00:00+00:00,2,10,1,2025-12-31 16:00:00+00:00,0.435,0.505160391330719,0.36829703959695215
2025-12-31 18:00:00+00:00,2026-01-01 05:00:00+00:00,2,11,1,2025-12-31 17:00:00+00:00,0.3333333333333333,0.2765456736087799,0.36829703959695215
2025-12-31 18:00:00+00:00,2026-01-01 06:00:00+00:00,2,12,1,2025-12-31 18:00:00+00:00,0.11166666666666668,0.21116108695665994,0.36829703959695215
2025-12-31 18:00:00+00:00,2026-01-01 07:00:00+00:00,2,13,2,2025-12-30 19:00:00+00:00,0.05666666666666667,0.03844254091382027,0.36829703959695215
2025-12-31 18:00:00+00:00,2026-01-01 08:00:00+00:00,2,14,2,2025-12-30 20:00:00+00:00,0.06833333333333334,0.03468866770466169,0.36829703959695215
2025-12-31 18:00:00+00:00,2026-01-01 09:00:00+00:00,2,15,2,2025-12-30 21:00:00+00:00,0.021666666666666667,0.03733194308976332,0.36829703959695215
2025-12-31 18:00:00+00:00,2026-01-01 10:00:00+00:00,2,16,2,2025-12-30 22:00:00+00:00,0.008333333333333333,0.04135370378692945,0.36829703959695215
2025-12-31 18:00:00+00:00,2026-01-01 11:00:00+00:00,2,17,2,2025-12-30 23:00:00+00:00,0.01,0.06076347269117832,0.36829703959695215
2025-12-31 18:00:00+00:00,2026-01-01 12:00:00+00:00,2,18,2,2025-12-31 00:00:00+00:00,0.011666666666666667,0.07639703589181106,0.36829703959695215
2025-12-31 18:00:00+00:00,2026-01-01 13:00:00+00:00,2,19,2,2025-12-31 01:00:00+00:00,0.023333333333333334,0.0878340204556783,0.36829703959695215
2025-12-31 18:00:00+00:00,2026-01-01 14:00:00+00:00,2,20,2,2025-12-31 02:00:00+00:00,0.018333333333333333,0.09714436903595924,0.36829703959695215
2025-12-31 18:00:00+00:00,2026-01-01 15:00:00+00:00,2,21,2,2025-12-31 03:00:00+00:00,0.07666666666666667,0.10328559887905915,0.36829703959695215
2025-12-31 18:00:00+00:00,2026-01-01 16:00:00+00:00,2,22,2,2025-12-31 04:00:00+00:00,0.065,0.12135236896574497,0.36829703959695215
2025-12-31 18:00:00+00:00,2026-01-01 17:00:00+00:00,2,23,2,2025-12-31 05:00:00+00:00,0.04,0.0436088964343071,0.36829703959695215
2025-12-31 18:00:00+00:00,2026-01-01 18:00:00+00:00,2,24,2,2025-12-31 06:00:00+00:00,0.008333333333333333,0.03370405609409014,0.36829703959695215
2025-12-31 18:00:00+00:00,2026-01-01 19:00:00+00:00,2,25,2,2025-12-31 07:00:00+00:00,0.008333333333333333,0.03359129838645458,0.36829703959695215
2025-12-31 18:00:00+00:00,2026-01-01 20:00:00+00:00,2,26,2,2025-12-31 08:00:00+00:00,0.008333333333333333,0.028759046147267025,0.36829703959695215
2025-12-31 18:00:00+00:00,2026-01-01 21:00:00+00:00,2,27,2,2025-12-31 09:00:00+00:00,0.01,0.02578893583267927,0.36829703959695215
2025-12-31 18:00:00+00:00,2026-01-01 22:00:00+00:00,2,28,2,2025-12-31 10:00:00+00:00,0.008333333333333333,0.024280046733717125,0.36829703959695215
2025-12-31 18:00:00+00:00,2026-01-01 23:00:00+00:00,2,29,2,2025-12-31 11:00:00+00:00,0.005,0.024704259509841602,0.36829703959695215
2025-12-31 18:00:00+00:00,2026-01-02 00:00:00+00:00,2,30,2,2025-12-31 12:00:00+00:00,0.01,0.01617714824775855,0.36829703959695215
2025-12-31 18:00:00+00:00,2026-01-02 01:00:00+00:00,2,31,2,2025-12-31 13:00:00+00:00,0.01,0.012022348896910747,0.36829703959695215
2025-12-31 18:00:00+00:00,2026-01-02 02:00:00+00:00,2,32,2,2025-12-31 14:00:00+00:00,0.01,0.01519351980338494,0.36829703959695215
2025-12-31 18:00:00+00:00,2026-01-02 03:00:00+00:00,2,33,2,2025-12-31 15:00:00+00:00,0.01,0.02135947346687317,0.36829703959695215
2025-12-31 18:00:00+00:00,2026-01-02 04:00:00+00:00,2,34,2,2025-12-31 16:00:00+00:00,0.07666666666666667,0.03869389370083809,0.36829703959695215
2025-12-31 18:00:00+00:00,2026-01-02 05:00:00+00:00,2,35,2,2025-12-31 17:00:00+00:00,0.26666666666666666,0.06878461688756943,0.36829703959695215
2025-12-31 18:00:00+00:00,2026-01-02 06:00:00+00:00,2,36,2,2025-12-31 18:00:00+00:00,0.37666666666666665,0.10484837989012401,0.36829703959695215
2025-12-31 18:00:00+00:00,2026-01-02 07:00:00+00:00,2,37,3,2025-12-30 19:00:00+00:00,0.6766666666666667,0.25660476088523865,0.36829703959695215
2025-12-31 18:00:00+00:00,2026-01-02 08:00:00+00:00,2,38,3,2025-12-30 20:00:00+00:00,0.8849999999999999,0.3932112356026967,0.36829703959695215
2025-12-31 18:00:00+00:00,2026-01-02 09:00:00+00:00,2,39,3,2025-12-30 21:00:00+00:00,0.7450000000000001,0.437859187523524,0.36829703959695215
2025-12-31 18:00:00+00:00,2026-01-02 10:00:00+00:00,2,40,3,2025-12-30 22:00:00+00:00,0.5816666666666667,0.4382016857465108,0.36829703959695215
2025-12-31 18:00:00+00:00,2026-01-02 11:00:00+00:00,2,41,3,2025-12-30 23:00:00+00:00,0.43333333333333335,0.36077407995859784,0.36829703959695215
2025-12-31 18:00:00+00:00,2026-01-02 12:00:00+00:00,2,42,3,2025-12-31 00:00:00+00:00,0.38000000000000006,0.22334406276543936,0.36829703959695215
2025-12-31 18:00:00+00:00,2026-01-02 13:00:00+00:00,2,43,3,2025-12-31 01:00:00+00:00,0.4466666666666666,0.2280027816692988,0.36829703959695215
2025-12-31 18:00:00+00:00,2026-01-02 14:00:00+00:00,2,44,3,2025-12-31 02:00:00+00:00,0.47,0.2565677414337794,0.36829703959695215
2025-12-31 18:00:00+00:00,2026-01-02 15:00:00+00:00,2,45,3,2025-12-31 03:00:00+00:00,0.66,0.2539733350276947,0.36829703959695215
2025-12-31 18:00:00+00:00,2026-01-02 16:00:00+00:00,2,46,3,2025-12-31 04:00:00+00:00,0.8850000000000001,0.24365589519341788,0.36829703959695215
2025-12-31 18:00:00+00:00,2026-01-02 17:00:00+00:00,2,47,3,2025-12-31 05:00:00+00:00,0.6649999999999999,0.24985619386037192,0.36829703959695215
2025-12-31 18:00:00+00:00,2026-01-02 18:00:00+00:00,2,48,3,2025-12-31 06:00:00+00:00,0.295,0.29372701545556384,0.36829703959695215
2026-01-01 18:00:00+00:00,2026-01-01 19:00:00+00:00,1,1,1,2026-01-01 07:00:00+00:00,0.011666666666666667,0.015310100745409727,0.3736853865525423
2026-01-01 18:00:00+00:00,2026-01-01 20:00:00+00:00,1,2,1,2026-01-01 08:00:00+00:00,0.01,0.01334921270608902,0.3736853865525423
2026-01-01 18:00:00+00:00,2026-01-01 21:00:00+00:00,1,3,1,2026-01-01 09:00:00+00:00,0.01,0.011650979053229094,0.3736853865525423
2026-01-01 18:00:00+00:00,2026-01-01 22:00:00+00:00,1,4,1,2026-01-01 10:00:00+00:00,0.011666666666666667,0.011152529002477726,0.3736853865525423
2026-01-01 18:00:00+00:00,2026-01-01 23:00:00+00:00,1,5,1,2026-01-01 11:00:00+00:00,0.01,0.029667331526676815,0.3736853865525423
2026-01-01 18:00:00+00:00,2026-01-02 00:00:00+00:00,1,6,1,2026-01-01 12:00:00+00:00,0.01,0.011318192972491184,0.3736853865525423
2026-01-01 18:00:00+00:00,2026-01-02 01:00:00+00:00,1,7,1,2026-01-01 13:00:00+00:00,0.01,0.008259230758994818,0.3736853865525423
2026-01-01 18:00:00+00:00,2026-01-02 02:00:00+00:00,1,8,1,2026-01-01 14:00:00+00:00,0.01,0.015673480307062466,0.3736853865525423
2026-01-01 18:00:00+00:00,2026-01-02 03:00:00+00:00,1,9,1,2026-01-01 15:00:00+00:00,0.01,0.027143451074759167,0.3736853865525423
2026-01-01 18:00:00+00:00,2026-01-02 04:00:00+00:00,1,10,1,2026-01-01 16:00:00+00:00,0.075,0.0446328998853763,0.3736853865525423
2026-01-01 18:00:00+00:00,2026-01-02 05:00:00+00:00,1,11,1,2026-01-01 17:00:00+00:00,0.27999999999999997,0.07490525767207146,0.3736853865525423
2026-01-01 18:00:00+00:00,2026-01-02 06:00:00+00:00,1,12,1,2026-01-01 18:00:00+00:00,0.40499999999999997,0.15001578877369562,0.3736853865525423
2026-01-01 18:00:00+00:00,2026-01-02 07:00:00+00:00,1,13,2,2025-12-31 19:00:00+00:00,0.6466666666666666,0.1798036297162374,0.3736853865525423
2026-01-01 18:00:00+00:00,2026-01-02 08:00:00+00:00,1,14,2,2025-12-31 20:00:00+00:00,0.8433333333333334,0.24657028913497925,0.3736853865525423
2026-01-01 18:00:00+00:00,2026-01-02 09:00:00+00:00,1,15,2,2025-12-31 21:00:00+00:00,0.71,0.22090637187163034,0.3736853865525423
2026-01-01 18:00:00+00:00,2026-01-02 10:00:00+00:00,1,16,2,2025-12-31 22:00:00+00:00,0.5750000000000001,0.152570312221845,0.3736853865525423
2026-01-01 18:00:00+00:00,2026-01-02 11:00:00+00:00,1,17,2,2025-12-31 23:00:00+00:00,0.42333333333333334,0.11443944027026494,0.3736853865525423
2026-01-01 18:00:00+00:00,2026-01-02 12:00:00+00:00,1,18,2,2026-01-01 00:00:00+00:00,0.35833333333333334,0.21840045352776846,0.3736853865525423
2026-01-01 18:00:00+00:00,2026-01-02 13:00:00+00:00,1,19,2,2026-01-01 01:00:00+00:00,0.425,0.21917857229709625,0.3736853865525423
2026-01-01 18:00:00+00:00,2026-01-02 14:00:00+00:00,1,20,2,2026-01-01 02:00:00+00:00,0.445,0.22268758714199066,0.3736853865525423
2026-01-01 18:00:00+00:00,2026-01-02 15:00:00+00:00,1,21,2,2026-01-01 03:00:00+00:00,0.6083333333333333,0.2762287110090256,0.3736853865525423
2026-01-01 18:00:00+00:00,2026-01-02 16:00:00+00:00,1,22,2,2026-01-01 04:00:00+00:00,0.875,0.30555946628252667,0.3736853865525423
2026-01-01 18:00:00+00:00,2026-01-02 17:00:00+00:00,1,23,2,2026-01-01 05:00:00+00:00,0.605,0.3101731836795807,0.3736853865525423
2026-01-01 18:00:00+00:00,2026-01-02 18:00:00+00:00,1,24,2,2026-01-01 06:00:00+00:00,0.31666666666666665,0.2744898647069931,0.3736853865525423
2026-01-01 18:00:00+00:00,2026-01-02 19:00:00+00:00,1,25,2,2026-01-01 07:00:00+00:00,0.26166666666666666,0.3007897237936656,0.3736853865525423
2026-01-01 18:00:00+00:00,2026-01-02 20:00:00+00:00,1,26,2,2026-01-01 08:00:00+00:00,0.22166666666666668,0.3350268801053365,0.3736853865525423
2026-01-01 18:00:00+00:00,2026-01-02 21:00:00+00:00,1,27,2,2026-01-01 09:00:00+00:00,0.36166666666666664,0.347784956296285,0.3736853865525423
2026-01-01 18:00:00+00:00,2026-01-02 22:00:00+00:00,1,28,2,2026-01-01 10:00:00+00:00,0.17833333333333334,0.3889513512452443,0.3736853865525423
2026-01-01 18:00:00+00:00,2026-01-02 23:00:00+00:00,1,29,2,2026-01-01 11:00:00+00:00,0.21,0.4276031454404195,0.3736853865525423
2026-01-01 18:00:00+00:00,2026-01-03 00:00:00+00:00,1,30,2,2026-01-01 12:00:00+00:00,0.255,0.46151716510454815,0.3736853865525423
2026-01-01 18:00:00+00:00,2026-01-03 01:00:00+00:00,1,31,2,2026-01-01 13:00:00+00:00,0.16,0.3613114356994629,0.3736853865525423
2026-01-01 18:00:00+00:00,2026-01-03 02:00:00+00:00,1,32,2,2026-01-01 14:00:00+00:00,0.26,0.36273154616355896,0.3736853865525423
2026-01-01 18:00:00+00:00,2026-01-03 03:00:00+00:00,1,33,2,2026-01-01 15:00:00+00:00,0.22833333333333336,0.29416616757710773,0.3736853865525423
2026-01-01 18:00:00+00:00,2026-01-03 04:00:00+00:00,1,34,2,2026-01-01 16:00:00+00:00,0.165,0.32228060563405353,0.3736853865525423
2026-01-01 18:00:00+00:00,2026-01-03 05:00:00+00:00,1,35,2,2026-01-01 17:00:00+00:00,0.15166666666666667,0.38111254572868347,0.3736853865525423
2026-01-01 18:00:00+00:00,2026-01-03 06:00:00+00:00,1,36,2,2026-01-01 18:00:00+00:00,0.07333333333333333,0.43909788131713867,0.3736853865525423
2026-01-01 18:00:00+00:00,2026-01-03 07:00:00+00:00,1,37,3,2025-12-31 19:00:00+00:00,0.13333333333333333,0.5553186734517416,0.3736853865525423
2026-01-01 18:00:00+00:00,2026-01-03 08:00:00+00:00,1,38,3,2025-12-31 20:00:00+00:00,0.17666666666666667,0.5559399326642355,0.3736853865525423
2026-01-01 18:00:00+00:00,2026-01-03 09:00:00+00:00,1,39,3,2025-12-31 21:00:00+00:00,0.17166666666666666,0.5272640188535055,0.3736853865525423
2026-01-01 18:00:00+00:00,2026-01-03 10:00:00+00:00,1,40,3,2025-12-31 22:00:00+00:00,0.19666666666666666,0.5835932890574137,0.3736853865525423
2026-01-01 18:00:00+00:00,2026-01-03 11:00:00+00:00,1,41,3,2025-12-31 23:00:00+00:00,0.24333333333333332,0.595780074596405,0.3736853865525423
2026-01-01 18:00:00+00:00,2026-01-03 12:00:00+00:00,1,42,3,2026-01-01 00:00:00+00:00,0.255,0.4845220148563385,0.3736853865525423
2026-01-01 18:00:00+00:00,2026-01-03 13:00:00+00:00,1,43,3,2026-01-01 01:00:00+00:00,0.5216666666666666,0.3846939504146576,0.3736853865525423
2026-01-01 18:00:00+00:00,2026-01-03 14:00:00+00:00,1,44,3,2026-01-01 02:00:00+00:00,0.215,0.5036208430926005,0.3736853865525423
2026-01-01 18:00:00+00:00,2026-01-03 15:00:00+00:00,1,45,3,2026-01-01 03:00:00+00:00,0.5683333333333334,0.3804348409175873,0.3736853865525423
2026-01-01 18:00:00+00:00,2026-01-03 16:00:00+00:00,1,46,3,2026-01-01 04:00:00+00:00,0.29833333333333334,0.36358516414960224,0.3736853865525423
2026-01-01 18:00:00+00:00,2026-01-03 17:00:00+00:00,1,47,3,2026-01-01 05:00:00+00:00,0.19000000000000003,0.4360836148262024,0.3736853865525423
2026-01-01 18:00:00+00:00,2026-01-03 18:00:00+00:00,1,48,3,2026-01-01 06:00:00+00:00,0.30833333333333335,0.2249407172203064,0.3736853865525423
2026-01-01 18:00:00+00:00,2026-01-01 19:00:00+00:00,2,1,1,2026-01-01 07:00:00+00:00,0.008333333333333333,0.015269514173269272,0.36829703959695215
2026-01-01 18:00:00+00:00,2026-01-01 20:00:00+00:00,2,2,1,2026-01-01 08:00:00+00:00,0.008333333333333333,0.012996076295773188,0.36829703959695215
2026-01-01 18:00:00+00:00,2026-01-01 21:00:00+00:00,2,3,1,2026-01-01 09:00:00+00:00,0.01,0.011459562306602796,0.36829703959695215
2026-01-01 18:00:00+00:00,2026-01-01 22:00:00+00:00,2,4,1,2026-01-01 10:00:00+00:00,0.008333333333333333,0.010883349770059189,0.36829703959695215
2026-01-01 18:00:00+00:00,2026-01-01 23:00:00+00:00,2,5,1,2026-01-01 11:00:00+00:00,0.005,0.026215785803894203,0.36829703959695215
2026-01-01 18:00:00+00:00,2026-01-02 00:00:00+00:00,2,6,1,2026-01-01 12:00:00+00:00,0.01,0.011474461294710636,0.36829703959695215
2026-01-01 18:00:00+00:00,2026-01-02 01:00:00+00:00,2,7,1,2026-01-01 13:00:00+00:00,0.01,0.008278024460499486,0.36829703959695215
2026-01-01 18:00:00+00:00,2026-01-02 02:00:00+00:00,2,8,1,2026-01-01 14:00:00+00:00,0.01,0.013307119098802408,0.36829703959695215
2026-01-01 18:00:00+00:00,2026-01-02 03:00:00+00:00,2,9,1,2026-01-01 15:00:00+00:00,0.01,0.023326727872093517,0.36829703959695215
2026-01-01 18:00:00+00:00,2026-01-02 04:00:00+00:00,2,10,1,2026-01-01 16:00:00+00:00,0.07666666666666667,0.040931123619278274,0.36829703959695215
2026-01-01 18:00:00+00:00,2026-01-02 05:00:00+00:00,2,11,1,2026-01-01 17:00:00+00:00,0.26666666666666666,0.07177917162577312,0.36829703959695215
2026-01-01 18:00:00+00:00,2026-01-02 06:00:00+00:00,2,12,1,2026-01-01 18:00:00+00:00,0.37666666666666665,0.15561872472365698,0.36829703959695215
2026-01-01 18:00:00+00:00,2026-01-02 07:00:00+00:00,2,13,2,2025-12-31 19:00:00+00:00,0.6766666666666667,0.1851645509401957,0.36829703959695215
2026-01-01 18:00:00+00:00,2026-01-02 08:00:00+00:00,2,14,2,2025-12-31 20:00:00+00:00,0.8849999999999999,0.2536448190609614,0.36829703959695215
2026-01-01 18:00:00+00:00,2026-01-02 09:00:00+00:00,2,15,2,2025-12-31 21:00:00+00:00,0.7450000000000001,0.22632906337579092,0.36829703959695215
2026-01-01 18:00:00+00:00,2026-01-02 10:00:00+00:00,2,16,2,2025-12-31 22:00:00+00:00,0.5816666666666667,0.14567171533902487,0.36829703959695215
2026-01-01 18:00:00+00:00,2026-01-02 11:00:00+00:00,2,17,2,2025-12-31 23:00:00+00:00,0.43333333333333335,0.10359406471252441,0.36829703959695215
2026-01-01 18:00:00+00:00,2026-01-02 12:00:00+00:00,2,18,2,2026-01-01 00:00:00+00:00,0.38000000000000006,0.20990114410718283,0.36829703959695215
2026-01-01 18:00:00+00:00,2026-01-02 13:00:00+00:00,2,19,2,2026-01-01 01:00:00+00:00,0.4466666666666666,0.2112129827340444,0.36829703959695215
2026-01-01 18:00:00+00:00,2026-01-02 14:00:00+00:00,2,20,2,2026-01-01 02:00:00+00:00,0.47,0.20836254954338074,0.36829703959695215
2026-01-01 18:00:00+00:00,2026-01-02 15:00:00+00:00,2,21,2,2026-01-01 03:00:00+00:00,0.66,0.24711924294630686,0.36829703959695215
2026-01-01 18:00:00+00:00,2026-01-02 16:00:00+00:00,2,22,2,2026-01-01 04:00:00+00:00,0.8850000000000001,0.2833471745252609,0.36829703959695215
2026-01-01 18:00:00+00:00,2026-01-02 17:00:00+00:00,2,23,2,2026-01-01 05:00:00+00:00,0.6649999999999999,0.2910619378089905,0.36829703959695215
2026-01-01 18:00:00+00:00,2026-01-02 18:00:00+00:00,2,24,2,2026-01-01 06:00:00+00:00,0.295,0.24847668409347534,0.36829703959695215
2026-01-01 18:00:00+00:00,2026-01-02 19:00:00+00:00,2,25,2,2026-01-01 07:00:00+00:00,0.21166666666666667,0.2600463678439458,0.36829703959695215
2026-01-01 18:00:00+00:00,2026-01-02 20:00:00+00:00,2,26,2,2026-01-01 08:00:00+00:00,0.19833333333333333,0.2907201250394185,0.36829703959695215
2026-01-01 18:00:00+00:00,2026-01-02 21:00:00+00:00,2,27,2,2026-01-01 09:00:00+00:00,0.31,0.30525773266951245,0.36829703959695215
2026-01-01 18:00:00+00:00,2026-01-02 22:00:00+00:00,2,28,2,2026-01-01 10:00:00+00:00,0.15833333333333333,0.3522145251433055,0.36829703959695215
2026-01-01 18:00:00+00:00,2026-01-02 23:00:00+00:00,2,29,2,2026-01-01 11:00:00+00:00,0.18999999999999997,0.3958490490913391,0.36829703959695215
2026-01-01 18:00:00+00:00,2026-01-03 00:00:00+00:00,2,30,2,2026-01-01 12:00:00+00:00,0.25166666666666665,0.43257570266723633,0.36829703959695215
2026-01-01 18:00:00+00:00,2026-01-03 01:00:00+00:00,2,31,2,2026-01-01 13:00:00+00:00,0.14666666666666667,0.33446437617142993,0.36829703959695215
2026-01-01 18:00:00+00:00,2026-01-03 02:00:00+00:00,2,32,2,2026-01-01 14:00:00+00:00,0.26,0.3539400597413381,0.36829703959695215
2026-01-01 18:00:00+00:00,2026-01-03 03:00:00+00:00,2,33,2,2026-01-01 15:00:00+00:00,0.22,0.2826371838649114,0.36829703959695215
2026-01-01 18:00:00+00:00,2026-01-03 04:00:00+00:00,2,34,2,2026-01-01 16:00:00+00:00,0.11833333333333333,0.3176960349082947,0.36829703959695215
2026-01-01 18:00:00+00:00,2026-01-03 05:00:00+00:00,2,35,2,2026-01-01 17:00:00+00:00,0.135,0.37797852357228595,0.36829703959695215
2026-01-01 18:00:00+00:00,2026-01-03 06:00:00+00:00,2,36,2,2026-01-01 18:00:00+00:00,0.06666666666666667,0.4503435492515564,0.36829703959695215
2026-01-01 18:00:00+00:00,2026-01-03 07:00:00+00:00,2,37,3,2025-12-31 19:00:00+00:00,0.14333333333333334,0.5605239073435465,0.36829703959695215
2026-01-01 18:00:00+00:00,2026-01-03 08:00:00+00:00,2,38,3,2025-12-31 20:00:00+00:00,0.16166666666666665,0.5670341451962789,0.36829703959695215
2026-01-01 18:00:00+00:00,2026-01-03 09:00:00+00:00,2,39,3,2025-12-31 21:00:00+00:00,0.15833333333333333,0.547846257686615,0.36829703959695215
2026-01-01 18:00:00+00:00,2026-01-03 10:00:00+00:00,2,40,3,2025-12-31 22:00:00+00:00,0.19666666666666666,0.609153171380361,0.36829703959695215
2026-01-01 18:00:00+00:00,2026-01-03 11:00:00+00:00,2,41,3,2025-12-31 23:00:00+00:00,0.20666666666666667,0.6059649785359701,0.36829703959695215
2026-01-01 18:00:00+00:00,2026-01-03 12:00:00+00:00,2,42,3,2026-01-01 00:00:00+00:00,0.2783333333333333,0.48411158720652264,0.36829703959695215
2026-01-01 18:00:00+00:00,2026-01-03 13:00:00+00:00,2,43,3,2026-01-01 01:00:00+00:00,0.5066666666666667,0.3649665415287018,0.36829703959695215
2026-01-01 18:00:00+00:00,2026-01-03 14:00:00+00:00,2,44,3,2026-01-01 02:00:00+00:00,0.245,0.4610019226868947,0.36829703959695215
2026-01-01 18:00:00+00:00,2026-01-03 15:00:00+00:00,2,45,3,2026-01-01 03:00:00+00:00,0.48833333333333334,0.34245776136716205,0.36829703959695215
2026-01-01 18:00:00+00:00,2026-01-03 16:00:00+00:00,2,46,3,2026-01-01 04:00:00+00:00,0.285,0.337224821249644,0.36829703959695215
2026-01-01 18:00:00+00:00,2026-01-03 17:00:00+00:00,2,47,3,2026-01-01 05:00:00+00:00,0.15833333333333335,0.39990347623825073,0.36829703959695215
2026-01-01 18:00:00+00:00,2026-01-03 18:00:00+00:00,2,48,3,2026-01-01 06:00:00+00:00,0.265,0.19617744286855063,0.36829703959695215
2026-01-02 18:00:00+00:00,2026-01-02 19:00:00+00:00,1,1,1,2026-01-02 07:00:00+00:00,0.26166666666666666,0.3562689423561096,0.3736853865525423
2026-01-02 18:00:00+00:00,2026-01-02 20:00:00+00:00,1,2,1,2026-01-02 08:00:00+00:00,0.22166666666666668,0.3911538024743398,0.3736853865525423
2026-01-02 18:00:00+00:00,2026-01-02 21:00:00+00:00,1,3,1,2026-01-02 09:00:00+00:00,0.36166666666666664,0.4292151828606923,0.3736853865525423
2026-01-02 18:00:00+00:00,2026-01-02 22:00:00+00:00,1,4,1,2026-01-02 10:00:00+00:00,0.17833333333333334,0.4090139667193095,0.3736853865525423
2026-01-02 18:00:00+00:00,2026-01-02 23:00:00+00:00,1,5,1,2026-01-02 11:00:00+00:00,0.21,0.4564291139443715,0.3736853865525423
2026-01-02 18:00:00+00:00,2026-01-03 00:00:00+00:00,1,6,1,2026-01-02 12:00:00+00:00,0.255,0.3477299362421036,0.3736853865525423
2026-01-02 18:00:00+00:00,2026-01-03 01:00:00+00:00,1,7,1,2026-01-02 13:00:00+00:00,0.16,0.19653317580620447,0.3736853865525423
2026-01-02 18:00:00+00:00,2026-01-03 02:00:00+00:00,1,8,1,2026-01-02 14:00:00+00:00,0.26,0.2616067777077357,0.3736853865525423
2026-01-02 18:00:00+00:00,2026-01-03 03:00:00+00:00,1,9,1,2026-01-02 15:00:00+00:00,0.22833333333333336,0.3439985513687134,0.3736853865525423
2026-01-02 18:00:00+00:00,2026-01-03 04:00:00+00:00,1,10,1,2026-01-02 16:00:00+00:00,0.165,0.3787851830323537,0.3736853865525423
2026-01-02 18:00:00+00:00,2026-01-03 05:00:00+00:00,1,11,1,2026-01-02 17:00:00+00:00,0.15166666666666667,0.42389120658238727,0.3736853865525423
2026-01-02 18:00:00+00:00,2026-01-03 06:00:00+00:00,1,12,1,2026-01-02 18:00:00+00:00,0.07333333333333333,0.4247397482395172,0.3736853865525423
2026-01-02 18:00:00+00:00,2026-01-03 07:00:00+00:00,1,13,2,2026-01-01 19:00:00+00:00,0.13333333333333333,0.4246428410212199,0.3736853865525423
2026-01-02 18:00:00+00:00,2026-01-03 08:00:00+00:00,1,14,2,2026-01-01 20:00:00+00:00,0.17666666666666667,0.4399278263250987,0.3736853865525423
2026-01-02 18:00:00+00:00,2026-01-03 09:00:00+00:00,1,15,2,2026-01-01 21:00:00+00:00,0.17166666666666666,0.5204030076662699,0.3736853865525423
2026-01-02 18:00:00+00:00,2026-01-03 10:00:00+00:00,1,16,2,2026-01-01 22:00:00+00:00,0.19666666666666666,0.48245522379875183,0.3736853865525423
2026-01-02 18:00:00+00:00,2026-01-03 11:00:00+00:00,1,17,2,2026-01-01 23:00:00+00:00,0.24333333333333332,0.4668591320514679,0.3736853865525423
2026-01-02 18:00:00+00:00,2026-01-03 12:00:00+00:00,1,18,2,2026-01-02 00:00:00+00:00,0.255,0.5067226191361746,0.3736853865525423
2026-01-02 18:00:00+00:00,2026-01-03 13:00:00+00:00,1,19,2,2026-01-02 01:00:00+00:00,0.5216666666666666,0.41739187637964886,0.3736853865525423
2026-01-02 18:00:00+00:00,2026-01-03 14:00:00+00:00,1,20,2,2026-01-02 02:00:00+00:00,0.215,0.38434310754140216,0.3736853865525423
2026-01-02 18:00:00+00:00,2026-01-03 15:00:00+00:00,1,21,2,2026-01-02 03:00:00+00:00,0.5683333333333334,0.29187313715616864,0.3736853865525423
2026-01-02 18:00:00+00:00,2026-01-03 16:00:00+00:00,1,22,2,2026-01-02 04:00:00+00:00,0.29833333333333334,0.28107815484205884,0.3736853865525423
2026-01-02 18:00:00+00:00,2026-01-03 17:00:00+00:00,1,23,2,2026-01-02 05:00:00+00:00,0.19000000000000003,0.31423968573411304,0.3736853865525423
2026-01-02 18:00:00+00:00,2026-01-03 18:00:00+00:00,1,24,2,2026-01-02 06:00:00+00:00,0.30833333333333335,0.272628794113795,0.3736853865525423
2026-01-02 18:00:00+00:00,2026-01-03 19:00:00+00:00,1,25,2,2026-01-02 07:00:00+00:00,0.23166666666666666,0.3392065366109212,0.3736853865525423
2026-01-02 18:00:00+00:00,2026-01-03 20:00:00+00:00,1,26,2,2026-01-02 08:00:00+00:00,0.2866666666666667,0.41717029611269635,0.3736853865525423
2026-01-02 18:00:00+00:00,2026-01-03 21:00:00+00:00,1,27,2,2026-01-02 09:00:00+00:00,0.28,0.4512973229090373,0.3736853865525423
2026-01-02 18:00:00+00:00,2026-01-03 22:00:00+00:00,1,28,2,2026-01-02 10:00:00+00:00,0.19000000000000003,0.4969669282436371,0.3736853865525423
2026-01-02 18:00:00+00:00,2026-01-03 23:00:00+00:00,1,29,2,2026-01-02 11:00:00+00:00,0.2733333333333334,0.4726818998654683,0.3736853865525423
2026-01-02 18:00:00+00:00,2026-01-04 00:00:00+00:00,1,30,2,2026-01-02 12:00:00+00:00,0.26666666666666666,0.570503850777944,0.3736853865525423
2026-01-02 18:00:00+00:00,2026-01-04 01:00:00+00:00,1,31,2,2026-01-02 13:00:00+00:00,0.39166666666666666,0.577461858590444,0.3736853865525423
2026-01-02 18:00:00+00:00,2026-01-04 02:00:00+00:00,1,32,2,2026-01-02 14:00:00+00:00,0.30833333333333335,0.565268079439799,0.3736853865525423
2026-01-02 18:00:00+00:00,2026-01-04 03:00:00+00:00,1,33,2,2026-01-02 15:00:00+00:00,0.5016666666666666,0.5244146585464478,0.3736853865525423
2026-01-02 18:00:00+00:00,2026-01-04 04:00:00+00:00,1,34,2,2026-01-02 16:00:00+00:00,0.07166666666666667,0.4112725059191386,0.3736853865525423
2026-01-02 18:00:00+00:00,2026-01-04 05:00:00+00:00,1,35,2,2026-01-02 17:00:00+00:00,0.07166666666666667,0.36553170283635456,0.3736853865525423
2026-01-02 18:00:00+00:00,2026-01-04 06:00:00+00:00,1,36,2,2026-01-02 18:00:00+00:00,0.07333333333333333,0.06618040551741917,0.3736853865525423
2026-01-02 18:00:00+00:00,2026-01-04 07:00:00+00:00,1,37,3,2026-01-01 19:00:00+00:00,0.01,0.032255049174030624,0.3736853865525423
2026-01-02 18:00:00+00:00,2026-01-04 08:00:00+00:00,1,38,3,2026-01-01 20:00:00+00:00,0.01,0.030482447395722072,0.3736853865525423
2026-01-02 18:00:00+00:00,2026-01-04 09:00:00+00:00,1,39,3,2026-01-01 21:00:00+00:00,0.01,0.027441431457797687,0.3736853865525423
2026-01-02 18:00:00+00:00,2026-01-04 10:00:00+00:00,1,40,3,2026-01-01 22:00:00+00:00,0.03333333333333333,0.02451510572185119,0.3736853865525423
2026-01-02 18:00:00+00:00,2026-01-04 11:00:00+00:00,1,41,3,2026-01-01 23:00:00+00:00,0.25333333333333335,0.023066384407381218,0.3736853865525423
2026-01-02 18:00:00+00:00,2026-01-04 12:00:00+00:00,1,42,3,2026-01-02 00:00:00+00:00,0.6166666666666666,0.07216152548789978,0.3736853865525423
2026-01-02 18:00:00+00:00,2026-01-04 13:00:00+00:00,1,43,3,2026-01-02 01:00:00+00:00,0.6016666666666667,0.1617655207713445,0.3736853865525423
2026-01-02 18:00:00+00:00,2026-01-04 14:00:00+00:00,1,44,3,2026-01-02 02:00:00+00:00,0.6366666666666667,0.28539741535981494,0.3736853865525423
2026-01-02 18:00:00+00:00,2026-01-04 15:00:00+00:00,1,45,3,2026-01-02 03:00:00+00:00,0.47500000000000003,0.4101001024246216,0.3736853865525423
2026-01-02 18:00:00+00:00,2026-01-04 16:00:00+00:00,1,46,3,2026-01-02 04:00:00+00:00,0.3233333333333333,0.6342746615409851,0.3736853865525423
2026-01-02 18:00:00+00:00,2026-01-04 17:00:00+00:00,1,47,3,2026-01-02 05:00:00+00:00,0.4683333333333333,0.640478511651357,0.3736853865525423
2026-01-02 18:00:00+00:00,2026-01-04 18:00:00+00:00,1,48,3,2026-01-02 06:00:00+00:00,0.7666666666666666,0.647122859954834,0.3736853865525423
2026-01-02 18:00:00+00:00,2026-01-02 19:00:00+00:00,2,1,1,2026-01-02 07:00:00+00:00,0.21166666666666667,0.2983138859272003,0.36829703959695215
2026-01-02 18:00:00+00:00,2026-01-02 20:00:00+00:00,2,2,1,2026-01-02 08:00:00+00:00,0.19833333333333333,0.3344855010509491,0.36829703959695215
2026-01-02 18:00:00+00:00,2026-01-02 21:00:00+00:00,2,3,1,2026-01-02 09:00:00+00:00,0.31,0.3807320793469747,0.36829703959695215
2026-01-02 18:00:00+00:00,2026-01-02 22:00:00+00:00,2,4,1,2026-01-02 10:00:00+00:00,0.15833333333333333,0.3651527762413025,0.36829703959695215
2026-01-02 18:00:00+00:00,2026-01-02 23:00:00+00:00,2,5,1,2026-01-02 11:00:00+00:00,0.18999999999999997,0.41735371947288513,0.36829703959695215
2026-01-02 18:00:00+00:00,2026-01-03 00:00:00+00:00,2,6,1,2026-01-02 12:00:00+00:00,0.25166666666666665,0.3182762066523234,0.36829703959695215
2026-01-02 18:00:00+00:00,2026-01-03 01:00:00+00:00,2,7,1,2026-01-02 13:00:00+00:00,0.14666666666666667,0.18479480842749277,0.36829703959695215
2026-01-02 18:00:00+00:00,2026-01-03 02:00:00+00:00,2,8,1,2026-01-02 14:00:00+00:00,0.26,0.257381334900856,0.36829703959695215
2026-01-02 18:00:00+00:00,2026-01-03 03:00:00+00:00,2,9,1,2026-01-02 15:00:00+00:00,0.22,0.3443336983521779,0.36829703959695215
2026-01-02 18:00:00+00:00,2026-01-03 04:00:00+00:00,2,10,1,2026-01-02 16:00:00+00:00,0.11833333333333333,0.38047606746355694,0.36829703959695215
2026-01-02 18:00:00+00:00,2026-01-03 05:00:00+00:00,2,11,1,2026-01-02 17:00:00+00:00,0.135,0.42410247524579364,0.36829703959695215
2026-01-02 18:00:00+00:00,2026-01-03 06:00:00+00:00,2,12,1,2026-01-02 18:00:00+00:00,0.06666666666666667,0.43610960245132446,0.36829703959695215
2026-01-02 18:00:00+00:00,2026-01-03 07:00:00+00:00,2,13,2,2026-01-01 19:00:00+00:00,0.14333333333333334,0.43660248319307965,0.36829703959695215
2026-01-02 18:00:00+00:00,2026-01-03 08:00:00+00:00,2,14,2,2026-01-01 20:00:00+00:00,0.16166666666666665,0.4594355324904124,0.36829703959695215
2026-01-02 18:00:00+00:00,2026-01-03 09:00:00+00:00,2,15,2,2026-01-01 21:00:00+00:00,0.15833333333333333,0.5359947880109152,0.36829703959695215
2026-01-02 18:00:00+00:00,2026-01-03 10:00:00+00:00,2,16,2,2026-01-01 22:00:00+00:00,0.19666666666666666,0.5022722979386648,0.36829703959695215
2026-01-02 18:00:00+00:00,2026-01-03 11:00:00+00:00,2,17,2,2026-01-01 23:00:00+00:00,0.20666666666666667,0.4638197620709737,0.36829703959695215
2026-01-02 18:00:00+00:00,2026-01-03 12:00:00+00:00,2,18,2,2026-01-02 00:00:00+00:00,0.2783333333333333,0.4895852009455363,0.36829703959695215
2026-01-02 18:00:00+00:00,2026-01-03 13:00:00+00:00,2,19,2,2026-01-02 01:00:00+00:00,0.5066666666666667,0.39469051361083984,0.36829703959695215
2026-01-02 18:00:00+00:00,2026-01-03 14:00:00+00:00,2,20,2,2026-01-02 02:00:00+00:00,0.245,0.35457611083984375,0.36829703959695215
2026-01-02 18:00:00+00:00,2026-01-03 15:00:00+00:00,2,21,2,2026-01-02 03:00:00+00:00,0.48833333333333334,0.2651691685120265,0.36829703959695215
2026-01-02 18:00:00+00:00,2026-01-03 16:00:00+00:00,2,22,2,2026-01-02 04:00:00+00:00,0.285,0.2534893403450648,0.36829703959695215
2026-01-02 18:00:00+00:00,2026-01-03 17:00:00+00:00,2,23,2,2026-01-02 05:00:00+00:00,0.15833333333333335,0.27212655047575635,0.36829703959695215
2026-01-02 18:00:00+00:00,2026-01-03 18:00:00+00:00,2,24,2,2026-01-02 06:00:00+00:00,0.265,0.2437520275513331,0.36829703959695215
2026-01-02 18:00:00+00:00,2026-01-03 19:00:00+00:00,2,25,2,2026-01-02 07:00:00+00:00,0.18333333333333335,0.30413684745629627,0.36829703959695215
2026-01-02 18:00:00+00:00,2026-01-03 20:00:00+00:00,2,26,2,2026-01-02 08:00:00+00:00,0.26666666666666666,0.3707273105780284,0.36829703959695215
2026-01-02 18:00:00+00:00,2026-01-03 21:00:00+00:00,2,27,2,2026-01-02 09:00:00+00:00,0.18999999999999997,0.4029942452907562,0.36829703959695215
2026-01-02 18:00:00+00:00,2026-01-03 22:00:00+00:00,2,28,2,2026-01-02 10:00:00+00:00,0.16833333333333333,0.4583086669445038,0.36829703959695215
2026-01-02 18:00:00+00:00,2026-01-03 23:00:00+00:00,2,29,2,2026-01-02 11:00:00+00:00,0.23333333333333336,0.4451965391635895,0.36829703959695215
2026-01-02 18:00:00+00:00,2026-01-04 00:00:00+00:00,2,30,2,2026-01-02 12:00:00+00:00,0.2283333333333333,0.5644752780596415,0.36829703959695215
2026-01-02 18:00:00+00:00,2026-01-04 01:00:00+00:00,2,31,2,2026-01-02 13:00:00+00:00,0.37000000000000005,0.5713862975438436,0.36829703959695215
2026-01-02 18:00:00+00:00,2026-01-04 02:00:00+00:00,2,32,2,2026-01-02 14:00:00+00:00,0.295,0.5545889337857565,0.36829703959695215
2026-01-02 18:00:00+00:00,2026-01-04 03:00:00+00:00,2,33,2,2026-01-02 15:00:00+00:00,0.41,0.5149068534374237,0.36829703959695215
2026-01-02 18:00:00+00:00,2026-01-04 04:00:00+00:00,2,34,2,2026-01-02 16:00:00+00:00,0.04833333333333333,0.396742711464564,0.36829703959695215
2026-01-02 18:00:00+00:00,2026-01-04 05:00:00+00:00,2,35,2,2026-01-02 17:00:00+00:00,0.07666666666666667,0.35372088352839154,0.36829703959695215
2026-01-02 18:00:00+00:00,2026-01-04 06:00:00+00:00,2,36,2,2026-01-02 18:00:00+00:00,0.06833333333333333,0.05932060753305753,0.36829703959695215
2026-01-02 18:00:00+00:00,2026-01-04 07:00:00+00:00,2,37,3,2026-01-01 19:00:00+00:00,0.01,0.03421549592167139,0.36829703959695215
2026-01-02 18:00:00+00:00,2026-01-04 08:00:00+00:00,2,38,3,2026-01-01 20:00:00+00:00,0.01,0.030508000403642654,0.36829703959695215
2026-01-02 18:00:00+00:00,2026-01-04 09:00:00+00:00,2,39,3,2026-01-01 21:00:00+00:00,0.01,0.027417725572983425,0.36829703959695215
2026-01-02 18:00:00+00:00,2026-01-04 10:00:00+00:00,2,40,3,2026-01-01 22:00:00+00:00,0.03166666666666667,0.025027381566663582,0.36829703959695215
2026-01-02 18:00:00+00:00,2026-01-04 11:00:00+00:00,2,41,3,2026-01-01 23:00:00+00:00,0.265,0.022790200387438137,0.36829703959695215
2026-01-02 18:00:00+00:00,2026-01-04 12:00:00+00:00,2,42,3,2026-01-02 00:00:00+00:00,0.5816666666666667,0.0657026544213295,0.36829703959695215
2026-01-02 18:00:00+00:00,2026-01-04 13:00:00+00:00,2,43,3,2026-01-02 01:00:00+00:00,0.62,0.15390466153621674,0.36829703959695215
2026-01-02 18:00:00+00:00,2026-01-04 14:00:00+00:00,2,44,3,2026-01-02 02:00:00+00:00,0.6566666666666666,0.27892771859963733,0.36829703959695215
2026-01-02 18:00:00+00:00,2026-01-04 15:00:00+00:00,2,45,3,2026-01-02 03:00:00+00:00,0.48666666666666664,0.39113019903500873,0.36829703959695215
2026-01-02 18:00:00+00:00,2026-01-04 16:00:00+00:00,2,46,3,2026-01-02 04:00:00+00:00,0.3466666666666667,0.6149470011393229,0.36829703959695215
2026-01-02 18:00:00+00:00,2026-01-04 17:00:00+00:00,2,47,3,2026-01-02 05:00:00+00:00,0.48500000000000004,0.6259549458821615,0.36829703959695215
2026-01-02 18:00:00+00:00,2026-01-04 18:00:00+00:00,2,48,3,2026-01-02 06:00:00+00:00,0.8316666666666667,0.6363983352979025,0.36829703959695215
2026-01-03 18:00:00+00:00,2026-01-03 19:00:00+00:00,1,1,1,2026-01-03 07:00:00+00:00,0.23166666666666666,0.37412439783414203,0.3736853865525423
2026-01-03 18:00:00+00:00,2026-01-03 20:00:00+00:00,1,2,1,2026-01-03 08:00:00+00:00,0.2866666666666667,0.39212412635485333,0.3736853865525423
2026-01-03 18:00:00+00:00,2026-01-03 21:00:00+00:00,1,3,1,2026-01-03 09:00:00+00:00,0.28,0.4210694332917531,0.3736853865525423
2026-01-03 18:00:00+00:00,2026-01-03 22:00:00+00:00,1,4,1,2026-01-03 10:00:00+00:00,0.19000000000000003,0.46400954325993854,0.3736853865525423
2026-01-03 18:00:00+00:00,2026-01-03 23:00:00+00:00,1,5,1,2026-01-03 11:00:00+00:00,0.2733333333333334,0.5408749183019003,0.3736853865525423
2026-01-03 18:00:00+00:00,2026-01-04 00:00:00+00:00,1,6,1,2026-01-03 12:00:00+00:00,0.26666666666666666,0.5879222750663757,0.3736853865525423
2026-01-03 18:00:00+00:00,2026-01-04 01:00:00+00:00,1,7,1,2026-01-03 13:00:00+00:00,0.39166666666666666,0.5112403035163879,0.3736853865525423
2026-01-03 18:00:00+00:00,2026-01-04 02:00:00+00:00,1,8,1,2026-01-03 14:00:00+00:00,0.30833333333333335,0.5069602032502493,0.3736853865525423
2026-01-03 18:00:00+00:00,2026-01-04 03:00:00+00:00,1,9,1,2026-01-03 15:00:00+00:00,0.5016666666666666,0.5318686862786611,0.3736853865525423
2026-01-03 18:00:00+00:00,2026-01-04 04:00:00+00:00,1,10,1,2026-01-03 16:00:00+00:00,0.07166666666666667,0.26191750168800354,0.3736853865525423
2026-01-03 18:00:00+00:00,2026-01-04 05:00:00+00:00,1,11,1,2026-01-03 17:00:00+00:00,0.07166666666666667,0.023034466430544853,0.3736853865525423
2026-01-03 18:00:00+00:00,2026-01-04 06:00:00+00:00,1,12,1,2026-01-03 18:00:00+00:00,0.07333333333333333,0.014954304633041223,0.3736853865525423
2026-01-03 18:00:00+00:00,2026-01-04 07:00:00+00:00,1,13,2,2026-01-02 19:00:00+00:00,0.01,0.025173166145881016,0.3736853865525423
2026-01-03 18:00:00+00:00,2026-01-04 08:00:00+00:00,1,14,2,2026-01-02 20:00:00+00:00,0.01,0.031134469124178093,0.3736853865525423
2026-01-03 18:00:00+00:00,2026-01-04 09:00:00+00:00,1,15,2,2026-01-02 21:00:00+00:00,0.01,0.029590290660659473,0.3736853865525423
2026-01-03 18:00:00+00:00,2026-01-04 10:00:00+00:00,1,16,2,2026-01-02 22:00:00+00:00,0.03333333333333333,0.031157817070682842,0.3736853865525423
2026-01-03 18:00:00+00:00,2026-01-04 11:00:00+00:00,1,17,2,2026-01-02 23:00:00+00:00,0.25333333333333335,0.03630736408134302,0.3736853865525423
2026-01-03 18:00:00+00:00,2026-01-04 12:00:00+00:00,1,18,2,2026-01-03 00:00:00+00:00,0.6166666666666666,0.1332599918047587,0.3736853865525423
2026-01-03 18:00:00+00:00,2026-01-04 13:00:00+00:00,1,19,2,2026-01-03 01:00:00+00:00,0.6016666666666667,0.2613320052623749,0.3736853865525423
2026-01-03 18:00:00+00:00,2026-01-04 14:00:00+00:00,1,20,2,2026-01-03 02:00:00+00:00,0.6366666666666667,0.3254201412200928,0.3736853865525423
2026-01-03 18:00:00+00:00,2026-01-04 15:00:00+00:00,1,21,2,2026-01-03 03:00:00+00:00,0.47500000000000003,0.34373461206754047,0.3736853865525423
2026-01-03 18:00:00+00:00,2026-01-04 16:00:00+00:00,1,22,2,2026-01-03 04:00:00+00:00,0.3233333333333333,0.39730263749758404,0.3736853865525423
2026-01-03 18:00:00+00:00,2026-01-04 17:00:00+00:00,1,23,2,2026-01-03 05:00:00+00:00,0.4683333333333333,0.46777524550755817,0.3736853865525423
2026-01-03 18:00:00+00:00,2026-01-04 18:00:00+00:00,1,24,2,2026-01-03 06:00:00+00:00,0.7666666666666666,0.6415186524391174,0.3736853865525423
2026-01-03 18:00:00+00:00,2026-01-04 19:00:00+00:00,1,25,2,2026-01-03 07:00:00+00:00,0.2866666666666667,0.4890860815842946,0.3736853865525423
2026-01-03 18:00:00+00:00,2026-01-04 20:00:00+00:00,1,26,2,2026-01-03 08:00:00+00:00,0.32666666666666666,0.4247777958710988,0.3736853865525423
2026-01-03 18:00:00+00:00,2026-01-04 21:00:00+00:00,1,27,2,2026-01-03 09:00:00+00:00,0.3416666666666666,0.3670070668061574,0.3736853865525423
2026-01-03 18:00:00+00:00,2026-01-04 22:00:00+00:00,1,28,2,2026-01-03 10:00:00+00:00,0.2783333333333334,0.30209020773569745,0.3736853865525423
2026-01-03 18:00:00+00:00,2026-01-04 23:00:00+00:00,1,29,2,2026-01-03 11:00:00+00:00,0.17,0.22660176952679953,0.3736853865525423
2026-01-03 18:00:00+00:00,2026-01-05 00:00:00+00:00,1,30,2,2026-01-03 12:00:00+00:00,0.12333333333333334,0.17346138755480447,0.3736853865525423
2026-01-03 18:00:00+00:00,2026-01-05 01:00:00+00:00,1,31,2,2026-01-03 13:00:00+00:00,0.045000000000000005,0.18052425980567932,0.3736853865525423
2026-01-03 18:00:00+00:00,2026-01-05 02:00:00+00:00,1,32,2,2026-01-03 14:00:00+00:00,0.01,0.08092887202898662,0.3736853865525423
2026-01-03 18:00:00+00:00,2026-01-05 03:00:00+00:00,1,33,2,2026-01-03 15:00:00+00:00,0.01,0.042051161949833236,0.3736853865525423
2026-01-03 18:00:00+00:00,2026-01-05 04:00:00+00:00,1,34,2,2026-01-03 16:00:00+00:00,0.01,0.029424895842870075,0.3736853865525423
2026-01-03 18:00:00+00:00,2026-01-05 05:00:00+00:00,1,35,2,2026-01-03 17:00:00+00:00,0.01,0.02311849097410838,0.3736853865525423
2026-01-03 18:00:00+00:00,2026-01-05 06:00:00+00:00,1,36,2,2026-01-03 18:00:00+00:00,0.01,0.020209450274705887,0.3736853865525423
2026-01-03 18:00:00+00:00,2026-01-05 07:00:00+00:00,1,37,3,2026-01-02 19:00:00+00:00,0.018333333333333333,0.041417683785160385,0.3736853865525423
2026-01-03 18:00:00+00:00,2026-01-05 08:00:00+00:00,1,38,3,2026-01-02 20:00:00+00:00,0.03166666666666667,0.05268741399049759,0.3736853865525423
2026-01-03 18:00:00+00:00,2026-01-05 09:00:00+00:00,1,39,3,2026-01-02 21:00:00+00:00,0.01,0.07638800392548244,0.3736853865525423
2026-01-03 18:00:00+00:00,2026-01-05 10:00:00+00:00,1,40,3,2026-01-02 22:00:00+00:00,0.01,0.10712279627720515,0.3736853865525423
2026-01-03 18:00:00+00:00,2026-01-05 11:00:00+00:00,1,41,3,2026-01-02 23:00:00+00:00,0.02,0.1482210929195086,0.3736853865525423
2026-01-03 18:00:00+00:00,2026-01-05 12:00:00+00:00,1,42,3,2026-01-03 00:00:00+00:00,0.03666666666666667,0.03278293926268816,0.3736853865525423
2026-01-03 18:00:00+00:00,2026-01-05 13:00:00+00:00,1,43,3,2026-01-03 01:00:00+00:00,0.06833333333333334,0.049618106335401535,0.3736853865525423
2026-01-03 18:00:00+00:00,2026-01-05 14:00:00+00:00,1,44,3,2026-01-03 02:00:00+00:00,0.08333333333333333,0.06536900252103806,0.3736853865525423
2026-01-03 18:00:00+00:00,2026-01-05 15:00:00+00:00,1,45,3,2026-01-03 03:00:00+00:00,0.13166666666666668,0.12197311222553253,0.3736853865525423
2026-01-03 18:00:00+00:00,2026-01-05 16:00:00+00:00,1,46,3,2026-01-03 04:00:00+00:00,0.18833333333333332,0.191225066781044,0.3736853865525423
2026-01-03 18:00:00+00:00,2026-01-05 17:00:00+00:00,1,47,3,2026-01-03 05:00:00+00:00,0.37666666666666665,0.15506496032079062,0.3736853865525423
2026-01-03 18:00:00+00:00,2026-01-05 18:00:00+00:00,1,48,3,2026-01-03 06:00:00+00:00,0.4216666666666667,0.26056312521298725,0.3736853865525423
2026-01-03 18:00:00+00:00,2026-01-03 19:00:00+00:00,2,1,1,2026-01-03 07:00:00+00:00,0.18333333333333335,0.32594746351242065,0.36829703959695215
2026-01-03 18:00:00+00:00,2026-01-03 20:00:00+00:00,2,2,1,2026-01-03 08:00:00+00:00,0.26666666666666666,0.3369288643201192,0.36829703959695215
2026-01-03 18:00:00+00:00,2026-01-03 21:00:00+00:00,2,3,1,2026-01-03 09:00:00+00:00,0.18999999999999997,0.36998217304547626,0.36829703959695215
2026-01-03 18:00:00+00:00,2026-01-03 22:00:00+00:00,2,4,1,2026-01-03 10:00:00+00:00,0.16833333333333333,0.417929728825887,0.36829703959695215
2026-01-03 18:00:00+00:00,2026-01-03 23:00:00+00:00,2,5,1,2026-01-03 11:00:00+00:00,0.23333333333333336,0.5048442184925079,0.36829703959695215
2026-01-03 18:00:00+00:00,2026-01-04 00:00:00+00:00,2,6,1,2026-01-03 12:00:00+00:00,0.2283333333333333,0.5576171576976776,0.36829703959695215
2026-01-03 18:00:00+00:00,2026-01-04 01:00:00+00:00,2,7,1,2026-01-03 13:00:00+00:00,0.37000000000000005,0.49257797996203107,0.36829703959695215
2026-01-03 18:00:00+00:00,2026-01-04 02:00:00+00:00,2,8,1,2026-01-03 14:00:00+00:00,0.295,0.4952188829580943,0.36829703959695215
2026-01-03 18:00:00+00:00,2026-01-04 03:00:00+00:00,2,9,1,2026-01-03 15:00:00+00:00,0.41,0.5274573862552643,0.36829703959695215
2026-01-03 18:00:00+00:00,2026-01-04 04:00:00+00:00,2,10,1,2026-01-03 16:00:00+00:00,0.04833333333333333,0.2554195622603099,0.36829703959695215
2026-01-03 18:00:00+00:00,2026-01-04 05:00:00+00:00,2,11,1,2026-01-03 17:00:00+00:00,0.07666666666666667,0.021756321812669437,0.36829703959695215
2026-01-03 18:00:00+00:00,2026-01-04 06:00:00+00:00,2,12,1,2026-01-03 18:00:00+00:00,0.06833333333333333,0.014456046434740225,0.36829703959695215
2026-01-03 18:00:00+00:00,2026-01-04 07:00:00+00:00,2,13,2,2026-01-02 19:00:00+00:00,0.01,0.023723979170123737,0.36829703959695215
2026-01-03 18:00:00+00:00,2026-01-04 08:00:00+00:00,2,14,2,2026-01-02 20:00:00+00:00,0.01,0.029703679184118908,0.36829703959695215
2026-01-03 18:00:00+00:00,2026-01-04 09:00:00+00:00,2,15,2,2026-01-02 21:00:00+00:00,0.01,0.027179442035655182,0.36829703959695215
2026-01-03 18:00:00+00:00,2026-01-04 10:00:00+00:00,2,16,2,2026-01-02 22:00:00+00:00,0.03166666666666667,0.03037932049483061,0.36829703959695215
2026-01-03 18:00:00+00:00,2026-01-04 11:00:00+00:00,2,17,2,2026-01-02 23:00:00+00:00,0.265,0.035291548197468124,0.36829703959695215
2026-01-03 18:00:00+00:00,2026-01-04 12:00:00+00:00,2,18,2,2026-01-03 00:00:00+00:00,0.5816666666666667,0.12858322262763977,0.36829703959695215
2026-01-03 18:00:00+00:00,2026-01-04 13:00:00+00:00,2,19,2,2026-01-03 01:00:00+00:00,0.62,0.25051186978816986,0.36829703959695215
2026-01-03 18:00:00+00:00,2026-01-04 14:00:00+00:00,2,20,2,2026-01-03 02:00:00+00:00,0.6566666666666666,0.3157035708427429,0.36829703959695215
2026-01-03 18:00:00+00:00,2026-01-04 15:00:00+00:00,2,21,2,2026-01-03 03:00:00+00:00,0.48666666666666664,0.33300227920214337,0.36829703959695215
2026-01-03 18:00:00+00:00,2026-01-04 16:00:00+00:00,2,22,2,2026-01-03 04:00:00+00:00,0.3466666666666667,0.3808434804280599,0.36829703959695215
2026-01-03 18:00:00+00:00,2026-01-04 17:00:00+00:00,2,23,2,2026-01-03 05:00:00+00:00,0.48500000000000004,0.4500321348508199,0.36829703959695215
2026-01-03 18:00:00+00:00,2026-01-04 18:00:00+00:00,2,24,2,2026-01-03 06:00:00+00:00,0.8316666666666667,0.640717069307963,0.36829703959695215
2026-01-03 18:00:00+00:00,2026-01-04 19:00:00+00:00,2,25,2,2026-01-03 07:00:00+00:00,0.27666666666666667,0.49037394920984906,0.36829703959695215
2026-01-03 18:00:00+00:00,2026-01-04 20:00:00+00:00,2,26,2,2026-01-03 08:00:00+00:00,0.33,0.4244398872057597,0.36829703959695215
2026-01-03 18:00:00+00:00,2026-01-04 21:00:00+00:00,2,27,2,2026-01-03 09:00:00+00:00,0.34500000000000003,0.3600691854953766,0.36829703959695215
2026-01-03 18:00:00+00:00,2026-01-04 22:00:00+00:00,2,28,2,2026-01-03 10:00:00+00:00,0.27666666666666667,0.2900268038113912,0.36829703959695215
2026-01-03 18:00:00+00:00,2026-01-04 23:00:00+00:00,2,29,2,2026-01-03 11:00:00+00:00,0.16,0.21246411899725595,0.36829703959695215
2026-01-03 18:00:00+00:00,2026-01-05 00:00:00+00:00,2,30,2,2026-01-03 12:00:00+00:00,0.12666666666666668,0.15649023900429407,0.36829703959695215
2026-01-03 18:00:00+00:00,2026-01-05 01:00:00+00:00,2,31,2,2026-01-03 13:00:00+00:00,0.04833333333333333,0.16138049960136414,0.36829703959695215
2026-01-03 18:00:00+00:00,2026-01-05 02:00:00+00:00,2,32,2,2026-01-03 14:00:00+00:00,0.01,0.06877222160498302,0.36829703959695215
2026-01-03 18:00:00+00:00,2026-01-05 03:00:00+00:00,2,33,2,2026-01-03 15:00:00+00:00,0.01,0.03660623418788115,0.36829703959695215
2026-01-03 18:00:00+00:00,2026-01-05 04:00:00+00:00,2,34,2,2026-01-03 16:00:00+00:00,0.01,0.02690038892130057,0.36829703959695215
2026-01-03 18:00:00+00:00,2026-01-05 05:00:00+00:00,2,35,2,2026-01-03 17:00:00+00:00,0.006666666666666667,0.02129560522735119,0.36829703959695215
2026-01-03 18:00:00+00:00,2026-01-05 06:00:00+00:00,2,36,2,2026-01-03 18:00:00+00:00,0.008333333333333333,0.018661781835059326,0.36829703959695215
2026-01-03 18:00:00+00:00,2026-01-05 07:00:00+00:00,2,37,3,2026-01-02 19:00:00+00:00,0.013333333333333334,0.03711358147362868,0.36829703959695215
2026-01-03 18:00:00+00:00,2026-01-05 08:00:00+00:00,2,38,3,2026-01-02 20:00:00+00:00,0.03333333333333333,0.04781677946448326,0.36829703959695215
2026-01-03 18:00:00+00:00,2026-01-05 09:00:00+00:00,2,39,3,2026-01-02 21:00:00+00:00,0.008333333333333333,0.07135476917028427,0.36829703959695215
2026-01-03 18:00:00+00:00,2026-01-05 10:00:00+00:00,2,40,3,2026-01-02 22:00:00+00:00,0.006666666666666667,0.1006406620144844,0.36829703959695215
2026-01-03 18:00:00+00:00,2026-01-05 11:00:00+00:00,2,41,3,2026-01-02 23:00:00+00:00,0.018333333333333333,0.14014936983585358,0.36829703959695215
2026-01-03 18:00:00+00:00,2026-01-05 12:00:00+00:00,2,42,3,2026-01-03 00:00:00+00:00,0.03333333333333333,0.030038682588686545,0.36829703959695215
2026-01-03 18:00:00+00:00,2026-01-05 13:00:00+00:00,2,43,3,2026-01-03 01:00:00+00:00,0.07333333333333333,0.042371521393458046,0.36829703959695215
2026-01-03 18:00:00+00:00,2026-01-05 14:00:00+00:00,2,44,3,2026-01-03 02:00:00+00:00,0.07166666666666667,0.06044277921319008,0.36829703959695215
2026-01-03 18:00:00+00:00,2026-01-05 15:00:00+00:00,2,45,3,2026-01-03 03:00:00+00:00,0.12166666666666666,0.1109648955365022,0.36829703959695215
2026-01-03 18:00:00+00:00,2026-01-05 16:00:00+00:00,2,46,3,2026-01-03 04:00:00+00:00,0.15166666666666664,0.18164834628502527,0.36829703959695215
2026-01-03 18:00:00+00:00,2026-01-05 17:00:00+00:00,2,47,3,2026-01-03 05:00:00+00:00,0.34833333333333333,0.15259277572234473,0.36829703959695215
2026-01-03 18:00:00+00:00,2026-01-05 18:00:00+00:00,2,48,3,2026-01-03 06:00:00+00:00,0.37166666666666665,0.24587531884511313,0.36829703959695215
2026-01-04 18:00:00+00:00,2026-01-04 19:00:00+00:00,1,1,1,2026-01-04 07:00:00+00:00,0.2866666666666667,0.4129530688126882,0.3736853865525423
2026-01-04 18:00:00+00:00,2026-01-04 20:00:00+00:00,1,2,1,2026-01-04 08:00:00+00:00,0.32666666666666666,0.3230537573496501,0.3736853865525423
2026-01-04 18:00:00+00:00,2026-01-04 21:00:00+00:00,1,3,1,2026-01-04 09:00:00+00:00,0.3416666666666666,0.20542931059996286,0.3736853865525423
2026-01-04 18:00:00+00:00,2026-01-04 22:00:00+00:00,1,4,1,2026-01-04 10:00:00+00:00,0.2783333333333334,0.11030939966440201,0.3736853865525423
2026-01-04 18:00:00+00:00,2026-01-04 23:00:00+00:00,1,5,1,2026-01-04 11:00:00+00:00,0.17,0.09544088194767635,0.3736853865525423
2026-01-04 18:00:00+00:00,2026-01-05 00:00:00+00:00,1,6,1,2026-01-04 12:00:00+00:00,0.12333333333333334,0.019573531424005825,0.3736853865525423
2026-01-04 18:00:00+00:00,2026-01-05 01:00:00+00:00,1,7,1,2026-01-04 13:00:00+00:00,0.045000000000000005,0.013841944125791391,0.3736853865525423
2026-01-04 18:00:00+00:00,2026-01-05 02:00:00+00:00,1,8,1,2026-01-04 14:00:00+00:00,0.01,0.013792145997285843,0.3736853865525423
2026-01-04 18:00:00+00:00,2026-01-05 03:00:00+00:00,1,9,1,2026-01-04 15:00:00+00:00,0.01,0.01178228436037898,0.3736853865525423
2026-01-04 18:00:00+00:00,2026-01-05 04:00:00+00:00,1,10,1,2026-01-04 16:00:00+00:00,0.01,0.00912195382018884,0.3736853865525423
2026-01-04 18:00:00+00:00,2026-01-05 05:00:00+00:00,1,11,1,2026-01-04 17:00:00+00:00,0.01,0.007793990972762306,0.3736853865525423
2026-01-04 18:00:00+00:00,2026-01-05 06:00:00+00:00,1,12,1,2026-01-04 18:00:00+00:00,0.01,0.010101897331575552,0.3736853865525423
2026-01-04 18:00:00+00:00,2026-01-05 07:00:00+00:00,1,13,2,2026-01-03 19:00:00+00:00,0.018333333333333333,0.021418409422039986,0.3736853865525423
2026-01-04 18:00:00+00:00,2026-01-05 08:00:00+00:00,1,14,2,2026-01-03 20:00:00+00:00,0.03166666666666667,0.023608238746722538,0.3736853865525423
2026-01-04 18:00:00+00:00,2026-01-05 09:00:00+00:00,1,15,2,2026-01-03 21:00:00+00:00,0.01,0.02787512851258119,0.3736853865525423
2026-01-04 18:00:00+00:00,2026-01-05 10:00:00+00:00,1,16,2,2026-01-03 22:00:00+00:00,0.01,0.024799762293696404,0.3736853865525423
2026-01-04 18:00:00+00:00,2026-01-05 11:00:00+00:00,1,17,2,2026-01-03 23:00:00+00:00,0.02,0.021212987912197907,0.3736853865525423
2026-01-04 18:00:00+00:00,2026-01-05 12:00:00+00:00,1,18,2,2026-01-04 00:00:00+00:00,0.03666666666666667,0.026572133414447308,0.3736853865525423
2026-01-04 18:00:00+00:00,2026-01-05 13:00:00+00:00,1,19,2,2026-01-04 01:00:00+00:00,0.06833333333333334,0.028033708222210407,0.3736853865525423
2026-01-04 18:00:00+00:00,2026-01-05 14:00:00+00:00,1,20,2,2026-01-04 02:00:00+00:00,0.08333333333333333,0.07188993940750758,0.3736853865525423
2026-01-04 18:00:00+00:00,2026-01-05 15:00:00+00:00,1,21,2,2026-01-04 03:00:00+00:00,0.13166666666666668,0.14251935730377832,0.3736853865525423
2026-01-04 18:00:00+00:00,2026-01-05 16:00:00+00:00,1,22,2,2026-01-04 04:00:00+00:00,0.18833333333333332,0.16417104999224344,0.3736853865525423
2026-01-04 18:00:00+00:00,2026-01-05 17:00:00+00:00,1,23,2,2026-01-04 05:00:00+00:00,0.37666666666666665,0.2843530575434367,0.3736853865525423
2026-01-04 18:00:00+00:00,2026-01-05 18:00:00+00:00,1,24,2,2026-01-04 06:00:00+00:00,0.4216666666666667,0.4285236597061157,0.3736853865525423
2026-01-04 18:00:00+00:00,2026-01-05 19:00:00+00:00,1,25,2,2026-01-04 07:00:00+00:00,0.375,0.39759106934070587,0.3736853865525423
2026-01-04 18:00:00+00:00,2026-01-05 20:00:00+00:00,1,26,2,2026-01-04 08:00:00+00:00,0.31833333333333336,0.5270774265130361,0.3736853865525423
2026-01-04 18:00:00+00:00,2026-01-05 21:00:00+00:00,1,27,2,2026-01-04 09:00:00+00:00,0.8166666666666668,0.7174552281697592,0.3736853865525423
2026-01-04 18:00:00+00:00,2026-01-05 22:00:00+00:00,1,28,2,2026-01-04 10:00:00+00:00,0.9866666666666667,0.8053673307100931,0.3736853865525423
2026-01-04 18:00:00+00:00,2026-01-05 23:00:00+00:00,1,29,2,2026-01-04 11:00:00+00:00,0.8433333333333333,0.876186470190684,0.3736853865525423
2026-01-04 18:00:00+00:00,2026-01-06 00:00:00+00:00,1,30,2,2026-01-04 12:00:00+00:00,0.9700000000000001,0.8977678815523783,0.3736853865525423
2026-01-04 18:00:00+00:00,2026-01-06 01:00:00+00:00,1,31,2,2026-01-04 13:00:00+00:00,0.8766666666666666,0.9273573160171509,0.3736853865525423
2026-01-04 18:00:00+00:00,2026-01-06 02:00:00+00:00,1,32,2,2026-01-04 14:00:00+00:00,0.9733333333333333,0.9389808773994446,0.3736853865525423
2026-01-04 18:00:00+00:00,2026-01-06 03:00:00+00:00,1,33,2,2026-01-04 15:00:00+00:00,0.9899999999999999,0.9623726407686869,0.3736853865525423
2026-01-04 18:00:00+00:00,2026-01-06 04:00:00+00:00,1,34,2,2026-01-04 16:00:00+00:00,0.9783333333333334,0.9663349191347758,0.3736853865525423
2026-01-04 18:00:00+00:00,2026-01-06 05:00:00+00:00,1,35,2,2026-01-04 17:00:00+00:00,0.9683333333333333,0.9785977800687155,0.3736853865525423
2026-01-04 18:00:00+00:00,2026-01-06 06:00:00+00:00,1,36,2,2026-01-04 18:00:00+00:00,0.9866666666666667,0.9863476951917013,0.3736853865525423
2026-01-04 18:00:00+00:00,2026-01-06 07:00:00+00:00,1,37,3,2026-01-03 19:00:00+00:00,0.9766666666666666,0.9920798738797506,0.3736853865525423
2026-01-04 18:00:00+00:00,2026-01-06 08:00:00+00:00,1,38,3,2026-01-03 20:00:00+00:00,0.9683333333333333,0.9942513902982076,0.3736853865525423
2026-01-04 18:00:00+00:00,2026-01-06 09:00:00+00:00,1,39,3,2026-01-03 21:00:00+00:00,0.9866666666666667,0.995012084643046,0.3736853865525423
2026-01-04 18:00:00+00:00,2026-01-06 10:00:00+00:00,1,40,3,2026-01-03 22:00:00+00:00,0.9899999999999999,0.9932644565900167,0.3736853865525423
2026-01-04 18:00:00+00:00,2026-01-06 11:00:00+00:00,1,41,3,2026-01-03 23:00:00+00:00,0.9883333333333333,0.9884162147839864,0.3736853865525423
2026-01-04 18:00:00+00:00,2026-01-06 12:00:00+00:00,1,42,3,2026-01-04 00:00:00+00:00,0.9883333333333333,0.9846410751342773,0.3736853865525423
2026-01-04 18:00:00+00:00,2026-01-06 13:00:00+00:00,1,43,3,2026-01-04 01:00:00+00:00,0.9899999999999999,0.970629612604777,0.3736853865525423
2026-01-04 18:00:00+00:00,2026-01-06 14:00:00+00:00,1,44,3,2026-01-04 02:00:00+00:00,0.855,0.9357902407646179,0.3736853865525423
2026-01-04 18:00:00+00:00,2026-01-06 15:00:00+00:00,1,45,3,2026-01-04 03:00:00+00:00,0.6966666666666667,0.8734208742777506,0.3736853865525423
2026-01-04 18:00:00+00:00,2026-01-06 16:00:00+00:00,1,46,3,2026-01-04 04:00:00+00:00,0.4633333333333333,0.7773228486378988,0.3736853865525423
2026-01-04 18:00:00+00:00,2026-01-06 17:00:00+00:00,1,47,3,2026-01-04 05:00:00+00:00,0.22999999999999998,0.6150234142939249,0.3736853865525423
2026-01-04 18:00:00+00:00,2026-01-06 18:00:00+00:00,1,48,3,2026-01-04 06:00:00+00:00,0.02,0.3271637260913849,0.3736853865525423
2026-01-04 18:00:00+00:00,2026-01-04 19:00:00+00:00,2,1,1,2026-01-04 07:00:00+00:00,0.27666666666666667,0.40484188000361127,0.36829703959695215
2026-01-04 18:00:00+00:00,2026-01-04 20:00:00+00:00,2,2,1,2026-01-04 08:00:00+00:00,0.33,0.3095136284828186,0.36829703959695215
2026-01-04 18:00:00+00:00,2026-01-04 21:00:00+00:00,2,3,1,2026-01-04 09:00:00+00:00,0.34500000000000003,0.19168836375077566,0.36829703959695215
2026-01-04 18:00:00+00:00,2026-01-04 22:00:00+00:00,2,4,1,2026-01-04 10:00:00+00:00,0.27666666666666667,0.09757584830125172,0.36829703959695215
2026-01-04 18:00:00+00:00,2026-01-04 23:00:00+00:00,2,5,1,2026-01-04 11:00:00+00:00,0.16,0.08416773999730746,0.36829703959695215
2026-01-04 18:00:00+00:00,2026-01-05 00:00:00+00:00,2,6,1,2026-01-04 12:00:00+00:00,0.12666666666666668,0.01918211703499158,0.36829703959695215
2026-01-04 18:00:00+00:00,2026-01-05 01:00:00+00:00,2,7,1,2026-01-04 13:00:00+00:00,0.04833333333333333,0.013112349280466637,0.36829703959695215
2026-01-04 18:00:00+00:00,2026-01-05 02:00:00+00:00,2,8,1,2026-01-04 14:00:00+00:00,0.01,0.012637782841920853,0.36829703959695215
2026-01-04 18:00:00+00:00,2026-01-05 03:00:00+00:00,2,9,1,2026-01-04 15:00:00+00:00,0.01,0.011703531335418424,0.36829703959695215
2026-01-04 18:00:00+00:00,2026-01-05 04:00:00+00:00,2,10,1,2026-01-04 16:00:00+00:00,0.01,0.009317153909554085,0.36829703959695215
2026-01-04 18:00:00+00:00,2026-01-05 05:00:00+00:00,2,11,1,2026-01-04 17:00:00+00:00,0.006666666666666667,0.008058502416436871,0.36829703959695215
2026-01-04 18:00:00+00:00,2026-01-05 06:00:00+00:00,2,12,1,2026-01-04 18:00:00+00:00,0.008333333333333333,0.010075762247045835,0.36829703959695215
2026-01-04 18:00:00+00:00,2026-01-05 07:00:00+00:00,2,13,2,2026-01-03 19:00:00+00:00,0.013333333333333334,0.02009459150334199,0.36829703959695215
2026-01-04 18:00:00+00:00,2026-01-05 08:00:00+00:00,2,14,2,2026-01-03 20:00:00+00:00,0.03333333333333333,0.022338892022768658,0.36829703959695215
2026-01-04 18:00:00+00:00,2026-01-05 09:00:00+00:00,2,15,2,2026-01-03 21:00:00+00:00,0.008333333333333333,0.025885801141460735,0.36829703959695215
2026-01-04 18:00:00+00:00,2026-01-05 10:00:00+00:00,2,16,2,2026-01-03 22:00:00+00:00,0.006666666666666667,0.02343324013054371,0.36829703959695215
2026-01-04 18:00:00+00:00,2026-01-05 11:00:00+00:00,2,17,2,2026-01-03 23:00:00+00:00,0.018333333333333333,0.020556367312868435,0.36829703959695215
2026-01-04 18:00:00+00:00,2026-01-05 12:00:00+00:00,2,18,2,2026-01-04 00:00:00+00:00,0.03333333333333333,0.02777316017697255,0.36829703959695215
2026-01-04 18:00:00+00:00,2026-01-05 13:00:00+00:00,2,19,2,2026-01-04 01:00:00+00:00,0.07333333333333333,0.028582619968801737,0.36829703959695215
2026-01-04 18:00:00+00:00,2026-01-05 14:00:00+00:00,2,20,2,2026-01-04 02:00:00+00:00,0.07166666666666667,0.07123082441588242,0.36829703959695215
2026-01-04 18:00:00+00:00,2026-01-05 15:00:00+00:00,2,21,2,2026-01-04 03:00:00+00:00,0.12166666666666666,0.13752606138586998,0.36829703959695215
2026-01-04 18:00:00+00:00,2026-01-05 16:00:00+00:00,2,22,2,2026-01-04 04:00:00+00:00,0.15166666666666664,0.16245590895414352,0.36829703959695215
2026-01-04 18:00:00+00:00,2026-01-05 17:00:00+00:00,2,23,2,2026-01-04 05:00:00+00:00,0.34833333333333333,0.26279259224732715,0.36829703959695215
2026-01-04 18:00:00+00:00,2026-01-05 18:00:00+00:00,2,24,2,2026-01-04 06:00:00+00:00,0.37166666666666665,0.40389279027779895,0.36829703959695215
2026-01-04 18:00:00+00:00,2026-01-05 19:00:00+00:00,2,25,2,2026-01-04 07:00:00+00:00,0.3466666666666667,0.3750959833463033,0.36829703959695215
2026-01-04 18:00:00+00:00,2026-01-05 20:00:00+00:00,2,26,2,2026-01-04 08:00:00+00:00,0.2966666666666667,0.5081468323866526,0.36829703959695215
2026-01-04 18:00:00+00:00,2026-01-05 21:00:00+00:00,2,27,2,2026-01-04 09:00:00+00:00,0.7400000000000001,0.7125466068585714,0.36829703959695215
2026-01-04 18:00:00+00:00,2026-01-05 22:00:00+00:00,2,28,2,2026-01-04 10:00:00+00:00,0.9566666666666667,0.8065097332000732,0.36829703959695215
2026-01-04 18:00:00+00:00,2026-01-05 23:00:00+00:00,2,29,2,2026-01-04 11:00:00+00:00,0.7999999999999999,0.881353477636973,0.36829703959695215
2026-01-04 18:00:00+00:00,2026-01-06 00:00:00+00:00,2,30,2,2026-01-04 12:00:00+00:00,0.9683333333333333,0.9023788770039877,0.36829703959695215
2026-01-04 18:00:00+00:00,2026-01-06 01:00:00+00:00,2,31,2,2026-01-04 13:00:00+00:00,0.8783333333333333,0.9308230678240458,0.36829703959695215
2026-01-04 18:00:00+00:00,2026-01-06 02:00:00+00:00,2,32,2,2026-01-04 14:00:00+00:00,0.9733333333333333,0.9421865940093994,0.36829703959695215
2026-01-04 18:00:00+00:00,2026-01-06 03:00:00+00:00,2,33,2,2026-01-04 15:00:00+00:00,0.9683333333333333,0.9645561377207438,0.36829703959695215
2026-01-04 18:00:00+00:00,2026-01-06 04:00:00+00:00,2,34,2,2026-01-04 16:00:00+00:00,0.965,0.9685056209564209,0.36829703959695215
2026-01-04 18:00:00+00:00,2026-01-06 05:00:00+00:00,2,35,2,2026-01-04 17:00:00+00:00,0.9133333333333334,0.9802878499031067,0.36829703959695215
2026-01-04 18:00:00+00:00,2026-01-06 06:00:00+00:00,2,36,2,2026-01-04 18:00:00+00:00,0.975,0.9870323538780212,0.36829703959695215
2026-01-04 18:00:00+00:00,2026-01-06 07:00:00+00:00,2,37,3,2026-01-03 19:00:00+00:00,0.9733333333333333,0.9919790824254354,0.36829703959695215
2026-01-04 18:00:00+00:00,2026-01-06 08:00:00+00:00,2,38,3,2026-01-03 20:00:00+00:00,0.9666666666666667,0.9941671093304952,0.36829703959695215
2026-01-04 18:00:00+00:00,2026-01-06 09:00:00+00:00,2,39,3,2026-01-03 21:00:00+00:00,0.9700000000000001,0.9948943654696146,0.36829703959695215
2026-01-04 18:00:00+00:00,2026-01-06 10:00:00+00:00,2,40,3,2026-01-03 22:00:00+00:00,0.965,0.9931117097536722,0.36829703959695215
2026-01-04 18:00:00+00:00,2026-01-06 11:00:00+00:00,2,41,3,2026-01-03 23:00:00+00:00,0.9700000000000001,0.9879302581151327,0.36829703959695215
2026-01-04 18:00:00+00:00,2026-01-06 12:00:00+00:00,2,42,3,2026-01-04 00:00:00+00:00,0.9700000000000001,0.9828301668167114,0.36829703959695215
2026-01-04 18:00:00+00:00,2026-01-06 13:00:00+00:00,2,43,3,2026-01-04 01:00:00+00:00,0.9700000000000001,0.9666230877240499,0.36829703959695215
2026-01-04 18:00:00+00:00,2026-01-06 14:00:00+00:00,2,44,3,2026-01-04 02:00:00+00:00,0.8916666666666666,0.9257325728734335,0.36829703959695215
2026-01-04 18:00:00+00:00,2026-01-06 15:00:00+00:00,2,45,3,2026-01-04 03:00:00+00:00,0.635,0.8506040175755819,0.36829703959695215
2026-01-04 18:00:00+00:00,2026-01-06 16:00:00+00:00,2,46,3,2026-01-04 04:00:00+00:00,0.48500000000000004,0.7377640604972839,0.36829703959695215
2026-01-04 18:00:00+00:00,2026-01-06 17:00:00+00:00,2,47,3,2026-01-04 05:00:00+00:00,0.165,0.5764563977718353,0.36829703959695215
2026-01-04 18:00:00+00:00,2026-01-06 18:00:00+00:00,2,48,3,2026-01-04 06:00:00+00:00,0.021666666666666667,0.30908988416194916,0.36829703959695215
2026-01-05 18:00:00+00:00,2026-01-05 19:00:00+00:00,1,1,1,2026-01-05 07:00:00+00:00,0.375,0.3369529793659846,0.3736853865525423
2026-01-05 18:00:00+00:00,2026-01-05 20:00:00+00:00,1,2,1,2026-01-05 08:00:00+00:00,0.31833333333333336,0.4424809316794078,0.3736853865525423
2026-01-05 18:00:00+00:00,2026-01-05 21:00:00+00:00,1,3,1,2026-01-05 09:00:00+00:00,0.8166666666666668,0.5756519734859467,0.3736853865525423
2026-01-05 18:00:00+00:00,2026-01-05 22:00:00+00:00,1,4,1,2026-01-05 10:00:00+00:00,0.9866666666666667,0.727705160776774,0.3736853865525423
2026-01-05 18:00:00+00:00,2026-01-05 23:00:00+00:00,1,5,1,2026-01-05 11:00:00+00:00,0.8433333333333333,0.8245235085487366,0.3736853865525423
2026-01-05 18:00:00+00:00,2026-01-06 00:00:00+00:00,1,6,1,2026-01-05 12:00:00+00:00,0.9700000000000001,0.9338463544845581,0.3736853865525423
2026-01-05 18:00:00+00:00,2026-01-06 01:00:00+00:00,1,7,1,2026-01-05 13:00:00+00:00,0.8766666666666666,0.9596025347709656,0.3736853865525423
2026-01-05 18:00:00+00:00,2026-01-06 02:00:00+00:00,1,8,1,2026-01-05 14:00:00+00:00,0.9733333333333333,0.9690513412157694,0.3736853865525423
2026-01-05 18:00:00+00:00,2026-01-06 03:00:00+00:00,1,9,1,2026-01-05 15:00:00+00:00,0.9899999999999999,0.976818839708964,0.3736853865525423
2026-01-05 18:00:00+00:00,2026-01-06 04:00:00+00:00,1,10,1,2026-01-05 16:00:00+00:00,0.9783333333333334,0.9806408683458964,0.3736853865525423
2026-01-05 18:00:00+00:00,2026-01-06 05:00:00+00:00,1,11,1,2026-01-05 17:00:00+00:00,0.9683333333333333,0.9876546263694763,0.3736853865525423
2026-01-05 18:00:00+00:00,2026-01-06 06:00:00+00:00,1,12,1,2026-01-05 18:00:00+00:00,0.9866666666666667,0.992538571357727,0.3736853865525423
2026-01-05 18:00:00+00:00,2026-01-06 07:00:00+00:00,1,13,2,2026-01-04 19:00:00+00:00,0.9766666666666666,0.9896848400433859,0.3736853865525423
2026-01-05 18:00:00+00:00,2026-01-06 08:00:00+00:00,1,14,2,2026-01-04 20:00:00+00:00,0.9683333333333333,0.9916153947512308,0.3736853865525423
2026-01-05 18:00:00+00:00,2026-01-06 09:00:00+00:00,1,15,2,2026-01-04 21:00:00+00:00,0.9866666666666667,0.9906720519065857,0.3736853865525423
2026-01-05 18:00:00+00:00,2026-01-06 10:00:00+00:00,1,16,2,2026-01-04 22:00:00+00:00,0.9899999999999999,0.985539972782135,0.3736853865525423
2026-01-05 18:00:00+00:00,2026-01-06 11:00:00+00:00,1,17,2,2026-01-04 23:00:00+00:00,0.9883333333333333,0.979631225268046,0.3736853865525423
2026-01-05 18:00:00+00:00,2026-01-06 12:00:00+00:00,1,18,2,2026-01-05 00:00:00+00:00,0.9883333333333333,0.9830759565035502,0.3736853865525423
2026-01-05 18:00:00+00:00,2026-01-06 13:00:00+00:00,1,19,2,2026-01-05 01:00:00+00:00,0.9899999999999999,0.9693050185839335,0.3736853865525423
2026-01-05 18:00:00+00:00,2026-01-06 14:00:00+00:00,1,20,2,2026-01-05 02:00:00+00:00,0.855,0.9332834283510844,0.3736853865525423
2026-01-05 18:00:00+00:00,2026-01-06 15:00:00+00:00,1,21,2,2026-01-05 03:00:00+00:00,0.6966666666666667,0.7816340128580729,0.3736853865525423
2026-01-05 18:00:00+00:00,2026-01-06 16:00:00+00:00,1,22,2,2026-01-05 04:00:00+00:00,0.4633333333333333,0.4992169737815857,0.3736853865525423
2026-01-05 18:00:00+00:00,2026-01-06 17:00:00+00:00,1,23,2,2026-01-05 05:00:00+00:00,0.22999999999999998,0.2664682964483897,0.3736853865525423
2026-01-05 18:00:00+00:00,2026-01-06 18:00:00+00:00,1,24,2,2026-01-05 06:00:00+00:00,0.02,0.18314450979232788,0.3736853865525423
2026-01-05 18:00:00+00:00,2026-01-06 19:00:00+00:00,1,25,2,2026-01-05 07:00:00+00:00,0.01,0.13607884695132574,0.3736853865525423
2026-01-05 18:00:00+00:00,2026-01-06 20:00:00+00:00,1,26,2,2026-01-05 08:00:00+00:00,0.028333333333333335,0.1033462608853976,0.3736853865525423
2026-01-05 18:00:00+00:00,2026-01-06 21:00:00+00:00,1,27,2,2026-01-05 09:00:00+00:00,0.028333333333333332,0.10010149826606114,0.3736853865525423
2026-01-05 18:00:00+00:00,2026-01-06 22:00:00+00:00,1,28,2,2026-01-05 10:00:00+00:00,0.01,0.05349197362860044,0.3736853865525423
2026-01-05 18:00:00+00:00,2026-01-06 23:00:00+00:00,1,29,2,2026-01-05 11:00:00+00:00,0.01,0.02986755594611168,0.3736853865525423
2026-01-05 18:00:00+00:00,2026-01-07 00:00:00+00:00,1,30,2,2026-01-05 12:00:00+00:00,0.01,0.02020882877210776,0.3736853865525423
2026-01-05 18:00:00+00:00,2026-01-07 01:00:00+00:00,1,31,2,2026-01-05 13:00:00+00:00,0.01,0.015505464592327675,0.3736853865525423
2026-01-05 18:00:00+00:00,2026-01-07 02:00:00+00:00,1,32,2,2026-01-05 14:00:00+00:00,0.01,0.009803924864778915,0.3736853865525423
2026-01-05 18:00:00+00:00,2026-01-07 03:00:00+00:00,1,33,2,2026-01-05 15:00:00+00:00,0.01,0.012583609825621048,0.3736853865525423
2026-01-05 18:00:00+00:00,2026-01-07 04:00:00+00:00,1,34,2,2026-01-05 16:00:00+00:00,0.01,0.015403295246263346,0.3736853865525423
2026-01-05 18:00:00+00:00,2026-01-07 05:00:00+00:00,1,35,2,2026-01-05 17:00:00+00:00,0.01,0.015230219500760237,0.3736853865525423
2026-01-05 18:00:00+00:00,2026-01-07 06:00:00+00:00,1,36,2,2026-01-05 18:00:00+00:00,0.01,0.019974677202602226,0.3736853865525423
2026-01-05 18:00:00+00:00,2026-01-07 07:00:00+00:00,1,37,3,2026-01-04 19:00:00+00:00,0.01,0.033048163478573166,0.3736853865525423
2026-01-05 18:00:00+00:00,2026-01-07 08:00:00+00:00,1,38,3,2026-01-04 20:00:00+00:00,0.01,0.038760251055161156,0.3736853865525423
2026-01-05 18:00:00+00:00,2026-01-07 09:00:00+00:00,1,39,3,2026-01-04 21:00:00+00:00,0.01,0.063175018876791,0.3736853865525423
2026-01-05 18:00:00+00:00,2026-01-07 10:00:00+00:00,1,40,3,2026-01-04 22:00:00+00:00,0.01,0.06322106843193372,0.3736853865525423
2026-01-05 18:00:00+00:00,2026-01-07 11:00:00+00:00,1,41,3,2026-01-04 23:00:00+00:00,0.011666666666666667,0.14615156998236975,0.3736853865525423
2026-01-05 18:00:00+00:00,2026-01-07 12:00:00+00:00,1,42,3,2026-01-05 00:00:00+00:00,0.028333333333333332,0.13573646048704782,0.3736853865525423
2026-01-05 18:00:00+00:00,2026-01-07 13:00:00+00:00,1,43,3,2026-01-05 01:00:00+00:00,0.02,0.17298251142104468,0.3736853865525423
2026-01-05 18:00:00+00:00,2026-01-07 14:00:00+00:00,1,44,3,2026-01-05 02:00:00+00:00,0.011666666666666667,0.16345891853173575,0.3736853865525423
2026-01-05 18:00:00+00:00,2026-01-07 15:00:00+00:00,1,45,3,2026-01-05 03:00:00+00:00,0.01,0.13019271939992905,0.3736853865525423
2026-01-05 18:00:00+00:00,2026-01-07 16:00:00+00:00,1,46,3,2026-01-05 04:00:00+00:00,0.01,0.14837544659773508,0.3736853865525423
2026-01-05 18:00:00+00:00,2026-01-07 17:00:00+00:00,1,47,3,2026-01-05 05:00:00+00:00,0.01,0.1554749608039856,0.3736853865525423
2026-01-05 18:00:00+00:00,2026-01-07 18:00:00+00:00,1,48,3,2026-01-05 06:00:00+00:00,0.01,0.10423155377308528,0.3736853865525423
2026-01-05 18:00:00+00:00,2026-01-05 19:00:00+00:00,2,1,1,2026-01-05 07:00:00+00:00,0.3466666666666667,0.29546891152858734,0.36829703959695215
2026-01-05 18:00:00+00:00,2026-01-05 20:00:00+00:00,2,2,1,2026-01-05 08:00:00+00:00,0.2966666666666667,0.40723031759262085,0.36829703959695215
2026-01-05 18:00:00+00:00,2026-01-05 21:00:00+00:00,2,3,1,2026-01-05 09:00:00+00:00,0.7400000000000001,0.5567549467086792,0.36829703959695215
2026-01-05 18:00:00+00:00,2026-01-05 22:00:00+00:00,2,4,1,2026-01-05 10:00:00+00:00,0.9566666666666667,0.7147101759910583,0.36829703959695215
2026-01-05 18:00:00+00:00,2026-01-05 23:00:00+00:00,2,5,1,2026-01-05 11:00:00+00:00,0.7999999999999999,0.8288787404696146,0.36829703959695215
2026-01-05 18:00:00+00:00,2026-01-06 00:00:00+00:00,2,6,1,2026-01-05 12:00:00+00:00,0.9683333333333333,0.9390062491099039,0.36829703959695215
2026-01-05 18:00:00+00:00,2026-01-06 01:00:00+00:00,2,7,1,2026-01-05 13:00:00+00:00,0.8783333333333333,0.9631955822308859,0.36829703959695215
2026-01-05 18:00:00+00:00,2026-01-06 02:00:00+00:00,2,8,1,2026-01-05 14:00:00+00:00,0.9733333333333333,0.9723127285639445,0.36829703959695215
2026-01-05 18:00:00+00:00,2026-01-06 03:00:00+00:00,2,9,1,2026-01-05 15:00:00+00:00,0.9683333333333333,0.9791898528734843,0.36829703959695215
2026-01-05 18:00:00+00:00,2026-01-06 04:00:00+00:00,2,10,1,2026-01-05 16:00:00+00:00,0.965,0.9827047983805338,0.36829703959695215
2026-01-05 18:00:00+00:00,2026-01-06 05:00:00+00:00,2,11,1,2026-01-05 17:00:00+00:00,0.9133333333333334,0.9888534943262736,0.36829703959695215
2026-01-05 18:00:00+00:00,2026-01-06 06:00:00+00:00,2,12,1,2026-01-05 18:00:00+00:00,0.975,0.9929896593093872,0.36829703959695215
2026-01-05 18:00:00+00:00,2026-01-06 07:00:00+00:00,2,13,2,2026-01-04 19:00:00+00:00,0.9733333333333333,0.9899776180585226,0.36829703959695215
2026-01-05 18:00:00+00:00,2026-01-06 08:00:00+00:00,2,14,2,2026-01-04 20:00:00+00:00,0.9666666666666667,0.9916112025578817,0.36829703959695215
2026-01-05 18:00:00+00:00,2026-01-06 09:00:00+00:00,2,15,2,2026-01-04 21:00:00+00:00,0.9700000000000001,0.9906064669291178,0.36829703959695215
2026-01-05 18:00:00+00:00,2026-01-06 10:00:00+00:00,2,16,2,2026-01-04 22:00:00+00:00,0.965,0.9853500326474508,0.36829703959695215
2026-01-05 18:00:00+00:00,2026-01-06 11:00:00+00:00,2,17,2,2026-01-04 23:00:00+00:00,0.9700000000000001,0.9788288076718649,0.36829703959695215
2026-01-05 18:00:00+00:00,2026-01-06 12:00:00+00:00,2,18,2,2026-01-05 00:00:00+00:00,0.9700000000000001,0.9821164608001709,0.36829703959695215
2026-01-05 18:00:00+00:00,2026-01-06 13:00:00+00:00,2,19,2,2026-01-05 01:00:00+00:00,0.9700000000000001,0.9674483140309652,0.36829703959695215
2026-01-05 18:00:00+00:00,2026-01-06 14:00:00+00:00,2,20,2,2026-01-05 02:00:00+00:00,0.8916666666666666,0.927818775177002,0.36829703959695215
2026-01-05 18:00:00+00:00,2026-01-06 15:00:00+00:00,2,21,2,2026-01-05 03:00:00+00:00,0.635,0.7725197076797485,0.36829703959695215
2026-01-05 18:00:00+00:00,2026-01-06 16:00:00+00:00,2,22,2,2026-01-05 04:00:00+00:00,0.48500000000000004,0.46922382712364197,0.36829703959695215
2026-01-05 18:00:00+00:00,2026-01-06 17:00:00+00:00,2,23,2,2026-01-05 05:00:00+00:00,0.165,0.2387605905532837,0.36829703959695215
2026-01-05 18:00:00+00:00,2026-01-06 18:00:00+00:00,2,24,2,2026-01-05 06:00:00+00:00,0.021666666666666667,0.15846200038989386,0.36829703959695215
2026-01-05 18:00:00+00:00,2026-01-06 19:00:00+00:00,2,25,2,2026-01-05 07:00:00+00:00,0.008333333333333333,0.1144946316878001,0.36829703959695215
2026-01-05 18:00:00+00:00,2026-01-06 20:00:00+00:00,2,26,2,2026-01-05 08:00:00+00:00,0.02,0.08570340772469838,0.36829703959695215
2026-01-05 18:00:00+00:00,2026-01-06 21:00:00+00:00,2,27,2,2026-01-05 09:00:00+00:00,0.028333333333333332,0.08786298334598541,0.36829703959695215
2026-01-05 18:00:00+00:00,2026-01-06 22:00:00+00:00,2,28,2,2026-01-05 10:00:00+00:00,0.008333333333333333,0.047992111494143806,0.36829703959695215
2026-01-05 18:00:00+00:00,2026-01-06 23:00:00+00:00,2,29,2,2026-01-05 11:00:00+00:00,0.01,0.027374886597196262,0.36829703959695215
2026-01-05 18:00:00+00:00,2026-01-07 00:00:00+00:00,2,30,2,2026-01-05 12:00:00+00:00,0.01,0.020515296918650467,0.36829703959695215
2026-01-05 18:00:00+00:00,2026-01-07 01:00:00+00:00,2,31,2,2026-01-05 13:00:00+00:00,0.01,0.016514993427942198,0.36829703959695215
2026-01-05 18:00:00+00:00,2026-01-07 02:00:00+00:00,2,32,2,2026-01-05 14:00:00+00:00,0.01,0.009689047932624817,0.36829703959695215
2026-01-05 18:00:00+00:00,2026-01-07 03:00:00+00:00,2,33,2,2026-01-05 15:00:00+00:00,0.01,0.011715079812953869,0.36829703959695215
2026-01-05 18:00:00+00:00,2026-01-07 04:00:00+00:00,2,34,2,2026-01-05 16:00:00+00:00,0.01,0.01779695243264238,0.36829703959695215
2026-01-05 18:00:00+00:00,2026-01-07 05:00:00+00:00,2,35,2,2026-01-05 17:00:00+00:00,0.01,0.014391086374719938,0.36829703959695215
2026-01-05 18:00:00+00:00,2026-01-07 06:00:00+00:00,2,36,2,2026-01-05 18:00:00+00:00,0.01,0.01847311637053887,0.36829703959695215
2026-01-05 18:00:00+00:00,2026-01-07 07:00:00+00:00,2,37,3,2026-01-04 19:00:00+00:00,0.01,0.032997699454426765,0.36829703959695215
2026-01-05 18:00:00+00:00,2026-01-07 08:00:00+00:00,2,38,3,2026-01-04 20:00:00+00:00,0.01,0.03814904329677423,0.36829703959695215
2026-01-05 18:00:00+00:00,2026-01-07 09:00:00+00:00,2,39,3,2026-01-04 21:00:00+00:00,0.01,0.06264261156320572,0.36829703959695215
2026-01-05 18:00:00+00:00,2026-01-07 10:00:00+00:00,2,40,3,2026-01-04 22:00:00+00:00,0.01,0.06291736414035161,0.36829703959695215
2026-01-05 18:00:00+00:00,2026-01-07 11:00:00+00:00,2,41,3,2026-01-04 23:00:00+00:00,0.008333333333333333,0.14263316988945007,0.36829703959695215
2026-01-05 18:00:00+00:00,2026-01-07 12:00:00+00:00,2,42,3,2026-01-05 00:00:00+00:00,0.021666666666666667,0.14130899061759314,0.36829703959695215
2026-01-05 18:00:00+00:00,2026-01-07 13:00:00+00:00,2,43,3,2026-01-05 01:00:00+00:00,0.02,0.17017854501803717,0.36829703959695215
2026-01-05 18:00:00+00:00,2026-01-07 14:00:00+00:00,2,44,3,2026-01-05 02:00:00+00:00,0.008333333333333333,0.14904634406169256,0.36829703959695215
2026-01-05 18:00:00+00:00,2026-01-07 15:00:00+00:00,2,45,3,2026-01-05 03:00:00+00:00,0.01,0.11860341082016627,0.36829703959695215
2026-01-05 18:00:00+00:00,2026-01-07 16:00:00+00:00,2,46,3,2026-01-05 04:00:00+00:00,0.01,0.13656318684418997,0.36829703959695215
2026-01-05 18:00:00+00:00,2026-01-07 17:00:00+00:00,2,47,3,2026-01-05 05:00:00+00:00,0.01,0.13834323237339655,0.36829703959695215
2026-01-05 18:00:00+00:00,2026-01-07 18:00:00+00:00,2,48,3,2026-01-05 06:00:00+00:00,0.01,0.09193004295229912,0.36829703959695215
2026-01-06 18:00:00+00:00,2026-01-06 19:00:00+00:00,1,1,1,2026-01-06 07:00:00+00:00,0.01,0.07377087200681369,0.3736853865525423
2026-01-06 18:00:00+00:00,2026-01-06 20:00:00+00:00,1,2,1,2026-01-06 08:00:00+00:00,0.028333333333333335,0.036905309185385704,0.3736853865525423
2026-01-06 18:00:00+00:00,2026-01-06 21:00:00+00:00,1,3,1,2026-01-06 09:00:00+00:00,0.028333333333333332,0.022483595957358677,0.3736853865525423
2026-01-06 18:00:00+00:00,2026-01-06 22:00:00+00:00,1,4,1,2026-01-06 10:00:00+00:00,0.01,0.01568549529959758,0.3736853865525423
2026-01-06 18:00:00+00:00,2026-01-06 23:00:00+00:00,1,5,1,2026-01-06 11:00:00+00:00,0.01,0.010906631437440714,0.3736853865525423
2026-01-06 18:00:00+00:00,2026-01-07 00:00:00+00:00,1,6,1,2026-01-06 12:00:00+00:00,0.01,0.010140978420774141,0.3736853865525423
2026-01-06 18:00:00+00:00,2026-01-07 01:00:00+00:00,1,7,1,2026-01-06 13:00:00+00:00,0.01,0.013039109607537588,0.3736853865525423
2026-01-06 18:00:00+00:00,2026-01-07 02:00:00+00:00,1,8,1,2026-01-06 14:00:00+00:00,0.01,0.010199293028563261,0.3736853865525423
2026-01-06 18:00:00+00:00,2026-01-07 03:00:00+00:00,1,9,1,2026-01-06 15:00:00+00:00,0.01,0.009821987400452295,0.3736853865525423
2026-01-06 18:00:00+00:00,2026-01-07 04:00:00+00:00,1,10,1,2026-01-06 16:00:00+00:00,0.01,0.009225168575843176,0.3736853865525423
2026-01-06 18:00:00+00:00,2026-01-07 05:00:00+00:00,1,11,1,2026-01-06 17:00:00+00:00,0.01,0.011229190820207199,0.3736853865525423
2026-01-06 18:00:00+00:00,2026-01-07 06:00:00+00:00,1,12,1,2026-01-06 18:00:00+00:00,0.01,0.017075761531790096,0.3736853865525423
2026-01-06 18:00:00+00:00,2026-01-07 07:00:00+00:00,1,13,2,2026-01-05 19:00:00+00:00,0.01,0.02602805259327094,0.3736853865525423
2026-01-06 18:00:00+00:00,2026-01-07 08:00:00+00:00,1,14,2,2026-01-05 20:00:00+00:00,0.01,0.03287268150597811,0.3736853865525423
2026-01-06 18:00:00+00:00,2026-01-07 09:00:00+00:00,1,15,2,2026-01-05 21:00:00+00:00,0.01,0.036326441913843155,0.3736853865525423
2026-01-06 18:00:00+00:00,2026-01-07 10:00:00+00:00,1,16,2,2026-01-05 22:00:00+00:00,0.01,0.04321644393106302,0.3736853865525423
2026-01-06 18:00:00+00:00,2026-01-07 11:00:00+00:00,1,17,2,2026-01-05 23:00:00+00:00,0.011666666666666667,0.07323708136876424,0.3736853865525423
2026-01-06 18:00:00+00:00,2026-01-07 12:00:00+00:00,1,18,2,2026-01-06 00:00:00+00:00,0.028333333333333332,0.10278886308272679,0.3736853865525423
2026-01-06 18:00:00+00:00,2026-01-07 13:00:00+00:00,1,19,2,2026-01-06 01:00:00+00:00,0.02,0.10451051592826843,0.3736853865525423
2026-01-06 18:00:00+00:00,2026-01-07 14:00:00+00:00,1,20,2,2026-01-06 02:00:00+00:00,0.011666666666666667,0.12067097922166188,0.3736853865525423
2026-01-06 18:00:00+00:00,2026-01-07 15:00:00+00:00,1,21,2,2026-01-06 03:00:00+00:00,0.01,0.126720296839873,0.3736853865525423
2026-01-06 18:00:00+00:00,2026-01-07 16:00:00+00:00,1,22,2,2026-01-06 04:00:00+00:00,0.01,0.13147248327732086,0.3736853865525423
2026-01-06 18:00:00+00:00,2026-01-07 17:00:00+00:00,1,23,2,2026-01-06 05:00:00+00:00,0.01,0.14220301310221353,0.3736853865525423
2026-01-06 18:00:00+00:00,2026-01-07 18:00:00+00:00,1,24,2,2026-01-06 06:00:00+00:00,0.01,0.11336531986792882,0.3736853865525423
2026-01-06 18:00:00+00:00,2026-01-07 19:00:00+00:00,1,25,2,2026-01-06 07:00:00+00:00,0.01,0.09014376997947693,0.3736853865525423
2026-01-06 18:00:00+00:00,2026-01-07 20:00:00+00:00,1,26,2,2026-01-06 08:00:00+00:00,0.01,0.07402123510837555,0.3736853865525423
2026-01-06 18:00:00+00:00,2026-01-07 21:00:00+00:00,1,27,2,2026-01-06 09:00:00+00:00,0.01,0.06324736028909683,0.3736853865525423
2026-01-06 18:00:00+00:00,2026-01-07 22:00:00+00:00,1,28,2,2026-01-06 10:00:00+00:00,0.01,0.06004480520884196,0.3736853865525423
2026-01-06 18:00:00+00:00,2026-01-07 23:00:00+00:00,1,29,2,2026-01-06 11:00:00+00:00,0.01,0.06092845896879832,0.3736853865525423
2026-01-06 18:00:00+00:00,2026-01-08 00:00:00+00:00,1,30,2,2026-01-06 12:00:00+00:00,0.01,0.015294385763506094,0.3736853865525423
2026-01-06 18:00:00+00:00,2026-01-08 01:00:00+00:00,1,31,2,2026-01-06 13:00:00+00:00,0.01,0.011171583086252213,0.3736853865525423
2026-01-06 18:00:00+00:00,2026-01-08 02:00:00+00:00,1,32,2,2026-01-06 14:00:00+00:00,0.01,0.018061766556153696,0.3736853865525423
2026-01-06 18:00:00+00:00,2026-01-08 03:00:00+00:00,1,33,2,2026-01-06 15:00:00+00:00,0.01,0.010219668659071127,0.3736853865525423
2026-01-06 18:00:00+00:00,2026-01-08 04:00:00+00:00,1,34,2,2026-01-06 16:00:00+00:00,0.01,0.027893518408139546,0.3736853865525423
2026-01-06 18:00:00+00:00,2026-01-08 05:00:00+00:00,1,35,2,2026-01-06 17:00:00+00:00,0.01,0.0627519687016805,0.3736853865525423
2026-01-06 18:00:00+00:00,2026-01-08 06:00:00+00:00,1,36,2,2026-01-06 18:00:00+00:00,0.01,0.038737172881762184,0.3736853865525423
2026-01-06 18:00:00+00:00,2026-01-08 07:00:00+00:00,1,37,3,2026-01-05 19:00:00+00:00,0.01,0.6058541138966879,0.3736853865525423
2026-01-06 18:00:00+00:00,2026-01-08 08:00:00+00:00,1,38,3,2026-01-05 20:00:00+00:00,0.008333333333333333,0.573091079791387,0.3736853865525423
2026-01-06 18:00:00+00:00,2026-01-08 09:00:00+00:00,1,39,3,2026-01-05 21:00:00+00:00,0.01,0.5523479084173838,0.3736853865525423
2026-01-06 18:00:00+00:00,2026-01-08 10:00:00+00:00,1,40,3,2026-01-05 22:00:00+00:00,0.18333333333333335,0.49929330746332806,0.3736853865525423
2026-01-06 18:00:00+00:00,2026-01-08 11:00:00+00:00,1,41,3,2026-01-05 23:00:00+00:00,0.13833333333333334,0.48817779620488483,0.3736853865525423
2026-01-06 18:00:00+00:00,2026-01-08 12:00:00+00:00,1,42,3,2026-01-06 00:00:00+00:00,0.135,0.392997811237971,0.3736853865525423
2026-01-06 18:00:00+00:00,2026-01-08 13:00:00+00:00,1,43,3,2026-01-06 01:00:00+00:00,0.12,0.42012931903203327,0.3736853865525423
2026-01-06 18:00:00+00:00,2026-01-08 14:00:00+00:00,1,44,3,2026-01-06 02:00:00+00:00,0.01,0.47487278779347736,0.3736853865525423
2026-01-06 18:00:00+00:00,2026-01-08 15:00:00+00:00,1,45,3,2026-01-06 03:00:00+00:00,0.013333333333333334,0.49023329218228656,0.3736853865525423
2026-01-06 18:00:00+00:00,2026-01-08 16:00:00+00:00,1,46,3,2026-01-06 04:00:00+00:00,0.013333333333333334,0.48903346061706543,0.3736853865525423
2026-01-06 18:00:00+00:00,2026-01-08 17:00:00+00:00,1,47,3,2026-01-06 05:00:00+00:00,0.01,0.5055240988731384,0.3736853865525423
2026-01-06 18:00:00+00:00,2026-01-08 18:00:00+00:00,1,48,3,2026-01-06 06:00:00+00:00,0.01,0.4468412597974141,0.3736853865525423
2026-01-06 18:00:00+00:00,2026-01-06 19:00:00+00:00,2,1,1,2026-01-06 07:00:00+00:00,0.008333333333333333,0.07047851011157036,0.36829703959695215
2026-01-06 18:00:00+00:00,2026-01-06 20:00:00+00:00,2,2,1,2026-01-06 08:00:00+00:00,0.02,0.03543333522975445,0.36829703959695215
2026-01-06 18:00:00+00:00,2026-01-06 21:00:00+00:00,2,3,1,2026-01-06 09:00:00+00:00,0.028333333333333332,0.02090575856467088,0.36829703959695215
2026-01-06 18:00:00+00:00,2026-01-06 22:00:00+00:00,2,4,1,2026-01-06 10:00:00+00:00,0.008333333333333333,0.014399170565108458,0.36829703959695215
2026-01-06 18:00:00+00:00,2026-01-06 23:00:00+00:00,2,5,1,2026-01-06 11:00:00+00:00,0.01,0.010807708216210207,0.36829703959695215
2026-01-06 18:00:00+00:00,2026-01-07 00:00:00+00:00,2,6,1,2026-01-06 12:00:00+00:00,0.01,0.009811787866055965,0.36829703959695215
2026-01-06 18:00:00+00:00,2026-01-07 01:00:00+00:00,2,7,1,2026-01-06 13:00:00+00:00,0.01,0.013109290972352028,0.36829703959695215
2026-01-06 18:00:00+00:00,2026-01-07 02:00:00+00:00,2,8,1,2026-01-06 14:00:00+00:00,0.01,0.010758843893806139,0.36829703959695215
2026-01-06 18:00:00+00:00,2026-01-07 03:00:00+00:00,2,9,1,2026-01-06 15:00:00+00:00,0.01,0.010778145554165045,0.36829703959695215
2026-01-06 18:00:00+00:00,2026-01-07 04:00:00+00:00,2,10,1,2026-01-06 16:00:00+00:00,0.01,0.010205003277709087,0.36829703959695215
2026-01-06 18:00:00+00:00,2026-01-07 05:00:00+00:00,2,11,1,2026-01-06 17:00:00+00:00,0.01,0.012073731981217861,0.36829703959695215
2026-01-06 18:00:00+00:00,2026-01-07 06:00:00+00:00,2,12,1,2026-01-06 18:00:00+00:00,0.01,0.01691473989437024,0.36829703959695215
2026-01-06 18:00:00+00:00,2026-01-07 07:00:00+00:00,2,13,2,2026-01-05 19:00:00+00:00,0.01,0.027720113284885883,0.36829703959695215
2026-01-06 18:00:00+00:00,2026-01-07 08:00:00+00:00,2,14,2,2026-01-05 20:00:00+00:00,0.01,0.03410277267297109,0.36829703959695215
2026-01-06 18:00:00+00:00,2026-01-07 09:00:00+00:00,2,15,2,2026-01-05 21:00:00+00:00,0.01,0.038330573588609695,0.36829703959695215
2026-01-06 18:00:00+00:00,2026-01-07 10:00:00+00:00,2,16,2,2026-01-05 22:00:00+00:00,0.01,0.04606896576782068,0.36829703959695215
2026-01-06 18:00:00+00:00,2026-01-07 11:00:00+00:00,2,17,2,2026-01-05 23:00:00+00:00,0.008333333333333333,0.07756740599870682,0.36829703959695215
2026-01-06 18:00:00+00:00,2026-01-07 12:00:00+00:00,2,18,2,2026-01-06 00:00:00+00:00,0.021666666666666667,0.10354785124460857,0.36829703959695215
2026-01-06 18:00:00+00:00,2026-01-07 13:00:00+00:00,2,19,2,2026-01-06 01:00:00+00:00,0.02,0.10008331636587779,0.36829703959695215
2026-01-06 18:00:00+00:00,2026-01-07 14:00:00+00:00,2,20,2,2026-01-06 02:00:00+00:00,0.008333333333333333,0.11039363592863083,0.36829703959695215
2026-01-06 18:00:00+00:00,2026-01-07 15:00:00+00:00,2,21,2,2026-01-06 03:00:00+00:00,0.01,0.11443231254816055,0.36829703959695215
2026-01-06 18:00:00+00:00,2026-01-07 16:00:00+00:00,2,22,2,2026-01-06 04:00:00+00:00,0.01,0.12127184122800827,0.36829703959695215
2026-01-06 18:00:00+00:00,2026-01-07 17:00:00+00:00,2,23,2,2026-01-06 05:00:00+00:00,0.01,0.12751900653044382,0.36829703959695215
2026-01-06 18:00:00+00:00,2026-01-07 18:00:00+00:00,2,24,2,2026-01-06 06:00:00+00:00,0.01,0.09851608673731486,0.36829703959695215
2026-01-06 18:00:00+00:00,2026-01-07 19:00:00+00:00,2,25,2,2026-01-06 07:00:00+00:00,0.01,0.07503104706605275,0.36829703959695215
2026-01-06 18:00:00+00:00,2026-01-07 20:00:00+00:00,2,26,2,2026-01-06 08:00:00+00:00,0.01,0.0610509030520916,0.36829703959695215
2026-01-06 18:00:00+00:00,2026-01-07 21:00:00+00:00,2,27,2,2026-01-06 09:00:00+00:00,0.01,0.054249268025159836,0.36829703959695215
2026-01-06 18:00:00+00:00,2026-01-07 22:00:00+00:00,2,28,2,2026-01-06 10:00:00+00:00,0.01,0.05107825746138891,0.36829703959695215
2026-01-06 18:00:00+00:00,2026-01-07 23:00:00+00:00,2,29,2,2026-01-06 11:00:00+00:00,0.01,0.052354217817385994,0.36829703959695215
2026-01-06 18:00:00+00:00,2026-01-08 00:00:00+00:00,2,30,2,2026-01-06 12:00:00+00:00,0.01,0.015029762716343006,0.36829703959695215
2026-01-06 18:00:00+00:00,2026-01-08 01:00:00+00:00,2,31,2,2026-01-06 13:00:00+00:00,0.01,0.011434071386853853,0.36829703959695215
2026-01-06 18:00:00+00:00,2026-01-08 02:00:00+00:00,2,32,2,2026-01-06 14:00:00+00:00,0.01,0.01962913495178024,0.36829703959695215
2026-01-06 18:00:00+00:00,2026-01-08 03:00:00+00:00,2,33,2,2026-01-06 15:00:00+00:00,0.01,0.01152804090330998,0.36829703959695215
2026-01-06 18:00:00+00:00,2026-01-08 04:00:00+00:00,2,34,2,2026-01-06 16:00:00+00:00,0.01,0.027586637375255425,0.36829703959695215
2026-01-06 18:00:00+00:00,2026-01-08 05:00:00+00:00,2,35,2,2026-01-06 17:00:00+00:00,0.01,0.06490898629029591,0.36829703959695215
2026-01-06 18:00:00+00:00,2026-01-08 06:00:00+00:00,2,36,2,2026-01-06 18:00:00+00:00,0.01,0.04165369893113772,0.36829703959695215
2026-01-06 18:00:00+00:00,2026-01-08 07:00:00+00:00,2,37,3,2026-01-05 19:00:00+00:00,0.006666666666666667,0.6329797506332397,0.36829703959695215
2026-01-06 18:00:00+00:00,2026-01-08 08:00:00+00:00,2,38,3,2026-01-05 20:00:00+00:00,0.008333333333333333,0.6033829649289449,0.36829703959695215
2026-01-06 18:00:00+00:00,2026-01-08 09:00:00+00:00,2,39,3,2026-01-05 21:00:00+00:00,0.013333333333333334,0.5842975974082947,0.36829703959695215
2026-01-06 18:00:00+00:00,2026-01-08 10:00:00+00:00,2,40,3,2026-01-05 22:00:00+00:00,0.18666666666666668,0.5304791728655497,0.36829703959695215
2026-01-06 18:00:00+00:00,2026-01-08 11:00:00+00:00,2,41,3,2026-01-05 23:00:00+00:00,0.135,0.49846551815668744,0.36829703959695215
2026-01-06 18:00:00+00:00,2026-01-08 12:00:00+00:00,2,42,3,2026-01-06 00:00:00+00:00,0.12666666666666668,0.39994629224141437,0.36829703959695215
2026-01-06 18:00:00+00:00,2026-01-08 13:00:00+00:00,2,43,3,2026-01-06 01:00:00+00:00,0.09999999999999999,0.4157341917355855,0.36829703959695215
2026-01-06 18:00:00+00:00,2026-01-08 14:00:00+00:00,2,44,3,2026-01-06 02:00:00+00:00,0.01,0.44968223571777344,0.36829703959695215
2026-01-06 18:00:00+00:00,2026-01-08 15:00:00+00:00,2,45,3,2026-01-06 03:00:00+00:00,0.008333333333333333,0.4590770900249481,0.36829703959695215
2026-01-06 18:00:00+00:00,2026-01-08 16:00:00+00:00,2,46,3,2026-01-06 04:00:00+00:00,0.011666666666666667,0.4615483085314433,0.36829703959695215
2026-01-06 18:00:00+00:00,2026-01-08 17:00:00+00:00,2,47,3,2026-01-06 05:00:00+00:00,0.008333333333333333,0.488466074069341,0.36829703959695215
2026-01-06 18:00:00+00:00,2026-01-08 18:00:00+00:00,2,48,3,2026-01-06 06:00:00+00:00,0.008333333333333333,0.41586821774641675,0.36829703959695215
2026-01-07 18:00:00+00:00,2026-01-07 19:00:00+00:00,1,1,1,2026-01-07 07:00:00+00:00,0.01,0.034725621342659,0.3736853865525423
2026-01-07 18:00:00+00:00,2026-01-07 20:00:00+00:00,1,2,1,2026-01-07 08:00:00+00:00,0.01,0.03614792414009571,0.3736853865525423
2026-01-07 18:00:00+00:00,2026-01-07 21:00:00+00:00,1,3,1,2026-01-07 09:00:00+00:00,0.01,0.050117467840512596,0.3736853865525423
2026-01-07 18:00:00+00:00,2026-01-07 22:00:00+00:00,1,4,1,2026-01-07 10:00:00+00:00,0.01,0.04400018105904261,0.3736853865525423
2026-01-07 18:00:00+00:00,2026-01-07 23:00:00+00:00,1,5,1,2026-01-07 11:00:00+00:00,0.01,0.03226757235825062,0.3736853865525423
2026-01-07 18:00:00+00:00,2026-01-08 00:00:00+00:00,1,6,1,2026-01-07 12:00:00+00:00,0.01,0.020184379691878956,0.3736853865525423
2026-01-07 18:00:00+00:00,2026-01-08 01:00:00+00:00,1,7,1,2026-01-07 13:00:00+00:00,0.01,0.016778751586874325,0.3736853865525423
2026-01-07 18:00:00+00:00,2026-01-08 02:00:00+00:00,1,8,1,2026-01-07 14:00:00+00:00,0.01,0.01774061160782973,0.3736853865525423
2026-01-07 18:00:00+00:00,2026-01-08 03:00:00+00:00,1,9,1,2026-01-07 15:00:00+00:00,0.01,0.027309537554780643,0.3736853865525423
2026-01-07 18:00:00+00:00,2026-01-08 04:00:00+00:00,1,10,1,2026-01-07 16:00:00+00:00,0.01,0.0362851961205403,0.3736853865525423
2026-01-07 18:00:00+00:00,2026-01-08 05:00:00+00:00,1,11,1,2026-01-07 17:00:00+00:00,0.01,0.05330994352698326,0.3736853865525423
2026-01-07 18:00:00+00:00,2026-01-08 06:00:00+00:00,1,12,1,2026-01-07 18:00:00+00:00,0.01,0.08373480041821797,0.3736853865525423
2026-01-07 18:00:00+00:00,2026-01-08 07:00:00+00:00,1,13,2,2026-01-06 19:00:00+00:00,0.01,0.05728832632303238,0.3736853865525423
2026-01-07 18:00:00+00:00,2026-01-08 08:00:00+00:00,1,14,2,2026-01-06 20:00:00+00:00,0.008333333333333333,0.08814860135316849,0.3736853865525423
2026-01-07 18:00:00+00:00,2026-01-08 09:00:00+00:00,1,15,2,2026-01-06 21:00:00+00:00,0.01,0.1562308594584465,0.3736853865525423
2026-01-07 18:00:00+00:00,2026-01-08 10:00:00+00:00,1,16,2,2026-01-06 22:00:00+00:00,0.18333333333333335,0.20455795029799143,0.3736853865525423
2026-01-07 18:00:00+00:00,2026-01-08 11:00:00+00:00,1,17,2,2026-01-06 23:00:00+00:00,0.13833333333333334,0.23304944733778635,0.3736853865525423
2026-01-07 18:00:00+00:00,2026-01-08 12:00:00+00:00,1,18,2,2026-01-07 00:00:00+00:00,0.135,0.31957414249579114,0.3736853865525423
2026-01-07 18:00:00+00:00,2026-01-08 13:00:00+00:00,1,19,2,2026-01-07 01:00:00+00:00,0.12,0.37774890661239624,0.3736853865525423
2026-01-07 18:00:00+00:00,2026-01-08 14:00:00+00:00,1,20,2,2026-01-07 02:00:00+00:00,0.01,0.3322274684906006,0.3736853865525423
2026-01-07 18:00:00+00:00,2026-01-08 15:00:00+00:00,1,21,2,2026-01-07 03:00:00+00:00,0.013333333333333334,0.3528280208508174,0.3736853865525423
2026-01-07 18:00:00+00:00,2026-01-08 16:00:00+00:00,1,22,2,2026-01-07 04:00:00+00:00,0.013333333333333334,0.36738363405068714,0.3736853865525423
2026-01-07 18:00:00+00:00,2026-01-08 17:00:00+00:00,1,23,2,2026-01-07 05:00:00+00:00,0.01,0.43134357531865436,0.3736853865525423
2026-01-07 18:00:00+00:00,2026-01-08 18:00:00+00:00,1,24,2,2026-01-07 06:00:00+00:00,0.01,0.4661448101202647,0.3736853865525423
2026-01-07 18:00:00+00:00,2026-01-08 19:00:00+00:00,1,25,2,2026-01-07 07:00:00+00:00,0.011666666666666667,0.6024379134178162,0.3736853865525423
2026-01-07 18:00:00+00:00,2026-01-08 20:00:00+00:00,1,26,2,2026-01-07 08:00:00+00:00,0.01,0.693377693494161,0.3736853865525423
2026-01-07 18:00:00+00:00,2026-01-08 21:00:00+00:00,1,27,2,2026-01-07 09:00:00+00:00,0.013333333333333334,0.7657518982887268,0.3736853865525423
2026-01-07 18:00:00+00:00,2026-01-08 22:00:00+00:00,1,28,2,2026-01-07 10:00:00+00:00,0.01,0.7966691255569458,0.3736853865525423
2026-01-07 18:00:00+00:00,2026-01-08 23:00:00+00:00,1,29,2,2026-01-07 11:00:00+00:00,0.01,0.7971351941426595,0.3736853865525423
2026-01-07 18:00:00+00:00,2026-01-09 00:00:00+00:00,1,30,2,2026-01-07 12:00:00+00:00,0.01,0.8240780631701151,0.3736853865525423
2026-01-07 18:00:00+00:00,2026-01-09 01:00:00+00:00,1,31,2,2026-01-07 13:00:00+00:00,0.01,0.8430824677149454,0.3736853865525423
2026-01-07 18:00:00+00:00,2026-01-09 02:00:00+00:00,1,32,2,2026-01-07 14:00:00+00:00,0.01,0.8803329865137736,0.3736853865525423
2026-01-07 18:00:00+00:00,2026-01-09 03:00:00+00:00,1,33,2,2026-01-07 15:00:00+00:00,0.01,0.9057746330897013,0.3736853865525423
2026-01-07 18:00:00+00:00,2026-01-09 04:00:00+00:00,1,34,2,2026-01-07 16:00:00+00:00,0.01,0.8924063841501871,0.3736853865525423
2026-01-07 18:00:00+00:00,2026-01-09 05:00:00+00:00,1,35,2,2026-01-07 17:00:00+00:00,0.01,0.87976602713267,0.3736853865525423
2026-01-07 18:00:00+00:00,2026-01-09 06:00:00+00:00,1,36,2,2026-01-07 18:00:00+00:00,0.01,0.7225141127904257,0.3736853865525423
2026-01-07 18:00:00+00:00,2026-01-09 07:00:00+00:00,1,37,3,2026-01-06 19:00:00+00:00,0.01,0.10723392913738887,0.3736853865525423
2026-01-07 18:00:00+00:00,2026-01-09 08:00:00+00:00,1,38,3,2026-01-06 20:00:00+00:00,0.011666666666666667,0.14284181719024977,0.3736853865525423
2026-01-07 18:00:00+00:00,2026-01-09 09:00:00+00:00,1,39,3,2026-01-06 21:00:00+00:00,0.01,0.11553478986024857,0.3736853865525423
2026-01-07 18:00:00+00:00,2026-01-09 10:00:00+00:00,1,40,3,2026-01-06 22:00:00+00:00,0.01,0.1036870926618576,0.3736853865525423
2026-01-07 18:00:00+00:00,2026-01-09 11:00:00+00:00,1,41,3,2026-01-06 23:00:00+00:00,0.02666666666666667,0.10619630043705304,0.3736853865525423
2026-01-07 18:00:00+00:00,2026-01-09 12:00:00+00:00,1,42,3,2026-01-07 00:00:00+00:00,0.03,0.09664723525444667,0.3736853865525423
2026-01-07 18:00:00+00:00,2026-01-09 13:00:00+00:00,1,43,3,2026-01-07 01:00:00+00:00,0.011666666666666667,0.06630155071616173,0.3736853865525423
2026-01-07 18:00:00+00:00,2026-01-09 14:00:00+00:00,1,44,3,2026-01-07 02:00:00+00:00,0.008333333333333333,0.06707697113355,0.3736853865525423
2026-01-07 18:00:00+00:00,2026-01-09 15:00:00+00:00,1,45,3,2026-01-07 03:00:00+00:00,0.01,0.05552573005358378,0.3736853865525423
2026-01-07 18:00:00+00:00,2026-01-09 16:00:00+00:00,1,46,3,2026-01-07 04:00:00+00:00,0.01,0.047007487465937935,0.3736853865525423
2026-01-07 18:00:00+00:00,2026-01-09 17:00:00+00:00,1,47,3,2026-01-07 05:00:00+00:00,0.01,0.03690155098835627,0.3736853865525423
2026-01-07 18:00:00+00:00,2026-01-09 18:00:00+00:00,1,48,3,2026-01-07 06:00:00+00:00,0.01,0.030892277136445045,0.3736853865525423
2026-01-07 18:00:00+00:00,2026-01-07 19:00:00+00:00,2,1,1,2026-01-07 07:00:00+00:00,0.01,0.033456774428486824,0.36829703959695215
2026-01-07 18:00:00+00:00,2026-01-07 20:00:00+00:00,2,2,1,2026-01-07 08:00:00+00:00,0.01,0.034040612479050956,0.36829703959695215
2026-01-07 18:00:00+00:00,2026-01-07 21:00:00+00:00,2,3,1,2026-01-07 09:00:00+00:00,0.01,0.04474634490907192,0.36829703959695215
2026-01-07 18:00:00+00:00,2026-01-07 22:00:00+00:00,2,4,1,2026-01-07 10:00:00+00:00,0.01,0.04070646998782953,0.36829703959695215
2026-01-07 18:00:00+00:00,2026-01-07 23:00:00+00:00,2,5,1,2026-01-07 11:00:00+00:00,0.01,0.030329082161188126,0.36829703959695215
2026-01-07 18:00:00+00:00,2026-01-08 00:00:00+00:00,2,6,1,2026-01-07 12:00:00+00:00,0.01,0.01946095408250888,0.36829703959695215
2026-01-07 18:00:00+00:00,2026-01-08 01:00:00+00:00,2,7,1,2026-01-07 13:00:00+00:00,0.01,0.016400683671236038,0.36829703959695215
2026-01-07 18:00:00+00:00,2026-01-08 02:00:00+00:00,2,8,1,2026-01-07 14:00:00+00:00,0.01,0.016786023043096066,0.36829703959695215
2026-01-07 18:00:00+00:00,2026-01-08 03:00:00+00:00,2,9,1,2026-01-07 15:00:00+00:00,0.01,0.026122742642958958,0.36829703959695215
2026-01-07 18:00:00+00:00,2026-01-08 04:00:00+00:00,2,10,1,2026-01-07 16:00:00+00:00,0.01,0.03566973594327768,0.36829703959695215
2026-01-07 18:00:00+00:00,2026-01-08 05:00:00+00:00,2,11,1,2026-01-07 17:00:00+00:00,0.01,0.05369517207145691,0.36829703959695215
2026-01-07 18:00:00+00:00,2026-01-08 06:00:00+00:00,2,12,1,2026-01-07 18:00:00+00:00,0.01,0.0836146945754687,0.36829703959695215
2026-01-07 18:00:00+00:00,2026-01-08 07:00:00+00:00,2,13,2,2026-01-06 19:00:00+00:00,0.006666666666666667,0.06264650200804074,0.36829703959695215
2026-01-07 18:00:00+00:00,2026-01-08 08:00:00+00:00,2,14,2,2026-01-06 20:00:00+00:00,0.008333333333333333,0.09908429284890492,0.36829703959695215
2026-01-07 18:00:00+00:00,2026-01-08 09:00:00+00:00,2,15,2,2026-01-06 21:00:00+00:00,0.013333333333333334,0.16881814350684485,0.36829703959695215
2026-01-07 18:00:00+00:00,2026-01-08 10:00:00+00:00,2,16,2,2026-01-06 22:00:00+00:00,0.18666666666666668,0.20326084395249686,0.36829703959695215
2026-01-07 18:00:00+00:00,2026-01-08 11:00:00+00:00,2,17,2,2026-01-06 23:00:00+00:00,0.135,0.2357410490512848,0.36829703959695215
2026-01-07 18:00:00+00:00,2026-01-08 12:00:00+00:00,2,18,2,2026-01-07 00:00:00+00:00,0.12666666666666668,0.32230475544929504,0.36829703959695215
2026-01-07 18:00:00+00:00,2026-01-08 13:00:00+00:00,2,19,2,2026-01-07 01:00:00+00:00,0.09999999999999999,0.37521230181058246,0.36829703959695215
2026-01-07 18:00:00+00:00,2026-01-08 14:00:00+00:00,2,20,2,2026-01-07 02:00:00+00:00,0.01,0.32010187208652496,0.36829703959695215
2026-01-07 18:00:00+00:00,2026-01-08 15:00:00+00:00,2,21,2,2026-01-07 03:00:00+00:00,0.008333333333333333,0.33782119552294415,0.36829703959695215
2026-01-07 18:00:00+00:00,2026-01-08 16:00:00+00:00,2,22,2,2026-01-07 04:00:00+00:00,0.011666666666666667,0.35164707402388257,0.36829703959695215
2026-01-07 18:00:00+00:00,2026-01-08 17:00:00+00:00,2,23,2,2026-01-07 05:00:00+00:00,0.008333333333333333,0.4176044712464015,0.36829703959695215
2026-01-07 18:00:00+00:00,2026-01-08 18:00:00+00:00,2,24,2,2026-01-07 06:00:00+00:00,0.008333333333333333,0.4503663976987203,0.36829703959695215
2026-01-07 18:00:00+00:00,2026-01-08 19:00:00+00:00,2,25,2,2026-01-07 07:00:00+00:00,0.01,0.5760859449704488,0.36829703959695215
2026-01-07 18:00:00+00:00,2026-01-08 20:00:00+00:00,2,26,2,2026-01-07 08:00:00+00:00,0.008333333333333333,0.6645909945170084,0.36829703959695215
2026-01-07 18:00:00+00:00,2026-01-08 21:00:00+00:00,2,27,2,2026-01-07 09:00:00+00:00,0.01,0.7405898372332255,0.36829703959695215
2026-01-07 18:00:00+00:00,2026-01-08 22:00:00+00:00,2,28,2,2026-01-07 10:00:00+00:00,0.011666666666666667,0.7799217700958252,0.36829703959695215
2026-01-07 18:00:00+00:00,2026-01-08 23:00:00+00:00,2,29,2,2026-01-07 11:00:00+00:00,0.01,0.7879158854484558,0.36829703959695215
2026-01-07 18:00:00+00:00,2026-01-09 00:00:00+00:00,2,30,2,2026-01-07 12:00:00+00:00,0.01,0.8217933177947998,0.36829703959695215
2026-01-07 18:00:00+00:00,2026-01-09 01:00:00+00:00,2,31,2,2026-01-07 13:00:00+00:00,0.008333333333333333,0.8413880070050558,0.36829703959695215
2026-01-07 18:00:00+00:00,2026-01-09 02:00:00+00:00,2,32,2,2026-01-07 14:00:00+00:00,0.01,0.8799012104670206,0.36829703959695215
2026-01-07 18:00:00+00:00,2026-01-09 03:00:00+00:00,2,33,2,2026-01-07 15:00:00+00:00,0.008333333333333333,0.906959076722463,0.36829703959695215
2026-01-07 18:00:00+00:00,2026-01-09 04:00:00+00:00,2,34,2,2026-01-07 16:00:00+00:00,0.008333333333333333,0.8934077819188436,0.36829703959695215
2026-01-07 18:00:00+00:00,2026-01-09 05:00:00+00:00,2,35,2,2026-01-07 17:00:00+00:00,0.01,0.8857340216636658,0.36829703959695215
2026-01-07 18:00:00+00:00,2026-01-09 06:00:00+00:00,2,36,2,2026-01-07 18:00:00+00:00,0.01,0.7469774881998698,0.36829703959695215
2026-01-07 18:00:00+00:00,2026-01-09 07:00:00+00:00,2,37,3,2026-01-06 19:00:00+00:00,0.01,0.11004142959912618,0.36829703959695215
2026-01-07 18:00:00+00:00,2026-01-09 08:00:00+00:00,2,38,3,2026-01-06 20:00:00+00:00,0.006666666666666667,0.1395603890220324,0.36829703959695215
2026-01-07 18:00:00+00:00,2026-01-09 09:00:00+00:00,2,39,3,2026-01-06 21:00:00+00:00,0.01,0.12431890641649564,0.36829703959695215
2026-01-07 18:00:00+00:00,2026-01-09 10:00:00+00:00,2,40,3,2026-01-06 22:00:00+00:00,0.01,0.11294473707675934,0.36829703959695215
2026-01-07 18:00:00+00:00,2026-01-09 11:00:00+00:00,2,41,3,2026-01-06 23:00:00+00:00,0.016666666666666666,0.11671589687466621,0.36829703959695215
2026-01-07 18:00:00+00:00,2026-01-09 12:00:00+00:00,2,42,3,2026-01-07 00:00:00+00:00,0.013333333333333334,0.10169659058252971,0.36829703959695215
2026-01-07 18:00:00+00:00,2026-01-09 13:00:00+00:00,2,43,3,2026-01-07 01:00:00+00:00,0.01,0.07291856283942859,0.36829703959695215
2026-01-07 18:00:00+00:00,2026-01-09 14:00:00+00:00,2,44,3,2026-01-07 02:00:00+00:00,0.008333333333333333,0.07144126047690709,0.36829703959695215
2026-01-07 18:00:00+00:00,2026-01-09 15:00:00+00:00,2,45,3,2026-01-07 03:00:00+00:00,0.008333333333333333,0.05471844350298246,0.36829703959695215
2026-01-07 18:00:00+00:00,2026-01-09 16:00:00+00:00,2,46,3,2026-01-07 04:00:00+00:00,0.01,0.04551904400189718,0.36829703959695215
2026-01-07 18:00:00+00:00,2026-01-09 17:00:00+00:00,2,47,3,2026-01-07 05:00:00+00:00,0.01,0.0356683066735665,0.36829703959695215
2026-01-07 18:00:00+00:00,2026-01-09 18:00:00+00:00,2,48,3,2026-01-07 06:00:00+00:00,0.01,0.028043470655878384,0.36829703959695215
2026-01-08 18:00:00+00:00,2026-01-08 19:00:00+00:00,1,1,1,2026-01-08 07:00:00+00:00,0.011666666666666667,0.4197855492432912,0.3736853865525423
2026-01-08 18:00:00+00:00,2026-01-08 20:00:00+00:00,1,2,1,2026-01-08 08:00:00+00:00,0.01,0.5107793807983398,0.3736853865525423
2026-01-08 18:00:00+00:00,2026-01-08 21:00:00+00:00,1,3,1,2026-01-08 09:00:00+00:00,0.013333333333333334,0.5880482196807861,0.3736853865525423
2026-01-08 18:00:00+00:00,2026-01-08 22:00:00+00:00,1,4,1,2026-01-08 10:00:00+00:00,0.01,0.6782693266868591,0.3736853865525423
2026-01-08 18:00:00+00:00,2026-01-08 23:00:00+00:00,1,5,1,2026-01-08 11:00:00+00:00,0.01,0.7162866989771525,0.3736853865525423
2026-01-08 18:00:00+00:00,2026-01-09 00:00:00+00:00,1,6,1,2026-01-08 12:00:00+00:00,0.01,0.17830792566140494,0.3736853865525423
2026-01-08 18:00:00+00:00,2026-01-09 01:00:00+00:00,1,7,1,2026-01-08 13:00:00+00:00,0.01,0.11365369707345963,0.3736853865525423
2026-01-08 18:00:00+00:00,2026-01-09 02:00:00+00:00,1,8,1,2026-01-08 14:00:00+00:00,0.01,0.08565242340167363,0.3736853865525423
2026-01-08 18:00:00+00:00,2026-01-09 03:00:00+00:00,1,9,1,2026-01-08 15:00:00+00:00,0.01,0.060088809579610825,0.3736853865525423
2026-01-08 18:00:00+00:00,2026-01-09 04:00:00+00:00,1,10,1,2026-01-08 16:00:00+00:00,0.01,0.04930058866739273,0.3736853865525423
2026-01-08 18:00:00+00:00,2026-01-09 05:00:00+00:00,1,11,1,2026-01-08 17:00:00+00:00,0.01,0.05620265876253446,0.3736853865525423
2026-01-08 18:00:00+00:00,2026-01-09 06:00:00+00:00,1,12,1,2026-01-08 18:00:00+00:00,0.01,0.019033812917768955,0.3736853865525423
2026-01-08 18:00:00+00:00,2026-01-09 07:00:00+00:00,1,13,2,2026-01-07 19:00:00+00:00,0.01,0.7029182513554891,0.3736853865525423
2026-01-08 18:00:00+00:00,2026-01-09 08:00:00+00:00,1,14,2,2026-01-07 20:00:00+00:00,0.011666666666666667,0.6315056880315145,0.3736853865525423
2026-01-08 18:00:00+00:00,2026-01-09 09:00:00+00:00,1,15,2,2026-01-07 21:00:00+00:00,0.01,0.4926344354947408,0.3736853865525423
2026-01-08 18:00:00+00:00,2026-01-09 10:00:00+00:00,1,16,2,2026-01-07 22:00:00+00:00,0.01,0.42568307121594745,0.3736853865525423
2026-01-08 18:00:00+00:00,2026-01-09 11:00:00+00:00,1,17,2,2026-01-07 23:00:00+00:00,0.02666666666666667,0.34007906913757324,0.3736853865525423
2026-01-08 18:00:00+00:00,2026-01-09 12:00:00+00:00,1,18,2,2026-01-08 00:00:00+00:00,0.03,0.4483858346939087,0.3736853865525423
2026-01-08 18:00:00+00:00,2026-01-09 13:00:00+00:00,1,19,2,2026-01-08 01:00:00+00:00,0.011666666666666667,0.41796337564786273,0.3736853865525423
2026-01-08 18:00:00+00:00,2026-01-09 14:00:00+00:00,1,20,2,2026-01-08 02:00:00+00:00,0.008333333333333333,0.3836620052655538,0.3736853865525423
2026-01-08 18:00:00+00:00,2026-01-09 15:00:00+00:00,1,21,2,2026-01-08 03:00:00+00:00,0.01,0.3672341505686442,0.3736853865525423
2026-01-08 18:00:00+00:00,2026-01-09 16:00:00+00:00,1,22,2,2026-01-08 04:00:00+00:00,0.01,0.3612573444843292,0.3736853865525423
2026-01-08 18:00:00+00:00,2026-01-09 17:00:00+00:00,1,23,2,2026-01-08 05:00:00+00:00,0.01,0.337175856033961,0.3736853865525423
2026-01-08 18:00:00+00:00,2026-01-09 18:00:00+00:00,1,24,2,2026-01-08 06:00:00+00:00,0.01,0.12338721007108688,0.3736853865525423
2026-01-08 18:00:00+00:00,2026-01-09 19:00:00+00:00,1,25,2,2026-01-08 07:00:00+00:00,0.01,0.16178599993387857,0.3736853865525423
2026-01-08 18:00:00+00:00,2026-01-09 20:00:00+00:00,1,26,2,2026-01-08 08:00:00+00:00,0.01,0.22104339798291525,0.3736853865525423
2026-01-08 18:00:00+00:00,2026-01-09 21:00:00+00:00,1,27,2,2026-01-08 09:00:00+00:00,0.01,0.2663744588692983,0.3736853865525423
2026-01-08 18:00:00+00:00,2026-01-09 22:00:00+00:00,1,28,2,2026-01-08 10:00:00+00:00,0.01,0.34478892882664997,0.3736853865525423
2026-01-08 18:00:00+00:00,2026-01-09 23:00:00+00:00,1,29,2,2026-01-08 11:00:00+00:00,0.01,0.41571295261383057,0.3736853865525423
2026-01-08 18:00:00+00:00,2026-01-10 00:00:00+00:00,1,30,2,2026-01-08 12:00:00+00:00,0.028333333333333332,0.48391077915827435,0.3736853865525423
2026-01-08 18:00:00+00:00,2026-01-10 01:00:00+00:00,1,31,2,2026-01-08 13:00:00+00:00,0.06166666666666667,0.41082093119621277,0.3736853865525423
2026-01-08 18:00:00+00:00,2026-01-10 02:00:00+00:00,1,32,2,2026-01-08 14:00:00+00:00,0.05833333333333334,0.3315272331237793,0.3736853865525423
2026-01-08 18:00:00+00:00,2026-01-10 03:00:00+00:00,1,33,2,2026-01-08 15:00:00+00:00,0.051666666666666666,0.2568972408771515,0.3736853865525423
2026-01-08 18:00:00+00:00,2026-01-10 04:00:00+00:00,1,34,2,2026-01-08 16:00:00+00:00,0.11499999999999999,0.2286000351111094,0.3736853865525423
2026-01-08 18:00:00+00:00,2026-01-10 05:00:00+00:00,1,35,2,2026-01-08 17:00:00+00:00,0.07,0.2603619595368703,0.3736853865525423
2026-01-08 18:00:00+00:00,2026-01-10 06:00:00+00:00,1,36,2,2026-01-08 18:00:00+00:00,0.09000000000000001,0.3778497477372487,0.3736853865525423
2026-01-08 18:00:00+00:00,2026-01-10 07:00:00+00:00,1,37,3,2026-01-07 19:00:00+00:00,0.05333333333333334,0.28443797926108044,0.3736853865525423
2026-01-08 18:00:00+00:00,2026-01-10 08:00:00+00:00,1,38,3,2026-01-07 20:00:00+00:00,0.21333333333333335,0.3277249038219452,0.3736853865525423
2026-01-08 18:00:00+00:00,2026-01-10 09:00:00+00:00,1,39,3,2026-01-07 21:00:00+00:00,0.19166666666666665,0.3766004840532939,0.3736853865525423
2026-01-08 18:00:00+00:00,2026-01-10 10:00:00+00:00,1,40,3,2026-01-07 22:00:00+00:00,0.18833333333333332,0.37361441055933636,0.3736853865525423
2026-01-08 18:00:00+00:00,2026-01-10 11:00:00+00:00,1,41,3,2026-01-07 23:00:00+00:00,0.18000000000000002,0.40962517261505127,0.3736853865525423
2026-01-08 18:00:00+00:00,2026-01-10 12:00:00+00:00,1,42,3,2026-01-08 00:00:00+00:00,0.15166666666666667,0.5679179231325785,0.3736853865525423
2026-01-08 18:00:00+00:00,2026-01-10 13:00:00+00:00,1,43,3,2026-01-08 01:00:00+00:00,0.4166666666666667,0.5554105043411255,0.3736853865525423
2026-01-08 18:00:00+00:00,2026-01-10 14:00:00+00:00,1,44,3,2026-01-08 02:00:00+00:00,0.38833333333333336,0.4742337663968404,0.3736853865525423
2026-01-08 18:00:00+00:00,2026-01-10 15:00:00+00:00,1,45,3,2026-01-08 03:00:00+00:00,0.54,0.4540929893652598,0.3736853865525423
2026-01-08 18:00:00+00:00,2026-01-10 16:00:00+00:00,1,46,3,2026-01-08 04:00:00+00:00,0.5750000000000001,0.410045991341273,0.3736853865525423
2026-01-08 18:00:00+00:00,2026-01-10 17:00:00+00:00,1,47,3,2026-01-08 05:00:00+00:00,0.345,0.4366760452588399,0.3736853865525423
2026-01-08 18:00:00+00:00,2026-01-10 18:00:00+00:00,1,48,3,2026-01-08 06:00:00+00:00,0.4083333333333334,0.37920626004536945,0.3736853865525423
2026-01-08 18:00:00+00:00,2026-01-08 19:00:00+00:00,2,1,1,2026-01-08 07:00:00+00:00,0.01,0.3865479528903961,0.36829703959695215
2026-01-08 18:00:00+00:00,2026-01-08 20:00:00+00:00,2,2,1,2026-01-08 08:00:00+00:00,0.008333333333333333,0.4766240318616231,0.36829703959695215
2026-01-08 18:00:00+00:00,2026-01-08 21:00:00+00:00,2,3,1,2026-01-08 09:00:00+00:00,0.01,0.5531924764315287,0.36829703959695215
2026-01-08 18:00:00+00:00,2026-01-08 22:00:00+00:00,2,4,1,2026-01-08 10:00:00+00:00,0.011666666666666667,0.6449549794197083,0.36829703959695215
2026-01-08 18:00:00+00:00,2026-01-08 23:00:00+00:00,2,5,1,2026-01-08 11:00:00+00:00,0.01,0.6965013146400452,0.36829703959695215
2026-01-08 18:00:00+00:00,2026-01-09 00:00:00+00:00,2,6,1,2026-01-08 12:00:00+00:00,0.01,0.16596117864052454,0.36829703959695215
2026-01-08 18:00:00+00:00,2026-01-09 01:00:00+00:00,2,7,1,2026-01-08 13:00:00+00:00,0.008333333333333333,0.1085766851902008,0.36829703959695215
2026-01-08 18:00:00+00:00,2026-01-09 02:00:00+00:00,2,8,1,2026-01-08 14:00:00+00:00,0.01,0.08253661543130875,0.36829703959695215
2026-01-08 18:00:00+00:00,2026-01-09 03:00:00+00:00,2,9,1,2026-01-08 15:00:00+00:00,0.008333333333333333,0.05657144635915756,0.36829703959695215
2026-01-08 18:00:00+00:00,2026-01-09 04:00:00+00:00,2,10,1,2026-01-08 16:00:00+00:00,0.008333333333333333,0.045916719983021416,0.36829703959695215
2026-01-08 18:00:00+00:00,2026-01-09 05:00:00+00:00,2,11,1,2026-01-08 17:00:00+00:00,0.01,0.053835262854894005,0.36829703959695215
2026-01-08 18:00:00+00:00,2026-01-09 06:00:00+00:00,2,12,1,2026-01-08 18:00:00+00:00,0.01,0.019672622593740623,0.36829703959695215
2026-01-08 18:00:00+00:00,2026-01-09 07:00:00+00:00,2,13,2,2026-01-07 19:00:00+00:00,0.01,0.72867751121521,0.36829703959695215
2026-01-08 18:00:00+00:00,2026-01-09 08:00:00+00:00,2,14,2,2026-01-07 20:00:00+00:00,0.006666666666666667,0.654172956943512,0.36829703959695215
2026-01-08 18:00:00+00:00,2026-01-09 09:00:00+00:00,2,15,2,2026-01-07 21:00:00+00:00,0.01,0.5044409235318502,0.36829703959695215
2026-01-08 18:00:00+00:00,2026-01-09 10:00:00+00:00,2,16,2,2026-01-07 22:00:00+00:00,0.01,0.4317392905553182,0.36829703959695215
2026-01-08 18:00:00+00:00,2026-01-09 11:00:00+00:00,2,17,2,2026-01-07 23:00:00+00:00,0.016666666666666666,0.34266944726308185,0.36829703959695215
2026-01-08 18:00:00+00:00,2026-01-09 12:00:00+00:00,2,18,2,2026-01-08 00:00:00+00:00,0.013333333333333334,0.4400248924891154,0.36829703959695215
2026-01-08 18:00:00+00:00,2026-01-09 13:00:00+00:00,2,19,2,2026-01-08 01:00:00+00:00,0.01,0.41325996319452923,0.36829703959695215
2026-01-08 18:00:00+00:00,2026-01-09 14:00:00+00:00,2,20,2,2026-01-08 02:00:00+00:00,0.008333333333333333,0.36457162102063495,0.36829703959695215
2026-01-08 18:00:00+00:00,2026-01-09 15:00:00+00:00,2,21,2,2026-01-08 03:00:00+00:00,0.008333333333333333,0.3463749587535858,0.36829703959695215
2026-01-08 18:00:00+00:00,2026-01-09 16:00:00+00:00,2,22,2,2026-01-08 04:00:00+00:00,0.01,0.339089035987854,0.36829703959695215
2026-01-08 18:00:00+00:00,2026-01-09 17:00:00+00:00,2,23,2,2026-01-08 05:00:00+00:00,0.01,0.31216829021771747,0.36829703959695215
2026-01-08 18:00:00+00:00,2026-01-09 18:00:00+00:00,2,24,2,2026-01-08 06:00:00+00:00,0.01,0.11285833517710368,0.36829703959695215
2026-01-08 18:00:00+00:00,2026-01-09 19:00:00+00:00,2,25,2,2026-01-08 07:00:00+00:00,0.01,0.13781271378199259,0.36829703959695215
2026-01-08 18:00:00+00:00,2026-01-09 20:00:00+00:00,2,26,2,2026-01-08 08:00:00+00:00,0.01,0.18684048453966776,0.36829703959695215
2026-01-08 18:00:00+00:00,2026-01-09 21:00:00+00:00,2,27,2,2026-01-08 09:00:00+00:00,0.01,0.22917955120404562,0.36829703959695215
2026-01-08 18:00:00+00:00,2026-01-09 22:00:00+00:00,2,28,2,2026-01-08 10:00:00+00:00,0.01,0.30188368757565814,0.36829703959695215
2026-01-08 18:00:00+00:00,2026-01-09 23:00:00+00:00,2,29,2,2026-01-08 11:00:00+00:00,0.01,0.3691417972246806,0.36829703959695215
2026-01-08 18:00:00+00:00,2026-01-10 00:00:00+00:00,2,30,2,2026-01-08 12:00:00+00:00,0.016666666666666666,0.4470532735188802,0.36829703959695215
2026-01-08 18:00:00+00:00,2026-01-10 01:00:00+00:00,2,31,2,2026-01-08 13:00:00+00:00,0.043333333333333335,0.37881630659103394,0.36829703959695215
2026-01-08 18:00:00+00:00,2026-01-10 02:00:00+00:00,2,32,2,2026-01-08 14:00:00+00:00,0.034999999999999996,0.30477280418078107,0.36829703959695215
2026-01-08 18:00:00+00:00,2026-01-10 03:00:00+00:00,2,33,2,2026-01-08 15:00:00+00:00,0.03166666666666667,0.2363396684328715,0.36829703959695215
2026-01-08 18:00:00+00:00,2026-01-10 04:00:00+00:00,2,34,2,2026-01-08 16:00:00+00:00,0.08,0.2195373276869456,0.36829703959695215
2026-01-08 18:00:00+00:00,2026-01-10 05:00:00+00:00,2,35,2,2026-01-08 17:00:00+00:00,0.034999999999999996,0.25668823222319287,0.36829703959695215
2026-01-08 18:00:00+00:00,2026-01-10 06:00:00+00:00,2,36,2,2026-01-08 18:00:00+00:00,0.09000000000000001,0.37827201684316,0.36829703959695215
2026-01-08 18:00:00+00:00,2026-01-10 07:00:00+00:00,2,37,3,2026-01-07 19:00:00+00:00,0.049999999999999996,0.3121702969074249,0.36829703959695215
2026-01-08 18:00:00+00:00,2026-01-10 08:00:00+00:00,2,38,3,2026-01-07 20:00:00+00:00,0.24333333333333332,0.3621246814727783,0.36829703959695215
2026-01-08 18:00:00+00:00,2026-01-10 09:00:00+00:00,2,39,3,2026-01-07 21:00:00+00:00,0.18833333333333335,0.4192711015542348,0.36829703959695215
2026-01-08 18:00:00+00:00,2026-01-10 10:00:00+00:00,2,40,3,2026-01-07 22:00:00+00:00,0.21,0.40355852246284485,0.36829703959695215
2026-01-08 18:00:00+00:00,2026-01-10 11:00:00+00:00,2,41,3,2026-01-07 23:00:00+00:00,0.16666666666666666,0.4125649730364482,0.36829703959695215
2026-01-08 18:00:00+00:00,2026-01-10 12:00:00+00:00,2,42,3,2026-01-08 00:00:00+00:00,0.16166666666666668,0.5558800796667734,0.36829703959695215
2026-01-08 18:00:00+00:00,2026-01-10 13:00:00+00:00,2,43,3,2026-01-08 01:00:00+00:00,0.4466666666666666,0.5267109274864197,0.36829703959695215
2026-01-08 18:00:00+00:00,2026-01-10 14:00:00+00:00,2,44,3,2026-01-08 02:00:00+00:00,0.39166666666666666,0.4374241928259532,0.36829703959695215
2026-01-08 18:00:00+00:00,2026-01-10 15:00:00+00:00,2,45,3,2026-01-08 03:00:00+00:00,0.49833333333333335,0.40360472599665326,0.36829703959695215
2026-01-08 18:00:00+00:00,2026-01-10 16:00:00+00:00,2,46,3,2026-01-08 04:00:00+00:00,0.5366666666666667,0.36389289299647015,0.36829703959695215
2026-01-08 18:00:00+00:00,2026-01-10 17:00:00+00:00,2,47,3,2026-01-08 05:00:00+00:00,0.3066666666666667,0.3841043512026469,0.36829703959695215
2026-01-08 18:00:00+00:00,2026-01-10 18:00:00+00:00,2,48,3,2026-01-08 06:00:00+00:00,0.45166666666666666,0.350979616244634,0.36829703959695215
2026-01-09 18:00:00+00:00,2026-01-09 19:00:00+00:00,1,1,1,2026-01-09 07:00:00+00:00,0.01,0.1266559213399887,0.3736853865525423
2026-01-09 18:00:00+00:00,2026-01-09 20:00:00+00:00,1,2,1,2026-01-09 08:00:00+00:00,0.01,0.23249090711275736,0.3736853865525423
2026-01-09 18:00:00+00:00,2026-01-09 21:00:00+00:00,1,3,1,2026-01-09 09:00:00+00:00,0.01,0.39547685782114667,0.3736853865525423
2026-01-09 18:00:00+00:00,2026-01-09 22:00:00+00:00,1,4,1,2026-01-09 10:00:00+00:00,0.01,0.5284778078397115,0.3736853865525423
2026-01-09 18:00:00+00:00,2026-01-09 23:00:00+00:00,1,5,1,2026-01-09 11:00:00+00:00,0.01,0.5676935116449991,0.3736853865525423
2026-01-09 18:00:00+00:00,2026-01-10 00:00:00+00:00,1,6,1,2026-01-09 12:00:00+00:00,0.028333333333333332,0.5212495525677999,0.3736853865525423
2026-01-09 18:00:00+00:00,2026-01-10 01:00:00+00:00,1,7,1,2026-01-09 13:00:00+00:00,0.06166666666666667,0.4454980095227559,0.3736853865525423
2026-01-09 18:00:00+00:00,2026-01-10 02:00:00+00:00,1,8,1,2026-01-09 14:00:00+00:00,0.05833333333333334,0.35575364033381146,0.3736853865525423
2026-01-09 18:00:00+00:00,2026-01-10 03:00:00+00:00,1,9,1,2026-01-09 15:00:00+00:00,0.051666666666666666,0.31093762318293255,0.3736853865525423
2026-01-09 18:00:00+00:00,2026-01-10 04:00:00+00:00,1,10,1,2026-01-09 16:00:00+00:00,0.11499999999999999,0.3014548222223918,0.3736853865525423
2026-01-09 18:00:00+00:00,2026-01-10 05:00:00+00:00,1,11,1,2026-01-09 17:00:00+00:00,0.07,0.36997633179028827,0.3736853865525423
2026-01-09 18:00:00+00:00,2026-01-10 06:00:00+00:00,1,12,1,2026-01-09 18:00:00+00:00,0.09000000000000001,0.4745344916979472,0.3736853865525423
2026-01-09 18:00:00+00:00,2026-01-10 07:00:00+00:00,1,13,2,2026-01-08 19:00:00+00:00,0.05333333333333334,0.3452034890651703,0.3736853865525423
2026-01-09 18:00:00+00:00,2026-01-10 08:00:00+00:00,1,14,2,2026-01-08 20:00:00+00:00,0.21333333333333335,0.359364519516627,0.3736853865525423
2026-01-09 18:00:00+00:00,2026-01-10 09:00:00+00:00,1,15,2,2026-01-08 21:00:00+00:00,0.19166666666666665,0.3623356620470683,0.3736853865525423
2026-01-09 18:00:00+00:00,2026-01-10 10:00:00+00:00,1,16,2,2026-01-08 22:00:00+00:00,0.18833333333333332,0.384447584549586,0.3736853865525423
2026-01-09 18:00:00+00:00,2026-01-10 11:00:00+00:00,1,17,2,2026-01-08 23:00:00+00:00,0.18000000000000002,0.4195952316125234,0.3736853865525423
2026-01-09 18:00:00+00:00,2026-01-10 12:00:00+00:00,1,18,2,2026-01-09 00:00:00+00:00,0.15166666666666667,0.5698794523874918,0.3736853865525423
2026-01-09 18:00:00+00:00,2026-01-10 13:00:00+00:00,1,19,2,2026-01-09 01:00:00+00:00,0.4166666666666667,0.5452440480391184,0.3736853865525423
2026-01-09 18:00:00+00:00,2026-01-10 14:00:00+00:00,1,20,2,2026-01-09 02:00:00+00:00,0.38833333333333336,0.5208467046419779,0.3736853865525423
2026-01-09 18:00:00+00:00,2026-01-10 15:00:00+00:00,1,21,2,2026-01-09 03:00:00+00:00,0.54,0.5045469999313354,0.3736853865525423
2026-01-09 18:00:00+00:00,2026-01-10 16:00:00+00:00,1,22,2,2026-01-09 04:00:00+00:00,0.5750000000000001,0.4495175977547963,0.3736853865525423
2026-01-09 18:00:00+00:00,2026-01-10 17:00:00+00:00,1,23,2,2026-01-09 05:00:00+00:00,0.345,0.4843938946723938,0.3736853865525423
2026-01-09 18:00:00+00:00,2026-01-10 18:00:00+00:00,1,24,2,2026-01-09 06:00:00+00:00,0.4083333333333334,0.5828314820925394,0.3736853865525423
2026-01-09 18:00:00+00:00,2026-01-10 19:00:00+00:00,1,25,2,2026-01-09 07:00:00+00:00,0.84,0.640526552995046,0.3736853865525423
2026-01-09 18:00:00+00:00,2026-01-10 20:00:00+00:00,1,26,2,2026-01-09 08:00:00+00:00,0.8983333333333333,0.712208886941274,0.3736853865525423
2026-01-09 18:00:00+00:00,2026-01-10 21:00:00+00:00,1,27,2,2026-01-09 09:00:00+00:00,0.7116666666666666,0.7346729636192322,0.3736853865525423
2026-01-09 18:00:00+00:00,2026-01-10 22:00:00+00:00,1,28,2,2026-01-09 10:00:00+00:00,0.7716666666666666,0.7898474136988322,0.3736853865525423
2026-01-09 18:00:00+00:00,2026-01-10 23:00:00+00:00,1,29,2,2026-01-09 11:00:00+00:00,0.85,0.8406270345052084,0.3736853865525423
2026-01-09 18:00:00+00:00,2026-01-11 00:00:00+00:00,1,30,2,2026-01-09 12:00:00+00:00,0.4683333333333333,0.8841842214266459,0.3736853865525423
2026-01-09 18:00:00+00:00,2026-01-11 01:00:00+00:00,1,31,2,2026-01-09 13:00:00+00:00,0.5533333333333333,0.8764628370602926,0.3736853865525423
2026-01-09 18:00:00+00:00,2026-01-11 02:00:00+00:00,1,32,2,2026-01-09 14:00:00+00:00,0.48666666666666664,0.8682106932004293,0.3736853865525423
2026-01-09 18:00:00+00:00,2026-01-11 03:00:00+00:00,1,33,2,2026-01-09 15:00:00+00:00,0.21,0.8552512923876444,0.3736853865525423
2026-01-09 18:00:00+00:00,2026-01-11 04:00:00+00:00,1,34,2,2026-01-09 16:00:00+00:00,0.325,0.8430795073509216,0.3736853865525423
2026-01-09 18:00:00+00:00,2026-01-11 05:00:00+00:00,1,35,2,2026-01-09 17:00:00+00:00,0.27999999999999997,0.7295073866844177,0.3736853865525423
2026-01-09 18:00:00+00:00,2026-01-11 06:00:00+00:00,1,36,2,2026-01-09 18:00:00+00:00,0.4033333333333333,0.6155141492684683,0.3736853865525423
2026-01-09 18:00:00+00:00,2026-01-11 07:00:00+00:00,1,37,3,2026-01-08 19:00:00+00:00,0.5966666666666667,0.7830193241437277,0.3736853865525423
2026-01-09 18:00:00+00:00,2026-01-11 08:00:00+00:00,1,38,3,2026-01-08 20:00:00+00:00,0.6,0.8157412608464559,0.3736853865525423
2026-01-09 18:00:00+00:00,2026-01-11 09:00:00+00:00,1,39,3,2026-01-08 21:00:00+00:00,0.31333333333333335,0.8005340298016866,0.3736853865525423
2026-01-09 18:00:00+00:00,2026-01-11 10:00:00+00:00,1,40,3,2026-01-08 22:00:00+00:00,0.21833333333333335,0.7659173409144083,0.3736853865525423
2026-01-09 18:00:00+00:00,2026-01-11 11:00:00+00:00,1,41,3,2026-01-08 23:00:00+00:00,0.27999999999999997,0.8097167611122131,0.3736853865525423
2026-01-09 18:00:00+00:00,2026-01-11 12:00:00+00:00,1,42,3,2026-01-09 00:00:00+00:00,0.2316666666666667,0.7807146906852722,0.3736853865525423
2026-01-09 18:00:00+00:00,2026-01-11 13:00:00+00:00,1,43,3,2026-01-09 01:00:00+00:00,0.445,0.6405872305234274,0.3736853865525423
2026-01-09 18:00:00+00:00,2026-01-11 14:00:00+00:00,1,44,3,2026-01-09 02:00:00+00:00,0.45166666666666666,0.7593102852503458,0.3736853865525423
2026-01-09 18:00:00+00:00,2026-01-11 15:00:00+00:00,1,45,3,2026-01-09 03:00:00+00:00,0.27499999999999997,0.6041430830955505,0.3736853865525423
2026-01-09 18:00:00+00:00,2026-01-11 16:00:00+00:00,1,46,3,2026-01-09 04:00:00+00:00,0.6066666666666667,0.6466806332270304,0.3736853865525423
2026-01-09 18:00:00+00:00,2026-01-11 17:00:00+00:00,1,47,3,2026-01-09 05:00:00+00:00,0.5499999999999999,0.6514402627944946,0.3736853865525423
2026-01-09 18:00:00+00:00,2026-01-11 18:00:00+00:00,1,48,3,2026-01-09 06:00:00+00:00,0.33166666666666667,0.5129103859265646,0.3736853865525423
2026-01-09 18:00:00+00:00,2026-01-09 19:00:00+00:00,2,1,1,2026-01-09 07:00:00+00:00,0.01,0.1106305221716563,0.36829703959695215
2026-01-09 18:00:00+00:00,2026-01-09 20:00:00+00:00,2,2,1,2026-01-09 08:00:00+00:00,0.01,0.1984160989522934,0.36829703959695215
2026-01-09 18:00:00+00:00,2026-01-09 21:00:00+00:00,2,3,1,2026-01-09 09:00:00+00:00,0.01,0.3400547405083974,0.36829703959695215
2026-01-09 18:00:00+00:00,2026-01-09 22:00:00+00:00,2,4,1,2026-01-09 10:00:00+00:00,0.01,0.46753520766894024,0.36829703959695215
2026-01-09 18:00:00+00:00,2026-01-09 23:00:00+00:00,2,5,1,2026-01-09 11:00:00+00:00,0.01,0.5176166792710623,0.36829703959695215
2026-01-09 18:00:00+00:00,2026-01-10 00:00:00+00:00,2,6,1,2026-01-09 12:00:00+00:00,0.016666666666666666,0.4726592501004537,0.36829703959695215
2026-01-09 18:00:00+00:00,2026-01-10 01:00:00+00:00,2,7,1,2026-01-09 13:00:00+00:00,0.043333333333333335,0.41152963042259216,0.36829703959695215
2026-01-09 18:00:00+00:00,2026-01-10 02:00:00+00:00,2,8,1,2026-01-09 14:00:00+00:00,0.034999999999999996,0.3375246326128642,0.36829703959695215
2026-01-09 18:00:00+00:00,2026-01-10 03:00:00+00:00,2,9,1,2026-01-09 15:00:00+00:00,0.03166666666666667,0.2989639441172282,0.36829703959695215
2026-01-09 18:00:00+00:00,2026-01-10 04:00:00+00:00,2,10,1,2026-01-09 16:00:00+00:00,0.08,0.29384856422742206,0.36829703959695215
2026-01-09 18:00:00+00:00,2026-01-10 05:00:00+00:00,2,11,1,2026-01-09 17:00:00+00:00,0.034999999999999996,0.3671707014242808,0.36829703959695215
2026-01-09 18:00:00+00:00,2026-01-10 06:00:00+00:00,2,12,1,2026-01-09 18:00:00+00:00,0.09000000000000001,0.467366486787796,0.36829703959695215
2026-01-09 18:00:00+00:00,2026-01-10 07:00:00+00:00,2,13,2,2026-01-08 19:00:00+00:00,0.049999999999999996,0.3436739593744278,0.36829703959695215
2026-01-09 18:00:00+00:00,2026-01-10 08:00:00+00:00,2,14,2,2026-01-08 20:00:00+00:00,0.24333333333333332,0.35519928733507794,0.36829703959695215
2026-01-09 18:00:00+00:00,2026-01-10 09:00:00+00:00,2,15,2,2026-01-08 21:00:00+00:00,0.18833333333333335,0.36860792835553485,0.36829703959695215
2026-01-09 18:00:00+00:00,2026-01-10 10:00:00+00:00,2,16,2,2026-01-08 22:00:00+00:00,0.21,0.3862941861152649,0.36829703959695215
2026-01-09 18:00:00+00:00,2026-01-10 11:00:00+00:00,2,17,2,2026-01-08 23:00:00+00:00,0.16666666666666666,0.4041691521803538,0.36829703959695215
2026-01-09 18:00:00+00:00,2026-01-10 12:00:00+00:00,2,18,2,2026-01-09 00:00:00+00:00,0.16166666666666668,0.5428761641184489,0.36829703959695215
2026-01-09 18:00:00+00:00,2026-01-10 13:00:00+00:00,2,19,2,2026-01-09 01:00:00+00:00,0.4466666666666666,0.500480075677236,0.36829703959695215
2026-01-09 18:00:00+00:00,2026-01-10 14:00:00+00:00,2,20,2,2026-01-09 02:00:00+00:00,0.39166666666666666,0.47900577386220294,0.36829703959695215
2026-01-09 18:00:00+00:00,2026-01-10 15:00:00+00:00,2,21,2,2026-01-09 03:00:00+00:00,0.49833333333333335,0.4707998236020406,0.36829703959695215
2026-01-09 18:00:00+00:00,2026-01-10 16:00:00+00:00,2,22,2,2026-01-09 04:00:00+00:00,0.5366666666666667,0.4166017274061839,0.36829703959695215
2026-01-09 18:00:00+00:00,2026-01-10 17:00:00+00:00,2,23,2,2026-01-09 05:00:00+00:00,0.3066666666666667,0.45091384649276733,0.36829703959695215
2026-01-09 18:00:00+00:00,2026-01-10 18:00:00+00:00,2,24,2,2026-01-09 06:00:00+00:00,0.45166666666666666,0.5575765271981558,0.36829703959695215
2026-01-09 18:00:00+00:00,2026-01-10 19:00:00+00:00,2,25,2,2026-01-09 07:00:00+00:00,0.8716666666666667,0.6119420925776163,0.36829703959695215
2026-01-09 18:00:00+00:00,2026-01-10 20:00:00+00:00,2,26,2,2026-01-09 08:00:00+00:00,0.9183333333333333,0.6768265962600708,0.36829703959695215
2026-01-09 18:00:00+00:00,2026-01-10 21:00:00+00:00,2,27,2,2026-01-09 09:00:00+00:00,0.6933333333333334,0.70637975136439,0.36829703959695215
2026-01-09 18:00:00+00:00,2026-01-10 22:00:00+00:00,2,28,2,2026-01-09 10:00:00+00:00,0.6866666666666666,0.7673479318618774,0.36829703959695215
2026-01-09 18:00:00+00:00,2026-01-10 23:00:00+00:00,2,29,2,2026-01-09 11:00:00+00:00,0.8233333333333334,0.8227497935295105,0.36829703959695215
2026-01-09 18:00:00+00:00,2026-01-11 00:00:00+00:00,2,30,2,2026-01-09 12:00:00+00:00,0.48,0.8742425044377645,0.36829703959695215
2026-01-09 18:00:00+00:00,2026-01-11 01:00:00+00:00,2,31,2,2026-01-09 13:00:00+00:00,0.5533333333333333,0.8721027970314026,0.36829703959695215
2026-01-09 18:00:00+00:00,2026-01-11 02:00:00+00:00,2,32,2,2026-01-09 14:00:00+00:00,0.445,0.8669341802597046,0.36829703959695215
2026-01-09 18:00:00+00:00,2026-01-11 03:00:00+00:00,2,33,2,2026-01-09 15:00:00+00:00,0.21666666666666667,0.8495528300603231,0.36829703959695215
2026-01-09 18:00:00+00:00,2026-01-11 04:00:00+00:00,2,34,2,2026-01-09 16:00:00+00:00,0.3233333333333333,0.8406580090522766,0.36829703959695215
2026-01-09 18:00:00+00:00,2026-01-11 05:00:00+00:00,2,35,2,2026-01-09 17:00:00+00:00,0.26333333333333336,0.7251095175743103,0.36829703959695215
2026-01-09 18:00:00+00:00,2026-01-11 06:00:00+00:00,2,36,2,2026-01-09 18:00:00+00:00,0.39666666666666667,0.6179080307483673,0.36829703959695215
2026-01-09 18:00:00+00:00,2026-01-11 07:00:00+00:00,2,37,3,2026-01-08 19:00:00+00:00,0.6766666666666666,0.8033098181088766,0.36829703959695215
2026-01-09 18:00:00+00:00,2026-01-11 08:00:00+00:00,2,38,3,2026-01-08 20:00:00+00:00,0.6016666666666667,0.8253716031710306,0.36829703959695215
2026-01-09 18:00:00+00:00,2026-01-11 09:00:00+00:00,2,39,3,2026-01-08 21:00:00+00:00,0.27499999999999997,0.8140468796094259,0.36829703959695215
2026-01-09 18:00:00+00:00,2026-01-11 10:00:00+00:00,2,40,3,2026-01-08 22:00:00+00:00,0.22999999999999998,0.7699019511540731,0.36829703959695215
2026-01-09 18:00:00+00:00,2026-01-11 11:00:00+00:00,2,41,3,2026-01-08 23:00:00+00:00,0.2283333333333333,0.8115571935971578,0.36829703959695215
2026-01-09 18:00:00+00:00,2026-01-11 12:00:00+00:00,2,42,3,2026-01-09 00:00:00+00:00,0.19000000000000003,0.7704057693481445,0.36829703959695215
2026-01-09 18:00:00+00:00,2026-01-11 13:00:00+00:00,2,43,3,2026-01-09 01:00:00+00:00,0.4583333333333333,0.6196549534797668,0.36829703959695215
2026-01-09 18:00:00+00:00,2026-01-11 14:00:00+00:00,2,44,3,2026-01-09 02:00:00+00:00,0.46166666666666667,0.7338235974311829,0.36829703959695215
2026-01-09 18:00:00+00:00,2026-01-11 15:00:00+00:00,2,45,3,2026-01-09 03:00:00+00:00,0.2866666666666667,0.5965592463811239,0.36829703959695215
2026-01-09 18:00:00+00:00,2026-01-11 16:00:00+00:00,2,46,3,2026-01-09 04:00:00+00:00,0.4916666666666667,0.6513349413871765,0.36829703959695215
2026-01-09 18:00:00+00:00,2026-01-11 17:00:00+00:00,2,47,3,2026-01-09 05:00:00+00:00,0.5183333333333334,0.6364121933778127,0.36829703959695215
2026-01-09 18:00:00+00:00,2026-01-11 18:00:00+00:00,2,48,3,2026-01-09 06:00:00+00:00,0.33,0.5090946058432261,0.36829703959695215
2026-01-10 18:00:00+00:00,2026-01-10 19:00:00+00:00,1,1,1,2026-01-10 07:00:00+00:00,0.84,0.8095346490542094,0.3736853865525423
2026-01-10 18:00:00+00:00,2026-01-10 20:00:00+00:00,1,2,1,2026-01-10 08:00:00+00:00,0.8983333333333333,0.8187655607859293,0.3736853865525423
2026-01-10 18:00:00+00:00,2026-01-10 21:00:00+00:00,1,3,1,2026-01-10 09:00:00+00:00,0.7116666666666666,0.8155734141667684,0.3736853865525423
2026-01-10 18:00:00+00:00,2026-01-10 22:00:00+00:00,1,4,1,2026-01-10 10:00:00+00:00,0.7716666666666666,0.8580122788747152,0.3736853865525423
2026-01-10 18:00:00+00:00,2026-01-10 23:00:00+00:00,1,5,1,2026-01-10 11:00:00+00:00,0.85,0.8786053657531738,0.3736853865525423
2026-01-10 18:00:00+00:00,2026-01-11 00:00:00+00:00,1,6,1,2026-01-10 12:00:00+00:00,0.4683333333333333,0.9139493107795715,0.3736853865525423
2026-01-10 18:00:00+00:00,2026-01-11 01:00:00+00:00,1,7,1,2026-01-10 13:00:00+00:00,0.5533333333333333,0.8927227656046549,0.3736853865525423
2026-01-10 18:00:00+00:00,2026-01-11 02:00:00+00:00,1,8,1,2026-01-10 14:00:00+00:00,0.48666666666666664,0.8794027169545492,0.3736853865525423
2026-01-10 18:00:00+00:00,2026-01-11 03:00:00+00:00,1,9,1,2026-01-10 15:00:00+00:00,0.21,0.8412001729011536,0.3736853865525423
2026-01-10 18:00:00+00:00,2026-01-11 04:00:00+00:00,1,10,1,2026-01-10 16:00:00+00:00,0.325,0.8315256635348002,0.3736853865525423
2026-01-10 18:00:00+00:00,2026-01-11 05:00:00+00:00,1,11,1,2026-01-10 17:00:00+00:00,0.27999999999999997,0.8175214529037476,0.3736853865525423
2026-01-10 18:00:00+00:00,2026-01-11 06:00:00+00:00,1,12,1,2026-01-10 18:00:00+00:00,0.4033333333333333,0.8754995067914327,0.3736853865525423
2026-01-10 18:00:00+00:00,2026-01-11 07:00:00+00:00,1,13,2,2026-01-09 19:00:00+00:00,0.5966666666666667,0.6587778429190317,0.3736853865525423
2026-01-10 18:00:00+00:00,2026-01-11 08:00:00+00:00,1,14,2,2026-01-09 20:00:00+00:00,0.6,0.5489769876003265,0.3736853865525423
2026-01-10 18:00:00+00:00,2026-01-11 09:00:00+00:00,1,15,2,2026-01-09 21:00:00+00:00,0.31333333333333335,0.5297521154085795,0.3736853865525423
2026-01-10 18:00:00+00:00,2026-01-11 10:00:00+00:00,1,16,2,2026-01-09 22:00:00+00:00,0.21833333333333335,0.5432418584823608,0.3736853865525423
2026-01-10 18:00:00+00:00,2026-01-11 11:00:00+00:00,1,17,2,2026-01-09 23:00:00+00:00,0.27999999999999997,0.6503462890783945,0.3736853865525423
2026-01-10 18:00:00+00:00,2026-01-11 12:00:00+00:00,1,18,2,2026-01-10 00:00:00+00:00,0.2316666666666667,0.5400343437989553,0.3736853865525423
2026-01-10 18:00:00+00:00,2026-01-11 13:00:00+00:00,1,19,2,2026-01-10 01:00:00+00:00,0.445,0.43378545840581256,0.3736853865525423
2026-01-10 18:00:00+00:00,2026-01-11 14:00:00+00:00,1,20,2,2026-01-10 02:00:00+00:00,0.45166666666666666,0.50625146428744,0.3736853865525423
2026-01-10 18:00:00+00:00,2026-01-11 15:00:00+00:00,1,21,2,2026-01-10 03:00:00+00:00,0.27499999999999997,0.5115661919116974,0.3736853865525423
2026-01-10 18:00:00+00:00,2026-01-11 16:00:00+00:00,1,22,2,2026-01-10 04:00:00+00:00,0.6066666666666667,0.4376930892467499,0.3736853865525423
2026-01-10 18:00:00+00:00,2026-01-11 17:00:00+00:00,1,23,2,2026-01-10 05:00:00+00:00,0.5499999999999999,0.3651830057303111,0.3736853865525423
2026-01-10 18:00:00+00:00,2026-01-11 18:00:00+00:00,1,24,2,2026-01-10 06:00:00+00:00,0.33166666666666667,0.421629657347997,0.3736853865525423
2026-01-10 18:00:00+00:00,2026-01-11 19:00:00+00:00,1,25,2,2026-01-10 07:00:00+00:00,0.58,0.43532488743464154,0.3736853865525423
2026-01-10 18:00:00+00:00,2026-01-11 20:00:00+00:00,1,26,2,2026-01-10 08:00:00+00:00,0.4033333333333333,0.3824907938639323,0.3736853865525423
2026-01-10 18:00:00+00:00,2026-01-11 21:00:00+00:00,1,27,2,2026-01-10 09:00:00+00:00,0.06833333333333334,0.324195792277654,0.3736853865525423
2026-01-10 18:00:00+00:00,2026-01-11 22:00:00+00:00,1,28,2,2026-01-10 10:00:00+00:00,0.015,0.2725674907366435,0.3736853865525423
2026-01-10 18:00:00+00:00,2026-01-11 23:00:00+00:00,1,29,2,2026-01-10 11:00:00+00:00,0.023333333333333334,0.21942674120267233,0.3736853865525423
2026-01-10 18:00:00+00:00,2026-01-12 00:00:00+00:00,1,30,2,2026-01-10 12:00:00+00:00,0.01,0.03217341750860214,0.3736853865525423
2026-01-10 18:00:00+00:00,2026-01-12 01:00:00+00:00,1,31,2,2026-01-10 13:00:00+00:00,0.01,0.012737231096252799,0.3736853865525423
2026-01-10 18:00:00+00:00,2026-01-12 02:00:00+00:00,1,32,2,2026-01-10 14:00:00+00:00,0.01,0.01772890565916896,0.3736853865525423
2026-01-10 18:00:00+00:00,2026-01-12 03:00:00+00:00,1,33,2,2026-01-10 15:00:00+00:00,0.01,0.03682639077305794,0.3736853865525423
2026-01-10 18:00:00+00:00,2026-01-12 04:00:00+00:00,1,34,2,2026-01-10 16:00:00+00:00,0.01,0.015988897997885942,0.3736853865525423
2026-01-10 18:00:00+00:00,2026-01-12 05:00:00+00:00,1,35,2,2026-01-10 17:00:00+00:00,0.01,0.016171076335012913,0.3736853865525423
2026-01-10 18:00:00+00:00,2026-01-12 06:00:00+00:00,1,36,2,2026-01-10 18:00:00+00:00,0.01,0.03757249750196934,0.3736853865525423
2026-01-10 18:00:00+00:00,2026-01-12 07:00:00+00:00,1,37,3,2026-01-09 19:00:00+00:00,0.011666666666666667,0.08053601905703545,0.3736853865525423
2026-01-10 18:00:00+00:00,2026-01-12 08:00:00+00:00,1,38,3,2026-01-09 20:00:00+00:00,0.09666666666666668,0.10582077503204346,0.3736853865525423
2026-01-10 18:00:00+00:00,2026-01-12 09:00:00+00:00,1,39,3,2026-01-09 21:00:00+00:00,0.16333333333333333,0.29498597979545593,0.3736853865525423
2026-01-10 18:00:00+00:00,2026-01-12 10:00:00+00:00,1,40,3,2026-01-09 22:00:00+00:00,0.05666666666666667,0.8052414655685425,0.3736853865525423
2026-01-10 18:00:00+00:00,2026-01-12 11:00:00+00:00,1,41,3,2026-01-09 23:00:00+00:00,0.15333333333333332,0.9443696737289429,0.3736853865525423
2026-01-10 18:00:00+00:00,2026-01-12 12:00:00+00:00,1,42,3,2026-01-10 00:00:00+00:00,0.545,0.7001131772994995,0.3736853865525423
2026-01-10 18:00:00+00:00,2026-01-12 13:00:00+00:00,1,43,3,2026-01-10 01:00:00+00:00,0.615,0.30578090250492096,0.3736853865525423
2026-01-10 18:00:00+00:00,2026-01-12 14:00:00+00:00,1,44,3,2026-01-10 02:00:00+00:00,0.58,0.4516899287700653,0.3736853865525423
2026-01-10 18:00:00+00:00,2026-01-12 15:00:00+00:00,1,45,3,2026-01-10 03:00:00+00:00,0.5633333333333334,0.08281807353099187,0.3736853865525423
2026-01-10 18:00:00+00:00,2026-01-12 16:00:00+00:00,1,46,3,2026-01-10 04:00:00+00:00,0.285,0.05518724645177523,0.3736853865525423
2026-01-10 18:00:00+00:00,2026-01-12 17:00:00+00:00,1,47,3,2026-01-10 05:00:00+00:00,0.26333333333333336,0.016545355164756376,0.3736853865525423
2026-01-10 18:00:00+00:00,2026-01-12 18:00:00+00:00,1,48,3,2026-01-10 06:00:00+00:00,0.11833333333333333,0.029390345017115276,0.3736853865525423
2026-01-10 18:00:00+00:00,2026-01-10 19:00:00+00:00,2,1,1,2026-01-10 07:00:00+00:00,0.8716666666666667,0.7816901803016663,0.36829703959695215
2026-01-10 18:00:00+00:00,2026-01-10 20:00:00+00:00,2,2,1,2026-01-10 08:00:00+00:00,0.9183333333333333,0.7933084964752197,0.36829703959695215
2026-01-10 18:00:00+00:00,2026-01-10 21:00:00+00:00,2,3,1,2026-01-10 09:00:00+00:00,0.6933333333333334,0.7962308128674825,0.36829703959695215
2026-01-10 18:00:00+00:00,2026-01-10 22:00:00+00:00,2,4,1,2026-01-10 10:00:00+00:00,0.6866666666666666,0.8407182296117147,0.36829703959695215
2026-01-10 18:00:00+00:00,2026-01-10 23:00:00+00:00,2,5,1,2026-01-10 11:00:00+00:00,0.8233333333333334,0.8678547541300455,0.36829703959695215
2026-01-10 18:00:00+00:00,2026-01-11 00:00:00+00:00,2,6,1,2026-01-10 12:00:00+00:00,0.48,0.9060675700505575,0.36829703959695215
2026-01-10 18:00:00+00:00,2026-01-11 01:00:00+00:00,2,7,1,2026-01-10 13:00:00+00:00,0.5533333333333333,0.8868527809778849,0.36829703959695215
2026-01-10 18:00:00+00:00,2026-01-11 02:00:00+00:00,2,8,1,2026-01-10 14:00:00+00:00,0.445,0.8735407789548238,0.36829703959695215
2026-01-10 18:00:00+00:00,2026-01-11 03:00:00+00:00,2,9,1,2026-01-10 15:00:00+00:00,0.21666666666666667,0.8335593541463217,0.36829703959695215
2026-01-10 18:00:00+00:00,2026-01-11 04:00:00+00:00,2,10,1,2026-01-10 16:00:00+00:00,0.3233333333333333,0.8227514028549194,0.36829703959695215
2026-01-10 18:00:00+00:00,2026-01-11 05:00:00+00:00,2,11,1,2026-01-10 17:00:00+00:00,0.26333333333333336,0.8179184993108114,0.36829703959695215
2026-01-10 18:00:00+00:00,2026-01-11 06:00:00+00:00,2,12,1,2026-01-10 18:00:00+00:00,0.39666666666666667,0.8857345382372538,0.36829703959695215
2026-01-10 18:00:00+00:00,2026-01-11 07:00:00+00:00,2,13,2,2026-01-09 19:00:00+00:00,0.6766666666666666,0.6697366038958231,0.36829703959695215
2026-01-10 18:00:00+00:00,2026-01-11 08:00:00+00:00,2,14,2,2026-01-09 20:00:00+00:00,0.6016666666666667,0.5606585244337717,0.36829703959695215
2026-01-10 18:00:00+00:00,2026-01-11 09:00:00+00:00,2,15,2,2026-01-09 21:00:00+00:00,0.27499999999999997,0.5412400960922241,0.36829703959695215
2026-01-10 18:00:00+00:00,2026-01-11 10:00:00+00:00,2,16,2,2026-01-09 22:00:00+00:00,0.22999999999999998,0.5564703047275543,0.36829703959695215
2026-01-10 18:00:00+00:00,2026-01-11 11:00:00+00:00,2,17,2,2026-01-09 23:00:00+00:00,0.2283333333333333,0.6490884919961294,0.36829703959695215
2026-01-10 18:00:00+00:00,2026-01-11 12:00:00+00:00,2,18,2,2026-01-10 00:00:00+00:00,0.19000000000000003,0.5166667203108469,0.36829703959695215
2026-01-10 18:00:00+00:00,2026-01-11 13:00:00+00:00,2,19,2,2026-01-10 01:00:00+00:00,0.4583333333333333,0.4020608266194661,0.36829703959695215
2026-01-10 18:00:00+00:00,2026-01-11 14:00:00+00:00,2,20,2,2026-01-10 02:00:00+00:00,0.46166666666666667,0.465474933385849,0.36829703959695215
2026-01-10 18:00:00+00:00,2026-01-11 15:00:00+00:00,2,21,2,2026-01-10 03:00:00+00:00,0.2866666666666667,0.4714919527371724,0.36829703959695215
2026-01-10 18:00:00+00:00,2026-01-11 16:00:00+00:00,2,22,2,2026-01-10 04:00:00+00:00,0.4916666666666667,0.40769681334495544,0.36829703959695215
2026-01-10 18:00:00+00:00,2026-01-11 17:00:00+00:00,2,23,2,2026-01-10 05:00:00+00:00,0.5183333333333334,0.3425806413094203,0.36829703959695215
2026-01-10 18:00:00+00:00,2026-01-11 18:00:00+00:00,2,24,2,2026-01-10 06:00:00+00:00,0.33,0.3823428253332774,0.36829703959695215
2026-01-10 18:00:00+00:00,2026-01-11 19:00:00+00:00,2,25,2,2026-01-10 07:00:00+00:00,0.49,0.3942737976710002,0.36829703959695215
2026-01-10 18:00:00+00:00,2026-01-11 20:00:00+00:00,2,26,2,2026-01-10 08:00:00+00:00,0.3933333333333333,0.3429838915665944,0.36829703959695215
2026-01-10 18:00:00+00:00,2026-01-11 21:00:00+00:00,2,27,2,2026-01-10 09:00:00+00:00,0.04666666666666667,0.2942730188369751,0.36829703959695215
2026-01-10 18:00:00+00:00,2026-01-11 22:00:00+00:00,2,28,2,2026-01-10 10:00:00+00:00,0.01,0.258882815639178,0.36829703959695215
2026-01-10 18:00:00+00:00,2026-01-11 23:00:00+00:00,2,29,2,2026-01-10 11:00:00+00:00,0.011666666666666667,0.20914537707964578,0.36829703959695215
2026-01-10 18:00:00+00:00,2026-01-12 00:00:00+00:00,2,30,2,2026-01-10 12:00:00+00:00,0.01,0.028903847560286522,0.36829703959695215
2026-01-10 18:00:00+00:00,2026-01-12 01:00:00+00:00,2,31,2,2026-01-10 13:00:00+00:00,0.01,0.012542537956809005,0.36829703959695215
2026-01-10 18:00:00+00:00,2026-01-12 02:00:00+00:00,2,32,2,2026-01-10 14:00:00+00:00,0.01,0.01750286327054103,0.36829703959695215
2026-01-10 18:00:00+00:00,2026-01-12 03:00:00+00:00,2,33,2,2026-01-10 15:00:00+00:00,0.01,0.03288260226448377,0.36829703959695215
2026-01-10 18:00:00+00:00,2026-01-12 04:00:00+00:00,2,34,2,2026-01-10 16:00:00+00:00,0.01,0.015230940033992132,0.36829703959695215
2026-01-10 18:00:00+00:00,2026-01-12 05:00:00+00:00,2,35,2,2026-01-10 17:00:00+00:00,0.01,0.016062689013779163,0.36829703959695215
2026-01-10 18:00:00+00:00,2026-01-12 06:00:00+00:00,2,36,2,2026-01-10 18:00:00+00:00,0.01,0.03796927630901337,0.36829703959695215
2026-01-10 18:00:00+00:00,2026-01-12 07:00:00+00:00,2,37,3,2026-01-09 19:00:00+00:00,0.008333333333333333,0.08424678941567738,0.36829703959695215
2026-01-10 18:00:00+00:00,2026-01-12 08:00:00+00:00,2,38,3,2026-01-09 20:00:00+00:00,0.10333333333333333,0.11243783434232076,0.36829703959695215
2026-01-10 18:00:00+00:00,2026-01-12 09:00:00+00:00,2,39,3,2026-01-09 21:00:00+00:00,0.19000000000000003,0.3047119478384654,0.36829703959695215
2026-01-10 18:00:00+00:00,2026-01-12 10:00:00+00:00,2,40,3,2026-01-09 22:00:00+00:00,0.06666666666666667,0.8028262654940287,0.36829703959695215
2026-01-10 18:00:00+00:00,2026-01-12 11:00:00+00:00,2,41,3,2026-01-09 23:00:00+00:00,0.13666666666666666,0.9393015702565511,0.36829703959695215
2026-01-10 18:00:00+00:00,2026-01-12 12:00:00+00:00,2,42,3,2026-01-10 00:00:00+00:00,0.5816666666666667,0.7053417563438416,0.36829703959695215
2026-01-10 18:00:00+00:00,2026-01-12 13:00:00+00:00,2,43,3,2026-01-10 01:00:00+00:00,0.6233333333333334,0.30457037687301636,0.36829703959695215
2026-01-10 18:00:00+00:00,2026-01-12 14:00:00+00:00,2,44,3,2026-01-10 02:00:00+00:00,0.59,0.4479831059773763,0.36829703959695215
2026-01-10 18:00:00+00:00,2026-01-12 15:00:00+00:00,2,45,3,2026-01-10 03:00:00+00:00,0.5683333333333334,0.07542027284701665,0.36829703959695215
2026-01-10 18:00:00+00:00,2026-01-12 16:00:00+00:00,2,46,3,2026-01-10 04:00:00+00:00,0.285,0.05173883525033792,0.36829703959695215
2026-01-10 18:00:00+00:00,2026-01-12 17:00:00+00:00,2,47,3,2026-01-10 05:00:00+00:00,0.26666666666666666,0.015620248392224312,0.36829703959695215
2026-01-10 18:00:00+00:00,2026-01-12 18:00:00+00:00,2,48,3,2026-01-10 06:00:00+00:00,0.115,0.02809845469892025,0.36829703959695215
2026-01-11 18:00:00+00:00,2026-01-11 19:00:00+00:00,1,1,1,2026-01-11 07:00:00+00:00,0.58,0.2625154455502828,0.3736853865525423
2026-01-11 18:00:00+00:00,2026-01-11 20:00:00+00:00,1,2,1,2026-01-11 08:00:00+00:00,0.4033333333333333,0.17052631080150604,0.3736853865525423
2026-01-11 18:00:00+00:00,2026-01-11 21:00:00+00:00,1,3,1,2026-01-11 09:00:00+00:00,0.06833333333333334,0.0671116088827451,0.3736853865525423
2026-01-11 18:00:00+00:00,2026-01-11 22:00:00+00:00,1,4,1,2026-01-11 10:00:00+00:00,0.015,0.023326822866996128,0.3736853865525423
2026-01-11 18:00:00+00:00,2026-01-11 23:00:00+00:00,1,5,1,2026-01-11 11:00:00+00:00,0.023333333333333334,0.013914644873390595,0.3736853865525423
2026-01-11 18:00:00+00:00,2026-01-12 00:00:00+00:00,1,6,1,2026-01-11 12:00:00+00:00,0.01,0.04110876719156901,0.3736853865525423
2026-01-11 18:00:00+00:00,2026-01-12 01:00:00+00:00,1,7,1,2026-01-11 13:00:00+00:00,0.01,0.015519909095019102,0.3736853865525423
2026-01-11 18:00:00+00:00,2026-01-12 02:00:00+00:00,1,8,1,2026-01-11 14:00:00+00:00,0.01,0.017119557596743107,0.3736853865525423
2026-01-11 18:00:00+00:00,2026-01-12 03:00:00+00:00,1,9,1,2026-01-11 15:00:00+00:00,0.01,0.018473143068452675,0.3736853865525423
2026-01-11 18:00:00+00:00,2026-01-12 04:00:00+00:00,1,10,1,2026-01-11 16:00:00+00:00,0.01,0.017671475497384865,0.3736853865525423
2026-01-11 18:00:00+00:00,2026-01-12 05:00:00+00:00,1,11,1,2026-01-11 17:00:00+00:00,0.01,0.03240278239051501,0.3736853865525423
2026-01-11 18:00:00+00:00,2026-01-12 06:00:00+00:00,1,12,1,2026-01-11 18:00:00+00:00,0.01,0.04629323383172353,0.3736853865525423
2026-01-11 18:00:00+00:00,2026-01-12 07:00:00+00:00,1,13,2,2026-01-10 19:00:00+00:00,0.011666666666666667,0.08064290508627892,0.3736853865525423
2026-01-11 18:00:00+00:00,2026-01-12 08:00:00+00:00,1,14,2,2026-01-10 20:00:00+00:00,0.09666666666666668,0.11459794888893764,0.3736853865525423
2026-01-11 18:00:00+00:00,2026-01-12 09:00:00+00:00,1,15,2,2026-01-10 21:00:00+00:00,0.16333333333333333,0.12326184908548991,0.3736853865525423
2026-01-11 18:00:00+00:00,2026-01-12 10:00:00+00:00,1,16,2,2026-01-10 22:00:00+00:00,0.05666666666666667,0.12350076933701833,0.3736853865525423
2026-01-11 18:00:00+00:00,2026-01-12 11:00:00+00:00,1,17,2,2026-01-10 23:00:00+00:00,0.15333333333333332,0.12960213919480643,0.3736853865525423
2026-01-11 18:00:00+00:00,2026-01-12 12:00:00+00:00,1,18,2,2026-01-11 00:00:00+00:00,0.545,0.1936919242143631,0.3736853865525423
2026-01-11 18:00:00+00:00,2026-01-12 13:00:00+00:00,1,19,2,2026-01-11 01:00:00+00:00,0.615,0.16588327785332999,0.3736853865525423
2026-01-11 18:00:00+00:00,2026-01-12 14:00:00+00:00,1,20,2,2026-01-11 02:00:00+00:00,0.58,0.11260040352741878,0.3736853865525423
2026-01-11 18:00:00+00:00,2026-01-12 15:00:00+00:00,1,21,2,2026-01-11 03:00:00+00:00,0.5633333333333334,0.1127250815431277,0.3736853865525423
2026-01-11 18:00:00+00:00,2026-01-12 16:00:00+00:00,1,22,2,2026-01-11 04:00:00+00:00,0.285,0.06529589494069417,0.3736853865525423
2026-01-11 18:00:00+00:00,2026-01-12 17:00:00+00:00,1,23,2,2026-01-11 05:00:00+00:00,0.26333333333333336,0.13417312254508337,0.3736853865525423
2026-01-11 18:00:00+00:00,2026-01-12 18:00:00+00:00,1,24,2,2026-01-11 06:00:00+00:00,0.11833333333333333,0.04511590053637823,0.3736853865525423
2026-01-11 18:00:00+00:00,2026-01-12 19:00:00+00:00,1,25,2,2026-01-11 07:00:00+00:00,0.2233333333333333,0.0588020384311676,0.3736853865525423
2026-01-11 18:00:00+00:00,2026-01-12 20:00:00+00:00,1,26,2,2026-01-11 08:00:00+00:00,0.13833333333333334,0.10963982343673706,0.3736853865525423
2026-01-11 18:00:00+00:00,2026-01-12 21:00:00+00:00,1,27,2,2026-01-11 09:00:00+00:00,0.14833333333333334,0.055113608638445534,0.3736853865525423
2026-01-11 18:00:00+00:00,2026-01-12 22:00:00+00:00,1,28,2,2026-01-11 10:00:00+00:00,0.22833333333333336,0.021615431644022465,0.3736853865525423
2026-01-11 18:00:00+00:00,2026-01-12 23:00:00+00:00,1,29,2,2026-01-11 11:00:00+00:00,0.17666666666666667,0.013007662103821835,0.3736853865525423
2026-01-11 18:00:00+00:00,2026-01-13 00:00:00+00:00,1,30,2,2026-01-11 12:00:00+00:00,0.045000000000000005,0.017119289686282475,0.3736853865525423
2026-01-11 18:00:00+00:00,2026-01-13 01:00:00+00:00,1,31,2,2026-01-11 13:00:00+00:00,0.01,0.010777154006063938,0.3736853865525423
2026-01-11 18:00:00+00:00,2026-01-13 02:00:00+00:00,1,32,2,2026-01-11 14:00:00+00:00,0.021666666666666667,0.01054724802573522,0.3736853865525423
2026-01-11 18:00:00+00:00,2026-01-13 03:00:00+00:00,1,33,2,2026-01-11 15:00:00+00:00,0.11333333333333334,0.011773930862545967,0.3736853865525423
2026-01-11 18:00:00+00:00,2026-01-13 04:00:00+00:00,1,34,2,2026-01-11 16:00:00+00:00,0.14833333333333334,0.00889471685513854,0.3736853865525423
2026-01-11 18:00:00+00:00,2026-01-13 05:00:00+00:00,1,35,2,2026-01-11 17:00:00+00:00,0.18000000000000002,0.014882024377584457,0.3736853865525423
2026-01-11 18:00:00+00:00,2026-01-13 06:00:00+00:00,1,36,2,2026-01-11 18:00:00+00:00,0.2333333333333333,0.04579495762785276,0.3736853865525423
2026-01-11 18:00:00+00:00,2026-01-13 07:00:00+00:00,1,37,3,2026-01-10 19:00:00+00:00,0.515,0.01977820632358392,0.3736853865525423
2026-01-11 18:00:00+00:00,2026-01-13 08:00:00+00:00,1,38,3,2026-01-10 20:00:00+00:00,0.64,0.032321265588204064,0.3736853865525423
2026-01-11 18:00:00+00:00,2026-01-13 09:00:00+00:00,1,39,3,2026-01-10 21:00:00+00:00,0.7833333333333333,0.0833316519856453,0.3736853865525423
2026-01-11 18:00:00+00:00,2026-01-13 10:00:00+00:00,1,40,3,2026-01-10 22:00:00+00:00,0.985,0.08753616238633792,0.3736853865525423
2026-01-11 18:00:00+00:00,2026-01-13 11:00:00+00:00,1,41,3,2026-01-10 23:00:00+00:00,0.9899999999999999,0.17252409209807715,0.3736853865525423
2026-01-11 18:00:00+00:00,2026-01-13 12:00:00+00:00,1,42,3,2026-01-11 00:00:00+00:00,0.9899999999999999,0.3284387191136678,0.3736853865525423
2026-01-11 18:00:00+00:00,2026-01-13 13:00:00+00:00,1,43,3,2026-01-11 01:00:00+00:00,0.9899999999999999,0.6331393718719482,0.3736853865525423
2026-01-11 18:00:00+00:00,2026-01-13 14:00:00+00:00,1,44,3,2026-01-11 02:00:00+00:00,0.9899999999999999,0.73468945423762,0.3736853865525423
2026-01-11 18:00:00+00:00,2026-01-13 15:00:00+00:00,1,45,3,2026-01-11 03:00:00+00:00,0.9899999999999999,0.6809893051783243,0.3736853865525423
2026-01-11 18:00:00+00:00,2026-01-13 16:00:00+00:00,1,46,3,2026-01-11 04:00:00+00:00,0.9266666666666666,0.5897824565569559,0.3736853865525423
2026-01-11 18:00:00+00:00,2026-01-13 17:00:00+00:00,1,47,3,2026-01-11 05:00:00+00:00,0.9516666666666667,0.561943382024765,0.3736853865525423
2026-01-11 18:00:00+00:00,2026-01-13 18:00:00+00:00,1,48,3,2026-01-11 06:00:00+00:00,0.9183333333333333,0.8675376772880554,0.3736853865525423
2026-01-11 18:00:00+00:00,2026-01-11 19:00:00+00:00,2,1,1,2026-01-11 07:00:00+00:00,0.49,0.23877146343390146,0.36829703959695215
2026-01-11 18:00:00+00:00,2026-01-11 20:00:00+00:00,2,2,1,2026-01-11 08:00:00+00:00,0.3933333333333333,0.15494935711224875,0.36829703959695215
2026-01-11 18:00:00+00:00,2026-01-11 21:00:00+00:00,2,3,1,2026-01-11 09:00:00+00:00,0.04666666666666667,0.06337194889783859,0.36829703959695215
2026-01-11 18:00:00+00:00,2026-01-11 22:00:00+00:00,2,4,1,2026-01-11 10:00:00+00:00,0.01,0.020886852405965328,0.36829703959695215
2026-01-11 18:00:00+00:00,2026-01-11 23:00:00+00:00,2,5,1,2026-01-11 11:00:00+00:00,0.011666666666666667,0.013290617459764084,0.36829703959695215
2026-01-11 18:00:00+00:00,2026-01-12 00:00:00+00:00,2,6,1,2026-01-11 12:00:00+00:00,0.01,0.03630051823953787,0.36829703959695215
2026-01-11 18:00:00+00:00,2026-01-12 01:00:00+00:00,2,7,1,2026-01-11 13:00:00+00:00,0.01,0.015313371239850918,0.36829703959695215
2026-01-11 18:00:00+00:00,2026-01-12 02:00:00+00:00,2,8,1,2026-01-11 14:00:00+00:00,0.01,0.0171263263716052,0.36829703959695215
2026-01-11 18:00:00+00:00,2026-01-12 03:00:00+00:00,2,9,1,2026-01-11 15:00:00+00:00,0.01,0.015779349021613598,0.36829703959695215
2026-01-11 18:00:00+00:00,2026-01-12 04:00:00+00:00,2,10,1,2026-01-11 16:00:00+00:00,0.01,0.016129810207833845,0.36829703959695215
2026-01-11 18:00:00+00:00,2026-01-12 05:00:00+00:00,2,11,1,2026-01-11 17:00:00+00:00,0.01,0.031861785178383194,0.36829703959695215
2026-01-11 18:00:00+00:00,2026-01-12 06:00:00+00:00,2,12,1,2026-01-11 18:00:00+00:00,0.01,0.04378641024231911,0.36829703959695215
2026-01-11 18:00:00+00:00,2026-01-12 07:00:00+00:00,2,13,2,2026-01-10 19:00:00+00:00,0.008333333333333333,0.08126116047302882,0.36829703959695215
2026-01-11 18:00:00+00:00,2026-01-12 08:00:00+00:00,2,14,2,2026-01-10 20:00:00+00:00,0.10333333333333333,0.12015871206919353,0.36829703959695215
2026-01-11 18:00:00+00:00,2026-01-12 09:00:00+00:00,2,15,2,2026-01-10 21:00:00+00:00,0.19000000000000003,0.12714286396900812,0.36829703959695215
2026-01-11 18:00:00+00:00,2026-01-12 10:00:00+00:00,2,16,2,2026-01-10 22:00:00+00:00,0.06666666666666667,0.1322824483116468,0.36829703959695215
2026-01-11 18:00:00+00:00,2026-01-12 11:00:00+00:00,2,17,2,2026-01-10 23:00:00+00:00,0.13666666666666666,0.14039244502782822,0.36829703959695215
2026-01-11 18:00:00+00:00,2026-01-12 12:00:00+00:00,2,18,2,2026-01-11 00:00:00+00:00,0.5816666666666667,0.19236836830774942,0.36829703959695215
2026-01-11 18:00:00+00:00,2026-01-12 13:00:00+00:00,2,19,2,2026-01-11 01:00:00+00:00,0.6233333333333334,0.1618946741024653,0.36829703959695215
2026-01-11 18:00:00+00:00,2026-01-12 14:00:00+00:00,2,20,2,2026-01-11 02:00:00+00:00,0.59,0.1071838562687238,0.36829703959695215
2026-01-11 18:00:00+00:00,2026-01-12 15:00:00+00:00,2,21,2,2026-01-11 03:00:00+00:00,0.5683333333333334,0.10828966150681178,0.36829703959695215
2026-01-11 18:00:00+00:00,2026-01-12 16:00:00+00:00,2,22,2,2026-01-11 04:00:00+00:00,0.285,0.06440613294641177,0.36829703959695215
2026-01-11 18:00:00+00:00,2026-01-12 17:00:00+00:00,2,23,2,2026-01-11 05:00:00+00:00,0.26666666666666666,0.13802179073294005,0.36829703959695215
2026-01-11 18:00:00+00:00,2026-01-12 18:00:00+00:00,2,24,2,2026-01-11 06:00:00+00:00,0.115,0.040373709673682846,0.36829703959695215
2026-01-11 18:00:00+00:00,2026-01-12 19:00:00+00:00,2,25,2,2026-01-11 07:00:00+00:00,0.22166666666666668,0.05284309511383375,0.36829703959695215
2026-01-11 18:00:00+00:00,2026-01-12 20:00:00+00:00,2,26,2,2026-01-11 08:00:00+00:00,0.13833333333333334,0.10030875851710637,0.36829703959695215
2026-01-11 18:00:00+00:00,2026-01-12 21:00:00+00:00,2,27,2,2026-01-11 09:00:00+00:00,0.145,0.04841792459289233,0.36829703959695215
2026-01-11 18:00:00+00:00,2026-01-12 22:00:00+00:00,2,28,2,2026-01-11 10:00:00+00:00,0.22333333333333336,0.02000407160570224,0.36829703959695215
2026-01-11 18:00:00+00:00,2026-01-12 23:00:00+00:00,2,29,2,2026-01-11 11:00:00+00:00,0.17166666666666666,0.012276241245369116,0.36829703959695215
2026-01-11 18:00:00+00:00,2026-01-13 00:00:00+00:00,2,30,2,2026-01-11 12:00:00+00:00,0.04833333333333334,0.017061616604526837,0.36829703959695215
2026-01-11 18:00:00+00:00,2026-01-13 01:00:00+00:00,2,31,2,2026-01-11 13:00:00+00:00,0.008333333333333333,0.010258974119399985,0.36829703959695215
2026-01-11 18:00:00+00:00,2026-01-13 02:00:00+00:00,2,32,2,2026-01-11 14:00:00+00:00,0.021666666666666667,0.010296329312647382,0.36829703959695215
2026-01-11 18:00:00+00:00,2026-01-13 03:00:00+00:00,2,33,2,2026-01-11 15:00:00+00:00,0.11,0.012490151760478815,0.36829703959695215
2026-01-11 18:00:00+00:00,2026-01-13 04:00:00+00:00,2,34,2,2026-01-11 16:00:00+00:00,0.11166666666666668,0.009578380035236478,0.36829703959695215
2026-01-11 18:00:00+00:00,2026-01-13 05:00:00+00:00,2,35,2,2026-01-11 17:00:00+00:00,0.16833333333333333,0.013900146509210268,0.36829703959695215
2026-01-11 18:00:00+00:00,2026-01-13 06:00:00+00:00,2,36,2,2026-01-11 18:00:00+00:00,0.2333333333333333,0.04767658437291781,0.36829703959695215
2026-01-11 18:00:00+00:00,2026-01-13 07:00:00+00:00,2,37,3,2026-01-10 19:00:00+00:00,0.5033333333333333,0.020696100468436878,0.36829703959695215
2026-01-11 18:00:00+00:00,2026-01-13 08:00:00+00:00,2,38,3,2026-01-10 20:00:00+00:00,0.7066666666666667,0.03243097042044004,0.36829703959695215
2026-01-11 18:00:00+00:00,2026-01-13 09:00:00+00:00,2,39,3,2026-01-10 21:00:00+00:00,0.8166666666666668,0.07484266410271327,0.36829703959695215
2026-01-11 18:00:00+00:00,2026-01-13 10:00:00+00:00,2,40,3,2026-01-10 22:00:00+00:00,0.9833333333333334,0.08051994815468788,0.36829703959695215
2026-01-11 18:00:00+00:00,2026-01-13 11:00:00+00:00,2,41,3,2026-01-10 23:00:00+00:00,0.9883333333333333,0.1688361937801043,0.36829703959695215
2026-01-11 18:00:00+00:00,2026-01-13 12:00:00+00:00,2,42,3,2026-01-11 00:00:00+00:00,0.9899999999999999,0.33843982219696045,0.36829703959695215
2026-01-11 18:00:00+00:00,2026-01-13 13:00:00+00:00,2,43,3,2026-01-11 01:00:00+00:00,0.9899999999999999,0.6284582217534384,0.36829703959695215
2026-01-11 18:00:00+00:00,2026-01-13 14:00:00+00:00,2,44,3,2026-01-11 02:00:00+00:00,0.9916666666666667,0.7062400182088217,0.36829703959695215
2026-01-11 18:00:00+00:00,2026-01-13 15:00:00+00:00,2,45,3,2026-01-11 03:00:00+00:00,0.995,0.6670645475387573,0.36829703959695215
2026-01-11 18:00:00+00:00,2026-01-13 16:00:00+00:00,2,46,3,2026-01-11 04:00:00+00:00,0.9700000000000001,0.5890870292981466,0.36829703959695215
2026-01-11 18:00:00+00:00,2026-01-13 17:00:00+00:00,2,47,3,2026-01-11 05:00:00+00:00,0.9733333333333333,0.5608690083026886,0.36829703959695215
2026-01-11 18:00:00+00:00,2026-01-13 18:00:00+00:00,2,48,3,2026-01-11 06:00:00+00:00,0.8450000000000001,0.8685615261395773,0.36829703959695215
2026-01-12 18:00:00+00:00,2026-01-12 19:00:00+00:00,1,1,1,2026-01-12 07:00:00+00:00,0.2233333333333333,0.03922421702494224,0.3736853865525423
2026-01-12 18:00:00+00:00,2026-01-12 20:00:00+00:00,1,2,1,2026-01-12 08:00:00+00:00,0.13833333333333334,0.033029058327277504,0.3736853865525423
2026-01-12 18:00:00+00:00,2026-01-12 21:00:00+00:00,1,3,1,2026-01-12 09:00:00+00:00,0.14833333333333334,0.03185040783137083,0.3736853865525423
2026-01-12 18:00:00+00:00,2026-01-12 22:00:00+00:00,1,4,1,2026-01-12 10:00:00+00:00,0.22833333333333336,0.021563635518153507,0.3736853865525423
2026-01-12 18:00:00+00:00,2026-01-12 23:00:00+00:00,1,5,1,2026-01-12 11:00:00+00:00,0.17666666666666667,0.019484079753359158,0.3736853865525423
2026-01-12 18:00:00+00:00,2026-01-13 00:00:00+00:00,1,6,1,2026-01-12 12:00:00+00:00,0.045000000000000005,0.01486732034633557,0.3736853865525423
2026-01-12 18:00:00+00:00,2026-01-13 01:00:00+00:00,1,7,1,2026-01-12 13:00:00+00:00,0.01,0.01594280529146393,0.3736853865525423
2026-01-12 18:00:00+00:00,2026-01-13 02:00:00+00:00,1,8,1,2026-01-12 14:00:00+00:00,0.021666666666666667,0.01234604666630427,0.3736853865525423
2026-01-12 18:00:00+00:00,2026-01-13 03:00:00+00:00,1,9,1,2026-01-12 15:00:00+00:00,0.11333333333333334,0.017384060968955357,0.3736853865525423
2026-01-12 18:00:00+00:00,2026-01-13 04:00:00+00:00,1,10,1,2026-01-12 16:00:00+00:00,0.14833333333333334,0.022365694244702656,0.3736853865525423
2026-01-12 18:00:00+00:00,2026-01-13 05:00:00+00:00,1,11,1,2026-01-12 17:00:00+00:00,0.18000000000000002,0.06603420029083888,0.3736853865525423
2026-01-12 18:00:00+00:00,2026-01-13 06:00:00+00:00,1,12,1,2026-01-12 18:00:00+00:00,0.2333333333333333,0.20788678030172983,0.3736853865525423
2026-01-12 18:00:00+00:00,2026-01-13 07:00:00+00:00,1,13,2,2026-01-11 19:00:00+00:00,0.515,0.0789807103574276,0.3736853865525423
2026-01-12 18:00:00+00:00,2026-01-13 08:00:00+00:00,1,14,2,2026-01-11 20:00:00+00:00,0.64,0.21241545180479685,0.3736853865525423
2026-01-12 18:00:00+00:00,2026-01-13 09:00:00+00:00,1,15,2,2026-01-11 21:00:00+00:00,0.7833333333333333,0.4567139347394307,0.3736853865525423
2026-01-12 18:00:00+00:00,2026-01-13 10:00:00+00:00,1,16,2,2026-01-11 22:00:00+00:00,0.985,0.5837332705656687,0.3736853865525423
2026-01-12 18:00:00+00:00,2026-01-13 11:00:00+00:00,1,17,2,2026-01-11 23:00:00+00:00,0.9899999999999999,0.877739151318868,0.3736853865525423
2026-01-12 18:00:00+00:00,2026-01-13 12:00:00+00:00,1,18,2,2026-01-12 00:00:00+00:00,0.9899999999999999,0.873394231001536,0.3736853865525423
2026-01-12 18:00:00+00:00,2026-01-13 13:00:00+00:00,1,19,2,2026-01-12 01:00:00+00:00,0.9899999999999999,0.8865065773328146,0.3736853865525423
2026-01-12 18:00:00+00:00,2026-01-13 14:00:00+00:00,1,20,2,2026-01-12 02:00:00+00:00,0.9899999999999999,0.8569774031639099,0.3736853865525423
2026-01-12 18:00:00+00:00,2026-01-13 15:00:00+00:00,1,21,2,2026-01-12 03:00:00+00:00,0.9899999999999999,0.7515312631924947,0.3736853865525423
2026-01-12 18:00:00+00:00,2026-01-13 16:00:00+00:00,1,22,2,2026-01-12 04:00:00+00:00,0.9266666666666666,0.7037057280540466,0.3736853865525423
2026-01-12 18:00:00+00:00,2026-01-13 17:00:00+00:00,1,23,2,2026-01-12 05:00:00+00:00,0.9516666666666667,0.6198659539222717,0.3736853865525423
2026-01-12 18:00:00+00:00,2026-01-13 18:00:00+00:00,1,24,2,2026-01-12 06:00:00+00:00,0.9183333333333333,0.6540404359499613,0.3736853865525423
2026-01-12 18:00:00+00:00,2026-01-13 19:00:00+00:00,1,25,2,2026-01-12 07:00:00+00:00,0.7583333333333333,0.6351617177327474,0.3736853865525423
2026-01-12 18:00:00+00:00,2026-01-13 20:00:00+00:00,1,26,2,2026-01-12 08:00:00+00:00,0.8383333333333334,0.6007550756136576,0.3736853865525423
2026-01-12 18:00:00+00:00,2026-01-13 21:00:00+00:00,1,27,2,2026-01-12 09:00:00+00:00,0.935,0.5688880483309428,0.3736853865525423
2026-01-12 18:00:00+00:00,2026-01-13 22:00:00+00:00,1,28,2,2026-01-12 10:00:00+00:00,0.8633333333333333,0.5542814532915751,0.3736853865525423
2026-01-12 18:00:00+00:00,2026-01-13 23:00:00+00:00,1,29,2,2026-01-12 11:00:00+00:00,0.57,0.5487848917643229,0.3736853865525423
2026-01-12 18:00:00+00:00,2026-01-14 00:00:00+00:00,1,30,2,2026-01-12 12:00:00+00:00,0.36000000000000004,0.37531213959058124,0.3736853865525423
2026-01-12 18:00:00+00:00,2026-01-14 01:00:00+00:00,1,31,2,2026-01-12 13:00:00+00:00,0.09166666666666667,0.26045596102873486,0.3736853865525423
2026-01-12 18:00:00+00:00,2026-01-14 02:00:00+00:00,1,32,2,2026-01-12 14:00:00+00:00,0.036666666666666674,0.13909410933653513,0.3736853865525423
2026-01-12 18:00:00+00:00,2026-01-14 03:00:00+00:00,1,33,2,2026-01-12 15:00:00+00:00,0.31666666666666665,0.07564388463894527,0.3736853865525423
2026-01-12 18:00:00+00:00,2026-01-14 04:00:00+00:00,1,34,2,2026-01-12 16:00:00+00:00,0.26,0.0498176875213782,0.3736853865525423
2026-01-12 18:00:00+00:00,2026-01-14 05:00:00+00:00,1,35,2,2026-01-12 17:00:00+00:00,0.045000000000000005,0.035999286298950516,0.3736853865525423
2026-01-12 18:00:00+00:00,2026-01-14 06:00:00+00:00,1,36,2,2026-01-12 18:00:00+00:00,0.015,0.040710339322686195,0.3736853865525423
2026-01-12 18:00:00+00:00,2026-01-14 07:00:00+00:00,1,37,3,2026-01-11 19:00:00+00:00,0.06333333333333334,0.43082348505655926,0.3736853865525423
2026-01-12 18:00:00+00:00,2026-01-14 08:00:00+00:00,1,38,3,2026-01-11 20:00:00+00:00,0.11333333333333334,0.364133358001709,0.3736853865525423
2026-01-12 18:00:00+00:00,2026-01-14 09:00:00+00:00,1,39,3,2026-01-11 21:00:00+00:00,0.1366666666666667,0.24468920628229776,0.3736853865525423
2026-01-12 18:00:00+00:00,2026-01-14 10:00:00+00:00,1,40,3,2026-01-11 22:00:00+00:00,0.17,0.18707787493864694,0.3736853865525423
2026-01-12 18:00:00+00:00,2026-01-14 11:00:00+00:00,1,41,3,2026-01-11 23:00:00+00:00,0.11499999999999999,0.11939134448766708,0.3736853865525423
2026-01-12 18:00:00+00:00,2026-01-14 12:00:00+00:00,1,42,3,2026-01-12 00:00:00+00:00,0.155,0.2674874812364578,0.3736853865525423
2026-01-12 18:00:00+00:00,2026-01-14 13:00:00+00:00,1,43,3,2026-01-12 01:00:00+00:00,0.14,0.3622511625289917,0.3736853865525423
2026-01-12 18:00:00+00:00,2026-01-14 14:00:00+00:00,1,44,3,2026-01-12 02:00:00+00:00,0.13333333333333333,0.42517776290575665,0.3736853865525423
2026-01-12 18:00:00+00:00,2026-01-14 15:00:00+00:00,1,45,3,2026-01-12 03:00:00+00:00,0.20000000000000004,0.306923508644104,0.3736853865525423
2026-01-12 18:00:00+00:00,2026-01-14 16:00:00+00:00,1,46,3,2026-01-12 04:00:00+00:00,0.36166666666666664,0.22140362362066904,0.3736853865525423
2026-01-12 18:00:00+00:00,2026-01-14 17:00:00+00:00,1,47,3,2026-01-12 05:00:00+00:00,0.24,0.18890790144602457,0.3736853865525423
2026-01-12 18:00:00+00:00,2026-01-14 18:00:00+00:00,1,48,3,2026-01-12 06:00:00+00:00,0.10833333333333334,0.1660738786061605,0.3736853865525423
2026-01-12 18:00:00+00:00,2026-01-12 19:00:00+00:00,2,1,1,2026-01-12 07:00:00+00:00,0.22166666666666668,0.0348636939500769,0.36829703959695215
2026-01-12 18:00:00+00:00,2026-01-12 20:00:00+00:00,2,2,1,2026-01-12 08:00:00+00:00,0.13833333333333334,0.030855004986127216,0.36829703959695215
2026-01-12 18:00:00+00:00,2026-01-12 21:00:00+00:00,2,3,1,2026-01-12 09:00:00+00:00,0.145,0.02825946919620037,0.36829703959695215
2026-01-12 18:00:00+00:00,2026-01-12 22:00:00+00:00,2,4,1,2026-01-12 10:00:00+00:00,0.22333333333333336,0.01985149209698041,0.36829703959695215
2026-01-12 18:00:00+00:00,2026-01-12 23:00:00+00:00,2,5,1,2026-01-12 11:00:00+00:00,0.17166666666666666,0.018920715898275375,0.36829703959695215
2026-01-12 18:00:00+00:00,2026-01-13 00:00:00+00:00,2,6,1,2026-01-12 12:00:00+00:00,0.04833333333333334,0.013856183427075544,0.36829703959695215
2026-01-12 18:00:00+00:00,2026-01-13 01:00:00+00:00,2,7,1,2026-01-12 13:00:00+00:00,0.008333333333333333,0.01480912882834673,0.36829703959695215
2026-01-12 18:00:00+00:00,2026-01-13 02:00:00+00:00,2,8,1,2026-01-12 14:00:00+00:00,0.021666666666666667,0.011745558275530735,0.36829703959695215
2026-01-12 18:00:00+00:00,2026-01-13 03:00:00+00:00,2,9,1,2026-01-12 15:00:00+00:00,0.11,0.015892097416023414,0.36829703959695215
2026-01-12 18:00:00+00:00,2026-01-13 04:00:00+00:00,2,10,1,2026-01-12 16:00:00+00:00,0.11166666666666668,0.020732798303167026,0.36829703959695215
2026-01-12 18:00:00+00:00,2026-01-13 05:00:00+00:00,2,11,1,2026-01-12 17:00:00+00:00,0.16833333333333333,0.06356185177961986,0.36829703959695215
2026-01-12 18:00:00+00:00,2026-01-13 06:00:00+00:00,2,12,1,2026-01-12 18:00:00+00:00,0.2333333333333333,0.21554172535737356,0.36829703959695215
2026-01-12 18:00:00+00:00,2026-01-13 07:00:00+00:00,2,13,2,2026-01-11 19:00:00+00:00,0.5033333333333333,0.08351542552312215,0.36829703959695215
2026-01-12 18:00:00+00:00,2026-01-13 08:00:00+00:00,2,14,2,2026-01-11 20:00:00+00:00,0.7066666666666667,0.22077549497286478,0.36829703959695215
2026-01-12 18:00:00+00:00,2026-01-13 09:00:00+00:00,2,15,2,2026-01-11 21:00:00+00:00,0.8166666666666668,0.48241036136945087,0.36829703959695215
2026-01-12 18:00:00+00:00,2026-01-13 10:00:00+00:00,2,16,2,2026-01-11 22:00:00+00:00,0.9833333333333334,0.6156345009803772,0.36829703959695215
2026-01-12 18:00:00+00:00,2026-01-13 11:00:00+00:00,2,17,2,2026-01-11 23:00:00+00:00,0.9883333333333333,0.8844212293624878,0.36829703959695215
2026-01-12 18:00:00+00:00,2026-01-13 12:00:00+00:00,2,18,2,2026-01-12 00:00:00+00:00,0.9899999999999999,0.8681139747301737,0.36829703959695215
2026-01-12 18:00:00+00:00,2026-01-13 13:00:00+00:00,2,19,2,2026-01-12 01:00:00+00:00,0.9899999999999999,0.8805082043011984,0.36829703959695215
2026-01-12 18:00:00+00:00,2026-01-13 14:00:00+00:00,2,20,2,2026-01-12 02:00:00+00:00,0.9916666666666667,0.8492444554964701,0.36829703959695215
2026-01-12 18:00:00+00:00,2026-01-13 15:00:00+00:00,2,21,2,2026-01-12 03:00:00+00:00,0.995,0.7506232659022013,0.36829703959695215
2026-01-12 18:00:00+00:00,2026-01-13 16:00:00+00:00,2,22,2,2026-01-12 04:00:00+00:00,0.9700000000000001,0.6945044994354248,0.36829703959695215
2026-01-12 18:00:00+00:00,2026-01-13 17:00:00+00:00,2,23,2,2026-01-12 05:00:00+00:00,0.9733333333333333,0.6021484732627869,0.36829703959695215
2026-01-12 18:00:00+00:00,2026-01-13 18:00:00+00:00,2,24,2,2026-01-12 06:00:00+00:00,0.8450000000000001,0.6353361407915751,0.36829703959695215
2026-01-12 18:00:00+00:00,2026-01-13 19:00:00+00:00,2,25,2,2026-01-12 07:00:00+00:00,0.7000000000000001,0.6210391124089559,0.36829703959695215
2026-01-12 18:00:00+00:00,2026-01-13 20:00:00+00:00,2,26,2,2026-01-12 08:00:00+00:00,0.79,0.5824769337972006,0.36829703959695215
2026-01-12 18:00:00+00:00,2026-01-13 21:00:00+00:00,2,27,2,2026-01-12 09:00:00+00:00,0.9133333333333332,0.5517277717590332,0.36829703959695215
2026-01-12 18:00:00+00:00,2026-01-13 22:00:00+00:00,2,28,2,2026-01-12 10:00:00+00:00,0.7583333333333333,0.5420596202214559,0.36829703959695215
2026-01-12 18:00:00+00:00,2026-01-13 23:00:00+00:00,2,29,2,2026-01-12 11:00:00+00:00,0.5,0.5359534124533335,0.36829703959695215
2026-01-12 18:00:00+00:00,2026-01-14 00:00:00+00:00,2,30,2,2026-01-12 12:00:00+00:00,0.3,0.35451042155424756,0.36829703959695215
2026-01-12 18:00:00+00:00,2026-01-14 01:00:00+00:00,2,31,2,2026-01-12 13:00:00+00:00,0.06333333333333334,0.24800889690717062,0.36829703959695215
2026-01-12 18:00:00+00:00,2026-01-14 02:00:00+00:00,2,32,2,2026-01-12 14:00:00+00:00,0.03166666666666667,0.12888539830843607,0.36829703959695215
2026-01-12 18:00:00+00:00,2026-01-14 03:00:00+00:00,2,33,2,2026-01-12 15:00:00+00:00,0.34833333333333333,0.0738049087425073,0.36829703959695215
2026-01-12 18:00:00+00:00,2026-01-14 04:00:00+00:00,2,34,2,2026-01-12 16:00:00+00:00,0.26333333333333336,0.04922416930397352,0.36829703959695215
2026-01-12 18:00:00+00:00,2026-01-14 05:00:00+00:00,2,35,2,2026-01-12 17:00:00+00:00,0.05666666666666667,0.0340191920598348,0.36829703959695215
2026-01-12 18:00:00+00:00,2026-01-14 06:00:00+00:00,2,36,2,2026-01-12 18:00:00+00:00,0.028333333333333332,0.038477846110860504,0.36829703959695215
2026-01-12 18:00:00+00:00,2026-01-14 07:00:00+00:00,2,37,3,2026-01-11 19:00:00+00:00,0.07,0.45092566808064777,0.36829703959695215
2026-01-12 18:00:00+00:00,2026-01-14 08:00:00+00:00,2,38,3,2026-01-11 20:00:00+00:00,0.125,0.3624248504638672,0.36829703959695215
2026-01-12 18:00:00+00:00,2026-01-14 09:00:00+00:00,2,39,3,2026-01-11 21:00:00+00:00,0.1366666666666667,0.21289495627085367,0.36829703959695215
2026-01-12 18:00:00+00:00,2026-01-14 10:00:00+00:00,2,40,3,2026-01-11 22:00:00+00:00,0.14833333333333334,0.1541359523932139,0.36829703959695215
2026-01-12 18:00:00+00:00,2026-01-14 11:00:00+00:00,2,41,3,2026-01-11 23:00:00+00:00,0.12,0.10567928105592728,0.36829703959695215
2026-01-12 18:00:00+00:00,2026-01-14 12:00:00+00:00,2,42,3,2026-01-12 00:00:00+00:00,0.16833333333333333,0.25995445748170215,0.36829703959695215
2026-01-12 18:00:00+00:00,2026-01-14 13:00:00+00:00,2,43,3,2026-01-12 01:00:00+00:00,0.13333333333333333,0.35809996724128723,0.36829703959695215
2026-01-12 18:00:00+00:00,2026-01-14 14:00:00+00:00,2,44,3,2026-01-12 02:00:00+00:00,0.1366666666666667,0.4305294454097748,0.36829703959695215
2026-01-12 18:00:00+00:00,2026-01-14 15:00:00+00:00,2,45,3,2026-01-12 03:00:00+00:00,0.205,0.3081825176874797,0.36829703959695215
2026-01-12 18:00:00+00:00,2026-01-14 16:00:00+00:00,2,46,3,2026-01-12 04:00:00+00:00,0.3666666666666667,0.21376330157121023,0.36829703959695215
2026-01-12 18:00:00+00:00,2026-01-14 17:00:00+00:00,2,47,3,2026-01-12 05:00:00+00:00,0.27666666666666667,0.17717966437339783,0.36829703959695215
2026-01-12 18:00:00+00:00,2026-01-14 18:00:00+00:00,2,48,3,2026-01-12 06:00:00+00:00,0.13333333333333333,0.15982139110565186,0.36829703959695215
2026-01-13 18:00:00+00:00,2026-01-13 19:00:00+00:00,1,1,1,2026-01-13 07:00:00+00:00,0.7583333333333333,0.5550335844357809,0.3736853865525423
2026-01-13 18:00:00+00:00,2026-01-13 20:00:00+00:00,1,2,1,2026-01-13 08:00:00+00:00,0.8383333333333334,0.5178549885749817,0.3736853865525423
2026-01-13 18:00:00+00:00,2026-01-13 21:00:00+00:00,1,3,1,2026-01-13 09:00:00+00:00,0.935,0.526835709810257,0.3736853865525423
2026-01-13 18:00:00+00:00,2026-01-13 22:00:00+00:00,1,4,1,2026-01-13 10:00:00+00:00,0.8633333333333333,0.4944002032279968,0.3736853865525423
2026-01-13 18:00:00+00:00,2026-01-13 23:00:00+00:00,1,5,1,2026-01-13 11:00:00+00:00,0.57,0.5069013933340708,0.3736853865525423
2026-01-13 18:00:00+00:00,2026-01-14 00:00:00+00:00,1,6,1,2026-01-13 12:00:00+00:00,0.36000000000000004,0.49307461579640705,0.3736853865525423
2026-01-13 18:00:00+00:00,2026-01-14 01:00:00+00:00,1,7,1,2026-01-13 13:00:00+00:00,0.09166666666666667,0.4091731508572896,0.3736853865525423
2026-01-13 18:00:00+00:00,2026-01-14 02:00:00+00:00,1,8,1,2026-01-13 14:00:00+00:00,0.036666666666666674,0.30686601003011066,0.3736853865525423
2026-01-13 18:00:00+00:00,2026-01-14 03:00:00+00:00,1,9,1,2026-01-13 15:00:00+00:00,0.31666666666666665,0.15553612758715948,0.3736853865525423
2026-01-13 18:00:00+00:00,2026-01-14 04:00:00+00:00,1,10,1,2026-01-13 16:00:00+00:00,0.26,0.06487170855204265,0.3736853865525423
2026-01-13 18:00:00+00:00,2026-01-14 05:00:00+00:00,1,11,1,2026-01-13 17:00:00+00:00,0.045000000000000005,0.033078606550892196,0.3736853865525423
2026-01-13 18:00:00+00:00,2026-01-14 06:00:00+00:00,1,12,1,2026-01-13 18:00:00+00:00,0.015,0.01899830965946118,0.3736853865525423
2026-01-13 18:00:00+00:00,2026-01-14 07:00:00+00:00,1,13,2,2026-01-12 19:00:00+00:00,0.06333333333333334,0.035368703616162143,0.3736853865525423
2026-01-13 18:00:00+00:00,2026-01-14 08:00:00+00:00,1,14,2,2026-01-12 20:00:00+00:00,0.11333333333333334,0.03744525338212649,0.3736853865525423
2026-01-13 18:00:00+00:00,2026-01-14 09:00:00+00:00,1,15,2,2026-01-12 21:00:00+00:00,0.1366666666666667,0.04732111717263857,0.3736853865525423
2026-01-13 18:00:00+00:00,2026-01-14 10:00:00+00:00,1,16,2,2026-01-12 22:00:00+00:00,0.17,0.0510271235058705,0.3736853865525423
2026-01-13 18:00:00+00:00,2026-01-14 11:00:00+00:00,1,17,2,2026-01-12 23:00:00+00:00,0.11499999999999999,0.06078801304101944,0.3736853865525423
2026-01-13 18:00:00+00:00,2026-01-14 12:00:00+00:00,1,18,2,2026-01-13 00:00:00+00:00,0.155,0.20267980297406515,0.3736853865525423
2026-01-13 18:00:00+00:00,2026-01-14 13:00:00+00:00,1,19,2,2026-01-13 01:00:00+00:00,0.14,0.24070080121358237,0.3736853865525423
2026-01-13 18:00:00+00:00,2026-01-14 14:00:00+00:00,1,20,2,2026-01-13 02:00:00+00:00,0.13333333333333333,0.3818696935971578,0.3736853865525423
2026-01-13 18:00:00+00:00,2026-01-14 15:00:00+00:00,1,21,2,2026-01-13 03:00:00+00:00,0.20000000000000004,0.32326291004816693,0.3736853865525423
2026-01-13 18:00:00+00:00,2026-01-14 16:00:00+00:00,1,22,2,2026-01-13 04:00:00+00:00,0.36166666666666664,0.3030252456665039,0.3736853865525423
2026-01-13 18:00:00+00:00,2026-01-14 17:00:00+00:00,1,23,2,2026-01-13 05:00:00+00:00,0.24,0.23616180817286173,0.3736853865525423
2026-01-13 18:00:00+00:00,2026-01-14 18:00:00+00:00,1,24,2,2026-01-13 06:00:00+00:00,0.10833333333333334,0.20629140237967172,0.3736853865525423
2026-01-13 18:00:00+00:00,2026-01-14 19:00:00+00:00,1,25,2,2026-01-13 07:00:00+00:00,0.04666666666666667,0.178423340121905,0.3736853865525423
2026-01-13 18:00:00+00:00,2026-01-14 20:00:00+00:00,1,26,2,2026-01-13 08:00:00+00:00,0.02,0.16757284104824066,0.3736853865525423
2026-01-13 18:00:00+00:00,2026-01-14 21:00:00+00:00,1,27,2,2026-01-13 09:00:00+00:00,0.02,0.1180940493941307,0.3736853865525423
2026-01-13 18:00:00+00:00,2026-01-14 22:00:00+00:00,1,28,2,2026-01-13 10:00:00+00:00,0.011666666666666667,0.0918709362546603,0.3736853865525423
2026-01-13 18:00:00+00:00,2026-01-14 23:00:00+00:00,1,29,2,2026-01-13 11:00:00+00:00,0.01,0.06824674705664317,0.3736853865525423
2026-01-13 18:00:00+00:00,2026-01-15 00:00:00+00:00,1,30,2,2026-01-13 12:00:00+00:00,0.01,0.046242029716571174,0.3736853865525423
2026-01-13 18:00:00+00:00,2026-01-15 01:00:00+00:00,1,31,2,2026-01-13 13:00:00+00:00,0.01,0.03687990456819534,0.3736853865525423
2026-01-13 18:00:00+00:00,2026-01-15 02:00:00+00:00,1,32,2,2026-01-13 14:00:00+00:00,0.01,0.027177037050326664,0.3736853865525423
2026-01-13 18:00:00+00:00,2026-01-15 03:00:00+00:00,1,33,2,2026-01-13 15:00:00+00:00,0.01,0.013624979183077812,0.3736853865525423
2026-01-13 18:00:00+00:00,2026-01-15 04:00:00+00:00,1,34,2,2026-01-13 16:00:00+00:00,0.01,0.013564356757948795,0.3736853865525423
2026-01-13 18:00:00+00:00,2026-01-15 05:00:00+00:00,1,35,2,2026-01-13 17:00:00+00:00,0.01,0.023099667858332396,0.3736853865525423
2026-01-13 18:00:00+00:00,2026-01-15 06:00:00+00:00,1,36,2,2026-01-13 18:00:00+00:00,0.01,0.03180173349877199,0.3736853865525423
2026-01-13 18:00:00+00:00,2026-01-15 07:00:00+00:00,1,37,3,2026-01-12 19:00:00+00:00,0.01,0.027783937752246857,0.3736853865525423
2026-01-13 18:00:00+00:00,2026-01-15 08:00:00+00:00,1,38,3,2026-01-12 20:00:00+00:00,0.01,0.07686884204546611,0.3736853865525423
2026-01-13 18:00:00+00:00,2026-01-15 09:00:00+00:00,1,39,3,2026-01-12 21:00:00+00:00,0.01,0.2604512423276901,0.3736853865525423
2026-01-13 18:00:00+00:00,2026-01-15 10:00:00+00:00,1,40,3,2026-01-12 22:00:00+00:00,0.02,0.4559261004130046,0.3736853865525423
2026-01-13 18:00:00+00:00,2026-01-15 11:00:00+00:00,1,41,3,2026-01-12 23:00:00+00:00,0.04,0.38035518924395245,0.3736853865525423
2026-01-13 18:00:00+00:00,2026-01-15 12:00:00+00:00,1,42,3,2026-01-13 00:00:00+00:00,0.08333333333333333,0.07563050339619319,0.3736853865525423
2026-01-13 18:00:00+00:00,2026-01-15 13:00:00+00:00,1,43,3,2026-01-13 01:00:00+00:00,0.09166666666666667,0.13738471021254858,0.3736853865525423
2026-01-13 18:00:00+00:00,2026-01-15 14:00:00+00:00,1,44,3,2026-01-13 02:00:00+00:00,0.06333333333333334,0.11670496501028538,0.3736853865525423
2026-01-13 18:00:00+00:00,2026-01-15 15:00:00+00:00,1,45,3,2026-01-13 03:00:00+00:00,0.11333333333333334,0.20298413435618082,0.3736853865525423
2026-01-13 18:00:00+00:00,2026-01-15 16:00:00+00:00,1,46,3,2026-01-13 04:00:00+00:00,0.20833333333333334,0.11875617255767186,0.3736853865525423
2026-01-13 18:00:00+00:00,2026-01-15 17:00:00+00:00,1,47,3,2026-01-13 05:00:00+00:00,0.045000000000000005,0.10299469406406085,0.3736853865525423
2026-01-13 18:00:00+00:00,2026-01-15 18:00:00+00:00,1,48,3,2026-01-13 06:00:00+00:00,0.01,0.13876981288194656,0.3736853865525423
2026-01-13 18:00:00+00:00,2026-01-13 19:00:00+00:00,2,1,1,2026-01-13 07:00:00+00:00,0.7000000000000001,0.5162238081296285,0.36829703959695215
2026-01-13 18:00:00+00:00,2026-01-13 20:00:00+00:00,2,2,1,2026-01-13 08:00:00+00:00,0.79,0.478030800819397,0.36829703959695215
2026-01-13 18:00:00+00:00,2026-01-13 21:00:00+00:00,2,3,1,2026-01-13 09:00:00+00:00,0.9133333333333332,0.49552054206530255,0.36829703959695215
2026-01-13 18:00:00+00:00,2026-01-13 22:00:00+00:00,2,4,1,2026-01-13 10:00:00+00:00,0.7583333333333333,0.4587293763955434,0.36829703959695215
2026-01-13 18:00:00+00:00,2026-01-13 23:00:00+00:00,2,5,1,2026-01-13 11:00:00+00:00,0.5,0.47359440724054974,0.36829703959695215
2026-01-13 18:00:00+00:00,2026-01-14 00:00:00+00:00,2,6,1,2026-01-13 12:00:00+00:00,0.3,0.46640027562777203,0.36829703959695215
2026-01-13 18:00:00+00:00,2026-01-14 01:00:00+00:00,2,7,1,2026-01-13 13:00:00+00:00,0.06333333333333334,0.39524175723393756,0.36829703959695215
2026-01-13 18:00:00+00:00,2026-01-14 02:00:00+00:00,2,8,1,2026-01-13 14:00:00+00:00,0.03166666666666667,0.30181784927845,0.36829703959695215
2026-01-13 18:00:00+00:00,2026-01-14 03:00:00+00:00,2,9,1,2026-01-13 15:00:00+00:00,0.34833333333333333,0.1505591720342636,0.36829703959695215
2026-01-13 18:00:00+00:00,2026-01-14 04:00:00+00:00,2,10,1,2026-01-13 16:00:00+00:00,0.26333333333333336,0.0599020520846049,0.36829703959695215
2026-01-13 18:00:00+00:00,2026-01-14 05:00:00+00:00,2,11,1,2026-01-13 17:00:00+00:00,0.05666666666666667,0.03170358700056871,0.36829703959695215
2026-01-13 18:00:00+00:00,2026-01-14 06:00:00+00:00,2,12,1,2026-01-13 18:00:00+00:00,0.028333333333333332,0.017777835639814537,0.36829703959695215
2026-01-13 18:00:00+00:00,2026-01-14 07:00:00+00:00,2,13,2,2026-01-12 19:00:00+00:00,0.07,0.03638348107536634,0.36829703959695215
2026-01-13 18:00:00+00:00,2026-01-14 08:00:00+00:00,2,14,2,2026-01-12 20:00:00+00:00,0.125,0.036558194706837334,0.36829703959695215
2026-01-13 18:00:00+00:00,2026-01-14 09:00:00+00:00,2,15,2,2026-01-12 21:00:00+00:00,0.1366666666666667,0.04467712032298247,0.36829703959695215
2026-01-13 18:00:00+00:00,2026-01-14 10:00:00+00:00,2,16,2,2026-01-12 22:00:00+00:00,0.14833333333333334,0.04930108723541101,0.36829703959695215
2026-01-13 18:00:00+00:00,2026-01-14 11:00:00+00:00,2,17,2,2026-01-12 23:00:00+00:00,0.12,0.057787660509347916,0.36829703959695215
2026-01-13 18:00:00+00:00,2026-01-14 12:00:00+00:00,2,18,2,2026-01-13 00:00:00+00:00,0.16833333333333333,0.20139350245396295,0.36829703959695215
2026-01-13 18:00:00+00:00,2026-01-14 13:00:00+00:00,2,19,2,2026-01-13 01:00:00+00:00,0.13333333333333333,0.2322742442289988,0.36829703959695215
2026-01-13 18:00:00+00:00,2026-01-14 14:00:00+00:00,2,20,2,2026-01-13 02:00:00+00:00,0.1366666666666667,0.3699000080426534,0.36829703959695215
2026-01-13 18:00:00+00:00,2026-01-14 15:00:00+00:00,2,21,2,2026-01-13 03:00:00+00:00,0.205,0.3123469948768616,0.36829703959695215
2026-01-13 18:00:00+00:00,2026-01-14 16:00:00+00:00,2,22,2,2026-01-13 04:00:00+00:00,0.3666666666666667,0.27448010941346485,0.36829703959695215
2026-01-13 18:00:00+00:00,2026-01-14 17:00:00+00:00,2,23,2,2026-01-13 05:00:00+00:00,0.27666666666666667,0.2065357913573583,0.36829703959695215
2026-01-13 18:00:00+00:00,2026-01-14 18:00:00+00:00,2,24,2,2026-01-13 06:00:00+00:00,0.13333333333333333,0.18142881989479065,0.36829703959695215
2026-01-13 18:00:00+00:00,2026-01-14 19:00:00+00:00,2,25,2,2026-01-13 07:00:00+00:00,0.06,0.1594617466131846,0.36829703959695215
2026-01-13 18:00:00+00:00,2026-01-14 20:00:00+00:00,2,26,2,2026-01-13 08:00:00+00:00,0.02,0.14957099159558615,0.36829703959695215
2026-01-13 18:00:00+00:00,2026-01-14 21:00:00+00:00,2,27,2,2026-01-13 09:00:00+00:00,0.011666666666666667,0.10806777824958165,0.36829703959695215
2026-01-13 18:00:00+00:00,2026-01-14 22:00:00+00:00,2,28,2,2026-01-13 10:00:00+00:00,0.011666666666666667,0.08283430213729541,0.36829703959695215
2026-01-13 18:00:00+00:00,2026-01-14 23:00:00+00:00,2,29,2,2026-01-13 11:00:00+00:00,0.01,0.06139142314592997,0.36829703959695215
2026-01-13 18:00:00+00:00,2026-01-15 00:00:00+00:00,2,30,2,2026-01-13 12:00:00+00:00,0.01,0.04469219781458378,0.36829703959695215
2026-01-13 18:00:00+00:00,2026-01-15 01:00:00+00:00,2,31,2,2026-01-13 13:00:00+00:00,0.01,0.03628210723400116,0.36829703959695215
2026-01-13 18:00:00+00:00,2026-01-15 02:00:00+00:00,2,32,2,2026-01-13 14:00:00+00:00,0.01,0.026464693248271942,0.36829703959695215
2026-01-13 18:00:00+00:00,2026-01-15 03:00:00+00:00,2,33,2,2026-01-13 15:00:00+00:00,0.01,0.0129671945857505,0.36829703959695215
2026-01-13 18:00:00+00:00,2026-01-15 04:00:00+00:00,2,34,2,2026-01-13 16:00:00+00:00,0.01,0.011955986730754375,0.36829703959695215
2026-01-13 18:00:00+00:00,2026-01-15 05:00:00+00:00,2,35,2,2026-01-13 17:00:00+00:00,0.01,0.020854260151584942,0.36829703959695215
2026-01-13 18:00:00+00:00,2026-01-15 06:00:00+00:00,2,36,2,2026-01-13 18:00:00+00:00,0.01,0.028377481425801914,0.36829703959695215
2026-01-13 18:00:00+00:00,2026-01-15 07:00:00+00:00,2,37,3,2026-01-12 19:00:00+00:00,0.01,0.024178941423694294,0.36829703959695215
2026-01-13 18:00:00+00:00,2026-01-15 08:00:00+00:00,2,38,3,2026-01-12 20:00:00+00:00,0.01,0.07209563752015431,0.36829703959695215
2026-01-13 18:00:00+00:00,2026-01-15 09:00:00+00:00,2,39,3,2026-01-12 21:00:00+00:00,0.005,0.25249729057153064,0.36829703959695215
2026-01-13 18:00:00+00:00,2026-01-15 10:00:00+00:00,2,40,3,2026-01-12 22:00:00+00:00,0.024999999999999998,0.44818560282389325,0.36829703959695215
2026-01-13 18:00:00+00:00,2026-01-15 11:00:00+00:00,2,41,3,2026-01-12 23:00:00+00:00,0.04833333333333334,0.38037926455338794,0.36829703959695215
2026-01-13 18:00:00+00:00,2026-01-15 12:00:00+00:00,2,42,3,2026-01-13 00:00:00+00:00,0.08666666666666667,0.0720054308573405,0.36829703959695215
2026-01-13 18:00:00+00:00,2026-01-15 13:00:00+00:00,2,43,3,2026-01-13 01:00:00+00:00,0.10333333333333333,0.12196580320596695,0.36829703959695215
2026-01-13 18:00:00+00:00,2026-01-15 14:00:00+00:00,2,44,3,2026-01-13 02:00:00+00:00,0.05666666666666667,0.11673913709819317,0.36829703959695215
2026-01-13 18:00:00+00:00,2026-01-15 15:00:00+00:00,2,45,3,2026-01-13 03:00:00+00:00,0.11166666666666665,0.19112720588843027,0.36829703959695215
2026-01-13 18:00:00+00:00,2026-01-15 16:00:00+00:00,2,46,3,2026-01-13 04:00:00+00:00,0.28833333333333333,0.112917626897494,0.36829703959695215
2026-01-13 18:00:00+00:00,2026-01-15 17:00:00+00:00,2,47,3,2026-01-13 05:00:00+00:00,0.056666666666666664,0.09591007729371388,0.36829703959695215
2026-01-13 18:00:00+00:00,2026-01-15 18:00:00+00:00,2,48,3,2026-01-13 06:00:00+00:00,0.006666666666666667,0.12767592072486877,0.36829703959695215
2026-01-14 18:00:00+00:00,2026-01-14 19:00:00+00:00,1,1,1,2026-01-14 07:00:00+00:00,0.04666666666666667,0.2907955199480057,0.3736853865525423
2026-01-14 18:00:00+00:00,2026-01-14 20:00:00+00:00,1,2,1,2026-01-14 08:00:00+00:00,0.02,0.19791619976361594,0.3736853865525423
2026-01-14 18:00:00+00:00,2026-01-14 21:00:00+00:00,1,3,1,2026-01-14 09:00:00+00:00,0.02,0.1744504819313685,0.3736853865525423
2026-01-14 18:00:00+00:00,2026-01-14 22:00:00+00:00,1,4,1,2026-01-14 10:00:00+00:00,0.011666666666666667,0.14525585373242697,0.3736853865525423
2026-01-14 18:00:00+00:00,2026-01-14 23:00:00+00:00,1,5,1,2026-01-14 11:00:00+00:00,0.01,0.1262054592370987,0.3736853865525423
2026-01-14 18:00:00+00:00,2026-01-15 00:00:00+00:00,1,6,1,2026-01-14 12:00:00+00:00,0.01,0.022291970749696095,0.3736853865525423
2026-01-14 18:00:00+00:00,2026-01-15 01:00:00+00:00,1,7,1,2026-01-14 13:00:00+00:00,0.01,0.022064989432692528,0.3736853865525423
2026-01-14 18:00:00+00:00,2026-01-15 02:00:00+00:00,1,8,1,2026-01-14 14:00:00+00:00,0.01,0.01143280928954482,0.3736853865525423
2026-01-14 18:00:00+00:00,2026-01-15 03:00:00+00:00,1,9,1,2026-01-14 15:00:00+00:00,0.01,0.010983180487528443,0.3736853865525423
2026-01-14 18:00:00+00:00,2026-01-15 04:00:00+00:00,1,10,1,2026-01-14 16:00:00+00:00,0.01,0.02099537073324124,0.3736853865525423
2026-01-14 18:00:00+00:00,2026-01-15 05:00:00+00:00,1,11,1,2026-01-14 17:00:00+00:00,0.01,0.04067610204219818,0.3736853865525423
2026-01-14 18:00:00+00:00,2026-01-15 06:00:00+00:00,1,12,1,2026-01-14 18:00:00+00:00,0.01,0.01559994276612997,0.3736853865525423
2026-01-14 18:00:00+00:00,2026-01-15 07:00:00+00:00,1,13,2,2026-01-13 19:00:00+00:00,0.01,0.0359014223019282,0.3736853865525423
2026-01-14 18:00:00+00:00,2026-01-15 08:00:00+00:00,1,14,2,2026-01-13 20:00:00+00:00,0.01,0.08226403594017029,0.3736853865525423
2026-01-14 18:00:00+00:00,2026-01-15 09:00:00+00:00,1,15,2,2026-01-13 21:00:00+00:00,0.01,0.14074385414520899,0.3736853865525423
2026-01-14 18:00:00+00:00,2026-01-15 10:00:00+00:00,1,16,2,2026-01-13 22:00:00+00:00,0.02,0.15576154987017313,0.3736853865525423
2026-01-14 18:00:00+00:00,2026-01-15 11:00:00+00:00,1,17,2,2026-01-13 23:00:00+00:00,0.04,0.09801506499449412,0.3736853865525423
2026-01-14 18:00:00+00:00,2026-01-15 12:00:00+00:00,1,18,2,2026-01-14 00:00:00+00:00,0.08333333333333333,0.4318661093711853,0.3736853865525423
2026-01-14 18:00:00+00:00,2026-01-15 13:00:00+00:00,1,19,2,2026-01-14 01:00:00+00:00,0.09166666666666667,0.6209152936935425,0.3736853865525423
2026-01-14 18:00:00+00:00,2026-01-15 14:00:00+00:00,1,20,2,2026-01-14 02:00:00+00:00,0.06333333333333334,0.39866604407628375,0.3736853865525423
2026-01-14 18:00:00+00:00,2026-01-15 15:00:00+00:00,1,21,2,2026-01-14 03:00:00+00:00,0.11333333333333334,0.4334496508042018,0.3736853865525423
2026-01-14 18:00:00+00:00,2026-01-15 16:00:00+00:00,1,22,2,2026-01-14 04:00:00+00:00,0.20833333333333334,0.1686265654861927,0.3736853865525423
2026-01-14 18:00:00+00:00,2026-01-15 17:00:00+00:00,1,23,2,2026-01-14 05:00:00+00:00,0.045000000000000005,0.06101380040248235,0.3736853865525423
2026-01-14 18:00:00+00:00,2026-01-15 18:00:00+00:00,1,24,2,2026-01-14 06:00:00+00:00,0.01,0.051566087951262794,0.3736853865525423
2026-01-14 18:00:00+00:00,2026-01-15 19:00:00+00:00,1,25,2,2026-01-14 07:00:00+00:00,0.09500000000000001,0.04670909481743971,0.3736853865525423
2026-01-14 18:00:00+00:00,2026-01-15 20:00:00+00:00,1,26,2,2026-01-14 08:00:00+00:00,0.13833333333333334,0.06950326512257259,0.3736853865525423
2026-01-14 18:00:00+00:00,2026-01-15 21:00:00+00:00,1,27,2,2026-01-14 09:00:00+00:00,0.07333333333333333,0.06411486119031906,0.3736853865525423
2026-01-14 18:00:00+00:00,2026-01-15 22:00:00+00:00,1,28,2,2026-01-14 10:00:00+00:00,0.049999999999999996,0.10441307599345843,0.3736853865525423
2026-01-14 18:00:00+00:00,2026-01-15 23:00:00+00:00,1,29,2,2026-01-14 11:00:00+00:00,0.04,0.11645301183064778,0.3736853865525423
2026-01-14 18:00:00+00:00,2026-01-16 00:00:00+00:00,1,30,2,2026-01-14 12:00:00+00:00,0.013333333333333334,0.18415511647860208,0.3736853865525423
2026-01-14 18:00:00+00:00,2026-01-16 01:00:00+00:00,1,31,2,2026-01-14 13:00:00+00:00,0.03166666666666667,0.1884385049343109,0.3736853865525423
2026-01-14 18:00:00+00:00,2026-01-16 02:00:00+00:00,1,32,2,2026-01-14 14:00:00+00:00,0.02,0.29274892310301465,0.3736853865525423
2026-01-14 18:00:00+00:00,2026-01-16 03:00:00+00:00,1,33,2,2026-01-14 15:00:00+00:00,0.03,0.32725908358891803,0.3736853865525423
2026-01-14 18:00:00+00:00,2026-01-16 04:00:00+00:00,1,34,2,2026-01-14 16:00:00+00:00,0.07166666666666667,0.3194131851196289,0.3736853865525423
2026-01-14 18:00:00+00:00,2026-01-16 05:00:00+00:00,1,35,2,2026-01-14 17:00:00+00:00,0.016666666666666666,0.1678115576505661,0.3736853865525423
2026-01-14 18:00:00+00:00,2026-01-16 06:00:00+00:00,1,36,2,2026-01-14 18:00:00+00:00,0.04833333333333333,0.1199406236410141,0.3736853865525423
2026-01-14 18:00:00+00:00,2026-01-16 07:00:00+00:00,1,37,3,2026-01-13 19:00:00+00:00,0.04,0.43460530042648315,0.3736853865525423
2026-01-14 18:00:00+00:00,2026-01-16 08:00:00+00:00,1,38,3,2026-01-13 20:00:00+00:00,0.09000000000000001,0.3157528340816498,0.3736853865525423
2026-01-14 18:00:00+00:00,2026-01-16 09:00:00+00:00,1,39,3,2026-01-13 21:00:00+00:00,0.22999999999999998,0.41590994596481323,0.3736853865525423
2026-01-14 18:00:00+00:00,2026-01-16 10:00:00+00:00,1,40,3,2026-01-13 22:00:00+00:00,0.3833333333333333,0.4236760139465332,0.3736853865525423
2026-01-14 18:00:00+00:00,2026-01-16 11:00:00+00:00,1,41,3,2026-01-13 23:00:00+00:00,0.375,0.6235076089700063,0.3736853865525423
2026-01-14 18:00:00+00:00,2026-01-16 12:00:00+00:00,1,42,3,2026-01-14 00:00:00+00:00,0.4466666666666667,0.6240586638450623,0.3736853865525423
2026-01-14 18:00:00+00:00,2026-01-16 13:00:00+00:00,1,43,3,2026-01-14 01:00:00+00:00,0.605,0.8677277565002441,0.3736853865525423
2026-01-14 18:00:00+00:00,2026-01-16 14:00:00+00:00,1,44,3,2026-01-14 02:00:00+00:00,0.7666666666666666,0.869238535563151,0.3736853865525423
2026-01-14 18:00:00+00:00,2026-01-16 15:00:00+00:00,1,45,3,2026-01-14 03:00:00+00:00,0.9716666666666667,0.7262657086054484,0.3736853865525423
2026-01-14 18:00:00+00:00,2026-01-16 16:00:00+00:00,1,46,3,2026-01-14 04:00:00+00:00,0.9283333333333333,0.7817215124766032,0.3736853865525423
2026-01-14 18:00:00+00:00,2026-01-16 17:00:00+00:00,1,47,3,2026-01-14 05:00:00+00:00,0.8766666666666666,0.8208352526028951,0.3736853865525423
2026-01-14 18:00:00+00:00,2026-01-16 18:00:00+00:00,1,48,3,2026-01-14 06:00:00+00:00,0.85,0.7193992932637533,0.3736853865525423
2026-01-14 18:00:00+00:00,2026-01-14 19:00:00+00:00,2,1,1,2026-01-14 07:00:00+00:00,0.06,0.2602611283461253,0.36829703959695215
2026-01-14 18:00:00+00:00,2026-01-14 20:00:00+00:00,2,2,1,2026-01-14 08:00:00+00:00,0.02,0.17727355162302652,0.36829703959695215
2026-01-14 18:00:00+00:00,2026-01-14 21:00:00+00:00,2,3,1,2026-01-14 09:00:00+00:00,0.011666666666666667,0.1562490463256836,0.36829703959695215
2026-01-14 18:00:00+00:00,2026-01-14 22:00:00+00:00,2,4,1,2026-01-14 10:00:00+00:00,0.011666666666666667,0.135608804722627,0.36829703959695215
2026-01-14 18:00:00+00:00,2026-01-14 23:00:00+00:00,2,5,1,2026-01-14 11:00:00+00:00,0.01,0.11379753549893697,0.36829703959695215
2026-01-14 18:00:00+00:00,2026-01-15 00:00:00+00:00,2,6,1,2026-01-14 12:00:00+00:00,0.01,0.022031064766148727,0.36829703959695215
2026-01-14 18:00:00+00:00,2026-01-15 01:00:00+00:00,2,7,1,2026-01-14 13:00:00+00:00,0.01,0.02131009412308534,0.36829703959695215
2026-01-14 18:00:00+00:00,2026-01-15 02:00:00+00:00,2,8,1,2026-01-14 14:00:00+00:00,0.01,0.011337782566746077,0.36829703959695215
2026-01-14 18:00:00+00:00,2026-01-15 03:00:00+00:00,2,9,1,2026-01-14 15:00:00+00:00,0.01,0.010961539344862103,0.36829703959695215
2026-01-14 18:00:00+00:00,2026-01-15 04:00:00+00:00,2,10,1,2026-01-14 16:00:00+00:00,0.01,0.01933978032320738,0.36829703959695215
2026-01-14 18:00:00+00:00,2026-01-15 05:00:00+00:00,2,11,1,2026-01-14 17:00:00+00:00,0.01,0.03761895031978687,0.36829703959695215
2026-01-14 18:00:00+00:00,2026-01-15 06:00:00+00:00,2,12,1,2026-01-14 18:00:00+00:00,0.01,0.014263958359758059,0.36829703959695215
2026-01-14 18:00:00+00:00,2026-01-15 07:00:00+00:00,2,13,2,2026-01-13 19:00:00+00:00,0.01,0.031760351111491524,0.36829703959695215
2026-01-14 18:00:00+00:00,2026-01-15 08:00:00+00:00,2,14,2,2026-01-13 20:00:00+00:00,0.01,0.07933493206898372,0.36829703959695215
2026-01-14 18:00:00+00:00,2026-01-15 09:00:00+00:00,2,15,2,2026-01-13 21:00:00+00:00,0.005,0.13056747615337372,0.36829703959695215
2026-01-14 18:00:00+00:00,2026-01-15 10:00:00+00:00,2,16,2,2026-01-13 22:00:00+00:00,0.024999999999999998,0.14275230218966803,0.36829703959695215
2026-01-14 18:00:00+00:00,2026-01-15 11:00:00+00:00,2,17,2,2026-01-13 23:00:00+00:00,0.04833333333333334,0.09350843355059624,0.36829703959695215
2026-01-14 18:00:00+00:00,2026-01-15 12:00:00+00:00,2,18,2,2026-01-14 00:00:00+00:00,0.08666666666666667,0.4299154579639435,0.36829703959695215
2026-01-14 18:00:00+00:00,2026-01-15 13:00:00+00:00,2,19,2,2026-01-14 01:00:00+00:00,0.10333333333333333,0.5939664045969645,0.36829703959695215
2026-01-14 18:00:00+00:00,2026-01-15 14:00:00+00:00,2,20,2,2026-01-14 02:00:00+00:00,0.05666666666666667,0.37758058309555054,0.36829703959695215
2026-01-14 18:00:00+00:00,2026-01-15 15:00:00+00:00,2,21,2,2026-01-14 03:00:00+00:00,0.11166666666666665,0.40496549506982166,0.36829703959695215
2026-01-14 18:00:00+00:00,2026-01-15 16:00:00+00:00,2,22,2,2026-01-14 04:00:00+00:00,0.28833333333333333,0.15260770358145237,0.36829703959695215
2026-01-14 18:00:00+00:00,2026-01-15 17:00:00+00:00,2,23,2,2026-01-14 05:00:00+00:00,0.056666666666666664,0.051223031555612884,0.36829703959695215
2026-01-14 18:00:00+00:00,2026-01-15 18:00:00+00:00,2,24,2,2026-01-14 06:00:00+00:00,0.006666666666666667,0.049535062784949936,0.36829703959695215
2026-01-14 18:00:00+00:00,2026-01-15 19:00:00+00:00,2,25,2,2026-01-14 07:00:00+00:00,0.09833333333333334,0.04501599259674549,0.36829703959695215
2026-01-14 18:00:00+00:00,2026-01-15 20:00:00+00:00,2,26,2,2026-01-14 08:00:00+00:00,0.14,0.06034875847399235,0.36829703959695215
2026-01-14 18:00:00+00:00,2026-01-15 21:00:00+00:00,2,27,2,2026-01-14 09:00:00+00:00,0.08333333333333333,0.0546926644941171,0.36829703959695215
2026-01-14 18:00:00+00:00,2026-01-15 22:00:00+00:00,2,28,2,2026-01-14 10:00:00+00:00,0.04833333333333333,0.09314989546934764,0.36829703959695215
2026-01-14 18:00:00+00:00,2026-01-15 23:00:00+00:00,2,29,2,2026-01-14 11:00:00+00:00,0.03666666666666667,0.11649901419878006,0.36829703959695215
2026-01-14 18:00:00+00:00,2026-01-16 00:00:00+00:00,2,30,2,2026-01-14 12:00:00+00:00,0.013333333333333334,0.18529948592185974,0.36829703959695215
2026-01-14 18:00:00+00:00,2026-01-16 01:00:00+00:00,2,31,2,2026-01-14 13:00:00+00:00,0.041666666666666664,0.1921279082695643,0.36829703959695215
2026-01-14 18:00:00+00:00,2026-01-16 02:00:00+00:00,2,32,2,2026-01-14 14:00:00+00:00,0.02666666666666667,0.285137082139651,0.36829703959695215
2026-01-14 18:00:00+00:00,2026-01-16 03:00:00+00:00,2,33,2,2026-01-14 15:00:00+00:00,0.018333333333333333,0.3103482276201248,0.36829703959695215
2026-01-14 18:00:00+00:00,2026-01-16 04:00:00+00:00,2,34,2,2026-01-14 16:00:00+00:00,0.02666666666666667,0.2995537320772807,0.36829703959695215
2026-01-14 18:00:00+00:00,2026-01-16 05:00:00+00:00,2,35,2,2026-01-14 17:00:00+00:00,0.02666666666666667,0.16607433805863062,0.36829703959695215
2026-01-14 18:00:00+00:00,2026-01-16 06:00:00+00:00,2,36,2,2026-01-14 18:00:00+00:00,0.024999999999999998,0.12094567219416301,0.36829703959695215
2026-01-14 18:00:00+00:00,2026-01-16 07:00:00+00:00,2,37,3,2026-01-13 19:00:00+00:00,0.03666666666666667,0.41901542743047077,0.36829703959695215
2026-01-14 18:00:00+00:00,2026-01-16 08:00:00+00:00,2,38,3,2026-01-13 20:00:00+00:00,0.105,0.30993836124738056,0.36829703959695215
2026-01-14 18:00:00+00:00,2026-01-16 09:00:00+00:00,2,39,3,2026-01-13 21:00:00+00:00,0.215,0.40824997425079346,0.36829703959695215
2026-01-14 18:00:00+00:00,2026-01-16 10:00:00+00:00,2,40,3,2026-01-13 22:00:00+00:00,0.4283333333333333,0.4080546299616496,0.36829703959695215
2026-01-14 18:00:00+00:00,2026-01-16 11:00:00+00:00,2,41,3,2026-01-13 23:00:00+00:00,0.455,0.5892823139826456,0.36829703959695215
2026-01-14 18:00:00+00:00,2026-01-16 12:00:00+00:00,2,42,3,2026-01-14 00:00:00+00:00,0.45,0.6032630403836569,0.36829703959695215
2026-01-14 18:00:00+00:00,2026-01-16 13:00:00+00:00,2,43,3,2026-01-14 01:00:00+00:00,0.6716666666666667,0.8429150780042013,0.36829703959695215
2026-01-14 18:00:00+00:00,2026-01-16 14:00:00+00:00,2,44,3,2026-01-14 02:00:00+00:00,0.7916666666666666,0.8486199975013733,0.36829703959695215
2026-01-14 18:00:00+00:00,2026-01-16 15:00:00+00:00,2,45,3,2026-01-14 03:00:00+00:00,0.91,0.6873416105906168,0.36829703959695215
2026-01-14 18:00:00+00:00,2026-01-16 16:00:00+00:00,2,46,3,2026-01-14 04:00:00+00:00,0.8883333333333333,0.7592080036799113,0.36829703959695215
2026-01-14 18:00:00+00:00,2026-01-16 17:00:00+00:00,2,47,3,2026-01-14 05:00:00+00:00,0.9233333333333333,0.8074450492858887,0.36829703959695215
2026-01-14 18:00:00+00:00,2026-01-16 18:00:00+00:00,2,48,3,2026-01-14 06:00:00+00:00,0.7833333333333333,0.6941784818967184,0.36829703959695215
2026-01-15 18:00:00+00:00,2026-01-15 19:00:00+00:00,1,1,1,2026-01-15 07:00:00+00:00,0.09500000000000001,0.10104196270306905,0.3736853865525423
2026-01-15 18:00:00+00:00,2026-01-15 20:00:00+00:00,1,2,1,2026-01-15 08:00:00+00:00,0.13833333333333334,0.11334443589051564,0.3736853865525423
2026-01-15 18:00:00+00:00,2026-01-15 21:00:00+00:00,1,3,1,2026-01-15 09:00:00+00:00,0.07333333333333333,0.08435873811443646,0.3736853865525423
2026-01-15 18:00:00+00:00,2026-01-15 22:00:00+00:00,1,4,1,2026-01-15 10:00:00+00:00,0.049999999999999996,0.16641896963119507,0.3736853865525423
2026-01-15 18:00:00+00:00,2026-01-15 23:00:00+00:00,1,5,1,2026-01-15 11:00:00+00:00,0.04,0.2189303090174993,0.3736853865525423
2026-01-15 18:00:00+00:00,2026-01-16 00:00:00+00:00,1,6,1,2026-01-15 12:00:00+00:00,0.013333333333333334,0.06406118472417195,0.3736853865525423
2026-01-15 18:00:00+00:00,2026-01-16 01:00:00+00:00,1,7,1,2026-01-15 13:00:00+00:00,0.03166666666666667,0.06423347567518552,0.3736853865525423
2026-01-15 18:00:00+00:00,2026-01-16 02:00:00+00:00,1,8,1,2026-01-15 14:00:00+00:00,0.02,0.06856680909792583,0.3736853865525423
2026-01-15 18:00:00+00:00,2026-01-16 03:00:00+00:00,1,9,1,2026-01-15 15:00:00+00:00,0.03,0.09115128467480342,0.3736853865525423
2026-01-15 18:00:00+00:00,2026-01-16 04:00:00+00:00,1,10,1,2026-01-15 16:00:00+00:00,0.07166666666666667,0.0912413348754247,0.3736853865525423
2026-01-15 18:00:00+00:00,2026-01-16 05:00:00+00:00,1,11,1,2026-01-15 17:00:00+00:00,0.016666666666666666,0.08081079026063283,0.3736853865525423
2026-01-15 18:00:00+00:00,2026-01-16 06:00:00+00:00,1,12,1,2026-01-15 18:00:00+00:00,0.04833333333333333,0.04088039075334867,0.3736853865525423
2026-01-15 18:00:00+00:00,2026-01-16 07:00:00+00:00,1,13,2,2026-01-14 19:00:00+00:00,0.04,0.12224758043885231,0.3736853865525423
2026-01-15 18:00:00+00:00,2026-01-16 08:00:00+00:00,1,14,2,2026-01-14 20:00:00+00:00,0.09000000000000001,0.16459834078947702,0.3736853865525423
2026-01-15 18:00:00+00:00,2026-01-16 09:00:00+00:00,1,15,2,2026-01-14 21:00:00+00:00,0.22999999999999998,0.20049518595139185,0.3736853865525423
2026-01-15 18:00:00+00:00,2026-01-16 10:00:00+00:00,1,16,2,2026-01-14 22:00:00+00:00,0.3833333333333333,0.32879381875197095,0.3736853865525423
2026-01-15 18:00:00+00:00,2026-01-16 11:00:00+00:00,1,17,2,2026-01-14 23:00:00+00:00,0.375,0.616634468237559,0.3736853865525423
2026-01-15 18:00:00+00:00,2026-01-16 12:00:00+00:00,1,18,2,2026-01-15 00:00:00+00:00,0.4466666666666667,0.436536580324173,0.3736853865525423
2026-01-15 18:00:00+00:00,2026-01-16 13:00:00+00:00,1,19,2,2026-01-15 01:00:00+00:00,0.605,0.5375731686751047,0.3736853865525423
2026-01-15 18:00:00+00:00,2026-01-16 14:00:00+00:00,1,20,2,2026-01-15 02:00:00+00:00,0.7666666666666666,0.6272164285182953,0.3736853865525423
2026-01-15 18:00:00+00:00,2026-01-16 15:00:00+00:00,1,21,2,2026-01-15 03:00:00+00:00,0.9716666666666667,0.6200677951176962,0.3736853865525423
2026-01-15 18:00:00+00:00,2026-01-16 16:00:00+00:00,1,22,2,2026-01-15 04:00:00+00:00,0.9283333333333333,0.459693784515063,0.3736853865525423
2026-01-15 18:00:00+00:00,2026-01-16 17:00:00+00:00,1,23,2,2026-01-15 05:00:00+00:00,0.8766666666666666,0.5301683445771536,0.3736853865525423
2026-01-15 18:00:00+00:00,2026-01-16 18:00:00+00:00,1,24,2,2026-01-15 06:00:00+00:00,0.85,0.7303955554962158,0.3736853865525423
2026-01-15 18:00:00+00:00,2026-01-16 19:00:00+00:00,1,25,2,2026-01-15 07:00:00+00:00,0.9683333333333334,0.7936939199765524,0.3736853865525423
2026-01-15 18:00:00+00:00,2026-01-16 20:00:00+00:00,1,26,2,2026-01-15 08:00:00+00:00,0.96,0.83645232518514,0.3736853865525423
2026-01-15 18:00:00+00:00,2026-01-16 21:00:00+00:00,1,27,2,2026-01-15 09:00:00+00:00,0.895,0.8931427001953125,0.3736853865525423
2026-01-15 18:00:00+00:00,2026-01-16 22:00:00+00:00,1,28,2,2026-01-15 10:00:00+00:00,0.8250000000000001,0.9449239373207092,0.3736853865525423
2026-01-15 18:00:00+00:00,2026-01-16 23:00:00+00:00,1,29,2,2026-01-15 11:00:00+00:00,0.8166666666666665,0.9192400773366293,0.3736853865525423
2026-01-15 18:00:00+00:00,2026-01-17 00:00:00+00:00,1,30,2,2026-01-15 12:00:00+00:00,0.9033333333333333,0.9956209659576416,0.3736853865525423
2026-01-15 18:00:00+00:00,2026-01-17 01:00:00+00:00,1,31,2,2026-01-15 13:00:00+00:00,0.7000000000000001,0.9875065485636393,0.3736853865525423
2026-01-15 18:00:00+00:00,2026-01-17 02:00:00+00:00,1,32,2,2026-01-15 14:00:00+00:00,0.62,0.9876260360081991,0.3736853865525423
2026-01-15 18:00:00+00:00,2026-01-17 03:00:00+00:00,1,33,2,2026-01-15 15:00:00+00:00,0.4083333333333334,0.9812336564064026,0.3736853865525423
2026-01-15 18:00:00+00:00,2026-01-17 04:00:00+00:00,1,34,2,2026-01-15 16:00:00+00:00,0.4183333333333333,0.7871303955713908,0.3736853865525423
2026-01-15 18:00:00+00:00,2026-01-17 05:00:00+00:00,1,35,2,2026-01-15 17:00:00+00:00,0.2833333333333333,0.5616853733857473,0.3736853865525423
2026-01-15 18:00:00+00:00,2026-01-17 06:00:00+00:00,1,36,2,2026-01-15 18:00:00+00:00,0.13166666666666668,0.2133313591281573,0.3736853865525423
2026-01-15 18:00:00+00:00,2026-01-17 07:00:00+00:00,1,37,3,2026-01-14 19:00:00+00:00,0.051666666666666666,0.29925353825092316,0.3736853865525423
2026-01-15 18:00:00+00:00,2026-01-17 08:00:00+00:00,1,38,3,2026-01-14 20:00:00+00:00,0.06333333333333334,0.17678582295775414,0.3736853865525423
2026-01-15 18:00:00+00:00,2026-01-17 09:00:00+00:00,1,39,3,2026-01-14 21:00:00+00:00,0.08833333333333333,0.13017781327168146,0.3736853865525423
2026-01-15 18:00:00+00:00,2026-01-17 10:00:00+00:00,1,40,3,2026-01-14 22:00:00+00:00,0.05333333333333334,0.10708523665865262,0.3736853865525423
2026-01-15 18:00:00+00:00,2026-01-17 11:00:00+00:00,1,41,3,2026-01-14 23:00:00+00:00,0.03333333333333333,0.08051701510945956,0.3736853865525423
2026-01-15 18:00:00+00:00,2026-01-17 12:00:00+00:00,1,42,3,2026-01-15 00:00:00+00:00,0.01,0.04998345673084259,0.3736853865525423
2026-01-15 18:00:00+00:00,2026-01-17 13:00:00+00:00,1,43,3,2026-01-15 01:00:00+00:00,0.01,0.04481492812434832,0.3736853865525423
2026-01-15 18:00:00+00:00,2026-01-17 14:00:00+00:00,1,44,3,2026-01-15 02:00:00+00:00,0.028333333333333332,0.048716786007086434,0.3736853865525423
2026-01-15 18:00:00+00:00,2026-01-17 15:00:00+00:00,1,45,3,2026-01-15 03:00:00+00:00,0.013333333333333334,0.05269641398141781,0.3736853865525423
2026-01-15 18:00:00+00:00,2026-01-17 16:00:00+00:00,1,46,3,2026-01-15 04:00:00+00:00,0.01,0.03970958044131597,0.3736853865525423
2026-01-15 18:00:00+00:00,2026-01-17 17:00:00+00:00,1,47,3,2026-01-15 05:00:00+00:00,0.01,0.040878260818620525,0.3736853865525423
2026-01-15 18:00:00+00:00,2026-01-17 18:00:00+00:00,1,48,3,2026-01-15 06:00:00+00:00,0.01,0.043844702964027725,0.3736853865525423
2026-01-15 18:00:00+00:00,2026-01-15 19:00:00+00:00,2,1,1,2026-01-15 07:00:00+00:00,0.09833333333333334,0.0873001975317796,0.36829703959695215
2026-01-15 18:00:00+00:00,2026-01-15 20:00:00+00:00,2,2,1,2026-01-15 08:00:00+00:00,0.14,0.09712425991892815,0.36829703959695215
2026-01-15 18:00:00+00:00,2026-01-15 21:00:00+00:00,2,3,1,2026-01-15 09:00:00+00:00,0.08333333333333333,0.07597978413105011,0.36829703959695215
2026-01-15 18:00:00+00:00,2026-01-15 22:00:00+00:00,2,4,1,2026-01-15 10:00:00+00:00,0.04833333333333333,0.15828859557708105,0.36829703959695215
2026-01-15 18:00:00+00:00,2026-01-15 23:00:00+00:00,2,5,1,2026-01-15 11:00:00+00:00,0.03666666666666667,0.21472382048765817,0.36829703959695215
2026-01-15 18:00:00+00:00,2026-01-16 00:00:00+00:00,2,6,1,2026-01-15 12:00:00+00:00,0.013333333333333334,0.0615918313463529,0.36829703959695215
2026-01-15 18:00:00+00:00,2026-01-16 01:00:00+00:00,2,7,1,2026-01-15 13:00:00+00:00,0.041666666666666664,0.06191836794217428,0.36829703959695215
2026-01-15 18:00:00+00:00,2026-01-16 02:00:00+00:00,2,8,1,2026-01-15 14:00:00+00:00,0.02666666666666667,0.06462337883810203,0.36829703959695215
2026-01-15 18:00:00+00:00,2026-01-16 03:00:00+00:00,2,9,1,2026-01-15 15:00:00+00:00,0.018333333333333333,0.08668768281737964,0.36829703959695215
2026-01-15 18:00:00+00:00,2026-01-16 04:00:00+00:00,2,10,1,2026-01-15 16:00:00+00:00,0.02666666666666667,0.08746188382307689,0.36829703959695215
2026-01-15 18:00:00+00:00,2026-01-16 05:00:00+00:00,2,11,1,2026-01-15 17:00:00+00:00,0.02666666666666667,0.07690972586472829,0.36829703959695215
2026-01-15 18:00:00+00:00,2026-01-16 06:00:00+00:00,2,12,1,2026-01-15 18:00:00+00:00,0.024999999999999998,0.041537389159202576,0.36829703959695215
2026-01-15 18:00:00+00:00,2026-01-16 07:00:00+00:00,2,13,2,2026-01-14 19:00:00+00:00,0.03666666666666667,0.11717372387647629,0.36829703959695215
2026-01-15 18:00:00+00:00,2026-01-16 08:00:00+00:00,2,14,2,2026-01-14 20:00:00+00:00,0.105,0.1520193045337995,0.36829703959695215
2026-01-15 18:00:00+00:00,2026-01-16 09:00:00+00:00,2,15,2,2026-01-14 21:00:00+00:00,0.215,0.18870117763678232,0.36829703959695215
2026-01-15 18:00:00+00:00,2026-01-16 10:00:00+00:00,2,16,2,2026-01-14 22:00:00+00:00,0.4283333333333333,0.32422249019145966,0.36829703959695215
2026-01-15 18:00:00+00:00,2026-01-16 11:00:00+00:00,2,17,2,2026-01-14 23:00:00+00:00,0.455,0.5721586346626282,0.36829703959695215
2026-01-15 18:00:00+00:00,2026-01-16 12:00:00+00:00,2,18,2,2026-01-15 00:00:00+00:00,0.45,0.42220790684223175,0.36829703959695215
2026-01-15 18:00:00+00:00,2026-01-16 13:00:00+00:00,2,19,2,2026-01-15 01:00:00+00:00,0.6716666666666667,0.512040764093399,0.36829703959695215
2026-01-15 18:00:00+00:00,2026-01-16 14:00:00+00:00,2,20,2,2026-01-15 02:00:00+00:00,0.7916666666666666,0.5918748478094736,0.36829703959695215
2026-01-15 18:00:00+00:00,2026-01-16 15:00:00+00:00,2,21,2,2026-01-15 03:00:00+00:00,0.91,0.5773682494958242,0.36829703959695215
2026-01-15 18:00:00+00:00,2026-01-16 16:00:00+00:00,2,22,2,2026-01-15 04:00:00+00:00,0.8883333333333333,0.44345895449320477,0.36829703959695215
2026-01-15 18:00:00+00:00,2026-01-16 17:00:00+00:00,2,23,2,2026-01-15 05:00:00+00:00,0.9233333333333333,0.49893643458684284,0.36829703959695215
2026-01-15 18:00:00+00:00,2026-01-16 18:00:00+00:00,2,24,2,2026-01-15 06:00:00+00:00,0.7833333333333333,0.7039527396361033,0.36829703959695215
2026-01-15 18:00:00+00:00,2026-01-16 19:00:00+00:00,2,25,2,2026-01-15 07:00:00+00:00,0.9199999999999999,0.7761355042457581,0.36829703959695215
2026-01-15 18:00:00+00:00,2026-01-16 20:00:00+00:00,2,26,2,2026-01-15 08:00:00+00:00,0.9683333333333333,0.8197135726610819,0.36829703959695215
2026-01-15 18:00:00+00:00,2026-01-16 21:00:00+00:00,2,27,2,2026-01-15 09:00:00+00:00,0.8966666666666666,0.87600709994634,0.36829703959695215
2026-01-15 18:00:00+00:00,2026-01-16 22:00:00+00:00,2,28,2,2026-01-15 10:00:00+00:00,0.7949999999999999,0.9357534646987915,0.36829703959695215
2026-01-15 18:00:00+00:00,2026-01-16 23:00:00+00:00,2,29,2,2026-01-15 11:00:00+00:00,0.7400000000000001,0.9018627206484476,0.36829703959695215
2026-01-15 18:00:00+00:00,2026-01-17 00:00:00+00:00,2,30,2,2026-01-15 12:00:00+00:00,0.9349999999999999,0.9948089917500814,0.36829703959695215
2026-01-15 18:00:00+00:00,2026-01-17 01:00:00+00:00,2,31,2,2026-01-15 13:00:00+00:00,0.7983333333333333,0.9847910006841024,0.36829703959695215
2026-01-15 18:00:00+00:00,2026-01-17 02:00:00+00:00,2,32,2,2026-01-15 14:00:00+00:00,0.535,0.9847193360328674,0.36829703959695215
2026-01-15 18:00:00+00:00,2026-01-17 03:00:00+00:00,2,33,2,2026-01-15 15:00:00+00:00,0.38833333333333336,0.9764055411020914,0.36829703959695215
2026-01-15 18:00:00+00:00,2026-01-17 04:00:00+00:00,2,34,2,2026-01-15 16:00:00+00:00,0.36333333333333334,0.7523254553476969,0.36829703959695215
2026-01-15 18:00:00+00:00,2026-01-17 05:00:00+00:00,2,35,2,2026-01-15 17:00:00+00:00,0.225,0.5382428963979086,0.36829703959695215
2026-01-15 18:00:00+00:00,2026-01-17 06:00:00+00:00,2,36,2,2026-01-15 18:00:00+00:00,0.11833333333333333,0.20296488453944525,0.36829703959695215
2026-01-15 18:00:00+00:00,2026-01-17 07:00:00+00:00,2,37,3,2026-01-14 19:00:00+00:00,0.018333333333333333,0.266891489426295,0.36829703959695215
2026-01-15 18:00:00+00:00,2026-01-17 08:00:00+00:00,2,38,3,2026-01-14 20:00:00+00:00,0.05333333333333334,0.15830441812674204,0.36829703959695215
2026-01-15 18:00:00+00:00,2026-01-17 09:00:00+00:00,2,39,3,2026-01-14 21:00:00+00:00,0.08666666666666667,0.11843216419219971,0.36829703959695215
2026-01-15 18:00:00+00:00,2026-01-17 10:00:00+00:00,2,40,3,2026-01-14 22:00:00+00:00,0.05333333333333334,0.096922700603803,0.36829703959695215
2026-01-15 18:00:00+00:00,2026-01-17 11:00:00+00:00,2,41,3,2026-01-14 23:00:00+00:00,0.04,0.07347299406925838,0.36829703959695215
2026-01-15 18:00:00+00:00,2026-01-17 12:00:00+00:00,2,42,3,2026-01-15 00:00:00+00:00,0.01,0.04931807145476341,0.36829703959695215
2026-01-15 18:00:00+00:00,2026-01-17 13:00:00+00:00,2,43,3,2026-01-15 01:00:00+00:00,0.013333333333333334,0.042501105616490044,0.36829703959695215
2026-01-15 18:00:00+00:00,2026-01-17 14:00:00+00:00,2,44,3,2026-01-15 02:00:00+00:00,0.03,0.04366050101816654,0.36829703959695215
2026-01-15 18:00:00+00:00,2026-01-17 15:00:00+00:00,2,45,3,2026-01-15 03:00:00+00:00,0.011666666666666667,0.04753200771907965,0.36829703959695215
2026-01-15 18:00:00+00:00,2026-01-17 16:00:00+00:00,2,46,3,2026-01-15 04:00:00+00:00,0.01,0.03148074230800072,0.36829703959695215
2026-01-15 18:00:00+00:00,2026-01-17 17:00:00+00:00,2,47,3,2026-01-15 05:00:00+00:00,0.01,0.03541385056450963,0.36829703959695215
2026-01-15 18:00:00+00:00,2026-01-17 18:00:00+00:00,2,48,3,2026-01-15 06:00:00+00:00,0.01,0.037825570441782475,0.36829703959695215
2026-01-16 18:00:00+00:00,2026-01-16 19:00:00+00:00,1,1,1,2026-01-16 07:00:00+00:00,0.9683333333333334,0.9281347393989563,0.3736853865525423
2026-01-16 18:00:00+00:00,2026-01-16 20:00:00+00:00,1,2,1,2026-01-16 08:00:00+00:00,0.96,0.9522945284843445,0.3736853865525423
2026-01-16 18:00:00+00:00,2026-01-16 21:00:00+00:00,1,3,1,2026-01-16 09:00:00+00:00,0.895,0.9596306085586548,0.3736853865525423
2026-01-16 18:00:00+00:00,2026-01-16 22:00:00+00:00,1,4,1,2026-01-16 10:00:00+00:00,0.8250000000000001,0.96896892786026,0.3736853865525423
2026-01-16 18:00:00+00:00,2026-01-16 23:00:00+00:00,1,5,1,2026-01-16 11:00:00+00:00,0.8166666666666665,0.9720045526822408,0.3736853865525423
2026-01-16 18:00:00+00:00,2026-01-17 00:00:00+00:00,1,6,1,2026-01-16 12:00:00+00:00,0.9033333333333333,0.9932368596394857,0.3736853865525423
2026-01-16 18:00:00+00:00,2026-01-17 01:00:00+00:00,1,7,1,2026-01-16 13:00:00+00:00,0.7000000000000001,0.9873731732368469,0.3736853865525423
2026-01-16 18:00:00+00:00,2026-01-17 02:00:00+00:00,1,8,1,2026-01-16 14:00:00+00:00,0.62,0.9813701510429382,0.3736853865525423
2026-01-16 18:00:00+00:00,2026-01-17 03:00:00+00:00,1,9,1,2026-01-16 15:00:00+00:00,0.4083333333333334,0.9363996982574463,0.3736853865525423
2026-01-16 18:00:00+00:00,2026-01-17 04:00:00+00:00,1,10,1,2026-01-16 16:00:00+00:00,0.4183333333333333,0.8088389237721761,0.3736853865525423
2026-01-16 18:00:00+00:00,2026-01-17 05:00:00+00:00,1,11,1,2026-01-16 17:00:00+00:00,0.2833333333333333,0.4123494823773702,0.3736853865525423
2026-01-16 18:00:00+00:00,2026-01-17 06:00:00+00:00,1,12,1,2026-01-16 18:00:00+00:00,0.13166666666666668,0.34880153089761734,0.3736853865525423
2026-01-16 18:00:00+00:00,2026-01-17 07:00:00+00:00,1,13,2,2026-01-15 19:00:00+00:00,0.051666666666666666,0.06000560646255811,0.3736853865525423
2026-01-16 18:00:00+00:00,2026-01-17 08:00:00+00:00,1,14,2,2026-01-15 20:00:00+00:00,0.06333333333333334,0.027946486758689087,0.3736853865525423
2026-01-16 18:00:00+00:00,2026-01-17 09:00:00+00:00,1,15,2,2026-01-15 21:00:00+00:00,0.08833333333333333,0.027407909122606117,0.3736853865525423
2026-01-16 18:00:00+00:00,2026-01-17 10:00:00+00:00,1,16,2,2026-01-15 22:00:00+00:00,0.05333333333333334,0.03075784631073475,0.3736853865525423
2026-01-16 18:00:00+00:00,2026-01-17 11:00:00+00:00,1,17,2,2026-01-15 23:00:00+00:00,0.03333333333333333,0.03533231901625792,0.3736853865525423
2026-01-16 18:00:00+00:00,2026-01-17 12:00:00+00:00,1,18,2,2026-01-16 00:00:00+00:00,0.01,0.03546308850248655,0.3736853865525423
2026-01-16 18:00:00+00:00,2026-01-17 13:00:00+00:00,1,19,2,2026-01-16 01:00:00+00:00,0.01,0.0365705123792092,0.3736853865525423
2026-01-16 18:00:00+00:00,2026-01-17 14:00:00+00:00,1,20,2,2026-01-16 02:00:00+00:00,0.028333333333333332,0.04273353206614653,0.3736853865525423
2026-01-16 18:00:00+00:00,2026-01-17 15:00:00+00:00,1,21,2,2026-01-16 03:00:00+00:00,0.013333333333333334,0.043636428813139595,0.3736853865525423
2026-01-16 18:00:00+00:00,2026-01-17 16:00:00+00:00,1,22,2,2026-01-16 04:00:00+00:00,0.01,0.025812007176379364,0.3736853865525423
2026-01-16 18:00:00+00:00,2026-01-17 17:00:00+00:00,1,23,2,2026-01-16 05:00:00+00:00,0.01,0.029847597392896812,0.3736853865525423
2026-01-16 18:00:00+00:00,2026-01-17 18:00:00+00:00,1,24,2,2026-01-16 06:00:00+00:00,0.01,0.028115166661640007,0.3736853865525423
2026-01-16 18:00:00+00:00,2026-01-17 19:00:00+00:00,1,25,2,2026-01-16 07:00:00+00:00,0.01,0.025256326732536156,0.3736853865525423
2026-01-16 18:00:00+00:00,2026-01-17 20:00:00+00:00,1,26,2,2026-01-16 08:00:00+00:00,0.01,0.0355128546555837,0.3736853865525423
2026-01-16 18:00:00+00:00,2026-01-17 21:00:00+00:00,1,27,2,2026-01-16 09:00:00+00:00,0.01,0.009799095103517175,0.3736853865525423
2026-01-16 18:00:00+00:00,2026-01-17 22:00:00+00:00,1,28,2,2026-01-16 10:00:00+00:00,0.01,0.013943563913926482,0.3736853865525423
2026-01-16 18:00:00+00:00,2026-01-17 23:00:00+00:00,1,29,2,2026-01-16 11:00:00+00:00,0.01,0.012004249263554811,0.3736853865525423
2026-01-16 18:00:00+00:00,2026-01-18 00:00:00+00:00,1,30,2,2026-01-16 12:00:00+00:00,0.01,0.009954797104001045,0.3736853865525423
2026-01-16 18:00:00+00:00,2026-01-18 01:00:00+00:00,1,31,2,2026-01-16 13:00:00+00:00,0.013333333333333334,0.00894617692877849,0.3736853865525423
2026-01-16 18:00:00+00:00,2026-01-18 02:00:00+00:00,1,32,2,2026-01-16 14:00:00+00:00,0.01,0.004861943734188874,0.3736853865525423
2026-01-16 18:00:00+00:00,2026-01-18 03:00:00+00:00,1,33,2,2026-01-16 15:00:00+00:00,0.011666666666666667,0.005217779738207658,0.3736853865525423
2026-01-16 18:00:00+00:00,2026-01-18 04:00:00+00:00,1,34,2,2026-01-16 16:00:00+00:00,0.09666666666666668,0.007798775797709823,0.3736853865525423
2026-01-16 18:00:00+00:00,2026-01-18 05:00:00+00:00,1,35,2,2026-01-16 17:00:00+00:00,0.051666666666666666,0.016716396436095238,0.3736853865525423
2026-01-16 18:00:00+00:00,2026-01-18 06:00:00+00:00,1,36,2,2026-01-16 18:00:00+00:00,0.15333333333333335,0.0564798004925251,0.3736853865525423
2026-01-16 18:00:00+00:00,2026-01-18 07:00:00+00:00,1,37,3,2026-01-15 19:00:00+00:00,0.2333333333333333,0.019407217390835285,0.3736853865525423
2026-01-16 18:00:00+00:00,2026-01-18 08:00:00+00:00,1,38,3,2026-01-15 20:00:00+00:00,0.3516666666666666,0.02671696183582147,0.3736853865525423
2026-01-16 18:00:00+00:00,2026-01-18 09:00:00+00:00,1,39,3,2026-01-15 21:00:00+00:00,0.375,0.029558361197511356,0.3736853865525423
2026-01-16 18:00:00+00:00,2026-01-18 10:00:00+00:00,1,40,3,2026-01-15 22:00:00+00:00,0.23166666666666666,0.041469741612672806,0.3736853865525423
2026-01-16 18:00:00+00:00,2026-01-18 11:00:00+00:00,1,41,3,2026-01-15 23:00:00+00:00,0.16833333333333333,0.04990423967440923,0.3736853865525423
2026-01-16 18:00:00+00:00,2026-01-18 12:00:00+00:00,1,42,3,2026-01-16 00:00:00+00:00,0.12,0.15335175891717276,0.3736853865525423
2026-01-16 18:00:00+00:00,2026-01-18 13:00:00+00:00,1,43,3,2026-01-16 01:00:00+00:00,0.19166666666666665,0.1786662389834722,0.3736853865525423
2026-01-16 18:00:00+00:00,2026-01-18 14:00:00+00:00,1,44,3,2026-01-16 02:00:00+00:00,0.20333333333333334,0.18698303401470184,0.3736853865525423
2026-01-16 18:00:00+00:00,2026-01-18 15:00:00+00:00,1,45,3,2026-01-16 03:00:00+00:00,0.2916666666666667,0.2873322566350301,0.3736853865525423
2026-01-16 18:00:00+00:00,2026-01-18 16:00:00+00:00,1,46,3,2026-01-16 04:00:00+00:00,0.3066666666666667,0.30214165647824603,0.3736853865525423
2026-01-16 18:00:00+00:00,2026-01-18 17:00:00+00:00,1,47,3,2026-01-16 05:00:00+00:00,0.31666666666666665,0.2425291289885839,0.3736853865525423
2026-01-16 18:00:00+00:00,2026-01-18 18:00:00+00:00,1,48,3,2026-01-16 06:00:00+00:00,0.225,0.27837791045506793,0.3736853865525423
2026-01-16 18:00:00+00:00,2026-01-16 19:00:00+00:00,2,1,1,2026-01-16 07:00:00+00:00,0.9199999999999999,0.9204444090525309,0.36829703959695215
2026-01-16 18:00:00+00:00,2026-01-16 20:00:00+00:00,2,2,1,2026-01-16 08:00:00+00:00,0.9683333333333333,0.9434495369593302,0.36829703959695215
2026-01-16 18:00:00+00:00,2026-01-16 21:00:00+00:00,2,3,1,2026-01-16 09:00:00+00:00,0.8966666666666666,0.9530028899510702,0.36829703959695215
2026-01-16 18:00:00+00:00,2026-01-16 22:00:00+00:00,2,4,1,2026-01-16 10:00:00+00:00,0.7949999999999999,0.9655783375104269,0.36829703959695215
2026-01-16 18:00:00+00:00,2026-01-16 23:00:00+00:00,2,5,1,2026-01-16 11:00:00+00:00,0.7400000000000001,0.9681066870689392,0.36829703959695215
2026-01-16 18:00:00+00:00,2026-01-17 00:00:00+00:00,2,6,1,2026-01-16 12:00:00+00:00,0.9349999999999999,0.9920979142189026,0.36829703959695215
2026-01-16 18:00:00+00:00,2026-01-17 01:00:00+00:00,2,7,1,2026-01-16 13:00:00+00:00,0.7983333333333333,0.9850507775942484,0.36829703959695215
2026-01-16 18:00:00+00:00,2026-01-17 02:00:00+00:00,2,8,1,2026-01-16 14:00:00+00:00,0.535,0.977683941523234,0.36829703959695215
2026-01-16 18:00:00+00:00,2026-01-17 03:00:00+00:00,2,9,1,2026-01-16 15:00:00+00:00,0.38833333333333336,0.9174526731173197,0.36829703959695215
2026-01-16 18:00:00+00:00,2026-01-17 04:00:00+00:00,2,10,1,2026-01-16 16:00:00+00:00,0.36333333333333334,0.7722845474878947,0.36829703959695215
2026-01-16 18:00:00+00:00,2026-01-17 05:00:00+00:00,2,11,1,2026-01-16 17:00:00+00:00,0.225,0.3906018336613973,0.36829703959695215
2026-01-16 18:00:00+00:00,2026-01-17 06:00:00+00:00,2,12,1,2026-01-16 18:00:00+00:00,0.11833333333333333,0.3243161266048749,0.36829703959695215
2026-01-16 18:00:00+00:00,2026-01-17 07:00:00+00:00,2,13,2,2026-01-15 19:00:00+00:00,0.018333333333333333,0.05504467058926821,0.36829703959695215
2026-01-16 18:00:00+00:00,2026-01-17 08:00:00+00:00,2,14,2,2026-01-15 20:00:00+00:00,0.05333333333333334,0.027481076307594776,0.36829703959695215
2026-01-16 18:00:00+00:00,2026-01-17 09:00:00+00:00,2,15,2,2026-01-15 21:00:00+00:00,0.08666666666666667,0.026466947980225086,0.36829703959695215
2026-01-16 18:00:00+00:00,2026-01-17 10:00:00+00:00,2,16,2,2026-01-15 22:00:00+00:00,0.05333333333333334,0.030063781266411144,0.36829703959695215
2026-01-16 18:00:00+00:00,2026-01-17 11:00:00+00:00,2,17,2,2026-01-15 23:00:00+00:00,0.04,0.034110443045695625,0.36829703959695215
2026-01-16 18:00:00+00:00,2026-01-17 12:00:00+00:00,2,18,2,2026-01-16 00:00:00+00:00,0.01,0.033702477191885315,0.36829703959695215
2026-01-16 18:00:00+00:00,2026-01-17 13:00:00+00:00,2,19,2,2026-01-16 01:00:00+00:00,0.013333333333333334,0.03506742976605892,0.36829703959695215
2026-01-16 18:00:00+00:00,2026-01-17 14:00:00+00:00,2,20,2,2026-01-16 02:00:00+00:00,0.03,0.042478484412034355,0.36829703959695215
2026-01-16 18:00:00+00:00,2026-01-17 15:00:00+00:00,2,21,2,2026-01-16 03:00:00+00:00,0.011666666666666667,0.04364863410592079,0.36829703959695215
2026-01-16 18:00:00+00:00,2026-01-17 16:00:00+00:00,2,22,2,2026-01-16 04:00:00+00:00,0.01,0.025579634743432205,0.36829703959695215
2026-01-16 18:00:00+00:00,2026-01-17 17:00:00+00:00,2,23,2,2026-01-16 05:00:00+00:00,0.01,0.026277134505410988,0.36829703959695215
2026-01-16 18:00:00+00:00,2026-01-17 18:00:00+00:00,2,24,2,2026-01-16 06:00:00+00:00,0.01,0.024672427369902532,0.36829703959695215
2026-01-16 18:00:00+00:00,2026-01-17 19:00:00+00:00,2,25,2,2026-01-16 07:00:00+00:00,0.01,0.023142706758032244,0.36829703959695215
2026-01-16 18:00:00+00:00,2026-01-17 20:00:00+00:00,2,26,2,2026-01-16 08:00:00+00:00,0.01,0.0317955386514465,0.36829703959695215
2026-01-16 18:00:00+00:00,2026-01-17 21:00:00+00:00,2,27,2,2026-01-16 09:00:00+00:00,0.01,0.009361582924611866,0.36829703959695215
2026-01-16 18:00:00+00:00,2026-01-17 22:00:00+00:00,2,28,2,2026-01-16 10:00:00+00:00,0.01,0.0132813211530447,0.36829703959695215
2026-01-16 18:00:00+00:00,2026-01-17 23:00:00+00:00,2,29,2,2026-01-16 11:00:00+00:00,0.01,0.010097168541202942,0.36829703959695215
2026-01-16 18:00:00+00:00,2026-01-18 00:00:00+00:00,2,30,2,2026-01-16 12:00:00+00:00,0.01,0.008650987719496092,0.36829703959695215
2026-01-16 18:00:00+00:00,2026-01-18 01:00:00+00:00,2,31,2,2026-01-16 13:00:00+00:00,0.01,0.007719495954612891,0.36829703959695215
2026-01-16 18:00:00+00:00,2026-01-18 02:00:00+00:00,2,32,2,2026-01-16 14:00:00+00:00,0.016666666666666666,0.004287325777113438,0.36829703959695215
2026-01-16 18:00:00+00:00,2026-01-18 03:00:00+00:00,2,33,2,2026-01-16 15:00:00+00:00,0.011666666666666667,0.004940153836893539,0.36829703959695215
2026-01-16 18:00:00+00:00,2026-01-18 04:00:00+00:00,2,34,2,2026-01-16 16:00:00+00:00,0.085,0.007501946451763312,0.36829703959695215
2026-01-16 18:00:00+00:00,2026-01-18 05:00:00+00:00,2,35,2,2026-01-16 17:00:00+00:00,0.04666666666666667,0.016049716311196487,0.36829703959695215
2026-01-16 18:00:00+00:00,2026-01-18 06:00:00+00:00,2,36,2,2026-01-16 18:00:00+00:00,0.14333333333333334,0.054957677920659385,0.36829703959695215
2026-01-16 18:00:00+00:00,2026-01-18 07:00:00+00:00,2,37,3,2026-01-15 19:00:00+00:00,0.2383333333333333,0.017648911103606224,0.36829703959695215
2026-01-16 18:00:00+00:00,2026-01-18 08:00:00+00:00,2,38,3,2026-01-15 20:00:00+00:00,0.38999999999999996,0.023827142392595608,0.36829703959695215
2026-01-16 18:00:00+00:00,2026-01-18 09:00:00+00:00,2,39,3,2026-01-15 21:00:00+00:00,0.4383333333333333,0.02657478799422582,0.36829703959695215
2026-01-16 18:00:00+00:00,2026-01-18 10:00:00+00:00,2,40,3,2026-01-15 22:00:00+00:00,0.25666666666666665,0.03673327279587587,0.36829703959695215
2026-01-16 18:00:00+00:00,2026-01-18 11:00:00+00:00,2,41,3,2026-01-15 23:00:00+00:00,0.19499999999999998,0.04321487993001938,0.36829703959695215
2026-01-16 18:00:00+00:00,2026-01-18 12:00:00+00:00,2,42,3,2026-01-16 00:00:00+00:00,0.12833333333333333,0.13799703617890677,0.36829703959695215
2026-01-16 18:00:00+00:00,2026-01-18 13:00:00+00:00,2,43,3,2026-01-16 01:00:00+00:00,0.18666666666666668,0.16252156098683676,0.36829703959695215
2026-01-16 18:00:00+00:00,2026-01-18 14:00:00+00:00,2,44,3,2026-01-16 02:00:00+00:00,0.18166666666666667,0.1723162978887558,0.36829703959695215
2026-01-16 18:00:00+00:00,2026-01-18 15:00:00+00:00,2,45,3,2026-01-16 03:00:00+00:00,0.24166666666666667,0.2732921193043391,0.36829703959695215
2026-01-16 18:00:00+00:00,2026-01-18 16:00:00+00:00,2,46,3,2026-01-16 04:00:00+00:00,0.25333333333333335,0.287246972322464,0.36829703959695215
2026-01-16 18:00:00+00:00,2026-01-18 17:00:00+00:00,2,47,3,2026-01-16 05:00:00+00:00,0.2916666666666667,0.2317834496498108,0.36829703959695215
2026-01-16 18:00:00+00:00,2026-01-18 18:00:00+00:00,2,48,3,2026-01-16 06:00:00+00:00,0.2333333333333333,0.2688583681980769,0.36829703959695215
2026-01-17 18:00:00+00:00,2026-01-17 19:00:00+00:00,1,1,1,2026-01-17 07:00:00+00:00,0.01,0.021786828835805256,0.3736853865525423
2026-01-17 18:00:00+00:00,2026-01-17 20:00:00+00:00,1,2,1,2026-01-17 08:00:00+00:00,0.01,0.01854950418540587,0.3736853865525423
2026-01-17 18:00:00+00:00,2026-01-17 21:00:00+00:00,1,3,1,2026-01-17 09:00:00+00:00,0.01,0.009960854814077416,0.3736853865525423
2026-01-17 18:00:00+00:00,2026-01-17 22:00:00+00:00,1,4,1,2026-01-17 10:00:00+00:00,0.01,0.01487827409679691,0.3736853865525423
2026-01-17 18:00:00+00:00,2026-01-17 23:00:00+00:00,1,5,1,2026-01-17 11:00:00+00:00,0.01,0.01722094401096304,0.3736853865525423
2026-01-17 18:00:00+00:00,2026-01-18 00:00:00+00:00,1,6,1,2026-01-17 12:00:00+00:00,0.01,0.0056464468749860925,0.3736853865525423
2026-01-17 18:00:00+00:00,2026-01-18 01:00:00+00:00,1,7,1,2026-01-17 13:00:00+00:00,0.013333333333333334,0.006461966472367446,0.3736853865525423
2026-01-17 18:00:00+00:00,2026-01-18 02:00:00+00:00,1,8,1,2026-01-17 14:00:00+00:00,0.01,0.010215071495622396,0.3736853865525423
2026-01-17 18:00:00+00:00,2026-01-18 03:00:00+00:00,1,9,1,2026-01-17 15:00:00+00:00,0.011666666666666667,0.011839312811692556,0.3736853865525423
2026-01-17 18:00:00+00:00,2026-01-18 04:00:00+00:00,1,10,1,2026-01-17 16:00:00+00:00,0.09666666666666668,0.01696118029455344,0.3736853865525423
2026-01-17 18:00:00+00:00,2026-01-18 05:00:00+00:00,1,11,1,2026-01-17 17:00:00+00:00,0.051666666666666666,0.025139565269152325,0.3736853865525423
2026-01-17 18:00:00+00:00,2026-01-18 06:00:00+00:00,1,12,1,2026-01-17 18:00:00+00:00,0.15333333333333335,0.017552452472349007,0.3736853865525423
2026-01-17 18:00:00+00:00,2026-01-18 07:00:00+00:00,1,13,2,2026-01-16 19:00:00+00:00,0.2333333333333333,0.10285031050443649,0.3736853865525423
2026-01-17 18:00:00+00:00,2026-01-18 08:00:00+00:00,1,14,2,2026-01-16 20:00:00+00:00,0.3516666666666666,0.13457108040650687,0.3736853865525423
2026-01-17 18:00:00+00:00,2026-01-18 09:00:00+00:00,1,15,2,2026-01-16 21:00:00+00:00,0.375,0.18233642975489298,0.3736853865525423
2026-01-17 18:00:00+00:00,2026-01-18 10:00:00+00:00,1,16,2,2026-01-16 22:00:00+00:00,0.23166666666666666,0.2235300342241923,0.3736853865525423
2026-01-17 18:00:00+00:00,2026-01-18 11:00:00+00:00,1,17,2,2026-01-16 23:00:00+00:00,0.16833333333333333,0.2805863916873932,0.3736853865525423
2026-01-17 18:00:00+00:00,2026-01-18 12:00:00+00:00,1,18,2,2026-01-17 00:00:00+00:00,0.12,0.23119000593821207,0.3736853865525423
2026-01-17 18:00:00+00:00,2026-01-18 13:00:00+00:00,1,19,2,2026-01-17 01:00:00+00:00,0.19166666666666665,0.22614413996537527,0.3736853865525423
2026-01-17 18:00:00+00:00,2026-01-18 14:00:00+00:00,1,20,2,2026-01-17 02:00:00+00:00,0.20333333333333334,0.2219945639371872,0.3736853865525423
2026-01-17 18:00:00+00:00,2026-01-18 15:00:00+00:00,1,21,2,2026-01-17 03:00:00+00:00,0.2916666666666667,0.21550860007603964,0.3736853865525423
2026-01-17 18:00:00+00:00,2026-01-18 16:00:00+00:00,1,22,2,2026-01-17 04:00:00+00:00,0.3066666666666667,0.2515340397755305,0.3736853865525423
2026-01-17 18:00:00+00:00,2026-01-18 17:00:00+00:00,1,23,2,2026-01-17 05:00:00+00:00,0.31666666666666665,0.23798062403996786,0.3736853865525423
2026-01-17 18:00:00+00:00,2026-01-18 18:00:00+00:00,1,24,2,2026-01-17 06:00:00+00:00,0.225,0.2182958573102951,0.3736853865525423
2026-01-17 18:00:00+00:00,2026-01-18 19:00:00+00:00,1,25,2,2026-01-17 07:00:00+00:00,0.3566666666666667,0.32221542795499164,0.3736853865525423
2026-01-17 18:00:00+00:00,2026-01-18 20:00:00+00:00,1,26,2,2026-01-17 08:00:00+00:00,0.6150000000000001,0.461879829565684,0.3736853865525423
2026-01-17 18:00:00+00:00,2026-01-18 21:00:00+00:00,1,27,2,2026-01-17 09:00:00+00:00,0.535,0.6407746275266012,0.3736853865525423
2026-01-17 18:00:00+00:00,2026-01-18 22:00:00+00:00,1,28,2,2026-01-17 10:00:00+00:00,0.39166666666666666,0.7355164488156637,0.3736853865525423
2026-01-17 18:00:00+00:00,2026-01-18 23:00:00+00:00,1,29,2,2026-01-17 11:00:00+00:00,0.3383333333333333,0.7683147589365641,0.3736853865525423
2026-01-17 18:00:00+00:00,2026-01-19 00:00:00+00:00,1,30,2,2026-01-17 12:00:00+00:00,0.47,0.7520053585370382,0.3736853865525423
2026-01-17 18:00:00+00:00,2026-01-19 01:00:00+00:00,1,31,2,2026-01-17 13:00:00+00:00,0.34833333333333333,0.745438794294993,0.3736853865525423
2026-01-17 18:00:00+00:00,2026-01-19 02:00:00+00:00,1,32,2,2026-01-17 14:00:00+00:00,0.135,0.749629815419515,0.3736853865525423
2026-01-17 18:00:00+00:00,2026-01-19 03:00:00+00:00,1,33,2,2026-01-17 15:00:00+00:00,0.26666666666666666,0.739499012629191,0.3736853865525423
2026-01-17 18:00:00+00:00,2026-01-19 04:00:00+00:00,1,34,2,2026-01-17 16:00:00+00:00,0.315,0.7122119665145874,0.3736853865525423
2026-01-17 18:00:00+00:00,2026-01-19 05:00:00+00:00,1,35,2,2026-01-17 17:00:00+00:00,0.33166666666666667,0.7391538421312968,0.3736853865525423
2026-01-17 18:00:00+00:00,2026-01-19 06:00:00+00:00,1,36,2,2026-01-17 18:00:00+00:00,0.2866666666666667,0.5865838527679443,0.3736853865525423
2026-01-17 18:00:00+00:00,2026-01-19 07:00:00+00:00,1,37,3,2026-01-16 19:00:00+00:00,0.36999999999999994,0.8233101963996887,0.3736853865525423
2026-01-17 18:00:00+00:00,2026-01-19 08:00:00+00:00,1,38,3,2026-01-16 20:00:00+00:00,0.3566666666666667,0.7595418492952982,0.3736853865525423
2026-01-17 18:00:00+00:00,2026-01-19 09:00:00+00:00,1,39,3,2026-01-16 21:00:00+00:00,0.3133333333333333,0.6659181515375773,0.3736853865525423
2026-01-17 18:00:00+00:00,2026-01-19 10:00:00+00:00,1,40,3,2026-01-16 22:00:00+00:00,0.28833333333333333,0.5551979740460714,0.3736853865525423
2026-01-17 18:00:00+00:00,2026-01-19 11:00:00+00:00,1,41,3,2026-01-16 23:00:00+00:00,0.2633333333333333,0.3789945940176646,0.3736853865525423
2026-01-17 18:00:00+00:00,2026-01-19 12:00:00+00:00,1,42,3,2026-01-17 00:00:00+00:00,0.22833333333333336,0.26957668364048004,0.3736853865525423
2026-01-17 18:00:00+00:00,2026-01-19 13:00:00+00:00,1,43,3,2026-01-17 01:00:00+00:00,0.4216666666666667,0.18537126978238425,0.3736853865525423
2026-01-17 18:00:00+00:00,2026-01-19 14:00:00+00:00,1,44,3,2026-01-17 02:00:00+00:00,0.36166666666666664,0.10814626763264339,0.3736853865525423
2026-01-17 18:00:00+00:00,2026-01-19 15:00:00+00:00,1,45,3,2026-01-17 03:00:00+00:00,0.32666666666666666,0.09020154550671577,0.3736853865525423
2026-01-17 18:00:00+00:00,2026-01-19 16:00:00+00:00,1,46,3,2026-01-17 04:00:00+00:00,0.03333333333333333,0.0590468825151523,0.3736853865525423
2026-01-17 18:00:00+00:00,2026-01-19 17:00:00+00:00,1,47,3,2026-01-17 05:00:00+00:00,0.07,0.043276734029253326,0.3736853865525423
2026-01-17 18:00:00+00:00,2026-01-19 18:00:00+00:00,1,48,3,2026-01-17 06:00:00+00:00,0.015,0.058149900287389755,0.3736853865525423
2026-01-17 18:00:00+00:00,2026-01-17 19:00:00+00:00,2,1,1,2026-01-17 07:00:00+00:00,0.01,0.01896080964555343,0.36829703959695215
2026-01-17 18:00:00+00:00,2026-01-17 20:00:00+00:00,2,2,1,2026-01-17 08:00:00+00:00,0.01,0.01710253853040437,0.36829703959695215
2026-01-17 18:00:00+00:00,2026-01-17 21:00:00+00:00,2,3,1,2026-01-17 09:00:00+00:00,0.01,0.00874487830636402,0.36829703959695215
2026-01-17 18:00:00+00:00,2026-01-17 22:00:00+00:00,2,4,1,2026-01-17 10:00:00+00:00,0.01,0.013100720631579557,0.36829703959695215
2026-01-17 18:00:00+00:00,2026-01-17 23:00:00+00:00,2,5,1,2026-01-17 11:00:00+00:00,0.01,0.014984420345475277,0.36829703959695215
2026-01-17 18:00:00+00:00,2026-01-18 00:00:00+00:00,2,6,1,2026-01-17 12:00:00+00:00,0.01,0.004988565652941664,0.36829703959695215
2026-01-17 18:00:00+00:00,2026-01-18 01:00:00+00:00,2,7,1,2026-01-17 13:00:00+00:00,0.01,0.005719916506980856,0.36829703959695215
2026-01-17 18:00:00+00:00,2026-01-18 02:00:00+00:00,2,8,1,2026-01-17 14:00:00+00:00,0.016666666666666666,0.008981974640240272,0.36829703959695215
2026-01-17 18:00:00+00:00,2026-01-18 03:00:00+00:00,2,9,1,2026-01-17 15:00:00+00:00,0.011666666666666667,0.01077686840047439,0.36829703959695215
2026-01-17 18:00:00+00:00,2026-01-18 04:00:00+00:00,2,10,1,2026-01-17 16:00:00+00:00,0.085,0.016153008366624515,0.36829703959695215
2026-01-17 18:00:00+00:00,2026-01-18 05:00:00+00:00,2,11,1,2026-01-17 17:00:00+00:00,0.04666666666666667,0.023980829243858654,0.36829703959695215
2026-01-17 18:00:00+00:00,2026-01-18 06:00:00+00:00,2,12,1,2026-01-17 18:00:00+00:00,0.14333333333333334,0.018009845167398453,0.36829703959695215
2026-01-17 18:00:00+00:00,2026-01-18 07:00:00+00:00,2,13,2,2026-01-16 19:00:00+00:00,0.2383333333333333,0.10149415582418442,0.36829703959695215
2026-01-17 18:00:00+00:00,2026-01-18 08:00:00+00:00,2,14,2,2026-01-16 20:00:00+00:00,0.38999999999999996,0.13350914418697357,0.36829703959695215
2026-01-17 18:00:00+00:00,2026-01-18 09:00:00+00:00,2,15,2,2026-01-16 21:00:00+00:00,0.4383333333333333,0.17975650231043497,0.36829703959695215
2026-01-17 18:00:00+00:00,2026-01-18 10:00:00+00:00,2,16,2,2026-01-16 22:00:00+00:00,0.25666666666666665,0.22633623083432516,0.36829703959695215
2026-01-17 18:00:00+00:00,2026-01-18 11:00:00+00:00,2,17,2,2026-01-16 23:00:00+00:00,0.19499999999999998,0.2794958104689916,0.36829703959695215
2026-01-17 18:00:00+00:00,2026-01-18 12:00:00+00:00,2,18,2,2026-01-17 00:00:00+00:00,0.12833333333333333,0.22187534471352896,0.36829703959695215
2026-01-17 18:00:00+00:00,2026-01-18 13:00:00+00:00,2,19,2,2026-01-17 01:00:00+00:00,0.18666666666666668,0.20799007018407187,0.36829703959695215
2026-01-17 18:00:00+00:00,2026-01-18 14:00:00+00:00,2,20,2,2026-01-17 02:00:00+00:00,0.18166666666666667,0.20251608391602835,0.36829703959695215
2026-01-17 18:00:00+00:00,2026-01-18 15:00:00+00:00,2,21,2,2026-01-17 03:00:00+00:00,0.24166666666666667,0.19157918790976206,0.36829703959695215
2026-01-17 18:00:00+00:00,2026-01-18 16:00:00+00:00,2,22,2,2026-01-17 04:00:00+00:00,0.25333333333333335,0.22169962028662363,0.36829703959695215
2026-01-17 18:00:00+00:00,2026-01-18 17:00:00+00:00,2,23,2,2026-01-17 05:00:00+00:00,0.2916666666666667,0.21636215349038443,0.36829703959695215
2026-01-17 18:00:00+00:00,2026-01-18 18:00:00+00:00,2,24,2,2026-01-17 06:00:00+00:00,0.2333333333333333,0.19341924289862314,0.36829703959695215
2026-01-17 18:00:00+00:00,2026-01-18 19:00:00+00:00,2,25,2,2026-01-17 07:00:00+00:00,0.35000000000000003,0.2916553815205892,0.36829703959695215
2026-01-17 18:00:00+00:00,2026-01-18 20:00:00+00:00,2,26,2,2026-01-17 08:00:00+00:00,0.505,0.42783790826797485,0.36829703959695215
2026-01-17 18:00:00+00:00,2026-01-18 21:00:00+00:00,2,27,2,2026-01-17 09:00:00+00:00,0.5033333333333333,0.6153626044591268,0.36829703959695215
2026-01-17 18:00:00+00:00,2026-01-18 22:00:00+00:00,2,28,2,2026-01-17 10:00:00+00:00,0.36999999999999994,0.7309439380963644,0.36829703959695215
2026-01-17 18:00:00+00:00,2026-01-18 23:00:00+00:00,2,29,2,2026-01-17 11:00:00+00:00,0.345,0.7663119236628214,0.36829703959695215
2026-01-17 18:00:00+00:00,2026-01-19 00:00:00+00:00,2,30,2,2026-01-17 12:00:00+00:00,0.5033333333333333,0.7451672554016113,0.36829703959695215
2026-01-17 18:00:00+00:00,2026-01-19 01:00:00+00:00,2,31,2,2026-01-17 13:00:00+00:00,0.33666666666666667,0.7424599528312683,0.36829703959695215
2026-01-17 18:00:00+00:00,2026-01-19 02:00:00+00:00,2,32,2,2026-01-17 14:00:00+00:00,0.13666666666666666,0.7422838012377421,0.36829703959695215
2026-01-17 18:00:00+00:00,2026-01-19 03:00:00+00:00,2,33,2,2026-01-17 15:00:00+00:00,0.21333333333333335,0.7285882631937662,0.36829703959695215
2026-01-17 18:00:00+00:00,2026-01-19 04:00:00+00:00,2,34,2,2026-01-17 16:00:00+00:00,0.3116666666666667,0.7036563356717428,0.36829703959695215
2026-01-17 18:00:00+00:00,2026-01-19 05:00:00+00:00,2,35,2,2026-01-17 17:00:00+00:00,0.22666666666666668,0.7402023871739706,0.36829703959695215
2026-01-17 18:00:00+00:00,2026-01-19 06:00:00+00:00,2,36,2,2026-01-17 18:00:00+00:00,0.3016666666666667,0.5981590151786804,0.36829703959695215
2026-01-17 18:00:00+00:00,2026-01-19 07:00:00+00:00,2,37,3,2026-01-16 19:00:00+00:00,0.3333333333333333,0.8303119540214539,0.36829703959695215
2026-01-17 18:00:00+00:00,2026-01-19 08:00:00+00:00,2,38,3,2026-01-16 20:00:00+00:00,0.2916666666666667,0.7746229966481527,0.36829703959695215
2026-01-17 18:00:00+00:00,2026-01-19 09:00:00+00:00,2,39,3,2026-01-16 21:00:00+00:00,0.305,0.6801617741584778,0.36829703959695215
2026-01-17 18:00:00+00:00,2026-01-19 10:00:00+00:00,2,40,3,2026-01-16 22:00:00+00:00,0.27999999999999997,0.5645779569943746,0.36829703959695215
2026-01-17 18:00:00+00:00,2026-01-19 11:00:00+00:00,2,41,3,2026-01-16 23:00:00+00:00,0.16833333333333333,0.38009090224901837,0.36829703959695215
2026-01-17 18:00:00+00:00,2026-01-19 12:00:00+00:00,2,42,3,2026-01-17 00:00:00+00:00,0.30666666666666664,0.268234724799792,0.36829703959695215
2026-01-17 18:00:00+00:00,2026-01-19 13:00:00+00:00,2,43,3,2026-01-17 01:00:00+00:00,0.4816666666666667,0.17291304965813956,0.36829703959695215
2026-01-17 18:00:00+00:00,2026-01-19 14:00:00+00:00,2,44,3,2026-01-17 02:00:00+00:00,0.295,0.09629411002000172,0.36829703959695215
2026-01-17 18:00:00+00:00,2026-01-19 15:00:00+00:00,2,45,3,2026-01-17 03:00:00+00:00,0.24833333333333332,0.07952603697776794,0.36829703959695215
2026-01-17 18:00:00+00:00,2026-01-19 16:00:00+00:00,2,46,3,2026-01-17 04:00:00+00:00,0.018333333333333333,0.052319941421349846,0.36829703959695215
2026-01-17 18:00:00+00:00,2026-01-19 17:00:00+00:00,2,47,3,2026-01-17 05:00:00+00:00,0.06,0.037901924923062325,0.36829703959695215
2026-01-17 18:00:00+00:00,2026-01-19 18:00:00+00:00,2,48,3,2026-01-17 06:00:00+00:00,0.02,0.05773346871137619,0.36829703959695215
2026-01-18 18:00:00+00:00,2026-01-18 19:00:00+00:00,1,1,1,2026-01-18 07:00:00+00:00,0.3566666666666667,0.4408357044061025,0.3736853865525423
2026-01-18 18:00:00+00:00,2026-01-18 20:00:00+00:00,1,2,1,2026-01-18 08:00:00+00:00,0.6150000000000001,0.535455067952474,0.3736853865525423
2026-01-18 18:00:00+00:00,2026-01-18 21:00:00+00:00,1,3,1,2026-01-18 09:00:00+00:00,0.535,0.659154494603475,0.3736853865525423
2026-01-18 18:00:00+00:00,2026-01-18 22:00:00+00:00,1,4,1,2026-01-18 10:00:00+00:00,0.39166666666666666,0.7511023084322611,0.3736853865525423
2026-01-18 18:00:00+00:00,2026-01-18 23:00:00+00:00,1,5,1,2026-01-18 11:00:00+00:00,0.3383333333333333,0.8012623190879822,0.3736853865525423
2026-01-18 18:00:00+00:00,2026-01-19 00:00:00+00:00,1,6,1,2026-01-18 12:00:00+00:00,0.47,0.7493539849917094,0.3736853865525423
2026-01-18 18:00:00+00:00,2026-01-19 01:00:00+00:00,1,7,1,2026-01-18 13:00:00+00:00,0.34833333333333333,0.7297578056653341,0.3736853865525423
2026-01-18 18:00:00+00:00,2026-01-19 02:00:00+00:00,1,8,1,2026-01-18 14:00:00+00:00,0.135,0.7040275931358337,0.3736853865525423
2026-01-18 18:00:00+00:00,2026-01-19 03:00:00+00:00,1,9,1,2026-01-18 15:00:00+00:00,0.26666666666666666,0.6962119738260905,0.3736853865525423
2026-01-18 18:00:00+00:00,2026-01-19 04:00:00+00:00,1,10,1,2026-01-18 16:00:00+00:00,0.315,0.6523534456888834,0.3736853865525423
2026-01-18 18:00:00+00:00,2026-01-19 05:00:00+00:00,1,11,1,2026-01-18 17:00:00+00:00,0.33166666666666667,0.6251295407613119,0.3736853865525423
2026-01-18 18:00:00+00:00,2026-01-19 06:00:00+00:00,1,12,1,2026-01-18 18:00:00+00:00,0.2866666666666667,0.6528010567029318,0.3736853865525423
2026-01-18 18:00:00+00:00,2026-01-19 07:00:00+00:00,1,13,2,2026-01-17 19:00:00+00:00,0.36999999999999994,0.5960927406946818,0.3736853865525423
2026-01-18 18:00:00+00:00,2026-01-19 08:00:00+00:00,1,14,2,2026-01-17 20:00:00+00:00,0.3566666666666667,0.5781082510948181,0.3736853865525423
2026-01-18 18:00:00+00:00,2026-01-19 09:00:00+00:00,1,15,2,2026-01-17 21:00:00+00:00,0.3133333333333333,0.5369000832239786,0.3736853865525423
2026-01-18 18:00:00+00:00,2026-01-19 10:00:00+00:00,1,16,2,2026-01-17 22:00:00+00:00,0.28833333333333333,0.48297956585884094,0.3736853865525423
2026-01-18 18:00:00+00:00,2026-01-19 11:00:00+00:00,1,17,2,2026-01-17 23:00:00+00:00,0.2633333333333333,0.35131873687108356,0.3736853865525423
2026-01-18 18:00:00+00:00,2026-01-19 12:00:00+00:00,1,18,2,2026-01-18 00:00:00+00:00,0.22833333333333336,0.21988779306411743,0.3736853865525423
2026-01-18 18:00:00+00:00,2026-01-19 13:00:00+00:00,1,19,2,2026-01-18 01:00:00+00:00,0.4216666666666667,0.10997462024291356,0.3736853865525423
2026-01-18 18:00:00+00:00,2026-01-19 14:00:00+00:00,1,20,2,2026-01-18 02:00:00+00:00,0.36166666666666664,0.06737467274069786,0.3736853865525423
2026-01-18 18:00:00+00:00,2026-01-19 15:00:00+00:00,1,21,2,2026-01-18 03:00:00+00:00,0.32666666666666666,0.04952259796361128,0.3736853865525423
2026-01-18 18:00:00+00:00,2026-01-19 16:00:00+00:00,1,22,2,2026-01-18 04:00:00+00:00,0.03333333333333333,0.033057875310381256,0.3736853865525423
2026-01-18 18:00:00+00:00,2026-01-19 17:00:00+00:00,1,23,2,2026-01-18 05:00:00+00:00,0.07,0.016494195442646742,0.3736853865525423
2026-01-18 18:00:00+00:00,2026-01-19 18:00:00+00:00,1,24,2,2026-01-18 06:00:00+00:00,0.015,0.023285092630734045,0.3736853865525423
2026-01-18 18:00:00+00:00,2026-01-19 19:00:00+00:00,1,25,2,2026-01-18 07:00:00+00:00,0.01,0.015771016478538513,0.3736853865525423
2026-01-18 18:00:00+00:00,2026-01-19 20:00:00+00:00,1,26,2,2026-01-18 08:00:00+00:00,0.01,0.016791382804512978,0.3736853865525423
2026-01-18 18:00:00+00:00,2026-01-19 21:00:00+00:00,1,27,2,2026-01-18 09:00:00+00:00,0.01,0.01700596557930112,0.3736853865525423
2026-01-18 18:00:00+00:00,2026-01-19 22:00:00+00:00,1,28,2,2026-01-18 10:00:00+00:00,0.01,0.020146189567943413,0.3736853865525423
2026-01-18 18:00:00+00:00,2026-01-19 23:00:00+00:00,1,29,2,2026-01-18 11:00:00+00:00,0.013333333333333334,0.01874831474075715,0.3736853865525423
2026-01-18 18:00:00+00:00,2026-01-20 00:00:00+00:00,1,30,2,2026-01-18 12:00:00+00:00,0.10833333333333334,0.0218145123993357,0.3736853865525423
2026-01-18 18:00:00+00:00,2026-01-20 01:00:00+00:00,1,31,2,2026-01-18 13:00:00+00:00,0.034999999999999996,0.018960772237430017,0.3736853865525423
2026-01-18 18:00:00+00:00,2026-01-20 02:00:00+00:00,1,32,2,2026-01-18 14:00:00+00:00,0.01,0.01913987814138333,0.3736853865525423
2026-01-18 18:00:00+00:00,2026-01-20 03:00:00+00:00,1,33,2,2026-01-18 15:00:00+00:00,0.01,0.02045357320457697,0.3736853865525423
2026-01-18 18:00:00+00:00,2026-01-20 04:00:00+00:00,1,34,2,2026-01-18 16:00:00+00:00,0.01,0.03632389257351557,0.3736853865525423
2026-01-18 18:00:00+00:00,2026-01-20 05:00:00+00:00,1,35,2,2026-01-18 17:00:00+00:00,0.018333333333333333,0.05211178958415985,0.3736853865525423
2026-01-18 18:00:00+00:00,2026-01-20 06:00:00+00:00,1,36,2,2026-01-18 18:00:00+00:00,0.051666666666666666,0.02587435208261013,0.3736853865525423
2026-01-18 18:00:00+00:00,2026-01-20 07:00:00+00:00,1,37,3,2026-01-17 19:00:00+00:00,0.018333333333333333,0.316867932677269,0.3736853865525423
2026-01-18 18:00:00+00:00,2026-01-20 08:00:00+00:00,1,38,3,2026-01-17 20:00:00+00:00,0.03,0.22297184665997824,0.3736853865525423
2026-01-18 18:00:00+00:00,2026-01-20 09:00:00+00:00,1,39,3,2026-01-17 21:00:00+00:00,0.09333333333333334,0.13822360336780548,0.3736853865525423
2026-01-18 18:00:00+00:00,2026-01-20 10:00:00+00:00,1,40,3,2026-01-17 22:00:00+00:00,0.034999999999999996,0.11338770886262257,0.3736853865525423
2026-01-18 18:00:00+00:00,2026-01-20 11:00:00+00:00,1,41,3,2026-01-17 23:00:00+00:00,0.013333333333333334,0.08794942498207092,0.3736853865525423
2026-01-18 18:00:00+00:00,2026-01-20 12:00:00+00:00,1,42,3,2026-01-18 00:00:00+00:00,0.01,0.08502315729856491,0.3736853865525423
2026-01-18 18:00:00+00:00,2026-01-20 13:00:00+00:00,1,43,3,2026-01-18 01:00:00+00:00,0.01,0.07044315959016482,0.3736853865525423
2026-01-18 18:00:00+00:00,2026-01-20 14:00:00+00:00,1,44,3,2026-01-18 02:00:00+00:00,0.01,0.07110861440499623,0.3736853865525423
2026-01-18 18:00:00+00:00,2026-01-20 15:00:00+00:00,1,45,3,2026-01-18 03:00:00+00:00,0.01,0.09019168093800545,0.3736853865525423
2026-01-18 18:00:00+00:00,2026-01-20 16:00:00+00:00,1,46,3,2026-01-18 04:00:00+00:00,0.01,0.09946294377247493,0.3736853865525423
2026-01-18 18:00:00+00:00,2026-01-20 17:00:00+00:00,1,47,3,2026-01-18 05:00:00+00:00,0.041666666666666664,0.1330774004260699,0.3736853865525423
2026-01-18 18:00:00+00:00,2026-01-20 18:00:00+00:00,1,48,3,2026-01-18 06:00:00+00:00,0.18333333333333335,0.12144556641578674,0.3736853865525423
2026-01-18 18:00:00+00:00,2026-01-18 19:00:00+00:00,2,1,1,2026-01-18 07:00:00+00:00,0.35000000000000003,0.40899548927942914,0.36829703959695215
2026-01-18 18:00:00+00:00,2026-01-18 20:00:00+00:00,2,2,1,2026-01-18 08:00:00+00:00,0.505,0.506701280673345,0.36829703959695215
2026-01-18 18:00:00+00:00,2026-01-18 21:00:00+00:00,2,3,1,2026-01-18 09:00:00+00:00,0.5033333333333333,0.6349297165870667,0.36829703959695215
2026-01-18 18:00:00+00:00,2026-01-18 22:00:00+00:00,2,4,1,2026-01-18 10:00:00+00:00,0.36999999999999994,0.7353276213010153,0.36829703959695215
2026-01-18 18:00:00+00:00,2026-01-18 23:00:00+00:00,2,5,1,2026-01-18 11:00:00+00:00,0.345,0.7923065026601156,0.36829703959695215
2026-01-18 18:00:00+00:00,2026-01-19 00:00:00+00:00,2,6,1,2026-01-18 12:00:00+00:00,0.5033333333333333,0.7391491929690043,0.36829703959695215
2026-01-18 18:00:00+00:00,2026-01-19 01:00:00+00:00,2,7,1,2026-01-18 13:00:00+00:00,0.33666666666666667,0.7201507091522217,0.36829703959695215
2026-01-18 18:00:00+00:00,2026-01-19 02:00:00+00:00,2,8,1,2026-01-18 14:00:00+00:00,0.13666666666666666,0.6923175851504008,0.36829703959695215
2026-01-18 18:00:00+00:00,2026-01-19 03:00:00+00:00,2,9,1,2026-01-18 15:00:00+00:00,0.21333333333333335,0.6815513173739115,0.36829703959695215
2026-01-18 18:00:00+00:00,2026-01-19 04:00:00+00:00,2,10,1,2026-01-18 16:00:00+00:00,0.3116666666666667,0.6370494167009989,0.36829703959695215
2026-01-18 18:00:00+00:00,2026-01-19 05:00:00+00:00,2,11,1,2026-01-18 17:00:00+00:00,0.22666666666666668,0.6279495557149252,0.36829703959695215
2026-01-18 18:00:00+00:00,2026-01-19 06:00:00+00:00,2,12,1,2026-01-18 18:00:00+00:00,0.3016666666666667,0.6629348993301392,0.36829703959695215
2026-01-18 18:00:00+00:00,2026-01-19 07:00:00+00:00,2,13,2,2026-01-17 19:00:00+00:00,0.3333333333333333,0.6086055239041647,0.36829703959695215
2026-01-18 18:00:00+00:00,2026-01-19 08:00:00+00:00,2,14,2,2026-01-17 20:00:00+00:00,0.2916666666666667,0.5925551454226176,0.36829703959695215
2026-01-18 18:00:00+00:00,2026-01-19 09:00:00+00:00,2,15,2,2026-01-17 21:00:00+00:00,0.305,0.5545011162757874,0.36829703959695215
2026-01-18 18:00:00+00:00,2026-01-19 10:00:00+00:00,2,16,2,2026-01-17 22:00:00+00:00,0.27999999999999997,0.49754536151885986,0.36829703959695215
2026-01-18 18:00:00+00:00,2026-01-19 11:00:00+00:00,2,17,2,2026-01-17 23:00:00+00:00,0.16833333333333333,0.35401152571042377,0.36829703959695215
2026-01-18 18:00:00+00:00,2026-01-19 12:00:00+00:00,2,18,2,2026-01-18 00:00:00+00:00,0.30666666666666664,0.21088040371735892,0.36829703959695215
2026-01-18 18:00:00+00:00,2026-01-19 13:00:00+00:00,2,19,2,2026-01-18 01:00:00+00:00,0.4816666666666667,0.10242816557486852,0.36829703959695215
2026-01-18 18:00:00+00:00,2026-01-19 14:00:00+00:00,2,20,2,2026-01-18 02:00:00+00:00,0.295,0.06300599997242291,0.36829703959695215
2026-01-18 18:00:00+00:00,2026-01-19 15:00:00+00:00,2,21,2,2026-01-18 03:00:00+00:00,0.24833333333333332,0.04420140447715918,0.36829703959695215
2026-01-18 18:00:00+00:00,2026-01-19 16:00:00+00:00,2,22,2,2026-01-18 04:00:00+00:00,0.018333333333333333,0.030927490442991257,0.36829703959695215
2026-01-18 18:00:00+00:00,2026-01-19 17:00:00+00:00,2,23,2,2026-01-18 05:00:00+00:00,0.06,0.016993495635688305,0.36829703959695215
2026-01-18 18:00:00+00:00,2026-01-19 18:00:00+00:00,2,24,2,2026-01-18 06:00:00+00:00,0.02,0.023221571774532396,0.36829703959695215
2026-01-18 18:00:00+00:00,2026-01-19 19:00:00+00:00,2,25,2,2026-01-18 07:00:00+00:00,0.01,0.01717172485465805,0.36829703959695215
2026-01-18 18:00:00+00:00,2026-01-19 20:00:00+00:00,2,26,2,2026-01-18 08:00:00+00:00,0.01,0.016673739378650982,0.36829703959695215
2026-01-18 18:00:00+00:00,2026-01-19 21:00:00+00:00,2,27,2,2026-01-18 09:00:00+00:00,0.008333333333333333,0.016137195595850546,0.36829703959695215
2026-01-18 18:00:00+00:00,2026-01-19 22:00:00+00:00,2,28,2,2026-01-18 10:00:00+00:00,0.01,0.018542976739505928,0.36829703959695215
2026-01-18 18:00:00+00:00,2026-01-19 23:00:00+00:00,2,29,2,2026-01-18 11:00:00+00:00,0.011666666666666667,0.017275757156312466,0.36829703959695215
2026-01-18 18:00:00+00:00,2026-01-20 00:00:00+00:00,2,30,2,2026-01-18 12:00:00+00:00,0.075,0.0200540442019701,0.36829703959695215
2026-01-18 18:00:00+00:00,2026-01-20 01:00:00+00:00,2,31,2,2026-01-18 13:00:00+00:00,0.02,0.017797535906235378,0.36829703959695215
2026-01-18 18:00:00+00:00,2026-01-20 02:00:00+00:00,2,32,2,2026-01-18 14:00:00+00:00,0.01,0.017551176249980927,0.36829703959695215
2026-01-18 18:00:00+00:00,2026-01-20 03:00:00+00:00,2,33,2,2026-01-18 15:00:00+00:00,0.008333333333333333,0.0185496440778176,0.36829703959695215
2026-01-18 18:00:00+00:00,2026-01-20 04:00:00+00:00,2,34,2,2026-01-18 16:00:00+00:00,0.008333333333333333,0.03304219742616018,0.36829703959695215
2026-01-18 18:00:00+00:00,2026-01-20 05:00:00+00:00,2,35,2,2026-01-18 17:00:00+00:00,0.02,0.046937538931767143,0.36829703959695215
2026-01-18 18:00:00+00:00,2026-01-20 06:00:00+00:00,2,36,2,2026-01-18 18:00:00+00:00,0.06,0.024049804856379826,0.36829703959695215
2026-01-18 18:00:00+00:00,2026-01-20 07:00:00+00:00,2,37,3,2026-01-17 19:00:00+00:00,0.011666666666666667,0.3213873604933421,0.36829703959695215
2026-01-18 18:00:00+00:00,2026-01-20 08:00:00+00:00,2,38,3,2026-01-17 20:00:00+00:00,0.03333333333333333,0.2302912026643753,0.36829703959695215
2026-01-18 18:00:00+00:00,2026-01-20 09:00:00+00:00,2,39,3,2026-01-17 21:00:00+00:00,0.08333333333333333,0.13927140831947327,0.36829703959695215
2026-01-18 18:00:00+00:00,2026-01-20 10:00:00+00:00,2,40,3,2026-01-17 22:00:00+00:00,0.04,0.10936906933784485,0.36829703959695215
2026-01-18 18:00:00+00:00,2026-01-20 11:00:00+00:00,2,41,3,2026-01-17 23:00:00+00:00,0.016666666666666666,0.08094588667154312,0.36829703959695215
2026-01-18 18:00:00+00:00,2026-01-20 12:00:00+00:00,2,42,3,2026-01-18 00:00:00+00:00,0.008333333333333333,0.07784542441368103,0.36829703959695215
2026-01-18 18:00:00+00:00,2026-01-20 13:00:00+00:00,2,43,3,2026-01-18 01:00:00+00:00,0.01,0.06628542145093282,0.36829703959695215
2026-01-18 18:00:00+00:00,2026-01-20 14:00:00+00:00,2,44,3,2026-01-18 02:00:00+00:00,0.01,0.06542922556400299,0.36829703959695215
2026-01-18 18:00:00+00:00,2026-01-20 15:00:00+00:00,2,45,3,2026-01-18 03:00:00+00:00,0.01,0.08686533942818642,0.36829703959695215
2026-01-18 18:00:00+00:00,2026-01-20 16:00:00+00:00,2,46,3,2026-01-18 04:00:00+00:00,0.01,0.09812374164660771,0.36829703959695215
2026-01-18 18:00:00+00:00,2026-01-20 17:00:00+00:00,2,47,3,2026-01-18 05:00:00+00:00,0.034999999999999996,0.12853351732095084,0.36829703959695215
2026-01-18 18:00:00+00:00,2026-01-20 18:00:00+00:00,2,48,3,2026-01-18 06:00:00+00:00,0.16,0.10789922624826431,0.36829703959695215
2026-01-19 18:00:00+00:00,2026-01-19 19:00:00+00:00,1,1,1,2026-01-19 07:00:00+00:00,0.01,0.010175962001085281,0.3736853865525423
2026-01-19 18:00:00+00:00,2026-01-19 20:00:00+00:00,1,2,1,2026-01-19 08:00:00+00:00,0.01,0.011285010259598494,0.3736853865525423
2026-01-19 18:00:00+00:00,2026-01-19 21:00:00+00:00,1,3,1,2026-01-19 09:00:00+00:00,0.01,0.015925999730825424,0.3736853865525423
2026-01-19 18:00:00+00:00,2026-01-19 22:00:00+00:00,1,4,1,2026-01-19 10:00:00+00:00,0.01,0.017446225819488365,0.3736853865525423
2026-01-19 18:00:00+00:00,2026-01-19 23:00:00+00:00,1,5,1,2026-01-19 11:00:00+00:00,0.013333333333333334,0.028543875242273014,0.3736853865525423
2026-01-19 18:00:00+00:00,2026-01-20 00:00:00+00:00,1,6,1,2026-01-19 12:00:00+00:00,0.10833333333333334,0.03280117114384969,0.3736853865525423
2026-01-19 18:00:00+00:00,2026-01-20 01:00:00+00:00,1,7,1,2026-01-19 13:00:00+00:00,0.034999999999999996,0.026203561574220657,0.3736853865525423
2026-01-19 18:00:00+00:00,2026-01-20 02:00:00+00:00,1,8,1,2026-01-19 14:00:00+00:00,0.01,0.04078082678218683,0.3736853865525423
2026-01-19 18:00:00+00:00,2026-01-20 03:00:00+00:00,1,9,1,2026-01-19 15:00:00+00:00,0.01,0.039787127946813904,0.3736853865525423
2026-01-19 18:00:00+00:00,2026-01-20 04:00:00+00:00,1,10,1,2026-01-19 16:00:00+00:00,0.01,0.022325151910384495,0.3736853865525423
2026-01-19 18:00:00+00:00,2026-01-20 05:00:00+00:00,1,11,1,2026-01-19 17:00:00+00:00,0.018333333333333333,0.009389877319335938,0.3736853865525423
2026-01-19 18:00:00+00:00,2026-01-20 06:00:00+00:00,1,12,1,2026-01-19 18:00:00+00:00,0.051666666666666666,0.008346658510466417,0.3736853865525423
2026-01-19 18:00:00+00:00,2026-01-20 07:00:00+00:00,1,13,2,2026-01-18 19:00:00+00:00,0.018333333333333333,0.017112410472085077,0.3736853865525423
2026-01-19 18:00:00+00:00,2026-01-20 08:00:00+00:00,1,14,2,2026-01-18 20:00:00+00:00,0.03,0.015757194099326927,0.3736853865525423
2026-01-19 18:00:00+00:00,2026-01-20 09:00:00+00:00,1,15,2,2026-01-18 21:00:00+00:00,0.09333333333333334,0.023105717884997528,0.3736853865525423
2026-01-19 18:00:00+00:00,2026-01-20 10:00:00+00:00,1,16,2,2026-01-18 22:00:00+00:00,0.034999999999999996,0.02794107391188542,0.3736853865525423
2026-01-19 18:00:00+00:00,2026-01-20 11:00:00+00:00,1,17,2,2026-01-18 23:00:00+00:00,0.013333333333333334,0.06450113592048486,0.3736853865525423
2026-01-19 18:00:00+00:00,2026-01-20 12:00:00+00:00,1,18,2,2026-01-19 00:00:00+00:00,0.01,0.01903310666481654,0.3736853865525423
2026-01-19 18:00:00+00:00,2026-01-20 13:00:00+00:00,1,19,2,2026-01-19 01:00:00+00:00,0.01,0.027860003833969433,0.3736853865525423
2026-01-19 18:00:00+00:00,2026-01-20 14:00:00+00:00,1,20,2,2026-01-19 02:00:00+00:00,0.01,0.017411326989531517,0.3736853865525423
2026-01-19 18:00:00+00:00,2026-01-20 15:00:00+00:00,1,21,2,2026-01-19 03:00:00+00:00,0.01,0.032740204595029354,0.3736853865525423
2026-01-19 18:00:00+00:00,2026-01-20 16:00:00+00:00,1,22,2,2026-01-19 04:00:00+00:00,0.01,0.052198982487122216,0.3736853865525423
2026-01-19 18:00:00+00:00,2026-01-20 17:00:00+00:00,1,23,2,2026-01-19 05:00:00+00:00,0.041666666666666664,0.08564314618706703,0.3736853865525423
2026-01-19 18:00:00+00:00,2026-01-20 18:00:00+00:00,1,24,2,2026-01-19 06:00:00+00:00,0.18333333333333335,0.33905815581480664,0.3736853865525423
2026-01-19 18:00:00+00:00,2026-01-20 19:00:00+00:00,1,25,2,2026-01-19 07:00:00+00:00,0.2733333333333333,0.47278261184692383,0.3736853865525423
2026-01-19 18:00:00+00:00,2026-01-20 20:00:00+00:00,1,26,2,2026-01-19 08:00:00+00:00,0.26,0.7141966621081034,0.3736853865525423
2026-01-19 18:00:00+00:00,2026-01-20 21:00:00+00:00,1,27,2,2026-01-19 09:00:00+00:00,0.39166666666666666,0.822038451830546,0.3736853865525423
2026-01-19 18:00:00+00:00,2026-01-20 22:00:00+00:00,1,28,2,2026-01-19 10:00:00+00:00,0.6733333333333333,0.8720649480819702,0.3736853865525423
2026-01-19 18:00:00+00:00,2026-01-20 23:00:00+00:00,1,29,2,2026-01-19 11:00:00+00:00,0.8016666666666667,0.9209200938542684,0.3736853865525423
2026-01-19 18:00:00+00:00,2026-01-21 00:00:00+00:00,1,30,2,2026-01-19 12:00:00+00:00,0.9466666666666667,0.9334234793980917,0.3736853865525423
2026-01-19 18:00:00+00:00,2026-01-21 01:00:00+00:00,1,31,2,2026-01-19 13:00:00+00:00,0.8866666666666667,0.9460363388061523,0.3736853865525423
2026-01-19 18:00:00+00:00,2026-01-21 02:00:00+00:00,1,32,2,2026-01-19 14:00:00+00:00,0.9933333333333333,0.9492733677228292,0.3736853865525423
2026-01-19 18:00:00+00:00,2026-01-21 03:00:00+00:00,1,33,2,2026-01-19 15:00:00+00:00,0.9899999999999999,0.945496658484141,0.3736853865525423
2026-01-19 18:00:00+00:00,2026-01-21 04:00:00+00:00,1,34,2,2026-01-19 16:00:00+00:00,0.9899999999999999,0.948743482430776,0.3736853865525423
2026-01-19 18:00:00+00:00,2026-01-21 05:00:00+00:00,1,35,2,2026-01-19 17:00:00+00:00,0.9466666666666667,0.9466699163118998,0.3736853865525423
2026-01-19 18:00:00+00:00,2026-01-21 06:00:00+00:00,1,36,2,2026-01-19 18:00:00+00:00,0.9899999999999999,0.9417338967323303,0.3736853865525423
2026-01-19 18:00:00+00:00,2026-01-21 07:00:00+00:00,1,37,3,2026-01-18 19:00:00+00:00,0.9899999999999999,0.956208070119222,0.3736853865525423
2026-01-19 18:00:00+00:00,2026-01-21 08:00:00+00:00,1,38,3,2026-01-18 20:00:00+00:00,0.9883333333333333,0.9585585792859396,0.3736853865525423
2026-01-19 18:00:00+00:00,2026-01-21 09:00:00+00:00,1,39,3,2026-01-18 21:00:00+00:00,0.9883333333333333,0.961305558681488,0.3736853865525423
2026-01-19 18:00:00+00:00,2026-01-21 10:00:00+00:00,1,40,3,2026-01-18 22:00:00+00:00,0.9583333333333334,0.9501851201057434,0.3736853865525423
2026-01-19 18:00:00+00:00,2026-01-21 11:00:00+00:00,1,41,3,2026-01-18 23:00:00+00:00,0.9883333333333333,0.9540417393048605,0.3736853865525423
2026-01-19 18:00:00+00:00,2026-01-21 12:00:00+00:00,1,42,3,2026-01-19 00:00:00+00:00,0.98,0.9526535272598267,0.3736853865525423
2026-01-19 18:00:00+00:00,2026-01-21 13:00:00+00:00,1,43,3,2026-01-19 01:00:00+00:00,0.36166666666666664,0.9565813144048055,0.3736853865525423
2026-01-19 18:00:00+00:00,2026-01-21 14:00:00+00:00,1,44,3,2026-01-19 02:00:00+00:00,0.06,0.9502750635147095,0.3736853865525423
2026-01-19 18:00:00+00:00,2026-01-21 15:00:00+00:00,1,45,3,2026-01-19 03:00:00+00:00,0.21666666666666667,0.9418200850486755,0.3736853865525423
2026-01-19 18:00:00+00:00,2026-01-21 16:00:00+00:00,1,46,3,2026-01-19 04:00:00+00:00,0.18666666666666668,0.9339770674705505,0.3736853865525423
2026-01-19 18:00:00+00:00,2026-01-21 17:00:00+00:00,1,47,3,2026-01-19 05:00:00+00:00,0.17833333333333334,0.9420608083407084,0.3736853865525423
2026-01-19 18:00:00+00:00,2026-01-21 18:00:00+00:00,1,48,3,2026-01-19 06:00:00+00:00,0.3283333333333333,0.8077811201413473,0.3736853865525423
2026-01-19 18:00:00+00:00,2026-01-19 19:00:00+00:00,2,1,1,2026-01-19 07:00:00+00:00,0.01,0.010070487080762783,0.36829703959695215
2026-01-19 18:00:00+00:00,2026-01-19 20:00:00+00:00,2,2,1,2026-01-19 08:00:00+00:00,0.01,0.010957109741866589,0.36829703959695215
2026-01-19 18:00:00+00:00,2026-01-19 21:00:00+00:00,2,3,1,2026-01-19 09:00:00+00:00,0.008333333333333333,0.014486405067145824,0.36829703959695215
2026-01-19 18:00:00+00:00,2026-01-19 22:00:00+00:00,2,4,1,2026-01-19 10:00:00+00:00,0.01,0.015472623830040296,0.36829703959695215
2026-01-19 18:00:00+00:00,2026-01-19 23:00:00+00:00,2,5,1,2026-01-19 11:00:00+00:00,0.011666666666666667,0.02819935418665409,0.36829703959695215
2026-01-19 18:00:00+00:00,2026-01-20 00:00:00+00:00,2,6,1,2026-01-19 12:00:00+00:00,0.075,0.03057948313653469,0.36829703959695215
2026-01-19 18:00:00+00:00,2026-01-20 01:00:00+00:00,2,7,1,2026-01-19 13:00:00+00:00,0.02,0.023147381842136383,0.36829703959695215
2026-01-19 18:00:00+00:00,2026-01-20 02:00:00+00:00,2,8,1,2026-01-19 14:00:00+00:00,0.01,0.03618373783926169,0.36829703959695215
2026-01-19 18:00:00+00:00,2026-01-20 03:00:00+00:00,2,9,1,2026-01-19 15:00:00+00:00,0.008333333333333333,0.03627041478951772,0.36829703959695215
2026-01-19 18:00:00+00:00,2026-01-20 04:00:00+00:00,2,10,1,2026-01-19 16:00:00+00:00,0.008333333333333333,0.020514540374279022,0.36829703959695215
2026-01-19 18:00:00+00:00,2026-01-20 05:00:00+00:00,2,11,1,2026-01-19 17:00:00+00:00,0.02,0.008704487855235735,0.36829703959695215
2026-01-19 18:00:00+00:00,2026-01-20 06:00:00+00:00,2,12,1,2026-01-19 18:00:00+00:00,0.06,0.008055321406573057,0.36829703959695215
2026-01-19 18:00:00+00:00,2026-01-20 07:00:00+00:00,2,13,2,2026-01-18 19:00:00+00:00,0.011666666666666667,0.017033018327007692,0.36829703959695215
2026-01-19 18:00:00+00:00,2026-01-20 08:00:00+00:00,2,14,2,2026-01-18 20:00:00+00:00,0.03333333333333333,0.015560608201970657,0.36829703959695215
2026-01-19 18:00:00+00:00,2026-01-20 09:00:00+00:00,2,15,2,2026-01-18 21:00:00+00:00,0.08333333333333333,0.02365755910674731,0.36829703959695215
2026-01-19 18:00:00+00:00,2026-01-20 10:00:00+00:00,2,16,2,2026-01-18 22:00:00+00:00,0.04,0.02716308490683635,0.36829703959695215
2026-01-19 18:00:00+00:00,2026-01-20 11:00:00+00:00,2,17,2,2026-01-18 23:00:00+00:00,0.016666666666666666,0.060964144145449005,0.36829703959695215
2026-01-19 18:00:00+00:00,2026-01-20 12:00:00+00:00,2,18,2,2026-01-19 00:00:00+00:00,0.008333333333333333,0.017199211133023102,0.36829703959695215
2026-01-19 18:00:00+00:00,2026-01-20 13:00:00+00:00,2,19,2,2026-01-19 01:00:00+00:00,0.01,0.025735471087197464,0.36829703959695215
2026-01-19 18:00:00+00:00,2026-01-20 14:00:00+00:00,2,20,2,2026-01-19 02:00:00+00:00,0.01,0.01573229456941287,0.36829703959695215
2026-01-19 18:00:00+00:00,2026-01-20 15:00:00+00:00,2,21,2,2026-01-19 03:00:00+00:00,0.01,0.028464234123627346,0.36829703959695215
2026-01-19 18:00:00+00:00,2026-01-20 16:00:00+00:00,2,22,2,2026-01-19 04:00:00+00:00,0.01,0.04673582470665375,0.36829703959695215
2026-01-19 18:00:00+00:00,2026-01-20 17:00:00+00:00,2,23,2,2026-01-19 05:00:00+00:00,0.034999999999999996,0.07180953770875931,0.36829703959695215
2026-01-19 18:00:00+00:00,2026-01-20 18:00:00+00:00,2,24,2,2026-01-19 06:00:00+00:00,0.16,0.3142307947079341,0.36829703959695215
2026-01-19 18:00:00+00:00,2026-01-20 19:00:00+00:00,2,25,2,2026-01-19 07:00:00+00:00,0.26333333333333336,0.4676057696342468,0.36829703959695215
2026-01-19 18:00:00+00:00,2026-01-20 20:00:00+00:00,2,26,2,2026-01-19 08:00:00+00:00,0.2966666666666667,0.6930726369222006,0.36829703959695215
2026-01-19 18:00:00+00:00,2026-01-20 21:00:00+00:00,2,27,2,2026-01-19 09:00:00+00:00,0.44,0.8121906518936157,0.36829703959695215
2026-01-19 18:00:00+00:00,2026-01-20 22:00:00+00:00,2,28,2,2026-01-19 10:00:00+00:00,0.6516666666666667,0.8657786250114441,0.36829703959695215
2026-01-19 18:00:00+00:00,2026-01-20 23:00:00+00:00,2,29,2,2026-01-19 11:00:00+00:00,0.835,0.9171083370844523,0.36829703959695215
2026-01-19 18:00:00+00:00,2026-01-21 00:00:00+00:00,2,30,2,2026-01-19 12:00:00+00:00,0.945,0.9305397470792135,0.36829703959695215
2026-01-19 18:00:00+00:00,2026-01-21 01:00:00+00:00,2,31,2,2026-01-19 13:00:00+00:00,0.8866666666666667,0.9435031612714132,0.36829703959695215
2026-01-19 18:00:00+00:00,2026-01-21 02:00:00+00:00,2,32,2,2026-01-19 14:00:00+00:00,0.9816666666666666,0.9472330609957377,0.36829703959695215
2026-01-19 18:00:00+00:00,2026-01-21 03:00:00+00:00,2,33,2,2026-01-19 15:00:00+00:00,0.9866666666666667,0.9437379638353983,0.36829703959695215
2026-01-19 18:00:00+00:00,2026-01-21 04:00:00+00:00,2,34,2,2026-01-19 16:00:00+00:00,0.9899999999999999,0.9477672576904297,0.36829703959695215
2026-01-19 18:00:00+00:00,2026-01-21 05:00:00+00:00,2,35,2,2026-01-19 17:00:00+00:00,0.9333333333333332,0.9493958950042725,0.36829703959695215
2026-01-19 18:00:00+00:00,2026-01-21 06:00:00+00:00,2,36,2,2026-01-19 18:00:00+00:00,0.9883333333333333,0.9450490276018778,0.36829703959695215
2026-01-19 18:00:00+00:00,2026-01-21 07:00:00+00:00,2,37,3,2026-01-18 19:00:00+00:00,0.9899999999999999,0.9586998025576273,0.36829703959695215
2026-01-19 18:00:00+00:00,2026-01-21 08:00:00+00:00,2,38,3,2026-01-18 20:00:00+00:00,0.9899999999999999,0.9613492290178934,0.36829703959695215
2026-01-19 18:00:00+00:00,2026-01-21 09:00:00+00:00,2,39,3,2026-01-18 21:00:00+00:00,0.9866666666666667,0.9635448257128397,0.36829703959695215
2026-01-19 18:00:00+00:00,2026-01-21 10:00:00+00:00,2,40,3,2026-01-18 22:00:00+00:00,0.975,0.9529086947441101,0.36829703959695215
2026-01-19 18:00:00+00:00,2026-01-21 11:00:00+00:00,2,41,3,2026-01-18 23:00:00+00:00,0.985,0.953869899113973,0.36829703959695215
2026-01-19 18:00:00+00:00,2026-01-21 12:00:00+00:00,2,42,3,2026-01-19 00:00:00+00:00,0.9866666666666667,0.9517899751663208,0.36829703959695215
2026-01-19 18:00:00+00:00,2026-01-21 13:00:00+00:00,2,43,3,2026-01-19 01:00:00+00:00,0.2816666666666667,0.9552586476008097,0.36829703959695215
2026-01-19 18:00:00+00:00,2026-01-21 14:00:00+00:00,2,44,3,2026-01-19 02:00:00+00:00,0.05333333333333334,0.9471182028452555,0.36829703959695215
2026-01-19 18:00:00+00:00,2026-01-21 15:00:00+00:00,2,45,3,2026-01-19 03:00:00+00:00,0.17166666666666666,0.9365045229593912,0.36829703959695215
2026-01-19 18:00:00+00:00,2026-01-21 16:00:00+00:00,2,46,3,2026-01-19 04:00:00+00:00,0.19999999999999998,0.9298601150512695,0.36829703959695215
2026-01-19 18:00:00+00:00,2026-01-21 17:00:00+00:00,2,47,3,2026-01-19 05:00:00+00:00,0.15833333333333333,0.9380847613016764,0.36829703959695215
2026-01-19 18:00:00+00:00,2026-01-21 18:00:00+00:00,2,48,3,2026-01-19 06:00:00+00:00,0.315,0.8121378024419149,0.36829703959695215
2026-01-20 18:00:00+00:00,2026-01-20 19:00:00+00:00,1,1,1,2026-01-20 07:00:00+00:00,0.2733333333333333,0.7075473070144653,0.3736853865525423
2026-01-20 18:00:00+00:00,2026-01-20 20:00:00+00:00,1,2,1,2026-01-20 08:00:00+00:00,0.26,0.8050676981608073,0.3736853865525423
2026-01-20 18:00:00+00:00,2026-01-20 21:00:00+00:00,1,3,1,2026-01-20 09:00:00+00:00,0.39166666666666666,0.8884214560190836,0.3736853865525423
2026-01-20 18:00:00+00:00,2026-01-20 22:00:00+00:00,1,4,1,2026-01-20 10:00:00+00:00,0.6733333333333333,0.9099217653274536,0.3736853865525423
2026-01-20 18:00:00+00:00,2026-01-20 23:00:00+00:00,1,5,1,2026-01-20 11:00:00+00:00,0.8016666666666667,0.9195493261019388,0.3736853865525423
2026-01-20 18:00:00+00:00,2026-01-21 00:00:00+00:00,1,6,1,2026-01-20 12:00:00+00:00,0.9466666666666667,0.9395942091941833,0.3736853865525423
2026-01-20 18:00:00+00:00,2026-01-21 01:00:00+00:00,1,7,1,2026-01-20 13:00:00+00:00,0.8866666666666667,0.9382259647051493,0.3736853865525423
2026-01-20 18:00:00+00:00,2026-01-21 02:00:00+00:00,1,8,1,2026-01-20 14:00:00+00:00,0.9933333333333333,0.9421735803286234,0.3736853865525423
2026-01-20 18:00:00+00:00,2026-01-21 03:00:00+00:00,1,9,1,2026-01-20 15:00:00+00:00,0.9899999999999999,0.9569149216016134,0.3736853865525423
2026-01-20 18:00:00+00:00,2026-01-21 04:00:00+00:00,1,10,1,2026-01-20 16:00:00+00:00,0.9899999999999999,0.9585224787394205,0.3736853865525423
2026-01-20 18:00:00+00:00,2026-01-21 05:00:00+00:00,1,11,1,2026-01-20 17:00:00+00:00,0.9466666666666667,0.9539585510889689,0.3736853865525423
2026-01-20 18:00:00+00:00,2026-01-21 06:00:00+00:00,1,12,1,2026-01-20 18:00:00+00:00,0.9899999999999999,0.9574413100878397,0.3736853865525423
2026-01-20 18:00:00+00:00,2026-01-21 07:00:00+00:00,1,13,2,2026-01-19 19:00:00+00:00,0.9899999999999999,0.9455247720082601,0.3736853865525423
2026-01-20 18:00:00+00:00,2026-01-21 08:00:00+00:00,1,14,2,2026-01-19 20:00:00+00:00,0.9883333333333333,0.9258575638135275,0.3736853865525423
2026-01-20 18:00:00+00:00,2026-01-21 09:00:00+00:00,1,15,2,2026-01-19 21:00:00+00:00,0.9883333333333333,0.9162699580192566,0.3736853865525423
2026-01-20 18:00:00+00:00,2026-01-21 10:00:00+00:00,1,16,2,2026-01-19 22:00:00+00:00,0.9583333333333334,0.9138782024383545,0.3736853865525423
2026-01-20 18:00:00+00:00,2026-01-21 11:00:00+00:00,1,17,2,2026-01-19 23:00:00+00:00,0.9883333333333333,0.9224053621292114,0.3736853865525423
2026-01-20 18:00:00+00:00,2026-01-21 12:00:00+00:00,1,18,2,2026-01-20 00:00:00+00:00,0.98,0.9672661225001017,0.3736853865525423
2026-01-20 18:00:00+00:00,2026-01-21 13:00:00+00:00,1,19,2,2026-01-20 01:00:00+00:00,0.36166666666666664,0.9643303553263346,0.3736853865525423
2026-01-20 18:00:00+00:00,2026-01-21 14:00:00+00:00,1,20,2,2026-01-20 02:00:00+00:00,0.06,0.9642523129781088,0.3736853865525423
2026-01-20 18:00:00+00:00,2026-01-21 15:00:00+00:00,1,21,2,2026-01-20 03:00:00+00:00,0.21666666666666667,0.9548600514729818,0.3736853865525423
2026-01-20 18:00:00+00:00,2026-01-21 16:00:00+00:00,1,22,2,2026-01-20 04:00:00+00:00,0.18666666666666668,0.9326779445012411,0.3736853865525423
2026-01-20 18:00:00+00:00,2026-01-21 17:00:00+00:00,1,23,2,2026-01-20 05:00:00+00:00,0.17833333333333334,0.9078259468078613,0.3736853865525423
2026-01-20 18:00:00+00:00,2026-01-21 18:00:00+00:00,1,24,2,2026-01-20 06:00:00+00:00,0.3283333333333333,0.9305501778920492,0.3736853865525423
2026-01-20 18:00:00+00:00,2026-01-21 19:00:00+00:00,1,25,2,2026-01-20 07:00:00+00:00,0.44,0.8970846136411031,0.3736853865525423
2026-01-20 18:00:00+00:00,2026-01-21 20:00:00+00:00,1,26,2,2026-01-20 08:00:00+00:00,0.5483333333333333,0.8091039856274923,0.3736853865525423
2026-01-20 18:00:00+00:00,2026-01-21 21:00:00+00:00,1,27,2,2026-01-20 09:00:00+00:00,0.3983333333333334,0.6682524681091309,0.3736853865525423
2026-01-20 18:00:00+00:00,2026-01-21 22:00:00+00:00,1,28,2,2026-01-20 10:00:00+00:00,0.4566666666666667,0.28656259675820667,0.3736853865525423
2026-01-20 18:00:00+00:00,2026-01-21 23:00:00+00:00,1,29,2,2026-01-20 11:00:00+00:00,0.27499999999999997,0.04898530958841244,0.3736853865525423
2026-01-20 18:00:00+00:00,2026-01-22 00:00:00+00:00,1,30,2,2026-01-20 12:00:00+00:00,0.43166666666666664,0.23780121902624765,0.3736853865525423
2026-01-20 18:00:00+00:00,2026-01-22 01:00:00+00:00,1,31,2,2026-01-20 13:00:00+00:00,0.09499999999999999,0.07459298397103946,0.3736853865525423
2026-01-20 18:00:00+00:00,2026-01-22 02:00:00+00:00,1,32,2,2026-01-20 14:00:00+00:00,0.03333333333333333,0.06581408654650052,0.3736853865525423
2026-01-20 18:00:00+00:00,2026-01-22 03:00:00+00:00,1,33,2,2026-01-20 15:00:00+00:00,0.01,0.24169359107812247,0.3736853865525423
2026-01-20 18:00:00+00:00,2026-01-22 04:00:00+00:00,1,34,2,2026-01-20 16:00:00+00:00,0.03333333333333333,0.37073055406411487,0.3736853865525423
2026-01-20 18:00:00+00:00,2026-01-22 05:00:00+00:00,1,35,2,2026-01-20 17:00:00+00:00,0.016666666666666666,0.22008787468075752,0.3736853865525423
2026-01-20 18:00:00+00:00,2026-01-22 06:00:00+00:00,1,36,2,2026-01-20 18:00:00+00:00,0.011666666666666667,0.20114284257094064,0.3736853865525423
2026-01-20 18:00:00+00:00,2026-01-22 07:00:00+00:00,1,37,3,2026-01-19 19:00:00+00:00,0.01,0.1625770814716816,0.3736853865525423
2026-01-20 18:00:00+00:00,2026-01-22 08:00:00+00:00,1,38,3,2026-01-19 20:00:00+00:00,0.15666666666666665,0.19073369105656943,0.3736853865525423
2026-01-20 18:00:00+00:00,2026-01-22 09:00:00+00:00,1,39,3,2026-01-19 21:00:00+00:00,0.32,0.19198840856552124,0.3736853865525423
2026-01-20 18:00:00+00:00,2026-01-22 10:00:00+00:00,1,40,3,2026-01-19 22:00:00+00:00,0.3016666666666667,0.42776217063268024,0.3736853865525423
2026-01-20 18:00:00+00:00,2026-01-22 11:00:00+00:00,1,41,3,2026-01-19 23:00:00+00:00,0.5083333333333333,0.6264358758926392,0.3736853865525423
2026-01-20 18:00:00+00:00,2026-01-22 12:00:00+00:00,1,42,3,2026-01-20 00:00:00+00:00,0.4716666666666667,0.9042848149935404,0.3736853865525423
2026-01-20 18:00:00+00:00,2026-01-22 13:00:00+00:00,1,43,3,2026-01-20 01:00:00+00:00,0.45166666666666666,0.9400250514348348,0.3736853865525423
2026-01-20 18:00:00+00:00,2026-01-22 14:00:00+00:00,1,44,3,2026-01-20 02:00:00+00:00,0.7066666666666667,0.9555933276812235,0.3736853865525423
2026-01-20 18:00:00+00:00,2026-01-22 15:00:00+00:00,1,45,3,2026-01-20 03:00:00+00:00,0.7583333333333333,0.9366157452265421,0.3736853865525423
2026-01-20 18:00:00+00:00,2026-01-22 16:00:00+00:00,1,46,3,2026-01-20 04:00:00+00:00,0.6983333333333333,0.9114628036816915,0.3736853865525423
2026-01-20 18:00:00+00:00,2026-01-22 17:00:00+00:00,1,47,3,2026-01-20 05:00:00+00:00,0.9700000000000001,0.8492874701817831,0.3736853865525423
2026-01-20 18:00:00+00:00,2026-01-22 18:00:00+00:00,1,48,3,2026-01-20 06:00:00+00:00,0.9883333333333333,0.8139999111493429,0.3736853865525423
2026-01-20 18:00:00+00:00,2026-01-20 19:00:00+00:00,2,1,1,2026-01-20 07:00:00+00:00,0.26333333333333336,0.6743078231811523,0.36829703959695215
2026-01-20 18:00:00+00:00,2026-01-20 20:00:00+00:00,2,2,1,2026-01-20 08:00:00+00:00,0.2966666666666667,0.7891110976537069,0.36829703959695215
2026-01-20 18:00:00+00:00,2026-01-20 21:00:00+00:00,2,3,1,2026-01-20 09:00:00+00:00,0.44,0.8791547417640686,0.36829703959695215
2026-01-20 18:00:00+00:00,2026-01-20 22:00:00+00:00,2,4,1,2026-01-20 10:00:00+00:00,0.6516666666666667,0.9028353889783224,0.36829703959695215
2026-01-20 18:00:00+00:00,2026-01-20 23:00:00+00:00,2,5,1,2026-01-20 11:00:00+00:00,0.835,0.9155853390693665,0.36829703959695215
2026-01-20 18:00:00+00:00,2026-01-21 00:00:00+00:00,2,6,1,2026-01-20 12:00:00+00:00,0.945,0.9369090994199117,0.36829703959695215
2026-01-20 18:00:00+00:00,2026-01-21 01:00:00+00:00,2,7,1,2026-01-20 13:00:00+00:00,0.8866666666666667,0.9360981384913126,0.36829703959695215
2026-01-20 18:00:00+00:00,2026-01-21 02:00:00+00:00,2,8,1,2026-01-20 14:00:00+00:00,0.9816666666666666,0.9401801427205404,0.36829703959695215
2026-01-20 18:00:00+00:00,2026-01-21 03:00:00+00:00,2,9,1,2026-01-20 15:00:00+00:00,0.9866666666666667,0.9555932680765787,0.36829703959695215
2026-01-20 18:00:00+00:00,2026-01-21 04:00:00+00:00,2,10,1,2026-01-20 16:00:00+00:00,0.9899999999999999,0.9591832558314005,0.36829703959695215
2026-01-20 18:00:00+00:00,2026-01-21 05:00:00+00:00,2,11,1,2026-01-20 17:00:00+00:00,0.9333333333333332,0.9561290144920349,0.36829703959695215
2026-01-20 18:00:00+00:00,2026-01-21 06:00:00+00:00,2,12,1,2026-01-20 18:00:00+00:00,0.9883333333333333,0.9594377875328064,0.36829703959695215
2026-01-20 18:00:00+00:00,2026-01-21 07:00:00+00:00,2,13,2,2026-01-19 19:00:00+00:00,0.9899999999999999,0.9499235153198242,0.36829703959695215
2026-01-20 18:00:00+00:00,2026-01-21 08:00:00+00:00,2,14,2,2026-01-19 20:00:00+00:00,0.9899999999999999,0.9326953490575155,0.36829703959695215
2026-01-20 18:00:00+00:00,2026-01-21 09:00:00+00:00,2,15,2,2026-01-19 21:00:00+00:00,0.9866666666666667,0.922848105430603,0.36829703959695215
2026-01-20 18:00:00+00:00,2026-01-21 10:00:00+00:00,2,16,2,2026-01-19 22:00:00+00:00,0.975,0.9157224496205648,0.36829703959695215
2026-01-20 18:00:00+00:00,2026-01-21 11:00:00+00:00,2,17,2,2026-01-19 23:00:00+00:00,0.985,0.9190449515978495,0.36829703959695215
2026-01-20 18:00:00+00:00,2026-01-21 12:00:00+00:00,2,18,2,2026-01-20 00:00:00+00:00,0.9866666666666667,0.965620219707489,0.36829703959695215
2026-01-20 18:00:00+00:00,2026-01-21 13:00:00+00:00,2,19,2,2026-01-20 01:00:00+00:00,0.2816666666666667,0.9616360068321228,0.36829703959695215
2026-01-20 18:00:00+00:00,2026-01-21 14:00:00+00:00,2,20,2,2026-01-20 02:00:00+00:00,0.05333333333333334,0.9610925515492758,0.36829703959695215
2026-01-20 18:00:00+00:00,2026-01-21 15:00:00+00:00,2,21,2,2026-01-20 03:00:00+00:00,0.17166666666666666,0.9518197774887085,0.36829703959695215
2026-01-20 18:00:00+00:00,2026-01-21 16:00:00+00:00,2,22,2,2026-01-20 04:00:00+00:00,0.19999999999999998,0.9273764888445536,0.36829703959695215
2026-01-20 18:00:00+00:00,2026-01-21 17:00:00+00:00,2,23,2,2026-01-20 05:00:00+00:00,0.15833333333333333,0.9032992521921793,0.36829703959695215
2026-01-20 18:00:00+00:00,2026-01-21 18:00:00+00:00,2,24,2,2026-01-20 06:00:00+00:00,0.315,0.92366890112559,0.36829703959695215
2026-01-20 18:00:00+00:00,2026-01-21 19:00:00+00:00,2,25,2,2026-01-20 07:00:00+00:00,0.4749999999999999,0.8885687390963236,0.36829703959695215
2026-01-20 18:00:00+00:00,2026-01-21 20:00:00+00:00,2,26,2,2026-01-20 08:00:00+00:00,0.52,0.8029346863428751,0.36829703959695215
2026-01-20 18:00:00+00:00,2026-01-21 21:00:00+00:00,2,27,2,2026-01-20 09:00:00+00:00,0.385,0.6534993251164755,0.36829703959695215
2026-01-20 18:00:00+00:00,2026-01-21 22:00:00+00:00,2,28,2,2026-01-20 10:00:00+00:00,0.4283333333333334,0.26629115641117096,0.36829703959695215
2026-01-20 18:00:00+00:00,2026-01-21 23:00:00+00:00,2,29,2,2026-01-20 11:00:00+00:00,0.15166666666666667,0.04671810970952114,0.36829703959695215
2026-01-20 18:00:00+00:00,2026-01-22 00:00:00+00:00,2,30,2,2026-01-20 12:00:00+00:00,0.29833333333333334,0.21982350200414658,0.36829703959695215
2026-01-20 18:00:00+00:00,2026-01-22 01:00:00+00:00,2,31,2,2026-01-20 13:00:00+00:00,0.09000000000000001,0.07747754082083702,0.36829703959695215
2026-01-20 18:00:00+00:00,2026-01-22 02:00:00+00:00,2,32,2,2026-01-20 14:00:00+00:00,0.02666666666666667,0.06803056225180626,0.36829703959695215
2026-01-20 18:00:00+00:00,2026-01-22 03:00:00+00:00,2,33,2,2026-01-20 15:00:00+00:00,0.01,0.223724864423275,0.36829703959695215
2026-01-20 18:00:00+00:00,2026-01-22 04:00:00+00:00,2,34,2,2026-01-20 16:00:00+00:00,0.028333333333333335,0.37743476033210754,0.36829703959695215
2026-01-20 18:00:00+00:00,2026-01-22 05:00:00+00:00,2,35,2,2026-01-20 17:00:00+00:00,0.016666666666666666,0.23176921904087067,0.36829703959695215
2026-01-20 18:00:00+00:00,2026-01-22 06:00:00+00:00,2,36,2,2026-01-20 18:00:00+00:00,0.01,0.2041590710481008,0.36829703959695215
2026-01-20 18:00:00+00:00,2026-01-22 07:00:00+00:00,2,37,3,2026-01-19 19:00:00+00:00,0.008333333333333333,0.16472071409225464,0.36829703959695215
2026-01-20 18:00:00+00:00,2026-01-22 08:00:00+00:00,2,38,3,2026-01-19 20:00:00+00:00,0.14833333333333334,0.18959571917851767,0.36829703959695215
2026-01-20 18:00:00+00:00,2026-01-22 09:00:00+00:00,2,39,3,2026-01-19 21:00:00+00:00,0.3283333333333333,0.18576172490914664,0.36829703959695215
2026-01-20 18:00:00+00:00,2026-01-22 10:00:00+00:00,2,40,3,2026-01-19 22:00:00+00:00,0.32166666666666666,0.4247329831123352,0.36829703959695215
2026-01-20 18:00:00+00:00,2026-01-22 11:00:00+00:00,2,41,3,2026-01-19 23:00:00+00:00,0.49499999999999994,0.6163602670033773,0.36829703959695215
2026-01-20 18:00:00+00:00,2026-01-22 12:00:00+00:00,2,42,3,2026-01-20 00:00:00+00:00,0.5116666666666666,0.9001479148864746,0.36829703959695215
2026-01-20 18:00:00+00:00,2026-01-22 13:00:00+00:00,2,43,3,2026-01-20 01:00:00+00:00,0.4683333333333333,0.9364408453305563,0.36829703959695215
2026-01-20 18:00:00+00:00,2026-01-22 14:00:00+00:00,2,44,3,2026-01-20 02:00:00+00:00,0.7733333333333333,0.9550244808197021,0.36829703959695215
2026-01-20 18:00:00+00:00,2026-01-22 15:00:00+00:00,2,45,3,2026-01-20 03:00:00+00:00,0.8183333333333334,0.934174636999766,0.36829703959695215
2026-01-20 18:00:00+00:00,2026-01-22 16:00:00+00:00,2,46,3,2026-01-20 04:00:00+00:00,0.6983333333333334,0.9059744874636332,0.36829703959695215
2026-01-20 18:00:00+00:00,2026-01-22 17:00:00+00:00,2,47,3,2026-01-20 05:00:00+00:00,0.965,0.8348117073376974,0.36829703959695215
2026-01-20 18:00:00+00:00,2026-01-22 18:00:00+00:00,2,48,3,2026-01-20 06:00:00+00:00,0.9783333333333334,0.7994793852170309,0.36829703959695215
2026-01-21 18:00:00+00:00,2026-01-21 19:00:00+00:00,1,1,1,2026-01-21 07:00:00+00:00,0.44,0.6901341478029887,0.3736853865525423
2026-01-21 18:00:00+00:00,2026-01-21 20:00:00+00:00,1,2,1,2026-01-21 08:00:00+00:00,0.5483333333333333,0.6307502587636312,0.3736853865525423
2026-01-21 18:00:00+00:00,2026-01-21 21:00:00+00:00,1,3,1,2026-01-21 09:00:00+00:00,0.3983333333333334,0.2466029773155848,0.3736853865525423
2026-01-21 18:00:00+00:00,2026-01-21 22:00:00+00:00,1,4,1,2026-01-21 10:00:00+00:00,0.4566666666666667,0.014364987146109343,0.3736853865525423
2026-01-21 18:00:00+00:00,2026-01-21 23:00:00+00:00,1,5,1,2026-01-21 11:00:00+00:00,0.27499999999999997,0.046888851250211395,0.3736853865525423
2026-01-21 18:00:00+00:00,2026-01-22 00:00:00+00:00,1,6,1,2026-01-21 12:00:00+00:00,0.43166666666666664,0.05701963355143865,0.3736853865525423
2026-01-21 18:00:00+00:00,2026-01-22 01:00:00+00:00,1,7,1,2026-01-21 13:00:00+00:00,0.09499999999999999,0.09360364514092605,0.3736853865525423
2026-01-21 18:00:00+00:00,2026-01-22 02:00:00+00:00,1,8,1,2026-01-21 14:00:00+00:00,0.03333333333333333,0.023438869665066402,0.3736853865525423
2026-01-21 18:00:00+00:00,2026-01-22 03:00:00+00:00,1,9,1,2026-01-21 15:00:00+00:00,0.01,0.05680376477539539,0.3736853865525423
2026-01-21 18:00:00+00:00,2026-01-22 04:00:00+00:00,1,10,1,2026-01-21 16:00:00+00:00,0.03333333333333333,0.22445223232110342,0.3736853865525423
2026-01-21 18:00:00+00:00,2026-01-22 05:00:00+00:00,1,11,1,2026-01-21 17:00:00+00:00,0.016666666666666666,0.19505293915669122,0.3736853865525423
2026-01-21 18:00:00+00:00,2026-01-22 06:00:00+00:00,1,12,1,2026-01-21 18:00:00+00:00,0.011666666666666667,0.051859209313988686,0.3736853865525423
2026-01-21 18:00:00+00:00,2026-01-22 07:00:00+00:00,1,13,2,2026-01-20 19:00:00+00:00,0.01,0.17855046192804971,0.3736853865525423
2026-01-21 18:00:00+00:00,2026-01-22 08:00:00+00:00,1,14,2,2026-01-20 20:00:00+00:00,0.15666666666666665,0.18086815377076468,0.3736853865525423
2026-01-21 18:00:00+00:00,2026-01-22 09:00:00+00:00,1,15,2,2026-01-20 21:00:00+00:00,0.32,0.279604251186053,0.3736853865525423
2026-01-21 18:00:00+00:00,2026-01-22 10:00:00+00:00,1,16,2,2026-01-20 22:00:00+00:00,0.3016666666666667,0.3853433132171631,0.3736853865525423
2026-01-21 18:00:00+00:00,2026-01-22 11:00:00+00:00,1,17,2,2026-01-20 23:00:00+00:00,0.5083333333333333,0.6922222971916199,0.3736853865525423
2026-01-21 18:00:00+00:00,2026-01-22 12:00:00+00:00,1,18,2,2026-01-21 00:00:00+00:00,0.4716666666666667,0.8392888903617859,0.3736853865525423
2026-01-21 18:00:00+00:00,2026-01-22 13:00:00+00:00,1,19,2,2026-01-21 01:00:00+00:00,0.45166666666666666,0.9338642358779907,0.3736853865525423
2026-01-21 18:00:00+00:00,2026-01-22 14:00:00+00:00,1,20,2,2026-01-21 02:00:00+00:00,0.7066666666666667,0.9405807455380758,0.3736853865525423
2026-01-21 18:00:00+00:00,2026-01-22 15:00:00+00:00,1,21,2,2026-01-21 03:00:00+00:00,0.7583333333333333,0.9614372054735819,0.3736853865525423
2026-01-21 18:00:00+00:00,2026-01-22 16:00:00+00:00,1,22,2,2026-01-21 04:00:00+00:00,0.6983333333333333,0.9549639423688253,0.3736853865525423
2026-01-21 18:00:00+00:00,2026-01-22 17:00:00+00:00,1,23,2,2026-01-21 05:00:00+00:00,0.9700000000000001,0.9587925473848978,0.3736853865525423
2026-01-21 18:00:00+00:00,2026-01-22 18:00:00+00:00,1,24,2,2026-01-21 06:00:00+00:00,0.9883333333333333,0.9366129636764526,0.3736853865525423
2026-01-21 18:00:00+00:00,2026-01-22 19:00:00+00:00,1,25,2,2026-01-21 07:00:00+00:00,0.9899999999999999,0.9014663497606913,0.3736853865525423
2026-01-21 18:00:00+00:00,2026-01-22 20:00:00+00:00,1,26,2,2026-01-21 08:00:00+00:00,0.9899999999999999,0.8229019045829773,0.3736853865525423
2026-01-21 18:00:00+00:00,2026-01-22 21:00:00+00:00,1,27,2,2026-01-21 09:00:00+00:00,0.985,0.6271031896273295,0.3736853865525423
2026-01-21 18:00:00+00:00,2026-01-22 22:00:00+00:00,1,28,2,2026-01-21 10:00:00+00:00,0.8333333333333334,0.3979681233565013,0.3736853865525423
2026-01-21 18:00:00+00:00,2026-01-22 23:00:00+00:00,1,29,2,2026-01-21 11:00:00+00:00,0.4566666666666667,0.3827671806017558,0.3736853865525423
2026-01-21 18:00:00+00:00,2026-01-23 00:00:00+00:00,1,30,2,2026-01-21 12:00:00+00:00,0.42333333333333334,0.6222567756970724,0.3736853865525423
2026-01-21 18:00:00+00:00,2026-01-23 01:00:00+00:00,1,31,2,2026-01-21 13:00:00+00:00,0.4566666666666667,0.5348135828971863,0.3736853865525423
2026-01-21 18:00:00+00:00,2026-01-23 02:00:00+00:00,1,32,2,2026-01-21 14:00:00+00:00,0.3,0.44395209352175397,0.3736853865525423
2026-01-21 18:00:00+00:00,2026-01-23 03:00:00+00:00,1,33,2,2026-01-21 15:00:00+00:00,0.7200000000000001,0.21540741125742593,0.3736853865525423
2026-01-21 18:00:00+00:00,2026-01-23 04:00:00+00:00,1,34,2,2026-01-21 16:00:00+00:00,0.8333333333333334,0.09209457288185756,0.3736853865525423
2026-01-21 18:00:00+00:00,2026-01-23 05:00:00+00:00,1,35,2,2026-01-21 17:00:00+00:00,0.9049999999999999,0.04924848365286986,0.3736853865525423
2026-01-21 18:00:00+00:00,2026-01-23 06:00:00+00:00,1,36,2,2026-01-21 18:00:00+00:00,0.5033333333333333,0.04160289900998274,0.3736853865525423
2026-01-21 18:00:00+00:00,2026-01-23 07:00:00+00:00,1,37,3,2026-01-20 19:00:00+00:00,0.23333333333333336,0.030176456707219284,0.3736853865525423
2026-01-21 18:00:00+00:00,2026-01-23 08:00:00+00:00,1,38,3,2026-01-20 20:00:00+00:00,0.125,0.040216671923796334,0.3736853865525423
2026-01-21 18:00:00+00:00,2026-01-23 09:00:00+00:00,1,39,3,2026-01-20 21:00:00+00:00,0.17166666666666666,0.04961701606710752,0.3736853865525423
2026-01-21 18:00:00+00:00,2026-01-23 10:00:00+00:00,1,40,3,2026-01-20 22:00:00+00:00,0.3016666666666667,0.07591897125045459,0.3736853865525423
2026-01-21 18:00:00+00:00,2026-01-23 11:00:00+00:00,1,41,3,2026-01-20 23:00:00+00:00,0.65,0.11863788962364197,0.3736853865525423
2026-01-21 18:00:00+00:00,2026-01-23 12:00:00+00:00,1,42,3,2026-01-21 00:00:00+00:00,0.5233333333333333,0.2137550711631775,0.3736853865525423
2026-01-21 18:00:00+00:00,2026-01-23 13:00:00+00:00,1,43,3,2026-01-21 01:00:00+00:00,0.36333333333333334,0.21224927405516306,0.3736853865525423
2026-01-21 18:00:00+00:00,2026-01-23 14:00:00+00:00,1,44,3,2026-01-21 02:00:00+00:00,0.15166666666666667,0.12990249445041022,0.3736853865525423
2026-01-21 18:00:00+00:00,2026-01-23 15:00:00+00:00,1,45,3,2026-01-21 03:00:00+00:00,0.07333333333333333,0.1068385938803355,0.3736853865525423
2026-01-21 18:00:00+00:00,2026-01-23 16:00:00+00:00,1,46,3,2026-01-21 04:00:00+00:00,0.023333333333333334,0.11295553048451741,0.3736853865525423
2026-01-21 18:00:00+00:00,2026-01-23 17:00:00+00:00,1,47,3,2026-01-21 05:00:00+00:00,0.03833333333333334,0.11697620401779811,0.3736853865525423
2026-01-21 18:00:00+00:00,2026-01-23 18:00:00+00:00,1,48,3,2026-01-21 06:00:00+00:00,0.01,0.10865135739247005,0.3736853865525423
2026-01-21 18:00:00+00:00,2026-01-21 19:00:00+00:00,2,1,1,2026-01-21 07:00:00+00:00,0.4749999999999999,0.6619574030240377,0.36829703959695215
2026-01-21 18:00:00+00:00,2026-01-21 20:00:00+00:00,2,2,1,2026-01-21 08:00:00+00:00,0.52,0.5981296896934509,0.36829703959695215
2026-01-21 18:00:00+00:00,2026-01-21 21:00:00+00:00,2,3,1,2026-01-21 09:00:00+00:00,0.385,0.2264668568968773,0.36829703959695215
2026-01-21 18:00:00+00:00,2026-01-21 22:00:00+00:00,2,4,1,2026-01-21 10:00:00+00:00,0.4283333333333334,0.0130494541178147,0.36829703959695215
2026-01-21 18:00:00+00:00,2026-01-21 23:00:00+00:00,2,5,1,2026-01-21 11:00:00+00:00,0.15166666666666667,0.043323218201597534,0.36829703959695215
2026-01-21 18:00:00+00:00,2026-01-22 00:00:00+00:00,2,6,1,2026-01-21 12:00:00+00:00,0.29833333333333334,0.05421346426010132,0.36829703959695215
2026-01-21 18:00:00+00:00,2026-01-22 01:00:00+00:00,2,7,1,2026-01-21 13:00:00+00:00,0.09000000000000001,0.0899308156222105,0.36829703959695215
2026-01-21 18:00:00+00:00,2026-01-22 02:00:00+00:00,2,8,1,2026-01-21 14:00:00+00:00,0.02666666666666667,0.020919357736905415,0.36829703959695215
2026-01-21 18:00:00+00:00,2026-01-22 03:00:00+00:00,2,9,1,2026-01-21 15:00:00+00:00,0.01,0.05469364486634731,0.36829703959695215
2026-01-21 18:00:00+00:00,2026-01-22 04:00:00+00:00,2,10,1,2026-01-21 16:00:00+00:00,0.028333333333333335,0.22848203778266907,0.36829703959695215
2026-01-21 18:00:00+00:00,2026-01-22 05:00:00+00:00,2,11,1,2026-01-21 17:00:00+00:00,0.016666666666666666,0.20345178743203482,0.36829703959695215
2026-01-21 18:00:00+00:00,2026-01-22 06:00:00+00:00,2,12,1,2026-01-21 18:00:00+00:00,0.01,0.055503834038972855,0.36829703959695215
2026-01-21 18:00:00+00:00,2026-01-22 07:00:00+00:00,2,13,2,2026-01-20 19:00:00+00:00,0.008333333333333333,0.18930437664190927,0.36829703959695215
2026-01-21 18:00:00+00:00,2026-01-22 08:00:00+00:00,2,14,2,2026-01-20 20:00:00+00:00,0.14833333333333334,0.1799090082446734,0.36829703959695215
2026-01-21 18:00:00+00:00,2026-01-22 09:00:00+00:00,2,15,2,2026-01-20 21:00:00+00:00,0.3283333333333333,0.2680625021457672,0.36829703959695215
2026-01-21 18:00:00+00:00,2026-01-22 10:00:00+00:00,2,16,2,2026-01-20 22:00:00+00:00,0.32166666666666666,0.35404400030771893,0.36829703959695215
2026-01-21 18:00:00+00:00,2026-01-22 11:00:00+00:00,2,17,2,2026-01-20 23:00:00+00:00,0.49499999999999994,0.6511806845664978,0.36829703959695215
2026-01-21 18:00:00+00:00,2026-01-22 12:00:00+00:00,2,18,2,2026-01-21 00:00:00+00:00,0.5116666666666666,0.8269063830375671,0.36829703959695215
2026-01-21 18:00:00+00:00,2026-01-22 13:00:00+00:00,2,19,2,2026-01-21 01:00:00+00:00,0.4683333333333333,0.932746688524882,0.36829703959695215
2026-01-21 18:00:00+00:00,2026-01-22 14:00:00+00:00,2,20,2,2026-01-21 02:00:00+00:00,0.7733333333333333,0.9360724886258444,0.36829703959695215
2026-01-21 18:00:00+00:00,2026-01-22 15:00:00+00:00,2,21,2,2026-01-21 03:00:00+00:00,0.8183333333333334,0.9557114044825236,0.36829703959695215
2026-01-21 18:00:00+00:00,2026-01-22 16:00:00+00:00,2,22,2,2026-01-21 04:00:00+00:00,0.6983333333333334,0.9491274356842041,0.36829703959695215
2026-01-21 18:00:00+00:00,2026-01-22 17:00:00+00:00,2,23,2,2026-01-21 05:00:00+00:00,0.965,0.9543526768684387,0.36829703959695215
2026-01-21 18:00:00+00:00,2026-01-22 18:00:00+00:00,2,24,2,2026-01-21 06:00:00+00:00,0.9783333333333334,0.9324277639389038,0.36829703959695215
2026-01-21 18:00:00+00:00,2026-01-22 19:00:00+00:00,2,25,2,2026-01-21 07:00:00+00:00,0.9816666666666666,0.8922874927520752,0.36829703959695215
2026-01-21 18:00:00+00:00,2026-01-22 20:00:00+00:00,2,26,2,2026-01-21 08:00:00+00:00,0.985,0.797350287437439,0.36829703959695215
2026-01-21 18:00:00+00:00,2026-01-22 21:00:00+00:00,2,27,2,2026-01-21 09:00:00+00:00,0.9816666666666666,0.5981019337972006,0.36829703959695215
2026-01-21 18:00:00+00:00,2026-01-22 22:00:00+00:00,2,28,2,2026-01-21 10:00:00+00:00,0.8316666666666667,0.3806193272272746,0.36829703959695215
2026-01-21 18:00:00+00:00,2026-01-22 23:00:00+00:00,2,29,2,2026-01-21 11:00:00+00:00,0.4666666666666666,0.3719334652026494,0.36829703959695215
2026-01-21 18:00:00+00:00,2026-01-23 00:00:00+00:00,2,30,2,2026-01-21 12:00:00+00:00,0.43333333333333335,0.6412773529688517,0.36829703959695215
2026-01-21 18:00:00+00:00,2026-01-23 01:00:00+00:00,2,31,2,2026-01-21 13:00:00+00:00,0.4666666666666666,0.5471344987551371,0.36829703959695215
2026-01-21 18:00:00+00:00,2026-01-23 02:00:00+00:00,2,32,2,2026-01-21 14:00:00+00:00,0.3116666666666667,0.45470110575358075,0.36829703959695215
2026-01-21 18:00:00+00:00,2026-01-23 03:00:00+00:00,2,33,2,2026-01-21 15:00:00+00:00,0.71,0.21165543297926584,0.36829703959695215
2026-01-21 18:00:00+00:00,2026-01-23 04:00:00+00:00,2,34,2,2026-01-21 16:00:00+00:00,0.8483333333333333,0.084060733517011,0.36829703959695215
2026-01-21 18:00:00+00:00,2026-01-23 05:00:00+00:00,2,35,2,2026-01-21 17:00:00+00:00,0.9199999999999999,0.04642951923112074,0.36829703959695215
2026-01-21 18:00:00+00:00,2026-01-23 06:00:00+00:00,2,36,2,2026-01-21 18:00:00+00:00,0.47666666666666674,0.03852301090955734,0.36829703959695215
2026-01-21 18:00:00+00:00,2026-01-23 07:00:00+00:00,2,37,3,2026-01-20 19:00:00+00:00,0.25,0.03164942873020967,0.36829703959695215
2026-01-21 18:00:00+00:00,2026-01-23 08:00:00+00:00,2,38,3,2026-01-20 20:00:00+00:00,0.12833333333333333,0.043175009389718376,0.36829703959695215
2026-01-21 18:00:00+00:00,2026-01-23 09:00:00+00:00,2,39,3,2026-01-20 21:00:00+00:00,0.16833333333333333,0.05221669003367424,0.36829703959695215
2026-01-21 18:00:00+00:00,2026-01-23 10:00:00+00:00,2,40,3,2026-01-20 22:00:00+00:00,0.315,0.0744202050069968,0.36829703959695215
2026-01-21 18:00:00+00:00,2026-01-23 11:00:00+00:00,2,41,3,2026-01-20 23:00:00+00:00,0.6533333333333333,0.11430201431115468,0.36829703959695215
2026-01-21 18:00:00+00:00,2026-01-23 12:00:00+00:00,2,42,3,2026-01-21 00:00:00+00:00,0.5433333333333333,0.2129769871632258,0.36829703959695215
2026-01-21 18:00:00+00:00,2026-01-23 13:00:00+00:00,2,43,3,2026-01-21 01:00:00+00:00,0.3833333333333333,0.21172369023164114,0.36829703959695215
2026-01-21 18:00:00+00:00,2026-01-23 14:00:00+00:00,2,44,3,2026-01-21 02:00:00+00:00,0.15333333333333335,0.1247667670249939,0.36829703959695215
2026-01-21 18:00:00+00:00,2026-01-23 15:00:00+00:00,2,45,3,2026-01-21 03:00:00+00:00,0.07166666666666667,0.09852312505245209,0.36829703959695215
2026-01-21 18:00:00+00:00,2026-01-23 16:00:00+00:00,2,46,3,2026-01-21 04:00:00+00:00,0.023333333333333334,0.10151111582914989,0.36829703959695215
2026-01-21 18:00:00+00:00,2026-01-23 17:00:00+00:00,2,47,3,2026-01-21 05:00:00+00:00,0.03833333333333334,0.105568066239357,0.36829703959695215
2026-01-21 18:00:00+00:00,2026-01-23 18:00:00+00:00,2,48,3,2026-01-21 06:00:00+00:00,0.01,0.09619590888420741,0.36829703959695215
2026-01-22 18:00:00+00:00,2026-01-22 19:00:00+00:00,1,1,1,2026-01-22 07:00:00+00:00,0.9899999999999999,0.7069117625554403,0.3736853865525423
2026-01-22 18:00:00+00:00,2026-01-22 20:00:00+00:00,1,2,1,2026-01-22 08:00:00+00:00,0.9899999999999999,0.6617506742477417,0.3736853865525423
2026-01-22 18:00:00+00:00,2026-01-22 21:00:00+00:00,1,3,1,2026-01-22 09:00:00+00:00,0.985,0.5733674168586731,0.3736853865525423
2026-01-22 18:00:00+00:00,2026-01-22 22:00:00+00:00,1,4,1,2026-01-22 10:00:00+00:00,0.8333333333333334,0.652722696463267,0.3736853865525423
2026-01-22 18:00:00+00:00,2026-01-22 23:00:00+00:00,1,5,1,2026-01-22 11:00:00+00:00,0.4566666666666667,0.6075504620869955,0.3736853865525423
2026-01-22 18:00:00+00:00,2026-01-23 00:00:00+00:00,1,6,1,2026-01-22 12:00:00+00:00,0.42333333333333334,0.48552990953127545,0.3736853865525423
2026-01-22 18:00:00+00:00,2026-01-23 01:00:00+00:00,1,7,1,2026-01-22 13:00:00+00:00,0.4566666666666667,0.501694937547048,0.3736853865525423
2026-01-22 18:00:00+00:00,2026-01-23 02:00:00+00:00,1,8,1,2026-01-22 14:00:00+00:00,0.3,0.5207546949386597,0.3736853865525423
2026-01-22 18:00:00+00:00,2026-01-23 03:00:00+00:00,1,9,1,2026-01-22 15:00:00+00:00,0.7200000000000001,0.44833216071128845,0.3736853865525423
2026-01-22 18:00:00+00:00,2026-01-23 04:00:00+00:00,1,10,1,2026-01-22 16:00:00+00:00,0.8333333333333334,0.3037136296431224,0.3736853865525423
2026-01-22 18:00:00+00:00,2026-01-23 05:00:00+00:00,1,11,1,2026-01-22 17:00:00+00:00,0.9049999999999999,0.16527910282214484,0.3736853865525423
2026-01-22 18:00:00+00:00,2026-01-23 06:00:00+00:00,1,12,1,2026-01-22 18:00:00+00:00,0.5033333333333333,0.3958592613538106,0.3736853865525423
2026-01-22 18:00:00+00:00,2026-01-23 07:00:00+00:00,1,13,2,2026-01-21 19:00:00+00:00,0.23333333333333336,0.06331128999590874,0.3736853865525423
2026-01-22 18:00:00+00:00,2026-01-23 08:00:00+00:00,1,14,2,2026-01-21 20:00:00+00:00,0.125,0.11439617723226547,0.3736853865525423
2026-01-22 18:00:00+00:00,2026-01-23 09:00:00+00:00,1,15,2,2026-01-21 21:00:00+00:00,0.17166666666666666,0.20085925360520682,0.3736853865525423
2026-01-22 18:00:00+00:00,2026-01-23 10:00:00+00:00,1,16,2,2026-01-21 22:00:00+00:00,0.3016666666666667,0.2105473130941391,0.3736853865525423
2026-01-22 18:00:00+00:00,2026-01-23 11:00:00+00:00,1,17,2,2026-01-21 23:00:00+00:00,0.65,0.3139166831970215,0.3736853865525423
2026-01-22 18:00:00+00:00,2026-01-23 12:00:00+00:00,1,18,2,2026-01-22 00:00:00+00:00,0.5233333333333333,0.24060564736525217,0.3736853865525423
2026-01-22 18:00:00+00:00,2026-01-23 13:00:00+00:00,1,19,2,2026-01-22 01:00:00+00:00,0.36333333333333334,0.5577244758605957,0.3736853865525423
2026-01-22 18:00:00+00:00,2026-01-23 14:00:00+00:00,1,20,2,2026-01-22 02:00:00+00:00,0.15166666666666667,0.6494055589040121,0.3736853865525423
2026-01-22 18:00:00+00:00,2026-01-23 15:00:00+00:00,1,21,2,2026-01-22 03:00:00+00:00,0.07333333333333333,0.4288858274618785,0.3736853865525423
2026-01-22 18:00:00+00:00,2026-01-23 16:00:00+00:00,1,22,2,2026-01-22 04:00:00+00:00,0.023333333333333334,0.2934151490529378,0.3736853865525423
2026-01-22 18:00:00+00:00,2026-01-23 17:00:00+00:00,1,23,2,2026-01-22 05:00:00+00:00,0.03833333333333334,0.23731162150700888,0.3736853865525423
2026-01-22 18:00:00+00:00,2026-01-23 18:00:00+00:00,1,24,2,2026-01-22 06:00:00+00:00,0.01,0.28520919382572174,0.3736853865525423
2026-01-22 18:00:00+00:00,2026-01-23 19:00:00+00:00,1,25,2,2026-01-22 07:00:00+00:00,0.01,0.2338241587082545,0.3736853865525423
2026-01-22 18:00:00+00:00,2026-01-23 20:00:00+00:00,1,26,2,2026-01-22 08:00:00+00:00,0.01,0.11824189871549606,0.3736853865525423
2026-01-22 18:00:00+00:00,2026-01-23 21:00:00+00:00,1,27,2,2026-01-22 09:00:00+00:00,0.01,0.029640385570625465,0.3736853865525423
2026-01-22 18:00:00+00:00,2026-01-23 22:00:00+00:00,1,28,2,2026-01-22 10:00:00+00:00,0.01,0.01600551155085365,0.3736853865525423
2026-01-22 18:00:00+00:00,2026-01-23 23:00:00+00:00,1,29,2,2026-01-22 11:00:00+00:00,0.01,0.0797831912835439,0.3736853865525423
2026-01-22 18:00:00+00:00,2026-01-24 00:00:00+00:00,1,30,2,2026-01-22 12:00:00+00:00,0.01,0.5243812004725138,0.3736853865525423
2026-01-22 18:00:00+00:00,2026-01-24 01:00:00+00:00,1,31,2,2026-01-22 13:00:00+00:00,0.03333333333333333,0.7210423946380615,0.3736853865525423
2026-01-22 18:00:00+00:00,2026-01-24 02:00:00+00:00,1,32,2,2026-01-22 14:00:00+00:00,0.10833333333333332,0.7896296183268229,0.3736853865525423
2026-01-22 18:00:00+00:00,2026-01-24 03:00:00+00:00,1,33,2,2026-01-22 15:00:00+00:00,0.71,0.8921007712682089,0.3736853865525423
2026-01-22 18:00:00+00:00,2026-01-24 04:00:00+00:00,1,34,2,2026-01-22 16:00:00+00:00,0.9716666666666667,0.9613088766733805,0.3736853865525423
2026-01-22 18:00:00+00:00,2026-01-24 05:00:00+00:00,1,35,2,2026-01-22 17:00:00+00:00,0.9899999999999999,0.9872637589772543,0.3736853865525423
2026-01-22 18:00:00+00:00,2026-01-24 06:00:00+00:00,1,36,2,2026-01-22 18:00:00+00:00,0.9899999999999999,0.9944368203481039,0.3736853865525423
2026-01-22 18:00:00+00:00,2026-01-24 07:00:00+00:00,1,37,3,2026-01-21 19:00:00+00:00,0.8533333333333334,0.9971566001574198,0.3736853865525423
2026-01-22 18:00:00+00:00,2026-01-24 08:00:00+00:00,1,38,3,2026-01-21 20:00:00+00:00,0.9899999999999999,0.997929573059082,0.3736853865525423
2026-01-22 18:00:00+00:00,2026-01-24 09:00:00+00:00,1,39,3,2026-01-21 21:00:00+00:00,0.9899999999999999,0.9980032245318095,0.3736853865525423
2026-01-22 18:00:00+00:00,2026-01-24 10:00:00+00:00,1,40,3,2026-01-21 22:00:00+00:00,0.9866666666666667,0.9975565274556478,0.3736853865525423
2026-01-22 18:00:00+00:00,2026-01-24 11:00:00+00:00,1,41,3,2026-01-21 23:00:00+00:00,0.9883333333333333,0.9962844451268514,0.3736853865525423
2026-01-22 18:00:00+00:00,2026-01-24 12:00:00+00:00,1,42,3,2026-01-22 00:00:00+00:00,0.9899999999999999,0.9926972190539042,0.3736853865525423
2026-01-22 18:00:00+00:00,2026-01-24 13:00:00+00:00,1,43,3,2026-01-22 01:00:00+00:00,0.9899999999999999,0.9914986888567606,0.3736853865525423
2026-01-22 18:00:00+00:00,2026-01-24 14:00:00+00:00,1,44,3,2026-01-22 02:00:00+00:00,0.9483333333333333,0.9870984156926473,0.3736853865525423
2026-01-22 18:00:00+00:00,2026-01-24 15:00:00+00:00,1,45,3,2026-01-22 03:00:00+00:00,0.9700000000000001,0.9773322343826294,0.3736853865525423
2026-01-22 18:00:00+00:00,2026-01-24 16:00:00+00:00,1,46,3,2026-01-22 04:00:00+00:00,0.9899999999999999,0.9694112737973531,0.3736853865525423
2026-01-22 18:00:00+00:00,2026-01-24 17:00:00+00:00,1,47,3,2026-01-22 05:00:00+00:00,0.96,0.9598586757977804,0.3736853865525423
2026-01-22 18:00:00+00:00,2026-01-24 18:00:00+00:00,1,48,3,2026-01-22 06:00:00+00:00,0.9716666666666667,0.9693243106206259,0.3736853865525423
2026-01-22 18:00:00+00:00,2026-01-22 19:00:00+00:00,2,1,1,2026-01-22 07:00:00+00:00,0.9816666666666666,0.6790408591429392,0.36829703959695215
2026-01-22 18:00:00+00:00,2026-01-22 20:00:00+00:00,2,2,1,2026-01-22 08:00:00+00:00,0.985,0.6321068604787191,0.36829703959695215
2026-01-22 18:00:00+00:00,2026-01-22 21:00:00+00:00,2,3,1,2026-01-22 09:00:00+00:00,0.9816666666666666,0.5444732109705607,0.36829703959695215
2026-01-22 18:00:00+00:00,2026-01-22 22:00:00+00:00,2,4,1,2026-01-22 10:00:00+00:00,0.8316666666666667,0.6396961013476054,0.36829703959695215
2026-01-22 18:00:00+00:00,2026-01-22 23:00:00+00:00,2,5,1,2026-01-22 11:00:00+00:00,0.4666666666666666,0.6141554713249207,0.36829703959695215
2026-01-22 18:00:00+00:00,2026-01-23 00:00:00+00:00,2,6,1,2026-01-22 12:00:00+00:00,0.43333333333333335,0.5021694898605347,0.36829703959695215
2026-01-22 18:00:00+00:00,2026-01-23 01:00:00+00:00,2,7,1,2026-01-22 13:00:00+00:00,0.4666666666666666,0.5201157629489899,0.36829703959695215
2026-01-22 18:00:00+00:00,2026-01-23 02:00:00+00:00,2,8,1,2026-01-22 14:00:00+00:00,0.3116666666666667,0.5317138731479645,0.36829703959695215
2026-01-22 18:00:00+00:00,2026-01-23 03:00:00+00:00,2,9,1,2026-01-22 15:00:00+00:00,0.71,0.45108668009440106,0.36829703959695215
2026-01-22 18:00:00+00:00,2026-01-23 04:00:00+00:00,2,10,1,2026-01-22 16:00:00+00:00,0.8483333333333333,0.3062175710995992,0.36829703959695215
2026-01-22 18:00:00+00:00,2026-01-23 05:00:00+00:00,2,11,1,2026-01-22 17:00:00+00:00,0.9199999999999999,0.15687667081753412,0.36829703959695215
2026-01-22 18:00:00+00:00,2026-01-23 06:00:00+00:00,2,12,1,2026-01-22 18:00:00+00:00,0.47666666666666674,0.39004846413930255,0.36829703959695215
2026-01-22 18:00:00+00:00,2026-01-23 07:00:00+00:00,2,13,2,2026-01-21 19:00:00+00:00,0.25,0.06044032735129198,0.36829703959695215
2026-01-22 18:00:00+00:00,2026-01-23 08:00:00+00:00,2,14,2,2026-01-21 20:00:00+00:00,0.12833333333333333,0.10569216062625249,0.36829703959695215
2026-01-22 18:00:00+00:00,2026-01-23 09:00:00+00:00,2,15,2,2026-01-21 21:00:00+00:00,0.16833333333333333,0.19416029751300812,0.36829703959695215
2026-01-22 18:00:00+00:00,2026-01-23 10:00:00+00:00,2,16,2,2026-01-21 22:00:00+00:00,0.315,0.2030368149280548,0.36829703959695215
2026-01-22 18:00:00+00:00,2026-01-23 11:00:00+00:00,2,17,2,2026-01-21 23:00:00+00:00,0.6533333333333333,0.31656044721603394,0.36829703959695215
2026-01-22 18:00:00+00:00,2026-01-23 12:00:00+00:00,2,18,2,2026-01-22 00:00:00+00:00,0.5433333333333333,0.24465254445870718,0.36829703959695215
2026-01-22 18:00:00+00:00,2026-01-23 13:00:00+00:00,2,19,2,2026-01-22 01:00:00+00:00,0.3833333333333333,0.5445580581823984,0.36829703959695215
2026-01-22 18:00:00+00:00,2026-01-23 14:00:00+00:00,2,20,2,2026-01-22 02:00:00+00:00,0.15333333333333335,0.6360174417495728,0.36829703959695215
2026-01-22 18:00:00+00:00,2026-01-23 15:00:00+00:00,2,21,2,2026-01-22 03:00:00+00:00,0.07166666666666667,0.41844266653060913,0.36829703959695215
2026-01-22 18:00:00+00:00,2026-01-23 16:00:00+00:00,2,22,2,2026-01-22 04:00:00+00:00,0.023333333333333334,0.2816912333170573,0.36829703959695215
2026-01-22 18:00:00+00:00,2026-01-23 17:00:00+00:00,2,23,2,2026-01-22 05:00:00+00:00,0.03833333333333334,0.21060748398303986,0.36829703959695215
2026-01-22 18:00:00+00:00,2026-01-23 18:00:00+00:00,2,24,2,2026-01-22 06:00:00+00:00,0.01,0.2659531235694885,0.36829703959695215
2026-01-22 18:00:00+00:00,2026-01-23 19:00:00+00:00,2,25,2,2026-01-22 07:00:00+00:00,0.01,0.21732025841871896,0.36829703959695215
2026-01-22 18:00:00+00:00,2026-01-23 20:00:00+00:00,2,26,2,2026-01-22 08:00:00+00:00,0.011666666666666667,0.09826016426086426,0.36829703959695215
2026-01-22 18:00:00+00:00,2026-01-23 21:00:00+00:00,2,27,2,2026-01-22 09:00:00+00:00,0.01,0.02939956821501255,0.36829703959695215
2026-01-22 18:00:00+00:00,2026-01-23 22:00:00+00:00,2,28,2,2026-01-22 10:00:00+00:00,0.01,0.014410015195608139,0.36829703959695215
2026-01-22 18:00:00+00:00,2026-01-23 23:00:00+00:00,2,29,2,2026-01-22 11:00:00+00:00,0.01,0.06660554061333339,0.36829703959695215
2026-01-22 18:00:00+00:00,2026-01-24 00:00:00+00:00,2,30,2,2026-01-22 12:00:00+00:00,0.01,0.5293071568012238,0.36829703959695215
2026-01-22 18:00:00+00:00,2026-01-24 01:00:00+00:00,2,31,2,2026-01-22 13:00:00+00:00,0.018333333333333333,0.729396919409434,0.36829703959695215
2026-01-22 18:00:00+00:00,2026-01-24 02:00:00+00:00,2,32,2,2026-01-22 14:00:00+00:00,0.03666666666666667,0.7867664098739624,0.36829703959695215
2026-01-22 18:00:00+00:00,2026-01-24 03:00:00+00:00,2,33,2,2026-01-22 15:00:00+00:00,0.115,0.8930777311325073,0.36829703959695215
2026-01-22 18:00:00+00:00,2026-01-24 04:00:00+00:00,2,34,2,2026-01-22 16:00:00+00:00,0.01,0.9627005656560262,0.36829703959695215
2026-01-22 18:00:00+00:00,2026-01-24 05:00:00+00:00,2,35,2,2026-01-22 17:00:00+00:00,0.44,0.9879012505213419,0.36829703959695215
2026-01-22 18:00:00+00:00,2026-01-24 06:00:00+00:00,2,36,2,2026-01-22 18:00:00+00:00,0.98,0.9945707321166992,0.36829703959695215
2026-01-22 18:00:00+00:00,2026-01-24 07:00:00+00:00,2,37,3,2026-01-21 19:00:00+00:00,0.6233333333333334,0.9972291588783264,0.36829703959695215
2026-01-22 18:00:00+00:00,2026-01-24 08:00:00+00:00,2,38,3,2026-01-21 20:00:00+00:00,0.98,0.9979261954625448,0.36829703959695215
2026-01-22 18:00:00+00:00,2026-01-24 09:00:00+00:00,2,39,3,2026-01-21 21:00:00+00:00,0.9816666666666666,0.9979313413302103,0.36829703959695215
2026-01-22 18:00:00+00:00,2026-01-24 10:00:00+00:00,2,40,3,2026-01-21 22:00:00+00:00,0.9899999999999999,0.9974257349967957,0.36829703959695215
2026-01-22 18:00:00+00:00,2026-01-24 11:00:00+00:00,2,41,3,2026-01-21 23:00:00+00:00,0.985,0.9960321585337321,0.36829703959695215
2026-01-22 18:00:00+00:00,2026-01-24 12:00:00+00:00,2,42,3,2026-01-22 00:00:00+00:00,0.9899999999999999,0.9920628070831299,0.36829703959695215
2026-01-22 18:00:00+00:00,2026-01-24 13:00:00+00:00,2,43,3,2026-01-22 01:00:00+00:00,0.9899999999999999,0.9906172951062521,0.36829703959695215
2026-01-22 18:00:00+00:00,2026-01-24 14:00:00+00:00,2,44,3,2026-01-22 02:00:00+00:00,0.9899999999999999,0.9861668348312378,0.36829703959695215
2026-01-22 18:00:00+00:00,2026-01-24 15:00:00+00:00,2,45,3,2026-01-22 03:00:00+00:00,0.955,0.9762152632077535,0.36829703959695215
2026-01-22 18:00:00+00:00,2026-01-24 16:00:00+00:00,2,46,3,2026-01-22 04:00:00+00:00,0.9899999999999999,0.9677606026331583,0.36829703959695215
2026-01-22 18:00:00+00:00,2026-01-24 17:00:00+00:00,2,47,3,2026-01-22 05:00:00+00:00,0.9899999999999999,0.9585028092066447,0.36829703959695215
2026-01-22 18:00:00+00:00,2026-01-24 18:00:00+00:00,2,48,3,2026-01-22 06:00:00+00:00,0.9883333333333333,0.9677098592122396,0.36829703959695215
2026-01-23 18:00:00+00:00,2026-01-23 19:00:00+00:00,1,1,1,2026-01-23 07:00:00+00:00,0.01,0.03812980776031812,0.3736853865525423
2026-01-23 18:00:00+00:00,2026-01-23 20:00:00+00:00,1,2,1,2026-01-23 08:00:00+00:00,0.01,0.018125261180102825,0.3736853865525423
2026-01-23 18:00:00+00:00,2026-01-23 21:00:00+00:00,1,3,1,2026-01-23 09:00:00+00:00,0.01,0.019591684453189373,0.3736853865525423
2026-01-23 18:00:00+00:00,2026-01-23 22:00:00+00:00,1,4,1,2026-01-23 10:00:00+00:00,0.01,0.0620599202811718,0.3736853865525423
2026-01-23 18:00:00+00:00,2026-01-23 23:00:00+00:00,1,5,1,2026-01-23 11:00:00+00:00,0.01,0.29071807364622754,0.3736853865525423
2026-01-23 18:00:00+00:00,2026-01-24 00:00:00+00:00,1,6,1,2026-01-23 12:00:00+00:00,0.01,0.5445534984270731,0.3736853865525423
2026-01-23 18:00:00+00:00,2026-01-24 01:00:00+00:00,1,7,1,2026-01-23 13:00:00+00:00,0.03333333333333333,0.6875462134679159,0.3736853865525423
2026-01-23 18:00:00+00:00,2026-01-24 02:00:00+00:00,1,8,1,2026-01-23 14:00:00+00:00,0.10833333333333332,0.7802665630976359,0.3736853865525423
2026-01-23 18:00:00+00:00,2026-01-24 03:00:00+00:00,1,9,1,2026-01-23 15:00:00+00:00,0.71,0.9345011512438456,0.3736853865525423
2026-01-23 18:00:00+00:00,2026-01-24 04:00:00+00:00,1,10,1,2026-01-23 16:00:00+00:00,0.9716666666666667,0.9657942255338033,0.3736853865525423
2026-01-23 18:00:00+00:00,2026-01-24 05:00:00+00:00,1,11,1,2026-01-23 17:00:00+00:00,0.9899999999999999,0.9855398933092753,0.3736853865525423
2026-01-23 18:00:00+00:00,2026-01-24 06:00:00+00:00,1,12,1,2026-01-23 18:00:00+00:00,0.9899999999999999,0.9925839304924011,0.3736853865525423
2026-01-23 18:00:00+00:00,2026-01-24 07:00:00+00:00,1,13,2,2026-01-22 19:00:00+00:00,0.8533333333333334,0.9962231318155924,0.3736853865525423
2026-01-23 18:00:00+00:00,2026-01-24 08:00:00+00:00,1,14,2,2026-01-22 20:00:00+00:00,0.9899999999999999,0.9964866836865743,0.3736853865525423
2026-01-23 18:00:00+00:00,2026-01-24 09:00:00+00:00,1,15,2,2026-01-22 21:00:00+00:00,0.9899999999999999,0.9964689215024313,0.3736853865525423
2026-01-23 18:00:00+00:00,2026-01-24 10:00:00+00:00,1,16,2,2026-01-22 22:00:00+00:00,0.9866666666666667,0.9952451984087626,0.3736853865525423
2026-01-23 18:00:00+00:00,2026-01-24 11:00:00+00:00,1,17,2,2026-01-22 23:00:00+00:00,0.9883333333333333,0.9929642478624979,0.3736853865525423
2026-01-23 18:00:00+00:00,2026-01-24 12:00:00+00:00,1,18,2,2026-01-23 00:00:00+00:00,0.9899999999999999,0.9921812613805135,0.3736853865525423
2026-01-23 18:00:00+00:00,2026-01-24 13:00:00+00:00,1,19,2,2026-01-23 01:00:00+00:00,0.9899999999999999,0.988873302936554,0.3736853865525423
2026-01-23 18:00:00+00:00,2026-01-24 14:00:00+00:00,1,20,2,2026-01-23 02:00:00+00:00,0.9483333333333333,0.9848430752754211,0.3736853865525423
2026-01-23 18:00:00+00:00,2026-01-24 15:00:00+00:00,1,21,2,2026-01-23 03:00:00+00:00,0.9700000000000001,0.9703695178031921,0.3736853865525423
2026-01-23 18:00:00+00:00,2026-01-24 16:00:00+00:00,1,22,2,2026-01-23 04:00:00+00:00,0.9899999999999999,0.9633984168370565,0.3736853865525423
2026-01-23 18:00:00+00:00,2026-01-24 17:00:00+00:00,1,23,2,2026-01-23 05:00:00+00:00,0.96,0.947336475054423,0.3736853865525423
2026-01-23 18:00:00+00:00,2026-01-24 18:00:00+00:00,1,24,2,2026-01-23 06:00:00+00:00,0.9716666666666667,0.9306128819783529,0.3736853865525423
2026-01-23 18:00:00+00:00,2026-01-24 19:00:00+00:00,1,25,2,2026-01-23 07:00:00+00:00,0.9766666666666666,0.8724831541379293,0.3736853865525423
2026-01-23 18:00:00+00:00,2026-01-24 20:00:00+00:00,1,26,2,2026-01-23 08:00:00+00:00,0.6383333333333333,0.758566677570343,0.3736853865525423
2026-01-23 18:00:00+00:00,2026-01-24 21:00:00+00:00,1,27,2,2026-01-23 09:00:00+00:00,0.295,0.635714570681254,0.3736853865525423
2026-01-23 18:00:00+00:00,2026-01-24 22:00:00+00:00,1,28,2,2026-01-23 10:00:00+00:00,0.49500000000000005,0.612563689549764,0.3736853865525423
2026-01-23 18:00:00+00:00,2026-01-24 23:00:00+00:00,1,29,2,2026-01-23 11:00:00+00:00,0.5533333333333333,0.5916130443414053,0.3736853865525423
2026-01-23 18:00:00+00:00,2026-01-25 00:00:00+00:00,1,30,2,2026-01-23 12:00:00+00:00,0.13166666666666668,0.33906931181748706,0.3736853865525423
2026-01-23 18:00:00+00:00,2026-01-25 01:00:00+00:00,1,31,2,2026-01-23 13:00:00+00:00,0.023333333333333334,0.0796862244606018,0.3736853865525423
2026-01-23 18:00:00+00:00,2026-01-25 02:00:00+00:00,1,32,2,2026-01-23 14:00:00+00:00,0.35833333333333334,0.015811377360175054,0.3736853865525423
2026-01-23 18:00:00+00:00,2026-01-25 03:00:00+00:00,1,33,2,2026-01-23 15:00:00+00:00,0.35333333333333333,0.018613469476501148,0.3736853865525423
2026-01-23 18:00:00+00:00,2026-01-25 04:00:00+00:00,1,34,2,2026-01-23 16:00:00+00:00,0.14666666666666667,0.019896326897044975,0.3736853865525423
2026-01-23 18:00:00+00:00,2026-01-25 05:00:00+00:00,1,35,2,2026-01-23 17:00:00+00:00,0.06666666666666667,0.014277148914212981,0.3736853865525423
2026-01-23 18:00:00+00:00,2026-01-25 06:00:00+00:00,1,36,2,2026-01-23 18:00:00+00:00,0.008333333333333333,0.024187440052628517,0.3736853865525423
2026-01-23 18:00:00+00:00,2026-01-25 07:00:00+00:00,1,37,3,2026-01-22 19:00:00+00:00,0.01,0.04265442925194899,0.3736853865525423
2026-01-23 18:00:00+00:00,2026-01-25 08:00:00+00:00,1,38,3,2026-01-22 20:00:00+00:00,0.01,0.04569490378101667,0.3736853865525423
2026-01-23 18:00:00+00:00,2026-01-25 09:00:00+00:00,1,39,3,2026-01-22 21:00:00+00:00,0.01,0.061577303955952324,0.3736853865525423
2026-01-23 18:00:00+00:00,2026-01-25 10:00:00+00:00,1,40,3,2026-01-22 22:00:00+00:00,0.01,0.08295801406105359,0.3736853865525423
2026-01-23 18:00:00+00:00,2026-01-25 11:00:00+00:00,1,41,3,2026-01-22 23:00:00+00:00,0.01,0.2013769894838333,0.3736853865525423
2026-01-23 18:00:00+00:00,2026-01-25 12:00:00+00:00,1,42,3,2026-01-23 00:00:00+00:00,0.01,0.3022193710009257,0.3736853865525423
2026-01-23 18:00:00+00:00,2026-01-25 13:00:00+00:00,1,43,3,2026-01-23 01:00:00+00:00,0.01,0.30534352858861286,0.3736853865525423
2026-01-23 18:00:00+00:00,2026-01-25 14:00:00+00:00,1,44,3,2026-01-23 02:00:00+00:00,0.03666666666666667,0.30344568689664203,0.3736853865525423
2026-01-23 18:00:00+00:00,2026-01-25 15:00:00+00:00,1,45,3,2026-01-23 03:00:00+00:00,0.14833333333333334,0.22817735373973846,0.3736853865525423
2026-01-23 18:00:00+00:00,2026-01-25 16:00:00+00:00,1,46,3,2026-01-23 04:00:00+00:00,0.20166666666666666,0.11522051443656285,0.3736853865525423
2026-01-23 18:00:00+00:00,2026-01-25 17:00:00+00:00,1,47,3,2026-01-23 05:00:00+00:00,0.33666666666666667,0.11776869992415111,0.3736853865525423
2026-01-23 18:00:00+00:00,2026-01-25 18:00:00+00:00,1,48,3,2026-01-23 06:00:00+00:00,0.61,0.047108594328165054,0.3736853865525423
2026-01-23 18:00:00+00:00,2026-01-23 19:00:00+00:00,2,1,1,2026-01-23 07:00:00+00:00,0.01,0.03653851648171743,0.36829703959695215
2026-01-23 18:00:00+00:00,2026-01-23 20:00:00+00:00,2,2,1,2026-01-23 08:00:00+00:00,0.011666666666666667,0.01823801298936208,0.36829703959695215
2026-01-23 18:00:00+00:00,2026-01-23 21:00:00+00:00,2,3,1,2026-01-23 09:00:00+00:00,0.01,0.017651592381298542,0.36829703959695215
2026-01-23 18:00:00+00:00,2026-01-23 22:00:00+00:00,2,4,1,2026-01-23 10:00:00+00:00,0.01,0.053582979987064995,0.36829703959695215
2026-01-23 18:00:00+00:00,2026-01-23 23:00:00+00:00,2,5,1,2026-01-23 11:00:00+00:00,0.01,0.28324690957864124,0.36829703959695215
2026-01-23 18:00:00+00:00,2026-01-24 00:00:00+00:00,2,6,1,2026-01-23 12:00:00+00:00,0.01,0.5179320474465688,0.36829703959695215
2026-01-23 18:00:00+00:00,2026-01-24 01:00:00+00:00,2,7,1,2026-01-23 13:00:00+00:00,0.018333333333333333,0.6788894534111023,0.36829703959695215
2026-01-23 18:00:00+00:00,2026-01-24 02:00:00+00:00,2,8,1,2026-01-23 14:00:00+00:00,0.03666666666666667,0.7718589107195536,0.36829703959695215
2026-01-23 18:00:00+00:00,2026-01-24 03:00:00+00:00,2,9,1,2026-01-23 15:00:00+00:00,0.115,0.9352073272069296,0.36829703959695215
2026-01-23 18:00:00+00:00,2026-01-24 04:00:00+00:00,2,10,1,2026-01-23 16:00:00+00:00,0.01,0.9669790267944336,0.36829703959695215
2026-01-23 18:00:00+00:00,2026-01-24 05:00:00+00:00,2,11,1,2026-01-23 17:00:00+00:00,0.44,0.986207644144694,0.36829703959695215
2026-01-23 18:00:00+00:00,2026-01-24 06:00:00+00:00,2,12,1,2026-01-23 18:00:00+00:00,0.98,0.99268505970637,0.36829703959695215
2026-01-23 18:00:00+00:00,2026-01-24 07:00:00+00:00,2,13,2,2026-01-22 19:00:00+00:00,0.6233333333333334,0.996254046758016,0.36829703959695215
2026-01-23 18:00:00+00:00,2026-01-24 08:00:00+00:00,2,14,2,2026-01-22 20:00:00+00:00,0.98,0.9964526494344076,0.36829703959695215
2026-01-23 18:00:00+00:00,2026-01-24 09:00:00+00:00,2,15,2,2026-01-22 21:00:00+00:00,0.9816666666666666,0.9963182608286539,0.36829703959695215
2026-01-23 18:00:00+00:00,2026-01-24 10:00:00+00:00,2,16,2,2026-01-22 22:00:00+00:00,0.9899999999999999,0.9949576059977213,0.36829703959695215
2026-01-23 18:00:00+00:00,2026-01-24 11:00:00+00:00,2,17,2,2026-01-22 23:00:00+00:00,0.985,0.992235024770101,0.36829703959695215
2026-01-23 18:00:00+00:00,2026-01-24 12:00:00+00:00,2,18,2,2026-01-23 00:00:00+00:00,0.9899999999999999,0.992297093073527,0.36829703959695215
2026-01-23 18:00:00+00:00,2026-01-24 13:00:00+00:00,2,19,2,2026-01-23 01:00:00+00:00,0.9899999999999999,0.9884383082389832,0.36829703959695215
2026-01-23 18:00:00+00:00,2026-01-24 14:00:00+00:00,2,20,2,2026-01-23 02:00:00+00:00,0.9899999999999999,0.9840173721313477,0.36829703959695215
2026-01-23 18:00:00+00:00,2026-01-24 15:00:00+00:00,2,21,2,2026-01-23 03:00:00+00:00,0.955,0.969876209894816,0.36829703959695215
2026-01-23 18:00:00+00:00,2026-01-24 16:00:00+00:00,2,22,2,2026-01-23 04:00:00+00:00,0.9899999999999999,0.9622384111086527,0.36829703959695215
2026-01-23 18:00:00+00:00,2026-01-24 17:00:00+00:00,2,23,2,2026-01-23 05:00:00+00:00,0.9899999999999999,0.9436038335164388,0.36829703959695215
2026-01-23 18:00:00+00:00,2026-01-24 18:00:00+00:00,2,24,2,2026-01-23 06:00:00+00:00,0.9883333333333333,0.9283204873402914,0.36829703959695215
2026-01-23 18:00:00+00:00,2026-01-24 19:00:00+00:00,2,25,2,2026-01-23 07:00:00+00:00,0.965,0.8654469847679138,0.36829703959695215
2026-01-23 18:00:00+00:00,2026-01-24 20:00:00+00:00,2,26,2,2026-01-23 08:00:00+00:00,0.5499999999999999,0.7434983253479004,0.36829703959695215
2026-01-23 18:00:00+00:00,2026-01-24 21:00:00+00:00,2,27,2,2026-01-23 09:00:00+00:00,0.23833333333333337,0.6125627160072327,0.36829703959695215
2026-01-23 18:00:00+00:00,2026-01-24 22:00:00+00:00,2,28,2,2026-01-23 10:00:00+00:00,0.49,0.5736449758211771,0.36829703959695215
2026-01-23 18:00:00+00:00,2026-01-24 23:00:00+00:00,2,29,2,2026-01-23 11:00:00+00:00,0.595,0.5522144536177317,0.36829703959695215
2026-01-23 18:00:00+00:00,2026-01-25 00:00:00+00:00,2,30,2,2026-01-23 12:00:00+00:00,0.1416666666666667,0.3167591989040375,0.36829703959695215
2026-01-23 18:00:00+00:00,2026-01-25 01:00:00+00:00,2,31,2,2026-01-23 13:00:00+00:00,0.023333333333333334,0.07739324619372685,0.36829703959695215
2026-01-23 18:00:00+00:00,2026-01-25 02:00:00+00:00,2,32,2,2026-01-23 14:00:00+00:00,0.37333333333333335,0.015748821198940277,0.36829703959695215
2026-01-23 18:00:00+00:00,2026-01-25 03:00:00+00:00,2,33,2,2026-01-23 15:00:00+00:00,0.37000000000000005,0.01851654580483834,0.36829703959695215
2026-01-23 18:00:00+00:00,2026-01-25 04:00:00+00:00,2,34,2,2026-01-23 16:00:00+00:00,0.13166666666666668,0.020023840479552746,0.36829703959695215
2026-01-23 18:00:00+00:00,2026-01-25 05:00:00+00:00,2,35,2,2026-01-23 17:00:00+00:00,0.06999999999999999,0.013395009019101659,0.36829703959695215
2026-01-23 18:00:00+00:00,2026-01-25 06:00:00+00:00,2,36,2,2026-01-23 18:00:00+00:00,0.005,0.023980386244753998,0.36829703959695215
2026-01-23 18:00:00+00:00,2026-01-25 07:00:00+00:00,2,37,3,2026-01-22 19:00:00+00:00,0.01,0.045617179945111275,0.36829703959695215
2026-01-23 18:00:00+00:00,2026-01-25 08:00:00+00:00,2,38,3,2026-01-22 20:00:00+00:00,0.008333333333333333,0.046632444486021996,0.36829703959695215
2026-01-23 18:00:00+00:00,2026-01-25 09:00:00+00:00,2,39,3,2026-01-22 21:00:00+00:00,0.01,0.06621245791514714,0.36829703959695215
2026-01-23 18:00:00+00:00,2026-01-25 10:00:00+00:00,2,40,3,2026-01-22 22:00:00+00:00,0.01,0.08669237544139226,0.36829703959695215
2026-01-23 18:00:00+00:00,2026-01-25 11:00:00+00:00,2,41,3,2026-01-22 23:00:00+00:00,0.01,0.19553503890832266,0.36829703959695215
2026-01-23 18:00:00+00:00,2026-01-25 12:00:00+00:00,2,42,3,2026-01-23 00:00:00+00:00,0.01,0.3040975034236908,0.36829703959695215
2026-01-23 18:00:00+00:00,2026-01-25 13:00:00+00:00,2,43,3,2026-01-23 01:00:00+00:00,0.01,0.32175373037656146,0.36829703959695215
2026-01-23 18:00:00+00:00,2026-01-25 14:00:00+00:00,2,44,3,2026-01-23 02:00:00+00:00,0.03333333333333333,0.31387947996457416,0.36829703959695215
2026-01-23 18:00:00+00:00,2026-01-25 15:00:00+00:00,2,45,3,2026-01-23 03:00:00+00:00,0.13333333333333333,0.23138552904129028,0.36829703959695215
2026-01-23 18:00:00+00:00,2026-01-25 16:00:00+00:00,2,46,3,2026-01-23 04:00:00+00:00,0.215,0.11124362548192342,0.36829703959695215
2026-01-23 18:00:00+00:00,2026-01-25 17:00:00+00:00,2,47,3,2026-01-23 05:00:00+00:00,0.32666666666666666,0.10880157848199208,0.36829703959695215
2026-01-23 18:00:00+00:00,2026-01-25 18:00:00+00:00,2,48,3,2026-01-23 06:00:00+00:00,0.5416666666666666,0.04492286530633768,0.36829703959695215
2026-01-24 18:00:00+00:00,2026-01-24 19:00:00+00:00,1,1,1,2026-01-24 07:00:00+00:00,0.9766666666666666,0.9024094343185425,0.3736853865525423
2026-01-24 18:00:00+00:00,2026-01-24 20:00:00+00:00,1,2,1,2026-01-24 08:00:00+00:00,0.6383333333333333,0.8273067077000936,0.3736853865525423
2026-01-24 18:00:00+00:00,2026-01-24 21:00:00+00:00,1,3,1,2026-01-24 09:00:00+00:00,0.295,0.5732601483662924,0.3736853865525423
2026-01-24 18:00:00+00:00,2026-01-24 22:00:00+00:00,1,4,1,2026-01-24 10:00:00+00:00,0.49500000000000005,0.4942018687725067,0.3736853865525423
2026-01-24 18:00:00+00:00,2026-01-24 23:00:00+00:00,1,5,1,2026-01-24 11:00:00+00:00,0.5533333333333333,0.11892188216249149,0.3736853865525423
2026-01-24 18:00:00+00:00,2026-01-25 00:00:00+00:00,1,6,1,2026-01-24 12:00:00+00:00,0.13166666666666668,0.03166305118550857,0.3736853865525423
2026-01-24 18:00:00+00:00,2026-01-25 01:00:00+00:00,1,7,1,2026-01-24 13:00:00+00:00,0.023333333333333334,0.015720015857368708,0.3736853865525423
2026-01-24 18:00:00+00:00,2026-01-25 02:00:00+00:00,1,8,1,2026-01-24 14:00:00+00:00,0.35833333333333334,0.016848204657435417,0.3736853865525423
2026-01-24 18:00:00+00:00,2026-01-25 03:00:00+00:00,1,9,1,2026-01-24 15:00:00+00:00,0.35333333333333333,0.014397650336225828,0.3736853865525423
2026-01-24 18:00:00+00:00,2026-01-25 04:00:00+00:00,1,10,1,2026-01-24 16:00:00+00:00,0.14666666666666667,0.012214174416537086,0.3736853865525423
2026-01-24 18:00:00+00:00,2026-01-25 05:00:00+00:00,1,11,1,2026-01-24 17:00:00+00:00,0.06666666666666667,0.026157377287745476,0.3736853865525423
2026-01-24 18:00:00+00:00,2026-01-25 06:00:00+00:00,1,12,1,2026-01-24 18:00:00+00:00,0.008333333333333333,0.0244329571723938,0.3736853865525423
2026-01-24 18:00:00+00:00,2026-01-25 07:00:00+00:00,1,13,2,2026-01-23 19:00:00+00:00,0.01,0.03323632447669903,0.3736853865525423
2026-01-24 18:00:00+00:00,2026-01-25 08:00:00+00:00,1,14,2,2026-01-23 20:00:00+00:00,0.01,0.04876503348350525,0.3736853865525423
2026-01-24 18:00:00+00:00,2026-01-25 09:00:00+00:00,1,15,2,2026-01-23 21:00:00+00:00,0.01,0.07153908908367157,0.3736853865525423
2026-01-24 18:00:00+00:00,2026-01-25 10:00:00+00:00,1,16,2,2026-01-23 22:00:00+00:00,0.01,0.054647443195184074,0.3736853865525423
2026-01-24 18:00:00+00:00,2026-01-25 11:00:00+00:00,1,17,2,2026-01-23 23:00:00+00:00,0.01,0.09733928243319194,0.3736853865525423
2026-01-24 18:00:00+00:00,2026-01-25 12:00:00+00:00,1,18,2,2026-01-24 00:00:00+00:00,0.01,0.22502009570598602,0.3736853865525423
2026-01-24 18:00:00+00:00,2026-01-25 13:00:00+00:00,1,19,2,2026-01-24 01:00:00+00:00,0.01,0.11678076287110646,0.3736853865525423
2026-01-24 18:00:00+00:00,2026-01-25 14:00:00+00:00,1,20,2,2026-01-24 02:00:00+00:00,0.03666666666666667,0.1328351398309072,0.3736853865525423
2026-01-24 18:00:00+00:00,2026-01-25 15:00:00+00:00,1,21,2,2026-01-24 03:00:00+00:00,0.14833333333333334,0.08628074576457341,0.3736853865525423
2026-01-24 18:00:00+00:00,2026-01-25 16:00:00+00:00,1,22,2,2026-01-24 04:00:00+00:00,0.20166666666666666,0.038174585439264774,0.3736853865525423
2026-01-24 18:00:00+00:00,2026-01-25 17:00:00+00:00,1,23,2,2026-01-24 05:00:00+00:00,0.33666666666666667,0.04911652641991774,0.3736853865525423
2026-01-24 18:00:00+00:00,2026-01-25 18:00:00+00:00,1,24,2,2026-01-24 06:00:00+00:00,0.61,0.056531540428598724,0.3736853865525423
2026-01-24 18:00:00+00:00,2026-01-25 19:00:00+00:00,1,25,2,2026-01-24 07:00:00+00:00,0.26833333333333337,0.18863141040007272,0.3736853865525423
2026-01-24 18:00:00+00:00,2026-01-25 20:00:00+00:00,1,26,2,2026-01-24 08:00:00+00:00,0.22833333333333336,0.38815048336982727,0.3736853865525423
2026-01-24 18:00:00+00:00,2026-01-25 21:00:00+00:00,1,27,2,2026-01-24 09:00:00+00:00,0.295,0.5948494672775269,0.3736853865525423
2026-01-24 18:00:00+00:00,2026-01-25 22:00:00+00:00,1,28,2,2026-01-24 10:00:00+00:00,0.30666666666666664,0.7402391036351522,0.3736853865525423
2026-01-24 18:00:00+00:00,2026-01-25 23:00:00+00:00,1,29,2,2026-01-24 11:00:00+00:00,0.27666666666666667,0.7398973306020101,0.3736853865525423
2026-01-24 18:00:00+00:00,2026-01-26 00:00:00+00:00,1,30,2,2026-01-24 12:00:00+00:00,0.6033333333333334,0.5204481979211172,0.3736853865525423
2026-01-24 18:00:00+00:00,2026-01-26 01:00:00+00:00,1,31,2,2026-01-24 13:00:00+00:00,0.2916666666666667,0.5639985998471578,0.3736853865525423
2026-01-24 18:00:00+00:00,2026-01-26 02:00:00+00:00,1,32,2,2026-01-24 14:00:00+00:00,0.2733333333333334,0.5472971399625143,0.3736853865525423
2026-01-24 18:00:00+00:00,2026-01-26 03:00:00+00:00,1,33,2,2026-01-24 15:00:00+00:00,0.3133333333333333,0.4990711708863576,0.3736853865525423
2026-01-24 18:00:00+00:00,2026-01-26 04:00:00+00:00,1,34,2,2026-01-24 16:00:00+00:00,0.2383333333333333,0.528451402982076,0.3736853865525423
2026-01-24 18:00:00+00:00,2026-01-26 05:00:00+00:00,1,35,2,2026-01-24 17:00:00+00:00,0.24333333333333332,0.6180298725763956,0.3736853865525423
2026-01-24 18:00:00+00:00,2026-01-26 06:00:00+00:00,1,36,2,2026-01-24 18:00:00+00:00,0.4766666666666666,0.48667333523432416,0.3736853865525423
2026-01-24 18:00:00+00:00,2026-01-26 07:00:00+00:00,1,37,3,2026-01-23 19:00:00+00:00,0.7983333333333333,0.9664445718129476,0.3736853865525423
2026-01-24 18:00:00+00:00,2026-01-26 08:00:00+00:00,1,38,3,2026-01-23 20:00:00+00:00,0.7933333333333333,0.9721346100171407,0.3736853865525423
2026-01-24 18:00:00+00:00,2026-01-26 09:00:00+00:00,1,39,3,2026-01-23 21:00:00+00:00,0.7600000000000001,0.9717821677525839,0.3736853865525423
2026-01-24 18:00:00+00:00,2026-01-26 10:00:00+00:00,1,40,3,2026-01-23 22:00:00+00:00,0.6716666666666667,0.9680164059003195,0.3736853865525423
2026-01-24 18:00:00+00:00,2026-01-26 11:00:00+00:00,1,41,3,2026-01-23 23:00:00+00:00,0.6133333333333333,0.9589099685351054,0.3736853865525423
2026-01-24 18:00:00+00:00,2026-01-26 12:00:00+00:00,1,42,3,2026-01-24 00:00:00+00:00,0.39999999999999997,0.869331975777944,0.3736853865525423
2026-01-24 18:00:00+00:00,2026-01-26 13:00:00+00:00,1,43,3,2026-01-24 01:00:00+00:00,0.5,0.7851769129435221,0.3736853865525423
2026-01-24 18:00:00+00:00,2026-01-26 14:00:00+00:00,1,44,3,2026-01-24 02:00:00+00:00,0.775,0.635166068871816,0.3736853865525423
2026-01-24 18:00:00+00:00,2026-01-26 15:00:00+00:00,1,45,3,2026-01-24 03:00:00+00:00,0.29833333333333334,0.5408777197202047,0.3736853865525423
2026-01-24 18:00:00+00:00,2026-01-26 16:00:00+00:00,1,46,3,2026-01-24 04:00:00+00:00,0.16833333333333333,0.45850740869839984,0.3736853865525423
2026-01-24 18:00:00+00:00,2026-01-26 17:00:00+00:00,1,47,3,2026-01-24 05:00:00+00:00,0.6983333333333333,0.4060659110546112,0.3736853865525423
2026-01-24 18:00:00+00:00,2026-01-26 18:00:00+00:00,1,48,3,2026-01-24 06:00:00+00:00,0.9,0.18848916391531625,0.3736853865525423
2026-01-24 18:00:00+00:00,2026-01-24 19:00:00+00:00,2,1,1,2026-01-24 07:00:00+00:00,0.965,0.8935333093007406,0.36829703959695215
2026-01-24 18:00:00+00:00,2026-01-24 20:00:00+00:00,2,2,1,2026-01-24 08:00:00+00:00,0.5499999999999999,0.8088423411051432,0.36829703959695215
2026-01-24 18:00:00+00:00,2026-01-24 21:00:00+00:00,2,3,1,2026-01-24 09:00:00+00:00,0.23833333333333337,0.5239186386267344,0.36829703959695215
2026-01-24 18:00:00+00:00,2026-01-24 22:00:00+00:00,2,4,1,2026-01-24 10:00:00+00:00,0.49,0.4459591805934906,0.36829703959695215
2026-01-24 18:00:00+00:00,2026-01-24 23:00:00+00:00,2,5,1,2026-01-24 11:00:00+00:00,0.595,0.1068296271065871,0.36829703959695215
2026-01-24 18:00:00+00:00,2026-01-25 00:00:00+00:00,2,6,1,2026-01-24 12:00:00+00:00,0.1416666666666667,0.028596003850301106,0.36829703959695215
2026-01-24 18:00:00+00:00,2026-01-25 01:00:00+00:00,2,7,1,2026-01-24 13:00:00+00:00,0.023333333333333334,0.014652747816095749,0.36829703959695215
2026-01-24 18:00:00+00:00,2026-01-25 02:00:00+00:00,2,8,1,2026-01-24 14:00:00+00:00,0.37333333333333335,0.01792256689320008,0.36829703959695215
2026-01-24 18:00:00+00:00,2026-01-25 03:00:00+00:00,2,9,1,2026-01-24 15:00:00+00:00,0.37000000000000005,0.015303383426119884,0.36829703959695215
2026-01-24 18:00:00+00:00,2026-01-25 04:00:00+00:00,2,10,1,2026-01-24 16:00:00+00:00,0.13166666666666668,0.011715909000486135,0.36829703959695215
2026-01-24 18:00:00+00:00,2026-01-25 05:00:00+00:00,2,11,1,2026-01-24 17:00:00+00:00,0.06999999999999999,0.02466275915503502,0.36829703959695215
2026-01-24 18:00:00+00:00,2026-01-25 06:00:00+00:00,2,12,1,2026-01-24 18:00:00+00:00,0.005,0.023217275117834408,0.36829703959695215
2026-01-24 18:00:00+00:00,2026-01-25 07:00:00+00:00,2,13,2,2026-01-23 19:00:00+00:00,0.01,0.033123993004361786,0.36829703959695215
2026-01-24 18:00:00+00:00,2026-01-25 08:00:00+00:00,2,14,2,2026-01-23 20:00:00+00:00,0.008333333333333333,0.04733485480149587,0.36829703959695215
2026-01-24 18:00:00+00:00,2026-01-25 09:00:00+00:00,2,15,2,2026-01-23 21:00:00+00:00,0.01,0.07169380659858386,0.36829703959695215
2026-01-24 18:00:00+00:00,2026-01-25 10:00:00+00:00,2,16,2,2026-01-23 22:00:00+00:00,0.01,0.052265290170907974,0.36829703959695215
2026-01-24 18:00:00+00:00,2026-01-25 11:00:00+00:00,2,17,2,2026-01-23 23:00:00+00:00,0.01,0.09322730948527654,0.36829703959695215
2026-01-24 18:00:00+00:00,2026-01-25 12:00:00+00:00,2,18,2,2026-01-24 00:00:00+00:00,0.01,0.2256624400615692,0.36829703959695215
2026-01-24 18:00:00+00:00,2026-01-25 13:00:00+00:00,2,19,2,2026-01-24 01:00:00+00:00,0.01,0.11153245220581691,0.36829703959695215
2026-01-24 18:00:00+00:00,2026-01-25 14:00:00+00:00,2,20,2,2026-01-24 02:00:00+00:00,0.03333333333333333,0.12031548221906026,0.36829703959695215
2026-01-24 18:00:00+00:00,2026-01-25 15:00:00+00:00,2,21,2,2026-01-24 03:00:00+00:00,0.13333333333333333,0.07787498831748962,0.36829703959695215
2026-01-24 18:00:00+00:00,2026-01-25 16:00:00+00:00,2,22,2,2026-01-24 04:00:00+00:00,0.215,0.035442798087994255,0.36829703959695215
2026-01-24 18:00:00+00:00,2026-01-25 17:00:00+00:00,2,23,2,2026-01-24 05:00:00+00:00,0.32666666666666666,0.045771146193146706,0.36829703959695215
2026-01-24 18:00:00+00:00,2026-01-25 18:00:00+00:00,2,24,2,2026-01-24 06:00:00+00:00,0.5416666666666666,0.05006628048916658,0.36829703959695215
2026-01-24 18:00:00+00:00,2026-01-25 19:00:00+00:00,2,25,2,2026-01-24 07:00:00+00:00,0.22,0.16264326870441437,0.36829703959695215
2026-01-24 18:00:00+00:00,2026-01-25 20:00:00+00:00,2,26,2,2026-01-24 08:00:00+00:00,0.18166666666666667,0.3307426969210307,0.36829703959695215
2026-01-24 18:00:00+00:00,2026-01-25 21:00:00+00:00,2,27,2,2026-01-24 09:00:00+00:00,0.30666666666666664,0.5553860267003378,0.36829703959695215
2026-01-24 18:00:00+00:00,2026-01-25 22:00:00+00:00,2,28,2,2026-01-24 10:00:00+00:00,0.31833333333333336,0.7278377612431844,0.36829703959695215
2026-01-24 18:00:00+00:00,2026-01-25 23:00:00+00:00,2,29,2,2026-01-24 11:00:00+00:00,0.22,0.7381991346677145,0.36829703959695215
2026-01-24 18:00:00+00:00,2026-01-26 00:00:00+00:00,2,30,2,2026-01-24 12:00:00+00:00,0.5299999999999999,0.5302690267562866,0.36829703959695215
2026-01-24 18:00:00+00:00,2026-01-26 01:00:00+00:00,2,31,2,2026-01-24 13:00:00+00:00,0.27,0.5770596067110697,0.36829703959695215
2026-01-24 18:00:00+00:00,2026-01-26 02:00:00+00:00,2,32,2,2026-01-24 14:00:00+00:00,0.20166666666666666,0.5272216498851776,0.36829703959695215
2026-01-24 18:00:00+00:00,2026-01-26 03:00:00+00:00,2,33,2,2026-01-24 15:00:00+00:00,0.18666666666666668,0.4877276122570038,0.36829703959695215
2026-01-24 18:00:00+00:00,2026-01-26 04:00:00+00:00,2,34,2,2026-01-24 16:00:00+00:00,0.24,0.5293450653553009,0.36829703959695215
2026-01-24 18:00:00+00:00,2026-01-26 05:00:00+00:00,2,35,2,2026-01-24 17:00:00+00:00,0.245,0.6309288144111633,0.36829703959695215
2026-01-24 18:00:00+00:00,2026-01-26 06:00:00+00:00,2,36,2,2026-01-24 18:00:00+00:00,0.5083333333333333,0.4992048939069112,0.36829703959695215
2026-01-24 18:00:00+00:00,2026-01-26 07:00:00+00:00,2,37,3,2026-01-23 19:00:00+00:00,0.8466666666666667,0.967276374499003,0.36829703959695215
2026-01-24 18:00:00+00:00,2026-01-26 08:00:00+00:00,2,38,3,2026-01-23 20:00:00+00:00,0.7966666666666667,0.9726616144180298,0.36829703959695215
2026-01-24 18:00:00+00:00,2026-01-26 09:00:00+00:00,2,39,3,2026-01-23 21:00:00+00:00,0.75,0.9727591872215271,0.36829703959695215
2026-01-24 18:00:00+00:00,2026-01-26 10:00:00+00:00,2,40,3,2026-01-23 22:00:00+00:00,0.7383333333333333,0.9686038494110107,0.36829703959695215
2026-01-24 18:00:00+00:00,2026-01-26 11:00:00+00:00,2,41,3,2026-01-23 23:00:00+00:00,0.7016666666666667,0.9581670562426249,0.36829703959695215
2026-01-24 18:00:00+00:00,2026-01-26 12:00:00+00:00,2,42,3,2026-01-24 00:00:00+00:00,0.48333333333333334,0.8659512400627136,0.36829703959695215
2026-01-24 18:00:00+00:00,2026-01-26 13:00:00+00:00,2,43,3,2026-01-24 01:00:00+00:00,0.62,0.7821228305498759,0.36829703959695215
2026-01-24 18:00:00+00:00,2026-01-26 14:00:00+00:00,2,44,3,2026-01-24 02:00:00+00:00,0.8716666666666667,0.6334877411524454,0.36829703959695215
2026-01-24 18:00:00+00:00,2026-01-26 15:00:00+00:00,2,45,3,2026-01-24 03:00:00+00:00,0.3666666666666667,0.5325849850972494,0.36829703959695215
2026-01-24 18:00:00+00:00,2026-01-26 16:00:00+00:00,2,46,3,2026-01-24 04:00:00+00:00,0.16666666666666666,0.42647671699523926,0.36829703959695215
2026-01-24 18:00:00+00:00,2026-01-26 17:00:00+00:00,2,47,3,2026-01-24 05:00:00+00:00,0.6766666666666666,0.3662830988566081,0.36829703959695215
2026-01-24 18:00:00+00:00,2026-01-26 18:00:00+00:00,2,48,3,2026-01-24 06:00:00+00:00,0.9266666666666666,0.17330306271711984,0.36829703959695215
2026-01-25 18:00:00+00:00,2026-01-25 19:00:00+00:00,1,1,1,2026-01-25 07:00:00+00:00,0.26833333333333337,0.08893354485432307,0.3736853865525423
2026-01-25 18:00:00+00:00,2026-01-25 20:00:00+00:00,1,2,1,2026-01-25 08:00:00+00:00,0.22833333333333336,0.5626207590103149,0.3736853865525423
2026-01-25 18:00:00+00:00,2026-01-25 21:00:00+00:00,1,3,1,2026-01-25 09:00:00+00:00,0.295,0.7356460293134054,0.3736853865525423
2026-01-25 18:00:00+00:00,2026-01-25 22:00:00+00:00,1,4,1,2026-01-25 10:00:00+00:00,0.30666666666666664,0.7580629587173462,0.3736853865525423
2026-01-25 18:00:00+00:00,2026-01-25 23:00:00+00:00,1,5,1,2026-01-25 11:00:00+00:00,0.27666666666666667,0.7435758312543234,0.3736853865525423
2026-01-25 18:00:00+00:00,2026-01-26 00:00:00+00:00,1,6,1,2026-01-25 12:00:00+00:00,0.6033333333333334,0.7408466736475626,0.3736853865525423
2026-01-25 18:00:00+00:00,2026-01-26 01:00:00+00:00,1,7,1,2026-01-25 13:00:00+00:00,0.2916666666666667,0.59683758020401,0.3736853865525423
2026-01-25 18:00:00+00:00,2026-01-26 02:00:00+00:00,1,8,1,2026-01-25 14:00:00+00:00,0.2733333333333334,0.5237893462181091,0.3736853865525423
2026-01-25 18:00:00+00:00,2026-01-26 03:00:00+00:00,1,9,1,2026-01-25 15:00:00+00:00,0.3133333333333333,0.4392443299293518,0.3736853865525423
2026-01-25 18:00:00+00:00,2026-01-26 04:00:00+00:00,1,10,1,2026-01-25 16:00:00+00:00,0.2383333333333333,0.5064095258712769,0.3736853865525423
2026-01-25 18:00:00+00:00,2026-01-26 05:00:00+00:00,1,11,1,2026-01-25 17:00:00+00:00,0.24333333333333332,0.6633025606473287,0.3736853865525423
2026-01-25 18:00:00+00:00,2026-01-26 06:00:00+00:00,1,12,1,2026-01-25 18:00:00+00:00,0.4766666666666666,0.567022979259491,0.3736853865525423
2026-01-25 18:00:00+00:00,2026-01-26 07:00:00+00:00,1,13,2,2026-01-24 19:00:00+00:00,0.7983333333333333,0.6210351387659708,0.3736853865525423
2026-01-25 18:00:00+00:00,2026-01-26 08:00:00+00:00,1,14,2,2026-01-24 20:00:00+00:00,0.7933333333333333,0.8177931110064188,0.3736853865525423
2026-01-25 18:00:00+00:00,2026-01-26 09:00:00+00:00,1,15,2,2026-01-24 21:00:00+00:00,0.7600000000000001,0.8469361861546835,0.3736853865525423
2026-01-25 18:00:00+00:00,2026-01-26 10:00:00+00:00,1,16,2,2026-01-24 22:00:00+00:00,0.6716666666666667,0.837600568930308,0.3736853865525423
2026-01-25 18:00:00+00:00,2026-01-26 11:00:00+00:00,1,17,2,2026-01-24 23:00:00+00:00,0.6133333333333333,0.7928081750869751,0.3736853865525423
2026-01-25 18:00:00+00:00,2026-01-26 12:00:00+00:00,1,18,2,2026-01-25 00:00:00+00:00,0.39999999999999997,0.7201165358225504,0.3736853865525423
2026-01-25 18:00:00+00:00,2026-01-26 13:00:00+00:00,1,19,2,2026-01-25 01:00:00+00:00,0.5,0.7283007303873698,0.3736853865525423
2026-01-25 18:00:00+00:00,2026-01-26 14:00:00+00:00,1,20,2,2026-01-25 02:00:00+00:00,0.775,0.6319018006324768,0.3736853865525423
2026-01-25 18:00:00+00:00,2026-01-26 15:00:00+00:00,1,21,2,2026-01-25 03:00:00+00:00,0.29833333333333334,0.5319730540116628,0.3736853865525423
2026-01-25 18:00:00+00:00,2026-01-26 16:00:00+00:00,1,22,2,2026-01-25 04:00:00+00:00,0.16833333333333333,0.4940086205800374,0.3736853865525423
2026-01-25 18:00:00+00:00,2026-01-26 17:00:00+00:00,1,23,2,2026-01-25 05:00:00+00:00,0.6983333333333333,0.3698609570662181,0.3736853865525423
2026-01-25 18:00:00+00:00,2026-01-26 18:00:00+00:00,1,24,2,2026-01-25 06:00:00+00:00,0.9,0.328080674012502,0.3736853865525423
2026-01-25 18:00:00+00:00,2026-01-26 19:00:00+00:00,1,25,2,2026-01-25 07:00:00+00:00,0.65,0.3357743521531423,0.3736853865525423
2026-01-25 18:00:00+00:00,2026-01-26 20:00:00+00:00,1,26,2,2026-01-25 08:00:00+00:00,0.6233333333333334,0.4960541029771169,0.3736853865525423
2026-01-25 18:00:00+00:00,2026-01-26 21:00:00+00:00,1,27,2,2026-01-25 09:00:00+00:00,0.48,0.47776898741722107,0.3736853865525423
2026-01-25 18:00:00+00:00,2026-01-26 22:00:00+00:00,1,28,2,2026-01-25 10:00:00+00:00,0.935,0.5142960945765177,0.3736853865525423
2026-01-25 18:00:00+00:00,2026-01-26 23:00:00+00:00,1,29,2,2026-01-25 11:00:00+00:00,0.6849999999999999,0.5208590626716614,0.3736853865525423
2026-01-25 18:00:00+00:00,2026-01-27 00:00:00+00:00,1,30,2,2026-01-25 12:00:00+00:00,0.4066666666666667,0.24430697659651437,0.3736853865525423
2026-01-25 18:00:00+00:00,2026-01-27 01:00:00+00:00,1,31,2,2026-01-25 13:00:00+00:00,0.03166666666666667,0.1023053452372551,0.3736853865525423
2026-01-25 18:00:00+00:00,2026-01-27 02:00:00+00:00,1,32,2,2026-01-25 14:00:00+00:00,0.013333333333333334,0.032646263018250465,0.3736853865525423
2026-01-25 18:00:00+00:00,2026-01-27 03:00:00+00:00,1,33,2,2026-01-25 15:00:00+00:00,0.01,0.016245511050025623,0.3736853865525423
2026-01-25 18:00:00+00:00,2026-01-27 04:00:00+00:00,1,34,2,2026-01-25 16:00:00+00:00,0.01,0.013276540053387484,0.3736853865525423
2026-01-25 18:00:00+00:00,2026-01-27 05:00:00+00:00,1,35,2,2026-01-25 17:00:00+00:00,0.01,0.019031623999277752,0.3736853865525423
2026-01-25 18:00:00+00:00,2026-01-27 06:00:00+00:00,1,36,2,2026-01-25 18:00:00+00:00,0.01,0.03958322977026304,0.3736853865525423
2026-01-25 18:00:00+00:00,2026-01-27 07:00:00+00:00,1,37,3,2026-01-24 19:00:00+00:00,0.01,0.03443295042961836,0.3736853865525423
2026-01-25 18:00:00+00:00,2026-01-27 08:00:00+00:00,1,38,3,2026-01-24 20:00:00+00:00,0.01,0.043417192064225674,0.3736853865525423
2026-01-25 18:00:00+00:00,2026-01-27 09:00:00+00:00,1,39,3,2026-01-24 21:00:00+00:00,0.01,0.05456992114583651,0.3736853865525423
2026-01-25 18:00:00+00:00,2026-01-27 10:00:00+00:00,1,40,3,2026-01-24 22:00:00+00:00,0.01,0.05744108930230141,0.3736853865525423
2026-01-25 18:00:00+00:00,2026-01-27 11:00:00+00:00,1,41,3,2026-01-24 23:00:00+00:00,0.01,0.06366644923885663,0.3736853865525423
2026-01-25 18:00:00+00:00,2026-01-27 12:00:00+00:00,1,42,3,2026-01-25 00:00:00+00:00,0.01,0.05442992535730203,0.3736853865525423
2026-01-25 18:00:00+00:00,2026-01-27 13:00:00+00:00,1,43,3,2026-01-25 01:00:00+00:00,0.01,0.047300790126125015,0.3736853865525423
2026-01-25 18:00:00+00:00,2026-01-27 14:00:00+00:00,1,44,3,2026-01-25 02:00:00+00:00,0.01,0.0508536963413159,0.3736853865525423
2026-01-25 18:00:00+00:00,2026-01-27 15:00:00+00:00,1,45,3,2026-01-25 03:00:00+00:00,0.016666666666666666,0.11436988972127438,0.3736853865525423
2026-01-25 18:00:00+00:00,2026-01-27 16:00:00+00:00,1,46,3,2026-01-25 04:00:00+00:00,0.008333333333333333,0.04089991810421149,0.3736853865525423
2026-01-25 18:00:00+00:00,2026-01-27 17:00:00+00:00,1,47,3,2026-01-25 05:00:00+00:00,0.01,0.03580517818530401,0.3736853865525423
2026-01-25 18:00:00+00:00,2026-01-27 18:00:00+00:00,1,48,3,2026-01-25 06:00:00+00:00,0.01,0.07579155266284943,0.3736853865525423
2026-01-25 18:00:00+00:00,2026-01-25 19:00:00+00:00,2,1,1,2026-01-25 07:00:00+00:00,0.22,0.07991553967197736,0.36829703959695215
2026-01-25 18:00:00+00:00,2026-01-25 20:00:00+00:00,2,2,1,2026-01-25 08:00:00+00:00,0.18166666666666667,0.5083805123964945,0.36829703959695215
2026-01-25 18:00:00+00:00,2026-01-25 21:00:00+00:00,2,3,1,2026-01-25 09:00:00+00:00,0.30666666666666664,0.6896627147992452,0.36829703959695215
2026-01-25 18:00:00+00:00,2026-01-25 22:00:00+00:00,2,4,1,2026-01-25 10:00:00+00:00,0.31833333333333336,0.7346775730450948,0.36829703959695215
2026-01-25 18:00:00+00:00,2026-01-25 23:00:00+00:00,2,5,1,2026-01-25 11:00:00+00:00,0.22,0.725619375705719,0.36829703959695215
2026-01-25 18:00:00+00:00,2026-01-26 00:00:00+00:00,2,6,1,2026-01-25 12:00:00+00:00,0.5299999999999999,0.7293514013290405,0.36829703959695215
2026-01-25 18:00:00+00:00,2026-01-26 01:00:00+00:00,2,7,1,2026-01-25 13:00:00+00:00,0.27,0.5855723023414612,0.36829703959695215
2026-01-25 18:00:00+00:00,2026-01-26 02:00:00+00:00,2,8,1,2026-01-25 14:00:00+00:00,0.20166666666666666,0.5223519305388132,0.36829703959695215
2026-01-25 18:00:00+00:00,2026-01-26 03:00:00+00:00,2,9,1,2026-01-25 15:00:00+00:00,0.18666666666666668,0.4503189225991567,0.36829703959695215
2026-01-25 18:00:00+00:00,2026-01-26 04:00:00+00:00,2,10,1,2026-01-25 16:00:00+00:00,0.24,0.5228196382522583,0.36829703959695215
2026-01-25 18:00:00+00:00,2026-01-26 05:00:00+00:00,2,11,1,2026-01-25 17:00:00+00:00,0.245,0.6808558702468872,0.36829703959695215
2026-01-25 18:00:00+00:00,2026-01-26 06:00:00+00:00,2,12,1,2026-01-25 18:00:00+00:00,0.5083333333333333,0.5849877198537191,0.36829703959695215
2026-01-25 18:00:00+00:00,2026-01-26 07:00:00+00:00,2,13,2,2026-01-24 19:00:00+00:00,0.8466666666666667,0.6402284900347391,0.36829703959695215
2026-01-25 18:00:00+00:00,2026-01-26 08:00:00+00:00,2,14,2,2026-01-24 20:00:00+00:00,0.7966666666666667,0.8265764514605204,0.36829703959695215
2026-01-25 18:00:00+00:00,2026-01-26 09:00:00+00:00,2,15,2,2026-01-24 21:00:00+00:00,0.75,0.8459950486818949,0.36829703959695215
2026-01-25 18:00:00+00:00,2026-01-26 10:00:00+00:00,2,16,2,2026-01-24 22:00:00+00:00,0.7383333333333333,0.8376982808113098,0.36829703959695215
2026-01-25 18:00:00+00:00,2026-01-26 11:00:00+00:00,2,17,2,2026-01-24 23:00:00+00:00,0.7016666666666667,0.7878507177035013,0.36829703959695215
2026-01-25 18:00:00+00:00,2026-01-26 12:00:00+00:00,2,18,2,2026-01-25 00:00:00+00:00,0.48333333333333334,0.7049639225006104,0.36829703959695215
2026-01-25 18:00:00+00:00,2026-01-26 13:00:00+00:00,2,19,2,2026-01-25 01:00:00+00:00,0.62,0.7042136391003927,0.36829703959695215
2026-01-25 18:00:00+00:00,2026-01-26 14:00:00+00:00,2,20,2,2026-01-25 02:00:00+00:00,0.8716666666666667,0.5892420808474222,0.36829703959695215
2026-01-25 18:00:00+00:00,2026-01-26 15:00:00+00:00,2,21,2,2026-01-25 03:00:00+00:00,0.3666666666666667,0.4873555103937785,0.36829703959695215
2026-01-25 18:00:00+00:00,2026-01-26 16:00:00+00:00,2,22,2,2026-01-25 04:00:00+00:00,0.16666666666666666,0.4525776108105977,0.36829703959695215
2026-01-25 18:00:00+00:00,2026-01-26 17:00:00+00:00,2,23,2,2026-01-25 05:00:00+00:00,0.6766666666666666,0.32811350623766583,0.36829703959695215
2026-01-25 18:00:00+00:00,2026-01-26 18:00:00+00:00,2,24,2,2026-01-25 06:00:00+00:00,0.9266666666666666,0.2865489919980367,0.36829703959695215
2026-01-25 18:00:00+00:00,2026-01-26 19:00:00+00:00,2,25,2,2026-01-25 07:00:00+00:00,0.7050000000000001,0.29564037919044495,0.36829703959695215
2026-01-25 18:00:00+00:00,2026-01-26 20:00:00+00:00,2,26,2,2026-01-25 08:00:00+00:00,0.6266666666666666,0.43778062860171,0.36829703959695215
2026-01-25 18:00:00+00:00,2026-01-26 21:00:00+00:00,2,27,2,2026-01-25 09:00:00+00:00,0.49,0.4233607351779938,0.36829703959695215
2026-01-25 18:00:00+00:00,2026-01-26 22:00:00+00:00,2,28,2,2026-01-25 10:00:00+00:00,0.935,0.45876110593477887,0.36829703959695215
2026-01-25 18:00:00+00:00,2026-01-26 23:00:00+00:00,2,29,2,2026-01-25 11:00:00+00:00,0.6733333333333333,0.4699161946773529,0.36829703959695215
2026-01-25 18:00:00+00:00,2026-01-27 00:00:00+00:00,2,30,2,2026-01-25 12:00:00+00:00,0.28833333333333333,0.221237912774086,0.36829703959695215
2026-01-25 18:00:00+00:00,2026-01-27 01:00:00+00:00,2,31,2,2026-01-25 13:00:00+00:00,0.028333333333333332,0.0987118383248647,0.36829703959695215
2026-01-25 18:00:00+00:00,2026-01-27 02:00:00+00:00,2,32,2,2026-01-25 14:00:00+00:00,0.013333333333333334,0.03187918414672216,0.36829703959695215
2026-01-25 18:00:00+00:00,2026-01-27 03:00:00+00:00,2,33,2,2026-01-25 15:00:00+00:00,0.01,0.016713651983688276,0.36829703959695215
2026-01-25 18:00:00+00:00,2026-01-27 04:00:00+00:00,2,34,2,2026-01-25 16:00:00+00:00,0.008333333333333333,0.013341352964440981,0.36829703959695215
2026-01-25 18:00:00+00:00,2026-01-27 05:00:00+00:00,2,35,2,2026-01-25 17:00:00+00:00,0.01,0.01916972640901804,0.36829703959695215
2026-01-25 18:00:00+00:00,2026-01-27 06:00:00+00:00,2,36,2,2026-01-25 18:00:00+00:00,0.01,0.03740400324265162,0.36829703959695215
2026-01-25 18:00:00+00:00,2026-01-27 07:00:00+00:00,2,37,3,2026-01-24 19:00:00+00:00,0.01,0.035779036271075405,0.36829703959695215
2026-01-25 18:00:00+00:00,2026-01-27 08:00:00+00:00,2,38,3,2026-01-24 20:00:00+00:00,0.01,0.0447728286186854,0.36829703959695215
2026-01-25 18:00:00+00:00,2026-01-27 09:00:00+00:00,2,39,3,2026-01-24 21:00:00+00:00,0.01,0.05485160835087299,0.36829703959695215
2026-01-25 18:00:00+00:00,2026-01-27 10:00:00+00:00,2,40,3,2026-01-24 22:00:00+00:00,0.01,0.05806720505158106,0.36829703959695215
2026-01-25 18:00:00+00:00,2026-01-27 11:00:00+00:00,2,41,3,2026-01-24 23:00:00+00:00,0.01,0.06334526464343071,0.36829703959695215
2026-01-25 18:00:00+00:00,2026-01-27 12:00:00+00:00,2,42,3,2026-01-25 00:00:00+00:00,0.01,0.05221955167750517,0.36829703959695215
2026-01-25 18:00:00+00:00,2026-01-27 13:00:00+00:00,2,43,3,2026-01-25 01:00:00+00:00,0.01,0.04565449866155783,0.36829703959695215
2026-01-25 18:00:00+00:00,2026-01-27 14:00:00+00:00,2,44,3,2026-01-25 02:00:00+00:00,0.01,0.04985125859578451,0.36829703959695215
2026-01-25 18:00:00+00:00,2026-01-27 15:00:00+00:00,2,45,3,2026-01-25 03:00:00+00:00,0.013333333333333334,0.10694744313756625,0.36829703959695215
2026-01-25 18:00:00+00:00,2026-01-27 16:00:00+00:00,2,46,3,2026-01-25 04:00:00+00:00,0.006666666666666667,0.03687942524751028,0.36829703959695215
2026-01-25 18:00:00+00:00,2026-01-27 17:00:00+00:00,2,47,3,2026-01-25 05:00:00+00:00,0.008333333333333333,0.03353828005492687,0.36829703959695215
2026-01-25 18:00:00+00:00,2026-01-27 18:00:00+00:00,2,48,3,2026-01-25 06:00:00+00:00,0.01,0.06919455900788307,0.36829703959695215
2026-01-26 18:00:00+00:00,2026-01-26 19:00:00+00:00,1,1,1,2026-01-26 07:00:00+00:00,0.65,0.46791048844655353,0.3736853865525423
2026-01-26 18:00:00+00:00,2026-01-26 20:00:00+00:00,1,2,1,2026-01-26 08:00:00+00:00,0.6233333333333334,0.5053406357765198,0.3736853865525423
2026-01-26 18:00:00+00:00,2026-01-26 21:00:00+00:00,1,3,1,2026-01-26 09:00:00+00:00,0.48,0.5483623743057251,0.3736853865525423
2026-01-26 18:00:00+00:00,2026-01-26 22:00:00+00:00,1,4,1,2026-01-26 10:00:00+00:00,0.935,0.5415440400441488,0.3736853865525423
2026-01-26 18:00:00+00:00,2026-01-26 23:00:00+00:00,1,5,1,2026-01-26 11:00:00+00:00,0.6849999999999999,0.4041352967421214,0.3736853865525423
2026-01-26 18:00:00+00:00,2026-01-27 00:00:00+00:00,1,6,1,2026-01-26 12:00:00+00:00,0.4066666666666667,0.0401573417087396,0.3736853865525423
2026-01-26 18:00:00+00:00,2026-01-27 01:00:00+00:00,1,7,1,2026-01-26 13:00:00+00:00,0.03166666666666667,0.016590173666675884,0.3736853865525423
2026-01-26 18:00:00+00:00,2026-01-27 02:00:00+00:00,1,8,1,2026-01-26 14:00:00+00:00,0.013333333333333334,0.009092494379729033,0.3736853865525423
2026-01-26 18:00:00+00:00,2026-01-27 03:00:00+00:00,1,9,1,2026-01-26 15:00:00+00:00,0.01,0.009229976994295916,0.3736853865525423
2026-01-26 18:00:00+00:00,2026-01-27 04:00:00+00:00,1,10,1,2026-01-26 16:00:00+00:00,0.01,0.012267311724523703,0.3736853865525423
2026-01-26 18:00:00+00:00,2026-01-27 05:00:00+00:00,1,11,1,2026-01-26 17:00:00+00:00,0.01,0.013350278294334808,0.3736853865525423
2026-01-26 18:00:00+00:00,2026-01-27 06:00:00+00:00,1,12,1,2026-01-26 18:00:00+00:00,0.01,0.014342348401745161,0.3736853865525423
2026-01-26 18:00:00+00:00,2026-01-27 07:00:00+00:00,1,13,2,2026-01-25 19:00:00+00:00,0.01,0.03640863671898842,0.3736853865525423
2026-01-26 18:00:00+00:00,2026-01-27 08:00:00+00:00,1,14,2,2026-01-25 20:00:00+00:00,0.01,0.037196638683478035,0.3736853865525423
2026-01-26 18:00:00+00:00,2026-01-27 09:00:00+00:00,1,15,2,2026-01-25 21:00:00+00:00,0.01,0.04866806045174599,0.3736853865525423
2026-01-26 18:00:00+00:00,2026-01-27 10:00:00+00:00,1,16,2,2026-01-25 22:00:00+00:00,0.01,0.07118801524241765,0.3736853865525423
2026-01-26 18:00:00+00:00,2026-01-27 11:00:00+00:00,1,17,2,2026-01-25 23:00:00+00:00,0.01,0.1139007955789566,0.3736853865525423
2026-01-26 18:00:00+00:00,2026-01-27 12:00:00+00:00,1,18,2,2026-01-26 00:00:00+00:00,0.01,0.05570473521947861,0.3736853865525423
2026-01-26 18:00:00+00:00,2026-01-27 13:00:00+00:00,1,19,2,2026-01-26 01:00:00+00:00,0.01,0.04954306657115618,0.3736853865525423
2026-01-26 18:00:00+00:00,2026-01-27 14:00:00+00:00,1,20,2,2026-01-26 02:00:00+00:00,0.01,0.0377538496007522,0.3736853865525423
2026-01-26 18:00:00+00:00,2026-01-27 15:00:00+00:00,1,21,2,2026-01-26 03:00:00+00:00,0.016666666666666666,0.03802416753023863,0.3736853865525423
2026-01-26 18:00:00+00:00,2026-01-27 16:00:00+00:00,1,22,2,2026-01-26 04:00:00+00:00,0.008333333333333333,0.031930855785806976,0.3736853865525423
2026-01-26 18:00:00+00:00,2026-01-27 17:00:00+00:00,1,23,2,2026-01-26 05:00:00+00:00,0.01,0.034201192359129585,0.3736853865525423
2026-01-26 18:00:00+00:00,2026-01-27 18:00:00+00:00,1,24,2,2026-01-26 06:00:00+00:00,0.01,0.06347874427835147,0.3736853865525423
2026-01-26 18:00:00+00:00,2026-01-27 19:00:00+00:00,1,25,2,2026-01-26 07:00:00+00:00,0.01,0.06072477002938589,0.3736853865525423
2026-01-26 18:00:00+00:00,2026-01-27 20:00:00+00:00,1,26,2,2026-01-26 08:00:00+00:00,0.01,0.03860583404699961,0.3736853865525423
2026-01-26 18:00:00+00:00,2026-01-27 21:00:00+00:00,1,27,2,2026-01-26 09:00:00+00:00,0.01,0.028453065392871697,0.3736853865525423
2026-01-26 18:00:00+00:00,2026-01-27 22:00:00+00:00,1,28,2,2026-01-26 10:00:00+00:00,0.01,0.026866285130381584,0.3736853865525423
2026-01-26 18:00:00+00:00,2026-01-27 23:00:00+00:00,1,29,2,2026-01-26 11:00:00+00:00,0.01,0.030152943606177967,0.3736853865525423
2026-01-26 18:00:00+00:00,2026-01-28 00:00:00+00:00,1,30,2,2026-01-26 12:00:00+00:00,0.01,0.052385140831271805,0.3736853865525423
2026-01-26 18:00:00+00:00,2026-01-28 01:00:00+00:00,1,31,2,2026-01-26 13:00:00+00:00,0.01,0.06504827737808228,0.3736853865525423
2026-01-26 18:00:00+00:00,2026-01-28 02:00:00+00:00,1,32,2,2026-01-26 14:00:00+00:00,0.03666666666666667,0.044397747764984764,0.3736853865525423
2026-01-26 18:00:00+00:00,2026-01-28 03:00:00+00:00,1,33,2,2026-01-26 15:00:00+00:00,0.04,0.018874116552372772,0.3736853865525423
2026-01-26 18:00:00+00:00,2026-01-28 04:00:00+00:00,1,34,2,2026-01-26 16:00:00+00:00,0.01,0.01743424745897452,0.3736853865525423
2026-01-26 18:00:00+00:00,2026-01-28 05:00:00+00:00,1,35,2,2026-01-26 17:00:00+00:00,0.01,0.02028755284845829,0.3736853865525423
2026-01-26 18:00:00+00:00,2026-01-28 06:00:00+00:00,1,36,2,2026-01-26 18:00:00+00:00,0.01,0.015347794474412998,0.3736853865525423
2026-01-26 18:00:00+00:00,2026-01-28 07:00:00+00:00,1,37,3,2026-01-25 19:00:00+00:00,0.01,0.02810492676993211,0.3736853865525423
2026-01-26 18:00:00+00:00,2026-01-28 08:00:00+00:00,1,38,3,2026-01-25 20:00:00+00:00,0.01,0.038315992802381516,0.3736853865525423
2026-01-26 18:00:00+00:00,2026-01-28 09:00:00+00:00,1,39,3,2026-01-25 21:00:00+00:00,0.01,0.07024601846933365,0.3736853865525423
2026-01-26 18:00:00+00:00,2026-01-28 10:00:00+00:00,1,40,3,2026-01-25 22:00:00+00:00,0.01,0.18176661928494772,0.3736853865525423
2026-01-26 18:00:00+00:00,2026-01-28 11:00:00+00:00,1,41,3,2026-01-25 23:00:00+00:00,0.01,0.3799651364485423,0.3736853865525423
2026-01-26 18:00:00+00:00,2026-01-28 12:00:00+00:00,1,42,3,2026-01-26 00:00:00+00:00,0.07833333333333334,0.4434669117132823,0.3736853865525423
2026-01-26 18:00:00+00:00,2026-01-28 13:00:00+00:00,1,43,3,2026-01-26 01:00:00+00:00,0.17166666666666666,0.48923459649086,0.3736853865525423
2026-01-26 18:00:00+00:00,2026-01-28 14:00:00+00:00,1,44,3,2026-01-26 02:00:00+00:00,0.49500000000000005,0.5160539050896963,0.3736853865525423
2026-01-26 18:00:00+00:00,2026-01-28 15:00:00+00:00,1,45,3,2026-01-26 03:00:00+00:00,0.7183333333333333,0.48845266302426654,0.3736853865525423
2026-01-26 18:00:00+00:00,2026-01-28 16:00:00+00:00,1,46,3,2026-01-26 04:00:00+00:00,0.4583333333333333,0.3522997895876567,0.3736853865525423
2026-01-26 18:00:00+00:00,2026-01-28 17:00:00+00:00,1,47,3,2026-01-26 05:00:00+00:00,0.3183333333333333,0.2611587842305501,0.3736853865525423
2026-01-26 18:00:00+00:00,2026-01-28 18:00:00+00:00,1,48,3,2026-01-26 06:00:00+00:00,0.2283333333333333,0.29513739546140033,0.3736853865525423
2026-01-26 18:00:00+00:00,2026-01-26 19:00:00+00:00,2,1,1,2026-01-26 07:00:00+00:00,0.7050000000000001,0.4103781580924988,0.36829703959695215
2026-01-26 18:00:00+00:00,2026-01-26 20:00:00+00:00,2,2,1,2026-01-26 08:00:00+00:00,0.6266666666666666,0.44317267338434857,0.36829703959695215
2026-01-26 18:00:00+00:00,2026-01-26 21:00:00+00:00,2,3,1,2026-01-26 09:00:00+00:00,0.49,0.4862389763196309,0.36829703959695215
2026-01-26 18:00:00+00:00,2026-01-26 22:00:00+00:00,2,4,1,2026-01-26 10:00:00+00:00,0.935,0.47917507092158,0.36829703959695215
2026-01-26 18:00:00+00:00,2026-01-26 23:00:00+00:00,2,5,1,2026-01-26 11:00:00+00:00,0.6733333333333333,0.3718684911727905,0.36829703959695215
2026-01-26 18:00:00+00:00,2026-01-27 00:00:00+00:00,2,6,1,2026-01-26 12:00:00+00:00,0.28833333333333333,0.03815215080976486,0.36829703959695215
2026-01-26 18:00:00+00:00,2026-01-27 01:00:00+00:00,2,7,1,2026-01-26 13:00:00+00:00,0.028333333333333332,0.016464142749706905,0.36829703959695215
2026-01-26 18:00:00+00:00,2026-01-27 02:00:00+00:00,2,8,1,2026-01-26 14:00:00+00:00,0.013333333333333334,0.00948785183330377,0.36829703959695215
2026-01-26 18:00:00+00:00,2026-01-27 03:00:00+00:00,2,9,1,2026-01-26 15:00:00+00:00,0.01,0.00971881253644824,0.36829703959695215
2026-01-26 18:00:00+00:00,2026-01-27 04:00:00+00:00,2,10,1,2026-01-26 16:00:00+00:00,0.008333333333333333,0.012348541679481665,0.36829703959695215
2026-01-26 18:00:00+00:00,2026-01-27 05:00:00+00:00,2,11,1,2026-01-26 17:00:00+00:00,0.01,0.013478463049978018,0.36829703959695215
2026-01-26 18:00:00+00:00,2026-01-27 06:00:00+00:00,2,12,1,2026-01-26 18:00:00+00:00,0.01,0.014054119276503721,0.36829703959695215
2026-01-26 18:00:00+00:00,2026-01-27 07:00:00+00:00,2,13,2,2026-01-25 19:00:00+00:00,0.01,0.03450550325214863,0.36829703959695215
2026-01-26 18:00:00+00:00,2026-01-27 08:00:00+00:00,2,14,2,2026-01-25 20:00:00+00:00,0.01,0.03580712154507637,0.36829703959695215
2026-01-26 18:00:00+00:00,2026-01-27 09:00:00+00:00,2,15,2,2026-01-25 21:00:00+00:00,0.01,0.046764690428972244,0.36829703959695215
2026-01-26 18:00:00+00:00,2026-01-27 10:00:00+00:00,2,16,2,2026-01-25 22:00:00+00:00,0.01,0.06822813550631206,0.36829703959695215
2026-01-26 18:00:00+00:00,2026-01-27 11:00:00+00:00,2,17,2,2026-01-25 23:00:00+00:00,0.01,0.11378220717112224,0.36829703959695215
2026-01-26 18:00:00+00:00,2026-01-27 12:00:00+00:00,2,18,2,2026-01-26 00:00:00+00:00,0.01,0.05397101491689682,0.36829703959695215
2026-01-26 18:00:00+00:00,2026-01-27 13:00:00+00:00,2,19,2,2026-01-26 01:00:00+00:00,0.01,0.04630883038043976,0.36829703959695215
2026-01-26 18:00:00+00:00,2026-01-27 14:00:00+00:00,2,20,2,2026-01-26 02:00:00+00:00,0.01,0.034286138912041984,0.36829703959695215
2026-01-26 18:00:00+00:00,2026-01-27 15:00:00+00:00,2,21,2,2026-01-26 03:00:00+00:00,0.013333333333333334,0.03685930464416742,0.36829703959695215
2026-01-26 18:00:00+00:00,2026-01-27 16:00:00+00:00,2,22,2,2026-01-26 04:00:00+00:00,0.006666666666666667,0.030802887864410877,0.36829703959695215
2026-01-26 18:00:00+00:00,2026-01-27 17:00:00+00:00,2,23,2,2026-01-26 05:00:00+00:00,0.008333333333333333,0.03398937111099561,0.36829703959695215
2026-01-26 18:00:00+00:00,2026-01-27 18:00:00+00:00,2,24,2,2026-01-26 06:00:00+00:00,0.01,0.061272198955217995,0.36829703959695215
2026-01-26 18:00:00+00:00,2026-01-27 19:00:00+00:00,2,25,2,2026-01-26 07:00:00+00:00,0.01,0.0572840745250384,0.36829703959695215
2026-01-26 18:00:00+00:00,2026-01-27 20:00:00+00:00,2,26,2,2026-01-26 08:00:00+00:00,0.01,0.03792537686725458,0.36829703959695215
2026-01-26 18:00:00+00:00,2026-01-27 21:00:00+00:00,2,27,2,2026-01-26 09:00:00+00:00,0.01,0.02794524033864339,0.36829703959695215
2026-01-26 18:00:00+00:00,2026-01-27 22:00:00+00:00,2,28,2,2026-01-26 10:00:00+00:00,0.01,0.025955680136879284,0.36829703959695215
2026-01-26 18:00:00+00:00,2026-01-27 23:00:00+00:00,2,29,2,2026-01-26 11:00:00+00:00,0.01,0.028929258696734905,0.36829703959695215
2026-01-26 18:00:00+00:00,2026-01-28 00:00:00+00:00,2,30,2,2026-01-26 12:00:00+00:00,0.01,0.04674413427710533,0.36829703959695215
2026-01-26 18:00:00+00:00,2026-01-28 01:00:00+00:00,2,31,2,2026-01-26 13:00:00+00:00,0.008333333333333333,0.05907688227792581,0.36829703959695215
2026-01-26 18:00:00+00:00,2026-01-28 02:00:00+00:00,2,32,2,2026-01-26 14:00:00+00:00,0.03,0.04280705812076727,0.36829703959695215
2026-01-26 18:00:00+00:00,2026-01-28 03:00:00+00:00,2,33,2,2026-01-26 15:00:00+00:00,0.03166666666666667,0.019258892784516018,0.36829703959695215
2026-01-26 18:00:00+00:00,2026-01-28 04:00:00+00:00,2,34,2,2026-01-26 16:00:00+00:00,0.01,0.017832659805814426,0.36829703959695215
2026-01-26 18:00:00+00:00,2026-01-28 05:00:00+00:00,2,35,2,2026-01-26 17:00:00+00:00,0.01,0.02097558540602525,0.36829703959695215
2026-01-26 18:00:00+00:00,2026-01-28 06:00:00+00:00,2,36,2,2026-01-26 18:00:00+00:00,0.01,0.016107912951459486,0.36829703959695215
2026-01-26 18:00:00+00:00,2026-01-28 07:00:00+00:00,2,37,3,2026-01-25 19:00:00+00:00,0.01,0.026725866521398228,0.36829703959695215
2026-01-26 18:00:00+00:00,2026-01-28 08:00:00+00:00,2,38,3,2026-01-25 20:00:00+00:00,0.01,0.034040674567222595,0.36829703959695215
2026-01-26 18:00:00+00:00,2026-01-28 09:00:00+00:00,2,39,3,2026-01-25 21:00:00+00:00,0.01,0.0630134033660094,0.36829703959695215
2026-01-26 18:00:00+00:00,2026-01-28 10:00:00+00:00,2,40,3,2026-01-25 22:00:00+00:00,0.051666666666666666,0.16784789164861044,0.36829703959695215
2026-01-26 18:00:00+00:00,2026-01-28 11:00:00+00:00,2,41,3,2026-01-25 23:00:00+00:00,0.125,0.3670408030351003,0.36829703959695215
2026-01-26 18:00:00+00:00,2026-01-28 12:00:00+00:00,2,42,3,2026-01-26 00:00:00+00:00,0.20833333333333334,0.43607277671496075,0.36829703959695215
2026-01-26 18:00:00+00:00,2026-01-28 13:00:00+00:00,2,43,3,2026-01-26 01:00:00+00:00,0.14833333333333334,0.48662593960762024,0.36829703959695215
2026-01-26 18:00:00+00:00,2026-01-28 14:00:00+00:00,2,44,3,2026-01-26 02:00:00+00:00,0.47833333333333333,0.5121840039889017,0.36829703959695215
2026-01-26 18:00:00+00:00,2026-01-28 15:00:00+00:00,2,45,3,2026-01-26 03:00:00+00:00,0.7033333333333333,0.47175605098406476,0.36829703959695215
2026-01-26 18:00:00+00:00,2026-01-28 16:00:00+00:00,2,46,3,2026-01-26 04:00:00+00:00,0.49333333333333335,0.3304695983727773,0.36829703959695215
2026-01-26 18:00:00+00:00,2026-01-28 17:00:00+00:00,2,47,3,2026-01-26 05:00:00+00:00,0.34,0.24741344153881073,0.36829703959695215
2026-01-26 18:00:00+00:00,2026-01-28 18:00:00+00:00,2,48,3,2026-01-26 06:00:00+00:00,0.20333333333333334,0.26253465314706165,0.36829703959695215
2026-01-27 18:00:00+00:00,2026-01-27 19:00:00+00:00,1,1,1,2026-01-27 07:00:00+00:00,0.01,0.02689741738140583,0.3736853865525423
2026-01-27 18:00:00+00:00,2026-01-27 20:00:00+00:00,1,2,1,2026-01-27 08:00:00+00:00,0.01,0.025694487616419792,0.3736853865525423
2026-01-27 18:00:00+00:00,2026-01-27 21:00:00+00:00,1,3,1,2026-01-27 09:00:00+00:00,0.01,0.026250882384677727,0.3736853865525423
2026-01-27 18:00:00+00:00,2026-01-27 22:00:00+00:00,1,4,1,2026-01-27 10:00:00+00:00,0.01,0.029558024369180202,0.3736853865525423
2026-01-27 18:00:00+00:00,2026-01-27 23:00:00+00:00,1,5,1,2026-01-27 11:00:00+00:00,0.01,0.04449735147257646,0.3736853865525423
2026-01-27 18:00:00+00:00,2026-01-28 00:00:00+00:00,1,6,1,2026-01-27 12:00:00+00:00,0.01,0.23872161408265433,0.3736853865525423
2026-01-27 18:00:00+00:00,2026-01-28 01:00:00+00:00,1,7,1,2026-01-27 13:00:00+00:00,0.01,0.3368033915758133,0.3736853865525423
2026-01-27 18:00:00+00:00,2026-01-28 02:00:00+00:00,1,8,1,2026-01-27 14:00:00+00:00,0.03666666666666667,0.39133420586586,0.3736853865525423
2026-01-27 18:00:00+00:00,2026-01-28 03:00:00+00:00,1,9,1,2026-01-27 15:00:00+00:00,0.04,0.4250822166601817,0.3736853865525423
2026-01-27 18:00:00+00:00,2026-01-28 04:00:00+00:00,1,10,1,2026-01-27 16:00:00+00:00,0.01,0.35946163535118103,0.3736853865525423
2026-01-27 18:00:00+00:00,2026-01-28 05:00:00+00:00,1,11,1,2026-01-27 17:00:00+00:00,0.01,0.2927301873763402,0.3736853865525423
2026-01-27 18:00:00+00:00,2026-01-28 06:00:00+00:00,1,12,1,2026-01-27 18:00:00+00:00,0.01,0.06029205893476804,0.3736853865525423
2026-01-27 18:00:00+00:00,2026-01-28 07:00:00+00:00,1,13,2,2026-01-26 19:00:00+00:00,0.01,0.01690496054167549,0.3736853865525423
2026-01-27 18:00:00+00:00,2026-01-28 08:00:00+00:00,1,14,2,2026-01-26 20:00:00+00:00,0.01,0.0348561629652977,0.3736853865525423
2026-01-27 18:00:00+00:00,2026-01-28 09:00:00+00:00,1,15,2,2026-01-26 21:00:00+00:00,0.01,0.0720614641904831,0.3736853865525423
2026-01-27 18:00:00+00:00,2026-01-28 10:00:00+00:00,1,16,2,2026-01-26 22:00:00+00:00,0.01,0.15139259646336237,0.3736853865525423
2026-01-27 18:00:00+00:00,2026-01-28 11:00:00+00:00,1,17,2,2026-01-26 23:00:00+00:00,0.01,0.26732007165749866,0.3736853865525423
2026-01-27 18:00:00+00:00,2026-01-28 12:00:00+00:00,1,18,2,2026-01-27 00:00:00+00:00,0.07833333333333334,0.08403977503379186,0.3736853865525423
2026-01-27 18:00:00+00:00,2026-01-28 13:00:00+00:00,1,19,2,2026-01-27 01:00:00+00:00,0.17166666666666666,0.039339170480767884,0.3736853865525423
2026-01-27 18:00:00+00:00,2026-01-28 14:00:00+00:00,1,20,2,2026-01-27 02:00:00+00:00,0.49500000000000005,0.15233527620633444,0.3736853865525423
2026-01-27 18:00:00+00:00,2026-01-28 15:00:00+00:00,1,21,2,2026-01-27 03:00:00+00:00,0.7183333333333333,0.2354844162861506,0.3736853865525423
2026-01-27 18:00:00+00:00,2026-01-28 16:00:00+00:00,1,22,2,2026-01-27 04:00:00+00:00,0.4583333333333333,0.19870971143245697,0.3736853865525423
2026-01-27 18:00:00+00:00,2026-01-28 17:00:00+00:00,1,23,2,2026-01-27 05:00:00+00:00,0.3183333333333333,0.2968848447004954,0.3736853865525423
2026-01-27 18:00:00+00:00,2026-01-28 18:00:00+00:00,1,24,2,2026-01-27 06:00:00+00:00,0.2283333333333333,0.17932344476381937,0.3736853865525423
2026-01-27 18:00:00+00:00,2026-01-28 19:00:00+00:00,1,25,2,2026-01-27 07:00:00+00:00,0.27166666666666667,0.13463552792867026,0.3736853865525423
2026-01-27 18:00:00+00:00,2026-01-28 20:00:00+00:00,1,26,2,2026-01-27 08:00:00+00:00,0.13999999999999999,0.18656200170516968,0.3736853865525423
2026-01-27 18:00:00+00:00,2026-01-28 21:00:00+00:00,1,27,2,2026-01-27 09:00:00+00:00,0.19999999999999998,0.22709483404954275,0.3736853865525423
2026-01-27 18:00:00+00:00,2026-01-28 22:00:00+00:00,1,28,2,2026-01-27 10:00:00+00:00,0.23666666666666666,0.24315415819485983,0.3736853865525423
2026-01-27 18:00:00+00:00,2026-01-28 23:00:00+00:00,1,29,2,2026-01-27 11:00:00+00:00,0.17,0.27225983142852783,0.3736853865525423
2026-01-27 18:00:00+00:00,2026-01-29 00:00:00+00:00,1,30,2,2026-01-27 12:00:00+00:00,0.043333333333333335,0.27521584431330365,0.3736853865525423
2026-01-27 18:00:00+00:00,2026-01-29 01:00:00+00:00,1,31,2,2026-01-27 13:00:00+00:00,0.015,0.22743208209673563,0.3736853865525423
2026-01-27 18:00:00+00:00,2026-01-29 02:00:00+00:00,1,32,2,2026-01-27 14:00:00+00:00,0.011666666666666667,0.19093404213587442,0.3736853865525423
2026-01-27 18:00:00+00:00,2026-01-29 03:00:00+00:00,1,33,2,2026-01-27 15:00:00+00:00,0.01,0.2081147183974584,0.3736853865525423
2026-01-27 18:00:00+00:00,2026-01-29 04:00:00+00:00,1,34,2,2026-01-27 16:00:00+00:00,0.024999999999999998,0.3059723476568858,0.3736853865525423
2026-01-27 18:00:00+00:00,2026-01-29 05:00:00+00:00,1,35,2,2026-01-27 17:00:00+00:00,0.03833333333333334,0.3735408882300059,0.3736853865525423
2026-01-27 18:00:00+00:00,2026-01-29 06:00:00+00:00,1,36,2,2026-01-27 18:00:00+00:00,0.016666666666666666,0.841386596361796,0.3736853865525423
2026-01-27 18:00:00+00:00,2026-01-29 07:00:00+00:00,1,37,3,2026-01-26 19:00:00+00:00,0.2133333333333333,0.3669268687566121,0.3736853865525423
2026-01-27 18:00:00+00:00,2026-01-29 08:00:00+00:00,1,38,3,2026-01-26 20:00:00+00:00,0.655,0.48338110248247784,0.3736853865525423
2026-01-27 18:00:00+00:00,2026-01-29 09:00:00+00:00,1,39,3,2026-01-26 21:00:00+00:00,0.8666666666666667,0.5520463387171427,0.3736853865525423
2026-01-27 18:00:00+00:00,2026-01-29 10:00:00+00:00,1,40,3,2026-01-26 22:00:00+00:00,0.8333333333333334,0.5596252679824829,0.3736853865525423
2026-01-27 18:00:00+00:00,2026-01-29 11:00:00+00:00,1,41,3,2026-01-26 23:00:00+00:00,0.9366666666666666,0.5180720090866089,0.3736853865525423
2026-01-27 18:00:00+00:00,2026-01-29 12:00:00+00:00,1,42,3,2026-01-27 00:00:00+00:00,0.9583333333333334,0.8824740449587504,0.3736853865525423
2026-01-27 18:00:00+00:00,2026-01-29 13:00:00+00:00,1,43,3,2026-01-27 01:00:00+00:00,0.8883333333333333,0.9062498609224955,0.3736853865525423
2026-01-27 18:00:00+00:00,2026-01-29 14:00:00+00:00,1,44,3,2026-01-27 02:00:00+00:00,0.9116666666666666,0.896059254805247,0.3736853865525423
2026-01-27 18:00:00+00:00,2026-01-29 15:00:00+00:00,1,45,3,2026-01-27 03:00:00+00:00,0.9816666666666666,0.9249780178070068,0.3736853865525423
2026-01-27 18:00:00+00:00,2026-01-29 16:00:00+00:00,1,46,3,2026-01-27 04:00:00+00:00,0.9899999999999999,0.9469606677691141,0.3736853865525423
2026-01-27 18:00:00+00:00,2026-01-29 17:00:00+00:00,1,47,3,2026-01-27 05:00:00+00:00,0.9899999999999999,0.9588490128517151,0.3736853865525423
2026-01-27 18:00:00+00:00,2026-01-29 18:00:00+00:00,1,48,3,2026-01-27 06:00:00+00:00,0.9899999999999999,0.82457035779953,0.3736853865525423
2026-01-27 18:00:00+00:00,2026-01-27 19:00:00+00:00,2,1,1,2026-01-27 07:00:00+00:00,0.01,0.02654343315710624,0.36829703959695215
2026-01-27 18:00:00+00:00,2026-01-27 20:00:00+00:00,2,2,1,2026-01-27 08:00:00+00:00,0.01,0.025738929398357868,0.36829703959695215
2026-01-27 18:00:00+00:00,2026-01-27 21:00:00+00:00,2,3,1,2026-01-27 09:00:00+00:00,0.01,0.025798786121110123,0.36829703959695215
2026-01-27 18:00:00+00:00,2026-01-27 22:00:00+00:00,2,4,1,2026-01-27 10:00:00+00:00,0.01,0.027392093402643997,0.36829703959695215
2026-01-27 18:00:00+00:00,2026-01-27 23:00:00+00:00,2,5,1,2026-01-27 11:00:00+00:00,0.01,0.03930868518849214,0.36829703959695215
2026-01-27 18:00:00+00:00,2026-01-28 00:00:00+00:00,2,6,1,2026-01-27 12:00:00+00:00,0.01,0.24024363358815512,0.36829703959695215
2026-01-27 18:00:00+00:00,2026-01-28 01:00:00+00:00,2,7,1,2026-01-27 13:00:00+00:00,0.008333333333333333,0.33741097152233124,0.36829703959695215
2026-01-27 18:00:00+00:00,2026-01-28 02:00:00+00:00,2,8,1,2026-01-27 14:00:00+00:00,0.03,0.4047851363817851,0.36829703959695215
2026-01-27 18:00:00+00:00,2026-01-28 03:00:00+00:00,2,9,1,2026-01-27 15:00:00+00:00,0.03166666666666667,0.43886229395866394,0.36829703959695215
2026-01-27 18:00:00+00:00,2026-01-28 04:00:00+00:00,2,10,1,2026-01-27 16:00:00+00:00,0.01,0.37705909212430316,0.36829703959695215
2026-01-27 18:00:00+00:00,2026-01-28 05:00:00+00:00,2,11,1,2026-01-27 17:00:00+00:00,0.01,0.30041372776031494,0.36829703959695215
2026-01-27 18:00:00+00:00,2026-01-28 06:00:00+00:00,2,12,1,2026-01-27 18:00:00+00:00,0.01,0.06041647866368294,0.36829703959695215
2026-01-27 18:00:00+00:00,2026-01-28 07:00:00+00:00,2,13,2,2026-01-26 19:00:00+00:00,0.01,0.016269801184535027,0.36829703959695215
2026-01-27 18:00:00+00:00,2026-01-28 08:00:00+00:00,2,14,2,2026-01-26 20:00:00+00:00,0.01,0.03183417891462644,0.36829703959695215
2026-01-27 18:00:00+00:00,2026-01-28 09:00:00+00:00,2,15,2,2026-01-26 21:00:00+00:00,0.01,0.06138622760772705,0.36829703959695215
2026-01-27 18:00:00+00:00,2026-01-28 10:00:00+00:00,2,16,2,2026-01-26 22:00:00+00:00,0.051666666666666666,0.13675050685803095,0.36829703959695215
2026-01-27 18:00:00+00:00,2026-01-28 11:00:00+00:00,2,17,2,2026-01-26 23:00:00+00:00,0.125,0.24654790262381235,0.36829703959695215
2026-01-27 18:00:00+00:00,2026-01-28 12:00:00+00:00,2,18,2,2026-01-27 00:00:00+00:00,0.20833333333333334,0.08571220189332962,0.36829703959695215
2026-01-27 18:00:00+00:00,2026-01-28 13:00:00+00:00,2,19,2,2026-01-27 01:00:00+00:00,0.14833333333333334,0.043166655426224075,0.36829703959695215
2026-01-27 18:00:00+00:00,2026-01-28 14:00:00+00:00,2,20,2,2026-01-27 02:00:00+00:00,0.47833333333333333,0.14507083470622698,0.36829703959695215
2026-01-27 18:00:00+00:00,2026-01-28 15:00:00+00:00,2,21,2,2026-01-27 03:00:00+00:00,0.7033333333333333,0.20798692107200623,0.36829703959695215
2026-01-27 18:00:00+00:00,2026-01-28 16:00:00+00:00,2,22,2,2026-01-27 04:00:00+00:00,0.49333333333333335,0.17882894476254782,0.36829703959695215
2026-01-27 18:00:00+00:00,2026-01-28 17:00:00+00:00,2,23,2,2026-01-27 05:00:00+00:00,0.34,0.27192344268163043,0.36829703959695215
2026-01-27 18:00:00+00:00,2026-01-28 18:00:00+00:00,2,24,2,2026-01-27 06:00:00+00:00,0.20333333333333334,0.15285286804040274,0.36829703959695215
2026-01-27 18:00:00+00:00,2026-01-28 19:00:00+00:00,2,25,2,2026-01-27 07:00:00+00:00,0.26499999999999996,0.11487490683794022,0.36829703959695215
2026-01-27 18:00:00+00:00,2026-01-28 20:00:00+00:00,2,26,2,2026-01-27 08:00:00+00:00,0.14,0.16228337089220682,0.36829703959695215
2026-01-27 18:00:00+00:00,2026-01-28 21:00:00+00:00,2,27,2,2026-01-27 09:00:00+00:00,0.19499999999999998,0.20399428407351175,0.36829703959695215
2026-01-27 18:00:00+00:00,2026-01-28 22:00:00+00:00,2,28,2,2026-01-27 10:00:00+00:00,0.20833333333333334,0.2216299424568812,0.36829703959695215
2026-01-27 18:00:00+00:00,2026-01-28 23:00:00+00:00,2,29,2,2026-01-27 11:00:00+00:00,0.15666666666666665,0.25660476088523865,0.36829703959695215
2026-01-27 18:00:00+00:00,2026-01-29 00:00:00+00:00,2,30,2,2026-01-27 12:00:00+00:00,0.03,0.25359023610750836,0.36829703959695215
2026-01-27 18:00:00+00:00,2026-01-29 01:00:00+00:00,2,31,2,2026-01-27 13:00:00+00:00,0.01,0.21491910020510355,0.36829703959695215
2026-01-27 18:00:00+00:00,2026-01-29 02:00:00+00:00,2,32,2,2026-01-27 14:00:00+00:00,0.011666666666666667,0.18176986277103424,0.36829703959695215
2026-01-27 18:00:00+00:00,2026-01-29 03:00:00+00:00,2,33,2,2026-01-27 15:00:00+00:00,0.01,0.20216150085131326,0.36829703959695215
2026-01-27 18:00:00+00:00,2026-01-29 04:00:00+00:00,2,34,2,2026-01-27 16:00:00+00:00,0.02,0.3102644979953766,0.36829703959695215
2026-01-27 18:00:00+00:00,2026-01-29 05:00:00+00:00,2,35,2,2026-01-27 17:00:00+00:00,0.04,0.3923240303993225,0.36829703959695215
2026-01-27 18:00:00+00:00,2026-01-29 06:00:00+00:00,2,36,2,2026-01-27 18:00:00+00:00,0.011666666666666667,0.8484284083048502,0.36829703959695215
2026-01-27 18:00:00+00:00,2026-01-29 07:00:00+00:00,2,37,3,2026-01-26 19:00:00+00:00,0.20166666666666666,0.36990803480148315,0.36829703959695215
2026-01-27 18:00:00+00:00,2026-01-29 08:00:00+00:00,2,38,3,2026-01-26 20:00:00+00:00,0.725,0.4811847309271495,0.36829703959695215
2026-01-27 18:00:00+00:00,2026-01-29 09:00:00+00:00,2,39,3,2026-01-26 21:00:00+00:00,0.8516666666666667,0.5350274840990702,0.36829703959695215
2026-01-27 18:00:00+00:00,2026-01-29 10:00:00+00:00,2,40,3,2026-01-26 22:00:00+00:00,0.8766666666666666,0.5332604845364889,0.36829703959695215
2026-01-27 18:00:00+00:00,2026-01-29 11:00:00+00:00,2,41,3,2026-01-26 23:00:00+00:00,0.9616666666666666,0.493236502011617,0.36829703959695215
2026-01-27 18:00:00+00:00,2026-01-29 12:00:00+00:00,2,42,3,2026-01-27 00:00:00+00:00,0.9700000000000001,0.8777801593144735,0.36829703959695215
2026-01-27 18:00:00+00:00,2026-01-29 13:00:00+00:00,2,43,3,2026-01-27 01:00:00+00:00,0.9183333333333333,0.898650606473287,0.36829703959695215
2026-01-27 18:00:00+00:00,2026-01-29 14:00:00+00:00,2,44,3,2026-01-27 02:00:00+00:00,0.9333333333333332,0.8870125015576681,0.36829703959695215
2026-01-27 18:00:00+00:00,2026-01-29 15:00:00+00:00,2,45,3,2026-01-27 03:00:00+00:00,0.9833333333333334,0.9185514251391093,0.36829703959695215
2026-01-27 18:00:00+00:00,2026-01-29 16:00:00+00:00,2,46,3,2026-01-27 04:00:00+00:00,0.9899999999999999,0.9413658777872721,0.36829703959695215
2026-01-27 18:00:00+00:00,2026-01-29 17:00:00+00:00,2,47,3,2026-01-27 05:00:00+00:00,0.9899999999999999,0.9551408092180887,0.36829703959695215
2026-01-27 18:00:00+00:00,2026-01-29 18:00:00+00:00,2,48,3,2026-01-27 06:00:00+00:00,0.9899999999999999,0.8134076595306396,0.36829703959695215
2026-01-28 18:00:00+00:00,2026-01-28 19:00:00+00:00,1,1,1,2026-01-28 07:00:00+00:00,0.27166666666666667,0.25321929653485614,0.3736853865525423
2026-01-28 18:00:00+00:00,2026-01-28 20:00:00+00:00,1,2,1,2026-01-28 08:00:00+00:00,0.13999999999999999,0.2583681444327037,0.3736853865525423
2026-01-28 18:00:00+00:00,2026-01-28 21:00:00+00:00,1,3,1,2026-01-28 09:00:00+00:00,0.19999999999999998,0.20300950606664023,0.3736853865525423
2026-01-28 18:00:00+00:00,2026-01-28 22:00:00+00:00,1,4,1,2026-01-28 10:00:00+00:00,0.23666666666666666,0.16421837856372198,0.3736853865525423
2026-01-28 18:00:00+00:00,2026-01-28 23:00:00+00:00,1,5,1,2026-01-28 11:00:00+00:00,0.17,0.18219599376122156,0.3736853865525423
2026-01-28 18:00:00+00:00,2026-01-29 00:00:00+00:00,1,6,1,2026-01-28 12:00:00+00:00,0.043333333333333335,0.13990123818318048,0.3736853865525423
2026-01-28 18:00:00+00:00,2026-01-29 01:00:00+00:00,1,7,1,2026-01-28 13:00:00+00:00,0.015,0.12985733896493912,0.3736853865525423
2026-01-28 18:00:00+00:00,2026-01-29 02:00:00+00:00,1,8,1,2026-01-28 14:00:00+00:00,0.011666666666666667,0.1411579648653666,0.3736853865525423
2026-01-28 18:00:00+00:00,2026-01-29 03:00:00+00:00,1,9,1,2026-01-28 15:00:00+00:00,0.01,0.16456534216801325,0.3736853865525423
2026-01-28 18:00:00+00:00,2026-01-29 04:00:00+00:00,1,10,1,2026-01-28 16:00:00+00:00,0.024999999999999998,0.3123357594013214,0.3736853865525423
2026-01-28 18:00:00+00:00,2026-01-29 05:00:00+00:00,1,11,1,2026-01-28 17:00:00+00:00,0.03833333333333334,0.5987227956453959,0.3736853865525423
2026-01-28 18:00:00+00:00,2026-01-29 06:00:00+00:00,1,12,1,2026-01-28 18:00:00+00:00,0.016666666666666666,0.44219865401585895,0.3736853865525423
2026-01-28 18:00:00+00:00,2026-01-29 07:00:00+00:00,1,13,2,2026-01-27 19:00:00+00:00,0.2133333333333333,0.9032996495564779,0.3736853865525423
2026-01-28 18:00:00+00:00,2026-01-29 08:00:00+00:00,1,14,2,2026-01-27 20:00:00+00:00,0.655,0.9342915217081705,0.3736853865525423
2026-01-28 18:00:00+00:00,2026-01-29 09:00:00+00:00,1,15,2,2026-01-27 21:00:00+00:00,0.8666666666666667,0.9386520783106486,0.3736853865525423
2026-01-28 18:00:00+00:00,2026-01-29 10:00:00+00:00,1,16,2,2026-01-27 22:00:00+00:00,0.8333333333333334,0.9315554102261862,0.3736853865525423
2026-01-28 18:00:00+00:00,2026-01-29 11:00:00+00:00,1,17,2,2026-01-27 23:00:00+00:00,0.9366666666666666,0.8710221648216248,0.3736853865525423
2026-01-28 18:00:00+00:00,2026-01-29 12:00:00+00:00,1,18,2,2026-01-28 00:00:00+00:00,0.9583333333333334,0.8084513346354166,0.3736853865525423
2026-01-28 18:00:00+00:00,2026-01-29 13:00:00+00:00,1,19,2,2026-01-28 01:00:00+00:00,0.8883333333333333,0.8062360088030497,0.3736853865525423
2026-01-28 18:00:00+00:00,2026-01-29 14:00:00+00:00,1,20,2,2026-01-28 02:00:00+00:00,0.9116666666666666,0.795416533946991,0.3736853865525423
2026-01-28 18:00:00+00:00,2026-01-29 15:00:00+00:00,1,21,2,2026-01-28 03:00:00+00:00,0.9816666666666666,0.7729582587877909,0.3736853865525423
2026-01-28 18:00:00+00:00,2026-01-29 16:00:00+00:00,1,22,2,2026-01-28 04:00:00+00:00,0.9899999999999999,0.8289961616198221,0.3736853865525423
2026-01-28 18:00:00+00:00,2026-01-29 17:00:00+00:00,1,23,2,2026-01-28 05:00:00+00:00,0.9899999999999999,0.8075668215751648,0.3736853865525423
2026-01-28 18:00:00+00:00,2026-01-29 18:00:00+00:00,1,24,2,2026-01-28 06:00:00+00:00,0.9899999999999999,0.9102796514829,0.3736853865525423
2026-01-28 18:00:00+00:00,2026-01-29 19:00:00+00:00,1,25,2,2026-01-28 07:00:00+00:00,0.8466666666666667,0.9196337461471558,0.3736853865525423
2026-01-28 18:00:00+00:00,2026-01-29 20:00:00+00:00,1,26,2,2026-01-28 08:00:00+00:00,0.6749999999999999,0.9281197587649027,0.3736853865525423
2026-01-28 18:00:00+00:00,2026-01-29 21:00:00+00:00,1,27,2,2026-01-28 09:00:00+00:00,0.6966666666666667,0.9429315129915873,0.3736853865525423
2026-01-28 18:00:00+00:00,2026-01-29 22:00:00+00:00,1,28,2,2026-01-28 10:00:00+00:00,0.4666666666666666,0.9359127084414164,0.3736853865525423
2026-01-28 18:00:00+00:00,2026-01-29 23:00:00+00:00,1,29,2,2026-01-28 11:00:00+00:00,0.40166666666666667,0.9465148647626241,0.3736853865525423
2026-01-28 18:00:00+00:00,2026-01-30 00:00:00+00:00,1,30,2,2026-01-28 12:00:00+00:00,0.7016666666666667,0.8401187062263489,0.3736853865525423
2026-01-28 18:00:00+00:00,2026-01-30 01:00:00+00:00,1,31,2,2026-01-28 13:00:00+00:00,0.7133333333333334,0.8585325280825297,0.3736853865525423
2026-01-28 18:00:00+00:00,2026-01-30 02:00:00+00:00,1,32,2,2026-01-28 14:00:00+00:00,0.5516666666666666,0.8689921498298645,0.3736853865525423
2026-01-28 18:00:00+00:00,2026-01-30 03:00:00+00:00,1,33,2,2026-01-28 15:00:00+00:00,0.5716666666666667,0.8745748202006022,0.3736853865525423
2026-01-28 18:00:00+00:00,2026-01-30 04:00:00+00:00,1,34,2,2026-01-28 16:00:00+00:00,0.7983333333333333,0.9280092120170593,0.3736853865525423
2026-01-28 18:00:00+00:00,2026-01-30 05:00:00+00:00,1,35,2,2026-01-28 17:00:00+00:00,0.9416666666666668,0.9705819884936014,0.3736853865525423
2026-01-28 18:00:00+00:00,2026-01-30 06:00:00+00:00,1,36,2,2026-01-28 18:00:00+00:00,0.96,0.9860102534294128,0.3736853865525423
2026-01-28 18:00:00+00:00,2026-01-30 07:00:00+00:00,1,37,3,2026-01-27 19:00:00+00:00,0.975,0.9831278324127197,0.3736853865525423
2026-01-28 18:00:00+00:00,2026-01-30 08:00:00+00:00,1,38,3,2026-01-27 20:00:00+00:00,0.9833333333333334,0.9843380649884542,0.3736853865525423
2026-01-28 18:00:00+00:00,2026-01-30 09:00:00+00:00,1,39,3,2026-01-27 21:00:00+00:00,0.945,0.982089082400004,0.3736853865525423
2026-01-28 18:00:00+00:00,2026-01-30 10:00:00+00:00,1,40,3,2026-01-27 22:00:00+00:00,0.9633333333333334,0.9768369396527609,0.3736853865525423
2026-01-28 18:00:00+00:00,2026-01-30 11:00:00+00:00,1,41,3,2026-01-27 23:00:00+00:00,0.93,0.9630988836288452,0.3736853865525423
2026-01-28 18:00:00+00:00,2026-01-30 12:00:00+00:00,1,42,3,2026-01-28 00:00:00+00:00,0.9616666666666666,0.980993390083313,0.3736853865525423
2026-01-28 18:00:00+00:00,2026-01-30 13:00:00+00:00,1,43,3,2026-01-28 01:00:00+00:00,0.7466666666666667,0.9738767544428507,0.3736853865525423
2026-01-28 18:00:00+00:00,2026-01-30 14:00:00+00:00,1,44,3,2026-01-28 02:00:00+00:00,0.75,0.9669093688329061,0.3736853865525423
2026-01-28 18:00:00+00:00,2026-01-30 15:00:00+00:00,1,45,3,2026-01-28 03:00:00+00:00,0.5399999999999999,0.9327616890271505,0.3736853865525423
2026-01-28 18:00:00+00:00,2026-01-30 16:00:00+00:00,1,46,3,2026-01-28 04:00:00+00:00,0.46166666666666667,0.8930666844050089,0.3736853865525423
2026-01-28 18:00:00+00:00,2026-01-30 17:00:00+00:00,1,47,3,2026-01-28 05:00:00+00:00,0.29,0.8390772342681885,0.3736853865525423
2026-01-28 18:00:00+00:00,2026-01-30 18:00:00+00:00,1,48,3,2026-01-28 06:00:00+00:00,0.155,0.7134220202763876,0.3736853865525423
2026-01-28 18:00:00+00:00,2026-01-28 19:00:00+00:00,2,1,1,2026-01-28 07:00:00+00:00,0.26499999999999996,0.22514021396636963,0.36829703959695215
2026-01-28 18:00:00+00:00,2026-01-28 20:00:00+00:00,2,2,1,2026-01-28 08:00:00+00:00,0.14,0.2328469455242157,0.36829703959695215
2026-01-28 18:00:00+00:00,2026-01-28 21:00:00+00:00,2,3,1,2026-01-28 09:00:00+00:00,0.19499999999999998,0.18784747272729874,0.36829703959695215
2026-01-28 18:00:00+00:00,2026-01-28 22:00:00+00:00,2,4,1,2026-01-28 10:00:00+00:00,0.20833333333333334,0.15264098842938742,0.36829703959695215
2026-01-28 18:00:00+00:00,2026-01-28 23:00:00+00:00,2,5,1,2026-01-28 11:00:00+00:00,0.15666666666666665,0.1669558882713318,0.36829703959695215
2026-01-28 18:00:00+00:00,2026-01-29 00:00:00+00:00,2,6,1,2026-01-28 12:00:00+00:00,0.03,0.1256305898229281,0.36829703959695215
2026-01-28 18:00:00+00:00,2026-01-29 01:00:00+00:00,2,7,1,2026-01-28 13:00:00+00:00,0.01,0.11828150103489558,0.36829703959695215
2026-01-28 18:00:00+00:00,2026-01-29 02:00:00+00:00,2,8,1,2026-01-28 14:00:00+00:00,0.011666666666666667,0.13524109621842703,0.36829703959695215
2026-01-28 18:00:00+00:00,2026-01-29 03:00:00+00:00,2,9,1,2026-01-28 15:00:00+00:00,0.01,0.16141283015410104,0.36829703959695215
2026-01-28 18:00:00+00:00,2026-01-29 04:00:00+00:00,2,10,1,2026-01-28 16:00:00+00:00,0.02,0.3177088995774587,0.36829703959695215
2026-01-28 18:00:00+00:00,2026-01-29 05:00:00+00:00,2,11,1,2026-01-28 17:00:00+00:00,0.04,0.6050277153650919,0.36829703959695215
2026-01-28 18:00:00+00:00,2026-01-29 06:00:00+00:00,2,12,1,2026-01-28 18:00:00+00:00,0.011666666666666667,0.45952757199605304,0.36829703959695215
2026-01-28 18:00:00+00:00,2026-01-29 07:00:00+00:00,2,13,2,2026-01-27 19:00:00+00:00,0.20166666666666666,0.9006786743799845,0.36829703959695215
2026-01-28 18:00:00+00:00,2026-01-29 08:00:00+00:00,2,14,2,2026-01-27 20:00:00+00:00,0.725,0.9296195904413859,0.36829703959695215
2026-01-28 18:00:00+00:00,2026-01-29 09:00:00+00:00,2,15,2,2026-01-27 21:00:00+00:00,0.8516666666666667,0.9330444931983948,0.36829703959695215
2026-01-28 18:00:00+00:00,2026-01-29 10:00:00+00:00,2,16,2,2026-01-27 22:00:00+00:00,0.8766666666666666,0.9254317680994669,0.36829703959695215
2026-01-28 18:00:00+00:00,2026-01-29 11:00:00+00:00,2,17,2,2026-01-27 23:00:00+00:00,0.9616666666666666,0.860052486260732,0.36829703959695215
2026-01-28 18:00:00+00:00,2026-01-29 12:00:00+00:00,2,18,2,2026-01-28 00:00:00+00:00,0.9700000000000001,0.7987386385599772,0.36829703959695215
2026-01-28 18:00:00+00:00,2026-01-29 13:00:00+00:00,2,19,2,2026-01-28 01:00:00+00:00,0.9183333333333333,0.7916505535443624,0.36829703959695215
2026-01-28 18:00:00+00:00,2026-01-29 14:00:00+00:00,2,20,2,2026-01-28 02:00:00+00:00,0.9333333333333332,0.7792331377665201,0.36829703959695215
2026-01-28 18:00:00+00:00,2026-01-29 15:00:00+00:00,2,21,2,2026-01-28 03:00:00+00:00,0.9833333333333334,0.7574334343274435,0.36829703959695215
2026-01-28 18:00:00+00:00,2026-01-29 16:00:00+00:00,2,22,2,2026-01-28 04:00:00+00:00,0.9899999999999999,0.815612812836965,0.36829703959695215
2026-01-28 18:00:00+00:00,2026-01-29 17:00:00+00:00,2,23,2,2026-01-28 05:00:00+00:00,0.9899999999999999,0.8000373641649882,0.36829703959695215
2026-01-28 18:00:00+00:00,2026-01-29 18:00:00+00:00,2,24,2,2026-01-28 06:00:00+00:00,0.9899999999999999,0.8998154004414877,0.36829703959695215
2026-01-28 18:00:00+00:00,2026-01-29 19:00:00+00:00,2,25,2,2026-01-28 07:00:00+00:00,0.8383333333333334,0.9098574717839559,0.36829703959695215
2026-01-28 18:00:00+00:00,2026-01-29 20:00:00+00:00,2,26,2,2026-01-28 08:00:00+00:00,0.6833333333333332,0.920984705289205,0.36829703959695215
2026-01-28 18:00:00+00:00,2026-01-29 21:00:00+00:00,2,27,2,2026-01-28 09:00:00+00:00,0.665,0.9387511412302653,0.36829703959695215
2026-01-28 18:00:00+00:00,2026-01-29 22:00:00+00:00,2,28,2,2026-01-28 10:00:00+00:00,0.5016666666666666,0.9313381910324097,0.36829703959695215
2026-01-28 18:00:00+00:00,2026-01-29 23:00:00+00:00,2,29,2,2026-01-28 11:00:00+00:00,0.4166666666666667,0.9434175690015157,0.36829703959695215
2026-01-28 18:00:00+00:00,2026-01-30 00:00:00+00:00,2,30,2,2026-01-28 12:00:00+00:00,0.7599999999999999,0.8363775014877319,0.36829703959695215
2026-01-28 18:00:00+00:00,2026-01-30 01:00:00+00:00,2,31,2,2026-01-28 13:00:00+00:00,0.685,0.8572434981664022,0.36829703959695215
2026-01-28 18:00:00+00:00,2026-01-30 02:00:00+00:00,2,32,2,2026-01-28 14:00:00+00:00,0.49500000000000005,0.8686466217041016,0.36829703959695215
2026-01-28 18:00:00+00:00,2026-01-30 03:00:00+00:00,2,33,2,2026-01-28 15:00:00+00:00,0.5233333333333333,0.8740519881248474,0.36829703959695215
2026-01-28 18:00:00+00:00,2026-01-30 04:00:00+00:00,2,34,2,2026-01-28 16:00:00+00:00,0.7983333333333333,0.9313012957572937,0.36829703959695215
2026-01-28 18:00:00+00:00,2026-01-30 05:00:00+00:00,2,35,2,2026-01-28 17:00:00+00:00,0.9466666666666667,0.9709754784901937,0.36829703959695215
2026-01-28 18:00:00+00:00,2026-01-30 06:00:00+00:00,2,36,2,2026-01-28 18:00:00+00:00,0.9716666666666667,0.9866097172101339,0.36829703959695215
2026-01-28 18:00:00+00:00,2026-01-30 07:00:00+00:00,2,37,3,2026-01-27 19:00:00+00:00,0.9766666666666666,0.9835752248764038,0.36829703959695215
2026-01-28 18:00:00+00:00,2026-01-30 08:00:00+00:00,2,38,3,2026-01-27 20:00:00+00:00,0.985,0.9846940040588379,0.36829703959695215
2026-01-28 18:00:00+00:00,2026-01-30 09:00:00+00:00,2,39,3,2026-01-27 21:00:00+00:00,0.9733333333333333,0.9823517799377441,0.36829703959695215
2026-01-28 18:00:00+00:00,2026-01-30 10:00:00+00:00,2,40,3,2026-01-27 22:00:00+00:00,0.9666666666666667,0.9778344631195068,0.36829703959695215
2026-01-28 18:00:00+00:00,2026-01-30 11:00:00+00:00,2,41,3,2026-01-27 23:00:00+00:00,0.9683333333333333,0.9640586376190186,0.36829703959695215
2026-01-28 18:00:00+00:00,2026-01-30 12:00:00+00:00,2,42,3,2026-01-28 00:00:00+00:00,0.985,0.9808589021364847,0.36829703959695215
2026-01-28 18:00:00+00:00,2026-01-30 13:00:00+00:00,2,43,3,2026-01-28 01:00:00+00:00,0.7883333333333334,0.973044772942861,0.36829703959695215
2026-01-28 18:00:00+00:00,2026-01-30 14:00:00+00:00,2,44,3,2026-01-28 02:00:00+00:00,0.82,0.9648535450299581,0.36829703959695215
2026-01-28 18:00:00+00:00,2026-01-30 15:00:00+00:00,2,45,3,2026-01-28 03:00:00+00:00,0.6033333333333334,0.9302467306454977,0.36829703959695215
2026-01-28 18:00:00+00:00,2026-01-30 16:00:00+00:00,2,46,3,2026-01-28 04:00:00+00:00,0.5783333333333333,0.88495006163915,0.36829703959695215
2026-01-28 18:00:00+00:00,2026-01-30 17:00:00+00:00,2,47,3,2026-01-28 05:00:00+00:00,0.26333333333333336,0.8267893592516581,0.36829703959695215
2026-01-28 18:00:00+00:00,2026-01-30 18:00:00+00:00,2,48,3,2026-01-28 06:00:00+00:00,0.145,0.6898916165033976,0.36829703959695215
2026-01-29 18:00:00+00:00,2026-01-29 19:00:00+00:00,1,1,1,2026-01-29 07:00:00+00:00,0.8466666666666667,0.8574944734573364,0.3736853865525423
2026-01-29 18:00:00+00:00,2026-01-29 20:00:00+00:00,1,2,1,2026-01-29 08:00:00+00:00,0.6749999999999999,0.9105643828709921,0.3736853865525423
2026-01-29 18:00:00+00:00,2026-01-29 21:00:00+00:00,1,3,1,2026-01-29 09:00:00+00:00,0.6966666666666667,0.913470447063446,0.3736853865525423
2026-01-29 18:00:00+00:00,2026-01-29 22:00:00+00:00,1,4,1,2026-01-29 10:00:00+00:00,0.4666666666666666,0.9121648669242859,0.3736853865525423
2026-01-29 18:00:00+00:00,2026-01-29 23:00:00+00:00,1,5,1,2026-01-29 11:00:00+00:00,0.40166666666666667,0.8986842234929403,0.3736853865525423
2026-01-29 18:00:00+00:00,2026-01-30 00:00:00+00:00,1,6,1,2026-01-29 12:00:00+00:00,0.7016666666666667,0.9030297795931498,0.3736853865525423
2026-01-29 18:00:00+00:00,2026-01-30 01:00:00+00:00,1,7,1,2026-01-29 13:00:00+00:00,0.7133333333333334,0.9121691783269247,0.3736853865525423
2026-01-29 18:00:00+00:00,2026-01-30 02:00:00+00:00,1,8,1,2026-01-29 14:00:00+00:00,0.5516666666666666,0.9085081219673157,0.3736853865525423
2026-01-29 18:00:00+00:00,2026-01-30 03:00:00+00:00,1,9,1,2026-01-29 15:00:00+00:00,0.5716666666666667,0.9075034260749817,0.3736853865525423
2026-01-29 18:00:00+00:00,2026-01-30 04:00:00+00:00,1,10,1,2026-01-29 16:00:00+00:00,0.7983333333333333,0.9379811485608419,0.3736853865525423
2026-01-29 18:00:00+00:00,2026-01-30 05:00:00+00:00,1,11,1,2026-01-29 17:00:00+00:00,0.9416666666666668,0.9690205852190653,0.3736853865525423
2026-01-29 18:00:00+00:00,2026-01-30 06:00:00+00:00,1,12,1,2026-01-29 18:00:00+00:00,0.96,0.9496215184529623,0.3736853865525423
2026-01-29 18:00:00+00:00,2026-01-30 07:00:00+00:00,1,13,2,2026-01-28 19:00:00+00:00,0.975,0.991115152835846,0.3736853865525423
2026-01-29 18:00:00+00:00,2026-01-30 08:00:00+00:00,1,14,2,2026-01-28 20:00:00+00:00,0.9833333333333334,0.9936107993125916,0.3736853865525423
2026-01-29 18:00:00+00:00,2026-01-30 09:00:00+00:00,1,15,2,2026-01-28 21:00:00+00:00,0.945,0.9929810166358948,0.3736853865525423
2026-01-29 18:00:00+00:00,2026-01-30 10:00:00+00:00,1,16,2,2026-01-28 22:00:00+00:00,0.9633333333333334,0.9891416827837626,0.3736853865525423
2026-01-29 18:00:00+00:00,2026-01-30 11:00:00+00:00,1,17,2,2026-01-28 23:00:00+00:00,0.93,0.9805611769358317,0.3736853865525423
2026-01-29 18:00:00+00:00,2026-01-30 12:00:00+00:00,1,18,2,2026-01-29 00:00:00+00:00,0.9616666666666666,0.7597974538803101,0.3736853865525423
2026-01-29 18:00:00+00:00,2026-01-30 13:00:00+00:00,1,19,2,2026-01-29 01:00:00+00:00,0.7466666666666667,0.6037172575791677,0.3736853865525423
2026-01-29 18:00:00+00:00,2026-01-30 14:00:00+00:00,1,20,2,2026-01-29 02:00:00+00:00,0.75,0.28749650220076245,0.3736853865525423
2026-01-29 18:00:00+00:00,2026-01-30 15:00:00+00:00,1,21,2,2026-01-29 03:00:00+00:00,0.5399999999999999,0.08094259724020958,0.3736853865525423
2026-01-29 18:00:00+00:00,2026-01-30 16:00:00+00:00,1,22,2,2026-01-29 04:00:00+00:00,0.46166666666666667,0.05415483315785726,0.3736853865525423
2026-01-29 18:00:00+00:00,2026-01-30 17:00:00+00:00,1,23,2,2026-01-29 05:00:00+00:00,0.29,0.05676104873418808,0.3736853865525423
2026-01-29 18:00:00+00:00,2026-01-30 18:00:00+00:00,1,24,2,2026-01-29 06:00:00+00:00,0.155,0.06693024436632793,0.3736853865525423
2026-01-29 18:00:00+00:00,2026-01-30 19:00:00+00:00,1,25,2,2026-01-29 07:00:00+00:00,0.13833333333333334,0.05619374103844166,0.3736853865525423
2026-01-29 18:00:00+00:00,2026-01-30 20:00:00+00:00,1,26,2,2026-01-29 08:00:00+00:00,0.14333333333333334,0.06559276146193345,0.3736853865525423
2026-01-29 18:00:00+00:00,2026-01-30 21:00:00+00:00,1,27,2,2026-01-29 09:00:00+00:00,0.18666666666666668,0.09967723985513051,0.3736853865525423
2026-01-29 18:00:00+00:00,2026-01-30 22:00:00+00:00,1,28,2,2026-01-29 10:00:00+00:00,0.13,0.0994946366796891,0.3736853865525423
2026-01-29 18:00:00+00:00,2026-01-30 23:00:00+00:00,1,29,2,2026-01-29 11:00:00+00:00,0.07833333333333334,0.13321145499746004,0.3736853865525423
2026-01-29 18:00:00+00:00,2026-01-31 00:00:00+00:00,1,30,2,2026-01-29 12:00:00+00:00,0.11166666666666668,0.3741657833258311,0.3736853865525423
2026-01-29 18:00:00+00:00,2026-01-31 01:00:00+00:00,1,31,2,2026-01-29 13:00:00+00:00,0.145,0.4728372097015381,0.3736853865525423
2026-01-29 18:00:00+00:00,2026-01-31 02:00:00+00:00,1,32,2,2026-01-29 14:00:00+00:00,0.48,0.4362812836964925,0.3736853865525423
2026-01-29 18:00:00+00:00,2026-01-31 03:00:00+00:00,1,33,2,2026-01-29 15:00:00+00:00,0.5016666666666666,0.44547198216120404,0.3736853865525423
2026-01-29 18:00:00+00:00,2026-01-31 04:00:00+00:00,1,34,2,2026-01-29 16:00:00+00:00,0.5216666666666666,0.48271270593007404,0.3736853865525423
2026-01-29 18:00:00+00:00,2026-01-31 05:00:00+00:00,1,35,2,2026-01-29 17:00:00+00:00,0.9500000000000001,0.7892554601033529,0.3736853865525423
2026-01-29 18:00:00+00:00,2026-01-31 06:00:00+00:00,1,36,2,2026-01-29 18:00:00+00:00,0.9583333333333334,0.8593245148658752,0.3736853865525423
2026-01-29 18:00:00+00:00,2026-01-31 07:00:00+00:00,1,37,3,2026-01-28 19:00:00+00:00,0.9266666666666666,0.9581729173660278,0.3736853865525423
2026-01-29 18:00:00+00:00,2026-01-31 08:00:00+00:00,1,38,3,2026-01-28 20:00:00+00:00,0.945,0.9519357879956564,0.3736853865525423
2026-01-29 18:00:00+00:00,2026-01-31 09:00:00+00:00,1,39,3,2026-01-28 21:00:00+00:00,0.8783333333333333,0.9493196209271749,0.3736853865525423
2026-01-29 18:00:00+00:00,2026-01-31 10:00:00+00:00,1,40,3,2026-01-28 22:00:00+00:00,0.875,0.9210530916849772,0.3736853865525423
2026-01-29 18:00:00+00:00,2026-01-31 11:00:00+00:00,1,41,3,2026-01-28 23:00:00+00:00,0.8450000000000001,0.8728191057840983,0.3736853865525423
2026-01-29 18:00:00+00:00,2026-01-31 12:00:00+00:00,1,42,3,2026-01-29 00:00:00+00:00,0.7983333333333333,0.5373256603876749,0.3736853865525423
2026-01-29 18:00:00+00:00,2026-01-31 13:00:00+00:00,1,43,3,2026-01-29 01:00:00+00:00,0.81,0.41727036237716675,0.3736853865525423
2026-01-29 18:00:00+00:00,2026-01-31 14:00:00+00:00,1,44,3,2026-01-29 02:00:00+00:00,0.8216666666666667,0.1717363844315211,0.3736853865525423
2026-01-29 18:00:00+00:00,2026-01-31 15:00:00+00:00,1,45,3,2026-01-29 03:00:00+00:00,0.3383333333333334,0.0796532245973746,0.3736853865525423
2026-01-29 18:00:00+00:00,2026-01-31 16:00:00+00:00,1,46,3,2026-01-29 04:00:00+00:00,0.03,0.04875694463650385,0.3736853865525423
2026-01-29 18:00:00+00:00,2026-01-31 17:00:00+00:00,1,47,3,2026-01-29 05:00:00+00:00,0.016666666666666666,0.06243131558100382,0.3736853865525423
2026-01-29 18:00:00+00:00,2026-01-31 18:00:00+00:00,1,48,3,2026-01-29 06:00:00+00:00,0.19999999999999998,0.03337379669149717,0.3736853865525423
2026-01-29 18:00:00+00:00,2026-01-29 19:00:00+00:00,2,1,1,2026-01-29 07:00:00+00:00,0.8383333333333334,0.838308314482371,0.36829703959695215
2026-01-29 18:00:00+00:00,2026-01-29 20:00:00+00:00,2,2,1,2026-01-29 08:00:00+00:00,0.6833333333333332,0.901303231716156,0.36829703959695215
2026-01-29 18:00:00+00:00,2026-01-29 21:00:00+00:00,2,3,1,2026-01-29 09:00:00+00:00,0.665,0.906325121720632,0.36829703959695215
2026-01-29 18:00:00+00:00,2026-01-29 22:00:00+00:00,2,4,1,2026-01-29 10:00:00+00:00,0.5016666666666666,0.9058588345845541,0.36829703959695215
2026-01-29 18:00:00+00:00,2026-01-29 23:00:00+00:00,2,5,1,2026-01-29 11:00:00+00:00,0.4166666666666667,0.8934027353922526,0.36829703959695215
2026-01-29 18:00:00+00:00,2026-01-30 00:00:00+00:00,2,6,1,2026-01-29 12:00:00+00:00,0.7599999999999999,0.8977821270624796,0.36829703959695215
2026-01-29 18:00:00+00:00,2026-01-30 01:00:00+00:00,2,7,1,2026-01-29 13:00:00+00:00,0.685,0.9095547397931417,0.36829703959695215
2026-01-29 18:00:00+00:00,2026-01-30 02:00:00+00:00,2,8,1,2026-01-29 14:00:00+00:00,0.49500000000000005,0.9034945766131083,0.36829703959695215
2026-01-29 18:00:00+00:00,2026-01-30 03:00:00+00:00,2,9,1,2026-01-29 15:00:00+00:00,0.5233333333333333,0.9065384864807129,0.36829703959695215
2026-01-29 18:00:00+00:00,2026-01-30 04:00:00+00:00,2,10,1,2026-01-29 16:00:00+00:00,0.7983333333333333,0.9381070733070374,0.36829703959695215
2026-01-29 18:00:00+00:00,2026-01-30 05:00:00+00:00,2,11,1,2026-01-29 17:00:00+00:00,0.9466666666666667,0.9691628615061442,0.36829703959695215
2026-01-29 18:00:00+00:00,2026-01-30 06:00:00+00:00,2,12,1,2026-01-29 18:00:00+00:00,0.9716666666666667,0.9485488533973694,0.36829703959695215
2026-01-29 18:00:00+00:00,2026-01-30 07:00:00+00:00,2,13,2,2026-01-28 19:00:00+00:00,0.9766666666666666,0.9915856520334879,0.36829703959695215
2026-01-29 18:00:00+00:00,2026-01-30 08:00:00+00:00,2,14,2,2026-01-28 20:00:00+00:00,0.985,0.9937248428662618,0.36829703959695215
2026-01-29 18:00:00+00:00,2026-01-30 09:00:00+00:00,2,15,2,2026-01-28 21:00:00+00:00,0.9733333333333333,0.9929013252258301,0.36829703959695215
2026-01-29 18:00:00+00:00,2026-01-30 10:00:00+00:00,2,16,2,2026-01-28 22:00:00+00:00,0.9666666666666667,0.9888067245483398,0.36829703959695215
2026-01-29 18:00:00+00:00,2026-01-30 11:00:00+00:00,2,17,2,2026-01-28 23:00:00+00:00,0.9683333333333333,0.980469822883606,0.36829703959695215
2026-01-29 18:00:00+00:00,2026-01-30 12:00:00+00:00,2,18,2,2026-01-29 00:00:00+00:00,0.985,0.7344445784886678,0.36829703959695215
2026-01-29 18:00:00+00:00,2026-01-30 13:00:00+00:00,2,19,2,2026-01-29 01:00:00+00:00,0.7883333333333334,0.5655059218406677,0.36829703959695215
2026-01-29 18:00:00+00:00,2026-01-30 14:00:00+00:00,2,20,2,2026-01-29 02:00:00+00:00,0.82,0.27161404490470886,0.36829703959695215
2026-01-29 18:00:00+00:00,2026-01-30 15:00:00+00:00,2,21,2,2026-01-29 03:00:00+00:00,0.6033333333333334,0.08668133988976479,0.36829703959695215
2026-01-29 18:00:00+00:00,2026-01-30 16:00:00+00:00,2,22,2,2026-01-29 04:00:00+00:00,0.5783333333333333,0.056253126511971153,0.36829703959695215
2026-01-29 18:00:00+00:00,2026-01-30 17:00:00+00:00,2,23,2,2026-01-29 05:00:00+00:00,0.26333333333333336,0.054540169735749565,0.36829703959695215
2026-01-29 18:00:00+00:00,2026-01-30 18:00:00+00:00,2,24,2,2026-01-29 06:00:00+00:00,0.145,0.06434815625349681,0.36829703959695215
2026-01-29 18:00:00+00:00,2026-01-30 19:00:00+00:00,2,25,2,2026-01-29 07:00:00+00:00,0.15333333333333335,0.05339999062319597,0.36829703959695215
2026-01-29 18:00:00+00:00,2026-01-30 20:00:00+00:00,2,26,2,2026-01-29 08:00:00+00:00,0.11666666666666665,0.06320927788813908,0.36829703959695215
2026-01-29 18:00:00+00:00,2026-01-30 21:00:00+00:00,2,27,2,2026-01-29 09:00:00+00:00,0.16,0.09508796781301498,0.36829703959695215
2026-01-29 18:00:00+00:00,2026-01-30 22:00:00+00:00,2,28,2,2026-01-29 10:00:00+00:00,0.12166666666666666,0.09377287576595943,0.36829703959695215
2026-01-29 18:00:00+00:00,2026-01-30 23:00:00+00:00,2,29,2,2026-01-29 11:00:00+00:00,0.07166666666666667,0.1280998314420382,0.36829703959695215
2026-01-29 18:00:00+00:00,2026-01-31 00:00:00+00:00,2,30,2,2026-01-29 12:00:00+00:00,0.10666666666666667,0.35370562970638275,0.36829703959695215
2026-01-29 18:00:00+00:00,2026-01-31 01:00:00+00:00,2,31,2,2026-01-29 13:00:00+00:00,0.10333333333333333,0.4659162759780884,0.36829703959695215
2026-01-29 18:00:00+00:00,2026-01-31 02:00:00+00:00,2,32,2,2026-01-29 14:00:00+00:00,0.4716666666666667,0.4399463931719462,0.36829703959695215
2026-01-29 18:00:00+00:00,2026-01-31 03:00:00+00:00,2,33,2,2026-01-29 15:00:00+00:00,0.48,0.4479677180449168,0.36829703959695215
2026-01-29 18:00:00+00:00,2026-01-31 04:00:00+00:00,2,34,2,2026-01-29 16:00:00+00:00,0.6583333333333333,0.4989676276842753,0.36829703959695215
2026-01-29 18:00:00+00:00,2026-01-31 05:00:00+00:00,2,35,2,2026-01-29 17:00:00+00:00,0.9383333333333334,0.7869982322057089,0.36829703959695215
2026-01-29 18:00:00+00:00,2026-01-31 06:00:00+00:00,2,36,2,2026-01-29 18:00:00+00:00,0.9766666666666666,0.8665350079536438,0.36829703959695215
2026-01-29 18:00:00+00:00,2026-01-31 07:00:00+00:00,2,37,3,2026-01-28 19:00:00+00:00,0.9683333333333333,0.9587071339289347,0.36829703959695215
2026-01-29 18:00:00+00:00,2026-01-31 08:00:00+00:00,2,38,3,2026-01-28 20:00:00+00:00,0.9766666666666666,0.9527541001637777,0.36829703959695215
2026-01-29 18:00:00+00:00,2026-01-31 09:00:00+00:00,2,39,3,2026-01-28 21:00:00+00:00,0.8933333333333332,0.9496439297993978,0.36829703959695215
2026-01-29 18:00:00+00:00,2026-01-31 10:00:00+00:00,2,40,3,2026-01-28 22:00:00+00:00,0.9,0.9213187495867411,0.36829703959695215
2026-01-29 18:00:00+00:00,2026-01-31 11:00:00+00:00,2,41,3,2026-01-28 23:00:00+00:00,0.94,0.879207988580068,0.36829703959695215
2026-01-29 18:00:00+00:00,2026-01-31 12:00:00+00:00,2,42,3,2026-01-29 00:00:00+00:00,0.8566666666666666,0.5409305493036906,0.36829703959695215
2026-01-29 18:00:00+00:00,2026-01-31 13:00:00+00:00,2,43,3,2026-01-29 01:00:00+00:00,0.8250000000000001,0.4111550947030385,0.36829703959695215
2026-01-29 18:00:00+00:00,2026-01-31 14:00:00+00:00,2,44,3,2026-01-29 02:00:00+00:00,0.8833333333333333,0.15423466265201569,0.36829703959695215
2026-01-29 18:00:00+00:00,2026-01-31 15:00:00+00:00,2,45,3,2026-01-29 03:00:00+00:00,0.3516666666666666,0.0660710409283638,0.36829703959695215
2026-01-29 18:00:00+00:00,2026-01-31 16:00:00+00:00,2,46,3,2026-01-29 04:00:00+00:00,0.02666666666666667,0.04794898505012194,0.36829703959695215
2026-01-29 18:00:00+00:00,2026-01-31 17:00:00+00:00,2,47,3,2026-01-29 05:00:00+00:00,0.02,0.06011121099193891,0.36829703959695215
2026-01-29 18:00:00+00:00,2026-01-31 18:00:00+00:00,2,48,3,2026-01-29 06:00:00+00:00,0.19999999999999998,0.029995827314754326,0.36829703959695215
2026-01-30 18:00:00+00:00,2026-01-30 19:00:00+00:00,1,1,1,2026-01-30 07:00:00+00:00,0.13833333333333334,0.1727373997370402,0.3736853865525423
2026-01-30 18:00:00+00:00,2026-01-30 20:00:00+00:00,1,2,1,2026-01-30 08:00:00+00:00,0.14333333333333334,0.20205104599396387,0.3736853865525423
2026-01-30 18:00:00+00:00,2026-01-30 21:00:00+00:00,1,3,1,2026-01-30 09:00:00+00:00,0.18666666666666668,0.2687087307373683,0.3736853865525423
2026-01-30 18:00:00+00:00,2026-01-30 22:00:00+00:00,1,4,1,2026-01-30 10:00:00+00:00,0.13,0.40572720766067505,0.3736853865525423
2026-01-30 18:00:00+00:00,2026-01-30 23:00:00+00:00,1,5,1,2026-01-30 11:00:00+00:00,0.07833333333333334,0.6421158711115519,0.3736853865525423
2026-01-30 18:00:00+00:00,2026-01-31 00:00:00+00:00,1,6,1,2026-01-30 12:00:00+00:00,0.11166666666666668,0.8617204626401266,0.3736853865525423
2026-01-30 18:00:00+00:00,2026-01-31 01:00:00+00:00,1,7,1,2026-01-30 13:00:00+00:00,0.145,0.8706327279408773,0.3736853865525423
2026-01-30 18:00:00+00:00,2026-01-31 02:00:00+00:00,1,8,1,2026-01-30 14:00:00+00:00,0.48,0.8757986227671305,0.3736853865525423
2026-01-30 18:00:00+00:00,2026-01-31 03:00:00+00:00,1,9,1,2026-01-30 15:00:00+00:00,0.5016666666666666,0.8788435856501261,0.3736853865525423
2026-01-30 18:00:00+00:00,2026-01-31 04:00:00+00:00,1,10,1,2026-01-30 16:00:00+00:00,0.5216666666666666,0.9190423885981241,0.3736853865525423
2026-01-30 18:00:00+00:00,2026-01-31 05:00:00+00:00,1,11,1,2026-01-30 17:00:00+00:00,0.9500000000000001,0.9620375633239746,0.3736853865525423
2026-01-30 18:00:00+00:00,2026-01-31 06:00:00+00:00,1,12,1,2026-01-30 18:00:00+00:00,0.9583333333333334,0.9596370061238607,0.3736853865525423
2026-01-30 18:00:00+00:00,2026-01-31 07:00:00+00:00,1,13,2,2026-01-29 19:00:00+00:00,0.9266666666666666,0.8554867506027222,0.3736853865525423
2026-01-30 18:00:00+00:00,2026-01-31 08:00:00+00:00,1,14,2,2026-01-29 20:00:00+00:00,0.945,0.9060072700182596,0.3736853865525423
2026-01-30 18:00:00+00:00,2026-01-31 09:00:00+00:00,1,15,2,2026-01-29 21:00:00+00:00,0.8783333333333333,0.9167853792508444,0.3736853865525423
2026-01-30 18:00:00+00:00,2026-01-31 10:00:00+00:00,1,16,2,2026-01-29 22:00:00+00:00,0.875,0.8293149272600809,0.3736853865525423
2026-01-30 18:00:00+00:00,2026-01-31 11:00:00+00:00,1,17,2,2026-01-29 23:00:00+00:00,0.8450000000000001,0.6204090317090353,0.3736853865525423
2026-01-30 18:00:00+00:00,2026-01-31 12:00:00+00:00,1,18,2,2026-01-30 00:00:00+00:00,0.7983333333333333,0.8658078710238138,0.3736853865525423
2026-01-30 18:00:00+00:00,2026-01-31 13:00:00+00:00,1,19,2,2026-01-30 01:00:00+00:00,0.81,0.7971782883008321,0.3736853865525423
2026-01-30 18:00:00+00:00,2026-01-31 14:00:00+00:00,1,20,2,2026-01-30 02:00:00+00:00,0.8216666666666667,0.5722840428352356,0.3736853865525423
2026-01-30 18:00:00+00:00,2026-01-31 15:00:00+00:00,1,21,2,2026-01-30 03:00:00+00:00,0.3383333333333334,0.3489346106847127,0.3736853865525423
2026-01-30 18:00:00+00:00,2026-01-31 16:00:00+00:00,1,22,2,2026-01-30 04:00:00+00:00,0.03,0.11690706014633179,0.3736853865525423
2026-01-30 18:00:00+00:00,2026-01-31 17:00:00+00:00,1,23,2,2026-01-30 05:00:00+00:00,0.016666666666666666,0.06013982246319453,0.3736853865525423
2026-01-30 18:00:00+00:00,2026-01-31 18:00:00+00:00,1,24,2,2026-01-30 06:00:00+00:00,0.19999999999999998,0.035935246075193085,0.3736853865525423
2026-01-30 18:00:00+00:00,2026-01-30 19:00:00+00:00,2,1,1,2026-01-30 07:00:00+00:00,0.15333333333333335,0.1575621192653974,0.36829703959695215
2026-01-30 18:00:00+00:00,2026-01-30 20:00:00+00:00,2,2,1,2026-01-30 08:00:00+00:00,0.11666666666666665,0.18676385035117468,0.36829703959695215
2026-01-30 18:00:00+00:00,2026-01-30 21:00:00+00:00,2,3,1,2026-01-30 09:00:00+00:00,0.16,0.24861043194929758,0.36829703959695215
2026-01-30 18:00:00+00:00,2026-01-30 22:00:00+00:00,2,4,1,2026-01-30 10:00:00+00:00,0.12166666666666666,0.36092618107795715,0.36829703959695215
2026-01-30 18:00:00+00:00,2026-01-30 23:00:00+00:00,2,5,1,2026-01-30 11:00:00+00:00,0.07166666666666667,0.5979925195376078,0.36829703959695215
2026-01-30 18:00:00+00:00,2026-01-31 00:00:00+00:00,2,6,1,2026-01-30 12:00:00+00:00,0.10666666666666667,0.8497972885767618,0.36829703959695215
2026-01-30 18:00:00+00:00,2026-01-31 01:00:00+00:00,2,7,1,2026-01-30 13:00:00+00:00,0.10333333333333333,0.8585954904556274,0.36829703959695215
2026-01-30 18:00:00+00:00,2026-01-31 02:00:00+00:00,2,8,1,2026-01-30 14:00:00+00:00,0.4716666666666667,0.8659354050954183,0.36829703959695215
2026-01-30 18:00:00+00:00,2026-01-31 03:00:00+00:00,2,9,1,2026-01-30 15:00:00+00:00,0.48,0.8721349438031515,0.36829703959695215
2026-01-30 18:00:00+00:00,2026-01-31 04:00:00+00:00,2,10,1,2026-01-30 16:00:00+00:00,0.6583333333333333,0.9151397943496704,0.36829703959695215
2026-01-30 18:00:00+00:00,2026-01-31 05:00:00+00:00,2,11,1,2026-01-30 17:00:00+00:00,0.9383333333333334,0.9626306692759196,0.36829703959695215
2026-01-30 18:00:00+00:00,2026-01-31 06:00:00+00:00,2,12,1,2026-01-30 18:00:00+00:00,0.9766666666666666,0.9604740540186564,0.36829703959695215
2026-01-30 18:00:00+00:00,2026-01-31 07:00:00+00:00,2,13,2,2026-01-29 19:00:00+00:00,0.9683333333333333,0.8602879047393799,0.36829703959695215
2026-01-30 18:00:00+00:00,2026-01-31 08:00:00+00:00,2,14,2,2026-01-29 20:00:00+00:00,0.9766666666666666,0.9052461584409078,0.36829703959695215
2026-01-30 18:00:00+00:00,2026-01-31 09:00:00+00:00,2,15,2,2026-01-29 21:00:00+00:00,0.8933333333333332,0.909048855304718,0.36829703959695215
2026-01-30 18:00:00+00:00,2026-01-31 10:00:00+00:00,2,16,2,2026-01-29 22:00:00+00:00,0.9,0.8179729779561361,0.36829703959695215
2026-01-30 18:00:00+00:00,2026-01-31 11:00:00+00:00,2,17,2,2026-01-29 23:00:00+00:00,0.94,0.6147499481836954,0.36829703959695215
2026-01-30 18:00:00+00:00,2026-01-31 12:00:00+00:00,2,18,2,2026-01-30 00:00:00+00:00,0.8566666666666666,0.8694061239560446,0.36829703959695215
2026-01-30 18:00:00+00:00,2026-01-31 13:00:00+00:00,2,19,2,2026-01-30 01:00:00+00:00,0.8250000000000001,0.7916324138641357,0.36829703959695215
2026-01-30 18:00:00+00:00,2026-01-31 14:00:00+00:00,2,20,2,2026-01-30 02:00:00+00:00,0.8833333333333333,0.5508021414279938,0.36829703959695215
2026-01-30 18:00:00+00:00,2026-01-31 15:00:00+00:00,2,21,2,2026-01-30 03:00:00+00:00,0.3516666666666666,0.33555084466934204,0.36829703959695215
2026-01-30 18:00:00+00:00,2026-01-31 16:00:00+00:00,2,22,2,2026-01-30 04:00:00+00:00,0.02666666666666667,0.10821061333020528,0.36829703959695215
2026-01-30 18:00:00+00:00,2026-01-31 17:00:00+00:00,2,23,2,2026-01-30 05:00:00+00:00,0.02,0.05755767164131006,0.36829703959695215
2026-01-30 18:00:00+00:00,2026-01-31 18:00:00+00:00,2,24,2,2026-01-30 06:00:00+00:00,0.19999999999999998,0.036017042895158134,0.36829703959695215
