digest,generation,mae,rmse,family,features,bias_correction,bias_offset,seconds,config
ef2d1a21adecc344,5,0.16371784073059217,0.2524062213852394,mlp,point,True,-6e-05,2.3,"{""batch_size"": 4096, ""bias_correction"": true, ""epochs"": 500, ""family"": ""mlp"", ""features"": ""point"", ""hidden"": [512, 256, 128], ""learning_rate"": 0.002, ""loss_name"": ""mae"", ""patience"": 50, ""seed"": 8974, ""weight_decay"": 0.01}"
59abaacc54c5a94a,3,0.16390543811122835,0.2534785872391419,mlp,point,True,-0.00018,26.86,"{""batch_size"": 1024, ""bias_correction"": true, ""epochs"": 500, ""family"": ""mlp"", ""features"": ""point"", ""hidden"": [256, 128, 64], ""learning_rate"": 0.0002, ""loss_name"": ""mae"", ""patience"": 80, ""seed"": 5534, ""weight_decay"": 0.05}"
59abaacc54c5a94a,4,0.16390543811122835,0.2534785872391419,mlp,point,True,-0.00018,32.9,"{""batch_size"": 1024, ""bias_correction"": true, ""epochs"": 500, ""family"": ""mlp"", ""features"": ""point"", ""hidden"": [256, 128, 64], ""learning_rate"": 0.0002, ""loss_name"": ""mae"", ""patience"": 80, ""seed"": 5534, ""weight_decay"": 0.05}"
59abaacc54c5a94a,5,0.16390543811122835,0.2534785872391419,mlp,point,True,-0.00018,31.5,"{""batch_size"": 1024, ""bias_correction"": true, ""epochs"": 500, ""family"": ""mlp"", ""features"": ""point"", ""hidden"": [256, 128, 64], ""learning_rate"": 0.0002, ""loss_name"": ""mae"", ""patience"": 80, ""seed"": 5534, ""weight_decay"": 0.05}"
1fd2fcb8290a2c82,2,0.16403209852834066,0.252185426978426,mlp,point,True,-0.0005,27.44,"{""batch_size"": 512, ""bias_correction"": true, ""epochs"": 500, ""family"": ""mlp"", ""features"": ""point"", ""hidden"": [64, 32], ""learning_rate"": 0.0005, ""loss_name"": ""mae"", ""patience"": 30, ""seed"": 5652, ""weight_decay"": 0.001}"
1fd2fcb8290a2c82,3,0.16403209852834066,0.252185426978426,mlp,point,True,-0.0005,30.33,"{""batch_size"": 512, ""bias_correction"": true, ""epochs"": 500, ""family"": ""mlp"", ""features"": ""point"", ""hidden"": [64, 32], ""learning_rate"": 0.0005, ""loss_name"": ""mae"", ""patience"": 30, ""seed"": 5652, ""weight_decay"": 0.001}"
1fd2fcb8290a2c82,4,0.16403209852834066,0.252185426978426,mlp,point,True,-0.0005,29.05,"{""batch_size"": 512, ""bias_correction"": true, ""epochs"": 500, ""family"": ""mlp"", ""features"": ""point"", ""hidden"": [64, 32], ""learning_rate"": 0.0005, ""loss_name"": ""mae"", ""patience"": 30, ""seed"": 5652, ""weight_decay"": 0.001}"
1fd2fcb8290a2c82,5,0.16403209852834066,0.252185426978426,mlp,point,True,-0.0005,28.24,"{""batch_size"": 512, ""bias_correction"": true, ""epochs"": 500, ""family"": ""mlp"", ""features"": ""point"", ""hidden"": [64, 32], ""learning_rate"": 0.0005, ""loss_name"": ""mae"", ""patience"": 30, ""seed"": 5652, ""weight_decay"": 0.001}"
42db848d7a2fc7ae,2,0.16413928207266854,0.25217483239483346,mlp,point,True,-0.0025,22.16,"{""batch_size"": 1024, ""bias_correction"": true, ""epochs"": 500, ""family"": ""mlp"", ""features"": ""point"", ""hidden"": [128, 64, 32], ""learning_rate"": 0.0002, ""loss_name"": ""mae"", ""patience"": 80, ""seed"": 4807, ""weight_decay"": 0.001}"
42db848d7a2fc7ae,3,0.16413928207266854,0.25217483239483346,mlp,point,True,-0.0025,47.71,"{""batch_size"": 1024, ""bias_correction"": true, ""epochs"": 500, ""family"": ""mlp"", ""features"": ""point"", ""hidden"": [128, 64, 32], ""learning_rate"": 0.0002, ""loss_name"": ""mae"", ""patience"": 80, ""seed"": 4807, ""weight_decay"": 0.001}"
42db848d7a2fc7ae,4,0.16413928207266854,0.25217483239483346,mlp,point,True,-0.0025,49.76,"{""batch_size"": 1024, ""bias_correction"": true, ""epochs"": 500, ""family"": ""mlp"", ""features"": ""point"", ""hidden"": [128, 64, 32], ""learning_rate"": 0.0002, ""loss_name"": ""mae"", ""patience"": 80, ""seed"": 4807, ""weight_decay"": 0.001}"
42db848d7a2fc7ae,5,0.16413928207266854,0.25217483239483346,mlp,point,True,-0.0025,44.34,"{""batch_size"": 1024, ""bias_correction"": true, ""epochs"": 500, ""family"": ""mlp"", ""features"": ""point"", ""hidden"": [128, 64, 32], ""learning_rate"": 0.0002, ""loss_name"": ""mae"", ""patience"": 80, ""seed"": 4807, ""weight_decay"": 0.001}"
7b010c0886eef884,4,0.16417739681619842,0.2514018492837725,mlp,point,True,0.00017,15.35,"{""batch_size"": 512, ""bias_correction"": true, ""epochs"": 500, ""family"": ""mlp"", ""features"": ""point"", ""hidden"": [64, 32], ""learning_rate"": 0.0002, ""loss_name"": ""mae"", ""patience"": 80, ""seed"": 4588, ""weight_decay"": 0.05}"
7b010c0886eef884,5,0.16417739681619842,0.2514018492837725,mlp,point,True,0.00017,68.01,"{""batch_size"": 512, ""bias_correction"": true, ""epochs"": 500, ""family"": ""mlp"", ""features"": ""point"", ""hidden"": [64, 32], ""learning_rate"": 0.0002, ""loss_name"": ""mae"", ""patience"": 80, ""seed"": 4588, ""weight_decay"": 0.05}"
c905bed21a2d115e,3,0.1641801114466435,0.25153085241514156,mlp,point,True,-0.00349,5.42,"{""batch_size"": 4096, ""bias_correction"": true, ""epochs"": 500, ""family"": ""mlp"", ""features"": ""point"", ""hidden"": [512, 512, 256, 128], ""learning_rate"": 0.002, ""loss_name"": ""mae"", ""patience"": 80, ""seed"": 6061, ""weight_decay"": 0.01}"
c905bed21a2d115e,4,0.1641801114466435,0.25153085241514156,mlp,point,True,-0.00349,9.57,"{""batch_size"": 4096, ""bias_correction"": true, ""epochs"": 500, ""family"": ""mlp"", ""features"": ""point"", ""hidden"": [512, 512, 256, 128], ""learning_rate"": 0.002, ""loss_name"": ""mae"", ""patience"": 80, ""seed"": 6061, ""weight_decay"": 0.01}"
c905bed21a2d115e,5,0.1641801114466435,0.25153085241514156,mlp,point,True,-0.00349,9.93,"{""batch_size"": 4096, ""bias_correction"": true, ""epochs"": 500, ""family"": ""mlp"", ""features"": ""point"", ""hidden"": [512, 512, 256, 128], ""learning_rate"": 0.002, ""loss_name"": ""mae"", ""patience"": 80, ""seed"": 6061, ""weight_decay"": 0.01}"
5a559e96b4a0f1ae,5,0.16423296623426106,0.2530628543065807,mlp,point,True,-0.00147,12.71,"{""batch_size"": 1024, ""bias_correction"": true, ""epochs"": 500, ""family"": ""mlp"", ""features"": ""point"", ""hidden"": [128, 64, 32], ""learning_rate"": 0.001, ""loss_name"": ""mae"", ""patience"": 50, ""seed"": 6372, ""weight_decay"": 0.001}"
85d501201ad68114,4,0.16433721052039266,0.2491754091103805,mlp,point,True,-0.00993,5.01,"{""batch_size"": 4096, ""bias_correction"": true, ""epochs"": 500, ""family"": ""mlp"", ""features"": ""point"", ""hidden"": [512, 512, 256, 128], ""learning_rate"": 0.002, ""loss_name"": ""mae"", ""patience"": 80, ""seed"": 2686, ""weight_decay"": 0.001}"
85d501201ad68114,5,0.16433721052039266,0.2491754091103805,mlp,point,True,-0.00993,9.98,"{""batch_size"": 4096, ""bias_correction"": true, ""epochs"": 500, ""family"": ""mlp"", ""features"": ""point"", ""hidden"": [512, 512, 256, 128], ""learning_rate"": 0.002, ""loss_name"": ""mae"", ""patience"": 80, ""seed"": 2686, ""weight_decay"": 0.001}"
c7e9dfbb090b27a3,4,0.16443327481679057,0.2476132302725876,mlp,point,True,-0.01178,6.3,"{""batch_size"": 4096, ""bias_correction"": true, ""epochs"": 500, ""family"": ""mlp"", ""features"": ""point"", ""hidden"": [512, 256, 128], ""learning_rate"": 0.0002, ""loss_name"": ""huber"", ""patience"": 80, ""seed"": 5572, ""weight_decay"": 0.05}"
c7e9dfbb090b27a3,5,0.16443327481679057,0.2476132302725876,mlp,point,True,-0.01178,10.23,"{""batch_size"": 4096, ""bias_correction"": true, ""epochs"": 500, ""family"": ""mlp"", ""features"": ""point"", ""hidden"": [512, 256, 128], ""learning_rate"": 0.0002, ""loss_name"": ""huber"", ""patience"": 80, ""seed"": 5572, ""weight_decay"": 0.05}"
cf8acd0e49c3f815,5,0.1645609974598657,0.2535989743524712,mlp,point,True,0.00017,10.41,"{""batch_size"": 1024, ""bias_correction"": true, ""epochs"": 500, ""family"": ""mlp"", ""features"": ""point"", ""hidden"": [256, 128, 64], ""learning_rate"": 0.0005, ""loss_name"": ""mae"", ""patience"": 30, ""seed"": 8861, ""weight_decay"": 0.05}"
90c0a78601cff413,2,0.16464027025698413,0.25348304261390114,mlp,point,True,0.00099,4.99,"{""batch_size"": 4096, ""bias_correction"": true, ""epochs"": 500, ""family"": ""mlp"", ""features"": ""point"", ""hidden"": [512, 256, 128], ""learning_rate"": 0.0002, ""loss_name"": ""mae"", ""patience"": 50, ""seed"": 3879, ""weight_decay"": 0.005}"
90c0a78601cff413,3,0.16464027025698413,0.25348304261390114,mlp,point,True,0.00099,8.96,"{""batch_size"": 4096, ""bias_correction"": true, ""epochs"": 500, ""family"": ""mlp"", ""features"": ""point"", ""hidden"": [512, 256, 128], ""learning_rate"": 0.0002, ""loss_name"": ""mae"", ""patience"": 50, ""seed"": 3879, ""weight_decay"": 0.005}"
90c0a78601cff413,4,0.16464027025698413,0.25348304261390114,mlp,point,True,0.00099,9.59,"{""batch_size"": 4096, ""bias_correction"": true, ""epochs"": 500, ""family"": ""mlp"", ""features"": ""point"", ""hidden"": [512, 256, 128], ""learning_rate"": 0.0002, ""loss_name"": ""mae"", ""patience"": 50, ""seed"": 3879, ""weight_decay"": 0.005}"
90c0a78601cff413,5,0.16464027025698413,0.25348304261390114,mlp,point,True,0.00099,9.82,"{""batch_size"": 4096, ""bias_correction"": true, ""epochs"": 500, ""family"": ""mlp"", ""features"": ""point"", ""hidden"": [512, 256, 128], ""learning_rate"": 0.0002, ""loss_name"": ""mae"", ""patience"": 50, ""seed"": 3879, ""weight_decay"": 0.005}"
ff6b60de467e629f,4,0.16476288872424508,0.25358111942208755,mlp,point,False,0.0,5.79,"{""batch_size"": 4096, ""bias_correction"": false, ""epochs"": 500, ""family"": ""mlp"", ""features"": ""point"", ""hidden"": [512, 256, 128], ""learning_rate"": 0.0002, ""loss_name"": ""mae"", ""patience"": 50, ""seed"": 8535, ""weight_decay"": 0.05}"
ff6b60de467e629f,5,0.16476288872424508,0.25358111942208755,mlp,point,False,0.0,5.06,"{""batch_size"": 4096, ""bias_correction"": false, ""epochs"": 500, ""family"": ""mlp"", ""features"": ""point"", ""hidden"": [512, 256, 128], ""learning_rate"": 0.0002, ""loss_name"": ""mae"", ""patience"": 50, ""seed"": 8535, ""weight_decay"": 0.05}"
979cfeab51f32ed2,4,0.16480022388450372,0.2552168222987219,mlp,point,True,0.00102,9.45,"{""batch_size"": 1024, ""bias_correction"": true, ""epochs"": 500, ""family"": ""mlp"", ""features"": ""point"", ""hidden"": [256, 128, 64], ""learning_rate"": 0.0002, ""loss_name"": ""mae"", ""patience"": 30, ""seed"": 5321, ""weight_decay"": 0.05}"
979cfeab51f32ed2,5,0.16480022388450372,0.2552168222987219,mlp,point,True,0.00102,17.3,"{""batch_size"": 1024, ""bias_correction"": true, ""epochs"": 500, ""family"": ""mlp"", ""features"": ""point"", ""hidden"": [256, 128, 64], ""learning_rate"": 0.0002, ""loss_name"": ""mae"", ""patience"": 30, ""seed"": 5321, ""weight_decay"": 0.05}"
7dbf2f52cbd0fd70,3,0.16480553595804726,0.2532621054694368,mlp,point,True,0.00222,5.29,"{""batch_size"": 4096, ""bias_correction"": true, ""epochs"": 500, ""family"": ""mlp"", ""features"": ""point"", ""hidden"": [512, 256, 128], ""learning_rate"": 0.0002, ""loss_name"": ""mae"", ""patience"": 80, ""seed"": 9206, ""weight_decay"": 0.005}"
7dbf2f52cbd0fd70,4,0.16480553595804726,0.2532621054694368,mlp,point,True,0.00222,11.15,"{""batch_size"": 4096, ""bias_correction"": true, ""epochs"": 500, ""family"": ""mlp"", ""features"": ""point"", ""hidden"": [512, 256, 128], ""learning_rate"": 0.0002, ""loss_name"": ""mae"", ""patience"": 80, ""seed"": 9206, ""weight_decay"": 0.005}"
7149aa4beee13851,5,0.16486564112317542,0.2550301398278204,mlp,point,False,0.0,39.72,"{""batch_size"": 512, ""bias_correction"": false, ""epochs"": 500, ""family"": ""mlp"", ""features"": ""point"", ""hidden"": [256, 128, 64], ""learning_rate"": 0.0005, ""loss_name"": ""mae"", ""patience"": 80, ""seed"": 2815, ""weight_decay"": 0.05}"
cebdfbb79da3deda,1,0.16488904175683283,0.2509758024172976,mlp,point,True,-0.00244,12.5,"{""batch_size"": 1024, ""bias_correction"": true, ""epochs"": 500, ""family"": ""mlp"", ""features"": ""point"", ""hidden"": [512, 512, 256, 128], ""learning_rate"": 0.0005, ""loss_name"": ""mae"", ""patience"": 50, ""seed"": 5094, ""weight_decay"": 0.01}"
cebdfbb79da3deda,2,0.16488904175683283,0.2509758024172976,mlp,point,True,-0.00244,18.41,"{""batch_size"": 1024, ""bias_correction"": true, ""epochs"": 500, ""family"": ""mlp"", ""features"": ""point"", ""hidden"": [512, 512, 256, 128], ""learning_rate"": 0.0005, ""loss_name"": ""mae"", ""patience"": 50, ""seed"": 5094, ""weight_decay"": 0.01}"
cebdfbb79da3deda,3,0.16488904175683283,0.2509758024172976,mlp,point,True,-0.00244,18.5,"{""batch_size"": 1024, ""bias_correction"": true, ""epochs"": 500, ""family"": ""mlp"", ""features"": ""point"", ""hidden"": [512, 512, 256, 128], ""learning_rate"": 0.0005, ""loss_name"": ""mae"", ""patience"": 50, ""seed"": 5094, ""weight_decay"": 0.01}"
cebdfbb79da3deda,4,0.16488904175683283,0.2509758024172976,mlp,point,True,-0.00244,16.84,"{""batch_size"": 1024, ""bias_correction"": true, ""epochs"": 500, ""family"": ""mlp"", ""features"": ""point"", ""hidden"": [512, 512, 256, 128], ""learning_rate"": 0.0005, ""loss_name"": ""mae"", ""patience"": 50, ""seed"": 5094, ""weight_decay"": 0.01}"
baadaf91a089dd9a,4,0.16489022425118188,0.25281536131407717,mlp,point,True,-0.00485,4.85,"{""batch_size"": 4096, ""bias_correction"": true, ""epochs"": 500, ""family"": ""mlp"", ""features"": ""point"", ""hidden"": [512, 256, 128], ""learning_rate"": 0.002, ""loss_name"": ""huber"", ""patience"": 80, ""seed"": 78, ""weight_decay"": 0.001}"
751764214966ecf2,5,0.16494182633071838,0.25259975615258773,mlp,point,False,0.0,4.45,"{""batch_size"": 4096, ""bias_correction"": false, ""epochs"": 500, ""family"": ""mlp"", ""features"": ""point"", ""hidden"": [512, 256, 128], ""learning_rate"": 0.002, ""loss_name"": ""mae"", ""patience"": 80, ""seed"": 7249, ""weight_decay"": 0.005}"
727ac869d7522820,2,0.16497187403596061,0.25296451519611884,mlp,point,False,0.0,16.91,"{""batch_size"": 512, ""bias_correction"": false, ""epochs"": 500, ""family"": ""mlp"", ""features"": ""point"", ""hidden"": [256, 128, 64], ""learning_rate"": 0.0003, ""loss_name"": ""mae"", ""patience"": 30, ""seed"": 9505, ""weight_decay"": 0.05}"
727ac869d7522820,3,0.16497187403596061,0.25296451519611884,mlp,point,False,0.0,26.75,"{""batch_size"": 512, ""bias_correction"": false, ""epochs"": 500, ""family"": ""mlp"", ""features"": ""point"", ""hidden"": [256, 128, 64], ""learning_rate"": 0.0003, ""loss_name"": ""mae"", ""patience"": 30, ""seed"": 9505, ""weight_decay"": 0.05}"
727ac869d7522820,4,0.16497187403596061,0.25296451519611884,mlp,point,False,0.0,23.72,"{""batch_size"": 512, ""bias_correction"": false, ""epochs"": 500, ""family"": ""mlp"", ""features"": ""point"", ""hidden"": [256, 128, 64], ""learning_rate"": 0.0003, ""loss_name"": ""mae"", ""patience"": 30, ""seed"": 9505, ""weight_decay"": 0.05}"
27c9e2632f4a4c95,2,0.1650195997247525,0.24812039433062164,mlp,point,True,-0.01117,2.94,"{""batch_size"": 4096, ""bias_correction"": true, ""epochs"": 500, ""family"": ""mlp"", ""features"": ""point"", ""hidden"": [512, 256, 128], ""learning_rate"": 0.0002, ""loss_name"": ""huber"", ""patience"": 80, ""seed"": 704, ""weight_decay"": 0.001}"
27c9e2632f4a4c95,3,0.1650195997247525,0.24812039433062164,mlp,point,True,-0.01117,10.02,"{""batch_size"": 4096, ""bias_correction"": true, ""epochs"": 500, ""family"": ""mlp"", ""features"": ""point"", ""hidden"": [512, 256, 128], ""learning_rate"": 0.0002, ""loss_name"": ""huber"", ""patience"": 80, ""seed"": 704, ""weight_decay"": 0.001}"
27c9e2632f4a4c95,4,0.1650195997247525,0.24812039433062164,mlp,point,True,-0.01117,6.98,"{""batch_size"": 4096, ""bias_correction"": true, ""epochs"": 500, ""family"": ""mlp"", ""features"": ""point"", ""hidden"": [512, 256, 128], ""learning_rate"": 0.0002, ""loss_name"": ""huber"", ""patience"": 80, ""seed"": 704, ""weight_decay"": 0.001}"
a5e0d6516a415a46,3,0.16502632530491038,0.25333237379738066,mlp,point,False,0.0,6.64,"{""batch_size"": 4096, ""bias_correction"": false, ""epochs"": 500, ""family"": ""mlp"", ""features"": ""point"", ""hidden"": [512, 256, 128], ""learning_rate"": 0.0002, ""loss_name"": ""mae"", ""patience"": 80, ""seed"": 4152, ""weight_decay"": 0.001}"
a5e0d6516a415a46,4,0.16502632530491038,0.25333237379738066,mlp,point,False,0.0,7.24,"{""batch_size"": 4096, ""bias_correction"": false, ""epochs"": 500, ""family"": ""mlp"", ""features"": ""point"", ""hidden"": [512, 256, 128], ""learning_rate"": 0.0002, ""loss_name"": ""mae"", ""patience"": 80, ""seed"": 4152, ""weight_decay"": 0.001}"
36ec697bb067b256,4,0.16505085066126718,0.25449136009736195,mlp,point,True,-0.00089,6.49,"{""batch_size"": 4096, ""bias_correction"": true, ""epochs"": 500, ""family"": ""mlp"", ""features"": ""point"", ""hidden"": [512, 256, 128], ""learning_rate"": 0.0002, ""loss_name"": ""mae"", ""patience"": 80, ""seed"": 6835, ""weight_decay"": 0.001}"
4e058068d6b88a85,2,0.16507631682674323,0.25404859455122797,mlp,point,True,-0.00152,5.93,"{""batch_size"": 4096, ""bias_correction"": true, ""epochs"": 500, ""family"": ""mlp"", ""features"": ""point"", ""hidden"": [512, 256, 128], ""learning_rate"": 0.0002, ""loss_name"": ""mae"", ""patience"": 80, ""seed"": 6045, ""weight_decay"": 0.05}"
4e058068d6b88a85,3,0.16507631682674323,0.25404859455122797,mlp,point,True,-0.00152,11.15,"{""batch_size"": 4096, ""bias_correction"": true, ""epochs"": 500, ""family"": ""mlp"", ""features"": ""point"", ""hidden"": [512, 256, 128], ""learning_rate"": 0.0002, ""loss_name"": ""mae"", ""patience"": 80, ""seed"": 6045, ""weight_decay"": 0.05}"
b8dc7b40a1bd762e,5,0.16507859647998344,0.25289572735521015,mlp,point,True,-0.0008,2.04,"{""batch_size"": 4096, ""bias_correction"": true, ""epochs"": 500, ""family"": ""mlp"", ""features"": ""point"", ""hidden"": [512, 512, 256, 128], ""learning_rate"": 0.0002, ""loss_name"": ""mae"", ""patience"": 80, ""seed"": 9130, ""weight_decay"": 0.005}"
abec6d4553271b18,2,0.16509940369519147,0.24952506259389806,mlp,point,True,-0.00366,19.52,"{""batch_size"": 512, ""bias_correction"": true, ""epochs"": 500, ""family"": ""mlp"", ""features"": ""point"", ""hidden"": [256, 128, 64], ""learning_rate"": 0.0007, ""loss_name"": ""huber"", ""patience"": 50, ""seed"": 747, ""weight_decay"": 0.05}"
abec6d4553271b18,3,0.16509940369519147,0.24952506259389806,mlp,point,True,-0.00366,34.27,"{""batch_size"": 512, ""bias_correction"": true, ""epochs"": 500, ""family"": ""mlp"", ""features"": ""point"", ""hidden"": [256, 128, 64], ""learning_rate"": 0.0007, ""loss_name"": ""huber"", ""patience"": 50, ""seed"": 747, ""weight_decay"": 0.05}"
1895e0f7a01578de,4,0.16512353374143562,0.25435250872702925,mlp,point,True,0.00303,5.27,"{""batch_size"": 4096, ""bias_correction"": true, ""epochs"": 500, ""family"": ""mlp"", ""features"": ""point"", ""hidden"": [512, 256, 128], ""learning_rate"": 0.0002, ""loss_name"": ""mae"", ""patience"": 50, ""seed"": 9358, ""weight_decay"": 0.001}"
04ca60f23eea9838,2,0.1651605684554781,0.2518530504841667,mlp,point,False,0.0,4.92,"{""batch_size"": 4096, ""bias_correction"": false, ""epochs"": 500, ""family"": ""mlp"", ""features"": ""point"", ""hidden"": [512, 256, 128], ""learning_rate"": 0.002, ""loss_name"": ""mae"", ""patience"": 80, ""seed"": 6239, ""weight_decay"": 0.005}"
04ca60f23eea9838,3,0.1651605684554781,0.2518530504841667,mlp,point,False,0.0,5.26,"{""batch_size"": 4096, ""bias_correction"": false, ""epochs"": 500, ""family"": ""mlp"", ""features"": ""point"", ""hidden"": [512, 256, 128], ""learning_rate"": 0.002, ""loss_name"": ""mae"", ""patience"": 80, ""seed"": 6239, ""weight_decay"": 0.005}"
e616a61bd5be630b,5,0.1651669210337184,0.25490515401938135,mlp,point,True,0.00033,16.85,"{""batch_size"": 1024, ""bias_correction"": true, ""epochs"": 500, ""family"": ""mlp"", ""features"": ""point"", ""hidden"": [256, 128, 64], ""learning_rate"": 0.0002, ""loss_name"": ""mae"", ""patience"": 80, ""seed"": 3187, ""weight_decay"": 0.05}"
f48b001d8f8be78f,3,0.1651706315426034,0.2543466203274995,mlp,point,False,0.0,6.98,"{""batch_size"": 4096, ""bias_correction"": false, ""epochs"": 500, ""family"": ""mlp"", ""features"": ""point"", ""hidden"": [512, 256, 128], ""learning_rate"": 0.0002, ""loss_name"": ""mae"", ""patience"": 80, ""seed"": 5536, ""weight_decay"": 0.001}"
ffc5ea8ecc68aa04,4,0.165173988837727,0.2548080672186441,mlp,point,True,-0.00106,10.14,"{""batch_size"": 2048, ""bias_correction"": true, ""epochs"": 500, ""family"": ""mlp"", ""features"": ""point"", ""hidden"": [512, 256, 128], ""learning_rate"": 0.0002, ""loss_name"": ""mae"", ""patience"": 80, ""seed"": 4427, ""weight_decay"": 0.001}"
fe8e75f1f78a3d37,0,0.16520307195516673,0.25324379311503614,mlp,point,False,0.0,11.91,"{""batch_size"": 4096, ""bias_correction"": false, ""epochs"": 500, ""family"": ""mlp"", ""features"": ""point"", ""hidden"": [512, 256, 128], ""learning_rate"": 0.002, ""loss_name"": ""mae"", ""patience"": 80, ""seed"": 3507, ""weight_decay"": 0.001}"
fe8e75f1f78a3d37,1,0.16520307195516673,0.25324379311503614,mlp,point,False,0.0,9.38,"{""batch_size"": 4096, ""bias_correction"": false, ""epochs"": 500, ""family"": ""mlp"", ""features"": ""point"", ""hidden"": [512, 256, 128], ""learning_rate"": 0.002, ""loss_name"": ""mae"", ""patience"": 80, ""seed"": 3507, ""weight_decay"": 0.001}"
fe8e75f1f78a3d37,2,0.16520307195516673,0.25324379311503614,mlp,point,False,0.0,9.88,"{""batch_size"": 4096, ""bias_correction"": false, ""epochs"": 500, ""family"": ""mlp"", ""features"": ""point"", ""hidden"": [512, 256, 128], ""learning_rate"": 0.002, ""loss_name"": ""mae"", ""patience"": 80, ""seed"": 3507, ""weight_decay"": 0.001}"
fe8e75f1f78a3d37,3,0.16520307195516673,0.25324379311503614,mlp,point,False,0.0,5.96,"{""batch_size"": 4096, ""bias_correction"": false, ""epochs"": 500, ""family"": ""mlp"", ""features"": ""point"", ""hidden"": [512, 256, 128], ""learning_rate"": 0.002, ""loss_name"": ""mae"", ""patience"": 80, ""seed"": 3507, ""weight_decay"": 0.001}"
710e45fb7409a484,5,0.1652165239016751,0.2535018961231545,mlp,point,True,-0.00197,11.82,"{""batch_size"": 1024, ""bias_correction"": true, ""epochs"": 500, ""family"": ""mlp"", ""features"": ""point"", ""hidden"": [512, 512, 256, 128], ""learning_rate"": 0.0005, ""loss_name"": ""mae"", ""patience"": 80, ""seed"": 5906, ""weight_decay"": 0.005}"
cb34b446dc6e6f67,4,0.16522104515917813,0.2543955152038172,mlp,point,True,0.00157,19.18,"{""batch_size"": 1024, ""bias_correction"": true, ""epochs"": 500, ""family"": ""mlp"", ""features"": ""point"", ""hidden"": [128, 64, 32], ""learning_rate"": 0.0002, ""loss_name"": ""mae"", ""patience"": 80, ""seed"": 9655, ""weight_decay"": 0.001}"
2d68d3181c755870,4,0.1652323470704533,0.24919206264480123,mlp,point,True,-0.01635,18.65,"{""batch_size"": 512, ""bias_correction"": true, ""epochs"": 500, ""family"": ""mlp"", ""features"": ""point"", ""hidden"": [512, 256, 128], ""learning_rate"": 0.0002, ""loss_name"": ""huber"", ""patience"": 50, ""seed"": 9779, ""weight_decay"": 0.02}"
37d2d3752b34e618,1,0.16524216199083974,0.2529578588532022,mlp,point,True,-0.00271,18.99,"{""batch_size"": 1024, ""bias_correction"": true, ""epochs"": 500, ""family"": ""mlp"", ""features"": ""point"", ""hidden"": [256, 128, 64], ""learning_rate"": 0.0002, ""loss_name"": ""mae"", ""patience"": 50, ""seed"": 1789, ""weight_decay"": 0.005}"
37d2d3752b34e618,2,0.16524216199083974,0.2529578588532022,mlp,point,True,-0.00271,25.39,"{""batch_size"": 1024, ""bias_correction"": true, ""epochs"": 500, ""family"": ""mlp"", ""features"": ""point"", ""hidden"": [256, 128, 64], ""learning_rate"": 0.0002, ""loss_name"": ""mae"", ""patience"": 50, ""seed"": 1789, ""weight_decay"": 0.005}"
680c1f2c389b5497,5,0.16524279663608757,0.25433839338503106,mlp,point,True,0.00114,6.46,"{""batch_size"": 4096, ""bias_correction"": true, ""epochs"": 500, ""family"": ""mlp"", ""features"": ""point"", ""hidden"": [512, 256, 128], ""learning_rate"": 0.0002, ""loss_name"": ""mae"", ""patience"": 80, ""seed"": 2977, ""weight_decay"": 0.001}"
0be998195192f931,5,0.16525061140433742,0.25324926053961855,mlp,point,True,-0.00214,4.66,"{""batch_size"": 4096, ""bias_correction"": true, ""epochs"": 500, ""family"": ""mlp"", ""features"": ""point"", ""hidden"": [512, 256, 128], ""learning_rate"": 0.0002, ""loss_name"": ""mae"", ""patience"": 50, ""seed"": 4991, ""weight_decay"": 0.005}"
f698ef0e42c72e5c,4,0.1652511389166828,0.25527406730467855,mlp,point,True,0.00125,11.38,"{""batch_size"": 512, ""bias_correction"": true, ""epochs"": 500, ""family"": ""mlp"", ""features"": ""point"", ""hidden"": [256, 128, 64], ""learning_rate"": 0.0005, ""loss_name"": ""mae"", ""patience"": 50, ""seed"": 8271, ""weight_decay"": 0.05}"
dad01e3bb947ddb3,3,0.16525679782035185,0.254143210482932,mlp,point,True,0.00166,3.85,"{""batch_size"": 4096, ""bias_correction"": true, ""epochs"": 500, ""family"": ""mlp"", ""features"": ""point"", ""hidden"": [512, 256, 128], ""learning_rate"": 0.0002, ""loss_name"": ""mae"", ""patience"": 30, ""seed"": 8437, ""weight_decay"": 0.05}"
659003e44642c81a,1,0.16529448869609334,0.25004079466575707,mlp,point,True,-0.00873,4.96,"{""batch_size"": 4096, ""bias_correction"": true, ""epochs"": 500, ""family"": ""mlp"", ""features"": ""point"", ""hidden"": [512, 512, 256, 128], ""learning_rate"": 0.0007, ""loss_name"": ""huber"", ""patience"": 80, ""seed"": 2443, ""weight_decay"": 0.01}"
659003e44642c81a,2,0.16529448869609334,0.25004079466575707,mlp,point,True,-0.00873,9.37,"{""batch_size"": 4096, ""bias_correction"": true, ""epochs"": 500, ""family"": ""mlp"", ""features"": ""point"", ""hidden"": [512, 512, 256, 128], ""learning_rate"": 0.0007, ""loss_name"": ""huber"", ""patience"": 80, ""seed"": 2443, ""weight_decay"": 0.01}"
3abe909ebf554cbf,3,0.16532472608749688,0.25367100288210653,mlp,point,False,0.0,27.31,"{""batch_size"": 512, ""bias_correction"": false, ""epochs"": 500, ""family"": ""mlp"", ""features"": ""point"", ""hidden"": [256, 128, 64], ""learning_rate"": 0.0005, ""loss_name"": ""mae"", ""patience"": 50, ""seed"": 4812, ""weight_decay"": 0.05}"
d0a30c2ccc27d779,2,0.16537333465426743,0.24724890898641466,mlp,point,False,0.0,5.28,"{""batch_size"": 4096, ""bias_correction"": false, ""epochs"": 500, ""family"": ""mlp"", ""features"": ""point"", ""hidden"": [512, 256, 128], ""learning_rate"": 0.0002, ""loss_name"": ""huber"", ""patience"": 80, ""seed"": 6899, ""weight_decay"": 0.001}"
f0052e77b9ee20a6,2,0.1653794396046713,0.25466341377322455,mlp,point,True,-0.00113,3.93,"{""batch_size"": 4096, ""bias_correction"": true, ""epochs"": 500, ""family"": ""mlp"", ""features"": ""point"", ""hidden"": [512, 256, 128], ""learning_rate"": 0.0002, ""loss_name"": ""mae"", ""patience"": 30, ""seed"": 7742, ""weight_decay"": 0.01}"
4775ca1bf6abd495,4,0.16540350915963545,0.2551579241850056,mlp,point,False,0.0,6.13,"{""batch_size"": 4096, ""bias_correction"": false, ""epochs"": 500, ""family"": ""mlp"", ""features"": ""point"", ""hidden"": [256, 128, 64], ""learning_rate"": 0.0003, ""loss_name"": ""mae"", ""patience"": 80, ""seed"": 2375, ""weight_decay"": 0.02}"
4cb2db4fc1561aff,1,0.16542089182728822,0.25059069443338333,mlp,point,True,-0.01117,9.83,"{""batch_size"": 4096, ""bias_correction"": true, ""epochs"": 500, ""family"": ""mlp"", ""features"": ""point"", ""hidden"": [64, 32], ""learning_rate"": 0.0002, ""loss_name"": ""huber"", ""patience"": 80, ""seed"": 5404, ""weight_decay"": 0.001}"
4cb2db4fc1561aff,2,0.16542089182728822,0.25059069443338333,mlp,point,True,-0.01117,24.31,"{""batch_size"": 4096, ""bias_correction"": true, ""epochs"": 500, ""family"": ""mlp"", ""features"": ""point"", ""hidden"": [64, 32], ""learning_rate"": 0.0002, ""loss_name"": ""huber"", ""patience"": 80, ""seed"": 5404, ""weight_decay"": 0.001}"
726db719eade63ef,2,0.16543317157697499,0.25376949615669053,mlp,point,True,0.00373,4.9,"{""batch_size"": 4096, ""bias_correction"": true, ""epochs"": 500, ""family"": ""mlp"", ""features"": ""point"", ""hidden"": [512, 256, 128], ""learning_rate"": 0.002, ""loss_name"": ""mae"", ""patience"": 80, ""seed"": 3438, ""weight_decay"": 0.001}"
38b73f2a7f6d62c7,2,0.16544523871788214,0.24963583537779402,mlp,point,False,0.0,5.7,"{""batch_size"": 4096, ""bias_correction"": false, ""epochs"": 500, ""family"": ""mlp"", ""features"": ""point"", ""hidden"": [512, 512, 256, 128], ""learning_rate"": 0.0002, ""loss_name"": ""huber"", ""patience"": 80, ""seed"": 7801, ""weight_decay"": 0.001}"
efbe9cfad4a088fd,4,0.1654614115000926,0.2552153438035503,mlp,point,True,0.00543,2.99,"{""batch_size"": 4096, ""bias_correction"": true, ""epochs"": 500, ""family"": ""mlp"", ""features"": ""point"", ""hidden"": [512, 256, 128], ""learning_rate"": 0.002, ""loss_name"": ""mae"", ""patience"": 80, ""seed"": 1313, ""weight_decay"": 0.005}"
09655cbc02cd7147,4,0.165474218412107,0.25358642771876666,mlp,point,True,0.00032,35.85,"{""batch_size"": 512, ""bias_correction"": true, ""epochs"": 500, ""family"": ""mlp"", ""features"": ""point"", ""hidden"": [256, 128, 64], ""learning_rate"": 0.0005, ""loss_name"": ""mae"", ""patience"": 80, ""seed"": 2295, ""weight_decay"": 0.05}"
8abc75ae3189a2bc,1,0.16548015192223858,0.25336151666367707,mlp,point,True,-0.00851,17.75,"{""batch_size"": 512, ""bias_correction"": true, ""epochs"": 500, ""family"": ""mlp"", ""features"": ""point"", ""hidden"": [512, 512, 256, 128], ""learning_rate"": 0.0005, ""loss_name"": ""mae"", ""patience"": 30, ""seed"": 8852, ""weight_decay"": 0.02}"
8abc75ae3189a2bc,2,0.16548015192223858,0.25336151666367707,mlp,point,True,-0.00851,22.71,"{""batch_size"": 512, ""bias_correction"": true, ""epochs"": 500, ""family"": ""mlp"", ""features"": ""point"", ""hidden"": [512, 512, 256, 128], ""learning_rate"": 0.0005, ""loss_name"": ""mae"", ""patience"": 30, ""seed"": 8852, ""weight_decay"": 0.02}"
0b5d95feeeb93961,5,0.1655335765292794,0.25280245838619947,mlp,point,True,-0.00861,20.08,"{""batch_size"": 1024, ""bias_correction"": true, ""epochs"": 500, ""family"": ""mlp"", ""features"": ""point"", ""hidden"": [256, 128, 64], ""learning_rate"": 0.0002, ""loss_name"": ""huber"", ""patience"": 50, ""seed"": 366, ""weight_decay"": 0.05}"
c10264f829bba3b2,3,0.16556316206873015,0.25601200586178746,mlp,point,True,0.00169,7.83,"{""batch_size"": 2048, ""bias_correction"": true, ""epochs"": 500, ""family"": ""mlp"", ""features"": ""point"", ""hidden"": [512, 512, 256, 128], ""learning_rate"": 0.0003, ""loss_name"": ""mae"", ""patience"": 50, ""seed"": 6564, ""weight_decay"": 0.005}"
d57eafdc93e7b049,2,0.16556679445728756,0.24882242056564935,mlp,point,False,0.0,22.68,"{""batch_size"": 1024, ""bias_correction"": false, ""epochs"": 500, ""family"": ""mlp"", ""features"": ""point"", ""hidden"": [64, 32], ""learning_rate"": 0.0005, ""loss_name"": ""huber"", ""patience"": 50, ""seed"": 6680, ""weight_decay"": 0.001}"
1ae23d39ed5785a6,5,0.16557787192028095,0.25555098885740507,mlp,point,True,-0.0001,5.67,"{""batch_size"": 4096, ""bias_correction"": true, ""epochs"": 500, ""family"": ""mlp"", ""features"": ""point"", ""hidden"": [512, 256, 128], ""learning_rate"": 0.0002, ""loss_name"": ""mae"", ""patience"": 80, ""seed"": 4403, ""weight_decay"": 0.005}"
8833d1da5819ef4a,2,0.16557854064507033,0.2561352019999174,mlp,point,True,0.00241,13.12,"{""batch_size"": 512, ""bias_correction"": true, ""epochs"": 500, ""family"": ""mlp"", ""features"": ""point"", ""hidden"": [1024, 512, 256], ""learning_rate"": 0.0005, ""loss_name"": ""mae"", ""patience"": 30, ""seed"": 9333, ""weight_decay"": 0.01}"
61ffc6445ded1869,2,0.16558482610912692,0.25422358037157106,mlp,point,False,0.0,4.79,"{""batch_size"": 512, ""bias_correction"": false, ""epochs"": 500, ""family"": ""mlp"", ""features"": ""point"", ""hidden"": [256, 128, 64], ""learning_rate"": 0.0005, ""loss_name"": ""mae"", ""patience"": 30, ""seed"": 5616, ""weight_decay"": 0.02}"
81e902cf938a28cf,1,0.16559976556183473,0.2552657483889707,mlp,point,True,0.00021,22.0,"{""batch_size"": 512, ""bias_correction"": true, ""epochs"": 500, ""family"": ""mlp"", ""features"": ""point"", ""hidden"": [256, 128, 64], ""learning_rate"": 0.0003, ""loss_name"": ""mae"", ""patience"": 30, ""seed"": 9567, ""weight_decay"": 0.05}"
81e902cf938a28cf,2,0.16559976556183473,0.2552657483889707,mlp,point,True,0.00021,25.49,"{""batch_size"": 512, ""bias_correction"": true, ""epochs"": 500, ""family"": ""mlp"", ""features"": ""point"", ""hidden"": [256, 128, 64], ""learning_rate"": 0.0003, ""loss_name"": ""mae"", ""patience"": 30, ""seed"": 9567, ""weight_decay"": 0.05}"
80ef03575c122516,4,0.16560399511339907,0.25407986989524917,mlp,point,False,0.0,6.29,"{""batch_size"": 4096, ""bias_correction"": false, ""epochs"": 500, ""family"": ""mlp"", ""features"": ""point"", ""hidden"": [512, 256, 128], ""learning_rate"": 0.0002, ""loss_name"": ""mae"", ""patience"": 80, ""seed"": 9060, ""weight_decay"": 0.001}"
28d0a4648fae13d2,5,0.16561205809864005,0.2543172062305668,mlp,point,True,0.00385,4.26,"{""batch_size"": 4096, ""bias_correction"": true, ""epochs"": 500, ""family"": ""mlp"", ""features"": ""point"", ""hidden"": [512, 256, 128], ""learning_rate"": 0.002, ""loss_name"": ""huber"", ""patience"": 80, ""seed"": 3512, ""weight_decay"": 0.005}"
63eab86a679de244,5,0.1656221809950785,0.254118765494259,mlp,point,True,-0.00194,3.13,"{""batch_size"": 4096, ""bias_correction"": true, ""epochs"": 500, ""family"": ""mlp"", ""features"": ""point"", ""hidden"": [512, 256, 128], ""learning_rate"": 0.0002, ""loss_name"": ""mae"", ""patience"": 80, ""seed"": 6783, ""weight_decay"": 0.01}"
e05fbf6a6d642d83,4,0.1656312075307133,0.2526572224385912,mlp,point,True,0.00073,7.13,"{""batch_size"": 4096, ""bias_correction"": true, ""epochs"": 500, ""family"": ""mlp"", ""features"": ""point"", ""hidden"": [512, 256, 128], ""learning_rate"": 0.0002, ""loss_name"": ""mae"", ""patience"": 80, ""seed"": 1236, ""weight_decay"": 0.005}"
9731e0a35e29fd32,5,0.1656363590332255,0.2533217274695497,mlp,point,True,-0.00055,5.71,"{""batch_size"": 4096, ""bias_correction"": true, ""epochs"": 500, ""family"": ""mlp"", ""features"": ""point"", ""hidden"": [512, 256, 128], ""learning_rate"": 0.0002, ""loss_name"": ""mae"", ""patience"": 80, ""seed"": 9109, ""weight_decay"": 0.01}"
8eb37650836e4e2b,4,0.16564002139626405,0.254289201019658,mlp,point,True,-0.00146,1.61,"{""batch_size"": 4096, ""bias_correction"": true, ""epochs"": 500, ""family"": ""mlp"", ""features"": ""point"", ""hidden"": [512, 256, 128], ""learning_rate"": 0.0002, ""loss_name"": ""mae"", ""patience"": 30, ""seed"": 8889, ""weight_decay"": 0.05}"
f44ccda46d082a91,3,0.16566761441182445,0.2542200296993934,mlp,point,True,-0.00233,14.82,"{""batch_size"": 1024, ""bias_correction"": true, ""epochs"": 500, ""family"": ""mlp"", ""features"": ""point"", ""hidden"": [256, 128, 64], ""learning_rate"": 0.0005, ""loss_name"": ""mae"", ""patience"": 50, ""seed"": 3695, ""weight_decay"": 0.005}"
cccd44508237f950,4,0.16569740287848114,0.2547867751516182,mlp,point,True,-0.00253,1.84,"{""batch_size"": 4096, ""bias_correction"": true, ""epochs"": 500, ""family"": ""mlp"", ""features"": ""point"", ""hidden"": [512, 256, 128], ""learning_rate"": 0.0003, ""loss_name"": ""mae"", ""patience"": 30, ""seed"": 6275, ""weight_decay"": 0.001}"
d961b999449c9b9c,2,0.16570011008105,0.2548151221556545,mlp,point,True,0.00029,1.85,"{""batch_size"": 4096, ""bias_correction"": true, ""epochs"": 500, ""family"": ""mlp"", ""features"": ""point"", ""hidden"": [1024, 512, 256], ""learning_rate"": 0.0005, ""loss_name"": ""mae"", ""patience"": 30, ""seed"": 4316, ""weight_decay"": 0.005}"
dd3ab47ee1c90ffe,2,0.16571465730577428,0.2553232242135421,mlp,point,True,0.00127,38.24,"{""batch_size"": 512, ""bias_correction"": true, ""epochs"": 500, ""family"": ""mlp"", ""features"": ""point"", ""hidden"": [512, 256, 128], ""learning_rate"": 0.0003, ""loss_name"": ""mae"", ""patience"": 80, ""seed"": 8601, ""weight_decay"": 0.05}"
dd7955ac571fa500,4,0.16576067883617776,0.25579872570706563,mlp,point,True,0.00107,20.41,"{""batch_size"": 1024, ""bias_correction"": true, ""epochs"": 500, ""family"": ""mlp"", ""features"": ""point"", ""hidden"": [512, 512, 256, 128], ""learning_rate"": 0.0002, ""loss_name"": ""mae"", ""patience"": 80, ""seed"": 6074, ""weight_decay"": 0.01}"
a449b8bce36f1387,2,0.16576766939515414,0.25421239659941375,mlp,point,True,-0.00069,11.29,"{""batch_size"": 4096, ""bias_correction"": true, ""epochs"": 500, ""family"": ""mlp"", ""features"": ""point"", ""hidden"": [64, 32], ""learning_rate"": 0.0005, ""loss_name"": ""mae"", ""patience"": 50, ""seed"": 107, ""weight_decay"": 0.001}"
92a4adcd1450320e,4,0.1657948577128411,0.2541709789890674,mlp,point,True,0.00109,13.13,"{""batch_size"": 512, ""bias_correction"": true, ""epochs"": 500, ""family"": ""mlp"", ""features"": ""point"", ""hidden"": [512, 256, 128], ""learning_rate"": 0.0002, ""loss_name"": ""mae"", ""patience"": 50, ""seed"": 1515, ""weight_decay"": 0.05}"
988735c97103214c,4,0.1657949341108686,0.25431635288670706,mlp,point,False,0.0,5.47,"{""batch_size"": 4096, ""bias_correction"": false, ""epochs"": 500, ""family"": ""mlp"", ""features"": ""point"", ""hidden"": [512, 256, 128], ""learning_rate"": 0.002, ""loss_name"": ""mae"", ""patience"": 80, ""seed"": 9685, ""weight_decay"": 0.001}"
5b06b6844a7b2053,2,0.1657962505119267,0.25551277908411246,mlp,point,False,0.0,13.09,"{""batch_size"": 1024, ""bias_correction"": false, ""epochs"": 500, ""family"": ""mlp"", ""features"": ""point"", ""hidden"": [512, 512, 256, 128], ""learning_rate"": 0.0005, ""loss_name"": ""mae"", ""patience"": 50, ""seed"": 4001, ""weight_decay"": 0.001}"
4c77b67f487f32e5,4,0.16580667797431048,0.2558757853775584,mlp,point,True,-0.00152,16.85,"{""batch_size"": 1024, ""bias_correction"": true, ""epochs"": 500, ""family"": ""mlp"", ""features"": ""point"", ""hidden"": [256, 128, 64], ""learning_rate"": 0.0002, ""loss_name"": ""mae"", ""patience"": 80, ""seed"": 1698, ""weight_decay"": 0.05}"
b809a58e77206db3,3,0.16581158535389817,0.2537712004278324,mlp,point,False,0.0,11.72,"{""batch_size"": 1024, ""bias_correction"": false, ""epochs"": 500, ""family"": ""mlp"", ""features"": ""point"", ""hidden"": [512, 512, 256, 128], ""learning_rate"": 0.001, ""loss_name"": ""mae"", ""patience"": 50, ""seed"": 2795, ""weight_decay"": 0.01}"
aaaf4eab86a70b3e,5,0.16583290697880232,0.25217243917527143,mlp,point,True,-0.00515,26.39,"{""batch_size"": 512, ""bias_correction"": true, ""epochs"": 500, ""family"": ""mlp"", ""features"": ""point"", ""hidden"": [512, 512, 256, 128], ""learning_rate"": 0.0002, ""loss_name"": ""mae"", ""patience"": 50, ""seed"": 5134, ""weight_decay"": 0.05}"
13a36b8919c9ff34,1,0.16584654180914474,0.2506353856801639,mlp,point,False,0.0,5.41,"{""batch_size"": 4096, ""bias_correction"": false, ""epochs"": 500, ""family"": ""mlp"", ""features"": ""point"", ""hidden"": [512, 256, 128], ""learning_rate"": 0.0002, ""loss_name"": ""huber"", ""patience"": 80, ""seed"": 4659, ""weight_decay"": 0.001}"
13a36b8919c9ff34,2,0.16584654180914474,0.2506353856801639,mlp,point,False,0.0,10.16,"{""batch_size"": 4096, ""bias_correction"": false, ""epochs"": 500, ""family"": ""mlp"", ""features"": ""point"", ""hidden"": [512, 256, 128], ""learning_rate"": 0.0002, ""loss_name"": ""huber"", ""patience"": 80, ""seed"": 4659, ""weight_decay"": 0.001}"
7b029d1e9364f559,2,0.16584965439740793,0.24971832786210113,mlp,point,True,-0.01186,49.39,"{""batch_size"": 512, ""bias_correction"": true, ""epochs"": 500, ""family"": ""mlp"", ""features"": ""point"", ""hidden"": [64, 32], ""learning_rate"": 0.0002, ""loss_name"": ""huber"", ""patience"": 80, ""seed"": 9088, ""weight_decay"": 0.005}"
c57548be99f1cc69,4,0.16588025571313514,0.25450685421656316,mlp,point,True,-0.00189,4.56,"{""batch_size"": 4096, ""bias_correction"": true, ""epochs"": 500, ""family"": ""mlp"", ""features"": ""point"", ""hidden"": [512, 256, 128], ""learning_rate"": 0.0002, ""loss_name"": ""mae"", ""patience"": 80, ""seed"": 8514, ""weight_decay"": 0.001}"
d067ac31cac18b77,1,0.16588865356557622,0.25469795927481936,mlp,point,True,-0.00244,6.23,"{""batch_size"": 4096, ""bias_correction"": true, ""epochs"": 500, ""family"": ""mlp"", ""features"": ""point"", ""hidden"": [512, 256, 128], ""learning_rate"": 0.0002, ""loss_name"": ""mae"", ""patience"": 80, ""seed"": 1547, ""weight_decay"": 0.005}"
d067ac31cac18b77,2,0.16588865356557622,0.25469795927481936,mlp,point,True,-0.00244,6.3,"{""batch_size"": 4096, ""bias_correction"": true, ""epochs"": 500, ""family"": ""mlp"", ""features"": ""point"", ""hidden"": [512, 256, 128], ""learning_rate"": 0.0002, ""loss_name"": ""mae"", ""patience"": 80, ""seed"": 1547, ""weight_decay"": 0.005}"
0f3d96366d57155a,1,0.16588985333388473,0.2553826772586495,mlp,point,False,0.0,12.8,"{""batch_size"": 1024, ""bias_correction"": false, ""epochs"": 500, ""family"": ""mlp"", ""features"": ""point"", ""hidden"": [256, 128, 64], ""learning_rate"": 0.0002, ""loss_name"": ""mae"", ""patience"": 30, ""seed"": 9235, ""weight_decay"": 0.05}"
0f3d96366d57155a,2,0.16588985333388473,0.2553826772586495,mlp,point,False,0.0,14.55,"{""batch_size"": 1024, ""bias_correction"": false, ""epochs"": 500, ""family"": ""mlp"", ""features"": ""point"", ""hidden"": [256, 128, 64], ""learning_rate"": 0.0002, ""loss_name"": ""mae"", ""patience"": 30, ""seed"": 9235, ""weight_decay"": 0.05}"
361959f2b11c9669,3,0.16589549461608036,0.25430601694524674,mlp,point,False,0.0,4.23,"{""batch_size"": 4096, ""bias_correction"": false, ""epochs"": 500, ""family"": ""mlp"", ""features"": ""point"", ""hidden"": [256, 128, 64], ""learning_rate"": 0.0002, ""loss_name"": ""mae"", ""patience"": 30, ""seed"": 2674, ""weight_decay"": 0.05}"
0c314d32ceae0060,3,0.16589641109012954,0.2542806447360969,mlp,point,True,-0.00059,4.9,"{""batch_size"": 4096, ""bias_correction"": true, ""epochs"": 500, ""family"": ""mlp"", ""features"": ""point"", ""hidden"": [512, 256, 128], ""learning_rate"": 0.0002, ""loss_name"": ""mae"", ""patience"": 50, ""seed"": 9499, ""weight_decay"": 0.005}"
feacf44ee8bdd6f1,3,0.16590098012764032,0.2544106191538188,mlp,point,False,0.0,17.31,"{""batch_size"": 4096, ""bias_correction"": false, ""epochs"": 500, ""family"": ""mlp"", ""features"": ""point"", ""hidden"": [64, 32], ""learning_rate"": 0.0002, ""loss_name"": ""mae"", ""patience"": 80, ""seed"": 4223, ""weight_decay"": 0.02}"
7b958aa18560ec9c,2,0.1659055975588834,0.2538372461523711,mlp,point,True,-0.00114,23.34,"{""batch_size"": 2048, ""bias_correction"": true, ""epochs"": 500, ""family"": ""mlp"", ""features"": ""point"", ""hidden"": [64, 32], ""learning_rate"": 0.0002, ""loss_name"": ""mae"", ""patience"": 80, ""seed"": 2713, ""weight_decay"": 0.001}"
6c85fa4c98ce8ae0,2,0.16598127437821592,0.25592014325134926,mlp,point,False,0.0,7.35,"{""batch_size"": 2048, ""bias_correction"": false, ""epochs"": 500, ""family"": ""mlp"", ""features"": ""point"", ""hidden"": [1024, 512, 256], ""learning_rate"": 0.0002, ""loss_name"": ""mae"", ""patience"": 80, ""seed"": 7555, ""weight_decay"": 0.05}"
ed81efda600a5a68,5,0.1659884337414919,0.2555014239406443,mlp,point,False,0.0,6.42,"{""batch_size"": 4096, ""bias_correction"": false, ""epochs"": 500, ""family"": ""mlp"", ""features"": ""point"", ""hidden"": [512, 256, 128], ""learning_rate"": 0.0002, ""loss_name"": ""mae"", ""patience"": 80, ""seed"": 3274, ""weight_decay"": 0.001}"
3e82aa89bee0b248,4,0.16599223940807956,0.25448058586158084,mlp,point,True,-0.00317,25.86,"{""batch_size"": 512, ""bias_correction"": true, ""epochs"": 500, ""family"": ""mlp"", ""features"": ""point"", ""hidden"": [256, 128, 64], ""learning_rate"": 0.0002, ""loss_name"": ""mae"", ""patience"": 30, ""seed"": 904, ""weight_decay"": 0.05}"
91840fb82e252461,1,0.16599702984296308,0.25190350598582645,mlp,point,True,-0.00828,21.51,"{""batch_size"": 512, ""bias_correction"": true, ""epochs"": 500, ""family"": ""mlp"", ""features"": ""point"", ""hidden"": [64, 32], ""learning_rate"": 0.0005, ""loss_name"": ""huber"", ""patience"": 30, ""seed"": 5636, ""weight_decay"": 0.02}"
c5acad695b176bae,3,0.16600127311504229,0.25301095946929686,mlp,point,True,-0.00156,12.01,"{""batch_size"": 1024, ""bias_correction"": true, ""epochs"": 500, ""family"": ""mlp"", ""features"": ""point"", ""hidden"": [512, 256, 128], ""learning_rate"": 0.0002, ""loss_name"": ""mae"", ""patience"": 80, ""seed"": 7079, ""weight_decay"": 0.005}"
07552c3bcb506f08,1,0.16601317340454458,0.25363402751971725,mlp,point,False,0.0,7.24,"{""batch_size"": 4096, ""bias_correction"": false, ""epochs"": 500, ""family"": ""mlp"", ""features"": ""point"", ""hidden"": [512, 512, 256, 128], ""learning_rate"": 0.002, ""loss_name"": ""mae"", ""patience"": 80, ""seed"": 9337, ""weight_decay"": 0.001}"
c6504a750264d895,3,0.1660138020548531,0.2550296979251731,mlp,point,True,0.00237,7.12,"{""batch_size"": 4096, ""bias_correction"": true, ""epochs"": 500, ""family"": ""mlp"", ""features"": ""point"", ""hidden"": [256, 128, 64], ""learning_rate"": 0.002, ""loss_name"": ""mae"", ""patience"": 80, ""seed"": 3177, ""weight_decay"": 0.005}"
a85e0c5d35eaa472,4,0.16601415069159953,0.25516625565467077,mlp,point,True,-0.00031,5.1,"{""batch_size"": 4096, ""bias_correction"": true, ""epochs"": 500, ""family"": ""mlp"", ""features"": ""point"", ""hidden"": [512, 256, 128], ""learning_rate"": 0.0002, ""loss_name"": ""mae"", ""patience"": 50, ""seed"": 732, ""weight_decay"": 0.005}"
c6cc7c2c6842b688,5,0.16601522564546578,0.2490672706904982,mlp,point,False,0.0,10.92,"{""batch_size"": 1024, ""bias_correction"": false, ""epochs"": 500, ""family"": ""mlp"", ""features"": ""point"", ""hidden"": [256, 128, 64], ""learning_rate"": 0.0002, ""loss_name"": ""huber"", ""patience"": 80, ""seed"": 9041, ""weight_decay"": 0.005}"
de3e5340b7a4d2de,1,0.16602616800366835,0.25131892385437987,mlp,point,True,-0.01238,10.42,"{""batch_size"": 4096, ""bias_correction"": true, ""epochs"": 500, ""family"": ""mlp"", ""features"": ""point"", ""hidden"": [64, 32], ""learning_rate"": 0.0005, ""loss_name"": ""huber"", ""patience"": 50, ""seed"": 775, ""weight_decay"": 0.001}"
979bfe977a8fca9c,5,0.1660278447844686,0.2547025978881819,mlp,point,False,0.0,20.68,"{""batch_size"": 512, ""bias_correction"": false, ""epochs"": 500, ""family"": ""mlp"", ""features"": ""point"", ""hidden"": [256, 128, 64], ""learning_rate"": 0.0002, ""loss_name"": ""mae"", ""patience"": 30, ""seed"": 1594, ""weight_decay"": 0.05}"
c1640c638189b1dd,4,0.1660288181495455,0.2496631237940587,mlp,point,True,-0.00575,13.64,"{""batch_size"": 1024, ""bias_correction"": true, ""epochs"": 500, ""family"": ""mlp"", ""features"": ""point"", ""hidden"": [512, 256, 128], ""learning_rate"": 0.0002, ""loss_name"": ""huber"", ""patience"": 80, ""seed"": 3363, ""weight_decay"": 0.05}"
d295027a7f2e03f8,1,0.16604393873160905,0.255147564652249,mlp,point,False,0.0,6.17,"{""batch_size"": 4096, ""bias_correction"": false, ""epochs"": 500, ""family"": ""mlp"", ""features"": ""point"", ""hidden"": [128, 64, 32], ""learning_rate"": 0.0007, ""loss_name"": ""mae"", ""patience"": 50, ""seed"": 8571, ""weight_decay"": 0.01}"
60963c9ea14f9f0e,1,0.1660518016044702,0.2538152973680336,mlp,point,True,-0.0019,4.28,"{""batch_size"": 4096, ""bias_correction"": true, ""epochs"": 500, ""family"": ""mlp"", ""features"": ""point"", ""hidden"": [1024, 512, 256], ""learning_rate"": 0.0003, ""loss_name"": ""mae"", ""patience"": 50, ""seed"": 9959, ""weight_decay"": 0.01}"
1e69406ac9276277,2,0.16605675997603453,0.25596801880189657,mlp,point,True,-0.00052,29.06,"{""batch_size"": 512, ""bias_correction"": true, ""epochs"": 500, ""family"": ""mlp"", ""features"": ""point"", ""hidden"": [128, 64, 32], ""learning_rate"": 0.0005, ""loss_name"": ""mae"", ""patience"": 50, ""seed"": 7204, ""weight_decay"": 0.02}"
0402ee3e66b2885a,2,0.16605810877721136,0.2568440870012444,mlp,point,True,-0.00179,18.88,"{""batch_size"": 512, ""bias_correction"": true, ""epochs"": 500, ""family"": ""mlp"", ""features"": ""point"", ""hidden"": [128, 64, 32], ""learning_rate"": 0.0005, ""loss_name"": ""mae"", ""patience"": 30, ""seed"": 733, ""weight_decay"": 0.01}"
c9d995e86a970eef,5,0.16606735528801475,0.25398570461165393,mlp,point,True,-0.00527,4.77,"{""batch_size"": 4096, ""bias_correction"": true, ""epochs"": 500, ""family"": ""mlp"", ""features"": ""point"", ""hidden"": [512, 256, 128], ""learning_rate"": 0.002, ""loss_name"": ""mae"", ""patience"": 80, ""seed"": 4063, ""weight_decay"": 0.001}"
787ffd40a77d21f6,2,0.1660799095863561,0.2512138911266527,mlp,point,True,-0.00505,2.46,"{""batch_size"": 4096, ""bias_correction"": true, ""epochs"": 500, ""family"": ""mlp"", ""features"": ""point"", ""hidden"": [1024, 512, 256], ""learning_rate"": 0.0007, ""loss_name"": ""huber"", ""patience"": 30, ""seed"": 5687, ""weight_decay"": 0.01}"
6519571a94c1545a,3,0.16608267146056915,0.2543501047628487,mlp,point,True,-0.00101,17.85,"{""batch_size"": 1024, ""bias_correction"": true, ""epochs"": 500, ""family"": ""mlp"", ""features"": ""point"", ""hidden"": [512, 256, 128], ""learning_rate"": 0.0002, ""loss_name"": ""mae"", ""patience"": 80, ""seed"": 4421, ""weight_decay"": 0.001}"
3e04a422320212f2,4,0.1660913775534726,0.2503818841167265,mlp,point,True,-0.00973,6.82,"{""batch_size"": 4096, ""bias_correction"": true, ""epochs"": 500, ""family"": ""mlp"", ""features"": ""point"", ""hidden"": [512, 256, 128], ""learning_rate"": 0.0002, ""loss_name"": ""huber"", ""patience"": 80, ""seed"": 8025, ""weight_decay"": 0.05}"
cee792d173b379ae,5,0.1661158084802406,0.2548878473335777,mlp,point,True,-0.00284,18.82,"{""batch_size"": 1024, ""bias_correction"": true, ""epochs"": 500, ""family"": ""mlp"", ""features"": ""point"", ""hidden"": [512, 512, 256, 128], ""learning_rate"": 0.0002, ""loss_name"": ""mae"", ""patience"": 80, ""seed"": 405, ""weight_decay"": 0.01}"
5341170c09a8ef1a,2,0.16611758674735175,0.255979234170826,mlp,point,False,0.0,5.0,"{""batch_size"": 4096, ""bias_correction"": false, ""epochs"": 500, ""family"": ""mlp"", ""features"": ""point"", ""hidden"": [512, 512, 256, 128], ""learning_rate"": 0.0005, ""loss_name"": ""mae"", ""patience"": 80, ""seed"": 2545, ""weight_decay"": 0.005}"
aba1336f34f7d6c0,0,0.16611890589002234,0.2549485022564422,mlp,point,True,-0.00286,3.85,"{""batch_size"": 4096, ""bias_correction"": true, ""epochs"": 500, ""family"": ""mlp"", ""features"": ""point"", ""hidden"": [1024, 512, 256], ""learning_rate"": 0.0005, ""loss_name"": ""mae"", ""patience"": 80, ""seed"": 6747, ""weight_decay"": 0.005}"
aba1336f34f7d6c0,1,0.16611890589002234,0.2549485022564422,mlp,point,True,-0.00286,8.1,"{""batch_size"": 4096, ""bias_correction"": true, ""epochs"": 500, ""family"": ""mlp"", ""features"": ""point"", ""hidden"": [1024, 512, 256], ""learning_rate"": 0.0005, ""loss_name"": ""mae"", ""patience"": 80, ""seed"": 6747, ""weight_decay"": 0.005}"
21a5565d79f8d698,4,0.16613048641761985,0.25521588952529256,mlp,point,False,0.0,4.9,"{""batch_size"": 4096, ""bias_correction"": false, ""epochs"": 500, ""family"": ""mlp"", ""features"": ""point"", ""hidden"": [512, 256, 128], ""learning_rate"": 0.002, ""loss_name"": ""mae"", ""patience"": 80, ""seed"": 9493, ""weight_decay"": 0.005}"
2ce19d1e914bebe1,3,0.16613760326489158,0.25651583220304036,mlp,point,False,0.0,7.32,"{""batch_size"": 4096, ""bias_correction"": false, ""epochs"": 500, ""family"": ""mlp"", ""features"": ""point"", ""hidden"": [256, 256, 128, 64], ""learning_rate"": 0.0002, ""loss_name"": ""mae"", ""patience"": 80, ""seed"": 5488, ""weight_decay"": 0.005}"
bf8ccc01fdc78108,3,0.16614169509104,0.25642703109510256,mlp,point,True,0.0019,6.86,"{""batch_size"": 4096, ""bias_correction"": true, ""epochs"": 500, ""family"": ""mlp"", ""features"": ""point"", ""hidden"": [512, 256, 128], ""learning_rate"": 0.0002, ""loss_name"": ""mae"", ""patience"": 80, ""seed"": 6613, ""weight_decay"": 0.001}"
85af4ca1eb3acc74,3,0.1661529195289713,0.25209280412114565,mlp,point,False,0.0,18.34,"{""batch_size"": 4096, ""bias_correction"": false, ""epochs"": 500, ""family"": ""mlp"", ""features"": ""point"", ""hidden"": [64, 32], ""learning_rate"": 0.0002, ""loss_name"": ""mae"", ""patience"": 80, ""seed"": 3706, ""weight_decay"": 0.001}"
9c82106c6e896835,3,0.16616146325347397,0.25509939400916715,mlp,point,True,0.00074,12.96,"{""batch_size"": 1024, ""bias_correction"": true, ""epochs"": 500, ""family"": ""mlp"", ""features"": ""point"", ""hidden"": [512, 512, 256, 128], ""learning_rate"": 0.0005, ""loss_name"": ""mae"", ""patience"": 50, ""seed"": 7211, ""weight_decay"": 0.01}"
c221a1e427b14c2b,5,0.16616489016761465,0.2532759557803477,mlp,point,True,0.00154,2.62,"{""batch_size"": 4096, ""bias_correction"": true, ""epochs"": 500, ""family"": ""mlp"", ""features"": ""point"", ""hidden"": [512, 512, 256, 128], ""learning_rate"": 0.002, ""loss_name"": ""mae"", ""patience"": 80, ""seed"": 7809, ""weight_decay"": 0.01}"
990d3a53b5ae6604,5,0.16616841851461583,0.25498082045876336,mlp,point,True,0.00117,3.48,"{""batch_size"": 4096, ""bias_correction"": true, ""epochs"": 500, ""family"": ""mlp"", ""features"": ""point"", ""hidden"": [256, 128, 64], ""learning_rate"": 0.0002, ""loss_name"": ""mae"", ""patience"": 30, ""seed"": 2789, ""weight_decay"": 0.01}"
439aed9c593683e9,3,0.16617467235028785,0.25252368400132946,mlp,point,True,-0.00597,2.74,"{""batch_size"": 4096, ""bias_correction"": true, ""epochs"": 500, ""family"": ""mlp"", ""features"": ""point"", ""hidden"": [512, 256, 128], ""learning_rate"": 0.002, ""loss_name"": ""mae"", ""patience"": 80, ""seed"": 8569, ""weight_decay"": 0.001}"
62cfe07ffd957838,1,0.16618502636611673,0.2511873220781671,mlp,point,False,0.0,5.66,"{""batch_size"": 4096, ""bias_correction"": false, ""epochs"": 500, ""family"": ""mlp"", ""features"": ""point"", ""hidden"": [256, 256, 128, 64], ""learning_rate"": 0.0003, ""loss_name"": ""huber"", ""patience"": 50, ""seed"": 4328, ""weight_decay"": 0.05}"
cbbb456b9d642020,2,0.1661873693445155,0.254088237153234,mlp,point,False,0.0,3.89,"{""batch_size"": 4096, ""bias_correction"": false, ""epochs"": 500, ""family"": ""mlp"", ""features"": ""point"", ""hidden"": [1024, 512, 256], ""learning_rate"": 0.0005, ""loss_name"": ""mae"", ""patience"": 80, ""seed"": 3335, ""weight_decay"": 0.001}"
599ea5be423bb4d5,3,0.1662005158446546,0.25671267992069285,mlp,point,False,0.0,5.92,"{""batch_size"": 4096, ""bias_correction"": false, ""epochs"": 500, ""family"": ""mlp"", ""features"": ""point"", ""hidden"": [512, 512, 256, 128], ""learning_rate"": 0.0005, ""loss_name"": ""mae"", ""patience"": 80, ""seed"": 2425, ""weight_decay"": 0.01}"
1ea860799581ae0c,0,0.16620906839166708,0.2512845904451382,mlp,point,True,-0.01081,5.62,"{""batch_size"": 4096, ""bias_correction"": true, ""epochs"": 500, ""family"": ""mlp"", ""features"": ""point"", ""hidden"": [64, 32], ""learning_rate"": 0.0005, ""loss_name"": ""huber"", ""patience"": 50, ""seed"": 7587, ""weight_decay"": 0.001}"
1ea860799581ae0c,1,0.16620906839166708,0.2512845904451382,mlp,point,True,-0.01081,12.28,"{""batch_size"": 4096, ""bias_correction"": true, ""epochs"": 500, ""family"": ""mlp"", ""features"": ""point"", ""hidden"": [64, 32], ""learning_rate"": 0.0005, ""loss_name"": ""huber"", ""patience"": 50, ""seed"": 7587, ""weight_decay"": 0.001}"
7ee97f59a4dc78e7,1,0.16621250228783033,0.25360541715238033,mlp,point,True,-0.0071,19.29,"{""batch_size"": 1024, ""bias_correction"": true, ""epochs"": 500, ""family"": ""mlp"", ""features"": ""point"", ""hidden"": [512, 256, 128], ""learning_rate"": 0.0005, ""loss_name"": ""huber"", ""patience"": 80, ""seed"": 621, ""weight_decay"": 0.001}"
8aa2c3d0edd47092,4,0.16621608664322937,0.2557020006926196,mlp,point,True,-0.00058,27.04,"{""batch_size"": 512, ""bias_correction"": true, ""epochs"": 500, ""family"": ""mlp"", ""features"": ""point"", ""hidden"": [128, 64, 32], ""learning_rate"": 0.0002, ""loss_name"": ""mae"", ""patience"": 80, ""seed"": 1410, ""weight_decay"": 0.05}"
0cd7f56e178618e1,4,0.16621855639948122,0.25226459523576344,mlp,point,True,-0.01209,7.7,"{""batch_size"": 4096, ""bias_correction"": true, ""epochs"": 500, ""family"": ""mlp"", ""features"": ""point"", ""hidden"": [64, 32], ""learning_rate"": 0.0002, ""loss_name"": ""huber"", ""patience"": 80, ""seed"": 6918, ""weight_decay"": 0.005}"
330ecadabcbba1b4,3,0.16623011570789523,0.25599627618285076,mlp,point,False,0.0,27.31,"{""batch_size"": 1024, ""bias_correction"": false, ""epochs"": 500, ""family"": ""mlp"", ""features"": ""point"", ""hidden"": [64, 32], ""learning_rate"": 0.0002, ""loss_name"": ""mae"", ""patience"": 30, ""seed"": 7825, ""weight_decay"": 0.001}"
bc4119de61768961,3,0.16623455258758982,0.25224103887390265,mlp,point,True,-0.00238,17.26,"{""batch_size"": 1024, ""bias_correction"": true, ""epochs"": 500, ""family"": ""mlp"", ""features"": ""point"", ""hidden"": [256, 128, 64], ""learning_rate"": 0.0002, ""loss_name"": ""mae"", ""patience"": 50, ""seed"": 1023, ""weight_decay"": 0.005}"
ff61bb825081a4d9,3,0.166239524865595,0.25709177031104014,mlp,point,True,-0.00204,17.71,"{""batch_size"": 1024, ""bias_correction"": true, ""epochs"": 500, ""family"": ""mlp"", ""features"": ""point"", ""hidden"": [1024, 512, 256], ""learning_rate"": 0.0005, ""loss_name"": ""mae"", ""patience"": 80, ""seed"": 7052, ""weight_decay"": 0.005}"
9e3afc696680ee18,5,0.1662432472705217,0.2553959641570302,mlp,point,False,0.0,6.34,"{""batch_size"": 4096, ""bias_correction"": false, ""epochs"": 500, ""family"": ""mlp"", ""features"": ""point"", ""hidden"": [512, 256, 128], ""learning_rate"": 0.0002, ""loss_name"": ""mae"", ""patience"": 80, ""seed"": 3423, ""weight_decay"": 0.001}"
9ba72a68f6e4560b,3,0.1662686690619963,0.25597992883785764,mlp,point,True,-0.00032,6.76,"{""batch_size"": 4096, ""bias_correction"": true, ""epochs"": 500, ""family"": ""mlp"", ""features"": ""point"", ""hidden"": [512, 256, 128], ""learning_rate"": 0.0002, ""loss_name"": ""mae"", ""patience"": 80, ""seed"": 7017, ""weight_decay"": 0.001}"
4b58b37174ac2209,1,0.16627119012928396,0.2552316022629191,mlp,point,True,0.00017,22.51,"{""batch_size"": 1024, ""bias_correction"": true, ""epochs"": 500, ""family"": ""mlp"", ""features"": ""point"", ""hidden"": [512, 256, 128], ""learning_rate"": 0.0002, ""loss_name"": ""mae"", ""patience"": 80, ""seed"": 9332, ""weight_decay"": 0.01}"
44b58ab57e5cbdcd,5,0.16627561459540777,0.25544355585934986,mlp,point,True,-4e-05,6.31,"{""batch_size"": 2048, ""bias_correction"": true, ""epochs"": 500, ""family"": ""mlp"", ""features"": ""point"", ""hidden"": [512, 256, 128], ""learning_rate"": 0.0002, ""loss_name"": ""mae"", ""patience"": 80, ""seed"": 7058, ""weight_decay"": 0.001}"
ec508cb316da3d9a,3,0.1663103020211058,0.25654536362872404,mlp,point,True,-0.00216,29.66,"{""batch_size"": 512, ""bias_correction"": true, ""epochs"": 500, ""family"": ""mlp"", ""features"": ""point"", ""hidden"": [256, 128, 64], ""learning_rate"": 0.0005, ""loss_name"": ""mae"", ""patience"": 50, ""seed"": 5110, ""weight_decay"": 0.001}"
9138a22ea8ddb75d,5,0.1663136448807062,0.2513437893787872,mlp,point,True,-0.0128,4.93,"{""batch_size"": 1024, ""bias_correction"": true, ""epochs"": 500, ""family"": ""mlp"", ""features"": ""point"", ""hidden"": [64, 32], ""learning_rate"": 0.0002, ""loss_name"": ""huber"", ""patience"": 30, ""seed"": 6700, ""weight_decay"": 0.001}"
79facbca36327ceb,1,0.16631772400156855,0.2553372827700772,mlp,point,False,0.0,6.75,"{""batch_size"": 4096, ""bias_correction"": false, ""epochs"": 500, ""family"": ""mlp"", ""features"": ""point"", ""hidden"": [128, 64, 32], ""learning_rate"": 0.0005, ""loss_name"": ""mae"", ""patience"": 50, ""seed"": 9828, ""weight_decay"": 0.01}"
39f5facabdea07ca,2,0.16632065152855027,0.2513911155449915,mlp,point,False,0.0,26.21,"{""batch_size"": 512, ""bias_correction"": false, ""epochs"": 500, ""family"": ""mlp"", ""features"": ""point"", ""hidden"": [64, 32], ""learning_rate"": 0.0005, ""loss_name"": ""huber"", ""patience"": 30, ""seed"": 5548, ""weight_decay"": 0.02}"
8197ffc4562c085c,5,0.16634523242353705,0.2510945317128954,mlp,point,True,-0.00948,5.51,"{""batch_size"": 4096, ""bias_correction"": true, ""epochs"": 500, ""family"": ""mlp"", ""features"": ""point"", ""hidden"": [512, 256, 128], ""learning_rate"": 0.0002, ""loss_name"": ""huber"", ""patience"": 80, ""seed"": 9092, ""weight_decay"": 0.001}"
6221f1987411029a,4,0.16636511721960018,0.25603094457806347,mlp,point,True,0.00221,6.37,"{""batch_size"": 4096, ""bias_correction"": true, ""epochs"": 500, ""family"": ""mlp"", ""features"": ""point"", ""hidden"": [256, 128, 64], ""learning_rate"": 0.0005, ""loss_name"": ""mae"", ""patience"": 80, ""seed"": 7935, ""weight_decay"": 0.05}"
f6384600c0798c29,5,0.16637905226364028,0.25842049936884753,mlp,point,True,0.0012,24.79,"{""batch_size"": 1024, ""bias_correction"": true, ""epochs"": 500, ""family"": ""mlp"", ""features"": ""point"", ""hidden"": [256, 256, 128, 64], ""learning_rate"": 0.0002, ""loss_name"": ""mae"", ""patience"": 80, ""seed"": 3510, ""weight_decay"": 0.001}"
aeb99ffcfb674ea8,4,0.16639840746158,0.25650434066705413,mlp,point,True,0.00223,21.77,"{""batch_size"": 512, ""bias_correction"": true, ""epochs"": 500, ""family"": ""mlp"", ""features"": ""point"", ""hidden"": [512, 256, 128], ""learning_rate"": 0.0002, ""loss_name"": ""mae"", ""patience"": 30, ""seed"": 2386, ""weight_decay"": 0.05}"
acf097227b036e3b,2,0.1663998230526885,0.25470989887290346,mlp,point,True,-0.00295,12.62,"{""batch_size"": 1024, ""bias_correction"": true, ""epochs"": 500, ""family"": ""mlp"", ""features"": ""point"", ""hidden"": [256, 128, 64], ""learning_rate"": 0.0002, ""loss_name"": ""mae"", ""patience"": 30, ""seed"": 9077, ""weight_decay"": 0.005}"
d8ee799359686014,4,0.16640004521090893,0.24921507050425798,mlp,point,True,-0.00869,2.74,"{""batch_size"": 4096, ""bias_correction"": true, ""epochs"": 500, ""family"": ""mlp"", ""features"": ""point"", ""hidden"": [256, 128, 64], ""learning_rate"": 0.0005, ""loss_name"": ""huber"", ""patience"": 30, ""seed"": 4258, ""weight_decay"": 0.05}"
07b05e556f353127,3,0.16640614574538318,0.25259540654316964,mlp,point,True,-0.00931,22.5,"{""batch_size"": 512, ""bias_correction"": true, ""epochs"": 500, ""family"": ""mlp"", ""features"": ""point"", ""hidden"": [512, 256, 128], ""learning_rate"": 0.0005, ""loss_name"": ""huber"", ""patience"": 50, ""seed"": 6291, ""weight_decay"": 0.01}"
970ca258cce9e4b2,2,0.16641363020432104,0.254750919180518,mlp,point,False,0.0,5.65,"{""batch_size"": 4096, ""bias_correction"": false, ""epochs"": 500, ""family"": ""mlp"", ""features"": ""point"", ""hidden"": [128, 64, 32], ""learning_rate"": 0.0005, ""loss_name"": ""mae"", ""patience"": 50, ""seed"": 7240, ""weight_decay"": 0.005}"
378a3ca88cf6b81c,3,0.16641809636986019,0.25507147056545615,mlp,point,False,0.0,48.46,"{""batch_size"": 512, ""bias_correction"": false, ""epochs"": 500, ""family"": ""mlp"", ""features"": ""point"", ""hidden"": [256, 128, 64], ""learning_rate"": 0.0002, ""loss_name"": ""mae"", ""patience"": 80, ""seed"": 7592, ""weight_decay"": 0.05}"
4fa39618edb17d2e,4,0.16644081545937844,0.25707215509950826,mlp,point,False,0.0,14.64,"{""batch_size"": 4096, ""bias_correction"": false, ""epochs"": 500, ""family"": ""mlp"", ""features"": ""point"", ""hidden"": [128, 64, 32], ""learning_rate"": 0.0002, ""loss_name"": ""mae"", ""patience"": 80, ""seed"": 6296, ""weight_decay"": 0.05}"
65c7d48b91c8ed17,5,0.1664426932224378,0.2543732282932111,mlp,point,False,0.0,12.92,"{""batch_size"": 4096, ""bias_correction"": false, ""epochs"": 500, ""family"": ""mlp"", ""features"": ""point"", ""hidden"": [64, 32], ""learning_rate"": 0.0002, ""loss_name"": ""mae"", ""patience"": 80, ""seed"": 3387, ""weight_decay"": 0.001}"
9f4dcb967cba167f,2,0.16645259372869253,0.2572280918868991,mlp,point,True,0.00239,7.96,"{""batch_size"": 1024, ""bias_correction"": true, ""epochs"": 500, ""family"": ""mlp"", ""features"": ""point"", ""hidden"": [1024, 512, 256], ""learning_rate"": 0.0005, ""loss_name"": ""mae"", ""patience"": 50, ""seed"": 896, ""weight_decay"": 0.01}"
2ad2363e1f678775,4,0.1664695209845857,0.25581486369519607,mlp,point,True,-0.0014,13.93,"{""batch_size"": 1024, ""bias_correction"": true, ""epochs"": 500, ""family"": ""mlp"", ""features"": ""point"", ""hidden"": [256, 128, 64], ""learning_rate"": 0.0002, ""loss_name"": ""mae"", ""patience"": 80, ""seed"": 3740, ""weight_decay"": 0.05}"
e173c44e9fa756a6,2,0.16647560632083575,0.2503440418113765,mlp,point,False,0.0,4.38,"{""batch_size"": 4096, ""bias_correction"": false, ""epochs"": 500, ""family"": ""mlp"", ""features"": ""point"", ""hidden"": [256, 128, 64], ""learning_rate"": 0.0005, ""loss_name"": ""huber"", ""patience"": 50, ""seed"": 3487, ""weight_decay"": 0.001}"
4abc3af46fb5004a,2,0.16650390682095065,0.2560694146686445,mlp,point,True,-0.00249,2.45,"{""batch_size"": 4096, ""bias_correction"": true, ""epochs"": 500, ""family"": ""mlp"", ""features"": ""point"", ""hidden"": [512, 512, 256, 128], ""learning_rate"": 0.0005, ""loss_name"": ""mae"", ""patience"": 30, ""seed"": 6517, ""weight_decay"": 0.005}"
ac0cedbe99e3d0a4,1,0.16650452206341085,0.24871601367593577,mlp,point,True,-0.00751,40.43,"{""batch_size"": 512, ""bias_correction"": true, ""epochs"": 500, ""family"": ""mlp"", ""features"": ""point"", ""hidden"": [512, 512, 256, 128], ""learning_rate"": 0.0002, ""loss_name"": ""huber"", ""patience"": 80, ""seed"": 1429, ""weight_decay"": 0.001}"
f2a3a6fde2733390,2,0.16651148993571374,0.2540078631803217,mlp,point,True,0.0023,10.05,"{""batch_size"": 4096, ""bias_correction"": true, ""epochs"": 500, ""family"": ""mlp"", ""features"": ""point"", ""hidden"": [64, 32], ""learning_rate"": 0.0005, ""loss_name"": ""mae"", ""patience"": 50, ""seed"": 956, ""weight_decay"": 0.05}"
1fd5f65ff3982695,2,0.16651685364816649,0.2560519733701648,mlp,point,True,0.00105,24.33,"{""batch_size"": 512, ""bias_correction"": true, ""epochs"": 500, ""family"": ""mlp"", ""features"": ""point"", ""hidden"": [64, 32], ""learning_rate"": 0.0003, ""loss_name"": ""mae"", ""patience"": 30, ""seed"": 7510, ""weight_decay"": 0.05}"
0b32ef2a61884337,5,0.16653361674862163,0.25584055822320795,mlp,point,True,0.00035,15.89,"{""batch_size"": 1024, ""bias_correction"": true, ""epochs"": 500, ""family"": ""mlp"", ""features"": ""point"", ""hidden"": [128, 64, 32], ""learning_rate"": 0.0005, ""loss_name"": ""mae"", ""patience"": 50, ""seed"": 6451, ""weight_decay"": 0.001}"
d897e7b23c043e8e,4,0.16654945854944764,0.254777293611483,mlp,point,True,-0.00283,6.85,"{""batch_size"": 1024, ""bias_correction"": true, ""epochs"": 500, ""family"": ""mlp"", ""features"": ""point"", ""hidden"": [512, 512, 256, 128], ""learning_rate"": 0.0005, ""loss_name"": ""mae"", ""patience"": 50, ""seed"": 5783, ""weight_decay"": 0.001}"
2a32cee570267885,5,0.16657551589115982,0.2564984411412284,mlp,point,False,0.0,15.99,"{""batch_size"": 512, ""bias_correction"": false, ""epochs"": 500, ""family"": ""mlp"", ""features"": ""point"", ""hidden"": [512, 256, 128], ""learning_rate"": 0.0003, ""loss_name"": ""mae"", ""patience"": 30, ""seed"": 5630, ""weight_decay"": 0.05}"
0e06ece86947ea19,0,0.16658046877657504,0.25781307619666793,mlp,point,True,0.00139,19.22,"{""batch_size"": 1024, ""bias_correction"": true, ""epochs"": 500, ""family"": ""mlp"", ""features"": ""point"", ""hidden"": [512, 256, 128], ""learning_rate"": 0.0002, ""loss_name"": ""mae"", ""patience"": 80, ""seed"": 510, ""weight_decay"": 0.01}"
0e06ece86947ea19,1,0.16658046877657504,0.25781307619666793,mlp,point,True,0.00139,25.85,"{""batch_size"": 1024, ""bias_correction"": true, ""epochs"": 500, ""family"": ""mlp"", ""features"": ""point"", ""hidden"": [512, 256, 128], ""learning_rate"": 0.0002, ""loss_name"": ""mae"", ""patience"": 80, ""seed"": 510, ""weight_decay"": 0.01}"
6cdb56ce60fba095,4,0.16658948559921136,0.2569146773417996,mlp,point,False,0.0,3.85,"{""batch_size"": 4096, ""bias_correction"": false, ""epochs"": 500, ""family"": ""mlp"", ""features"": ""point"", ""hidden"": [512, 256, 128], ""learning_rate"": 0.0003, ""loss_name"": ""mae"", ""patience"": 80, ""seed"": 9993, ""weight_decay"": 0.001}"
acef8ea35e70160b,5,0.16663902786750293,0.25608884544659477,mlp,point,False,0.0,7.38,"{""batch_size"": 1024, ""bias_correction"": false, ""epochs"": 500, ""family"": ""mlp"", ""features"": ""point"", ""hidden"": [512, 256, 128], ""learning_rate"": 0.0005, ""loss_name"": ""mae"", ""patience"": 50, ""seed"": 85, ""weight_decay"": 0.005}"
c4e7bea81e0cba92,0,0.16667254525307787,0.2560968105887805,mlp,point,False,0.0,2.71,"{""batch_size"": 4096, ""bias_correction"": false, ""epochs"": 500, ""family"": ""mlp"", ""features"": ""point"", ""hidden"": [128, 64, 32], ""learning_rate"": 0.0007, ""loss_name"": ""mae"", ""patience"": 50, ""seed"": 8266, ""weight_decay"": 0.01}"
c4e7bea81e0cba92,1,0.16667254525307787,0.2560968105887805,mlp,point,False,0.0,9.87,"{""batch_size"": 4096, ""bias_correction"": false, ""epochs"": 500, ""family"": ""mlp"", ""features"": ""point"", ""hidden"": [128, 64, 32], ""learning_rate"": 0.0007, ""loss_name"": ""mae"", ""patience"": 50, ""seed"": 8266, ""weight_decay"": 0.01}"
7ff9d83e3f49ee36,5,0.1666878395886049,0.2569012056593304,mlp,point,False,0.0,2.59,"{""batch_size"": 4096, ""bias_correction"": false, ""epochs"": 500, ""family"": ""mlp"", ""features"": ""point"", ""hidden"": [512, 256, 128], ""learning_rate"": 0.0002, ""loss_name"": ""mae"", ""patience"": 80, ""seed"": 1147, ""weight_decay"": 0.05}"
f743a00382577e5b,3,0.1667009080646663,0.25384399056893237,mlp,point,True,-0.00664,3.57,"{""batch_size"": 4096, ""bias_correction"": true, ""epochs"": 500, ""family"": ""mlp"", ""features"": ""point"", ""hidden"": [512, 512, 256, 128], ""learning_rate"": 0.0007, ""loss_name"": ""huber"", ""patience"": 80, ""seed"": 6190, ""weight_decay"": 0.01}"
1f5bdd5695ece43c,1,0.16670764870598487,0.2505770177473168,mlp,point,False,0.0,20.36,"{""batch_size"": 1024, ""bias_correction"": false, ""epochs"": 500, ""family"": ""mlp"", ""features"": ""point"", ""hidden"": [512, 256, 128], ""learning_rate"": 0.0002, ""loss_name"": ""huber"", ""patience"": 80, ""seed"": 1112, ""weight_decay"": 0.001}"
1da1673b0c92769c,1,0.166717763316909,0.2564315715151274,mlp,point,True,-0.00586,14.18,"{""batch_size"": 1024, ""bias_correction"": true, ""epochs"": 500, ""family"": ""mlp"", ""features"": ""point"", ""hidden"": [1024, 512, 256], ""learning_rate"": 0.0005, ""loss_name"": ""mae"", ""patience"": 80, ""seed"": 4089, ""weight_decay"": 0.005}"
fabfa3c31aed217d,5,0.16673592208291774,0.25505806653702234,mlp,point,False,0.0,23.84,"{""batch_size"": 512, ""bias_correction"": false, ""epochs"": 500, ""family"": ""mlp"", ""features"": ""point"", ""hidden"": [256, 128, 64], ""learning_rate"": 0.0002, ""loss_name"": ""mae"", ""patience"": 30, ""seed"": 3946, ""weight_decay"": 0.005}"
435e5dbb391c9831,4,0.1667411836441004,0.25521824199045207,mlp,point,True,-0.00248,6.47,"{""batch_size"": 4096, ""bias_correction"": true, ""epochs"": 500, ""family"": ""mlp"", ""features"": ""point"", ""hidden"": [512, 512, 256, 128], ""learning_rate"": 0.0002, ""loss_name"": ""mae"", ""patience"": 80, ""seed"": 3764, ""weight_decay"": 0.001}"
acb9f80e7b51826d,4,0.1667511913225509,0.2561997166035018,mlp,point,True,-0.00011,5.92,"{""batch_size"": 4096, ""bias_correction"": true, ""epochs"": 500, ""family"": ""mlp"", ""features"": ""point"", ""hidden"": [512, 256, 128], ""learning_rate"": 0.0002, ""loss_name"": ""mae"", ""patience"": 80, ""seed"": 705, ""weight_decay"": 0.001}"
ffad7ffb78a6c76c,5,0.16676258321731366,0.25270909539733627,mlp,point,True,-0.00743,2.46,"{""batch_size"": 4096, ""bias_correction"": true, ""epochs"": 500, ""family"": ""mlp"", ""features"": ""point"", ""hidden"": [512, 512, 256, 128], ""learning_rate"": 0.002, ""loss_name"": ""mae"", ""patience"": 80, ""seed"": 4285, ""weight_decay"": 0.001}"
aab7c9eaf2c61afe,4,0.16677992666079025,0.25627070514214867,mlp,point,True,0.003,4.15,"{""batch_size"": 4096, ""bias_correction"": true, ""epochs"": 500, ""family"": ""mlp"", ""features"": ""point"", ""hidden"": [512, 512, 256, 128], ""learning_rate"": 0.002, ""loss_name"": ""mae"", ""patience"": 50, ""seed"": 4399, ""weight_decay"": 0.005}"
393adbeb36bedcf1,5,0.16680042810235435,0.2563196798002802,mlp,point,True,-0.00128,13.52,"{""batch_size"": 1024, ""bias_correction"": true, ""epochs"": 500, ""family"": ""mlp"", ""features"": ""point"", ""hidden"": [256, 128, 64], ""learning_rate"": 0.002, ""loss_name"": ""mae"", ""patience"": 80, ""seed"": 2719, ""weight_decay"": 0.02}"
4f81a73338f2ad0f,4,0.16680055652617579,0.25479992758742576,mlp,point,True,0.00278,37.86,"{""batch_size"": 512, ""bias_correction"": true, ""epochs"": 500, ""family"": ""mlp"", ""features"": ""point"", ""hidden"": [256, 128, 64], ""learning_rate"": 0.002, ""loss_name"": ""mae"", ""patience"": 80, ""seed"": 1099, ""weight_decay"": 0.001}"
603e8d294f89e9be,5,0.16680717536609888,0.25375457703634724,mlp,point,True,-0.0001,4.4,"{""batch_size"": 4096, ""bias_correction"": true, ""epochs"": 500, ""family"": ""mlp"", ""features"": ""point"", ""hidden"": [512, 256, 128], ""learning_rate"": 0.0005, ""loss_name"": ""mae"", ""patience"": 50, ""seed"": 8246, ""weight_decay"": 0.001}"
b67e00fca9db3238,5,0.16685720761683098,0.25300944094286903,mlp,point,True,-0.00875,9.29,"{""batch_size"": 1024, ""bias_correction"": true, ""epochs"": 500, ""family"": ""mlp"", ""features"": ""point"", ""hidden"": [512, 256, 128], ""learning_rate"": 0.0002, ""loss_name"": ""huber"", ""patience"": 30, ""seed"": 6013, ""weight_decay"": 0.001}"
30c6b4ac4bcfe341,2,0.16687091215768465,0.2567498129556531,mlp,point,True,0.00181,10.63,"{""batch_size"": 1024, ""bias_correction"": true, ""epochs"": 500, ""family"": ""mlp"", ""features"": ""point"", ""hidden"": [256, 128, 64], ""learning_rate"": 0.0002, ""loss_name"": ""mae"", ""patience"": 30, ""seed"": 719, ""weight_decay"": 0.02}"
663878b97ba84bae,2,0.166883369460058,0.257636632357986,mlp,point,True,0.00132,23.39,"{""batch_size"": 512, ""bias_correction"": true, ""epochs"": 500, ""family"": ""mlp"", ""features"": ""point"", ""hidden"": [64, 32], ""learning_rate"": 0.0005, ""loss_name"": ""mae"", ""patience"": 30, ""seed"": 2132, ""weight_decay"": 0.01}"
28e3f9790bbac363,2,0.16689833269533935,0.25563093406060045,mlp,point,False,0.0,12.77,"{""batch_size"": 1024, ""bias_correction"": false, ""epochs"": 500, ""family"": ""mlp"", ""features"": ""point"", ""hidden"": [512, 512, 256, 128], ""learning_rate"": 0.0003, ""loss_name"": ""mae"", ""patience"": 50, ""seed"": 6900, ""weight_decay"": 0.01}"
865a4300648523b1,3,0.16690325340922904,0.25290724264077163,mlp,point,True,-0.00872,5.81,"{""batch_size"": 4096, ""bias_correction"": true, ""epochs"": 500, ""family"": ""mlp"", ""features"": ""point"", ""hidden"": [512, 256, 128], ""learning_rate"": 0.0003, ""loss_name"": ""huber"", ""patience"": 80, ""seed"": 7501, ""weight_decay"": 0.001}"
b970b3388a63967f,3,0.16690491931990364,0.257622434942411,mlp,point,False,0.0,31.42,"{""batch_size"": 512, ""bias_correction"": false, ""epochs"": 500, ""family"": ""mlp"", ""features"": ""point"", ""hidden"": [256, 128, 64], ""learning_rate"": 0.0003, ""loss_name"": ""mae"", ""patience"": 50, ""seed"": 8797, ""weight_decay"": 0.05}"
95bee404a22a1531,3,0.16691696454186808,0.25188441229906033,mlp,point,False,0.0,6.04,"{""batch_size"": 4096, ""bias_correction"": false, ""epochs"": 500, ""family"": ""mlp"", ""features"": ""point"", ""hidden"": [512, 256, 128], ""learning_rate"": 0.0002, ""loss_name"": ""huber"", ""patience"": 80, ""seed"": 3744, ""weight_decay"": 0.005}"
dbacb683a482987d,2,0.16693674768180186,0.25226985627404297,mlp,point,False,0.0,5.22,"{""batch_size"": 4096, ""bias_correction"": false, ""epochs"": 500, ""family"": ""mlp"", ""features"": ""point"", ""hidden"": [512, 512, 256, 128], ""learning_rate"": 0.001, ""loss_name"": ""huber"", ""patience"": 80, ""seed"": 5110, ""weight_decay"": 0.001}"
9efb80f9009fdf3f,3,0.1669470031259073,0.25466974135446635,mlp,point,False,0.0,7.07,"{""batch_size"": 4096, ""bias_correction"": false, ""epochs"": 500, ""family"": ""mlp"", ""features"": ""point"", ""hidden"": [512, 256, 128], ""learning_rate"": 0.0002, ""loss_name"": ""mae"", ""patience"": 80, ""seed"": 8900, ""weight_decay"": 0.001}"
b5080c14a5bf5d5f,5,0.16696815291550637,0.25664765454189975,mlp,point,True,-0.00318,4.06,"{""batch_size"": 4096, ""bias_correction"": true, ""epochs"": 500, ""family"": ""mlp"", ""features"": ""point"", ""hidden"": [512, 512, 256, 128], ""learning_rate"": 0.0002, ""loss_name"": ""mae"", ""patience"": 50, ""seed"": 6903, ""weight_decay"": 0.005}"
ac9dd2aec463e1d6,3,0.16697638476236826,0.25512066703389524,mlp,point,True,-0.00043,4.35,"{""batch_size"": 4096, ""bias_correction"": true, ""epochs"": 500, ""family"": ""mlp"", ""features"": ""point"", ""hidden"": [512, 256, 128], ""learning_rate"": 0.002, ""loss_name"": ""mae"", ""patience"": 80, ""seed"": 2389, ""weight_decay"": 0.02}"
28f843228f665854,3,0.16698434485084757,0.2568606290073814,mlp,point,True,-0.00121,2.54,"{""batch_size"": 2048, ""bias_correction"": true, ""epochs"": 500, ""family"": ""mlp"", ""features"": ""point"", ""hidden"": [512, 256, 128], ""learning_rate"": 0.0003, ""loss_name"": ""mae"", ""patience"": 30, ""seed"": 6703, ""weight_decay"": 0.001}"
16f6b8a61c84f9fd,5,0.16698844774914728,0.25722791439756587,mlp,point,False,0.0,4.61,"{""batch_size"": 4096, ""bias_correction"": false, ""epochs"": 500, ""family"": ""mlp"", ""features"": ""point"", ""hidden"": [512, 256, 128], ""learning_rate"": 0.002, ""loss_name"": ""mae"", ""patience"": 80, ""seed"": 2054, ""weight_decay"": 0.05}"
7b0b665159b2101d,1,0.16700957222205365,0.256725965969991,mlp,point,True,-0.00182,21.88,"{""batch_size"": 1024, ""bias_correction"": true, ""epochs"": 500, ""family"": ""mlp"", ""features"": ""point"", ""hidden"": [256, 128, 64], ""learning_rate"": 0.002, ""loss_name"": ""mae"", ""patience"": 80, ""seed"": 7935, ""weight_decay"": 0.01}"
e93f4cef28e2ecf8,1,0.16701960664731239,0.2500092200951797,mlp,point,False,0.0,15.7,"{""batch_size"": 1024, ""bias_correction"": false, ""epochs"": 500, ""family"": ""mlp"", ""features"": ""point"", ""hidden"": [256, 128, 64], ""learning_rate"": 0.0003, ""loss_name"": ""huber"", ""patience"": 50, ""seed"": 135, ""weight_decay"": 0.05}"
3b1e210a93f75bbd,3,0.16703594171623795,0.2573060998778693,mlp,point,False,0.0,13.1,"{""batch_size"": 1024, ""bias_correction"": false, ""epochs"": 500, ""family"": ""mlp"", ""features"": ""point"", ""hidden"": [256, 128, 64], ""learning_rate"": 0.0003, ""loss_name"": ""mae"", ""patience"": 50, ""seed"": 6573, ""weight_decay"": 0.005}"
aa4586798a723834,3,0.16703887951797022,0.25609951439789325,mlp,point,False,0.0,7.88,"{""batch_size"": 1024, ""bias_correction"": false, ""epochs"": 500, ""family"": ""mlp"", ""features"": ""point"", ""hidden"": [512, 256, 128], ""learning_rate"": 0.002, ""loss_name"": ""mae"", ""patience"": 80, ""seed"": 8288, ""weight_decay"": 0.001}"
e4f7aaa5e603d38f,3,0.1670510667668821,0.2557134972362118,mlp,point,True,0.00198,3.5,"{""batch_size"": 4096, ""bias_correction"": true, ""epochs"": 500, ""family"": ""mlp"", ""features"": ""point"", ""hidden"": [512, 256, 128], ""learning_rate"": 0.002, ""loss_name"": ""mae"", ""patience"": 50, ""seed"": 3541, ""weight_decay"": 0.001}"
3c506a5befd572d9,4,0.16705710247985256,0.253456585347053,mlp,point,True,-0.01657,22.19,"{""batch_size"": 512, ""bias_correction"": true, ""epochs"": 500, ""family"": ""mlp"", ""features"": ""point"", ""hidden"": [256, 128, 64], ""learning_rate"": 0.0007, ""loss_name"": ""huber"", ""patience"": 80, ""seed"": 6741, ""weight_decay"": 0.05}"
210a2ec16c901e77,1,0.16706054836836295,0.25333461158016735,mlp,point,True,-0.00138,29.34,"{""batch_size"": 512, ""bias_correction"": true, ""epochs"": 500, ""family"": ""mlp"", ""features"": ""point"", ""hidden"": [512, 512, 256, 128], ""learning_rate"": 0.0005, ""loss_name"": ""mae"", ""patience"": 50, ""seed"": 1993, ""weight_decay"": 0.01}"
d21620132db68b2a,2,0.16706294068740932,0.25777799261311435,mlp,point,True,-0.00116,18.27,"{""batch_size"": 512, ""bias_correction"": true, ""epochs"": 500, ""family"": ""mlp"", ""features"": ""point"", ""hidden"": [256, 128, 64], ""learning_rate"": 0.0003, ""loss_name"": ""mae"", ""patience"": 30, ""seed"": 1139, ""weight_decay"": 0.05}"
c51f0db50612b5d8,1,0.16706967471468354,0.249824324102663,mlp,point,False,0.0,6.72,"{""batch_size"": 4096, ""bias_correction"": false, ""epochs"": 500, ""family"": ""mlp"", ""features"": ""point"", ""hidden"": [256, 128, 64], ""learning_rate"": 0.0002, ""loss_name"": ""huber"", ""patience"": 30, ""seed"": 2367, ""weight_decay"": 0.05}"
7618ccd86c1f7d7f,2,0.16708751104905864,0.2549035695531042,mlp,point,True,-0.00255,31.49,"{""batch_size"": 1024, ""bias_correction"": true, ""epochs"": 500, ""family"": ""mlp"", ""features"": ""point"", ""hidden"": [64, 32], ""learning_rate"": 0.0002, ""loss_name"": ""mae"", ""patience"": 30, ""seed"": 7100, ""weight_decay"": 0.02}"
08092f88fd75efa7,1,0.16709131531553417,0.2454085174649836,mlp,point,False,0.0,13.06,"{""batch_size"": 1024, ""bias_correction"": false, ""epochs"": 500, ""family"": ""mlp"", ""features"": ""point"", ""hidden"": [256, 128, 64], ""learning_rate"": 0.02, ""loss_name"": ""huber"", ""patience"": 50, ""seed"": 2415, ""weight_decay"": 0.001}"
1f048db2df0ff86e,3,0.16709583602020203,0.25904943873470976,mlp,point,True,0.00199,10.12,"{""batch_size"": 1024, ""bias_correction"": true, ""epochs"": 500, ""family"": ""mlp"", ""features"": ""point"", ""hidden"": [128, 64, 32], ""learning_rate"": 0.002, ""loss_name"": ""mae"", ""patience"": 80, ""seed"": 3507, ""weight_decay"": 0.001}"
de21c48524425b79,1,0.16711712649927216,0.25271288391712976,mlp,point,False,0.0,12.04,"{""batch_size"": 1024, ""bias_correction"": false, ""epochs"": 500, ""family"": ""mlp"", ""features"": ""point"", ""hidden"": [256, 128, 64], ""learning_rate"": 0.0002, ""loss_name"": ""huber"", ""patience"": 30, ""seed"": 8657, ""weight_decay"": 0.05}"
410bb4785c406c8a,4,0.16712215012957224,0.259030655177335,mlp,point,False,0.0,15.66,"{""batch_size"": 512, ""bias_correction"": false, ""epochs"": 500, ""family"": ""mlp"", ""features"": ""point"", ""hidden"": [128, 64, 32], ""learning_rate"": 0.0002, ""loss_name"": ""mae"", ""patience"": 30, ""seed"": 1978, ""weight_decay"": 0.05}"
8b3bb9d74cec16a0,0,0.16712682620821523,0.25200291748952014,mlp,point,False,0.0,10.75,"{""batch_size"": 4096, ""bias_correction"": false, ""epochs"": 500, ""family"": ""mlp"", ""features"": ""point"", ""hidden"": [64, 32], ""learning_rate"": 0.0007, ""loss_name"": ""huber"", ""patience"": 80, ""seed"": 1557, ""weight_decay"": 0.05}"
8b3bb9d74cec16a0,1,0.16712682620821523,0.25200291748952014,mlp,point,False,0.0,12.72,"{""batch_size"": 4096, ""bias_correction"": false, ""epochs"": 500, ""family"": ""mlp"", ""features"": ""point"", ""hidden"": [64, 32], ""learning_rate"": 0.0007, ""loss_name"": ""huber"", ""patience"": 80, ""seed"": 1557, ""weight_decay"": 0.05}"
783da4c2cbe34f9d,1,0.16715721141462367,0.2557608032106689,mlp,point,True,-0.00497,23.91,"{""batch_size"": 1024, ""bias_correction"": true, ""epochs"": 500, ""family"": ""mlp"", ""features"": ""point"", ""hidden"": [256, 256, 128, 64], ""learning_rate"": 0.0005, ""loss_name"": ""mae"", ""patience"": 80, ""seed"": 2076, ""weight_decay"": 0.005}"
147075e043fb1014,4,0.16715960583684508,0.25639293850781275,mlp,point,False,0.0,15.21,"{""batch_size"": 512, ""bias_correction"": false, ""epochs"": 500, ""family"": ""mlp"", ""features"": ""point"", ""hidden"": [64, 32], ""learning_rate"": 0.0005, ""loss_name"": ""mae"", ""patience"": 30, ""seed"": 7289, ""weight_decay"": 0.05}"
b919d5506aae5fbe,3,0.16716705486991923,0.2558695903541405,mlp,point,True,0.00724,14.72,"{""batch_size"": 1024, ""bias_correction"": true, ""epochs"": 500, ""family"": ""mlp"", ""features"": ""point"", ""hidden"": [512, 512, 256, 128], ""learning_rate"": 0.0007, ""loss_name"": ""mae"", ""patience"": 80, ""seed"": 5156, ""weight_decay"": 0.01}"
207d78143302e52f,1,0.16717448539977858,0.2558949295226784,mlp,point,True,-0.00275,27.64,"{""batch_size"": 512, ""bias_correction"": true, ""epochs"": 500, ""family"": ""mlp"", ""features"": ""point"", ""hidden"": [256, 128, 64], ""learning_rate"": 0.002, ""loss_name"": ""mae"", ""patience"": 50, ""seed"": 9050, ""weight_decay"": 0.01}"
1d5ea7fbdbf3c6ac,1,0.16717933573369495,0.2513031622106267,mlp,point,False,0.0,9.97,"{""batch_size"": 4096, ""bias_correction"": false, ""epochs"": 500, ""family"": ""mlp"", ""features"": ""point"", ""hidden"": [128, 64, 32], ""learning_rate"": 0.0003, ""loss_name"": ""huber"", ""patience"": 80, ""seed"": 5758, ""weight_decay"": 0.05}"
999da0f0d70317cd,0,0.16718055044044575,0.2513577699797263,mlp,point,False,0.0,8.08,"{""batch_size"": 1024, ""bias_correction"": false, ""epochs"": 500, ""family"": ""mlp"", ""features"": ""point"", ""hidden"": [256, 128, 64], ""learning_rate"": 0.0002, ""loss_name"": ""huber"", ""patience"": 30, ""seed"": 2604, ""weight_decay"": 0.05}"
999da0f0d70317cd,1,0.16718055044044575,0.2513577699797263,mlp,point,False,0.0,14.97,"{""batch_size"": 1024, ""bias_correction"": false, ""epochs"": 500, ""family"": ""mlp"", ""features"": ""point"", ""hidden"": [256, 128, 64], ""learning_rate"": 0.0002, ""loss_name"": ""huber"", ""patience"": 30, ""seed"": 2604, ""weight_decay"": 0.05}"
7aff5e66fdf03d25,5,0.16718267688699712,0.25480402115502643,mlp,point,True,-0.0016,15.31,"{""batch_size"": 1024, ""bias_correction"": true, ""epochs"": 500, ""family"": ""mlp"", ""features"": ""point"", ""hidden"": [64, 32], ""learning_rate"": 0.0002, ""loss_name"": ""mae"", ""patience"": 80, ""seed"": 175, ""weight_decay"": 0.05}"
8dabfe76bfa6f0dc,5,0.1672168614325965,0.25511063610985835,mlp,point,False,0.0,4.68,"{""batch_size"": 4096, ""bias_correction"": false, ""epochs"": 500, ""family"": ""mlp"", ""features"": ""point"", ""hidden"": [512, 512, 256, 128], ""learning_rate"": 0.002, ""loss_name"": ""huber"", ""patience"": 80, ""seed"": 5034, ""weight_decay"": 0.001}"
b6e6d459f40e9030,4,0.1672306993316516,0.25801709130873,mlp,point,True,0.00121,5.54,"{""batch_size"": 1024, ""bias_correction"": true, ""epochs"": 500, ""family"": ""mlp"", ""features"": ""point"", ""hidden"": [256, 128, 64], ""learning_rate"": 0.0007, ""loss_name"": ""mae"", ""patience"": 80, ""seed"": 529, ""weight_decay"": 0.05}"
fb3e570d6496ac3e,4,0.16723900408166234,0.251797442618773,mlp,point,False,0.0,4.18,"{""batch_size"": 4096, ""bias_correction"": false, ""epochs"": 500, ""family"": ""mlp"", ""features"": ""point"", ""hidden"": [128, 64, 32], ""learning_rate"": 0.0002, ""loss_name"": ""huber"", ""patience"": 80, ""seed"": 8223, ""weight_decay"": 0.05}"
88c239ace2d58492,1,0.16724621814133603,0.24990423076650273,mlp,point,False,0.0,11.24,"{""batch_size"": 4096, ""bias_correction"": false, ""epochs"": 500, ""family"": ""mlp"", ""features"": ""point"", ""hidden"": [128, 64, 32], ""learning_rate"": 0.0002, ""loss_name"": ""huber"", ""patience"": 80, ""seed"": 6813, ""weight_decay"": 0.005}"
971d4e4bff74e690,3,0.16725927023865045,0.2520947363684104,mlp,point,True,-0.00585,4.68,"{""batch_size"": 4096, ""bias_correction"": true, ""epochs"": 500, ""family"": ""mlp"", ""features"": ""point"", ""hidden"": [512, 512, 256, 128], ""learning_rate"": 0.0007, ""loss_name"": ""huber"", ""patience"": 80, ""seed"": 2061, ""weight_decay"": 0.01}"
df7d56492a43e39b,3,0.16731867054793895,0.2572420503460805,mlp,point,False,0.0,4.76,"{""batch_size"": 4096, ""bias_correction"": false, ""epochs"": 500, ""family"": ""mlp"", ""features"": ""point"", ""hidden"": [64, 32], ""learning_rate"": 0.002, ""loss_name"": ""mae"", ""patience"": 50, ""seed"": 8899, ""weight_decay"": 0.001}"
3da8186e74bda117,2,0.1673724834466534,0.25192758127201664,mlp,point,False,0.0,4.2,"{""batch_size"": 4096, ""bias_correction"": false, ""epochs"": 500, ""family"": ""mlp"", ""features"": ""point"", ""hidden"": [512, 512, 256, 128], ""learning_rate"": 0.0002, ""loss_name"": ""huber"", ""patience"": 80, ""seed"": 562, ""weight_decay"": 0.001}"
8833ebba6d4a8038,5,0.16749125520773955,0.2563534405998566,mlp,point,True,-1e-05,27.96,"{""batch_size"": 512, ""bias_correction"": true, ""epochs"": 500, ""family"": ""mlp"", ""features"": ""point"", ""hidden"": [64, 32], ""learning_rate"": 0.0005, ""loss_name"": ""mae"", ""patience"": 80, ""seed"": 3164, ""weight_decay"": 0.05}"
f551bd317ce6f901,2,0.167499062392261,0.2530071084558874,mlp,point,True,-0.00235,33.43,"{""batch_size"": 512, ""bias_correction"": true, ""epochs"": 500, ""family"": ""mlp"", ""features"": ""point"", ""hidden"": [512, 512, 256, 128], ""learning_rate"": 0.0005, ""loss_name"": ""huber"", ""patience"": 80, ""seed"": 4145, ""weight_decay"": 0.01}"
cdd048f033fc74ed,1,0.16751402210312064,0.2536843861107413,mlp,point,True,-0.00904,14.77,"{""batch_size"": 1024, ""bias_correction"": true, ""epochs"": 500, ""family"": ""mlp"", ""features"": ""point"", ""hidden"": [256, 128, 64], ""learning_rate"": 0.002, ""loss_name"": ""huber"", ""patience"": 50, ""seed"": 1656, ""weight_decay"": 0.005}"
6db940d433dc690f,5,0.16752617404738612,0.25876590749773576,mlp,point,True,-7e-05,19.22,"{""batch_size"": 1024, ""bias_correction"": true, ""epochs"": 500, ""family"": ""mlp"", ""features"": ""point"", ""hidden"": [512, 512, 256, 128], ""learning_rate"": 0.0005, ""loss_name"": ""mae"", ""patience"": 80, ""seed"": 5699, ""weight_decay"": 0.01}"
b72300207beb92e2,2,0.16757085483255843,0.2511563513031065,mlp,point,True,-0.0085,10.99,"{""batch_size"": 2048, ""bias_correction"": true, ""epochs"": 500, ""family"": ""mlp"", ""features"": ""point"", ""hidden"": [256, 128, 64], ""learning_rate"": 0.0002, ""loss_name"": ""huber"", ""patience"": 80, ""seed"": 2924, ""weight_decay"": 0.005}"
a746e89d0879d019,5,0.16758315695563822,0.25659911741952685,mlp,point,True,0.00245,26.02,"{""batch_size"": 512, ""bias_correction"": true, ""epochs"": 500, ""family"": ""mlp"", ""features"": ""point"", ""hidden"": [128, 64, 32], ""learning_rate"": 0.0005, ""loss_name"": ""mae"", ""patience"": 80, ""seed"": 7017, ""weight_decay"": 0.001}"
3d2b84fdb343fccc,4,0.16759729906439477,0.2556881598815766,mlp,point,False,0.0,26.25,"{""batch_size"": 512, ""bias_correction"": false, ""epochs"": 500, ""family"": ""mlp"", ""features"": ""point"", ""hidden"": [512, 256, 128], ""learning_rate"": 0.002, ""loss_name"": ""mae"", ""patience"": 80, ""seed"": 1037, ""weight_decay"": 0.001}"
deffbb1af011453e,4,0.16762526728962668,0.2579862316197643,mlp,point,True,-0.00077,12.38,"{""batch_size"": 4096, ""bias_correction"": true, ""epochs"": 500, ""family"": ""mlp"", ""features"": ""point"", ""hidden"": [128, 64, 32], ""learning_rate"": 0.0003, ""loss_name"": ""mae"", ""patience"": 80, ""seed"": 2429, ""weight_decay"": 0.005}"
eb526dd45c4b442b,3,0.16765514944672236,0.25272095652639526,mlp,point,True,-0.00975,3.08,"{""batch_size"": 4096, ""bias_correction"": true, ""epochs"": 500, ""family"": ""mlp"", ""features"": ""point"", ""hidden"": [64, 32], ""learning_rate"": 0.002, ""loss_name"": ""huber"", ""patience"": 80, ""seed"": 7702, ""weight_decay"": 0.005}"
8459fe3b63190a89,1,0.1676602748363333,0.25568346956746507,mlp,point,True,-0.00151,9.95,"{""batch_size"": 1024, ""bias_correction"": true, ""epochs"": 500, ""family"": ""mlp"", ""features"": ""point"", ""hidden"": [512, 256, 128], ""learning_rate"": 0.002, ""loss_name"": ""huber"", ""patience"": 30, ""seed"": 2675, ""weight_decay"": 0.001}"
3011719824fde968,2,0.16772611373311475,0.25048659147721036,mlp,point,True,-0.00603,14.91,"{""batch_size"": 512, ""bias_correction"": true, ""epochs"": 500, ""family"": ""mlp"", ""features"": ""point"", ""hidden"": [512, 512, 256, 128], ""learning_rate"": 0.0005, ""loss_name"": ""huber"", ""patience"": 30, ""seed"": 3368, ""weight_decay"": 0.01}"
af4796337188cf68,5,0.16774921344377072,0.25746415595621486,mlp,point,False,0.0,4.74,"{""batch_size"": 4096, ""bias_correction"": false, ""epochs"": 500, ""family"": ""mlp"", ""features"": ""point"", ""hidden"": [512, 256, 128], ""learning_rate"": 0.0002, ""loss_name"": ""mae"", ""patience"": 50, ""seed"": 936, ""weight_decay"": 0.01}"
2d682690c64d25c8,5,0.1677997528675902,0.25164066162784454,mlp,point,False,0.0,14.31,"{""batch_size"": 4096, ""bias_correction"": false, ""epochs"": 500, ""family"": ""mlp"", ""features"": ""point"", ""hidden"": [128, 64, 32], ""learning_rate"": 0.0002, ""loss_name"": ""huber"", ""patience"": 80, ""seed"": 8455, ""weight_decay"": 0.001}"
97d0b44bf1040370,5,0.16780489515979113,0.2579456417266865,mlp,point,True,0.00077,2.16,"{""batch_size"": 4096, ""bias_correction"": true, ""epochs"": 500, ""family"": ""mlp"", ""features"": ""point"", ""hidden"": [512, 512, 256, 128], ""learning_rate"": 0.002, ""loss_name"": ""mae"", ""patience"": 80, ""seed"": 1877, ""weight_decay"": 0.05}"
7a07f8457c8b10d2,0,0.16782512863904606,0.25705467379293506,mlp,point,True,-0.00201,13.84,"{""batch_size"": 512, ""bias_correction"": true, ""epochs"": 500, ""family"": ""mlp"", ""features"": ""point"", ""hidden"": [512, 512, 256, 128], ""learning_rate"": 0.0005, ""loss_name"": ""mae"", ""patience"": 50, ""seed"": 3632, ""weight_decay"": 0.01}"
7a07f8457c8b10d2,1,0.16782512863904606,0.25705467379293506,mlp,point,True,-0.00201,28.49,"{""batch_size"": 512, ""bias_correction"": true, ""epochs"": 500, ""family"": ""mlp"", ""features"": ""point"", ""hidden"": [512, 512, 256, 128], ""learning_rate"": 0.0005, ""loss_name"": ""mae"", ""patience"": 50, ""seed"": 3632, ""weight_decay"": 0.01}"
5b051edc6f14586f,0,0.16786783629315633,0.25684968826929183,mlp,point,True,-0.00198,9.88,"{""batch_size"": 1024, ""bias_correction"": true, ""epochs"": 500, ""family"": ""mlp"", ""features"": ""point"", ""hidden"": [256, 128, 64], ""learning_rate"": 0.002, ""loss_name"": ""huber"", ""patience"": 50, ""seed"": 902, ""weight_decay"": 0.005}"
5b051edc6f14586f,1,0.16786783629315633,0.25684968826929183,mlp,point,True,-0.00198,13.12,"{""batch_size"": 1024, ""bias_correction"": true, ""epochs"": 500, ""family"": ""mlp"", ""features"": ""point"", ""hidden"": [256, 128, 64], ""learning_rate"": 0.002, ""loss_name"": ""huber"", ""patience"": 50, ""seed"": 902, ""weight_decay"": 0.005}"
02ee08e4fba01e1b,2,0.16790107796930304,0.2539307643251879,mlp,point,False,0.0,2.85,"{""batch_size"": 4096, ""bias_correction"": false, ""epochs"": 500, ""family"": ""mlp"", ""features"": ""point"", ""hidden"": [512, 512, 256, 128], ""learning_rate"": 0.0005, ""loss_name"": ""huber"", ""patience"": 50, ""seed"": 9391, ""weight_decay"": 0.01}"
95140a54399ad488,3,0.16796648647190066,0.25825727125608267,mlp,point,True,-0.00263,21.05,"{""batch_size"": 1024, ""bias_correction"": true, ""epochs"": 500, ""family"": ""mlp"", ""features"": ""point"", ""hidden"": [512, 256, 128], ""learning_rate"": 0.0002, ""loss_name"": ""mae"", ""patience"": 80, ""seed"": 7027, ""weight_decay"": 0.001}"
aa02751eb14b1b8f,1,0.16800232073976598,0.2562454752827152,mlp,point,True,0.00808,26.87,"{""batch_size"": 512, ""bias_correction"": true, ""epochs"": 500, ""family"": ""mlp"", ""features"": ""point"", ""hidden"": [512, 512, 256, 128], ""learning_rate"": 0.0005, ""loss_name"": ""huber"", ""patience"": 50, ""seed"": 6334, ""weight_decay"": 0.01}"
6654a408f2ed8e4c,0,0.1680228686185346,0.2518096991335261,mlp,point,False,0.0,5.62,"{""batch_size"": 4096, ""bias_correction"": false, ""epochs"": 500, ""family"": ""mlp"", ""features"": ""point"", ""hidden"": [128, 64, 32], ""learning_rate"": 0.0002, ""loss_name"": ""huber"", ""patience"": 80, ""seed"": 9323, ""weight_decay"": 0.05}"
6654a408f2ed8e4c,1,0.1680228686185346,0.2518096991335261,mlp,point,False,0.0,11.22,"{""batch_size"": 4096, ""bias_correction"": false, ""epochs"": 500, ""family"": ""mlp"", ""features"": ""point"", ""hidden"": [128, 64, 32], ""learning_rate"": 0.0002, ""loss_name"": ""huber"", ""patience"": 80, ""seed"": 9323, ""weight_decay"": 0.05}"
d1feb10b134c284d,2,0.16809239481369767,0.2529675141588344,mlp,point,True,-0.01013,7.15,"{""batch_size"": 4096, ""bias_correction"": true, ""epochs"": 500, ""family"": ""mlp"", ""features"": ""point"", ""hidden"": [64, 32], ""learning_rate"": 0.0005, ""loss_name"": ""huber"", ""patience"": 30, ""seed"": 9278, ""weight_decay"": 0.02}"
f85e6f1abbb6a3ef,1,0.16825263153574233,0.25201331409335553,mlp,point,False,0.0,10.74,"{""batch_size"": 4096, ""bias_correction"": false, ""epochs"": 500, ""family"": ""mlp"", ""features"": ""point"", ""hidden"": [128, 64, 32], ""learning_rate"": 0.0002, ""loss_name"": ""huber"", ""patience"": 80, ""seed"": 4263, ""weight_decay"": 0.05}"
5a4265fdc71bc6db,0,0.16827204459443448,0.2511982378495115,mlp,trajectory,True,-0.00438,28.73,"{""batch_size"": 512, ""bias_correction"": true, ""epochs"": 500, ""family"": ""mlp"", ""features"": ""trajectory"", ""hidden"": [512, 512, 256, 128], ""learning_rate"": 0.0005, ""loss_name"": ""huber"", ""patience"": 80, ""seed"": 7258, ""weight_decay"": 0.001}"
97375027b78cabbf,2,0.1683995616800047,0.25852699572545323,mlp,point,True,-0.0016,11.25,"{""batch_size"": 4096, ""bias_correction"": true, ""epochs"": 500, ""family"": ""mlp"", ""features"": ""point"", ""hidden"": [64, 32], ""learning_rate"": 0.0002, ""loss_name"": ""mae"", ""patience"": 80, ""seed"": 1161, ""weight_decay"": 0.005}"
d587c771c012ed68,1,0.16844420376584113,0.2554845754027965,mlp,trajectory,True,0.00104,19.96,"{""batch_size"": 1024, ""bias_correction"": true, ""epochs"": 500, ""family"": ""mlp"", ""features"": ""trajectory"", ""hidden"": [512, 256, 128], ""learning_rate"": 0.0005, ""loss_name"": ""mae"", ""patience"": 80, ""seed"": 9545, ""weight_decay"": 0.001}"
46569b6d15dc4297,2,0.16855063901031114,0.2533478485327433,mlp,point,False,0.0,14.8,"{""batch_size"": 4096, ""bias_correction"": false, ""epochs"": 500, ""family"": ""mlp"", ""features"": ""point"", ""hidden"": [64, 32], ""learning_rate"": 0.0002, ""loss_name"": ""huber"", ""patience"": 80, ""seed"": 3655, ""weight_decay"": 0.001}"
d8b42b8436632bc2,1,0.16858610721151795,0.2552105745360631,mlp,trajectory,False,0.0,4.65,"{""batch_size"": 1024, ""bias_correction"": false, ""epochs"": 500, ""family"": ""mlp"", ""features"": ""trajectory"", ""hidden"": [512, 512, 256, 128], ""learning_rate"": 0.0003, ""loss_name"": ""mae"", ""patience"": 30, ""seed"": 5107, ""weight_decay"": 0.01}"
b160d7df8898b847,5,0.16859255491925093,0.2490562606250421,mlp,trajectory,True,-0.02286,3.07,"{""batch_size"": 4096, ""bias_correction"": true, ""epochs"": 500, ""family"": ""mlp"", ""features"": ""trajectory"", ""hidden"": [512, 512, 256, 128], ""learning_rate"": 0.002, ""loss_name"": ""huber"", ""patience"": 80, ""seed"": 6561, ""weight_decay"": 0.05}"
664ea52ace1b38b9,1,0.16864863058827276,0.25282023157368133,mlp,trajectory,True,-0.00617,39.7,"{""batch_size"": 512, ""bias_correction"": true, ""epochs"": 500, ""family"": ""mlp"", ""features"": ""trajectory"", ""hidden"": [256, 128, 64], ""learning_rate"": 0.0005, ""loss_name"": ""huber"", ""patience"": 80, ""seed"": 7093, ""weight_decay"": 0.001}"
74acdab53245b4b4,0,0.1689778509873539,0.256107685375693,mlp,trajectory,False,0.0,8.89,"{""batch_size"": 1024, ""bias_correction"": false, ""epochs"": 500, ""family"": ""mlp"", ""features"": ""trajectory"", ""hidden"": [512, 256, 128], ""learning_rate"": 0.0005, ""loss_name"": ""huber"", ""patience"": 80, ""seed"": 9636, ""weight_decay"": 0.001}"
01bd57ebafb5af15,3,0.16904564079255446,0.2562798564637346,mlp,trajectory,True,-0.00545,3.2,"{""batch_size"": 4096, ""bias_correction"": true, ""epochs"": 500, ""family"": ""mlp"", ""features"": ""trajectory"", ""hidden"": [1024, 512, 256], ""learning_rate"": 0.0002, ""loss_name"": ""mae"", ""patience"": 50, ""seed"": 5857, ""weight_decay"": 0.005}"
deb485da158e53d0,0,0.16907355745923738,0.2532722364662991,mlp,point,False,0.0,14.49,"{""batch_size"": 4096, ""bias_correction"": false, ""epochs"": 500, ""family"": ""mlp"", ""features"": ""point"", ""hidden"": [128, 64, 32], ""learning_rate"": 0.0002, ""loss_name"": ""huber"", ""patience"": 80, ""seed"": 589, ""weight_decay"": 0.001}"
859bc566050fa020,0,0.16913641080332578,0.2567981514762768,mlp,trajectory,True,-0.00266,4.65,"{""batch_size"": 4096, ""bias_correction"": true, ""epochs"": 500, ""family"": ""mlp"", ""features"": ""trajectory"", ""hidden"": [256, 256, 128, 64], ""learning_rate"": 0.0007, ""loss_name"": ""mae"", ""patience"": 80, ""seed"": 129, ""weight_decay"": 0.005}"
7f64ce8fcdea445a,1,0.16929794318059269,0.2528684599750774,mlp,trajectory,True,-0.0065,3.77,"{""batch_size"": 4096, ""bias_correction"": true, ""epochs"": 500, ""family"": ""mlp"", ""features"": ""trajectory"", ""hidden"": [1024, 512, 256], ""learning_rate"": 0.0005, ""loss_name"": ""huber"", ""patience"": 50, ""seed"": 5208, ""weight_decay"": 0.005}"
40c381bd56d3f276,0,0.16932187079382194,0.25850714263484276,mlp,trajectory,False,0.0,3.87,"{""batch_size"": 1024, ""bias_correction"": false, ""epochs"": 500, ""family"": ""mlp"", ""features"": ""trajectory"", ""hidden"": [256, 256, 128, 64], ""learning_rate"": 0.0003, ""loss_name"": ""mae"", ""patience"": 50, ""seed"": 4734, ""weight_decay"": 0.05}"
0bf52c791b54aab0,0,0.1693482308731152,0.2562042725094632,mlp,trajectory,True,-0.00696,11.18,"{""batch_size"": 512, ""bias_correction"": true, ""epochs"": 500, ""family"": ""mlp"", ""features"": ""trajectory"", ""hidden"": [1024, 512, 256], ""learning_rate"": 0.0003, ""loss_name"": ""huber"", ""patience"": 30, ""seed"": 6886, ""weight_decay"": 0.02}"
9aa693978ef5b637,0,0.16935889053908676,0.2512292215970885,mlp,trajectory,False,0.0,3.21,"{""batch_size"": 2048, ""bias_correction"": false, ""epochs"": 500, ""family"": ""mlp"", ""features"": ""trajectory"", ""hidden"": [512, 256, 128], ""learning_rate"": 0.001, ""loss_name"": ""huber"", ""patience"": 30, ""seed"": 8654, ""weight_decay"": 0.05}"
6e2948219f3942f4,1,0.16969100869248055,0.25516077372143603,mlp,trajectory,True,-0.0072,6.17,"{""batch_size"": 512, ""bias_correction"": true, ""epochs"": 500, ""family"": ""mlp"", ""features"": ""trajectory"", ""hidden"": [1024, 512, 256], ""learning_rate"": 0.0003, ""loss_name"": ""huber"", ""patience"": 30, ""seed"": 1324, ""weight_decay"": 0.02}"
5616bc63c82235cc,5,0.16969185448420426,0.2520102938258359,mlp,trajectory,True,-0.01528,22.27,"{""batch_size"": 1024, ""bias_correction"": true, ""epochs"": 500, ""family"": ""mlp"", ""features"": ""trajectory"", ""hidden"": [256, 128, 64], ""learning_rate"": 0.0002, ""loss_name"": ""huber"", ""patience"": 80, ""seed"": 6236, ""weight_decay"": 0.05}"
917767e04eb0336f,2,0.16986563810911856,0.25803244097871275,mlp,trajectory,True,-0.00483,10.1,"{""batch_size"": 4096, ""bias_correction"": true, ""epochs"": 500, ""family"": ""mlp"", ""features"": ""trajectory"", ""hidden"": [128, 64, 32], ""learning_rate"": 0.0007, ""loss_name"": ""mae"", ""patience"": 80, ""seed"": 3170, ""weight_decay"": 0.01}"
b0412559255f4309,1,0.1700275082785602,0.2519800940075778,mlp,trajectory,False,0.0,17.35,"{""batch_size"": 1024, ""bias_correction"": false, ""epochs"": 500, ""family"": ""mlp"", ""features"": ""trajectory"", ""hidden"": [512, 256, 128], ""learning_rate"": 0.0007, ""loss_name"": ""huber"", ""patience"": 80, ""seed"": 2905, ""weight_decay"": 0.001}"
21f8404f55b1e51c,5,0.17028918882313385,0.25777195522518664,mlp,trajectory,True,0.00509,18.64,"{""batch_size"": 1024, ""bias_correction"": true, ""epochs"": 500, ""family"": ""mlp"", ""features"": ""trajectory"", ""hidden"": [512, 256, 128], ""learning_rate"": 0.0002, ""loss_name"": ""mae"", ""patience"": 80, ""seed"": 2996, ""weight_decay"": 0.01}"
ccb42a5a4800ba5d,4,0.17028922934437493,0.2567163285415036,mlp,trajectory,True,-0.00509,6.29,"{""batch_size"": 4096, ""bias_correction"": true, ""epochs"": 500, ""family"": ""mlp"", ""features"": ""trajectory"", ""hidden"": [512, 256, 128], ""learning_rate"": 0.0002, ""loss_name"": ""mae"", ""patience"": 80, ""seed"": 9315, ""weight_decay"": 0.01}"
6379d5a17a9f0634,2,0.17044028477937456,0.25952674785170127,mlp,trajectory,False,0.0,4.6,"{""batch_size"": 4096, ""bias_correction"": false, ""epochs"": 500, ""family"": ""mlp"", ""features"": ""trajectory"", ""hidden"": [128, 64, 32], ""learning_rate"": 0.002, ""loss_name"": ""mae"", ""patience"": 50, ""seed"": 4727, ""weight_decay"": 0.01}"
b87f00788457094f,0,0.17054686545470185,0.2575571696622308,mlp,trajectory,True,-0.00634,3.17,"{""batch_size"": 4096, ""bias_correction"": true, ""epochs"": 500, ""family"": ""mlp"", ""features"": ""trajectory"", ""hidden"": [256, 128, 64], ""learning_rate"": 0.0007, ""loss_name"": ""mae"", ""patience"": 50, ""seed"": 327, ""weight_decay"": 0.01}"
8bfd8a6e19136daf,2,0.17059407035269114,0.2639230332729616,mlp,trajectory,True,-0.00199,3.18,"{""batch_size"": 4096, ""bias_correction"": true, ""epochs"": 500, ""family"": ""mlp"", ""features"": ""trajectory"", ""hidden"": [1024, 512, 256], ""learning_rate"": 0.002, ""loss_name"": ""mae"", ""patience"": 50, ""seed"": 9339, ""weight_decay"": 0.001}"
0423f84126a90ae6,1,0.17067107124666583,0.25711934944877,mlp,trajectory,True,0.00042,5.1,"{""batch_size"": 4096, ""bias_correction"": true, ""epochs"": 500, ""family"": ""mlp"", ""features"": ""trajectory"", ""hidden"": [512, 512, 256, 128], ""learning_rate"": 0.0005, ""loss_name"": ""mae"", ""patience"": 80, ""seed"": 6480, ""weight_decay"": 0.001}"
e7db05fc56ea4ec2,0,0.17102191290845667,0.2539914837415535,mlp,trajectory,True,-0.0106,7.04,"{""batch_size"": 1024, ""bias_correction"": true, ""epochs"": 500, ""family"": ""mlp"", ""features"": ""trajectory"", ""hidden"": [64, 32], ""learning_rate"": 0.0007, ""loss_name"": ""huber"", ""patience"": 50, ""seed"": 4581, ""weight_decay"": 0.02}"
130d75d9af24fcac,1,0.17120759383326206,0.2562883878353587,mlp,trajectory,False,0.0,3.32,"{""batch_size"": 4096, ""bias_correction"": false, ""epochs"": 500, ""family"": ""mlp"", ""features"": ""trajectory"", ""hidden"": [256, 256, 128, 64], ""learning_rate"": 0.0002, ""loss_name"": ""huber"", ""patience"": 30, ""seed"": 5699, ""weight_decay"": 0.05}"
b87e252d448a748e,3,0.17121790114254135,0.2605732051591731,mlp,trajectory,False,0.0,19.97,"{""batch_size"": 512, ""bias_correction"": false, ""epochs"": 500, ""family"": ""mlp"", ""features"": ""trajectory"", ""hidden"": [256, 128, 64], ""learning_rate"": 0.002, ""loss_name"": ""mae"", ""patience"": 80, ""seed"": 1278, ""weight_decay"": 0.001}"
95f3a8fa334c97be,5,0.17129383453527863,0.25876351296757716,mlp,trajectory,False,0.0,19.27,"{""batch_size"": 1024, ""bias_correction"": false, ""epochs"": 500, ""family"": ""mlp"", ""features"": ""trajectory"", ""hidden"": [512, 256, 128], ""learning_rate"": 0.0002, ""loss_name"": ""mae"", ""patience"": 80, ""seed"": 6769, ""weight_decay"": 0.001}"
83a275f278645023,3,0.17132049111796596,0.25792431955226797,mlp,trajectory,True,0.00217,9.93,"{""batch_size"": 1024, ""bias_correction"": true, ""epochs"": 500, ""family"": ""mlp"", ""features"": ""trajectory"", ""hidden"": [512, 256, 128], ""learning_rate"": 0.0002, ""loss_name"": ""mae"", ""patience"": 30, ""seed"": 1973, ""weight_decay"": 0.001}"
74dc584ab497799f,1,0.17137029071918602,0.26253860267012624,mlp,trajectory,True,0.004,12.91,"{""batch_size"": 512, ""bias_correction"": true, ""epochs"": 500, ""family"": ""mlp"", ""features"": ""trajectory"", ""hidden"": [1024, 512, 256], ""learning_rate"": 0.0003, ""loss_name"": ""mae"", ""patience"": 30, ""seed"": 7659, ""weight_decay"": 0.05}"
410fa0303cdf4462,2,0.1716202153148774,0.2554974137353511,mlp,trajectory,True,-0.01392,14.26,"{""batch_size"": 512, ""bias_correction"": true, ""epochs"": 500, ""family"": ""mlp"", ""features"": ""trajectory"", ""hidden"": [256, 128, 64], ""learning_rate"": 0.0003, ""loss_name"": ""huber"", ""patience"": 30, ""seed"": 9590, ""weight_decay"": 0.05}"
624e0f0a7d098fa4,0,0.17171002323246282,0.2570135000850673,boost,point,True,-0.01,25.54,"{""bias_correction"": true, ""family"": ""boost"", ""features"": ""point"", ""l2_regularization"": 10.0, ""learning_rate"": 0.02, ""loss"": ""absolute_error"", ""max_iter"": 500, ""max_leaf_nodes"": 15, ""min_samples_leaf"": 150}"
cf4115c303f14ac9,4,0.17171682606398192,0.25848040576882336,mlp,trajectory,True,-0.0034,3.73,"{""batch_size"": 4096, ""bias_correction"": true, ""epochs"": 500, ""family"": ""mlp"", ""features"": ""trajectory"", ""hidden"": [512, 256, 128], ""learning_rate"": 0.0002, ""loss_name"": ""mae"", ""patience"": 50, ""seed"": 2084, ""weight_decay"": 0.01}"
885830d60c6daa95,1,0.1717326913642244,0.2591962185243795,mlp,trajectory,True,-0.00684,7.47,"{""batch_size"": 4096, ""bias_correction"": true, ""epochs"": 500, ""family"": ""mlp"", ""features"": ""trajectory"", ""hidden"": [64, 32], ""learning_rate"": 0.0002, ""loss_name"": ""mae"", ""patience"": 80, ""seed"": 6202, ""weight_decay"": 0.05}"
95430ba2ff001c44,0,0.17189097918439844,0.2618245223765755,mlp,trajectory,True,-0.00552,6.33,"{""batch_size"": 1024, ""bias_correction"": true, ""epochs"": 500, ""family"": ""mlp"", ""features"": ""trajectory"", ""hidden"": [512, 512, 256, 128], ""learning_rate"": 0.0002, ""loss_name"": ""mae"", ""patience"": 80, ""seed"": 3374, ""weight_decay"": 0.01}"
1453cba85c7ecf23,4,0.17192516281662903,0.26109448666568924,mlp,trajectory,True,-0.00642,3.57,"{""batch_size"": 4096, ""bias_correction"": true, ""epochs"": 500, ""family"": ""mlp"", ""features"": ""trajectory"", ""hidden"": [512, 256, 128], ""learning_rate"": 0.0002, ""loss_name"": ""mae"", ""patience"": 50, ""seed"": 9943, ""weight_decay"": 0.05}"
a3d20c4dd66d534f,0,0.1719770770987908,0.25487033231586603,mlp,trajectory,False,0.0,8.71,"{""batch_size"": 2048, ""bias_correction"": false, ""epochs"": 500, ""family"": ""mlp"", ""features"": ""trajectory"", ""hidden"": [512, 512, 256, 128], ""learning_rate"": 0.0003, ""loss_name"": ""huber"", ""patience"": 80, ""seed"": 3693, ""weight_decay"": 0.05}"
7122cef21082681d,0,0.17216422003135604,0.23863898124867286,mlp,point,True,-0.02456,30.01,"{""batch_size"": 512, ""bias_correction"": true, ""epochs"": 500, ""family"": ""mlp"", ""features"": ""point"", ""hidden"": [512, 256, 128], ""learning_rate"": 0.001, ""loss_name"": ""mse"", ""patience"": 80, ""seed"": 1513, ""weight_decay"": 0.001}"
2819f9a55e946592,1,0.17224410850207003,0.2543159252178648,mlp,trajectory,False,0.0,10.5,"{""batch_size"": 4096, ""bias_correction"": false, ""epochs"": 500, ""family"": ""mlp"", ""features"": ""trajectory"", ""hidden"": [128, 64, 32], ""learning_rate"": 0.0002, ""loss_name"": ""huber"", ""patience"": 80, ""seed"": 2078, ""weight_decay"": 0.001}"
a474ae18bb88ed23,4,0.17229921731898126,0.23912838566929395,mlp,point,True,-0.00812,2.81,"{""batch_size"": 4096, ""bias_correction"": true, ""epochs"": 500, ""family"": ""mlp"", ""features"": ""point"", ""hidden"": [512, 256, 128], ""learning_rate"": 0.0003, ""loss_name"": ""mse"", ""patience"": 80, ""seed"": 8143, ""weight_decay"": 0.001}"
1bc8e31cada20de8,3,0.17236806349028583,0.24020190583676315,mlp,point,True,-0.02288,11.29,"{""batch_size"": 1024, ""bias_correction"": true, ""epochs"": 500, ""family"": ""mlp"", ""features"": ""point"", ""hidden"": [512, 256, 128], ""learning_rate"": 0.0005, ""loss_name"": ""mse"", ""patience"": 50, ""seed"": 4755, ""weight_decay"": 0.005}"
172aaa65ef577ce7,1,0.17237560407188923,0.25983250965175353,mlp,trajectory,True,-0.00062,5.86,"{""batch_size"": 4096, ""bias_correction"": true, ""epochs"": 500, ""family"": ""mlp"", ""features"": ""trajectory"", ""hidden"": [256, 256, 128, 64], ""learning_rate"": 0.0005, ""loss_name"": ""mae"", ""patience"": 80, ""seed"": 8608, ""weight_decay"": 0.001}"
18fe01ab56f4048e,0,0.17254581547958248,0.2612019540712798,mlp,trajectory,True,-0.00484,9.3,"{""batch_size"": 1024, ""bias_correction"": true, ""epochs"": 500, ""family"": ""mlp"", ""features"": ""trajectory"", ""hidden"": [512, 512, 256, 128], ""learning_rate"": 0.0007, ""loss_name"": ""mae"", ""patience"": 50, ""seed"": 1872, ""weight_decay"": 0.005}"
be233943e7a5e6de,1,0.17262819571623755,0.23971127000026426,mlp,point,False,0.0,7.17,"{""batch_size"": 2048, ""bias_correction"": false, ""epochs"": 500, ""family"": ""mlp"", ""features"": ""point"", ""hidden"": [256, 128, 64], ""learning_rate"": 0.0002, ""loss_name"": ""mse"", ""patience"": 30, ""seed"": 7101, ""weight_decay"": 0.05}"
b8d21b5bb8b4e003,0,0.17265520592253922,0.24424106327926873,mlp,trajectory,True,-0.00655,2.52,"{""batch_size"": 4096, ""bias_correction"": true, ""epochs"": 500, ""family"": ""mlp"", ""features"": ""trajectory"", ""hidden"": [512, 256, 128], ""learning_rate"": 0.001, ""loss_name"": ""mse"", ""patience"": 50, ""seed"": 1185, ""weight_decay"": 0.02}"
981a94403d0c381c,2,0.17279676034042166,0.2624771072878187,mlp,trajectory,False,0.0,5.56,"{""batch_size"": 4096, ""bias_correction"": false, ""epochs"": 500, ""family"": ""mlp"", ""features"": ""trajectory"", ""hidden"": [512, 512, 256, 128], ""learning_rate"": 0.001, ""loss_name"": ""mae"", ""patience"": 80, ""seed"": 8920, ""weight_decay"": 0.001}"
8e68d067dfb8313a,1,0.17279782826588283,0.2566757664274735,mlp,trajectory,True,-0.01605,12.16,"{""batch_size"": 1024, ""bias_correction"": true, ""epochs"": 500, ""family"": ""mlp"", ""features"": ""trajectory"", ""hidden"": [256, 256, 128, 64], ""learning_rate"": 0.0002, ""loss_name"": ""huber"", ""patience"": 30, ""seed"": 2721, ""weight_decay"": 0.05}"
3df77e679faa0144,4,0.17281901789733708,0.261739598130477,mlp,trajectory,False,0.0,3.21,"{""batch_size"": 4096, ""bias_correction"": false, ""epochs"": 500, ""family"": ""mlp"", ""features"": ""trajectory"", ""hidden"": [256, 128, 64], ""learning_rate"": 0.0003, ""loss_name"": ""mae"", ""patience"": 30, ""seed"": 8875, ""weight_decay"": 0.001}"
c7dd4c9838b74395,0,0.17285055691425344,0.2640295827113725,mlp,trajectory,True,0.00128,7.8,"{""batch_size"": 512, ""bias_correction"": true, ""epochs"": 500, ""family"": ""mlp"", ""features"": ""trajectory"", ""hidden"": [1024, 512, 256], ""learning_rate"": 0.0005, ""loss_name"": ""mae"", ""patience"": 50, ""seed"": 9454, ""weight_decay"": 0.05}"
dc7d8298ce2685f1,5,0.1730403686097924,0.2624210067076512,mlp,trajectory,True,-0.00636,3.12,"{""batch_size"": 4096, ""bias_correction"": true, ""epochs"": 500, ""family"": ""mlp"", ""features"": ""trajectory"", ""hidden"": [512, 512, 256, 128], ""learning_rate"": 0.0002, ""loss_name"": ""mae"", ""patience"": 80, ""seed"": 8185, ""weight_decay"": 0.001}"
abeb77ff6b039536,0,0.17311870303558055,0.2570523584541539,mlp,trajectory,False,0.0,2.84,"{""batch_size"": 4096, ""bias_correction"": false, ""epochs"": 500, ""family"": ""mlp"", ""features"": ""trajectory"", ""hidden"": [256, 128, 64], ""learning_rate"": 0.0003, ""loss_name"": ""huber"", ""patience"": 50, ""seed"": 6901, ""weight_decay"": 0.005}"
154a6eeba6cdc62e,1,0.17314115658002532,0.25210118184748087,mlp,trajectory,True,-0.02018,5.92,"{""batch_size"": 512, ""bias_correction"": true, ""epochs"": 500, ""family"": ""mlp"", ""features"": ""trajectory"", ""hidden"": [1024, 512, 256], ""learning_rate"": 0.001, ""loss_name"": ""huber"", ""patience"": 30, ""seed"": 6977, ""weight_decay"": 0.02}"
7dfd083797fdaa0d,0,0.17330418623314453,0.2396605454746193,mlp,point,True,-0.02562,27.02,"{""batch_size"": 512, ""bias_correction"": true, ""epochs"": 500, ""family"": ""mlp"", ""features"": ""point"", ""hidden"": [128, 64, 32], ""learning_rate"": 0.0005, ""loss_name"": ""mse"", ""patience"": 80, ""seed"": 452, ""weight_decay"": 0.001}"
a04206d027203111,3,0.1733571872402136,0.2396537959471359,mlp,point,True,-0.0285,12.8,"{""batch_size"": 1024, ""bias_correction"": true, ""epochs"": 500, ""family"": ""mlp"", ""features"": ""point"", ""hidden"": [128, 64, 32], ""learning_rate"": 0.0002, ""loss_name"": ""mse"", ""patience"": 30, ""seed"": 9086, ""weight_decay"": 0.02}"
37b682e574c7828e,0,0.17347138903518783,0.2502874109321134,boost,point,True,-0.00837,60.42,"{""bias_correction"": true, ""family"": ""boost"", ""features"": ""point"", ""l2_regularization"": 0.0, ""learning_rate"": 0.08, ""loss"": ""absolute_error"", ""max_iter"": 900, ""max_leaf_nodes"": 7, ""min_samples_leaf"": 60}"
890f269af2777386,1,0.17377154295948252,0.26468926566331896,mlp,trajectory,False,0.0,23.41,"{""batch_size"": 1024, ""bias_correction"": false, ""epochs"": 500, ""family"": ""mlp"", ""features"": ""trajectory"", ""hidden"": [512, 256, 128], ""learning_rate"": 0.0005, ""loss_name"": ""mae"", ""patience"": 80, ""seed"": 5336, ""weight_decay"": 0.01}"
030dd411f9fed1eb,0,0.17400965128745602,0.2418744521386155,mlp,point,True,-0.02476,3.32,"{""batch_size"": 4096, ""bias_correction"": true, ""epochs"": 500, ""family"": ""mlp"", ""features"": ""point"", ""hidden"": [1024, 512, 256], ""learning_rate"": 0.0007, ""loss_name"": ""mse"", ""patience"": 30, ""seed"": 321, ""weight_decay"": 0.05}"
acaf2d5d159a22e8,0,0.17401037871034694,0.2530847741297299,boost,point,False,0.0,48.47,"{""bias_correction"": false, ""family"": ""boost"", ""features"": ""point"", ""l2_regularization"": 10.0, ""learning_rate"": 0.05, ""loss"": ""absolute_error"", ""max_iter"": 900, ""max_leaf_nodes"": 15, ""min_samples_leaf"": 150}"
11733c8c8832944e,0,0.17427721553303294,0.2534253416715201,boost,point,False,0.0,25.88,"{""bias_correction"": false, ""family"": ""boost"", ""features"": ""point"", ""l2_regularization"": 0.0, ""learning_rate"": 0.05, ""loss"": ""absolute_error"", ""max_iter"": 500, ""max_leaf_nodes"": 15, ""min_samples_leaf"": 20}"
34bdd4b568fa9001,0,0.1742780182297097,0.25563960714377376,mlp,trajectory,False,0.0,17.98,"{""batch_size"": 512, ""bias_correction"": false, ""epochs"": 500, ""family"": ""mlp"", ""features"": ""trajectory"", ""hidden"": [256, 256, 128, 64], ""learning_rate"": 0.0002, ""loss_name"": ""huber"", ""patience"": 30, ""seed"": 1101, ""weight_decay"": 0.01}"
70c12a41554e688b,1,0.17455550706627174,0.266227754235642,mlp,trajectory,False,0.0,2.97,"{""batch_size"": 4096, ""bias_correction"": false, ""epochs"": 500, ""family"": ""mlp"", ""features"": ""trajectory"", ""hidden"": [512, 256, 128], ""learning_rate"": 0.002, ""loss_name"": ""mae"", ""patience"": 50, ""seed"": 2392, ""weight_decay"": 0.001}"
b93bfdc8bd5d35db,0,0.17475605233246208,0.2533366660007506,boost,trajectory,False,0.0,10.47,"{""bias_correction"": false, ""family"": ""boost"", ""features"": ""trajectory"", ""l2_regularization"": 1.0, ""learning_rate"": 0.08, ""loss"": ""absolute_error"", ""max_iter"": 500, ""max_leaf_nodes"": 7, ""min_samples_leaf"": 60}"
63d7e95118f8ab10,0,0.1747929154985876,0.26390516731291064,mlp,trajectory,False,0.0,31.1,"{""batch_size"": 512, ""bias_correction"": false, ""epochs"": 500, ""family"": ""mlp"", ""features"": ""trajectory"", ""hidden"": [512, 512, 256, 128], ""learning_rate"": 0.0005, ""loss_name"": ""mae"", ""patience"": 50, ""seed"": 6631, ""weight_decay"": 0.001}"
36524aba53fefe15,0,0.17541792219451674,0.26030527232528494,boost,point,False,0.0,8.6,"{""bias_correction"": false, ""family"": ""boost"", ""features"": ""point"", ""l2_regularization"": 10.0, ""learning_rate"": 0.02, ""loss"": ""absolute_error"", ""max_iter"": 250, ""max_leaf_nodes"": 7, ""min_samples_leaf"": 150}"
497d119fec506fff,0,0.1754693251680717,0.24199659828968187,mlp,point,True,-0.02072,6.72,"{""batch_size"": 1024, ""bias_correction"": true, ""epochs"": 500, ""family"": ""mlp"", ""features"": ""point"", ""hidden"": [512, 256, 128], ""learning_rate"": 0.0002, ""loss_name"": ""mse"", ""patience"": 30, ""seed"": 7009, ""weight_decay"": 0.02}"
80238a65dc2ff835,0,0.1756301760384919,0.2414609649066323,mlp,point,True,-0.02217,35.76,"{""batch_size"": 512, ""bias_correction"": true, ""epochs"": 500, ""family"": ""mlp"", ""features"": ""point"", ""hidden"": [256, 256, 128, 64], ""learning_rate"": 0.002, ""loss_name"": ""mse"", ""patience"": 80, ""seed"": 5906, ""weight_decay"": 0.001}"
3efcdd07d0fe817f,0,0.17565530024309453,0.24043105554283717,mlp,trajectory,True,-0.03286,5.3,"{""batch_size"": 2048, ""bias_correction"": true, ""epochs"": 500, ""family"": ""mlp"", ""features"": ""trajectory"", ""hidden"": [512, 512, 256, 128], ""learning_rate"": 0.0002, ""loss_name"": ""mse"", ""patience"": 50, ""seed"": 4617, ""weight_decay"": 0.01}"
7b692ddcc7bf03d4,0,0.17579893905525723,0.25296904392432307,boost,point,True,-0.02667,83.36,"{""bias_correction"": true, ""family"": ""boost"", ""features"": ""point"", ""l2_regularization"": 0.0, ""learning_rate"": 0.05, ""loss"": ""absolute_error"", ""max_iter"": 900, ""max_leaf_nodes"": 63, ""min_samples_leaf"": 60}"
12bd9576f23361e7,0,0.17597493121057284,0.2590663527599958,boost,point,False,0.0,37.23,"{""bias_correction"": false, ""family"": ""boost"", ""features"": ""point"", ""l2_regularization"": 10.0, ""learning_rate"": 0.02, ""loss"": ""absolute_error"", ""max_iter"": 500, ""max_leaf_nodes"": 127, ""min_samples_leaf"": 150}"
3d6c9b36baa4732d,0,0.1773233906052609,0.24659809996679233,mlp,trajectory,True,-0.00448,9.11,"{""batch_size"": 512, ""bias_correction"": true, ""epochs"": 500, ""family"": ""mlp"", ""features"": ""trajectory"", ""hidden"": [512, 512, 256, 128], ""learning_rate"": 0.0003, ""loss_name"": ""mse"", ""patience"": 50, ""seed"": 6005, ""weight_decay"": 0.005}"
9b53b9d06f78eb2b,0,0.1774157023369559,0.24442414798362125,mlp,trajectory,True,-0.02307,3.92,"{""batch_size"": 4096, ""bias_correction"": true, ""epochs"": 500, ""family"": ""mlp"", ""features"": ""trajectory"", ""hidden"": [64, 32], ""learning_rate"": 0.0005, ""loss_name"": ""mse"", ""patience"": 50, ""seed"": 7865, ""weight_decay"": 0.05}"
f69f363d9aae558c,0,0.18054470112727183,0.24898823348611054,boost,trajectory,True,-0.04588,62.68,"{""bias_correction"": true, ""family"": ""boost"", ""features"": ""trajectory"", ""l2_regularization"": 10.0, ""learning_rate"": 0.08, ""loss"": ""absolute_error"", ""max_iter"": 500, ""max_leaf_nodes"": 127, ""min_samples_leaf"": 20}"
d554b8b88811ebca,0,0.18086238413641342,0.24254201194770342,boost,trajectory,True,-0.06358,28.81,"{""bias_correction"": true, ""family"": ""boost"", ""features"": ""trajectory"", ""l2_regularization"": 10.0, ""learning_rate"": 0.05, ""loss"": ""squared_error"", ""max_iter"": 250, ""max_leaf_nodes"": 31, ""min_samples_leaf"": 150}"
8954e09b9816a12d,0,0.18147509498363196,0.24132107102594041,extra_trees,point,True,-0.04604,21.8,"{""bias_correction"": true, ""family"": ""extra_trees"", ""features"": ""point"", ""max_depth"": 20, ""max_features"": 0.5, ""min_samples_leaf"": 8, ""n_estimators"": 600}"
e07b4d5b6510fc41,0,0.181538600337769,0.2396636983921858,extra_trees,trajectory,True,-0.05566,67.52,"{""bias_correction"": true, ""family"": ""extra_trees"", ""features"": ""trajectory"", ""max_depth"": 30, ""max_features"": 1.0, ""min_samples_leaf"": 30, ""n_estimators"": 600}"
e1ea6baa6f97d68b,0,0.1817326448045396,0.24161258546815764,extra_trees,point,True,-0.04381,17.94,"{""bias_correction"": true, ""family"": ""extra_trees"", ""features"": ""point"", ""max_depth"": 20, ""max_features"": 1.0, ""min_samples_leaf"": 8, ""n_estimators"": 300}"
b4f6f807cb19ca47,0,0.1822980832794773,0.24016279442155034,extra_trees,trajectory,True,-0.0593,21.94,"{""bias_correction"": true, ""family"": ""extra_trees"", ""features"": ""trajectory"", ""max_depth"": 12, ""max_features"": 0.5, ""min_samples_leaf"": 30, ""n_estimators"": 300}"
2cee77c668e35bb7,0,0.18282426024962933,0.2455599214615618,boost,trajectory,True,-0.0597,88.74,"{""bias_correction"": true, ""family"": ""boost"", ""features"": ""trajectory"", ""l2_regularization"": 10.0, ""learning_rate"": 0.08, ""loss"": ""squared_error"", ""max_iter"": 900, ""max_leaf_nodes"": 15, ""min_samples_leaf"": 60}"
05bf6cff7a0acdf4,0,0.18369556141987792,0.24438059603421067,extra_trees,point,False,0.0,22.98,"{""bias_correction"": false, ""family"": ""extra_trees"", ""features"": ""point"", ""max_depth"": 12, ""max_features"": 1.0, ""min_samples_leaf"": 30, ""n_estimators"": 600}"
1ab76e0e48a8d922,0,0.18371052007695732,0.24425336052275007,extra_trees,point,False,0.0,14.74,"{""bias_correction"": false, ""family"": ""extra_trees"", ""features"": ""point"", ""max_depth"": null, ""max_features"": 0.8, ""min_samples_leaf"": 30, ""n_estimators"": 300}"
0da67114d01fc748,0,0.18374085983186256,0.24434644670392974,extra_trees,point,False,0.0,14.72,"{""bias_correction"": false, ""family"": ""extra_trees"", ""features"": ""point"", ""max_depth"": 20, ""max_features"": 1.0, ""min_samples_leaf"": 30, ""n_estimators"": 300}"
3be388d0eccf2932,0,0.18377086163793796,0.24450144017985595,extra_trees,point,False,0.0,16.03,"{""bias_correction"": false, ""family"": ""extra_trees"", ""features"": ""point"", ""max_depth"": 12, ""max_features"": 1.0, ""min_samples_leaf"": 30, ""n_estimators"": 300}"
612b7036cba14d67,0,0.18483146814202847,0.24361532467574867,extra_trees,point,False,0.0,7.41,"{""bias_correction"": false, ""family"": ""extra_trees"", ""features"": ""point"", ""max_depth"": 20, ""max_features"": 0.5, ""min_samples_leaf"": 8, ""n_estimators"": 300}"
5624febec1ccabcc,0,0.18607799140946696,0.24788714685985902,boost,point,True,-0.05428,12.72,"{""bias_correction"": true, ""family"": ""boost"", ""features"": ""point"", ""l2_regularization"": 0.0, ""learning_rate"": 0.05, ""loss"": ""squared_error"", ""max_iter"": 500, ""max_leaf_nodes"": 15, ""min_samples_leaf"": 20}"
a4378468dc1788b5,0,0.18664101945096845,0.24452820738058537,extra_trees,trajectory,False,0.0,59.42,"{""bias_correction"": false, ""family"": ""extra_trees"", ""features"": ""trajectory"", ""max_depth"": 20, ""max_features"": 1.0, ""min_samples_leaf"": 30, ""n_estimators"": 600}"
e49949af9f99ada5,0,0.1868642474418029,0.244720806697137,extra_trees,trajectory,False,0.0,36.65,"{""bias_correction"": false, ""family"": ""extra_trees"", ""features"": ""trajectory"", ""max_depth"": 30, ""max_features"": 0.8, ""min_samples_leaf"": 30, ""n_estimators"": 300}"
20640b9cd8c48225,0,0.18690902440513948,0.24490264606590056,extra_trees,trajectory,False,0.0,93.55,"{""bias_correction"": false, ""family"": ""extra_trees"", ""features"": ""trajectory"", ""max_depth"": null, ""max_features"": 1.0, ""min_samples_leaf"": 30, ""n_estimators"": 600}"
e5f06f22dc8ee5db,0,0.18721474333241167,0.2431493194198896,extra_trees,point,False,0.0,10.69,"{""bias_correction"": false, ""family"": ""extra_trees"", ""features"": ""point"", ""max_depth"": 12, ""max_features"": 1.0, ""min_samples_leaf"": 2, ""n_estimators"": 300}"
d60a560fc8c4ee8a,0,0.18861310181156646,0.2443304080937703,extra_trees,trajectory,False,0.0,32.87,"{""bias_correction"": false, ""family"": ""extra_trees"", ""features"": ""trajectory"", ""max_depth"": 30, ""max_features"": 0.5, ""min_samples_leaf"": 8, ""n_estimators"": 300}"
5c99576dc0bae2e2,0,0.19099872427444403,0.25429457977891484,boost,point,False,0.0,66.12,"{""bias_correction"": false, ""family"": ""boost"", ""features"": ""point"", ""l2_regularization"": 1.0, ""learning_rate"": 0.08, ""loss"": ""squared_error"", ""max_iter"": 250, ""max_leaf_nodes"": 127, ""min_samples_leaf"": 60}"
1ac0edbe717a6f29,0,0.19295381169246897,0.24610817337537821,extra_trees,point,False,0.0,26.6,"{""bias_correction"": false, ""family"": ""extra_trees"", ""features"": ""point"", ""max_depth"": 30, ""max_features"": 1.0, ""min_samples_leaf"": 2, ""n_estimators"": 300}"
4154d89801e6494e,0,0.1948537952696535,0.24513799495281072,extra_trees,trajectory,False,0.0,37.21,"{""bias_correction"": false, ""family"": ""extra_trees"", ""features"": ""trajectory"", ""max_depth"": 20, ""max_features"": 0.5, ""min_samples_leaf"": 2, ""n_estimators"": 300}"
5e11de11e1ac76ec,3,0.20615464558827884,0.3077675371730395,mlp,point,True,0.075,23.91,"{""batch_size"": 512, ""bias_correction"": true, ""epochs"": 500, ""family"": ""mlp"", ""features"": ""point"", ""hidden"": [256, 128, 64], ""learning_rate"": 0.05, ""loss_name"": ""mae"", ""patience"": 80, ""seed"": 3101, ""weight_decay"": 0.05}"
07bea13fabc712f3,3,0.23644947058418972,0.3070478330293546,mlp,point,False,0.0,37.86,"{""batch_size"": 512, ""bias_correction"": false, ""epochs"": 500, ""family"": ""mlp"", ""features"": ""point"", ""hidden"": [512, 256, 128], ""learning_rate"": 0.05, ""loss_name"": ""mae"", ""patience"": 30, ""seed"": 8227, ""weight_decay"": 0.05}"
eac5afe7b364d142,1,0.33274307978599676,0.3979264982179841,mlp,point,True,0.29167,0.83,"{""batch_size"": 4096, ""bias_correction"": true, ""epochs"": 500, ""family"": ""mlp"", ""features"": ""point"", ""hidden"": [128, 64, 32], ""learning_rate"": 0.08, ""loss_name"": ""huber"", ""patience"": 30, ""seed"": 1378, ""weight_decay"": 0.05}"
48b3f4cc7b6b482f,1,0.33274307978599676,0.3979264982179841,mlp,trajectory,True,0.29167,7.45,"{""batch_size"": 4096, ""bias_correction"": true, ""epochs"": 500, ""family"": ""mlp"", ""features"": ""trajectory"", ""hidden"": [256, 256, 128, 64], ""learning_rate"": 0.08, ""loss_name"": ""mae"", ""patience"": 80, ""seed"": 5892, ""weight_decay"": 0.005}"
fc53c6d296201bde,3,0.33274307978599676,0.3979264982179841,mlp,point,True,0.29167,3.04,"{""batch_size"": 4096, ""bias_correction"": true, ""epochs"": 500, ""family"": ""mlp"", ""features"": ""point"", ""hidden"": [512, 256, 128], ""learning_rate"": 0.05, ""loss_name"": ""mae"", ""patience"": 50, ""seed"": 2735, ""weight_decay"": 0.005}"
1b2bd935265e86c8,5,0.33274307978599676,0.3979264982179841,mlp,point,True,0.29167,4.47,"{""batch_size"": 4096, ""bias_correction"": true, ""epochs"": 500, ""family"": ""mlp"", ""features"": ""point"", ""hidden"": [512, 256, 128], ""learning_rate"": 0.02, ""loss_name"": ""mae"", ""patience"": 80, ""seed"": 8432, ""weight_decay"": 0.05}"
2bdb46f405d32ab0,3,0.416297976273552,0.562242420757412,mlp,point,False,0.0,4.08,"{""batch_size"": 4096, ""bias_correction"": false, ""epochs"": 500, ""family"": ""mlp"", ""features"": ""point"", ""hidden"": [512, 256, 128], ""learning_rate"": 0.08, ""loss_name"": ""mae"", ""patience"": 80, ""seed"": 732, ""weight_decay"": 0.05}"
